0	0
1.22236e-13	-9.02326e-05
2.44472e-13	-9.01498e-05
3.66708e-13	-9.00666e-05
4.88944e-13	-8.99828e-05
6.1118e-13	-8.98984e-05
7.33416e-13	-8.98136e-05
8.55652e-13	-8.97282e-05
9.77888e-13	-8.96423e-05
1.10012e-12	-8.95558e-05
1.22236e-12	-8.94689e-05
1.3446e-12	-8.93814e-05
1.46683e-12	-8.92933e-05
1.58907e-12	-8.92047e-05
1.7113e-12	-8.91156e-05
1.83354e-12	-8.9026e-05
1.95578e-12	-8.89358e-05
2.07801e-12	-8.88451e-05
2.20025e-12	-8.87539e-05
2.32248e-12	-8.86621e-05
2.44472e-12	-8.85698e-05
2.56696e-12	-8.84769e-05
2.68919e-12	-8.83836e-05
2.81143e-12	-8.82896e-05
2.93366e-12	-8.81952e-05
3.0559e-12	-8.81002e-05
3.17814e-12	-8.80046e-05
3.30037e-12	-8.79085e-05
3.42261e-12	-8.78119e-05
3.54484e-12	-8.77148e-05
3.66708e-12	-8.76171e-05
3.78932e-12	-8.75188e-05
3.91155e-12	-8.742e-05
4.03379e-12	-8.73207e-05
4.15602e-12	-8.72208e-05
4.27826e-12	-8.71204e-05
4.40049e-12	-8.70195e-05
4.52273e-12	-8.6918e-05
4.64497e-12	-8.68159e-05
4.7672e-12	-8.67133e-05
4.88944e-12	-8.66102e-05
5.01167e-12	-8.65065e-05
5.13391e-12	-8.64023e-05
5.25615e-12	-8.62975e-05
5.37838e-12	-8.61922e-05
5.50062e-12	-8.60863e-05
5.62285e-12	-8.59799e-05
5.74509e-12	-8.58729e-05
5.86733e-12	-8.57654e-05
5.98956e-12	-8.56574e-05
6.1118e-12	-8.55488e-05
6.23403e-12	-8.54396e-05
6.35627e-12	-8.53299e-05
6.47851e-12	-8.52196e-05
6.60074e-12	-8.51088e-05
6.72298e-12	-8.49974e-05
6.84521e-12	-8.48855e-05
6.96745e-12	-8.4773e-05
7.08969e-12	-8.466e-05
7.21192e-12	-8.45464e-05
7.33416e-12	-8.44322e-05
7.45639e-12	-8.43175e-05
7.57863e-12	-8.42023e-05
7.70087e-12	-8.40865e-05
7.8231e-12	-8.39701e-05
7.94534e-12	-8.38532e-05
8.06757e-12	-8.37357e-05
8.18981e-12	-8.36177e-05
8.31205e-12	-8.34991e-05
8.43428e-12	-8.33799e-05
8.55652e-12	-8.32602e-05
8.67875e-12	-8.31399e-05
8.80099e-12	-8.30191e-05
8.92323e-12	-8.28977e-05
9.04546e-12	-8.27758e-05
9.1677e-12	-8.26532e-05
9.28993e-12	-8.25302e-05
9.41217e-12	-8.24065e-05
9.53441e-12	-8.22823e-05
9.65664e-12	-8.21576e-05
9.77888e-12	-8.20323e-05
9.90111e-12	-8.19064e-05
1.00233e-11	-8.17799e-05
1.01456e-11	-8.16529e-05
1.02678e-11	-8.15253e-05
1.03901e-11	-8.13972e-05
1.05123e-11	-8.12685e-05
1.06345e-11	-8.11392e-05
1.07568e-11	-8.10094e-05
1.0879e-11	-8.0879e-05
1.10012e-11	-8.0748e-05
1.11235e-11	-8.06165e-05
1.12457e-11	-8.04843e-05
1.13679e-11	-8.03517e-05
1.14902e-11	-8.02184e-05
1.16124e-11	-8.00846e-05
1.17347e-11	-7.99502e-05
1.18569e-11	-7.98153e-05
1.19791e-11	-7.96798e-05
1.21014e-11	-7.95437e-05
1.22236e-11	-7.9407e-05
1.23458e-11	-7.92698e-05
1.24681e-11	-7.9132e-05
1.25903e-11	-7.89936e-05
1.27125e-11	-7.88547e-05
1.28348e-11	-7.87152e-05
1.2957e-11	-7.85751e-05
1.30792e-11	-7.84344e-05
1.32015e-11	-7.82932e-05
1.33237e-11	-7.81514e-05
1.3446e-11	-7.8009e-05
1.35682e-11	-7.7866e-05
1.36904e-11	-7.77225e-05
1.38127e-11	-7.75784e-05
1.39349e-11	-7.74337e-05
1.40571e-11	-7.72884e-05
1.41794e-11	-7.71426e-05
1.43016e-11	-7.69962e-05
1.44238e-11	-7.68492e-05
1.45461e-11	-7.67016e-05
1.46683e-11	-7.65535e-05
1.47906e-11	-7.64048e-05
1.49128e-11	-7.62555e-05
1.5035e-11	-7.61056e-05
1.51573e-11	-7.59552e-05
1.52795e-11	-7.58041e-05
1.54017e-11	-7.56525e-05
1.5524e-11	-7.55003e-05
1.56462e-11	-7.53476e-05
1.57684e-11	-7.51942e-05
1.58907e-11	-7.50403e-05
1.60129e-11	-7.48858e-05
1.61351e-11	-7.47307e-05
1.62574e-11	-7.4575e-05
1.63796e-11	-7.44187e-05
1.65019e-11	-7.42619e-05
1.66241e-11	-7.41045e-05
1.67463e-11	-7.39465e-05
1.68686e-11	-7.37879e-05
1.69908e-11	-7.36288e-05
1.7113e-11	-7.3469e-05
1.72353e-11	-7.33087e-05
1.73575e-11	-7.31478e-05
1.74797e-11	-7.29863e-05
1.7602e-11	-7.28242e-05
1.77242e-11	-7.26615e-05
1.78465e-11	-7.24983e-05
1.79687e-11	-7.23344e-05
1.80909e-11	-7.217e-05
1.82132e-11	-7.2005e-05
1.83354e-11	-7.18394e-05
1.84576e-11	-7.16732e-05
1.85799e-11	-7.15064e-05
1.87021e-11	-7.13391e-05
1.88243e-11	-7.11711e-05
1.89466e-11	-7.10026e-05
1.90688e-11	-7.08335e-05
1.9191e-11	-7.06638e-05
1.93133e-11	-7.04935e-05
1.94355e-11	-7.03226e-05
1.95578e-11	-7.01512e-05
1.968e-11	-6.99791e-05
1.98022e-11	-6.98065e-05
1.99245e-11	-6.96332e-05
2.00467e-11	-6.94594e-05
2.01689e-11	-6.9285e-05
2.02912e-11	-6.911e-05
2.04134e-11	-6.89344e-05
2.05356e-11	-6.87582e-05
2.06579e-11	-6.85815e-05
2.07801e-11	-6.84041e-05
2.09024e-11	-6.82261e-05
2.10246e-11	-6.80476e-05
2.11468e-11	-6.78685e-05
2.12691e-11	-6.76887e-05
2.13913e-11	-6.75084e-05
2.15135e-11	-6.73275e-05
2.16358e-11	-6.7146e-05
2.1758e-11	-6.69639e-05
2.18802e-11	-6.67812e-05
2.20025e-11	-6.65979e-05
2.21247e-11	-6.64141e-05
2.22469e-11	-6.62296e-05
2.23692e-11	-6.60446e-05
2.24914e-11	-6.58589e-05
2.26137e-11	-6.56727e-05
2.27359e-11	-6.54858e-05
2.28581e-11	-6.52984e-05
2.29804e-11	-6.51104e-05
2.31026e-11	-6.49217e-05
2.32248e-11	-6.47325e-05
2.33471e-11	-6.45427e-05
2.34693e-11	-6.43523e-05
2.35915e-11	-6.41613e-05
2.37138e-11	-6.39697e-05
2.3836e-11	-6.37775e-05
2.39583e-11	-6.35848e-05
2.40805e-11	-6.33914e-05
2.42027e-11	-6.31974e-05
2.4325e-11	-6.30028e-05
2.44472e-11	-6.28077e-05
2.45694e-11	-6.26119e-05
2.46917e-11	-6.24155e-05
2.48139e-11	-6.22186e-05
2.49361e-11	-6.2021e-05
2.50584e-11	-6.18229e-05
2.51806e-11	-6.16241e-05
2.53028e-11	-6.14248e-05
2.54251e-11	-6.12249e-05
2.55473e-11	-6.10243e-05
2.56696e-11	-6.08232e-05
2.57918e-11	-6.06215e-05
2.5914e-11	-6.04191e-05
2.60363e-11	-6.02162e-05
2.61585e-11	-6.00127e-05
2.62807e-11	-5.98086e-05
2.6403e-11	-5.96039e-05
2.65252e-11	-5.93985e-05
2.66474e-11	-5.91926e-05
2.67697e-11	-5.89861e-05
2.68919e-11	-5.8779e-05
2.70141e-11	-5.85713e-05
2.71364e-11	-5.8363e-05
2.72586e-11	-5.81541e-05
2.73809e-11	-5.79446e-05
2.75031e-11	-5.77345e-05
2.76253e-11	-5.75238e-05
2.77476e-11	-5.73125e-05
2.78698e-11	-5.71006e-05
2.7992e-11	-5.68881e-05
2.81143e-11	-5.6675e-05
2.82365e-11	-5.64613e-05
2.83587e-11	-5.6247e-05
2.8481e-11	-5.60321e-05
2.86032e-11	-5.58166e-05
2.87255e-11	-5.56005e-05
2.88477e-11	-5.53838e-05
2.89699e-11	-5.51665e-05
2.90922e-11	-5.49486e-05
2.92144e-11	-5.47301e-05
2.93366e-11	-5.4511e-05
2.94589e-11	-5.42913e-05
2.95811e-11	-5.4071e-05
2.97033e-11	-5.38501e-05
2.98256e-11	-5.36286e-05
2.99478e-11	-5.34066e-05
3.007e-11	-5.31839e-05
3.01923e-11	-5.29606e-05
3.03145e-11	-5.27367e-05
3.04368e-11	-5.25122e-05
3.0559e-11	-5.22871e-05
3.06812e-11	-5.20614e-05
3.08035e-11	-5.18351e-05
3.09257e-11	-5.16082e-05
3.10479e-11	-5.13807e-05
3.11702e-11	-5.11526e-05
3.12924e-11	-5.09239e-05
3.14146e-11	-5.06946e-05
3.15369e-11	-5.04648e-05
3.16591e-11	-5.02343e-05
3.17814e-11	-5.00032e-05
3.19036e-11	-4.97715e-05
3.20258e-11	-4.95392e-05
3.21481e-11	-4.93063e-05
3.22703e-11	-4.90728e-05
3.23925e-11	-4.88387e-05
3.25148e-11	-4.8604e-05
3.2637e-11	-4.83687e-05
3.27592e-11	-4.81328e-05
3.28815e-11	-4.78963e-05
3.30037e-11	-4.76592e-05
3.31259e-11	-4.74216e-05
3.32482e-11	-4.71833e-05
3.33704e-11	-4.69444e-05
3.34927e-11	-4.67049e-05
3.36149e-11	-4.64648e-05
3.37371e-11	-4.62241e-05
3.38594e-11	-4.59828e-05
3.39816e-11	-4.57409e-05
3.41038e-11	-4.54984e-05
3.42261e-11	-4.52553e-05
3.43483e-11	-4.50117e-05
3.44705e-11	-4.47674e-05
3.45928e-11	-4.45225e-05
3.4715e-11	-4.4277e-05
3.48373e-11	-4.40309e-05
3.49595e-11	-4.37842e-05
3.50817e-11	-4.35369e-05
3.5204e-11	-4.32891e-05
3.53262e-11	-4.30406e-05
3.54484e-11	-4.27915e-05
3.55707e-11	-4.25418e-05
3.56929e-11	-4.22916e-05
3.58151e-11	-4.20407e-05
3.59374e-11	-4.17892e-05
3.60596e-11	-4.15371e-05
3.61818e-11	-4.12845e-05
3.63041e-11	-4.10312e-05
3.64263e-11	-4.07773e-05
3.65486e-11	-4.05229e-05
3.66708e-11	-4.02678e-05
3.6793e-11	-4.00122e-05
3.69153e-11	-3.97559e-05
3.70375e-11	-3.94991e-05
3.71597e-11	-3.92416e-05
3.7282e-11	-3.89836e-05
3.74042e-11	-3.87249e-05
3.75264e-11	-3.84657e-05
3.76487e-11	-3.82058e-05
3.77709e-11	-3.79454e-05
3.78932e-11	-3.76844e-05
3.80154e-11	-3.74228e-05
3.81376e-11	-3.71605e-05
3.82599e-11	-3.68977e-05
3.83821e-11	-3.66343e-05
3.85043e-11	-3.63703e-05
3.86266e-11	-3.61057e-05
3.87488e-11	-3.58405e-05
3.8871e-11	-3.55747e-05
3.89933e-11	-3.53083e-05
3.91155e-11	-3.50413e-05
3.92377e-11	-3.47737e-05
3.936e-11	-3.45056e-05
3.94822e-11	-3.42368e-05
3.96045e-11	-3.39674e-05
3.97267e-11	-3.36975e-05
3.98489e-11	-3.34269e-05
3.99712e-11	-3.31558e-05
4.00934e-11	-3.28841e-05
4.02156e-11	-3.26117e-05
4.03379e-11	-3.23388e-05
4.04601e-11	-3.20653e-05
4.05823e-11	-3.17912e-05
4.07046e-11	-3.15165e-05
4.08268e-11	-3.12412e-05
4.09491e-11	-3.09653e-05
4.10713e-11	-3.06889e-05
4.11935e-11	-3.04118e-05
4.13158e-11	-3.01341e-05
4.1438e-11	-2.98559e-05
4.15602e-11	-2.95771e-05
4.16825e-11	-2.92976e-05
4.18047e-11	-2.90176e-05
4.19269e-11	-2.8737e-05
4.20492e-11	-2.84558e-05
4.21714e-11	-2.8174e-05
4.22936e-11	-2.78916e-05
4.24159e-11	-2.76087e-05
4.25381e-11	-2.73251e-05
4.26604e-11	-2.7041e-05
4.27826e-11	-2.67562e-05
4.29048e-11	-2.64709e-05
4.30271e-11	-2.6185e-05
4.31493e-11	-2.58985e-05
4.32715e-11	-2.56114e-05
4.33938e-11	-2.53238e-05
4.3516e-11	-2.50355e-05
4.36382e-11	-2.47467e-05
4.37605e-11	-2.44572e-05
4.38827e-11	-2.41672e-05
4.40049e-11	-2.38766e-05
4.41272e-11	-2.35854e-05
4.42494e-11	-2.32937e-05
4.43717e-11	-2.30013e-05
4.44939e-11	-2.27084e-05
4.46161e-11	-2.24149e-05
4.47384e-11	-2.21208e-05
4.48606e-11	-2.18261e-05
4.49828e-11	-2.15308e-05
4.51051e-11	-2.1235e-05
4.52273e-11	-2.09385e-05
4.53495e-11	-2.06415e-05
4.54718e-11	-2.03439e-05
4.5594e-11	-2.00457e-05
4.57163e-11	-1.9747e-05
4.58385e-11	-1.94476e-05
4.59607e-11	-1.91477e-05
4.6083e-11	-1.88472e-05
4.62052e-11	-1.85461e-05
4.63274e-11	-1.82444e-05
4.64497e-11	-1.79422e-05
4.65719e-11	-1.76394e-05
4.66941e-11	-1.7336e-05
4.68164e-11	-1.7032e-05
4.69386e-11	-1.67274e-05
4.70608e-11	-1.64223e-05
4.71831e-11	-1.61166e-05
4.73053e-11	-1.58103e-05
4.74276e-11	-1.55035e-05
4.75498e-11	-1.5196e-05
4.7672e-11	-1.4888e-05
4.77943e-11	-1.45794e-05
4.79165e-11	-1.42703e-05
4.80387e-11	-1.39605e-05
4.8161e-11	-1.36502e-05
4.82832e-11	-1.33393e-05
4.84054e-11	-1.30279e-05
4.85277e-11	-1.27158e-05
4.86499e-11	-1.24032e-05
4.87722e-11	-1.20901e-05
4.88944e-11	-1.17763e-05
4.90166e-11	-1.1462e-05
4.91389e-11	-1.11471e-05
4.92611e-11	-1.08317e-05
4.93833e-11	-1.05157e-05
4.95056e-11	-1.01991e-05
4.96278e-11	-9.8819e-06
4.975e-11	-9.56417e-06
4.98723e-11	-9.24587e-06
4.99945e-11	-8.927e-06
5.01167e-11	-8.60757e-06
5.0239e-11	-8.28757e-06
5.03612e-11	-7.967e-06
5.04835e-11	-7.64587e-06
5.06057e-11	-7.32417e-06
5.07279e-11	-7.00191e-06
5.08502e-11	-6.67909e-06
5.09724e-11	-6.3557e-06
5.10946e-11	-6.03175e-06
5.12169e-11	-5.70723e-06
5.13391e-11	-5.38215e-06
5.14613e-11	-5.05651e-06
5.15836e-11	-4.73031e-06
5.17058e-11	-4.40355e-06
5.18281e-11	-4.07623e-06
5.19503e-11	-3.74834e-06
5.20725e-11	-3.4199e-06
5.21948e-11	-3.0909e-06
5.2317e-11	-2.76134e-06
5.24392e-11	-2.43123e-06
5.25615e-11	-2.10055e-06
5.26837e-11	-1.76932e-06
5.28059e-11	-1.43753e-06
5.29282e-11	-1.10519e-06
5.30504e-11	-7.72291e-07
5.31726e-11	-4.38837e-07
5.32949e-11	-1.0483e-07
5.34171e-11	2.29732e-07
5.35394e-11	5.64846e-07
5.36616e-11	9.00514e-07
5.37838e-11	1.23673e-06
5.39061e-11	1.5735e-06
5.40283e-11	1.91083e-06
5.41505e-11	2.2487e-06
5.42728e-11	2.58712e-06
5.4395e-11	2.92609e-06
5.45172e-11	3.26561e-06
5.46395e-11	3.60568e-06
5.47617e-11	3.9463e-06
5.4884e-11	4.28746e-06
5.50062e-11	4.62917e-06
5.51284e-11	4.97143e-06
5.52507e-11	5.31423e-06
5.53729e-11	5.65757e-06
5.54951e-11	6.00146e-06
5.56174e-11	6.3459e-06
5.57396e-11	6.69087e-06
5.58618e-11	7.03639e-06
5.59841e-11	7.38245e-06
5.61063e-11	7.72905e-06
5.62285e-11	8.07619e-06
5.63508e-11	8.42388e-06
5.6473e-11	8.7721e-06
5.65953e-11	9.12086e-06
5.67175e-11	9.47015e-06
5.68397e-11	9.81999e-06
5.6962e-11	1.01704e-05
5.70842e-11	1.05213e-05
5.72064e-11	1.08727e-05
5.73287e-11	1.12247e-05
5.74509e-11	1.15772e-05
5.75731e-11	1.19303e-05
5.76954e-11	1.22838e-05
5.78176e-11	1.26379e-05
5.79399e-11	1.29926e-05
5.80621e-11	1.33478e-05
5.81843e-11	1.37035e-05
5.83066e-11	1.40597e-05
5.84288e-11	1.44165e-05
5.8551e-11	1.47738e-05
5.86733e-11	1.51316e-05
5.87955e-11	1.54899e-05
5.89177e-11	1.58488e-05
5.904e-11	1.62082e-05
5.91622e-11	1.65681e-05
5.92844e-11	1.69286e-05
5.94067e-11	1.72895e-05
5.95289e-11	1.7651e-05
5.96512e-11	1.8013e-05
5.97734e-11	1.83756e-05
5.98956e-11	1.87386e-05
6.00179e-11	1.91022e-05
6.01401e-11	1.94663e-05
6.02623e-11	1.98309e-05
6.03846e-11	2.0196e-05
6.05068e-11	2.05617e-05
6.0629e-11	2.09279e-05
6.07513e-11	2.12945e-05
6.08735e-11	2.16617e-05
6.09957e-11	2.20294e-05
6.1118e-11	2.23977e-05
6.12402e-11	2.27664e-05
6.13625e-11	2.31357e-05
6.14847e-11	2.35054e-05
6.16069e-11	2.38757e-05
6.17292e-11	2.42465e-05
6.18514e-11	2.46177e-05
6.19736e-11	2.49895e-05
6.20959e-11	2.53618e-05
6.22181e-11	2.57346e-05
6.23403e-11	2.6108e-05
6.24626e-11	2.64818e-05
6.25848e-11	2.68561e-05
6.27071e-11	2.72309e-05
6.28293e-11	2.76063e-05
6.29515e-11	2.79821e-05
6.30738e-11	2.83584e-05
6.3196e-11	2.87353e-05
6.33182e-11	2.91126e-05
6.34405e-11	2.94904e-05
6.35627e-11	2.98687e-05
6.36849e-11	3.02476e-05
6.38072e-11	3.06269e-05
6.39294e-11	3.10067e-05
6.40516e-11	3.1387e-05
6.41739e-11	3.17678e-05
6.42961e-11	3.21491e-05
6.44184e-11	3.25309e-05
6.45406e-11	3.29132e-05
6.46628e-11	3.32959e-05
6.47851e-11	3.36792e-05
6.49073e-11	3.40629e-05
6.50295e-11	3.44472e-05
6.51518e-11	3.48319e-05
6.5274e-11	3.52171e-05
6.53962e-11	3.56028e-05
6.55185e-11	3.5989e-05
6.56407e-11	3.63756e-05
6.5763e-11	3.67628e-05
6.58852e-11	3.71504e-05
6.60074e-11	3.75385e-05
6.61297e-11	3.79271e-05
6.62519e-11	3.83161e-05
6.63741e-11	3.87057e-05
6.64964e-11	3.90957e-05
6.66186e-11	3.94862e-05
6.67408e-11	3.98772e-05
6.68631e-11	4.02686e-05
6.69853e-11	4.06605e-05
6.71075e-11	4.10529e-05
6.72298e-11	4.14458e-05
6.7352e-11	4.18391e-05
6.74743e-11	4.22329e-05
6.75965e-11	4.26272e-05
6.77187e-11	4.30219e-05
6.7841e-11	4.34171e-05
6.79632e-11	4.38128e-05
6.80854e-11	4.42089e-05
6.82077e-11	4.46055e-05
6.83299e-11	4.50026e-05
6.84521e-11	4.54001e-05
6.85744e-11	4.57981e-05
6.86966e-11	4.61965e-05
6.88189e-11	4.65954e-05
6.89411e-11	4.69948e-05
6.90633e-11	4.73946e-05
6.91856e-11	4.77949e-05
6.93078e-11	4.81956e-05
6.943e-11	4.85968e-05
6.95523e-11	4.89984e-05
6.96745e-11	4.94005e-05
6.97967e-11	4.98031e-05
6.9919e-11	5.02061e-05
7.00412e-11	5.06095e-05
7.01634e-11	5.10134e-05
7.02857e-11	5.14177e-05
7.04079e-11	5.18225e-05
7.05302e-11	5.22277e-05
7.06524e-11	5.26334e-05
7.07746e-11	5.30395e-05
7.08969e-11	5.34461e-05
7.10191e-11	5.38531e-05
7.11413e-11	5.42605e-05
7.12636e-11	5.46684e-05
7.13858e-11	5.50767e-05
7.1508e-11	5.54855e-05
7.16303e-11	5.58947e-05
7.17525e-11	5.63043e-05
7.18748e-11	5.67143e-05
7.1997e-11	5.71248e-05
7.21192e-11	5.75358e-05
7.22415e-11	5.79471e-05
7.23637e-11	5.83589e-05
7.24859e-11	5.87711e-05
7.26082e-11	5.91837e-05
7.27304e-11	5.95968e-05
7.28526e-11	6.00103e-05
7.29749e-11	6.04242e-05
7.30971e-11	6.08385e-05
7.32193e-11	6.12533e-05
7.33416e-11	6.16685e-05
7.34638e-11	6.20841e-05
7.35861e-11	6.25001e-05
7.37083e-11	6.29165e-05
7.38305e-11	6.33334e-05
7.39528e-11	6.37507e-05
7.4075e-11	6.41683e-05
7.41972e-11	6.45864e-05
7.43195e-11	6.50049e-05
7.44417e-11	6.54239e-05
7.45639e-11	6.58432e-05
7.46862e-11	6.62629e-05
7.48084e-11	6.66831e-05
7.49307e-11	6.71036e-05
7.50529e-11	6.75246e-05
7.51751e-11	6.79459e-05
7.52974e-11	6.83677e-05
7.54196e-11	6.87899e-05
7.55418e-11	6.92124e-05
7.56641e-11	6.96354e-05
7.57863e-11	7.00587e-05
7.59085e-11	7.04825e-05
7.60308e-11	7.09067e-05
7.6153e-11	7.13312e-05
7.62752e-11	7.17561e-05
7.63975e-11	7.21815e-05
7.65197e-11	7.26072e-05
7.6642e-11	7.30333e-05
7.67642e-11	7.34598e-05
7.68864e-11	7.38867e-05
7.70087e-11	7.4314e-05
7.71309e-11	7.47416e-05
7.72531e-11	7.51697e-05
7.73754e-11	7.55981e-05
7.74976e-11	7.60269e-05
7.76198e-11	7.64561e-05
7.77421e-11	7.68857e-05
7.78643e-11	7.73156e-05
7.79865e-11	7.77459e-05
7.81088e-11	7.81766e-05
7.8231e-11	7.86077e-05
7.83533e-11	7.90391e-05
7.84755e-11	7.9471e-05
7.85977e-11	7.99031e-05
7.872e-11	8.03357e-05
7.88422e-11	8.07686e-05
7.89644e-11	8.12019e-05
7.90867e-11	8.16355e-05
7.92089e-11	8.20696e-05
7.93311e-11	8.25039e-05
7.94534e-11	8.29387e-05
7.95756e-11	8.33738e-05
7.96979e-11	8.38092e-05
7.98201e-11	8.4245e-05
7.99423e-11	8.46812e-05
8.00646e-11	8.51177e-05
8.01868e-11	8.55546e-05
8.0309e-11	8.59919e-05
8.04313e-11	8.64294e-05
8.05535e-11	8.68674e-05
8.06757e-11	8.73056e-05
8.0798e-11	8.77443e-05
8.09202e-11	8.81832e-05
8.10424e-11	8.86225e-05
8.11647e-11	8.90622e-05
8.12869e-11	8.95022e-05
8.14092e-11	8.99425e-05
8.15314e-11	9.03832e-05
8.16536e-11	9.08242e-05
8.17759e-11	9.12656e-05
8.18981e-11	9.17073e-05
8.20203e-11	9.21493e-05
8.21426e-11	9.25916e-05
8.22648e-11	9.30343e-05
8.2387e-11	9.34773e-05
8.25093e-11	9.39207e-05
8.26315e-11	9.43643e-05
8.27538e-11	9.48083e-05
8.2876e-11	9.52526e-05
8.29982e-11	9.56973e-05
8.31205e-11	9.61422e-05
8.32427e-11	9.65875e-05
8.33649e-11	9.70331e-05
8.34872e-11	9.7479e-05
8.36094e-11	9.79253e-05
8.37316e-11	9.83718e-05
8.38539e-11	9.88186e-05
8.39761e-11	9.92658e-05
8.40983e-11	9.97133e-05
8.42206e-11	0.000100161
8.43428e-11	0.000100609
8.44651e-11	0.000101058
8.45873e-11	0.000101506
8.47095e-11	0.000101955
8.48318e-11	0.000102405
8.4954e-11	0.000102854
8.50762e-11	0.000103304
8.51985e-11	0.000103754
8.53207e-11	0.000104205
8.54429e-11	0.000104656
8.55652e-11	0.000105107
8.56874e-11	0.000105558
8.58097e-11	0.00010601
8.59319e-11	0.000106462
8.60541e-11	0.000106914
8.61764e-11	0.000107366
8.62986e-11	0.000107819
8.64208e-11	0.000108272
8.65431e-11	0.000108726
8.66653e-11	0.000109179
8.67875e-11	0.000109633
8.69098e-11	0.000110087
8.7032e-11	0.000110542
8.71542e-11	0.000110997
8.72765e-11	0.000111452
8.73987e-11	0.000111907
8.7521e-11	0.000112362
8.76432e-11	0.000112818
8.77654e-11	0.000113274
8.78877e-11	0.000113731
8.80099e-11	0.000114187
8.81321e-11	0.000114644
8.82544e-11	0.000115101
8.83766e-11	0.000115559
8.84988e-11	0.000116016
8.86211e-11	0.000116474
8.87433e-11	0.000116932
8.88656e-11	0.000117391
8.89878e-11	0.000117849
8.911e-11	0.000118308
8.92323e-11	0.000118768
8.93545e-11	0.000119227
8.94767e-11	0.000119687
8.9599e-11	0.000120146
8.97212e-11	0.000120607
8.98434e-11	0.000121067
8.99657e-11	0.000121528
9.00879e-11	0.000121988
9.02101e-11	0.000122449
9.03324e-11	0.000122911
9.04546e-11	0.000123372
9.05769e-11	0.000123834
9.06991e-11	0.000124296
9.08213e-11	0.000124758
9.09436e-11	0.000125221
9.10658e-11	0.000125683
9.1188e-11	0.000126146
9.13103e-11	0.000126609
9.14325e-11	0.000127073
9.15547e-11	0.000127536
9.1677e-11	0.000128
9.17992e-11	0.000128464
9.19215e-11	0.000128928
9.20437e-11	0.000129392
9.21659e-11	0.000129857
9.22882e-11	0.000130322
9.24104e-11	0.000130787
9.25326e-11	0.000131252
9.26549e-11	0.000131717
9.27771e-11	0.000132183
9.28993e-11	0.000132649
9.30216e-11	0.000133115
9.31438e-11	0.000133581
9.3266e-11	0.000134047
9.33883e-11	0.000134514
9.35105e-11	0.000134981
9.36328e-11	0.000135448
9.3755e-11	0.000135915
9.38772e-11	0.000136382
9.39995e-11	0.00013685
9.41217e-11	0.000137317
9.42439e-11	0.000137785
9.43662e-11	0.000138253
9.44884e-11	0.000138721
9.46106e-11	0.00013919
9.47329e-11	0.000139658
9.48551e-11	0.000140127
9.49773e-11	0.000140596
9.50996e-11	0.000141065
9.52218e-11	0.000141534
9.53441e-11	0.000142004
9.54663e-11	0.000142473
9.55885e-11	0.000142943
9.57108e-11	0.000143413
9.5833e-11	0.000143883
9.59552e-11	0.000144353
9.60775e-11	0.000144823
9.61997e-11	0.000145294
9.63219e-11	0.000145765
9.64442e-11	0.000146235
9.65664e-11	0.000146706
9.66887e-11	0.000147177
9.68109e-11	0.000147649
9.69331e-11	0.00014812
9.70554e-11	0.000148592
9.71776e-11	0.000149063
9.72998e-11	0.000149535
9.74221e-11	0.000150007
9.75443e-11	0.000150479
9.76665e-11	0.000150951
9.77888e-11	0.000151423
9.7911e-11	0.000151896
9.80332e-11	0.000152368
9.81555e-11	0.000152841
9.82777e-11	0.000153314
9.84e-11	0.000153787
9.85222e-11	0.00015426
9.86444e-11	0.000154733
9.87667e-11	0.000155206
9.88889e-11	0.000155679
9.90111e-11	0.000156153
9.91334e-11	0.000156627
9.92556e-11	0.0001571
9.93778e-11	0.000157574
9.95001e-11	0.000158048
9.96223e-11	0.000158522
9.97446e-11	0.000158996
9.98668e-11	0.00015947
9.9989e-11	0.000159944
1.00111e-10	0.000160419
1.00233e-10	0.000160893
1.00356e-10	0.000161368
1.00478e-10	0.000161843
1.006e-10	0.000162317
1.00722e-10	0.000162792
1.00845e-10	0.000163267
1.00967e-10	0.000163742
1.01089e-10	0.000164217
1.01211e-10	0.000164692
1.01334e-10	0.000165167
1.01456e-10	0.000165643
1.01578e-10	0.000166118
1.017e-10	0.000166593
1.01823e-10	0.000167069
1.01945e-10	0.000167544
1.02067e-10	0.00016802
1.02189e-10	0.000168495
1.02312e-10	0.000168971
1.02434e-10	0.000169447
1.02556e-10	0.000169923
1.02678e-10	0.000170399
1.028e-10	0.000170875
1.02923e-10	0.000171351
1.03045e-10	0.000171827
1.03167e-10	0.000172303
1.03289e-10	0.000172779
1.03412e-10	0.000173255
1.03534e-10	0.000173731
1.03656e-10	0.000174207
1.03778e-10	0.000174684
1.03901e-10	0.00017516
1.04023e-10	0.000175636
1.04145e-10	0.000176112
1.04267e-10	0.000176589
1.0439e-10	0.000177065
1.04512e-10	0.000177542
1.04634e-10	0.000178018
1.04756e-10	0.000178495
1.04878e-10	0.000178971
1.05001e-10	0.000179448
1.05123e-10	0.000179924
1.05245e-10	0.000180401
1.05367e-10	0.000180877
1.0549e-10	0.000181354
1.05612e-10	0.00018183
1.05734e-10	0.000182307
1.05856e-10	0.000182783
1.05979e-10	0.00018326
1.06101e-10	0.000183736
1.06223e-10	0.000184213
1.06345e-10	0.000184689
1.06468e-10	0.000185166
1.0659e-10	0.000185642
1.06712e-10	0.000186119
1.06834e-10	0.000186595
1.06956e-10	0.000187072
1.07079e-10	0.000187548
1.07201e-10	0.000188024
1.07323e-10	0.000188501
1.07445e-10	0.000188977
1.07568e-10	0.000189453
1.0769e-10	0.00018993
1.07812e-10	0.000190406
1.07934e-10	0.000190882
1.08057e-10	0.000191358
1.08179e-10	0.000191834
1.08301e-10	0.000192311
1.08423e-10	0.000192787
1.08546e-10	0.000193263
1.08668e-10	0.000193739
1.0879e-10	0.000194214
1.08912e-10	0.00019469
1.09034e-10	0.000195166
1.09157e-10	0.000195642
1.09279e-10	0.000196118
1.09401e-10	0.000196593
1.09523e-10	0.000197069
1.09646e-10	0.000197544
1.09768e-10	0.00019802
1.0989e-10	0.000198495
1.10012e-10	0.00019897
1.10135e-10	0.000199446
1.10257e-10	0.000199921
1.10379e-10	0.000200396
1.10501e-10	0.000200871
1.10624e-10	0.000201346
1.10746e-10	0.00020182
1.10868e-10	0.000202295
1.1099e-10	0.00020277
1.11112e-10	0.000203244
1.11235e-10	0.000203719
1.11357e-10	0.000204193
1.11479e-10	0.000204667
1.11601e-10	0.000205142
1.11724e-10	0.000205616
1.11846e-10	0.00020609
1.11968e-10	0.000206563
1.1209e-10	0.000207037
1.12213e-10	0.000207511
1.12335e-10	0.000207984
1.12457e-10	0.000208458
1.12579e-10	0.000208931
1.12702e-10	0.000209404
1.12824e-10	0.000209877
1.12946e-10	0.00021035
1.13068e-10	0.000210823
1.13191e-10	0.000211296
1.13313e-10	0.000211768
1.13435e-10	0.000212241
1.13557e-10	0.000212713
1.13679e-10	0.000213185
1.13802e-10	0.000213657
1.13924e-10	0.000214129
1.14046e-10	0.000214601
1.14168e-10	0.000215072
1.14291e-10	0.000215544
1.14413e-10	0.000216015
1.14535e-10	0.000216486
1.14657e-10	0.000216957
1.1478e-10	0.000217428
1.14902e-10	0.000217898
1.15024e-10	0.000218369
1.15146e-10	0.000218839
1.15269e-10	0.000219309
1.15391e-10	0.000219779
1.15513e-10	0.000220249
1.15635e-10	0.000220719
1.15757e-10	0.000221188
1.1588e-10	0.000221657
1.16002e-10	0.000222126
1.16124e-10	0.000222595
1.16246e-10	0.000223064
1.16369e-10	0.000223533
1.16491e-10	0.000224001
1.16613e-10	0.000224469
1.16735e-10	0.000224937
1.16858e-10	0.000225405
1.1698e-10	0.000225872
1.17102e-10	0.00022634
1.17224e-10	0.000226807
1.17347e-10	0.000227274
1.17469e-10	0.000227741
1.17591e-10	0.000228207
1.17713e-10	0.000228673
1.17835e-10	0.00022914
1.17958e-10	0.000229605
1.1808e-10	0.000230071
1.18202e-10	0.000230537
1.18324e-10	0.000231002
1.18447e-10	0.000231467
1.18569e-10	0.000231932
1.18691e-10	0.000232396
1.18813e-10	0.00023286
1.18936e-10	0.000233324
1.19058e-10	0.000233788
1.1918e-10	0.000234252
1.19302e-10	0.000234715
1.19425e-10	0.000235178
1.19547e-10	0.000235641
1.19669e-10	0.000236104
1.19791e-10	0.000236566
1.19913e-10	0.000237028
1.20036e-10	0.00023749
1.20158e-10	0.000237951
1.2028e-10	0.000238413
1.20402e-10	0.000238874
1.20525e-10	0.000239335
1.20647e-10	0.000239795
1.20769e-10	0.000240255
1.20891e-10	0.000240715
1.21014e-10	0.000241175
1.21136e-10	0.000241634
1.21258e-10	0.000242093
1.2138e-10	0.000242552
1.21503e-10	0.000243011
1.21625e-10	0.000243469
1.21747e-10	0.000243927
1.21869e-10	0.000244385
1.21991e-10	0.000244842
1.22114e-10	0.000245299
1.22236e-10	0.000245756
1.22358e-10	0.000246212
1.2248e-10	0.000246669
1.22603e-10	0.000247124
1.22725e-10	0.00024758
1.22847e-10	0.000248035
1.22969e-10	0.00024849
1.23092e-10	0.000248945
1.23214e-10	0.000249399
1.23336e-10	0.000249853
1.23458e-10	0.000250306
1.23581e-10	0.00025076
1.23703e-10	0.000251213
1.23825e-10	0.000251665
1.23947e-10	0.000252118
1.2407e-10	0.00025257
1.24192e-10	0.000253021
1.24314e-10	0.000253472
1.24436e-10	0.000253923
1.24558e-10	0.000254374
1.24681e-10	0.000254824
1.24803e-10	0.000255274
1.24925e-10	0.000255724
1.25047e-10	0.000256173
1.2517e-10	0.000256622
1.25292e-10	0.00025707
1.25414e-10	0.000257518
1.25536e-10	0.000257966
1.25659e-10	0.000258413
1.25781e-10	0.00025886
1.25903e-10	0.000259307
1.26025e-10	0.000259753
1.26148e-10	0.000260199
1.2627e-10	0.000260644
1.26392e-10	0.000261089
1.26514e-10	0.000261534
1.26636e-10	0.000261978
1.26759e-10	0.000262422
1.26881e-10	0.000262865
1.27003e-10	0.000263308
1.27125e-10	0.000263751
1.27248e-10	0.000264193
1.2737e-10	0.000264635
1.27492e-10	0.000265077
1.27614e-10	0.000265518
1.27737e-10	0.000265958
1.27859e-10	0.000266399
1.27981e-10	0.000266839
1.28103e-10	0.000267278
1.28226e-10	0.000267717
1.28348e-10	0.000268155
1.2847e-10	0.000268594
1.28592e-10	0.000269031
1.28714e-10	0.000269468
1.28837e-10	0.000269905
1.28959e-10	0.000270342
1.29081e-10	0.000270777
1.29203e-10	0.000271213
1.29326e-10	0.000271648
1.29448e-10	0.000272083
1.2957e-10	0.000272517
1.29692e-10	0.00027295
1.29815e-10	0.000273384
1.29937e-10	0.000273816
1.30059e-10	0.000274249
1.30181e-10	0.00027468
1.30304e-10	0.000275112
1.30426e-10	0.000275543
1.30548e-10	0.000275973
1.3067e-10	0.000276403
1.30792e-10	0.000276833
1.30915e-10	0.000277262
1.31037e-10	0.00027769
1.31159e-10	0.000278118
1.31281e-10	0.000278546
1.31404e-10	0.000278973
1.31526e-10	0.000279399
1.31648e-10	0.000279825
1.3177e-10	0.000280251
1.31893e-10	0.000280676
1.32015e-10	0.0002811
1.32137e-10	0.000281524
1.32259e-10	0.000281948
1.32382e-10	0.000282371
1.32504e-10	0.000282793
1.32626e-10	0.000283215
1.32748e-10	0.000283637
1.32871e-10	0.000284058
1.32993e-10	0.000284478
1.33115e-10	0.000284898
1.33237e-10	0.000285318
1.33359e-10	0.000285736
1.33482e-10	0.000286155
1.33604e-10	0.000286572
1.33726e-10	0.00028699
1.33848e-10	0.000287406
1.33971e-10	0.000287822
1.34093e-10	0.000288238
1.34215e-10	0.000288653
1.34337e-10	0.000289067
1.3446e-10	0.000289481
1.34582e-10	0.000289895
1.34704e-10	0.000290307
1.34826e-10	0.00029072
1.34949e-10	0.000291131
1.35071e-10	0.000291542
1.35193e-10	0.000291953
1.35315e-10	0.000292363
1.35437e-10	0.000292772
1.3556e-10	0.000293181
1.35682e-10	0.000293589
1.35804e-10	0.000293997
1.35926e-10	0.000294404
1.36049e-10	0.00029481
1.36171e-10	0.000295216
1.36293e-10	0.000295621
1.36415e-10	0.000296026
1.36538e-10	0.00029643
1.3666e-10	0.000296833
1.36782e-10	0.000297236
1.36904e-10	0.000297639
1.37027e-10	0.00029804
1.37149e-10	0.000298441
1.37271e-10	0.000298841
1.37393e-10	0.000299241
1.37515e-10	0.00029964
1.37638e-10	0.000300039
1.3776e-10	0.000300437
1.37882e-10	0.000300834
1.38004e-10	0.00030123
1.38127e-10	0.000301626
1.38249e-10	0.000302022
1.38371e-10	0.000302416
1.38493e-10	0.000302811
1.38616e-10	0.000303204
1.38738e-10	0.000303597
1.3886e-10	0.000303989
1.38982e-10	0.00030438
1.39105e-10	0.000304771
1.39227e-10	0.000305161
1.39349e-10	0.00030555
1.39471e-10	0.000305939
1.39593e-10	0.000306327
1.39716e-10	0.000306715
1.39838e-10	0.000307101
1.3996e-10	0.000307488
1.40082e-10	0.000307873
1.40205e-10	0.000308258
1.40327e-10	0.000308642
1.40449e-10	0.000309025
1.40571e-10	0.000309408
1.40694e-10	0.00030979
1.40816e-10	0.000310171
1.40938e-10	0.000310551
1.4106e-10	0.000310931
1.41183e-10	0.00031131
1.41305e-10	0.000311689
1.41427e-10	0.000312067
1.41549e-10	0.000312444
1.41671e-10	0.00031282
1.41794e-10	0.000313196
1.41916e-10	0.00031357
1.42038e-10	0.000313945
1.4216e-10	0.000314318
1.42283e-10	0.000314691
1.42405e-10	0.000315063
1.42527e-10	0.000315434
1.42649e-10	0.000315804
1.42772e-10	0.000316174
1.42894e-10	0.000316543
1.43016e-10	0.000316911
1.43138e-10	0.000317279
1.43261e-10	0.000317645
1.43383e-10	0.000318011
1.43505e-10	0.000318377
1.43627e-10	0.000318741
1.4375e-10	0.000319105
1.43872e-10	0.000319468
1.43994e-10	0.00031983
1.44116e-10	0.000320191
1.44238e-10	0.000320552
1.44361e-10	0.000320912
1.44483e-10	0.000321271
1.44605e-10	0.000321629
1.44727e-10	0.000321987
1.4485e-10	0.000322343
1.44972e-10	0.000322699
1.45094e-10	0.000323054
1.45216e-10	0.000323409
1.45339e-10	0.000323762
1.45461e-10	0.000324115
1.45583e-10	0.000324467
1.45705e-10	0.000324818
1.45828e-10	0.000325168
1.4595e-10	0.000325518
1.46072e-10	0.000325867
1.46194e-10	0.000326214
1.46316e-10	0.000326561
1.46439e-10	0.000326908
1.46561e-10	0.000327253
1.46683e-10	0.000327598
1.46805e-10	0.000327941
1.46928e-10	0.000328284
1.4705e-10	0.000328626
1.47172e-10	0.000328967
1.47294e-10	0.000329308
1.47417e-10	0.000329647
1.47539e-10	0.000329986
1.47661e-10	0.000330324
1.47783e-10	0.000330661
1.47906e-10	0.000330997
1.48028e-10	0.000331332
1.4815e-10	0.000331667
1.48272e-10	0.000332
1.48394e-10	0.000332333
1.48517e-10	0.000332664
1.48639e-10	0.000332995
1.48761e-10	0.000333325
1.48883e-10	0.000333655
1.49006e-10	0.000333983
1.49128e-10	0.00033431
1.4925e-10	0.000334637
1.49372e-10	0.000334962
1.49495e-10	0.000335287
1.49617e-10	0.000335611
1.49739e-10	0.000335934
1.49861e-10	0.000336256
1.49984e-10	0.000336577
1.50106e-10	0.000336897
1.50228e-10	0.000337216
1.5035e-10	0.000337535
1.50472e-10	0.000337852
1.50595e-10	0.000338169
1.50717e-10	0.000338484
1.50839e-10	0.000338799
1.50961e-10	0.000339113
1.51084e-10	0.000339426
1.51206e-10	0.000339738
1.51328e-10	0.000340048
1.5145e-10	0.000340358
1.51573e-10	0.000340668
1.51695e-10	0.000340976
1.51817e-10	0.000341283
1.51939e-10	0.000341589
1.52062e-10	0.000341894
1.52184e-10	0.000342199
1.52306e-10	0.000342502
1.52428e-10	0.000342805
1.5255e-10	0.000343106
1.52673e-10	0.000343407
1.52795e-10	0.000343706
1.52917e-10	0.000344005
1.53039e-10	0.000344302
1.53162e-10	0.000344599
1.53284e-10	0.000344894
1.53406e-10	0.000345189
1.53528e-10	0.000345483
1.53651e-10	0.000345775
1.53773e-10	0.000346067
1.53895e-10	0.000346358
1.54017e-10	0.000346647
1.5414e-10	0.000346936
1.54262e-10	0.000347224
1.54384e-10	0.00034751
1.54506e-10	0.000347796
1.54629e-10	0.00034808
1.54751e-10	0.000348364
1.54873e-10	0.000348647
1.54995e-10	0.000348928
1.55117e-10	0.000349209
1.5524e-10	0.000349488
1.55362e-10	0.000349767
1.55484e-10	0.000350044
1.55606e-10	0.000350321
1.55729e-10	0.000350596
1.55851e-10	0.000350871
1.55973e-10	0.000351144
1.56095e-10	0.000351416
1.56218e-10	0.000351687
1.5634e-10	0.000351958
1.56462e-10	0.000352227
1.56584e-10	0.000352495
1.56707e-10	0.000352762
1.56829e-10	0.000353028
1.56951e-10	0.000353293
1.57073e-10	0.000353556
1.57195e-10	0.000353819
1.57318e-10	0.000354081
1.5744e-10	0.000354341
1.57562e-10	0.000354601
1.57684e-10	0.000354859
1.57807e-10	0.000355117
1.57929e-10	0.000355373
1.58051e-10	0.000355628
1.58173e-10	0.000355882
1.58296e-10	0.000356135
1.58418e-10	0.000356387
1.5854e-10	0.000356638
1.58662e-10	0.000356887
1.58785e-10	0.000357136
1.58907e-10	0.000357384
1.59029e-10	0.00035763
1.59151e-10	0.000357875
1.59273e-10	0.000358119
1.59396e-10	0.000358362
1.59518e-10	0.000358604
1.5964e-10	0.000358845
1.59762e-10	0.000359084
1.59885e-10	0.000359323
1.60007e-10	0.00035956
1.60129e-10	0.000359796
1.60251e-10	0.000360031
1.60374e-10	0.000360265
1.60496e-10	0.000360498
1.60618e-10	0.00036073
1.6074e-10	0.00036096
1.60863e-10	0.00036119
1.60985e-10	0.000361418
1.61107e-10	0.000361645
1.61229e-10	0.000361871
1.61351e-10	0.000362095
1.61474e-10	0.000362319
1.61596e-10	0.000362541
1.61718e-10	0.000362762
1.6184e-10	0.000362982
1.61963e-10	0.000363201
1.62085e-10	0.000363419
1.62207e-10	0.000363635
1.62329e-10	0.00036385
1.62452e-10	0.000364064
1.62574e-10	0.000364277
1.62696e-10	0.000364489
1.62818e-10	0.000364699
1.62941e-10	0.000364909
1.63063e-10	0.000365117
1.63185e-10	0.000365323
1.63307e-10	0.000365529
1.63429e-10	0.000365734
1.63552e-10	0.000365937
1.63674e-10	0.000366139
1.63796e-10	0.000366339
1.63918e-10	0.000366539
1.64041e-10	0.000366737
1.64163e-10	0.000366934
1.64285e-10	0.00036713
1.64407e-10	0.000367325
1.6453e-10	0.000367518
1.64652e-10	0.00036771
1.64774e-10	0.000367901
1.64896e-10	0.000368091
1.65019e-10	0.000368279
1.65141e-10	0.000368467
1.65263e-10	0.000368652
1.65385e-10	0.000368837
1.65508e-10	0.00036902
1.6563e-10	0.000369203
1.65752e-10	0.000369383
1.65874e-10	0.000369563
1.65996e-10	0.000369741
1.66119e-10	0.000369918
1.66241e-10	0.000370094
1.66363e-10	0.000370269
1.66485e-10	0.000370442
1.66608e-10	0.000370614
1.6673e-10	0.000370784
1.66852e-10	0.000370954
1.66974e-10	0.000371122
1.67097e-10	0.000371288
1.67219e-10	0.000371454
1.67341e-10	0.000371618
1.67463e-10	0.000371781
1.67586e-10	0.000371942
1.67708e-10	0.000372103
1.6783e-10	0.000372261
1.67952e-10	0.000372419
1.68074e-10	0.000372575
1.68197e-10	0.00037273
1.68319e-10	0.000372884
1.68441e-10	0.000373036
1.68563e-10	0.000373187
1.68686e-10	0.000373337
1.68808e-10	0.000373485
1.6893e-10	0.000373632
1.69052e-10	0.000373778
1.69175e-10	0.000373922
1.69297e-10	0.000374065
1.69419e-10	0.000374207
1.69541e-10	0.000374347
1.69664e-10	0.000374486
1.69786e-10	0.000374623
1.69908e-10	0.000374759
1.7003e-10	0.000374894
1.70152e-10	0.000375028
1.70275e-10	0.00037516
1.70397e-10	0.00037529
1.70519e-10	0.00037542
1.70641e-10	0.000375548
1.70764e-10	0.000375674
1.70886e-10	0.0003758
1.71008e-10	0.000375923
1.7113e-10	0.000376046
1.71253e-10	0.000376167
1.71375e-10	0.000376287
1.71497e-10	0.000376405
1.71619e-10	0.000376522
1.71742e-10	0.000376637
1.71864e-10	0.000376751
1.71986e-10	0.000376864
1.72108e-10	0.000376975
1.7223e-10	0.000377085
1.72353e-10	0.000377193
1.72475e-10	0.0003773
1.72597e-10	0.000377406
1.72719e-10	0.00037751
1.72842e-10	0.000377613
1.72964e-10	0.000377714
1.73086e-10	0.000377814
1.73208e-10	0.000377913
1.73331e-10	0.00037801
1.73453e-10	0.000378105
1.73575e-10	0.000378199
1.73697e-10	0.000378292
1.7382e-10	0.000378383
1.73942e-10	0.000378473
1.74064e-10	0.000378562
1.74186e-10	0.000378649
1.74308e-10	0.000378734
1.74431e-10	0.000378818
1.74553e-10	0.000378901
1.74675e-10	0.000378982
1.74797e-10	0.000379061
1.7492e-10	0.000379139
1.75042e-10	0.000379216
1.75164e-10	0.000379291
1.75286e-10	0.000379365
1.75409e-10	0.000379437
1.75531e-10	0.000379508
1.75653e-10	0.000379577
1.75775e-10	0.000379645
1.75898e-10	0.000379712
1.7602e-10	0.000379776
1.76142e-10	0.00037984
1.76264e-10	0.000379902
1.76387e-10	0.000379962
1.76509e-10	0.000380021
1.76631e-10	0.000380078
1.76753e-10	0.000380134
1.76875e-10	0.000380188
1.76998e-10	0.000380241
1.7712e-10	0.000380292
1.77242e-10	0.000380342
1.77364e-10	0.00038039
1.77487e-10	0.000380437
1.77609e-10	0.000380482
1.77731e-10	0.000380526
1.77853e-10	0.000380568
1.77976e-10	0.000380609
1.78098e-10	0.000380648
1.7822e-10	0.000380685
1.78342e-10	0.000380721
1.78465e-10	0.000380756
1.78587e-10	0.000380788
1.78709e-10	0.00038082
1.78831e-10	0.00038085
1.78953e-10	0.000380878
1.79076e-10	0.000380905
1.79198e-10	0.00038093
1.7932e-10	0.000380953
1.79442e-10	0.000380975
1.79565e-10	0.000380996
1.79687e-10	0.000381015
1.79809e-10	0.000381032
1.79931e-10	0.000381048
1.80054e-10	0.000381062
1.80176e-10	0.000381074
1.80298e-10	0.000381085
1.8042e-10	0.000381095
1.80543e-10	0.000381102
1.80665e-10	0.000381109
1.80787e-10	0.000381113
1.80909e-10	0.000381116
1.81031e-10	0.000381118
1.81154e-10	0.000381118
1.81276e-10	0.000381116
1.81398e-10	0.000381113
1.8152e-10	0.000381108
1.81643e-10	0.000381101
1.81765e-10	0.000381093
1.81887e-10	0.000381083
1.82009e-10	0.000381072
1.82132e-10	0.000381059
1.82254e-10	0.000381044
1.82376e-10	0.000381028
1.82498e-10	0.00038101
1.82621e-10	0.00038099
1.82743e-10	0.000380969
1.82865e-10	0.000380946
1.82987e-10	0.000380922
1.83109e-10	0.000380896
1.83232e-10	0.000380868
1.83354e-10	0.000380839
1.83476e-10	0.000380808
1.83598e-10	0.000380775
1.83721e-10	0.000380741
1.83843e-10	0.000380705
1.83965e-10	0.000380667
1.84087e-10	0.000380628
1.8421e-10	0.000380587
1.84332e-10	0.000380544
1.84454e-10	0.0003805
1.84576e-10	0.000380454
1.84699e-10	0.000380407
1.84821e-10	0.000380357
1.84943e-10	0.000380306
1.85065e-10	0.000380254
1.85187e-10	0.000380199
1.8531e-10	0.000380143
1.85432e-10	0.000380086
1.85554e-10	0.000380026
1.85676e-10	0.000379965
1.85799e-10	0.000379903
1.85921e-10	0.000379838
1.86043e-10	0.000379772
1.86165e-10	0.000379704
1.86288e-10	0.000379635
1.8641e-10	0.000379563
1.86532e-10	0.000379491
1.86654e-10	0.000379416
1.86777e-10	0.00037934
1.86899e-10	0.000379261
1.87021e-10	0.000379182
1.87143e-10	0.0003791
1.87266e-10	0.000379017
1.87388e-10	0.000378932
1.8751e-10	0.000378845
1.87632e-10	0.000378757
1.87754e-10	0.000378667
1.87877e-10	0.000378575
1.87999e-10	0.000378481
1.88121e-10	0.000378386
1.88243e-10	0.000378289
1.88366e-10	0.00037819
1.88488e-10	0.00037809
1.8861e-10	0.000377987
1.88732e-10	0.000377883
1.88855e-10	0.000377778
1.88977e-10	0.00037767
1.89099e-10	0.000377561
1.89221e-10	0.00037745
1.89344e-10	0.000377337
1.89466e-10	0.000377222
1.89588e-10	0.000377106
1.8971e-10	0.000376988
1.89832e-10	0.000376868
1.89955e-10	0.000376746
1.90077e-10	0.000376623
1.90199e-10	0.000376498
1.90321e-10	0.000376371
1.90444e-10	0.000376242
1.90566e-10	0.000376112
1.90688e-10	0.000375979
1.9081e-10	0.000375845
1.90933e-10	0.000375709
1.91055e-10	0.000375572
1.91177e-10	0.000375432
1.91299e-10	0.000375291
1.91422e-10	0.000375148
1.91544e-10	0.000375003
1.91666e-10	0.000374857
1.91788e-10	0.000374708
1.9191e-10	0.000374558
1.92033e-10	0.000374406
1.92155e-10	0.000374252
1.92277e-10	0.000374096
1.92399e-10	0.000373939
1.92522e-10	0.00037378
1.92644e-10	0.000373619
1.92766e-10	0.000373456
1.92888e-10	0.000373291
1.93011e-10	0.000373124
1.93133e-10	0.000372956
1.93255e-10	0.000372786
1.93377e-10	0.000372614
1.935e-10	0.00037244
1.93622e-10	0.000372264
1.93744e-10	0.000372086
1.93866e-10	0.000371907
1.93988e-10	0.000371726
1.94111e-10	0.000371543
1.94233e-10	0.000371358
1.94355e-10	0.000371171
1.94477e-10	0.000370982
1.946e-10	0.000370792
1.94722e-10	0.000370599
1.94844e-10	0.000370405
1.94966e-10	0.000370209
1.95089e-10	0.000370011
1.95211e-10	0.000369811
1.95333e-10	0.00036961
1.95455e-10	0.000369406
1.95578e-10	0.000369201
1.957e-10	0.000368994
1.95822e-10	0.000368785
1.95944e-10	0.000368574
1.96066e-10	0.000368361
1.96189e-10	0.000368146
1.96311e-10	0.000367929
1.96433e-10	0.000367711
1.96555e-10	0.00036749
1.96678e-10	0.000367268
1.968e-10	0.000367044
1.96922e-10	0.000366818
1.97044e-10	0.00036659
1.97167e-10	0.00036636
1.97289e-10	0.000366128
1.97411e-10	0.000365895
1.97533e-10	0.000365659
1.97656e-10	0.000365422
1.97778e-10	0.000365183
1.979e-10	0.000364941
1.98022e-10	0.000364698
1.98145e-10	0.000364453
1.98267e-10	0.000364206
1.98389e-10	0.000363957
1.98511e-10	0.000363707
1.98633e-10	0.000363454
1.98756e-10	0.000363199
1.98878e-10	0.000362943
1.99e-10	0.000362684
1.99122e-10	0.000362424
1.99245e-10	0.000362161
1.99367e-10	0.000361897
1.99489e-10	0.000361631
1.99611e-10	0.000361363
1.99734e-10	0.000361093
1.99856e-10	0.000360821
1.99978e-10	0.000360547
2.001e-10	0.000360271
2.00223e-10	0.000359993
2.00345e-10	0.000359714
2.00467e-10	0.000359432
2.00589e-10	0.000359148
2.00711e-10	0.000358863
2.00834e-10	0.000358575
2.00956e-10	0.000358286
2.01078e-10	0.000357994
2.012e-10	0.000357701
2.01323e-10	0.000357406
2.01445e-10	0.000357108
2.01567e-10	0.000356809
2.01689e-10	0.000356508
2.01812e-10	0.000356205
2.01934e-10	0.000355899
2.02056e-10	0.000355592
2.02178e-10	0.000355283
2.02301e-10	0.000354972
2.02423e-10	0.000354659
2.02545e-10	0.000354344
2.02667e-10	0.000354027
2.02789e-10	0.000353708
2.02912e-10	0.000353387
2.03034e-10	0.000353064
2.03156e-10	0.000352739
2.03278e-10	0.000352412
2.03401e-10	0.000352084
2.03523e-10	0.000351753
2.03645e-10	0.00035142
2.03767e-10	0.000351085
2.0389e-10	0.000350748
2.04012e-10	0.000350409
2.04134e-10	0.000350068
2.04256e-10	0.000349726
2.04379e-10	0.000349381
2.04501e-10	0.000349034
2.04623e-10	0.000348685
2.04745e-10	0.000348334
2.04867e-10	0.000347981
2.0499e-10	0.000347627
2.05112e-10	0.00034727
2.05234e-10	0.000346911
2.05356e-10	0.00034655
2.05479e-10	0.000346187
2.05601e-10	0.000345822
2.05723e-10	0.000345455
2.05845e-10	0.000345086
2.05968e-10	0.000344715
2.0609e-10	0.000344342
2.06212e-10	0.000343967
2.06334e-10	0.00034359
2.06457e-10	0.000343211
2.06579e-10	0.00034283
2.06701e-10	0.000342447
2.06823e-10	0.000342062
2.06945e-10	0.000341675
2.07068e-10	0.000341286
2.0719e-10	0.000340894
2.07312e-10	0.000340501
2.07434e-10	0.000340106
2.07557e-10	0.000339708
2.07679e-10	0.000339309
2.07801e-10	0.000338907
2.07923e-10	0.000338504
2.08046e-10	0.000338098
2.08168e-10	0.000337691
2.0829e-10	0.000337281
2.08412e-10	0.000336869
2.08535e-10	0.000336456
2.08657e-10	0.00033604
2.08779e-10	0.000335622
2.08901e-10	0.000335202
2.09024e-10	0.00033478
2.09146e-10	0.000334356
2.09268e-10	0.00033393
2.0939e-10	0.000333502
2.09512e-10	0.000333072
2.09635e-10	0.00033264
2.09757e-10	0.000332205
2.09879e-10	0.000331769
2.10001e-10	0.00033133
2.10124e-10	0.00033089
2.10246e-10	0.000330447
2.10368e-10	0.000330003
2.1049e-10	0.000329556
2.10613e-10	0.000329107
2.10735e-10	0.000328656
2.10857e-10	0.000328203
2.10979e-10	0.000327748
2.11102e-10	0.000327291
2.11224e-10	0.000326832
2.11346e-10	0.00032637
2.11468e-10	0.000325907
2.1159e-10	0.000325442
2.11713e-10	0.000324974
2.11835e-10	0.000324504
2.11957e-10	0.000324033
2.12079e-10	0.000323559
2.12202e-10	0.000323083
2.12324e-10	0.000322605
2.12446e-10	0.000322125
2.12568e-10	0.000321643
2.12691e-10	0.000321159
2.12813e-10	0.000320672
2.12935e-10	0.000320184
2.13057e-10	0.000319693
2.1318e-10	0.000319201
2.13302e-10	0.000318706
2.13424e-10	0.000318209
2.13546e-10	0.00031771
2.13668e-10	0.000317209
2.13791e-10	0.000316706
2.13913e-10	0.0003162
2.14035e-10	0.000315693
2.14157e-10	0.000315184
2.1428e-10	0.000314672
2.14402e-10	0.000314158
2.14524e-10	0.000313642
2.14646e-10	0.000313124
2.14769e-10	0.000312604
2.14891e-10	0.000312082
2.15013e-10	0.000311558
2.15135e-10	0.000311032
2.15258e-10	0.000310503
2.1538e-10	0.000309972
2.15502e-10	0.00030944
2.15624e-10	0.000308905
2.15746e-10	0.000308368
2.15869e-10	0.000307829
2.15991e-10	0.000307287
2.16113e-10	0.000306744
2.16235e-10	0.000306198
2.16358e-10	0.000305651
2.1648e-10	0.000305101
2.16602e-10	0.000304549
2.16724e-10	0.000303995
2.16847e-10	0.000303439
2.16969e-10	0.000302881
2.17091e-10	0.00030232
2.17213e-10	0.000301758
2.17336e-10	0.000301193
2.17458e-10	0.000300626
2.1758e-10	0.000300057
2.17702e-10	0.000299486
2.17825e-10	0.000298913
2.17947e-10	0.000298338
2.18069e-10	0.00029776
2.18191e-10	0.00029718
2.18313e-10	0.000296599
2.18436e-10	0.000296015
2.18558e-10	0.000295429
2.1868e-10	0.00029484
2.18802e-10	0.00029425
2.18925e-10	0.000293658
2.19047e-10	0.000293063
2.19169e-10	0.000292466
2.19291e-10	0.000291867
2.19414e-10	0.000291266
2.19536e-10	0.000290663
2.19658e-10	0.000290058
2.1978e-10	0.00028945
2.19903e-10	0.00028884
2.20025e-10	0.000288228
2.20147e-10	0.000287614
2.20269e-10	0.000286998
2.20391e-10	0.00028638
2.20514e-10	0.00028576
2.20636e-10	0.000285137
2.20758e-10	0.000284512
2.2088e-10	0.000283885
2.21003e-10	0.000283256
2.21125e-10	0.000282625
2.21247e-10	0.000281992
2.21369e-10	0.000281356
2.21492e-10	0.000280718
2.21614e-10	0.000280078
2.21736e-10	0.000279436
2.21858e-10	0.000278792
2.21981e-10	0.000278146
2.22103e-10	0.000277497
2.22225e-10	0.000276847
2.22347e-10	0.000276194
2.22469e-10	0.000275539
2.22592e-10	0.000274882
2.22714e-10	0.000274222
2.22836e-10	0.000273561
2.22958e-10	0.000272897
2.23081e-10	0.000272231
2.23203e-10	0.000271563
2.23325e-10	0.000270893
2.23447e-10	0.000270221
2.2357e-10	0.000269546
2.23692e-10	0.000268869
2.23814e-10	0.000268191
2.23936e-10	0.00026751
2.24059e-10	0.000266826
2.24181e-10	0.000266141
2.24303e-10	0.000265453
2.24425e-10	0.000264764
2.24547e-10	0.000264072
2.2467e-10	0.000263378
2.24792e-10	0.000262682
2.24914e-10	0.000261983
2.25036e-10	0.000261283
2.25159e-10	0.00026058
2.25281e-10	0.000259875
2.25403e-10	0.000259168
2.25525e-10	0.000258459
2.25648e-10	0.000257747
2.2577e-10	0.000257033
2.25892e-10	0.000256318
2.26014e-10	0.0002556
2.26137e-10	0.000254879
2.26259e-10	0.000254157
2.26381e-10	0.000253433
2.26503e-10	0.000252706
2.26625e-10	0.000251977
2.26748e-10	0.000251246
2.2687e-10	0.000250513
2.26992e-10	0.000249777
2.27114e-10	0.00024904
2.27237e-10	0.0002483
2.27359e-10	0.000247558
2.27481e-10	0.000246814
2.27603e-10	0.000246068
2.27726e-10	0.000245319
2.27848e-10	0.000244569
2.2797e-10	0.000243816
2.28092e-10	0.000243061
2.28215e-10	0.000242303
2.28337e-10	0.000241544
2.28459e-10	0.000240783
2.28581e-10	0.000240019
2.28704e-10	0.000239253
2.28826e-10	0.000238485
2.28948e-10	0.000237714
2.2907e-10	0.000236942
2.29192e-10	0.000236167
2.29315e-10	0.000235391
2.29437e-10	0.000234612
2.29559e-10	0.00023383
2.29681e-10	0.000233047
2.29804e-10	0.000232261
2.29926e-10	0.000231474
2.30048e-10	0.000230684
2.3017e-10	0.000229892
2.30293e-10	0.000229097
2.30415e-10	0.000228301
2.30537e-10	0.000227502
2.30659e-10	0.000226701
2.30782e-10	0.000225898
2.30904e-10	0.000225093
2.31026e-10	0.000224286
2.31148e-10	0.000223476
2.3127e-10	0.000222665
2.31393e-10	0.000221851
2.31515e-10	0.000221035
2.31637e-10	0.000220216
2.31759e-10	0.000219396
2.31882e-10	0.000218573
2.32004e-10	0.000217749
2.32126e-10	0.000216922
2.32248e-10	0.000216092
2.32371e-10	0.000215261
2.32493e-10	0.000214427
2.32615e-10	0.000213592
2.32737e-10	0.000212754
2.3286e-10	0.000211914
2.32982e-10	0.000211072
2.33104e-10	0.000210227
2.33226e-10	0.000209381
2.33348e-10	0.000208532
2.33471e-10	0.000207681
2.33593e-10	0.000206828
2.33715e-10	0.000205972
2.33837e-10	0.000205115
2.3396e-10	0.000204255
2.34082e-10	0.000203393
2.34204e-10	0.000202529
2.34326e-10	0.000201663
2.34449e-10	0.000200795
2.34571e-10	0.000199924
2.34693e-10	0.000199052
2.34815e-10	0.000198177
2.34938e-10	0.0001973
2.3506e-10	0.000196421
2.35182e-10	0.000195539
2.35304e-10	0.000194656
2.35426e-10	0.00019377
2.35549e-10	0.000192882
2.35671e-10	0.000191992
2.35793e-10	0.0001911
2.35915e-10	0.000190205
2.36038e-10	0.000189309
2.3616e-10	0.00018841
2.36282e-10	0.000187509
2.36404e-10	0.000186606
2.36527e-10	0.0001857
2.36649e-10	0.000184793
2.36771e-10	0.000183883
2.36893e-10	0.000182972
2.37016e-10	0.000182058
2.37138e-10	0.000181142
2.3726e-10	0.000180223
2.37382e-10	0.000179303
2.37504e-10	0.00017838
2.37627e-10	0.000177456
2.37749e-10	0.000176529
2.37871e-10	0.0001756
2.37993e-10	0.000174668
2.38116e-10	0.000173735
2.38238e-10	0.000172799
2.3836e-10	0.000171862
2.38482e-10	0.000170922
2.38605e-10	0.00016998
2.38727e-10	0.000169036
2.38849e-10	0.000168089
2.38971e-10	0.000167141
2.39094e-10	0.00016619
2.39216e-10	0.000165237
2.39338e-10	0.000164282
2.3946e-10	0.000163325
2.39583e-10	0.000162366
2.39705e-10	0.000161405
2.39827e-10	0.000160441
2.39949e-10	0.000159475
2.40071e-10	0.000158508
2.40194e-10	0.000157538
2.40316e-10	0.000156565
2.40438e-10	0.000155591
2.4056e-10	0.000154615
2.40683e-10	0.000153636
2.40805e-10	0.000152655
2.40927e-10	0.000151673
2.41049e-10	0.000150688
2.41172e-10	0.0001497
2.41294e-10	0.000148711
2.41416e-10	0.00014772
2.41538e-10	0.000146726
2.41661e-10	0.000145731
2.41783e-10	0.000144733
2.41905e-10	0.000143733
2.42027e-10	0.000142731
2.42149e-10	0.000141726
2.42272e-10	0.00014072
2.42394e-10	0.000139712
2.42516e-10	0.000138701
2.42638e-10	0.000137688
2.42761e-10	0.000136673
2.42883e-10	0.000135656
2.43005e-10	0.000134637
2.43127e-10	0.000133616
2.4325e-10	0.000132593
2.43372e-10	0.000131567
2.43494e-10	0.00013054
2.43616e-10	0.00012951
2.43739e-10	0.000128478
2.43861e-10	0.000127444
2.43983e-10	0.000126408
2.44105e-10	0.00012537
2.44227e-10	0.000124329
2.4435e-10	0.000123287
2.44472e-10	0.000122242
2.44594e-10	0.000121196
2.44716e-10	0.000120147
2.44839e-10	0.000119096
2.44961e-10	0.000118043
2.45083e-10	0.000116988
2.45205e-10	0.000115931
2.45328e-10	0.000114872
2.4545e-10	0.00011381
2.45572e-10	0.000112747
2.45694e-10	0.000111681
2.45817e-10	0.000110614
2.45939e-10	0.000109544
2.46061e-10	0.000108472
2.46183e-10	0.000107398
2.46305e-10	0.000106322
2.46428e-10	0.000105244
2.4655e-10	0.000104164
2.46672e-10	0.000103081
2.46794e-10	0.000101997
2.46917e-10	0.00010091
2.47039e-10	9.98217e-05
2.47161e-10	9.8731e-05
2.47283e-10	9.76383e-05
2.47406e-10	9.65435e-05
2.47528e-10	9.54466e-05
2.4765e-10	9.43476e-05
2.47772e-10	9.32465e-05
2.47895e-10	9.21434e-05
2.48017e-10	9.10382e-05
2.48139e-10	8.9931e-05
2.48261e-10	8.88216e-05
2.48383e-10	8.77102e-05
2.48506e-10	8.65968e-05
2.48628e-10	8.54812e-05
2.4875e-10	8.43636e-05
2.48872e-10	8.3244e-05
2.48995e-10	8.21223e-05
2.49117e-10	8.09985e-05
2.49239e-10	7.98727e-05
2.49361e-10	7.87448e-05
2.49484e-10	7.76149e-05
2.49606e-10	7.64829e-05
2.49728e-10	7.53488e-05
2.4985e-10	7.42128e-05
2.49973e-10	7.30746e-05
2.50095e-10	7.19345e-05
2.50217e-10	7.07922e-05
2.50339e-10	6.9648e-05
2.50462e-10	6.85017e-05
2.50584e-10	6.73534e-05
2.50706e-10	6.6203e-05
2.50828e-10	6.50506e-05
2.5095e-10	6.38962e-05
2.51073e-10	6.27397e-05
2.51195e-10	6.15812e-05
2.51317e-10	6.04207e-05
2.51439e-10	5.92581e-05
2.51562e-10	5.80936e-05
2.51684e-10	5.6927e-05
2.51806e-10	5.57584e-05
2.51928e-10	5.45877e-05
2.52051e-10	5.34151e-05
2.52173e-10	5.22404e-05
2.52295e-10	5.10638e-05
2.52417e-10	4.98851e-05
2.5254e-10	4.87044e-05
2.52662e-10	4.75217e-05
2.52784e-10	4.6337e-05
2.52906e-10	4.51504e-05
2.53028e-10	4.39617e-05
2.53151e-10	4.2771e-05
2.53273e-10	4.15783e-05
2.53395e-10	4.03836e-05
2.53517e-10	3.91869e-05
2.5364e-10	3.79883e-05
2.53762e-10	3.67876e-05
2.53884e-10	3.5585e-05
2.54006e-10	3.43804e-05
2.54129e-10	3.31738e-05
2.54251e-10	3.19652e-05
2.54373e-10	3.07546e-05
2.54495e-10	2.95421e-05
2.54618e-10	2.83276e-05
2.5474e-10	2.71111e-05
2.54862e-10	2.58927e-05
2.54984e-10	2.46722e-05
2.55106e-10	2.34499e-05
2.55229e-10	2.22255e-05
2.55351e-10	2.09992e-05
2.55473e-10	1.9771e-05
2.55595e-10	1.85408e-05
2.55718e-10	1.73086e-05
2.5584e-10	1.60745e-05
2.55962e-10	1.48384e-05
2.56084e-10	1.36004e-05
2.56207e-10	1.23604e-05
2.56329e-10	1.11185e-05
2.56451e-10	9.87471e-06
2.56573e-10	8.62894e-06
2.56696e-10	7.38123e-06
2.56818e-10	6.13158e-06
2.5694e-10	4.88001e-06
2.57062e-10	3.62651e-06
2.57184e-10	2.37109e-06
2.57307e-10	1.11374e-06
2.57429e-10	-1.45532e-07
2.57551e-10	-1.40672e-06
2.57673e-10	-2.66982e-06
2.57796e-10	-3.93484e-06
2.57918e-10	-5.20177e-06
2.5804e-10	-6.4706e-06
2.58162e-10	-7.74135e-06
2.58285e-10	-9.01399e-06
2.58407e-10	-1.02885e-05
2.58529e-10	-1.1565e-05
2.58651e-10	-1.28433e-05
2.58774e-10	-1.41236e-05
2.58896e-10	-1.54057e-05
2.59018e-10	-1.66897e-05
2.5914e-10	-1.79756e-05
2.59262e-10	-1.92634e-05
2.59385e-10	-2.05531e-05
2.59507e-10	-2.18446e-05
2.59629e-10	-2.3138e-05
2.59751e-10	-2.44333e-05
2.59874e-10	-2.57305e-05
2.59996e-10	-2.70295e-05
2.60118e-10	-2.83304e-05
2.6024e-10	-2.96331e-05
2.60363e-10	-3.09378e-05
2.60485e-10	-3.22442e-05
2.60607e-10	-3.35525e-05
2.60729e-10	-3.48627e-05
2.60852e-10	-3.61747e-05
2.60974e-10	-3.74886e-05
2.61096e-10	-3.88043e-05
2.61218e-10	-4.01219e-05
2.61341e-10	-4.14413e-05
2.61463e-10	-4.27625e-05
2.61585e-10	-4.40856e-05
2.61707e-10	-4.54105e-05
2.61829e-10	-4.67372e-05
2.61952e-10	-4.80657e-05
2.62074e-10	-4.93961e-05
2.62196e-10	-5.07282e-05
2.62318e-10	-5.20622e-05
2.62441e-10	-5.3398e-05
2.62563e-10	-5.47356e-05
2.62685e-10	-5.60751e-05
2.62807e-10	-5.74163e-05
2.6293e-10	-5.87593e-05
2.63052e-10	-6.01041e-05
2.63174e-10	-6.14507e-05
2.63296e-10	-6.27991e-05
2.63419e-10	-6.41493e-05
2.63541e-10	-6.55013e-05
2.63663e-10	-6.68551e-05
2.63785e-10	-6.82106e-05
2.63907e-10	-6.95679e-05
2.6403e-10	-7.0927e-05
2.64152e-10	-7.22879e-05
2.64274e-10	-7.36505e-05
2.64396e-10	-7.50149e-05
2.64519e-10	-7.6381e-05
2.64641e-10	-7.77489e-05
2.64763e-10	-7.91186e-05
2.64885e-10	-8.049e-05
2.65008e-10	-8.18632e-05
2.6513e-10	-8.32381e-05
2.65252e-10	-8.46147e-05
2.65374e-10	-8.59931e-05
2.65497e-10	-8.73732e-05
2.65619e-10	-8.87551e-05
2.65741e-10	-9.01387e-05
2.65863e-10	-9.1524e-05
2.65985e-10	-9.2911e-05
2.66108e-10	-9.42998e-05
2.6623e-10	-9.56902e-05
2.66352e-10	-9.70824e-05
2.66474e-10	-9.84763e-05
2.66597e-10	-9.98719e-05
2.66719e-10	-0.000101269
2.66841e-10	-0.000102668
2.66963e-10	-0.000104069
2.67086e-10	-0.000105471
2.67208e-10	-0.000106875
2.6733e-10	-0.000108281
2.67452e-10	-0.000109689
2.67575e-10	-0.000111098
2.67697e-10	-0.000112509
2.67819e-10	-0.000113921
2.67941e-10	-0.000115335
2.68063e-10	-0.000116751
2.68186e-10	-0.000118168
2.68308e-10	-0.000119588
2.6843e-10	-0.000121008
2.68552e-10	-0.000122431
2.68675e-10	-0.000123855
2.68797e-10	-0.000125281
2.68919e-10	-0.000126708
2.69041e-10	-0.000128137
2.69164e-10	-0.000129568
2.69286e-10	-0.000131
2.69408e-10	-0.000132434
2.6953e-10	-0.000133869
2.69653e-10	-0.000135306
2.69775e-10	-0.000136745
2.69897e-10	-0.000138186
2.70019e-10	-0.000139628
2.70141e-10	-0.000141071
2.70264e-10	-0.000142516
2.70386e-10	-0.000143963
2.70508e-10	-0.000145412
2.7063e-10	-0.000146862
2.70753e-10	-0.000148313
2.70875e-10	-0.000149766
2.70997e-10	-0.000151221
2.71119e-10	-0.000152677
2.71242e-10	-0.000154135
2.71364e-10	-0.000155595
2.71486e-10	-0.000157056
2.71608e-10	-0.000158518
2.71731e-10	-0.000159982
2.71853e-10	-0.000161448
2.71975e-10	-0.000162915
2.72097e-10	-0.000164384
2.7222e-10	-0.000165854
2.72342e-10	-0.000167326
2.72464e-10	-0.000168799
2.72586e-10	-0.000170274
2.72708e-10	-0.000171751
2.72831e-10	-0.000173229
2.72953e-10	-0.000174708
2.73075e-10	-0.000176189
2.73197e-10	-0.000177672
2.7332e-10	-0.000179156
2.73442e-10	-0.000180641
2.73564e-10	-0.000182128
2.73686e-10	-0.000183617
2.73809e-10	-0.000185107
2.73931e-10	-0.000186598
2.74053e-10	-0.000188091
2.74175e-10	-0.000189585
2.74298e-10	-0.000191081
2.7442e-10	-0.000192579
2.74542e-10	-0.000194077
2.74664e-10	-0.000195578
2.74786e-10	-0.000197079
2.74909e-10	-0.000198583
2.75031e-10	-0.000200087
2.75153e-10	-0.000201593
2.75275e-10	-0.000203101
2.75398e-10	-0.00020461
2.7552e-10	-0.00020612
2.75642e-10	-0.000207632
2.75764e-10	-0.000209145
2.75887e-10	-0.00021066
2.76009e-10	-0.000212176
2.76131e-10	-0.000213694
2.76253e-10	-0.000215213
2.76376e-10	-0.000216733
2.76498e-10	-0.000218255
2.7662e-10	-0.000219778
2.76742e-10	-0.000221302
2.76864e-10	-0.000222828
2.76987e-10	-0.000224355
2.77109e-10	-0.000225884
2.77231e-10	-0.000227414
2.77353e-10	-0.000228945
2.77476e-10	-0.000230478
2.77598e-10	-0.000232012
2.7772e-10	-0.000233547
2.77842e-10	-0.000235084
2.77965e-10	-0.000236622
2.78087e-10	-0.000238162
2.78209e-10	-0.000239703
2.78331e-10	-0.000241245
2.78454e-10	-0.000242788
2.78576e-10	-0.000244333
2.78698e-10	-0.000245879
2.7882e-10	-0.000247427
2.78942e-10	-0.000248975
2.79065e-10	-0.000250525
2.79187e-10	-0.000252077
2.79309e-10	-0.000253629
2.79431e-10	-0.000255183
2.79554e-10	-0.000256738
2.79676e-10	-0.000258295
2.79798e-10	-0.000259853
2.7992e-10	-0.000261412
2.80043e-10	-0.000262972
2.80165e-10	-0.000264534
2.80287e-10	-0.000266096
2.80409e-10	-0.000267661
2.80532e-10	-0.000269226
2.80654e-10	-0.000270792
2.80776e-10	-0.00027236
2.80898e-10	-0.000273929
2.8102e-10	-0.0002755
2.81143e-10	-0.000277071
2.81265e-10	-0.000278644
2.81387e-10	-0.000280218
2.81509e-10	-0.000281793
2.81632e-10	-0.000283369
2.81754e-10	-0.000284947
2.81876e-10	-0.000286526
2.81998e-10	-0.000288105
2.82121e-10	-0.000289687
2.82243e-10	-0.000291269
2.82365e-10	-0.000292852
2.82487e-10	-0.000294437
2.8261e-10	-0.000296023
2.82732e-10	-0.00029761
2.82854e-10	-0.000299198
2.82976e-10	-0.000300787
2.83099e-10	-0.000302378
2.83221e-10	-0.000303969
2.83343e-10	-0.000305562
2.83465e-10	-0.000307156
2.83587e-10	-0.000308751
2.8371e-10	-0.000310347
2.83832e-10	-0.000311944
2.83954e-10	-0.000313543
2.84076e-10	-0.000315142
2.84199e-10	-0.000316743
2.84321e-10	-0.000318344
2.84443e-10	-0.000319947
2.84565e-10	-0.000321551
2.84688e-10	-0.000323156
2.8481e-10	-0.000324762
2.84932e-10	-0.000326369
2.85054e-10	-0.000327977
2.85177e-10	-0.000329586
2.85299e-10	-0.000331196
2.85421e-10	-0.000332807
2.85543e-10	-0.00033442
2.85665e-10	-0.000336033
2.85788e-10	-0.000337647
2.8591e-10	-0.000339263
2.86032e-10	-0.000340879
2.86154e-10	-0.000342497
2.86277e-10	-0.000344115
2.86399e-10	-0.000345735
2.86521e-10	-0.000347355
2.86643e-10	-0.000348977
2.86766e-10	-0.000350599
2.86888e-10	-0.000352223
2.8701e-10	-0.000353847
2.87132e-10	-0.000355473
2.87255e-10	-0.000357099
2.87377e-10	-0.000358726
2.87499e-10	-0.000360355
2.87621e-10	-0.000361984
2.87743e-10	-0.000363614
2.87866e-10	-0.000365245
2.87988e-10	-0.000366877
2.8811e-10	-0.00036851
2.88232e-10	-0.000370144
2.88355e-10	-0.000371779
2.88477e-10	-0.000373415
2.88599e-10	-0.000375052
2.88721e-10	-0.000376689
2.88844e-10	-0.000378328
2.88966e-10	-0.000379967
2.89088e-10	-0.000381608
2.8921e-10	-0.000383249
2.89333e-10	-0.000384891
2.89455e-10	-0.000386534
2.89577e-10	-0.000388178
2.89699e-10	-0.000389822
2.89821e-10	-0.000391468
2.89944e-10	-0.000393114
2.90066e-10	-0.000394761
2.90188e-10	-0.00039641
2.9031e-10	-0.000398058
2.90433e-10	-0.000399708
2.90555e-10	-0.000401359
2.90677e-10	-0.00040301
2.90799e-10	-0.000404662
2.90922e-10	-0.000406315
2.91044e-10	-0.000407969
2.91166e-10	-0.000409623
2.91288e-10	-0.000411279
2.91411e-10	-0.000412935
2.91533e-10	-0.000414592
2.91655e-10	-0.000416249
2.91777e-10	-0.000417908
2.91899e-10	-0.000419567
2.92022e-10	-0.000421227
2.92144e-10	-0.000422888
2.92266e-10	-0.000424549
2.92388e-10	-0.000426211
2.92511e-10	-0.000427874
2.92633e-10	-0.000429538
2.92755e-10	-0.000431202
2.92877e-10	-0.000432867
2.93e-10	-0.000434533
2.93122e-10	-0.000436199
2.93244e-10	-0.000437866
2.93366e-10	-0.000439534
2.93489e-10	-0.000441203
2.93611e-10	-0.000442872
2.93733e-10	-0.000444542
2.93855e-10	-0.000446212
2.93978e-10	-0.000447883
2.941e-10	-0.000449555
2.94222e-10	-0.000451227
2.94344e-10	-0.000452901
2.94466e-10	-0.000454574
2.94589e-10	-0.000456249
2.94711e-10	-0.000457924
2.94833e-10	-0.000459599
2.94955e-10	-0.000461275
2.95078e-10	-0.000462952
2.952e-10	-0.000464629
2.95322e-10	-0.000466307
2.95444e-10	-0.000467986
2.95567e-10	-0.000469665
2.95689e-10	-0.000471345
2.95811e-10	-0.000473025
2.95933e-10	-0.000474706
2.96056e-10	-0.000476387
2.96178e-10	-0.000478069
2.963e-10	-0.000479752
2.96422e-10	-0.000481435
2.96544e-10	-0.000483118
2.96667e-10	-0.000484802
2.96789e-10	-0.000486487
2.96911e-10	-0.000488172
2.97033e-10	-0.000489857
2.97156e-10	-0.000491543
2.97278e-10	-0.00049323
2.974e-10	-0.000494917
2.97522e-10	-0.000496604
2.97645e-10	-0.000498292
2.97767e-10	-0.000499981
2.97889e-10	-0.00050167
2.98011e-10	-0.000503359
2.98134e-10	-0.000505049
2.98256e-10	-0.000506739
2.98378e-10	-0.00050843
2.985e-10	-0.000510121
2.98622e-10	-0.000511812
2.98745e-10	-0.000513504
2.98867e-10	-0.000515197
2.98989e-10	-0.000516889
2.99111e-10	-0.000518582
2.99234e-10	-0.000520276
2.99356e-10	-0.00052197
2.99478e-10	-0.000523664
2.996e-10	-0.000525359
2.99723e-10	-0.000527054
2.99845e-10	-0.000528749
2.99967e-10	-0.000530445
3.00089e-10	-0.000532141
3.00212e-10	-0.000533837
3.00334e-10	-0.000535534
3.00456e-10	-0.000537231
3.00578e-10	-0.000538928
3.007e-10	-0.000540626
3.00823e-10	-0.000542324
3.00945e-10	-0.000544022
3.01067e-10	-0.00054572
3.01189e-10	-0.000547419
3.01312e-10	-0.000549118
3.01434e-10	-0.000550817
3.01556e-10	-0.000552517
3.01678e-10	-0.000554217
3.01801e-10	-0.000555917
3.01923e-10	-0.000557617
3.02045e-10	-0.000559318
3.02167e-10	-0.000561018
3.0229e-10	-0.000562719
3.02412e-10	-0.000564421
3.02534e-10	-0.000566122
3.02656e-10	-0.000567824
3.02779e-10	-0.000569525
3.02901e-10	-0.000571227
3.03023e-10	-0.00057293
3.03145e-10	-0.000574632
3.03267e-10	-0.000576334
3.0339e-10	-0.000578037
3.03512e-10	-0.00057974
3.03634e-10	-0.000581443
3.03756e-10	-0.000583146
3.03879e-10	-0.000584849
3.04001e-10	-0.000586552
3.04123e-10	-0.000588256
3.04245e-10	-0.000589959
3.04368e-10	-0.000591663
3.0449e-10	-0.000593367
3.04612e-10	-0.000595071
3.04734e-10	-0.000596775
3.04857e-10	-0.000598479
3.04979e-10	-0.000600183
3.05101e-10	-0.000601887
3.05223e-10	-0.000603591
3.05345e-10	-0.000605295
3.05468e-10	-0.000606999
3.0559e-10	-0.000608704
3.05712e-10	-0.000610408
3.05834e-10	-0.000612112
3.05957e-10	-0.000613817
3.06079e-10	-0.000615521
3.06201e-10	-0.000617225
3.06323e-10	-0.00061893
3.06446e-10	-0.000620634
3.06568e-10	-0.000622338
3.0669e-10	-0.000624042
3.06812e-10	-0.000625747
3.06935e-10	-0.000627451
3.07057e-10	-0.000629155
3.07179e-10	-0.000630859
3.07301e-10	-0.000632563
3.07423e-10	-0.000634267
3.07546e-10	-0.000635971
3.07668e-10	-0.000637674
3.0779e-10	-0.000639378
3.07912e-10	-0.000641081
3.08035e-10	-0.000642785
3.08157e-10	-0.000644488
3.08279e-10	-0.000646191
3.08401e-10	-0.000647894
3.08524e-10	-0.000649597
3.08646e-10	-0.0006513
3.08768e-10	-0.000653002
3.0889e-10	-0.000654705
3.09013e-10	-0.000656407
3.09135e-10	-0.000658109
3.09257e-10	-0.000659811
3.09379e-10	-0.000661513
3.09501e-10	-0.000663214
3.09624e-10	-0.000664915
3.09746e-10	-0.000666616
3.09868e-10	-0.000668317
3.0999e-10	-0.000670018
3.10113e-10	-0.000671718
3.10235e-10	-0.000673418
3.10357e-10	-0.000675118
3.10479e-10	-0.000676818
3.10602e-10	-0.000678517
3.10724e-10	-0.000680216
3.10846e-10	-0.000681915
3.10968e-10	-0.000683613
3.11091e-10	-0.000685312
3.11213e-10	-0.000687009
3.11335e-10	-0.000688707
3.11457e-10	-0.000690404
3.11579e-10	-0.000692101
3.11702e-10	-0.000693798
3.11824e-10	-0.000695494
3.11946e-10	-0.00069719
3.12068e-10	-0.000698885
3.12191e-10	-0.00070058
3.12313e-10	-0.000702275
3.12435e-10	-0.000703969
3.12557e-10	-0.000705663
3.1268e-10	-0.000707357
3.12802e-10	-0.00070905
3.12924e-10	-0.000710743
3.13046e-10	-0.000712435
3.13169e-10	-0.000714127
3.13291e-10	-0.000715819
3.13413e-10	-0.00071751
3.13535e-10	-0.0007192
3.13658e-10	-0.00072089
3.1378e-10	-0.00072258
3.13902e-10	-0.000724269
3.14024e-10	-0.000725958
3.14146e-10	-0.000727646
3.14269e-10	-0.000729334
3.14391e-10	-0.000731021
3.14513e-10	-0.000732708
3.14635e-10	-0.000734394
3.14758e-10	-0.00073608
3.1488e-10	-0.000737765
3.15002e-10	-0.000739449
3.15124e-10	-0.000741133
3.15247e-10	-0.000742817
3.15369e-10	-0.0007445
3.15491e-10	-0.000746182
3.15613e-10	-0.000747864
3.15736e-10	-0.000749545
3.15858e-10	-0.000751225
3.1598e-10	-0.000752905
3.16102e-10	-0.000754584
3.16224e-10	-0.000756263
3.16347e-10	-0.000757941
3.16469e-10	-0.000759619
3.16591e-10	-0.000761295
3.16713e-10	-0.000762971
3.16836e-10	-0.000764647
3.16958e-10	-0.000766321
3.1708e-10	-0.000767996
3.17202e-10	-0.000769669
3.17325e-10	-0.000771342
3.17447e-10	-0.000773014
3.17569e-10	-0.000774685
3.17691e-10	-0.000776355
3.17814e-10	-0.000778025
3.17936e-10	-0.000779694
3.18058e-10	-0.000781363
3.1818e-10	-0.00078303
3.18302e-10	-0.000784697
3.18425e-10	-0.000786363
3.18547e-10	-0.000788028
3.18669e-10	-0.000789693
3.18791e-10	-0.000791356
3.18914e-10	-0.000793019
3.19036e-10	-0.000794681
3.19158e-10	-0.000796343
3.1928e-10	-0.000798003
3.19403e-10	-0.000799663
3.19525e-10	-0.000801321
3.19647e-10	-0.000802979
3.19769e-10	-0.000804636
3.19892e-10	-0.000806293
3.20014e-10	-0.000807948
3.20136e-10	-0.000809602
3.20258e-10	-0.000811256
3.2038e-10	-0.000812908
3.20503e-10	-0.00081456
3.20625e-10	-0.000816211
3.20747e-10	-0.000817861
3.20869e-10	-0.00081951
3.20992e-10	-0.000821158
3.21114e-10	-0.000822805
3.21236e-10	-0.000824451
3.21358e-10	-0.000826096
3.21481e-10	-0.00082774
3.21603e-10	-0.000829383
3.21725e-10	-0.000831026
3.21847e-10	-0.000832667
3.2197e-10	-0.000834307
3.22092e-10	-0.000835946
3.22214e-10	-0.000837584
3.22336e-10	-0.000839221
3.22458e-10	-0.000840857
3.22581e-10	-0.000842492
3.22703e-10	-0.000844126
3.22825e-10	-0.000845759
3.22947e-10	-0.000847391
3.2307e-10	-0.000849022
3.23192e-10	-0.000850651
3.23314e-10	-0.00085228
3.23436e-10	-0.000853907
3.23559e-10	-0.000855534
3.23681e-10	-0.000857159
3.23803e-10	-0.000858783
3.23925e-10	-0.000860406
3.24048e-10	-0.000862027
3.2417e-10	-0.000863648
3.24292e-10	-0.000865267
3.24414e-10	-0.000866886
3.24537e-10	-0.000868503
3.24659e-10	-0.000870119
3.24781e-10	-0.000871733
3.24903e-10	-0.000873347
3.25025e-10	-0.000874959
3.25148e-10	-0.00087657
3.2527e-10	-0.00087818
3.25392e-10	-0.000879788
3.25514e-10	-0.000881395
3.25637e-10	-0.000883001
3.25759e-10	-0.000884606
3.25881e-10	-0.00088621
3.26003e-10	-0.000887812
3.26126e-10	-0.000889413
3.26248e-10	-0.000891012
3.2637e-10	-0.00089261
3.26492e-10	-0.000894207
3.26615e-10	-0.000895803
3.26737e-10	-0.000897397
3.26859e-10	-0.00089899
3.26981e-10	-0.000900582
3.27103e-10	-0.000902172
3.27226e-10	-0.000903761
3.27348e-10	-0.000905348
3.2747e-10	-0.000906934
3.27592e-10	-0.000908519
3.27715e-10	-0.000910102
3.27837e-10	-0.000911684
3.27959e-10	-0.000913264
3.28081e-10	-0.000914843
3.28204e-10	-0.000916421
3.28326e-10	-0.000917997
3.28448e-10	-0.000919571
3.2857e-10	-0.000921145
3.28693e-10	-0.000922716
3.28815e-10	-0.000924286
3.28937e-10	-0.000925855
3.29059e-10	-0.000927422
3.29181e-10	-0.000928988
3.29304e-10	-0.000930552
3.29426e-10	-0.000932115
3.29548e-10	-0.000933676
3.2967e-10	-0.000935235
3.29793e-10	-0.000936793
3.29915e-10	-0.000938349
3.30037e-10	-0.000939904
3.30159e-10	-0.000941458
3.30282e-10	-0.000943009
3.30404e-10	-0.000944559
3.30526e-10	-0.000946108
3.30648e-10	-0.000947654
3.30771e-10	-0.0009492
3.30893e-10	-0.000950743
3.31015e-10	-0.000952285
3.31137e-10	-0.000953825
3.31259e-10	-0.000955364
3.31382e-10	-0.000956901
3.31504e-10	-0.000958436
3.31626e-10	-0.000959969
3.31748e-10	-0.000961501
3.31871e-10	-0.000963031
3.31993e-10	-0.00096456
3.32115e-10	-0.000966087
3.32237e-10	-0.000967611
3.3236e-10	-0.000969135
3.32482e-10	-0.000970656
3.32604e-10	-0.000972176
3.32726e-10	-0.000973694
3.32849e-10	-0.00097521
3.32971e-10	-0.000976724
3.33093e-10	-0.000978237
3.33215e-10	-0.000979748
3.33337e-10	-0.000981256
3.3346e-10	-0.000982764
3.33582e-10	-0.000984269
3.33704e-10	-0.000985772
3.33826e-10	-0.000987274
3.33949e-10	-0.000988774
3.34071e-10	-0.000990271
3.34193e-10	-0.000991767
3.34315e-10	-0.000993262
3.34438e-10	-0.000994754
3.3456e-10	-0.000996244
3.34682e-10	-0.000997732
3.34804e-10	-0.000999219
3.34927e-10	-0.0010007
3.35049e-10	-0.00100219
3.35171e-10	-0.00100367
3.35293e-10	-0.00100515
3.35416e-10	-0.00100662
3.35538e-10	-0.0010081
3.3566e-10	-0.00100957
3.35782e-10	-0.00101104
3.35904e-10	-0.00101251
3.36027e-10	-0.00101398
3.36149e-10	-0.00101544
3.36271e-10	-0.0010169
3.36393e-10	-0.00101836
3.36516e-10	-0.00101982
3.36638e-10	-0.00102128
3.3676e-10	-0.00102273
3.36882e-10	-0.00102419
3.37005e-10	-0.00102564
3.37127e-10	-0.00102708
3.37249e-10	-0.00102853
3.37371e-10	-0.00102997
3.37494e-10	-0.00103142
3.37616e-10	-0.00103286
3.37738e-10	-0.00103429
3.3786e-10	-0.00103573
3.37982e-10	-0.00103716
3.38105e-10	-0.00103859
3.38227e-10	-0.00104002
3.38349e-10	-0.00104145
3.38471e-10	-0.00104287
3.38594e-10	-0.0010443
3.38716e-10	-0.00104572
3.38838e-10	-0.00104713
3.3896e-10	-0.00104855
3.39083e-10	-0.00104996
3.39205e-10	-0.00105137
3.39327e-10	-0.00105278
3.39449e-10	-0.00105419
3.39572e-10	-0.00105559
3.39694e-10	-0.001057
3.39816e-10	-0.0010584
3.39938e-10	-0.00105979
3.4006e-10	-0.00106119
3.40183e-10	-0.00106258
3.40305e-10	-0.00106397
3.40427e-10	-0.00106536
3.40549e-10	-0.00106675
3.40672e-10	-0.00106813
3.40794e-10	-0.00106951
3.40916e-10	-0.00107089
3.41038e-10	-0.00107227
3.41161e-10	-0.00107364
3.41283e-10	-0.00107501
3.41405e-10	-0.00107638
3.41527e-10	-0.00107775
3.4165e-10	-0.00107911
3.41772e-10	-0.00108047
3.41894e-10	-0.00108183
3.42016e-10	-0.00108319
3.42138e-10	-0.00108454
3.42261e-10	-0.0010859
3.42383e-10	-0.00108724
3.42505e-10	-0.00108859
3.42627e-10	-0.00108994
3.4275e-10	-0.00109128
3.42872e-10	-0.00109262
3.42994e-10	-0.00109395
3.43116e-10	-0.00109529
3.43239e-10	-0.00109662
3.43361e-10	-0.00109795
3.43483e-10	-0.00109928
3.43605e-10	-0.0011006
3.43728e-10	-0.00110192
3.4385e-10	-0.00110324
3.43972e-10	-0.00110456
3.44094e-10	-0.00110587
3.44216e-10	-0.00110718
3.44339e-10	-0.00110849
3.44461e-10	-0.0011098
3.44583e-10	-0.0011111
3.44705e-10	-0.0011124
3.44828e-10	-0.0011137
3.4495e-10	-0.00111499
3.45072e-10	-0.00111628
3.45194e-10	-0.00111757
3.45317e-10	-0.00111886
3.45439e-10	-0.00112014
3.45561e-10	-0.00112143
3.45683e-10	-0.0011227
3.45806e-10	-0.00112398
3.45928e-10	-0.00112525
3.4605e-10	-0.00112652
3.46172e-10	-0.00112779
3.46295e-10	-0.00112906
3.46417e-10	-0.00113032
3.46539e-10	-0.00113158
3.46661e-10	-0.00113283
3.46783e-10	-0.00113409
3.46906e-10	-0.00113534
3.47028e-10	-0.00113659
3.4715e-10	-0.00113783
3.47272e-10	-0.00113907
3.47395e-10	-0.00114031
3.47517e-10	-0.00114155
3.47639e-10	-0.00114278
3.47761e-10	-0.00114401
3.47884e-10	-0.00114524
3.48006e-10	-0.00114647
3.48128e-10	-0.00114769
3.4825e-10	-0.00114891
3.48373e-10	-0.00115012
3.48495e-10	-0.00115134
3.48617e-10	-0.00115255
3.48739e-10	-0.00115375
3.48861e-10	-0.00115496
3.48984e-10	-0.00115616
3.49106e-10	-0.00115736
3.49228e-10	-0.00115855
3.4935e-10	-0.00115974
3.49473e-10	-0.00116093
3.49595e-10	-0.00116212
3.49717e-10	-0.0011633
3.49839e-10	-0.00116448
3.49962e-10	-0.00116566
3.50084e-10	-0.00116683
3.50206e-10	-0.001168
3.50328e-10	-0.00116917
3.50451e-10	-0.00117034
3.50573e-10	-0.0011715
3.50695e-10	-0.00117266
3.50817e-10	-0.00117381
3.50939e-10	-0.00117496
3.51062e-10	-0.00117611
3.51184e-10	-0.00117726
3.51306e-10	-0.0011784
3.51428e-10	-0.00117954
3.51551e-10	-0.00118067
3.51673e-10	-0.00118181
3.51795e-10	-0.00118294
3.51917e-10	-0.00118406
3.5204e-10	-0.00118519
3.52162e-10	-0.00118631
3.52284e-10	-0.00118742
3.52406e-10	-0.00118854
3.52529e-10	-0.00118965
3.52651e-10	-0.00119075
3.52773e-10	-0.00119186
3.52895e-10	-0.00119296
3.53017e-10	-0.00119406
3.5314e-10	-0.00119515
3.53262e-10	-0.00119624
3.53384e-10	-0.00119733
3.53506e-10	-0.00119841
3.53629e-10	-0.00119949
3.53751e-10	-0.00120057
3.53873e-10	-0.00120164
3.53995e-10	-0.00120271
3.54118e-10	-0.00120378
3.5424e-10	-0.00120484
3.54362e-10	-0.0012059
3.54484e-10	-0.00120696
3.54607e-10	-0.00120801
3.54729e-10	-0.00120906
3.54851e-10	-0.00121011
3.54973e-10	-0.00121115
3.55095e-10	-0.00121219
3.55218e-10	-0.00121323
3.5534e-10	-0.00121426
3.55462e-10	-0.00121529
3.55584e-10	-0.00121632
3.55707e-10	-0.00121734
3.55829e-10	-0.00121836
3.55951e-10	-0.00121937
3.56073e-10	-0.00122038
3.56196e-10	-0.00122139
3.56318e-10	-0.0012224
3.5644e-10	-0.0012234
3.56562e-10	-0.00122439
3.56685e-10	-0.00122539
3.56807e-10	-0.00122638
3.56929e-10	-0.00122736
3.57051e-10	-0.00122835
3.57174e-10	-0.00122933
3.57296e-10	-0.0012303
3.57418e-10	-0.00123127
3.5754e-10	-0.00123224
3.57662e-10	-0.00123321
3.57785e-10	-0.00123417
3.57907e-10	-0.00123512
3.58029e-10	-0.00123608
3.58151e-10	-0.00123703
3.58274e-10	-0.00123797
3.58396e-10	-0.00123892
3.58518e-10	-0.00123986
3.5864e-10	-0.00124079
3.58763e-10	-0.00124172
3.58885e-10	-0.00124265
3.59007e-10	-0.00124357
3.59129e-10	-0.00124449
3.59252e-10	-0.00124541
3.59374e-10	-0.00124632
3.59496e-10	-0.00124723
3.59618e-10	-0.00124814
3.5974e-10	-0.00124904
3.59863e-10	-0.00124993
3.59985e-10	-0.00125083
3.60107e-10	-0.00125172
3.60229e-10	-0.0012526
3.60352e-10	-0.00125349
3.60474e-10	-0.00125436
3.60596e-10	-0.00125524
3.60718e-10	-0.00125611
3.60841e-10	-0.00125697
3.60963e-10	-0.00125784
3.61085e-10	-0.00125869
3.61207e-10	-0.00125955
3.6133e-10	-0.0012604
3.61452e-10	-0.00126125
3.61574e-10	-0.00126209
3.61696e-10	-0.00126293
3.61818e-10	-0.00126376
3.61941e-10	-0.00126459
3.62063e-10	-0.00126542
3.62185e-10	-0.00126624
3.62307e-10	-0.00126706
3.6243e-10	-0.00126788
3.62552e-10	-0.00126869
3.62674e-10	-0.00126949
3.62796e-10	-0.0012703
3.62919e-10	-0.0012711
3.63041e-10	-0.00127189
3.63163e-10	-0.00127268
3.63285e-10	-0.00127347
3.63408e-10	-0.00127425
3.6353e-10	-0.00127503
3.63652e-10	-0.0012758
3.63774e-10	-0.00127657
3.63896e-10	-0.00127734
3.64019e-10	-0.0012781
3.64141e-10	-0.00127886
3.64263e-10	-0.00127961
3.64385e-10	-0.00128036
3.64508e-10	-0.0012811
3.6463e-10	-0.00128185
3.64752e-10	-0.00128258
3.64874e-10	-0.00128331
3.64997e-10	-0.00128404
3.65119e-10	-0.00128477
3.65241e-10	-0.00128549
3.65363e-10	-0.0012862
3.65486e-10	-0.00128691
3.65608e-10	-0.00128762
3.6573e-10	-0.00128832
3.65852e-10	-0.00128902
3.65974e-10	-0.00128972
3.66097e-10	-0.00129041
3.66219e-10	-0.00129109
3.66341e-10	-0.00129177
3.66463e-10	-0.00129245
3.66586e-10	-0.00129312
3.66708e-10	-0.00129379
3.6683e-10	-0.00129446
3.66952e-10	-0.00129512
3.67075e-10	-0.00129577
3.67197e-10	-0.00129642
3.67319e-10	-0.00129707
3.67441e-10	-0.00129771
3.67564e-10	-0.00129835
3.67686e-10	-0.00129898
3.67808e-10	-0.00129961
3.6793e-10	-0.00130024
3.68053e-10	-0.00130086
3.68175e-10	-0.00130147
3.68297e-10	-0.00130208
3.68419e-10	-0.00130269
3.68541e-10	-0.00130329
3.68664e-10	-0.00130389
3.68786e-10	-0.00130448
3.68908e-10	-0.00130507
3.6903e-10	-0.00130566
3.69153e-10	-0.00130623
3.69275e-10	-0.00130681
3.69397e-10	-0.00130738
3.69519e-10	-0.00130795
3.69642e-10	-0.00130851
3.69764e-10	-0.00130907
3.69886e-10	-0.00130962
3.70008e-10	-0.00131017
3.70131e-10	-0.00131071
3.70253e-10	-0.00131125
3.70375e-10	-0.00131178
3.70497e-10	-0.00131231
3.70619e-10	-0.00131284
3.70742e-10	-0.00131336
3.70864e-10	-0.00131387
3.70986e-10	-0.00131438
3.71108e-10	-0.00131489
3.71231e-10	-0.00131539
3.71353e-10	-0.00131589
3.71475e-10	-0.00131638
3.71597e-10	-0.00131687
3.7172e-10	-0.00131735
3.71842e-10	-0.00131783
3.71964e-10	-0.0013183
3.72086e-10	-0.00131877
3.72209e-10	-0.00131923
3.72331e-10	-0.00131969
3.72453e-10	-0.00132015
3.72575e-10	-0.0013206
3.72697e-10	-0.00132104
3.7282e-10	-0.00132148
3.72942e-10	-0.00132192
3.73064e-10	-0.00132235
3.73186e-10	-0.00132277
3.73309e-10	-0.0013232
3.73431e-10	-0.00132361
3.73553e-10	-0.00132402
3.73675e-10	-0.00132443
3.73798e-10	-0.00132483
3.7392e-10	-0.00132523
3.74042e-10	-0.00132562
3.74164e-10	-0.00132601
3.74287e-10	-0.00132639
3.74409e-10	-0.00132677
3.74531e-10	-0.00132714
3.74653e-10	-0.0013275
3.74775e-10	-0.00132787
3.74898e-10	-0.00132822
3.7502e-10	-0.00132858
3.75142e-10	-0.00132892
3.75264e-10	-0.00132927
3.75387e-10	-0.00132961
3.75509e-10	-0.00132994
3.75631e-10	-0.00133027
3.75753e-10	-0.00133059
3.75876e-10	-0.00133091
3.75998e-10	-0.00133122
3.7612e-10	-0.00133153
3.76242e-10	-0.00133183
3.76365e-10	-0.00133213
3.76487e-10	-0.00133242
3.76609e-10	-0.00133271
3.76731e-10	-0.00133299
3.76853e-10	-0.00133327
3.76976e-10	-0.00133354
3.77098e-10	-0.00133381
3.7722e-10	-0.00133407
3.77342e-10	-0.00133433
3.77465e-10	-0.00133458
3.77587e-10	-0.00133483
3.77709e-10	-0.00133507
3.77831e-10	-0.0013353
3.77954e-10	-0.00133554
3.78076e-10	-0.00133576
3.78198e-10	-0.00133598
3.7832e-10	-0.0013362
3.78443e-10	-0.00133641
3.78565e-10	-0.00133662
3.78687e-10	-0.00133682
3.78809e-10	-0.00133701
3.78932e-10	-0.0013372
3.79054e-10	-0.00133739
3.79176e-10	-0.00133757
3.79298e-10	-0.00133774
3.7942e-10	-0.00133791
3.79543e-10	-0.00133807
3.79665e-10	-0.00133823
3.79787e-10	-0.00133839
3.79909e-10	-0.00133853
3.80032e-10	-0.00133868
3.80154e-10	-0.00133882
3.80276e-10	-0.00133895
3.80398e-10	-0.00133907
3.80521e-10	-0.0013392
3.80643e-10	-0.00133931
3.80765e-10	-0.00133942
3.80887e-10	-0.00133953
3.8101e-10	-0.00133963
3.81132e-10	-0.00133972
3.81254e-10	-0.00133981
3.81376e-10	-0.0013399
3.81498e-10	-0.00133998
3.81621e-10	-0.00134005
3.81743e-10	-0.00134012
3.81865e-10	-0.00134018
3.81987e-10	-0.00134024
3.8211e-10	-0.00134029
3.82232e-10	-0.00134034
3.82354e-10	-0.00134038
3.82476e-10	-0.00134041
3.82599e-10	-0.00134045
3.82721e-10	-0.00134047
3.82843e-10	-0.00134049
3.82965e-10	-0.0013405
3.83088e-10	-0.00134051
3.8321e-10	-0.00134051
3.83332e-10	-0.00134051
3.83454e-10	-0.0013405
3.83576e-10	-0.00134049
3.83699e-10	-0.00134047
3.83821e-10	-0.00134045
3.83943e-10	-0.00134042
3.84065e-10	-0.00134038
3.84188e-10	-0.00134034
3.8431e-10	-0.00134029
3.84432e-10	-0.00134024
3.84554e-10	-0.00134018
3.84677e-10	-0.00134012
3.84799e-10	-0.00134005
3.84921e-10	-0.00133997
3.85043e-10	-0.00133989
3.85166e-10	-0.00133981
3.85288e-10	-0.00133971
3.8541e-10	-0.00133962
3.85532e-10	-0.00133951
3.85654e-10	-0.00133941
3.85777e-10	-0.00133929
3.85899e-10	-0.00133917
3.86021e-10	-0.00133905
3.86143e-10	-0.00133892
3.86266e-10	-0.00133878
3.86388e-10	-0.00133864
3.8651e-10	-0.00133849
3.86632e-10	-0.00133833
3.86755e-10	-0.00133817
3.86877e-10	-0.00133801
3.86999e-10	-0.00133784
3.87121e-10	-0.00133766
3.87244e-10	-0.00133748
3.87366e-10	-0.00133729
3.87488e-10	-0.0013371
3.8761e-10	-0.0013369
3.87733e-10	-0.00133669
3.87855e-10	-0.00133648
3.87977e-10	-0.00133626
3.88099e-10	-0.00133604
3.88221e-10	-0.00133581
3.88344e-10	-0.00133557
3.88466e-10	-0.00133533
3.88588e-10	-0.00133509
3.8871e-10	-0.00133484
3.88833e-10	-0.00133458
3.88955e-10	-0.00133431
3.89077e-10	-0.00133405
3.89199e-10	-0.00133377
3.89322e-10	-0.00133349
3.89444e-10	-0.0013332
3.89566e-10	-0.00133291
3.89688e-10	-0.00133261
3.89811e-10	-0.0013323
3.89933e-10	-0.00133199
3.90055e-10	-0.00133168
3.90177e-10	-0.00133135
3.90299e-10	-0.00133103
3.90422e-10	-0.00133069
3.90544e-10	-0.00133035
3.90666e-10	-0.00133001
3.90788e-10	-0.00132965
3.90911e-10	-0.00132929
3.91033e-10	-0.00132893
3.91155e-10	-0.00132856
3.91277e-10	-0.00132818
3.914e-10	-0.0013278
3.91522e-10	-0.00132741
3.91644e-10	-0.00132702
3.91766e-10	-0.00132662
3.91889e-10	-0.00132621
3.92011e-10	-0.0013258
3.92133e-10	-0.00132538
3.92255e-10	-0.00132496
3.92377e-10	-0.00132453
3.925e-10	-0.00132409
3.92622e-10	-0.00132365
3.92744e-10	-0.0013232
3.92866e-10	-0.00132275
3.92989e-10	-0.00132229
3.93111e-10	-0.00132182
3.93233e-10	-0.00132135
3.93355e-10	-0.00132087
3.93478e-10	-0.00132038
3.936e-10	-0.00131989
3.93722e-10	-0.0013194
3.93844e-10	-0.00131889
3.93967e-10	-0.00131838
3.94089e-10	-0.00131787
3.94211e-10	-0.00131735
3.94333e-10	-0.00131682
3.94455e-10	-0.00131629
3.94578e-10	-0.00131575
3.947e-10	-0.0013152
3.94822e-10	-0.00131465
3.94944e-10	-0.00131409
3.95067e-10	-0.00131352
3.95189e-10	-0.00131295
3.95311e-10	-0.00131238
3.95433e-10	-0.00131179
3.95556e-10	-0.0013112
3.95678e-10	-0.00131061
3.958e-10	-0.00131
3.95922e-10	-0.0013094
3.96045e-10	-0.00130878
3.96167e-10	-0.00130816
3.96289e-10	-0.00130753
3.96411e-10	-0.0013069
3.96533e-10	-0.00130626
3.96656e-10	-0.00130562
3.96778e-10	-0.00130496
3.969e-10	-0.00130431
3.97022e-10	-0.00130364
3.97145e-10	-0.00130297
3.97267e-10	-0.00130229
3.97389e-10	-0.00130161
3.97511e-10	-0.00130092
3.97634e-10	-0.00130022
3.97756e-10	-0.00129952
3.97878e-10	-0.00129881
3.98e-10	-0.0012981
3.98123e-10	-0.00129738
3.98245e-10	-0.00129665
3.98367e-10	-0.00129591
3.98489e-10	-0.00129517
3.98612e-10	-0.00129443
3.98734e-10	-0.00129367
3.98856e-10	-0.00129291
3.98978e-10	-0.00129215
3.991e-10	-0.00129138
3.99223e-10	-0.0012906
3.99345e-10	-0.00128981
3.99467e-10	-0.00128902
3.99589e-10	-0.00128822
3.99712e-10	-0.00128742
3.99834e-10	-0.00128661
3.99956e-10	-0.00128579
4.00078e-10	-0.00128497
4.00201e-10	-0.00128414
4.00323e-10	-0.0012833
4.00445e-10	-0.00128246
4.00567e-10	-0.00128161
4.0069e-10	-0.00128075
4.00812e-10	-0.00127989
4.00934e-10	-0.00127902
4.01056e-10	-0.00127814
4.01178e-10	-0.00127726
4.01301e-10	-0.00127637
4.01423e-10	-0.00127548
4.01545e-10	-0.00127458
4.01667e-10	-0.00127367
4.0179e-10	-0.00127276
4.01912e-10	-0.00127184
4.02034e-10	-0.00127091
4.02156e-10	-0.00126997
4.02279e-10	-0.00126903
4.02401e-10	-0.00126809
4.02523e-10	-0.00126713
4.02645e-10	-0.00126617
4.02768e-10	-0.00126521
4.0289e-10	-0.00126423
4.03012e-10	-0.00126325
4.03134e-10	-0.00126227
4.03256e-10	-0.00126127
4.03379e-10	-0.00126027
4.03501e-10	-0.00125927
4.03623e-10	-0.00125826
4.03745e-10	-0.00125724
4.03868e-10	-0.00125621
4.0399e-10	-0.00125518
4.04112e-10	-0.00125414
4.04234e-10	-0.00125309
4.04357e-10	-0.00125204
4.04479e-10	-0.00125098
4.04601e-10	-0.00124992
4.04723e-10	-0.00124884
4.04846e-10	-0.00124777
4.04968e-10	-0.00124668
4.0509e-10	-0.00124559
4.05212e-10	-0.00124449
4.05334e-10	-0.00124338
4.05457e-10	-0.00124227
4.05579e-10	-0.00124115
4.05701e-10	-0.00124003
4.05823e-10	-0.00123889
4.05946e-10	-0.00123776
4.06068e-10	-0.00123661
4.0619e-10	-0.00123546
4.06312e-10	-0.0012343
4.06435e-10	-0.00123313
4.06557e-10	-0.00123196
4.06679e-10	-0.00123078
4.06801e-10	-0.0012296
4.06924e-10	-0.0012284
4.07046e-10	-0.0012272
4.07168e-10	-0.001226
4.0729e-10	-0.00122479
4.07412e-10	-0.00122357
4.07535e-10	-0.00122234
4.07657e-10	-0.00122111
4.07779e-10	-0.00121987
4.07901e-10	-0.00121862
4.08024e-10	-0.00121737
4.08146e-10	-0.00121611
4.08268e-10	-0.00121484
4.0839e-10	-0.00121357
4.08513e-10	-0.00121229
4.08635e-10	-0.001211
4.08757e-10	-0.00120971
4.08879e-10	-0.00120841
4.09002e-10	-0.0012071
4.09124e-10	-0.00120578
4.09246e-10	-0.00120446
4.09368e-10	-0.00120313
4.09491e-10	-0.0012018
4.09613e-10	-0.00120046
4.09735e-10	-0.00119911
4.09857e-10	-0.00119775
4.09979e-10	-0.00119639
4.10102e-10	-0.00119502
4.10224e-10	-0.00119365
4.10346e-10	-0.00119227
4.10468e-10	-0.00119088
4.10591e-10	-0.00118948
4.10713e-10	-0.00118808
4.10835e-10	-0.00118667
4.10957e-10	-0.00118525
4.1108e-10	-0.00118383
4.11202e-10	-0.0011824
4.11324e-10	-0.00118096
4.11446e-10	-0.00117951
4.11569e-10	-0.00117806
4.11691e-10	-0.00117661
4.11813e-10	-0.00117514
4.11935e-10	-0.00117367
4.12057e-10	-0.00117219
4.1218e-10	-0.0011707
4.12302e-10	-0.00116921
4.12424e-10	-0.00116771
4.12546e-10	-0.00116621
4.12669e-10	-0.00116469
4.12791e-10	-0.00116317
4.12913e-10	-0.00116165
4.13035e-10	-0.00116011
4.13158e-10	-0.00115857
4.1328e-10	-0.00115702
4.13402e-10	-0.00115547
4.13524e-10	-0.00115391
4.13647e-10	-0.00115234
4.13769e-10	-0.00115076
4.13891e-10	-0.00114918
4.14013e-10	-0.00114759
4.14135e-10	-0.00114599
4.14258e-10	-0.00114439
4.1438e-10	-0.00114278
4.14502e-10	-0.00114116
4.14624e-10	-0.00113954
4.14747e-10	-0.00113791
4.14869e-10	-0.00113627
4.14991e-10	-0.00113462
4.15113e-10	-0.00113297
4.15236e-10	-0.00113131
4.15358e-10	-0.00112965
4.1548e-10	-0.00112797
4.15602e-10	-0.00112629
4.15725e-10	-0.00112461
4.15847e-10	-0.00112291
4.15969e-10	-0.00112121
4.16091e-10	-0.0011195
4.16213e-10	-0.00111779
4.16336e-10	-0.00111607
4.16458e-10	-0.00111434
4.1658e-10	-0.0011126
4.16702e-10	-0.00111086
4.16825e-10	-0.00110911
4.16947e-10	-0.00110735
4.17069e-10	-0.00110559
4.17191e-10	-0.00110381
4.17314e-10	-0.00110204
4.17436e-10	-0.00110025
4.17558e-10	-0.00109846
4.1768e-10	-0.00109666
4.17803e-10	-0.00109485
4.17925e-10	-0.00109304
4.18047e-10	-0.00109122
4.18169e-10	-0.00108939
4.18291e-10	-0.00108756
4.18414e-10	-0.00108572
4.18536e-10	-0.00108387
4.18658e-10	-0.00108201
4.1878e-10	-0.00108015
4.18903e-10	-0.00107828
4.19025e-10	-0.0010764
4.19147e-10	-0.00107452
4.19269e-10	-0.00107263
4.19392e-10	-0.00107073
4.19514e-10	-0.00106882
4.19636e-10	-0.00106691
4.19758e-10	-0.00106499
4.19881e-10	-0.00106307
4.20003e-10	-0.00106113
4.20125e-10	-0.00105919
4.20247e-10	-0.00105725
4.2037e-10	-0.00105529
4.20492e-10	-0.00105333
4.20614e-10	-0.00105136
4.20736e-10	-0.00104938
4.20858e-10	-0.0010474
4.20981e-10	-0.00104541
4.21103e-10	-0.00104341
4.21225e-10	-0.00104141
4.21347e-10	-0.0010394
4.2147e-10	-0.00103738
4.21592e-10	-0.00103535
4.21714e-10	-0.00103332
4.21836e-10	-0.00103128
4.21959e-10	-0.00102924
4.22081e-10	-0.00102718
4.22203e-10	-0.00102512
4.22325e-10	-0.00102305
4.22448e-10	-0.00102098
4.2257e-10	-0.00101889
4.22692e-10	-0.00101681
4.22814e-10	-0.00101471
4.22936e-10	-0.00101261
4.23059e-10	-0.00101049
4.23181e-10	-0.00100838
4.23303e-10	-0.00100625
4.23425e-10	-0.00100412
4.23548e-10	-0.00100198
4.2367e-10	-0.000999834
4.23792e-10	-0.00099768
4.23914e-10	-0.000995519
4.24037e-10	-0.000993352
4.24159e-10	-0.000991177
4.24281e-10	-0.000988995
4.24403e-10	-0.000986806
4.24526e-10	-0.000984609
4.24648e-10	-0.000982406
4.2477e-10	-0.000980195
4.24892e-10	-0.000977978
4.25014e-10	-0.000975753
4.25137e-10	-0.000973521
4.25259e-10	-0.000971282
4.25381e-10	-0.000969036
4.25503e-10	-0.000966782
4.25626e-10	-0.000964522
4.25748e-10	-0.000962254
4.2587e-10	-0.00095998
4.25992e-10	-0.000957698
4.26115e-10	-0.000955409
4.26237e-10	-0.000953112
4.26359e-10	-0.000950809
4.26481e-10	-0.000948499
4.26604e-10	-0.000946181
4.26726e-10	-0.000943857
4.26848e-10	-0.000941525
4.2697e-10	-0.000939186
4.27092e-10	-0.00093684
4.27215e-10	-0.000934486
4.27337e-10	-0.000932126
4.27459e-10	-0.000929758
4.27581e-10	-0.000927384
4.27704e-10	-0.000925002
4.27826e-10	-0.000922613
4.27948e-10	-0.000920217
4.2807e-10	-0.000917814
4.28193e-10	-0.000915403
4.28315e-10	-0.000912986
4.28437e-10	-0.000910561
4.28559e-10	-0.000908129
4.28682e-10	-0.00090569
4.28804e-10	-0.000903244
4.28926e-10	-0.000900791
4.29048e-10	-0.00089833
4.2917e-10	-0.000895863
4.29293e-10	-0.000893388
4.29415e-10	-0.000890906
4.29537e-10	-0.000888417
4.29659e-10	-0.000885921
4.29782e-10	-0.000883418
4.29904e-10	-0.000880908
4.30026e-10	-0.00087839
4.30148e-10	-0.000875866
4.30271e-10	-0.000873334
4.30393e-10	-0.000870795
4.30515e-10	-0.000868249
4.30637e-10	-0.000865696
4.3076e-10	-0.000863135
4.30882e-10	-0.000860568
4.31004e-10	-0.000857993
4.31126e-10	-0.000855412
4.31249e-10	-0.000852823
4.31371e-10	-0.000850227
4.31493e-10	-0.000847624
4.31615e-10	-0.000845013
4.31737e-10	-0.000842396
4.3186e-10	-0.000839771
4.31982e-10	-0.00083714
4.32104e-10	-0.000834501
4.32226e-10	-0.000831855
4.32349e-10	-0.000829202
4.32471e-10	-0.000826542
4.32593e-10	-0.000823875
4.32715e-10	-0.0008212
4.32838e-10	-0.000818519
4.3296e-10	-0.00081583
4.33082e-10	-0.000813134
4.33204e-10	-0.000810431
4.33327e-10	-0.000807722
4.33449e-10	-0.000805004
4.33571e-10	-0.00080228
4.33693e-10	-0.000799549
4.33815e-10	-0.00079681
4.33938e-10	-0.000794065
4.3406e-10	-0.000791312
4.34182e-10	-0.000788552
4.34304e-10	-0.000785786
4.34427e-10	-0.000783012
4.34549e-10	-0.000780231
4.34671e-10	-0.000777442
4.34793e-10	-0.000774647
4.34916e-10	-0.000771845
4.35038e-10	-0.000769035
4.3516e-10	-0.000766219
4.35282e-10	-0.000763395
4.35405e-10	-0.000760564
4.35527e-10	-0.000757727
4.35649e-10	-0.000754882
4.35771e-10	-0.00075203
4.35893e-10	-0.000749171
4.36016e-10	-0.000746304
4.36138e-10	-0.000743431
4.3626e-10	-0.000740551
4.36382e-10	-0.000737664
4.36505e-10	-0.000734769
4.36627e-10	-0.000731868
4.36749e-10	-0.000728959
4.36871e-10	-0.000726043
4.36994e-10	-0.000723121
4.37116e-10	-0.000720191
4.37238e-10	-0.000717254
4.3736e-10	-0.00071431
4.37483e-10	-0.000711359
4.37605e-10	-0.000708401
4.37727e-10	-0.000705436
4.37849e-10	-0.000702464
4.37971e-10	-0.000699485
4.38094e-10	-0.000696499
4.38216e-10	-0.000693505
4.38338e-10	-0.000690505
4.3846e-10	-0.000687498
4.38583e-10	-0.000684483
4.38705e-10	-0.000681462
4.38827e-10	-0.000678434
4.38949e-10	-0.000675398
4.39072e-10	-0.000672356
4.39194e-10	-0.000669306
4.39316e-10	-0.00066625
4.39438e-10	-0.000663186
4.39561e-10	-0.000660116
4.39683e-10	-0.000657038
4.39805e-10	-0.000653954
4.39927e-10	-0.000650863
4.40049e-10	-0.000647764
4.40172e-10	-0.000644659
4.40294e-10	-0.000641546
4.40416e-10	-0.000638427
4.40538e-10	-0.0006353
4.40661e-10	-0.000632167
4.40783e-10	-0.000629026
4.40905e-10	-0.000625879
4.41027e-10	-0.000622725
4.4115e-10	-0.000619563
4.41272e-10	-0.000616395
4.41394e-10	-0.00061322
4.41516e-10	-0.000610037
4.41639e-10	-0.000606848
4.41761e-10	-0.000603652
4.41883e-10	-0.000600449
4.42005e-10	-0.000597239
4.42128e-10	-0.000594022
4.4225e-10	-0.000590798
4.42372e-10	-0.000587567
4.42494e-10	-0.00058433
4.42616e-10	-0.000581085
4.42739e-10	-0.000577833
4.42861e-10	-0.000574575
4.42983e-10	-0.00057131
4.43105e-10	-0.000568037
4.43228e-10	-0.000564758
4.4335e-10	-0.000561472
4.43472e-10	-0.000558179
4.43594e-10	-0.000554879
4.43717e-10	-0.000551572
4.43839e-10	-0.000548258
4.43961e-10	-0.000544938
4.44083e-10	-0.00054161
4.44206e-10	-0.000538276
4.44328e-10	-0.000534935
4.4445e-10	-0.000531587
4.44572e-10	-0.000528232
4.44694e-10	-0.00052487
4.44817e-10	-0.000521501
4.44939e-10	-0.000518126
4.45061e-10	-0.000514743
4.45183e-10	-0.000511354
4.45306e-10	-0.000507958
4.45428e-10	-0.000504555
4.4555e-10	-0.000501146
4.45672e-10	-0.000497729
4.45795e-10	-0.000494306
4.45917e-10	-0.000490876
4.46039e-10	-0.000487439
4.46161e-10	-0.000483995
4.46284e-10	-0.000480545
4.46406e-10	-0.000477087
4.46528e-10	-0.000473623
4.4665e-10	-0.000470152
4.46772e-10	-0.000466675
4.46895e-10	-0.00046319
4.47017e-10	-0.000459699
4.47139e-10	-0.000456201
4.47261e-10	-0.000452696
4.47384e-10	-0.000449185
4.47506e-10	-0.000445667
4.47628e-10	-0.000442142
4.4775e-10	-0.00043861
4.47873e-10	-0.000435071
4.47995e-10	-0.000431526
4.48117e-10	-0.000427974
4.48239e-10	-0.000424416
4.48362e-10	-0.000420851
4.48484e-10	-0.000417279
4.48606e-10	-0.0004137
4.48728e-10	-0.000410114
4.4885e-10	-0.000406522
4.48973e-10	-0.000402924
4.49095e-10	-0.000399318
4.49217e-10	-0.000395706
4.49339e-10	-0.000392087
4.49462e-10	-0.000388462
4.49584e-10	-0.00038483
4.49706e-10	-0.000381191
4.49828e-10	-0.000377546
4.49951e-10	-0.000373894
4.50073e-10	-0.000370235
4.50195e-10	-0.00036657
4.50317e-10	-0.000362898
4.5044e-10	-0.000359219
4.50562e-10	-0.000355534
4.50684e-10	-0.000351842
4.50806e-10	-0.000348144
4.50928e-10	-0.000344439
4.51051e-10	-0.000340728
4.51173e-10	-0.00033701
4.51295e-10	-0.000333285
4.51417e-10	-0.000329554
4.5154e-10	-0.000325816
4.51662e-10	-0.000322072
4.51784e-10	-0.000318321
4.51906e-10	-0.000314564
4.52029e-10	-0.0003108
4.52151e-10	-0.000307029
4.52273e-10	-0.000303252
4.52395e-10	-0.000299469
4.52518e-10	-0.000295679
4.5264e-10	-0.000291882
4.52762e-10	-0.00028808
4.52884e-10	-0.00028427
4.53007e-10	-0.000280454
4.53129e-10	-0.000276632
4.53251e-10	-0.000272803
4.53373e-10	-0.000268968
4.53495e-10	-0.000265126
4.53618e-10	-0.000261278
4.5374e-10	-0.000257423
4.53862e-10	-0.000253562
4.53984e-10	-0.000249694
4.54107e-10	-0.00024582
4.54229e-10	-0.00024194
4.54351e-10	-0.000238053
4.54473e-10	-0.00023416
4.54596e-10	-0.000230261
4.54718e-10	-0.000226355
4.5484e-10	-0.000222443
4.54962e-10	-0.000218524
4.55085e-10	-0.000214599
4.55207e-10	-0.000210668
4.55329e-10	-0.00020673
4.55451e-10	-0.000202786
4.55573e-10	-0.000198836
4.55696e-10	-0.000194879
4.55818e-10	-0.000190916
4.5594e-10	-0.000186947
4.56062e-10	-0.000182971
4.56185e-10	-0.000178989
4.56307e-10	-0.000175001
4.56429e-10	-0.000171007
4.56551e-10	-0.000167006
4.56674e-10	-0.000162999
4.56796e-10	-0.000158986
4.56918e-10	-0.000154967
4.5704e-10	-0.000150941
4.57163e-10	-0.000146909
4.57285e-10	-0.000142871
4.57407e-10	-0.000138827
4.57529e-10	-0.000134776
4.57651e-10	-0.000130719
4.57774e-10	-0.000126657
4.57896e-10	-0.000122587
4.58018e-10	-0.000118512
4.5814e-10	-0.000114431
4.58263e-10	-0.000110343
4.58385e-10	-0.00010625
4.58507e-10	-0.00010215
4.58629e-10	-9.80437e-05
4.58752e-10	-9.39316e-05
4.58874e-10	-8.98134e-05
4.58996e-10	-8.56891e-05
4.59118e-10	-8.15587e-05
4.59241e-10	-7.74223e-05
4.59363e-10	-7.32797e-05
4.59485e-10	-6.91311e-05
4.59607e-10	-6.49764e-05
4.59729e-10	-6.08157e-05
4.59852e-10	-5.66489e-05
4.59974e-10	-5.24761e-05
4.60096e-10	-4.82973e-05
4.60218e-10	-4.41125e-05
4.60341e-10	-3.99216e-05
4.60463e-10	-3.57248e-05
4.60585e-10	-3.1522e-05
4.60707e-10	-2.73132e-05
4.6083e-10	-2.30984e-05
4.60952e-10	-1.88777e-05
4.61074e-10	-1.4651e-05
4.61196e-10	-1.04184e-05
4.61319e-10	-6.17982e-06
4.61441e-10	-1.93535e-06
4.61563e-10	2.31504e-06
4.61685e-10	6.57133e-06
4.61808e-10	1.08335e-05
4.6193e-10	1.51016e-05
4.62052e-10	1.93755e-05
4.62174e-10	2.36553e-05
4.62296e-10	2.7941e-05
4.62419e-10	3.22325e-05
4.62541e-10	3.65299e-05
4.62663e-10	4.08331e-05
4.62785e-10	4.5142e-05
4.62908e-10	4.94568e-05
4.6303e-10	5.37775e-05
4.63152e-10	5.81038e-05
4.63274e-10	6.2436e-05
4.63397e-10	6.67739e-05
4.63519e-10	7.11176e-05
4.63641e-10	7.54671e-05
4.63763e-10	7.98223e-05
4.63886e-10	8.41832e-05
4.64008e-10	8.85498e-05
4.6413e-10	9.29221e-05
4.64252e-10	9.73002e-05
4.64374e-10	0.000101684
4.64497e-10	0.000106073
4.64619e-10	0.000110468
4.64741e-10	0.000114869
4.64863e-10	0.000119275
4.64986e-10	0.000123687
4.65108e-10	0.000128105
4.6523e-10	0.000132528
4.65352e-10	0.000136957
4.65475e-10	0.000141392
4.65597e-10	0.000145832
4.65719e-10	0.000150277
4.65841e-10	0.000154728
4.65964e-10	0.000159185
4.66086e-10	0.000163647
4.66208e-10	0.000168115
4.6633e-10	0.000172588
4.66452e-10	0.000177067
4.66575e-10	0.000181551
4.66697e-10	0.000186041
4.66819e-10	0.000190537
4.66941e-10	0.000195037
4.67064e-10	0.000199543
4.67186e-10	0.000204055
4.67308e-10	0.000208572
4.6743e-10	0.000213095
4.67553e-10	0.000217622
4.67675e-10	0.000222156
4.67797e-10	0.000226694
4.67919e-10	0.000231238
4.68042e-10	0.000235788
4.68164e-10	0.000240343
4.68286e-10	0.000244903
4.68408e-10	0.000249468
4.6853e-10	0.000254039
4.68653e-10	0.000258615
4.68775e-10	0.000263196
4.68897e-10	0.000267783
4.69019e-10	0.000272375
4.69142e-10	0.000276972
4.69264e-10	0.000281574
4.69386e-10	0.000286182
4.69508e-10	0.000290795
4.69631e-10	0.000295413
4.69753e-10	0.000300036
4.69875e-10	0.000304665
4.69997e-10	0.000309298
4.7012e-10	0.000313937
4.70242e-10	0.000318581
4.70364e-10	0.00032323
4.70486e-10	0.000327884
4.70608e-10	0.000332544
4.70731e-10	0.000337208
4.70853e-10	0.000341878
4.70975e-10	0.000346552
4.71097e-10	0.000351232
4.7122e-10	0.000355917
4.71342e-10	0.000360606
4.71464e-10	0.000365301
4.71586e-10	0.000370001
4.71709e-10	0.000374706
4.71831e-10	0.000379416
4.71953e-10	0.00038413
4.72075e-10	0.00038885
4.72198e-10	0.000393575
4.7232e-10	0.000398305
4.72442e-10	0.000403039
4.72564e-10	0.000407779
4.72687e-10	0.000412523
4.72809e-10	0.000417272
4.72931e-10	0.000422027
4.73053e-10	0.000426786
4.73175e-10	0.00043155
4.73298e-10	0.000436318
4.7342e-10	0.000441092
4.73542e-10	0.00044587
4.73664e-10	0.000450653
4.73787e-10	0.000455441
4.73909e-10	0.000460234
4.74031e-10	0.000465032
4.74153e-10	0.000469834
4.74276e-10	0.000474641
4.74398e-10	0.000479452
4.7452e-10	0.000484269
4.74642e-10	0.00048909
4.74765e-10	0.000493916
4.74887e-10	0.000498746
4.75009e-10	0.000503581
4.75131e-10	0.000508421
4.75253e-10	0.000513265
4.75376e-10	0.000518114
4.75498e-10	0.000522968
4.7562e-10	0.000527826
4.75742e-10	0.000532689
4.75865e-10	0.000537556
4.75987e-10	0.000542428
4.76109e-10	0.000547304
4.76231e-10	0.000552185
4.76354e-10	0.00055707
4.76476e-10	0.00056196
4.76598e-10	0.000566855
4.7672e-10	0.000571753
4.76843e-10	0.000576657
4.76965e-10	0.000581564
4.77087e-10	0.000586477
4.77209e-10	0.000591393
4.77331e-10	0.000596314
4.77454e-10	0.000601239
4.77576e-10	0.000606169
4.77698e-10	0.000611103
4.7782e-10	0.000616041
4.77943e-10	0.000620984
4.78065e-10	0.000625931
4.78187e-10	0.000630882
4.78309e-10	0.000635837
4.78432e-10	0.000640797
4.78554e-10	0.000645761
4.78676e-10	0.000650729
4.78798e-10	0.000655702
4.78921e-10	0.000660678
4.79043e-10	0.000665659
4.79165e-10	0.000670644
4.79287e-10	0.000675633
4.79409e-10	0.000680626
4.79532e-10	0.000685624
4.79654e-10	0.000690625
4.79776e-10	0.000695631
4.79898e-10	0.000700641
4.80021e-10	0.000705655
4.80143e-10	0.000710672
4.80265e-10	0.000715694
4.80387e-10	0.00072072
4.8051e-10	0.00072575
4.80632e-10	0.000730784
4.80754e-10	0.000735822
4.80876e-10	0.000740863
4.80999e-10	0.000745909
4.81121e-10	0.000750959
4.81243e-10	0.000756013
4.81365e-10	0.00076107
4.81487e-10	0.000766131
4.8161e-10	0.000771197
4.81732e-10	0.000776266
4.81854e-10	0.000781339
4.81976e-10	0.000786415
4.82099e-10	0.000791496
4.82221e-10	0.00079658
4.82343e-10	0.000801668
4.82465e-10	0.00080676
4.82588e-10	0.000811856
4.8271e-10	0.000816955
4.82832e-10	0.000822058
4.82954e-10	0.000827165
4.83077e-10	0.000832275
4.83199e-10	0.00083739
4.83321e-10	0.000842507
4.83443e-10	0.000847629
4.83566e-10	0.000852754
4.83688e-10	0.000857882
4.8381e-10	0.000863014
4.83932e-10	0.00086815
4.84054e-10	0.000873289
4.84177e-10	0.000878432
4.84299e-10	0.000883578
4.84421e-10	0.000888728
4.84543e-10	0.000893882
4.84666e-10	0.000899038
4.84788e-10	0.000904199
4.8491e-10	0.000909362
4.85032e-10	0.000914529
4.85155e-10	0.0009197
4.85277e-10	0.000924874
4.85399e-10	0.000930051
4.85521e-10	0.000935231
4.85644e-10	0.000940415
4.85766e-10	0.000945603
4.85888e-10	0.000950793
4.8601e-10	0.000955987
4.86132e-10	0.000961184
4.86255e-10	0.000966384
4.86377e-10	0.000971588
4.86499e-10	0.000976795
4.86621e-10	0.000982005
4.86744e-10	0.000987218
4.86866e-10	0.000992434
4.86988e-10	0.000997653
4.8711e-10	0.00100288
4.87233e-10	0.0010081
4.87355e-10	0.00101333
4.87477e-10	0.00101856
4.87599e-10	0.0010238
4.87722e-10	0.00102904
4.87844e-10	0.00103428
4.87966e-10	0.00103952
4.88088e-10	0.00104477
4.8821e-10	0.00105002
4.88333e-10	0.00105527
4.88455e-10	0.00106053
4.88577e-10	0.00106578
4.88699e-10	0.00107105
4.88822e-10	0.00107631
4.88944e-10	0.00108158
4.89066e-10	0.00108685
4.89188e-10	0.00109212
4.89311e-10	0.0010974
4.89433e-10	0.00110268
4.89555e-10	0.00110796
4.89677e-10	0.00111324
4.898e-10	0.00111853
4.89922e-10	0.00112382
4.90044e-10	0.00112911
4.90166e-10	0.00113441
4.90288e-10	0.0011397
4.90411e-10	0.001145
4.90533e-10	0.00115031
4.90655e-10	0.00115561
4.90777e-10	0.00116092
4.909e-10	0.00116623
4.91022e-10	0.00117155
4.91144e-10	0.00117686
4.91266e-10	0.00118218
4.91389e-10	0.0011875
4.91511e-10	0.00119283
4.91633e-10	0.00119815
4.91755e-10	0.00120348
4.91878e-10	0.00120881
4.92e-10	0.00121414
4.92122e-10	0.00121948
4.92244e-10	0.00122482
4.92366e-10	0.00123016
4.92489e-10	0.0012355
4.92611e-10	0.00124085
4.92733e-10	0.00124619
4.92855e-10	0.00125154
4.92978e-10	0.00125689
4.931e-10	0.00126225
4.93222e-10	0.0012676
4.93344e-10	0.00127296
4.93467e-10	0.00127832
4.93589e-10	0.00128369
4.93711e-10	0.00128905
4.93833e-10	0.00129442
4.93956e-10	0.00129979
4.94078e-10	0.00130516
4.942e-10	0.00131053
4.94322e-10	0.00131591
4.94445e-10	0.00132129
4.94567e-10	0.00132667
4.94689e-10	0.00133205
4.94811e-10	0.00133743
4.94933e-10	0.00134282
4.95056e-10	0.0013482
4.95178e-10	0.00135359
4.953e-10	0.00135898
4.95422e-10	0.00136438
4.95545e-10	0.00136977
4.95667e-10	0.00137517
4.95789e-10	0.00138057
4.95911e-10	0.00138597
4.96034e-10	0.00139137
4.96156e-10	0.00139677
4.96278e-10	0.00140218
4.964e-10	0.00140759
4.96523e-10	0.001413
4.96645e-10	0.00141841
4.96767e-10	0.00142382
4.96889e-10	0.00142923
4.97011e-10	0.00143465
4.97134e-10	0.00144007
4.97256e-10	0.00144549
4.97378e-10	0.00145091
4.975e-10	0.00145633
4.97623e-10	0.00146175
4.97745e-10	0.00146718
4.97867e-10	0.0014726
4.97989e-10	0.00147803
4.98112e-10	0.00148346
4.98234e-10	0.00148889
4.98356e-10	0.00149432
4.98478e-10	0.00149976
4.98601e-10	0.00150519
4.98723e-10	0.00151063
4.98845e-10	0.00151607
4.98967e-10	0.0015215
4.99089e-10	0.00152694
4.99212e-10	0.00153239
4.99334e-10	0.00153783
4.99456e-10	0.00154327
4.99578e-10	0.00154872
4.99701e-10	0.00155416
4.99823e-10	0.00155961
4.99945e-10	0.00156506
5.00067e-10	0.00157051
5.0019e-10	0.00157596
5.00312e-10	0.00158141
5.00434e-10	0.00158686
5.00556e-10	0.00159232
5.00679e-10	0.00159777
5.00801e-10	0.00160323
5.00923e-10	0.00160868
5.01045e-10	0.00161414
5.01167e-10	0.0016196
5.0129e-10	0.00162506
5.01412e-10	0.00163052
5.01534e-10	0.00163598
5.01656e-10	0.00164144
5.01779e-10	0.00164691
5.01901e-10	0.00165237
5.02023e-10	0.00165783
5.02145e-10	0.0016633
5.02268e-10	0.00166876
5.0239e-10	0.00167423
5.02512e-10	0.0016797
5.02634e-10	0.00168517
5.02757e-10	0.00169064
5.02879e-10	0.0016961
5.03001e-10	0.00170157
5.03123e-10	0.00170704
5.03245e-10	0.00171252
5.03368e-10	0.00171799
5.0349e-10	0.00172346
5.03612e-10	0.00172893
5.03734e-10	0.0017344
5.03857e-10	0.00173988
5.03979e-10	0.00174535
5.04101e-10	0.00175083
5.04223e-10	0.0017563
5.04346e-10	0.00176177
5.04468e-10	0.00176725
5.0459e-10	0.00177273
5.04712e-10	0.0017782
5.04835e-10	0.00178368
5.04957e-10	0.00178915
5.05079e-10	0.00179463
5.05201e-10	0.00180011
5.05324e-10	0.00180558
5.05446e-10	0.00181106
5.05568e-10	0.00181654
5.0569e-10	0.00182202
5.05812e-10	0.00182749
5.05935e-10	0.00183297
5.06057e-10	0.00183845
5.06179e-10	0.00184393
5.06301e-10	0.0018494
5.06424e-10	0.00185488
5.06546e-10	0.00186036
5.06668e-10	0.00186584
5.0679e-10	0.00187131
5.06913e-10	0.00187679
5.07035e-10	0.00188227
5.07157e-10	0.00188774
5.07279e-10	0.00189322
5.07402e-10	0.0018987
5.07524e-10	0.00190417
5.07646e-10	0.00190965
5.07768e-10	0.00191513
5.0789e-10	0.0019206
5.08013e-10	0.00192608
5.08135e-10	0.00193155
5.08257e-10	0.00193703
5.08379e-10	0.0019425
5.08502e-10	0.00194797
5.08624e-10	0.00195345
5.08746e-10	0.00195892
5.08868e-10	0.00196439
5.08991e-10	0.00196986
5.09113e-10	0.00197533
5.09235e-10	0.00198081
5.09357e-10	0.00198628
5.0948e-10	0.00199175
5.09602e-10	0.00199721
5.09724e-10	0.00200268
5.09846e-10	0.00200815
5.09968e-10	0.00201362
5.10091e-10	0.00201908
5.10213e-10	0.00202455
5.10335e-10	0.00203001
5.10457e-10	0.00203548
5.1058e-10	0.00204094
5.10702e-10	0.0020464
5.10824e-10	0.00205186
5.10946e-10	0.00205733
5.11069e-10	0.00206279
5.11191e-10	0.00206824
5.11313e-10	0.0020737
5.11435e-10	0.00207916
5.11558e-10	0.00208461
5.1168e-10	0.00209007
5.11802e-10	0.00209552
5.11924e-10	0.00210098
5.12046e-10	0.00210643
5.12169e-10	0.00211188
5.12291e-10	0.00211733
5.12413e-10	0.00212278
5.12535e-10	0.00212822
5.12658e-10	0.00213367
5.1278e-10	0.00213911
5.12902e-10	0.00214456
5.13024e-10	0.00215
5.13147e-10	0.00215544
5.13269e-10	0.00216088
5.13391e-10	0.00216632
5.13513e-10	0.00217175
5.13636e-10	0.00217719
5.13758e-10	0.00218262
5.1388e-10	0.00218806
5.14002e-10	0.00219349
5.14124e-10	0.00219892
5.14247e-10	0.00220434
5.14369e-10	0.00220977
5.14491e-10	0.0022152
5.14613e-10	0.00222062
5.14736e-10	0.00222604
5.14858e-10	0.00223146
5.1498e-10	0.00223688
5.15102e-10	0.0022423
5.15225e-10	0.00224771
5.15347e-10	0.00225312
5.15469e-10	0.00225854
5.15591e-10	0.00226395
5.15714e-10	0.00226935
5.15836e-10	0.00227476
5.15958e-10	0.00228016
5.1608e-10	0.00228557
5.16203e-10	0.00229097
5.16325e-10	0.00229636
5.16447e-10	0.00230176
5.16569e-10	0.00230715
5.16691e-10	0.00231255
5.16814e-10	0.00231794
5.16936e-10	0.00232333
5.17058e-10	0.00232871
5.1718e-10	0.0023341
5.17303e-10	0.00233948
5.17425e-10	0.00234486
5.17547e-10	0.00235024
5.17669e-10	0.00235561
5.17792e-10	0.00236098
5.17914e-10	0.00236635
5.18036e-10	0.00237172
5.18158e-10	0.00237709
5.18281e-10	0.00238245
5.18403e-10	0.00238782
5.18525e-10	0.00239317
5.18647e-10	0.00239853
5.18769e-10	0.00240389
5.18892e-10	0.00240924
5.19014e-10	0.00241459
5.19136e-10	0.00241993
5.19258e-10	0.00242528
5.19381e-10	0.00243062
5.19503e-10	0.00243596
5.19625e-10	0.0024413
5.19747e-10	0.00244663
5.1987e-10	0.00245196
5.19992e-10	0.00245729
5.20114e-10	0.00246262
5.20236e-10	0.00246794
5.20359e-10	0.00247326
5.20481e-10	0.00247858
5.20603e-10	0.00248389
5.20725e-10	0.0024892
5.20847e-10	0.00249451
5.2097e-10	0.00249982
5.21092e-10	0.00250512
5.21214e-10	0.00251042
5.21336e-10	0.00251572
5.21459e-10	0.00252101
5.21581e-10	0.0025263
5.21703e-10	0.00253159
5.21825e-10	0.00253688
5.21948e-10	0.00254216
5.2207e-10	0.00254744
5.22192e-10	0.00255272
5.22314e-10	0.00255799
5.22437e-10	0.00256326
5.22559e-10	0.00256852
5.22681e-10	0.00257379
5.22803e-10	0.00257905
5.22925e-10	0.0025843
5.23048e-10	0.00258955
5.2317e-10	0.0025948
5.23292e-10	0.00260005
5.23414e-10	0.00260529
5.23537e-10	0.00261053
5.23659e-10	0.00261577
5.23781e-10	0.002621
5.23903e-10	0.00262623
5.24026e-10	0.00263146
5.24148e-10	0.00263668
5.2427e-10	0.0026419
5.24392e-10	0.00264711
5.24515e-10	0.00265232
5.24637e-10	0.00265753
5.24759e-10	0.00266273
5.24881e-10	0.00266793
5.25003e-10	0.00267313
5.25126e-10	0.00267832
5.25248e-10	0.00268351
5.2537e-10	0.00268869
5.25492e-10	0.00269387
5.25615e-10	0.00269905
5.25737e-10	0.00270422
5.25859e-10	0.00270939
5.25981e-10	0.00271456
5.26104e-10	0.00271972
5.26226e-10	0.00272488
5.26348e-10	0.00273003
5.2647e-10	0.00273518
5.26593e-10	0.00274032
5.26715e-10	0.00274546
5.26837e-10	0.0027506
5.26959e-10	0.00275573
5.27082e-10	0.00276086
5.27204e-10	0.00276598
5.27326e-10	0.0027711
5.27448e-10	0.00277622
5.2757e-10	0.00278133
5.27693e-10	0.00278644
5.27815e-10	0.00279154
5.27937e-10	0.00279664
5.28059e-10	0.00280173
5.28182e-10	0.00280682
5.28304e-10	0.00281191
5.28426e-10	0.00281699
5.28548e-10	0.00282206
5.28671e-10	0.00282713
5.28793e-10	0.0028322
5.28915e-10	0.00283726
5.29037e-10	0.00284232
5.2916e-10	0.00284737
5.29282e-10	0.00285242
5.29404e-10	0.00285746
5.29526e-10	0.0028625
5.29648e-10	0.00286753
5.29771e-10	0.00287256
5.29893e-10	0.00287759
5.30015e-10	0.00288261
5.30137e-10	0.00288762
5.3026e-10	0.00289263
5.30382e-10	0.00289764
5.30504e-10	0.00290263
5.30626e-10	0.00290763
5.30749e-10	0.00291262
5.30871e-10	0.0029176
5.30993e-10	0.00292258
5.31115e-10	0.00292756
5.31238e-10	0.00293253
5.3136e-10	0.00293749
5.31482e-10	0.00294245
5.31604e-10	0.0029474
5.31726e-10	0.00295235
5.31849e-10	0.0029573
5.31971e-10	0.00296223
5.32093e-10	0.00296717
5.32215e-10	0.00297209
5.32338e-10	0.00297702
5.3246e-10	0.00298193
5.32582e-10	0.00298684
5.32704e-10	0.00299175
5.32827e-10	0.00299665
5.32949e-10	0.00300154
5.33071e-10	0.00300643
5.33193e-10	0.00301132
5.33316e-10	0.0030162
5.33438e-10	0.00302107
5.3356e-10	0.00302594
5.33682e-10	0.0030308
5.33804e-10	0.00303565
5.33927e-10	0.0030405
5.34049e-10	0.00304535
5.34171e-10	0.00305018
5.34293e-10	0.00305502
5.34416e-10	0.00305984
5.34538e-10	0.00306466
5.3466e-10	0.00306948
5.34782e-10	0.00307429
5.34905e-10	0.00307909
5.35027e-10	0.00308389
5.35149e-10	0.00308868
5.35271e-10	0.00309346
5.35394e-10	0.00309824
5.35516e-10	0.00310302
5.35638e-10	0.00310778
5.3576e-10	0.00311254
5.35882e-10	0.0031173
5.36005e-10	0.00312205
5.36127e-10	0.00312679
5.36249e-10	0.00313153
5.36371e-10	0.00313625
5.36494e-10	0.00314098
5.36616e-10	0.0031457
5.36738e-10	0.00315041
5.3686e-10	0.00315511
5.36983e-10	0.00315981
5.37105e-10	0.0031645
5.37227e-10	0.00316918
5.37349e-10	0.00317386
5.37472e-10	0.00317853
5.37594e-10	0.0031832
5.37716e-10	0.00318786
5.37838e-10	0.00319251
5.37961e-10	0.00319716
5.38083e-10	0.0032018
5.38205e-10	0.00320643
5.38327e-10	0.00321105
5.38449e-10	0.00321567
5.38572e-10	0.00322028
5.38694e-10	0.00322489
5.38816e-10	0.00322949
5.38938e-10	0.00323408
5.39061e-10	0.00323866
5.39183e-10	0.00324324
5.39305e-10	0.00324781
5.39427e-10	0.00325238
5.3955e-10	0.00325693
5.39672e-10	0.00326148
5.39794e-10	0.00326603
5.39916e-10	0.00327056
5.40039e-10	0.00327509
5.40161e-10	0.00327961
5.40283e-10	0.00328413
5.40405e-10	0.00328863
5.40527e-10	0.00329313
5.4065e-10	0.00329763
5.40772e-10	0.00330211
5.40894e-10	0.00330659
5.41016e-10	0.00331106
5.41139e-10	0.00331552
5.41261e-10	0.00331998
5.41383e-10	0.00332443
5.41505e-10	0.00332887
5.41628e-10	0.0033333
5.4175e-10	0.00333773
5.41872e-10	0.00334215
5.41994e-10	0.00334656
5.42117e-10	0.00335096
5.42239e-10	0.00335536
5.42361e-10	0.00335975
5.42483e-10	0.00336413
5.42605e-10	0.0033685
5.42728e-10	0.00337286
5.4285e-10	0.00337722
5.42972e-10	0.00338157
5.43094e-10	0.00338591
5.43217e-10	0.00339025
5.43339e-10	0.00339457
5.43461e-10	0.00339889
5.43583e-10	0.0034032
5.43706e-10	0.0034075
5.43828e-10	0.0034118
5.4395e-10	0.00341609
5.44072e-10	0.00342036
5.44195e-10	0.00342463
5.44317e-10	0.0034289
5.44439e-10	0.00343315
5.44561e-10	0.0034374
5.44683e-10	0.00344163
5.44806e-10	0.00344586
5.44928e-10	0.00345008
5.4505e-10	0.0034543
5.45172e-10	0.0034585
5.45295e-10	0.0034627
5.45417e-10	0.00346689
5.45539e-10	0.00347107
5.45661e-10	0.00347524
5.45784e-10	0.0034794
5.45906e-10	0.00348356
5.46028e-10	0.0034877
5.4615e-10	0.00349184
5.46273e-10	0.00349597
5.46395e-10	0.00350009
5.46517e-10	0.0035042
5.46639e-10	0.0035083
5.46762e-10	0.0035124
5.46884e-10	0.00351648
5.47006e-10	0.00352056
5.47128e-10	0.00352463
5.4725e-10	0.00352869
5.47373e-10	0.00353274
5.47495e-10	0.00353678
5.47617e-10	0.00354082
5.47739e-10	0.00354484
5.47862e-10	0.00354885
5.47984e-10	0.00355286
5.48106e-10	0.00355686
5.48228e-10	0.00356085
5.48351e-10	0.00356483
5.48473e-10	0.0035688
5.48595e-10	0.00357276
5.48717e-10	0.00357671
5.4884e-10	0.00358065
5.48962e-10	0.00358459
5.49084e-10	0.00358851
5.49206e-10	0.00359243
5.49328e-10	0.00359633
5.49451e-10	0.00360023
5.49573e-10	0.00360412
5.49695e-10	0.003608
5.49817e-10	0.00361187
5.4994e-10	0.00361573
5.50062e-10	0.00361958
5.50184e-10	0.00362342
5.50306e-10	0.00362725
5.50429e-10	0.00363107
5.50551e-10	0.00363488
5.50673e-10	0.00363869
5.50795e-10	0.00364248
5.50918e-10	0.00364626
5.5104e-10	0.00365004
5.51162e-10	0.0036538
5.51284e-10	0.00365755
5.51406e-10	0.0036613
5.51529e-10	0.00366503
5.51651e-10	0.00366876
5.51773e-10	0.00367248
5.51895e-10	0.00367618
5.52018e-10	0.00367988
5.5214e-10	0.00368356
5.52262e-10	0.00368724
5.52384e-10	0.00369091
5.52507e-10	0.00369456
5.52629e-10	0.00369821
5.52751e-10	0.00370184
5.52873e-10	0.00370547
5.52996e-10	0.00370909
5.53118e-10	0.00371269
5.5324e-10	0.00371629
5.53362e-10	0.00371987
5.53484e-10	0.00372345
5.53607e-10	0.00372701
5.53729e-10	0.00373057
5.53851e-10	0.00373411
5.53973e-10	0.00373765
5.54096e-10	0.00374117
5.54218e-10	0.00374468
5.5434e-10	0.00374819
5.54462e-10	0.00375168
5.54585e-10	0.00375516
5.54707e-10	0.00375863
5.54829e-10	0.00376209
5.54951e-10	0.00376554
5.55074e-10	0.00376898
5.55196e-10	0.00377241
5.55318e-10	0.00377583
5.5544e-10	0.00377924
5.55562e-10	0.00378264
5.55685e-10	0.00378603
5.55807e-10	0.0037894
5.55929e-10	0.00379277
5.56051e-10	0.00379612
5.56174e-10	0.00379947
5.56296e-10	0.0038028
5.56418e-10	0.00380612
5.5654e-10	0.00380943
5.56663e-10	0.00381273
5.56785e-10	0.00381602
5.56907e-10	0.0038193
5.57029e-10	0.00382257
5.57152e-10	0.00382582
5.57274e-10	0.00382907
5.57396e-10	0.0038323
5.57518e-10	0.00383552
5.57641e-10	0.00383874
5.57763e-10	0.00384194
5.57885e-10	0.00384513
5.58007e-10	0.0038483
5.58129e-10	0.00385147
5.58252e-10	0.00385463
5.58374e-10	0.00385777
5.58496e-10	0.0038609
5.58618e-10	0.00386403
5.58741e-10	0.00386714
5.58863e-10	0.00387023
5.58985e-10	0.00387332
5.59107e-10	0.0038764
5.5923e-10	0.00387946
5.59352e-10	0.00388251
5.59474e-10	0.00388556
5.59596e-10	0.00388859
5.59719e-10	0.0038916
5.59841e-10	0.00389461
5.59963e-10	0.0038976
5.60085e-10	0.00390059
5.60207e-10	0.00390356
5.6033e-10	0.00390652
5.60452e-10	0.00390947
5.60574e-10	0.0039124
5.60696e-10	0.00391533
5.60819e-10	0.00391824
5.60941e-10	0.00392114
5.61063e-10	0.00392403
5.61185e-10	0.0039269
5.61308e-10	0.00392977
5.6143e-10	0.00393262
5.61552e-10	0.00393546
5.61674e-10	0.00393829
5.61797e-10	0.0039411
5.61919e-10	0.00394391
5.62041e-10	0.0039467
5.62163e-10	0.00394948
5.62285e-10	0.00395225
5.62408e-10	0.003955
5.6253e-10	0.00395775
5.62652e-10	0.00396048
5.62774e-10	0.00396319
5.62897e-10	0.0039659
5.63019e-10	0.00396859
5.63141e-10	0.00397128
5.63263e-10	0.00397394
5.63386e-10	0.0039766
5.63508e-10	0.00397925
5.6363e-10	0.00398188
5.63752e-10	0.0039845
5.63875e-10	0.0039871
5.63997e-10	0.0039897
5.64119e-10	0.00399228
5.64241e-10	0.00399485
5.64363e-10	0.0039974
5.64486e-10	0.00399995
5.64608e-10	0.00400248
5.6473e-10	0.00400499
5.64852e-10	0.0040075
5.64975e-10	0.00400999
5.65097e-10	0.00401247
5.65219e-10	0.00401494
5.65341e-10	0.00401739
5.65464e-10	0.00401983
5.65586e-10	0.00402226
5.65708e-10	0.00402467
5.6583e-10	0.00402708
5.65953e-10	0.00402947
5.66075e-10	0.00403184
5.66197e-10	0.0040342
5.66319e-10	0.00403655
5.66441e-10	0.00403889
5.66564e-10	0.00404121
5.66686e-10	0.00404352
5.66808e-10	0.00404582
5.6693e-10	0.00404811
5.67053e-10	0.00405038
5.67175e-10	0.00405263
5.67297e-10	0.00405488
5.67419e-10	0.00405711
5.67542e-10	0.00405933
5.67664e-10	0.00406153
5.67786e-10	0.00406372
5.67908e-10	0.0040659
5.68031e-10	0.00406806
5.68153e-10	0.00407021
5.68275e-10	0.00407235
5.68397e-10	0.00407447
5.6852e-10	0.00407658
5.68642e-10	0.00407868
5.68764e-10	0.00408076
5.68886e-10	0.00408283
5.69008e-10	0.00408488
5.69131e-10	0.00408692
5.69253e-10	0.00408895
5.69375e-10	0.00409096
5.69497e-10	0.00409296
5.6962e-10	0.00409495
5.69742e-10	0.00409692
5.69864e-10	0.00409888
5.69986e-10	0.00410083
5.70109e-10	0.00410276
5.70231e-10	0.00410467
5.70353e-10	0.00410658
5.70475e-10	0.00410847
5.70598e-10	0.00411034
5.7072e-10	0.0041122
5.70842e-10	0.00411405
5.70964e-10	0.00411588
5.71086e-10	0.0041177
5.71209e-10	0.0041195
5.71331e-10	0.00412129
5.71453e-10	0.00412307
5.71575e-10	0.00412483
5.71698e-10	0.00412658
5.7182e-10	0.00412831
5.71942e-10	0.00413003
5.72064e-10	0.00413174
5.72187e-10	0.00413343
5.72309e-10	0.0041351
5.72431e-10	0.00413676
5.72553e-10	0.00413841
5.72676e-10	0.00414004
5.72798e-10	0.00414166
5.7292e-10	0.00414327
5.73042e-10	0.00414485
5.73164e-10	0.00414643
5.73287e-10	0.00414799
5.73409e-10	0.00414953
5.73531e-10	0.00415107
5.73653e-10	0.00415258
5.73776e-10	0.00415408
5.73898e-10	0.00415557
5.7402e-10	0.00415704
5.74142e-10	0.0041585
5.74265e-10	0.00415994
5.74387e-10	0.00416137
5.74509e-10	0.00416278
5.74631e-10	0.00416418
5.74754e-10	0.00416556
5.74876e-10	0.00416693
5.74998e-10	0.00416828
5.7512e-10	0.00416962
5.75242e-10	0.00417094
5.75365e-10	0.00417225
5.75487e-10	0.00417355
5.75609e-10	0.00417482
5.75731e-10	0.00417609
5.75854e-10	0.00417734
5.75976e-10	0.00417857
5.76098e-10	0.00417979
5.7622e-10	0.00418099
5.76343e-10	0.00418218
5.76465e-10	0.00418335
5.76587e-10	0.0041845
5.76709e-10	0.00418565
5.76832e-10	0.00418677
5.76954e-10	0.00418788
5.77076e-10	0.00418898
5.77198e-10	0.00419006
5.7732e-10	0.00419112
5.77443e-10	0.00419217
5.77565e-10	0.00419321
5.77687e-10	0.00419423
5.77809e-10	0.00419523
5.77932e-10	0.00419622
5.78054e-10	0.00419719
5.78176e-10	0.00419814
5.78298e-10	0.00419908
5.78421e-10	0.00420001
5.78543e-10	0.00420092
5.78665e-10	0.00420181
5.78787e-10	0.00420269
5.7891e-10	0.00420355
5.79032e-10	0.0042044
5.79154e-10	0.00420523
5.79276e-10	0.00420605
5.79399e-10	0.00420684
5.79521e-10	0.00420763
5.79643e-10	0.0042084
5.79765e-10	0.00420915
5.79887e-10	0.00420988
5.8001e-10	0.0042106
5.80132e-10	0.00421131
5.80254e-10	0.00421199
5.80376e-10	0.00421267
5.80499e-10	0.00421332
5.80621e-10	0.00421396
5.80743e-10	0.00421458
5.80865e-10	0.00421519
5.80988e-10	0.00421578
5.8111e-10	0.00421636
5.81232e-10	0.00421692
5.81354e-10	0.00421746
5.81477e-10	0.00421799
5.81599e-10	0.0042185
5.81721e-10	0.00421899
5.81843e-10	0.00421947
5.81965e-10	0.00421993
5.82088e-10	0.00422038
5.8221e-10	0.00422081
5.82332e-10	0.00422122
5.82454e-10	0.00422162
5.82577e-10	0.00422199
5.82699e-10	0.00422236
5.82821e-10	0.00422271
5.82943e-10	0.00422304
5.83066e-10	0.00422335
5.83188e-10	0.00422365
5.8331e-10	0.00422393
5.83432e-10	0.00422419
5.83555e-10	0.00422444
5.83677e-10	0.00422467
5.83799e-10	0.00422488
5.83921e-10	0.00422508
5.84043e-10	0.00422526
5.84166e-10	0.00422543
5.84288e-10	0.00422557
5.8441e-10	0.00422571
5.84532e-10	0.00422582
5.84655e-10	0.00422592
5.84777e-10	0.004226
5.84899e-10	0.00422606
5.85021e-10	0.00422611
5.85144e-10	0.00422614
5.85266e-10	0.00422615
5.85388e-10	0.00422614
5.8551e-10	0.00422612
5.85633e-10	0.00422609
5.85755e-10	0.00422603
5.85877e-10	0.00422596
5.85999e-10	0.00422587
5.86121e-10	0.00422576
5.86244e-10	0.00422564
5.86366e-10	0.0042255
5.86488e-10	0.00422534
5.8661e-10	0.00422517
5.86733e-10	0.00422497
5.86855e-10	0.00422477
5.86977e-10	0.00422454
5.87099e-10	0.0042243
5.87222e-10	0.00422403
5.87344e-10	0.00422376
5.87466e-10	0.00422346
5.87588e-10	0.00422315
5.87711e-10	0.00422282
5.87833e-10	0.00422247
5.87955e-10	0.00422211
5.88077e-10	0.00422172
5.88199e-10	0.00422132
5.88322e-10	0.00422091
5.88444e-10	0.00422047
5.88566e-10	0.00422002
5.88688e-10	0.00421955
5.88811e-10	0.00421906
5.88933e-10	0.00421856
5.89055e-10	0.00421804
5.89177e-10	0.0042175
5.893e-10	0.00421694
5.89422e-10	0.00421636
5.89544e-10	0.00421577
5.89666e-10	0.00421516
5.89789e-10	0.00421453
5.89911e-10	0.00421388
5.90033e-10	0.00421322
5.90155e-10	0.00421254
5.90278e-10	0.00421184
5.904e-10	0.00421112
5.90522e-10	0.00421039
5.90644e-10	0.00420964
5.90766e-10	0.00420886
5.90889e-10	0.00420808
5.91011e-10	0.00420727
5.91133e-10	0.00420645
5.91255e-10	0.0042056
5.91378e-10	0.00420474
5.915e-10	0.00420386
5.91622e-10	0.00420297
5.91744e-10	0.00420205
5.91867e-10	0.00420112
5.91989e-10	0.00420017
5.92111e-10	0.0041992
5.92233e-10	0.00419822
5.92356e-10	0.00419721
5.92478e-10	0.00419619
5.926e-10	0.00419515
5.92722e-10	0.00419409
5.92844e-10	0.00419301
5.92967e-10	0.00419192
5.93089e-10	0.0041908
5.93211e-10	0.00418967
5.93333e-10	0.00418852
5.93456e-10	0.00418735
5.93578e-10	0.00418617
5.937e-10	0.00418496
5.93822e-10	0.00418374
5.93945e-10	0.00418249
5.94067e-10	0.00418123
5.94189e-10	0.00417996
5.94311e-10	0.00417866
5.94434e-10	0.00417734
5.94556e-10	0.00417601
5.94678e-10	0.00417466
5.948e-10	0.00417328
5.94922e-10	0.0041719
5.95045e-10	0.00417049
5.95167e-10	0.00416906
5.95289e-10	0.00416762
5.95411e-10	0.00416615
5.95534e-10	0.00416467
5.95656e-10	0.00416317
5.95778e-10	0.00416165
5.959e-10	0.00416011
5.96023e-10	0.00415855
5.96145e-10	0.00415698
5.96267e-10	0.00415538
5.96389e-10	0.00415377
5.96512e-10	0.00415214
5.96634e-10	0.00415049
5.96756e-10	0.00414882
5.96878e-10	0.00414713
5.97e-10	0.00414542
5.97123e-10	0.0041437
5.97245e-10	0.00414195
5.97367e-10	0.00414019
5.97489e-10	0.00413841
5.97612e-10	0.0041366
5.97734e-10	0.00413478
5.97856e-10	0.00413295
5.97978e-10	0.00413109
5.98101e-10	0.00412921
5.98223e-10	0.00412731
5.98345e-10	0.0041254
5.98467e-10	0.00412346
5.9859e-10	0.00412151
5.98712e-10	0.00411954
5.98834e-10	0.00411755
5.98956e-10	0.00411554
5.99078e-10	0.00411351
5.99201e-10	0.00411146
5.99323e-10	0.00410939
5.99445e-10	0.0041073
5.99567e-10	0.0041052
5.9969e-10	0.00410307
5.99812e-10	0.00410093
5.99934e-10	0.00409876
6.00056e-10	0.00409658
6.00179e-10	0.00409438
6.00301e-10	0.00409216
6.00423e-10	0.00408992
6.00545e-10	0.00408766
6.00668e-10	0.00408538
6.0079e-10	0.00408308
6.00912e-10	0.00408076
6.01034e-10	0.00407842
6.01157e-10	0.00407607
6.01279e-10	0.00407369
6.01401e-10	0.00407129
6.01523e-10	0.00406888
6.01645e-10	0.00406645
6.01768e-10	0.00406399
6.0189e-10	0.00406152
6.02012e-10	0.00405903
6.02134e-10	0.00405651
6.02257e-10	0.00405398
6.02379e-10	0.00405143
6.02501e-10	0.00404886
6.02623e-10	0.00404627
6.02746e-10	0.00404366
6.02868e-10	0.00404103
6.0299e-10	0.00403838
6.03112e-10	0.00403571
6.03235e-10	0.00403302
6.03357e-10	0.00403031
6.03479e-10	0.00402759
6.03601e-10	0.00402484
6.03723e-10	0.00402207
6.03846e-10	0.00401928
6.03968e-10	0.00401648
6.0409e-10	0.00401365
6.04212e-10	0.00401081
6.04335e-10	0.00400794
6.04457e-10	0.00400505
6.04579e-10	0.00400215
6.04701e-10	0.00399922
6.04824e-10	0.00399628
6.04946e-10	0.00399331
6.05068e-10	0.00399033
6.0519e-10	0.00398733
6.05313e-10	0.0039843
6.05435e-10	0.00398126
6.05557e-10	0.00397819
6.05679e-10	0.00397511
6.05801e-10	0.00397201
6.05924e-10	0.00396888
6.06046e-10	0.00396574
6.06168e-10	0.00396257
6.0629e-10	0.00395939
6.06413e-10	0.00395619
6.06535e-10	0.00395296
6.06657e-10	0.00394972
6.06779e-10	0.00394646
6.06902e-10	0.00394317
6.07024e-10	0.00393987
6.07146e-10	0.00393654
6.07268e-10	0.0039332
6.07391e-10	0.00392984
6.07513e-10	0.00392645
6.07635e-10	0.00392305
6.07757e-10	0.00391962
6.07879e-10	0.00391618
6.08002e-10	0.00391272
6.08124e-10	0.00390923
6.08246e-10	0.00390573
6.08368e-10	0.0039022
6.08491e-10	0.00389866
6.08613e-10	0.00389509
6.08735e-10	0.00389151
6.08857e-10	0.0038879
6.0898e-10	0.00388427
6.09102e-10	0.00388063
6.09224e-10	0.00387696
6.09346e-10	0.00387327
6.09469e-10	0.00386957
6.09591e-10	0.00386584
6.09713e-10	0.00386209
6.09835e-10	0.00385832
6.09957e-10	0.00385454
6.1008e-10	0.00385073
6.10202e-10	0.0038469
6.10324e-10	0.00384305
6.10446e-10	0.00383918
6.10569e-10	0.00383529
6.10691e-10	0.00383138
6.10813e-10	0.00382745
6.10935e-10	0.0038235
6.11058e-10	0.00381953
6.1118e-10	0.00381553
6.11302e-10	0.00381152
6.11424e-10	0.00380749
6.11547e-10	0.00380343
6.11669e-10	0.00379936
6.11791e-10	0.00379527
6.11913e-10	0.00379115
6.12036e-10	0.00378702
6.12158e-10	0.00378286
6.1228e-10	0.00377868
6.12402e-10	0.00377449
6.12524e-10	0.00377027
6.12647e-10	0.00376603
6.12769e-10	0.00376177
6.12891e-10	0.0037575
6.13013e-10	0.0037532
6.13136e-10	0.00374888
6.13258e-10	0.00374453
6.1338e-10	0.00374017
6.13502e-10	0.00373579
6.13625e-10	0.00373139
6.13747e-10	0.00372697
6.13869e-10	0.00372252
6.13991e-10	0.00371806
6.14114e-10	0.00371357
6.14236e-10	0.00370907
6.14358e-10	0.00370454
6.1448e-10	0.00369999
6.14602e-10	0.00369543
6.14725e-10	0.00369084
6.14847e-10	0.00368623
6.14969e-10	0.0036816
6.15091e-10	0.00367695
6.15214e-10	0.00367228
6.15336e-10	0.00366759
6.15458e-10	0.00366287
6.1558e-10	0.00365814
6.15703e-10	0.00365339
6.15825e-10	0.00364861
6.15947e-10	0.00364382
6.16069e-10	0.003639
6.16192e-10	0.00363416
6.16314e-10	0.00362931
6.16436e-10	0.00362443
6.16558e-10	0.00361953
6.1668e-10	0.00361461
6.16803e-10	0.00360967
6.16925e-10	0.0036047
6.17047e-10	0.00359972
6.17169e-10	0.00359472
6.17292e-10	0.00358969
6.17414e-10	0.00358465
6.17536e-10	0.00357958
6.17658e-10	0.0035745
6.17781e-10	0.00356939
6.17903e-10	0.00356426
6.18025e-10	0.00355911
6.18147e-10	0.00355394
6.1827e-10	0.00354875
6.18392e-10	0.00354354
6.18514e-10	0.00353831
6.18636e-10	0.00353305
6.18758e-10	0.00352778
6.18881e-10	0.00352248
6.19003e-10	0.00351716
6.19125e-10	0.00351183
6.19247e-10	0.00350647
6.1937e-10	0.00350109
6.19492e-10	0.00349569
6.19614e-10	0.00349027
6.19736e-10	0.00348483
6.19859e-10	0.00347936
6.19981e-10	0.00347388
6.20103e-10	0.00346838
6.20225e-10	0.00346285
6.20348e-10	0.0034573
6.2047e-10	0.00345173
6.20592e-10	0.00344615
6.20714e-10	0.00344054
6.20836e-10	0.00343491
6.20959e-10	0.00342925
6.21081e-10	0.00342358
6.21203e-10	0.00341789
6.21325e-10	0.00341217
6.21448e-10	0.00340644
6.2157e-10	0.00340068
6.21692e-10	0.0033949
6.21814e-10	0.0033891
6.21937e-10	0.00338329
6.22059e-10	0.00337744
6.22181e-10	0.00337158
6.22303e-10	0.0033657
6.22426e-10	0.0033598
6.22548e-10	0.00335387
6.2267e-10	0.00334793
6.22792e-10	0.00334196
6.22915e-10	0.00333597
6.23037e-10	0.00332996
6.23159e-10	0.00332393
6.23281e-10	0.00331788
6.23403e-10	0.00331181
6.23526e-10	0.00330572
6.23648e-10	0.0032996
6.2377e-10	0.00329347
6.23892e-10	0.00328731
6.24015e-10	0.00328114
6.24137e-10	0.00327494
6.24259e-10	0.00326872
6.24381e-10	0.00326248
6.24504e-10	0.00325622
6.24626e-10	0.00324993
6.24748e-10	0.00324363
6.2487e-10	0.00323731
6.24993e-10	0.00323096
6.25115e-10	0.00322459
6.25237e-10	0.00321821
6.25359e-10	0.0032118
6.25481e-10	0.00320537
6.25604e-10	0.00319892
6.25726e-10	0.00319244
6.25848e-10	0.00318595
6.2597e-10	0.00317944
6.26093e-10	0.0031729
6.26215e-10	0.00316635
6.26337e-10	0.00315977
6.26459e-10	0.00315317
6.26582e-10	0.00314655
6.26704e-10	0.00313991
6.26826e-10	0.00313325
6.26948e-10	0.00312657
6.27071e-10	0.00311986
6.27193e-10	0.00311314
6.27315e-10	0.00310639
6.27437e-10	0.00309962
6.27559e-10	0.00309284
6.27682e-10	0.00308603
6.27804e-10	0.0030792
6.27926e-10	0.00307235
6.28048e-10	0.00306547
6.28171e-10	0.00305858
6.28293e-10	0.00305167
6.28415e-10	0.00304473
6.28537e-10	0.00303777
6.2866e-10	0.0030308
6.28782e-10	0.0030238
6.28904e-10	0.00301678
6.29026e-10	0.00300974
6.29149e-10	0.00300268
6.29271e-10	0.00299559
6.29393e-10	0.00298849
6.29515e-10	0.00298136
6.29637e-10	0.00297422
6.2976e-10	0.00296705
6.29882e-10	0.00295986
6.30004e-10	0.00295265
6.30126e-10	0.00294542
6.30249e-10	0.00293817
6.30371e-10	0.0029309
6.30493e-10	0.00292361
6.30615e-10	0.00291629
6.30738e-10	0.00290896
6.3086e-10	0.0029016
6.30982e-10	0.00289423
6.31104e-10	0.00288683
6.31227e-10	0.00287941
6.31349e-10	0.00287197
6.31471e-10	0.00286451
6.31593e-10	0.00285703
6.31716e-10	0.00284952
6.31838e-10	0.002842
6.3196e-10	0.00283445
6.32082e-10	0.00282689
6.32204e-10	0.0028193
6.32327e-10	0.00281169
6.32449e-10	0.00280406
6.32571e-10	0.00279641
6.32693e-10	0.00278874
6.32816e-10	0.00278105
6.32938e-10	0.00277334
6.3306e-10	0.0027656
6.33182e-10	0.00275785
6.33305e-10	0.00275007
6.33427e-10	0.00274228
6.33549e-10	0.00273446
6.33671e-10	0.00272662
6.33794e-10	0.00271876
6.33916e-10	0.00271088
6.34038e-10	0.00270298
6.3416e-10	0.00269506
6.34282e-10	0.00268711
6.34405e-10	0.00267915
6.34527e-10	0.00267117
6.34649e-10	0.00266316
6.34771e-10	0.00265513
6.34894e-10	0.00264709
6.35016e-10	0.00263902
6.35138e-10	0.00263093
6.3526e-10	0.00262282
6.35383e-10	0.00261469
6.35505e-10	0.00260654
6.35627e-10	0.00259837
6.35749e-10	0.00259017
6.35872e-10	0.00258196
6.35994e-10	0.00257372
6.36116e-10	0.00256547
6.36238e-10	0.00255719
6.3636e-10	0.00254889
6.36483e-10	0.00254058
6.36605e-10	0.00253224
6.36727e-10	0.00252388
6.36849e-10	0.0025155
6.36972e-10	0.0025071
6.37094e-10	0.00249868
6.37216e-10	0.00249023
6.37338e-10	0.00248177
6.37461e-10	0.00247329
6.37583e-10	0.00246478
6.37705e-10	0.00245626
6.37827e-10	0.00244771
6.3795e-10	0.00243914
6.38072e-10	0.00243056
6.38194e-10	0.00242195
6.38316e-10	0.00241332
6.38438e-10	0.00240467
6.38561e-10	0.002396
6.38683e-10	0.00238731
6.38805e-10	0.0023786
6.38927e-10	0.00236987
6.3905e-10	0.00236112
6.39172e-10	0.00235234
6.39294e-10	0.00234355
6.39416e-10	0.00233474
6.39539e-10	0.0023259
6.39661e-10	0.00231705
6.39783e-10	0.00230817
6.39905e-10	0.00229928
6.40028e-10	0.00229036
6.4015e-10	0.00228142
6.40272e-10	0.00227246
6.40394e-10	0.00226349
6.40516e-10	0.00225449
6.40639e-10	0.00224547
6.40761e-10	0.00223643
6.40883e-10	0.00222737
6.41005e-10	0.00221829
6.41128e-10	0.00220919
6.4125e-10	0.00220007
6.41372e-10	0.00219093
6.41494e-10	0.00218176
6.41617e-10	0.00217258
6.41739e-10	0.00216338
6.41861e-10	0.00215416
6.41983e-10	0.00214491
6.42106e-10	0.00213565
6.42228e-10	0.00212636
6.4235e-10	0.00211706
6.42472e-10	0.00210774
6.42595e-10	0.00209839
6.42717e-10	0.00208902
6.42839e-10	0.00207964
6.42961e-10	0.00207023
6.43083e-10	0.00206081
6.43206e-10	0.00205136
6.43328e-10	0.00204189
6.4345e-10	0.00203241
6.43572e-10	0.0020229
6.43695e-10	0.00201337
6.43817e-10	0.00200383
6.43939e-10	0.00199426
6.44061e-10	0.00198467
6.44184e-10	0.00197507
6.44306e-10	0.00196544
6.44428e-10	0.00195579
6.4455e-10	0.00194612
6.44673e-10	0.00193643
6.44795e-10	0.00192673
6.44917e-10	0.001917
6.45039e-10	0.00190725
6.45161e-10	0.00189748
6.45284e-10	0.0018877
6.45406e-10	0.00187789
6.45528e-10	0.00186806
6.4565e-10	0.00185821
6.45773e-10	0.00184834
6.45895e-10	0.00183846
6.46017e-10	0.00182855
6.46139e-10	0.00181862
6.46262e-10	0.00180867
6.46384e-10	0.00179871
6.46506e-10	0.00178872
6.46628e-10	0.00177871
6.46751e-10	0.00176869
6.46873e-10	0.00175864
6.46995e-10	0.00174857
6.47117e-10	0.00173849
6.47239e-10	0.00172838
6.47362e-10	0.00171826
6.47484e-10	0.00170811
6.47606e-10	0.00169795
6.47728e-10	0.00168776
6.47851e-10	0.00167756
6.47973e-10	0.00166734
6.48095e-10	0.00165709
6.48217e-10	0.00164683
6.4834e-10	0.00163655
6.48462e-10	0.00162624
6.48584e-10	0.00161592
6.48706e-10	0.00160558
6.48829e-10	0.00159522
6.48951e-10	0.00158484
6.49073e-10	0.00157444
6.49195e-10	0.00156402
6.49317e-10	0.00155358
6.4944e-10	0.00154312
6.49562e-10	0.00153265
6.49684e-10	0.00152215
6.49806e-10	0.00151163
6.49929e-10	0.0015011
6.50051e-10	0.00149054
6.50173e-10	0.00147997
6.50295e-10	0.00146937
6.50418e-10	0.00145876
6.5054e-10	0.00144813
6.50662e-10	0.00143748
6.50784e-10	0.0014268
6.50907e-10	0.00141611
6.51029e-10	0.00140541
6.51151e-10	0.00139468
6.51273e-10	0.00138393
6.51395e-10	0.00137316
6.51518e-10	0.00136238
6.5164e-10	0.00135157
6.51762e-10	0.00134075
6.51884e-10	0.0013299
6.52007e-10	0.00131904
6.52129e-10	0.00130816
6.52251e-10	0.00129726
6.52373e-10	0.00128634
6.52496e-10	0.0012754
6.52618e-10	0.00126445
6.5274e-10	0.00125347
6.52862e-10	0.00124248
6.52985e-10	0.00123146
6.53107e-10	0.00122043
6.53229e-10	0.00120938
6.53351e-10	0.00119831
6.53474e-10	0.00118722
6.53596e-10	0.00117611
6.53718e-10	0.00116498
6.5384e-10	0.00115384
6.53962e-10	0.00114267
6.54085e-10	0.00113149
6.54207e-10	0.00112029
6.54329e-10	0.00110907
6.54451e-10	0.00109783
6.54574e-10	0.00108657
6.54696e-10	0.0010753
6.54818e-10	0.001064
6.5494e-10	0.00105269
6.55063e-10	0.00104136
6.55185e-10	0.00103001
6.55307e-10	0.00101864
6.55429e-10	0.00100725
6.55552e-10	0.000995849
6.55674e-10	0.000984426
6.55796e-10	0.000972984
6.55918e-10	0.000961523
6.5604e-10	0.000950044
6.56163e-10	0.000938547
6.56285e-10	0.000927032
6.56407e-10	0.000915499
6.56529e-10	0.000903947
6.56652e-10	0.000892377
6.56774e-10	0.000880789
6.56896e-10	0.000869182
6.57018e-10	0.000857558
6.57141e-10	0.000845915
6.57263e-10	0.000834255
6.57385e-10	0.000822576
6.57507e-10	0.000810879
6.5763e-10	0.000799165
6.57752e-10	0.000787432
6.57874e-10	0.000775681
6.57996e-10	0.000763912
6.58118e-10	0.000752126
6.58241e-10	0.000740321
6.58363e-10	0.000728499
6.58485e-10	0.000716659
6.58607e-10	0.000704801
6.5873e-10	0.000692925
6.58852e-10	0.000681032
6.58974e-10	0.000669121
6.59096e-10	0.000657192
6.59219e-10	0.000645245
6.59341e-10	0.000633281
6.59463e-10	0.000621299
6.59585e-10	0.000609299
6.59708e-10	0.000597282
6.5983e-10	0.000585248
6.59952e-10	0.000573195
6.60074e-10	0.000561126
6.60196e-10	0.000549039
6.60319e-10	0.000536934
6.60441e-10	0.000524812
6.60563e-10	0.000512673
6.60685e-10	0.000500516
6.60808e-10	0.000488342
6.6093e-10	0.000476151
6.61052e-10	0.000463942
6.61174e-10	0.000451716
6.61297e-10	0.000439473
6.61419e-10	0.000427213
6.61541e-10	0.000414935
6.61663e-10	0.000402641
6.61786e-10	0.000390329
6.61908e-10	0.000378
6.6203e-10	0.000365655
6.62152e-10	0.000353292
6.62274e-10	0.000340912
6.62397e-10	0.000328515
6.62519e-10	0.000316101
6.62641e-10	0.000303671
6.62763e-10	0.000291223
6.62886e-10	0.000278759
6.63008e-10	0.000266277
6.6313e-10	0.00025378
6.63252e-10	0.000241265
6.63375e-10	0.000228733
6.63497e-10	0.000216185
6.63619e-10	0.00020362
6.63741e-10	0.000191039
6.63864e-10	0.000178441
6.63986e-10	0.000165826
6.64108e-10	0.000153195
6.6423e-10	0.000140547
6.64353e-10	0.000127883
6.64475e-10	0.000115202
6.64597e-10	0.000102505
6.64719e-10	8.97914e-05
6.64841e-10	7.70615e-05
6.64964e-10	6.43153e-05
6.65086e-10	5.15527e-05
6.65208e-10	3.87739e-05
6.6533e-10	2.59789e-05
6.65453e-10	1.31676e-05
6.65575e-10	3.4019e-07
6.65697e-10	-1.25034e-05
6.65819e-10	-2.53631e-05
6.65942e-10	-3.82389e-05
6.66064e-10	-5.11307e-05
6.66186e-10	-6.40385e-05
6.66308e-10	-7.69624e-05
6.66431e-10	-8.99022e-05
6.66553e-10	-0.000102858
6.66675e-10	-0.000115829
6.66797e-10	-0.000128817
6.66919e-10	-0.00014182
6.67042e-10	-0.000154839
6.67164e-10	-0.000167874
6.67286e-10	-0.000180925
6.67408e-10	-0.000193991
6.67531e-10	-0.000207073
6.67653e-10	-0.00022017
6.67775e-10	-0.000233283
6.67897e-10	-0.000246412
6.6802e-10	-0.000259556
6.68142e-10	-0.000272716
6.68264e-10	-0.000285891
6.68386e-10	-0.000299082
6.68509e-10	-0.000312288
6.68631e-10	-0.000325509
6.68753e-10	-0.000338746
6.68875e-10	-0.000351998
6.68997e-10	-0.000365265
6.6912e-10	-0.000378547
6.69242e-10	-0.000391845
6.69364e-10	-0.000405157
6.69486e-10	-0.000418485
6.69609e-10	-0.000431828
6.69731e-10	-0.000445186
6.69853e-10	-0.000458559
6.69975e-10	-0.000471947
6.70098e-10	-0.00048535
6.7022e-10	-0.000498768
6.70342e-10	-0.0005122
6.70464e-10	-0.000525648
6.70587e-10	-0.00053911
6.70709e-10	-0.000552587
6.70831e-10	-0.000566079
6.70953e-10	-0.000579585
6.71075e-10	-0.000593106
6.71198e-10	-0.000606642
6.7132e-10	-0.000620192
6.71442e-10	-0.000633757
6.71564e-10	-0.000647336
6.71687e-10	-0.00066093
6.71809e-10	-0.000674538
6.71931e-10	-0.000688161
6.72053e-10	-0.000701798
6.72176e-10	-0.000715449
6.72298e-10	-0.000729114
6.7242e-10	-0.000742794
6.72542e-10	-0.000756488
6.72665e-10	-0.000770196
6.72787e-10	-0.000783918
6.72909e-10	-0.000797655
6.73031e-10	-0.000811405
6.73153e-10	-0.00082517
6.73276e-10	-0.000838948
6.73398e-10	-0.00085274
6.7352e-10	-0.000866547
6.73642e-10	-0.000880367
6.73765e-10	-0.000894201
6.73887e-10	-0.000908048
6.74009e-10	-0.00092191
6.74131e-10	-0.000935785
6.74254e-10	-0.000949674
6.74376e-10	-0.000963576
6.74498e-10	-0.000977492
6.7462e-10	-0.000991422
6.74743e-10	-0.00100536
6.74865e-10	-0.00101932
6.74987e-10	-0.00103329
6.75109e-10	-0.00104727
6.75232e-10	-0.00106127
6.75354e-10	-0.00107528
6.75476e-10	-0.0010893
6.75598e-10	-0.00110334
6.7572e-10	-0.00111739
6.75843e-10	-0.00113145
6.75965e-10	-0.00114553
6.76087e-10	-0.00115962
6.76209e-10	-0.00117372
6.76332e-10	-0.00118784
6.76454e-10	-0.00120196
6.76576e-10	-0.00121611
6.76698e-10	-0.00123026
6.76821e-10	-0.00124443
6.76943e-10	-0.00125861
6.77065e-10	-0.0012728
6.77187e-10	-0.001287
6.7731e-10	-0.00130122
6.77432e-10	-0.00131545
6.77554e-10	-0.00132969
6.77676e-10	-0.00134395
6.77798e-10	-0.00135822
6.77921e-10	-0.0013725
6.78043e-10	-0.00138679
6.78165e-10	-0.00140109
6.78287e-10	-0.00141541
6.7841e-10	-0.00142974
6.78532e-10	-0.00144408
6.78654e-10	-0.00145844
6.78776e-10	-0.0014728
6.78899e-10	-0.00148718
6.79021e-10	-0.00150157
6.79143e-10	-0.00151597
6.79265e-10	-0.00153039
6.79388e-10	-0.00154481
6.7951e-10	-0.00155925
6.79632e-10	-0.0015737
6.79754e-10	-0.00158816
6.79876e-10	-0.00160264
6.79999e-10	-0.00161712
6.80121e-10	-0.00163162
6.80243e-10	-0.00164613
6.80365e-10	-0.00166065
6.80488e-10	-0.00167518
6.8061e-10	-0.00168972
6.80732e-10	-0.00170428
6.80854e-10	-0.00171884
6.80977e-10	-0.00173342
6.81099e-10	-0.00174801
6.81221e-10	-0.00176261
6.81343e-10	-0.00177722
6.81466e-10	-0.00179184
6.81588e-10	-0.00180648
6.8171e-10	-0.00182112
6.81832e-10	-0.00183578
6.81954e-10	-0.00185044
6.82077e-10	-0.00186512
6.82199e-10	-0.00187981
6.82321e-10	-0.00189451
6.82443e-10	-0.00190922
6.82566e-10	-0.00192394
6.82688e-10	-0.00193867
6.8281e-10	-0.00195341
6.82932e-10	-0.00196817
6.83055e-10	-0.00198293
6.83177e-10	-0.0019977
6.83299e-10	-0.00201249
6.83421e-10	-0.00202728
6.83544e-10	-0.00204209
6.83666e-10	-0.0020569
6.83788e-10	-0.00207173
6.8391e-10	-0.00208657
6.84032e-10	-0.00210141
6.84155e-10	-0.00211627
6.84277e-10	-0.00213114
6.84399e-10	-0.00214601
6.84521e-10	-0.0021609
6.84644e-10	-0.0021758
6.84766e-10	-0.00219071
6.84888e-10	-0.00220562
6.8501e-10	-0.00222055
6.85133e-10	-0.00223548
6.85255e-10	-0.00225043
6.85377e-10	-0.00226539
6.85499e-10	-0.00228035
6.85622e-10	-0.00229533
6.85744e-10	-0.00231031
6.85866e-10	-0.00232531
6.85988e-10	-0.00234031
6.86111e-10	-0.00235532
6.86233e-10	-0.00237034
6.86355e-10	-0.00238538
6.86477e-10	-0.00240042
6.86599e-10	-0.00241547
6.86722e-10	-0.00243053
6.86844e-10	-0.00244559
6.86966e-10	-0.00246067
6.87088e-10	-0.00247576
6.87211e-10	-0.00249085
6.87333e-10	-0.00250596
6.87455e-10	-0.00252107
6.87577e-10	-0.00253619
6.877e-10	-0.00255132
6.87822e-10	-0.00256646
6.87944e-10	-0.00258161
6.88066e-10	-0.00259676
6.88189e-10	-0.00261193
6.88311e-10	-0.0026271
6.88433e-10	-0.00264229
6.88555e-10	-0.00265748
6.88677e-10	-0.00267267
6.888e-10	-0.00268788
6.88922e-10	-0.0027031
6.89044e-10	-0.00271832
6.89166e-10	-0.00273355
6.89289e-10	-0.00274879
6.89411e-10	-0.00276404
6.89533e-10	-0.00277929
6.89655e-10	-0.00279456
6.89778e-10	-0.00280983
6.899e-10	-0.00282511
6.90022e-10	-0.0028404
6.90144e-10	-0.00285569
6.90267e-10	-0.00287099
6.90389e-10	-0.0028863
6.90511e-10	-0.00290162
6.90633e-10	-0.00291695
6.90755e-10	-0.00293228
6.90878e-10	-0.00294762
6.91e-10	-0.00296297
6.91122e-10	-0.00297832
6.91244e-10	-0.00299368
6.91367e-10	-0.00300905
6.91489e-10	-0.00302443
6.91611e-10	-0.00303981
6.91733e-10	-0.0030552
6.91856e-10	-0.0030706
6.91978e-10	-0.003086
6.921e-10	-0.00310142
6.92222e-10	-0.00311683
6.92345e-10	-0.00313226
6.92467e-10	-0.00314769
6.92589e-10	-0.00316313
6.92711e-10	-0.00317857
6.92833e-10	-0.00319402
6.92956e-10	-0.00320948
6.93078e-10	-0.00322495
6.932e-10	-0.00324042
6.93322e-10	-0.00325589
6.93445e-10	-0.00327138
6.93567e-10	-0.00328687
6.93689e-10	-0.00330236
6.93811e-10	-0.00331787
6.93934e-10	-0.00333337
6.94056e-10	-0.00334889
6.94178e-10	-0.00336441
6.943e-10	-0.00337993
6.94423e-10	-0.00339546
6.94545e-10	-0.003411
6.94667e-10	-0.00342655
6.94789e-10	-0.00344209
6.94911e-10	-0.00345765
6.95034e-10	-0.00347321
6.95156e-10	-0.00348877
6.95278e-10	-0.00350434
6.954e-10	-0.00351992
6.95523e-10	-0.0035355
6.95645e-10	-0.00355109
6.95767e-10	-0.00356668
6.95889e-10	-0.00358228
6.96012e-10	-0.00359788
6.96134e-10	-0.00361349
6.96256e-10	-0.0036291
6.96378e-10	-0.00364472
6.96501e-10	-0.00366034
6.96623e-10	-0.00367597
6.96745e-10	-0.0036916
6.96867e-10	-0.00370724
6.9699e-10	-0.00372288
6.97112e-10	-0.00373853
6.97234e-10	-0.00375418
6.97356e-10	-0.00376983
6.97478e-10	-0.00378549
6.97601e-10	-0.00380116
6.97723e-10	-0.00381682
6.97845e-10	-0.0038325
6.97967e-10	-0.00384817
6.9809e-10	-0.00386385
6.98212e-10	-0.00387954
6.98334e-10	-0.00389523
6.98456e-10	-0.00391092
6.98579e-10	-0.00392662
6.98701e-10	-0.00394232
6.98823e-10	-0.00395802
6.98945e-10	-0.00397373
6.99068e-10	-0.00398944
6.9919e-10	-0.00400516
6.99312e-10	-0.00402088
6.99434e-10	-0.0040366
6.99556e-10	-0.00405233
6.99679e-10	-0.00406806
6.99801e-10	-0.00408379
6.99923e-10	-0.00409952
7.00045e-10	-0.00411526
7.00168e-10	-0.00413101
7.0029e-10	-0.00414675
7.00412e-10	-0.0041625
7.00534e-10	-0.00417825
7.00657e-10	-0.004194
7.00779e-10	-0.00420976
7.00901e-10	-0.00422552
7.01023e-10	-0.00424128
7.01146e-10	-0.00425705
7.01268e-10	-0.00427282
7.0139e-10	-0.00428859
7.01512e-10	-0.00430436
7.01634e-10	-0.00432014
7.01757e-10	-0.00433591
7.01879e-10	-0.00435169
7.02001e-10	-0.00436748
7.02123e-10	-0.00438326
7.02246e-10	-0.00439905
7.02368e-10	-0.00441484
7.0249e-10	-0.00443063
7.02612e-10	-0.00444642
7.02735e-10	-0.00446221
7.02857e-10	-0.00447801
7.02979e-10	-0.00449381
7.03101e-10	-0.00450961
7.03224e-10	-0.00452541
7.03346e-10	-0.00454121
7.03468e-10	-0.00455702
7.0359e-10	-0.00457282
7.03712e-10	-0.00458863
7.03835e-10	-0.00460444
7.03957e-10	-0.00462025
7.04079e-10	-0.00463606
7.04201e-10	-0.00465187
7.04324e-10	-0.00466768
7.04446e-10	-0.0046835
7.04568e-10	-0.00469931
7.0469e-10	-0.00471513
7.04813e-10	-0.00473095
7.04935e-10	-0.00474676
7.05057e-10	-0.00476258
7.05179e-10	-0.0047784
7.05302e-10	-0.00479422
7.05424e-10	-0.00481004
7.05546e-10	-0.00482586
7.05668e-10	-0.00484168
7.0579e-10	-0.0048575
7.05913e-10	-0.00487332
7.06035e-10	-0.00488915
7.06157e-10	-0.00490497
7.06279e-10	-0.00492079
7.06402e-10	-0.00493661
7.06524e-10	-0.00495243
7.06646e-10	-0.00496825
7.06768e-10	-0.00498407
7.06891e-10	-0.0049999
7.07013e-10	-0.00501572
7.07135e-10	-0.00503154
7.07257e-10	-0.00504736
7.0738e-10	-0.00506318
7.07502e-10	-0.005079
7.07624e-10	-0.00509481
7.07746e-10	-0.00511063
7.07869e-10	-0.00512645
7.07991e-10	-0.00514226
7.08113e-10	-0.00515808
7.08235e-10	-0.00517389
7.08357e-10	-0.00518971
7.0848e-10	-0.00520552
7.08602e-10	-0.00522133
7.08724e-10	-0.00523714
7.08846e-10	-0.00525295
7.08969e-10	-0.00526875
7.09091e-10	-0.00528456
7.09213e-10	-0.00530036
7.09335e-10	-0.00531617
7.09458e-10	-0.00533197
7.0958e-10	-0.00534777
7.09702e-10	-0.00536356
7.09824e-10	-0.00537936
7.09947e-10	-0.00539515
7.10069e-10	-0.00541094
7.10191e-10	-0.00542673
7.10313e-10	-0.00544252
7.10435e-10	-0.00545831
7.10558e-10	-0.00547409
7.1068e-10	-0.00548987
7.10802e-10	-0.00550565
7.10924e-10	-0.00552143
7.11047e-10	-0.0055372
7.11169e-10	-0.00555297
7.11291e-10	-0.00556874
7.11413e-10	-0.00558451
7.11536e-10	-0.00560027
7.11658e-10	-0.00561603
7.1178e-10	-0.00563179
7.11902e-10	-0.00564754
7.12025e-10	-0.00566329
7.12147e-10	-0.00567904
7.12269e-10	-0.00569479
7.12391e-10	-0.00571053
7.12513e-10	-0.00572627
7.12636e-10	-0.00574201
7.12758e-10	-0.00575774
7.1288e-10	-0.00577347
7.13002e-10	-0.00578919
7.13125e-10	-0.00580491
7.13247e-10	-0.00582063
7.13369e-10	-0.00583635
7.13491e-10	-0.00585206
7.13614e-10	-0.00586776
7.13736e-10	-0.00588347
7.13858e-10	-0.00589916
7.1398e-10	-0.00591486
7.14103e-10	-0.00593055
7.14225e-10	-0.00594623
7.14347e-10	-0.00596192
7.14469e-10	-0.00597759
7.14591e-10	-0.00599327
7.14714e-10	-0.00600893
7.14836e-10	-0.0060246
7.14958e-10	-0.00604026
7.1508e-10	-0.00605591
7.15203e-10	-0.00607156
7.15325e-10	-0.00608721
7.15447e-10	-0.00610285
7.15569e-10	-0.00611848
7.15692e-10	-0.00613411
7.15814e-10	-0.00614974
7.15936e-10	-0.00616536
7.16058e-10	-0.00618097
7.16181e-10	-0.00619658
7.16303e-10	-0.00621218
7.16425e-10	-0.00622778
7.16547e-10	-0.00624338
7.1667e-10	-0.00625896
7.16792e-10	-0.00627454
7.16914e-10	-0.00629012
7.17036e-10	-0.00630569
7.17158e-10	-0.00632125
7.17281e-10	-0.00633681
7.17403e-10	-0.00635236
7.17525e-10	-0.00636791
7.17647e-10	-0.00638345
7.1777e-10	-0.00639898
7.17892e-10	-0.00641451
7.18014e-10	-0.00643003
7.18136e-10	-0.00644555
7.18259e-10	-0.00646105
7.18381e-10	-0.00647656
7.18503e-10	-0.00649205
7.18625e-10	-0.00650754
7.18748e-10	-0.00652302
7.1887e-10	-0.00653849
7.18992e-10	-0.00655396
7.19114e-10	-0.00656942
7.19236e-10	-0.00658487
7.19359e-10	-0.00660032
7.19481e-10	-0.00661576
7.19603e-10	-0.00663119
7.19725e-10	-0.00664662
7.19848e-10	-0.00666203
7.1997e-10	-0.00667744
7.20092e-10	-0.00669284
7.20214e-10	-0.00670824
7.20337e-10	-0.00672363
7.20459e-10	-0.006739
7.20581e-10	-0.00675438
7.20703e-10	-0.00676974
7.20826e-10	-0.00678509
7.20948e-10	-0.00680044
7.2107e-10	-0.00681578
7.21192e-10	-0.00683111
7.21314e-10	-0.00684643
7.21437e-10	-0.00686175
7.21559e-10	-0.00687705
7.21681e-10	-0.00689235
7.21803e-10	-0.00690764
7.21926e-10	-0.00692292
7.22048e-10	-0.00693819
7.2217e-10	-0.00695345
7.22292e-10	-0.0069687
7.22415e-10	-0.00698395
7.22537e-10	-0.00699918
7.22659e-10	-0.00701441
7.22781e-10	-0.00702963
7.22904e-10	-0.00704484
7.23026e-10	-0.00706003
7.23148e-10	-0.00707522
7.2327e-10	-0.0070904
7.23392e-10	-0.00710557
7.23515e-10	-0.00712073
7.23637e-10	-0.00713589
7.23759e-10	-0.00715103
7.23881e-10	-0.00716616
7.24004e-10	-0.00718128
7.24126e-10	-0.00719639
7.24248e-10	-0.0072115
7.2437e-10	-0.00722659
7.24493e-10	-0.00724167
7.24615e-10	-0.00725674
7.24737e-10	-0.0072718
7.24859e-10	-0.00728685
7.24982e-10	-0.00730189
7.25104e-10	-0.00731692
7.25226e-10	-0.00733194
7.25348e-10	-0.00734695
7.2547e-10	-0.00736195
7.25593e-10	-0.00737693
7.25715e-10	-0.00739191
7.25837e-10	-0.00740688
7.25959e-10	-0.00742183
7.26082e-10	-0.00743677
7.26204e-10	-0.0074517
7.26326e-10	-0.00746662
7.26448e-10	-0.00748153
7.26571e-10	-0.00749643
7.26693e-10	-0.00751132
7.26815e-10	-0.00752619
7.26937e-10	-0.00754106
7.2706e-10	-0.00755591
7.27182e-10	-0.00757075
7.27304e-10	-0.00758557
7.27426e-10	-0.00760039
7.27549e-10	-0.00761519
7.27671e-10	-0.00762999
7.27793e-10	-0.00764477
7.27915e-10	-0.00765953
7.28037e-10	-0.00767429
7.2816e-10	-0.00768903
7.28282e-10	-0.00770376
7.28404e-10	-0.00771848
7.28526e-10	-0.00773318
7.28649e-10	-0.00774788
7.28771e-10	-0.00776256
7.28893e-10	-0.00777722
7.29015e-10	-0.00779188
7.29138e-10	-0.00780652
7.2926e-10	-0.00782115
7.29382e-10	-0.00783576
7.29504e-10	-0.00785036
7.29627e-10	-0.00786495
7.29749e-10	-0.00787953
7.29871e-10	-0.00789409
7.29993e-10	-0.00790864
7.30115e-10	-0.00792317
7.30238e-10	-0.00793769
7.3036e-10	-0.0079522
7.30482e-10	-0.0079667
7.30604e-10	-0.00798118
7.30727e-10	-0.00799564
7.30849e-10	-0.00801009
7.30971e-10	-0.00802453
7.31093e-10	-0.00803896
7.31216e-10	-0.00805337
7.31338e-10	-0.00806776
7.3146e-10	-0.00808214
7.31582e-10	-0.00809651
7.31705e-10	-0.00811086
7.31827e-10	-0.0081252
7.31949e-10	-0.00813952
7.32071e-10	-0.00815383
7.32193e-10	-0.00816812
7.32316e-10	-0.0081824
7.32438e-10	-0.00819666
7.3256e-10	-0.00821091
7.32682e-10	-0.00822514
7.32805e-10	-0.00823936
7.32927e-10	-0.00825356
7.33049e-10	-0.00826775
7.33171e-10	-0.00828192
7.33294e-10	-0.00829608
7.33416e-10	-0.00831022
7.33538e-10	-0.00832434
7.3366e-10	-0.00833845
7.33783e-10	-0.00835254
7.33905e-10	-0.00836662
7.34027e-10	-0.00838068
7.34149e-10	-0.00839473
7.34271e-10	-0.00840876
7.34394e-10	-0.00842277
7.34516e-10	-0.00843677
7.34638e-10	-0.00845075
7.3476e-10	-0.00846471
7.34883e-10	-0.00847866
7.35005e-10	-0.00849259
7.35127e-10	-0.0085065
7.35249e-10	-0.0085204
7.35372e-10	-0.00853428
7.35494e-10	-0.00854815
7.35616e-10	-0.00856199
7.35738e-10	-0.00857582
7.35861e-10	-0.00858964
7.35983e-10	-0.00860343
7.36105e-10	-0.00861721
7.36227e-10	-0.00863097
7.36349e-10	-0.00864472
7.36472e-10	-0.00865844
7.36594e-10	-0.00867215
7.36716e-10	-0.00868584
7.36838e-10	-0.00869951
7.36961e-10	-0.00871317
7.37083e-10	-0.00872681
7.37205e-10	-0.00874043
7.37327e-10	-0.00875403
7.3745e-10	-0.00876761
7.37572e-10	-0.00878118
7.37694e-10	-0.00879473
7.37816e-10	-0.00880826
7.37939e-10	-0.00882177
7.38061e-10	-0.00883526
7.38183e-10	-0.00884873
7.38305e-10	-0.00886219
7.38428e-10	-0.00887562
7.3855e-10	-0.00888904
7.38672e-10	-0.00890244
7.38794e-10	-0.00891582
7.38916e-10	-0.00892918
7.39039e-10	-0.00894252
7.39161e-10	-0.00895584
7.39283e-10	-0.00896915
7.39405e-10	-0.00898243
7.39528e-10	-0.0089957
7.3965e-10	-0.00900894
7.39772e-10	-0.00902217
7.39894e-10	-0.00903537
7.40017e-10	-0.00904856
7.40139e-10	-0.00906172
7.40261e-10	-0.00907487
7.40383e-10	-0.009088
7.40506e-10	-0.0091011
7.40628e-10	-0.00911419
7.4075e-10	-0.00912726
7.40872e-10	-0.0091403
7.40994e-10	-0.00915333
7.41117e-10	-0.00916633
7.41239e-10	-0.00917932
7.41361e-10	-0.00919228
7.41483e-10	-0.00920523
7.41606e-10	-0.00921815
7.41728e-10	-0.00923105
7.4185e-10	-0.00924394
7.41972e-10	-0.0092568
7.42095e-10	-0.00926964
7.42217e-10	-0.00928245
7.42339e-10	-0.00929525
7.42461e-10	-0.00930803
7.42584e-10	-0.00932078
7.42706e-10	-0.00933352
7.42828e-10	-0.00934623
7.4295e-10	-0.00935892
7.43072e-10	-0.00937159
7.43195e-10	-0.00938424
7.43317e-10	-0.00939686
7.43439e-10	-0.00940946
7.43561e-10	-0.00942205
7.43684e-10	-0.00943461
7.43806e-10	-0.00944714
7.43928e-10	-0.00945966
7.4405e-10	-0.00947215
7.44173e-10	-0.00948462
7.44295e-10	-0.00949707
7.44417e-10	-0.0095095
7.44539e-10	-0.0095219
7.44662e-10	-0.00953428
7.44784e-10	-0.00954664
7.44906e-10	-0.00955898
7.45028e-10	-0.00957129
7.4515e-10	-0.00958358
7.45273e-10	-0.00959585
7.45395e-10	-0.00960809
7.45517e-10	-0.00962031
7.45639e-10	-0.00963251
7.45762e-10	-0.00964468
7.45884e-10	-0.00965683
7.46006e-10	-0.00966896
7.46128e-10	-0.00968107
7.46251e-10	-0.00969315
7.46373e-10	-0.0097052
7.46495e-10	-0.00971724
7.46617e-10	-0.00972924
7.4674e-10	-0.00974123
7.46862e-10	-0.00975319
7.46984e-10	-0.00976513
7.47106e-10	-0.00977704
7.47228e-10	-0.00978893
7.47351e-10	-0.00980079
7.47473e-10	-0.00981263
7.47595e-10	-0.00982445
7.47717e-10	-0.00983624
7.4784e-10	-0.00984801
7.47962e-10	-0.00985975
7.48084e-10	-0.00987147
7.48206e-10	-0.00988316
7.48329e-10	-0.00989482
7.48451e-10	-0.00990647
7.48573e-10	-0.00991808
7.48695e-10	-0.00992968
7.48818e-10	-0.00994124
7.4894e-10	-0.00995279
7.49062e-10	-0.0099643
7.49184e-10	-0.00997579
7.49307e-10	-0.00998726
7.49429e-10	-0.0099987
7.49551e-10	-0.0100101
7.49673e-10	-0.0100215
7.49795e-10	-0.0100329
7.49918e-10	-0.0100442
7.5004e-10	-0.0100555
7.50162e-10	-0.0100668
7.50284e-10	-0.0100781
7.50407e-10	-0.0100893
7.50529e-10	-0.0101005
7.50651e-10	-0.0101117
7.50773e-10	-0.0101228
7.50896e-10	-0.010134
7.51018e-10	-0.0101451
7.5114e-10	-0.0101561
7.51262e-10	-0.0101672
7.51385e-10	-0.0101782
7.51507e-10	-0.0101892
7.51629e-10	-0.0102002
7.51751e-10	-0.0102111
7.51873e-10	-0.010222
7.51996e-10	-0.0102329
7.52118e-10	-0.0102437
7.5224e-10	-0.0102546
7.52362e-10	-0.0102654
7.52485e-10	-0.0102762
7.52607e-10	-0.0102869
7.52729e-10	-0.0102976
7.52851e-10	-0.0103083
7.52974e-10	-0.010319
7.53096e-10	-0.0103296
7.53218e-10	-0.0103402
7.5334e-10	-0.0103508
7.53463e-10	-0.0103614
7.53585e-10	-0.0103719
7.53707e-10	-0.0103824
7.53829e-10	-0.0103928
7.53951e-10	-0.0104033
7.54074e-10	-0.0104137
7.54196e-10	-0.0104241
7.54318e-10	-0.0104344
7.5444e-10	-0.0104448
7.54563e-10	-0.010455
7.54685e-10	-0.0104653
7.54807e-10	-0.0104756
7.54929e-10	-0.0104858
7.55052e-10	-0.0104959
7.55174e-10	-0.0105061
7.55296e-10	-0.0105162
7.55418e-10	-0.0105263
7.55541e-10	-0.0105364
7.55663e-10	-0.0105464
7.55785e-10	-0.0105564
7.55907e-10	-0.0105664
7.56029e-10	-0.0105763
7.56152e-10	-0.0105862
7.56274e-10	-0.0105961
7.56396e-10	-0.010606
7.56518e-10	-0.0106158
7.56641e-10	-0.0106256
7.56763e-10	-0.0106354
7.56885e-10	-0.0106451
7.57007e-10	-0.0106548
7.5713e-10	-0.0106645
7.57252e-10	-0.0106741
7.57374e-10	-0.0106837
7.57496e-10	-0.0106933
7.57619e-10	-0.0107029
7.57741e-10	-0.0107124
7.57863e-10	-0.0107219
7.57985e-10	-0.0107314
7.58107e-10	-0.0107408
7.5823e-10	-0.0107502
7.58352e-10	-0.0107595
7.58474e-10	-0.0107689
7.58596e-10	-0.0107782
7.58719e-10	-0.0107875
7.58841e-10	-0.0107967
7.58963e-10	-0.0108059
7.59085e-10	-0.0108151
7.59208e-10	-0.0108242
7.5933e-10	-0.0108333
7.59452e-10	-0.0108424
7.59574e-10	-0.0108515
7.59697e-10	-0.0108605
7.59819e-10	-0.0108695
7.59941e-10	-0.0108784
7.60063e-10	-0.0108874
7.60186e-10	-0.0108963
7.60308e-10	-0.0109051
7.6043e-10	-0.0109139
7.60552e-10	-0.0109227
7.60674e-10	-0.0109315
7.60797e-10	-0.0109402
7.60919e-10	-0.0109489
7.61041e-10	-0.0109576
7.61163e-10	-0.0109662
7.61286e-10	-0.0109748
7.61408e-10	-0.0109834
7.6153e-10	-0.0109919
7.61652e-10	-0.0110004
7.61775e-10	-0.0110089
7.61897e-10	-0.0110173
7.62019e-10	-0.0110257
7.62141e-10	-0.0110341
7.62264e-10	-0.0110424
7.62386e-10	-0.0110507
7.62508e-10	-0.011059
7.6263e-10	-0.0110672
7.62752e-10	-0.0110754
7.62875e-10	-0.0110836
7.62997e-10	-0.0110917
7.63119e-10	-0.0110998
7.63241e-10	-0.0111079
7.63364e-10	-0.0111159
7.63486e-10	-0.0111239
7.63608e-10	-0.0111318
7.6373e-10	-0.0111398
7.63853e-10	-0.0111476
7.63975e-10	-0.0111555
7.64097e-10	-0.0111633
7.64219e-10	-0.0111711
7.64342e-10	-0.0111789
7.64464e-10	-0.0111866
7.64586e-10	-0.0111943
7.64708e-10	-0.0112019
7.6483e-10	-0.0112095
7.64953e-10	-0.0112171
7.65075e-10	-0.0112246
7.65197e-10	-0.0112321
7.65319e-10	-0.0112396
7.65442e-10	-0.0112471
7.65564e-10	-0.0112545
7.65686e-10	-0.0112618
7.65808e-10	-0.0112692
7.65931e-10	-0.0112764
7.66053e-10	-0.0112837
7.66175e-10	-0.0112909
7.66297e-10	-0.0112981
7.6642e-10	-0.0113053
7.66542e-10	-0.0113124
7.66664e-10	-0.0113195
7.66786e-10	-0.0113265
7.66908e-10	-0.0113335
7.67031e-10	-0.0113405
7.67153e-10	-0.0113474
7.67275e-10	-0.0113543
7.67397e-10	-0.0113612
7.6752e-10	-0.011368
7.67642e-10	-0.0113748
7.67764e-10	-0.0113815
7.67886e-10	-0.0113883
7.68009e-10	-0.0113949
7.68131e-10	-0.0114016
7.68253e-10	-0.0114082
7.68375e-10	-0.0114147
7.68498e-10	-0.0114213
7.6862e-10	-0.0114278
7.68742e-10	-0.0114342
7.68864e-10	-0.0114406
7.68986e-10	-0.011447
7.69109e-10	-0.0114534
7.69231e-10	-0.0114597
7.69353e-10	-0.0114659
7.69475e-10	-0.0114722
7.69598e-10	-0.0114784
7.6972e-10	-0.0114845
7.69842e-10	-0.0114906
7.69964e-10	-0.0114967
7.70087e-10	-0.0115028
7.70209e-10	-0.0115088
7.70331e-10	-0.0115147
7.70453e-10	-0.0115206
7.70576e-10	-0.0115265
7.70698e-10	-0.0115324
7.7082e-10	-0.0115382
7.70942e-10	-0.011544
7.71065e-10	-0.0115497
7.71187e-10	-0.0115554
7.71309e-10	-0.0115611
7.71431e-10	-0.0115667
7.71553e-10	-0.0115723
7.71676e-10	-0.0115778
7.71798e-10	-0.0115833
7.7192e-10	-0.0115888
7.72042e-10	-0.0115942
7.72165e-10	-0.0115996
7.72287e-10	-0.0116049
7.72409e-10	-0.0116102
7.72531e-10	-0.0116155
7.72654e-10	-0.0116207
7.72776e-10	-0.0116259
7.72898e-10	-0.011631
7.7302e-10	-0.0116361
7.73143e-10	-0.0116412
7.73265e-10	-0.0116462
7.73387e-10	-0.0116512
7.73509e-10	-0.0116562
7.73631e-10	-0.0116611
7.73754e-10	-0.011666
7.73876e-10	-0.0116708
7.73998e-10	-0.0116756
7.7412e-10	-0.0116803
7.74243e-10	-0.011685
7.74365e-10	-0.0116897
7.74487e-10	-0.0116943
7.74609e-10	-0.0116989
7.74732e-10	-0.0117035
7.74854e-10	-0.011708
7.74976e-10	-0.0117124
7.75098e-10	-0.0117168
7.75221e-10	-0.0117212
7.75343e-10	-0.0117256
7.75465e-10	-0.0117299
7.75587e-10	-0.0117341
7.75709e-10	-0.0117383
7.75832e-10	-0.0117425
7.75954e-10	-0.0117467
7.76076e-10	-0.0117508
7.76198e-10	-0.0117548
7.76321e-10	-0.0117588
7.76443e-10	-0.0117628
7.76565e-10	-0.0117667
7.76687e-10	-0.0117706
7.7681e-10	-0.0117745
7.76932e-10	-0.0117783
7.77054e-10	-0.011782
7.77176e-10	-0.0117857
7.77299e-10	-0.0117894
7.77421e-10	-0.0117931
7.77543e-10	-0.0117967
7.77665e-10	-0.0118002
7.77787e-10	-0.0118037
7.7791e-10	-0.0118072
7.78032e-10	-0.0118106
7.78154e-10	-0.011814
7.78276e-10	-0.0118173
7.78399e-10	-0.0118206
7.78521e-10	-0.0118239
7.78643e-10	-0.0118271
7.78765e-10	-0.0118303
7.78888e-10	-0.0118334
7.7901e-10	-0.0118365
7.79132e-10	-0.0118395
7.79254e-10	-0.0118425
7.79377e-10	-0.0118455
7.79499e-10	-0.0118484
7.79621e-10	-0.0118513
7.79743e-10	-0.0118541
7.79865e-10	-0.0118569
7.79988e-10	-0.0118596
7.8011e-10	-0.0118623
7.80232e-10	-0.0118649
7.80354e-10	-0.0118676
7.80477e-10	-0.0118701
7.80599e-10	-0.0118726
7.80721e-10	-0.0118751
7.80843e-10	-0.0118776
7.80966e-10	-0.0118799
7.81088e-10	-0.0118823
7.8121e-10	-0.0118846
7.81332e-10	-0.0118869
7.81455e-10	-0.0118891
7.81577e-10	-0.0118912
7.81699e-10	-0.0118934
7.81821e-10	-0.0118954
7.81944e-10	-0.0118975
7.82066e-10	-0.0118995
7.82188e-10	-0.0119014
7.8231e-10	-0.0119033
7.82432e-10	-0.0119052
7.82555e-10	-0.011907
7.82677e-10	-0.0119088
7.82799e-10	-0.0119105
7.82921e-10	-0.0119122
7.83044e-10	-0.0119138
7.83166e-10	-0.0119154
7.83288e-10	-0.011917
7.8341e-10	-0.0119185
7.83533e-10	-0.0119199
7.83655e-10	-0.0119213
7.83777e-10	-0.0119227
7.83899e-10	-0.011924
7.84022e-10	-0.0119253
7.84144e-10	-0.0119265
7.84266e-10	-0.0119277
7.84388e-10	-0.0119288
7.8451e-10	-0.0119299
7.84633e-10	-0.011931
7.84755e-10	-0.011932
7.84877e-10	-0.0119329
7.84999e-10	-0.0119338
7.85122e-10	-0.0119347
7.85244e-10	-0.0119355
7.85366e-10	-0.0119363
7.85488e-10	-0.011937
7.85611e-10	-0.0119377
7.85733e-10	-0.0119383
7.85855e-10	-0.0119389
7.85977e-10	-0.0119395
7.861e-10	-0.01194
7.86222e-10	-0.0119404
7.86344e-10	-0.0119408
7.86466e-10	-0.0119412
7.86588e-10	-0.0119415
7.86711e-10	-0.0119418
7.86833e-10	-0.011942
7.86955e-10	-0.0119421
7.87077e-10	-0.0119423
7.872e-10	-0.0119423
7.87322e-10	-0.0119424
7.87444e-10	-0.0119424
7.87566e-10	-0.0119423
7.87689e-10	-0.0119422
7.87811e-10	-0.011942
7.87933e-10	-0.0119418
7.88055e-10	-0.0119416
7.88178e-10	-0.0119413
7.883e-10	-0.0119409
7.88422e-10	-0.0119405
7.88544e-10	-0.0119401
7.88666e-10	-0.0119396
7.88789e-10	-0.0119391
7.88911e-10	-0.0119385
7.89033e-10	-0.0119378
7.89155e-10	-0.0119372
7.89278e-10	-0.0119364
7.894e-10	-0.0119357
7.89522e-10	-0.0119348
7.89644e-10	-0.011934
7.89767e-10	-0.011933
7.89889e-10	-0.0119321
7.90011e-10	-0.0119311
7.90133e-10	-0.01193
7.90256e-10	-0.0119289
7.90378e-10	-0.0119277
7.905e-10	-0.0119265
7.90622e-10	-0.0119253
7.90744e-10	-0.011924
7.90867e-10	-0.0119226
7.90989e-10	-0.0119212
7.91111e-10	-0.0119198
7.91233e-10	-0.0119183
7.91356e-10	-0.0119167
7.91478e-10	-0.0119151
7.916e-10	-0.0119135
7.91722e-10	-0.0119118
7.91845e-10	-0.0119101
7.91967e-10	-0.0119083
7.92089e-10	-0.0119064
7.92211e-10	-0.0119045
7.92334e-10	-0.0119026
7.92456e-10	-0.0119006
7.92578e-10	-0.0118986
7.927e-10	-0.0118965
7.92823e-10	-0.0118944
7.92945e-10	-0.0118922
7.93067e-10	-0.01189
7.93189e-10	-0.0118877
7.93311e-10	-0.0118853
7.93434e-10	-0.011883
7.93556e-10	-0.0118805
7.93678e-10	-0.0118781
7.938e-10	-0.0118755
7.93923e-10	-0.0118729
7.94045e-10	-0.0118703
7.94167e-10	-0.0118676
7.94289e-10	-0.0118649
7.94412e-10	-0.0118621
7.94534e-10	-0.0118593
7.94656e-10	-0.0118564
7.94778e-10	-0.0118535
7.94901e-10	-0.0118505
7.95023e-10	-0.0118475
7.95145e-10	-0.0118444
7.95267e-10	-0.0118413
7.95389e-10	-0.0118381
7.95512e-10	-0.0118349
7.95634e-10	-0.0118316
7.95756e-10	-0.0118283
7.95878e-10	-0.0118249
7.96001e-10	-0.0118215
7.96123e-10	-0.011818
7.96245e-10	-0.0118145
7.96367e-10	-0.0118109
7.9649e-10	-0.0118073
7.96612e-10	-0.0118036
7.96734e-10	-0.0117999
7.96856e-10	-0.0117961
7.96979e-10	-0.0117922
7.97101e-10	-0.0117884
7.97223e-10	-0.0117844
7.97345e-10	-0.0117804
7.97467e-10	-0.0117764
7.9759e-10	-0.0117723
7.97712e-10	-0.0117682
7.97834e-10	-0.011764
7.97956e-10	-0.0117598
7.98079e-10	-0.0117555
7.98201e-10	-0.0117511
7.98323e-10	-0.0117467
7.98445e-10	-0.0117423
7.98568e-10	-0.0117378
7.9869e-10	-0.0117332
7.98812e-10	-0.0117286
7.98934e-10	-0.011724
7.99057e-10	-0.0117193
7.99179e-10	-0.0117145
7.99301e-10	-0.0117097
7.99423e-10	-0.0117049
7.99545e-10	-0.0117
7.99668e-10	-0.011695
7.9979e-10	-0.01169
7.99912e-10	-0.0116849
8.00034e-10	-0.0116798
8.00157e-10	-0.0116746
8.00279e-10	-0.0116694
8.00401e-10	-0.0116641
8.00523e-10	-0.0116588
8.00646e-10	-0.0116534
8.00768e-10	-0.011648
8.0089e-10	-0.0116425
8.01012e-10	-0.011637
8.01135e-10	-0.0116314
8.01257e-10	-0.0116258
8.01379e-10	-0.0116201
8.01501e-10	-0.0116144
8.01624e-10	-0.0116086
8.01746e-10	-0.0116027
8.01868e-10	-0.0115968
8.0199e-10	-0.0115909
8.02112e-10	-0.0115849
8.02235e-10	-0.0115788
8.02357e-10	-0.0115727
8.02479e-10	-0.0115666
8.02601e-10	-0.0115603
8.02724e-10	-0.0115541
8.02846e-10	-0.0115478
8.02968e-10	-0.0115414
8.0309e-10	-0.011535
8.03213e-10	-0.0115285
8.03335e-10	-0.011522
8.03457e-10	-0.0115154
8.03579e-10	-0.0115087
8.03702e-10	-0.0115021
8.03824e-10	-0.0114953
8.03946e-10	-0.0114885
8.04068e-10	-0.0114817
8.0419e-10	-0.0114748
8.04313e-10	-0.0114678
8.04435e-10	-0.0114608
8.04557e-10	-0.0114538
8.04679e-10	-0.0114466
8.04802e-10	-0.0114395
8.04924e-10	-0.0114323
8.05046e-10	-0.011425
8.05168e-10	-0.0114177
8.05291e-10	-0.0114103
8.05413e-10	-0.0114029
8.05535e-10	-0.0113954
8.05657e-10	-0.0113878
8.0578e-10	-0.0113802
8.05902e-10	-0.0113726
8.06024e-10	-0.0113649
8.06146e-10	-0.0113571
8.06268e-10	-0.0113493
8.06391e-10	-0.0113415
8.06513e-10	-0.0113336
8.06635e-10	-0.0113256
8.06757e-10	-0.0113176
8.0688e-10	-0.0113095
8.07002e-10	-0.0113014
8.07124e-10	-0.0112932
8.07246e-10	-0.011285
8.07369e-10	-0.0112767
8.07491e-10	-0.0112683
8.07613e-10	-0.0112599
8.07735e-10	-0.0112515
8.07858e-10	-0.011243
8.0798e-10	-0.0112344
8.08102e-10	-0.0112258
8.08224e-10	-0.0112171
8.08346e-10	-0.0112084
8.08469e-10	-0.0111996
8.08591e-10	-0.0111908
8.08713e-10	-0.0111819
8.08835e-10	-0.011173
8.08958e-10	-0.011164
8.0908e-10	-0.0111549
8.09202e-10	-0.0111458
8.09324e-10	-0.0111367
8.09447e-10	-0.0111275
8.09569e-10	-0.0111182
8.09691e-10	-0.0111089
8.09813e-10	-0.0110995
8.09936e-10	-0.0110901
8.10058e-10	-0.0110806
8.1018e-10	-0.0110711
8.10302e-10	-0.0110615
8.10424e-10	-0.0110518
8.10547e-10	-0.0110421
8.10669e-10	-0.0110324
8.10791e-10	-0.0110226
8.10913e-10	-0.0110127
8.11036e-10	-0.0110028
8.11158e-10	-0.0109928
8.1128e-10	-0.0109828
8.11402e-10	-0.0109727
8.11525e-10	-0.0109626
8.11647e-10	-0.0109524
8.11769e-10	-0.0109421
8.11891e-10	-0.0109318
8.12014e-10	-0.0109215
8.12136e-10	-0.010911
8.12258e-10	-0.0109006
8.1238e-10	-0.0108901
8.12503e-10	-0.0108795
8.12625e-10	-0.0108688
8.12747e-10	-0.0108582
8.12869e-10	-0.0108474
8.12991e-10	-0.0108366
8.13114e-10	-0.0108258
8.13236e-10	-0.0108149
8.13358e-10	-0.0108039
8.1348e-10	-0.0107929
8.13603e-10	-0.0107818
8.13725e-10	-0.0107707
8.13847e-10	-0.0107595
8.13969e-10	-0.0107483
8.14092e-10	-0.010737
8.14214e-10	-0.0107256
8.14336e-10	-0.0107142
8.14458e-10	-0.0107028
8.14581e-10	-0.0106913
8.14703e-10	-0.0106797
8.14825e-10	-0.0106681
8.14947e-10	-0.0106564
8.15069e-10	-0.0106446
8.15192e-10	-0.0106329
8.15314e-10	-0.010621
8.15436e-10	-0.0106091
8.15558e-10	-0.0105972
8.15681e-10	-0.0105851
8.15803e-10	-0.0105731
8.15925e-10	-0.0105609
8.16047e-10	-0.0105488
8.1617e-10	-0.0105365
8.16292e-10	-0.0105242
8.16414e-10	-0.0105119
8.16536e-10	-0.0104995
8.16659e-10	-0.010487
8.16781e-10	-0.0104745
8.16903e-10	-0.010462
8.17025e-10	-0.0104493
8.17147e-10	-0.0104367
8.1727e-10	-0.0104239
8.17392e-10	-0.0104111
8.17514e-10	-0.0103983
8.17636e-10	-0.0103854
8.17759e-10	-0.0103724
8.17881e-10	-0.0103594
8.18003e-10	-0.0103464
8.18125e-10	-0.0103332
8.18248e-10	-0.0103201
8.1837e-10	-0.0103068
8.18492e-10	-0.0102935
8.18614e-10	-0.0102802
8.18737e-10	-0.0102668
8.18859e-10	-0.0102533
8.18981e-10	-0.0102398
8.19103e-10	-0.0102263
8.19225e-10	-0.0102126
8.19348e-10	-0.0101989
8.1947e-10	-0.0101852
8.19592e-10	-0.0101714
8.19714e-10	-0.0101576
8.19837e-10	-0.0101437
8.19959e-10	-0.0101297
8.20081e-10	-0.0101157
8.20203e-10	-0.0101016
8.20326e-10	-0.0100875
8.20448e-10	-0.0100733
8.2057e-10	-0.0100591
8.20692e-10	-0.0100448
8.20815e-10	-0.0100304
8.20937e-10	-0.010016
8.21059e-10	-0.0100016
8.21181e-10	-0.00998703
8.21303e-10	-0.00997246
8.21426e-10	-0.00995783
8.21548e-10	-0.00994314
8.2167e-10	-0.0099284
8.21792e-10	-0.0099136
8.21915e-10	-0.00989874
8.22037e-10	-0.00988383
8.22159e-10	-0.00986887
8.22281e-10	-0.00985384
8.22404e-10	-0.00983877
8.22526e-10	-0.00982363
8.22648e-10	-0.00980844
8.2277e-10	-0.0097932
8.22893e-10	-0.00977789
8.23015e-10	-0.00976253
8.23137e-10	-0.00974712
8.23259e-10	-0.00973165
8.23382e-10	-0.00971612
8.23504e-10	-0.00970054
8.23626e-10	-0.0096849
8.23748e-10	-0.00966921
8.2387e-10	-0.00965346
8.23993e-10	-0.00963765
8.24115e-10	-0.00962179
8.24237e-10	-0.00960587
8.24359e-10	-0.0095899
8.24482e-10	-0.00957387
8.24604e-10	-0.00955778
8.24726e-10	-0.00954164
8.24848e-10	-0.00952544
8.24971e-10	-0.00950919
8.25093e-10	-0.00949288
8.25215e-10	-0.00947651
8.25337e-10	-0.00946009
8.2546e-10	-0.00944361
8.25582e-10	-0.00942707
8.25704e-10	-0.00941048
8.25826e-10	-0.00939384
8.25948e-10	-0.00937713
8.26071e-10	-0.00936038
8.26193e-10	-0.00934356
8.26315e-10	-0.00932669
8.26437e-10	-0.00930976
8.2656e-10	-0.00929278
8.26682e-10	-0.00927574
8.26804e-10	-0.00925865
8.26926e-10	-0.0092415
8.27049e-10	-0.00922429
8.27171e-10	-0.00920703
8.27293e-10	-0.00918971
8.27415e-10	-0.00917234
8.27538e-10	-0.00915491
8.2766e-10	-0.00913742
8.27782e-10	-0.00911988
8.27904e-10	-0.00910228
8.28026e-10	-0.00908463
8.28149e-10	-0.00906692
8.28271e-10	-0.00904915
8.28393e-10	-0.00903133
8.28515e-10	-0.00901345
8.28638e-10	-0.00899552
8.2876e-10	-0.00897753
8.28882e-10	-0.00895949
8.29004e-10	-0.00894138
8.29127e-10	-0.00892323
8.29249e-10	-0.00890501
8.29371e-10	-0.00888675
8.29493e-10	-0.00886842
8.29616e-10	-0.00885004
8.29738e-10	-0.00883161
8.2986e-10	-0.00881311
8.29982e-10	-0.00879457
8.30104e-10	-0.00877596
8.30227e-10	-0.0087573
8.30349e-10	-0.00873859
8.30471e-10	-0.00871982
8.30593e-10	-0.00870099
8.30716e-10	-0.00868211
8.30838e-10	-0.00866317
8.3096e-10	-0.00864418
8.31082e-10	-0.00862513
8.31205e-10	-0.00860602
8.31327e-10	-0.00858686
8.31449e-10	-0.00856765
8.31571e-10	-0.00854837
8.31694e-10	-0.00852905
8.31816e-10	-0.00850966
8.31938e-10	-0.00849022
8.3206e-10	-0.00847073
8.32182e-10	-0.00845118
8.32305e-10	-0.00843157
8.32427e-10	-0.00841191
8.32549e-10	-0.0083922
8.32671e-10	-0.00837243
8.32794e-10	-0.0083526
8.32916e-10	-0.00833271
8.33038e-10	-0.00831277
8.3316e-10	-0.00829278
8.33283e-10	-0.00827273
8.33405e-10	-0.00825263
8.33527e-10	-0.00823247
8.33649e-10	-0.00821225
8.33772e-10	-0.00819198
8.33894e-10	-0.00817165
8.34016e-10	-0.00815127
8.34138e-10	-0.00813083
8.34261e-10	-0.00811034
8.34383e-10	-0.00808979
8.34505e-10	-0.00806919
8.34627e-10	-0.00804853
8.34749e-10	-0.00802782
8.34872e-10	-0.00800705
8.34994e-10	-0.00798623
8.35116e-10	-0.00796535
8.35238e-10	-0.00794441
8.35361e-10	-0.00792343
8.35483e-10	-0.00790238
8.35605e-10	-0.00788128
8.35727e-10	-0.00786013
8.3585e-10	-0.00783892
8.35972e-10	-0.00781765
8.36094e-10	-0.00779633
8.36216e-10	-0.00777496
8.36339e-10	-0.00775353
8.36461e-10	-0.00773205
8.36583e-10	-0.00771051
8.36705e-10	-0.00768891
8.36827e-10	-0.00766726
8.3695e-10	-0.00764556
8.37072e-10	-0.0076238
8.37194e-10	-0.00760199
8.37316e-10	-0.00758012
8.37439e-10	-0.0075582
8.37561e-10	-0.00753622
8.37683e-10	-0.00751419
8.37805e-10	-0.0074921
8.37928e-10	-0.00746996
8.3805e-10	-0.00744776
8.38172e-10	-0.00742551
8.38294e-10	-0.00740321
8.38417e-10	-0.00738085
8.38539e-10	-0.00735843
8.38661e-10	-0.00733596
8.38783e-10	-0.00731344
8.38905e-10	-0.00729086
8.39028e-10	-0.00726823
8.3915e-10	-0.00724555
8.39272e-10	-0.0072228
8.39394e-10	-0.00720001
8.39517e-10	-0.00717716
8.39639e-10	-0.00715426
8.39761e-10	-0.0071313
8.39883e-10	-0.00710829
8.40006e-10	-0.00708522
8.40128e-10	-0.0070621
8.4025e-10	-0.00703893
8.40372e-10	-0.0070157
8.40495e-10	-0.00699242
8.40617e-10	-0.00696908
8.40739e-10	-0.00694569
8.40861e-10	-0.00692225
8.40983e-10	-0.00689875
8.41106e-10	-0.0068752
8.41228e-10	-0.00685159
8.4135e-10	-0.00682793
8.41472e-10	-0.00680422
8.41595e-10	-0.00678045
8.41717e-10	-0.00675663
8.41839e-10	-0.00673275
8.41961e-10	-0.00670883
8.42084e-10	-0.00668484
8.42206e-10	-0.00666081
8.42328e-10	-0.00663672
8.4245e-10	-0.00661258
8.42573e-10	-0.00658838
8.42695e-10	-0.00656413
8.42817e-10	-0.00653983
8.42939e-10	-0.00651547
8.43061e-10	-0.00649106
8.43184e-10	-0.0064666
8.43306e-10	-0.00644209
8.43428e-10	-0.00641752
8.4355e-10	-0.00639289
8.43673e-10	-0.00636822
8.43795e-10	-0.00634349
8.43917e-10	-0.00631871
8.44039e-10	-0.00629387
8.44162e-10	-0.00626899
8.44284e-10	-0.00624405
8.44406e-10	-0.00621905
8.44528e-10	-0.00619401
8.44651e-10	-0.00616891
8.44773e-10	-0.00614376
8.44895e-10	-0.00611855
8.45017e-10	-0.00609329
8.4514e-10	-0.00606798
8.45262e-10	-0.00604262
8.45384e-10	-0.00601721
8.45506e-10	-0.00599174
8.45628e-10	-0.00596622
8.45751e-10	-0.00594065
8.45873e-10	-0.00591502
8.45995e-10	-0.00588934
8.46117e-10	-0.00586361
8.4624e-10	-0.00583783
8.46362e-10	-0.005812
8.46484e-10	-0.00578611
8.46606e-10	-0.00576017
8.46729e-10	-0.00573418
8.46851e-10	-0.00570814
8.46973e-10	-0.00568204
8.47095e-10	-0.0056559
8.47218e-10	-0.0056297
8.4734e-10	-0.00560345
8.47462e-10	-0.00557715
8.47584e-10	-0.00555079
8.47706e-10	-0.00552439
8.47829e-10	-0.00549793
8.47951e-10	-0.00547142
8.48073e-10	-0.00544486
8.48195e-10	-0.00541825
8.48318e-10	-0.00539158
8.4844e-10	-0.00536487
8.48562e-10	-0.0053381
8.48684e-10	-0.00531128
8.48807e-10	-0.00528441
8.48929e-10	-0.00525749
8.49051e-10	-0.00523052
8.49173e-10	-0.0052035
8.49296e-10	-0.00517642
8.49418e-10	-0.0051493
8.4954e-10	-0.00512212
8.49662e-10	-0.00509489
8.49784e-10	-0.00506761
8.49907e-10	-0.00504029
8.50029e-10	-0.00501291
8.50151e-10	-0.00498548
8.50273e-10	-0.00495799
8.50396e-10	-0.00493046
8.50518e-10	-0.00490288
8.5064e-10	-0.00487525
8.50762e-10	-0.00484756
8.50885e-10	-0.00481983
8.51007e-10	-0.00479204
8.51129e-10	-0.00476421
8.51251e-10	-0.00473632
8.51374e-10	-0.00470839
8.51496e-10	-0.0046804
8.51618e-10	-0.00465237
8.5174e-10	-0.00462428
8.51862e-10	-0.00459615
8.51985e-10	-0.00456796
8.52107e-10	-0.00453972
8.52229e-10	-0.00451144
8.52351e-10	-0.0044831
8.52474e-10	-0.00445472
8.52596e-10	-0.00442628
8.52718e-10	-0.0043978
8.5284e-10	-0.00436926
8.52963e-10	-0.00434068
8.53085e-10	-0.00431205
8.53207e-10	-0.00428337
8.53329e-10	-0.00425463
8.53452e-10	-0.00422585
8.53574e-10	-0.00419702
8.53696e-10	-0.00416814
8.53818e-10	-0.00413922
8.5394e-10	-0.00411024
8.54063e-10	-0.00408121
8.54185e-10	-0.00405214
8.54307e-10	-0.00402301
8.54429e-10	-0.00399384
8.54552e-10	-0.00396462
8.54674e-10	-0.00393535
8.54796e-10	-0.00390603
8.54918e-10	-0.00387666
8.55041e-10	-0.00384725
8.55163e-10	-0.00381778
8.55285e-10	-0.00378827
8.55407e-10	-0.00375871
8.5553e-10	-0.0037291
8.55652e-10	-0.00369944
8.55774e-10	-0.00366974
8.55896e-10	-0.00363998
8.56019e-10	-0.00361018
8.56141e-10	-0.00358033
8.56263e-10	-0.00355043
8.56385e-10	-0.00352049
8.56507e-10	-0.00349049
8.5663e-10	-0.00346045
8.56752e-10	-0.00343037
8.56874e-10	-0.00340023
8.56996e-10	-0.00337005
8.57119e-10	-0.00333982
8.57241e-10	-0.00330954
8.57363e-10	-0.00327921
8.57485e-10	-0.00324884
8.57608e-10	-0.00321842
8.5773e-10	-0.00318796
8.57852e-10	-0.00315744
8.57974e-10	-0.00312688
8.58097e-10	-0.00309627
8.58219e-10	-0.00306562
8.58341e-10	-0.00303492
8.58463e-10	-0.00300417
8.58585e-10	-0.00297338
8.58708e-10	-0.00294254
8.5883e-10	-0.00291165
8.58952e-10	-0.00288072
8.59074e-10	-0.00284974
8.59197e-10	-0.00281871
8.59319e-10	-0.00278764
8.59441e-10	-0.00275652
8.59563e-10	-0.00272536
8.59686e-10	-0.00269415
8.59808e-10	-0.00266289
8.5993e-10	-0.00263159
8.60052e-10	-0.00260024
8.60175e-10	-0.00256885
8.60297e-10	-0.00253741
8.60419e-10	-0.00250593
8.60541e-10	-0.0024744
8.60663e-10	-0.00244282
8.60786e-10	-0.0024112
8.60908e-10	-0.00237954
8.6103e-10	-0.00234783
8.61152e-10	-0.00231607
8.61275e-10	-0.00228427
8.61397e-10	-0.00225243
8.61519e-10	-0.00222054
8.61641e-10	-0.0021886
8.61764e-10	-0.00215662
8.61886e-10	-0.0021246
8.62008e-10	-0.00209253
8.6213e-10	-0.00206042
8.62253e-10	-0.00202826
8.62375e-10	-0.00199606
8.62497e-10	-0.00196381
8.62619e-10	-0.00193152
8.62741e-10	-0.00189919
8.62864e-10	-0.00186681
8.62986e-10	-0.00183439
8.63108e-10	-0.00180192
8.6323e-10	-0.00176941
8.63353e-10	-0.00173686
8.63475e-10	-0.00170426
8.63597e-10	-0.00167162
8.63719e-10	-0.00163894
8.63842e-10	-0.00160621
8.63964e-10	-0.00157344
8.64086e-10	-0.00154063
8.64208e-10	-0.00150777
8.64331e-10	-0.00147487
8.64453e-10	-0.00144193
8.64575e-10	-0.00140894
8.64697e-10	-0.00137592
8.64819e-10	-0.00134285
8.64942e-10	-0.00130973
8.65064e-10	-0.00127658
8.65186e-10	-0.00124338
8.65308e-10	-0.00121014
8.65431e-10	-0.00117686
8.65553e-10	-0.00114353
8.65675e-10	-0.00111016
8.65797e-10	-0.00107676
8.6592e-10	-0.00104331
8.66042e-10	-0.00100981
8.66164e-10	-0.000976278
8.66286e-10	-0.000942702
8.66409e-10	-0.000909085
8.66531e-10	-0.000875426
8.66653e-10	-0.000841725
8.66775e-10	-0.000807984
8.66898e-10	-0.000774201
8.6702e-10	-0.000740377
8.67142e-10	-0.000706512
8.67264e-10	-0.000672606
8.67386e-10	-0.000638659
8.67509e-10	-0.000604671
8.67631e-10	-0.000570643
8.67753e-10	-0.000536574
8.67875e-10	-0.000502465
8.67998e-10	-0.000468315
8.6812e-10	-0.000434125
8.68242e-10	-0.000399895
8.68364e-10	-0.000365624
8.68487e-10	-0.000331314
8.68609e-10	-0.000296963
8.68731e-10	-0.000262573
8.68853e-10	-0.000228143
8.68976e-10	-0.000193673
8.69098e-10	-0.000159164
8.6922e-10	-0.000124615
8.69342e-10	-9.00264e-05
8.69464e-10	-5.53989e-05
8.69587e-10	-2.07321e-05
8.69709e-10	1.39738e-05
8.69831e-10	4.87187e-05
8.69953e-10	8.35026e-05
8.70076e-10	0.000118325
8.70198e-10	0.000153187
8.7032e-10	0.000188087
8.70442e-10	0.000223025
8.70565e-10	0.000258003
8.70687e-10	0.000293018
8.70809e-10	0.000328072
8.70931e-10	0.000363164
8.71054e-10	0.000398294
8.71176e-10	0.000433462
8.71298e-10	0.000468667
8.7142e-10	0.000503911
8.71542e-10	0.000539192
8.71665e-10	0.000574511
8.71787e-10	0.000609867
8.71909e-10	0.000645261
8.72031e-10	0.000680692
8.72154e-10	0.00071616
8.72276e-10	0.000751666
8.72398e-10	0.000787208
8.7252e-10	0.000822787
8.72643e-10	0.000858403
8.72765e-10	0.000894056
8.72887e-10	0.000929745
8.73009e-10	0.000965471
8.73132e-10	0.00100123
8.73254e-10	0.00103703
8.73376e-10	0.00107287
8.73498e-10	0.00110874
8.7362e-10	0.00114464
8.73743e-10	0.00118059
8.73865e-10	0.00121656
8.73987e-10	0.00125258
8.74109e-10	0.00128863
8.74232e-10	0.00132471
8.74354e-10	0.00136083
8.74476e-10	0.00139699
8.74598e-10	0.00143318
8.74721e-10	0.00146941
8.74843e-10	0.00150567
8.74965e-10	0.00154196
8.75087e-10	0.00157829
8.7521e-10	0.00161466
8.75332e-10	0.00165106
8.75454e-10	0.00168749
8.75576e-10	0.00172396
8.75698e-10	0.00176046
8.75821e-10	0.001797
8.75943e-10	0.00183357
8.76065e-10	0.00187017
8.76187e-10	0.00190681
8.7631e-10	0.00194348
8.76432e-10	0.00198019
8.76554e-10	0.00201693
8.76676e-10	0.0020537
8.76799e-10	0.00209051
8.76921e-10	0.00212734
8.77043e-10	0.00216422
8.77165e-10	0.00220112
8.77288e-10	0.00223806
8.7741e-10	0.00227503
8.77532e-10	0.00231203
8.77654e-10	0.00234907
8.77777e-10	0.00238613
8.77899e-10	0.00242323
8.78021e-10	0.00246037
8.78143e-10	0.00249753
8.78265e-10	0.00253473
8.78388e-10	0.00257195
8.7851e-10	0.00260921
8.78632e-10	0.0026465
8.78754e-10	0.00268383
8.78877e-10	0.00272118
8.78999e-10	0.00275856
8.79121e-10	0.00279598
8.79243e-10	0.00283343
8.79366e-10	0.00287091
8.79488e-10	0.00290841
8.7961e-10	0.00294595
8.79732e-10	0.00298352
8.79855e-10	0.00302112
8.79977e-10	0.00305876
8.80099e-10	0.00309642
8.80221e-10	0.00313411
8.80343e-10	0.00317183
8.80466e-10	0.00320958
8.80588e-10	0.00324736
8.8071e-10	0.00328517
8.80832e-10	0.00332301
8.80955e-10	0.00336088
8.81077e-10	0.00339878
8.81199e-10	0.0034367
8.81321e-10	0.00347466
8.81444e-10	0.00351265
8.81566e-10	0.00355066
8.81688e-10	0.0035887
8.8181e-10	0.00362678
8.81933e-10	0.00366488
8.82055e-10	0.003703
8.82177e-10	0.00374116
8.82299e-10	0.00377935
8.82421e-10	0.00381756
8.82544e-10	0.0038558
8.82666e-10	0.00389407
8.82788e-10	0.00393236
8.8291e-10	0.00397069
8.83033e-10	0.00400904
8.83155e-10	0.00404741
8.83277e-10	0.00408582
8.83399e-10	0.00412425
8.83522e-10	0.00416271
8.83644e-10	0.0042012
8.83766e-10	0.00423971
8.83888e-10	0.00427825
8.84011e-10	0.00431681
8.84133e-10	0.0043554
8.84255e-10	0.00439402
8.84377e-10	0.00443267
8.84499e-10	0.00447133
8.84622e-10	0.00451003
8.84744e-10	0.00454875
8.84866e-10	0.0045875
8.84988e-10	0.00462627
8.85111e-10	0.00466507
8.85233e-10	0.00470389
8.85355e-10	0.00474274
8.85477e-10	0.00478161
8.856e-10	0.0048205
8.85722e-10	0.00485943
8.85844e-10	0.00489837
8.85966e-10	0.00493734
8.86089e-10	0.00497634
8.86211e-10	0.00501536
8.86333e-10	0.0050544
8.86455e-10	0.00509346
8.86578e-10	0.00513255
8.867e-10	0.00517167
8.86822e-10	0.00521081
8.86944e-10	0.00524997
8.87066e-10	0.00528915
8.87189e-10	0.00532836
8.87311e-10	0.00536759
8.87433e-10	0.00540684
8.87555e-10	0.00544612
8.87678e-10	0.00548541
8.878e-10	0.00552473
8.87922e-10	0.00556408
8.88044e-10	0.00560344
8.88167e-10	0.00564283
8.88289e-10	0.00568224
8.88411e-10	0.00572167
8.88533e-10	0.00576112
8.88656e-10	0.0058006
8.88778e-10	0.00584009
8.889e-10	0.00587961
8.89022e-10	0.00591914
8.89144e-10	0.0059587
8.89267e-10	0.00599828
8.89389e-10	0.00603788
8.89511e-10	0.0060775
8.89633e-10	0.00611715
8.89756e-10	0.00615681
8.89878e-10	0.00619649
8.9e-10	0.00623619
8.90122e-10	0.00627591
8.90245e-10	0.00631565
8.90367e-10	0.00635542
8.90489e-10	0.0063952
8.90611e-10	0.006435
8.90734e-10	0.00647481
8.90856e-10	0.00651465
8.90978e-10	0.00655451
8.911e-10	0.00659439
8.91222e-10	0.00663428
8.91345e-10	0.0066742
8.91467e-10	0.00671413
8.91589e-10	0.00675408
8.91711e-10	0.00679405
8.91834e-10	0.00683403
8.91956e-10	0.00687404
8.92078e-10	0.00691406
8.922e-10	0.0069541
8.92323e-10	0.00699415
8.92445e-10	0.00703423
8.92567e-10	0.00707432
8.92689e-10	0.00711443
8.92812e-10	0.00715455
8.92934e-10	0.00719469
8.93056e-10	0.00723485
8.93178e-10	0.00727503
8.933e-10	0.00731522
8.93423e-10	0.00735543
8.93545e-10	0.00739565
8.93667e-10	0.00743589
8.93789e-10	0.00747614
8.93912e-10	0.00751642
8.94034e-10	0.0075567
8.94156e-10	0.007597
8.94278e-10	0.00763732
8.94401e-10	0.00767765
8.94523e-10	0.007718
8.94645e-10	0.00775836
8.94767e-10	0.00779874
8.9489e-10	0.00783913
8.95012e-10	0.00787953
8.95134e-10	0.00791995
8.95256e-10	0.00796038
8.95378e-10	0.00800083
8.95501e-10	0.00804129
8.95623e-10	0.00808177
8.95745e-10	0.00812225
8.95867e-10	0.00816276
8.9599e-10	0.00820327
8.96112e-10	0.0082438
8.96234e-10	0.00828434
8.96356e-10	0.00832489
8.96479e-10	0.00836546
8.96601e-10	0.00840603
8.96723e-10	0.00844662
8.96845e-10	0.00848723
8.96968e-10	0.00852784
8.9709e-10	0.00856847
8.97212e-10	0.0086091
8.97334e-10	0.00864975
8.97457e-10	0.00869042
8.97579e-10	0.00873109
8.97701e-10	0.00877177
8.97823e-10	0.00881246
8.97945e-10	0.00885317
8.98068e-10	0.00889389
8.9819e-10	0.00893461
8.98312e-10	0.00897535
8.98434e-10	0.0090161
8.98557e-10	0.00905685
8.98679e-10	0.00909762
8.98801e-10	0.0091384
8.98923e-10	0.00917918
8.99046e-10	0.00921998
8.99168e-10	0.00926078
8.9929e-10	0.0093016
8.99412e-10	0.00934242
8.99535e-10	0.00938325
8.99657e-10	0.00942409
8.99779e-10	0.00946494
8.99901e-10	0.0095058
9.00023e-10	0.00954666
9.00146e-10	0.00958754
9.00268e-10	0.00962842
9.0039e-10	0.00966931
9.00512e-10	0.00971021
9.00635e-10	0.00975111
9.00757e-10	0.00979202
9.00879e-10	0.00983294
9.01001e-10	0.00987387
9.01124e-10	0.0099148
9.01246e-10	0.00995574
9.01368e-10	0.00999669
9.0149e-10	0.0100376
9.01613e-10	0.0100786
9.01735e-10	0.0101196
9.01857e-10	0.0101605
9.01979e-10	0.0102015
9.02101e-10	0.0102425
9.02224e-10	0.0102835
9.02346e-10	0.0103245
9.02468e-10	0.0103655
9.0259e-10	0.0104065
9.02713e-10	0.0104475
9.02835e-10	0.0104885
9.02957e-10	0.0105295
9.03079e-10	0.0105705
9.03202e-10	0.0106116
9.03324e-10	0.0106526
9.03446e-10	0.0106936
9.03568e-10	0.0107347
9.03691e-10	0.0107757
9.03813e-10	0.0108168
9.03935e-10	0.0108578
9.04057e-10	0.0108989
9.04179e-10	0.0109399
9.04302e-10	0.010981
9.04424e-10	0.011022
9.04546e-10	0.0110631
9.04668e-10	0.0111041
9.04791e-10	0.0111452
9.04913e-10	0.0111863
9.05035e-10	0.0112274
9.05157e-10	0.0112684
9.0528e-10	0.0113095
9.05402e-10	0.0113506
9.05524e-10	0.0113917
9.05646e-10	0.0114327
9.05769e-10	0.0114738
9.05891e-10	0.0115149
9.06013e-10	0.011556
9.06135e-10	0.011597
9.06257e-10	0.0116381
9.0638e-10	0.0116792
9.06502e-10	0.0117203
9.06624e-10	0.0117614
9.06746e-10	0.0118024
9.06869e-10	0.0118435
9.06991e-10	0.0118846
9.07113e-10	0.0119257
9.07235e-10	0.0119667
9.07358e-10	0.0120078
9.0748e-10	0.0120489
9.07602e-10	0.01209
9.07724e-10	0.012131
9.07847e-10	0.0121721
9.07969e-10	0.0122132
9.08091e-10	0.0122542
9.08213e-10	0.0122953
9.08336e-10	0.0123364
9.08458e-10	0.0123774
9.0858e-10	0.0124185
9.08702e-10	0.0124595
9.08824e-10	0.0125006
9.08947e-10	0.0125416
9.09069e-10	0.0125826
9.09191e-10	0.0126237
9.09313e-10	0.0126647
9.09436e-10	0.0127057
9.09558e-10	0.0127468
9.0968e-10	0.0127878
9.09802e-10	0.0128288
9.09925e-10	0.0128698
9.10047e-10	0.0129108
9.10169e-10	0.0129518
9.10291e-10	0.0129928
9.10414e-10	0.0130338
9.10536e-10	0.0130748
9.10658e-10	0.0131158
9.1078e-10	0.0131567
9.10902e-10	0.0131977
9.11025e-10	0.0132387
9.11147e-10	0.0132796
9.11269e-10	0.0133206
9.11391e-10	0.0133615
9.11514e-10	0.0134024
9.11636e-10	0.0134434
9.11758e-10	0.0134843
9.1188e-10	0.0135252
9.12003e-10	0.0135661
9.12125e-10	0.013607
9.12247e-10	0.0136479
9.12369e-10	0.0136888
9.12492e-10	0.0137296
9.12614e-10	0.0137705
9.12736e-10	0.0138113
9.12858e-10	0.0138522
9.1298e-10	0.013893
9.13103e-10	0.0139339
9.13225e-10	0.0139747
9.13347e-10	0.0140155
9.13469e-10	0.0140563
9.13592e-10	0.0140971
9.13714e-10	0.0141379
9.13836e-10	0.0141786
9.13958e-10	0.0142194
9.14081e-10	0.0142601
9.14203e-10	0.0143009
9.14325e-10	0.0143416
9.14447e-10	0.0143823
9.1457e-10	0.014423
9.14692e-10	0.0144637
9.14814e-10	0.0145044
9.14936e-10	0.0145451
9.15058e-10	0.0145857
9.15181e-10	0.0146264
9.15303e-10	0.014667
9.15425e-10	0.0147076
9.15547e-10	0.0147482
9.1567e-10	0.0147888
9.15792e-10	0.0148294
9.15914e-10	0.01487
9.16036e-10	0.0149106
9.16159e-10	0.0149511
9.16281e-10	0.0149916
9.16403e-10	0.0150322
9.16525e-10	0.0150727
9.16648e-10	0.0151131
9.1677e-10	0.0151536
9.16892e-10	0.0151941
9.17014e-10	0.0152345
9.17136e-10	0.015275
9.17259e-10	0.0153154
9.17381e-10	0.0153558
9.17503e-10	0.0153962
9.17625e-10	0.0154365
9.17748e-10	0.0154769
9.1787e-10	0.0155172
9.17992e-10	0.0155575
9.18114e-10	0.0155978
9.18237e-10	0.0156381
9.18359e-10	0.0156784
9.18481e-10	0.0157187
9.18603e-10	0.0157589
9.18726e-10	0.0157991
9.18848e-10	0.0158393
9.1897e-10	0.0158795
9.19092e-10	0.0159197
9.19215e-10	0.0159598
9.19337e-10	0.016
9.19459e-10	0.0160401
9.19581e-10	0.0160802
9.19703e-10	0.0161203
9.19826e-10	0.0161603
9.19948e-10	0.0162004
9.2007e-10	0.0162404
9.20192e-10	0.0162804
9.20315e-10	0.0163204
9.20437e-10	0.0163603
9.20559e-10	0.0164003
9.20681e-10	0.0164402
9.20804e-10	0.0164801
9.20926e-10	0.01652
9.21048e-10	0.0165598
9.2117e-10	0.0165997
9.21293e-10	0.0166395
9.21415e-10	0.0166793
9.21537e-10	0.0167191
9.21659e-10	0.0167588
9.21781e-10	0.0167986
9.21904e-10	0.0168383
9.22026e-10	0.016878
9.22148e-10	0.0169176
9.2227e-10	0.0169573
9.22393e-10	0.0169969
9.22515e-10	0.0170365
9.22637e-10	0.0170761
9.22759e-10	0.0171157
9.22882e-10	0.0171552
9.23004e-10	0.0171947
9.23126e-10	0.0172342
9.23248e-10	0.0172736
9.23371e-10	0.0173131
9.23493e-10	0.0173525
9.23615e-10	0.0173919
9.23737e-10	0.0174312
9.23859e-10	0.0174706
9.23982e-10	0.0175099
9.24104e-10	0.0175492
9.24226e-10	0.0175885
9.24348e-10	0.0176277
9.24471e-10	0.0176669
9.24593e-10	0.0177061
9.24715e-10	0.0177453
9.24837e-10	0.0177844
9.2496e-10	0.0178235
9.25082e-10	0.0178626
9.25204e-10	0.0179016
9.25326e-10	0.0179407
9.25449e-10	0.0179797
9.25571e-10	0.0180187
9.25693e-10	0.0180576
9.25815e-10	0.0180965
9.25937e-10	0.0181354
9.2606e-10	0.0181743
9.26182e-10	0.0182131
9.26304e-10	0.0182519
9.26426e-10	0.0182907
9.26549e-10	0.0183295
9.26671e-10	0.0183682
9.26793e-10	0.0184069
9.26915e-10	0.0184455
9.27038e-10	0.0184842
9.2716e-10	0.0185228
9.27282e-10	0.0185614
9.27404e-10	0.0185999
9.27527e-10	0.0186384
9.27649e-10	0.0186769
9.27771e-10	0.0187154
9.27893e-10	0.0187538
9.28015e-10	0.0187922
9.28138e-10	0.0188305
9.2826e-10	0.0188689
9.28382e-10	0.0189072
9.28504e-10	0.0189454
9.28627e-10	0.0189837
9.28749e-10	0.0190219
9.28871e-10	0.01906
9.28993e-10	0.0190982
9.29116e-10	0.0191363
9.29238e-10	0.0191743
9.2936e-10	0.0192124
9.29482e-10	0.0192504
9.29605e-10	0.0192884
9.29727e-10	0.0193263
9.29849e-10	0.0193642
9.29971e-10	0.0194021
9.30094e-10	0.0194399
9.30216e-10	0.0194777
9.30338e-10	0.0195155
9.3046e-10	0.0195532
9.30582e-10	0.0195909
9.30705e-10	0.0196286
9.30827e-10	0.0196662
9.30949e-10	0.0197038
9.31071e-10	0.0197414
9.31194e-10	0.0197789
9.31316e-10	0.0198164
9.31438e-10	0.0198538
9.3156e-10	0.0198913
9.31683e-10	0.0199286
9.31805e-10	0.019966
9.31927e-10	0.0200033
9.32049e-10	0.0200406
9.32172e-10	0.0200778
9.32294e-10	0.020115
9.32416e-10	0.0201521
9.32538e-10	0.0201893
9.3266e-10	0.0202263
9.32783e-10	0.0202634
9.32905e-10	0.0203004
9.33027e-10	0.0203373
9.33149e-10	0.0203743
9.33272e-10	0.0204112
9.33394e-10	0.020448
9.33516e-10	0.0204848
9.33638e-10	0.0205216
9.33761e-10	0.0205583
9.33883e-10	0.020595
9.34005e-10	0.0206317
9.34127e-10	0.0206683
9.3425e-10	0.0207048
9.34372e-10	0.0207414
9.34494e-10	0.0207778
9.34616e-10	0.0208143
9.34738e-10	0.0208507
9.34861e-10	0.0208871
9.34983e-10	0.0209234
9.35105e-10	0.0209597
9.35227e-10	0.0209959
9.3535e-10	0.0210321
9.35472e-10	0.0210683
9.35594e-10	0.0211044
9.35716e-10	0.0211404
9.35839e-10	0.0211765
9.35961e-10	0.0212124
9.36083e-10	0.0212484
9.36205e-10	0.0212843
9.36328e-10	0.0213201
9.3645e-10	0.0213559
9.36572e-10	0.0213917
9.36694e-10	0.0214274
9.36816e-10	0.0214631
9.36939e-10	0.0214987
9.37061e-10	0.0215343
9.37183e-10	0.0215699
9.37305e-10	0.0216054
9.37428e-10	0.0216408
9.3755e-10	0.0216762
9.37672e-10	0.0217116
9.37794e-10	0.0217469
9.37917e-10	0.0217822
9.38039e-10	0.0218174
9.38161e-10	0.0218526
9.38283e-10	0.0218877
9.38406e-10	0.0219228
9.38528e-10	0.0219578
9.3865e-10	0.0219928
9.38772e-10	0.0220278
9.38894e-10	0.0220626
9.39017e-10	0.0220975
9.39139e-10	0.0221323
9.39261e-10	0.022167
9.39383e-10	0.0222017
9.39506e-10	0.0222364
9.39628e-10	0.022271
9.3975e-10	0.0223056
9.39872e-10	0.0223401
9.39995e-10	0.0223745
9.40117e-10	0.0224089
9.40239e-10	0.0224433
9.40361e-10	0.0224776
9.40484e-10	0.0225119
9.40606e-10	0.0225461
9.40728e-10	0.0225802
9.4085e-10	0.0226143
9.40973e-10	0.0226484
9.41095e-10	0.0226824
9.41217e-10	0.0227163
9.41339e-10	0.0227502
9.41461e-10	0.0227841
9.41584e-10	0.0228179
9.41706e-10	0.0228516
9.41828e-10	0.0228853
9.4195e-10	0.022919
9.42073e-10	0.0229526
9.42195e-10	0.0229861
9.42317e-10	0.0230196
9.42439e-10	0.023053
9.42562e-10	0.0230864
9.42684e-10	0.0231197
9.42806e-10	0.023153
9.42928e-10	0.0231862
9.43051e-10	0.0232194
9.43173e-10	0.0232525
9.43295e-10	0.0232856
9.43417e-10	0.0233186
9.43539e-10	0.0233515
9.43662e-10	0.0233844
9.43784e-10	0.0234172
9.43906e-10	0.02345
9.44028e-10	0.0234827
9.44151e-10	0.0235154
9.44273e-10	0.023548
9.44395e-10	0.0235806
9.44517e-10	0.0236131
9.4464e-10	0.0236455
9.44762e-10	0.0236779
9.44884e-10	0.0237103
9.45006e-10	0.0237425
9.45129e-10	0.0237748
9.45251e-10	0.0238069
9.45373e-10	0.023839
9.45495e-10	0.0238711
9.45617e-10	0.023903
9.4574e-10	0.023935
9.45862e-10	0.0239669
9.45984e-10	0.0239987
9.46106e-10	0.0240304
9.46229e-10	0.0240621
9.46351e-10	0.0240937
9.46473e-10	0.0241253
9.46595e-10	0.0241568
9.46718e-10	0.0241883
9.4684e-10	0.0242197
9.46962e-10	0.024251
9.47084e-10	0.0242823
9.47207e-10	0.0243135
9.47329e-10	0.0243447
9.47451e-10	0.0243758
9.47573e-10	0.0244068
9.47695e-10	0.0244378
9.47818e-10	0.0244687
9.4794e-10	0.0244996
9.48062e-10	0.0245304
9.48184e-10	0.0245611
9.48307e-10	0.0245917
9.48429e-10	0.0246223
9.48551e-10	0.0246529
9.48673e-10	0.0246834
9.48796e-10	0.0247138
9.48918e-10	0.0247441
9.4904e-10	0.0247744
9.49162e-10	0.0248047
9.49285e-10	0.0248348
9.49407e-10	0.0248649
9.49529e-10	0.024895
9.49651e-10	0.0249249
9.49773e-10	0.0249548
9.49896e-10	0.0249847
9.50018e-10	0.0250144
9.5014e-10	0.0250442
9.50262e-10	0.0250738
9.50385e-10	0.0251034
9.50507e-10	0.0251329
9.50629e-10	0.0251624
9.50751e-10	0.0251917
9.50874e-10	0.0252211
9.50996e-10	0.0252503
9.51118e-10	0.0252795
9.5124e-10	0.0253086
9.51363e-10	0.0253377
9.51485e-10	0.0253667
9.51607e-10	0.0253956
9.51729e-10	0.0254244
9.51852e-10	0.0254532
9.51974e-10	0.0254819
9.52096e-10	0.0255106
9.52218e-10	0.0255392
9.5234e-10	0.0255677
9.52463e-10	0.0255961
9.52585e-10	0.0256245
9.52707e-10	0.0256528
9.52829e-10	0.0256811
9.52952e-10	0.0257092
9.53074e-10	0.0257373
9.53196e-10	0.0257654
9.53318e-10	0.0257933
9.53441e-10	0.0258212
9.53563e-10	0.025849
9.53685e-10	0.0258768
9.53807e-10	0.0259045
9.5393e-10	0.0259321
9.54052e-10	0.0259596
9.54174e-10	0.0259871
9.54296e-10	0.0260145
9.54418e-10	0.0260418
9.54541e-10	0.0260691
9.54663e-10	0.0260963
9.54785e-10	0.0261234
9.54907e-10	0.0261504
9.5503e-10	0.0261774
9.55152e-10	0.0262043
9.55274e-10	0.0262311
9.55396e-10	0.0262579
9.55519e-10	0.0262845
9.55641e-10	0.0263111
9.55763e-10	0.0263377
9.55885e-10	0.0263641
9.56008e-10	0.0263905
9.5613e-10	0.0264168
9.56252e-10	0.026443
9.56374e-10	0.0264692
9.56496e-10	0.0264953
9.56619e-10	0.0265213
9.56741e-10	0.0265472
9.56863e-10	0.0265731
9.56985e-10	0.0265989
9.57108e-10	0.0266246
9.5723e-10	0.0266502
9.57352e-10	0.0266758
9.57474e-10	0.0267013
9.57597e-10	0.0267267
9.57719e-10	0.026752
9.57841e-10	0.0267773
9.57963e-10	0.0268025
9.58086e-10	0.0268276
9.58208e-10	0.0268526
9.5833e-10	0.0268776
9.58452e-10	0.0269024
9.58574e-10	0.0269272
9.58697e-10	0.0269519
9.58819e-10	0.0269766
9.58941e-10	0.0270011
9.59063e-10	0.0270256
9.59186e-10	0.02705
9.59308e-10	0.0270743
9.5943e-10	0.0270986
9.59552e-10	0.0271228
9.59675e-10	0.0271468
9.59797e-10	0.0271709
9.59919e-10	0.0271948
9.60041e-10	0.0272186
9.60164e-10	0.0272424
9.60286e-10	0.0272661
9.60408e-10	0.0272897
9.6053e-10	0.0273132
9.60652e-10	0.0273367
9.60775e-10	0.0273601
9.60897e-10	0.0273834
9.61019e-10	0.0274066
9.61141e-10	0.0274297
9.61264e-10	0.0274527
9.61386e-10	0.0274757
9.61508e-10	0.0274986
9.6163e-10	0.0275214
9.61753e-10	0.0275441
9.61875e-10	0.0275667
9.61997e-10	0.0275893
9.62119e-10	0.0276117
9.62242e-10	0.0276341
9.62364e-10	0.0276564
9.62486e-10	0.0276787
9.62608e-10	0.0277008
9.62731e-10	0.0277229
9.62853e-10	0.0277448
9.62975e-10	0.0277667
9.63097e-10	0.0277885
9.63219e-10	0.0278102
9.63342e-10	0.0278319
9.63464e-10	0.0278534
9.63586e-10	0.0278749
9.63708e-10	0.0278963
9.63831e-10	0.0279176
9.63953e-10	0.0279388
9.64075e-10	0.0279599
9.64197e-10	0.0279809
9.6432e-10	0.0280019
9.64442e-10	0.0280228
9.64564e-10	0.0280435
9.64686e-10	0.0280642
9.64809e-10	0.0280848
9.64931e-10	0.0281054
9.65053e-10	0.0281258
9.65175e-10	0.0281461
9.65297e-10	0.0281664
9.6542e-10	0.0281866
9.65542e-10	0.0282067
9.65664e-10	0.0282267
9.65786e-10	0.0282466
9.65909e-10	0.0282664
9.66031e-10	0.0282861
9.66153e-10	0.0283058
9.66275e-10	0.0283253
9.66398e-10	0.0283448
9.6652e-10	0.0283642
9.66642e-10	0.0283835
9.66764e-10	0.0284027
9.66887e-10	0.0284218
9.67009e-10	0.0284408
9.67131e-10	0.0284597
9.67253e-10	0.0284786
9.67375e-10	0.0284973
9.67498e-10	0.028516
9.6762e-10	0.0285346
9.67742e-10	0.0285531
9.67864e-10	0.0285714
9.67987e-10	0.0285897
9.68109e-10	0.028608
9.68231e-10	0.0286261
9.68353e-10	0.0286441
9.68476e-10	0.028662
9.68598e-10	0.0286799
9.6872e-10	0.0286976
9.68842e-10	0.0287153
9.68965e-10	0.0287329
9.69087e-10	0.0287503
9.69209e-10	0.0287677
9.69331e-10	0.028785
9.69453e-10	0.0288022
9.69576e-10	0.0288193
9.69698e-10	0.0288363
9.6982e-10	0.0288532
9.69942e-10	0.0288701
9.70065e-10	0.0288868
9.70187e-10	0.0289034
9.70309e-10	0.02892
9.70431e-10	0.0289364
9.70554e-10	0.0289528
9.70676e-10	0.028969
9.70798e-10	0.0289852
9.7092e-10	0.0290013
9.71043e-10	0.0290172
9.71165e-10	0.0290331
9.71287e-10	0.0290489
9.71409e-10	0.0290646
9.71532e-10	0.0290802
9.71654e-10	0.0290957
9.71776e-10	0.0291111
9.71898e-10	0.0291264
9.7202e-10	0.0291416
9.72143e-10	0.0291567
9.72265e-10	0.0291717
9.72387e-10	0.0291867
9.72509e-10	0.0292015
9.72632e-10	0.0292162
9.72754e-10	0.0292308
9.72876e-10	0.0292454
9.72998e-10	0.0292598
9.73121e-10	0.0292741
9.73243e-10	0.0292884
9.73365e-10	0.0293025
9.73487e-10	0.0293165
9.7361e-10	0.0293305
9.73732e-10	0.0293443
9.73854e-10	0.0293581
9.73976e-10	0.0293717
9.74098e-10	0.0293853
9.74221e-10	0.0293987
9.74343e-10	0.0294121
9.74465e-10	0.0294253
9.74587e-10	0.0294385
9.7471e-10	0.0294515
9.74832e-10	0.0294645
9.74954e-10	0.0294773
9.75076e-10	0.0294901
9.75199e-10	0.0295027
9.75321e-10	0.0295153
9.75443e-10	0.0295277
9.75565e-10	0.0295401
9.75688e-10	0.0295523
9.7581e-10	0.0295645
9.75932e-10	0.0295765
9.76054e-10	0.0295884
9.76176e-10	0.0296003
9.76299e-10	0.029612
9.76421e-10	0.0296237
9.76543e-10	0.0296352
9.76665e-10	0.0296466
9.76788e-10	0.029658
9.7691e-10	0.0296692
9.77032e-10	0.0296803
9.77154e-10	0.0296913
9.77277e-10	0.0297023
9.77399e-10	0.0297131
9.77521e-10	0.0297238
9.77643e-10	0.0297344
9.77766e-10	0.0297449
9.77888e-10	0.0297553
9.7801e-10	0.0297656
9.78132e-10	0.0297758
9.78254e-10	0.0297859
9.78377e-10	0.0297959
9.78499e-10	0.0298058
9.78621e-10	0.0298155
9.78743e-10	0.0298252
9.78866e-10	0.0298348
9.78988e-10	0.0298442
9.7911e-10	0.0298536
9.79232e-10	0.0298628
9.79355e-10	0.029872
9.79477e-10	0.029881
9.79599e-10	0.02989
9.79721e-10	0.0298988
9.79844e-10	0.0299075
9.79966e-10	0.0299161
9.80088e-10	0.0299246
9.8021e-10	0.029933
9.80332e-10	0.0299413
9.80455e-10	0.0299495
9.80577e-10	0.0299576
9.80699e-10	0.0299656
9.80821e-10	0.0299735
9.80944e-10	0.0299812
9.81066e-10	0.0299889
9.81188e-10	0.0299964
9.8131e-10	0.0300039
9.81433e-10	0.0300112
9.81555e-10	0.0300184
9.81677e-10	0.0300255
9.81799e-10	0.0300325
9.81922e-10	0.0300394
9.82044e-10	0.0300462
9.82166e-10	0.0300529
9.82288e-10	0.0300595
9.82411e-10	0.0300659
9.82533e-10	0.0300723
9.82655e-10	0.0300785
9.82777e-10	0.0300846
9.82899e-10	0.0300907
9.83022e-10	0.0300966
9.83144e-10	0.0301024
9.83266e-10	0.0301081
9.83388e-10	0.0301137
9.83511e-10	0.0301191
9.83633e-10	0.0301245
9.83755e-10	0.0301297
9.83877e-10	0.0301349
9.84e-10	0.0301399
9.84122e-10	0.0301448
9.84244e-10	0.0301496
9.84366e-10	0.0301543
9.84489e-10	0.0301589
9.84611e-10	0.0301634
9.84733e-10	0.0301678
9.84855e-10	0.030172
9.84977e-10	0.0301762
9.851e-10	0.0301802
9.85222e-10	0.0301841
9.85344e-10	0.0301879
9.85466e-10	0.0301916
9.85589e-10	0.0301952
9.85711e-10	0.0301986
9.85833e-10	0.030202
9.85955e-10	0.0302052
9.86078e-10	0.0302083
9.862e-10	0.0302114
9.86322e-10	0.0302143
9.86444e-10	0.030217
9.86567e-10	0.0302197
9.86689e-10	0.0302223
9.86811e-10	0.0302247
9.86933e-10	0.030227
9.87055e-10	0.0302293
9.87178e-10	0.0302314
9.873e-10	0.0302333
9.87422e-10	0.0302352
9.87544e-10	0.030237
9.87667e-10	0.0302386
9.87789e-10	0.0302401
9.87911e-10	0.0302416
9.88033e-10	0.0302428
9.88156e-10	0.030244
9.88278e-10	0.0302451
9.884e-10	0.030246
9.88522e-10	0.0302469
9.88645e-10	0.0302476
9.88767e-10	0.0302482
9.88889e-10	0.0302487
9.89011e-10	0.0302491
9.89133e-10	0.0302493
9.89256e-10	0.0302495
9.89378e-10	0.0302495
9.895e-10	0.0302494
9.89622e-10	0.0302492
9.89745e-10	0.0302489
9.89867e-10	0.0302484
9.89989e-10	0.0302478
9.90111e-10	0.0302472
9.90234e-10	0.0302464
9.90356e-10	0.0302455
9.90478e-10	0.0302444
9.906e-10	0.0302433
9.90723e-10	0.030242
9.90845e-10	0.0302406
9.90967e-10	0.0302391
9.91089e-10	0.0302375
9.91211e-10	0.0302358
9.91334e-10	0.0302339
9.91456e-10	0.0302319
9.91578e-10	0.0302298
9.917e-10	0.0302276
9.91823e-10	0.0302253
9.91945e-10	0.0302228
9.92067e-10	0.0302203
9.92189e-10	0.0302176
9.92312e-10	0.0302148
9.92434e-10	0.0302118
9.92556e-10	0.0302088
9.92678e-10	0.0302056
9.92801e-10	0.0302023
9.92923e-10	0.0301989
9.93045e-10	0.0301954
9.93167e-10	0.0301917
9.9329e-10	0.030188
9.93412e-10	0.0301841
9.93534e-10	0.0301801
9.93656e-10	0.0301759
9.93778e-10	0.0301717
9.93901e-10	0.0301673
9.94023e-10	0.0301628
9.94145e-10	0.0301582
9.94267e-10	0.0301535
9.9439e-10	0.0301486
9.94512e-10	0.0301437
9.94634e-10	0.0301386
9.94756e-10	0.0301333
9.94879e-10	0.030128
9.95001e-10	0.0301225
9.95123e-10	0.0301169
9.95245e-10	0.0301112
9.95368e-10	0.0301054
9.9549e-10	0.0300995
9.95612e-10	0.0300934
9.95734e-10	0.0300872
9.95856e-10	0.0300809
9.95979e-10	0.0300744
9.96101e-10	0.0300679
9.96223e-10	0.0300612
9.96345e-10	0.0300544
9.96468e-10	0.0300475
9.9659e-10	0.0300404
9.96712e-10	0.0300332
9.96834e-10	0.0300259
9.96957e-10	0.0300185
9.97079e-10	0.0300109
9.97201e-10	0.0300033
9.97323e-10	0.0299955
9.97446e-10	0.0299876
9.97568e-10	0.0299795
9.9769e-10	0.0299714
9.97812e-10	0.0299631
9.97934e-10	0.0299546
9.98057e-10	0.0299461
9.98179e-10	0.0299374
9.98301e-10	0.0299287
9.98423e-10	0.0299197
9.98546e-10	0.0299107
9.98668e-10	0.0299015
9.9879e-10	0.0298923
9.98912e-10	0.0298829
9.99035e-10	0.0298733
9.99157e-10	0.0298637
9.99279e-10	0.0298539
9.99401e-10	0.029844
9.99524e-10	0.0298339
9.99646e-10	0.0298238
9.99768e-10	0.0298135
9.9989e-10	0.0298031
1.00001e-09	0.0297925
1.00013e-09	0.0297819
1.00026e-09	0.0297711
1.00038e-09	0.0297601
1.0005e-09	0.0297491
1.00062e-09	0.0297379
1.00075e-09	0.0297266
1.00087e-09	0.0297152
1.00099e-09	0.0297037
1.00111e-09	0.029692
1.00123e-09	0.0296802
1.00136e-09	0.0296683
1.00148e-09	0.0296562
1.0016e-09	0.029644
1.00172e-09	0.0296317
1.00185e-09	0.0296193
1.00197e-09	0.0296067
1.00209e-09	0.029594
1.00221e-09	0.0295812
1.00233e-09	0.0295683
1.00246e-09	0.0295552
1.00258e-09	0.029542
1.0027e-09	0.0295287
1.00282e-09	0.0295152
1.00295e-09	0.0295017
1.00307e-09	0.029488
1.00319e-09	0.0294741
1.00331e-09	0.0294602
1.00344e-09	0.0294461
1.00356e-09	0.0294318
1.00368e-09	0.0294175
1.0038e-09	0.029403
1.00392e-09	0.0293884
1.00405e-09	0.0293737
1.00417e-09	0.0293588
1.00429e-09	0.0293438
1.00441e-09	0.0293287
1.00454e-09	0.0293135
1.00466e-09	0.0292981
1.00478e-09	0.0292826
1.0049e-09	0.0292669
1.00502e-09	0.0292512
1.00515e-09	0.0292353
1.00527e-09	0.0292193
1.00539e-09	0.0292031
1.00551e-09	0.0291868
1.00564e-09	0.0291704
1.00576e-09	0.0291539
1.00588e-09	0.0291372
1.006e-09	0.0291204
1.00612e-09	0.0291035
1.00625e-09	0.0290864
1.00637e-09	0.0290693
1.00649e-09	0.0290519
1.00661e-09	0.0290345
1.00674e-09	0.0290169
1.00686e-09	0.0289992
1.00698e-09	0.0289814
1.0071e-09	0.0289634
1.00722e-09	0.0289453
1.00735e-09	0.0289271
1.00747e-09	0.0289087
1.00759e-09	0.0288902
1.00771e-09	0.0288716
1.00784e-09	0.0288529
1.00796e-09	0.028834
1.00808e-09	0.028815
1.0082e-09	0.0287959
1.00832e-09	0.0287766
1.00845e-09	0.0287572
1.00857e-09	0.0287377
1.00869e-09	0.028718
1.00881e-09	0.0286982
1.00894e-09	0.0286783
1.00906e-09	0.0286582
1.00918e-09	0.028638
1.0093e-09	0.0286177
1.00942e-09	0.0285973
1.00955e-09	0.0285767
1.00967e-09	0.028556
1.00979e-09	0.0285351
1.00991e-09	0.0285142
1.01004e-09	0.0284931
1.01016e-09	0.0284718
1.01028e-09	0.0284504
1.0104e-09	0.0284289
1.01052e-09	0.0284073
1.01065e-09	0.0283855
1.01077e-09	0.0283637
1.01089e-09	0.0283416
1.01101e-09	0.0283195
1.01114e-09	0.0282972
1.01126e-09	0.0282748
1.01138e-09	0.0282522
1.0115e-09	0.0282295
1.01162e-09	0.0282067
1.01175e-09	0.0281837
1.01187e-09	0.0281607
1.01199e-09	0.0281374
1.01211e-09	0.0281141
1.01224e-09	0.0280906
1.01236e-09	0.028067
1.01248e-09	0.0280432
1.0126e-09	0.0280194
1.01273e-09	0.0279954
1.01285e-09	0.0279712
1.01297e-09	0.0279469
1.01309e-09	0.0279225
1.01321e-09	0.027898
1.01334e-09	0.0278733
1.01346e-09	0.0278485
1.01358e-09	0.0278236
1.0137e-09	0.0277985
1.01383e-09	0.0277733
1.01395e-09	0.027748
1.01407e-09	0.0277225
1.01419e-09	0.0276969
1.01431e-09	0.0276711
1.01444e-09	0.0276453
1.01456e-09	0.0276193
1.01468e-09	0.0275931
1.0148e-09	0.0275669
1.01493e-09	0.0275405
1.01505e-09	0.0275139
1.01517e-09	0.0274873
1.01529e-09	0.0274605
1.01541e-09	0.0274335
1.01554e-09	0.0274064
1.01566e-09	0.0273792
1.01578e-09	0.0273519
1.0159e-09	0.0273244
1.01603e-09	0.0272968
1.01615e-09	0.0272691
1.01627e-09	0.0272412
1.01639e-09	0.0272132
1.01651e-09	0.0271851
1.01664e-09	0.0271568
1.01676e-09	0.0271284
1.01688e-09	0.0270999
1.017e-09	0.0270712
1.01713e-09	0.0270424
1.01725e-09	0.0270135
1.01737e-09	0.0269844
1.01749e-09	0.0269552
1.01761e-09	0.0269258
1.01774e-09	0.0268964
1.01786e-09	0.0268668
1.01798e-09	0.026837
1.0181e-09	0.0268071
1.01823e-09	0.0267771
1.01835e-09	0.026747
1.01847e-09	0.0267167
1.01859e-09	0.0266863
1.01871e-09	0.0266558
1.01884e-09	0.0266251
1.01896e-09	0.0265943
1.01908e-09	0.0265633
1.0192e-09	0.0265322
1.01933e-09	0.026501
1.01945e-09	0.0264697
1.01957e-09	0.0264382
1.01969e-09	0.0264066
1.01981e-09	0.0263748
1.01994e-09	0.0263429
1.02006e-09	0.0263109
1.02018e-09	0.0262788
1.0203e-09	0.0262465
1.02043e-09	0.026214
1.02055e-09	0.0261815
1.02067e-09	0.0261488
1.02079e-09	0.026116
1.02091e-09	0.026083
1.02104e-09	0.0260499
1.02116e-09	0.0260167
1.02128e-09	0.0259833
1.0214e-09	0.0259498
1.02153e-09	0.0259162
1.02165e-09	0.0258824
1.02177e-09	0.0258485
1.02189e-09	0.0258145
1.02201e-09	0.0257803
1.02214e-09	0.025746
1.02226e-09	0.0257116
1.02238e-09	0.025677
1.0225e-09	0.0256423
1.02263e-09	0.0256075
1.02275e-09	0.0255725
1.02287e-09	0.0255374
1.02299e-09	0.0255022
1.02312e-09	0.0254668
1.02324e-09	0.0254313
1.02336e-09	0.0253956
1.02348e-09	0.0253599
1.0236e-09	0.025324
1.02373e-09	0.0252879
1.02385e-09	0.0252517
1.02397e-09	0.0252154
1.02409e-09	0.025179
1.02422e-09	0.0251424
1.02434e-09	0.0251057
1.02446e-09	0.0250688
1.02458e-09	0.0250318
1.0247e-09	0.0249947
1.02483e-09	0.0249575
1.02495e-09	0.0249201
1.02507e-09	0.0248825
1.02519e-09	0.0248449
1.02532e-09	0.0248071
1.02544e-09	0.0247692
1.02556e-09	0.0247311
1.02568e-09	0.0246929
1.0258e-09	0.0246546
1.02593e-09	0.0246161
1.02605e-09	0.0245775
1.02617e-09	0.0245388
1.02629e-09	0.0244999
1.02642e-09	0.0244609
1.02654e-09	0.0244218
1.02666e-09	0.0243826
1.02678e-09	0.0243432
1.0269e-09	0.0243036
1.02703e-09	0.024264
1.02715e-09	0.0242242
1.02727e-09	0.0241842
1.02739e-09	0.0241441
1.02752e-09	0.0241039
1.02764e-09	0.0240636
1.02776e-09	0.0240231
1.02788e-09	0.0239825
1.028e-09	0.0239418
1.02813e-09	0.0239009
1.02825e-09	0.0238599
1.02837e-09	0.0238188
1.02849e-09	0.0237775
1.02862e-09	0.0237361
1.02874e-09	0.0236946
1.02886e-09	0.0236529
1.02898e-09	0.0236111
1.0291e-09	0.0235691
1.02923e-09	0.0235271
1.02935e-09	0.0234849
1.02947e-09	0.0234425
1.02959e-09	0.0234001
1.02972e-09	0.0233574
1.02984e-09	0.0233147
1.02996e-09	0.0232718
1.03008e-09	0.0232288
1.0302e-09	0.0231857
1.03033e-09	0.0231424
1.03045e-09	0.023099
1.03057e-09	0.0230555
1.03069e-09	0.0230118
1.03082e-09	0.022968
1.03094e-09	0.0229241
1.03106e-09	0.02288
1.03118e-09	0.0228358
1.0313e-09	0.0227914
1.03143e-09	0.022747
1.03155e-09	0.0227024
1.03167e-09	0.0226576
1.03179e-09	0.0226128
1.03192e-09	0.0225678
1.03204e-09	0.0225226
1.03216e-09	0.0224774
1.03228e-09	0.022432
1.03241e-09	0.0223864
1.03253e-09	0.0223408
1.03265e-09	0.022295
1.03277e-09	0.022249
1.03289e-09	0.022203
1.03302e-09	0.0221568
1.03314e-09	0.0221105
1.03326e-09	0.022064
1.03338e-09	0.0220174
1.03351e-09	0.0219707
1.03363e-09	0.0219238
1.03375e-09	0.0218768
1.03387e-09	0.0218297
1.03399e-09	0.0217825
1.03412e-09	0.0217351
1.03424e-09	0.0216876
1.03436e-09	0.0216399
1.03448e-09	0.0215922
1.03461e-09	0.0215443
1.03473e-09	0.0214962
1.03485e-09	0.021448
1.03497e-09	0.0213997
1.03509e-09	0.0213513
1.03522e-09	0.0213027
1.03534e-09	0.021254
1.03546e-09	0.0212052
1.03558e-09	0.0211562
1.03571e-09	0.0211072
1.03583e-09	0.0210579
1.03595e-09	0.0210086
1.03607e-09	0.0209591
1.03619e-09	0.0209095
1.03632e-09	0.0208597
1.03644e-09	0.0208099
1.03656e-09	0.0207599
1.03668e-09	0.0207097
1.03681e-09	0.0206594
1.03693e-09	0.020609
1.03705e-09	0.0205585
1.03717e-09	0.0205079
1.03729e-09	0.0204571
1.03742e-09	0.0204062
1.03754e-09	0.0203551
1.03766e-09	0.0203039
1.03778e-09	0.0202526
1.03791e-09	0.0202012
1.03803e-09	0.0201496
1.03815e-09	0.0200979
1.03827e-09	0.0200461
1.03839e-09	0.0199941
1.03852e-09	0.019942
1.03864e-09	0.0198898
1.03876e-09	0.0198375
1.03888e-09	0.019785
1.03901e-09	0.0197324
1.03913e-09	0.0196796
1.03925e-09	0.0196268
1.03937e-09	0.0195738
1.03949e-09	0.0195206
1.03962e-09	0.0194674
1.03974e-09	0.019414
1.03986e-09	0.0193605
1.03998e-09	0.0193069
1.04011e-09	0.0192531
1.04023e-09	0.0191992
1.04035e-09	0.0191452
1.04047e-09	0.019091
1.04059e-09	0.0190367
1.04072e-09	0.0189823
1.04084e-09	0.0189278
1.04096e-09	0.0188731
1.04108e-09	0.0188183
1.04121e-09	0.0187634
1.04133e-09	0.0187084
1.04145e-09	0.0186532
1.04157e-09	0.0185979
1.04169e-09	0.0185425
1.04182e-09	0.0184869
1.04194e-09	0.0184312
1.04206e-09	0.0183754
1.04218e-09	0.0183195
1.04231e-09	0.0182634
1.04243e-09	0.0182072
1.04255e-09	0.0181509
1.04267e-09	0.0180944
1.0428e-09	0.0180379
1.04292e-09	0.0179812
1.04304e-09	0.0179243
1.04316e-09	0.0178674
1.04328e-09	0.0178103
1.04341e-09	0.0177531
1.04353e-09	0.0176958
1.04365e-09	0.0176383
1.04377e-09	0.0175807
1.0439e-09	0.017523
1.04402e-09	0.0174652
1.04414e-09	0.0174072
1.04426e-09	0.0173491
1.04438e-09	0.0172909
1.04451e-09	0.0172326
1.04463e-09	0.0171741
1.04475e-09	0.0171155
1.04487e-09	0.0170568
1.045e-09	0.016998
1.04512e-09	0.016939
1.04524e-09	0.0168799
1.04536e-09	0.0168207
1.04548e-09	0.0167614
1.04561e-09	0.0167019
1.04573e-09	0.0166423
1.04585e-09	0.0165826
1.04597e-09	0.0165228
1.0461e-09	0.0164628
1.04622e-09	0.0164027
1.04634e-09	0.0163425
1.04646e-09	0.0162822
1.04658e-09	0.0162217
1.04671e-09	0.0161612
1.04683e-09	0.0161005
1.04695e-09	0.0160396
1.04707e-09	0.0159787
1.0472e-09	0.0159176
1.04732e-09	0.0158564
1.04744e-09	0.0157951
1.04756e-09	0.0157337
1.04768e-09	0.0156721
1.04781e-09	0.0156104
1.04793e-09	0.0155486
1.04805e-09	0.0154867
1.04817e-09	0.0154247
1.0483e-09	0.0153625
1.04842e-09	0.0153002
1.04854e-09	0.0152378
1.04866e-09	0.0151753
1.04878e-09	0.0151126
1.04891e-09	0.0150498
1.04903e-09	0.0149869
1.04915e-09	0.0149239
1.04927e-09	0.0148608
1.0494e-09	0.0147975
1.04952e-09	0.0147341
1.04964e-09	0.0146706
1.04976e-09	0.014607
1.04988e-09	0.0145433
1.05001e-09	0.0144794
1.05013e-09	0.0144154
1.05025e-09	0.0143513
1.05037e-09	0.0142871
1.0505e-09	0.0142228
1.05062e-09	0.0141583
1.05074e-09	0.0140937
1.05086e-09	0.014029
1.05098e-09	0.0139642
1.05111e-09	0.0138993
1.05123e-09	0.0138342
1.05135e-09	0.013769
1.05147e-09	0.0137037
1.0516e-09	0.0136383
1.05172e-09	0.0135728
1.05184e-09	0.0135071
1.05196e-09	0.0134414
1.05209e-09	0.0133755
1.05221e-09	0.0133095
1.05233e-09	0.0132434
1.05245e-09	0.0131771
1.05257e-09	0.0131108
1.0527e-09	0.0130443
1.05282e-09	0.0129777
1.05294e-09	0.012911
1.05306e-09	0.0128442
1.05319e-09	0.0127773
1.05331e-09	0.0127102
1.05343e-09	0.012643
1.05355e-09	0.0125757
1.05367e-09	0.0125083
1.0538e-09	0.0124408
1.05392e-09	0.0123732
1.05404e-09	0.0123054
1.05416e-09	0.0122376
1.05429e-09	0.0121696
1.05441e-09	0.0121015
1.05453e-09	0.0120333
1.05465e-09	0.011965
1.05477e-09	0.0118965
1.0549e-09	0.011828
1.05502e-09	0.0117593
1.05514e-09	0.0116905
1.05526e-09	0.0116216
1.05539e-09	0.0115526
1.05551e-09	0.0114835
1.05563e-09	0.0114142
1.05575e-09	0.0113449
1.05587e-09	0.0112754
1.056e-09	0.0112059
1.05612e-09	0.0111362
1.05624e-09	0.0110664
1.05636e-09	0.0109964
1.05649e-09	0.0109264
1.05661e-09	0.0108563
1.05673e-09	0.010786
1.05685e-09	0.0107157
1.05697e-09	0.0106452
1.0571e-09	0.0105746
1.05722e-09	0.0105039
1.05734e-09	0.0104331
1.05746e-09	0.0103622
1.05759e-09	0.0102911
1.05771e-09	0.01022
1.05783e-09	0.0101487
1.05795e-09	0.0100774
1.05807e-09	0.0100059
1.0582e-09	0.00993431
1.05832e-09	0.00986261
1.05844e-09	0.00979081
1.05856e-09	0.00971889
1.05869e-09	0.00964687
1.05881e-09	0.00957474
1.05893e-09	0.00950249
1.05905e-09	0.00943014
1.05917e-09	0.00935768
1.0593e-09	0.00928512
1.05942e-09	0.00921244
1.05954e-09	0.00913966
1.05966e-09	0.00906676
1.05979e-09	0.00899376
1.05991e-09	0.00892065
1.06003e-09	0.00884744
1.06015e-09	0.00877412
1.06027e-09	0.00870069
1.0604e-09	0.00862715
1.06052e-09	0.0085535
1.06064e-09	0.00847975
1.06076e-09	0.0084059
1.06089e-09	0.00833193
1.06101e-09	0.00825787
1.06113e-09	0.00818369
1.06125e-09	0.00810941
1.06137e-09	0.00803502
1.0615e-09	0.00796053
1.06162e-09	0.00788594
1.06174e-09	0.00781124
1.06186e-09	0.00773643
1.06199e-09	0.00766152
1.06211e-09	0.0075865
1.06223e-09	0.00751138
1.06235e-09	0.00743616
1.06248e-09	0.00736083
1.0626e-09	0.0072854
1.06272e-09	0.00720987
1.06284e-09	0.00713423
1.06296e-09	0.00705849
1.06309e-09	0.00698265
1.06321e-09	0.0069067
1.06333e-09	0.00683066
1.06345e-09	0.00675451
1.06358e-09	0.00667825
1.0637e-09	0.0066019
1.06382e-09	0.00652544
1.06394e-09	0.00644889
1.06406e-09	0.00637223
1.06419e-09	0.00629547
1.06431e-09	0.00621861
1.06443e-09	0.00614165
1.06455e-09	0.00606458
1.06468e-09	0.00598742
1.0648e-09	0.00591016
1.06492e-09	0.0058328
1.06504e-09	0.00575534
1.06516e-09	0.00567778
1.06529e-09	0.00560012
1.06541e-09	0.00552236
1.06553e-09	0.0054445
1.06565e-09	0.00536654
1.06578e-09	0.00528849
1.0659e-09	0.00521033
1.06602e-09	0.00513208
1.06614e-09	0.00505373
1.06626e-09	0.00497529
1.06639e-09	0.00489674
1.06651e-09	0.0048181
1.06663e-09	0.00473936
1.06675e-09	0.00466053
1.06688e-09	0.0045816
1.067e-09	0.00450257
1.06712e-09	0.00442344
1.06724e-09	0.00434422
1.06736e-09	0.00426491
1.06749e-09	0.0041855
1.06761e-09	0.00410599
1.06773e-09	0.00402639
1.06785e-09	0.00394669
1.06798e-09	0.0038669
1.0681e-09	0.00378702
1.06822e-09	0.00370704
1.06834e-09	0.00362696
1.06846e-09	0.0035468
1.06859e-09	0.00346654
1.06871e-09	0.00338618
1.06883e-09	0.00330574
1.06895e-09	0.0032252
1.06908e-09	0.00314456
1.0692e-09	0.00306384
1.06932e-09	0.00298302
1.06944e-09	0.00290211
1.06956e-09	0.00282111
1.06969e-09	0.00274002
1.06981e-09	0.00265884
1.06993e-09	0.00257756
1.07005e-09	0.0024962
1.07018e-09	0.00241474
1.0703e-09	0.0023332
1.07042e-09	0.00225156
1.07054e-09	0.00216983
1.07066e-09	0.00208802
1.07079e-09	0.00200611
1.07091e-09	0.00192412
1.07103e-09	0.00184203
1.07115e-09	0.00175986
1.07128e-09	0.0016776
1.0714e-09	0.00159525
1.07152e-09	0.00151281
1.07164e-09	0.00143029
1.07176e-09	0.00134768
1.07189e-09	0.00126498
1.07201e-09	0.00118219
1.07213e-09	0.00109932
1.07225e-09	0.00101636
1.07238e-09	0.000933309
1.0725e-09	0.000850175
1.07262e-09	0.000766956
1.07274e-09	0.000683652
1.07287e-09	0.000600262
1.07299e-09	0.000516786
1.07311e-09	0.000433226
1.07323e-09	0.000349581
1.07335e-09	0.000265852
1.07348e-09	0.000182038
1.0736e-09	9.81403e-05
1.07372e-09	1.41589e-05
1.07384e-09	-6.9906e-05
1.07397e-09	-0.000154054
1.07409e-09	-0.000238285
1.07421e-09	-0.000322599
1.07433e-09	-0.000406996
1.07445e-09	-0.000491474
1.07458e-09	-0.000576035
1.0747e-09	-0.000660677
1.07482e-09	-0.000745401
1.07494e-09	-0.000830207
1.07507e-09	-0.000915093
1.07519e-09	-0.00100006
1.07531e-09	-0.00108511
1.07543e-09	-0.00117024
1.07555e-09	-0.00125544
1.07568e-09	-0.00134073
1.0758e-09	-0.0014261
1.07592e-09	-0.00151154
1.07604e-09	-0.00159707
1.07617e-09	-0.00168267
1.07629e-09	-0.00176836
1.07641e-09	-0.00185412
1.07653e-09	-0.00193995
1.07665e-09	-0.00202587
1.07678e-09	-0.00211186
1.0769e-09	-0.00219794
1.07702e-09	-0.00228408
1.07714e-09	-0.00237031
1.07727e-09	-0.00245661
1.07739e-09	-0.00254299
1.07751e-09	-0.00262944
1.07763e-09	-0.00271597
1.07775e-09	-0.00280257
1.07788e-09	-0.00288925
1.078e-09	-0.002976
1.07812e-09	-0.00306283
1.07824e-09	-0.00314974
1.07837e-09	-0.00323671
1.07849e-09	-0.00332376
1.07861e-09	-0.00341089
1.07873e-09	-0.00349808
1.07885e-09	-0.00358535
1.07898e-09	-0.0036727
1.0791e-09	-0.00376011
1.07922e-09	-0.0038476
1.07934e-09	-0.00393516
1.07947e-09	-0.00402279
1.07959e-09	-0.00411049
1.07971e-09	-0.00419827
1.07983e-09	-0.00428611
1.07995e-09	-0.00437403
1.08008e-09	-0.00446201
1.0802e-09	-0.00455006
1.08032e-09	-0.00463819
1.08044e-09	-0.00472638
1.08057e-09	-0.00481465
1.08069e-09	-0.00490298
1.08081e-09	-0.00499138
1.08093e-09	-0.00507985
1.08105e-09	-0.00516839
1.08118e-09	-0.00525699
1.0813e-09	-0.00534566
1.08142e-09	-0.0054344
1.08154e-09	-0.00552321
1.08167e-09	-0.00561208
1.08179e-09	-0.00570102
1.08191e-09	-0.00579003
1.08203e-09	-0.0058791
1.08216e-09	-0.00596824
1.08228e-09	-0.00605744
1.0824e-09	-0.00614671
1.08252e-09	-0.00623604
1.08264e-09	-0.00632543
1.08277e-09	-0.00641489
1.08289e-09	-0.00650442
1.08301e-09	-0.00659401
1.08313e-09	-0.00668366
1.08326e-09	-0.00677337
1.08338e-09	-0.00686315
1.0835e-09	-0.00695299
1.08362e-09	-0.00704289
1.08374e-09	-0.00713285
1.08387e-09	-0.00722287
1.08399e-09	-0.00731296
1.08411e-09	-0.00740311
1.08423e-09	-0.00749331
1.08436e-09	-0.00758358
1.08448e-09	-0.00767391
1.0846e-09	-0.00776429
1.08472e-09	-0.00785474
1.08484e-09	-0.00794525
1.08497e-09	-0.00803581
1.08509e-09	-0.00812643
1.08521e-09	-0.00821712
1.08533e-09	-0.00830786
1.08546e-09	-0.00839865
1.08558e-09	-0.00848951
1.0857e-09	-0.00858042
1.08582e-09	-0.00867139
1.08594e-09	-0.00876241
1.08607e-09	-0.00885349
1.08619e-09	-0.00894463
1.08631e-09	-0.00903582
1.08643e-09	-0.00912707
1.08656e-09	-0.00921838
1.08668e-09	-0.00930973
1.0868e-09	-0.00940114
1.08692e-09	-0.00949261
1.08704e-09	-0.00958413
1.08717e-09	-0.0096757
1.08729e-09	-0.00976733
1.08741e-09	-0.00985901
1.08753e-09	-0.00995074
1.08766e-09	-0.0100425
1.08778e-09	-0.0101344
1.0879e-09	-0.0102263
1.08802e-09	-0.0103182
1.08814e-09	-0.0104102
1.08827e-09	-0.0105022
1.08839e-09	-0.0105943
1.08851e-09	-0.0106865
1.08863e-09	-0.0107786
1.08876e-09	-0.0108709
1.08888e-09	-0.0109632
1.089e-09	-0.0110555
1.08912e-09	-0.0111479
1.08924e-09	-0.0112403
1.08937e-09	-0.0113328
1.08949e-09	-0.0114254
1.08961e-09	-0.0115179
1.08973e-09	-0.0116106
1.08986e-09	-0.0117032
1.08998e-09	-0.0117959
1.0901e-09	-0.0118887
1.09022e-09	-0.0119815
1.09034e-09	-0.0120744
1.09047e-09	-0.0121673
1.09059e-09	-0.0122602
1.09071e-09	-0.0123532
1.09083e-09	-0.0124462
1.09096e-09	-0.0125393
1.09108e-09	-0.0126325
1.0912e-09	-0.0127256
1.09132e-09	-0.0128188
1.09144e-09	-0.0129121
1.09157e-09	-0.0130054
1.09169e-09	-0.0130987
1.09181e-09	-0.0131921
1.09193e-09	-0.0132855
1.09206e-09	-0.0133789
1.09218e-09	-0.0134724
1.0923e-09	-0.013566
1.09242e-09	-0.0136596
1.09255e-09	-0.0137532
1.09267e-09	-0.0138468
1.09279e-09	-0.0139405
1.09291e-09	-0.0140343
1.09303e-09	-0.014128
1.09316e-09	-0.0142219
1.09328e-09	-0.0143157
1.0934e-09	-0.0144096
1.09352e-09	-0.0145035
1.09365e-09	-0.0145975
1.09377e-09	-0.0146915
1.09389e-09	-0.0147855
1.09401e-09	-0.0148796
1.09413e-09	-0.0149737
1.09426e-09	-0.0150678
1.09438e-09	-0.015162
1.0945e-09	-0.0152562
1.09462e-09	-0.0153504
1.09475e-09	-0.0154447
1.09487e-09	-0.015539
1.09499e-09	-0.0156334
1.09511e-09	-0.0157277
1.09523e-09	-0.0158221
1.09536e-09	-0.0159166
1.09548e-09	-0.0160111
1.0956e-09	-0.0161056
1.09572e-09	-0.0162001
1.09585e-09	-0.0162947
1.09597e-09	-0.0163892
1.09609e-09	-0.0164839
1.09621e-09	-0.0165785
1.09633e-09	-0.0166732
1.09646e-09	-0.0167679
1.09658e-09	-0.0168627
1.0967e-09	-0.0169574
1.09682e-09	-0.0170522
1.09695e-09	-0.017147
1.09707e-09	-0.0172419
1.09719e-09	-0.0173368
1.09731e-09	-0.0174317
1.09743e-09	-0.0175266
1.09756e-09	-0.0176216
1.09768e-09	-0.0177165
1.0978e-09	-0.0178116
1.09792e-09	-0.0179066
1.09805e-09	-0.0180016
1.09817e-09	-0.0180967
1.09829e-09	-0.0181918
1.09841e-09	-0.018287
1.09853e-09	-0.0183821
1.09866e-09	-0.0184773
1.09878e-09	-0.0185725
1.0989e-09	-0.0186677
1.09902e-09	-0.0187629
1.09915e-09	-0.0188582
1.09927e-09	-0.0189535
1.09939e-09	-0.0190488
1.09951e-09	-0.0191441
1.09963e-09	-0.0192395
1.09976e-09	-0.0193348
1.09988e-09	-0.0194302
1.1e-09	-0.0195256
1.10012e-09	-0.019621
1.10025e-09	-0.0197165
1.10037e-09	-0.0198119
1.10049e-09	-0.0199074
1.10061e-09	-0.0200029
1.10073e-09	-0.0200984
1.10086e-09	-0.0201939
1.10098e-09	-0.0202895
1.1011e-09	-0.020385
1.10122e-09	-0.0204806
1.10135e-09	-0.0205762
1.10147e-09	-0.0206718
1.10159e-09	-0.0207674
1.10171e-09	-0.020863
1.10184e-09	-0.0209587
1.10196e-09	-0.0210543
1.10208e-09	-0.02115
1.1022e-09	-0.0212457
1.10232e-09	-0.0213414
1.10245e-09	-0.0214371
1.10257e-09	-0.0215328
1.10269e-09	-0.0216285
1.10281e-09	-0.0217242
1.10294e-09	-0.02182
1.10306e-09	-0.0219158
1.10318e-09	-0.0220115
1.1033e-09	-0.0221073
1.10342e-09	-0.0222031
1.10355e-09	-0.0222989
1.10367e-09	-0.0223947
1.10379e-09	-0.0224905
1.10391e-09	-0.0225863
1.10404e-09	-0.0226821
1.10416e-09	-0.022778
1.10428e-09	-0.0228738
1.1044e-09	-0.0229697
1.10452e-09	-0.0230655
1.10465e-09	-0.0231614
1.10477e-09	-0.0232572
1.10489e-09	-0.0233531
1.10501e-09	-0.023449
1.10514e-09	-0.0235448
1.10526e-09	-0.0236407
1.10538e-09	-0.0237366
1.1055e-09	-0.0238325
1.10562e-09	-0.0239283
1.10575e-09	-0.0240242
1.10587e-09	-0.0241201
1.10599e-09	-0.024216
1.10611e-09	-0.0243119
1.10624e-09	-0.0244078
1.10636e-09	-0.0245037
1.10648e-09	-0.0245996
1.1066e-09	-0.0246955
1.10672e-09	-0.0247913
1.10685e-09	-0.0248872
1.10697e-09	-0.0249831
1.10709e-09	-0.025079
1.10721e-09	-0.0251749
1.10734e-09	-0.0252708
1.10746e-09	-0.0253666
1.10758e-09	-0.0254625
1.1077e-09	-0.0255584
1.10782e-09	-0.0256542
1.10795e-09	-0.0257501
1.10807e-09	-0.0258459
1.10819e-09	-0.0259418
1.10831e-09	-0.0260376
1.10844e-09	-0.0261334
1.10856e-09	-0.0262293
1.10868e-09	-0.0263251
1.1088e-09	-0.0264209
1.10892e-09	-0.0265167
1.10905e-09	-0.0266125
1.10917e-09	-0.0267083
1.10929e-09	-0.0268041
1.10941e-09	-0.0268998
1.10954e-09	-0.0269956
1.10966e-09	-0.0270914
1.10978e-09	-0.0271871
1.1099e-09	-0.0272828
1.11002e-09	-0.0273785
1.11015e-09	-0.0274742
1.11027e-09	-0.0275699
1.11039e-09	-0.0276656
1.11051e-09	-0.0277613
1.11064e-09	-0.0278569
1.11076e-09	-0.0279526
1.11088e-09	-0.0280482
1.111e-09	-0.0281438
1.11112e-09	-0.0282394
1.11125e-09	-0.028335
1.11137e-09	-0.0284306
1.11149e-09	-0.0285261
1.11161e-09	-0.0286216
1.11174e-09	-0.0287172
1.11186e-09	-0.0288127
1.11198e-09	-0.0289081
1.1121e-09	-0.0290036
1.11223e-09	-0.0290991
1.11235e-09	-0.0291945
1.11247e-09	-0.0292899
1.11259e-09	-0.0293853
1.11271e-09	-0.0294807
1.11284e-09	-0.029576
1.11296e-09	-0.0296713
1.11308e-09	-0.0297666
1.1132e-09	-0.0298619
1.11333e-09	-0.0299572
1.11345e-09	-0.0300524
1.11357e-09	-0.0301477
1.11369e-09	-0.0302429
1.11381e-09	-0.030338
1.11394e-09	-0.0304332
1.11406e-09	-0.0305283
1.11418e-09	-0.0306234
1.1143e-09	-0.0307185
1.11443e-09	-0.0308136
1.11455e-09	-0.0309086
1.11467e-09	-0.0310036
1.11479e-09	-0.0310986
1.11491e-09	-0.0311935
1.11504e-09	-0.0312884
1.11516e-09	-0.0313833
1.11528e-09	-0.0314782
1.1154e-09	-0.031573
1.11553e-09	-0.0316678
1.11565e-09	-0.0317626
1.11577e-09	-0.0318574
1.11589e-09	-0.0319521
1.11601e-09	-0.0320468
1.11614e-09	-0.0321414
1.11626e-09	-0.032236
1.11638e-09	-0.0323306
1.1165e-09	-0.0324252
1.11663e-09	-0.0325197
1.11675e-09	-0.0326142
1.11687e-09	-0.0327087
1.11699e-09	-0.0328031
1.11711e-09	-0.0328975
1.11724e-09	-0.0329919
1.11736e-09	-0.0330862
1.11748e-09	-0.0331805
1.1176e-09	-0.0332748
1.11773e-09	-0.033369
1.11785e-09	-0.0334632
1.11797e-09	-0.0335573
1.11809e-09	-0.0336514
1.11821e-09	-0.0337455
1.11834e-09	-0.0338395
1.11846e-09	-0.0339335
1.11858e-09	-0.0340275
1.1187e-09	-0.0341214
1.11883e-09	-0.0342153
1.11895e-09	-0.0343091
1.11907e-09	-0.0344029
1.11919e-09	-0.0344967
1.11931e-09	-0.0345904
1.11944e-09	-0.0346841
1.11956e-09	-0.0347777
1.11968e-09	-0.0348713
1.1198e-09	-0.0349648
1.11993e-09	-0.0350584
1.12005e-09	-0.0351518
1.12017e-09	-0.0352452
1.12029e-09	-0.0353386
1.12041e-09	-0.0354319
1.12054e-09	-0.0355252
1.12066e-09	-0.0356185
1.12078e-09	-0.0357116
1.1209e-09	-0.0358048
1.12103e-09	-0.0358979
1.12115e-09	-0.0359909
1.12127e-09	-0.0360839
1.12139e-09	-0.0361769
1.12152e-09	-0.0362698
1.12164e-09	-0.0363627
1.12176e-09	-0.0364555
1.12188e-09	-0.0365482
1.122e-09	-0.0366409
1.12213e-09	-0.0367336
1.12225e-09	-0.0368262
1.12237e-09	-0.0369188
1.12249e-09	-0.0370113
1.12262e-09	-0.0371037
1.12274e-09	-0.0371961
1.12286e-09	-0.0372885
1.12298e-09	-0.0373807
1.1231e-09	-0.037473
1.12323e-09	-0.0375652
1.12335e-09	-0.0376573
1.12347e-09	-0.0377494
1.12359e-09	-0.0378414
1.12372e-09	-0.0379334
1.12384e-09	-0.0380253
1.12396e-09	-0.0381171
1.12408e-09	-0.0382089
1.1242e-09	-0.0383006
1.12433e-09	-0.0383923
1.12445e-09	-0.0384839
1.12457e-09	-0.0385755
1.12469e-09	-0.038667
1.12482e-09	-0.0387584
1.12494e-09	-0.0388498
1.12506e-09	-0.0389412
1.12518e-09	-0.0390324
1.1253e-09	-0.0391236
1.12543e-09	-0.0392148
1.12555e-09	-0.0393058
1.12567e-09	-0.0393968
1.12579e-09	-0.0394878
1.12592e-09	-0.0395787
1.12604e-09	-0.0396695
1.12616e-09	-0.0397603
1.12628e-09	-0.039851
1.1264e-09	-0.0399416
1.12653e-09	-0.0400322
1.12665e-09	-0.0401227
1.12677e-09	-0.0402131
1.12689e-09	-0.0403035
1.12702e-09	-0.0403938
1.12714e-09	-0.040484
1.12726e-09	-0.0405742
1.12738e-09	-0.0406643
1.1275e-09	-0.0407543
1.12763e-09	-0.0408443
1.12775e-09	-0.0409341
1.12787e-09	-0.041024
1.12799e-09	-0.0411137
1.12812e-09	-0.0412034
1.12824e-09	-0.041293
1.12836e-09	-0.0413825
1.12848e-09	-0.041472
1.1286e-09	-0.0415614
1.12873e-09	-0.0416507
1.12885e-09	-0.04174
1.12897e-09	-0.0418291
1.12909e-09	-0.0419182
1.12922e-09	-0.0420072
1.12934e-09	-0.0420962
1.12946e-09	-0.0421851
1.12958e-09	-0.0422739
1.1297e-09	-0.0423626
1.12983e-09	-0.0424512
1.12995e-09	-0.0425398
1.13007e-09	-0.0426283
1.13019e-09	-0.0427167
1.13032e-09	-0.042805
1.13044e-09	-0.0428933
1.13056e-09	-0.0429815
1.13068e-09	-0.0430696
1.1308e-09	-0.0431576
1.13093e-09	-0.0432455
1.13105e-09	-0.0433334
1.13117e-09	-0.0434212
1.13129e-09	-0.0435089
1.13142e-09	-0.0435965
1.13154e-09	-0.043684
1.13166e-09	-0.0437715
1.13178e-09	-0.0438588
1.13191e-09	-0.0439461
1.13203e-09	-0.0440333
1.13215e-09	-0.0441204
1.13227e-09	-0.0442074
1.13239e-09	-0.0442944
1.13252e-09	-0.0443812
1.13264e-09	-0.044468
1.13276e-09	-0.0445547
1.13288e-09	-0.0446413
1.13301e-09	-0.0447278
1.13313e-09	-0.0448142
1.13325e-09	-0.0449006
1.13337e-09	-0.0449868
1.13349e-09	-0.045073
1.13362e-09	-0.045159
1.13374e-09	-0.045245
1.13386e-09	-0.0453309
1.13398e-09	-0.0454167
1.13411e-09	-0.0455024
1.13423e-09	-0.045588
1.13435e-09	-0.0456735
1.13447e-09	-0.045759
1.13459e-09	-0.0458443
1.13472e-09	-0.0459295
1.13484e-09	-0.0460147
1.13496e-09	-0.0460997
1.13508e-09	-0.0461847
1.13521e-09	-0.0462696
1.13533e-09	-0.0463543
1.13545e-09	-0.046439
1.13557e-09	-0.0465236
1.13569e-09	-0.0466081
1.13582e-09	-0.0466924
1.13594e-09	-0.0467767
1.13606e-09	-0.0468609
1.13618e-09	-0.046945
1.13631e-09	-0.047029
1.13643e-09	-0.0471129
1.13655e-09	-0.0471967
1.13667e-09	-0.0472804
1.13679e-09	-0.047364
1.13692e-09	-0.0474475
1.13704e-09	-0.0475309
1.13716e-09	-0.0476142
1.13728e-09	-0.0476973
1.13741e-09	-0.0477804
1.13753e-09	-0.0478634
1.13765e-09	-0.0479463
1.13777e-09	-0.0480291
1.13789e-09	-0.0481117
1.13802e-09	-0.0481943
1.13814e-09	-0.0482768
1.13826e-09	-0.0483591
1.13838e-09	-0.0484414
1.13851e-09	-0.0485235
1.13863e-09	-0.0486056
1.13875e-09	-0.0486875
1.13887e-09	-0.0487693
1.13899e-09	-0.048851
1.13912e-09	-0.0489326
1.13924e-09	-0.0490141
1.13936e-09	-0.0490955
1.13948e-09	-0.0491768
1.13961e-09	-0.049258
1.13973e-09	-0.049339
1.13985e-09	-0.04942
1.13997e-09	-0.0495008
1.14009e-09	-0.0495815
1.14022e-09	-0.0496622
1.14034e-09	-0.0497427
1.14046e-09	-0.049823
1.14058e-09	-0.0499033
1.14071e-09	-0.0499835
1.14083e-09	-0.0500635
1.14095e-09	-0.0501435
1.14107e-09	-0.0502233
1.1412e-09	-0.050303
1.14132e-09	-0.0503826
1.14144e-09	-0.050462
1.14156e-09	-0.0505414
1.14168e-09	-0.0506206
1.14181e-09	-0.0506997
1.14193e-09	-0.0507787
1.14205e-09	-0.0508576
1.14217e-09	-0.0509364
1.1423e-09	-0.051015
1.14242e-09	-0.0510936
1.14254e-09	-0.051172
1.14266e-09	-0.0512503
1.14278e-09	-0.0513284
1.14291e-09	-0.0514065
1.14303e-09	-0.0514844
1.14315e-09	-0.0515622
1.14327e-09	-0.0516399
1.1434e-09	-0.0517174
1.14352e-09	-0.0517948
1.14364e-09	-0.0518721
1.14376e-09	-0.0519493
1.14388e-09	-0.0520264
1.14401e-09	-0.0521033
1.14413e-09	-0.0521801
1.14425e-09	-0.0522568
1.14437e-09	-0.0523334
1.1445e-09	-0.0524098
1.14462e-09	-0.0524861
1.14474e-09	-0.0525623
1.14486e-09	-0.0526383
1.14498e-09	-0.0527142
1.14511e-09	-0.05279
1.14523e-09	-0.0528657
1.14535e-09	-0.0529412
1.14547e-09	-0.0530166
1.1456e-09	-0.0530919
1.14572e-09	-0.053167
1.14584e-09	-0.053242
1.14596e-09	-0.0533169
1.14608e-09	-0.0533916
1.14621e-09	-0.0534663
1.14633e-09	-0.0535407
1.14645e-09	-0.0536151
1.14657e-09	-0.0536893
1.1467e-09	-0.0537634
1.14682e-09	-0.0538373
1.14694e-09	-0.0539111
1.14706e-09	-0.0539848
1.14718e-09	-0.0540583
1.14731e-09	-0.0541317
1.14743e-09	-0.054205
1.14755e-09	-0.0542781
1.14767e-09	-0.0543511
1.1478e-09	-0.054424
1.14792e-09	-0.0544967
1.14804e-09	-0.0545693
1.14816e-09	-0.0546417
1.14828e-09	-0.054714
1.14841e-09	-0.0547861
1.14853e-09	-0.0548582
1.14865e-09	-0.05493
1.14877e-09	-0.0550018
1.1489e-09	-0.0550734
1.14902e-09	-0.0551448
1.14914e-09	-0.0552161
1.14926e-09	-0.0552873
1.14938e-09	-0.0553583
1.14951e-09	-0.0554292
1.14963e-09	-0.0554999
1.14975e-09	-0.0555705
1.14987e-09	-0.055641
1.15e-09	-0.0557113
1.15012e-09	-0.0557814
1.15024e-09	-0.0558514
1.15036e-09	-0.0559213
1.15048e-09	-0.055991
1.15061e-09	-0.0560606
1.15073e-09	-0.05613
1.15085e-09	-0.0561993
1.15097e-09	-0.0562684
1.1511e-09	-0.0563374
1.15122e-09	-0.0564062
1.15134e-09	-0.0564749
1.15146e-09	-0.0565434
1.15159e-09	-0.0566118
1.15171e-09	-0.05668
1.15183e-09	-0.0567481
1.15195e-09	-0.056816
1.15207e-09	-0.0568838
1.1522e-09	-0.0569514
1.15232e-09	-0.0570189
1.15244e-09	-0.0570862
1.15256e-09	-0.0571533
1.15269e-09	-0.0572203
1.15281e-09	-0.0572872
1.15293e-09	-0.0573539
1.15305e-09	-0.0574204
1.15317e-09	-0.0574868
1.1533e-09	-0.057553
1.15342e-09	-0.0576191
1.15354e-09	-0.057685
1.15366e-09	-0.0577508
1.15379e-09	-0.0578164
1.15391e-09	-0.0578818
1.15403e-09	-0.0579471
1.15415e-09	-0.0580122
1.15427e-09	-0.0580772
1.1544e-09	-0.058142
1.15452e-09	-0.0582066
1.15464e-09	-0.0582711
1.15476e-09	-0.0583354
1.15489e-09	-0.0583996
1.15501e-09	-0.0584636
1.15513e-09	-0.0585274
1.15525e-09	-0.0585911
1.15537e-09	-0.0586546
1.1555e-09	-0.058718
1.15562e-09	-0.0587812
1.15574e-09	-0.0588442
1.15586e-09	-0.058907
1.15599e-09	-0.0589697
1.15611e-09	-0.0590323
1.15623e-09	-0.0590946
1.15635e-09	-0.0591568
1.15647e-09	-0.0592188
1.1566e-09	-0.0592807
1.15672e-09	-0.0593424
1.15684e-09	-0.0594039
1.15696e-09	-0.0594653
1.15709e-09	-0.0595265
1.15721e-09	-0.0595875
1.15733e-09	-0.0596483
1.15745e-09	-0.059709
1.15757e-09	-0.0597695
1.1577e-09	-0.0598299
1.15782e-09	-0.05989
1.15794e-09	-0.05995
1.15806e-09	-0.0600099
1.15819e-09	-0.0600695
1.15831e-09	-0.060129
1.15843e-09	-0.0601883
1.15855e-09	-0.0602474
1.15867e-09	-0.0603064
1.1588e-09	-0.0603652
1.15892e-09	-0.0604238
1.15904e-09	-0.0604823
1.15916e-09	-0.0605405
1.15929e-09	-0.0605986
1.15941e-09	-0.0606565
1.15953e-09	-0.0607143
1.15965e-09	-0.0607718
1.15977e-09	-0.0608292
1.1599e-09	-0.0608864
1.16002e-09	-0.0609434
1.16014e-09	-0.0610003
1.16026e-09	-0.061057
1.16039e-09	-0.0611135
1.16051e-09	-0.0611698
1.16063e-09	-0.0612259
1.16075e-09	-0.0612819
1.16088e-09	-0.0613376
1.161e-09	-0.0613932
1.16112e-09	-0.0614486
1.16124e-09	-0.0615039
1.16136e-09	-0.0615589
1.16149e-09	-0.0616138
1.16161e-09	-0.0616685
1.16173e-09	-0.0617229
1.16185e-09	-0.0617773
1.16198e-09	-0.0618314
1.1621e-09	-0.0618853
1.16222e-09	-0.0619391
1.16234e-09	-0.0619927
1.16246e-09	-0.0620461
1.16259e-09	-0.0620993
1.16271e-09	-0.0621523
1.16283e-09	-0.0622051
1.16295e-09	-0.0622578
1.16308e-09	-0.0623102
1.1632e-09	-0.0623625
1.16332e-09	-0.0624146
1.16344e-09	-0.0624665
1.16356e-09	-0.0625182
1.16369e-09	-0.0625697
1.16381e-09	-0.062621
1.16393e-09	-0.0626722
1.16405e-09	-0.0627231
1.16418e-09	-0.0627739
1.1643e-09	-0.0628244
1.16442e-09	-0.0628748
1.16454e-09	-0.062925
1.16466e-09	-0.062975
1.16479e-09	-0.0630248
1.16491e-09	-0.0630744
1.16503e-09	-0.0631238
1.16515e-09	-0.063173
1.16528e-09	-0.063222
1.1654e-09	-0.0632708
1.16552e-09	-0.0633195
1.16564e-09	-0.0633679
1.16576e-09	-0.0634161
1.16589e-09	-0.0634642
1.16601e-09	-0.063512
1.16613e-09	-0.0635597
1.16625e-09	-0.0636071
1.16638e-09	-0.0636544
1.1665e-09	-0.0637015
1.16662e-09	-0.0637483
1.16674e-09	-0.063795
1.16686e-09	-0.0638415
1.16699e-09	-0.0638877
1.16711e-09	-0.0639338
1.16723e-09	-0.0639797
1.16735e-09	-0.0640253
1.16748e-09	-0.0640708
1.1676e-09	-0.064116
1.16772e-09	-0.0641611
1.16784e-09	-0.064206
1.16796e-09	-0.0642506
1.16809e-09	-0.0642951
1.16821e-09	-0.0643393
1.16833e-09	-0.0643834
1.16845e-09	-0.0644272
1.16858e-09	-0.0644709
1.1687e-09	-0.0645143
1.16882e-09	-0.0645576
1.16894e-09	-0.0646006
1.16906e-09	-0.0646434
1.16919e-09	-0.064686
1.16931e-09	-0.0647284
1.16943e-09	-0.0647706
1.16955e-09	-0.0648126
1.16968e-09	-0.0648544
1.1698e-09	-0.064896
1.16992e-09	-0.0649374
1.17004e-09	-0.0649786
1.17016e-09	-0.0650195
1.17029e-09	-0.0650603
1.17041e-09	-0.0651008
1.17053e-09	-0.0651411
1.17065e-09	-0.0651813
1.17078e-09	-0.0652212
1.1709e-09	-0.0652609
1.17102e-09	-0.0653004
1.17114e-09	-0.0653396
1.17127e-09	-0.0653787
1.17139e-09	-0.0654176
1.17151e-09	-0.0654562
1.17163e-09	-0.0654946
1.17175e-09	-0.0655329
1.17188e-09	-0.0655709
1.172e-09	-0.0656087
1.17212e-09	-0.0656462
1.17224e-09	-0.0656836
1.17237e-09	-0.0657207
1.17249e-09	-0.0657577
1.17261e-09	-0.0657944
1.17273e-09	-0.0658309
1.17285e-09	-0.0658672
1.17298e-09	-0.0659033
1.1731e-09	-0.0659391
1.17322e-09	-0.0659747
1.17334e-09	-0.0660102
1.17347e-09	-0.0660454
1.17359e-09	-0.0660803
1.17371e-09	-0.0661151
1.17383e-09	-0.0661496
1.17395e-09	-0.066184
1.17408e-09	-0.0662181
1.1742e-09	-0.066252
1.17432e-09	-0.0662856
1.17444e-09	-0.0663191
1.17457e-09	-0.0663523
1.17469e-09	-0.0663853
1.17481e-09	-0.0664181
1.17493e-09	-0.0664506
1.17505e-09	-0.066483
1.17518e-09	-0.0665151
1.1753e-09	-0.066547
1.17542e-09	-0.0665787
1.17554e-09	-0.0666101
1.17567e-09	-0.0666413
1.17579e-09	-0.0666723
1.17591e-09	-0.0667031
1.17603e-09	-0.0667336
1.17615e-09	-0.066764
1.17628e-09	-0.0667941
1.1764e-09	-0.0668239
1.17652e-09	-0.0668536
1.17664e-09	-0.066883
1.17677e-09	-0.0669122
1.17689e-09	-0.0669412
1.17701e-09	-0.0669699
1.17713e-09	-0.0669984
1.17725e-09	-0.0670267
1.17738e-09	-0.0670548
1.1775e-09	-0.0670826
1.17762e-09	-0.0671102
1.17774e-09	-0.0671376
1.17787e-09	-0.0671647
1.17799e-09	-0.0671916
1.17811e-09	-0.0672183
1.17823e-09	-0.0672447
1.17835e-09	-0.067271
1.17848e-09	-0.0672969
1.1786e-09	-0.0673227
1.17872e-09	-0.0673482
1.17884e-09	-0.0673735
1.17897e-09	-0.0673986
1.17909e-09	-0.0674234
1.17921e-09	-0.067448
1.17933e-09	-0.0674724
1.17945e-09	-0.0674965
1.17958e-09	-0.0675204
1.1797e-09	-0.067544
1.17982e-09	-0.0675675
1.17994e-09	-0.0675907
1.18007e-09	-0.0676136
1.18019e-09	-0.0676363
1.18031e-09	-0.0676588
1.18043e-09	-0.0676811
1.18056e-09	-0.0677031
1.18068e-09	-0.0677248
1.1808e-09	-0.0677464
1.18092e-09	-0.0677677
1.18104e-09	-0.0677887
1.18117e-09	-0.0678096
1.18129e-09	-0.0678302
1.18141e-09	-0.0678505
1.18153e-09	-0.0678706
1.18166e-09	-0.0678905
1.18178e-09	-0.0679101
1.1819e-09	-0.0679295
1.18202e-09	-0.0679487
1.18214e-09	-0.0679676
1.18227e-09	-0.0679862
1.18239e-09	-0.0680047
1.18251e-09	-0.0680229
1.18263e-09	-0.0680408
1.18276e-09	-0.0680585
1.18288e-09	-0.068076
1.183e-09	-0.0680932
1.18312e-09	-0.0681102
1.18324e-09	-0.0681269
1.18337e-09	-0.0681434
1.18349e-09	-0.0681597
1.18361e-09	-0.0681757
1.18373e-09	-0.0681914
1.18386e-09	-0.068207
1.18398e-09	-0.0682222
1.1841e-09	-0.0682373
1.18422e-09	-0.0682521
1.18434e-09	-0.0682666
1.18447e-09	-0.0682809
1.18459e-09	-0.0682949
1.18471e-09	-0.0683087
1.18483e-09	-0.0683223
1.18496e-09	-0.0683356
1.18508e-09	-0.0683487
1.1852e-09	-0.0683615
1.18532e-09	-0.068374
1.18544e-09	-0.0683864
1.18557e-09	-0.0683984
1.18569e-09	-0.0684103
1.18581e-09	-0.0684218
1.18593e-09	-0.0684332
1.18606e-09	-0.0684442
1.18618e-09	-0.0684551
1.1863e-09	-0.0684656
1.18642e-09	-0.068476
1.18654e-09	-0.068486
1.18667e-09	-0.0684959
1.18679e-09	-0.0685054
1.18691e-09	-0.0685148
1.18703e-09	-0.0685238
1.18716e-09	-0.0685327
1.18728e-09	-0.0685412
1.1874e-09	-0.0685495
1.18752e-09	-0.0685576
1.18764e-09	-0.0685654
1.18777e-09	-0.068573
1.18789e-09	-0.0685803
1.18801e-09	-0.0685873
1.18813e-09	-0.0685941
1.18826e-09	-0.0686007
1.18838e-09	-0.068607
1.1885e-09	-0.068613
1.18862e-09	-0.0686188
1.18874e-09	-0.0686243
1.18887e-09	-0.0686296
1.18899e-09	-0.0686346
1.18911e-09	-0.0686394
1.18923e-09	-0.0686439
1.18936e-09	-0.0686481
1.18948e-09	-0.0686521
1.1896e-09	-0.0686558
1.18972e-09	-0.0686593
1.18984e-09	-0.0686625
1.18997e-09	-0.0686655
1.19009e-09	-0.0686682
1.19021e-09	-0.0686706
1.19033e-09	-0.0686728
1.19046e-09	-0.0686748
1.19058e-09	-0.0686764
1.1907e-09	-0.0686779
1.19082e-09	-0.068679
1.19095e-09	-0.0686799
1.19107e-09	-0.0686805
1.19119e-09	-0.0686809
1.19131e-09	-0.068681
1.19143e-09	-0.0686809
1.19156e-09	-0.0686805
1.19168e-09	-0.0686798
1.1918e-09	-0.0686789
1.19192e-09	-0.0686777
1.19205e-09	-0.0686762
1.19217e-09	-0.0686745
1.19229e-09	-0.0686726
1.19241e-09	-0.0686703
1.19253e-09	-0.0686678
1.19266e-09	-0.0686651
1.19278e-09	-0.068662
1.1929e-09	-0.0686587
1.19302e-09	-0.0686552
1.19315e-09	-0.0686514
1.19327e-09	-0.0686473
1.19339e-09	-0.068643
1.19351e-09	-0.0686383
1.19363e-09	-0.0686335
1.19376e-09	-0.0686283
1.19388e-09	-0.0686229
1.194e-09	-0.0686173
1.19412e-09	-0.0686113
1.19425e-09	-0.0686051
1.19437e-09	-0.0685987
1.19449e-09	-0.068592
1.19461e-09	-0.068585
1.19473e-09	-0.0685777
1.19486e-09	-0.0685702
1.19498e-09	-0.0685624
1.1951e-09	-0.0685543
1.19522e-09	-0.068546
1.19535e-09	-0.0685374
1.19547e-09	-0.0685285
1.19559e-09	-0.0685194
1.19571e-09	-0.06851
1.19583e-09	-0.0685003
1.19596e-09	-0.0684904
1.19608e-09	-0.0684802
1.1962e-09	-0.0684697
1.19632e-09	-0.068459
1.19645e-09	-0.068448
1.19657e-09	-0.0684367
1.19669e-09	-0.0684251
1.19681e-09	-0.0684133
1.19693e-09	-0.0684012
1.19706e-09	-0.0683888
1.19718e-09	-0.0683762
1.1973e-09	-0.0683633
1.19742e-09	-0.0683501
1.19755e-09	-0.0683367
1.19767e-09	-0.068323
1.19779e-09	-0.068309
1.19791e-09	-0.0682947
1.19803e-09	-0.0682802
1.19816e-09	-0.0682654
1.19828e-09	-0.0682503
1.1984e-09	-0.068235
1.19852e-09	-0.0682193
1.19865e-09	-0.0682034
1.19877e-09	-0.0681873
1.19889e-09	-0.0681708
1.19901e-09	-0.0681541
1.19913e-09	-0.0681371
1.19926e-09	-0.0681199
1.19938e-09	-0.0681023
1.1995e-09	-0.0680845
1.19962e-09	-0.0680664
1.19975e-09	-0.0680481
1.19987e-09	-0.0680294
1.19999e-09	-0.0680105
1.20011e-09	-0.0679914
1.20024e-09	-0.0679719
1.20036e-09	-0.0679522
1.20048e-09	-0.0679322
1.2006e-09	-0.0679119
1.20072e-09	-0.0678913
1.20085e-09	-0.0678705
1.20097e-09	-0.0678494
1.20109e-09	-0.067828
1.20121e-09	-0.0678063
1.20134e-09	-0.0677844
1.20146e-09	-0.0677622
1.20158e-09	-0.0677397
1.2017e-09	-0.0677169
1.20182e-09	-0.0676938
1.20195e-09	-0.0676705
1.20207e-09	-0.0676469
1.20219e-09	-0.067623
1.20231e-09	-0.0675989
1.20244e-09	-0.0675744
1.20256e-09	-0.0675497
1.20268e-09	-0.0675247
1.2028e-09	-0.0674994
1.20292e-09	-0.0674739
1.20305e-09	-0.067448
1.20317e-09	-0.0674219
1.20329e-09	-0.0673955
1.20341e-09	-0.0673689
1.20354e-09	-0.0673419
1.20366e-09	-0.0673147
1.20378e-09	-0.0672872
1.2039e-09	-0.0672594
1.20402e-09	-0.0672313
1.20415e-09	-0.067203
1.20427e-09	-0.0671744
1.20439e-09	-0.0671455
1.20451e-09	-0.0671163
1.20464e-09	-0.0670868
1.20476e-09	-0.067057
1.20488e-09	-0.067027
1.205e-09	-0.0669967
1.20512e-09	-0.0669661
1.20525e-09	-0.0669352
1.20537e-09	-0.0669041
1.20549e-09	-0.0668726
1.20561e-09	-0.0668409
1.20574e-09	-0.0668089
1.20586e-09	-0.0667766
1.20598e-09	-0.066744
1.2061e-09	-0.0667112
1.20622e-09	-0.0666781
1.20635e-09	-0.0666446
1.20647e-09	-0.0666109
1.20659e-09	-0.066577
1.20671e-09	-0.0665427
1.20684e-09	-0.0665082
1.20696e-09	-0.0664733
1.20708e-09	-0.0664382
1.2072e-09	-0.0664028
1.20732e-09	-0.0663671
1.20745e-09	-0.0663312
1.20757e-09	-0.0662949
1.20769e-09	-0.0662584
1.20781e-09	-0.0662216
1.20794e-09	-0.0661845
1.20806e-09	-0.0661471
1.20818e-09	-0.0661094
1.2083e-09	-0.0660715
1.20842e-09	-0.0660332
1.20855e-09	-0.0659947
1.20867e-09	-0.0659559
1.20879e-09	-0.0659168
1.20891e-09	-0.0658774
1.20904e-09	-0.0658378
1.20916e-09	-0.0657978
1.20928e-09	-0.0657576
1.2094e-09	-0.065717
1.20952e-09	-0.0656762
1.20965e-09	-0.0656352
1.20977e-09	-0.0655938
1.20989e-09	-0.0655521
1.21001e-09	-0.0655102
1.21014e-09	-0.0654679
1.21026e-09	-0.0654254
1.21038e-09	-0.0653826
1.2105e-09	-0.0653395
1.21063e-09	-0.0652961
1.21075e-09	-0.0652525
1.21087e-09	-0.0652085
1.21099e-09	-0.0651643
1.21111e-09	-0.0651198
1.21124e-09	-0.0650749
1.21136e-09	-0.0650298
1.21148e-09	-0.0649845
1.2116e-09	-0.0649388
1.21173e-09	-0.0648928
1.21185e-09	-0.0648466
1.21197e-09	-0.0648
1.21209e-09	-0.0647532
1.21221e-09	-0.0647061
1.21234e-09	-0.0646587
1.21246e-09	-0.064611
1.21258e-09	-0.0645631
1.2127e-09	-0.0645148
1.21283e-09	-0.0644662
1.21295e-09	-0.0644174
1.21307e-09	-0.0643683
1.21319e-09	-0.0643189
1.21331e-09	-0.0642692
1.21344e-09	-0.0642192
1.21356e-09	-0.0641689
1.21368e-09	-0.0641183
1.2138e-09	-0.0640675
1.21393e-09	-0.0640163
1.21405e-09	-0.0639649
1.21417e-09	-0.0639132
1.21429e-09	-0.0638612
1.21441e-09	-0.0638089
1.21454e-09	-0.0637563
1.21466e-09	-0.0637034
1.21478e-09	-0.0636503
1.2149e-09	-0.0635968
1.21503e-09	-0.0635431
1.21515e-09	-0.063489
1.21527e-09	-0.0634347
1.21539e-09	-0.0633801
1.21551e-09	-0.0633252
1.21564e-09	-0.06327
1.21576e-09	-0.0632146
1.21588e-09	-0.0631588
1.216e-09	-0.0631027
1.21613e-09	-0.0630464
1.21625e-09	-0.0629898
1.21637e-09	-0.0629328
1.21649e-09	-0.0628756
1.21661e-09	-0.0628181
1.21674e-09	-0.0627603
1.21686e-09	-0.0627023
1.21698e-09	-0.0626439
1.2171e-09	-0.0625852
1.21723e-09	-0.0625263
1.21735e-09	-0.062467
1.21747e-09	-0.0624075
1.21759e-09	-0.0623477
1.21771e-09	-0.0622876
1.21784e-09	-0.0622272
1.21796e-09	-0.0621665
1.21808e-09	-0.0621055
1.2182e-09	-0.0620443
1.21833e-09	-0.0619827
1.21845e-09	-0.0619209
1.21857e-09	-0.0618587
1.21869e-09	-0.0617963
1.21881e-09	-0.0617336
1.21894e-09	-0.0616706
1.21906e-09	-0.0616073
1.21918e-09	-0.0615437
1.2193e-09	-0.0614798
1.21943e-09	-0.0614156
1.21955e-09	-0.0613512
1.21967e-09	-0.0612864
1.21979e-09	-0.0612214
1.21991e-09	-0.0611561
1.22004e-09	-0.0610905
1.22016e-09	-0.0610245
1.22028e-09	-0.0609584
1.2204e-09	-0.0608919
1.22053e-09	-0.0608251
1.22065e-09	-0.060758
1.22077e-09	-0.0606907
1.22089e-09	-0.060623
1.22102e-09	-0.0605551
1.22114e-09	-0.0604868
1.22126e-09	-0.0604183
1.22138e-09	-0.0603495
1.2215e-09	-0.0602804
1.22163e-09	-0.060211
1.22175e-09	-0.0601413
1.22187e-09	-0.0600714
1.22199e-09	-0.0600011
1.22212e-09	-0.0599306
1.22224e-09	-0.0598597
1.22236e-09	-0.0597886
1.22248e-09	-0.0597172
1.2226e-09	-0.0596455
1.22273e-09	-0.0595735
1.22285e-09	-0.0595012
1.22297e-09	-0.0594286
1.22309e-09	-0.0593557
1.22322e-09	-0.0592826
1.22334e-09	-0.0592091
1.22346e-09	-0.0591354
1.22358e-09	-0.0590614
1.2237e-09	-0.058987
1.22383e-09	-0.0589124
1.22395e-09	-0.0588375
1.22407e-09	-0.0587624
1.22419e-09	-0.0586869
1.22432e-09	-0.0586111
1.22444e-09	-0.0585351
1.22456e-09	-0.0584587
1.22468e-09	-0.0583821
1.2248e-09	-0.0583051
1.22493e-09	-0.0582279
1.22505e-09	-0.0581504
1.22517e-09	-0.0580726
1.22529e-09	-0.0579946
1.22542e-09	-0.0579162
1.22554e-09	-0.0578375
1.22566e-09	-0.0577586
1.22578e-09	-0.0576793
1.2259e-09	-0.0575998
1.22603e-09	-0.05752
1.22615e-09	-0.0574399
1.22627e-09	-0.0573595
1.22639e-09	-0.0572788
1.22652e-09	-0.0571978
1.22664e-09	-0.0571166
1.22676e-09	-0.057035
1.22688e-09	-0.0569532
1.227e-09	-0.0568711
1.22713e-09	-0.0567886
1.22725e-09	-0.0567059
1.22737e-09	-0.056623
1.22749e-09	-0.0565397
1.22762e-09	-0.0564561
1.22774e-09	-0.0563723
1.22786e-09	-0.0562881
1.22798e-09	-0.0562037
1.2281e-09	-0.056119
1.22823e-09	-0.0560339
1.22835e-09	-0.0559486
1.22847e-09	-0.0558631
1.22859e-09	-0.0557772
1.22872e-09	-0.055691
1.22884e-09	-0.0556046
1.22896e-09	-0.0555179
1.22908e-09	-0.0554308
1.2292e-09	-0.0553435
1.22933e-09	-0.0552559
1.22945e-09	-0.055168
1.22957e-09	-0.0550799
1.22969e-09	-0.0549914
1.22982e-09	-0.0549027
1.22994e-09	-0.0548136
1.23006e-09	-0.0547243
1.23018e-09	-0.0546347
1.23031e-09	-0.0545448
1.23043e-09	-0.0544547
1.23055e-09	-0.0543642
1.23067e-09	-0.0542734
1.23079e-09	-0.0541824
1.23092e-09	-0.0540911
1.23104e-09	-0.0539995
1.23116e-09	-0.0539076
1.23128e-09	-0.0538154
1.23141e-09	-0.0537229
1.23153e-09	-0.0536302
1.23165e-09	-0.0535372
1.23177e-09	-0.0534438
1.23189e-09	-0.0533502
1.23202e-09	-0.0532563
1.23214e-09	-0.0531622
1.23226e-09	-0.0530677
1.23238e-09	-0.052973
1.23251e-09	-0.0528779
1.23263e-09	-0.0527826
1.23275e-09	-0.052687
1.23287e-09	-0.0525911
1.23299e-09	-0.052495
1.23312e-09	-0.0523985
1.23324e-09	-0.0523018
1.23336e-09	-0.0522048
1.23348e-09	-0.0521075
1.23361e-09	-0.0520099
1.23373e-09	-0.051912
1.23385e-09	-0.0518138
1.23397e-09	-0.0517154
1.23409e-09	-0.0516167
1.23422e-09	-0.0515177
1.23434e-09	-0.0514184
1.23446e-09	-0.0513188
1.23458e-09	-0.051219
1.23471e-09	-0.0511189
1.23483e-09	-0.0510184
1.23495e-09	-0.0509177
1.23507e-09	-0.0508168
1.23519e-09	-0.0507155
1.23532e-09	-0.050614
1.23544e-09	-0.0505121
1.23556e-09	-0.05041
1.23568e-09	-0.0503077
1.23581e-09	-0.050205
1.23593e-09	-0.050102
1.23605e-09	-0.0499988
1.23617e-09	-0.0498953
1.23629e-09	-0.0497915
1.23642e-09	-0.0496874
1.23654e-09	-0.0495831
1.23666e-09	-0.0494785
1.23678e-09	-0.0493736
1.23691e-09	-0.0492684
1.23703e-09	-0.0491629
1.23715e-09	-0.0490571
1.23727e-09	-0.0489511
1.23739e-09	-0.0488448
1.23752e-09	-0.0487382
1.23764e-09	-0.0486314
1.23776e-09	-0.0485242
1.23788e-09	-0.0484168
1.23801e-09	-0.0483091
1.23813e-09	-0.0482011
1.23825e-09	-0.0480929
1.23837e-09	-0.0479843
1.23849e-09	-0.0478755
1.23862e-09	-0.0477664
1.23874e-09	-0.0476571
1.23886e-09	-0.0475474
1.23898e-09	-0.0474375
1.23911e-09	-0.0473273
1.23923e-09	-0.0472168
1.23935e-09	-0.0471061
1.23947e-09	-0.0469951
1.23959e-09	-0.0468838
1.23972e-09	-0.0467722
1.23984e-09	-0.0466603
1.23996e-09	-0.0465482
1.24008e-09	-0.0464358
1.24021e-09	-0.0463231
1.24033e-09	-0.0462102
1.24045e-09	-0.0460969
1.24057e-09	-0.0459834
1.2407e-09	-0.0458697
1.24082e-09	-0.0457556
1.24094e-09	-0.0456413
1.24106e-09	-0.0455267
1.24118e-09	-0.0454118
1.24131e-09	-0.0452967
1.24143e-09	-0.0451813
1.24155e-09	-0.0450656
1.24167e-09	-0.0449496
1.2418e-09	-0.0448334
1.24192e-09	-0.0447169
1.24204e-09	-0.0446001
1.24216e-09	-0.0444831
1.24228e-09	-0.0443657
1.24241e-09	-0.0442481
1.24253e-09	-0.0441303
1.24265e-09	-0.0440121
1.24277e-09	-0.0438937
1.2429e-09	-0.0437751
1.24302e-09	-0.0436561
1.24314e-09	-0.0435369
1.24326e-09	-0.0434174
1.24338e-09	-0.0432977
1.24351e-09	-0.0431776
1.24363e-09	-0.0430573
1.24375e-09	-0.0429368
1.24387e-09	-0.0428159
1.244e-09	-0.0426948
1.24412e-09	-0.0425735
1.24424e-09	-0.0424518
1.24436e-09	-0.0423299
1.24448e-09	-0.0422078
1.24461e-09	-0.0420853
1.24473e-09	-0.0419626
1.24485e-09	-0.0418397
1.24497e-09	-0.0417164
1.2451e-09	-0.0415929
1.24522e-09	-0.0414691
1.24534e-09	-0.0413451
1.24546e-09	-0.0412208
1.24558e-09	-0.0410962
1.24571e-09	-0.0409714
1.24583e-09	-0.0408463
1.24595e-09	-0.0407209
1.24607e-09	-0.0405953
1.2462e-09	-0.0404694
1.24632e-09	-0.0403433
1.24644e-09	-0.0402169
1.24656e-09	-0.0400902
1.24668e-09	-0.0399632
1.24681e-09	-0.039836
1.24693e-09	-0.0397086
1.24705e-09	-0.0395808
1.24717e-09	-0.0394528
1.2473e-09	-0.0393246
1.24742e-09	-0.0391961
1.24754e-09	-0.0390673
1.24766e-09	-0.0389382
1.24778e-09	-0.0388089
1.24791e-09	-0.0386794
1.24803e-09	-0.0385496
1.24815e-09	-0.0384195
1.24827e-09	-0.0382891
1.2484e-09	-0.0381586
1.24852e-09	-0.0380277
1.24864e-09	-0.0378966
1.24876e-09	-0.0377652
1.24888e-09	-0.0376336
1.24901e-09	-0.0375017
1.24913e-09	-0.0373695
1.24925e-09	-0.0372371
1.24937e-09	-0.0371045
1.2495e-09	-0.0369715
1.24962e-09	-0.0368384
1.24974e-09	-0.0367049
1.24986e-09	-0.0365712
1.24999e-09	-0.0364373
1.25011e-09	-0.0363031
1.25023e-09	-0.0361687
1.25035e-09	-0.0360339
1.25047e-09	-0.035899
1.2506e-09	-0.0357638
1.25072e-09	-0.0356283
1.25084e-09	-0.0354926
1.25096e-09	-0.0353566
1.25109e-09	-0.0352204
1.25121e-09	-0.0350839
1.25133e-09	-0.0349471
1.25145e-09	-0.0348102
1.25157e-09	-0.0346729
1.2517e-09	-0.0345354
1.25182e-09	-0.0343977
1.25194e-09	-0.0342597
1.25206e-09	-0.0341215
1.25219e-09	-0.033983
1.25231e-09	-0.0338442
1.25243e-09	-0.0337052
1.25255e-09	-0.033566
1.25267e-09	-0.0334265
1.2528e-09	-0.0332868
1.25292e-09	-0.0331468
1.25304e-09	-0.0330065
1.25316e-09	-0.032866
1.25329e-09	-0.0327253
1.25341e-09	-0.0325843
1.25353e-09	-0.0324431
1.25365e-09	-0.0323017
1.25377e-09	-0.0321599
1.2539e-09	-0.032018
1.25402e-09	-0.0318758
1.25414e-09	-0.0317333
1.25426e-09	-0.0315906
1.25439e-09	-0.0314477
1.25451e-09	-0.0313045
1.25463e-09	-0.0311611
1.25475e-09	-0.0310174
1.25487e-09	-0.0308735
1.255e-09	-0.0307293
1.25512e-09	-0.0305849
1.25524e-09	-0.0304403
1.25536e-09	-0.0302954
1.25549e-09	-0.0301503
1.25561e-09	-0.0300049
1.25573e-09	-0.0298593
1.25585e-09	-0.0297135
1.25597e-09	-0.0295674
1.2561e-09	-0.0294211
1.25622e-09	-0.0292745
1.25634e-09	-0.0291277
1.25646e-09	-0.0289807
1.25659e-09	-0.0288334
1.25671e-09	-0.0286859
1.25683e-09	-0.0285381
1.25695e-09	-0.0283901
1.25707e-09	-0.0282419
1.2572e-09	-0.0280934
1.25732e-09	-0.0279447
1.25744e-09	-0.0277958
1.25756e-09	-0.0276466
1.25769e-09	-0.0274972
1.25781e-09	-0.0273476
1.25793e-09	-0.0271977
1.25805e-09	-0.0270476
1.25817e-09	-0.0268973
1.2583e-09	-0.0267467
1.25842e-09	-0.0265959
1.25854e-09	-0.0264449
1.25866e-09	-0.0262936
1.25879e-09	-0.0261421
1.25891e-09	-0.0259904
1.25903e-09	-0.0258384
1.25915e-09	-0.0256862
1.25927e-09	-0.0255338
1.2594e-09	-0.0253812
1.25952e-09	-0.0252283
1.25964e-09	-0.0250752
1.25976e-09	-0.0249218
1.25989e-09	-0.0247683
1.26001e-09	-0.0246145
1.26013e-09	-0.0244605
1.26025e-09	-0.0243062
1.26038e-09	-0.0241518
1.2605e-09	-0.0239971
1.26062e-09	-0.0238421
1.26074e-09	-0.023687
1.26086e-09	-0.0235316
1.26099e-09	-0.023376
1.26111e-09	-0.0232202
1.26123e-09	-0.0230642
1.26135e-09	-0.0229079
1.26148e-09	-0.0227514
1.2616e-09	-0.0225947
1.26172e-09	-0.0224378
1.26184e-09	-0.0222806
1.26196e-09	-0.0221232
1.26209e-09	-0.0219656
1.26221e-09	-0.0218078
1.26233e-09	-0.0216498
1.26245e-09	-0.0214915
1.26258e-09	-0.0213331
1.2627e-09	-0.0211744
1.26282e-09	-0.0210155
1.26294e-09	-0.0208563
1.26306e-09	-0.020697
1.26319e-09	-0.0205374
1.26331e-09	-0.0203776
1.26343e-09	-0.0202176
1.26355e-09	-0.0200574
1.26368e-09	-0.019897
1.2638e-09	-0.0197364
1.26392e-09	-0.0195755
1.26404e-09	-0.0194145
1.26416e-09	-0.0192532
1.26429e-09	-0.0190917
1.26441e-09	-0.01893
1.26453e-09	-0.0187681
1.26465e-09	-0.0186059
1.26478e-09	-0.0184436
1.2649e-09	-0.018281
1.26502e-09	-0.0181183
1.26514e-09	-0.0179553
1.26526e-09	-0.0177921
1.26539e-09	-0.0176287
1.26551e-09	-0.0174651
1.26563e-09	-0.0173013
1.26575e-09	-0.0171373
1.26588e-09	-0.0169731
1.266e-09	-0.0168087
1.26612e-09	-0.016644
1.26624e-09	-0.0164792
1.26636e-09	-0.0163141
1.26649e-09	-0.0161489
1.26661e-09	-0.0159834
1.26673e-09	-0.0158178
1.26685e-09	-0.0156519
1.26698e-09	-0.0154859
1.2671e-09	-0.0153196
1.26722e-09	-0.0151531
1.26734e-09	-0.0149864
1.26746e-09	-0.0148196
1.26759e-09	-0.0146525
1.26771e-09	-0.0144852
1.26783e-09	-0.0143178
1.26795e-09	-0.0141501
1.26808e-09	-0.0139822
1.2682e-09	-0.0138141
1.26832e-09	-0.0136459
1.26844e-09	-0.0134774
1.26856e-09	-0.0133088
1.26869e-09	-0.0131399
1.26881e-09	-0.0129708
1.26893e-09	-0.0128016
1.26905e-09	-0.0126322
1.26918e-09	-0.0124625
1.2693e-09	-0.0122927
1.26942e-09	-0.0121227
1.26954e-09	-0.0119524
1.26967e-09	-0.011782
1.26979e-09	-0.0116114
1.26991e-09	-0.0114406
1.27003e-09	-0.0112696
1.27015e-09	-0.0110985
1.27028e-09	-0.0109271
1.2704e-09	-0.0107555
1.27052e-09	-0.0105838
1.27064e-09	-0.0104119
1.27077e-09	-0.0102397
1.27089e-09	-0.0100674
1.27101e-09	-0.00989494
1.27113e-09	-0.00972225
1.27125e-09	-0.00954938
1.27138e-09	-0.00937633
1.2715e-09	-0.00920309
1.27162e-09	-0.00902966
1.27174e-09	-0.00885606
1.27187e-09	-0.00868226
1.27199e-09	-0.00850829
1.27211e-09	-0.00833413
1.27223e-09	-0.00815979
1.27235e-09	-0.00798527
1.27248e-09	-0.00781057
1.2726e-09	-0.00763569
1.27272e-09	-0.00746062
1.27284e-09	-0.00728538
1.27297e-09	-0.00710996
1.27309e-09	-0.00693436
1.27321e-09	-0.00675859
1.27333e-09	-0.00658263
1.27345e-09	-0.0064065
1.27358e-09	-0.00623019
1.2737e-09	-0.00605371
1.27382e-09	-0.00587705
1.27394e-09	-0.00570022
1.27407e-09	-0.00552321
1.27419e-09	-0.00534603
1.27431e-09	-0.00516868
1.27443e-09	-0.00499115
1.27455e-09	-0.00481345
1.27468e-09	-0.00463558
1.2748e-09	-0.00445754
1.27492e-09	-0.00427933
1.27504e-09	-0.00410095
1.27517e-09	-0.0039224
1.27529e-09	-0.00374368
1.27541e-09	-0.00356479
1.27553e-09	-0.00338573
1.27565e-09	-0.00320651
1.27578e-09	-0.00302712
1.2759e-09	-0.00284757
1.27602e-09	-0.00266784
1.27614e-09	-0.00248796
1.27627e-09	-0.00230791
1.27639e-09	-0.00212769
1.27651e-09	-0.00194732
1.27663e-09	-0.00176677
1.27675e-09	-0.00158607
1.27688e-09	-0.00140521
1.277e-09	-0.00122418
1.27712e-09	-0.001043
1.27724e-09	-0.000861649
1.27737e-09	-0.000680143
1.27749e-09	-0.000498479
1.27761e-09	-0.000316656
1.27773e-09	-0.000134675
1.27785e-09	4.74631e-05
1.27798e-09	0.000229758
1.2781e-09	0.000412208
1.27822e-09	0.000594815
1.27834e-09	0.000777576
1.27847e-09	0.000960491
1.27859e-09	0.00114356
1.27871e-09	0.00132678
1.27883e-09	0.00151016
1.27895e-09	0.00169369
1.27908e-09	0.00187736
1.2792e-09	0.00206119
1.27932e-09	0.00224517
1.27944e-09	0.0024293
1.27957e-09	0.00261358
1.27969e-09	0.00279801
1.27981e-09	0.00298259
1.27993e-09	0.00316731
1.28006e-09	0.00335218
1.28018e-09	0.00353719
1.2803e-09	0.00372236
1.28042e-09	0.00390766
1.28054e-09	0.00409312
1.28067e-09	0.00427871
1.28079e-09	0.00446445
1.28091e-09	0.00465033
1.28103e-09	0.00483635
1.28116e-09	0.00502252
1.28128e-09	0.00520883
1.2814e-09	0.00539527
1.28152e-09	0.00558186
1.28164e-09	0.00576859
1.28177e-09	0.00595545
1.28189e-09	0.00614245
1.28201e-09	0.00632959
1.28213e-09	0.00651687
1.28226e-09	0.00670428
1.28238e-09	0.00689183
1.2825e-09	0.00707951
1.28262e-09	0.00726733
1.28274e-09	0.00745528
1.28287e-09	0.00764336
1.28299e-09	0.00783158
1.28311e-09	0.00801993
1.28323e-09	0.00820841
1.28336e-09	0.00839702
1.28348e-09	0.00858576
1.2836e-09	0.00877463
1.28372e-09	0.00896363
1.28384e-09	0.00915276
1.28397e-09	0.00934201
1.28409e-09	0.0095314
1.28421e-09	0.0097209
1.28433e-09	0.00991054
1.28446e-09	0.0101003
1.28458e-09	0.0102902
1.2847e-09	0.0104802
1.28482e-09	0.0106703
1.28494e-09	0.0108606
1.28507e-09	0.011051
1.28519e-09	0.0112414
1.28531e-09	0.0114321
1.28543e-09	0.0116228
1.28556e-09	0.0118137
1.28568e-09	0.0120046
1.2858e-09	0.0121957
1.28592e-09	0.0123869
1.28604e-09	0.0125783
1.28617e-09	0.0127697
1.28629e-09	0.0129613
1.28641e-09	0.013153
1.28653e-09	0.0133448
1.28666e-09	0.0135367
1.28678e-09	0.0137287
1.2869e-09	0.0139208
1.28702e-09	0.014113
1.28714e-09	0.0143054
1.28727e-09	0.0144979
1.28739e-09	0.0146904
1.28751e-09	0.0148831
1.28763e-09	0.0150759
1.28776e-09	0.0152688
1.28788e-09	0.0154618
1.288e-09	0.0156549
1.28812e-09	0.0158482
1.28824e-09	0.0160415
1.28837e-09	0.0162349
1.28849e-09	0.0164285
1.28861e-09	0.0166221
1.28873e-09	0.0168158
1.28886e-09	0.0170097
1.28898e-09	0.0172036
1.2891e-09	0.0173977
1.28922e-09	0.0175918
1.28935e-09	0.0177861
1.28947e-09	0.0179804
1.28959e-09	0.0181748
1.28971e-09	0.0183694
1.28983e-09	0.018564
1.28996e-09	0.0187588
1.29008e-09	0.0189536
1.2902e-09	0.0191485
1.29032e-09	0.0193435
1.29045e-09	0.0195386
1.29057e-09	0.0197338
1.29069e-09	0.0199291
1.29081e-09	0.0201245
1.29093e-09	0.02032
1.29106e-09	0.0205156
1.29118e-09	0.0207112
1.2913e-09	0.020907
1.29142e-09	0.0211028
1.29155e-09	0.0212987
1.29167e-09	0.0214947
1.29179e-09	0.0216908
1.29191e-09	0.021887
1.29203e-09	0.0220833
1.29216e-09	0.0222796
1.29228e-09	0.0224761
1.2924e-09	0.0226726
1.29252e-09	0.0228692
1.29265e-09	0.0230659
1.29277e-09	0.0232626
1.29289e-09	0.0234595
1.29301e-09	0.0236564
1.29313e-09	0.0238534
1.29326e-09	0.0240504
1.29338e-09	0.0242476
1.2935e-09	0.0244448
1.29362e-09	0.0246421
1.29375e-09	0.0248395
1.29387e-09	0.025037
1.29399e-09	0.0252345
1.29411e-09	0.0254321
1.29423e-09	0.0256298
1.29436e-09	0.0258275
1.29448e-09	0.0260253
1.2946e-09	0.0262232
1.29472e-09	0.0264212
1.29485e-09	0.0266192
1.29497e-09	0.0268173
1.29509e-09	0.0270155
1.29521e-09	0.0272137
1.29533e-09	0.027412
1.29546e-09	0.0276103
1.29558e-09	0.0278088
1.2957e-09	0.0280072
1.29582e-09	0.0282058
1.29595e-09	0.0284044
1.29607e-09	0.0286031
1.29619e-09	0.0288018
1.29631e-09	0.0290006
1.29643e-09	0.0291995
1.29656e-09	0.0293984
1.29668e-09	0.0295974
1.2968e-09	0.0297964
1.29692e-09	0.0299955
1.29705e-09	0.0301946
1.29717e-09	0.0303938
1.29729e-09	0.0305931
1.29741e-09	0.0307924
1.29753e-09	0.0309917
1.29766e-09	0.0311912
1.29778e-09	0.0313906
1.2979e-09	0.0315901
1.29802e-09	0.0317897
1.29815e-09	0.0319893
1.29827e-09	0.032189
1.29839e-09	0.0323887
1.29851e-09	0.0325885
1.29863e-09	0.0327883
1.29876e-09	0.0329881
1.29888e-09	0.033188
1.299e-09	0.033388
1.29912e-09	0.033588
1.29925e-09	0.033788
1.29937e-09	0.0339881
1.29949e-09	0.0341882
1.29961e-09	0.0343883
1.29974e-09	0.0345885
1.29986e-09	0.0347888
1.29998e-09	0.034989
1.3001e-09	0.0351893
1.30022e-09	0.0353897
1.30035e-09	0.0355901
1.30047e-09	0.0357905
1.30059e-09	0.035991
1.30071e-09	0.0361914
1.30084e-09	0.036392
1.30096e-09	0.0365925
1.30108e-09	0.0367931
1.3012e-09	0.0369937
1.30132e-09	0.0371944
1.30145e-09	0.0373951
1.30157e-09	0.0375958
1.30169e-09	0.0377965
1.30181e-09	0.0379973
1.30194e-09	0.0381981
1.30206e-09	0.0383989
1.30218e-09	0.0385997
1.3023e-09	0.0388006
1.30242e-09	0.0390015
1.30255e-09	0.0392024
1.30267e-09	0.0394033
1.30279e-09	0.0396043
1.30291e-09	0.0398053
1.30304e-09	0.0400063
1.30316e-09	0.0402073
1.30328e-09	0.0404083
1.3034e-09	0.0406094
1.30352e-09	0.0408105
1.30365e-09	0.0410116
1.30377e-09	0.0412127
1.30389e-09	0.0414138
1.30401e-09	0.0416149
1.30414e-09	0.0418161
1.30426e-09	0.0420172
1.30438e-09	0.0422184
1.3045e-09	0.0424196
1.30462e-09	0.0426208
1.30475e-09	0.042822
1.30487e-09	0.0430232
1.30499e-09	0.0432244
1.30511e-09	0.0434256
1.30524e-09	0.0436269
1.30536e-09	0.0438281
1.30548e-09	0.0440293
1.3056e-09	0.0442306
1.30572e-09	0.0444318
1.30585e-09	0.0446331
1.30597e-09	0.0448343
1.30609e-09	0.0450356
1.30621e-09	0.0452369
1.30634e-09	0.0454381
1.30646e-09	0.0456394
1.30658e-09	0.0458406
1.3067e-09	0.0460419
1.30682e-09	0.0462431
1.30695e-09	0.0464444
1.30707e-09	0.0466456
1.30719e-09	0.0468468
1.30731e-09	0.0470481
1.30744e-09	0.0472493
1.30756e-09	0.0474505
1.30768e-09	0.0476517
1.3078e-09	0.0478529
1.30792e-09	0.048054
1.30805e-09	0.0482552
1.30817e-09	0.0484564
1.30829e-09	0.0486575
1.30841e-09	0.0488586
1.30854e-09	0.0490598
1.30866e-09	0.0492609
1.30878e-09	0.0494619
1.3089e-09	0.049663
1.30903e-09	0.0498641
1.30915e-09	0.0500651
1.30927e-09	0.0502661
1.30939e-09	0.0504671
1.30951e-09	0.0506681
1.30964e-09	0.050869
1.30976e-09	0.0510699
1.30988e-09	0.0512708
1.31e-09	0.0514717
1.31013e-09	0.0516726
1.31025e-09	0.0518734
1.31037e-09	0.0520742
1.31049e-09	0.052275
1.31061e-09	0.0524757
1.31074e-09	0.0526764
1.31086e-09	0.0528771
1.31098e-09	0.0530778
1.3111e-09	0.0532784
1.31123e-09	0.053479
1.31135e-09	0.0536796
1.31147e-09	0.0538801
1.31159e-09	0.0540806
1.31171e-09	0.0542811
1.31184e-09	0.0544815
1.31196e-09	0.0546819
1.31208e-09	0.0548822
1.3122e-09	0.0550826
1.31233e-09	0.0552828
1.31245e-09	0.0554831
1.31257e-09	0.0556833
1.31269e-09	0.0558834
1.31281e-09	0.0560835
1.31294e-09	0.0562836
1.31306e-09	0.0564836
1.31318e-09	0.0566836
1.3133e-09	0.0568835
1.31343e-09	0.0570834
1.31355e-09	0.0572833
1.31367e-09	0.0574831
1.31379e-09	0.0576828
1.31391e-09	0.0578825
1.31404e-09	0.0580821
1.31416e-09	0.0582817
1.31428e-09	0.0584813
1.3144e-09	0.0586808
1.31453e-09	0.0588802
1.31465e-09	0.0590796
1.31477e-09	0.0592789
1.31489e-09	0.0594782
1.31501e-09	0.0596774
1.31514e-09	0.0598766
1.31526e-09	0.0600757
1.31538e-09	0.0602747
1.3155e-09	0.0604737
1.31563e-09	0.0606726
1.31575e-09	0.0608715
1.31587e-09	0.0610703
1.31599e-09	0.061269
1.31611e-09	0.0614677
1.31624e-09	0.0616663
1.31636e-09	0.0618648
1.31648e-09	0.0620633
1.3166e-09	0.0622617
1.31673e-09	0.06246
1.31685e-09	0.0626583
1.31697e-09	0.0628565
1.31709e-09	0.0630546
1.31721e-09	0.0632527
1.31734e-09	0.0634506
1.31746e-09	0.0636485
1.31758e-09	0.0638464
1.3177e-09	0.0640441
1.31783e-09	0.0642418
1.31795e-09	0.0644394
1.31807e-09	0.064637
1.31819e-09	0.0648344
1.31831e-09	0.0650318
1.31844e-09	0.0652291
1.31856e-09	0.0654263
1.31868e-09	0.0656235
1.3188e-09	0.0658205
1.31893e-09	0.0660175
1.31905e-09	0.0662144
1.31917e-09	0.0664112
1.31929e-09	0.0666079
1.31942e-09	0.0668045
1.31954e-09	0.0670011
1.31966e-09	0.0671975
1.31978e-09	0.0673939
1.3199e-09	0.0675902
1.32003e-09	0.0677864
1.32015e-09	0.0679825
1.32027e-09	0.0681785
1.32039e-09	0.0683744
1.32052e-09	0.0685702
1.32064e-09	0.0687659
1.32076e-09	0.0689616
1.32088e-09	0.0691571
1.321e-09	0.0693525
1.32113e-09	0.0695479
1.32125e-09	0.0697431
1.32137e-09	0.0699382
1.32149e-09	0.0701333
1.32162e-09	0.0703282
1.32174e-09	0.0705231
1.32186e-09	0.0707178
1.32198e-09	0.0709124
1.3221e-09	0.071107
1.32223e-09	0.0713014
1.32235e-09	0.0714957
1.32247e-09	0.0716899
1.32259e-09	0.071884
1.32272e-09	0.072078
1.32284e-09	0.0722719
1.32296e-09	0.0724657
1.32308e-09	0.0726593
1.3232e-09	0.0728529
1.32333e-09	0.0730463
1.32345e-09	0.0732397
1.32357e-09	0.0734329
1.32369e-09	0.073626
1.32382e-09	0.073819
1.32394e-09	0.0740118
1.32406e-09	0.0742046
1.32418e-09	0.0743972
1.3243e-09	0.0745897
1.32443e-09	0.0747821
1.32455e-09	0.0749744
1.32467e-09	0.0751665
1.32479e-09	0.0753585
1.32492e-09	0.0755504
1.32504e-09	0.0757422
1.32516e-09	0.0759339
1.32528e-09	0.0761254
1.3254e-09	0.0763168
1.32553e-09	0.0765081
1.32565e-09	0.0766992
1.32577e-09	0.0768902
1.32589e-09	0.0770811
1.32602e-09	0.0772719
1.32614e-09	0.0774625
1.32626e-09	0.077653
1.32638e-09	0.0778433
1.3265e-09	0.0780335
1.32663e-09	0.0782236
1.32675e-09	0.0784136
1.32687e-09	0.0786034
1.32699e-09	0.0787931
1.32712e-09	0.0789826
1.32724e-09	0.079172
1.32736e-09	0.0793613
1.32748e-09	0.0795504
1.3276e-09	0.0797393
1.32773e-09	0.0799282
1.32785e-09	0.0801169
1.32797e-09	0.0803054
1.32809e-09	0.0804938
1.32822e-09	0.080682
1.32834e-09	0.0808702
1.32846e-09	0.0810581
1.32858e-09	0.0812459
1.32871e-09	0.0814336
1.32883e-09	0.0816211
1.32895e-09	0.0818084
1.32907e-09	0.0819957
1.32919e-09	0.0821827
1.32932e-09	0.0823696
1.32944e-09	0.0825564
1.32956e-09	0.0827429
1.32968e-09	0.0829294
1.32981e-09	0.0831157
1.32993e-09	0.0833018
1.33005e-09	0.0834877
1.33017e-09	0.0836735
1.33029e-09	0.0838592
1.33042e-09	0.0840447
1.33054e-09	0.08423
1.33066e-09	0.0844151
1.33078e-09	0.0846001
1.33091e-09	0.0847849
1.33103e-09	0.0849696
1.33115e-09	0.0851541
1.33127e-09	0.0853384
1.33139e-09	0.0855226
1.33152e-09	0.0857066
1.33164e-09	0.0858904
1.33176e-09	0.086074
1.33188e-09	0.0862575
1.33201e-09	0.0864408
1.33213e-09	0.086624
1.33225e-09	0.0868069
1.33237e-09	0.0869897
1.33249e-09	0.0871723
1.33262e-09	0.0873547
1.33274e-09	0.087537
1.33286e-09	0.0877191
1.33298e-09	0.087901
1.33311e-09	0.0880827
1.33323e-09	0.0882642
1.33335e-09	0.0884456
1.33347e-09	0.0886268
1.33359e-09	0.0888078
1.33372e-09	0.0889886
1.33384e-09	0.0891692
1.33396e-09	0.0893496
1.33408e-09	0.0895299
1.33421e-09	0.08971
1.33433e-09	0.0898898
1.33445e-09	0.0900695
1.33457e-09	0.090249
1.33469e-09	0.0904283
1.33482e-09	0.0906074
1.33494e-09	0.0907864
1.33506e-09	0.0909651
1.33518e-09	0.0911436
1.33531e-09	0.091322
1.33543e-09	0.0915001
1.33555e-09	0.0916781
1.33567e-09	0.0918558
1.33579e-09	0.0920334
1.33592e-09	0.0922107
1.33604e-09	0.0923879
1.33616e-09	0.0925648
1.33628e-09	0.0927416
1.33641e-09	0.0929181
1.33653e-09	0.0930945
1.33665e-09	0.0932706
1.33677e-09	0.0934466
1.33689e-09	0.0936223
1.33702e-09	0.0937978
1.33714e-09	0.0939731
1.33726e-09	0.0941482
1.33738e-09	0.0943232
1.33751e-09	0.0944978
1.33763e-09	0.0946723
1.33775e-09	0.0948466
1.33787e-09	0.0950206
1.33799e-09	0.0951945
1.33812e-09	0.0953681
1.33824e-09	0.0955415
1.33836e-09	0.0957147
1.33848e-09	0.0958877
1.33861e-09	0.0960605
1.33873e-09	0.096233
1.33885e-09	0.0964053
1.33897e-09	0.0965775
1.3391e-09	0.0967493
1.33922e-09	0.096921
1.33934e-09	0.0970924
1.33946e-09	0.0972636
1.33958e-09	0.0974346
1.33971e-09	0.0976054
1.33983e-09	0.097776
1.33995e-09	0.0979463
1.34007e-09	0.0981164
1.3402e-09	0.0982862
1.34032e-09	0.0984558
1.34044e-09	0.0986253
1.34056e-09	0.0987944
1.34068e-09	0.0989634
1.34081e-09	0.0991321
1.34093e-09	0.0993005
1.34105e-09	0.0994688
1.34117e-09	0.0996368
1.3413e-09	0.0998045
1.34142e-09	0.0999721
1.34154e-09	0.100139
1.34166e-09	0.100306
1.34178e-09	0.100473
1.34191e-09	0.10064
1.34203e-09	0.100806
1.34215e-09	0.100972
1.34227e-09	0.101138
1.3424e-09	0.101304
1.34252e-09	0.101469
1.34264e-09	0.101634
1.34276e-09	0.101799
1.34288e-09	0.101964
1.34301e-09	0.102128
1.34313e-09	0.102292
1.34325e-09	0.102456
1.34337e-09	0.10262
1.3435e-09	0.102783
1.34362e-09	0.102946
1.34374e-09	0.103109
1.34386e-09	0.103272
1.34398e-09	0.103434
1.34411e-09	0.103596
1.34423e-09	0.103758
1.34435e-09	0.10392
1.34447e-09	0.104081
1.3446e-09	0.104242
1.34472e-09	0.104403
1.34484e-09	0.104563
1.34496e-09	0.104724
1.34508e-09	0.104884
1.34521e-09	0.105044
1.34533e-09	0.105203
1.34545e-09	0.105362
1.34557e-09	0.105521
1.3457e-09	0.10568
1.34582e-09	0.105838
1.34594e-09	0.105997
1.34606e-09	0.106155
1.34618e-09	0.106312
1.34631e-09	0.10647
1.34643e-09	0.106627
1.34655e-09	0.106784
1.34667e-09	0.10694
1.3468e-09	0.107096
1.34692e-09	0.107252
1.34704e-09	0.107408
1.34716e-09	0.107564
1.34728e-09	0.107719
1.34741e-09	0.107874
1.34753e-09	0.108028
1.34765e-09	0.108183
1.34777e-09	0.108337
1.3479e-09	0.108491
1.34802e-09	0.108644
1.34814e-09	0.108797
1.34826e-09	0.10895
1.34839e-09	0.109103
1.34851e-09	0.109255
1.34863e-09	0.109408
1.34875e-09	0.109559
1.34887e-09	0.109711
1.349e-09	0.109862
1.34912e-09	0.110013
1.34924e-09	0.110164
1.34936e-09	0.110314
1.34949e-09	0.110464
1.34961e-09	0.110614
1.34973e-09	0.110763
1.34985e-09	0.110913
1.34997e-09	0.111062
1.3501e-09	0.11121
1.35022e-09	0.111359
1.35034e-09	0.111507
1.35046e-09	0.111654
1.35059e-09	0.111802
1.35071e-09	0.111949
1.35083e-09	0.112096
1.35095e-09	0.112242
1.35107e-09	0.112388
1.3512e-09	0.112534
1.35132e-09	0.11268
1.35144e-09	0.112825
1.35156e-09	0.11297
1.35169e-09	0.113115
1.35181e-09	0.113259
1.35193e-09	0.113404
1.35205e-09	0.113547
1.35217e-09	0.113691
1.3523e-09	0.113834
1.35242e-09	0.113977
1.35254e-09	0.114119
1.35266e-09	0.114262
1.35279e-09	0.114404
1.35291e-09	0.114545
1.35303e-09	0.114686
1.35315e-09	0.114827
1.35327e-09	0.114968
1.3534e-09	0.115108
1.35352e-09	0.115248
1.35364e-09	0.115388
1.35376e-09	0.115528
1.35389e-09	0.115667
1.35401e-09	0.115805
1.35413e-09	0.115944
1.35425e-09	0.116082
1.35437e-09	0.11622
1.3545e-09	0.116357
1.35462e-09	0.116494
1.35474e-09	0.116631
1.35486e-09	0.116768
1.35499e-09	0.116904
1.35511e-09	0.11704
1.35523e-09	0.117175
1.35535e-09	0.11731
1.35547e-09	0.117445
1.3556e-09	0.11758
1.35572e-09	0.117714
1.35584e-09	0.117848
1.35596e-09	0.117981
1.35609e-09	0.118114
1.35621e-09	0.118247
1.35633e-09	0.11838
1.35645e-09	0.118512
1.35657e-09	0.118644
1.3567e-09	0.118775
1.35682e-09	0.118906
1.35694e-09	0.119037
1.35706e-09	0.119168
1.35719e-09	0.119298
1.35731e-09	0.119428
1.35743e-09	0.119557
1.35755e-09	0.119686
1.35767e-09	0.119815
1.3578e-09	0.119944
1.35792e-09	0.120072
1.35804e-09	0.120199
1.35816e-09	0.120327
1.35829e-09	0.120454
1.35841e-09	0.12058
1.35853e-09	0.120707
1.35865e-09	0.120833
1.35878e-09	0.120958
1.3589e-09	0.121084
1.35902e-09	0.121209
1.35914e-09	0.121333
1.35926e-09	0.121458
1.35939e-09	0.121581
1.35951e-09	0.121705
1.35963e-09	0.121828
1.35975e-09	0.121951
1.35988e-09	0.122073
1.36e-09	0.122196
1.36012e-09	0.122317
1.36024e-09	0.122439
1.36036e-09	0.12256
1.36049e-09	0.12268
1.36061e-09	0.122801
1.36073e-09	0.122921
1.36085e-09	0.12304
1.36098e-09	0.123159
1.3611e-09	0.123278
1.36122e-09	0.123397
1.36134e-09	0.123515
1.36146e-09	0.123633
1.36159e-09	0.12375
1.36171e-09	0.123867
1.36183e-09	0.123984
1.36195e-09	0.1241
1.36208e-09	0.124216
1.3622e-09	0.124331
1.36232e-09	0.124446
1.36244e-09	0.124561
1.36256e-09	0.124676
1.36269e-09	0.12479
1.36281e-09	0.124903
1.36293e-09	0.125017
1.36305e-09	0.125129
1.36318e-09	0.125242
1.3633e-09	0.125354
1.36342e-09	0.125466
1.36354e-09	0.125577
1.36366e-09	0.125688
1.36379e-09	0.125799
1.36391e-09	0.125909
1.36403e-09	0.126019
1.36415e-09	0.126128
1.36428e-09	0.126238
1.3644e-09	0.126346
1.36452e-09	0.126455
1.36464e-09	0.126563
1.36476e-09	0.12667
1.36489e-09	0.126777
1.36501e-09	0.126884
1.36513e-09	0.12699
1.36525e-09	0.127096
1.36538e-09	0.127202
1.3655e-09	0.127307
1.36562e-09	0.127412
1.36574e-09	0.127516
1.36586e-09	0.12762
1.36599e-09	0.127724
1.36611e-09	0.127827
1.36623e-09	0.12793
1.36635e-09	0.128033
1.36648e-09	0.128135
1.3666e-09	0.128236
1.36672e-09	0.128338
1.36684e-09	0.128439
1.36696e-09	0.128539
1.36709e-09	0.128639
1.36721e-09	0.128739
1.36733e-09	0.128838
1.36745e-09	0.128937
1.36758e-09	0.129035
1.3677e-09	0.129133
1.36782e-09	0.129231
1.36794e-09	0.129328
1.36806e-09	0.129425
1.36819e-09	0.129521
1.36831e-09	0.129618
1.36843e-09	0.129713
1.36855e-09	0.129808
1.36868e-09	0.129903
1.3688e-09	0.129998
1.36892e-09	0.130091
1.36904e-09	0.130185
1.36917e-09	0.130278
1.36929e-09	0.130371
1.36941e-09	0.130463
1.36953e-09	0.130555
1.36965e-09	0.130647
1.36978e-09	0.130738
1.3699e-09	0.130828
1.37002e-09	0.130919
1.37014e-09	0.131008
1.37027e-09	0.131098
1.37039e-09	0.131187
1.37051e-09	0.131275
1.37063e-09	0.131364
1.37075e-09	0.131451
1.37088e-09	0.131539
1.371e-09	0.131626
1.37112e-09	0.131712
1.37124e-09	0.131798
1.37137e-09	0.131884
1.37149e-09	0.131969
1.37161e-09	0.132054
1.37173e-09	0.132138
1.37185e-09	0.132222
1.37198e-09	0.132305
1.3721e-09	0.132388
1.37222e-09	0.132471
1.37234e-09	0.132553
1.37247e-09	0.132635
1.37259e-09	0.132716
1.37271e-09	0.132797
1.37283e-09	0.132878
1.37295e-09	0.132958
1.37308e-09	0.133037
1.3732e-09	0.133116
1.37332e-09	0.133195
1.37344e-09	0.133273
1.37357e-09	0.133351
1.37369e-09	0.133429
1.37381e-09	0.133506
1.37393e-09	0.133582
1.37405e-09	0.133658
1.37418e-09	0.133734
1.3743e-09	0.133809
1.37442e-09	0.133884
1.37454e-09	0.133959
1.37467e-09	0.134032
1.37479e-09	0.134106
1.37491e-09	0.134179
1.37503e-09	0.134251
1.37515e-09	0.134324
1.37528e-09	0.134395
1.3754e-09	0.134467
1.37552e-09	0.134537
1.37564e-09	0.134608
1.37577e-09	0.134678
1.37589e-09	0.134747
1.37601e-09	0.134816
1.37613e-09	0.134885
1.37625e-09	0.134953
1.37638e-09	0.13502
1.3765e-09	0.135088
1.37662e-09	0.135154
1.37674e-09	0.135221
1.37687e-09	0.135287
1.37699e-09	0.135352
1.37711e-09	0.135417
1.37723e-09	0.135481
1.37735e-09	0.135545
1.37748e-09	0.135609
1.3776e-09	0.135672
1.37772e-09	0.135735
1.37784e-09	0.135797
1.37797e-09	0.135859
1.37809e-09	0.13592
1.37821e-09	0.135981
1.37833e-09	0.136041
1.37846e-09	0.136101
1.37858e-09	0.136161
1.3787e-09	0.13622
1.37882e-09	0.136278
1.37894e-09	0.136336
1.37907e-09	0.136394
1.37919e-09	0.136451
1.37931e-09	0.136508
1.37943e-09	0.136564
1.37956e-09	0.136619
1.37968e-09	0.136675
1.3798e-09	0.13673
1.37992e-09	0.136784
1.38004e-09	0.136838
1.38017e-09	0.136891
1.38029e-09	0.136944
1.38041e-09	0.136997
1.38053e-09	0.137049
1.38066e-09	0.1371
1.38078e-09	0.137151
1.3809e-09	0.137202
1.38102e-09	0.137252
1.38114e-09	0.137301
1.38127e-09	0.137351
1.38139e-09	0.137399
1.38151e-09	0.137447
1.38163e-09	0.137495
1.38176e-09	0.137542
1.38188e-09	0.137589
1.382e-09	0.137635
1.38212e-09	0.137681
1.38224e-09	0.137727
1.38237e-09	0.137771
1.38249e-09	0.137816
1.38261e-09	0.13786
1.38273e-09	0.137903
1.38286e-09	0.137946
1.38298e-09	0.137989
1.3831e-09	0.138031
1.38322e-09	0.138072
1.38334e-09	0.138113
1.38347e-09	0.138154
1.38359e-09	0.138194
1.38371e-09	0.138233
1.38383e-09	0.138272
1.38396e-09	0.138311
1.38408e-09	0.138349
1.3842e-09	0.138387
1.38432e-09	0.138424
1.38444e-09	0.13846
1.38457e-09	0.138496
1.38469e-09	0.138532
1.38481e-09	0.138567
1.38493e-09	0.138602
1.38506e-09	0.138636
1.38518e-09	0.13867
1.3853e-09	0.138703
1.38542e-09	0.138736
1.38554e-09	0.138768
1.38567e-09	0.1388
1.38579e-09	0.138831
1.38591e-09	0.138862
1.38603e-09	0.138892
1.38616e-09	0.138922
1.38628e-09	0.138951
1.3864e-09	0.13898
1.38652e-09	0.139008
1.38664e-09	0.139036
1.38677e-09	0.139063
1.38689e-09	0.13909
1.38701e-09	0.139116
1.38713e-09	0.139142
1.38726e-09	0.139167
1.38738e-09	0.139192
1.3875e-09	0.139216
1.38762e-09	0.13924
1.38774e-09	0.139263
1.38787e-09	0.139286
1.38799e-09	0.139308
1.38811e-09	0.13933
1.38823e-09	0.139351
1.38836e-09	0.139372
1.38848e-09	0.139392
1.3886e-09	0.139412
1.38872e-09	0.139431
1.38885e-09	0.13945
1.38897e-09	0.139468
1.38909e-09	0.139486
1.38921e-09	0.139503
1.38933e-09	0.13952
1.38946e-09	0.139536
1.38958e-09	0.139551
1.3897e-09	0.139567
1.38982e-09	0.139581
1.38995e-09	0.139595
1.39007e-09	0.139609
1.39019e-09	0.139622
1.39031e-09	0.139635
1.39043e-09	0.139647
1.39056e-09	0.139659
1.39068e-09	0.13967
1.3908e-09	0.13968
1.39092e-09	0.13969
1.39105e-09	0.1397
1.39117e-09	0.139709
1.39129e-09	0.139717
1.39141e-09	0.139725
1.39153e-09	0.139733
1.39166e-09	0.13974
1.39178e-09	0.139746
1.3919e-09	0.139752
1.39202e-09	0.139758
1.39215e-09	0.139763
1.39227e-09	0.139767
1.39239e-09	0.139771
1.39251e-09	0.139774
1.39263e-09	0.139777
1.39276e-09	0.139779
1.39288e-09	0.139781
1.393e-09	0.139782
1.39312e-09	0.139783
1.39325e-09	0.139783
1.39337e-09	0.139783
1.39349e-09	0.139782
1.39361e-09	0.139781
1.39373e-09	0.139779
1.39386e-09	0.139776
1.39398e-09	0.139774
1.3941e-09	0.13977
1.39422e-09	0.139766
1.39435e-09	0.139762
1.39447e-09	0.139757
1.39459e-09	0.139751
1.39471e-09	0.139745
1.39483e-09	0.139738
1.39496e-09	0.139731
1.39508e-09	0.139724
1.3952e-09	0.139715
1.39532e-09	0.139707
1.39545e-09	0.139697
1.39557e-09	0.139688
1.39569e-09	0.139677
1.39581e-09	0.139667
1.39593e-09	0.139655
1.39606e-09	0.139643
1.39618e-09	0.139631
1.3963e-09	0.139618
1.39642e-09	0.139604
1.39655e-09	0.13959
1.39667e-09	0.139576
1.39679e-09	0.139561
1.39691e-09	0.139545
1.39703e-09	0.139529
1.39716e-09	0.139512
1.39728e-09	0.139495
1.3974e-09	0.139477
1.39752e-09	0.139459
1.39765e-09	0.13944
1.39777e-09	0.139421
1.39789e-09	0.139401
1.39801e-09	0.139381
1.39814e-09	0.13936
1.39826e-09	0.139338
1.39838e-09	0.139316
1.3985e-09	0.139293
1.39862e-09	0.13927
1.39875e-09	0.139247
1.39887e-09	0.139223
1.39899e-09	0.139198
1.39911e-09	0.139172
1.39924e-09	0.139147
1.39936e-09	0.13912
1.39948e-09	0.139093
1.3996e-09	0.139066
1.39972e-09	0.139038
1.39985e-09	0.13901
1.39997e-09	0.13898
1.40009e-09	0.138951
1.40021e-09	0.138921
1.40034e-09	0.13889
1.40046e-09	0.138859
1.40058e-09	0.138827
1.4007e-09	0.138795
1.40082e-09	0.138762
1.40095e-09	0.138729
1.40107e-09	0.138695
1.40119e-09	0.13866
1.40131e-09	0.138625
1.40144e-09	0.13859
1.40156e-09	0.138553
1.40168e-09	0.138517
1.4018e-09	0.13848
1.40192e-09	0.138442
1.40205e-09	0.138403
1.40217e-09	0.138365
1.40229e-09	0.138325
1.40241e-09	0.138285
1.40254e-09	0.138245
1.40266e-09	0.138204
1.40278e-09	0.138162
1.4029e-09	0.13812
1.40302e-09	0.138077
1.40315e-09	0.138034
1.40327e-09	0.13799
1.40339e-09	0.137946
1.40351e-09	0.137901
1.40364e-09	0.137856
1.40376e-09	0.13781
1.40388e-09	0.137763
1.404e-09	0.137716
1.40412e-09	0.137668
1.40425e-09	0.13762
1.40437e-09	0.137571
1.40449e-09	0.137522
1.40461e-09	0.137472
1.40474e-09	0.137422
1.40486e-09	0.137371
1.40498e-09	0.13732
1.4051e-09	0.137268
1.40522e-09	0.137215
1.40535e-09	0.137162
1.40547e-09	0.137108
1.40559e-09	0.137054
1.40571e-09	0.136999
1.40584e-09	0.136944
1.40596e-09	0.136888
1.40608e-09	0.136831
1.4062e-09	0.136774
1.40632e-09	0.136717
1.40645e-09	0.136658
1.40657e-09	0.1366
1.40669e-09	0.13654
1.40681e-09	0.136481
1.40694e-09	0.13642
1.40706e-09	0.136359
1.40718e-09	0.136298
1.4073e-09	0.136236
1.40742e-09	0.136173
1.40755e-09	0.13611
1.40767e-09	0.136046
1.40779e-09	0.135982
1.40791e-09	0.135917
1.40804e-09	0.135852
1.40816e-09	0.135786
1.40828e-09	0.13572
1.4084e-09	0.135652
1.40853e-09	0.135585
1.40865e-09	0.135517
1.40877e-09	0.135448
1.40889e-09	0.135379
1.40901e-09	0.135309
1.40914e-09	0.135238
1.40926e-09	0.135167
1.40938e-09	0.135096
1.4095e-09	0.135024
1.40963e-09	0.134951
1.40975e-09	0.134878
1.40987e-09	0.134804
1.40999e-09	0.13473
1.41011e-09	0.134655
1.41024e-09	0.13458
1.41036e-09	0.134504
1.41048e-09	0.134427
1.4106e-09	0.13435
1.41073e-09	0.134272
1.41085e-09	0.134194
1.41097e-09	0.134115
1.41109e-09	0.134036
1.41121e-09	0.133956
1.41134e-09	0.133875
1.41146e-09	0.133794
1.41158e-09	0.133713
1.4117e-09	0.133631
1.41183e-09	0.133548
1.41195e-09	0.133464
1.41207e-09	0.133381
1.41219e-09	0.133296
1.41231e-09	0.133211
1.41244e-09	0.133126
1.41256e-09	0.13304
1.41268e-09	0.132953
1.4128e-09	0.132866
1.41293e-09	0.132778
1.41305e-09	0.132689
1.41317e-09	0.1326
1.41329e-09	0.132511
1.41341e-09	0.132421
1.41354e-09	0.13233
1.41366e-09	0.132239
1.41378e-09	0.132147
1.4139e-09	0.132055
1.41403e-09	0.131962
1.41415e-09	0.131869
1.41427e-09	0.131775
1.41439e-09	0.13168
1.41451e-09	0.131585
1.41464e-09	0.131489
1.41476e-09	0.131393
1.41488e-09	0.131296
1.415e-09	0.131199
1.41513e-09	0.131101
1.41525e-09	0.131002
1.41537e-09	0.130903
1.41549e-09	0.130804
1.41561e-09	0.130703
1.41574e-09	0.130603
1.41586e-09	0.130501
1.41598e-09	0.130399
1.4161e-09	0.130297
1.41623e-09	0.130194
1.41635e-09	0.13009
1.41647e-09	0.129986
1.41659e-09	0.129881
1.41671e-09	0.129776
1.41684e-09	0.12967
1.41696e-09	0.129564
1.41708e-09	0.129457
1.4172e-09	0.129349
1.41733e-09	0.129241
1.41745e-09	0.129132
1.41757e-09	0.129023
1.41769e-09	0.128913
1.41782e-09	0.128803
1.41794e-09	0.128692
1.41806e-09	0.12858
1.41818e-09	0.128468
1.4183e-09	0.128355
1.41843e-09	0.128242
1.41855e-09	0.128128
1.41867e-09	0.128014
1.41879e-09	0.127899
1.41892e-09	0.127784
1.41904e-09	0.127668
1.41916e-09	0.127551
1.41928e-09	0.127434
1.4194e-09	0.127316
1.41953e-09	0.127198
1.41965e-09	0.127079
1.41977e-09	0.12696
1.41989e-09	0.12684
1.42002e-09	0.126719
1.42014e-09	0.126598
1.42026e-09	0.126476
1.42038e-09	0.126354
1.4205e-09	0.126231
1.42063e-09	0.126108
1.42075e-09	0.125984
1.42087e-09	0.125859
1.42099e-09	0.125734
1.42112e-09	0.125608
1.42124e-09	0.125482
1.42136e-09	0.125355
1.42148e-09	0.125228
1.4216e-09	0.1251
1.42173e-09	0.124972
1.42185e-09	0.124843
1.42197e-09	0.124713
1.42209e-09	0.124583
1.42222e-09	0.124452
1.42234e-09	0.124321
1.42246e-09	0.124189
1.42258e-09	0.124056
1.4227e-09	0.123923
1.42283e-09	0.12379
1.42295e-09	0.123656
1.42307e-09	0.123521
1.42319e-09	0.123386
1.42332e-09	0.12325
1.42344e-09	0.123114
1.42356e-09	0.122977
1.42368e-09	0.122839
1.4238e-09	0.122701
1.42393e-09	0.122562
1.42405e-09	0.122423
1.42417e-09	0.122283
1.42429e-09	0.122143
1.42442e-09	0.122002
1.42454e-09	0.121861
1.42466e-09	0.121719
1.42478e-09	0.121576
1.4249e-09	0.121433
1.42503e-09	0.121289
1.42515e-09	0.121145
1.42527e-09	0.121
1.42539e-09	0.120855
1.42552e-09	0.120709
1.42564e-09	0.120562
1.42576e-09	0.120415
1.42588e-09	0.120268
1.426e-09	0.12012
1.42613e-09	0.119971
1.42625e-09	0.119822
1.42637e-09	0.119672
1.42649e-09	0.119521
1.42662e-09	0.11937
1.42674e-09	0.119219
1.42686e-09	0.119067
1.42698e-09	0.118914
1.4271e-09	0.118761
1.42723e-09	0.118607
1.42735e-09	0.118452
1.42747e-09	0.118298
1.42759e-09	0.118142
1.42772e-09	0.117986
1.42784e-09	0.117829
1.42796e-09	0.117672
1.42808e-09	0.117515
1.42821e-09	0.117356
1.42833e-09	0.117197
1.42845e-09	0.117038
1.42857e-09	0.116878
1.42869e-09	0.116718
1.42882e-09	0.116557
1.42894e-09	0.116395
1.42906e-09	0.116233
1.42918e-09	0.11607
1.42931e-09	0.115907
1.42943e-09	0.115743
1.42955e-09	0.115579
1.42967e-09	0.115414
1.42979e-09	0.115248
1.42992e-09	0.115082
1.43004e-09	0.114915
1.43016e-09	0.114748
1.43028e-09	0.11458
1.43041e-09	0.114412
1.43053e-09	0.114243
1.43065e-09	0.114074
1.43077e-09	0.113904
1.43089e-09	0.113734
1.43102e-09	0.113562
1.43114e-09	0.113391
1.43126e-09	0.113219
1.43138e-09	0.113046
1.43151e-09	0.112873
1.43163e-09	0.112699
1.43175e-09	0.112524
1.43187e-09	0.11235
1.43199e-09	0.112174
1.43212e-09	0.111998
1.43224e-09	0.111821
1.43236e-09	0.111644
1.43248e-09	0.111467
1.43261e-09	0.111288
1.43273e-09	0.11111
1.43285e-09	0.11093
1.43297e-09	0.11075
1.43309e-09	0.11057
1.43322e-09	0.110389
1.43334e-09	0.110207
1.43346e-09	0.110025
1.43358e-09	0.109843
1.43371e-09	0.10966
1.43383e-09	0.109476
1.43395e-09	0.109292
1.43407e-09	0.109107
1.43419e-09	0.108921
1.43432e-09	0.108735
1.43444e-09	0.108549
1.43456e-09	0.108362
1.43468e-09	0.108174
1.43481e-09	0.107986
1.43493e-09	0.107798
1.43505e-09	0.107609
1.43517e-09	0.107419
1.43529e-09	0.107229
1.43542e-09	0.107038
1.43554e-09	0.106846
1.43566e-09	0.106654
1.43578e-09	0.106462
1.43591e-09	0.106269
1.43603e-09	0.106075
1.43615e-09	0.105881
1.43627e-09	0.105687
1.43639e-09	0.105492
1.43652e-09	0.105296
1.43664e-09	0.1051
1.43676e-09	0.104903
1.43688e-09	0.104706
1.43701e-09	0.104508
1.43713e-09	0.104309
1.43725e-09	0.10411
1.43737e-09	0.103911
1.4375e-09	0.103711
1.43762e-09	0.10351
1.43774e-09	0.103309
1.43786e-09	0.103108
1.43798e-09	0.102905
1.43811e-09	0.102703
1.43823e-09	0.1025
1.43835e-09	0.102296
1.43847e-09	0.102091
1.4386e-09	0.101887
1.43872e-09	0.101681
1.43884e-09	0.101475
1.43896e-09	0.101269
1.43908e-09	0.101062
1.43921e-09	0.100854
1.43933e-09	0.100646
1.43945e-09	0.100438
1.43957e-09	0.100229
1.4397e-09	0.100019
1.43982e-09	0.0998088
1.43994e-09	0.0995981
1.44006e-09	0.0993869
1.44018e-09	0.0991751
1.44031e-09	0.0989629
1.44043e-09	0.09875
1.44055e-09	0.0985367
1.44067e-09	0.0983228
1.4408e-09	0.0981084
1.44092e-09	0.0978935
1.44104e-09	0.097678
1.44116e-09	0.0974621
1.44128e-09	0.0972455
1.44141e-09	0.0970285
1.44153e-09	0.0968109
1.44165e-09	0.0965929
1.44177e-09	0.0963743
1.4419e-09	0.0961551
1.44202e-09	0.0959355
1.44214e-09	0.0957153
1.44226e-09	0.0954946
1.44238e-09	0.0952734
1.44251e-09	0.0950516
1.44263e-09	0.0948294
1.44275e-09	0.0946066
1.44287e-09	0.0943833
1.443e-09	0.0941594
1.44312e-09	0.0939351
1.44324e-09	0.0937102
1.44336e-09	0.0934848
1.44348e-09	0.0932589
1.44361e-09	0.0930325
1.44373e-09	0.0928056
1.44385e-09	0.0925781
1.44397e-09	0.0923502
1.4441e-09	0.0921217
1.44422e-09	0.0918927
1.44434e-09	0.0916632
1.44446e-09	0.0914331
1.44458e-09	0.0912026
1.44471e-09	0.0909715
1.44483e-09	0.09074
1.44495e-09	0.0905079
1.44507e-09	0.0902753
1.4452e-09	0.0900422
1.44532e-09	0.0898086
1.44544e-09	0.0895745
1.44556e-09	0.0893398
1.44568e-09	0.0891047
1.44581e-09	0.088869
1.44593e-09	0.0886329
1.44605e-09	0.0883962
1.44617e-09	0.088159
1.4463e-09	0.0879214
1.44642e-09	0.0876832
1.44654e-09	0.0874445
1.44666e-09	0.0872053
1.44678e-09	0.0869656
1.44691e-09	0.0867254
1.44703e-09	0.0864847
1.44715e-09	0.0862435
1.44727e-09	0.0860018
1.4474e-09	0.0857596
1.44752e-09	0.0855168
1.44764e-09	0.0852736
1.44776e-09	0.0850299
1.44789e-09	0.0847857
1.44801e-09	0.084541
1.44813e-09	0.0842958
1.44825e-09	0.0840501
1.44837e-09	0.0838038
1.4485e-09	0.0835571
1.44862e-09	0.0833099
1.44874e-09	0.0830622
1.44886e-09	0.0828141
1.44899e-09	0.0825654
1.44911e-09	0.0823162
1.44923e-09	0.0820665
1.44935e-09	0.0818164
1.44947e-09	0.0815657
1.4496e-09	0.0813145
1.44972e-09	0.0810629
1.44984e-09	0.0808108
1.44996e-09	0.0805582
1.45009e-09	0.0803051
1.45021e-09	0.0800515
1.45033e-09	0.0797974
1.45045e-09	0.0795428
1.45057e-09	0.0792877
1.4507e-09	0.0790322
1.45082e-09	0.0787762
1.45094e-09	0.0785197
1.45106e-09	0.0782627
1.45119e-09	0.0780052
1.45131e-09	0.0777472
1.45143e-09	0.0774888
1.45155e-09	0.0772298
1.45167e-09	0.0769704
1.4518e-09	0.0767105
1.45192e-09	0.0764502
1.45204e-09	0.0761893
1.45216e-09	0.075928
1.45229e-09	0.0756662
1.45241e-09	0.0754039
1.45253e-09	0.0751411
1.45265e-09	0.0748779
1.45277e-09	0.0746142
1.4529e-09	0.07435
1.45302e-09	0.0740853
1.45314e-09	0.0738202
1.45326e-09	0.0735546
1.45339e-09	0.0732885
1.45351e-09	0.0730219
1.45363e-09	0.0727549
1.45375e-09	0.0724874
1.45387e-09	0.0722195
1.454e-09	0.071951
1.45412e-09	0.0716821
1.45424e-09	0.0714128
1.45436e-09	0.0711429
1.45449e-09	0.0708726
1.45461e-09	0.0706019
1.45473e-09	0.0703306
1.45485e-09	0.070059
1.45497e-09	0.0697868
1.4551e-09	0.0695142
1.45522e-09	0.0692411
1.45534e-09	0.0689676
1.45546e-09	0.0686936
1.45559e-09	0.0684191
1.45571e-09	0.0681442
1.45583e-09	0.0678688
1.45595e-09	0.0675929
1.45607e-09	0.0673167
1.4562e-09	0.0670399
1.45632e-09	0.0667627
1.45644e-09	0.066485
1.45656e-09	0.0662069
1.45669e-09	0.0659283
1.45681e-09	0.0656493
1.45693e-09	0.0653698
1.45705e-09	0.0650899
1.45718e-09	0.0648095
1.4573e-09	0.0645287
1.45742e-09	0.0642474
1.45754e-09	0.0639657
1.45766e-09	0.0636835
1.45779e-09	0.0634009
1.45791e-09	0.0631179
1.45803e-09	0.0628343
1.45815e-09	0.0625504
1.45828e-09	0.062266
1.4584e-09	0.0619811
1.45852e-09	0.0616959
1.45864e-09	0.0614101
1.45876e-09	0.061124
1.45889e-09	0.0608374
1.45901e-09	0.0605503
1.45913e-09	0.0602628
1.45925e-09	0.0599749
1.45938e-09	0.0596865
1.4595e-09	0.0593977
1.45962e-09	0.0591085
1.45974e-09	0.0588188
1.45986e-09	0.0585287
1.45999e-09	0.0582382
1.46011e-09	0.0579472
1.46023e-09	0.0576558
1.46035e-09	0.057364
1.46048e-09	0.0570717
1.4606e-09	0.0567791
1.46072e-09	0.0564859
1.46084e-09	0.0561924
1.46096e-09	0.0558984
1.46109e-09	0.055604
1.46121e-09	0.0553092
1.46133e-09	0.055014
1.46145e-09	0.0547183
1.46158e-09	0.0544222
1.4617e-09	0.0541257
1.46182e-09	0.0538287
1.46194e-09	0.0535314
1.46206e-09	0.0532336
1.46219e-09	0.0529354
1.46231e-09	0.0526368
1.46243e-09	0.0523378
1.46255e-09	0.0520383
1.46268e-09	0.0517385
1.4628e-09	0.0514382
1.46292e-09	0.0511375
1.46304e-09	0.0508364
1.46316e-09	0.0505349
1.46329e-09	0.0502329
1.46341e-09	0.0499306
1.46353e-09	0.0496279
1.46365e-09	0.0493247
1.46378e-09	0.0490211
1.4639e-09	0.0487172
1.46402e-09	0.0484128
1.46414e-09	0.048108
1.46426e-09	0.0478028
1.46439e-09	0.0474972
1.46451e-09	0.0471912
1.46463e-09	0.0468848
1.46475e-09	0.046578
1.46488e-09	0.0462709
1.465e-09	0.0459633
1.46512e-09	0.0456553
1.46524e-09	0.0453469
1.46536e-09	0.0450381
1.46549e-09	0.0447289
1.46561e-09	0.0444193
1.46573e-09	0.0441094
1.46585e-09	0.043799
1.46598e-09	0.0434882
1.4661e-09	0.0431771
1.46622e-09	0.0428655
1.46634e-09	0.0425536
1.46646e-09	0.0422413
1.46659e-09	0.0419286
1.46671e-09	0.0416155
1.46683e-09	0.041302
1.46695e-09	0.0409882
1.46708e-09	0.0406739
1.4672e-09	0.0403593
1.46732e-09	0.0400443
1.46744e-09	0.0397289
1.46757e-09	0.0394131
1.46769e-09	0.039097
1.46781e-09	0.0387804
1.46793e-09	0.0384635
1.46805e-09	0.0381462
1.46818e-09	0.0378286
1.4683e-09	0.0375105
1.46842e-09	0.0371921
1.46854e-09	0.0368733
1.46867e-09	0.0365542
1.46879e-09	0.0362347
1.46891e-09	0.0359148
1.46903e-09	0.0355945
1.46915e-09	0.0352739
1.46928e-09	0.0349528
1.4694e-09	0.0346315
1.46952e-09	0.0343097
1.46964e-09	0.0339876
1.46977e-09	0.0336652
1.46989e-09	0.0333424
1.47001e-09	0.0330192
1.47013e-09	0.0326956
1.47025e-09	0.0323717
1.47038e-09	0.0320475
1.4705e-09	0.0317228
1.47062e-09	0.0313979
1.47074e-09	0.0310725
1.47087e-09	0.0307468
1.47099e-09	0.0304208
1.47111e-09	0.0300944
1.47123e-09	0.0297676
1.47135e-09	0.0294405
1.47148e-09	0.0291131
1.4716e-09	0.0287853
1.47172e-09	0.0284571
1.47184e-09	0.0281286
1.47197e-09	0.0277998
1.47209e-09	0.0274706
1.47221e-09	0.0271411
1.47233e-09	0.0268112
1.47245e-09	0.026481
1.47258e-09	0.0261504
1.4727e-09	0.0258196
1.47282e-09	0.0254883
1.47294e-09	0.0251567
1.47307e-09	0.0248248
1.47319e-09	0.0244926
1.47331e-09	0.02416
1.47343e-09	0.0238271
1.47355e-09	0.0234938
1.47368e-09	0.0231603
1.4738e-09	0.0228264
1.47392e-09	0.0224921
1.47404e-09	0.0221576
1.47417e-09	0.0218227
1.47429e-09	0.0214874
1.47441e-09	0.0211519
1.47453e-09	0.020816
1.47465e-09	0.0204798
1.47478e-09	0.0201433
1.4749e-09	0.0198065
1.47502e-09	0.0194693
1.47514e-09	0.0191318
1.47527e-09	0.018794
1.47539e-09	0.0184559
1.47551e-09	0.0181175
1.47563e-09	0.0177787
1.47575e-09	0.0174397
1.47588e-09	0.0171003
1.476e-09	0.0167606
1.47612e-09	0.0164206
1.47624e-09	0.0160803
1.47637e-09	0.0157397
1.47649e-09	0.0153987
1.47661e-09	0.0150575
1.47673e-09	0.014716
1.47686e-09	0.0143741
1.47698e-09	0.014032
1.4771e-09	0.0136895
1.47722e-09	0.0133468
1.47734e-09	0.0130037
1.47747e-09	0.0126604
1.47759e-09	0.0123167
1.47771e-09	0.0119728
1.47783e-09	0.0116285
1.47796e-09	0.011284
1.47808e-09	0.0109392
1.4782e-09	0.0105941
1.47832e-09	0.0102486
1.47844e-09	0.00990293
1.47857e-09	0.00955694
1.47869e-09	0.00921066
1.47881e-09	0.00886409
1.47893e-09	0.00851723
1.47906e-09	0.00817009
1.47918e-09	0.00782267
1.4793e-09	0.00747496
1.47942e-09	0.00712697
1.47954e-09	0.0067787
1.47967e-09	0.00643015
1.47979e-09	0.00608133
1.47991e-09	0.00573222
1.48003e-09	0.00538284
1.48016e-09	0.00503319
1.48028e-09	0.00468326
1.4804e-09	0.00433306
1.48052e-09	0.00398258
1.48064e-09	0.00363184
1.48077e-09	0.00328082
1.48089e-09	0.00292954
1.48101e-09	0.00257799
1.48113e-09	0.00222618
1.48126e-09	0.0018741
1.48138e-09	0.00152176
1.4815e-09	0.00116915
1.48162e-09	0.000816288
1.48174e-09	0.000463161
1.48187e-09	0.000109776
1.48199e-09	-0.000243868
1.48211e-09	-0.000597768
1.48223e-09	-0.000951924
1.48236e-09	-0.00130633
1.48248e-09	-0.001661
1.4826e-09	-0.00201591
1.48272e-09	-0.00237108
1.48284e-09	-0.00272649
1.48297e-09	-0.00308216
1.48309e-09	-0.00343807
1.48321e-09	-0.00379423
1.48333e-09	-0.00415063
1.48346e-09	-0.00450728
1.48358e-09	-0.00486417
1.4837e-09	-0.0052213
1.48382e-09	-0.00557867
1.48394e-09	-0.00593628
1.48407e-09	-0.00629413
1.48419e-09	-0.00665222
1.48431e-09	-0.00701054
1.48443e-09	-0.00736909
1.48456e-09	-0.00772788
1.48468e-09	-0.0080869
1.4848e-09	-0.00844616
1.48492e-09	-0.00880564
1.48504e-09	-0.00916535
1.48517e-09	-0.00952529
1.48529e-09	-0.00988545
1.48541e-09	-0.0102458
1.48553e-09	-0.0106065
1.48566e-09	-0.0109673
1.48578e-09	-0.0113283
1.4859e-09	-0.0116896
1.48602e-09	-0.0120511
1.48614e-09	-0.0124128
1.48627e-09	-0.0127748
1.48639e-09	-0.0131369
1.48651e-09	-0.0134993
1.48663e-09	-0.0138618
1.48676e-09	-0.0142246
1.48688e-09	-0.0145876
1.487e-09	-0.0149508
1.48712e-09	-0.0153142
1.48725e-09	-0.0156778
1.48737e-09	-0.0160416
1.48749e-09	-0.0164057
1.48761e-09	-0.0167699
1.48773e-09	-0.0171343
1.48786e-09	-0.017499
1.48798e-09	-0.0178638
1.4881e-09	-0.0182288
1.48822e-09	-0.018594
1.48835e-09	-0.0189595
1.48847e-09	-0.0193251
1.48859e-09	-0.0196909
1.48871e-09	-0.0200569
1.48883e-09	-0.0204231
1.48896e-09	-0.0207895
1.48908e-09	-0.021156
1.4892e-09	-0.0215228
1.48932e-09	-0.0218897
1.48945e-09	-0.0222568
1.48957e-09	-0.0226242
1.48969e-09	-0.0229916
1.48981e-09	-0.0233593
1.48993e-09	-0.0237272
1.49006e-09	-0.0240952
1.49018e-09	-0.0244634
1.4903e-09	-0.0248318
1.49042e-09	-0.0252003
1.49055e-09	-0.025569
1.49067e-09	-0.0259379
1.49079e-09	-0.026307
1.49091e-09	-0.0266762
1.49103e-09	-0.0270457
1.49116e-09	-0.0274152
1.49128e-09	-0.027785
1.4914e-09	-0.0281549
1.49152e-09	-0.0285249
1.49165e-09	-0.0288951
1.49177e-09	-0.0292655
1.49189e-09	-0.0296361
1.49201e-09	-0.0300068
1.49213e-09	-0.0303776
1.49226e-09	-0.0307486
1.49238e-09	-0.0311198
1.4925e-09	-0.0314911
1.49262e-09	-0.0318626
1.49275e-09	-0.0322342
1.49287e-09	-0.032606
1.49299e-09	-0.0329779
1.49311e-09	-0.03335
1.49323e-09	-0.0337222
1.49336e-09	-0.0340945
1.49348e-09	-0.034467
1.4936e-09	-0.0348396
1.49372e-09	-0.0352124
1.49385e-09	-0.0355853
1.49397e-09	-0.0359584
1.49409e-09	-0.0363315
1.49421e-09	-0.0367049
1.49433e-09	-0.0370783
1.49446e-09	-0.0374519
1.49458e-09	-0.0378256
1.4947e-09	-0.0381994
1.49482e-09	-0.0385734
1.49495e-09	-0.0389475
1.49507e-09	-0.0393217
1.49519e-09	-0.039696
1.49531e-09	-0.0400705
1.49543e-09	-0.0404451
1.49556e-09	-0.0408198
1.49568e-09	-0.0411946
1.4958e-09	-0.0415695
1.49592e-09	-0.0419446
1.49605e-09	-0.0423198
1.49617e-09	-0.042695
1.49629e-09	-0.0430704
1.49641e-09	-0.0434459
1.49653e-09	-0.0438215
1.49666e-09	-0.0441973
1.49678e-09	-0.0445731
1.4969e-09	-0.044949
1.49702e-09	-0.045325
1.49715e-09	-0.0457012
1.49727e-09	-0.0460774
1.49739e-09	-0.0464537
1.49751e-09	-0.0468302
1.49764e-09	-0.0472067
1.49776e-09	-0.0475833
1.49788e-09	-0.04796
1.498e-09	-0.0483368
1.49812e-09	-0.0487137
1.49825e-09	-0.0490907
1.49837e-09	-0.0494678
1.49849e-09	-0.049845
1.49861e-09	-0.0502222
1.49874e-09	-0.0505996
1.49886e-09	-0.050977
1.49898e-09	-0.0513545
1.4991e-09	-0.0517321
1.49922e-09	-0.0521097
1.49935e-09	-0.0524875
1.49947e-09	-0.0528653
1.49959e-09	-0.0532432
1.49971e-09	-0.0536211
1.49984e-09	-0.0539992
1.49996e-09	-0.0543773
1.50008e-09	-0.0547555
1.5002e-09	-0.0551337
1.50032e-09	-0.055512
1.50045e-09	-0.0558904
1.50057e-09	-0.0562688
1.50069e-09	-0.0566473
1.50081e-09	-0.0570259
1.50094e-09	-0.0574045
1.50106e-09	-0.0577832
1.50118e-09	-0.0581619
1.5013e-09	-0.0585407
1.50142e-09	-0.0589196
1.50155e-09	-0.0592984
1.50167e-09	-0.0596774
1.50179e-09	-0.0600564
1.50191e-09	-0.0604354
1.50204e-09	-0.0608145
1.50216e-09	-0.0611937
1.50228e-09	-0.0615729
1.5024e-09	-0.0619521
1.50252e-09	-0.0623314
1.50265e-09	-0.0627107
1.50277e-09	-0.06309
1.50289e-09	-0.0634694
1.50301e-09	-0.0638488
1.50314e-09	-0.0642283
1.50326e-09	-0.0646078
1.50338e-09	-0.0649873
1.5035e-09	-0.0653668
1.50362e-09	-0.0657464
1.50375e-09	-0.066126
1.50387e-09	-0.0665056
1.50399e-09	-0.0668853
1.50411e-09	-0.067265
1.50424e-09	-0.0676447
1.50436e-09	-0.0680244
1.50448e-09	-0.0684041
1.5046e-09	-0.0687839
1.50472e-09	-0.0691637
1.50485e-09	-0.0695434
1.50497e-09	-0.0699232
1.50509e-09	-0.0703031
1.50521e-09	-0.0706829
1.50534e-09	-0.0710627
1.50546e-09	-0.0714425
1.50558e-09	-0.0718224
1.5057e-09	-0.0722022
1.50582e-09	-0.0725821
1.50595e-09	-0.0729619
1.50607e-09	-0.0733418
1.50619e-09	-0.0737216
1.50631e-09	-0.0741015
1.50644e-09	-0.0744813
1.50656e-09	-0.0748612
1.50668e-09	-0.075241
1.5068e-09	-0.0756208
1.50693e-09	-0.0760006
1.50705e-09	-0.0763804
1.50717e-09	-0.0767602
1.50729e-09	-0.07714
1.50741e-09	-0.0775198
1.50754e-09	-0.0778995
1.50766e-09	-0.0782792
1.50778e-09	-0.0786589
1.5079e-09	-0.0790386
1.50803e-09	-0.0794183
1.50815e-09	-0.0797979
1.50827e-09	-0.0801775
1.50839e-09	-0.0805571
1.50851e-09	-0.0809367
1.50864e-09	-0.0813162
1.50876e-09	-0.0816957
1.50888e-09	-0.0820751
1.509e-09	-0.0824546
1.50913e-09	-0.082834
1.50925e-09	-0.0832133
1.50937e-09	-0.0835926
1.50949e-09	-0.0839719
1.50961e-09	-0.0843511
1.50974e-09	-0.0847303
1.50986e-09	-0.0851095
1.50998e-09	-0.0854886
1.5101e-09	-0.0858676
1.51023e-09	-0.0862466
1.51035e-09	-0.0866255
1.51047e-09	-0.0870044
1.51059e-09	-0.0873833
1.51071e-09	-0.0877621
1.51084e-09	-0.0881408
1.51096e-09	-0.0885195
1.51108e-09	-0.0888981
1.5112e-09	-0.0892766
1.51133e-09	-0.0896551
1.51145e-09	-0.0900336
1.51157e-09	-0.0904119
1.51169e-09	-0.0907902
1.51181e-09	-0.0911684
1.51194e-09	-0.0915466
1.51206e-09	-0.0919247
1.51218e-09	-0.0923027
1.5123e-09	-0.0926806
1.51243e-09	-0.0930585
1.51255e-09	-0.0934363
1.51267e-09	-0.093814
1.51279e-09	-0.0941916
1.51291e-09	-0.0945692
1.51304e-09	-0.0949466
1.51316e-09	-0.095324
1.51328e-09	-0.0957013
1.5134e-09	-0.0960785
1.51353e-09	-0.0964556
1.51365e-09	-0.0968326
1.51377e-09	-0.0972096
1.51389e-09	-0.0975864
1.51401e-09	-0.0979631
1.51414e-09	-0.0983398
1.51426e-09	-0.0987163
1.51438e-09	-0.0990928
1.5145e-09	-0.0994691
1.51463e-09	-0.0998454
1.51475e-09	-0.100222
1.51487e-09	-0.100598
1.51499e-09	-0.100973
1.51511e-09	-0.101349
1.51524e-09	-0.101725
1.51536e-09	-0.102101
1.51548e-09	-0.102476
1.5156e-09	-0.102851
1.51573e-09	-0.103227
1.51585e-09	-0.103602
1.51597e-09	-0.103977
1.51609e-09	-0.104352
1.51621e-09	-0.104727
1.51634e-09	-0.105101
1.51646e-09	-0.105476
1.51658e-09	-0.10585
1.5167e-09	-0.106224
1.51683e-09	-0.106599
1.51695e-09	-0.106973
1.51707e-09	-0.107346
1.51719e-09	-0.10772
1.51732e-09	-0.108094
1.51744e-09	-0.108467
1.51756e-09	-0.108841
1.51768e-09	-0.109214
1.5178e-09	-0.109587
1.51793e-09	-0.10996
1.51805e-09	-0.110333
1.51817e-09	-0.110705
1.51829e-09	-0.111078
1.51842e-09	-0.11145
1.51854e-09	-0.111822
1.51866e-09	-0.112194
1.51878e-09	-0.112566
1.5189e-09	-0.112938
1.51903e-09	-0.113309
1.51915e-09	-0.113681
1.51927e-09	-0.114052
1.51939e-09	-0.114423
1.51952e-09	-0.114794
1.51964e-09	-0.115165
1.51976e-09	-0.115535
1.51988e-09	-0.115906
1.52e-09	-0.116276
1.52013e-09	-0.116646
1.52025e-09	-0.117016
1.52037e-09	-0.117386
1.52049e-09	-0.117755
1.52062e-09	-0.118125
1.52074e-09	-0.118494
1.52086e-09	-0.118863
1.52098e-09	-0.119232
1.5211e-09	-0.1196
1.52123e-09	-0.119969
1.52135e-09	-0.120337
1.52147e-09	-0.120705
1.52159e-09	-0.121073
1.52172e-09	-0.121441
1.52184e-09	-0.121808
1.52196e-09	-0.122176
1.52208e-09	-0.122543
1.5222e-09	-0.12291
1.52233e-09	-0.123277
1.52245e-09	-0.123643
1.52257e-09	-0.124009
1.52269e-09	-0.124376
1.52282e-09	-0.124742
1.52294e-09	-0.125107
1.52306e-09	-0.125473
1.52318e-09	-0.125838
1.5233e-09	-0.126203
1.52343e-09	-0.126568
1.52355e-09	-0.126933
1.52367e-09	-0.127297
1.52379e-09	-0.127662
1.52392e-09	-0.128026
1.52404e-09	-0.128389
1.52416e-09	-0.128753
1.52428e-09	-0.129116
1.5244e-09	-0.12948
1.52453e-09	-0.129843
1.52465e-09	-0.130205
1.52477e-09	-0.130568
1.52489e-09	-0.13093
1.52502e-09	-0.131292
1.52514e-09	-0.131654
1.52526e-09	-0.132015
1.52538e-09	-0.132377
1.5255e-09	-0.132738
1.52563e-09	-0.133099
1.52575e-09	-0.133459
1.52587e-09	-0.13382
1.52599e-09	-0.13418
1.52612e-09	-0.134539
1.52624e-09	-0.134899
1.52636e-09	-0.135258
1.52648e-09	-0.135618
1.52661e-09	-0.135976
1.52673e-09	-0.136335
1.52685e-09	-0.136693
1.52697e-09	-0.137052
1.52709e-09	-0.137409
1.52722e-09	-0.137767
1.52734e-09	-0.138124
1.52746e-09	-0.138481
1.52758e-09	-0.138838
1.52771e-09	-0.139195
1.52783e-09	-0.139551
1.52795e-09	-0.139907
1.52807e-09	-0.140263
1.52819e-09	-0.140618
1.52832e-09	-0.140973
1.52844e-09	-0.141328
1.52856e-09	-0.141683
1.52868e-09	-0.142037
1.52881e-09	-0.142392
1.52893e-09	-0.142745
1.52905e-09	-0.143099
1.52917e-09	-0.143452
1.52929e-09	-0.143805
1.52942e-09	-0.144158
1.52954e-09	-0.14451
1.52966e-09	-0.144862
1.52978e-09	-0.145214
1.52991e-09	-0.145566
1.53003e-09	-0.145917
1.53015e-09	-0.146268
1.53027e-09	-0.146618
1.53039e-09	-0.146969
1.53052e-09	-0.147319
1.53064e-09	-0.147668
1.53076e-09	-0.148018
1.53088e-09	-0.148367
1.53101e-09	-0.148716
1.53113e-09	-0.149064
1.53125e-09	-0.149413
1.53137e-09	-0.14976
1.53149e-09	-0.150108
1.53162e-09	-0.150455
1.53174e-09	-0.150802
1.53186e-09	-0.151149
1.53198e-09	-0.151495
1.53211e-09	-0.151841
1.53223e-09	-0.152187
1.53235e-09	-0.152532
1.53247e-09	-0.152877
1.53259e-09	-0.153222
1.53272e-09	-0.153566
1.53284e-09	-0.15391
1.53296e-09	-0.154254
1.53308e-09	-0.154597
1.53321e-09	-0.15494
1.53333e-09	-0.155283
1.53345e-09	-0.155625
1.53357e-09	-0.155968
1.53369e-09	-0.156309
1.53382e-09	-0.156651
1.53394e-09	-0.156992
1.53406e-09	-0.157332
1.53418e-09	-0.157673
1.53431e-09	-0.158013
1.53443e-09	-0.158352
1.53455e-09	-0.158691
1.53467e-09	-0.15903
1.53479e-09	-0.159369
1.53492e-09	-0.159707
1.53504e-09	-0.160045
1.53516e-09	-0.160382
1.53528e-09	-0.16072
1.53541e-09	-0.161056
1.53553e-09	-0.161393
1.53565e-09	-0.161729
1.53577e-09	-0.162065
1.53589e-09	-0.1624
1.53602e-09	-0.162735
1.53614e-09	-0.163069
1.53626e-09	-0.163404
1.53638e-09	-0.163737
1.53651e-09	-0.164071
1.53663e-09	-0.164404
1.53675e-09	-0.164737
1.53687e-09	-0.165069
1.537e-09	-0.165401
1.53712e-09	-0.165733
1.53724e-09	-0.166064
1.53736e-09	-0.166394
1.53748e-09	-0.166725
1.53761e-09	-0.167055
1.53773e-09	-0.167385
1.53785e-09	-0.167714
1.53797e-09	-0.168043
1.5381e-09	-0.168371
1.53822e-09	-0.168699
1.53834e-09	-0.169027
1.53846e-09	-0.169354
1.53858e-09	-0.169681
1.53871e-09	-0.170007
1.53883e-09	-0.170333
1.53895e-09	-0.170659
1.53907e-09	-0.170984
1.5392e-09	-0.171309
1.53932e-09	-0.171634
1.53944e-09	-0.171958
1.53956e-09	-0.172281
1.53968e-09	-0.172604
1.53981e-09	-0.172927
1.53993e-09	-0.173249
1.54005e-09	-0.173571
1.54017e-09	-0.173893
1.5403e-09	-0.174214
1.54042e-09	-0.174535
1.54054e-09	-0.174855
1.54066e-09	-0.175175
1.54078e-09	-0.175494
1.54091e-09	-0.175813
1.54103e-09	-0.176132
1.54115e-09	-0.17645
1.54127e-09	-0.176767
1.5414e-09	-0.177085
1.54152e-09	-0.177401
1.54164e-09	-0.177718
1.54176e-09	-0.178034
1.54188e-09	-0.178349
1.54201e-09	-0.178664
1.54213e-09	-0.178979
1.54225e-09	-0.179293
1.54237e-09	-0.179607
1.5425e-09	-0.17992
1.54262e-09	-0.180233
1.54274e-09	-0.180545
1.54286e-09	-0.180857
1.54298e-09	-0.181168
1.54311e-09	-0.181479
1.54323e-09	-0.18179
1.54335e-09	-0.1821
1.54347e-09	-0.18241
1.5436e-09	-0.182719
1.54372e-09	-0.183027
1.54384e-09	-0.183336
1.54396e-09	-0.183643
1.54408e-09	-0.183951
1.54421e-09	-0.184258
1.54433e-09	-0.184564
1.54445e-09	-0.18487
1.54457e-09	-0.185175
1.5447e-09	-0.18548
1.54482e-09	-0.185785
1.54494e-09	-0.186089
1.54506e-09	-0.186392
1.54518e-09	-0.186695
1.54531e-09	-0.186998
1.54543e-09	-0.1873
1.54555e-09	-0.187601
1.54567e-09	-0.187902
1.5458e-09	-0.188203
1.54592e-09	-0.188503
1.54604e-09	-0.188802
1.54616e-09	-0.189102
1.54629e-09	-0.1894
1.54641e-09	-0.189698
1.54653e-09	-0.189996
1.54665e-09	-0.190293
1.54677e-09	-0.19059
1.5469e-09	-0.190886
1.54702e-09	-0.191181
1.54714e-09	-0.191477
1.54726e-09	-0.191771
1.54739e-09	-0.192065
1.54751e-09	-0.192359
1.54763e-09	-0.192652
1.54775e-09	-0.192945
1.54787e-09	-0.193237
1.548e-09	-0.193528
1.54812e-09	-0.193819
1.54824e-09	-0.19411
1.54836e-09	-0.1944
1.54849e-09	-0.194689
1.54861e-09	-0.194978
1.54873e-09	-0.195267
1.54885e-09	-0.195554
1.54897e-09	-0.195842
1.5491e-09	-0.196129
1.54922e-09	-0.196415
1.54934e-09	-0.196701
1.54946e-09	-0.196986
1.54959e-09	-0.197271
1.54971e-09	-0.197555
1.54983e-09	-0.197839
1.54995e-09	-0.198122
1.55007e-09	-0.198404
1.5502e-09	-0.198686
1.55032e-09	-0.198968
1.55044e-09	-0.199249
1.55056e-09	-0.199529
1.55069e-09	-0.199809
1.55081e-09	-0.200088
1.55093e-09	-0.200367
1.55105e-09	-0.200645
1.55117e-09	-0.200923
1.5513e-09	-0.2012
1.55142e-09	-0.201477
1.55154e-09	-0.201753
1.55166e-09	-0.202028
1.55179e-09	-0.202303
1.55191e-09	-0.202577
1.55203e-09	-0.202851
1.55215e-09	-0.203124
1.55227e-09	-0.203397
1.5524e-09	-0.203669
1.55252e-09	-0.20394
1.55264e-09	-0.204211
1.55276e-09	-0.204482
1.55289e-09	-0.204752
1.55301e-09	-0.205021
1.55313e-09	-0.205289
1.55325e-09	-0.205557
1.55337e-09	-0.205825
1.5535e-09	-0.206092
1.55362e-09	-0.206358
1.55374e-09	-0.206624
1.55386e-09	-0.206889
1.55399e-09	-0.207154
1.55411e-09	-0.207418
1.55423e-09	-0.207681
1.55435e-09	-0.207944
1.55447e-09	-0.208206
1.5546e-09	-0.208468
1.55472e-09	-0.208729
1.55484e-09	-0.208989
1.55496e-09	-0.209249
1.55509e-09	-0.209508
1.55521e-09	-0.209767
1.55533e-09	-0.210025
1.55545e-09	-0.210283
1.55557e-09	-0.210539
1.5557e-09	-0.210796
1.55582e-09	-0.211051
1.55594e-09	-0.211306
1.55606e-09	-0.211561
1.55619e-09	-0.211815
1.55631e-09	-0.212068
1.55643e-09	-0.21232
1.55655e-09	-0.212572
1.55668e-09	-0.212824
1.5568e-09	-0.213075
1.55692e-09	-0.213325
1.55704e-09	-0.213574
1.55716e-09	-0.213823
1.55729e-09	-0.214071
1.55741e-09	-0.214319
1.55753e-09	-0.214566
1.55765e-09	-0.214813
1.55778e-09	-0.215058
1.5579e-09	-0.215303
1.55802e-09	-0.215548
1.55814e-09	-0.215792
1.55826e-09	-0.216035
1.55839e-09	-0.216278
1.55851e-09	-0.21652
1.55863e-09	-0.216761
1.55875e-09	-0.217002
1.55888e-09	-0.217242
1.559e-09	-0.217481
1.55912e-09	-0.21772
1.55924e-09	-0.217958
1.55936e-09	-0.218196
1.55949e-09	-0.218433
1.55961e-09	-0.218669
1.55973e-09	-0.218905
1.55985e-09	-0.219139
1.55998e-09	-0.219374
1.5601e-09	-0.219607
1.56022e-09	-0.21984
1.56034e-09	-0.220073
1.56046e-09	-0.220304
1.56059e-09	-0.220535
1.56071e-09	-0.220766
1.56083e-09	-0.220995
1.56095e-09	-0.221224
1.56108e-09	-0.221453
1.5612e-09	-0.22168
1.56132e-09	-0.221907
1.56144e-09	-0.222134
1.56156e-09	-0.222359
1.56169e-09	-0.222584
1.56181e-09	-0.222809
1.56193e-09	-0.223033
1.56205e-09	-0.223256
1.56218e-09	-0.223478
1.5623e-09	-0.2237
1.56242e-09	-0.223921
1.56254e-09	-0.224141
1.56266e-09	-0.22436
1.56279e-09	-0.224579
1.56291e-09	-0.224798
1.56303e-09	-0.225015
1.56315e-09	-0.225232
1.56328e-09	-0.225448
1.5634e-09	-0.225664
1.56352e-09	-0.225879
1.56364e-09	-0.226093
1.56376e-09	-0.226306
1.56389e-09	-0.226519
1.56401e-09	-0.226731
1.56413e-09	-0.226942
1.56425e-09	-0.227153
1.56438e-09	-0.227363
1.5645e-09	-0.227572
1.56462e-09	-0.227781
1.56474e-09	-0.227989
1.56486e-09	-0.228196
1.56499e-09	-0.228403
1.56511e-09	-0.228608
1.56523e-09	-0.228813
1.56535e-09	-0.229018
1.56548e-09	-0.229221
1.5656e-09	-0.229424
1.56572e-09	-0.229627
1.56584e-09	-0.229828
1.56597e-09	-0.230029
1.56609e-09	-0.230229
1.56621e-09	-0.230428
1.56633e-09	-0.230627
1.56645e-09	-0.230825
1.56658e-09	-0.231022
1.5667e-09	-0.231219
1.56682e-09	-0.231414
1.56694e-09	-0.231609
1.56707e-09	-0.231804
1.56719e-09	-0.231997
1.56731e-09	-0.23219
1.56743e-09	-0.232382
1.56755e-09	-0.232574
1.56768e-09	-0.232764
1.5678e-09	-0.232954
1.56792e-09	-0.233144
1.56804e-09	-0.233332
1.56817e-09	-0.23352
1.56829e-09	-0.233707
1.56841e-09	-0.233893
1.56853e-09	-0.234079
1.56865e-09	-0.234264
1.56878e-09	-0.234448
1.5689e-09	-0.234631
1.56902e-09	-0.234813
1.56914e-09	-0.234995
1.56927e-09	-0.235176
1.56939e-09	-0.235357
1.56951e-09	-0.235536
1.56963e-09	-0.235715
1.56975e-09	-0.235893
1.56988e-09	-0.236071
1.57e-09	-0.236247
1.57012e-09	-0.236423
1.57024e-09	-0.236598
1.57037e-09	-0.236772
1.57049e-09	-0.236946
1.57061e-09	-0.237119
1.57073e-09	-0.237291
1.57085e-09	-0.237462
1.57098e-09	-0.237633
1.5711e-09	-0.237802
1.57122e-09	-0.237971
1.57134e-09	-0.238139
1.57147e-09	-0.238307
1.57159e-09	-0.238474
1.57171e-09	-0.23864
1.57183e-09	-0.238805
1.57195e-09	-0.238969
1.57208e-09	-0.239133
1.5722e-09	-0.239295
1.57232e-09	-0.239458
1.57244e-09	-0.239619
1.57257e-09	-0.239779
1.57269e-09	-0.239939
1.57281e-09	-0.240098
1.57293e-09	-0.240256
1.57305e-09	-0.240414
1.57318e-09	-0.24057
1.5733e-09	-0.240726
1.57342e-09	-0.240881
1.57354e-09	-0.241035
1.57367e-09	-0.241189
1.57379e-09	-0.241341
1.57391e-09	-0.241493
1.57403e-09	-0.241644
1.57415e-09	-0.241795
1.57428e-09	-0.241944
1.5744e-09	-0.242093
1.57452e-09	-0.242241
1.57464e-09	-0.242388
1.57477e-09	-0.242534
1.57489e-09	-0.24268
1.57501e-09	-0.242824
1.57513e-09	-0.242968
1.57525e-09	-0.243111
1.57538e-09	-0.243254
1.5755e-09	-0.243395
1.57562e-09	-0.243536
1.57574e-09	-0.243676
1.57587e-09	-0.243815
1.57599e-09	-0.243953
1.57611e-09	-0.244091
1.57623e-09	-0.244228
1.57636e-09	-0.244363
1.57648e-09	-0.244498
1.5766e-09	-0.244633
1.57672e-09	-0.244766
1.57684e-09	-0.244899
1.57697e-09	-0.245031
1.57709e-09	-0.245162
1.57721e-09	-0.245292
1.57733e-09	-0.245421
1.57746e-09	-0.24555
1.57758e-09	-0.245677
1.5777e-09	-0.245804
1.57782e-09	-0.24593
1.57794e-09	-0.246055
1.57807e-09	-0.24618
1.57819e-09	-0.246303
1.57831e-09	-0.246426
1.57843e-09	-0.246548
1.57856e-09	-0.246669
1.57868e-09	-0.246789
1.5788e-09	-0.246909
1.57892e-09	-0.247028
1.57904e-09	-0.247145
1.57917e-09	-0.247262
1.57929e-09	-0.247378
1.57941e-09	-0.247494
1.57953e-09	-0.247608
1.57966e-09	-0.247722
1.57978e-09	-0.247834
1.5799e-09	-0.247946
1.58002e-09	-0.248057
1.58014e-09	-0.248168
1.58027e-09	-0.248277
1.58039e-09	-0.248386
1.58051e-09	-0.248493
1.58063e-09	-0.2486
1.58076e-09	-0.248706
1.58088e-09	-0.248811
1.581e-09	-0.248916
1.58112e-09	-0.249019
1.58124e-09	-0.249122
1.58137e-09	-0.249223
1.58149e-09	-0.249324
1.58161e-09	-0.249424
1.58173e-09	-0.249523
1.58186e-09	-0.249622
1.58198e-09	-0.249719
1.5821e-09	-0.249816
1.58222e-09	-0.249912
1.58234e-09	-0.250007
1.58247e-09	-0.250101
1.58259e-09	-0.250194
1.58271e-09	-0.250286
1.58283e-09	-0.250378
1.58296e-09	-0.250468
1.58308e-09	-0.250558
1.5832e-09	-0.250647
1.58332e-09	-0.250735
1.58344e-09	-0.250822
1.58357e-09	-0.250908
1.58369e-09	-0.250994
1.58381e-09	-0.251078
1.58393e-09	-0.251162
1.58406e-09	-0.251245
1.58418e-09	-0.251327
1.5843e-09	-0.251408
1.58442e-09	-0.251488
1.58454e-09	-0.251567
1.58467e-09	-0.251646
1.58479e-09	-0.251723
1.58491e-09	-0.2518
1.58503e-09	-0.251875
1.58516e-09	-0.25195
1.58528e-09	-0.252024
1.5854e-09	-0.252098
1.58552e-09	-0.25217
1.58565e-09	-0.252241
1.58577e-09	-0.252312
1.58589e-09	-0.252381
1.58601e-09	-0.25245
1.58613e-09	-0.252518
1.58626e-09	-0.252585
1.58638e-09	-0.252651
1.5865e-09	-0.252716
1.58662e-09	-0.25278
1.58675e-09	-0.252844
1.58687e-09	-0.252906
1.58699e-09	-0.252968
1.58711e-09	-0.253029
1.58723e-09	-0.253088
1.58736e-09	-0.253147
1.58748e-09	-0.253205
1.5876e-09	-0.253262
1.58772e-09	-0.253319
1.58785e-09	-0.253374
1.58797e-09	-0.253428
1.58809e-09	-0.253482
1.58821e-09	-0.253535
1.58833e-09	-0.253586
1.58846e-09	-0.253637
1.58858e-09	-0.253687
1.5887e-09	-0.253736
1.58882e-09	-0.253784
1.58895e-09	-0.253832
1.58907e-09	-0.253878
1.58919e-09	-0.253923
1.58931e-09	-0.253968
1.58943e-09	-0.254011
1.58956e-09	-0.254054
1.58968e-09	-0.254096
1.5898e-09	-0.254137
1.58992e-09	-0.254177
1.59005e-09	-0.254216
1.59017e-09	-0.254254
1.59029e-09	-0.254291
1.59041e-09	-0.254327
1.59053e-09	-0.254363
1.59066e-09	-0.254397
1.59078e-09	-0.254431
1.5909e-09	-0.254464
1.59102e-09	-0.254495
1.59115e-09	-0.254526
1.59127e-09	-0.254556
1.59139e-09	-0.254585
1.59151e-09	-0.254613
1.59163e-09	-0.25464
1.59176e-09	-0.254666
1.59188e-09	-0.254692
1.592e-09	-0.254716
1.59212e-09	-0.254739
1.59225e-09	-0.254762
1.59237e-09	-0.254784
1.59249e-09	-0.254804
1.59261e-09	-0.254824
1.59273e-09	-0.254843
1.59286e-09	-0.254861
1.59298e-09	-0.254878
1.5931e-09	-0.254894
1.59322e-09	-0.254909
1.59335e-09	-0.254923
1.59347e-09	-0.254936
1.59359e-09	-0.254948
1.59371e-09	-0.25496
1.59383e-09	-0.25497
1.59396e-09	-0.25498
1.59408e-09	-0.254988
1.5942e-09	-0.254996
1.59432e-09	-0.255003
1.59445e-09	-0.255008
1.59457e-09	-0.255013
1.59469e-09	-0.255017
1.59481e-09	-0.25502
1.59493e-09	-0.255022
1.59506e-09	-0.255023
1.59518e-09	-0.255023
1.5953e-09	-0.255023
1.59542e-09	-0.255021
1.59555e-09	-0.255018
1.59567e-09	-0.255015
1.59579e-09	-0.25501
1.59591e-09	-0.255004
1.59604e-09	-0.254998
1.59616e-09	-0.254991
1.59628e-09	-0.254982
1.5964e-09	-0.254973
1.59652e-09	-0.254963
1.59665e-09	-0.254951
1.59677e-09	-0.254939
1.59689e-09	-0.254926
1.59701e-09	-0.254912
1.59714e-09	-0.254897
1.59726e-09	-0.254881
1.59738e-09	-0.254864
1.5975e-09	-0.254847
1.59762e-09	-0.254828
1.59775e-09	-0.254808
1.59787e-09	-0.254787
1.59799e-09	-0.254766
1.59811e-09	-0.254743
1.59824e-09	-0.254719
1.59836e-09	-0.254695
1.59848e-09	-0.25467
1.5986e-09	-0.254643
1.59872e-09	-0.254616
1.59885e-09	-0.254587
1.59897e-09	-0.254558
1.59909e-09	-0.254528
1.59921e-09	-0.254497
1.59934e-09	-0.254464
1.59946e-09	-0.254431
1.59958e-09	-0.254397
1.5997e-09	-0.254362
1.59982e-09	-0.254326
1.59995e-09	-0.254289
1.60007e-09	-0.254251
1.60019e-09	-0.254212
1.60031e-09	-0.254173
1.60044e-09	-0.254132
1.60056e-09	-0.25409
1.60068e-09	-0.254047
1.6008e-09	-0.254003
1.60092e-09	-0.253959
1.60105e-09	-0.253913
1.60117e-09	-0.253867
1.60129e-09	-0.253819
1.60141e-09	-0.25377
1.60154e-09	-0.253721
1.60166e-09	-0.25367
1.60178e-09	-0.253619
1.6019e-09	-0.253567
1.60202e-09	-0.253513
1.60215e-09	-0.253459
1.60227e-09	-0.253404
1.60239e-09	-0.253347
1.60251e-09	-0.25329
1.60264e-09	-0.253232
1.60276e-09	-0.253173
1.60288e-09	-0.253112
1.603e-09	-0.253051
1.60312e-09	-0.252989
1.60325e-09	-0.252926
1.60337e-09	-0.252862
1.60349e-09	-0.252797
1.60361e-09	-0.252731
1.60374e-09	-0.252664
1.60386e-09	-0.252596
1.60398e-09	-0.252527
1.6041e-09	-0.252457
1.60422e-09	-0.252386
1.60435e-09	-0.252314
1.60447e-09	-0.252241
1.60459e-09	-0.252168
1.60471e-09	-0.252093
1.60484e-09	-0.252017
1.60496e-09	-0.25194
1.60508e-09	-0.251862
1.6052e-09	-0.251784
1.60533e-09	-0.251704
1.60545e-09	-0.251623
1.60557e-09	-0.251542
1.60569e-09	-0.251459
1.60581e-09	-0.251375
1.60594e-09	-0.251291
1.60606e-09	-0.251205
1.60618e-09	-0.251119
1.6063e-09	-0.251031
1.60643e-09	-0.250943
1.60655e-09	-0.250853
1.60667e-09	-0.250763
1.60679e-09	-0.250671
1.60691e-09	-0.250579
1.60704e-09	-0.250485
1.60716e-09	-0.250391
1.60728e-09	-0.250295
1.6074e-09	-0.250199
1.60753e-09	-0.250102
1.60765e-09	-0.250003
1.60777e-09	-0.249904
1.60789e-09	-0.249804
1.60801e-09	-0.249702
1.60814e-09	-0.2496
1.60826e-09	-0.249497
1.60838e-09	-0.249392
1.6085e-09	-0.249287
1.60863e-09	-0.249181
1.60875e-09	-0.249074
1.60887e-09	-0.248965
1.60899e-09	-0.248856
1.60911e-09	-0.248746
1.60924e-09	-0.248635
1.60936e-09	-0.248523
1.60948e-09	-0.24841
1.6096e-09	-0.248295
1.60973e-09	-0.24818
1.60985e-09	-0.248064
1.60997e-09	-0.247947
1.61009e-09	-0.247829
1.61021e-09	-0.24771
1.61034e-09	-0.24759
1.61046e-09	-0.247469
1.61058e-09	-0.247347
1.6107e-09	-0.247223
1.61083e-09	-0.247099
1.61095e-09	-0.246974
1.61107e-09	-0.246848
1.61119e-09	-0.246721
1.61131e-09	-0.246593
1.61144e-09	-0.246464
1.61156e-09	-0.246334
1.61168e-09	-0.246203
1.6118e-09	-0.246071
1.61193e-09	-0.245938
1.61205e-09	-0.245804
1.61217e-09	-0.245669
1.61229e-09	-0.245533
1.61241e-09	-0.245397
1.61254e-09	-0.245259
1.61266e-09	-0.24512
1.61278e-09	-0.24498
1.6129e-09	-0.244839
1.61303e-09	-0.244697
1.61315e-09	-0.244554
1.61327e-09	-0.24441
1.61339e-09	-0.244265
1.61351e-09	-0.244119
1.61364e-09	-0.243973
1.61376e-09	-0.243825
1.61388e-09	-0.243676
1.614e-09	-0.243526
1.61413e-09	-0.243375
1.61425e-09	-0.243223
1.61437e-09	-0.24307
1.61449e-09	-0.242917
1.61461e-09	-0.242762
1.61474e-09	-0.242606
1.61486e-09	-0.242449
1.61498e-09	-0.242291
1.6151e-09	-0.242133
1.61523e-09	-0.241973
1.61535e-09	-0.241812
1.61547e-09	-0.24165
1.61559e-09	-0.241487
1.61572e-09	-0.241324
1.61584e-09	-0.241159
1.61596e-09	-0.240993
1.61608e-09	-0.240826
1.6162e-09	-0.240659
1.61633e-09	-0.24049
1.61645e-09	-0.24032
1.61657e-09	-0.24015
1.61669e-09	-0.239978
1.61682e-09	-0.239805
1.61694e-09	-0.239631
1.61706e-09	-0.239457
1.61718e-09	-0.239281
1.6173e-09	-0.239104
1.61743e-09	-0.238927
1.61755e-09	-0.238748
1.61767e-09	-0.238568
1.61779e-09	-0.238388
1.61792e-09	-0.238206
1.61804e-09	-0.238023
1.61816e-09	-0.23784
1.61828e-09	-0.237655
1.6184e-09	-0.237469
1.61853e-09	-0.237283
1.61865e-09	-0.237095
1.61877e-09	-0.236906
1.61889e-09	-0.236717
1.61902e-09	-0.236526
1.61914e-09	-0.236335
1.61926e-09	-0.236142
1.61938e-09	-0.235949
1.6195e-09	-0.235754
1.61963e-09	-0.235558
1.61975e-09	-0.235362
1.61987e-09	-0.235164
1.61999e-09	-0.234966
1.62012e-09	-0.234766
1.62024e-09	-0.234566
1.62036e-09	-0.234364
1.62048e-09	-0.234162
1.6206e-09	-0.233958
1.62073e-09	-0.233754
1.62085e-09	-0.233548
1.62097e-09	-0.233342
1.62109e-09	-0.233134
1.62122e-09	-0.232926
1.62134e-09	-0.232716
1.62146e-09	-0.232506
1.62158e-09	-0.232294
1.6217e-09	-0.232082
1.62183e-09	-0.231869
1.62195e-09	-0.231654
1.62207e-09	-0.231439
1.62219e-09	-0.231222
1.62232e-09	-0.231005
1.62244e-09	-0.230787
1.62256e-09	-0.230567
1.62268e-09	-0.230347
1.6228e-09	-0.230126
1.62293e-09	-0.229903
1.62305e-09	-0.22968
1.62317e-09	-0.229456
1.62329e-09	-0.22923
1.62342e-09	-0.229004
1.62354e-09	-0.228777
1.62366e-09	-0.228549
1.62378e-09	-0.228319
1.6239e-09	-0.228089
1.62403e-09	-0.227858
1.62415e-09	-0.227626
1.62427e-09	-0.227393
1.62439e-09	-0.227158
1.62452e-09	-0.226923
1.62464e-09	-0.226687
1.62476e-09	-0.22645
1.62488e-09	-0.226212
1.62501e-09	-0.225973
1.62513e-09	-0.225733
1.62525e-09	-0.225492
1.62537e-09	-0.22525
1.62549e-09	-0.225007
1.62562e-09	-0.224763
1.62574e-09	-0.224518
1.62586e-09	-0.224272
1.62598e-09	-0.224025
1.62611e-09	-0.223777
1.62623e-09	-0.223528
1.62635e-09	-0.223278
1.62647e-09	-0.223027
1.62659e-09	-0.222775
1.62672e-09	-0.222522
1.62684e-09	-0.222269
1.62696e-09	-0.222014
1.62708e-09	-0.221758
1.62721e-09	-0.221501
1.62733e-09	-0.221244
1.62745e-09	-0.220985
1.62757e-09	-0.220725
1.62769e-09	-0.220464
1.62782e-09	-0.220203
1.62794e-09	-0.21994
1.62806e-09	-0.219677
1.62818e-09	-0.219412
1.62831e-09	-0.219146
1.62843e-09	-0.21888
1.62855e-09	-0.218612
1.62867e-09	-0.218344
1.62879e-09	-0.218075
1.62892e-09	-0.217804
1.62904e-09	-0.217533
1.62916e-09	-0.21726
1.62928e-09	-0.216987
1.62941e-09	-0.216713
1.62953e-09	-0.216437
1.62965e-09	-0.216161
1.62977e-09	-0.215884
1.62989e-09	-0.215606
1.63002e-09	-0.215327
1.63014e-09	-0.215046
1.63026e-09	-0.214765
1.63038e-09	-0.214483
1.63051e-09	-0.2142
1.63063e-09	-0.213916
1.63075e-09	-0.213631
1.63087e-09	-0.213345
1.63099e-09	-0.213058
1.63112e-09	-0.212771
1.63124e-09	-0.212482
1.63136e-09	-0.212192
1.63148e-09	-0.211901
1.63161e-09	-0.211609
1.63173e-09	-0.211317
1.63185e-09	-0.211023
1.63197e-09	-0.210728
1.63209e-09	-0.210433
1.63222e-09	-0.210136
1.63234e-09	-0.209839
1.63246e-09	-0.20954
1.63258e-09	-0.209241
1.63271e-09	-0.208941
1.63283e-09	-0.208639
1.63295e-09	-0.208337
1.63307e-09	-0.208034
1.63319e-09	-0.20773
1.63332e-09	-0.207424
1.63344e-09	-0.207118
1.63356e-09	-0.206811
1.63368e-09	-0.206503
1.63381e-09	-0.206194
1.63393e-09	-0.205884
1.63405e-09	-0.205573
1.63417e-09	-0.205262
1.63429e-09	-0.204949
1.63442e-09	-0.204635
1.63454e-09	-0.20432
1.63466e-09	-0.204005
1.63478e-09	-0.203688
1.63491e-09	-0.20337
1.63503e-09	-0.203052
1.63515e-09	-0.202733
1.63527e-09	-0.202412
1.6354e-09	-0.202091
1.63552e-09	-0.201769
1.63564e-09	-0.201445
1.63576e-09	-0.201121
1.63588e-09	-0.200796
1.63601e-09	-0.20047
1.63613e-09	-0.200143
1.63625e-09	-0.199815
1.63637e-09	-0.199486
1.6365e-09	-0.199156
1.63662e-09	-0.198826
1.63674e-09	-0.198494
1.63686e-09	-0.198161
1.63698e-09	-0.197828
1.63711e-09	-0.197493
1.63723e-09	-0.197158
1.63735e-09	-0.196821
1.63747e-09	-0.196484
1.6376e-09	-0.196146
1.63772e-09	-0.195807
1.63784e-09	-0.195466
1.63796e-09	-0.195125
1.63808e-09	-0.194783
1.63821e-09	-0.19444
1.63833e-09	-0.194097
1.63845e-09	-0.193752
1.63857e-09	-0.193406
1.6387e-09	-0.193059
1.63882e-09	-0.192712
1.63894e-09	-0.192363
1.63906e-09	-0.192014
1.63918e-09	-0.191664
1.63931e-09	-0.191312
1.63943e-09	-0.19096
1.63955e-09	-0.190607
1.63967e-09	-0.190253
1.6398e-09	-0.189898
1.63992e-09	-0.189542
1.64004e-09	-0.189185
1.64016e-09	-0.188828
1.64028e-09	-0.188469
1.64041e-09	-0.188109
1.64053e-09	-0.187749
1.64065e-09	-0.187388
1.64077e-09	-0.187025
1.6409e-09	-0.186662
1.64102e-09	-0.186298
1.64114e-09	-0.185933
1.64126e-09	-0.185567
1.64138e-09	-0.1852
1.64151e-09	-0.184832
1.64163e-09	-0.184464
1.64175e-09	-0.184094
1.64187e-09	-0.183723
1.642e-09	-0.183352
1.64212e-09	-0.18298
1.64224e-09	-0.182606
1.64236e-09	-0.182232
1.64248e-09	-0.181857
1.64261e-09	-0.181481
1.64273e-09	-0.181104
1.64285e-09	-0.180727
1.64297e-09	-0.180348
1.6431e-09	-0.179969
1.64322e-09	-0.179588
1.64334e-09	-0.179207
1.64346e-09	-0.178824
1.64358e-09	-0.178441
1.64371e-09	-0.178057
1.64383e-09	-0.177672
1.64395e-09	-0.177287
1.64407e-09	-0.1769
1.6442e-09	-0.176512
1.64432e-09	-0.176124
1.64444e-09	-0.175734
1.64456e-09	-0.175344
1.64468e-09	-0.174953
1.64481e-09	-0.174561
1.64493e-09	-0.174168
1.64505e-09	-0.173774
1.64517e-09	-0.173379
1.6453e-09	-0.172984
1.64542e-09	-0.172587
1.64554e-09	-0.17219
1.64566e-09	-0.171792
1.64579e-09	-0.171393
1.64591e-09	-0.170993
1.64603e-09	-0.170592
1.64615e-09	-0.17019
1.64627e-09	-0.169787
1.6464e-09	-0.169384
1.64652e-09	-0.16898
1.64664e-09	-0.168574
1.64676e-09	-0.168168
1.64689e-09	-0.167761
1.64701e-09	-0.167353
1.64713e-09	-0.166945
1.64725e-09	-0.166535
1.64737e-09	-0.166125
1.6475e-09	-0.165713
1.64762e-09	-0.165301
1.64774e-09	-0.164888
1.64786e-09	-0.164474
1.64799e-09	-0.164059
1.64811e-09	-0.163644
1.64823e-09	-0.163227
1.64835e-09	-0.16281
1.64847e-09	-0.162392
1.6486e-09	-0.161973
1.64872e-09	-0.161553
1.64884e-09	-0.161132
1.64896e-09	-0.16071
1.64909e-09	-0.160288
1.64921e-09	-0.159864
1.64933e-09	-0.15944
1.64945e-09	-0.159015
1.64957e-09	-0.158589
1.6497e-09	-0.158163
1.64982e-09	-0.157735
1.64994e-09	-0.157306
1.65006e-09	-0.156877
1.65019e-09	-0.156447
1.65031e-09	-0.156016
1.65043e-09	-0.155584
1.65055e-09	-0.155152
1.65067e-09	-0.154718
1.6508e-09	-0.154284
1.65092e-09	-0.153849
1.65104e-09	-0.153413
1.65116e-09	-0.152976
1.65129e-09	-0.152538
1.65141e-09	-0.1521
1.65153e-09	-0.151661
1.65165e-09	-0.15122
1.65177e-09	-0.150779
1.6519e-09	-0.150338
1.65202e-09	-0.149895
1.65214e-09	-0.149452
1.65226e-09	-0.149007
1.65239e-09	-0.148562
1.65251e-09	-0.148116
1.65263e-09	-0.14767
1.65275e-09	-0.147222
1.65287e-09	-0.146774
1.653e-09	-0.146324
1.65312e-09	-0.145874
1.65324e-09	-0.145424
1.65336e-09	-0.144972
1.65349e-09	-0.14452
1.65361e-09	-0.144066
1.65373e-09	-0.143612
1.65385e-09	-0.143157
1.65397e-09	-0.142702
1.6541e-09	-0.142245
1.65422e-09	-0.141788
1.65434e-09	-0.14133
1.65446e-09	-0.140871
1.65459e-09	-0.140411
1.65471e-09	-0.139951
1.65483e-09	-0.13949
1.65495e-09	-0.139027
1.65508e-09	-0.138565
1.6552e-09	-0.138101
1.65532e-09	-0.137636
1.65544e-09	-0.137171
1.65556e-09	-0.136705
1.65569e-09	-0.136238
1.65581e-09	-0.135771
1.65593e-09	-0.135302
1.65605e-09	-0.134833
1.65618e-09	-0.134363
1.6563e-09	-0.133892
1.65642e-09	-0.133421
1.65654e-09	-0.132948
1.65666e-09	-0.132475
1.65679e-09	-0.132001
1.65691e-09	-0.131527
1.65703e-09	-0.131051
1.65715e-09	-0.130575
1.65728e-09	-0.130098
1.6574e-09	-0.12962
1.65752e-09	-0.129142
1.65764e-09	-0.128662
1.65776e-09	-0.128182
1.65789e-09	-0.127702
1.65801e-09	-0.12722
1.65813e-09	-0.126738
1.65825e-09	-0.126254
1.65838e-09	-0.125771
1.6585e-09	-0.125286
1.65862e-09	-0.124801
1.65874e-09	-0.124314
1.65886e-09	-0.123827
1.65899e-09	-0.12334
1.65911e-09	-0.122851
1.65923e-09	-0.122362
1.65935e-09	-0.121872
1.65948e-09	-0.121382
1.6596e-09	-0.12089
1.65972e-09	-0.120398
1.65984e-09	-0.119905
1.65996e-09	-0.119412
1.66009e-09	-0.118917
1.66021e-09	-0.118422
1.66033e-09	-0.117926
1.66045e-09	-0.11743
1.66058e-09	-0.116932
1.6607e-09	-0.116434
1.66082e-09	-0.115935
1.66094e-09	-0.115436
1.66106e-09	-0.114935
1.66119e-09	-0.114434
1.66131e-09	-0.113933
1.66143e-09	-0.11343
1.66155e-09	-0.112927
1.66168e-09	-0.112423
1.6618e-09	-0.111919
1.66192e-09	-0.111413
1.66204e-09	-0.110907
1.66216e-09	-0.1104
1.66229e-09	-0.109893
1.66241e-09	-0.109385
1.66253e-09	-0.108876
1.66265e-09	-0.108366
1.66278e-09	-0.107856
1.6629e-09	-0.107345
1.66302e-09	-0.106833
1.66314e-09	-0.106321
1.66326e-09	-0.105807
1.66339e-09	-0.105294
1.66351e-09	-0.104779
1.66363e-09	-0.104264
1.66375e-09	-0.103748
1.66388e-09	-0.103231
1.664e-09	-0.102714
1.66412e-09	-0.102196
1.66424e-09	-0.101677
1.66436e-09	-0.101158
1.66449e-09	-0.100637
1.66461e-09	-0.100117
1.66473e-09	-0.0995951
1.66485e-09	-0.0990729
1.66498e-09	-0.0985501
1.6651e-09	-0.0980266
1.66522e-09	-0.0975023
1.66534e-09	-0.0969774
1.66547e-09	-0.0964519
1.66559e-09	-0.0959256
1.66571e-09	-0.0953987
1.66583e-09	-0.0948711
1.66595e-09	-0.0943429
1.66608e-09	-0.0938139
1.6662e-09	-0.0932843
1.66632e-09	-0.0927541
1.66644e-09	-0.0922232
1.66657e-09	-0.0916916
1.66669e-09	-0.0911593
1.66681e-09	-0.0906264
1.66693e-09	-0.0900929
1.66705e-09	-0.0895586
1.66718e-09	-0.0890238
1.6673e-09	-0.0884882
1.66742e-09	-0.0879521
1.66754e-09	-0.0874152
1.66767e-09	-0.0868778
1.66779e-09	-0.0863397
1.66791e-09	-0.0858009
1.66803e-09	-0.0852615
1.66815e-09	-0.0847214
1.66828e-09	-0.0841808
1.6684e-09	-0.0836394
1.66852e-09	-0.0830975
1.66864e-09	-0.0825549
1.66877e-09	-0.0820117
1.66889e-09	-0.0814678
1.66901e-09	-0.0809233
1.66913e-09	-0.0803782
1.66925e-09	-0.0798325
1.66938e-09	-0.0792861
1.6695e-09	-0.0787391
1.66962e-09	-0.0781915
1.66974e-09	-0.0776433
1.66987e-09	-0.0770944
1.66999e-09	-0.076545
1.67011e-09	-0.0759949
1.67023e-09	-0.0754442
1.67035e-09	-0.0748929
1.67048e-09	-0.074341
1.6706e-09	-0.0737885
1.67072e-09	-0.0732354
1.67084e-09	-0.0726816
1.67097e-09	-0.0721273
1.67109e-09	-0.0715724
1.67121e-09	-0.0710168
1.67133e-09	-0.0704607
1.67145e-09	-0.069904
1.67158e-09	-0.0693467
1.6717e-09	-0.0687888
1.67182e-09	-0.0682303
1.67194e-09	-0.0676712
1.67207e-09	-0.0671115
1.67219e-09	-0.0665513
1.67231e-09	-0.0659904
1.67243e-09	-0.065429
1.67255e-09	-0.064867
1.67268e-09	-0.0643044
1.6728e-09	-0.0637413
1.67292e-09	-0.0631775
1.67304e-09	-0.0626132
1.67317e-09	-0.0620483
1.67329e-09	-0.0614829
1.67341e-09	-0.0609169
1.67353e-09	-0.0603503
1.67365e-09	-0.0597832
1.67378e-09	-0.0592155
1.6739e-09	-0.0586472
1.67402e-09	-0.0580784
1.67414e-09	-0.057509
1.67427e-09	-0.0569391
1.67439e-09	-0.0563686
1.67451e-09	-0.0557975
1.67463e-09	-0.0552259
1.67476e-09	-0.0546538
1.67488e-09	-0.0540811
1.675e-09	-0.0535079
1.67512e-09	-0.0529341
1.67524e-09	-0.0523598
1.67537e-09	-0.051785
1.67549e-09	-0.0512096
1.67561e-09	-0.0506337
1.67573e-09	-0.0500572
1.67586e-09	-0.0494802
1.67598e-09	-0.0489027
1.6761e-09	-0.0483247
1.67622e-09	-0.0477461
1.67634e-09	-0.047167
1.67647e-09	-0.0465874
1.67659e-09	-0.0460073
1.67671e-09	-0.0454266
1.67683e-09	-0.0448455
1.67696e-09	-0.0442638
1.67708e-09	-0.0436816
1.6772e-09	-0.0430989
1.67732e-09	-0.0425157
1.67744e-09	-0.041932
1.67757e-09	-0.0413477
1.67769e-09	-0.040763
1.67781e-09	-0.0401778
1.67793e-09	-0.039592
1.67806e-09	-0.0390058
1.67818e-09	-0.0384191
1.6783e-09	-0.0378319
1.67842e-09	-0.0372442
1.67854e-09	-0.036656
1.67867e-09	-0.0360673
1.67879e-09	-0.0354781
1.67891e-09	-0.0348885
1.67903e-09	-0.0342983
1.67916e-09	-0.0337077
1.67928e-09	-0.0331166
1.6794e-09	-0.032525
1.67952e-09	-0.031933
1.67964e-09	-0.0313405
1.67977e-09	-0.0307475
1.67989e-09	-0.030154
1.68001e-09	-0.0295601
1.68013e-09	-0.0289657
1.68026e-09	-0.0283708
1.68038e-09	-0.0277755
1.6805e-09	-0.0271797
1.68062e-09	-0.0265835
1.68074e-09	-0.0259868
1.68087e-09	-0.0253897
1.68099e-09	-0.0247921
1.68111e-09	-0.0241941
1.68123e-09	-0.0235956
1.68136e-09	-0.0229966
1.68148e-09	-0.0223973
1.6816e-09	-0.0217974
1.68172e-09	-0.0211972
1.68184e-09	-0.0205965
1.68197e-09	-0.0199954
1.68209e-09	-0.0193938
1.68221e-09	-0.0187918
1.68233e-09	-0.0181894
1.68246e-09	-0.0175865
1.68258e-09	-0.0169833
1.6827e-09	-0.0163796
1.68282e-09	-0.0157755
1.68294e-09	-0.0151709
1.68307e-09	-0.014566
1.68319e-09	-0.0139606
1.68331e-09	-0.0133548
1.68343e-09	-0.0127486
1.68356e-09	-0.012142
1.68368e-09	-0.011535
1.6838e-09	-0.0109276
1.68392e-09	-0.0103198
1.68404e-09	-0.00971154
1.68417e-09	-0.00910292
1.68429e-09	-0.00849391
1.68441e-09	-0.0078845
1.68453e-09	-0.0072747
1.68466e-09	-0.0066645
1.68478e-09	-0.00605392
1.6849e-09	-0.00544295
1.68502e-09	-0.0048316
1.68515e-09	-0.00421986
1.68527e-09	-0.00360774
1.68539e-09	-0.00299525
1.68551e-09	-0.00238238
1.68563e-09	-0.00176913
1.68576e-09	-0.00115552
1.68588e-09	-0.000541528
1.686e-09	7.28277e-05
1.68612e-09	0.000687549
1.68625e-09	0.00130263
1.68637e-09	0.00191808
1.68649e-09	0.00253389
1.68661e-09	0.00315005
1.68673e-09	0.00376657
1.68686e-09	0.00438344
1.68698e-09	0.00500067
1.6871e-09	0.00561824
1.68722e-09	0.00623616
1.68735e-09	0.00685443
1.68747e-09	0.00747303
1.68759e-09	0.00809198
1.68771e-09	0.00871127
1.68783e-09	0.00933089
1.68796e-09	0.00995085
1.68808e-09	0.0105711
1.6882e-09	0.0111918
1.68832e-09	0.0118127
1.68845e-09	0.012434
1.68857e-09	0.0130556
1.68869e-09	0.0136775
1.68881e-09	0.0142997
1.68893e-09	0.0149223
1.68906e-09	0.0155452
1.68918e-09	0.0161683
1.6893e-09	0.0167918
1.68942e-09	0.0174156
1.68955e-09	0.0180398
1.68967e-09	0.0186642
1.68979e-09	0.0192889
1.68991e-09	0.0199139
1.69003e-09	0.0205392
1.69016e-09	0.0211648
1.69028e-09	0.0217907
1.6904e-09	0.0224169
1.69052e-09	0.0230434
1.69065e-09	0.0236702
1.69077e-09	0.0242972
1.69089e-09	0.0249246
1.69101e-09	0.0255522
1.69113e-09	0.0261801
1.69126e-09	0.0268083
1.69138e-09	0.0274367
1.6915e-09	0.0280654
1.69162e-09	0.0286944
1.69175e-09	0.0293237
1.69187e-09	0.0299532
1.69199e-09	0.030583
1.69211e-09	0.031213
1.69223e-09	0.0318433
1.69236e-09	0.0324739
1.69248e-09	0.0331047
1.6926e-09	0.0337357
1.69272e-09	0.0343671
1.69285e-09	0.0349986
1.69297e-09	0.0356304
1.69309e-09	0.0362625
1.69321e-09	0.0368948
1.69333e-09	0.0375273
1.69346e-09	0.0381601
1.69358e-09	0.0387931
1.6937e-09	0.0394263
1.69382e-09	0.0400598
1.69395e-09	0.0406934
1.69407e-09	0.0413274
1.69419e-09	0.0419615
1.69431e-09	0.0425959
1.69444e-09	0.0432304
1.69456e-09	0.0438652
1.69468e-09	0.0445002
1.6948e-09	0.0451354
1.69492e-09	0.0457709
1.69505e-09	0.0464065
1.69517e-09	0.0470423
1.69529e-09	0.0476784
1.69541e-09	0.0483146
1.69554e-09	0.0489511
1.69566e-09	0.0495877
1.69578e-09	0.0502245
1.6959e-09	0.0508615
1.69602e-09	0.0514987
1.69615e-09	0.0521361
1.69627e-09	0.0527737
1.69639e-09	0.0534115
1.69651e-09	0.0540494
1.69664e-09	0.0546875
1.69676e-09	0.0553258
1.69688e-09	0.0559643
1.697e-09	0.0566029
1.69712e-09	0.0572418
1.69725e-09	0.0578807
1.69737e-09	0.0585199
1.69749e-09	0.0591592
1.69761e-09	0.0597986
1.69774e-09	0.0604382
1.69786e-09	0.061078
1.69798e-09	0.0617179
1.6981e-09	0.062358
1.69822e-09	0.0629982
1.69835e-09	0.0636386
1.69847e-09	0.0642791
1.69859e-09	0.0649197
1.69871e-09	0.0655605
1.69884e-09	0.0662014
1.69896e-09	0.0668425
1.69908e-09	0.0674837
1.6992e-09	0.068125
1.69932e-09	0.0687665
1.69945e-09	0.069408
1.69957e-09	0.0700497
1.69969e-09	0.0706915
1.69981e-09	0.0713335
1.69994e-09	0.0719755
1.70006e-09	0.0726177
1.70018e-09	0.0732599
1.7003e-09	0.0739023
1.70042e-09	0.0745448
1.70055e-09	0.0751874
1.70067e-09	0.0758301
1.70079e-09	0.0764728
1.70091e-09	0.0771157
1.70104e-09	0.0777587
1.70116e-09	0.0784018
1.70128e-09	0.0790449
1.7014e-09	0.0796882
1.70152e-09	0.0803315
1.70165e-09	0.0809749
1.70177e-09	0.0816184
1.70189e-09	0.082262
1.70201e-09	0.0829056
1.70214e-09	0.0835493
1.70226e-09	0.0841931
1.70238e-09	0.084837
1.7025e-09	0.0854809
1.70262e-09	0.0861249
1.70275e-09	0.0867689
1.70287e-09	0.087413
1.70299e-09	0.0880572
1.70311e-09	0.0887014
1.70324e-09	0.0893457
1.70336e-09	0.08999
1.70348e-09	0.0906343
1.7036e-09	0.0912788
1.70372e-09	0.0919232
1.70385e-09	0.0925677
1.70397e-09	0.0932122
1.70409e-09	0.0938568
1.70421e-09	0.0945014
1.70434e-09	0.095146
1.70446e-09	0.0957906
1.70458e-09	0.0964353
1.7047e-09	0.09708
1.70483e-09	0.0977247
1.70495e-09	0.0983695
1.70507e-09	0.0990142
1.70519e-09	0.099659
1.70531e-09	0.100304
1.70544e-09	0.100949
1.70556e-09	0.101593
1.70568e-09	0.102238
1.7058e-09	0.102883
1.70593e-09	0.103528
1.70605e-09	0.104173
1.70617e-09	0.104817
1.70629e-09	0.105462
1.70641e-09	0.106107
1.70654e-09	0.106752
1.70666e-09	0.107396
1.70678e-09	0.108041
1.7069e-09	0.108686
1.70703e-09	0.10933
1.70715e-09	0.109975
1.70727e-09	0.11062
1.70739e-09	0.111264
1.70751e-09	0.111909
1.70764e-09	0.112553
1.70776e-09	0.113198
1.70788e-09	0.113842
1.708e-09	0.114487
1.70813e-09	0.115131
1.70825e-09	0.115775
1.70837e-09	0.11642
1.70849e-09	0.117064
1.70861e-09	0.117708
1.70874e-09	0.118352
1.70886e-09	0.118996
1.70898e-09	0.11964
1.7091e-09	0.120284
1.70923e-09	0.120928
1.70935e-09	0.121572
1.70947e-09	0.122215
1.70959e-09	0.122859
1.70971e-09	0.123503
1.70984e-09	0.124146
1.70996e-09	0.124789
1.71008e-09	0.125433
1.7102e-09	0.126076
1.71033e-09	0.126719
1.71045e-09	0.127362
1.71057e-09	0.128005
1.71069e-09	0.128648
1.71081e-09	0.129291
1.71094e-09	0.129933
1.71106e-09	0.130576
1.71118e-09	0.131218
1.7113e-09	0.131861
1.71143e-09	0.132503
1.71155e-09	0.133145
1.71167e-09	0.133787
1.71179e-09	0.134429
1.71191e-09	0.135071
1.71204e-09	0.135712
1.71216e-09	0.136354
1.71228e-09	0.136995
1.7124e-09	0.137636
1.71253e-09	0.138277
1.71265e-09	0.138918
1.71277e-09	0.139559
1.71289e-09	0.1402
1.71301e-09	0.140841
1.71314e-09	0.141481
1.71326e-09	0.142121
1.71338e-09	0.142761
1.7135e-09	0.143401
1.71363e-09	0.144041
1.71375e-09	0.144681
1.71387e-09	0.14532
1.71399e-09	0.14596
1.71412e-09	0.146599
1.71424e-09	0.147238
1.71436e-09	0.147876
1.71448e-09	0.148515
1.7146e-09	0.149154
1.71473e-09	0.149792
1.71485e-09	0.15043
1.71497e-09	0.151068
1.71509e-09	0.151706
1.71522e-09	0.152343
1.71534e-09	0.152981
1.71546e-09	0.153618
1.71558e-09	0.154255
1.7157e-09	0.154891
1.71583e-09	0.155528
1.71595e-09	0.156164
1.71607e-09	0.156801
1.71619e-09	0.157437
1.71632e-09	0.158072
1.71644e-09	0.158708
1.71656e-09	0.159343
1.71668e-09	0.159978
1.7168e-09	0.160613
1.71693e-09	0.161248
1.71705e-09	0.161882
1.71717e-09	0.162516
1.71729e-09	0.16315
1.71742e-09	0.163784
1.71754e-09	0.164418
1.71766e-09	0.165051
1.71778e-09	0.165684
1.7179e-09	0.166317
1.71803e-09	0.166949
1.71815e-09	0.167582
1.71827e-09	0.168214
1.71839e-09	0.168845
1.71852e-09	0.169477
1.71864e-09	0.170108
1.71876e-09	0.170739
1.71888e-09	0.17137
1.719e-09	0.172001
1.71913e-09	0.172631
1.71925e-09	0.173261
1.71937e-09	0.17389
1.71949e-09	0.17452
1.71962e-09	0.175149
1.71974e-09	0.175778
1.71986e-09	0.176406
1.71998e-09	0.177035
1.7201e-09	0.177663
1.72023e-09	0.17829
1.72035e-09	0.178918
1.72047e-09	0.179545
1.72059e-09	0.180172
1.72072e-09	0.180798
1.72084e-09	0.181424
1.72096e-09	0.18205
1.72108e-09	0.182676
1.7212e-09	0.183301
1.72133e-09	0.183926
1.72145e-09	0.184551
1.72157e-09	0.185175
1.72169e-09	0.185799
1.72182e-09	0.186423
1.72194e-09	0.187046
1.72206e-09	0.187669
1.72218e-09	0.188292
1.7223e-09	0.188914
1.72243e-09	0.189536
1.72255e-09	0.190158
1.72267e-09	0.190779
1.72279e-09	0.1914
1.72292e-09	0.192021
1.72304e-09	0.192641
1.72316e-09	0.193261
1.72328e-09	0.193881
1.7234e-09	0.1945
1.72353e-09	0.195119
1.72365e-09	0.195738
1.72377e-09	0.196356
1.72389e-09	0.196974
1.72402e-09	0.197591
1.72414e-09	0.198208
1.72426e-09	0.198825
1.72438e-09	0.199441
1.72451e-09	0.200057
1.72463e-09	0.200673
1.72475e-09	0.201288
1.72487e-09	0.201903
1.72499e-09	0.202517
1.72512e-09	0.203131
1.72524e-09	0.203745
1.72536e-09	0.204358
1.72548e-09	0.204971
1.72561e-09	0.205583
1.72573e-09	0.206195
1.72585e-09	0.206807
1.72597e-09	0.207418
1.72609e-09	0.208029
1.72622e-09	0.208639
1.72634e-09	0.209249
1.72646e-09	0.209859
1.72658e-09	0.210468
1.72671e-09	0.211076
1.72683e-09	0.211685
1.72695e-09	0.212293
1.72707e-09	0.2129
1.72719e-09	0.213507
1.72732e-09	0.214114
1.72744e-09	0.21472
1.72756e-09	0.215325
1.72768e-09	0.215931
1.72781e-09	0.216535
1.72793e-09	0.21714
1.72805e-09	0.217744
1.72817e-09	0.218347
1.72829e-09	0.21895
1.72842e-09	0.219552
1.72854e-09	0.220154
1.72866e-09	0.220756
1.72878e-09	0.221357
1.72891e-09	0.221958
1.72903e-09	0.222558
1.72915e-09	0.223158
1.72927e-09	0.223757
1.72939e-09	0.224356
1.72952e-09	0.224954
1.72964e-09	0.225552
1.72976e-09	0.226149
1.72988e-09	0.226746
1.73001e-09	0.227342
1.73013e-09	0.227938
1.73025e-09	0.228533
1.73037e-09	0.229128
1.73049e-09	0.229722
1.73062e-09	0.230316
1.73074e-09	0.230909
1.73086e-09	0.231502
1.73098e-09	0.232094
1.73111e-09	0.232686
1.73123e-09	0.233277
1.73135e-09	0.233868
1.73147e-09	0.234458
1.73159e-09	0.235048
1.73172e-09	0.235637
1.73184e-09	0.236226
1.73196e-09	0.236814
1.73208e-09	0.237402
1.73221e-09	0.237989
1.73233e-09	0.238575
1.73245e-09	0.239161
1.73257e-09	0.239746
1.73269e-09	0.240331
1.73282e-09	0.240916
1.73294e-09	0.241499
1.73306e-09	0.242083
1.73318e-09	0.242665
1.73331e-09	0.243247
1.73343e-09	0.243829
1.73355e-09	0.24441
1.73367e-09	0.24499
1.7338e-09	0.24557
1.73392e-09	0.246149
1.73404e-09	0.246728
1.73416e-09	0.247306
1.73428e-09	0.247884
1.73441e-09	0.248461
1.73453e-09	0.249037
1.73465e-09	0.249613
1.73477e-09	0.250188
1.7349e-09	0.250762
1.73502e-09	0.251336
1.73514e-09	0.25191
1.73526e-09	0.252483
1.73538e-09	0.253055
1.73551e-09	0.253626
1.73563e-09	0.254197
1.73575e-09	0.254768
1.73587e-09	0.255338
1.736e-09	0.255907
1.73612e-09	0.256475
1.73624e-09	0.257043
1.73636e-09	0.257611
1.73648e-09	0.258177
1.73661e-09	0.258743
1.73673e-09	0.259309
1.73685e-09	0.259874
1.73697e-09	0.260438
1.7371e-09	0.261001
1.73722e-09	0.261564
1.73734e-09	0.262126
1.73746e-09	0.262688
1.73758e-09	0.263249
1.73771e-09	0.263809
1.73783e-09	0.264369
1.73795e-09	0.264928
1.73807e-09	0.265486
1.7382e-09	0.266044
1.73832e-09	0.266601
1.73844e-09	0.267157
1.73856e-09	0.267713
1.73868e-09	0.268268
1.73881e-09	0.268822
1.73893e-09	0.269376
1.73905e-09	0.269929
1.73917e-09	0.270481
1.7393e-09	0.271033
1.73942e-09	0.271584
1.73954e-09	0.272134
1.73966e-09	0.272684
1.73978e-09	0.273233
1.73991e-09	0.273781
1.74003e-09	0.274329
1.74015e-09	0.274876
1.74027e-09	0.275422
1.7404e-09	0.275967
1.74052e-09	0.276512
1.74064e-09	0.277056
1.74076e-09	0.277599
1.74088e-09	0.278142
1.74101e-09	0.278684
1.74113e-09	0.279225
1.74125e-09	0.279765
1.74137e-09	0.280305
1.7415e-09	0.280844
1.74162e-09	0.281382
1.74174e-09	0.28192
1.74186e-09	0.282457
1.74198e-09	0.282993
1.74211e-09	0.283528
1.74223e-09	0.284063
1.74235e-09	0.284597
1.74247e-09	0.28513
1.7426e-09	0.285662
1.74272e-09	0.286194
1.74284e-09	0.286725
1.74296e-09	0.287255
1.74308e-09	0.287784
1.74321e-09	0.288313
1.74333e-09	0.288841
1.74345e-09	0.289368
1.74357e-09	0.289894
1.7437e-09	0.29042
1.74382e-09	0.290945
1.74394e-09	0.291469
1.74406e-09	0.291992
1.74419e-09	0.292514
1.74431e-09	0.293036
1.74443e-09	0.293557
1.74455e-09	0.294077
1.74467e-09	0.294596
1.7448e-09	0.295115
1.74492e-09	0.295633
1.74504e-09	0.29615
1.74516e-09	0.296666
1.74529e-09	0.297181
1.74541e-09	0.297696
1.74553e-09	0.29821
1.74565e-09	0.298723
1.74577e-09	0.299235
1.7459e-09	0.299746
1.74602e-09	0.300257
1.74614e-09	0.300767
1.74626e-09	0.301275
1.74639e-09	0.301784
1.74651e-09	0.302291
1.74663e-09	0.302797
1.74675e-09	0.303303
1.74687e-09	0.303808
1.747e-09	0.304312
1.74712e-09	0.304815
1.74724e-09	0.305317
1.74736e-09	0.305819
1.74749e-09	0.306319
1.74761e-09	0.306819
1.74773e-09	0.307318
1.74785e-09	0.307816
1.74797e-09	0.308313
1.7481e-09	0.30881
1.74822e-09	0.309305
1.74834e-09	0.3098
1.74846e-09	0.310294
1.74859e-09	0.310787
1.74871e-09	0.311279
1.74883e-09	0.31177
1.74895e-09	0.31226
1.74907e-09	0.31275
1.7492e-09	0.313239
1.74932e-09	0.313726
1.74944e-09	0.314213
1.74956e-09	0.314699
1.74969e-09	0.315184
1.74981e-09	0.315669
1.74993e-09	0.316152
1.75005e-09	0.316634
1.75017e-09	0.317116
1.7503e-09	0.317597
1.75042e-09	0.318076
1.75054e-09	0.318555
1.75066e-09	0.319033
1.75079e-09	0.31951
1.75091e-09	0.319986
1.75103e-09	0.320462
1.75115e-09	0.320936
1.75127e-09	0.321409
1.7514e-09	0.321882
1.75152e-09	0.322354
1.75164e-09	0.322824
1.75176e-09	0.323294
1.75189e-09	0.323763
1.75201e-09	0.324231
1.75213e-09	0.324698
1.75225e-09	0.325164
1.75237e-09	0.325629
1.7525e-09	0.326093
1.75262e-09	0.326557
1.75274e-09	0.327019
1.75286e-09	0.32748
1.75299e-09	0.327941
1.75311e-09	0.3284
1.75323e-09	0.328859
1.75335e-09	0.329316
1.75348e-09	0.329773
1.7536e-09	0.330229
1.75372e-09	0.330683
1.75384e-09	0.331137
1.75396e-09	0.33159
1.75409e-09	0.332042
1.75421e-09	0.332493
1.75433e-09	0.332943
1.75445e-09	0.333392
1.75458e-09	0.33384
1.7547e-09	0.334287
1.75482e-09	0.334733
1.75494e-09	0.335178
1.75506e-09	0.335622
1.75519e-09	0.336065
1.75531e-09	0.336507
1.75543e-09	0.336948
1.75555e-09	0.337388
1.75568e-09	0.337828
1.7558e-09	0.338266
1.75592e-09	0.338703
1.75604e-09	0.339139
1.75616e-09	0.339574
1.75629e-09	0.340008
1.75641e-09	0.340441
1.75653e-09	0.340874
1.75665e-09	0.341305
1.75678e-09	0.341735
1.7569e-09	0.342164
1.75702e-09	0.342592
1.75714e-09	0.343019
1.75726e-09	0.343445
1.75739e-09	0.34387
1.75751e-09	0.344294
1.75763e-09	0.344717
1.75775e-09	0.345139
1.75788e-09	0.34556
1.758e-09	0.34598
1.75812e-09	0.346399
1.75824e-09	0.346817
1.75836e-09	0.347233
1.75849e-09	0.347649
1.75861e-09	0.348064
1.75873e-09	0.348478
1.75885e-09	0.34889
1.75898e-09	0.349302
1.7591e-09	0.349712
1.75922e-09	0.350122
1.75934e-09	0.35053
1.75946e-09	0.350937
1.75959e-09	0.351344
1.75971e-09	0.351749
1.75983e-09	0.352153
1.75995e-09	0.352556
1.76008e-09	0.352958
1.7602e-09	0.353359
1.76032e-09	0.353759
1.76044e-09	0.354158
1.76056e-09	0.354555
1.76069e-09	0.354952
1.76081e-09	0.355348
1.76093e-09	0.355742
1.76105e-09	0.356136
1.76118e-09	0.356528
1.7613e-09	0.356919
1.76142e-09	0.357309
1.76154e-09	0.357698
1.76166e-09	0.358086
1.76179e-09	0.358473
1.76191e-09	0.358859
1.76203e-09	0.359244
1.76215e-09	0.359627
1.76228e-09	0.360009
1.7624e-09	0.360391
1.76252e-09	0.360771
1.76264e-09	0.36115
1.76276e-09	0.361528
1.76289e-09	0.361905
1.76301e-09	0.362281
1.76313e-09	0.362655
1.76325e-09	0.363029
1.76338e-09	0.363401
1.7635e-09	0.363773
1.76362e-09	0.364143
1.76374e-09	0.364512
1.76387e-09	0.36488
1.76399e-09	0.365246
1.76411e-09	0.365612
1.76423e-09	0.365977
1.76435e-09	0.36634
1.76448e-09	0.366702
1.7646e-09	0.367063
1.76472e-09	0.367423
1.76484e-09	0.367782
1.76497e-09	0.368139
1.76509e-09	0.368496
1.76521e-09	0.368851
1.76533e-09	0.369205
1.76545e-09	0.369558
1.76558e-09	0.36991
1.7657e-09	0.370261
1.76582e-09	0.37061
1.76594e-09	0.370959
1.76607e-09	0.371306
1.76619e-09	0.371652
1.76631e-09	0.371997
1.76643e-09	0.372341
1.76655e-09	0.372683
1.76668e-09	0.373024
1.7668e-09	0.373365
1.76692e-09	0.373704
1.76704e-09	0.374041
1.76717e-09	0.374378
1.76729e-09	0.374713
1.76741e-09	0.375048
1.76753e-09	0.375381
1.76765e-09	0.375712
1.76778e-09	0.376043
1.7679e-09	0.376373
1.76802e-09	0.376701
1.76814e-09	0.377028
1.76827e-09	0.377354
1.76839e-09	0.377678
1.76851e-09	0.378002
1.76863e-09	0.378324
1.76875e-09	0.378645
1.76888e-09	0.378965
1.769e-09	0.379284
1.76912e-09	0.379601
1.76924e-09	0.379917
1.76937e-09	0.380232
1.76949e-09	0.380546
1.76961e-09	0.380859
1.76973e-09	0.38117
1.76985e-09	0.38148
1.76998e-09	0.381789
1.7701e-09	0.382097
1.77022e-09	0.382403
1.77034e-09	0.382708
1.77047e-09	0.383012
1.77059e-09	0.383315
1.77071e-09	0.383616
1.77083e-09	0.383916
1.77095e-09	0.384216
1.77108e-09	0.384513
1.7712e-09	0.38481
1.77132e-09	0.385105
1.77144e-09	0.385399
1.77157e-09	0.385692
1.77169e-09	0.385983
1.77181e-09	0.386274
1.77193e-09	0.386563
1.77205e-09	0.38685
1.77218e-09	0.387137
1.7723e-09	0.387422
1.77242e-09	0.387706
1.77254e-09	0.387989
1.77267e-09	0.38827
1.77279e-09	0.38855
1.77291e-09	0.388829
1.77303e-09	0.389107
1.77316e-09	0.389383
1.77328e-09	0.389658
1.7734e-09	0.389932
1.77352e-09	0.390205
1.77364e-09	0.390476
1.77377e-09	0.390746
1.77389e-09	0.391015
1.77401e-09	0.391282
1.77413e-09	0.391548
1.77426e-09	0.391813
1.77438e-09	0.392077
1.7745e-09	0.392339
1.77462e-09	0.3926
1.77474e-09	0.392859
1.77487e-09	0.393118
1.77499e-09	0.393375
1.77511e-09	0.393631
1.77523e-09	0.393885
1.77536e-09	0.394138
1.77548e-09	0.39439
1.7756e-09	0.394641
1.77572e-09	0.39489
1.77584e-09	0.395138
1.77597e-09	0.395385
1.77609e-09	0.39563
1.77621e-09	0.395874
1.77633e-09	0.396117
1.77646e-09	0.396358
1.77658e-09	0.396598
1.7767e-09	0.396837
1.77682e-09	0.397074
1.77694e-09	0.39731
1.77707e-09	0.397545
1.77719e-09	0.397779
1.77731e-09	0.398011
1.77743e-09	0.398242
1.77756e-09	0.398471
1.77768e-09	0.398699
1.7778e-09	0.398926
1.77792e-09	0.399151
1.77804e-09	0.399375
1.77817e-09	0.399598
1.77829e-09	0.39982
1.77841e-09	0.40004
1.77853e-09	0.400259
1.77866e-09	0.400476
1.77878e-09	0.400692
1.7789e-09	0.400907
1.77902e-09	0.40112
1.77914e-09	0.401332
1.77927e-09	0.401543
1.77939e-09	0.401752
1.77951e-09	0.40196
1.77963e-09	0.402167
1.77976e-09	0.402372
1.77988e-09	0.402576
1.78e-09	0.402778
1.78012e-09	0.402979
1.78024e-09	0.403179
1.78037e-09	0.403378
1.78049e-09	0.403575
1.78061e-09	0.40377
1.78073e-09	0.403965
1.78086e-09	0.404158
1.78098e-09	0.404349
1.7811e-09	0.404539
1.78122e-09	0.404728
1.78134e-09	0.404916
1.78147e-09	0.405102
1.78159e-09	0.405287
1.78171e-09	0.40547
1.78183e-09	0.405652
1.78196e-09	0.405832
1.78208e-09	0.406011
1.7822e-09	0.406189
1.78232e-09	0.406366
1.78244e-09	0.406541
1.78257e-09	0.406714
1.78269e-09	0.406886
1.78281e-09	0.407057
1.78293e-09	0.407227
1.78306e-09	0.407395
1.78318e-09	0.407561
1.7833e-09	0.407726
1.78342e-09	0.40789
1.78355e-09	0.408053
1.78367e-09	0.408214
1.78379e-09	0.408373
1.78391e-09	0.408531
1.78403e-09	0.408688
1.78416e-09	0.408844
1.78428e-09	0.408998
1.7844e-09	0.40915
1.78452e-09	0.409301
1.78465e-09	0.409451
1.78477e-09	0.409599
1.78489e-09	0.409746
1.78501e-09	0.409892
1.78513e-09	0.410036
1.78526e-09	0.410178
1.78538e-09	0.41032
1.7855e-09	0.410459
1.78562e-09	0.410598
1.78575e-09	0.410735
1.78587e-09	0.41087
1.78599e-09	0.411004
1.78611e-09	0.411137
1.78623e-09	0.411268
1.78636e-09	0.411398
1.78648e-09	0.411526
1.7866e-09	0.411653
1.78672e-09	0.411779
1.78685e-09	0.411903
1.78697e-09	0.412025
1.78709e-09	0.412147
1.78721e-09	0.412266
1.78733e-09	0.412385
1.78746e-09	0.412502
1.78758e-09	0.412617
1.7877e-09	0.412731
1.78782e-09	0.412843
1.78795e-09	0.412954
1.78807e-09	0.413064
1.78819e-09	0.413172
1.78831e-09	0.413279
1.78843e-09	0.413384
1.78856e-09	0.413488
1.78868e-09	0.41359
1.7888e-09	0.413691
1.78892e-09	0.413791
1.78905e-09	0.413889
1.78917e-09	0.413985
1.78929e-09	0.41408
1.78941e-09	0.414174
1.78953e-09	0.414266
1.78966e-09	0.414357
1.78978e-09	0.414446
1.7899e-09	0.414534
1.79002e-09	0.41462
1.79015e-09	0.414705
1.79027e-09	0.414788
1.79039e-09	0.41487
1.79051e-09	0.41495
1.79063e-09	0.415029
1.79076e-09	0.415107
1.79088e-09	0.415183
1.791e-09	0.415257
1.79112e-09	0.41533
1.79125e-09	0.415402
1.79137e-09	0.415472
1.79149e-09	0.41554
1.79161e-09	0.415608
1.79173e-09	0.415673
1.79186e-09	0.415737
1.79198e-09	0.4158
1.7921e-09	0.415861
1.79222e-09	0.415921
1.79235e-09	0.415979
1.79247e-09	0.416036
1.79259e-09	0.416091
1.79271e-09	0.416145
1.79283e-09	0.416197
1.79296e-09	0.416248
1.79308e-09	0.416297
1.7932e-09	0.416345
1.79332e-09	0.416391
1.79345e-09	0.416436
1.79357e-09	0.416479
1.79369e-09	0.416521
1.79381e-09	0.416561
1.79394e-09	0.4166
1.79406e-09	0.416637
1.79418e-09	0.416673
1.7943e-09	0.416707
1.79442e-09	0.41674
1.79455e-09	0.416771
1.79467e-09	0.416801
1.79479e-09	0.416829
1.79491e-09	0.416856
1.79504e-09	0.416881
1.79516e-09	0.416905
1.79528e-09	0.416927
1.7954e-09	0.416948
1.79552e-09	0.416967
1.79565e-09	0.416985
1.79577e-09	0.417001
1.79589e-09	0.417016
1.79601e-09	0.417029
1.79614e-09	0.41704
1.79626e-09	0.417051
1.79638e-09	0.417059
1.7965e-09	0.417066
1.79662e-09	0.417072
1.79675e-09	0.417076
1.79687e-09	0.417078
1.79699e-09	0.417079
1.79711e-09	0.417079
1.79724e-09	0.417077
1.79736e-09	0.417073
1.79748e-09	0.417068
1.7976e-09	0.417062
1.79772e-09	0.417053
1.79785e-09	0.417044
1.79797e-09	0.417033
1.79809e-09	0.41702
1.79821e-09	0.417006
1.79834e-09	0.41699
1.79846e-09	0.416973
1.79858e-09	0.416954
1.7987e-09	0.416933
1.79882e-09	0.416911
1.79895e-09	0.416888
1.79907e-09	0.416863
1.79919e-09	0.416837
1.79931e-09	0.416809
1.79944e-09	0.416779
1.79956e-09	0.416748
1.79968e-09	0.416715
1.7998e-09	0.416681
1.79992e-09	0.416645
1.80005e-09	0.416608
1.80017e-09	0.416569
1.80029e-09	0.416529
1.80041e-09	0.416487
1.80054e-09	0.416444
1.80066e-09	0.416399
1.80078e-09	0.416352
1.8009e-09	0.416304
1.80102e-09	0.416254
1.80115e-09	0.416203
1.80127e-09	0.416151
1.80139e-09	0.416096
1.80151e-09	0.416041
1.80164e-09	0.415983
1.80176e-09	0.415924
1.80188e-09	0.415864
1.802e-09	0.415802
1.80212e-09	0.415739
1.80225e-09	0.415673
1.80237e-09	0.415607
1.80249e-09	0.415539
1.80261e-09	0.415469
1.80274e-09	0.415398
1.80286e-09	0.415325
1.80298e-09	0.41525
1.8031e-09	0.415174
1.80323e-09	0.415097
1.80335e-09	0.415018
1.80347e-09	0.414937
1.80359e-09	0.414855
1.80371e-09	0.414771
1.80384e-09	0.414686
1.80396e-09	0.414599
1.80408e-09	0.414511
1.8042e-09	0.414421
1.80433e-09	0.41433
1.80445e-09	0.414236
1.80457e-09	0.414142
1.80469e-09	0.414046
1.80481e-09	0.413948
1.80494e-09	0.413849
1.80506e-09	0.413748
1.80518e-09	0.413645
1.8053e-09	0.413541
1.80543e-09	0.413436
1.80555e-09	0.413329
1.80567e-09	0.41322
1.80579e-09	0.41311
1.80591e-09	0.412998
1.80604e-09	0.412885
1.80616e-09	0.41277
1.80628e-09	0.412653
1.8064e-09	0.412535
1.80653e-09	0.412415
1.80665e-09	0.412294
1.80677e-09	0.412171
1.80689e-09	0.412047
1.80701e-09	0.411921
1.80714e-09	0.411794
1.80726e-09	0.411665
1.80738e-09	0.411534
1.8075e-09	0.411402
1.80763e-09	0.411268
1.80775e-09	0.411133
1.80787e-09	0.410996
1.80799e-09	0.410857
1.80811e-09	0.410717
1.80824e-09	0.410576
1.80836e-09	0.410433
1.80848e-09	0.410288
1.8086e-09	0.410142
1.80873e-09	0.409994
1.80885e-09	0.409844
1.80897e-09	0.409693
1.80909e-09	0.409541
1.80921e-09	0.409387
1.80934e-09	0.409231
1.80946e-09	0.409073
1.80958e-09	0.408915
1.8097e-09	0.408754
1.80983e-09	0.408592
1.80995e-09	0.408428
1.81007e-09	0.408263
1.81019e-09	0.408096
1.81031e-09	0.407928
1.81044e-09	0.407758
1.81056e-09	0.407587
1.81068e-09	0.407414
1.8108e-09	0.407239
1.81093e-09	0.407063
1.81105e-09	0.406885
1.81117e-09	0.406706
1.81129e-09	0.406525
1.81141e-09	0.406342
1.81154e-09	0.406158
1.81166e-09	0.405973
1.81178e-09	0.405785
1.8119e-09	0.405596
1.81203e-09	0.405406
1.81215e-09	0.405214
1.81227e-09	0.405021
1.81239e-09	0.404825
1.81251e-09	0.404629
1.81264e-09	0.40443
1.81276e-09	0.404231
1.81288e-09	0.404029
1.813e-09	0.403826
1.81313e-09	0.403622
1.81325e-09	0.403415
1.81337e-09	0.403208
1.81349e-09	0.402998
1.81362e-09	0.402787
1.81374e-09	0.402575
1.81386e-09	0.402361
1.81398e-09	0.402145
1.8141e-09	0.401928
1.81423e-09	0.401709
1.81435e-09	0.401489
1.81447e-09	0.401267
1.81459e-09	0.401043
1.81472e-09	0.400818
1.81484e-09	0.400592
1.81496e-09	0.400363
1.81508e-09	0.400134
1.8152e-09	0.399902
1.81533e-09	0.399669
1.81545e-09	0.399435
1.81557e-09	0.399199
1.81569e-09	0.398961
1.81582e-09	0.398722
1.81594e-09	0.398481
1.81606e-09	0.398238
1.81618e-09	0.397994
1.8163e-09	0.397749
1.81643e-09	0.397502
1.81655e-09	0.397253
1.81667e-09	0.397002
1.81679e-09	0.396751
1.81692e-09	0.396497
1.81704e-09	0.396242
1.81716e-09	0.395985
1.81728e-09	0.395727
1.8174e-09	0.395468
1.81753e-09	0.395206
1.81765e-09	0.394943
1.81777e-09	0.394679
1.81789e-09	0.394413
1.81802e-09	0.394145
1.81814e-09	0.393876
1.81826e-09	0.393605
1.81838e-09	0.393333
1.8185e-09	0.393059
1.81863e-09	0.392783
1.81875e-09	0.392506
1.81887e-09	0.392228
1.81899e-09	0.391947
1.81912e-09	0.391666
1.81924e-09	0.391382
1.81936e-09	0.391097
1.81948e-09	0.390811
1.8196e-09	0.390523
1.81973e-09	0.390233
1.81985e-09	0.389942
1.81997e-09	0.389649
1.82009e-09	0.389355
1.82022e-09	0.389059
1.82034e-09	0.388761
1.82046e-09	0.388462
1.82058e-09	0.388161
1.8207e-09	0.387859
1.82083e-09	0.387556
1.82095e-09	0.38725
1.82107e-09	0.386943
1.82119e-09	0.386635
1.82132e-09	0.386325
1.82144e-09	0.386013
1.82156e-09	0.3857
1.82168e-09	0.385385
1.8218e-09	0.385069
1.82193e-09	0.384751
1.82205e-09	0.384432
1.82217e-09	0.384111
1.82229e-09	0.383788
1.82242e-09	0.383464
1.82254e-09	0.383138
1.82266e-09	0.382811
1.82278e-09	0.382482
1.82291e-09	0.382152
1.82303e-09	0.38182
1.82315e-09	0.381486
1.82327e-09	0.381151
1.82339e-09	0.380815
1.82352e-09	0.380477
1.82364e-09	0.380137
1.82376e-09	0.379796
1.82388e-09	0.379453
1.82401e-09	0.379108
1.82413e-09	0.378762
1.82425e-09	0.378415
1.82437e-09	0.378066
1.82449e-09	0.377715
1.82462e-09	0.377363
1.82474e-09	0.377009
1.82486e-09	0.376654
1.82498e-09	0.376297
1.82511e-09	0.375939
1.82523e-09	0.375579
1.82535e-09	0.375217
1.82547e-09	0.374854
1.82559e-09	0.37449
1.82572e-09	0.374124
1.82584e-09	0.373756
1.82596e-09	0.373387
1.82608e-09	0.373016
1.82621e-09	0.372644
1.82633e-09	0.37227
1.82645e-09	0.371894
1.82657e-09	0.371517
1.82669e-09	0.371139
1.82682e-09	0.370759
1.82694e-09	0.370377
1.82706e-09	0.369994
1.82718e-09	0.369609
1.82731e-09	0.369223
1.82743e-09	0.368835
1.82755e-09	0.368446
1.82767e-09	0.368055
1.82779e-09	0.367663
1.82792e-09	0.367269
1.82804e-09	0.366874
1.82816e-09	0.366477
1.82828e-09	0.366078
1.82841e-09	0.365678
1.82853e-09	0.365276
1.82865e-09	0.364873
1.82877e-09	0.364469
1.82889e-09	0.364062
1.82902e-09	0.363655
1.82914e-09	0.363245
1.82926e-09	0.362835
1.82938e-09	0.362422
1.82951e-09	0.362008
1.82963e-09	0.361593
1.82975e-09	0.361176
1.82987e-09	0.360758
1.82999e-09	0.360338
1.83012e-09	0.359916
1.83024e-09	0.359493
1.83036e-09	0.359069
1.83048e-09	0.358643
1.83061e-09	0.358215
1.83073e-09	0.357786
1.83085e-09	0.357356
1.83097e-09	0.356923
1.83109e-09	0.35649
1.83122e-09	0.356055
1.83134e-09	0.355618
1.83146e-09	0.35518
1.83158e-09	0.35474
1.83171e-09	0.354299
1.83183e-09	0.353856
1.83195e-09	0.353412
1.83207e-09	0.352966
1.83219e-09	0.352519
1.83232e-09	0.35207
1.83244e-09	0.35162
1.83256e-09	0.351168
1.83268e-09	0.350715
1.83281e-09	0.35026
1.83293e-09	0.349804
1.83305e-09	0.349346
1.83317e-09	0.348887
1.8333e-09	0.348426
1.83342e-09	0.347964
1.83354e-09	0.3475
1.83366e-09	0.347034
1.83378e-09	0.346568
1.83391e-09	0.346099
1.83403e-09	0.34563
1.83415e-09	0.345158
1.83427e-09	0.344685
1.8344e-09	0.344211
1.83452e-09	0.343735
1.83464e-09	0.343258
1.83476e-09	0.342779
1.83488e-09	0.342299
1.83501e-09	0.341818
1.83513e-09	0.341334
1.83525e-09	0.34085
1.83537e-09	0.340364
1.8355e-09	0.339876
1.83562e-09	0.339387
1.83574e-09	0.338896
1.83586e-09	0.338404
1.83598e-09	0.33791
1.83611e-09	0.337415
1.83623e-09	0.336919
1.83635e-09	0.336421
1.83647e-09	0.335921
1.8366e-09	0.33542
1.83672e-09	0.334918
1.83684e-09	0.334414
1.83696e-09	0.333909
1.83708e-09	0.333402
1.83721e-09	0.332894
1.83733e-09	0.332384
1.83745e-09	0.331873
1.83757e-09	0.33136
1.8377e-09	0.330846
1.83782e-09	0.33033
1.83794e-09	0.329813
1.83806e-09	0.329295
1.83818e-09	0.328775
1.83831e-09	0.328253
1.83843e-09	0.32773
1.83855e-09	0.327206
1.83867e-09	0.32668
1.8388e-09	0.326153
1.83892e-09	0.325624
1.83904e-09	0.325094
1.83916e-09	0.324563
1.83928e-09	0.324029
1.83941e-09	0.323495
1.83953e-09	0.322959
1.83965e-09	0.322422
1.83977e-09	0.321883
1.8399e-09	0.321343
1.84002e-09	0.320801
1.84014e-09	0.320258
1.84026e-09	0.319713
1.84038e-09	0.319167
1.84051e-09	0.31862
1.84063e-09	0.318071
1.84075e-09	0.317521
1.84087e-09	0.316969
1.841e-09	0.316416
1.84112e-09	0.315861
1.84124e-09	0.315305
1.84136e-09	0.314748
1.84148e-09	0.314189
1.84161e-09	0.313629
1.84173e-09	0.313067
1.84185e-09	0.312504
1.84197e-09	0.311939
1.8421e-09	0.311373
1.84222e-09	0.310806
1.84234e-09	0.310237
1.84246e-09	0.309667
1.84259e-09	0.309095
1.84271e-09	0.308522
1.84283e-09	0.307948
1.84295e-09	0.307372
1.84307e-09	0.306795
1.8432e-09	0.306216
1.84332e-09	0.305636
1.84344e-09	0.305055
1.84356e-09	0.304472
1.84369e-09	0.303888
1.84381e-09	0.303302
1.84393e-09	0.302715
1.84405e-09	0.302127
1.84417e-09	0.301537
1.8443e-09	0.300946
1.84442e-09	0.300353
1.84454e-09	0.299759
1.84466e-09	0.299164
1.84479e-09	0.298567
1.84491e-09	0.297969
1.84503e-09	0.29737
1.84515e-09	0.296769
1.84527e-09	0.296167
1.8454e-09	0.295563
1.84552e-09	0.294958
1.84564e-09	0.294352
1.84576e-09	0.293744
1.84589e-09	0.293135
1.84601e-09	0.292524
1.84613e-09	0.291912
1.84625e-09	0.291299
1.84637e-09	0.290685
1.8465e-09	0.290069
1.84662e-09	0.289451
1.84674e-09	0.288833
1.84686e-09	0.288213
1.84699e-09	0.287591
1.84711e-09	0.286969
1.84723e-09	0.286345
1.84735e-09	0.285719
1.84747e-09	0.285093
1.8476e-09	0.284465
1.84772e-09	0.283835
1.84784e-09	0.283204
1.84796e-09	0.282572
1.84809e-09	0.281939
1.84821e-09	0.281304
1.84833e-09	0.280668
1.84845e-09	0.28003
1.84857e-09	0.279392
1.8487e-09	0.278751
1.84882e-09	0.27811
1.84894e-09	0.277467
1.84906e-09	0.276823
1.84919e-09	0.276178
1.84931e-09	0.275531
1.84943e-09	0.274883
1.84955e-09	0.274233
1.84967e-09	0.273583
1.8498e-09	0.272931
1.84992e-09	0.272277
1.85004e-09	0.271623
1.85016e-09	0.270967
1.85029e-09	0.270309
1.85041e-09	0.269651
1.85053e-09	0.268991
1.85065e-09	0.26833
1.85077e-09	0.267667
1.8509e-09	0.267004
1.85102e-09	0.266338
1.85114e-09	0.265672
1.85126e-09	0.265004
1.85139e-09	0.264335
1.85151e-09	0.263665
1.85163e-09	0.262994
1.85175e-09	0.262321
1.85187e-09	0.261647
1.852e-09	0.260971
1.85212e-09	0.260295
1.85224e-09	0.259617
1.85236e-09	0.258938
1.85249e-09	0.258257
1.85261e-09	0.257575
1.85273e-09	0.256892
1.85285e-09	0.256208
1.85298e-09	0.255522
1.8531e-09	0.254836
1.85322e-09	0.254147
1.85334e-09	0.253458
1.85346e-09	0.252767
1.85359e-09	0.252076
1.85371e-09	0.251382
1.85383e-09	0.250688
1.85395e-09	0.249992
1.85408e-09	0.249296
1.8542e-09	0.248597
1.85432e-09	0.247898
1.85444e-09	0.247197
1.85456e-09	0.246496
1.85469e-09	0.245793
1.85481e-09	0.245088
1.85493e-09	0.244383
1.85505e-09	0.243676
1.85518e-09	0.242968
1.8553e-09	0.242259
1.85542e-09	0.241548
1.85554e-09	0.240836
1.85566e-09	0.240123
1.85579e-09	0.239409
1.85591e-09	0.238694
1.85603e-09	0.237977
1.85615e-09	0.237259
1.85628e-09	0.23654
1.8564e-09	0.23582
1.85652e-09	0.235099
1.85664e-09	0.234376
1.85676e-09	0.233652
1.85689e-09	0.232927
1.85701e-09	0.232201
1.85713e-09	0.231474
1.85725e-09	0.230745
1.85738e-09	0.230015
1.8575e-09	0.229284
1.85762e-09	0.228552
1.85774e-09	0.227819
1.85786e-09	0.227084
1.85799e-09	0.226348
1.85811e-09	0.225611
1.85823e-09	0.224873
1.85835e-09	0.224134
1.85848e-09	0.223393
1.8586e-09	0.222652
1.85872e-09	0.221909
1.85884e-09	0.221165
1.85896e-09	0.22042
1.85909e-09	0.219673
1.85921e-09	0.218926
1.85933e-09	0.218177
1.85945e-09	0.217428
1.85958e-09	0.216677
1.8597e-09	0.215925
1.85982e-09	0.215171
1.85994e-09	0.214417
1.86006e-09	0.213661
1.86019e-09	0.212905
1.86031e-09	0.212147
1.86043e-09	0.211388
1.86055e-09	0.210628
1.86068e-09	0.209867
1.8608e-09	0.209104
1.86092e-09	0.208341
1.86104e-09	0.207576
1.86116e-09	0.206811
1.86129e-09	0.206044
1.86141e-09	0.205276
1.86153e-09	0.204507
1.86165e-09	0.203736
1.86178e-09	0.202965
1.8619e-09	0.202193
1.86202e-09	0.201419
1.86214e-09	0.200645
1.86227e-09	0.199869
1.86239e-09	0.199092
1.86251e-09	0.198314
1.86263e-09	0.197535
1.86275e-09	0.196755
1.86288e-09	0.195974
1.863e-09	0.195191
1.86312e-09	0.194408
1.86324e-09	0.193623
1.86337e-09	0.192838
1.86349e-09	0.192051
1.86361e-09	0.191263
1.86373e-09	0.190475
1.86385e-09	0.189685
1.86398e-09	0.188894
1.8641e-09	0.188102
1.86422e-09	0.187309
1.86434e-09	0.186515
1.86447e-09	0.18572
1.86459e-09	0.184923
1.86471e-09	0.184126
1.86483e-09	0.183328
1.86495e-09	0.182528
1.86508e-09	0.181728
1.8652e-09	0.180926
1.86532e-09	0.180124
1.86544e-09	0.17932
1.86557e-09	0.178515
1.86569e-09	0.17771
1.86581e-09	0.176903
1.86593e-09	0.176095
1.86605e-09	0.175287
1.86618e-09	0.174477
1.8663e-09	0.173666
1.86642e-09	0.172854
1.86654e-09	0.172041
1.86667e-09	0.171228
1.86679e-09	0.170413
1.86691e-09	0.169597
1.86703e-09	0.16878
1.86715e-09	0.167962
1.86728e-09	0.167143
1.8674e-09	0.166323
1.86752e-09	0.165502
1.86764e-09	0.164681
1.86777e-09	0.163858
1.86789e-09	0.163034
1.86801e-09	0.162209
1.86813e-09	0.161383
1.86825e-09	0.160556
1.86838e-09	0.159729
1.8685e-09	0.1589
1.86862e-09	0.15807
1.86874e-09	0.157239
1.86887e-09	0.156408
1.86899e-09	0.155575
1.86911e-09	0.154741
1.86923e-09	0.153907
1.86935e-09	0.153071
1.86948e-09	0.152235
1.8696e-09	0.151397
1.86972e-09	0.150559
1.86984e-09	0.14972
1.86997e-09	0.148879
1.87009e-09	0.148038
1.87021e-09	0.147196
1.87033e-09	0.146353
1.87045e-09	0.145509
1.87058e-09	0.144664
1.8707e-09	0.143818
1.87082e-09	0.142971
1.87094e-09	0.142123
1.87107e-09	0.141275
1.87119e-09	0.140425
1.87131e-09	0.139575
1.87143e-09	0.138723
1.87155e-09	0.137871
1.87168e-09	0.137018
1.8718e-09	0.136164
1.87192e-09	0.135309
1.87204e-09	0.134453
1.87217e-09	0.133596
1.87229e-09	0.132738
1.87241e-09	0.131879
1.87253e-09	0.13102
1.87266e-09	0.13016
1.87278e-09	0.129298
1.8729e-09	0.128436
1.87302e-09	0.127573
1.87314e-09	0.126709
1.87327e-09	0.125844
1.87339e-09	0.124979
1.87351e-09	0.124112
1.87363e-09	0.123245
1.87376e-09	0.122377
1.87388e-09	0.121508
1.874e-09	0.120638
1.87412e-09	0.119767
1.87424e-09	0.118895
1.87437e-09	0.118023
1.87449e-09	0.11715
1.87461e-09	0.116275
1.87473e-09	0.1154
1.87486e-09	0.114525
1.87498e-09	0.113648
1.8751e-09	0.11277
1.87522e-09	0.111892
1.87534e-09	0.111013
1.87547e-09	0.110133
1.87559e-09	0.109252
1.87571e-09	0.108371
1.87583e-09	0.107488
1.87596e-09	0.106605
1.87608e-09	0.105721
1.8762e-09	0.104836
1.87632e-09	0.103951
1.87644e-09	0.103064
1.87657e-09	0.102177
1.87669e-09	0.101289
1.87681e-09	0.1004
1.87693e-09	0.0995108
1.87706e-09	0.0986204
1.87718e-09	0.0977293
1.8773e-09	0.0968374
1.87742e-09	0.0959447
1.87754e-09	0.0950513
1.87767e-09	0.0941571
1.87779e-09	0.0932621
1.87791e-09	0.0923664
1.87803e-09	0.0914699
1.87816e-09	0.0905726
1.87828e-09	0.0896746
1.8784e-09	0.0887759
1.87852e-09	0.0878764
1.87864e-09	0.0869761
1.87877e-09	0.0860751
1.87889e-09	0.0851734
1.87901e-09	0.084271
1.87913e-09	0.0833678
1.87926e-09	0.0824639
1.87938e-09	0.0815592
1.8795e-09	0.0806539
1.87962e-09	0.0797478
1.87974e-09	0.078841
1.87987e-09	0.0779335
1.87999e-09	0.0770253
1.88011e-09	0.0761164
1.88023e-09	0.0752067
1.88036e-09	0.0742964
1.88048e-09	0.0733854
1.8806e-09	0.0724737
1.88072e-09	0.0715612
1.88084e-09	0.0706481
1.88097e-09	0.0697344
1.88109e-09	0.0688199
1.88121e-09	0.0679047
1.88133e-09	0.0669889
1.88146e-09	0.0660724
1.88158e-09	0.0651552
1.8817e-09	0.0642374
1.88182e-09	0.0633189
1.88195e-09	0.0623997
1.88207e-09	0.0614799
1.88219e-09	0.0605595
1.88231e-09	0.0596383
1.88243e-09	0.0587166
1.88256e-09	0.0577941
1.88268e-09	0.0568711
1.8828e-09	0.0559474
1.88292e-09	0.055023
1.88305e-09	0.0540981
1.88317e-09	0.0531725
1.88329e-09	0.0522462
1.88341e-09	0.0513194
1.88353e-09	0.0503919
1.88366e-09	0.0494638
1.88378e-09	0.0485351
1.8839e-09	0.0476058
1.88402e-09	0.0466759
1.88415e-09	0.0457454
1.88427e-09	0.0448143
1.88439e-09	0.0438825
1.88451e-09	0.0429502
1.88463e-09	0.0420173
1.88476e-09	0.0410838
1.88488e-09	0.0401497
1.885e-09	0.0392151
1.88512e-09	0.0382798
1.88525e-09	0.037344
1.88537e-09	0.0364076
1.88549e-09	0.0354707
1.88561e-09	0.0345331
1.88573e-09	0.033595
1.88586e-09	0.0326564
1.88598e-09	0.0317172
1.8861e-09	0.0307774
1.88622e-09	0.0298371
1.88635e-09	0.0288963
1.88647e-09	0.0279549
1.88659e-09	0.0270129
1.88671e-09	0.0260704
1.88683e-09	0.0251274
1.88696e-09	0.0241839
1.88708e-09	0.0232398
1.8872e-09	0.0222952
1.88732e-09	0.0213501
1.88745e-09	0.0204045
1.88757e-09	0.0194584
1.88769e-09	0.0185117
1.88781e-09	0.0175645
1.88793e-09	0.0166169
1.88806e-09	0.0156687
1.88818e-09	0.01472
1.8883e-09	0.0137709
1.88842e-09	0.0128212
1.88855e-09	0.0118711
1.88867e-09	0.0109205
1.88879e-09	0.00996937
1.88891e-09	0.00901779
1.88903e-09	0.00806573
1.88916e-09	0.00711321
1.88928e-09	0.00616021
1.8894e-09	0.00520675
1.88952e-09	0.00425283
1.88965e-09	0.00329845
1.88977e-09	0.00234362
1.88989e-09	0.00138833
1.89001e-09	0.000432601
1.89013e-09	-0.000523577
1.89026e-09	-0.0014802
1.89038e-09	-0.00243725
1.8905e-09	-0.00339474
1.89062e-09	-0.00435267
1.89075e-09	-0.00531102
1.89087e-09	-0.00626979
1.89099e-09	-0.00722899
1.89111e-09	-0.0081886
1.89123e-09	-0.00914863
1.89136e-09	-0.0101091
1.89148e-09	-0.0110699
1.8916e-09	-0.0120312
1.89172e-09	-0.0129928
1.89185e-09	-0.0139549
1.89197e-09	-0.0149173
1.89209e-09	-0.0158801
1.89221e-09	-0.0168434
1.89234e-09	-0.017807
1.89246e-09	-0.018771
1.89258e-09	-0.0197353
1.8927e-09	-0.0207001
1.89282e-09	-0.0216652
1.89295e-09	-0.0226306
1.89307e-09	-0.0235965
1.89319e-09	-0.0245627
1.89331e-09	-0.0255292
1.89344e-09	-0.0264961
1.89356e-09	-0.0274634
1.89368e-09	-0.028431
1.8938e-09	-0.0293989
1.89392e-09	-0.0303672
1.89405e-09	-0.0313359
1.89417e-09	-0.0323048
1.89429e-09	-0.0332741
1.89441e-09	-0.0342437
1.89454e-09	-0.0352136
1.89466e-09	-0.0361839
1.89478e-09	-0.0371544
1.8949e-09	-0.0381253
1.89502e-09	-0.0390965
1.89515e-09	-0.040068
1.89527e-09	-0.0410398
1.89539e-09	-0.0420119
1.89551e-09	-0.0429843
1.89564e-09	-0.0439569
1.89576e-09	-0.0449299
1.89588e-09	-0.0459032
1.896e-09	-0.0468767
1.89612e-09	-0.0478505
1.89625e-09	-0.0488246
1.89637e-09	-0.0497989
1.89649e-09	-0.0507735
1.89661e-09	-0.0517484
1.89674e-09	-0.0527236
1.89686e-09	-0.053699
1.89698e-09	-0.0546746
1.8971e-09	-0.0556505
1.89722e-09	-0.0566266
1.89735e-09	-0.057603
1.89747e-09	-0.0585796
1.89759e-09	-0.0595565
1.89771e-09	-0.0605336
1.89784e-09	-0.0615109
1.89796e-09	-0.0624885
1.89808e-09	-0.0634662
1.8982e-09	-0.0644442
1.89832e-09	-0.0654224
1.89845e-09	-0.0664008
1.89857e-09	-0.0673794
1.89869e-09	-0.0683582
1.89881e-09	-0.0693373
1.89894e-09	-0.0703165
1.89906e-09	-0.0712959
1.89918e-09	-0.0722755
1.8993e-09	-0.0732552
1.89942e-09	-0.0742352
1.89955e-09	-0.0752154
1.89967e-09	-0.0761957
1.89979e-09	-0.0771762
1.89991e-09	-0.0781568
1.90004e-09	-0.0791376
1.90016e-09	-0.0801186
1.90028e-09	-0.0810997
1.9004e-09	-0.082081
1.90052e-09	-0.0830625
1.90065e-09	-0.0840441
1.90077e-09	-0.0850258
1.90089e-09	-0.0860077
1.90101e-09	-0.0869897
1.90114e-09	-0.0879718
1.90126e-09	-0.0889541
1.90138e-09	-0.0899365
1.9015e-09	-0.090919
1.90163e-09	-0.0919016
1.90175e-09	-0.0928844
1.90187e-09	-0.0938672
1.90199e-09	-0.0948502
1.90211e-09	-0.0958332
1.90224e-09	-0.0968164
1.90236e-09	-0.0977997
1.90248e-09	-0.098783
1.9026e-09	-0.0997665
1.90273e-09	-0.10075
1.90285e-09	-0.101734
1.90297e-09	-0.102717
1.90309e-09	-0.103701
1.90321e-09	-0.104685
1.90334e-09	-0.105669
1.90346e-09	-0.106653
1.90358e-09	-0.107637
1.9037e-09	-0.108621
1.90383e-09	-0.109605
1.90395e-09	-0.110589
1.90407e-09	-0.111573
1.90419e-09	-0.112558
1.90431e-09	-0.113542
1.90444e-09	-0.114526
1.90456e-09	-0.115511
1.90468e-09	-0.116495
1.9048e-09	-0.11748
1.90493e-09	-0.118464
1.90505e-09	-0.119448
1.90517e-09	-0.120433
1.90529e-09	-0.121417
1.90541e-09	-0.122402
1.90554e-09	-0.123386
1.90566e-09	-0.124371
1.90578e-09	-0.125355
1.9059e-09	-0.12634
1.90603e-09	-0.127324
1.90615e-09	-0.128309
1.90627e-09	-0.129293
1.90639e-09	-0.130278
1.90651e-09	-0.131262
1.90664e-09	-0.132246
1.90676e-09	-0.133231
1.90688e-09	-0.134215
1.907e-09	-0.135199
1.90713e-09	-0.136183
1.90725e-09	-0.137167
1.90737e-09	-0.138152
1.90749e-09	-0.139136
1.90761e-09	-0.14012
1.90774e-09	-0.141103
1.90786e-09	-0.142087
1.90798e-09	-0.143071
1.9081e-09	-0.144055
1.90823e-09	-0.145038
1.90835e-09	-0.146022
1.90847e-09	-0.147005
1.90859e-09	-0.147989
1.90871e-09	-0.148972
1.90884e-09	-0.149955
1.90896e-09	-0.150938
1.90908e-09	-0.151921
1.9092e-09	-0.152904
1.90933e-09	-0.153887
1.90945e-09	-0.154869
1.90957e-09	-0.155852
1.90969e-09	-0.156834
1.90981e-09	-0.157816
1.90994e-09	-0.158798
1.91006e-09	-0.15978
1.91018e-09	-0.160762
1.9103e-09	-0.161744
1.91043e-09	-0.162726
1.91055e-09	-0.163707
1.91067e-09	-0.164688
1.91079e-09	-0.165669
1.91091e-09	-0.16665
1.91104e-09	-0.167631
1.91116e-09	-0.168612
1.91128e-09	-0.169592
1.9114e-09	-0.170572
1.91153e-09	-0.171552
1.91165e-09	-0.172532
1.91177e-09	-0.173512
1.91189e-09	-0.174492
1.91202e-09	-0.175471
1.91214e-09	-0.17645
1.91226e-09	-0.177429
1.91238e-09	-0.178408
1.9125e-09	-0.179386
1.91263e-09	-0.180365
1.91275e-09	-0.181343
1.91287e-09	-0.182321
1.91299e-09	-0.183298
1.91312e-09	-0.184276
1.91324e-09	-0.185253
1.91336e-09	-0.18623
1.91348e-09	-0.187206
1.9136e-09	-0.188183
1.91373e-09	-0.189159
1.91385e-09	-0.190135
1.91397e-09	-0.191111
1.91409e-09	-0.192086
1.91422e-09	-0.193062
1.91434e-09	-0.194037
1.91446e-09	-0.195011
1.91458e-09	-0.195986
1.9147e-09	-0.19696
1.91483e-09	-0.197934
1.91495e-09	-0.198907
1.91507e-09	-0.19988
1.91519e-09	-0.200853
1.91532e-09	-0.201826
1.91544e-09	-0.202799
1.91556e-09	-0.203771
1.91568e-09	-0.204742
1.9158e-09	-0.205714
1.91593e-09	-0.206685
1.91605e-09	-0.207656
1.91617e-09	-0.208626
1.91629e-09	-0.209597
1.91642e-09	-0.210567
1.91654e-09	-0.211536
1.91666e-09	-0.212505
1.91678e-09	-0.213474
1.9169e-09	-0.214443
1.91703e-09	-0.215411
1.91715e-09	-0.216379
1.91727e-09	-0.217346
1.91739e-09	-0.218313
1.91752e-09	-0.21928
1.91764e-09	-0.220247
1.91776e-09	-0.221213
1.91788e-09	-0.222178
1.918e-09	-0.223144
1.91813e-09	-0.224108
1.91825e-09	-0.225073
1.91837e-09	-0.226037
1.91849e-09	-0.227001
1.91862e-09	-0.227964
1.91874e-09	-0.228927
1.91886e-09	-0.22989
1.91898e-09	-0.230852
1.9191e-09	-0.231813
1.91923e-09	-0.232775
1.91935e-09	-0.233736
1.91947e-09	-0.234696
1.91959e-09	-0.235656
1.91972e-09	-0.236616
1.91984e-09	-0.237575
1.91996e-09	-0.238534
1.92008e-09	-0.239492
1.9202e-09	-0.24045
1.92033e-09	-0.241407
1.92045e-09	-0.242364
1.92057e-09	-0.243321
1.92069e-09	-0.244277
1.92082e-09	-0.245232
1.92094e-09	-0.246188
1.92106e-09	-0.247142
1.92118e-09	-0.248096
1.9213e-09	-0.24905
1.92143e-09	-0.250003
1.92155e-09	-0.250956
1.92167e-09	-0.251908
1.92179e-09	-0.25286
1.92192e-09	-0.253811
1.92204e-09	-0.254762
1.92216e-09	-0.255712
1.92228e-09	-0.256662
1.92241e-09	-0.257611
1.92253e-09	-0.25856
1.92265e-09	-0.259508
1.92277e-09	-0.260456
1.92289e-09	-0.261403
1.92302e-09	-0.26235
1.92314e-09	-0.263296
1.92326e-09	-0.264241
1.92338e-09	-0.265186
1.92351e-09	-0.266131
1.92363e-09	-0.267075
1.92375e-09	-0.268018
1.92387e-09	-0.268961
1.92399e-09	-0.269903
1.92412e-09	-0.270845
1.92424e-09	-0.271786
1.92436e-09	-0.272726
1.92448e-09	-0.273666
1.92461e-09	-0.274606
1.92473e-09	-0.275545
1.92485e-09	-0.276483
1.92497e-09	-0.27742
1.92509e-09	-0.278357
1.92522e-09	-0.279294
1.92534e-09	-0.28023
1.92546e-09	-0.281165
1.92558e-09	-0.2821
1.92571e-09	-0.283034
1.92583e-09	-0.283967
1.92595e-09	-0.2849
1.92607e-09	-0.285832
1.92619e-09	-0.286763
1.92632e-09	-0.287694
1.92644e-09	-0.288625
1.92656e-09	-0.289554
1.92668e-09	-0.290483
1.92681e-09	-0.291412
1.92693e-09	-0.292339
1.92705e-09	-0.293266
1.92717e-09	-0.294193
1.92729e-09	-0.295118
1.92742e-09	-0.296043
1.92754e-09	-0.296968
1.92766e-09	-0.297891
1.92778e-09	-0.298815
1.92791e-09	-0.299737
1.92803e-09	-0.300659
1.92815e-09	-0.30158
1.92827e-09	-0.3025
1.92839e-09	-0.303419
1.92852e-09	-0.304338
1.92864e-09	-0.305257
1.92876e-09	-0.306174
1.92888e-09	-0.307091
1.92901e-09	-0.308007
1.92913e-09	-0.308922
1.92925e-09	-0.309837
1.92937e-09	-0.310751
1.92949e-09	-0.311664
1.92962e-09	-0.312576
1.92974e-09	-0.313488
1.92986e-09	-0.314399
1.92998e-09	-0.315309
1.93011e-09	-0.316219
1.93023e-09	-0.317128
1.93035e-09	-0.318036
1.93047e-09	-0.318943
1.93059e-09	-0.319849
1.93072e-09	-0.320755
1.93084e-09	-0.32166
1.93096e-09	-0.322564
1.93108e-09	-0.323468
1.93121e-09	-0.32437
1.93133e-09	-0.325272
1.93145e-09	-0.326173
1.93157e-09	-0.327073
1.9317e-09	-0.327973
1.93182e-09	-0.328871
1.93194e-09	-0.329769
1.93206e-09	-0.330666
1.93218e-09	-0.331563
1.93231e-09	-0.332458
1.93243e-09	-0.333353
1.93255e-09	-0.334246
1.93267e-09	-0.335139
1.9328e-09	-0.336032
1.93292e-09	-0.336923
1.93304e-09	-0.337813
1.93316e-09	-0.338703
1.93328e-09	-0.339592
1.93341e-09	-0.34048
1.93353e-09	-0.341367
1.93365e-09	-0.342253
1.93377e-09	-0.343139
1.9339e-09	-0.344023
1.93402e-09	-0.344907
1.93414e-09	-0.34579
1.93426e-09	-0.346672
1.93438e-09	-0.347553
1.93451e-09	-0.348433
1.93463e-09	-0.349312
1.93475e-09	-0.350191
1.93487e-09	-0.351068
1.935e-09	-0.351945
1.93512e-09	-0.35282
1.93524e-09	-0.353695
1.93536e-09	-0.354569
1.93548e-09	-0.355442
1.93561e-09	-0.356314
1.93573e-09	-0.357186
1.93585e-09	-0.358056
1.93597e-09	-0.358925
1.9361e-09	-0.359794
1.93622e-09	-0.360661
1.93634e-09	-0.361528
1.93646e-09	-0.362394
1.93658e-09	-0.363258
1.93671e-09	-0.364122
1.93683e-09	-0.364985
1.93695e-09	-0.365847
1.93707e-09	-0.366708
1.9372e-09	-0.367568
1.93732e-09	-0.368427
1.93744e-09	-0.369285
1.93756e-09	-0.370142
1.93768e-09	-0.370998
1.93781e-09	-0.371853
1.93793e-09	-0.372707
1.93805e-09	-0.37356
1.93817e-09	-0.374412
1.9383e-09	-0.375264
1.93842e-09	-0.376114
1.93854e-09	-0.376963
1.93866e-09	-0.377811
1.93878e-09	-0.378658
1.93891e-09	-0.379504
1.93903e-09	-0.38035
1.93915e-09	-0.381194
1.93927e-09	-0.382037
1.9394e-09	-0.382879
1.93952e-09	-0.38372
1.93964e-09	-0.38456
1.93976e-09	-0.385399
1.93988e-09	-0.386237
1.94001e-09	-0.387074
1.94013e-09	-0.38791
1.94025e-09	-0.388745
1.94037e-09	-0.389579
1.9405e-09	-0.390411
1.94062e-09	-0.391243
1.94074e-09	-0.392074
1.94086e-09	-0.392903
1.94098e-09	-0.393732
1.94111e-09	-0.394559
1.94123e-09	-0.395386
1.94135e-09	-0.396211
1.94147e-09	-0.397035
1.9416e-09	-0.397858
1.94172e-09	-0.39868
1.94184e-09	-0.399501
1.94196e-09	-0.400321
1.94209e-09	-0.40114
1.94221e-09	-0.401957
1.94233e-09	-0.402774
1.94245e-09	-0.403589
1.94257e-09	-0.404403
1.9427e-09	-0.405217
1.94282e-09	-0.406029
1.94294e-09	-0.40684
1.94306e-09	-0.407649
1.94319e-09	-0.408458
1.94331e-09	-0.409266
1.94343e-09	-0.410072
1.94355e-09	-0.410877
1.94367e-09	-0.411681
1.9438e-09	-0.412484
1.94392e-09	-0.413286
1.94404e-09	-0.414087
1.94416e-09	-0.414886
1.94429e-09	-0.415685
1.94441e-09	-0.416482
1.94453e-09	-0.417278
1.94465e-09	-0.418073
1.94477e-09	-0.418866
1.9449e-09	-0.419659
1.94502e-09	-0.42045
1.94514e-09	-0.42124
1.94526e-09	-0.422029
1.94539e-09	-0.422817
1.94551e-09	-0.423603
1.94563e-09	-0.424389
1.94575e-09	-0.425173
1.94587e-09	-0.425956
1.946e-09	-0.426737
1.94612e-09	-0.427518
1.94624e-09	-0.428297
1.94636e-09	-0.429075
1.94649e-09	-0.429852
1.94661e-09	-0.430628
1.94673e-09	-0.431402
1.94685e-09	-0.432175
1.94697e-09	-0.432947
1.9471e-09	-0.433718
1.94722e-09	-0.434487
1.94734e-09	-0.435255
1.94746e-09	-0.436022
1.94759e-09	-0.436788
1.94771e-09	-0.437552
1.94783e-09	-0.438316
1.94795e-09	-0.439077
1.94807e-09	-0.439838
1.9482e-09	-0.440597
1.94832e-09	-0.441355
1.94844e-09	-0.442112
1.94856e-09	-0.442868
1.94869e-09	-0.443622
1.94881e-09	-0.444375
1.94893e-09	-0.445127
1.94905e-09	-0.445877
1.94917e-09	-0.446626
1.9493e-09	-0.447374
1.94942e-09	-0.44812
1.94954e-09	-0.448865
1.94966e-09	-0.449609
1.94979e-09	-0.450352
1.94991e-09	-0.451093
1.95003e-09	-0.451833
1.95015e-09	-0.452571
1.95027e-09	-0.453308
1.9504e-09	-0.454044
1.95052e-09	-0.454779
1.95064e-09	-0.455512
1.95076e-09	-0.456244
1.95089e-09	-0.456975
1.95101e-09	-0.457704
1.95113e-09	-0.458432
1.95125e-09	-0.459158
1.95138e-09	-0.459883
1.9515e-09	-0.460607
1.95162e-09	-0.461329
1.95174e-09	-0.46205
1.95186e-09	-0.46277
1.95199e-09	-0.463488
1.95211e-09	-0.464205
1.95223e-09	-0.464921
1.95235e-09	-0.465635
1.95248e-09	-0.466348
1.9526e-09	-0.467059
1.95272e-09	-0.467769
1.95284e-09	-0.468478
1.95296e-09	-0.469185
1.95309e-09	-0.469891
1.95321e-09	-0.470595
1.95333e-09	-0.471298
1.95345e-09	-0.472
1.95358e-09	-0.4727
1.9537e-09	-0.473398
1.95382e-09	-0.474096
1.95394e-09	-0.474792
1.95406e-09	-0.475486
1.95419e-09	-0.476179
1.95431e-09	-0.476871
1.95443e-09	-0.477561
1.95455e-09	-0.47825
1.95468e-09	-0.478937
1.9548e-09	-0.479623
1.95492e-09	-0.480307
1.95504e-09	-0.48099
1.95516e-09	-0.481671
1.95529e-09	-0.482351
1.95541e-09	-0.48303
1.95553e-09	-0.483707
1.95565e-09	-0.484383
1.95578e-09	-0.485057
1.9559e-09	-0.485729
1.95602e-09	-0.486401
1.95614e-09	-0.48707
1.95626e-09	-0.487739
1.95639e-09	-0.488405
1.95651e-09	-0.489071
1.95663e-09	-0.489734
1.95675e-09	-0.490397
1.95688e-09	-0.491057
1.957e-09	-0.491717
1.95712e-09	-0.492374
1.95724e-09	-0.49303
1.95736e-09	-0.493685
1.95749e-09	-0.494338
1.95761e-09	-0.49499
1.95773e-09	-0.49564
1.95785e-09	-0.496289
1.95798e-09	-0.496936
1.9581e-09	-0.497582
1.95822e-09	-0.498226
1.95834e-09	-0.498868
1.95846e-09	-0.499509
1.95859e-09	-0.500149
1.95871e-09	-0.500787
1.95883e-09	-0.501423
1.95895e-09	-0.502058
1.95908e-09	-0.502691
1.9592e-09	-0.503323
1.95932e-09	-0.503953
1.95944e-09	-0.504581
1.95956e-09	-0.505208
1.95969e-09	-0.505834
1.95981e-09	-0.506458
1.95993e-09	-0.50708
1.96005e-09	-0.507701
1.96018e-09	-0.50832
1.9603e-09	-0.508937
1.96042e-09	-0.509553
1.96054e-09	-0.510168
1.96066e-09	-0.51078
1.96079e-09	-0.511391
1.96091e-09	-0.512001
1.96103e-09	-0.512609
1.96115e-09	-0.513215
1.96128e-09	-0.51382
1.9614e-09	-0.514423
1.96152e-09	-0.515025
1.96164e-09	-0.515625
1.96177e-09	-0.516223
1.96189e-09	-0.51682
1.96201e-09	-0.517415
1.96213e-09	-0.518008
1.96225e-09	-0.5186
1.96238e-09	-0.51919
1.9625e-09	-0.519779
1.96262e-09	-0.520366
1.96274e-09	-0.520951
1.96287e-09	-0.521534
1.96299e-09	-0.522116
1.96311e-09	-0.522697
1.96323e-09	-0.523275
1.96335e-09	-0.523852
1.96348e-09	-0.524428
1.9636e-09	-0.525001
1.96372e-09	-0.525573
1.96384e-09	-0.526144
1.96397e-09	-0.526712
1.96409e-09	-0.527279
1.96421e-09	-0.527845
1.96433e-09	-0.528408
1.96445e-09	-0.52897
1.96458e-09	-0.529531
1.9647e-09	-0.530089
1.96482e-09	-0.530646
1.96494e-09	-0.531201
1.96507e-09	-0.531755
1.96519e-09	-0.532307
1.96531e-09	-0.532857
1.96543e-09	-0.533405
1.96555e-09	-0.533952
1.96568e-09	-0.534497
1.9658e-09	-0.53504
1.96592e-09	-0.535582
1.96604e-09	-0.536122
1.96617e-09	-0.53666
1.96629e-09	-0.537196
1.96641e-09	-0.537731
1.96653e-09	-0.538264
1.96665e-09	-0.538795
1.96678e-09	-0.539325
1.9669e-09	-0.539853
1.96702e-09	-0.540379
1.96714e-09	-0.540903
1.96727e-09	-0.541426
1.96739e-09	-0.541946
1.96751e-09	-0.542465
1.96763e-09	-0.542983
1.96775e-09	-0.543498
1.96788e-09	-0.544012
1.968e-09	-0.544524
1.96812e-09	-0.545034
1.96824e-09	-0.545543
1.96837e-09	-0.54605
1.96849e-09	-0.546555
1.96861e-09	-0.547058
1.96873e-09	-0.547559
1.96885e-09	-0.548059
1.96898e-09	-0.548557
1.9691e-09	-0.549053
1.96922e-09	-0.549547
1.96934e-09	-0.55004
1.96947e-09	-0.55053
1.96959e-09	-0.551019
1.96971e-09	-0.551506
1.96983e-09	-0.551992
1.96995e-09	-0.552475
1.97008e-09	-0.552957
1.9702e-09	-0.553437
1.97032e-09	-0.553915
1.97044e-09	-0.554391
1.97057e-09	-0.554866
1.97069e-09	-0.555339
1.97081e-09	-0.555809
1.97093e-09	-0.556279
1.97106e-09	-0.556746
1.97118e-09	-0.557211
1.9713e-09	-0.557675
1.97142e-09	-0.558137
1.97154e-09	-0.558596
1.97167e-09	-0.559054
1.97179e-09	-0.559511
1.97191e-09	-0.559965
1.97203e-09	-0.560418
1.97216e-09	-0.560868
1.97228e-09	-0.561317
1.9724e-09	-0.561764
1.97252e-09	-0.562209
1.97264e-09	-0.562653
1.97277e-09	-0.563094
1.97289e-09	-0.563534
1.97301e-09	-0.563972
1.97313e-09	-0.564407
1.97326e-09	-0.564841
1.97338e-09	-0.565274
1.9735e-09	-0.565704
1.97362e-09	-0.566132
1.97374e-09	-0.566559
1.97387e-09	-0.566983
1.97399e-09	-0.567406
1.97411e-09	-0.567827
1.97423e-09	-0.568246
1.97436e-09	-0.568663
1.97448e-09	-0.569078
1.9746e-09	-0.569492
1.97472e-09	-0.569903
1.97484e-09	-0.570312
1.97497e-09	-0.57072
1.97509e-09	-0.571126
1.97521e-09	-0.57153
1.97533e-09	-0.571932
1.97546e-09	-0.572332
1.97558e-09	-0.57273
1.9757e-09	-0.573126
1.97582e-09	-0.57352
1.97594e-09	-0.573913
1.97607e-09	-0.574303
1.97619e-09	-0.574691
1.97631e-09	-0.575078
1.97643e-09	-0.575463
1.97656e-09	-0.575845
1.97668e-09	-0.576226
1.9768e-09	-0.576605
1.97692e-09	-0.576982
1.97704e-09	-0.577357
1.97717e-09	-0.57773
1.97729e-09	-0.578101
1.97741e-09	-0.57847
1.97753e-09	-0.578838
1.97766e-09	-0.579203
1.97778e-09	-0.579566
1.9779e-09	-0.579928
1.97802e-09	-0.580287
1.97814e-09	-0.580645
1.97827e-09	-0.581
1.97839e-09	-0.581354
1.97851e-09	-0.581705
1.97863e-09	-0.582055
1.97876e-09	-0.582403
1.97888e-09	-0.582748
1.979e-09	-0.583092
1.97912e-09	-0.583434
1.97924e-09	-0.583773
1.97937e-09	-0.584111
1.97949e-09	-0.584447
1.97961e-09	-0.584781
1.97973e-09	-0.585113
1.97986e-09	-0.585443
1.97998e-09	-0.585771
1.9801e-09	-0.586096
1.98022e-09	-0.58642
1.98034e-09	-0.586742
1.98047e-09	-0.587062
1.98059e-09	-0.58738
1.98071e-09	-0.587696
1.98083e-09	-0.58801
1.98096e-09	-0.588322
1.98108e-09	-0.588632
1.9812e-09	-0.58894
1.98132e-09	-0.589246
1.98145e-09	-0.58955
1.98157e-09	-0.589851
1.98169e-09	-0.590151
1.98181e-09	-0.590449
1.98193e-09	-0.590745
1.98206e-09	-0.591039
1.98218e-09	-0.591331
1.9823e-09	-0.59162
1.98242e-09	-0.591908
1.98255e-09	-0.592194
1.98267e-09	-0.592477
1.98279e-09	-0.592759
1.98291e-09	-0.593039
1.98303e-09	-0.593316
1.98316e-09	-0.593592
1.98328e-09	-0.593865
1.9834e-09	-0.594137
1.98352e-09	-0.594406
1.98365e-09	-0.594674
1.98377e-09	-0.594939
1.98389e-09	-0.595202
1.98401e-09	-0.595463
1.98413e-09	-0.595723
1.98426e-09	-0.59598
1.98438e-09	-0.596235
1.9845e-09	-0.596488
1.98462e-09	-0.596739
1.98475e-09	-0.596988
1.98487e-09	-0.597235
1.98499e-09	-0.597479
1.98511e-09	-0.597722
1.98523e-09	-0.597963
1.98536e-09	-0.598201
1.98548e-09	-0.598438
1.9856e-09	-0.598672
1.98572e-09	-0.598905
1.98585e-09	-0.599135
1.98597e-09	-0.599363
1.98609e-09	-0.599589
1.98621e-09	-0.599813
1.98633e-09	-0.600035
1.98646e-09	-0.600255
1.98658e-09	-0.600473
1.9867e-09	-0.600689
1.98682e-09	-0.600902
1.98695e-09	-0.601114
1.98707e-09	-0.601323
1.98719e-09	-0.60153
1.98731e-09	-0.601736
1.98743e-09	-0.601939
1.98756e-09	-0.60214
1.98768e-09	-0.602339
1.9878e-09	-0.602536
1.98792e-09	-0.60273
1.98805e-09	-0.602923
1.98817e-09	-0.603114
1.98829e-09	-0.603302
1.98841e-09	-0.603488
1.98853e-09	-0.603673
1.98866e-09	-0.603855
1.98878e-09	-0.604035
1.9889e-09	-0.604213
1.98902e-09	-0.604388
1.98915e-09	-0.604562
1.98927e-09	-0.604733
1.98939e-09	-0.604903
1.98951e-09	-0.60507
1.98963e-09	-0.605235
1.98976e-09	-0.605398
1.98988e-09	-0.605559
1.99e-09	-0.605718
1.99012e-09	-0.605874
1.99025e-09	-0.606029
1.99037e-09	-0.606181
1.99049e-09	-0.606332
1.99061e-09	-0.60648
1.99074e-09	-0.606626
1.99086e-09	-0.60677
1.99098e-09	-0.606911
1.9911e-09	-0.607051
1.99122e-09	-0.607188
1.99135e-09	-0.607323
1.99147e-09	-0.607457
1.99159e-09	-0.607587
1.99171e-09	-0.607716
1.99184e-09	-0.607843
1.99196e-09	-0.607967
1.99208e-09	-0.60809
1.9922e-09	-0.60821
1.99232e-09	-0.608328
1.99245e-09	-0.608444
1.99257e-09	-0.608558
1.99269e-09	-0.608669
1.99281e-09	-0.608779
1.99294e-09	-0.608886
1.99306e-09	-0.608991
1.99318e-09	-0.609094
1.9933e-09	-0.609195
1.99342e-09	-0.609293
1.99355e-09	-0.60939
1.99367e-09	-0.609484
1.99379e-09	-0.609576
1.99391e-09	-0.609666
1.99404e-09	-0.609754
1.99416e-09	-0.60984
1.99428e-09	-0.609923
1.9944e-09	-0.610004
1.99452e-09	-0.610083
1.99465e-09	-0.61016
1.99477e-09	-0.610235
1.99489e-09	-0.610307
1.99501e-09	-0.610378
1.99514e-09	-0.610446
1.99526e-09	-0.610512
1.99538e-09	-0.610576
1.9955e-09	-0.610637
1.99562e-09	-0.610697
1.99575e-09	-0.610754
1.99587e-09	-0.610809
1.99599e-09	-0.610862
1.99611e-09	-0.610913
1.99624e-09	-0.610961
1.99636e-09	-0.611008
1.99648e-09	-0.611052
1.9966e-09	-0.611093
1.99672e-09	-0.611133
1.99685e-09	-0.611171
1.99697e-09	-0.611206
1.99709e-09	-0.611239
1.99721e-09	-0.61127
1.99734e-09	-0.611299
1.99746e-09	-0.611325
1.99758e-09	-0.61135
1.9977e-09	-0.611372
1.99782e-09	-0.611392
1.99795e-09	-0.611409
1.99807e-09	-0.611425
1.99819e-09	-0.611438
1.99831e-09	-0.611449
1.99844e-09	-0.611458
1.99856e-09	-0.611465
1.99868e-09	-0.611469
1.9988e-09	-0.611471
1.99892e-09	-0.611471
1.99905e-09	-0.611469
1.99917e-09	-0.611465
1.99929e-09	-0.611458
1.99941e-09	-0.611449
1.99954e-09	-0.611438
1.99966e-09	-0.611425
1.99978e-09	-0.61141
1.9999e-09	-0.611392
2.00002e-09	-0.611372
2.00015e-09	-0.61135
2.00027e-09	-0.611325
2.00039e-09	-0.611299
2.00051e-09	-0.61127
2.00064e-09	-0.611239
2.00076e-09	-0.611206
2.00088e-09	-0.61117
2.001e-09	-0.611133
2.00113e-09	-0.611093
2.00125e-09	-0.61105
2.00137e-09	-0.611006
2.00149e-09	-0.610959
2.00161e-09	-0.610911
2.00174e-09	-0.61086
2.00186e-09	-0.610806
2.00198e-09	-0.610751
2.0021e-09	-0.610693
2.00223e-09	-0.610633
2.00235e-09	-0.610571
2.00247e-09	-0.610506
2.00259e-09	-0.610439
2.00271e-09	-0.610371
2.00284e-09	-0.610299
2.00296e-09	-0.610226
2.00308e-09	-0.61015
2.0032e-09	-0.610072
2.00333e-09	-0.609992
2.00345e-09	-0.60991
2.00357e-09	-0.609825
2.00369e-09	-0.609738
2.00381e-09	-0.609649
2.00394e-09	-0.609558
2.00406e-09	-0.609464
2.00418e-09	-0.609369
2.0043e-09	-0.609271
2.00443e-09	-0.60917
2.00455e-09	-0.609068
2.00467e-09	-0.608963
2.00479e-09	-0.608856
2.00491e-09	-0.608747
2.00504e-09	-0.608635
2.00516e-09	-0.608521
2.00528e-09	-0.608405
2.0054e-09	-0.608287
2.00553e-09	-0.608166
2.00565e-09	-0.608044
2.00577e-09	-0.607919
2.00589e-09	-0.607791
2.00601e-09	-0.607662
2.00614e-09	-0.60753
2.00626e-09	-0.607396
2.00638e-09	-0.60726
2.0065e-09	-0.607121
2.00663e-09	-0.606981
2.00675e-09	-0.606838
2.00687e-09	-0.606692
2.00699e-09	-0.606545
2.00711e-09	-0.606395
2.00724e-09	-0.606243
2.00736e-09	-0.606089
2.00748e-09	-0.605932
2.0076e-09	-0.605774
2.00773e-09	-0.605613
2.00785e-09	-0.605449
2.00797e-09	-0.605284
2.00809e-09	-0.605116
2.00821e-09	-0.604946
2.00834e-09	-0.604774
2.00846e-09	-0.604599
2.00858e-09	-0.604422
2.0087e-09	-0.604243
2.00883e-09	-0.604062
2.00895e-09	-0.603878
2.00907e-09	-0.603693
2.00919e-09	-0.603504
2.00931e-09	-0.603314
2.00944e-09	-0.603121
2.00956e-09	-0.602927
2.00968e-09	-0.602729
2.0098e-09	-0.60253
2.00993e-09	-0.602329
2.01005e-09	-0.602125
2.01017e-09	-0.601919
2.01029e-09	-0.60171
2.01042e-09	-0.601499
2.01054e-09	-0.601287
2.01066e-09	-0.601071
2.01078e-09	-0.600854
2.0109e-09	-0.600634
2.01103e-09	-0.600412
2.01115e-09	-0.600188
2.01127e-09	-0.599962
2.01139e-09	-0.599733
2.01152e-09	-0.599502
2.01164e-09	-0.599269
2.01176e-09	-0.599033
2.01188e-09	-0.598796
2.012e-09	-0.598556
2.01213e-09	-0.598313
2.01225e-09	-0.598069
2.01237e-09	-0.597822
2.01249e-09	-0.597573
2.01262e-09	-0.597322
2.01274e-09	-0.597068
2.01286e-09	-0.596812
2.01298e-09	-0.596554
2.0131e-09	-0.596294
2.01323e-09	-0.596031
2.01335e-09	-0.595766
2.01347e-09	-0.595499
2.01359e-09	-0.59523
2.01372e-09	-0.594958
2.01384e-09	-0.594685
2.01396e-09	-0.594408
2.01408e-09	-0.59413
2.0142e-09	-0.593849
2.01433e-09	-0.593566
2.01445e-09	-0.593281
2.01457e-09	-0.592994
2.01469e-09	-0.592704
2.01482e-09	-0.592412
2.01494e-09	-0.592118
2.01506e-09	-0.591822
2.01518e-09	-0.591523
2.0153e-09	-0.591222
2.01543e-09	-0.590919
2.01555e-09	-0.590614
2.01567e-09	-0.590306
2.01579e-09	-0.589996
2.01592e-09	-0.589684
2.01604e-09	-0.589369
2.01616e-09	-0.589053
2.01628e-09	-0.588734
2.0164e-09	-0.588412
2.01653e-09	-0.588089
2.01665e-09	-0.587763
2.01677e-09	-0.587435
2.01689e-09	-0.587105
2.01702e-09	-0.586773
2.01714e-09	-0.586438
2.01726e-09	-0.586101
2.01738e-09	-0.585762
2.0175e-09	-0.58542
2.01763e-09	-0.585077
2.01775e-09	-0.584731
2.01787e-09	-0.584383
2.01799e-09	-0.584032
2.01812e-09	-0.583679
2.01824e-09	-0.583325
2.01836e-09	-0.582967
2.01848e-09	-0.582608
2.0186e-09	-0.582246
2.01873e-09	-0.581882
2.01885e-09	-0.581516
2.01897e-09	-0.581148
2.01909e-09	-0.580777
2.01922e-09	-0.580404
2.01934e-09	-0.580029
2.01946e-09	-0.579652
2.01958e-09	-0.579272
2.0197e-09	-0.57889
2.01983e-09	-0.578506
2.01995e-09	-0.57812
2.02007e-09	-0.577731
2.02019e-09	-0.577341
2.02032e-09	-0.576948
2.02044e-09	-0.576552
2.02056e-09	-0.576155
2.02068e-09	-0.575755
2.02081e-09	-0.575353
2.02093e-09	-0.574949
2.02105e-09	-0.574543
2.02117e-09	-0.574134
2.02129e-09	-0.573723
2.02142e-09	-0.57331
2.02154e-09	-0.572895
2.02166e-09	-0.572477
2.02178e-09	-0.572057
2.02191e-09	-0.571635
2.02203e-09	-0.571211
2.02215e-09	-0.570784
2.02227e-09	-0.570356
2.02239e-09	-0.569925
2.02252e-09	-0.569492
2.02264e-09	-0.569056
2.02276e-09	-0.568619
2.02288e-09	-0.568179
2.02301e-09	-0.567737
2.02313e-09	-0.567292
2.02325e-09	-0.566846
2.02337e-09	-0.566397
2.02349e-09	-0.565946
2.02362e-09	-0.565493
2.02374e-09	-0.565038
2.02386e-09	-0.56458
2.02398e-09	-0.56412
2.02411e-09	-0.563658
2.02423e-09	-0.563194
2.02435e-09	-0.562728
2.02447e-09	-0.562259
2.02459e-09	-0.561788
2.02472e-09	-0.561315
2.02484e-09	-0.56084
2.02496e-09	-0.560363
2.02508e-09	-0.559883
2.02521e-09	-0.559401
2.02533e-09	-0.558917
2.02545e-09	-0.558431
2.02557e-09	-0.557942
2.02569e-09	-0.557451
2.02582e-09	-0.556959
2.02594e-09	-0.556463
2.02606e-09	-0.555966
2.02618e-09	-0.555467
2.02631e-09	-0.554965
2.02643e-09	-0.554461
2.02655e-09	-0.553955
2.02667e-09	-0.553447
2.02679e-09	-0.552936
2.02692e-09	-0.552424
2.02704e-09	-0.551909
2.02716e-09	-0.551392
2.02728e-09	-0.550873
2.02741e-09	-0.550351
2.02753e-09	-0.549828
2.02765e-09	-0.549302
2.02777e-09	-0.548774
2.02789e-09	-0.548244
2.02802e-09	-0.547711
2.02814e-09	-0.547177
2.02826e-09	-0.54664
2.02838e-09	-0.546101
2.02851e-09	-0.54556
2.02863e-09	-0.545017
2.02875e-09	-0.544472
2.02887e-09	-0.543924
2.02899e-09	-0.543375
2.02912e-09	-0.542823
2.02924e-09	-0.542269
2.02936e-09	-0.541712
2.02948e-09	-0.541154
2.02961e-09	-0.540594
2.02973e-09	-0.540031
2.02985e-09	-0.539466
2.02997e-09	-0.538899
2.0301e-09	-0.53833
2.03022e-09	-0.537758
2.03034e-09	-0.537185
2.03046e-09	-0.536609
2.03058e-09	-0.536031
2.03071e-09	-0.535451
2.03083e-09	-0.534869
2.03095e-09	-0.534285
2.03107e-09	-0.533698
2.0312e-09	-0.53311
2.03132e-09	-0.532519
2.03144e-09	-0.531926
2.03156e-09	-0.531331
2.03168e-09	-0.530734
2.03181e-09	-0.530135
2.03193e-09	-0.529533
2.03205e-09	-0.52893
2.03217e-09	-0.528324
2.0323e-09	-0.527716
2.03242e-09	-0.527106
2.03254e-09	-0.526494
2.03266e-09	-0.52588
2.03278e-09	-0.525263
2.03291e-09	-0.524645
2.03303e-09	-0.524024
2.03315e-09	-0.523402
2.03327e-09	-0.522777
2.0334e-09	-0.52215
2.03352e-09	-0.521521
2.03364e-09	-0.520889
2.03376e-09	-0.520256
2.03388e-09	-0.519621
2.03401e-09	-0.518983
2.03413e-09	-0.518343
2.03425e-09	-0.517702
2.03437e-09	-0.517058
2.0345e-09	-0.516412
2.03462e-09	-0.515763
2.03474e-09	-0.515113
2.03486e-09	-0.514461
2.03498e-09	-0.513806
2.03511e-09	-0.51315
2.03523e-09	-0.512491
2.03535e-09	-0.511831
2.03547e-09	-0.511168
2.0356e-09	-0.510503
2.03572e-09	-0.509836
2.03584e-09	-0.509167
2.03596e-09	-0.508496
2.03608e-09	-0.507822
2.03621e-09	-0.507147
2.03633e-09	-0.506469
2.03645e-09	-0.50579
2.03657e-09	-0.505108
2.0367e-09	-0.504425
2.03682e-09	-0.503739
2.03694e-09	-0.503051
2.03706e-09	-0.502361
2.03718e-09	-0.501669
2.03731e-09	-0.500975
2.03743e-09	-0.500279
2.03755e-09	-0.499581
2.03767e-09	-0.498881
2.0378e-09	-0.498178
2.03792e-09	-0.497474
2.03804e-09	-0.496768
2.03816e-09	-0.496059
2.03828e-09	-0.495349
2.03841e-09	-0.494636
2.03853e-09	-0.493922
2.03865e-09	-0.493205
2.03877e-09	-0.492486
2.0389e-09	-0.491765
2.03902e-09	-0.491043
2.03914e-09	-0.490318
2.03926e-09	-0.489591
2.03938e-09	-0.488862
2.03951e-09	-0.488131
2.03963e-09	-0.487398
2.03975e-09	-0.486663
2.03987e-09	-0.485926
2.04e-09	-0.485187
2.04012e-09	-0.484446
2.04024e-09	-0.483703
2.04036e-09	-0.482958
2.04049e-09	-0.482211
2.04061e-09	-0.481462
2.04073e-09	-0.48071
2.04085e-09	-0.479957
2.04097e-09	-0.479202
2.0411e-09	-0.478445
2.04122e-09	-0.477686
2.04134e-09	-0.476924
2.04146e-09	-0.476161
2.04159e-09	-0.475396
2.04171e-09	-0.474629
2.04183e-09	-0.47386
2.04195e-09	-0.473088
2.04207e-09	-0.472315
2.0422e-09	-0.47154
2.04232e-09	-0.470763
2.04244e-09	-0.469984
2.04256e-09	-0.469202
2.04269e-09	-0.468419
2.04281e-09	-0.467634
2.04293e-09	-0.466847
2.04305e-09	-0.466058
2.04317e-09	-0.465267
2.0433e-09	-0.464474
2.04342e-09	-0.463679
2.04354e-09	-0.462882
2.04366e-09	-0.462083
2.04379e-09	-0.461283
2.04391e-09	-0.46048
2.04403e-09	-0.459675
2.04415e-09	-0.458868
2.04427e-09	-0.45806
2.0444e-09	-0.457249
2.04452e-09	-0.456436
2.04464e-09	-0.455622
2.04476e-09	-0.454806
2.04489e-09	-0.453987
2.04501e-09	-0.453167
2.04513e-09	-0.452345
2.04525e-09	-0.45152
2.04537e-09	-0.450694
2.0455e-09	-0.449866
2.04562e-09	-0.449036
2.04574e-09	-0.448204
2.04586e-09	-0.44737
2.04599e-09	-0.446535
2.04611e-09	-0.445697
2.04623e-09	-0.444858
2.04635e-09	-0.444016
2.04647e-09	-0.443173
2.0466e-09	-0.442327
2.04672e-09	-0.44148
2.04684e-09	-0.440631
2.04696e-09	-0.43978
2.04709e-09	-0.438927
2.04721e-09	-0.438072
2.04733e-09	-0.437216
2.04745e-09	-0.436357
2.04757e-09	-0.435497
2.0477e-09	-0.434634
2.04782e-09	-0.43377
2.04794e-09	-0.432904
2.04806e-09	-0.432036
2.04819e-09	-0.431166
2.04831e-09	-0.430294
2.04843e-09	-0.429421
2.04855e-09	-0.428545
2.04867e-09	-0.427668
2.0488e-09	-0.426789
2.04892e-09	-0.425908
2.04904e-09	-0.425025
2.04916e-09	-0.42414
2.04929e-09	-0.423253
2.04941e-09	-0.422365
2.04953e-09	-0.421475
2.04965e-09	-0.420582
2.04978e-09	-0.419688
2.0499e-09	-0.418793
2.05002e-09	-0.417895
2.05014e-09	-0.416995
2.05026e-09	-0.416094
2.05039e-09	-0.415191
2.05051e-09	-0.414286
2.05063e-09	-0.413379
2.05075e-09	-0.41247
2.05088e-09	-0.41156
2.051e-09	-0.410648
2.05112e-09	-0.409734
2.05124e-09	-0.408818
2.05136e-09	-0.4079
2.05149e-09	-0.406981
2.05161e-09	-0.406059
2.05173e-09	-0.405136
2.05185e-09	-0.404211
2.05198e-09	-0.403285
2.0521e-09	-0.402356
2.05222e-09	-0.401426
2.05234e-09	-0.400494
2.05246e-09	-0.39956
2.05259e-09	-0.398625
2.05271e-09	-0.397687
2.05283e-09	-0.396748
2.05295e-09	-0.395807
2.05308e-09	-0.394864
2.0532e-09	-0.39392
2.05332e-09	-0.392974
2.05344e-09	-0.392026
2.05356e-09	-0.391076
2.05369e-09	-0.390125
2.05381e-09	-0.389171
2.05393e-09	-0.388216
2.05405e-09	-0.38726
2.05418e-09	-0.386301
2.0543e-09	-0.385341
2.05442e-09	-0.384379
2.05454e-09	-0.383416
2.05466e-09	-0.38245
2.05479e-09	-0.381483
2.05491e-09	-0.380514
2.05503e-09	-0.379544
2.05515e-09	-0.378571
2.05528e-09	-0.377597
2.0554e-09	-0.376622
2.05552e-09	-0.375644
2.05564e-09	-0.374665
2.05576e-09	-0.373684
2.05589e-09	-0.372702
2.05601e-09	-0.371718
2.05613e-09	-0.370732
2.05625e-09	-0.369744
2.05638e-09	-0.368755
2.0565e-09	-0.367764
2.05662e-09	-0.366771
2.05674e-09	-0.365777
2.05686e-09	-0.364781
2.05699e-09	-0.363783
2.05711e-09	-0.362784
2.05723e-09	-0.361783
2.05735e-09	-0.36078
2.05748e-09	-0.359776
2.0576e-09	-0.35877
2.05772e-09	-0.357763
2.05784e-09	-0.356753
2.05796e-09	-0.355742
2.05809e-09	-0.35473
2.05821e-09	-0.353716
2.05833e-09	-0.3527
2.05845e-09	-0.351682
2.05858e-09	-0.350663
2.0587e-09	-0.349642
2.05882e-09	-0.34862
2.05894e-09	-0.347596
2.05906e-09	-0.34657
2.05919e-09	-0.345543
2.05931e-09	-0.344514
2.05943e-09	-0.343484
2.05955e-09	-0.342452
2.05968e-09	-0.341418
2.0598e-09	-0.340383
2.05992e-09	-0.339346
2.06004e-09	-0.338308
2.06017e-09	-0.337268
2.06029e-09	-0.336226
2.06041e-09	-0.335183
2.06053e-09	-0.334138
2.06065e-09	-0.333092
2.06078e-09	-0.332044
2.0609e-09	-0.330994
2.06102e-09	-0.329943
2.06114e-09	-0.328891
2.06127e-09	-0.327837
2.06139e-09	-0.326781
2.06151e-09	-0.325724
2.06163e-09	-0.324665
2.06175e-09	-0.323604
2.06188e-09	-0.322543
2.062e-09	-0.321479
2.06212e-09	-0.320414
2.06224e-09	-0.319348
2.06237e-09	-0.31828
2.06249e-09	-0.31721
2.06261e-09	-0.316139
2.06273e-09	-0.315066
2.06285e-09	-0.313992
2.06298e-09	-0.312916
2.0631e-09	-0.311839
2.06322e-09	-0.310761
2.06334e-09	-0.309681
2.06347e-09	-0.308599
2.06359e-09	-0.307516
2.06371e-09	-0.306431
2.06383e-09	-0.305345
2.06395e-09	-0.304257
2.06408e-09	-0.303168
2.0642e-09	-0.302078
2.06432e-09	-0.300986
2.06444e-09	-0.299892
2.06457e-09	-0.298797
2.06469e-09	-0.297701
2.06481e-09	-0.296603
2.06493e-09	-0.295504
2.06505e-09	-0.294403
2.06518e-09	-0.2933
2.0653e-09	-0.292197
2.06542e-09	-0.291092
2.06554e-09	-0.289985
2.06567e-09	-0.288877
2.06579e-09	-0.287768
2.06591e-09	-0.286657
2.06603e-09	-0.285544
2.06615e-09	-0.284431
2.06628e-09	-0.283316
2.0664e-09	-0.282199
2.06652e-09	-0.281081
2.06664e-09	-0.279962
2.06677e-09	-0.278841
2.06689e-09	-0.277719
2.06701e-09	-0.276595
2.06713e-09	-0.27547
2.06725e-09	-0.274344
2.06738e-09	-0.273216
2.0675e-09	-0.272087
2.06762e-09	-0.270957
2.06774e-09	-0.269825
2.06787e-09	-0.268692
2.06799e-09	-0.267557
2.06811e-09	-0.266421
2.06823e-09	-0.265284
2.06835e-09	-0.264145
2.06848e-09	-0.263005
2.0686e-09	-0.261864
2.06872e-09	-0.260721
2.06884e-09	-0.259577
2.06897e-09	-0.258432
2.06909e-09	-0.257285
2.06921e-09	-0.256137
2.06933e-09	-0.254988
2.06945e-09	-0.253837
2.06958e-09	-0.252685
2.0697e-09	-0.251532
2.06982e-09	-0.250377
2.06994e-09	-0.249222
2.07007e-09	-0.248064
2.07019e-09	-0.246906
2.07031e-09	-0.245746
2.07043e-09	-0.244585
2.07056e-09	-0.243423
2.07068e-09	-0.242259
2.0708e-09	-0.241094
2.07092e-09	-0.239928
2.07104e-09	-0.23876
2.07117e-09	-0.237592
2.07129e-09	-0.236422
2.07141e-09	-0.23525
2.07153e-09	-0.234078
2.07166e-09	-0.232904
2.07178e-09	-0.231729
2.0719e-09	-0.230553
2.07202e-09	-0.229375
2.07214e-09	-0.228197
2.07227e-09	-0.227017
2.07239e-09	-0.225836
2.07251e-09	-0.224653
2.07263e-09	-0.22347
2.07276e-09	-0.222285
2.07288e-09	-0.221099
2.073e-09	-0.219911
2.07312e-09	-0.218723
2.07324e-09	-0.217533
2.07337e-09	-0.216342
2.07349e-09	-0.21515
2.07361e-09	-0.213957
2.07373e-09	-0.212763
2.07386e-09	-0.211567
2.07398e-09	-0.21037
2.0741e-09	-0.209172
2.07422e-09	-0.207973
2.07434e-09	-0.206773
2.07447e-09	-0.205572
2.07459e-09	-0.204369
2.07471e-09	-0.203165
2.07483e-09	-0.20196
2.07496e-09	-0.200754
2.07508e-09	-0.199547
2.0752e-09	-0.198339
2.07532e-09	-0.197129
2.07544e-09	-0.195919
2.07557e-09	-0.194707
2.07569e-09	-0.193494
2.07581e-09	-0.19228
2.07593e-09	-0.191065
2.07606e-09	-0.189849
2.07618e-09	-0.188632
2.0763e-09	-0.187414
2.07642e-09	-0.186194
2.07654e-09	-0.184974
2.07667e-09	-0.183752
2.07679e-09	-0.18253
2.07691e-09	-0.181306
2.07703e-09	-0.180081
2.07716e-09	-0.178855
2.07728e-09	-0.177628
2.0774e-09	-0.1764
2.07752e-09	-0.175171
2.07764e-09	-0.173941
2.07777e-09	-0.17271
2.07789e-09	-0.171477
2.07801e-09	-0.170244
2.07813e-09	-0.16901
2.07826e-09	-0.167774
2.07838e-09	-0.166538
2.0785e-09	-0.165301
2.07862e-09	-0.164062
2.07874e-09	-0.162823
2.07887e-09	-0.161582
2.07899e-09	-0.160341
2.07911e-09	-0.159098
2.07923e-09	-0.157855
2.07936e-09	-0.156611
2.07948e-09	-0.155365
2.0796e-09	-0.154119
2.07972e-09	-0.152871
2.07985e-09	-0.151623
2.07997e-09	-0.150374
2.08009e-09	-0.149123
2.08021e-09	-0.147872
2.08033e-09	-0.14662
2.08046e-09	-0.145367
2.08058e-09	-0.144113
2.0807e-09	-0.142857
2.08082e-09	-0.141601
2.08095e-09	-0.140344
2.08107e-09	-0.139087
2.08119e-09	-0.137828
2.08131e-09	-0.136568
2.08143e-09	-0.135307
2.08156e-09	-0.134046
2.08168e-09	-0.132783
2.0818e-09	-0.13152
2.08192e-09	-0.130255
2.08205e-09	-0.12899
2.08217e-09	-0.127724
2.08229e-09	-0.126457
2.08241e-09	-0.125189
2.08253e-09	-0.123921
2.08266e-09	-0.122651
2.08278e-09	-0.12138
2.0829e-09	-0.120109
2.08302e-09	-0.118837
2.08315e-09	-0.117564
2.08327e-09	-0.11629
2.08339e-09	-0.115015
2.08351e-09	-0.113739
2.08363e-09	-0.112463
2.08376e-09	-0.111185
2.08388e-09	-0.109907
2.084e-09	-0.108628
2.08412e-09	-0.107348
2.08425e-09	-0.106068
2.08437e-09	-0.104786
2.08449e-09	-0.103504
2.08461e-09	-0.102221
2.08473e-09	-0.100937
2.08486e-09	-0.0996525
2.08498e-09	-0.098367
2.0851e-09	-0.0970808
2.08522e-09	-0.0957937
2.08535e-09	-0.0945059
2.08547e-09	-0.0932174
2.08559e-09	-0.091928
2.08571e-09	-0.0906379
2.08583e-09	-0.089347
2.08596e-09	-0.0880553
2.08608e-09	-0.0867629
2.0862e-09	-0.0854698
2.08632e-09	-0.0841759
2.08645e-09	-0.0828813
2.08657e-09	-0.0815859
2.08669e-09	-0.0802899
2.08681e-09	-0.078993
2.08693e-09	-0.0776955
2.08706e-09	-0.0763973
2.08718e-09	-0.0750983
2.0873e-09	-0.0737986
2.08742e-09	-0.0724983
2.08755e-09	-0.0711972
2.08767e-09	-0.0698954
2.08779e-09	-0.068593
2.08791e-09	-0.0672899
2.08803e-09	-0.065986
2.08816e-09	-0.0646816
2.08828e-09	-0.0633764
2.0884e-09	-0.0620706
2.08852e-09	-0.0607641
2.08865e-09	-0.0594569
2.08877e-09	-0.0581492
2.08889e-09	-0.0568407
2.08901e-09	-0.0555316
2.08913e-09	-0.0542219
2.08926e-09	-0.0529115
2.08938e-09	-0.0516006
2.0895e-09	-0.050289
2.08962e-09	-0.0489767
2.08975e-09	-0.0476639
2.08987e-09	-0.0463504
2.08999e-09	-0.0450364
2.09011e-09	-0.0437217
2.09024e-09	-0.0424065
2.09036e-09	-0.0410906
2.09048e-09	-0.0397742
2.0906e-09	-0.0384571
2.09072e-09	-0.0371395
2.09085e-09	-0.0358214
2.09097e-09	-0.0345026
2.09109e-09	-0.0331833
2.09121e-09	-0.0318635
2.09134e-09	-0.0305431
2.09146e-09	-0.0292221
2.09158e-09	-0.0279006
2.0917e-09	-0.0265785
2.09182e-09	-0.0252559
2.09195e-09	-0.0239328
2.09207e-09	-0.0226092
2.09219e-09	-0.021285
2.09231e-09	-0.0199603
2.09244e-09	-0.0186351
2.09256e-09	-0.0173094
2.09268e-09	-0.0159832
2.0928e-09	-0.0146565
2.09292e-09	-0.0133293
2.09305e-09	-0.0120016
2.09317e-09	-0.0106735
2.09329e-09	-0.00934483
2.09341e-09	-0.00801571
2.09354e-09	-0.00668612
2.09366e-09	-0.00535606
2.09378e-09	-0.00402554
2.0939e-09	-0.00269457
2.09402e-09	-0.00136315
2.09415e-09	-3.12798e-05
2.09427e-09	0.00130103
2.09439e-09	0.00263378
2.09451e-09	0.00396695
2.09464e-09	0.00530056
2.09476e-09	0.00663458
2.09488e-09	0.00796903
2.095e-09	0.00930388
2.09512e-09	0.0106391
2.09525e-09	0.0119748
2.09537e-09	0.0133109
2.09549e-09	0.0146473
2.09561e-09	0.0159842
2.09574e-09	0.0173214
2.09586e-09	0.018659
2.09598e-09	0.019997
2.0961e-09	0.0213353
2.09622e-09	0.0226741
2.09635e-09	0.0240131
2.09647e-09	0.0253526
2.09659e-09	0.0266924
2.09671e-09	0.0280325
2.09684e-09	0.0293729
2.09696e-09	0.0307137
2.09708e-09	0.0320549
2.0972e-09	0.0333963
2.09732e-09	0.0347381
2.09745e-09	0.0360802
2.09757e-09	0.0374226
2.09769e-09	0.0387653
2.09781e-09	0.0401083
2.09794e-09	0.0414516
2.09806e-09	0.0427953
2.09818e-09	0.0441391
2.0983e-09	0.0454833
2.09842e-09	0.0468278
2.09855e-09	0.0481725
2.09867e-09	0.0495175
2.09879e-09	0.0508627
2.09891e-09	0.0522082
2.09904e-09	0.053554
2.09916e-09	0.0549
2.09928e-09	0.0562463
2.0994e-09	0.0575927
2.09953e-09	0.0589395
2.09965e-09	0.0602864
2.09977e-09	0.0616336
2.09989e-09	0.062981
2.10001e-09	0.0643286
2.10014e-09	0.0656764
2.10026e-09	0.0670245
2.10038e-09	0.0683727
2.1005e-09	0.0697211
2.10063e-09	0.0710697
2.10075e-09	0.0724185
2.10087e-09	0.0737675
2.10099e-09	0.0751166
2.10111e-09	0.0764659
2.10124e-09	0.0778154
2.10136e-09	0.079165
2.10148e-09	0.0805148
2.1016e-09	0.0818648
2.10173e-09	0.0832149
2.10185e-09	0.0845651
2.10197e-09	0.0859155
2.10209e-09	0.0872659
2.10221e-09	0.0886166
2.10234e-09	0.0899673
2.10246e-09	0.0913182
2.10258e-09	0.0926691
2.1027e-09	0.0940202
2.10283e-09	0.0953714
2.10295e-09	0.0967226
2.10307e-09	0.098074
2.10319e-09	0.0994254
2.10331e-09	0.100777
2.10344e-09	0.102129
2.10356e-09	0.10348
2.10368e-09	0.104832
2.1038e-09	0.106184
2.10393e-09	0.107536
2.10405e-09	0.108888
2.10417e-09	0.110239
2.10429e-09	0.111591
2.10441e-09	0.112944
2.10454e-09	0.114296
2.10466e-09	0.115648
2.10478e-09	0.117
2.1049e-09	0.118352
2.10503e-09	0.119704
2.10515e-09	0.121056
2.10527e-09	0.122408
2.10539e-09	0.12376
2.10551e-09	0.125113
2.10564e-09	0.126465
2.10576e-09	0.127817
2.10588e-09	0.129169
2.106e-09	0.130521
2.10613e-09	0.131873
2.10625e-09	0.133225
2.10637e-09	0.134577
2.10649e-09	0.135929
2.10661e-09	0.137281
2.10674e-09	0.138632
2.10686e-09	0.139984
2.10698e-09	0.141336
2.1071e-09	0.142687
2.10723e-09	0.144039
2.10735e-09	0.14539
2.10747e-09	0.146741
2.10759e-09	0.148093
2.10771e-09	0.149444
2.10784e-09	0.150795
2.10796e-09	0.152146
2.10808e-09	0.153496
2.1082e-09	0.154847
2.10833e-09	0.156198
2.10845e-09	0.157548
2.10857e-09	0.158898
2.10869e-09	0.160249
2.10881e-09	0.161599
2.10894e-09	0.162948
2.10906e-09	0.164298
2.10918e-09	0.165648
2.1093e-09	0.166997
2.10943e-09	0.168346
2.10955e-09	0.169695
2.10967e-09	0.171044
2.10979e-09	0.172393
2.10992e-09	0.173741
2.11004e-09	0.17509
2.11016e-09	0.176438
2.11028e-09	0.177786
2.1104e-09	0.179133
2.11053e-09	0.180481
2.11065e-09	0.181828
2.11077e-09	0.183175
2.11089e-09	0.184522
2.11102e-09	0.185868
2.11114e-09	0.187215
2.11126e-09	0.188561
2.11138e-09	0.189907
2.1115e-09	0.191252
2.11163e-09	0.192598
2.11175e-09	0.193943
2.11187e-09	0.195287
2.11199e-09	0.196632
2.11212e-09	0.197976
2.11224e-09	0.19932
2.11236e-09	0.200664
2.11248e-09	0.202007
2.1126e-09	0.20335
2.11273e-09	0.204693
2.11285e-09	0.206035
2.11297e-09	0.207377
2.11309e-09	0.208719
2.11322e-09	0.210061
2.11334e-09	0.211402
2.11346e-09	0.212743
2.11358e-09	0.214083
2.1137e-09	0.215423
2.11383e-09	0.216763
2.11395e-09	0.218103
2.11407e-09	0.219442
2.11419e-09	0.22078
2.11432e-09	0.222119
2.11444e-09	0.223457
2.11456e-09	0.224794
2.11468e-09	0.226131
2.1148e-09	0.227468
2.11493e-09	0.228805
2.11505e-09	0.230141
2.11517e-09	0.231476
2.11529e-09	0.232811
2.11542e-09	0.234146
2.11554e-09	0.23548
2.11566e-09	0.236814
2.11578e-09	0.238148
2.1159e-09	0.239481
2.11603e-09	0.240814
2.11615e-09	0.242146
2.11627e-09	0.243477
2.11639e-09	0.244809
2.11652e-09	0.24614
2.11664e-09	0.24747
2.11676e-09	0.2488
2.11688e-09	0.250129
2.117e-09	0.251458
2.11713e-09	0.252786
2.11725e-09	0.254114
2.11737e-09	0.255442
2.11749e-09	0.256769
2.11762e-09	0.258095
2.11774e-09	0.259421
2.11786e-09	0.260746
2.11798e-09	0.262071
2.1181e-09	0.263396
2.11823e-09	0.264719
2.11835e-09	0.266043
2.11847e-09	0.267365
2.11859e-09	0.268688
2.11872e-09	0.270009
2.11884e-09	0.27133
2.11896e-09	0.272651
2.11908e-09	0.273971
2.11921e-09	0.27529
2.11933e-09	0.276609
2.11945e-09	0.277927
2.11957e-09	0.279245
2.11969e-09	0.280562
2.11982e-09	0.281878
2.11994e-09	0.283194
2.12006e-09	0.284509
2.12018e-09	0.285824
2.12031e-09	0.287138
2.12043e-09	0.288451
2.12055e-09	0.289764
2.12067e-09	0.291076
2.12079e-09	0.292388
2.12092e-09	0.293699
2.12104e-09	0.295009
2.12116e-09	0.296318
2.12128e-09	0.297627
2.12141e-09	0.298935
2.12153e-09	0.300243
2.12165e-09	0.30155
2.12177e-09	0.302856
2.12189e-09	0.304162
2.12202e-09	0.305466
2.12214e-09	0.306771
2.12226e-09	0.308074
2.12238e-09	0.309377
2.12251e-09	0.310679
2.12263e-09	0.31198
2.12275e-09	0.313281
2.12287e-09	0.314581
2.12299e-09	0.31588
2.12312e-09	0.317178
2.12324e-09	0.318476
2.12336e-09	0.319773
2.12348e-09	0.321069
2.12361e-09	0.322364
2.12373e-09	0.323659
2.12385e-09	0.324953
2.12397e-09	0.326246
2.12409e-09	0.327538
2.12422e-09	0.32883
2.12434e-09	0.330121
2.12446e-09	0.331411
2.12458e-09	0.3327
2.12471e-09	0.333988
2.12483e-09	0.335276
2.12495e-09	0.336563
2.12507e-09	0.337849
2.12519e-09	0.339134
2.12532e-09	0.340418
2.12544e-09	0.341702
2.12556e-09	0.342985
2.12568e-09	0.344266
2.12581e-09	0.345547
2.12593e-09	0.346828
2.12605e-09	0.348107
2.12617e-09	0.349385
2.12629e-09	0.350663
2.12642e-09	0.35194
2.12654e-09	0.353216
2.12666e-09	0.354491
2.12678e-09	0.355765
2.12691e-09	0.357038
2.12703e-09	0.35831
2.12715e-09	0.359582
2.12727e-09	0.360852
2.12739e-09	0.362122
2.12752e-09	0.36339
2.12764e-09	0.364658
2.12776e-09	0.365925
2.12788e-09	0.367191
2.12801e-09	0.368456
2.12813e-09	0.36972
2.12825e-09	0.370983
2.12837e-09	0.372245
2.12849e-09	0.373507
2.12862e-09	0.374767
2.12874e-09	0.376026
2.12886e-09	0.377284
2.12898e-09	0.378542
2.12911e-09	0.379798
2.12923e-09	0.381054
2.12935e-09	0.382308
2.12947e-09	0.383561
2.1296e-09	0.384814
2.12972e-09	0.386065
2.12984e-09	0.387316
2.12996e-09	0.388565
2.13008e-09	0.389814
2.13021e-09	0.391061
2.13033e-09	0.392307
2.13045e-09	0.393553
2.13057e-09	0.394797
2.1307e-09	0.39604
2.13082e-09	0.397282
2.13094e-09	0.398523
2.13106e-09	0.399763
2.13118e-09	0.401003
2.13131e-09	0.40224
2.13143e-09	0.403477
2.13155e-09	0.404713
2.13167e-09	0.405948
2.1318e-09	0.407182
2.13192e-09	0.408414
2.13204e-09	0.409646
2.13216e-09	0.410876
2.13228e-09	0.412105
2.13241e-09	0.413333
2.13253e-09	0.41456
2.13265e-09	0.415786
2.13277e-09	0.417011
2.1329e-09	0.418235
2.13302e-09	0.419457
2.13314e-09	0.420679
2.13326e-09	0.421899
2.13338e-09	0.423118
2.13351e-09	0.424336
2.13363e-09	0.425553
2.13375e-09	0.426769
2.13387e-09	0.427983
2.134e-09	0.429196
2.13412e-09	0.430408
2.13424e-09	0.431619
2.13436e-09	0.432829
2.13448e-09	0.434038
2.13461e-09	0.435245
2.13473e-09	0.436451
2.13485e-09	0.437656
2.13497e-09	0.43886
2.1351e-09	0.440063
2.13522e-09	0.441264
2.13534e-09	0.442464
2.13546e-09	0.443663
2.13558e-09	0.44486
2.13571e-09	0.446057
2.13583e-09	0.447252
2.13595e-09	0.448446
2.13607e-09	0.449639
2.1362e-09	0.45083
2.13632e-09	0.45202
2.13644e-09	0.453209
2.13656e-09	0.454397
2.13668e-09	0.455583
2.13681e-09	0.456768
2.13693e-09	0.457952
2.13705e-09	0.459134
2.13717e-09	0.460315
2.1373e-09	0.461495
2.13742e-09	0.462674
2.13754e-09	0.463851
2.13766e-09	0.465027
2.13778e-09	0.466201
2.13791e-09	0.467375
2.13803e-09	0.468547
2.13815e-09	0.469717
2.13827e-09	0.470886
2.1384e-09	0.472054
2.13852e-09	0.473221
2.13864e-09	0.474386
2.13876e-09	0.47555
2.13889e-09	0.476713
2.13901e-09	0.477874
2.13913e-09	0.479034
2.13925e-09	0.480192
2.13937e-09	0.481349
2.1395e-09	0.482505
2.13962e-09	0.483659
2.13974e-09	0.484812
2.13986e-09	0.485963
2.13999e-09	0.487113
2.14011e-09	0.488262
2.14023e-09	0.489409
2.14035e-09	0.490555
2.14047e-09	0.491699
2.1406e-09	0.492842
2.14072e-09	0.493984
2.14084e-09	0.495124
2.14096e-09	0.496262
2.14109e-09	0.4974
2.14121e-09	0.498535
2.14133e-09	0.49967
2.14145e-09	0.500802
2.14157e-09	0.501934
2.1417e-09	0.503064
2.14182e-09	0.504192
2.14194e-09	0.505319
2.14206e-09	0.506445
2.14219e-09	0.507568
2.14231e-09	0.508691
2.14243e-09	0.509812
2.14255e-09	0.510931
2.14267e-09	0.512049
2.1428e-09	0.513166
2.14292e-09	0.514281
2.14304e-09	0.515394
2.14316e-09	0.516506
2.14329e-09	0.517617
2.14341e-09	0.518725
2.14353e-09	0.519833
2.14365e-09	0.520939
2.14377e-09	0.522043
2.1439e-09	0.523145
2.14402e-09	0.524247
2.14414e-09	0.525346
2.14426e-09	0.526444
2.14439e-09	0.527541
2.14451e-09	0.528635
2.14463e-09	0.529729
2.14475e-09	0.53082
2.14487e-09	0.53191
2.145e-09	0.532999
2.14512e-09	0.534086
2.14524e-09	0.535171
2.14536e-09	0.536255
2.14549e-09	0.537337
2.14561e-09	0.538417
2.14573e-09	0.539496
2.14585e-09	0.540574
2.14597e-09	0.541649
2.1461e-09	0.542723
2.14622e-09	0.543796
2.14634e-09	0.544866
2.14646e-09	0.545935
2.14659e-09	0.547003
2.14671e-09	0.548069
2.14683e-09	0.549133
2.14695e-09	0.550195
2.14707e-09	0.551256
2.1472e-09	0.552315
2.14732e-09	0.553372
2.14744e-09	0.554428
2.14756e-09	0.555482
2.14769e-09	0.556535
2.14781e-09	0.557585
2.14793e-09	0.558634
2.14805e-09	0.559681
2.14817e-09	0.560727
2.1483e-09	0.561771
2.14842e-09	0.562813
2.14854e-09	0.563854
2.14866e-09	0.564892
2.14879e-09	0.565929
2.14891e-09	0.566964
2.14903e-09	0.567998
2.14915e-09	0.56903
2.14928e-09	0.57006
2.1494e-09	0.571088
2.14952e-09	0.572115
2.14964e-09	0.573139
2.14976e-09	0.574162
2.14989e-09	0.575184
2.15001e-09	0.576203
2.15013e-09	0.577221
2.15025e-09	0.578237
2.15038e-09	0.579251
2.1505e-09	0.580263
2.15062e-09	0.581274
2.15074e-09	0.582282
2.15086e-09	0.583289
2.15099e-09	0.584294
2.15111e-09	0.585298
2.15123e-09	0.586299
2.15135e-09	0.587299
2.15148e-09	0.588297
2.1516e-09	0.589293
2.15172e-09	0.590287
2.15184e-09	0.59128
2.15196e-09	0.59227
2.15209e-09	0.593259
2.15221e-09	0.594246
2.15233e-09	0.595231
2.15245e-09	0.596214
2.15258e-09	0.597195
2.1527e-09	0.598175
2.15282e-09	0.599152
2.15294e-09	0.600128
2.15306e-09	0.601102
2.15319e-09	0.602073
2.15331e-09	0.603044
2.15343e-09	0.604012
2.15355e-09	0.604978
2.15368e-09	0.605942
2.1538e-09	0.606905
2.15392e-09	0.607865
2.15404e-09	0.608824
2.15416e-09	0.609781
2.15429e-09	0.610736
2.15441e-09	0.611688
2.15453e-09	0.612639
2.15465e-09	0.613589
2.15478e-09	0.614536
2.1549e-09	0.615481
2.15502e-09	0.616424
2.15514e-09	0.617365
2.15526e-09	0.618305
2.15539e-09	0.619242
2.15551e-09	0.620178
2.15563e-09	0.621111
2.15575e-09	0.622042
2.15588e-09	0.622972
2.156e-09	0.6239
2.15612e-09	0.624825
2.15624e-09	0.625749
2.15636e-09	0.62667
2.15649e-09	0.62759
2.15661e-09	0.628508
2.15673e-09	0.629423
2.15685e-09	0.630337
2.15698e-09	0.631249
2.1571e-09	0.632158
2.15722e-09	0.633066
2.15734e-09	0.633971
2.15746e-09	0.634875
2.15759e-09	0.635777
2.15771e-09	0.636676
2.15783e-09	0.637574
2.15795e-09	0.638469
2.15808e-09	0.639362
2.1582e-09	0.640254
2.15832e-09	0.641143
2.15844e-09	0.64203
2.15857e-09	0.642916
2.15869e-09	0.643799
2.15881e-09	0.64468
2.15893e-09	0.645559
2.15905e-09	0.646436
2.15918e-09	0.647311
2.1593e-09	0.648183
2.15942e-09	0.649054
2.15954e-09	0.649923
2.15967e-09	0.650789
2.15979e-09	0.651654
2.15991e-09	0.652516
2.16003e-09	0.653376
2.16015e-09	0.654234
2.16028e-09	0.655091
2.1604e-09	0.655944
2.16052e-09	0.656796
2.16064e-09	0.657646
2.16077e-09	0.658493
2.16089e-09	0.659339
2.16101e-09	0.660182
2.16113e-09	0.661023
2.16125e-09	0.661862
2.16138e-09	0.662699
2.1615e-09	0.663534
2.16162e-09	0.664367
2.16174e-09	0.665197
2.16187e-09	0.666025
2.16199e-09	0.666851
2.16211e-09	0.667675
2.16223e-09	0.668497
2.16235e-09	0.669317
2.16248e-09	0.670134
2.1626e-09	0.670949
2.16272e-09	0.671762
2.16284e-09	0.672573
2.16297e-09	0.673382
2.16309e-09	0.674189
2.16321e-09	0.674993
2.16333e-09	0.675795
2.16345e-09	0.676595
2.16358e-09	0.677393
2.1637e-09	0.678188
2.16382e-09	0.678981
2.16394e-09	0.679772
2.16407e-09	0.680561
2.16419e-09	0.681348
2.16431e-09	0.682132
2.16443e-09	0.682914
2.16455e-09	0.683694
2.16468e-09	0.684472
2.1648e-09	0.685247
2.16492e-09	0.68602
2.16504e-09	0.686791
2.16517e-09	0.68756
2.16529e-09	0.688326
2.16541e-09	0.689091
2.16553e-09	0.689852
2.16565e-09	0.690612
2.16578e-09	0.691369
2.1659e-09	0.692124
2.16602e-09	0.692877
2.16614e-09	0.693628
2.16627e-09	0.694376
2.16639e-09	0.695122
2.16651e-09	0.695866
2.16663e-09	0.696607
2.16675e-09	0.697346
2.16688e-09	0.698083
2.167e-09	0.698817
2.16712e-09	0.699549
2.16724e-09	0.700279
2.16737e-09	0.701007
2.16749e-09	0.701732
2.16761e-09	0.702455
2.16773e-09	0.703175
2.16785e-09	0.703894
2.16798e-09	0.70461
2.1681e-09	0.705323
2.16822e-09	0.706034
2.16834e-09	0.706743
2.16847e-09	0.70745
2.16859e-09	0.708154
2.16871e-09	0.708856
2.16883e-09	0.709555
2.16896e-09	0.710252
2.16908e-09	0.710947
2.1692e-09	0.71164
2.16932e-09	0.71233
2.16944e-09	0.713017
2.16957e-09	0.713703
2.16969e-09	0.714386
2.16981e-09	0.715066
2.16993e-09	0.715744
2.17006e-09	0.71642
2.17018e-09	0.717093
2.1703e-09	0.717764
2.17042e-09	0.718433
2.17054e-09	0.719099
2.17067e-09	0.719763
2.17079e-09	0.720424
2.17091e-09	0.721083
2.17103e-09	0.72174
2.17116e-09	0.722394
2.17128e-09	0.723046
2.1714e-09	0.723695
2.17152e-09	0.724342
2.17164e-09	0.724986
2.17177e-09	0.725628
2.17189e-09	0.726268
2.17201e-09	0.726905
2.17213e-09	0.72754
2.17226e-09	0.728172
2.17238e-09	0.728802
2.1725e-09	0.729429
2.17262e-09	0.730054
2.17274e-09	0.730677
2.17287e-09	0.731297
2.17299e-09	0.731915
2.17311e-09	0.73253
2.17323e-09	0.733142
2.17336e-09	0.733753
2.17348e-09	0.73436
2.1736e-09	0.734965
2.17372e-09	0.735568
2.17384e-09	0.736169
2.17397e-09	0.736766
2.17409e-09	0.737362
2.17421e-09	0.737954
2.17433e-09	0.738545
2.17446e-09	0.739133
2.17458e-09	0.739718
2.1747e-09	0.740301
2.17482e-09	0.740881
2.17494e-09	0.741459
2.17507e-09	0.742034
2.17519e-09	0.742607
2.17531e-09	0.743177
2.17543e-09	0.743745
2.17556e-09	0.74431
2.17568e-09	0.744873
2.1758e-09	0.745433
2.17592e-09	0.745991
2.17604e-09	0.746546
2.17617e-09	0.747099
2.17629e-09	0.747649
2.17641e-09	0.748196
2.17653e-09	0.748742
2.17666e-09	0.749284
2.17678e-09	0.749824
2.1769e-09	0.750361
2.17702e-09	0.750896
2.17714e-09	0.751428
2.17727e-09	0.751958
2.17739e-09	0.752485
2.17751e-09	0.75301
2.17763e-09	0.753532
2.17776e-09	0.754051
2.17788e-09	0.754568
2.178e-09	0.755082
2.17812e-09	0.755594
2.17825e-09	0.756103
2.17837e-09	0.75661
2.17849e-09	0.757114
2.17861e-09	0.757615
2.17873e-09	0.758114
2.17886e-09	0.75861
2.17898e-09	0.759104
2.1791e-09	0.759595
2.17922e-09	0.760083
2.17935e-09	0.760569
2.17947e-09	0.761052
2.17959e-09	0.761533
2.17971e-09	0.762011
2.17983e-09	0.762486
2.17996e-09	0.762959
2.18008e-09	0.763429
2.1802e-09	0.763897
2.18032e-09	0.764362
2.18045e-09	0.764824
2.18057e-09	0.765284
2.18069e-09	0.765741
2.18081e-09	0.766195
2.18093e-09	0.766647
2.18106e-09	0.767096
2.18118e-09	0.767543
2.1813e-09	0.767986
2.18142e-09	0.768428
2.18155e-09	0.768866
2.18167e-09	0.769302
2.18179e-09	0.769735
2.18191e-09	0.770166
2.18203e-09	0.770594
2.18216e-09	0.771019
2.18228e-09	0.771442
2.1824e-09	0.771862
2.18252e-09	0.772279
2.18265e-09	0.772694
2.18277e-09	0.773106
2.18289e-09	0.773515
2.18301e-09	0.773922
2.18313e-09	0.774326
2.18326e-09	0.774727
2.18338e-09	0.775126
2.1835e-09	0.775522
2.18362e-09	0.775915
2.18375e-09	0.776306
2.18387e-09	0.776694
2.18399e-09	0.777079
2.18411e-09	0.777461
2.18423e-09	0.777841
2.18436e-09	0.778218
2.18448e-09	0.778593
2.1846e-09	0.778964
2.18472e-09	0.779333
2.18485e-09	0.7797
2.18497e-09	0.780063
2.18509e-09	0.780424
2.18521e-09	0.780782
2.18533e-09	0.781138
2.18546e-09	0.781491
2.18558e-09	0.781841
2.1857e-09	0.782188
2.18582e-09	0.782533
2.18595e-09	0.782874
2.18607e-09	0.783214
2.18619e-09	0.78355
2.18631e-09	0.783884
2.18643e-09	0.784215
2.18656e-09	0.784543
2.18668e-09	0.784868
2.1868e-09	0.785191
2.18692e-09	0.785511
2.18705e-09	0.785829
2.18717e-09	0.786143
2.18729e-09	0.786455
2.18741e-09	0.786764
2.18753e-09	0.78707
2.18766e-09	0.787374
2.18778e-09	0.787675
2.1879e-09	0.787973
2.18802e-09	0.788268
2.18815e-09	0.78856
2.18827e-09	0.78885
2.18839e-09	0.789137
2.18851e-09	0.789421
2.18864e-09	0.789703
2.18876e-09	0.789982
2.18888e-09	0.790258
2.189e-09	0.790531
2.18912e-09	0.790801
2.18925e-09	0.791069
2.18937e-09	0.791334
2.18949e-09	0.791596
2.18961e-09	0.791855
2.18974e-09	0.792112
2.18986e-09	0.792365
2.18998e-09	0.792616
2.1901e-09	0.792865
2.19022e-09	0.79311
2.19035e-09	0.793353
2.19047e-09	0.793592
2.19059e-09	0.793829
2.19071e-09	0.794064
2.19084e-09	0.794295
2.19096e-09	0.794524
2.19108e-09	0.794749
2.1912e-09	0.794973
2.19132e-09	0.795193
2.19145e-09	0.79541
2.19157e-09	0.795625
2.19169e-09	0.795837
2.19181e-09	0.796046
2.19194e-09	0.796252
2.19206e-09	0.796455
2.19218e-09	0.796656
2.1923e-09	0.796854
2.19242e-09	0.797049
2.19255e-09	0.797241
2.19267e-09	0.79743
2.19279e-09	0.797617
2.19291e-09	0.7978
2.19304e-09	0.797981
2.19316e-09	0.798159
2.19328e-09	0.798334
2.1934e-09	0.798507
2.19352e-09	0.798676
2.19365e-09	0.798843
2.19377e-09	0.799007
2.19389e-09	0.799168
2.19401e-09	0.799326
2.19414e-09	0.799482
2.19426e-09	0.799634
2.19438e-09	0.799784
2.1945e-09	0.799931
2.19462e-09	0.800075
2.19475e-09	0.800216
2.19487e-09	0.800355
2.19499e-09	0.80049
2.19511e-09	0.800623
2.19524e-09	0.800753
2.19536e-09	0.80088
2.19548e-09	0.801004
2.1956e-09	0.801125
2.19572e-09	0.801243
2.19585e-09	0.801359
2.19597e-09	0.801472
2.19609e-09	0.801582
2.19621e-09	0.801689
2.19634e-09	0.801793
2.19646e-09	0.801894
2.19658e-09	0.801993
2.1967e-09	0.802088
2.19682e-09	0.802181
2.19695e-09	0.802271
2.19707e-09	0.802358
2.19719e-09	0.802442
2.19731e-09	0.802523
2.19744e-09	0.802602
2.19756e-09	0.802677
2.19768e-09	0.80275
2.1978e-09	0.80282
2.19793e-09	0.802887
2.19805e-09	0.802951
2.19817e-09	0.803012
2.19829e-09	0.80307
2.19841e-09	0.803126
2.19854e-09	0.803178
2.19866e-09	0.803228
2.19878e-09	0.803275
2.1989e-09	0.803319
2.19903e-09	0.80336
2.19915e-09	0.803398
2.19927e-09	0.803433
2.19939e-09	0.803466
2.19951e-09	0.803495
2.19964e-09	0.803522
2.19976e-09	0.803546
2.19988e-09	0.803567
2.2e-09	0.803585
2.20013e-09	0.8036
2.20025e-09	0.803612
2.20037e-09	0.803621
2.20049e-09	0.803628
2.20061e-09	0.803631
2.20074e-09	0.803632
2.20086e-09	0.80363
2.20098e-09	0.803625
2.2011e-09	0.803617
2.20123e-09	0.803606
2.20135e-09	0.803592
2.20147e-09	0.803575
2.20159e-09	0.803556
2.20171e-09	0.803533
2.20184e-09	0.803508
2.20196e-09	0.803479
2.20208e-09	0.803448
2.2022e-09	0.803414
2.20233e-09	0.803377
2.20245e-09	0.803337
2.20257e-09	0.803295
2.20269e-09	0.803249
2.20281e-09	0.8032
2.20294e-09	0.803149
2.20306e-09	0.803094
2.20318e-09	0.803037
2.2033e-09	0.802977
2.20343e-09	0.802914
2.20355e-09	0.802848
2.20367e-09	0.802779
2.20379e-09	0.802707
2.20391e-09	0.802632
2.20404e-09	0.802555
2.20416e-09	0.802474
2.20428e-09	0.802391
2.2044e-09	0.802305
2.20453e-09	0.802215
2.20465e-09	0.802123
2.20477e-09	0.802028
2.20489e-09	0.80193
2.20501e-09	0.801829
2.20514e-09	0.801725
2.20526e-09	0.801619
2.20538e-09	0.801509
2.2055e-09	0.801396
2.20563e-09	0.801281
2.20575e-09	0.801163
2.20587e-09	0.801041
2.20599e-09	0.800917
2.20611e-09	0.80079
2.20624e-09	0.80066
2.20636e-09	0.800527
2.20648e-09	0.800391
2.2066e-09	0.800252
2.20673e-09	0.800111
2.20685e-09	0.799966
2.20697e-09	0.799819
2.20709e-09	0.799668
2.20721e-09	0.799515
2.20734e-09	0.799359
2.20746e-09	0.799199
2.20758e-09	0.799037
2.2077e-09	0.798872
2.20783e-09	0.798705
2.20795e-09	0.798534
2.20807e-09	0.79836
2.20819e-09	0.798183
2.20832e-09	0.798004
2.20844e-09	0.797821
2.20856e-09	0.797636
2.20868e-09	0.797447
2.2088e-09	0.797256
2.20893e-09	0.797062
2.20905e-09	0.796865
2.20917e-09	0.796665
2.20929e-09	0.796462
2.20942e-09	0.796256
2.20954e-09	0.796047
2.20966e-09	0.795836
2.20978e-09	0.795621
2.2099e-09	0.795404
2.21003e-09	0.795183
2.21015e-09	0.79496
2.21027e-09	0.794734
2.21039e-09	0.794504
2.21052e-09	0.794272
2.21064e-09	0.794037
2.21076e-09	0.793799
2.21088e-09	0.793559
2.211e-09	0.793315
2.21113e-09	0.793068
2.21125e-09	0.792819
2.21137e-09	0.792566
2.21149e-09	0.792311
2.21162e-09	0.792052
2.21174e-09	0.791791
2.21186e-09	0.791527
2.21198e-09	0.79126
2.2121e-09	0.79099
2.21223e-09	0.790717
2.21235e-09	0.790441
2.21247e-09	0.790162
2.21259e-09	0.789881
2.21272e-09	0.789596
2.21284e-09	0.789309
2.21296e-09	0.789018
2.21308e-09	0.788725
2.2132e-09	0.788429
2.21333e-09	0.78813
2.21345e-09	0.787828
2.21357e-09	0.787523
2.21369e-09	0.787215
2.21382e-09	0.786904
2.21394e-09	0.78659
2.21406e-09	0.786274
2.21418e-09	0.785954
2.2143e-09	0.785632
2.21443e-09	0.785307
2.21455e-09	0.784979
2.21467e-09	0.784647
2.21479e-09	0.784313
2.21492e-09	0.783976
2.21504e-09	0.783637
2.21516e-09	0.783294
2.21528e-09	0.782948
2.2154e-09	0.7826
2.21553e-09	0.782248
2.21565e-09	0.781894
2.21577e-09	0.781537
2.21589e-09	0.781177
2.21602e-09	0.780814
2.21614e-09	0.780448
2.21626e-09	0.780079
2.21638e-09	0.779707
2.2165e-09	0.779332
2.21663e-09	0.778955
2.21675e-09	0.778574
2.21687e-09	0.778191
2.21699e-09	0.777805
2.21712e-09	0.777416
2.21724e-09	0.777024
2.21736e-09	0.776629
2.21748e-09	0.776231
2.2176e-09	0.77583
2.21773e-09	0.775427
2.21785e-09	0.77502
2.21797e-09	0.774611
2.21809e-09	0.774199
2.21822e-09	0.773783
2.21834e-09	0.773365
2.21846e-09	0.772945
2.21858e-09	0.772521
2.21871e-09	0.772094
2.21883e-09	0.771664
2.21895e-09	0.771232
2.21907e-09	0.770797
2.21919e-09	0.770359
2.21932e-09	0.769917
2.21944e-09	0.769473
2.21956e-09	0.769027
2.21968e-09	0.768577
2.21981e-09	0.768124
2.21993e-09	0.767669
2.22005e-09	0.76721
2.22017e-09	0.766749
2.22029e-09	0.766285
2.22042e-09	0.765818
2.22054e-09	0.765348
2.22066e-09	0.764876
2.22078e-09	0.7644
2.22091e-09	0.763922
2.22103e-09	0.76344
2.22115e-09	0.762956
2.22127e-09	0.762469
2.22139e-09	0.761979
2.22152e-09	0.761486
2.22164e-09	0.760991
2.22176e-09	0.760492
2.22188e-09	0.759991
2.22201e-09	0.759487
2.22213e-09	0.75898
2.22225e-09	0.75847
2.22237e-09	0.757957
2.22249e-09	0.757441
2.22262e-09	0.756923
2.22274e-09	0.756402
2.22286e-09	0.755877
2.22298e-09	0.75535
2.22311e-09	0.75482
2.22323e-09	0.754288
2.22335e-09	0.753752
2.22347e-09	0.753214
2.22359e-09	0.752673
2.22372e-09	0.752128
2.22384e-09	0.751582
2.22396e-09	0.751032
2.22408e-09	0.750479
2.22421e-09	0.749924
2.22433e-09	0.749366
2.22445e-09	0.748804
2.22457e-09	0.74824
2.22469e-09	0.747674
2.22482e-09	0.747104
2.22494e-09	0.746532
2.22506e-09	0.745956
2.22518e-09	0.745378
2.22531e-09	0.744798
2.22543e-09	0.744214
2.22555e-09	0.743627
2.22567e-09	0.743038
2.22579e-09	0.742446
2.22592e-09	0.741851
2.22604e-09	0.741253
2.22616e-09	0.740652
2.22628e-09	0.740049
2.22641e-09	0.739443
2.22653e-09	0.738834
2.22665e-09	0.738222
2.22677e-09	0.737607
2.22689e-09	0.73699
2.22702e-09	0.73637
2.22714e-09	0.735747
2.22726e-09	0.735121
2.22738e-09	0.734492
2.22751e-09	0.733861
2.22763e-09	0.733226
2.22775e-09	0.732589
2.22787e-09	0.73195
2.228e-09	0.731307
2.22812e-09	0.730662
2.22824e-09	0.730013
2.22836e-09	0.729363
2.22848e-09	0.728709
2.22861e-09	0.728052
2.22873e-09	0.727393
2.22885e-09	0.726731
2.22897e-09	0.726066
2.2291e-09	0.725399
2.22922e-09	0.724728
2.22934e-09	0.724055
2.22946e-09	0.723379
2.22958e-09	0.7227
2.22971e-09	0.722019
2.22983e-09	0.721335
2.22995e-09	0.720648
2.23007e-09	0.719958
2.2302e-09	0.719266
2.23032e-09	0.71857
2.23044e-09	0.717872
2.23056e-09	0.717172
2.23068e-09	0.716468
2.23081e-09	0.715762
2.23093e-09	0.715053
2.23105e-09	0.714341
2.23117e-09	0.713627
2.2313e-09	0.71291
2.23142e-09	0.71219
2.23154e-09	0.711467
2.23166e-09	0.710742
2.23178e-09	0.710013
2.23191e-09	0.709283
2.23203e-09	0.708549
2.23215e-09	0.707813
2.23227e-09	0.707074
2.2324e-09	0.706332
2.23252e-09	0.705587
2.23264e-09	0.70484
2.23276e-09	0.70409
2.23288e-09	0.703338
2.23301e-09	0.702582
2.23313e-09	0.701824
2.23325e-09	0.701063
2.23337e-09	0.7003
2.2335e-09	0.699534
2.23362e-09	0.698765
2.23374e-09	0.697993
2.23386e-09	0.697219
2.23398e-09	0.696442
2.23411e-09	0.695663
2.23423e-09	0.69488
2.23435e-09	0.694095
2.23447e-09	0.693308
2.2346e-09	0.692517
2.23472e-09	0.691724
2.23484e-09	0.690929
2.23496e-09	0.69013
2.23508e-09	0.689329
2.23521e-09	0.688525
2.23533e-09	0.687719
2.23545e-09	0.68691
2.23557e-09	0.686098
2.2357e-09	0.685284
2.23582e-09	0.684467
2.23594e-09	0.683647
2.23606e-09	0.682825
2.23618e-09	0.682
2.23631e-09	0.681172
2.23643e-09	0.680342
2.23655e-09	0.679509
2.23667e-09	0.678673
2.2368e-09	0.677835
2.23692e-09	0.676994
2.23704e-09	0.67615
2.23716e-09	0.675304
2.23728e-09	0.674456
2.23741e-09	0.673604
2.23753e-09	0.67275
2.23765e-09	0.671893
2.23777e-09	0.671034
2.2379e-09	0.670172
2.23802e-09	0.669308
2.23814e-09	0.668441
2.23826e-09	0.667571
2.23839e-09	0.666699
2.23851e-09	0.665824
2.23863e-09	0.664946
2.23875e-09	0.664066
2.23887e-09	0.663183
2.239e-09	0.662298
2.23912e-09	0.66141
2.23924e-09	0.66052
2.23936e-09	0.659627
2.23949e-09	0.658731
2.23961e-09	0.657833
2.23973e-09	0.656932
2.23985e-09	0.656029
2.23997e-09	0.655123
2.2401e-09	0.654214
2.24022e-09	0.653303
2.24034e-09	0.652389
2.24046e-09	0.651473
2.24059e-09	0.650554
2.24071e-09	0.649633
2.24083e-09	0.648709
2.24095e-09	0.647783
2.24107e-09	0.646854
2.2412e-09	0.645922
2.24132e-09	0.644988
2.24144e-09	0.644051
2.24156e-09	0.643112
2.24169e-09	0.642171
2.24181e-09	0.641226
2.24193e-09	0.64028
2.24205e-09	0.63933
2.24217e-09	0.638379
2.2423e-09	0.637424
2.24242e-09	0.636467
2.24254e-09	0.635508
2.24266e-09	0.634546
2.24279e-09	0.633582
2.24291e-09	0.632615
2.24303e-09	0.631646
2.24315e-09	0.630674
2.24327e-09	0.6297
2.2434e-09	0.628723
2.24352e-09	0.627743
2.24364e-09	0.626762
2.24376e-09	0.625777
2.24389e-09	0.62479
2.24401e-09	0.623801
2.24413e-09	0.62281
2.24425e-09	0.621815
2.24437e-09	0.620819
2.2445e-09	0.61982
2.24462e-09	0.618818
2.24474e-09	0.617814
2.24486e-09	0.616807
2.24499e-09	0.615799
2.24511e-09	0.614787
2.24523e-09	0.613773
2.24535e-09	0.612757
2.24547e-09	0.611738
2.2456e-09	0.610717
2.24572e-09	0.609694
2.24584e-09	0.608667
2.24596e-09	0.607639
2.24609e-09	0.606608
2.24621e-09	0.605575
2.24633e-09	0.604539
2.24645e-09	0.603501
2.24657e-09	0.602461
2.2467e-09	0.601418
2.24682e-09	0.600372
2.24694e-09	0.599324
2.24706e-09	0.598274
2.24719e-09	0.597222
2.24731e-09	0.596167
2.24743e-09	0.59511
2.24755e-09	0.59405
2.24768e-09	0.592988
2.2478e-09	0.591923
2.24792e-09	0.590857
2.24804e-09	0.589787
2.24816e-09	0.588716
2.24829e-09	0.587642
2.24841e-09	0.586566
2.24853e-09	0.585487
2.24865e-09	0.584406
2.24878e-09	0.583323
2.2489e-09	0.582237
2.24902e-09	0.581149
2.24914e-09	0.580058
2.24926e-09	0.578966
2.24939e-09	0.577871
2.24951e-09	0.576773
2.24963e-09	0.575674
2.24975e-09	0.574572
2.24988e-09	0.573467
2.25e-09	0.572361
2.25012e-09	0.571252
2.25024e-09	0.57014
2.25036e-09	0.569027
2.25049e-09	0.567911
2.25061e-09	0.566793
2.25073e-09	0.565672
2.25085e-09	0.56455
2.25098e-09	0.563424
2.2511e-09	0.562297
2.25122e-09	0.561167
2.25134e-09	0.560036
2.25146e-09	0.558901
2.25159e-09	0.557765
2.25171e-09	0.556626
2.25183e-09	0.555485
2.25195e-09	0.554342
2.25208e-09	0.553197
2.2522e-09	0.552049
2.25232e-09	0.550899
2.25244e-09	0.549747
2.25256e-09	0.548592
2.25269e-09	0.547436
2.25281e-09	0.546277
2.25293e-09	0.545116
2.25305e-09	0.543952
2.25318e-09	0.542787
2.2533e-09	0.541619
2.25342e-09	0.540449
2.25354e-09	0.539277
2.25366e-09	0.538102
2.25379e-09	0.536926
2.25391e-09	0.535747
2.25403e-09	0.534566
2.25415e-09	0.533383
2.25428e-09	0.532197
2.2544e-09	0.53101
2.25452e-09	0.52982
2.25464e-09	0.528628
2.25476e-09	0.527434
2.25489e-09	0.526238
2.25501e-09	0.525039
2.25513e-09	0.523839
2.25525e-09	0.522636
2.25538e-09	0.521431
2.2555e-09	0.520224
2.25562e-09	0.519015
2.25574e-09	0.517804
2.25586e-09	0.51659
2.25599e-09	0.515375
2.25611e-09	0.514157
2.25623e-09	0.512937
2.25635e-09	0.511715
2.25648e-09	0.510491
2.2566e-09	0.509265
2.25672e-09	0.508037
2.25684e-09	0.506806
2.25696e-09	0.505574
2.25709e-09	0.504339
2.25721e-09	0.503102
2.25733e-09	0.501864
2.25745e-09	0.500623
2.25758e-09	0.49938
2.2577e-09	0.498135
2.25782e-09	0.496888
2.25794e-09	0.495639
2.25807e-09	0.494388
2.25819e-09	0.493134
2.25831e-09	0.491879
2.25843e-09	0.490622
2.25855e-09	0.489362
2.25868e-09	0.488101
2.2588e-09	0.486838
2.25892e-09	0.485572
2.25904e-09	0.484304
2.25917e-09	0.483035
2.25929e-09	0.481763
2.25941e-09	0.48049
2.25953e-09	0.479214
2.25965e-09	0.477937
2.25978e-09	0.476657
2.2599e-09	0.475375
2.26002e-09	0.474092
2.26014e-09	0.472806
2.26027e-09	0.471519
2.26039e-09	0.470229
2.26051e-09	0.468937
2.26063e-09	0.467644
2.26075e-09	0.466348
2.26088e-09	0.465051
2.261e-09	0.463752
2.26112e-09	0.46245
2.26124e-09	0.461147
2.26137e-09	0.459842
2.26149e-09	0.458534
2.26161e-09	0.457225
2.26173e-09	0.455914
2.26185e-09	0.454601
2.26198e-09	0.453286
2.2621e-09	0.45197
2.26222e-09	0.450651
2.26234e-09	0.44933
2.26247e-09	0.448007
2.26259e-09	0.446683
2.26271e-09	0.445357
2.26283e-09	0.444028
2.26295e-09	0.442698
2.26308e-09	0.441366
2.2632e-09	0.440032
2.26332e-09	0.438696
2.26344e-09	0.437359
2.26357e-09	0.436019
2.26369e-09	0.434678
2.26381e-09	0.433334
2.26393e-09	0.431989
2.26405e-09	0.430642
2.26418e-09	0.429293
2.2643e-09	0.427943
2.26442e-09	0.42659
2.26454e-09	0.425236
2.26467e-09	0.42388
2.26479e-09	0.422522
2.26491e-09	0.421162
2.26503e-09	0.4198
2.26515e-09	0.418437
2.26528e-09	0.417072
2.2654e-09	0.415705
2.26552e-09	0.414336
2.26564e-09	0.412965
2.26577e-09	0.411593
2.26589e-09	0.410219
2.26601e-09	0.408843
2.26613e-09	0.407465
2.26625e-09	0.406086
2.26638e-09	0.404704
2.2665e-09	0.403321
2.26662e-09	0.401937
2.26674e-09	0.40055
2.26687e-09	0.399162
2.26699e-09	0.397772
2.26711e-09	0.39638
2.26723e-09	0.394987
2.26736e-09	0.393592
2.26748e-09	0.392195
2.2676e-09	0.390796
2.26772e-09	0.389396
2.26784e-09	0.387994
2.26797e-09	0.38659
2.26809e-09	0.385185
2.26821e-09	0.383778
2.26833e-09	0.382369
2.26846e-09	0.380958
2.26858e-09	0.379546
2.2687e-09	0.378132
2.26882e-09	0.376717
2.26894e-09	0.3753
2.26907e-09	0.373881
2.26919e-09	0.372461
2.26931e-09	0.371038
2.26943e-09	0.369615
2.26956e-09	0.368189
2.26968e-09	0.366762
2.2698e-09	0.365334
2.26992e-09	0.363903
2.27004e-09	0.362472
2.27017e-09	0.361038
2.27029e-09	0.359603
2.27041e-09	0.358166
2.27053e-09	0.356728
2.27066e-09	0.355288
2.27078e-09	0.353847
2.2709e-09	0.352404
2.27102e-09	0.350959
2.27114e-09	0.349513
2.27127e-09	0.348065
2.27139e-09	0.346616
2.27151e-09	0.345165
2.27163e-09	0.343712
2.27176e-09	0.342258
2.27188e-09	0.340803
2.272e-09	0.339346
2.27212e-09	0.337887
2.27224e-09	0.336427
2.27237e-09	0.334965
2.27249e-09	0.333502
2.27261e-09	0.332037
2.27273e-09	0.330571
2.27286e-09	0.329103
2.27298e-09	0.327634
2.2731e-09	0.326164
2.27322e-09	0.324691
2.27334e-09	0.323218
2.27347e-09	0.321742
2.27359e-09	0.320266
2.27371e-09	0.318788
2.27383e-09	0.317308
2.27396e-09	0.315827
2.27408e-09	0.314345
2.2742e-09	0.312861
2.27432e-09	0.311375
2.27444e-09	0.309889
2.27457e-09	0.3084
2.27469e-09	0.306911
2.27481e-09	0.30542
2.27493e-09	0.303927
2.27506e-09	0.302433
2.27518e-09	0.300938
2.2753e-09	0.299441
2.27542e-09	0.297943
2.27554e-09	0.296444
2.27567e-09	0.294943
2.27579e-09	0.293441
2.27591e-09	0.291937
2.27603e-09	0.290432
2.27616e-09	0.288926
2.27628e-09	0.287418
2.2764e-09	0.285909
2.27652e-09	0.284398
2.27664e-09	0.282887
2.27677e-09	0.281374
2.27689e-09	0.279859
2.27701e-09	0.278343
2.27713e-09	0.276826
2.27726e-09	0.275308
2.27738e-09	0.273788
2.2775e-09	0.272267
2.27762e-09	0.270745
2.27775e-09	0.269221
2.27787e-09	0.267696
2.27799e-09	0.26617
2.27811e-09	0.264643
2.27823e-09	0.263114
2.27836e-09	0.261584
2.27848e-09	0.260053
2.2786e-09	0.25852
2.27872e-09	0.256986
2.27885e-09	0.255452
2.27897e-09	0.253915
2.27909e-09	0.252378
2.27921e-09	0.250839
2.27933e-09	0.249299
2.27946e-09	0.247758
2.27958e-09	0.246215
2.2797e-09	0.244672
2.27982e-09	0.243127
2.27995e-09	0.241581
2.28007e-09	0.240034
2.28019e-09	0.238485
2.28031e-09	0.236936
2.28043e-09	0.235385
2.28056e-09	0.233833
2.28068e-09	0.23228
2.2808e-09	0.230726
2.28092e-09	0.229171
2.28105e-09	0.227614
2.28117e-09	0.226056
2.28129e-09	0.224497
2.28141e-09	0.222937
2.28153e-09	0.221376
2.28166e-09	0.219814
2.28178e-09	0.218251
2.2819e-09	0.216686
2.28202e-09	0.215121
2.28215e-09	0.213554
2.28227e-09	0.211986
2.28239e-09	0.210418
2.28251e-09	0.208848
2.28263e-09	0.207277
2.28276e-09	0.205705
2.28288e-09	0.204132
2.283e-09	0.202557
2.28312e-09	0.200982
2.28325e-09	0.199406
2.28337e-09	0.197828
2.28349e-09	0.19625
2.28361e-09	0.194671
2.28373e-09	0.19309
2.28386e-09	0.191509
2.28398e-09	0.189926
2.2841e-09	0.188343
2.28422e-09	0.186758
2.28435e-09	0.185173
2.28447e-09	0.183586
2.28459e-09	0.181999
2.28471e-09	0.18041
2.28483e-09	0.178821
2.28496e-09	0.17723
2.28508e-09	0.175639
2.2852e-09	0.174047
2.28532e-09	0.172453
2.28545e-09	0.170859
2.28557e-09	0.169264
2.28569e-09	0.167668
2.28581e-09	0.166071
2.28593e-09	0.164473
2.28606e-09	0.162874
2.28618e-09	0.161274
2.2863e-09	0.159673
2.28642e-09	0.158072
2.28655e-09	0.156469
2.28667e-09	0.154866
2.28679e-09	0.153261
2.28691e-09	0.151656
2.28704e-09	0.15005
2.28716e-09	0.148443
2.28728e-09	0.146835
2.2874e-09	0.145227
2.28752e-09	0.143617
2.28765e-09	0.142007
2.28777e-09	0.140396
2.28789e-09	0.138784
2.28801e-09	0.137171
2.28814e-09	0.135557
2.28826e-09	0.133943
2.28838e-09	0.132327
2.2885e-09	0.130711
2.28862e-09	0.129094
2.28875e-09	0.127477
2.28887e-09	0.125858
2.28899e-09	0.124239
2.28911e-09	0.122619
2.28924e-09	0.120998
2.28936e-09	0.119376
2.28948e-09	0.117754
2.2896e-09	0.116131
2.28972e-09	0.114507
2.28985e-09	0.112882
2.28997e-09	0.111257
2.29009e-09	0.109631
2.29021e-09	0.108004
2.29034e-09	0.106377
2.29046e-09	0.104748
2.29058e-09	0.103119
2.2907e-09	0.10149
2.29082e-09	0.0998594
2.29095e-09	0.0982283
2.29107e-09	0.0965966
2.29119e-09	0.0949642
2.29131e-09	0.0933312
2.29144e-09	0.0916974
2.29156e-09	0.090063
2.29168e-09	0.088428
2.2918e-09	0.0867923
2.29192e-09	0.0851559
2.29205e-09	0.0835189
2.29217e-09	0.0818813
2.29229e-09	0.0802431
2.29241e-09	0.0786042
2.29254e-09	0.0769647
2.29266e-09	0.0753247
2.29278e-09	0.073684
2.2929e-09	0.0720427
2.29302e-09	0.0704008
2.29315e-09	0.0687584
2.29327e-09	0.0671153
2.29339e-09	0.0654717
2.29351e-09	0.0638275
2.29364e-09	0.0621828
2.29376e-09	0.0605375
2.29388e-09	0.0588917
2.294e-09	0.0572453
2.29412e-09	0.0555984
2.29425e-09	0.0539509
2.29437e-09	0.052303
2.29449e-09	0.0506545
2.29461e-09	0.0490055
2.29474e-09	0.0473559
2.29486e-09	0.0457059
2.29498e-09	0.0440554
2.2951e-09	0.0424044
2.29522e-09	0.0407529
2.29535e-09	0.039101
2.29547e-09	0.0374485
2.29559e-09	0.0357956
2.29571e-09	0.0341423
2.29584e-09	0.0324885
2.29596e-09	0.0308342
2.29608e-09	0.0291795
2.2962e-09	0.0275243
2.29632e-09	0.0258688
2.29645e-09	0.0242128
2.29657e-09	0.0225564
2.29669e-09	0.0208996
2.29681e-09	0.0192423
2.29694e-09	0.0175847
2.29706e-09	0.0159267
2.29718e-09	0.0142683
2.2973e-09	0.0126095
2.29743e-09	0.0109503
2.29755e-09	0.00929078
2.29767e-09	0.00763088
2.29779e-09	0.00597062
2.29791e-09	0.00431001
2.29804e-09	0.00264906
2.29816e-09	0.000987762
2.29828e-09	-0.000673866
2.2984e-09	-0.00233582
2.29853e-09	-0.0039981
2.29865e-09	-0.00566069
2.29877e-09	-0.00732359
2.29889e-09	-0.0089868
2.29901e-09	-0.0106503
2.29914e-09	-0.0123141
2.29926e-09	-0.0139782
2.29938e-09	-0.0156425
2.2995e-09	-0.0173072
2.29963e-09	-0.0189721
2.29975e-09	-0.0206372
2.29987e-09	-0.0223026
2.29999e-09	-0.0239683
2.30011e-09	-0.0256342
2.30024e-09	-0.0273004
2.30036e-09	-0.0289667
2.30048e-09	-0.0306333
2.3006e-09	-0.0323001
2.30073e-09	-0.0339672
2.30085e-09	-0.0356344
2.30097e-09	-0.0373019
2.30109e-09	-0.0389695
2.30121e-09	-0.0406373
2.30134e-09	-0.0423053
2.30146e-09	-0.0439735
2.30158e-09	-0.0456418
2.3017e-09	-0.0473103
2.30183e-09	-0.048979
2.30195e-09	-0.0506478
2.30207e-09	-0.0523168
2.30219e-09	-0.0539859
2.30231e-09	-0.0556552
2.30244e-09	-0.0573245
2.30256e-09	-0.058994
2.30268e-09	-0.0606636
2.3028e-09	-0.0623333
2.30293e-09	-0.0640031
2.30305e-09	-0.0656731
2.30317e-09	-0.0673431
2.30329e-09	-0.0690131
2.30341e-09	-0.0706833
2.30354e-09	-0.0723535
2.30366e-09	-0.0740239
2.30378e-09	-0.0756942
2.3039e-09	-0.0773646
2.30403e-09	-0.0790351
2.30415e-09	-0.0807056
2.30427e-09	-0.0823762
2.30439e-09	-0.0840467
2.30451e-09	-0.0857173
2.30464e-09	-0.0873879
2.30476e-09	-0.0890586
2.30488e-09	-0.0907292
2.305e-09	-0.0923998
2.30513e-09	-0.0940704
2.30525e-09	-0.0957411
2.30537e-09	-0.0974116
2.30549e-09	-0.0990822
2.30561e-09	-0.100753
2.30574e-09	-0.102423
2.30586e-09	-0.104094
2.30598e-09	-0.105764
2.3061e-09	-0.107434
2.30623e-09	-0.109105
2.30635e-09	-0.110775
2.30647e-09	-0.112445
2.30659e-09	-0.114115
2.30672e-09	-0.115785
2.30684e-09	-0.117455
2.30696e-09	-0.119125
2.30708e-09	-0.120794
2.3072e-09	-0.122464
2.30733e-09	-0.124133
2.30745e-09	-0.125803
2.30757e-09	-0.127472
2.30769e-09	-0.129141
2.30782e-09	-0.13081
2.30794e-09	-0.132479
2.30806e-09	-0.134147
2.30818e-09	-0.135816
2.3083e-09	-0.137484
2.30843e-09	-0.139152
2.30855e-09	-0.14082
2.30867e-09	-0.142488
2.30879e-09	-0.144155
2.30892e-09	-0.145823
2.30904e-09	-0.14749
2.30916e-09	-0.149157
2.30928e-09	-0.150823
2.3094e-09	-0.15249
2.30953e-09	-0.154156
2.30965e-09	-0.155822
2.30977e-09	-0.157488
2.30989e-09	-0.159154
2.31002e-09	-0.160819
2.31014e-09	-0.162484
2.31026e-09	-0.164149
2.31038e-09	-0.165813
2.3105e-09	-0.167477
2.31063e-09	-0.169141
2.31075e-09	-0.170805
2.31087e-09	-0.172468
2.31099e-09	-0.174131
2.31112e-09	-0.175794
2.31124e-09	-0.177457
2.31136e-09	-0.179119
2.31148e-09	-0.18078
2.3116e-09	-0.182442
2.31173e-09	-0.184103
2.31185e-09	-0.185764
2.31197e-09	-0.187424
2.31209e-09	-0.189084
2.31222e-09	-0.190744
2.31234e-09	-0.192403
2.31246e-09	-0.194062
2.31258e-09	-0.195721
2.3127e-09	-0.197379
2.31283e-09	-0.199037
2.31295e-09	-0.200694
2.31307e-09	-0.202351
2.31319e-09	-0.204008
2.31332e-09	-0.205664
2.31344e-09	-0.207319
2.31356e-09	-0.208975
2.31368e-09	-0.21063
2.3138e-09	-0.212284
2.31393e-09	-0.213938
2.31405e-09	-0.215591
2.31417e-09	-0.217244
2.31429e-09	-0.218897
2.31442e-09	-0.220549
2.31454e-09	-0.222201
2.31466e-09	-0.223852
2.31478e-09	-0.225502
2.3149e-09	-0.227152
2.31503e-09	-0.228802
2.31515e-09	-0.230451
2.31527e-09	-0.2321
2.31539e-09	-0.233748
2.31552e-09	-0.235395
2.31564e-09	-0.237042
2.31576e-09	-0.238689
2.31588e-09	-0.240335
2.316e-09	-0.24198
2.31613e-09	-0.243625
2.31625e-09	-0.245269
2.31637e-09	-0.246913
2.31649e-09	-0.248556
2.31662e-09	-0.250198
2.31674e-09	-0.25184
2.31686e-09	-0.253482
2.31698e-09	-0.255122
2.31711e-09	-0.256762
2.31723e-09	-0.258402
2.31735e-09	-0.260041
2.31747e-09	-0.261679
2.31759e-09	-0.263316
2.31772e-09	-0.264953
2.31784e-09	-0.26659
2.31796e-09	-0.268225
2.31808e-09	-0.26986
2.31821e-09	-0.271495
2.31833e-09	-0.273128
2.31845e-09	-0.274761
2.31857e-09	-0.276394
2.31869e-09	-0.278025
2.31882e-09	-0.279656
2.31894e-09	-0.281286
2.31906e-09	-0.282916
2.31918e-09	-0.284545
2.31931e-09	-0.286173
2.31943e-09	-0.2878
2.31955e-09	-0.289427
2.31967e-09	-0.291052
2.31979e-09	-0.292678
2.31992e-09	-0.294302
2.32004e-09	-0.295925
2.32016e-09	-0.297548
2.32028e-09	-0.29917
2.32041e-09	-0.300792
2.32053e-09	-0.302412
2.32065e-09	-0.304032
2.32077e-09	-0.305651
2.32089e-09	-0.307269
2.32102e-09	-0.308886
2.32114e-09	-0.310503
2.32126e-09	-0.312119
2.32138e-09	-0.313734
2.32151e-09	-0.315348
2.32163e-09	-0.316961
2.32175e-09	-0.318573
2.32187e-09	-0.320185
2.32199e-09	-0.321795
2.32212e-09	-0.323405
2.32224e-09	-0.325014
2.32236e-09	-0.326622
2.32248e-09	-0.32823
2.32261e-09	-0.329836
2.32273e-09	-0.331441
2.32285e-09	-0.333046
2.32297e-09	-0.334649
2.32309e-09	-0.336252
2.32322e-09	-0.337854
2.32334e-09	-0.339455
2.32346e-09	-0.341055
2.32358e-09	-0.342654
2.32371e-09	-0.344252
2.32383e-09	-0.345849
2.32395e-09	-0.347445
2.32407e-09	-0.349041
2.32419e-09	-0.350635
2.32432e-09	-0.352228
2.32444e-09	-0.35382
2.32456e-09	-0.355412
2.32468e-09	-0.357002
2.32481e-09	-0.358592
2.32493e-09	-0.36018
2.32505e-09	-0.361767
2.32517e-09	-0.363354
2.32529e-09	-0.364939
2.32542e-09	-0.366523
2.32554e-09	-0.368107
2.32566e-09	-0.369689
2.32578e-09	-0.37127
2.32591e-09	-0.37285
2.32603e-09	-0.374429
2.32615e-09	-0.376007
2.32627e-09	-0.377584
2.3264e-09	-0.37916
2.32652e-09	-0.380735
2.32664e-09	-0.382309
2.32676e-09	-0.383882
2.32688e-09	-0.385453
2.32701e-09	-0.387024
2.32713e-09	-0.388593
2.32725e-09	-0.390161
2.32737e-09	-0.391729
2.3275e-09	-0.393295
2.32762e-09	-0.394859
2.32774e-09	-0.396423
2.32786e-09	-0.397986
2.32798e-09	-0.399547
2.32811e-09	-0.401108
2.32823e-09	-0.402667
2.32835e-09	-0.404225
2.32847e-09	-0.405782
2.3286e-09	-0.407337
2.32872e-09	-0.408892
2.32884e-09	-0.410445
2.32896e-09	-0.411997
2.32908e-09	-0.413548
2.32921e-09	-0.415098
2.32933e-09	-0.416646
2.32945e-09	-0.418193
2.32957e-09	-0.419739
2.3297e-09	-0.421284
2.32982e-09	-0.422828
2.32994e-09	-0.42437
2.33006e-09	-0.425911
2.33018e-09	-0.427451
2.33031e-09	-0.428989
2.33043e-09	-0.430526
2.33055e-09	-0.432062
2.33067e-09	-0.433597
2.3308e-09	-0.435131
2.33092e-09	-0.436663
2.33104e-09	-0.438194
2.33116e-09	-0.439723
2.33128e-09	-0.441251
2.33141e-09	-0.442778
2.33153e-09	-0.444304
2.33165e-09	-0.445828
2.33177e-09	-0.447351
2.3319e-09	-0.448873
2.33202e-09	-0.450393
2.33214e-09	-0.451912
2.33226e-09	-0.45343
2.33238e-09	-0.454946
2.33251e-09	-0.456461
2.33263e-09	-0.457974
2.33275e-09	-0.459486
2.33287e-09	-0.460997
2.333e-09	-0.462506
2.33312e-09	-0.464014
2.33324e-09	-0.465521
2.33336e-09	-0.467026
2.33348e-09	-0.46853
2.33361e-09	-0.470032
2.33373e-09	-0.471533
2.33385e-09	-0.473032
2.33397e-09	-0.47453
2.3341e-09	-0.476027
2.33422e-09	-0.477522
2.33434e-09	-0.479016
2.33446e-09	-0.480508
2.33458e-09	-0.481999
2.33471e-09	-0.483488
2.33483e-09	-0.484976
2.33495e-09	-0.486462
2.33507e-09	-0.487947
2.3352e-09	-0.48943
2.33532e-09	-0.490912
2.33544e-09	-0.492393
2.33556e-09	-0.493871
2.33568e-09	-0.495349
2.33581e-09	-0.496825
2.33593e-09	-0.498299
2.33605e-09	-0.499772
2.33617e-09	-0.501243
2.3363e-09	-0.502713
2.33642e-09	-0.504181
2.33654e-09	-0.505647
2.33666e-09	-0.507112
2.33679e-09	-0.508576
2.33691e-09	-0.510038
2.33703e-09	-0.511498
2.33715e-09	-0.512957
2.33727e-09	-0.514414
2.3374e-09	-0.515869
2.33752e-09	-0.517323
2.33764e-09	-0.518776
2.33776e-09	-0.520226
2.33789e-09	-0.521676
2.33801e-09	-0.523123
2.33813e-09	-0.524569
2.33825e-09	-0.526013
2.33837e-09	-0.527456
2.3385e-09	-0.528897
2.33862e-09	-0.530336
2.33874e-09	-0.531774
2.33886e-09	-0.53321
2.33899e-09	-0.534644
2.33911e-09	-0.536077
2.33923e-09	-0.537508
2.33935e-09	-0.538937
2.33947e-09	-0.540365
2.3396e-09	-0.541791
2.33972e-09	-0.543215
2.33984e-09	-0.544637
2.33996e-09	-0.546058
2.34009e-09	-0.547477
2.34021e-09	-0.548895
2.34033e-09	-0.55031
2.34045e-09	-0.551724
2.34057e-09	-0.553136
2.3407e-09	-0.554547
2.34082e-09	-0.555955
2.34094e-09	-0.557362
2.34106e-09	-0.558767
2.34119e-09	-0.560171
2.34131e-09	-0.561572
2.34143e-09	-0.562972
2.34155e-09	-0.56437
2.34167e-09	-0.565767
2.3418e-09	-0.567161
2.34192e-09	-0.568554
2.34204e-09	-0.569945
2.34216e-09	-0.571334
2.34229e-09	-0.572721
2.34241e-09	-0.574107
2.34253e-09	-0.57549
2.34265e-09	-0.576872
2.34277e-09	-0.578252
2.3429e-09	-0.57963
2.34302e-09	-0.581006
2.34314e-09	-0.582381
2.34326e-09	-0.583753
2.34339e-09	-0.585124
2.34351e-09	-0.586493
2.34363e-09	-0.58786
2.34375e-09	-0.589225
2.34387e-09	-0.590588
2.344e-09	-0.591949
2.34412e-09	-0.593309
2.34424e-09	-0.594666
2.34436e-09	-0.596022
2.34449e-09	-0.597376
2.34461e-09	-0.598728
2.34473e-09	-0.600077
2.34485e-09	-0.601425
2.34497e-09	-0.602771
2.3451e-09	-0.604115
2.34522e-09	-0.605458
2.34534e-09	-0.606798
2.34546e-09	-0.608136
2.34559e-09	-0.609472
2.34571e-09	-0.610807
2.34583e-09	-0.612139
2.34595e-09	-0.613469
2.34607e-09	-0.614798
2.3462e-09	-0.616124
2.34632e-09	-0.617449
2.34644e-09	-0.618771
2.34656e-09	-0.620092
2.34669e-09	-0.62141
2.34681e-09	-0.622726
2.34693e-09	-0.624041
2.34705e-09	-0.625353
2.34718e-09	-0.626664
2.3473e-09	-0.627972
2.34742e-09	-0.629278
2.34754e-09	-0.630583
2.34766e-09	-0.631885
2.34779e-09	-0.633185
2.34791e-09	-0.634483
2.34803e-09	-0.635779
2.34815e-09	-0.637073
2.34828e-09	-0.638365
2.3484e-09	-0.639655
2.34852e-09	-0.640943
2.34864e-09	-0.642228
2.34876e-09	-0.643512
2.34889e-09	-0.644793
2.34901e-09	-0.646073
2.34913e-09	-0.64735
2.34925e-09	-0.648625
2.34938e-09	-0.649898
2.3495e-09	-0.651169
2.34962e-09	-0.652438
2.34974e-09	-0.653705
2.34986e-09	-0.654969
2.34999e-09	-0.656232
2.35011e-09	-0.657492
2.35023e-09	-0.65875
2.35035e-09	-0.660006
2.35048e-09	-0.66126
2.3506e-09	-0.662511
2.35072e-09	-0.663761
2.35084e-09	-0.665008
2.35096e-09	-0.666253
2.35109e-09	-0.667496
2.35121e-09	-0.668737
2.35133e-09	-0.669975
2.35145e-09	-0.671212
2.35158e-09	-0.672446
2.3517e-09	-0.673678
2.35182e-09	-0.674908
2.35194e-09	-0.676135
2.35206e-09	-0.67736
2.35219e-09	-0.678583
2.35231e-09	-0.679804
2.35243e-09	-0.681023
2.35255e-09	-0.682239
2.35268e-09	-0.683453
2.3528e-09	-0.684665
2.35292e-09	-0.685874
2.35304e-09	-0.687082
2.35316e-09	-0.688287
2.35329e-09	-0.689489
2.35341e-09	-0.69069
2.35353e-09	-0.691888
2.35365e-09	-0.693084
2.35378e-09	-0.694278
2.3539e-09	-0.695469
2.35402e-09	-0.696658
2.35414e-09	-0.697845
2.35426e-09	-0.699029
2.35439e-09	-0.700211
2.35451e-09	-0.701391
2.35463e-09	-0.702568
2.35475e-09	-0.703743
2.35488e-09	-0.704916
2.355e-09	-0.706087
2.35512e-09	-0.707255
2.35524e-09	-0.70842
2.35536e-09	-0.709584
2.35549e-09	-0.710745
2.35561e-09	-0.711904
2.35573e-09	-0.71306
2.35585e-09	-0.714214
2.35598e-09	-0.715365
2.3561e-09	-0.716514
2.35622e-09	-0.717661
2.35634e-09	-0.718806
2.35647e-09	-0.719948
2.35659e-09	-0.721087
2.35671e-09	-0.722224
2.35683e-09	-0.723359
2.35695e-09	-0.724492
2.35708e-09	-0.725622
2.3572e-09	-0.726749
2.35732e-09	-0.727874
2.35744e-09	-0.728997
2.35757e-09	-0.730117
2.35769e-09	-0.731235
2.35781e-09	-0.73235
2.35793e-09	-0.733463
2.35805e-09	-0.734574
2.35818e-09	-0.735682
2.3583e-09	-0.736787
2.35842e-09	-0.73789
2.35854e-09	-0.738991
2.35867e-09	-0.740089
2.35879e-09	-0.741185
2.35891e-09	-0.742278
2.35903e-09	-0.743369
2.35915e-09	-0.744457
2.35928e-09	-0.745542
2.3594e-09	-0.746626
2.35952e-09	-0.747706
2.35964e-09	-0.748784
2.35977e-09	-0.74986
2.35989e-09	-0.750933
2.36001e-09	-0.752004
2.36013e-09	-0.753072
2.36025e-09	-0.754138
2.36038e-09	-0.755201
2.3605e-09	-0.756261
2.36062e-09	-0.757319
2.36074e-09	-0.758374
2.36087e-09	-0.759427
2.36099e-09	-0.760477
2.36111e-09	-0.761525
2.36123e-09	-0.76257
2.36135e-09	-0.763613
2.36148e-09	-0.764653
2.3616e-09	-0.76569
2.36172e-09	-0.766725
2.36184e-09	-0.767757
2.36197e-09	-0.768787
2.36209e-09	-0.769814
2.36221e-09	-0.770839
2.36233e-09	-0.77186
2.36245e-09	-0.77288
2.36258e-09	-0.773896
2.3627e-09	-0.77491
2.36282e-09	-0.775922
2.36294e-09	-0.776931
2.36307e-09	-0.777937
2.36319e-09	-0.77894
2.36331e-09	-0.779941
2.36343e-09	-0.780939
2.36355e-09	-0.781935
2.36368e-09	-0.782928
2.3638e-09	-0.783918
2.36392e-09	-0.784906
2.36404e-09	-0.785891
2.36417e-09	-0.786873
2.36429e-09	-0.787853
2.36441e-09	-0.78883
2.36453e-09	-0.789804
2.36465e-09	-0.790776
2.36478e-09	-0.791745
2.3649e-09	-0.792711
2.36502e-09	-0.793674
2.36514e-09	-0.794635
2.36527e-09	-0.795593
2.36539e-09	-0.796549
2.36551e-09	-0.797501
2.36563e-09	-0.798451
2.36575e-09	-0.799399
2.36588e-09	-0.800343
2.366e-09	-0.801285
2.36612e-09	-0.802224
2.36624e-09	-0.803161
2.36637e-09	-0.804094
2.36649e-09	-0.805025
2.36661e-09	-0.805954
2.36673e-09	-0.806879
2.36686e-09	-0.807802
2.36698e-09	-0.808722
2.3671e-09	-0.809639
2.36722e-09	-0.810553
2.36734e-09	-0.811465
2.36747e-09	-0.812374
2.36759e-09	-0.81328
2.36771e-09	-0.814183
2.36783e-09	-0.815084
2.36796e-09	-0.815981
2.36808e-09	-0.816876
2.3682e-09	-0.817768
2.36832e-09	-0.818658
2.36844e-09	-0.819544
2.36857e-09	-0.820428
2.36869e-09	-0.821309
2.36881e-09	-0.822187
2.36893e-09	-0.823063
2.36906e-09	-0.823935
2.36918e-09	-0.824805
2.3693e-09	-0.825672
2.36942e-09	-0.826536
2.36954e-09	-0.827397
2.36967e-09	-0.828255
2.36979e-09	-0.829111
2.36991e-09	-0.829963
2.37003e-09	-0.830813
2.37016e-09	-0.83166
2.37028e-09	-0.832504
2.3704e-09	-0.833346
2.37052e-09	-0.834184
2.37064e-09	-0.83502
2.37077e-09	-0.835852
2.37089e-09	-0.836682
2.37101e-09	-0.837509
2.37113e-09	-0.838333
2.37126e-09	-0.839154
2.37138e-09	-0.839973
2.3715e-09	-0.840788
2.37162e-09	-0.841601
2.37174e-09	-0.84241
2.37187e-09	-0.843217
2.37199e-09	-0.844021
2.37211e-09	-0.844822
2.37223e-09	-0.84562
2.37236e-09	-0.846415
2.37248e-09	-0.847207
2.3726e-09	-0.847996
2.37272e-09	-0.848782
2.37284e-09	-0.849566
2.37297e-09	-0.850346
2.37309e-09	-0.851124
2.37321e-09	-0.851898
2.37333e-09	-0.85267
2.37346e-09	-0.853439
2.37358e-09	-0.854205
2.3737e-09	-0.854967
2.37382e-09	-0.855727
2.37394e-09	-0.856484
2.37407e-09	-0.857238
2.37419e-09	-0.857989
2.37431e-09	-0.858737
2.37443e-09	-0.859482
2.37456e-09	-0.860224
2.37468e-09	-0.860964
2.3748e-09	-0.8617
2.37492e-09	-0.862433
2.37504e-09	-0.863163
2.37517e-09	-0.86389
2.37529e-09	-0.864614
2.37541e-09	-0.865336
2.37553e-09	-0.866054
2.37566e-09	-0.866769
2.37578e-09	-0.867481
2.3759e-09	-0.868191
2.37602e-09	-0.868897
2.37615e-09	-0.8696
2.37627e-09	-0.8703
2.37639e-09	-0.870997
2.37651e-09	-0.871691
2.37663e-09	-0.872383
2.37676e-09	-0.873071
2.37688e-09	-0.873756
2.377e-09	-0.874438
2.37712e-09	-0.875117
2.37725e-09	-0.875793
2.37737e-09	-0.876466
2.37749e-09	-0.877135
2.37761e-09	-0.877802
2.37773e-09	-0.878466
2.37786e-09	-0.879127
2.37798e-09	-0.879784
2.3781e-09	-0.880439
2.37822e-09	-0.881091
2.37835e-09	-0.881739
2.37847e-09	-0.882384
2.37859e-09	-0.883027
2.37871e-09	-0.883666
2.37883e-09	-0.884302
2.37896e-09	-0.884935
2.37908e-09	-0.885565
2.3792e-09	-0.886192
2.37932e-09	-0.886816
2.37945e-09	-0.887437
2.37957e-09	-0.888055
2.37969e-09	-0.888669
2.37981e-09	-0.889281
2.37993e-09	-0.889889
2.38006e-09	-0.890495
2.38018e-09	-0.891097
2.3803e-09	-0.891696
2.38042e-09	-0.892292
2.38055e-09	-0.892885
2.38067e-09	-0.893474
2.38079e-09	-0.894061
2.38091e-09	-0.894644
2.38103e-09	-0.895225
2.38116e-09	-0.895802
2.38128e-09	-0.896376
2.3814e-09	-0.896947
2.38152e-09	-0.897515
2.38165e-09	-0.89808
2.38177e-09	-0.898641
2.38189e-09	-0.8992
2.38201e-09	-0.899755
2.38213e-09	-0.900307
2.38226e-09	-0.900856
2.38238e-09	-0.901402
2.3825e-09	-0.901945
2.38262e-09	-0.902484
2.38275e-09	-0.903021
2.38287e-09	-0.903554
2.38299e-09	-0.904084
2.38311e-09	-0.904611
2.38323e-09	-0.905135
2.38336e-09	-0.905655
2.38348e-09	-0.906173
2.3836e-09	-0.906687
2.38372e-09	-0.907198
2.38385e-09	-0.907706
2.38397e-09	-0.90821
2.38409e-09	-0.908712
2.38421e-09	-0.90921
2.38433e-09	-0.909705
2.38446e-09	-0.910197
2.38458e-09	-0.910686
2.3847e-09	-0.911172
2.38482e-09	-0.911654
2.38495e-09	-0.912133
2.38507e-09	-0.912609
2.38519e-09	-0.913082
2.38531e-09	-0.913551
2.38543e-09	-0.914017
2.38556e-09	-0.914481
2.38568e-09	-0.91494
2.3858e-09	-0.915397
2.38592e-09	-0.915851
2.38605e-09	-0.916301
2.38617e-09	-0.916748
2.38629e-09	-0.917192
2.38641e-09	-0.917632
2.38654e-09	-0.918069
2.38666e-09	-0.918504
2.38678e-09	-0.918934
2.3869e-09	-0.919362
2.38702e-09	-0.919787
2.38715e-09	-0.920208
2.38727e-09	-0.920626
2.38739e-09	-0.92104
2.38751e-09	-0.921452
2.38764e-09	-0.92186
2.38776e-09	-0.922265
2.38788e-09	-0.922667
2.388e-09	-0.923065
2.38812e-09	-0.92346
2.38825e-09	-0.923852
2.38837e-09	-0.924241
2.38849e-09	-0.924626
2.38861e-09	-0.925008
2.38874e-09	-0.925387
2.38886e-09	-0.925763
2.38898e-09	-0.926135
2.3891e-09	-0.926504
2.38922e-09	-0.92687
2.38935e-09	-0.927233
2.38947e-09	-0.927592
2.38959e-09	-0.927948
2.38971e-09	-0.928301
2.38984e-09	-0.92865
2.38996e-09	-0.928996
2.39008e-09	-0.929339
2.3902e-09	-0.929679
2.39032e-09	-0.930015
2.39045e-09	-0.930348
2.39057e-09	-0.930678
2.39069e-09	-0.931004
2.39081e-09	-0.931327
2.39094e-09	-0.931647
2.39106e-09	-0.931964
2.39118e-09	-0.932277
2.3913e-09	-0.932587
2.39142e-09	-0.932894
2.39155e-09	-0.933197
2.39167e-09	-0.933497
2.39179e-09	-0.933794
2.39191e-09	-0.934087
2.39204e-09	-0.934377
2.39216e-09	-0.934664
2.39228e-09	-0.934948
2.3924e-09	-0.935228
2.39252e-09	-0.935505
2.39265e-09	-0.935778
2.39277e-09	-0.936049
2.39289e-09	-0.936315
2.39301e-09	-0.936579
2.39314e-09	-0.936839
2.39326e-09	-0.937096
2.39338e-09	-0.93735
2.3935e-09	-0.9376
2.39362e-09	-0.937847
2.39375e-09	-0.938091
2.39387e-09	-0.938331
2.39399e-09	-0.938568
2.39411e-09	-0.938802
2.39424e-09	-0.939032
2.39436e-09	-0.939259
2.39448e-09	-0.939483
2.3946e-09	-0.939703
2.39472e-09	-0.93992
2.39485e-09	-0.940134
2.39497e-09	-0.940344
2.39509e-09	-0.940551
2.39521e-09	-0.940755
2.39534e-09	-0.940955
2.39546e-09	-0.941152
2.39558e-09	-0.941345
2.3957e-09	-0.941536
2.39583e-09	-0.941723
2.39595e-09	-0.941906
2.39607e-09	-0.942086
2.39619e-09	-0.942263
2.39631e-09	-0.942436
2.39644e-09	-0.942607
2.39656e-09	-0.942773
2.39668e-09	-0.942937
2.3968e-09	-0.943097
2.39693e-09	-0.943253
2.39705e-09	-0.943407
2.39717e-09	-0.943557
2.39729e-09	-0.943703
2.39741e-09	-0.943847
2.39754e-09	-0.943986
2.39766e-09	-0.944123
2.39778e-09	-0.944256
2.3979e-09	-0.944386
2.39803e-09	-0.944512
2.39815e-09	-0.944635
2.39827e-09	-0.944755
2.39839e-09	-0.944871
2.39851e-09	-0.944984
2.39864e-09	-0.945094
2.39876e-09	-0.9452
2.39888e-09	-0.945303
2.399e-09	-0.945402
2.39913e-09	-0.945498
2.39925e-09	-0.945591
2.39937e-09	-0.94568
2.39949e-09	-0.945766
2.39961e-09	-0.945848
2.39974e-09	-0.945928
2.39986e-09	-0.946003
2.39998e-09	-0.946076
2.4001e-09	-0.946145
2.40023e-09	-0.94621
2.40035e-09	-0.946272
2.40047e-09	-0.946331
2.40059e-09	-0.946387
2.40071e-09	-0.946439
2.40084e-09	-0.946488
2.40096e-09	-0.946533
2.40108e-09	-0.946575
2.4012e-09	-0.946613
2.40133e-09	-0.946649
2.40145e-09	-0.94668
2.40157e-09	-0.946709
2.40169e-09	-0.946734
2.40181e-09	-0.946755
2.40194e-09	-0.946773
2.40206e-09	-0.946788
2.40218e-09	-0.9468
2.4023e-09	-0.946808
2.40243e-09	-0.946812
2.40255e-09	-0.946814
2.40267e-09	-0.946811
2.40279e-09	-0.946806
2.40291e-09	-0.946797
2.40304e-09	-0.946784
2.40316e-09	-0.946769
2.40328e-09	-0.94675
2.4034e-09	-0.946727
2.40353e-09	-0.946701
2.40365e-09	-0.946672
2.40377e-09	-0.946639
2.40389e-09	-0.946603
2.40401e-09	-0.946563
2.40414e-09	-0.946521
2.40426e-09	-0.946474
2.40438e-09	-0.946424
2.4045e-09	-0.946371
2.40463e-09	-0.946315
2.40475e-09	-0.946255
2.40487e-09	-0.946192
2.40499e-09	-0.946125
2.40511e-09	-0.946055
2.40524e-09	-0.945981
2.40536e-09	-0.945904
2.40548e-09	-0.945824
2.4056e-09	-0.94574
2.40573e-09	-0.945653
2.40585e-09	-0.945563
2.40597e-09	-0.945469
2.40609e-09	-0.945371
2.40622e-09	-0.945271
2.40634e-09	-0.945167
2.40646e-09	-0.945059
2.40658e-09	-0.944948
2.4067e-09	-0.944834
2.40683e-09	-0.944716
2.40695e-09	-0.944595
2.40707e-09	-0.94447
2.40719e-09	-0.944342
2.40732e-09	-0.944211
2.40744e-09	-0.944076
2.40756e-09	-0.943938
2.40768e-09	-0.943797
2.4078e-09	-0.943652
2.40793e-09	-0.943503
2.40805e-09	-0.943352
2.40817e-09	-0.943196
2.40829e-09	-0.943038
2.40842e-09	-0.942876
2.40854e-09	-0.942711
2.40866e-09	-0.942542
2.40878e-09	-0.94237
2.4089e-09	-0.942194
2.40903e-09	-0.942015
2.40915e-09	-0.941833
2.40927e-09	-0.941647
2.40939e-09	-0.941458
2.40952e-09	-0.941265
2.40964e-09	-0.94107
2.40976e-09	-0.94087
2.40988e-09	-0.940667
2.41e-09	-0.940461
2.41013e-09	-0.940252
2.41025e-09	-0.940039
2.41037e-09	-0.939822
2.41049e-09	-0.939603
2.41062e-09	-0.93938
2.41074e-09	-0.939153
2.41086e-09	-0.938923
2.41098e-09	-0.93869
2.4111e-09	-0.938453
2.41123e-09	-0.938213
2.41135e-09	-0.93797
2.41147e-09	-0.937723
2.41159e-09	-0.937473
2.41172e-09	-0.937219
2.41184e-09	-0.936962
2.41196e-09	-0.936701
2.41208e-09	-0.936437
2.4122e-09	-0.93617
2.41233e-09	-0.9359
2.41245e-09	-0.935626
2.41257e-09	-0.935348
2.41269e-09	-0.935068
2.41282e-09	-0.934783
2.41294e-09	-0.934496
2.41306e-09	-0.934205
2.41318e-09	-0.933911
2.4133e-09	-0.933613
2.41343e-09	-0.933312
2.41355e-09	-0.933007
2.41367e-09	-0.932699
2.41379e-09	-0.932388
2.41392e-09	-0.932074
2.41404e-09	-0.931756
2.41416e-09	-0.931434
2.41428e-09	-0.931109
2.4144e-09	-0.930781
2.41453e-09	-0.93045
2.41465e-09	-0.930115
2.41477e-09	-0.929777
2.41489e-09	-0.929435
2.41502e-09	-0.92909
2.41514e-09	-0.928742
2.41526e-09	-0.92839
2.41538e-09	-0.928035
2.41551e-09	-0.927676
2.41563e-09	-0.927315
2.41575e-09	-0.926949
2.41587e-09	-0.926581
2.41599e-09	-0.926209
2.41612e-09	-0.925833
2.41624e-09	-0.925455
2.41636e-09	-0.925073
2.41648e-09	-0.924687
2.41661e-09	-0.924299
2.41673e-09	-0.923906
2.41685e-09	-0.923511
2.41697e-09	-0.923112
2.41709e-09	-0.92271
2.41722e-09	-0.922304
2.41734e-09	-0.921895
2.41746e-09	-0.921483
2.41758e-09	-0.921067
2.41771e-09	-0.920648
2.41783e-09	-0.920226
2.41795e-09	-0.9198
2.41807e-09	-0.919371
2.41819e-09	-0.918939
2.41832e-09	-0.918503
2.41844e-09	-0.918064
2.41856e-09	-0.917622
2.41868e-09	-0.917176
2.41881e-09	-0.916727
2.41893e-09	-0.916275
2.41905e-09	-0.915819
2.41917e-09	-0.91536
2.41929e-09	-0.914897
2.41942e-09	-0.914431
2.41954e-09	-0.913962
2.41966e-09	-0.91349
2.41978e-09	-0.913014
2.41991e-09	-0.912535
2.42003e-09	-0.912053
2.42015e-09	-0.911567
2.42027e-09	-0.911078
2.42039e-09	-0.910585
2.42052e-09	-0.91009
2.42064e-09	-0.909591
2.42076e-09	-0.909088
2.42088e-09	-0.908583
2.42101e-09	-0.908074
2.42113e-09	-0.907561
2.42125e-09	-0.907046
2.42137e-09	-0.906527
2.42149e-09	-0.906004
2.42162e-09	-0.905479
2.42174e-09	-0.90495
2.42186e-09	-0.904418
2.42198e-09	-0.903882
2.42211e-09	-0.903343
2.42223e-09	-0.902801
2.42235e-09	-0.902256
2.42247e-09	-0.901707
2.42259e-09	-0.901155
2.42272e-09	-0.9006
2.42284e-09	-0.900041
2.42296e-09	-0.89948
2.42308e-09	-0.898914
2.42321e-09	-0.898346
2.42333e-09	-0.897774
2.42345e-09	-0.897199
2.42357e-09	-0.896621
2.42369e-09	-0.896039
2.42382e-09	-0.895455
2.42394e-09	-0.894866
2.42406e-09	-0.894275
2.42418e-09	-0.89368
2.42431e-09	-0.893082
2.42443e-09	-0.892481
2.42455e-09	-0.891877
2.42467e-09	-0.891269
2.42479e-09	-0.890658
2.42492e-09	-0.890044
2.42504e-09	-0.889426
2.42516e-09	-0.888805
2.42528e-09	-0.888181
2.42541e-09	-0.887554
2.42553e-09	-0.886923
2.42565e-09	-0.886289
2.42577e-09	-0.885652
2.4259e-09	-0.885012
2.42602e-09	-0.884368
2.42614e-09	-0.883722
2.42626e-09	-0.883072
2.42638e-09	-0.882418
2.42651e-09	-0.881762
2.42663e-09	-0.881102
2.42675e-09	-0.880439
2.42687e-09	-0.879773
2.427e-09	-0.879103
2.42712e-09	-0.878431
2.42724e-09	-0.877755
2.42736e-09	-0.877075
2.42748e-09	-0.876393
2.42761e-09	-0.875708
2.42773e-09	-0.875019
2.42785e-09	-0.874327
2.42797e-09	-0.873631
2.4281e-09	-0.872933
2.42822e-09	-0.872231
2.42834e-09	-0.871526
2.42846e-09	-0.870818
2.42858e-09	-0.870107
2.42871e-09	-0.869393
2.42883e-09	-0.868675
2.42895e-09	-0.867954
2.42907e-09	-0.86723
2.4292e-09	-0.866503
2.42932e-09	-0.865772
2.42944e-09	-0.865039
2.42956e-09	-0.864302
2.42968e-09	-0.863562
2.42981e-09	-0.862819
2.42993e-09	-0.862073
2.43005e-09	-0.861323
2.43017e-09	-0.86057
2.4303e-09	-0.859815
2.43042e-09	-0.859056
2.43054e-09	-0.858293
2.43066e-09	-0.857528
2.43078e-09	-0.85676
2.43091e-09	-0.855988
2.43103e-09	-0.855213
2.43115e-09	-0.854435
2.43127e-09	-0.853654
2.4314e-09	-0.85287
2.43152e-09	-0.852082
2.43164e-09	-0.851292
2.43176e-09	-0.850498
2.43188e-09	-0.849701
2.43201e-09	-0.848901
2.43213e-09	-0.848098
2.43225e-09	-0.847292
2.43237e-09	-0.846483
2.4325e-09	-0.84567
2.43262e-09	-0.844855
2.43274e-09	-0.844036
2.43286e-09	-0.843214
2.43298e-09	-0.842389
2.43311e-09	-0.841561
2.43323e-09	-0.84073
2.43335e-09	-0.839896
2.43347e-09	-0.839058
2.4336e-09	-0.838218
2.43372e-09	-0.837374
2.43384e-09	-0.836528
2.43396e-09	-0.835678
2.43408e-09	-0.834825
2.43421e-09	-0.833969
2.43433e-09	-0.83311
2.43445e-09	-0.832248
2.43457e-09	-0.831383
2.4347e-09	-0.830515
2.43482e-09	-0.829644
2.43494e-09	-0.828769
2.43506e-09	-0.827892
2.43519e-09	-0.827011
2.43531e-09	-0.826128
2.43543e-09	-0.825241
2.43555e-09	-0.824351
2.43567e-09	-0.823459
2.4358e-09	-0.822563
2.43592e-09	-0.821664
2.43604e-09	-0.820762
2.43616e-09	-0.819857
2.43629e-09	-0.818949
2.43641e-09	-0.818038
2.43653e-09	-0.817124
2.43665e-09	-0.816207
2.43677e-09	-0.815287
2.4369e-09	-0.814364
2.43702e-09	-0.813438
2.43714e-09	-0.812509
2.43726e-09	-0.811577
2.43739e-09	-0.810642
2.43751e-09	-0.809704
2.43763e-09	-0.808762
2.43775e-09	-0.807818
2.43787e-09	-0.806871
2.438e-09	-0.805921
2.43812e-09	-0.804968
2.43824e-09	-0.804012
2.43836e-09	-0.803053
2.43849e-09	-0.802091
2.43861e-09	-0.801126
2.43873e-09	-0.800158
2.43885e-09	-0.799187
2.43897e-09	-0.798213
2.4391e-09	-0.797236
2.43922e-09	-0.796256
2.43934e-09	-0.795273
2.43946e-09	-0.794287
2.43959e-09	-0.793298
2.43971e-09	-0.792307
2.43983e-09	-0.791312
2.43995e-09	-0.790314
2.44007e-09	-0.789314
2.4402e-09	-0.78831
2.44032e-09	-0.787304
2.44044e-09	-0.786295
2.44056e-09	-0.785282
2.44069e-09	-0.784267
2.44081e-09	-0.783249
2.44093e-09	-0.782228
2.44105e-09	-0.781204
2.44117e-09	-0.780177
2.4413e-09	-0.779148
2.44142e-09	-0.778115
2.44154e-09	-0.77708
2.44166e-09	-0.776041
2.44179e-09	-0.775
2.44191e-09	-0.773956
2.44203e-09	-0.772909
2.44215e-09	-0.771859
2.44227e-09	-0.770806
2.4424e-09	-0.76975
2.44252e-09	-0.768691
2.44264e-09	-0.76763
2.44276e-09	-0.766566
2.44289e-09	-0.765499
2.44301e-09	-0.764428
2.44313e-09	-0.763356
2.44325e-09	-0.76228
2.44337e-09	-0.761201
2.4435e-09	-0.76012
2.44362e-09	-0.759036
2.44374e-09	-0.757949
2.44386e-09	-0.756859
2.44399e-09	-0.755766
2.44411e-09	-0.75467
2.44423e-09	-0.753572
2.44435e-09	-0.752471
2.44447e-09	-0.751367
2.4446e-09	-0.75026
2.44472e-09	-0.74915
2.44484e-09	-0.748038
2.44496e-09	-0.746923
2.44509e-09	-0.745805
2.44521e-09	-0.744684
2.44533e-09	-0.743561
2.44545e-09	-0.742434
2.44558e-09	-0.741305
2.4457e-09	-0.740173
2.44582e-09	-0.739039
2.44594e-09	-0.737901
2.44606e-09	-0.736761
2.44619e-09	-0.735618
2.44631e-09	-0.734472
2.44643e-09	-0.733324
2.44655e-09	-0.732173
2.44668e-09	-0.731019
2.4468e-09	-0.729862
2.44692e-09	-0.728703
2.44704e-09	-0.72754
2.44716e-09	-0.726376
2.44729e-09	-0.725208
2.44741e-09	-0.724038
2.44753e-09	-0.722865
2.44765e-09	-0.721689
2.44778e-09	-0.720511
2.4479e-09	-0.719329
2.44802e-09	-0.718146
2.44814e-09	-0.716959
2.44826e-09	-0.71577
2.44839e-09	-0.714578
2.44851e-09	-0.713383
2.44863e-09	-0.712186
2.44875e-09	-0.710986
2.44888e-09	-0.709784
2.449e-09	-0.708578
2.44912e-09	-0.707371
2.44924e-09	-0.70616
2.44936e-09	-0.704947
2.44949e-09	-0.703731
2.44961e-09	-0.702512
2.44973e-09	-0.701291
2.44985e-09	-0.700067
2.44998e-09	-0.698841
2.4501e-09	-0.697612
2.45022e-09	-0.69638
2.45034e-09	-0.695146
2.45046e-09	-0.693909
2.45059e-09	-0.69267
2.45071e-09	-0.691427
2.45083e-09	-0.690183
2.45095e-09	-0.688935
2.45108e-09	-0.687685
2.4512e-09	-0.686433
2.45132e-09	-0.685178
2.45144e-09	-0.68392
2.45156e-09	-0.68266
2.45169e-09	-0.681397
2.45181e-09	-0.680132
2.45193e-09	-0.678864
2.45205e-09	-0.677593
2.45218e-09	-0.67632
2.4523e-09	-0.675045
2.45242e-09	-0.673767
2.45254e-09	-0.672486
2.45266e-09	-0.671203
2.45279e-09	-0.669917
2.45291e-09	-0.668629
2.45303e-09	-0.667338
2.45315e-09	-0.666045
2.45328e-09	-0.664749
2.4534e-09	-0.66345
2.45352e-09	-0.66215
2.45364e-09	-0.660846
2.45376e-09	-0.65954
2.45389e-09	-0.658232
2.45401e-09	-0.656921
2.45413e-09	-0.655608
2.45425e-09	-0.654292
2.45438e-09	-0.652974
2.4545e-09	-0.651653
2.45462e-09	-0.65033
2.45474e-09	-0.649004
2.45487e-09	-0.647676
2.45499e-09	-0.646346
2.45511e-09	-0.645013
2.45523e-09	-0.643677
2.45535e-09	-0.64234
2.45548e-09	-0.640999
2.4556e-09	-0.639657
2.45572e-09	-0.638311
2.45584e-09	-0.636964
2.45597e-09	-0.635614
2.45609e-09	-0.634262
2.45621e-09	-0.632907
2.45633e-09	-0.63155
2.45645e-09	-0.63019
2.45658e-09	-0.628828
2.4567e-09	-0.627464
2.45682e-09	-0.626097
2.45694e-09	-0.624728
2.45707e-09	-0.623357
2.45719e-09	-0.621983
2.45731e-09	-0.620606
2.45743e-09	-0.619228
2.45755e-09	-0.617847
2.45768e-09	-0.616464
2.4578e-09	-0.615078
2.45792e-09	-0.61369
2.45804e-09	-0.6123
2.45817e-09	-0.610908
2.45829e-09	-0.609513
2.45841e-09	-0.608115
2.45853e-09	-0.606716
2.45865e-09	-0.605314
2.45878e-09	-0.60391
2.4589e-09	-0.602504
2.45902e-09	-0.601095
2.45914e-09	-0.599684
2.45927e-09	-0.598271
2.45939e-09	-0.596855
2.45951e-09	-0.595437
2.45963e-09	-0.594017
2.45975e-09	-0.592595
2.45988e-09	-0.59117
2.46e-09	-0.589743
2.46012e-09	-0.588314
2.46024e-09	-0.586883
2.46037e-09	-0.585449
2.46049e-09	-0.584014
2.46061e-09	-0.582575
2.46073e-09	-0.581135
2.46085e-09	-0.579693
2.46098e-09	-0.578248
2.4611e-09	-0.576801
2.46122e-09	-0.575352
2.46134e-09	-0.573901
2.46147e-09	-0.572447
2.46159e-09	-0.570992
2.46171e-09	-0.569534
2.46183e-09	-0.568074
2.46195e-09	-0.566612
2.46208e-09	-0.565147
2.4622e-09	-0.563681
2.46232e-09	-0.562212
2.46244e-09	-0.560741
2.46257e-09	-0.559268
2.46269e-09	-0.557793
2.46281e-09	-0.556316
2.46293e-09	-0.554836
2.46305e-09	-0.553355
2.46318e-09	-0.551871
2.4633e-09	-0.550386
2.46342e-09	-0.548898
2.46354e-09	-0.547408
2.46367e-09	-0.545916
2.46379e-09	-0.544422
2.46391e-09	-0.542925
2.46403e-09	-0.541427
2.46415e-09	-0.539927
2.46428e-09	-0.538424
2.4644e-09	-0.53692
2.46452e-09	-0.535413
2.46464e-09	-0.533905
2.46477e-09	-0.532394
2.46489e-09	-0.530881
2.46501e-09	-0.529367
2.46513e-09	-0.52785
2.46526e-09	-0.526331
2.46538e-09	-0.52481
2.4655e-09	-0.523287
2.46562e-09	-0.521762
2.46574e-09	-0.520236
2.46587e-09	-0.518707
2.46599e-09	-0.517176
2.46611e-09	-0.515643
2.46623e-09	-0.514108
2.46636e-09	-0.512571
2.46648e-09	-0.511032
2.4666e-09	-0.509492
2.46672e-09	-0.507949
2.46684e-09	-0.506404
2.46697e-09	-0.504858
2.46709e-09	-0.503309
2.46721e-09	-0.501759
2.46733e-09	-0.500206
2.46746e-09	-0.498652
2.46758e-09	-0.497095
2.4677e-09	-0.495537
2.46782e-09	-0.493977
2.46794e-09	-0.492415
2.46807e-09	-0.490851
2.46819e-09	-0.489285
2.46831e-09	-0.487717
2.46843e-09	-0.486148
2.46856e-09	-0.484576
2.46868e-09	-0.483003
2.4688e-09	-0.481428
2.46892e-09	-0.47985
2.46904e-09	-0.478271
2.46917e-09	-0.476691
2.46929e-09	-0.475108
2.46941e-09	-0.473523
2.46953e-09	-0.471937
2.46966e-09	-0.470349
2.46978e-09	-0.468759
2.4699e-09	-0.467167
2.47002e-09	-0.465573
2.47014e-09	-0.463978
2.47027e-09	-0.462381
2.47039e-09	-0.460782
2.47051e-09	-0.459181
2.47063e-09	-0.457578
2.47076e-09	-0.455974
2.47088e-09	-0.454368
2.471e-09	-0.45276
2.47112e-09	-0.45115
2.47124e-09	-0.449539
2.47137e-09	-0.447925
2.47149e-09	-0.446311
2.47161e-09	-0.444694
2.47173e-09	-0.443075
2.47186e-09	-0.441455
2.47198e-09	-0.439833
2.4721e-09	-0.43821
2.47222e-09	-0.436585
2.47234e-09	-0.434958
2.47247e-09	-0.433329
2.47259e-09	-0.431699
2.47271e-09	-0.430066
2.47283e-09	-0.428433
2.47296e-09	-0.426797
2.47308e-09	-0.42516
2.4732e-09	-0.423522
2.47332e-09	-0.421881
2.47344e-09	-0.420239
2.47357e-09	-0.418595
2.47369e-09	-0.41695
2.47381e-09	-0.415303
2.47393e-09	-0.413654
2.47406e-09	-0.412004
2.47418e-09	-0.410352
2.4743e-09	-0.408699
2.47442e-09	-0.407044
2.47455e-09	-0.405387
2.47467e-09	-0.403729
2.47479e-09	-0.402069
2.47491e-09	-0.400408
2.47503e-09	-0.398745
2.47516e-09	-0.39708
2.47528e-09	-0.395414
2.4754e-09	-0.393747
2.47552e-09	-0.392077
2.47565e-09	-0.390407
2.47577e-09	-0.388734
2.47589e-09	-0.38706
2.47601e-09	-0.385385
2.47613e-09	-0.383708
2.47626e-09	-0.38203
2.47638e-09	-0.38035
2.4765e-09	-0.378669
2.47662e-09	-0.376986
2.47675e-09	-0.375301
2.47687e-09	-0.373615
2.47699e-09	-0.371928
2.47711e-09	-0.370239
2.47723e-09	-0.368549
2.47736e-09	-0.366857
2.47748e-09	-0.365164
2.4776e-09	-0.363469
2.47772e-09	-0.361773
2.47785e-09	-0.360076
2.47797e-09	-0.358377
2.47809e-09	-0.356676
2.47821e-09	-0.354975
2.47833e-09	-0.353272
2.47846e-09	-0.351567
2.47858e-09	-0.349861
2.4787e-09	-0.348154
2.47882e-09	-0.346445
2.47895e-09	-0.344735
2.47907e-09	-0.343023
2.47919e-09	-0.34131
2.47931e-09	-0.339596
2.47943e-09	-0.33788
2.47956e-09	-0.336163
2.47968e-09	-0.334445
2.4798e-09	-0.332725
2.47992e-09	-0.331004
2.48005e-09	-0.329282
2.48017e-09	-0.327558
2.48029e-09	-0.325833
2.48041e-09	-0.324107
2.48053e-09	-0.32238
2.48066e-09	-0.320651
2.48078e-09	-0.318921
2.4809e-09	-0.317189
2.48102e-09	-0.315457
2.48115e-09	-0.313723
2.48127e-09	-0.311988
2.48139e-09	-0.310251
2.48151e-09	-0.308513
2.48163e-09	-0.306774
2.48176e-09	-0.305034
2.48188e-09	-0.303293
2.482e-09	-0.30155
2.48212e-09	-0.299806
2.48225e-09	-0.298061
2.48237e-09	-0.296315
2.48249e-09	-0.294567
2.48261e-09	-0.292819
2.48273e-09	-0.291069
2.48286e-09	-0.289318
2.48298e-09	-0.287566
2.4831e-09	-0.285812
2.48322e-09	-0.284058
2.48335e-09	-0.282302
2.48347e-09	-0.280545
2.48359e-09	-0.278787
2.48371e-09	-0.277028
2.48383e-09	-0.275268
2.48396e-09	-0.273506
2.48408e-09	-0.271744
2.4842e-09	-0.26998
2.48432e-09	-0.268215
2.48445e-09	-0.26645
2.48457e-09	-0.264683
2.48469e-09	-0.262915
2.48481e-09	-0.261146
2.48494e-09	-0.259375
2.48506e-09	-0.257604
2.48518e-09	-0.255832
2.4853e-09	-0.254059
2.48542e-09	-0.252284
2.48555e-09	-0.250509
2.48567e-09	-0.248732
2.48579e-09	-0.246955
2.48591e-09	-0.245176
2.48604e-09	-0.243397
2.48616e-09	-0.241616
2.48628e-09	-0.239835
2.4864e-09	-0.238052
2.48652e-09	-0.236269
2.48665e-09	-0.234484
2.48677e-09	-0.232699
2.48689e-09	-0.230912
2.48701e-09	-0.229125
2.48714e-09	-0.227337
2.48726e-09	-0.225547
2.48738e-09	-0.223757
2.4875e-09	-0.221966
2.48762e-09	-0.220174
2.48775e-09	-0.218381
2.48787e-09	-0.216587
2.48799e-09	-0.214792
2.48811e-09	-0.212996
2.48824e-09	-0.211199
2.48836e-09	-0.209402
2.48848e-09	-0.207603
2.4886e-09	-0.205804
2.48872e-09	-0.204004
2.48885e-09	-0.202203
2.48897e-09	-0.200401
2.48909e-09	-0.198598
2.48921e-09	-0.196794
2.48934e-09	-0.19499
2.48946e-09	-0.193185
2.48958e-09	-0.191379
2.4897e-09	-0.189572
2.48982e-09	-0.187764
2.48995e-09	-0.185955
2.49007e-09	-0.184146
2.49019e-09	-0.182336
2.49031e-09	-0.180525
2.49044e-09	-0.178713
2.49056e-09	-0.176901
2.49068e-09	-0.175087
2.4908e-09	-0.173273
2.49092e-09	-0.171458
2.49105e-09	-0.169643
2.49117e-09	-0.167827
2.49129e-09	-0.16601
2.49141e-09	-0.164192
2.49154e-09	-0.162373
2.49166e-09	-0.160554
2.49178e-09	-0.158734
2.4919e-09	-0.156914
2.49202e-09	-0.155092
2.49215e-09	-0.15327
2.49227e-09	-0.151448
2.49239e-09	-0.149625
2.49251e-09	-0.147801
2.49264e-09	-0.145976
2.49276e-09	-0.144151
2.49288e-09	-0.142325
2.493e-09	-0.140498
2.49312e-09	-0.138671
2.49325e-09	-0.136843
2.49337e-09	-0.135014
2.49349e-09	-0.133185
2.49361e-09	-0.131356
2.49374e-09	-0.129525
2.49386e-09	-0.127694
2.49398e-09	-0.125863
2.4941e-09	-0.124031
2.49422e-09	-0.122198
2.49435e-09	-0.120365
2.49447e-09	-0.118531
2.49459e-09	-0.116697
2.49471e-09	-0.114862
2.49484e-09	-0.113026
2.49496e-09	-0.111191
2.49508e-09	-0.109354
2.4952e-09	-0.107517
2.49533e-09	-0.105679
2.49545e-09	-0.103841
2.49557e-09	-0.102003
2.49569e-09	-0.100164
2.49581e-09	-0.0983244
2.49594e-09	-0.0964843
2.49606e-09	-0.0946439
2.49618e-09	-0.0928029
2.4963e-09	-0.0909615
2.49643e-09	-0.0891196
2.49655e-09	-0.0872773
2.49667e-09	-0.0854346
2.49679e-09	-0.0835914
2.49691e-09	-0.0817478
2.49704e-09	-0.0799037
2.49716e-09	-0.0780593
2.49728e-09	-0.0762144
2.4974e-09	-0.0743691
2.49753e-09	-0.0725235
2.49765e-09	-0.0706774
2.49777e-09	-0.068831
2.49789e-09	-0.0669842
2.49801e-09	-0.065137
2.49814e-09	-0.0632895
2.49826e-09	-0.0614416
2.49838e-09	-0.0595934
2.4985e-09	-0.0577448
2.49863e-09	-0.0558959
2.49875e-09	-0.0540467
2.49887e-09	-0.0521971
2.49899e-09	-0.0503473
2.49911e-09	-0.0484971
2.49924e-09	-0.0466466
2.49936e-09	-0.0447959
2.49948e-09	-0.0429448
2.4996e-09	-0.0410935
2.49973e-09	-0.0392419
2.49985e-09	-0.03739
2.49997e-09	-0.0355379
2.50009e-09	-0.0336855
2.50021e-09	-0.0318329
2.50034e-09	-0.02998
2.50046e-09	-0.0281269
2.50058e-09	-0.0262736
2.5007e-09	-0.02442
2.50083e-09	-0.0225663
2.50095e-09	-0.0207123
2.50107e-09	-0.0188581
2.50119e-09	-0.0170038
2.50131e-09	-0.0151492
2.50144e-09	-0.0132945
2.50156e-09	-0.0114396
2.50168e-09	-0.00958459
2.5018e-09	-0.00772938
2.50193e-09	-0.00587402
2.50205e-09	-0.00401851
2.50217e-09	-0.00216287
2.50229e-09	-0.000307097
2.50241e-09	0.0015488
2.50254e-09	0.00340482
2.50266e-09	0.00526094
2.50278e-09	0.00711717
2.5029e-09	0.0089735
2.50303e-09	0.0108299
2.50315e-09	0.0126864
2.50327e-09	0.014543
2.50339e-09	0.0163996
2.50351e-09	0.0182563
2.50364e-09	0.0201131
2.50376e-09	0.0219699
2.50388e-09	0.0238268
2.504e-09	0.0256837
2.50413e-09	0.0275406
2.50425e-09	0.0293975
2.50437e-09	0.0312545
2.50449e-09	0.0331115
2.50462e-09	0.0349684
2.50474e-09	0.0368254
2.50486e-09	0.0386823
2.50498e-09	0.0405393
2.5051e-09	0.0423962
2.50523e-09	0.0442531
2.50535e-09	0.0461099
2.50547e-09	0.0479667
2.50559e-09	0.0498234
2.50572e-09	0.0516801
2.50584e-09	0.0535367
2.50596e-09	0.0553933
2.50608e-09	0.0572497
2.5062e-09	0.0591061
2.50633e-09	0.0609624
2.50645e-09	0.0628185
2.50657e-09	0.0646746
2.50669e-09	0.0665306
2.50682e-09	0.0683864
2.50694e-09	0.0702421
2.50706e-09	0.0720977
2.50718e-09	0.0739531
2.5073e-09	0.0758084
2.50743e-09	0.0776635
2.50755e-09	0.0795185
2.50767e-09	0.0813733
2.50779e-09	0.0832279
2.50792e-09	0.0850824
2.50804e-09	0.0869366
2.50816e-09	0.0887907
2.50828e-09	0.0906446
2.5084e-09	0.0924982
2.50853e-09	0.0943516
2.50865e-09	0.0962049
2.50877e-09	0.0980578
2.50889e-09	0.0999106
2.50902e-09	0.101763
2.50914e-09	0.103615
2.50926e-09	0.105467
2.50938e-09	0.107319
2.5095e-09	0.109171
2.50963e-09	0.111022
2.50975e-09	0.112873
2.50987e-09	0.114723
2.50999e-09	0.116574
2.51012e-09	0.118424
2.51024e-09	0.120273
2.51036e-09	0.122123
2.51048e-09	0.123972
2.5106e-09	0.12582
2.51073e-09	0.127669
2.51085e-09	0.129517
2.51097e-09	0.131365
2.51109e-09	0.133212
2.51122e-09	0.135059
2.51134e-09	0.136905
2.51146e-09	0.138752
2.51158e-09	0.140597
2.5117e-09	0.142443
2.51183e-09	0.144288
2.51195e-09	0.146133
2.51207e-09	0.147977
2.51219e-09	0.149821
2.51232e-09	0.151664
2.51244e-09	0.153507
2.51256e-09	0.155349
2.51268e-09	0.157191
2.5128e-09	0.159033
2.51293e-09	0.160874
2.51305e-09	0.162715
2.51317e-09	0.164555
2.51329e-09	0.166395
2.51342e-09	0.168234
2.51354e-09	0.170073
2.51366e-09	0.171911
2.51378e-09	0.173749
2.5139e-09	0.175586
2.51403e-09	0.177423
2.51415e-09	0.179259
2.51427e-09	0.181094
2.51439e-09	0.182929
2.51452e-09	0.184764
2.51464e-09	0.186598
2.51476e-09	0.188431
2.51488e-09	0.190264
2.51501e-09	0.192097
2.51513e-09	0.193928
2.51525e-09	0.195759
2.51537e-09	0.19759
2.51549e-09	0.19942
2.51562e-09	0.201249
2.51574e-09	0.203078
2.51586e-09	0.204906
2.51598e-09	0.206733
2.51611e-09	0.20856
2.51623e-09	0.210386
2.51635e-09	0.212212
2.51647e-09	0.214037
2.51659e-09	0.215861
2.51672e-09	0.217684
2.51684e-09	0.219507
2.51696e-09	0.221329
2.51708e-09	0.223151
2.51721e-09	0.224972
2.51733e-09	0.226792
2.51745e-09	0.228611
2.51757e-09	0.23043
2.51769e-09	0.232248
2.51782e-09	0.234065
2.51794e-09	0.235881
2.51806e-09	0.237697
2.51818e-09	0.239512
2.51831e-09	0.241326
2.51843e-09	0.24314
2.51855e-09	0.244952
2.51867e-09	0.246764
2.51879e-09	0.248575
2.51892e-09	0.250386
2.51904e-09	0.252195
2.51916e-09	0.254004
2.51928e-09	0.255812
2.51941e-09	0.257619
2.51953e-09	0.259425
2.51965e-09	0.261231
2.51977e-09	0.263035
2.51989e-09	0.264839
2.52002e-09	0.266642
2.52014e-09	0.268444
2.52026e-09	0.270245
2.52038e-09	0.272046
2.52051e-09	0.273845
2.52063e-09	0.275644
2.52075e-09	0.277441
2.52087e-09	0.279238
2.52099e-09	0.281034
2.52112e-09	0.282829
2.52124e-09	0.284623
2.52136e-09	0.286416
2.52148e-09	0.288209
2.52161e-09	0.29
2.52173e-09	0.29179
2.52185e-09	0.29358
2.52197e-09	0.295368
2.52209e-09	0.297155
2.52222e-09	0.298942
2.52234e-09	0.300727
2.52246e-09	0.302512
2.52258e-09	0.304296
2.52271e-09	0.306078
2.52283e-09	0.30786
2.52295e-09	0.30964
2.52307e-09	0.31142
2.52319e-09	0.313198
2.52332e-09	0.314976
2.52344e-09	0.316752
2.52356e-09	0.318528
2.52368e-09	0.320302
2.52381e-09	0.322075
2.52393e-09	0.323848
2.52405e-09	0.325619
2.52417e-09	0.327389
2.5243e-09	0.329158
2.52442e-09	0.330926
2.52454e-09	0.332693
2.52466e-09	0.334458
2.52478e-09	0.336223
2.52491e-09	0.337987
2.52503e-09	0.339749
2.52515e-09	0.34151
2.52527e-09	0.34327
2.5254e-09	0.345029
2.52552e-09	0.346787
2.52564e-09	0.348544
2.52576e-09	0.3503
2.52588e-09	0.352054
2.52601e-09	0.353807
2.52613e-09	0.355559
2.52625e-09	0.35731
2.52637e-09	0.35906
2.5265e-09	0.360808
2.52662e-09	0.362555
2.52674e-09	0.364302
2.52686e-09	0.366046
2.52698e-09	0.36779
2.52711e-09	0.369532
2.52723e-09	0.371273
2.52735e-09	0.373013
2.52747e-09	0.374752
2.5276e-09	0.376489
2.52772e-09	0.378226
2.52784e-09	0.37996
2.52796e-09	0.381694
2.52808e-09	0.383426
2.52821e-09	0.385157
2.52833e-09	0.386887
2.52845e-09	0.388616
2.52857e-09	0.390343
2.5287e-09	0.392069
2.52882e-09	0.393793
2.52894e-09	0.395516
2.52906e-09	0.397238
2.52918e-09	0.398959
2.52931e-09	0.400678
2.52943e-09	0.402395
2.52955e-09	0.404112
2.52967e-09	0.405827
2.5298e-09	0.407541
2.52992e-09	0.409253
2.53004e-09	0.410964
2.53016e-09	0.412674
2.53028e-09	0.414382
2.53041e-09	0.416089
2.53053e-09	0.417794
2.53065e-09	0.419498
2.53077e-09	0.4212
2.5309e-09	0.422901
2.53102e-09	0.424601
2.53114e-09	0.426299
2.53126e-09	0.427996
2.53138e-09	0.429691
2.53151e-09	0.431385
2.53163e-09	0.433078
2.53175e-09	0.434769
2.53187e-09	0.436458
2.532e-09	0.438146
2.53212e-09	0.439833
2.53224e-09	0.441518
2.53236e-09	0.443201
2.53248e-09	0.444883
2.53261e-09	0.446563
2.53273e-09	0.448242
2.53285e-09	0.44992
2.53297e-09	0.451596
2.5331e-09	0.45327
2.53322e-09	0.454943
2.53334e-09	0.456614
2.53346e-09	0.458284
2.53358e-09	0.459952
2.53371e-09	0.461618
2.53383e-09	0.463283
2.53395e-09	0.464947
2.53407e-09	0.466609
2.5342e-09	0.468269
2.53432e-09	0.469927
2.53444e-09	0.471584
2.53456e-09	0.47324
2.53469e-09	0.474893
2.53481e-09	0.476546
2.53493e-09	0.478196
2.53505e-09	0.479845
2.53517e-09	0.481492
2.5353e-09	0.483138
2.53542e-09	0.484782
2.53554e-09	0.486424
2.53566e-09	0.488065
2.53579e-09	0.489703
2.53591e-09	0.491341
2.53603e-09	0.492976
2.53615e-09	0.49461
2.53627e-09	0.496242
2.5364e-09	0.497873
2.53652e-09	0.499501
2.53664e-09	0.501128
2.53676e-09	0.502754
2.53689e-09	0.504377
2.53701e-09	0.505999
2.53713e-09	0.507619
2.53725e-09	0.509238
2.53737e-09	0.510854
2.5375e-09	0.512469
2.53762e-09	0.514082
2.53774e-09	0.515693
2.53786e-09	0.517303
2.53799e-09	0.518911
2.53811e-09	0.520517
2.53823e-09	0.522121
2.53835e-09	0.523723
2.53847e-09	0.525324
2.5386e-09	0.526922
2.53872e-09	0.528519
2.53884e-09	0.530114
2.53896e-09	0.531708
2.53909e-09	0.533299
2.53921e-09	0.534889
2.53933e-09	0.536476
2.53945e-09	0.538062
2.53957e-09	0.539646
2.5397e-09	0.541228
2.53982e-09	0.542809
2.53994e-09	0.544387
2.54006e-09	0.545964
2.54019e-09	0.547538
2.54031e-09	0.549111
2.54043e-09	0.550682
2.54055e-09	0.552251
2.54067e-09	0.553818
2.5408e-09	0.555383
2.54092e-09	0.556946
2.54104e-09	0.558507
2.54116e-09	0.560066
2.54129e-09	0.561624
2.54141e-09	0.563179
2.54153e-09	0.564733
2.54165e-09	0.566284
2.54177e-09	0.567834
2.5419e-09	0.569381
2.54202e-09	0.570927
2.54214e-09	0.57247
2.54226e-09	0.574012
2.54239e-09	0.575552
2.54251e-09	0.577089
2.54263e-09	0.578625
2.54275e-09	0.580159
2.54287e-09	0.58169
2.543e-09	0.58322
2.54312e-09	0.584747
2.54324e-09	0.586273
2.54336e-09	0.587796
2.54349e-09	0.589318
2.54361e-09	0.590837
2.54373e-09	0.592354
2.54385e-09	0.59387
2.54398e-09	0.595383
2.5441e-09	0.596894
2.54422e-09	0.598403
2.54434e-09	0.59991
2.54446e-09	0.601415
2.54459e-09	0.602918
2.54471e-09	0.604418
2.54483e-09	0.605917
2.54495e-09	0.607413
2.54508e-09	0.608908
2.5452e-09	0.6104
2.54532e-09	0.61189
2.54544e-09	0.613378
2.54556e-09	0.614864
2.54569e-09	0.616348
2.54581e-09	0.617829
2.54593e-09	0.619308
2.54605e-09	0.620786
2.54618e-09	0.622261
2.5463e-09	0.623734
2.54642e-09	0.625204
2.54654e-09	0.626673
2.54666e-09	0.628139
2.54679e-09	0.629603
2.54691e-09	0.631065
2.54703e-09	0.632525
2.54715e-09	0.633982
2.54728e-09	0.635438
2.5474e-09	0.636891
2.54752e-09	0.638341
2.54764e-09	0.63979
2.54776e-09	0.641236
2.54789e-09	0.642681
2.54801e-09	0.644122
2.54813e-09	0.645562
2.54825e-09	0.646999
2.54838e-09	0.648435
2.5485e-09	0.649867
2.54862e-09	0.651298
2.54874e-09	0.652726
2.54886e-09	0.654152
2.54899e-09	0.655576
2.54911e-09	0.656997
2.54923e-09	0.658416
2.54935e-09	0.659833
2.54948e-09	0.661248
2.5496e-09	0.66266
2.54972e-09	0.66407
2.54984e-09	0.665477
2.54996e-09	0.666882
2.55009e-09	0.668285
2.55021e-09	0.669686
2.55033e-09	0.671084
2.55045e-09	0.67248
2.55058e-09	0.673873
2.5507e-09	0.675264
2.55082e-09	0.676653
2.55094e-09	0.678039
2.55106e-09	0.679423
2.55119e-09	0.680805
2.55131e-09	0.682184
2.55143e-09	0.683561
2.55155e-09	0.684935
2.55168e-09	0.686307
2.5518e-09	0.687677
2.55192e-09	0.689044
2.55204e-09	0.690409
2.55216e-09	0.691771
2.55229e-09	0.693131
2.55241e-09	0.694488
2.55253e-09	0.695843
2.55265e-09	0.697196
2.55278e-09	0.698546
2.5529e-09	0.699893
2.55302e-09	0.701239
2.55314e-09	0.702581
2.55326e-09	0.703921
2.55339e-09	0.705259
2.55351e-09	0.706595
2.55363e-09	0.707927
2.55375e-09	0.709258
2.55388e-09	0.710585
2.554e-09	0.711911
2.55412e-09	0.713234
2.55424e-09	0.714554
2.55437e-09	0.715872
2.55449e-09	0.717187
2.55461e-09	0.7185
2.55473e-09	0.71981
2.55485e-09	0.721118
2.55498e-09	0.722423
2.5551e-09	0.723725
2.55522e-09	0.725025
2.55534e-09	0.726323
2.55547e-09	0.727618
2.55559e-09	0.72891
2.55571e-09	0.7302
2.55583e-09	0.731487
2.55595e-09	0.732772
2.55608e-09	0.734054
2.5562e-09	0.735333
2.55632e-09	0.73661
2.55644e-09	0.737884
2.55657e-09	0.739156
2.55669e-09	0.740425
2.55681e-09	0.741691
2.55693e-09	0.742955
2.55705e-09	0.744217
2.55718e-09	0.745475
2.5573e-09	0.746731
2.55742e-09	0.747984
2.55754e-09	0.749235
2.55767e-09	0.750483
2.55779e-09	0.751728
2.55791e-09	0.752971
2.55803e-09	0.754211
2.55815e-09	0.755449
2.55828e-09	0.756683
2.5584e-09	0.757915
2.55852e-09	0.759145
2.55864e-09	0.760372
2.55877e-09	0.761596
2.55889e-09	0.762817
2.55901e-09	0.764036
2.55913e-09	0.765251
2.55925e-09	0.766465
2.55938e-09	0.767675
2.5595e-09	0.768883
2.55962e-09	0.770088
2.55974e-09	0.77129
2.55987e-09	0.77249
2.55999e-09	0.773687
2.56011e-09	0.774881
2.56023e-09	0.776073
2.56035e-09	0.777261
2.56048e-09	0.778447
2.5606e-09	0.77963
2.56072e-09	0.780811
2.56084e-09	0.781989
2.56097e-09	0.783163
2.56109e-09	0.784336
2.56121e-09	0.785505
2.56133e-09	0.786672
2.56145e-09	0.787835
2.56158e-09	0.788996
2.5617e-09	0.790155
2.56182e-09	0.79131
2.56194e-09	0.792463
2.56207e-09	0.793612
2.56219e-09	0.794759
2.56231e-09	0.795904
2.56243e-09	0.797045
2.56255e-09	0.798183
2.56268e-09	0.799319
2.5628e-09	0.800452
2.56292e-09	0.801582
2.56304e-09	0.802709
2.56317e-09	0.803834
2.56329e-09	0.804955
2.56341e-09	0.806074
2.56353e-09	0.80719
2.56366e-09	0.808303
2.56378e-09	0.809413
2.5639e-09	0.81052
2.56402e-09	0.811624
2.56414e-09	0.812726
2.56427e-09	0.813824
2.56439e-09	0.81492
2.56451e-09	0.816013
2.56463e-09	0.817103
2.56476e-09	0.81819
2.56488e-09	0.819274
2.565e-09	0.820355
2.56512e-09	0.821433
2.56524e-09	0.822509
2.56537e-09	0.823581
2.56549e-09	0.824651
2.56561e-09	0.825717
2.56573e-09	0.826781
2.56586e-09	0.827842
2.56598e-09	0.828899
2.5661e-09	0.829954
2.56622e-09	0.831006
2.56634e-09	0.832055
2.56647e-09	0.833101
2.56659e-09	0.834144
2.56671e-09	0.835184
2.56683e-09	0.836222
2.56696e-09	0.837256
2.56708e-09	0.838287
2.5672e-09	0.839315
2.56732e-09	0.84034
2.56744e-09	0.841363
2.56757e-09	0.842382
2.56769e-09	0.843398
2.56781e-09	0.844411
2.56793e-09	0.845422
2.56806e-09	0.846429
2.56818e-09	0.847433
2.5683e-09	0.848435
2.56842e-09	0.849433
2.56854e-09	0.850428
2.56867e-09	0.85142
2.56879e-09	0.852409
2.56891e-09	0.853396
2.56903e-09	0.854379
2.56916e-09	0.855359
2.56928e-09	0.856336
2.5694e-09	0.85731
2.56952e-09	0.858281
2.56964e-09	0.859249
2.56977e-09	0.860214
2.56989e-09	0.861175
2.57001e-09	0.862134
2.57013e-09	0.86309
2.57026e-09	0.864042
2.57038e-09	0.864992
2.5705e-09	0.865938
2.57062e-09	0.866882
2.57074e-09	0.867822
2.57087e-09	0.868759
2.57099e-09	0.869693
2.57111e-09	0.870624
2.57123e-09	0.871552
2.57136e-09	0.872477
2.57148e-09	0.873399
2.5716e-09	0.874317
2.57172e-09	0.875233
2.57184e-09	0.876145
2.57197e-09	0.877054
2.57209e-09	0.87796
2.57221e-09	0.878863
2.57233e-09	0.879763
2.57246e-09	0.88066
2.57258e-09	0.881554
2.5727e-09	0.882444
2.57282e-09	0.883332
2.57294e-09	0.884216
2.57307e-09	0.885097
2.57319e-09	0.885975
2.57331e-09	0.886849
2.57343e-09	0.887721
2.57356e-09	0.888589
2.57368e-09	0.889455
2.5738e-09	0.890317
2.57392e-09	0.891176
2.57405e-09	0.892031
2.57417e-09	0.892884
2.57429e-09	0.893733
2.57441e-09	0.89458
2.57453e-09	0.895423
2.57466e-09	0.896262
2.57478e-09	0.897099
2.5749e-09	0.897932
2.57502e-09	0.898763
2.57515e-09	0.89959
2.57527e-09	0.900414
2.57539e-09	0.901234
2.57551e-09	0.902052
2.57563e-09	0.902866
2.57576e-09	0.903677
2.57588e-09	0.904485
2.576e-09	0.905289
2.57612e-09	0.90609
2.57625e-09	0.906888
2.57637e-09	0.907683
2.57649e-09	0.908475
2.57661e-09	0.909263
2.57673e-09	0.910048
2.57686e-09	0.91083
2.57698e-09	0.911609
2.5771e-09	0.912384
2.57722e-09	0.913156
2.57735e-09	0.913925
2.57747e-09	0.914691
2.57759e-09	0.915453
2.57771e-09	0.916212
2.57783e-09	0.916968
2.57796e-09	0.917721
2.57808e-09	0.91847
2.5782e-09	0.919216
2.57832e-09	0.919959
2.57845e-09	0.920698
2.57857e-09	0.921434
2.57869e-09	0.922167
2.57881e-09	0.922897
2.57893e-09	0.923623
2.57906e-09	0.924346
2.57918e-09	0.925066
2.5793e-09	0.925782
2.57942e-09	0.926495
2.57955e-09	0.927205
2.57967e-09	0.927912
2.57979e-09	0.928615
2.57991e-09	0.929315
2.58003e-09	0.930011
2.58016e-09	0.930704
2.58028e-09	0.931394
2.5804e-09	0.932081
2.58052e-09	0.932764
2.58065e-09	0.933444
2.58077e-09	0.934121
2.58089e-09	0.934794
2.58101e-09	0.935464
2.58113e-09	0.93613
2.58126e-09	0.936794
2.58138e-09	0.937454
2.5815e-09	0.93811
2.58162e-09	0.938763
2.58175e-09	0.939413
2.58187e-09	0.94006
2.58199e-09	0.940703
2.58211e-09	0.941343
2.58223e-09	0.941979
2.58236e-09	0.942612
2.58248e-09	0.943242
2.5826e-09	0.943868
2.58272e-09	0.944491
2.58285e-09	0.945111
2.58297e-09	0.945727
2.58309e-09	0.94634
2.58321e-09	0.946949
2.58334e-09	0.947555
2.58346e-09	0.948158
2.58358e-09	0.948757
2.5837e-09	0.949353
2.58382e-09	0.949946
2.58395e-09	0.950535
2.58407e-09	0.95112
2.58419e-09	0.951703
2.58431e-09	0.952282
2.58444e-09	0.952857
2.58456e-09	0.953429
2.58468e-09	0.953998
2.5848e-09	0.954563
2.58492e-09	0.955125
2.58505e-09	0.955684
2.58517e-09	0.956239
2.58529e-09	0.95679
2.58541e-09	0.957339
2.58554e-09	0.957883
2.58566e-09	0.958425
2.58578e-09	0.958963
2.5859e-09	0.959497
2.58602e-09	0.960028
2.58615e-09	0.960556
2.58627e-09	0.96108
2.58639e-09	0.961601
2.58651e-09	0.962119
2.58664e-09	0.962632
2.58676e-09	0.963143
2.58688e-09	0.96365
2.587e-09	0.964154
2.58712e-09	0.964654
2.58725e-09	0.96515
2.58737e-09	0.965644
2.58749e-09	0.966133
2.58761e-09	0.96662
2.58774e-09	0.967103
2.58786e-09	0.967582
2.58798e-09	0.968058
2.5881e-09	0.968531
2.58822e-09	0.969
2.58835e-09	0.969465
2.58847e-09	0.969927
2.58859e-09	0.970386
2.58871e-09	0.970841
2.58884e-09	0.971293
2.58896e-09	0.971741
2.58908e-09	0.972186
2.5892e-09	0.972627
2.58932e-09	0.973065
2.58945e-09	0.973499
2.58957e-09	0.97393
2.58969e-09	0.974358
2.58981e-09	0.974782
2.58994e-09	0.975202
2.59006e-09	0.975619
2.59018e-09	0.976032
2.5903e-09	0.976442
2.59042e-09	0.976849
2.59055e-09	0.977252
2.59067e-09	0.977651
2.59079e-09	0.978047
2.59091e-09	0.97844
2.59104e-09	0.978828
2.59116e-09	0.979214
2.59128e-09	0.979596
2.5914e-09	0.979974
2.59152e-09	0.980349
2.59165e-09	0.980721
2.59177e-09	0.981089
2.59189e-09	0.981453
2.59201e-09	0.981814
2.59214e-09	0.982171
2.59226e-09	0.982525
2.59238e-09	0.982876
2.5925e-09	0.983222
2.59262e-09	0.983566
2.59275e-09	0.983906
2.59287e-09	0.984242
2.59299e-09	0.984575
2.59311e-09	0.984904
2.59324e-09	0.98523
2.59336e-09	0.985552
2.59348e-09	0.98587
2.5936e-09	0.986186
2.59373e-09	0.986497
2.59385e-09	0.986805
2.59397e-09	0.98711
2.59409e-09	0.987411
2.59421e-09	0.987708
2.59434e-09	0.988002
2.59446e-09	0.988293
2.59458e-09	0.98858
2.5947e-09	0.988863
2.59483e-09	0.989143
2.59495e-09	0.989419
2.59507e-09	0.989692
2.59519e-09	0.989961
2.59531e-09	0.990227
2.59544e-09	0.990489
2.59556e-09	0.990747
2.59568e-09	0.991002
2.5958e-09	0.991254
2.59593e-09	0.991502
2.59605e-09	0.991746
2.59617e-09	0.991987
2.59629e-09	0.992224
2.59641e-09	0.992458
2.59654e-09	0.992688
2.59666e-09	0.992915
2.59678e-09	0.993138
2.5969e-09	0.993357
2.59703e-09	0.993573
2.59715e-09	0.993785
2.59727e-09	0.993994
2.59739e-09	0.9942
2.59751e-09	0.994401
2.59764e-09	0.994599
2.59776e-09	0.994794
2.59788e-09	0.994985
2.598e-09	0.995173
2.59813e-09	0.995356
2.59825e-09	0.995537
2.59837e-09	0.995714
2.59849e-09	0.995887
2.59861e-09	0.996056
2.59874e-09	0.996223
2.59886e-09	0.996385
2.59898e-09	0.996544
2.5991e-09	0.996699
2.59923e-09	0.996851
2.59935e-09	0.996999
2.59947e-09	0.997144
2.59959e-09	0.997285
2.59971e-09	0.997423
2.59984e-09	0.997557
2.59996e-09	0.997687
2.60008e-09	0.997814
2.6002e-09	0.997937
2.60033e-09	0.998057
2.60045e-09	0.998173
2.60057e-09	0.998286
2.60069e-09	0.998395
2.60081e-09	0.9985
2.60094e-09	0.998602
2.60106e-09	0.9987
2.60118e-09	0.998795
2.6013e-09	0.998886
2.60143e-09	0.998973
2.60155e-09	0.999057
2.60167e-09	0.999138
2.60179e-09	0.999214
2.60191e-09	0.999288
2.60204e-09	0.999357
2.60216e-09	0.999423
2.60228e-09	0.999486
2.6024e-09	0.999545
2.60253e-09	0.9996
2.60265e-09	0.999652
2.60277e-09	0.9997
2.60289e-09	0.999744
2.60302e-09	0.999785
2.60314e-09	0.999823
2.60326e-09	0.999857
2.60338e-09	0.999887
2.6035e-09	0.999914
2.60363e-09	0.999937
2.60375e-09	0.999956
2.60387e-09	0.999972
2.60399e-09	0.999984
2.60412e-09	0.999993
2.60424e-09	0.999998
2.60436e-09	1
2.60448e-09	0.999998
2.6046e-09	0.999992
2.60473e-09	0.999983
2.60485e-09	0.999971
2.60497e-09	0.999954
2.60509e-09	0.999934
2.60522e-09	0.999911
2.60534e-09	0.999884
2.60546e-09	0.999853
2.60558e-09	0.999819
2.6057e-09	0.999781
2.60583e-09	0.99974
2.60595e-09	0.999695
2.60607e-09	0.999647
2.60619e-09	0.999595
2.60632e-09	0.999539
2.60644e-09	0.99948
2.60656e-09	0.999417
2.60668e-09	0.99935
2.6068e-09	0.999281
2.60693e-09	0.999207
2.60705e-09	0.99913
2.60717e-09	0.999049
2.60729e-09	0.998965
2.60742e-09	0.998877
2.60754e-09	0.998786
2.60766e-09	0.99869
2.60778e-09	0.998592
2.6079e-09	0.99849
2.60803e-09	0.998384
2.60815e-09	0.998275
2.60827e-09	0.998162
2.60839e-09	0.998045
2.60852e-09	0.997925
2.60864e-09	0.997802
2.60876e-09	0.997675
2.60888e-09	0.997544
2.609e-09	0.997409
2.60913e-09	0.997272
2.60925e-09	0.99713
2.60937e-09	0.996985
2.60949e-09	0.996836
2.60962e-09	0.996684
2.60974e-09	0.996529
2.60986e-09	0.996369
2.60998e-09	0.996206
2.6101e-09	0.99604
2.61023e-09	0.99587
2.61035e-09	0.995696
2.61047e-09	0.995519
2.61059e-09	0.995339
2.61072e-09	0.995154
2.61084e-09	0.994967
2.61096e-09	0.994775
2.61108e-09	0.99458
2.6112e-09	0.994382
2.61133e-09	0.99418
2.61145e-09	0.993974
2.61157e-09	0.993765
2.61169e-09	0.993552
2.61182e-09	0.993336
2.61194e-09	0.993116
2.61206e-09	0.992893
2.61218e-09	0.992666
2.6123e-09	0.992435
2.61243e-09	0.992201
2.61255e-09	0.991963
2.61267e-09	0.991722
2.61279e-09	0.991477
2.61292e-09	0.991229
2.61304e-09	0.990977
2.61316e-09	0.990722
2.61328e-09	0.990463
2.61341e-09	0.990201
2.61353e-09	0.989935
2.61365e-09	0.989665
2.61377e-09	0.989392
2.61389e-09	0.989116
2.61402e-09	0.988835
2.61414e-09	0.988552
2.61426e-09	0.988264
2.61438e-09	0.987974
2.61451e-09	0.987679
2.61463e-09	0.987382
2.61475e-09	0.98708
2.61487e-09	0.986775
2.61499e-09	0.986467
2.61512e-09	0.986155
2.61524e-09	0.985839
2.61536e-09	0.98552
2.61548e-09	0.985198
2.61561e-09	0.984872
2.61573e-09	0.984542
2.61585e-09	0.984209
2.61597e-09	0.983872
2.61609e-09	0.983532
2.61622e-09	0.983189
2.61634e-09	0.982841
2.61646e-09	0.982491
2.61658e-09	0.982136
2.61671e-09	0.981779
2.61683e-09	0.981417
2.61695e-09	0.981053
2.61707e-09	0.980684
2.61719e-09	0.980313
2.61732e-09	0.979937
2.61744e-09	0.979559
2.61756e-09	0.979176
2.61768e-09	0.97879
2.61781e-09	0.978401
2.61793e-09	0.978008
2.61805e-09	0.977612
2.61817e-09	0.977212
2.61829e-09	0.976809
2.61842e-09	0.976402
2.61854e-09	0.975992
2.61866e-09	0.975578
2.61878e-09	0.975161
2.61891e-09	0.97474
2.61903e-09	0.974316
2.61915e-09	0.973888
2.61927e-09	0.973457
2.61939e-09	0.973022
2.61952e-09	0.972584
2.61964e-09	0.972143
2.61976e-09	0.971697
2.61988e-09	0.971249
2.62001e-09	0.970797
2.62013e-09	0.970341
2.62025e-09	0.969882
2.62037e-09	0.96942
2.62049e-09	0.968954
2.62062e-09	0.968485
2.62074e-09	0.968012
2.62086e-09	0.967535
2.62098e-09	0.967056
2.62111e-09	0.966572
2.62123e-09	0.966086
2.62135e-09	0.965595
2.62147e-09	0.965102
2.62159e-09	0.964605
2.62172e-09	0.964104
2.62184e-09	0.9636
2.62196e-09	0.963093
2.62208e-09	0.962582
2.62221e-09	0.962068
2.62233e-09	0.96155
2.62245e-09	0.961029
2.62257e-09	0.960504
2.6227e-09	0.959976
2.62282e-09	0.959445
2.62294e-09	0.95891
2.62306e-09	0.958372
2.62318e-09	0.95783
2.62331e-09	0.957285
2.62343e-09	0.956736
2.62355e-09	0.956184
2.62367e-09	0.955629
2.6238e-09	0.95507
2.62392e-09	0.954508
2.62404e-09	0.953942
2.62416e-09	0.953373
2.62428e-09	0.952801
2.62441e-09	0.952225
2.62453e-09	0.951646
2.62465e-09	0.951063
2.62477e-09	0.950477
2.6249e-09	0.949888
2.62502e-09	0.949295
2.62514e-09	0.948699
2.62526e-09	0.948099
2.62538e-09	0.947496
2.62551e-09	0.946889
2.62563e-09	0.94628
2.62575e-09	0.945667
2.62587e-09	0.94505
2.626e-09	0.94443
2.62612e-09	0.943807
2.62624e-09	0.94318
2.62636e-09	0.94255
2.62648e-09	0.941917
2.62661e-09	0.94128
2.62673e-09	0.94064
2.62685e-09	0.939996
2.62697e-09	0.93935
2.6271e-09	0.938699
2.62722e-09	0.938046
2.62734e-09	0.937389
2.62746e-09	0.936729
2.62758e-09	0.936065
2.62771e-09	0.935398
2.62783e-09	0.934728
2.62795e-09	0.934054
2.62807e-09	0.933378
2.6282e-09	0.932697
2.62832e-09	0.932014
2.62844e-09	0.931327
2.62856e-09	0.930637
2.62868e-09	0.929943
2.62881e-09	0.929246
2.62893e-09	0.928546
2.62905e-09	0.927842
2.62917e-09	0.927136
2.6293e-09	0.926426
2.62942e-09	0.925712
2.62954e-09	0.924995
2.62966e-09	0.924275
2.62978e-09	0.923552
2.62991e-09	0.922825
2.63003e-09	0.922096
2.63015e-09	0.921362
2.63027e-09	0.920626
2.6304e-09	0.919886
2.63052e-09	0.919143
2.63064e-09	0.918397
2.63076e-09	0.917647
2.63088e-09	0.916894
2.63101e-09	0.916138
2.63113e-09	0.915379
2.63125e-09	0.914616
2.63137e-09	0.91385
2.6315e-09	0.913081
2.63162e-09	0.912308
2.63174e-09	0.911533
2.63186e-09	0.910754
2.63198e-09	0.909972
2.63211e-09	0.909186
2.63223e-09	0.908397
2.63235e-09	0.907605
2.63247e-09	0.90681
2.6326e-09	0.906012
2.63272e-09	0.90521
2.63284e-09	0.904405
2.63296e-09	0.903597
2.63309e-09	0.902786
2.63321e-09	0.901972
2.63333e-09	0.901154
2.63345e-09	0.900333
2.63357e-09	0.899509
2.6337e-09	0.898681
2.63382e-09	0.897851
2.63394e-09	0.897017
2.63406e-09	0.89618
2.63419e-09	0.89534
2.63431e-09	0.894497
2.63443e-09	0.89365
2.63455e-09	0.892801
2.63467e-09	0.891948
2.6348e-09	0.891092
2.63492e-09	0.890232
2.63504e-09	0.88937
2.63516e-09	0.888504
2.63529e-09	0.887636
2.63541e-09	0.886764
2.63553e-09	0.885889
2.63565e-09	0.88501
2.63577e-09	0.884129
2.6359e-09	0.883245
2.63602e-09	0.882357
2.63614e-09	0.881466
2.63626e-09	0.880572
2.63639e-09	0.879675
2.63651e-09	0.878775
2.63663e-09	0.877872
2.63675e-09	0.876965
2.63687e-09	0.876056
2.637e-09	0.875143
2.63712e-09	0.874227
2.63724e-09	0.873308
2.63736e-09	0.872386
2.63749e-09	0.871461
2.63761e-09	0.870533
2.63773e-09	0.869602
2.63785e-09	0.868667
2.63797e-09	0.86773
2.6381e-09	0.866789
2.63822e-09	0.865846
2.63834e-09	0.864899
2.63846e-09	0.863949
2.63859e-09	0.862996
2.63871e-09	0.86204
2.63883e-09	0.861081
2.63895e-09	0.860119
2.63907e-09	0.859154
2.6392e-09	0.858186
2.63932e-09	0.857214
2.63944e-09	0.85624
2.63956e-09	0.855263
2.63969e-09	0.854282
2.63981e-09	0.853299
2.63993e-09	0.852313
2.64005e-09	0.851323
2.64017e-09	0.850331
2.6403e-09	0.849335
2.64042e-09	0.848337
2.64054e-09	0.847335
2.64066e-09	0.84633
2.64079e-09	0.845323
2.64091e-09	0.844312
2.64103e-09	0.843299
2.64115e-09	0.842282
2.64127e-09	0.841263
2.6414e-09	0.84024
2.64152e-09	0.839214
2.64164e-09	0.838186
2.64176e-09	0.837154
2.64189e-09	0.83612
2.64201e-09	0.835083
2.64213e-09	0.834042
2.64225e-09	0.832999
2.64237e-09	0.831953
2.6425e-09	0.830903
2.64262e-09	0.829851
2.64274e-09	0.828796
2.64286e-09	0.827738
2.64299e-09	0.826677
2.64311e-09	0.825613
2.64323e-09	0.824546
2.64335e-09	0.823476
2.64348e-09	0.822403
2.6436e-09	0.821328
2.64372e-09	0.820249
2.64384e-09	0.819167
2.64396e-09	0.818083
2.64409e-09	0.816996
2.64421e-09	0.815906
2.64433e-09	0.814813
2.64445e-09	0.813717
2.64458e-09	0.812618
2.6447e-09	0.811516
2.64482e-09	0.810411
2.64494e-09	0.809304
2.64506e-09	0.808194
2.64519e-09	0.80708
2.64531e-09	0.805964
2.64543e-09	0.804845
2.64555e-09	0.803723
2.64568e-09	0.802599
2.6458e-09	0.801471
2.64592e-09	0.800341
2.64604e-09	0.799208
2.64616e-09	0.798072
2.64629e-09	0.796933
2.64641e-09	0.795791
2.64653e-09	0.794647
2.64665e-09	0.7935
2.64678e-09	0.79235
2.6469e-09	0.791197
2.64702e-09	0.790041
2.64714e-09	0.788883
2.64726e-09	0.787721
2.64739e-09	0.786557
2.64751e-09	0.78539
2.64763e-09	0.784221
2.64775e-09	0.783048
2.64788e-09	0.781873
2.648e-09	0.780695
2.64812e-09	0.779515
2.64824e-09	0.778331
2.64836e-09	0.777145
2.64849e-09	0.775956
2.64861e-09	0.774764
2.64873e-09	0.77357
2.64885e-09	0.772373
2.64898e-09	0.771173
2.6491e-09	0.76997
2.64922e-09	0.768765
2.64934e-09	0.767557
2.64946e-09	0.766346
2.64959e-09	0.765132
2.64971e-09	0.763916
2.64983e-09	0.762697
2.64995e-09	0.761476
2.65008e-09	0.760251
2.6502e-09	0.759024
2.65032e-09	0.757795
2.65044e-09	0.756562
2.65056e-09	0.755327
2.65069e-09	0.75409
2.65081e-09	0.752849
2.65093e-09	0.751606
2.65105e-09	0.750361
2.65118e-09	0.749113
2.6513e-09	0.747862
2.65142e-09	0.746608
2.65154e-09	0.745352
2.65166e-09	0.744093
2.65179e-09	0.742831
2.65191e-09	0.741567
2.65203e-09	0.740301
2.65215e-09	0.739031
2.65228e-09	0.737759
2.6524e-09	0.736485
2.65252e-09	0.735208
2.65264e-09	0.733928
2.65277e-09	0.732646
2.65289e-09	0.731361
2.65301e-09	0.730073
2.65313e-09	0.728783
2.65325e-09	0.727491
2.65338e-09	0.726196
2.6535e-09	0.724898
2.65362e-09	0.723598
2.65374e-09	0.722295
2.65387e-09	0.720989
2.65399e-09	0.719682
2.65411e-09	0.718371
2.65423e-09	0.717058
2.65435e-09	0.715743
2.65448e-09	0.714425
2.6546e-09	0.713104
2.65472e-09	0.711781
2.65484e-09	0.710455
2.65497e-09	0.709127
2.65509e-09	0.707797
2.65521e-09	0.706464
2.65533e-09	0.705128
2.65545e-09	0.70379
2.65558e-09	0.70245
2.6557e-09	0.701107
2.65582e-09	0.699761
2.65594e-09	0.698413
2.65607e-09	0.697063
2.65619e-09	0.69571
2.65631e-09	0.694355
2.65643e-09	0.692997
2.65655e-09	0.691637
2.65668e-09	0.690275
2.6568e-09	0.68891
2.65692e-09	0.687542
2.65704e-09	0.686173
2.65717e-09	0.6848
2.65729e-09	0.683426
2.65741e-09	0.682049
2.65753e-09	0.680669
2.65765e-09	0.679288
2.65778e-09	0.677903
2.6579e-09	0.676517
2.65802e-09	0.675128
2.65814e-09	0.673737
2.65827e-09	0.672343
2.65839e-09	0.670947
2.65851e-09	0.669549
2.65863e-09	0.668148
2.65875e-09	0.666745
2.65888e-09	0.665339
2.659e-09	0.663932
2.65912e-09	0.662521
2.65924e-09	0.661109
2.65937e-09	0.659694
2.65949e-09	0.658277
2.65961e-09	0.656858
2.65973e-09	0.655436
2.65985e-09	0.654013
2.65998e-09	0.652586
2.6601e-09	0.651158
2.66022e-09	0.649727
2.66034e-09	0.648294
2.66047e-09	0.646859
2.66059e-09	0.645421
2.66071e-09	0.643981
2.66083e-09	0.642539
2.66095e-09	0.641095
2.66108e-09	0.639648
2.6612e-09	0.638199
2.66132e-09	0.636748
2.66144e-09	0.635295
2.66157e-09	0.633839
2.66169e-09	0.632382
2.66181e-09	0.630922
2.66193e-09	0.62946
2.66205e-09	0.627995
2.66218e-09	0.626529
2.6623e-09	0.62506
2.66242e-09	0.623589
2.66254e-09	0.622116
2.66267e-09	0.620641
2.66279e-09	0.619163
2.66291e-09	0.617684
2.66303e-09	0.616202
2.66316e-09	0.614718
2.66328e-09	0.613232
2.6634e-09	0.611744
2.66352e-09	0.610254
2.66364e-09	0.608761
2.66377e-09	0.607267
2.66389e-09	0.60577
2.66401e-09	0.604271
2.66413e-09	0.60277
2.66426e-09	0.601267
2.66438e-09	0.599762
2.6645e-09	0.598255
2.66462e-09	0.596746
2.66474e-09	0.595235
2.66487e-09	0.593721
2.66499e-09	0.592206
2.66511e-09	0.590688
2.66523e-09	0.589169
2.66536e-09	0.587647
2.66548e-09	0.586123
2.6656e-09	0.584598
2.66572e-09	0.58307
2.66584e-09	0.58154
2.66597e-09	0.580008
2.66609e-09	0.578475
2.66621e-09	0.576939
2.66633e-09	0.575401
2.66646e-09	0.573861
2.66658e-09	0.572319
2.6667e-09	0.570775
2.66682e-09	0.56923
2.66694e-09	0.567682
2.66707e-09	0.566132
2.66719e-09	0.56458
2.66731e-09	0.563027
2.66743e-09	0.561471
2.66756e-09	0.559914
2.66768e-09	0.558354
2.6678e-09	0.556793
2.66792e-09	0.555229
2.66804e-09	0.553664
2.66817e-09	0.552097
2.66829e-09	0.550528
2.66841e-09	0.548957
2.66853e-09	0.547384
2.66866e-09	0.545809
2.66878e-09	0.544232
2.6689e-09	0.542654
2.66902e-09	0.541073
2.66914e-09	0.539491
2.66927e-09	0.537907
2.66939e-09	0.536321
2.66951e-09	0.534733
2.66963e-09	0.533143
2.66976e-09	0.531551
2.66988e-09	0.529958
2.67e-09	0.528363
2.67012e-09	0.526766
2.67024e-09	0.525167
2.67037e-09	0.523566
2.67049e-09	0.521963
2.67061e-09	0.520359
2.67073e-09	0.518753
2.67086e-09	0.517145
2.67098e-09	0.515535
2.6711e-09	0.513924
2.67122e-09	0.512311
2.67134e-09	0.510696
2.67147e-09	0.509079
2.67159e-09	0.50746
2.67171e-09	0.50584
2.67183e-09	0.504218
2.67196e-09	0.502594
2.67208e-09	0.500969
2.6722e-09	0.499342
2.67232e-09	0.497713
2.67245e-09	0.496082
2.67257e-09	0.49445
2.67269e-09	0.492816
2.67281e-09	0.49118
2.67293e-09	0.489543
2.67306e-09	0.487904
2.67318e-09	0.486263
2.6733e-09	0.484621
2.67342e-09	0.482976
2.67355e-09	0.481331
2.67367e-09	0.479683
2.67379e-09	0.478034
2.67391e-09	0.476384
2.67403e-09	0.474731
2.67416e-09	0.473077
2.67428e-09	0.471422
2.6744e-09	0.469765
2.67452e-09	0.468106
2.67465e-09	0.466446
2.67477e-09	0.464784
2.67489e-09	0.46312
2.67501e-09	0.461455
2.67513e-09	0.459788
2.67526e-09	0.45812
2.67538e-09	0.45645
2.6755e-09	0.454779
2.67562e-09	0.453106
2.67575e-09	0.451431
2.67587e-09	0.449755
2.67599e-09	0.448078
2.67611e-09	0.446399
2.67623e-09	0.444718
2.67636e-09	0.443036
2.67648e-09	0.441352
2.6766e-09	0.439667
2.67672e-09	0.437981
2.67685e-09	0.436292
2.67697e-09	0.434603
2.67709e-09	0.432912
2.67721e-09	0.431219
2.67733e-09	0.429525
2.67746e-09	0.42783
2.67758e-09	0.426133
2.6777e-09	0.424435
2.67782e-09	0.422735
2.67795e-09	0.421033
2.67807e-09	0.419331
2.67819e-09	0.417627
2.67831e-09	0.415921
2.67843e-09	0.414214
2.67856e-09	0.412506
2.67868e-09	0.410796
2.6788e-09	0.409085
2.67892e-09	0.407373
2.67905e-09	0.405659
2.67917e-09	0.403944
2.67929e-09	0.402227
2.67941e-09	0.400509
2.67953e-09	0.39879
2.67966e-09	0.397069
2.67978e-09	0.395347
2.6799e-09	0.393624
2.68002e-09	0.391899
2.68015e-09	0.390173
2.68027e-09	0.388446
2.68039e-09	0.386718
2.68051e-09	0.384988
2.68063e-09	0.383257
2.68076e-09	0.381524
2.68088e-09	0.37979
2.681e-09	0.378055
2.68112e-09	0.376319
2.68125e-09	0.374582
2.68137e-09	0.372843
2.68149e-09	0.371103
2.68161e-09	0.369362
2.68173e-09	0.367619
2.68186e-09	0.365875
2.68198e-09	0.36413
2.6821e-09	0.362384
2.68222e-09	0.360637
2.68235e-09	0.358888
2.68247e-09	0.357138
2.68259e-09	0.355387
2.68271e-09	0.353635
2.68284e-09	0.351882
2.68296e-09	0.350127
2.68308e-09	0.348372
2.6832e-09	0.346615
2.68332e-09	0.344857
2.68345e-09	0.343098
2.68357e-09	0.341338
2.68369e-09	0.339576
2.68381e-09	0.337814
2.68394e-09	0.33605
2.68406e-09	0.334285
2.68418e-09	0.332519
2.6843e-09	0.330753
2.68442e-09	0.328984
2.68455e-09	0.327215
2.68467e-09	0.325445
2.68479e-09	0.323674
2.68491e-09	0.321902
2.68504e-09	0.320128
2.68516e-09	0.318354
2.68528e-09	0.316578
2.6854e-09	0.314802
2.68552e-09	0.313024
2.68565e-09	0.311245
2.68577e-09	0.309466
2.68589e-09	0.307685
2.68601e-09	0.305903
2.68614e-09	0.304121
2.68626e-09	0.302337
2.68638e-09	0.300552
2.6865e-09	0.298767
2.68662e-09	0.29698
2.68675e-09	0.295193
2.68687e-09	0.293404
2.68699e-09	0.291615
2.68711e-09	0.289824
2.68724e-09	0.288033
2.68736e-09	0.286241
2.68748e-09	0.284447
2.6876e-09	0.282653
2.68772e-09	0.280858
2.68785e-09	0.279062
2.68797e-09	0.277265
2.68809e-09	0.275467
2.68821e-09	0.273669
2.68834e-09	0.271869
2.68846e-09	0.270069
2.68858e-09	0.268268
2.6887e-09	0.266465
2.68882e-09	0.264662
2.68895e-09	0.262859
2.68907e-09	0.261054
2.68919e-09	0.259248
2.68931e-09	0.257442
2.68944e-09	0.255635
2.68956e-09	0.253827
2.68968e-09	0.252018
2.6898e-09	0.250208
2.68992e-09	0.248398
2.69005e-09	0.246587
2.69017e-09	0.244775
2.69029e-09	0.242962
2.69041e-09	0.241148
2.69054e-09	0.239334
2.69066e-09	0.237519
2.69078e-09	0.235703
2.6909e-09	0.233887
2.69102e-09	0.232069
2.69115e-09	0.230251
2.69127e-09	0.228433
2.69139e-09	0.226613
2.69151e-09	0.224793
2.69164e-09	0.222972
2.69176e-09	0.221151
2.69188e-09	0.219329
2.692e-09	0.217506
2.69213e-09	0.215682
2.69225e-09	0.213858
2.69237e-09	0.212033
2.69249e-09	0.210207
2.69261e-09	0.208381
2.69274e-09	0.206554
2.69286e-09	0.204727
2.69298e-09	0.202899
2.6931e-09	0.20107
2.69323e-09	0.19924
2.69335e-09	0.19741
2.69347e-09	0.19558
2.69359e-09	0.193749
2.69371e-09	0.191917
2.69384e-09	0.190085
2.69396e-09	0.188252
2.69408e-09	0.186418
2.6942e-09	0.184584
2.69433e-09	0.18275
2.69445e-09	0.180914
2.69457e-09	0.179079
2.69469e-09	0.177243
2.69481e-09	0.175406
2.69494e-09	0.173569
2.69506e-09	0.171731
2.69518e-09	0.169892
2.6953e-09	0.168054
2.69543e-09	0.166214
2.69555e-09	0.164375
2.69567e-09	0.162534
2.69579e-09	0.160694
2.69591e-09	0.158852
2.69604e-09	0.157011
2.69616e-09	0.155169
2.69628e-09	0.153326
2.6964e-09	0.151483
2.69653e-09	0.14964
2.69665e-09	0.147796
2.69677e-09	0.145952
2.69689e-09	0.144107
2.69701e-09	0.142262
2.69714e-09	0.140416
2.69726e-09	0.138571
2.69738e-09	0.136724
2.6975e-09	0.134878
2.69763e-09	0.133031
2.69775e-09	0.131183
2.69787e-09	0.129336
2.69799e-09	0.127488
2.69811e-09	0.125639
2.69824e-09	0.12379
2.69836e-09	0.121941
2.69848e-09	0.120092
2.6986e-09	0.118242
2.69873e-09	0.116392
2.69885e-09	0.114542
2.69897e-09	0.112691
2.69909e-09	0.11084
2.69921e-09	0.108989
2.69934e-09	0.107138
2.69946e-09	0.105286
2.69958e-09	0.103434
2.6997e-09	0.101581
2.69983e-09	0.0997289
2.69995e-09	0.0978762
2.70007e-09	0.0960232
2.70019e-09	0.0941699
2.70031e-09	0.0923165
2.70044e-09	0.0904628
2.70056e-09	0.0886089
2.70068e-09	0.0867548
2.7008e-09	0.0849006
2.70093e-09	0.0830461
2.70105e-09	0.0811915
2.70117e-09	0.0793366
2.70129e-09	0.0774816
2.70141e-09	0.0756265
2.70154e-09	0.0737712
2.70166e-09	0.0719158
2.70178e-09	0.0700602
2.7019e-09	0.0682044
2.70203e-09	0.0663486
2.70215e-09	0.0644926
2.70227e-09	0.0626365
2.70239e-09	0.0607804
2.70252e-09	0.0589241
2.70264e-09	0.0570677
2.70276e-09	0.0552112
2.70288e-09	0.0533547
2.703e-09	0.0514981
2.70313e-09	0.0496414
2.70325e-09	0.0477846
2.70337e-09	0.0459278
2.70349e-09	0.044071
2.70362e-09	0.0422141
2.70374e-09	0.0403572
2.70386e-09	0.0385003
2.70398e-09	0.0366433
2.7041e-09	0.0347863
2.70423e-09	0.0329294
2.70435e-09	0.0310724
2.70447e-09	0.0292155
2.70459e-09	0.0273585
2.70472e-09	0.0255016
2.70484e-09	0.0236447
2.70496e-09	0.0217879
2.70508e-09	0.019931
2.7052e-09	0.0180743
2.70533e-09	0.0162176
2.70545e-09	0.0143609
2.70557e-09	0.0125044
2.70569e-09	0.0106479
2.70582e-09	0.00879148
2.70594e-09	0.00693516
2.70606e-09	0.00507894
2.70618e-09	0.00322282
2.7063e-09	0.00136682
2.70643e-09	-0.000489066
2.70655e-09	-0.00234483
2.70667e-09	-0.00420046
2.70679e-09	-0.00605595
2.70692e-09	-0.0079113
2.70704e-09	-0.00976649
2.70716e-09	-0.0116215
2.70728e-09	-0.0134764
2.7074e-09	-0.0153311
2.70753e-09	-0.0171856
2.70765e-09	-0.01904
2.70777e-09	-0.0208941
2.70789e-09	-0.022748
2.70802e-09	-0.0246018
2.70814e-09	-0.0264553
2.70826e-09	-0.0283086
2.70838e-09	-0.0301617
2.7085e-09	-0.0320145
2.70863e-09	-0.0338671
2.70875e-09	-0.0357195
2.70887e-09	-0.0375716
2.70899e-09	-0.0394234
2.70912e-09	-0.041275
2.70924e-09	-0.0431263
2.70936e-09	-0.0449773
2.70948e-09	-0.0468281
2.7096e-09	-0.0486785
2.70973e-09	-0.0505287
2.70985e-09	-0.0523785
2.70997e-09	-0.054228
2.71009e-09	-0.0560772
2.71022e-09	-0.0579261
2.71034e-09	-0.0597746
2.71046e-09	-0.0616228
2.71058e-09	-0.0634707
2.7107e-09	-0.0653182
2.71083e-09	-0.0671653
2.71095e-09	-0.0690121
2.71107e-09	-0.0708585
2.71119e-09	-0.0727045
2.71132e-09	-0.0745501
2.71144e-09	-0.0763953
2.71156e-09	-0.0782401
2.71168e-09	-0.0800845
2.71181e-09	-0.0819285
2.71193e-09	-0.0837721
2.71205e-09	-0.0856153
2.71217e-09	-0.087458
2.71229e-09	-0.0893003
2.71242e-09	-0.0911421
2.71254e-09	-0.0929834
2.71266e-09	-0.0948243
2.71278e-09	-0.0966648
2.71291e-09	-0.0985047
2.71303e-09	-0.100344
2.71315e-09	-0.102183
2.71327e-09	-0.104022
2.71339e-09	-0.10586
2.71352e-09	-0.107697
2.71364e-09	-0.109534
2.71376e-09	-0.111371
2.71388e-09	-0.113206
2.71401e-09	-0.115042
2.71413e-09	-0.116877
2.71425e-09	-0.118711
2.71437e-09	-0.120545
2.71449e-09	-0.122378
2.71462e-09	-0.12421
2.71474e-09	-0.126043
2.71486e-09	-0.127874
2.71498e-09	-0.129705
2.71511e-09	-0.131535
2.71523e-09	-0.133365
2.71535e-09	-0.135194
2.71547e-09	-0.137022
2.71559e-09	-0.13885
2.71572e-09	-0.140677
2.71584e-09	-0.142504
2.71596e-09	-0.14433
2.71608e-09	-0.146155
2.71621e-09	-0.147979
2.71633e-09	-0.149803
2.71645e-09	-0.151627
2.71657e-09	-0.153449
2.71669e-09	-0.155271
2.71682e-09	-0.157092
2.71694e-09	-0.158913
2.71706e-09	-0.160733
2.71718e-09	-0.162552
2.71731e-09	-0.16437
2.71743e-09	-0.166188
2.71755e-09	-0.168005
2.71767e-09	-0.169821
2.71779e-09	-0.171636
2.71792e-09	-0.173451
2.71804e-09	-0.175265
2.71816e-09	-0.177078
2.71828e-09	-0.178891
2.71841e-09	-0.180702
2.71853e-09	-0.182513
2.71865e-09	-0.184323
2.71877e-09	-0.186133
2.71889e-09	-0.187941
2.71902e-09	-0.189749
2.71914e-09	-0.191556
2.71926e-09	-0.193362
2.71938e-09	-0.195167
2.71951e-09	-0.196971
2.71963e-09	-0.198775
2.71975e-09	-0.200578
2.71987e-09	-0.202379
2.71999e-09	-0.20418
2.72012e-09	-0.205981
2.72024e-09	-0.20778
2.72036e-09	-0.209578
2.72048e-09	-0.211376
2.72061e-09	-0.213172
2.72073e-09	-0.214968
2.72085e-09	-0.216763
2.72097e-09	-0.218557
2.72109e-09	-0.22035
2.72122e-09	-0.222142
2.72134e-09	-0.223933
2.72146e-09	-0.225723
2.72158e-09	-0.227512
2.72171e-09	-0.2293
2.72183e-09	-0.231088
2.72195e-09	-0.232874
2.72207e-09	-0.234659
2.7222e-09	-0.236444
2.72232e-09	-0.238227
2.72244e-09	-0.24001
2.72256e-09	-0.241791
2.72268e-09	-0.243571
2.72281e-09	-0.245351
2.72293e-09	-0.247129
2.72305e-09	-0.248907
2.72317e-09	-0.250683
2.7233e-09	-0.252458
2.72342e-09	-0.254233
2.72354e-09	-0.256006
2.72366e-09	-0.257778
2.72378e-09	-0.259549
2.72391e-09	-0.261319
2.72403e-09	-0.263088
2.72415e-09	-0.264856
2.72427e-09	-0.266623
2.7244e-09	-0.268388
2.72452e-09	-0.270153
2.72464e-09	-0.271917
2.72476e-09	-0.273679
2.72488e-09	-0.27544
2.72501e-09	-0.2772
2.72513e-09	-0.278959
2.72525e-09	-0.280717
2.72537e-09	-0.282474
2.7255e-09	-0.28423
2.72562e-09	-0.285984
2.72574e-09	-0.287737
2.72586e-09	-0.28949
2.72598e-09	-0.29124
2.72611e-09	-0.29299
2.72623e-09	-0.294739
2.72635e-09	-0.296486
2.72647e-09	-0.298232
2.7266e-09	-0.299977
2.72672e-09	-0.301721
2.72684e-09	-0.303464
2.72696e-09	-0.305205
2.72708e-09	-0.306945
2.72721e-09	-0.308684
2.72733e-09	-0.310421
2.72745e-09	-0.312158
2.72757e-09	-0.313893
2.7277e-09	-0.315627
2.72782e-09	-0.317359
2.72794e-09	-0.31909
2.72806e-09	-0.32082
2.72818e-09	-0.322549
2.72831e-09	-0.324277
2.72843e-09	-0.326003
2.72855e-09	-0.327727
2.72867e-09	-0.329451
2.7288e-09	-0.331173
2.72892e-09	-0.332894
2.72904e-09	-0.334614
2.72916e-09	-0.336332
2.72928e-09	-0.338049
2.72941e-09	-0.339764
2.72953e-09	-0.341478
2.72965e-09	-0.343191
2.72977e-09	-0.344902
2.7299e-09	-0.346612
2.73002e-09	-0.348321
2.73014e-09	-0.350028
2.73026e-09	-0.351734
2.73038e-09	-0.353439
2.73051e-09	-0.355142
2.73063e-09	-0.356843
2.73075e-09	-0.358544
2.73087e-09	-0.360242
2.731e-09	-0.36194
2.73112e-09	-0.363636
2.73124e-09	-0.36533
2.73136e-09	-0.367023
2.73149e-09	-0.368715
2.73161e-09	-0.370405
2.73173e-09	-0.372094
2.73185e-09	-0.373781
2.73197e-09	-0.375467
2.7321e-09	-0.377151
2.73222e-09	-0.378834
2.73234e-09	-0.380515
2.73246e-09	-0.382194
2.73259e-09	-0.383873
2.73271e-09	-0.385549
2.73283e-09	-0.387225
2.73295e-09	-0.388898
2.73307e-09	-0.39057
2.7332e-09	-0.392241
2.73332e-09	-0.39391
2.73344e-09	-0.395578
2.73356e-09	-0.397244
2.73369e-09	-0.398908
2.73381e-09	-0.400571
2.73393e-09	-0.402232
2.73405e-09	-0.403892
2.73417e-09	-0.40555
2.7343e-09	-0.407206
2.73442e-09	-0.408861
2.73454e-09	-0.410514
2.73466e-09	-0.412166
2.73479e-09	-0.413816
2.73491e-09	-0.415465
2.73503e-09	-0.417111
2.73515e-09	-0.418757
2.73527e-09	-0.4204
2.7354e-09	-0.422042
2.73552e-09	-0.423682
2.73564e-09	-0.425321
2.73576e-09	-0.426958
2.73589e-09	-0.428593
2.73601e-09	-0.430227
2.73613e-09	-0.431858
2.73625e-09	-0.433489
2.73637e-09	-0.435117
2.7365e-09	-0.436744
2.73662e-09	-0.438369
2.73674e-09	-0.439993
2.73686e-09	-0.441614
2.73699e-09	-0.443234
2.73711e-09	-0.444852
2.73723e-09	-0.446469
2.73735e-09	-0.448084
2.73747e-09	-0.449697
2.7376e-09	-0.451308
2.73772e-09	-0.452918
2.73784e-09	-0.454525
2.73796e-09	-0.456131
2.73809e-09	-0.457735
2.73821e-09	-0.459338
2.73833e-09	-0.460939
2.73845e-09	-0.462537
2.73857e-09	-0.464135
2.7387e-09	-0.46573
2.73882e-09	-0.467323
2.73894e-09	-0.468915
2.73906e-09	-0.470505
2.73919e-09	-0.472093
2.73931e-09	-0.473679
2.73943e-09	-0.475263
2.73955e-09	-0.476846
2.73967e-09	-0.478426
2.7398e-09	-0.480005
2.73992e-09	-0.481582
2.74004e-09	-0.483157
2.74016e-09	-0.48473
2.74029e-09	-0.486302
2.74041e-09	-0.487871
2.74053e-09	-0.489439
2.74065e-09	-0.491004
2.74077e-09	-0.492568
2.7409e-09	-0.49413
2.74102e-09	-0.49569
2.74114e-09	-0.497248
2.74126e-09	-0.498804
2.74139e-09	-0.500358
2.74151e-09	-0.501911
2.74163e-09	-0.503461
2.74175e-09	-0.505009
2.74188e-09	-0.506556
2.742e-09	-0.5081
2.74212e-09	-0.509643
2.74224e-09	-0.511183
2.74236e-09	-0.512722
2.74249e-09	-0.514259
2.74261e-09	-0.515793
2.74273e-09	-0.517326
2.74285e-09	-0.518857
2.74298e-09	-0.520385
2.7431e-09	-0.521912
2.74322e-09	-0.523437
2.74334e-09	-0.524959
2.74346e-09	-0.52648
2.74359e-09	-0.527999
2.74371e-09	-0.529515
2.74383e-09	-0.53103
2.74395e-09	-0.532542
2.74408e-09	-0.534053
2.7442e-09	-0.535561
2.74432e-09	-0.537067
2.74444e-09	-0.538572
2.74456e-09	-0.540074
2.74469e-09	-0.541574
2.74481e-09	-0.543072
2.74493e-09	-0.544568
2.74505e-09	-0.546062
2.74518e-09	-0.547554
2.7453e-09	-0.549044
2.74542e-09	-0.550531
2.74554e-09	-0.552017
2.74566e-09	-0.5535
2.74579e-09	-0.554982
2.74591e-09	-0.556461
2.74603e-09	-0.557938
2.74615e-09	-0.559413
2.74628e-09	-0.560885
2.7464e-09	-0.562356
2.74652e-09	-0.563825
2.74664e-09	-0.565291
2.74676e-09	-0.566755
2.74689e-09	-0.568217
2.74701e-09	-0.569677
2.74713e-09	-0.571134
2.74725e-09	-0.57259
2.74738e-09	-0.574043
2.7475e-09	-0.575494
2.74762e-09	-0.576943
2.74774e-09	-0.57839
2.74786e-09	-0.579834
2.74799e-09	-0.581277
2.74811e-09	-0.582717
2.74823e-09	-0.584154
2.74835e-09	-0.58559
2.74848e-09	-0.587023
2.7486e-09	-0.588454
2.74872e-09	-0.589883
2.74884e-09	-0.59131
2.74896e-09	-0.592734
2.74909e-09	-0.594157
2.74921e-09	-0.595576
2.74933e-09	-0.596994
2.74945e-09	-0.598409
2.74958e-09	-0.599822
2.7497e-09	-0.601233
2.74982e-09	-0.602642
2.74994e-09	-0.604048
2.75006e-09	-0.605452
2.75019e-09	-0.606853
2.75031e-09	-0.608253
2.75043e-09	-0.60965
2.75055e-09	-0.611044
2.75068e-09	-0.612437
2.7508e-09	-0.613827
2.75092e-09	-0.615214
2.75104e-09	-0.6166
2.75117e-09	-0.617983
2.75129e-09	-0.619363
2.75141e-09	-0.620742
2.75153e-09	-0.622117
2.75165e-09	-0.623491
2.75178e-09	-0.624862
2.7519e-09	-0.626231
2.75202e-09	-0.627598
2.75214e-09	-0.628962
2.75227e-09	-0.630323
2.75239e-09	-0.631683
2.75251e-09	-0.63304
2.75263e-09	-0.634394
2.75275e-09	-0.635746
2.75288e-09	-0.637096
2.753e-09	-0.638443
2.75312e-09	-0.639788
2.75324e-09	-0.641131
2.75337e-09	-0.642471
2.75349e-09	-0.643808
2.75361e-09	-0.645144
2.75373e-09	-0.646476
2.75385e-09	-0.647807
2.75398e-09	-0.649135
2.7541e-09	-0.65046
2.75422e-09	-0.651783
2.75434e-09	-0.653103
2.75447e-09	-0.654421
2.75459e-09	-0.655737
2.75471e-09	-0.65705
2.75483e-09	-0.65836
2.75495e-09	-0.659669
2.75508e-09	-0.660974
2.7552e-09	-0.662277
2.75532e-09	-0.663578
2.75544e-09	-0.664876
2.75557e-09	-0.666172
2.75569e-09	-0.667465
2.75581e-09	-0.668755
2.75593e-09	-0.670043
2.75605e-09	-0.671329
2.75618e-09	-0.672612
2.7563e-09	-0.673892
2.75642e-09	-0.67517
2.75654e-09	-0.676445
2.75667e-09	-0.677718
2.75679e-09	-0.678988
2.75691e-09	-0.680256
2.75703e-09	-0.681521
2.75715e-09	-0.682784
2.75728e-09	-0.684044
2.7574e-09	-0.685301
2.75752e-09	-0.686556
2.75764e-09	-0.687808
2.75777e-09	-0.689058
2.75789e-09	-0.690305
2.75801e-09	-0.691549
2.75813e-09	-0.692791
2.75825e-09	-0.69403
2.75838e-09	-0.695267
2.7585e-09	-0.696501
2.75862e-09	-0.697733
2.75874e-09	-0.698961
2.75887e-09	-0.700188
2.75899e-09	-0.701411
2.75911e-09	-0.702632
2.75923e-09	-0.70385
2.75935e-09	-0.705066
2.75948e-09	-0.706279
2.7596e-09	-0.707489
2.75972e-09	-0.708697
2.75984e-09	-0.709902
2.75997e-09	-0.711104
2.76009e-09	-0.712304
2.76021e-09	-0.713501
2.76033e-09	-0.714695
2.76045e-09	-0.715887
2.76058e-09	-0.717076
2.7607e-09	-0.718262
2.76082e-09	-0.719445
2.76094e-09	-0.720626
2.76107e-09	-0.721804
2.76119e-09	-0.72298
2.76131e-09	-0.724153
2.76143e-09	-0.725323
2.76156e-09	-0.72649
2.76168e-09	-0.727655
2.7618e-09	-0.728816
2.76192e-09	-0.729976
2.76204e-09	-0.731132
2.76217e-09	-0.732286
2.76229e-09	-0.733437
2.76241e-09	-0.734585
2.76253e-09	-0.73573
2.76266e-09	-0.736873
2.76278e-09	-0.738013
2.7629e-09	-0.73915
2.76302e-09	-0.740284
2.76314e-09	-0.741416
2.76327e-09	-0.742545
2.76339e-09	-0.743671
2.76351e-09	-0.744794
2.76363e-09	-0.745915
2.76376e-09	-0.747032
2.76388e-09	-0.748147
2.764e-09	-0.749259
2.76412e-09	-0.750369
2.76424e-09	-0.751475
2.76437e-09	-0.752579
2.76449e-09	-0.75368
2.76461e-09	-0.754778
2.76473e-09	-0.755873
2.76486e-09	-0.756966
2.76498e-09	-0.758055
2.7651e-09	-0.759142
2.76522e-09	-0.760226
2.76534e-09	-0.761307
2.76547e-09	-0.762385
2.76559e-09	-0.763461
2.76571e-09	-0.764534
2.76583e-09	-0.765603
2.76596e-09	-0.76667
2.76608e-09	-0.767734
2.7662e-09	-0.768795
2.76632e-09	-0.769854
2.76644e-09	-0.770909
2.76657e-09	-0.771962
2.76669e-09	-0.773011
2.76681e-09	-0.774058
2.76693e-09	-0.775102
2.76706e-09	-0.776143
2.76718e-09	-0.777181
2.7673e-09	-0.778216
2.76742e-09	-0.779249
2.76754e-09	-0.780278
2.76767e-09	-0.781305
2.76779e-09	-0.782328
2.76791e-09	-0.783349
2.76803e-09	-0.784367
2.76816e-09	-0.785382
2.76828e-09	-0.786394
2.7684e-09	-0.787403
2.76852e-09	-0.788409
2.76864e-09	-0.789412
2.76877e-09	-0.790412
2.76889e-09	-0.79141
2.76901e-09	-0.792404
2.76913e-09	-0.793395
2.76926e-09	-0.794384
2.76938e-09	-0.795369
2.7695e-09	-0.796352
2.76962e-09	-0.797332
2.76974e-09	-0.798308
2.76987e-09	-0.799282
2.76999e-09	-0.800253
2.77011e-09	-0.80122
2.77023e-09	-0.802185
2.77036e-09	-0.803147
2.77048e-09	-0.804106
2.7706e-09	-0.805062
2.77072e-09	-0.806014
2.77085e-09	-0.806964
2.77097e-09	-0.807911
2.77109e-09	-0.808855
2.77121e-09	-0.809796
2.77133e-09	-0.810734
2.77146e-09	-0.811668
2.77158e-09	-0.8126
2.7717e-09	-0.813529
2.77182e-09	-0.814455
2.77195e-09	-0.815378
2.77207e-09	-0.816297
2.77219e-09	-0.817214
2.77231e-09	-0.818128
2.77243e-09	-0.819039
2.77256e-09	-0.819946
2.77268e-09	-0.820851
2.7728e-09	-0.821752
2.77292e-09	-0.822651
2.77305e-09	-0.823546
2.77317e-09	-0.824439
2.77329e-09	-0.825328
2.77341e-09	-0.826214
2.77353e-09	-0.827098
2.77366e-09	-0.827978
2.77378e-09	-0.828855
2.7739e-09	-0.829729
2.77402e-09	-0.8306
2.77415e-09	-0.831468
2.77427e-09	-0.832333
2.77439e-09	-0.833195
2.77451e-09	-0.834053
2.77463e-09	-0.834909
2.77476e-09	-0.835762
2.77488e-09	-0.836611
2.775e-09	-0.837457
2.77512e-09	-0.838301
2.77525e-09	-0.839141
2.77537e-09	-0.839978
2.77549e-09	-0.840812
2.77561e-09	-0.841643
2.77573e-09	-0.84247
2.77586e-09	-0.843295
2.77598e-09	-0.844116
2.7761e-09	-0.844935
2.77622e-09	-0.84575
2.77635e-09	-0.846562
2.77647e-09	-0.847371
2.77659e-09	-0.848177
2.77671e-09	-0.84898
2.77683e-09	-0.84978
2.77696e-09	-0.850576
2.77708e-09	-0.85137
2.7772e-09	-0.85216
2.77732e-09	-0.852947
2.77745e-09	-0.853731
2.77757e-09	-0.854512
2.77769e-09	-0.855289
2.77781e-09	-0.856064
2.77793e-09	-0.856835
2.77806e-09	-0.857603
2.77818e-09	-0.858368
2.7783e-09	-0.85913
2.77842e-09	-0.859889
2.77855e-09	-0.860644
2.77867e-09	-0.861397
2.77879e-09	-0.862146
2.77891e-09	-0.862892
2.77903e-09	-0.863635
2.77916e-09	-0.864374
2.77928e-09	-0.865111
2.7794e-09	-0.865844
2.77952e-09	-0.866574
2.77965e-09	-0.867301
2.77977e-09	-0.868025
2.77989e-09	-0.868746
2.78001e-09	-0.869463
2.78013e-09	-0.870177
2.78026e-09	-0.870888
2.78038e-09	-0.871596
2.7805e-09	-0.8723
2.78062e-09	-0.873002
2.78075e-09	-0.8737
2.78087e-09	-0.874395
2.78099e-09	-0.875086
2.78111e-09	-0.875775
2.78124e-09	-0.87646
2.78136e-09	-0.877142
2.78148e-09	-0.877821
2.7816e-09	-0.878497
2.78172e-09	-0.879169
2.78185e-09	-0.879838
2.78197e-09	-0.880504
2.78209e-09	-0.881167
2.78221e-09	-0.881826
2.78234e-09	-0.882482
2.78246e-09	-0.883135
2.78258e-09	-0.883785
2.7827e-09	-0.884432
2.78282e-09	-0.885075
2.78295e-09	-0.885715
2.78307e-09	-0.886352
2.78319e-09	-0.886985
2.78331e-09	-0.887616
2.78344e-09	-0.888242
2.78356e-09	-0.888866
2.78368e-09	-0.889487
2.7838e-09	-0.890104
2.78392e-09	-0.890718
2.78405e-09	-0.891329
2.78417e-09	-0.891936
2.78429e-09	-0.89254
2.78441e-09	-0.893141
2.78454e-09	-0.893739
2.78466e-09	-0.894333
2.78478e-09	-0.894924
2.7849e-09	-0.895512
2.78502e-09	-0.896097
2.78515e-09	-0.896678
2.78527e-09	-0.897256
2.78539e-09	-0.89783
2.78551e-09	-0.898402
2.78564e-09	-0.89897
2.78576e-09	-0.899535
2.78588e-09	-0.900096
2.786e-09	-0.900655
2.78612e-09	-0.90121
2.78625e-09	-0.901761
2.78637e-09	-0.90231
2.78649e-09	-0.902855
2.78661e-09	-0.903396
2.78674e-09	-0.903935
2.78686e-09	-0.90447
2.78698e-09	-0.905002
2.7871e-09	-0.90553
2.78722e-09	-0.906056
2.78735e-09	-0.906578
2.78747e-09	-0.907096
2.78759e-09	-0.907612
2.78771e-09	-0.908124
2.78784e-09	-0.908632
2.78796e-09	-0.909138
2.78808e-09	-0.90964
2.7882e-09	-0.910138
2.78832e-09	-0.910634
2.78845e-09	-0.911126
2.78857e-09	-0.911615
2.78869e-09	-0.9121
2.78881e-09	-0.912582
2.78894e-09	-0.913061
2.78906e-09	-0.913536
2.78918e-09	-0.914008
2.7893e-09	-0.914477
2.78942e-09	-0.914943
2.78955e-09	-0.915405
2.78967e-09	-0.915864
2.78979e-09	-0.916319
2.78991e-09	-0.916771
2.79004e-09	-0.91722
2.79016e-09	-0.917665
2.79028e-09	-0.918107
2.7904e-09	-0.918546
2.79052e-09	-0.918982
2.79065e-09	-0.919414
2.79077e-09	-0.919842
2.79089e-09	-0.920268
2.79101e-09	-0.92069
2.79114e-09	-0.921108
2.79126e-09	-0.921524
2.79138e-09	-0.921936
2.7915e-09	-0.922344
2.79163e-09	-0.922749
2.79175e-09	-0.923151
2.79187e-09	-0.92355
2.79199e-09	-0.923945
2.79211e-09	-0.924337
2.79224e-09	-0.924725
2.79236e-09	-0.92511
2.79248e-09	-0.925492
2.7926e-09	-0.92587
2.79273e-09	-0.926245
2.79285e-09	-0.926617
2.79297e-09	-0.926985
2.79309e-09	-0.92735
2.79321e-09	-0.927712
2.79334e-09	-0.92807
2.79346e-09	-0.928425
2.79358e-09	-0.928776
2.7937e-09	-0.929124
2.79383e-09	-0.929469
2.79395e-09	-0.92981
2.79407e-09	-0.930148
2.79419e-09	-0.930483
2.79431e-09	-0.930814
2.79444e-09	-0.931141
2.79456e-09	-0.931466
2.79468e-09	-0.931787
2.7948e-09	-0.932105
2.79493e-09	-0.932419
2.79505e-09	-0.93273
2.79517e-09	-0.933037
2.79529e-09	-0.933341
2.79541e-09	-0.933642
2.79554e-09	-0.93394
2.79566e-09	-0.934234
2.79578e-09	-0.934524
2.7959e-09	-0.934811
2.79603e-09	-0.935095
2.79615e-09	-0.935376
2.79627e-09	-0.935653
2.79639e-09	-0.935926
2.79651e-09	-0.936197
2.79664e-09	-0.936464
2.79676e-09	-0.936727
2.79688e-09	-0.936987
2.797e-09	-0.937244
2.79713e-09	-0.937497
2.79725e-09	-0.937747
2.79737e-09	-0.937994
2.79749e-09	-0.938237
2.79761e-09	-0.938477
2.79774e-09	-0.938713
2.79786e-09	-0.938946
2.79798e-09	-0.939175
2.7981e-09	-0.939402
2.79823e-09	-0.939624
2.79835e-09	-0.939844
2.79847e-09	-0.94006
2.79859e-09	-0.940272
2.79871e-09	-0.940482
2.79884e-09	-0.940687
2.79896e-09	-0.94089
2.79908e-09	-0.941089
2.7992e-09	-0.941284
2.79933e-09	-0.941477
2.79945e-09	-0.941666
2.79957e-09	-0.941851
2.79969e-09	-0.942033
2.79981e-09	-0.942212
2.79994e-09	-0.942387
2.80006e-09	-0.942559
2.80018e-09	-0.942727
2.8003e-09	-0.942892
2.80043e-09	-0.943054
2.80055e-09	-0.943212
2.80067e-09	-0.943367
2.80079e-09	-0.943518
2.80092e-09	-0.943666
2.80104e-09	-0.943811
2.80116e-09	-0.943952
2.80128e-09	-0.94409
2.8014e-09	-0.944224
2.80153e-09	-0.944355
2.80165e-09	-0.944483
2.80177e-09	-0.944607
2.80189e-09	-0.944728
2.80202e-09	-0.944845
2.80214e-09	-0.944959
2.80226e-09	-0.94507
2.80238e-09	-0.945177
2.8025e-09	-0.945281
2.80263e-09	-0.945381
2.80275e-09	-0.945478
2.80287e-09	-0.945572
2.80299e-09	-0.945662
2.80312e-09	-0.945749
2.80324e-09	-0.945832
2.80336e-09	-0.945912
2.80348e-09	-0.945989
2.8036e-09	-0.946062
2.80373e-09	-0.946132
2.80385e-09	-0.946198
2.80397e-09	-0.946261
2.80409e-09	-0.946321
2.80422e-09	-0.946377
2.80434e-09	-0.946429
2.80446e-09	-0.946479
2.80458e-09	-0.946525
2.8047e-09	-0.946567
2.80483e-09	-0.946607
2.80495e-09	-0.946642
2.80507e-09	-0.946675
2.80519e-09	-0.946704
2.80532e-09	-0.946729
2.80544e-09	-0.946752
2.80556e-09	-0.94677
2.80568e-09	-0.946786
2.8058e-09	-0.946798
2.80593e-09	-0.946806
2.80605e-09	-0.946812
2.80617e-09	-0.946814
2.80629e-09	-0.946812
2.80642e-09	-0.946807
2.80654e-09	-0.946799
2.80666e-09	-0.946787
2.80678e-09	-0.946772
2.8069e-09	-0.946753
2.80703e-09	-0.946731
2.80715e-09	-0.946706
2.80727e-09	-0.946677
2.80739e-09	-0.946645
2.80752e-09	-0.94661
2.80764e-09	-0.946571
2.80776e-09	-0.946529
2.80788e-09	-0.946483
2.808e-09	-0.946434
2.80813e-09	-0.946382
2.80825e-09	-0.946326
2.80837e-09	-0.946267
2.80849e-09	-0.946204
2.80862e-09	-0.946138
2.80874e-09	-0.946069
2.80886e-09	-0.945996
2.80898e-09	-0.94592
2.8091e-09	-0.94584
2.80923e-09	-0.945758
2.80935e-09	-0.945671
2.80947e-09	-0.945582
2.80959e-09	-0.945489
2.80972e-09	-0.945392
2.80984e-09	-0.945293
2.80996e-09	-0.945189
2.81008e-09	-0.945083
2.8102e-09	-0.944973
2.81033e-09	-0.94486
2.81045e-09	-0.944743
2.81057e-09	-0.944623
2.81069e-09	-0.9445
2.81082e-09	-0.944373
2.81094e-09	-0.944243
2.81106e-09	-0.94411
2.81118e-09	-0.943973
2.81131e-09	-0.943833
2.81143e-09	-0.943689
2.81155e-09	-0.943542
2.81167e-09	-0.943392
2.81179e-09	-0.943238
2.81192e-09	-0.943081
2.81204e-09	-0.942921
2.81216e-09	-0.942757
2.81228e-09	-0.94259
2.81241e-09	-0.94242
2.81253e-09	-0.942246
2.81265e-09	-0.942069
2.81277e-09	-0.941888
2.81289e-09	-0.941704
2.81302e-09	-0.941517
2.81314e-09	-0.941327
2.81326e-09	-0.941133
2.81338e-09	-0.940935
2.81351e-09	-0.940735
2.81363e-09	-0.940531
2.81375e-09	-0.940324
2.81387e-09	-0.940113
2.81399e-09	-0.939899
2.81412e-09	-0.939682
2.81424e-09	-0.939461
2.81436e-09	-0.939237
2.81448e-09	-0.93901
2.81461e-09	-0.938779
2.81473e-09	-0.938545
2.81485e-09	-0.938308
2.81497e-09	-0.938067
2.81509e-09	-0.937823
2.81522e-09	-0.937576
2.81534e-09	-0.937325
2.81546e-09	-0.937071
2.81558e-09	-0.936814
2.81571e-09	-0.936553
2.81583e-09	-0.936289
2.81595e-09	-0.936022
2.81607e-09	-0.935752
2.81619e-09	-0.935478
2.81632e-09	-0.935201
2.81644e-09	-0.93492
2.81656e-09	-0.934636
2.81668e-09	-0.934349
2.81681e-09	-0.934059
2.81693e-09	-0.933765
2.81705e-09	-0.933468
2.81717e-09	-0.933167
2.81729e-09	-0.932864
2.81742e-09	-0.932557
2.81754e-09	-0.932246
2.81766e-09	-0.931933
2.81778e-09	-0.931616
2.81791e-09	-0.931296
2.81803e-09	-0.930972
2.81815e-09	-0.930646
2.81827e-09	-0.930316
2.81839e-09	-0.929982
2.81852e-09	-0.929646
2.81864e-09	-0.929306
2.81876e-09	-0.928962
2.81888e-09	-0.928616
2.81901e-09	-0.928266
2.81913e-09	-0.927913
2.81925e-09	-0.927557
2.81937e-09	-0.927197
2.81949e-09	-0.926834
2.81962e-09	-0.926468
2.81974e-09	-0.926099
2.81986e-09	-0.925726
2.81998e-09	-0.92535
2.82011e-09	-0.924971
2.82023e-09	-0.924589
2.82035e-09	-0.924203
2.82047e-09	-0.923814
2.8206e-09	-0.923422
2.82072e-09	-0.923026
2.82084e-09	-0.922627
2.82096e-09	-0.922225
2.82108e-09	-0.92182
2.82121e-09	-0.921412
2.82133e-09	-0.921
2.82145e-09	-0.920585
2.82157e-09	-0.920167
2.8217e-09	-0.919745
2.82182e-09	-0.91932
2.82194e-09	-0.918892
2.82206e-09	-0.918461
2.82218e-09	-0.918027
2.82231e-09	-0.917589
2.82243e-09	-0.917148
2.82255e-09	-0.916704
2.82267e-09	-0.916257
2.8228e-09	-0.915806
2.82292e-09	-0.915353
2.82304e-09	-0.914896
2.82316e-09	-0.914435
2.82328e-09	-0.913972
2.82341e-09	-0.913505
2.82353e-09	-0.913035
2.82365e-09	-0.912562
2.82377e-09	-0.912086
2.8239e-09	-0.911607
2.82402e-09	-0.911124
2.82414e-09	-0.910638
2.82426e-09	-0.910149
2.82438e-09	-0.909657
2.82451e-09	-0.909162
2.82463e-09	-0.908663
2.82475e-09	-0.908161
2.82487e-09	-0.907656
2.825e-09	-0.907148
2.82512e-09	-0.906637
2.82524e-09	-0.906122
2.82536e-09	-0.905604
2.82548e-09	-0.905084
2.82561e-09	-0.904559
2.82573e-09	-0.904032
2.82585e-09	-0.903502
2.82597e-09	-0.902968
2.8261e-09	-0.902432
2.82622e-09	-0.901892
2.82634e-09	-0.901349
2.82646e-09	-0.900803
2.82658e-09	-0.900253
2.82671e-09	-0.899701
2.82683e-09	-0.899145
2.82695e-09	-0.898587
2.82707e-09	-0.898025
2.8272e-09	-0.89746
2.82732e-09	-0.896891
2.82744e-09	-0.89632
2.82756e-09	-0.895746
2.82768e-09	-0.895168
2.82781e-09	-0.894587
2.82793e-09	-0.894004
2.82805e-09	-0.893417
2.82817e-09	-0.892827
2.8283e-09	-0.892233
2.82842e-09	-0.891637
2.82854e-09	-0.891038
2.82866e-09	-0.890435
2.82878e-09	-0.88983
2.82891e-09	-0.889221
2.82903e-09	-0.888609
2.82915e-09	-0.887994
2.82927e-09	-0.887376
2.8294e-09	-0.886755
2.82952e-09	-0.886131
2.82964e-09	-0.885504
2.82976e-09	-0.884874
2.82988e-09	-0.88424
2.83001e-09	-0.883604
2.83013e-09	-0.882964
2.83025e-09	-0.882321
2.83037e-09	-0.881676
2.8305e-09	-0.881027
2.83062e-09	-0.880375
2.83074e-09	-0.87972
2.83086e-09	-0.879062
2.83099e-09	-0.878401
2.83111e-09	-0.877737
2.83123e-09	-0.87707
2.83135e-09	-0.8764
2.83147e-09	-0.875727
2.8316e-09	-0.87505
2.83172e-09	-0.874371
2.83184e-09	-0.873689
2.83196e-09	-0.873003
2.83209e-09	-0.872315
2.83221e-09	-0.871624
2.83233e-09	-0.870929
2.83245e-09	-0.870232
2.83257e-09	-0.869531
2.8327e-09	-0.868828
2.83282e-09	-0.868121
2.83294e-09	-0.867412
2.83306e-09	-0.866699
2.83319e-09	-0.865984
2.83331e-09	-0.865265
2.83343e-09	-0.864544
2.83355e-09	-0.863819
2.83367e-09	-0.863092
2.8338e-09	-0.862361
2.83392e-09	-0.861628
2.83404e-09	-0.860891
2.83416e-09	-0.860152
2.83429e-09	-0.859409
2.83441e-09	-0.858664
2.83453e-09	-0.857916
2.83465e-09	-0.857164
2.83477e-09	-0.85641
2.8349e-09	-0.855653
2.83502e-09	-0.854893
2.83514e-09	-0.85413
2.83526e-09	-0.853364
2.83539e-09	-0.852595
2.83551e-09	-0.851823
2.83563e-09	-0.851048
2.83575e-09	-0.85027
2.83587e-09	-0.849489
2.836e-09	-0.848705
2.83612e-09	-0.847919
2.83624e-09	-0.847129
2.83636e-09	-0.846337
2.83649e-09	-0.845541
2.83661e-09	-0.844743
2.83673e-09	-0.843942
2.83685e-09	-0.843138
2.83697e-09	-0.842331
2.8371e-09	-0.841521
2.83722e-09	-0.840708
2.83734e-09	-0.839893
2.83746e-09	-0.839074
2.83759e-09	-0.838252
2.83771e-09	-0.837428
2.83783e-09	-0.836601
2.83795e-09	-0.835771
2.83807e-09	-0.834938
2.8382e-09	-0.834102
2.83832e-09	-0.833263
2.83844e-09	-0.832422
2.83856e-09	-0.831577
2.83869e-09	-0.83073
2.83881e-09	-0.82988
2.83893e-09	-0.829027
2.83905e-09	-0.828171
2.83917e-09	-0.827313
2.8393e-09	-0.826451
2.83942e-09	-0.825587
2.83954e-09	-0.82472
2.83966e-09	-0.82385
2.83979e-09	-0.822977
2.83991e-09	-0.822101
2.84003e-09	-0.821223
2.84015e-09	-0.820342
2.84028e-09	-0.819458
2.8404e-09	-0.818571
2.84052e-09	-0.817681
2.84064e-09	-0.816789
2.84076e-09	-0.815893
2.84089e-09	-0.814995
2.84101e-09	-0.814095
2.84113e-09	-0.813191
2.84125e-09	-0.812285
2.84138e-09	-0.811375
2.8415e-09	-0.810464
2.84162e-09	-0.809549
2.84174e-09	-0.808631
2.84186e-09	-0.807711
2.84199e-09	-0.806788
2.84211e-09	-0.805863
2.84223e-09	-0.804934
2.84235e-09	-0.804003
2.84248e-09	-0.803069
2.8426e-09	-0.802132
2.84272e-09	-0.801193
2.84284e-09	-0.800251
2.84296e-09	-0.799306
2.84309e-09	-0.798358
2.84321e-09	-0.797408
2.84333e-09	-0.796455
2.84345e-09	-0.7955
2.84358e-09	-0.794541
2.8437e-09	-0.79358
2.84382e-09	-0.792616
2.84394e-09	-0.79165
2.84406e-09	-0.79068
2.84419e-09	-0.789709
2.84431e-09	-0.788734
2.84443e-09	-0.787757
2.84455e-09	-0.786777
2.84468e-09	-0.785794
2.8448e-09	-0.784809
2.84492e-09	-0.783821
2.84504e-09	-0.782831
2.84516e-09	-0.781837
2.84529e-09	-0.780842
2.84541e-09	-0.779843
2.84553e-09	-0.778842
2.84565e-09	-0.777838
2.84578e-09	-0.776832
2.8459e-09	-0.775823
2.84602e-09	-0.774811
2.84614e-09	-0.773797
2.84626e-09	-0.77278
2.84639e-09	-0.77176
2.84651e-09	-0.770738
2.84663e-09	-0.769714
2.84675e-09	-0.768686
2.84688e-09	-0.767656
2.847e-09	-0.766624
2.84712e-09	-0.765589
2.84724e-09	-0.764551
2.84736e-09	-0.763511
2.84749e-09	-0.762468
2.84761e-09	-0.761423
2.84773e-09	-0.760375
2.84785e-09	-0.759324
2.84798e-09	-0.758271
2.8481e-09	-0.757215
2.84822e-09	-0.756157
2.84834e-09	-0.755096
2.84846e-09	-0.754033
2.84859e-09	-0.752967
2.84871e-09	-0.751899
2.84883e-09	-0.750828
2.84895e-09	-0.749755
2.84908e-09	-0.748679
2.8492e-09	-0.7476
2.84932e-09	-0.74652
2.84944e-09	-0.745436
2.84956e-09	-0.74435
2.84969e-09	-0.743262
2.84981e-09	-0.742171
2.84993e-09	-0.741077
2.85005e-09	-0.739982
2.85018e-09	-0.738883
2.8503e-09	-0.737782
2.85042e-09	-0.736679
2.85054e-09	-0.735573
2.85067e-09	-0.734465
2.85079e-09	-0.733354
2.85091e-09	-0.732241
2.85103e-09	-0.731125
2.85115e-09	-0.730007
2.85128e-09	-0.728887
2.8514e-09	-0.727764
2.85152e-09	-0.726639
2.85164e-09	-0.725511
2.85177e-09	-0.724381
2.85189e-09	-0.723248
2.85201e-09	-0.722113
2.85213e-09	-0.720976
2.85225e-09	-0.719836
2.85238e-09	-0.718693
2.8525e-09	-0.717549
2.85262e-09	-0.716402
2.85274e-09	-0.715252
2.85287e-09	-0.714101
2.85299e-09	-0.712947
2.85311e-09	-0.71179
2.85323e-09	-0.710631
2.85335e-09	-0.70947
2.85348e-09	-0.708306
2.8536e-09	-0.70714
2.85372e-09	-0.705972
2.85384e-09	-0.704801
2.85397e-09	-0.703628
2.85409e-09	-0.702453
2.85421e-09	-0.701275
2.85433e-09	-0.700095
2.85445e-09	-0.698913
2.85458e-09	-0.697728
2.8547e-09	-0.696541
2.85482e-09	-0.695352
2.85494e-09	-0.694161
2.85507e-09	-0.692967
2.85519e-09	-0.691771
2.85531e-09	-0.690572
2.85543e-09	-0.689372
2.85555e-09	-0.688169
2.85568e-09	-0.686963
2.8558e-09	-0.685756
2.85592e-09	-0.684546
2.85604e-09	-0.683334
2.85617e-09	-0.68212
2.85629e-09	-0.680903
2.85641e-09	-0.679685
2.85653e-09	-0.678464
2.85665e-09	-0.67724
2.85678e-09	-0.676015
2.8569e-09	-0.674787
2.85702e-09	-0.673557
2.85714e-09	-0.672325
2.85727e-09	-0.671091
2.85739e-09	-0.669854
2.85751e-09	-0.668615
2.85763e-09	-0.667374
2.85775e-09	-0.666131
2.85788e-09	-0.664886
2.858e-09	-0.663639
2.85812e-09	-0.662389
2.85824e-09	-0.661137
2.85837e-09	-0.659883
2.85849e-09	-0.658627
2.85861e-09	-0.657369
2.85873e-09	-0.656108
2.85885e-09	-0.654845
2.85898e-09	-0.653581
2.8591e-09	-0.652314
2.85922e-09	-0.651045
2.85934e-09	-0.649774
2.85947e-09	-0.6485
2.85959e-09	-0.647225
2.85971e-09	-0.645947
2.85983e-09	-0.644668
2.85996e-09	-0.643386
2.86008e-09	-0.642102
2.8602e-09	-0.640816
2.86032e-09	-0.639529
2.86044e-09	-0.638238
2.86057e-09	-0.636946
2.86069e-09	-0.635652
2.86081e-09	-0.634356
2.86093e-09	-0.633058
2.86106e-09	-0.631757
2.86118e-09	-0.630455
2.8613e-09	-0.62915
2.86142e-09	-0.627844
2.86154e-09	-0.626535
2.86167e-09	-0.625225
2.86179e-09	-0.623912
2.86191e-09	-0.622597
2.86203e-09	-0.621281
2.86216e-09	-0.619962
2.86228e-09	-0.618642
2.8624e-09	-0.617319
2.86252e-09	-0.615994
2.86264e-09	-0.614668
2.86277e-09	-0.613339
2.86289e-09	-0.612008
2.86301e-09	-0.610676
2.86313e-09	-0.609341
2.86326e-09	-0.608005
2.86338e-09	-0.606667
2.8635e-09	-0.605326
2.86362e-09	-0.603984
2.86374e-09	-0.602639
2.86387e-09	-0.601293
2.86399e-09	-0.599945
2.86411e-09	-0.598595
2.86423e-09	-0.597243
2.86436e-09	-0.595889
2.86448e-09	-0.594533
2.8646e-09	-0.593176
2.86472e-09	-0.591816
2.86484e-09	-0.590455
2.86497e-09	-0.589091
2.86509e-09	-0.587726
2.86521e-09	-0.586359
2.86533e-09	-0.58499
2.86546e-09	-0.583619
2.86558e-09	-0.582246
2.8657e-09	-0.580871
2.86582e-09	-0.579495
2.86594e-09	-0.578117
2.86607e-09	-0.576737
2.86619e-09	-0.575355
2.86631e-09	-0.573971
2.86643e-09	-0.572585
2.86656e-09	-0.571198
2.86668e-09	-0.569808
2.8668e-09	-0.568417
2.86692e-09	-0.567024
2.86704e-09	-0.56563
2.86717e-09	-0.564233
2.86729e-09	-0.562835
2.86741e-09	-0.561435
2.86753e-09	-0.560033
2.86766e-09	-0.55863
2.86778e-09	-0.557224
2.8679e-09	-0.555817
2.86802e-09	-0.554408
2.86814e-09	-0.552998
2.86827e-09	-0.551585
2.86839e-09	-0.550171
2.86851e-09	-0.548756
2.86863e-09	-0.547338
2.86876e-09	-0.545919
2.86888e-09	-0.544498
2.869e-09	-0.543075
2.86912e-09	-0.541651
2.86924e-09	-0.540225
2.86937e-09	-0.538797
2.86949e-09	-0.537367
2.86961e-09	-0.535936
2.86973e-09	-0.534504
2.86986e-09	-0.533069
2.86998e-09	-0.531633
2.8701e-09	-0.530195
2.87022e-09	-0.528756
2.87035e-09	-0.527314
2.87047e-09	-0.525872
2.87059e-09	-0.524427
2.87071e-09	-0.522981
2.87083e-09	-0.521534
2.87096e-09	-0.520084
2.87108e-09	-0.518633
2.8712e-09	-0.517181
2.87132e-09	-0.515727
2.87145e-09	-0.514271
2.87157e-09	-0.512814
2.87169e-09	-0.511355
2.87181e-09	-0.509894
2.87193e-09	-0.508432
2.87206e-09	-0.506969
2.87218e-09	-0.505504
2.8723e-09	-0.504037
2.87242e-09	-0.502569
2.87255e-09	-0.501099
2.87267e-09	-0.499627
2.87279e-09	-0.498154
2.87291e-09	-0.49668
2.87303e-09	-0.495204
2.87316e-09	-0.493727
2.87328e-09	-0.492248
2.8734e-09	-0.490767
2.87352e-09	-0.489285
2.87365e-09	-0.487802
2.87377e-09	-0.486317
2.87389e-09	-0.48483
2.87401e-09	-0.483342
2.87413e-09	-0.481853
2.87426e-09	-0.480362
2.87438e-09	-0.478869
2.8745e-09	-0.477376
2.87462e-09	-0.47588
2.87475e-09	-0.474384
2.87487e-09	-0.472885
2.87499e-09	-0.471386
2.87511e-09	-0.469885
2.87523e-09	-0.468382
2.87536e-09	-0.466878
2.87548e-09	-0.465373
2.8756e-09	-0.463866
2.87572e-09	-0.462358
2.87585e-09	-0.460849
2.87597e-09	-0.459338
2.87609e-09	-0.457826
2.87621e-09	-0.456312
2.87633e-09	-0.454797
2.87646e-09	-0.453281
2.87658e-09	-0.451763
2.8767e-09	-0.450244
2.87682e-09	-0.448724
2.87695e-09	-0.447202
2.87707e-09	-0.445679
2.87719e-09	-0.444154
2.87731e-09	-0.442629
2.87743e-09	-0.441102
2.87756e-09	-0.439573
2.87768e-09	-0.438044
2.8778e-09	-0.436513
2.87792e-09	-0.43498
2.87805e-09	-0.433447
2.87817e-09	-0.431912
2.87829e-09	-0.430376
2.87841e-09	-0.428838
2.87853e-09	-0.4273
2.87866e-09	-0.42576
2.87878e-09	-0.424219
2.8789e-09	-0.422676
2.87902e-09	-0.421133
2.87915e-09	-0.419588
2.87927e-09	-0.418042
2.87939e-09	-0.416494
2.87951e-09	-0.414946
2.87964e-09	-0.413396
2.87976e-09	-0.411845
2.87988e-09	-0.410293
2.88e-09	-0.408739
2.88012e-09	-0.407185
2.88025e-09	-0.405629
2.88037e-09	-0.404072
2.88049e-09	-0.402514
2.88061e-09	-0.400955
2.88074e-09	-0.399394
2.88086e-09	-0.397833
2.88098e-09	-0.39627
2.8811e-09	-0.394706
2.88122e-09	-0.393141
2.88135e-09	-0.391575
2.88147e-09	-0.390008
2.88159e-09	-0.388439
2.88171e-09	-0.38687
2.88184e-09	-0.385299
2.88196e-09	-0.383728
2.88208e-09	-0.382155
2.8822e-09	-0.380581
2.88232e-09	-0.379006
2.88245e-09	-0.37743
2.88257e-09	-0.375853
2.88269e-09	-0.374275
2.88281e-09	-0.372695
2.88294e-09	-0.371115
2.88306e-09	-0.369534
2.88318e-09	-0.367951
2.8833e-09	-0.366368
2.88342e-09	-0.364784
2.88355e-09	-0.363198
2.88367e-09	-0.361612
2.88379e-09	-0.360024
2.88391e-09	-0.358436
2.88404e-09	-0.356846
2.88416e-09	-0.355256
2.88428e-09	-0.353664
2.8844e-09	-0.352072
2.88452e-09	-0.350479
2.88465e-09	-0.348884
2.88477e-09	-0.347289
2.88489e-09	-0.345693
2.88501e-09	-0.344095
2.88514e-09	-0.342497
2.88526e-09	-0.340898
2.88538e-09	-0.339298
2.8855e-09	-0.337697
2.88562e-09	-0.336095
2.88575e-09	-0.334492
2.88587e-09	-0.332889
2.88599e-09	-0.331284
2.88611e-09	-0.329678
2.88624e-09	-0.328072
2.88636e-09	-0.326465
2.88648e-09	-0.324857
2.8866e-09	-0.323247
2.88672e-09	-0.321638
2.88685e-09	-0.320027
2.88697e-09	-0.318415
2.88709e-09	-0.316803
2.88721e-09	-0.315189
2.88734e-09	-0.313575
2.88746e-09	-0.31196
2.88758e-09	-0.310345
2.8877e-09	-0.308728
2.88782e-09	-0.30711
2.88795e-09	-0.305492
2.88807e-09	-0.303873
2.88819e-09	-0.302253
2.88831e-09	-0.300633
2.88844e-09	-0.299011
2.88856e-09	-0.297389
2.88868e-09	-0.295766
2.8888e-09	-0.294143
2.88892e-09	-0.292518
2.88905e-09	-0.290893
2.88917e-09	-0.289267
2.88929e-09	-0.28764
2.88941e-09	-0.286013
2.88954e-09	-0.284385
2.88966e-09	-0.282756
2.88978e-09	-0.281126
2.8899e-09	-0.279496
2.89003e-09	-0.277865
2.89015e-09	-0.276234
2.89027e-09	-0.274601
2.89039e-09	-0.272968
2.89051e-09	-0.271334
2.89064e-09	-0.2697
2.89076e-09	-0.268065
2.89088e-09	-0.266429
2.891e-09	-0.264793
2.89113e-09	-0.263156
2.89125e-09	-0.261518
2.89137e-09	-0.25988
2.89149e-09	-0.258241
2.89161e-09	-0.256602
2.89174e-09	-0.254961
2.89186e-09	-0.253321
2.89198e-09	-0.251679
2.8921e-09	-0.250037
2.89223e-09	-0.248395
2.89235e-09	-0.246752
2.89247e-09	-0.245108
2.89259e-09	-0.243464
2.89271e-09	-0.241819
2.89284e-09	-0.240173
2.89296e-09	-0.238527
2.89308e-09	-0.236881
2.8932e-09	-0.235234
2.89333e-09	-0.233586
2.89345e-09	-0.231938
2.89357e-09	-0.23029
2.89369e-09	-0.22864
2.89381e-09	-0.226991
2.89394e-09	-0.225341
2.89406e-09	-0.22369
2.89418e-09	-0.222039
2.8943e-09	-0.220387
2.89443e-09	-0.218735
2.89455e-09	-0.217082
2.89467e-09	-0.215429
2.89479e-09	-0.213776
2.89491e-09	-0.212122
2.89504e-09	-0.210467
2.89516e-09	-0.208812
2.89528e-09	-0.207157
2.8954e-09	-0.205501
2.89553e-09	-0.203845
2.89565e-09	-0.202189
2.89577e-09	-0.200532
2.89589e-09	-0.198874
2.89601e-09	-0.197216
2.89614e-09	-0.195558
2.89626e-09	-0.1939
2.89638e-09	-0.192241
2.8965e-09	-0.190581
2.89663e-09	-0.188921
2.89675e-09	-0.187261
2.89687e-09	-0.185601
2.89699e-09	-0.18394
2.89711e-09	-0.182279
2.89724e-09	-0.180618
2.89736e-09	-0.178956
2.89748e-09	-0.177294
2.8976e-09	-0.175631
2.89773e-09	-0.173968
2.89785e-09	-0.172305
2.89797e-09	-0.170642
2.89809e-09	-0.168978
2.89821e-09	-0.167314
2.89834e-09	-0.16565
2.89846e-09	-0.163985
2.89858e-09	-0.162321
2.8987e-09	-0.160656
2.89883e-09	-0.15899
2.89895e-09	-0.157325
2.89907e-09	-0.155659
2.89919e-09	-0.153993
2.89932e-09	-0.152327
2.89944e-09	-0.15066
2.89956e-09	-0.148993
2.89968e-09	-0.147326
2.8998e-09	-0.145659
2.89993e-09	-0.143992
2.90005e-09	-0.142324
2.90017e-09	-0.140656
2.90029e-09	-0.138989
2.90042e-09	-0.13732
2.90054e-09	-0.135652
2.90066e-09	-0.133984
2.90078e-09	-0.132315
2.9009e-09	-0.130646
2.90103e-09	-0.128977
2.90115e-09	-0.127308
2.90127e-09	-0.125639
2.90139e-09	-0.12397
2.90152e-09	-0.1223
2.90164e-09	-0.120631
2.90176e-09	-0.118961
2.90188e-09	-0.117291
2.902e-09	-0.115621
2.90213e-09	-0.113951
2.90225e-09	-0.112281
2.90237e-09	-0.110611
2.90249e-09	-0.108941
2.90262e-09	-0.107271
2.90274e-09	-0.1056
2.90286e-09	-0.10393
2.90298e-09	-0.102259
2.9031e-09	-0.100589
2.90323e-09	-0.0989184
2.90335e-09	-0.0972478
2.90347e-09	-0.0955772
2.90359e-09	-0.0939066
2.90372e-09	-0.092236
2.90384e-09	-0.0905654
2.90396e-09	-0.0888948
2.90408e-09	-0.0872241
2.9042e-09	-0.0855535
2.90433e-09	-0.0838829
2.90445e-09	-0.0822124
2.90457e-09	-0.0805418
2.90469e-09	-0.0788713
2.90482e-09	-0.0772008
2.90494e-09	-0.0755304
2.90506e-09	-0.0738601
2.90518e-09	-0.0721898
2.9053e-09	-0.0705195
2.90543e-09	-0.0688494
2.90555e-09	-0.0671793
2.90567e-09	-0.0655093
2.90579e-09	-0.0638394
2.90592e-09	-0.0621696
2.90604e-09	-0.0604999
2.90616e-09	-0.0588303
2.90628e-09	-0.0571608
2.9064e-09	-0.0554915
2.90653e-09	-0.0538222
2.90665e-09	-0.0521532
2.90677e-09	-0.0504842
2.90689e-09	-0.0488154
2.90702e-09	-0.0471467
2.90714e-09	-0.0454782
2.90726e-09	-0.0438099
2.90738e-09	-0.0421417
2.9075e-09	-0.0404738
2.90763e-09	-0.038806
2.90775e-09	-0.0371384
2.90787e-09	-0.0354709
2.90799e-09	-0.0338037
2.90812e-09	-0.0321367
2.90824e-09	-0.0304699
2.90836e-09	-0.0288033
2.90848e-09	-0.027137
2.9086e-09	-0.0254709
2.90873e-09	-0.023805
2.90885e-09	-0.0221393
2.90897e-09	-0.0204739
2.90909e-09	-0.0188088
2.90922e-09	-0.0171439
2.90934e-09	-0.0154793
2.90946e-09	-0.013815
2.90958e-09	-0.0121509
2.90971e-09	-0.0104872
2.90983e-09	-0.0088237
2.90995e-09	-0.00716053
2.91007e-09	-0.00549766
2.91019e-09	-0.00383509
2.91032e-09	-0.00217285
2.91044e-09	-0.000510925
2.91056e-09	0.00115067
2.91068e-09	0.00281193
2.91081e-09	0.00447285
2.91093e-09	0.00613343
2.91105e-09	0.00779365
2.91117e-09	0.00945352
2.91129e-09	0.011113
2.91142e-09	0.0127721
2.91154e-09	0.0144309
2.91166e-09	0.0160893
2.91178e-09	0.0177473
2.91191e-09	0.0194048
2.91203e-09	0.021062
2.91215e-09	0.0227188
2.91227e-09	0.0243752
2.91239e-09	0.0260311
2.91252e-09	0.0276867
2.91264e-09	0.0293418
2.91276e-09	0.0309964
2.91288e-09	0.0326506
2.91301e-09	0.0343044
2.91313e-09	0.0359577
2.91325e-09	0.0376106
2.91337e-09	0.039263
2.91349e-09	0.0409149
2.91362e-09	0.0425663
2.91374e-09	0.0442173
2.91386e-09	0.0458677
2.91398e-09	0.0475177
2.91411e-09	0.0491672
2.91423e-09	0.0508161
2.91435e-09	0.0524646
2.91447e-09	0.0541125
2.91459e-09	0.0557599
2.91472e-09	0.0574068
2.91484e-09	0.0590531
2.91496e-09	0.0606989
2.91508e-09	0.0623441
2.91521e-09	0.0639888
2.91533e-09	0.0656329
2.91545e-09	0.0672765
2.91557e-09	0.0689194
2.91569e-09	0.0705618
2.91582e-09	0.0722036
2.91594e-09	0.0738449
2.91606e-09	0.0754855
2.91618e-09	0.0771255
2.91631e-09	0.0787649
2.91643e-09	0.0804037
2.91655e-09	0.0820419
2.91667e-09	0.0836795
2.91679e-09	0.0853164
2.91692e-09	0.0869527
2.91704e-09	0.0885883
2.91716e-09	0.0902233
2.91728e-09	0.0918576
2.91741e-09	0.0934913
2.91753e-09	0.0951243
2.91765e-09	0.0967566
2.91777e-09	0.0983883
2.91789e-09	0.100019
2.91802e-09	0.10165
2.91814e-09	0.103279
2.91826e-09	0.104908
2.91838e-09	0.106536
2.91851e-09	0.108164
2.91863e-09	0.10979
2.91875e-09	0.111416
2.91887e-09	0.113042
2.91899e-09	0.114666
2.91912e-09	0.11629
2.91924e-09	0.117913
2.91936e-09	0.119535
2.91948e-09	0.121157
2.91961e-09	0.122778
2.91973e-09	0.124398
2.91985e-09	0.126017
2.91997e-09	0.127635
2.9201e-09	0.129253
2.92022e-09	0.13087
2.92034e-09	0.132486
2.92046e-09	0.134101
2.92058e-09	0.135715
2.92071e-09	0.137329
2.92083e-09	0.138942
2.92095e-09	0.140554
2.92107e-09	0.142165
2.9212e-09	0.143775
2.92132e-09	0.145385
2.92144e-09	0.146993
2.92156e-09	0.148601
2.92168e-09	0.150208
2.92181e-09	0.151814
2.92193e-09	0.153419
2.92205e-09	0.155023
2.92217e-09	0.156626
2.9223e-09	0.158229
2.92242e-09	0.15983
2.92254e-09	0.161431
2.92266e-09	0.163031
2.92278e-09	0.16463
2.92291e-09	0.166227
2.92303e-09	0.167824
2.92315e-09	0.16942
2.92327e-09	0.171016
2.9234e-09	0.17261
2.92352e-09	0.174203
2.92364e-09	0.175795
2.92376e-09	0.177386
2.92388e-09	0.178977
2.92401e-09	0.180566
2.92413e-09	0.182154
2.92425e-09	0.183742
2.92437e-09	0.185328
2.9245e-09	0.186914
2.92462e-09	0.188498
2.92474e-09	0.190081
2.92486e-09	0.191664
2.92498e-09	0.193245
2.92511e-09	0.194826
2.92523e-09	0.196405
2.92535e-09	0.197983
2.92547e-09	0.19956
2.9256e-09	0.201137
2.92572e-09	0.202712
2.92584e-09	0.204286
2.92596e-09	0.205859
2.92608e-09	0.207431
2.92621e-09	0.209002
2.92633e-09	0.210571
2.92645e-09	0.21214
2.92657e-09	0.213708
2.9267e-09	0.215274
2.92682e-09	0.21684
2.92694e-09	0.218404
2.92706e-09	0.219967
2.92718e-09	0.221529
2.92731e-09	0.22309
2.92743e-09	0.22465
2.92755e-09	0.226209
2.92767e-09	0.227767
2.9278e-09	0.229323
2.92792e-09	0.230878
2.92804e-09	0.232432
2.92816e-09	0.233985
2.92828e-09	0.235537
2.92841e-09	0.237088
2.92853e-09	0.238637
2.92865e-09	0.240186
2.92877e-09	0.241733
2.9289e-09	0.243279
2.92902e-09	0.244823
2.92914e-09	0.246367
2.92926e-09	0.247909
2.92939e-09	0.24945
2.92951e-09	0.25099
2.92963e-09	0.252529
2.92975e-09	0.254066
2.92987e-09	0.255602
2.93e-09	0.257137
2.93012e-09	0.258671
2.93024e-09	0.260203
2.93036e-09	0.261734
2.93049e-09	0.263264
2.93061e-09	0.264793
2.93073e-09	0.26632
2.93085e-09	0.267846
2.93097e-09	0.269371
2.9311e-09	0.270894
2.93122e-09	0.272416
2.93134e-09	0.273937
2.93146e-09	0.275457
2.93159e-09	0.276975
2.93171e-09	0.278492
2.93183e-09	0.280008
2.93195e-09	0.281522
2.93207e-09	0.283035
2.9322e-09	0.284547
2.93232e-09	0.286057
2.93244e-09	0.287566
2.93256e-09	0.289073
2.93269e-09	0.29058
2.93281e-09	0.292085
2.93293e-09	0.293588
2.93305e-09	0.29509
2.93317e-09	0.296591
2.9333e-09	0.29809
2.93342e-09	0.299588
2.93354e-09	0.301085
2.93366e-09	0.30258
2.93379e-09	0.304074
2.93391e-09	0.305566
2.93403e-09	0.307057
2.93415e-09	0.308546
2.93427e-09	0.310035
2.9344e-09	0.311521
2.93452e-09	0.313006
2.93464e-09	0.31449
2.93476e-09	0.315972
2.93489e-09	0.317453
2.93501e-09	0.318933
2.93513e-09	0.320411
2.93525e-09	0.321887
2.93537e-09	0.323362
2.9355e-09	0.324836
2.93562e-09	0.326308
2.93574e-09	0.327778
2.93586e-09	0.329247
2.93599e-09	0.330715
2.93611e-09	0.332181
2.93623e-09	0.333646
2.93635e-09	0.335109
2.93647e-09	0.33657
2.9366e-09	0.33803
2.93672e-09	0.339489
2.93684e-09	0.340946
2.93696e-09	0.342401
2.93709e-09	0.343855
2.93721e-09	0.345307
2.93733e-09	0.346758
2.93745e-09	0.348207
2.93757e-09	0.349655
2.9377e-09	0.351101
2.93782e-09	0.352545
2.93794e-09	0.353988
2.93806e-09	0.355429
2.93819e-09	0.356869
2.93831e-09	0.358307
2.93843e-09	0.359744
2.93855e-09	0.361179
2.93867e-09	0.362612
2.9388e-09	0.364044
2.93892e-09	0.365474
2.93904e-09	0.366902
2.93916e-09	0.368329
2.93929e-09	0.369754
2.93941e-09	0.371178
2.93953e-09	0.3726
2.93965e-09	0.37402
2.93978e-09	0.375439
2.9399e-09	0.376856
2.94002e-09	0.378271
2.94014e-09	0.379685
2.94026e-09	0.381097
2.94039e-09	0.382507
2.94051e-09	0.383916
2.94063e-09	0.385323
2.94075e-09	0.386728
2.94088e-09	0.388131
2.941e-09	0.389533
2.94112e-09	0.390933
2.94124e-09	0.392332
2.94136e-09	0.393729
2.94149e-09	0.395124
2.94161e-09	0.396517
2.94173e-09	0.397908
2.94185e-09	0.399298
2.94198e-09	0.400686
2.9421e-09	0.402073
2.94222e-09	0.403457
2.94234e-09	0.40484
2.94246e-09	0.406221
2.94259e-09	0.4076
2.94271e-09	0.408978
2.94283e-09	0.410354
2.94295e-09	0.411728
2.94308e-09	0.4131
2.9432e-09	0.41447
2.94332e-09	0.415839
2.94344e-09	0.417206
2.94356e-09	0.418571
2.94369e-09	0.419934
2.94381e-09	0.421295
2.94393e-09	0.422655
2.94405e-09	0.424013
2.94418e-09	0.425369
2.9443e-09	0.426723
2.94442e-09	0.428075
2.94454e-09	0.429426
2.94466e-09	0.430774
2.94479e-09	0.432121
2.94491e-09	0.433466
2.94503e-09	0.434809
2.94515e-09	0.436151
2.94528e-09	0.43749
2.9454e-09	0.438827
2.94552e-09	0.440163
2.94564e-09	0.441497
2.94576e-09	0.442829
2.94589e-09	0.444159
2.94601e-09	0.445487
2.94613e-09	0.446813
2.94625e-09	0.448137
2.94638e-09	0.44946
2.9465e-09	0.45078
2.94662e-09	0.452099
2.94674e-09	0.453415
2.94686e-09	0.45473
2.94699e-09	0.456043
2.94711e-09	0.457354
2.94723e-09	0.458663
2.94735e-09	0.45997
2.94748e-09	0.461275
2.9476e-09	0.462578
2.94772e-09	0.463879
2.94784e-09	0.465178
2.94796e-09	0.466476
2.94809e-09	0.467771
2.94821e-09	0.469064
2.94833e-09	0.470356
2.94845e-09	0.471645
2.94858e-09	0.472932
2.9487e-09	0.474218
2.94882e-09	0.475501
2.94894e-09	0.476783
2.94907e-09	0.478062
2.94919e-09	0.479339
2.94931e-09	0.480615
2.94943e-09	0.481888
2.94955e-09	0.483159
2.94968e-09	0.484429
2.9498e-09	0.485696
2.94992e-09	0.486961
2.95004e-09	0.488225
2.95017e-09	0.489486
2.95029e-09	0.490745
2.95041e-09	0.492002
2.95053e-09	0.493257
2.95065e-09	0.49451
2.95078e-09	0.495761
2.9509e-09	0.49701
2.95102e-09	0.498257
2.95114e-09	0.499502
2.95127e-09	0.500745
2.95139e-09	0.501985
2.95151e-09	0.503224
2.95163e-09	0.50446
2.95175e-09	0.505695
2.95188e-09	0.506927
2.952e-09	0.508157
2.95212e-09	0.509385
2.95224e-09	0.510611
2.95237e-09	0.511835
2.95249e-09	0.513057
2.95261e-09	0.514276
2.95273e-09	0.515494
2.95285e-09	0.516709
2.95298e-09	0.517922
2.9531e-09	0.519134
2.95322e-09	0.520343
2.95334e-09	0.521549
2.95347e-09	0.522754
2.95359e-09	0.523957
2.95371e-09	0.525157
2.95383e-09	0.526355
2.95395e-09	0.527551
2.95408e-09	0.528745
2.9542e-09	0.529937
2.95432e-09	0.531126
2.95444e-09	0.532314
2.95457e-09	0.533499
2.95469e-09	0.534682
2.95481e-09	0.535863
2.95493e-09	0.537041
2.95505e-09	0.538218
2.95518e-09	0.539392
2.9553e-09	0.540564
2.95542e-09	0.541734
2.95554e-09	0.542901
2.95567e-09	0.544066
2.95579e-09	0.54523
2.95591e-09	0.546391
2.95603e-09	0.547549
2.95615e-09	0.548706
2.95628e-09	0.54986
2.9564e-09	0.551012
2.95652e-09	0.552162
2.95664e-09	0.553309
2.95677e-09	0.554454
2.95689e-09	0.555597
2.95701e-09	0.556738
2.95713e-09	0.557877
2.95725e-09	0.559013
2.95738e-09	0.560147
2.9575e-09	0.561278
2.95762e-09	0.562408
2.95774e-09	0.563535
2.95787e-09	0.56466
2.95799e-09	0.565782
2.95811e-09	0.566902
2.95823e-09	0.56802
2.95835e-09	0.569136
2.95848e-09	0.570249
2.9586e-09	0.57136
2.95872e-09	0.572469
2.95884e-09	0.573576
2.95897e-09	0.57468
2.95909e-09	0.575782
2.95921e-09	0.576881
2.95933e-09	0.577978
2.95946e-09	0.579073
2.95958e-09	0.580165
2.9597e-09	0.581256
2.95982e-09	0.582343
2.95994e-09	0.583429
2.96007e-09	0.584512
2.96019e-09	0.585593
2.96031e-09	0.586671
2.96043e-09	0.587747
2.96056e-09	0.588821
2.96068e-09	0.589892
2.9608e-09	0.590961
2.96092e-09	0.592028
2.96104e-09	0.593092
2.96117e-09	0.594154
2.96129e-09	0.595213
2.96141e-09	0.59627
2.96153e-09	0.597325
2.96166e-09	0.598377
2.96178e-09	0.599427
2.9619e-09	0.600475
2.96202e-09	0.60152
2.96214e-09	0.602563
2.96227e-09	0.603603
2.96239e-09	0.604641
2.96251e-09	0.605676
2.96263e-09	0.606709
2.96276e-09	0.60774
2.96288e-09	0.608768
2.963e-09	0.609794
2.96312e-09	0.610817
2.96324e-09	0.611838
2.96337e-09	0.612857
2.96349e-09	0.613873
2.96361e-09	0.614886
2.96373e-09	0.615898
2.96386e-09	0.616906
2.96398e-09	0.617913
2.9641e-09	0.618916
2.96422e-09	0.619918
2.96434e-09	0.620917
2.96447e-09	0.621913
2.96459e-09	0.622907
2.96471e-09	0.623898
2.96483e-09	0.624887
2.96496e-09	0.625874
2.96508e-09	0.626858
2.9652e-09	0.62784
2.96532e-09	0.628819
2.96544e-09	0.629795
2.96557e-09	0.630769
2.96569e-09	0.631741
2.96581e-09	0.63271
2.96593e-09	0.633677
2.96606e-09	0.634641
2.96618e-09	0.635602
2.9663e-09	0.636561
2.96642e-09	0.637518
2.96654e-09	0.638472
2.96667e-09	0.639423
2.96679e-09	0.640373
2.96691e-09	0.641319
2.96703e-09	0.642263
2.96716e-09	0.643204
2.96728e-09	0.644143
2.9674e-09	0.64508
2.96752e-09	0.646013
2.96764e-09	0.646945
2.96777e-09	0.647874
2.96789e-09	0.6488
2.96801e-09	0.649723
2.96813e-09	0.650644
2.96826e-09	0.651563
2.96838e-09	0.652479
2.9685e-09	0.653392
2.96862e-09	0.654303
2.96875e-09	0.655211
2.96887e-09	0.656117
2.96899e-09	0.65702
2.96911e-09	0.657921
2.96923e-09	0.658819
2.96936e-09	0.659714
2.96948e-09	0.660607
2.9696e-09	0.661497
2.96972e-09	0.662385
2.96985e-09	0.66327
2.96997e-09	0.664153
2.97009e-09	0.665032
2.97021e-09	0.66591
2.97033e-09	0.666784
2.97046e-09	0.667656
2.97058e-09	0.668526
2.9707e-09	0.669393
2.97082e-09	0.670257
2.97095e-09	0.671119
2.97107e-09	0.671978
2.97119e-09	0.672834
2.97131e-09	0.673688
2.97143e-09	0.674539
2.97156e-09	0.675387
2.97168e-09	0.676233
2.9718e-09	0.677076
2.97192e-09	0.677917
2.97205e-09	0.678755
2.97217e-09	0.67959
2.97229e-09	0.680423
2.97241e-09	0.681253
2.97253e-09	0.682081
2.97266e-09	0.682905
2.97278e-09	0.683727
2.9729e-09	0.684547
2.97302e-09	0.685364
2.97315e-09	0.686178
2.97327e-09	0.686989
2.97339e-09	0.687798
2.97351e-09	0.688604
2.97363e-09	0.689408
2.97376e-09	0.690209
2.97388e-09	0.691007
2.974e-09	0.691802
2.97412e-09	0.692595
2.97425e-09	0.693385
2.97437e-09	0.694172
2.97449e-09	0.694957
2.97461e-09	0.695739
2.97473e-09	0.696519
2.97486e-09	0.697295
2.97498e-09	0.698069
2.9751e-09	0.69884
2.97522e-09	0.699609
2.97535e-09	0.700375
2.97547e-09	0.701138
2.97559e-09	0.701899
2.97571e-09	0.702656
2.97583e-09	0.703412
2.97596e-09	0.704164
2.97608e-09	0.704913
2.9762e-09	0.70566
2.97632e-09	0.706405
2.97645e-09	0.707146
2.97657e-09	0.707885
2.97669e-09	0.708621
2.97681e-09	0.709354
2.97693e-09	0.710085
2.97706e-09	0.710813
2.97718e-09	0.711538
2.9773e-09	0.71226
2.97742e-09	0.71298
2.97755e-09	0.713697
2.97767e-09	0.714411
2.97779e-09	0.715123
2.97791e-09	0.715831
2.97803e-09	0.716537
2.97816e-09	0.71724
2.97828e-09	0.717941
2.9784e-09	0.718639
2.97852e-09	0.719334
2.97865e-09	0.720026
2.97877e-09	0.720715
2.97889e-09	0.721402
2.97901e-09	0.722086
2.97914e-09	0.722767
2.97926e-09	0.723445
2.97938e-09	0.724121
2.9795e-09	0.724794
2.97962e-09	0.725464
2.97975e-09	0.726131
2.97987e-09	0.726796
2.97999e-09	0.727458
2.98011e-09	0.728117
2.98024e-09	0.728773
2.98036e-09	0.729427
2.98048e-09	0.730077
2.9806e-09	0.730725
2.98072e-09	0.73137
2.98085e-09	0.732013
2.98097e-09	0.732652
2.98109e-09	0.733289
2.98121e-09	0.733923
2.98134e-09	0.734554
2.98146e-09	0.735182
2.98158e-09	0.735808
2.9817e-09	0.736431
2.98182e-09	0.737051
2.98195e-09	0.737668
2.98207e-09	0.738282
2.98219e-09	0.738894
2.98231e-09	0.739502
2.98244e-09	0.740108
2.98256e-09	0.740711
2.98268e-09	0.741312
2.9828e-09	0.741909
2.98292e-09	0.742504
2.98305e-09	0.743096
2.98317e-09	0.743685
2.98329e-09	0.744271
2.98341e-09	0.744855
2.98354e-09	0.745435
2.98366e-09	0.746013
2.98378e-09	0.746588
2.9839e-09	0.74716
2.98402e-09	0.747729
2.98415e-09	0.748296
2.98427e-09	0.74886
2.98439e-09	0.74942
2.98451e-09	0.749978
2.98464e-09	0.750534
2.98476e-09	0.751086
2.98488e-09	0.751635
2.985e-09	0.752182
2.98512e-09	0.752726
2.98525e-09	0.753267
2.98537e-09	0.753805
2.98549e-09	0.75434
2.98561e-09	0.754873
2.98574e-09	0.755402
2.98586e-09	0.755929
2.98598e-09	0.756453
2.9861e-09	0.756974
2.98622e-09	0.757492
2.98635e-09	0.758007
2.98647e-09	0.75852
2.98659e-09	0.759029
2.98671e-09	0.759536
2.98684e-09	0.76004
2.98696e-09	0.760541
2.98708e-09	0.761039
2.9872e-09	0.761535
2.98732e-09	0.762027
2.98745e-09	0.762517
2.98757e-09	0.763004
2.98769e-09	0.763488
2.98781e-09	0.763969
2.98794e-09	0.764447
2.98806e-09	0.764922
2.98818e-09	0.765394
2.9883e-09	0.765864
2.98843e-09	0.766331
2.98855e-09	0.766795
2.98867e-09	0.767255
2.98879e-09	0.767714
2.98891e-09	0.768169
2.98904e-09	0.768621
2.98916e-09	0.769071
2.98928e-09	0.769517
2.9894e-09	0.769961
2.98953e-09	0.770402
2.98965e-09	0.77084
2.98977e-09	0.771275
2.98989e-09	0.771707
2.99001e-09	0.772136
2.99014e-09	0.772562
2.99026e-09	0.772986
2.99038e-09	0.773407
2.9905e-09	0.773824
2.99063e-09	0.774239
2.99075e-09	0.774651
2.99087e-09	0.77506
2.99099e-09	0.775466
2.99111e-09	0.77587
2.99124e-09	0.77627
2.99136e-09	0.776668
2.99148e-09	0.777062
2.9916e-09	0.777454
2.99173e-09	0.777843
2.99185e-09	0.778229
2.99197e-09	0.778612
2.99209e-09	0.778992
2.99221e-09	0.779369
2.99234e-09	0.779744
2.99246e-09	0.780115
2.99258e-09	0.780484
2.9927e-09	0.780849
2.99283e-09	0.781212
2.99295e-09	0.781572
2.99307e-09	0.781929
2.99319e-09	0.782283
2.99331e-09	0.782634
2.99344e-09	0.782982
2.99356e-09	0.783328
2.99368e-09	0.78367
2.9938e-09	0.78401
2.99393e-09	0.784346
2.99405e-09	0.78468
2.99417e-09	0.785011
2.99429e-09	0.785339
2.99441e-09	0.785664
2.99454e-09	0.785986
2.99466e-09	0.786305
2.99478e-09	0.786621
2.9949e-09	0.786935
2.99503e-09	0.787245
2.99515e-09	0.787553
2.99527e-09	0.787857
2.99539e-09	0.788159
2.99551e-09	0.788458
2.99564e-09	0.788754
2.99576e-09	0.789047
2.99588e-09	0.789337
2.996e-09	0.789624
2.99613e-09	0.789908
2.99625e-09	0.79019
2.99637e-09	0.790468
2.99649e-09	0.790744
2.99661e-09	0.791016
2.99674e-09	0.791286
2.99686e-09	0.791553
2.99698e-09	0.791817
2.9971e-09	0.792078
2.99723e-09	0.792336
2.99735e-09	0.792591
2.99747e-09	0.792843
2.99759e-09	0.793092
2.99771e-09	0.793339
2.99784e-09	0.793582
2.99796e-09	0.793823
2.99808e-09	0.79406
2.9982e-09	0.794295
2.99833e-09	0.794527
2.99845e-09	0.794756
2.99857e-09	0.794982
2.99869e-09	0.795205
2.99882e-09	0.795425
2.99894e-09	0.795642
2.99906e-09	0.795857
2.99918e-09	0.796068
2.9993e-09	0.796276
2.99943e-09	0.796482
2.99955e-09	0.796685
2.99967e-09	0.796884
2.99979e-09	0.797081
2.99992e-09	0.797275
3.00004e-09	0.797466
3.00016e-09	0.797654
3.00028e-09	0.797839
3.0004e-09	0.798021
3.00053e-09	0.798201
3.00065e-09	0.798377
3.00077e-09	0.798551
3.00089e-09	0.798721
3.00102e-09	0.798889
3.00114e-09	0.799053
3.00126e-09	0.799215
3.00138e-09	0.799374
3.0015e-09	0.79953
3.00163e-09	0.799683
3.00175e-09	0.799833
3.00187e-09	0.79998
3.00199e-09	0.800125
3.00212e-09	0.800266
3.00224e-09	0.800405
3.00236e-09	0.80054
3.00248e-09	0.800673
3.0026e-09	0.800803
3.00273e-09	0.800929
3.00285e-09	0.801053
3.00297e-09	0.801174
3.00309e-09	0.801292
3.00322e-09	0.801408
3.00334e-09	0.80152
3.00346e-09	0.801629
3.00358e-09	0.801736
3.0037e-09	0.801839
3.00383e-09	0.80194
3.00395e-09	0.802037
3.00407e-09	0.802132
3.00419e-09	0.802224
3.00432e-09	0.802313
3.00444e-09	0.802399
3.00456e-09	0.802482
3.00468e-09	0.802563
3.0048e-09	0.80264
3.00493e-09	0.802714
3.00505e-09	0.802786
3.00517e-09	0.802854
3.00529e-09	0.80292
3.00542e-09	0.802983
3.00554e-09	0.803043
3.00566e-09	0.8031
3.00578e-09	0.803154
3.0059e-09	0.803205
3.00603e-09	0.803253
3.00615e-09	0.803299
3.00627e-09	0.803341
3.00639e-09	0.803381
3.00652e-09	0.803418
3.00664e-09	0.803451
3.00676e-09	0.803482
3.00688e-09	0.80351
3.007e-09	0.803535
3.00713e-09	0.803558
3.00725e-09	0.803577
3.00737e-09	0.803593
3.00749e-09	0.803607
3.00762e-09	0.803617
3.00774e-09	0.803625
3.00786e-09	0.80363
3.00798e-09	0.803632
3.00811e-09	0.803631
3.00823e-09	0.803627
3.00835e-09	0.80362
3.00847e-09	0.803611
3.00859e-09	0.803598
3.00872e-09	0.803583
3.00884e-09	0.803565
3.00896e-09	0.803543
3.00908e-09	0.803519
3.00921e-09	0.803492
3.00933e-09	0.803463
3.00945e-09	0.80343
3.00957e-09	0.803394
3.00969e-09	0.803356
3.00982e-09	0.803315
3.00994e-09	0.80327
3.01006e-09	0.803223
3.01018e-09	0.803173
3.01031e-09	0.80312
3.01043e-09	0.803065
3.01055e-09	0.803006
3.01067e-09	0.802945
3.01079e-09	0.80288
3.01092e-09	0.802813
3.01104e-09	0.802743
3.01116e-09	0.80267
3.01128e-09	0.802594
3.01141e-09	0.802515
3.01153e-09	0.802434
3.01165e-09	0.802349
3.01177e-09	0.802262
3.01189e-09	0.802172
3.01202e-09	0.802079
3.01214e-09	0.801983
3.01226e-09	0.801884
3.01238e-09	0.801783
3.01251e-09	0.801678
3.01263e-09	0.801571
3.01275e-09	0.801461
3.01287e-09	0.801348
3.01299e-09	0.801232
3.01312e-09	0.801113
3.01324e-09	0.800992
3.01336e-09	0.800867
3.01348e-09	0.80074
3.01361e-09	0.80061
3.01373e-09	0.800477
3.01385e-09	0.800341
3.01397e-09	0.800202
3.01409e-09	0.800061
3.01422e-09	0.799917
3.01434e-09	0.799769
3.01446e-09	0.799619
3.01458e-09	0.799467
3.01471e-09	0.799311
3.01483e-09	0.799152
3.01495e-09	0.798991
3.01507e-09	0.798827
3.01519e-09	0.79866
3.01532e-09	0.79849
3.01544e-09	0.798317
3.01556e-09	0.798142
3.01568e-09	0.797964
3.01581e-09	0.797782
3.01593e-09	0.797598
3.01605e-09	0.797412
3.01617e-09	0.797222
3.01629e-09	0.79703
3.01642e-09	0.796834
3.01654e-09	0.796636
3.01666e-09	0.796435
3.01678e-09	0.796232
3.01691e-09	0.796025
3.01703e-09	0.795816
3.01715e-09	0.795604
3.01727e-09	0.795389
3.01739e-09	0.795171
3.01752e-09	0.794951
3.01764e-09	0.794728
3.01776e-09	0.794501
3.01788e-09	0.794272
3.01801e-09	0.794041
3.01813e-09	0.793806
3.01825e-09	0.793569
3.01837e-09	0.793329
3.0185e-09	0.793086
3.01862e-09	0.79284
3.01874e-09	0.792592
3.01886e-09	0.792341
3.01898e-09	0.792087
3.01911e-09	0.79183
3.01923e-09	0.79157
3.01935e-09	0.791308
3.01947e-09	0.791043
3.0196e-09	0.790775
3.01972e-09	0.790504
3.01984e-09	0.790231
3.01996e-09	0.789954
3.02008e-09	0.789675
3.02021e-09	0.789394
3.02033e-09	0.789109
3.02045e-09	0.788822
3.02057e-09	0.788532
3.0207e-09	0.788239
3.02082e-09	0.787943
3.02094e-09	0.787645
3.02106e-09	0.787344
3.02118e-09	0.78704
3.02131e-09	0.786734
3.02143e-09	0.786424
3.02155e-09	0.786112
3.02167e-09	0.785798
3.0218e-09	0.78548
3.02192e-09	0.78516
3.02204e-09	0.784837
3.02216e-09	0.784511
3.02228e-09	0.784182
3.02241e-09	0.783851
3.02253e-09	0.783517
3.02265e-09	0.78318
3.02277e-09	0.782841
3.0229e-09	0.782499
3.02302e-09	0.782154
3.02314e-09	0.781806
3.02326e-09	0.781456
3.02338e-09	0.781103
3.02351e-09	0.780747
3.02363e-09	0.780389
3.02375e-09	0.780028
3.02387e-09	0.779664
3.024e-09	0.779297
3.02412e-09	0.778928
3.02424e-09	0.778556
3.02436e-09	0.778181
3.02448e-09	0.777804
3.02461e-09	0.777424
3.02473e-09	0.777041
3.02485e-09	0.776656
3.02497e-09	0.776268
3.0251e-09	0.775877
3.02522e-09	0.775483
3.02534e-09	0.775087
3.02546e-09	0.774688
3.02558e-09	0.774287
3.02571e-09	0.773882
3.02583e-09	0.773475
3.02595e-09	0.773066
3.02607e-09	0.772653
3.0262e-09	0.772239
3.02632e-09	0.771821
3.02644e-09	0.771401
3.02656e-09	0.770978
3.02668e-09	0.770552
3.02681e-09	0.770124
3.02693e-09	0.769693
3.02705e-09	0.76926
3.02717e-09	0.768823
3.0273e-09	0.768385
3.02742e-09	0.767943
3.02754e-09	0.767499
3.02766e-09	0.767052
3.02779e-09	0.766603
3.02791e-09	0.766151
3.02803e-09	0.765696
3.02815e-09	0.765239
3.02827e-09	0.764779
3.0284e-09	0.764316
3.02852e-09	0.763851
3.02864e-09	0.763383
3.02876e-09	0.762913
3.02889e-09	0.76244
3.02901e-09	0.761964
3.02913e-09	0.761486
3.02925e-09	0.761005
3.02937e-09	0.760522
3.0295e-09	0.760035
3.02962e-09	0.759547
3.02974e-09	0.759055
3.02986e-09	0.758562
3.02999e-09	0.758065
3.03011e-09	0.757566
3.03023e-09	0.757064
3.03035e-09	0.75656
3.03047e-09	0.756053
3.0306e-09	0.755544
3.03072e-09	0.755032
3.03084e-09	0.754517
3.03096e-09	0.754
3.03109e-09	0.753481
3.03121e-09	0.752958
3.03133e-09	0.752434
3.03145e-09	0.751906
3.03157e-09	0.751376
3.0317e-09	0.750844
3.03182e-09	0.750309
3.03194e-09	0.749771
3.03206e-09	0.749231
3.03219e-09	0.748688
3.03231e-09	0.748143
3.03243e-09	0.747595
3.03255e-09	0.747045
3.03267e-09	0.746492
3.0328e-09	0.745937
3.03292e-09	0.745379
3.03304e-09	0.744818
3.03316e-09	0.744255
3.03329e-09	0.74369
3.03341e-09	0.743122
3.03353e-09	0.742551
3.03365e-09	0.741978
3.03377e-09	0.741402
3.0339e-09	0.740824
3.03402e-09	0.740244
3.03414e-09	0.739661
3.03426e-09	0.739075
3.03439e-09	0.738487
3.03451e-09	0.737896
3.03463e-09	0.737303
3.03475e-09	0.736708
3.03487e-09	0.73611
3.035e-09	0.735509
3.03512e-09	0.734906
3.03524e-09	0.734301
3.03536e-09	0.733693
3.03549e-09	0.733082
3.03561e-09	0.732469
3.03573e-09	0.731854
3.03585e-09	0.731236
3.03597e-09	0.730616
3.0361e-09	0.729993
3.03622e-09	0.729368
3.03634e-09	0.72874
3.03646e-09	0.72811
3.03659e-09	0.727478
3.03671e-09	0.726843
3.03683e-09	0.726205
3.03695e-09	0.725566
3.03707e-09	0.724923
3.0372e-09	0.724279
3.03732e-09	0.723632
3.03744e-09	0.722982
3.03756e-09	0.72233
3.03769e-09	0.721676
3.03781e-09	0.721019
3.03793e-09	0.72036
3.03805e-09	0.719698
3.03818e-09	0.719034
3.0383e-09	0.718367
3.03842e-09	0.717699
3.03854e-09	0.717027
3.03866e-09	0.716354
3.03879e-09	0.715678
3.03891e-09	0.714999
3.03903e-09	0.714319
3.03915e-09	0.713636
3.03928e-09	0.71295
3.0394e-09	0.712262
3.03952e-09	0.711572
3.03964e-09	0.710879
3.03976e-09	0.710184
3.03989e-09	0.709487
3.04001e-09	0.708787
3.04013e-09	0.708085
3.04025e-09	0.707381
3.04038e-09	0.706674
3.0405e-09	0.705965
3.04062e-09	0.705253
3.04074e-09	0.704539
3.04086e-09	0.703823
3.04099e-09	0.703105
3.04111e-09	0.702384
3.04123e-09	0.701661
3.04135e-09	0.700936
3.04148e-09	0.700208
3.0416e-09	0.699478
3.04172e-09	0.698745
3.04184e-09	0.698011
3.04196e-09	0.697274
3.04209e-09	0.696534
3.04221e-09	0.695793
3.04233e-09	0.695049
3.04245e-09	0.694303
3.04258e-09	0.693554
3.0427e-09	0.692804
3.04282e-09	0.692051
3.04294e-09	0.691295
3.04306e-09	0.690538
3.04319e-09	0.689778
3.04331e-09	0.689016
3.04343e-09	0.688251
3.04355e-09	0.687485
3.04368e-09	0.686716
3.0438e-09	0.685945
3.04392e-09	0.685171
3.04404e-09	0.684396
3.04416e-09	0.683618
3.04429e-09	0.682838
3.04441e-09	0.682055
3.04453e-09	0.681271
3.04465e-09	0.680484
3.04478e-09	0.679695
3.0449e-09	0.678904
3.04502e-09	0.67811
3.04514e-09	0.677314
3.04526e-09	0.676517
3.04539e-09	0.675716
3.04551e-09	0.674914
3.04563e-09	0.67411
3.04575e-09	0.673303
3.04588e-09	0.672494
3.046e-09	0.671683
3.04612e-09	0.67087
3.04624e-09	0.670054
3.04636e-09	0.669236
3.04649e-09	0.668417
3.04661e-09	0.667595
3.04673e-09	0.66677
3.04685e-09	0.665944
3.04698e-09	0.665116
3.0471e-09	0.664285
3.04722e-09	0.663452
3.04734e-09	0.662617
3.04747e-09	0.66178
3.04759e-09	0.660941
3.04771e-09	0.6601
3.04783e-09	0.659256
3.04795e-09	0.65841
3.04808e-09	0.657563
3.0482e-09	0.656713
3.04832e-09	0.655861
3.04844e-09	0.655007
3.04857e-09	0.65415
3.04869e-09	0.653292
3.04881e-09	0.652432
3.04893e-09	0.651569
3.04905e-09	0.650704
3.04918e-09	0.649838
3.0493e-09	0.648969
3.04942e-09	0.648098
3.04954e-09	0.647225
3.04967e-09	0.64635
3.04979e-09	0.645473
3.04991e-09	0.644593
3.05003e-09	0.643712
3.05015e-09	0.642829
3.05028e-09	0.641943
3.0504e-09	0.641056
3.05052e-09	0.640166
3.05064e-09	0.639275
3.05077e-09	0.638381
3.05089e-09	0.637486
3.05101e-09	0.636588
3.05113e-09	0.635688
3.05125e-09	0.634786
3.05138e-09	0.633883
3.0515e-09	0.632977
3.05162e-09	0.632069
3.05174e-09	0.631159
3.05187e-09	0.630247
3.05199e-09	0.629334
3.05211e-09	0.628418
3.05223e-09	0.6275
3.05235e-09	0.62658
3.05248e-09	0.625658
3.0526e-09	0.624735
3.05272e-09	0.623809
3.05284e-09	0.622881
3.05297e-09	0.621951
3.05309e-09	0.62102
3.05321e-09	0.620086
3.05333e-09	0.61915
3.05345e-09	0.618213
3.05358e-09	0.617273
3.0537e-09	0.616332
3.05382e-09	0.615388
3.05394e-09	0.614443
3.05407e-09	0.613496
3.05419e-09	0.612546
3.05431e-09	0.611595
3.05443e-09	0.610642
3.05455e-09	0.609687
3.05468e-09	0.60873
3.0548e-09	0.607771
3.05492e-09	0.606811
3.05504e-09	0.605848
3.05517e-09	0.604883
3.05529e-09	0.603917
3.05541e-09	0.602948
3.05553e-09	0.601978
3.05565e-09	0.601006
3.05578e-09	0.600032
3.0559e-09	0.599056
3.05602e-09	0.598079
3.05614e-09	0.597099
3.05627e-09	0.596117
3.05639e-09	0.595134
3.05651e-09	0.594149
3.05663e-09	0.593162
3.05675e-09	0.592173
3.05688e-09	0.591182
3.057e-09	0.59019
3.05712e-09	0.589195
3.05724e-09	0.588199
3.05737e-09	0.587201
3.05749e-09	0.586201
3.05761e-09	0.585199
3.05773e-09	0.584196
3.05786e-09	0.583191
3.05798e-09	0.582183
3.0581e-09	0.581175
3.05822e-09	0.580164
3.05834e-09	0.579151
3.05847e-09	0.578137
3.05859e-09	0.577121
3.05871e-09	0.576103
3.05883e-09	0.575083
3.05896e-09	0.574062
3.05908e-09	0.573039
3.0592e-09	0.572014
3.05932e-09	0.570987
3.05944e-09	0.569959
3.05957e-09	0.568929
3.05969e-09	0.567897
3.05981e-09	0.566863
3.05993e-09	0.565828
3.06006e-09	0.56479
3.06018e-09	0.563752
3.0603e-09	0.562711
3.06042e-09	0.561669
3.06054e-09	0.560625
3.06067e-09	0.559579
3.06079e-09	0.558531
3.06091e-09	0.557482
3.06103e-09	0.556431
3.06116e-09	0.555379
3.06128e-09	0.554325
3.0614e-09	0.553269
3.06152e-09	0.552211
3.06164e-09	0.551152
3.06177e-09	0.550091
3.06189e-09	0.549028
3.06201e-09	0.547964
3.06213e-09	0.546898
3.06226e-09	0.545831
3.06238e-09	0.544761
3.0625e-09	0.543691
3.06262e-09	0.542618
3.06274e-09	0.541544
3.06287e-09	0.540468
3.06299e-09	0.539391
3.06311e-09	0.538312
3.06323e-09	0.537231
3.06336e-09	0.536149
3.06348e-09	0.535065
3.0636e-09	0.533979
3.06372e-09	0.532892
3.06384e-09	0.531804
3.06397e-09	0.530713
3.06409e-09	0.529622
3.06421e-09	0.528528
3.06433e-09	0.527433
3.06446e-09	0.526336
3.06458e-09	0.525238
3.0647e-09	0.524139
3.06482e-09	0.523037
3.06494e-09	0.521935
3.06507e-09	0.52083
3.06519e-09	0.519724
3.06531e-09	0.518617
3.06543e-09	0.517508
3.06556e-09	0.516397
3.06568e-09	0.515285
3.0658e-09	0.514172
3.06592e-09	0.513057
3.06604e-09	0.51194
3.06617e-09	0.510822
3.06629e-09	0.509702
3.06641e-09	0.508581
3.06653e-09	0.507458
3.06666e-09	0.506334
3.06678e-09	0.505209
3.0669e-09	0.504082
3.06702e-09	0.502953
3.06714e-09	0.501823
3.06727e-09	0.500691
3.06739e-09	0.499558
3.06751e-09	0.498424
3.06763e-09	0.497288
3.06776e-09	0.496151
3.06788e-09	0.495012
3.068e-09	0.493872
3.06812e-09	0.49273
3.06825e-09	0.491587
3.06837e-09	0.490443
3.06849e-09	0.489297
3.06861e-09	0.488149
3.06873e-09	0.487
3.06886e-09	0.48585
3.06898e-09	0.484699
3.0691e-09	0.483546
3.06922e-09	0.482391
3.06935e-09	0.481236
3.06947e-09	0.480078
3.06959e-09	0.47892
3.06971e-09	0.47776
3.06983e-09	0.476599
3.06996e-09	0.475436
3.07008e-09	0.474272
3.0702e-09	0.473107
3.07032e-09	0.47194
3.07045e-09	0.470772
3.07057e-09	0.469602
3.07069e-09	0.468432
3.07081e-09	0.46726
3.07093e-09	0.466086
3.07106e-09	0.464912
3.07118e-09	0.463735
3.0713e-09	0.462558
3.07142e-09	0.461379
3.07155e-09	0.460199
3.07167e-09	0.459018
3.07179e-09	0.457836
3.07191e-09	0.456652
3.07203e-09	0.455467
3.07216e-09	0.45428
3.07228e-09	0.453092
3.0724e-09	0.451903
3.07252e-09	0.450713
3.07265e-09	0.449522
3.07277e-09	0.448329
3.07289e-09	0.447135
3.07301e-09	0.44594
3.07313e-09	0.444743
3.07326e-09	0.443545
3.07338e-09	0.442346
3.0735e-09	0.441146
3.07362e-09	0.439945
3.07375e-09	0.438742
3.07387e-09	0.437538
3.07399e-09	0.436333
3.07411e-09	0.435127
3.07423e-09	0.433919
3.07436e-09	0.432711
3.07448e-09	0.431501
3.0746e-09	0.43029
3.07472e-09	0.429077
3.07485e-09	0.427864
3.07497e-09	0.426649
3.07509e-09	0.425434
3.07521e-09	0.424217
3.07533e-09	0.422999
3.07546e-09	0.421779
3.07558e-09	0.420559
3.0757e-09	0.419338
3.07582e-09	0.418115
3.07595e-09	0.416891
3.07607e-09	0.415666
3.07619e-09	0.41444
3.07631e-09	0.413213
3.07643e-09	0.411985
3.07656e-09	0.410755
3.07668e-09	0.409525
3.0768e-09	0.408293
3.07692e-09	0.407061
3.07705e-09	0.405827
3.07717e-09	0.404592
3.07729e-09	0.403356
3.07741e-09	0.402119
3.07754e-09	0.400881
3.07766e-09	0.399642
3.07778e-09	0.398402
3.0779e-09	0.397161
3.07802e-09	0.395918
3.07815e-09	0.394675
3.07827e-09	0.393431
3.07839e-09	0.392185
3.07851e-09	0.390939
3.07864e-09	0.389691
3.07876e-09	0.388443
3.07888e-09	0.387193
3.079e-09	0.385943
3.07912e-09	0.384691
3.07925e-09	0.383439
3.07937e-09	0.382185
3.07949e-09	0.380931
3.07961e-09	0.379675
3.07974e-09	0.378419
3.07986e-09	0.377161
3.07998e-09	0.375903
3.0801e-09	0.374643
3.08022e-09	0.373383
3.08035e-09	0.372122
3.08047e-09	0.370859
3.08059e-09	0.369596
3.08071e-09	0.368332
3.08084e-09	0.367067
3.08096e-09	0.365801
3.08108e-09	0.364534
3.0812e-09	0.363266
3.08132e-09	0.361997
3.08145e-09	0.360728
3.08157e-09	0.359457
3.08169e-09	0.358185
3.08181e-09	0.356913
3.08194e-09	0.35564
3.08206e-09	0.354366
3.08218e-09	0.353091
3.0823e-09	0.351815
3.08242e-09	0.350538
3.08255e-09	0.34926
3.08267e-09	0.347982
3.08279e-09	0.346702
3.08291e-09	0.345422
3.08304e-09	0.344141
3.08316e-09	0.342859
3.08328e-09	0.341576
3.0834e-09	0.340292
3.08352e-09	0.339008
3.08365e-09	0.337723
3.08377e-09	0.336437
3.08389e-09	0.33515
3.08401e-09	0.333862
3.08414e-09	0.332574
3.08426e-09	0.331284
3.08438e-09	0.329994
3.0845e-09	0.328703
3.08462e-09	0.327412
3.08475e-09	0.326119
3.08487e-09	0.324826
3.08499e-09	0.323532
3.08511e-09	0.322237
3.08524e-09	0.320942
3.08536e-09	0.319646
3.08548e-09	0.318349
3.0856e-09	0.317051
3.08572e-09	0.315752
3.08585e-09	0.314453
3.08597e-09	0.313153
3.08609e-09	0.311852
3.08621e-09	0.310551
3.08634e-09	0.309249
3.08646e-09	0.307946
3.08658e-09	0.306643
3.0867e-09	0.305339
3.08682e-09	0.304034
3.08695e-09	0.302728
3.08707e-09	0.301422
3.08719e-09	0.300115
3.08731e-09	0.298807
3.08744e-09	0.297499
3.08756e-09	0.29619
3.08768e-09	0.29488
3.0878e-09	0.29357
3.08793e-09	0.292259
3.08805e-09	0.290948
3.08817e-09	0.289636
3.08829e-09	0.288323
3.08841e-09	0.287009
3.08854e-09	0.285695
3.08866e-09	0.28438
3.08878e-09	0.283065
3.0889e-09	0.281749
3.08903e-09	0.280433
3.08915e-09	0.279116
3.08927e-09	0.277798
3.08939e-09	0.27648
3.08951e-09	0.275161
3.08964e-09	0.273841
3.08976e-09	0.272521
3.08988e-09	0.271201
3.09e-09	0.26988
3.09013e-09	0.268558
3.09025e-09	0.267236
3.09037e-09	0.265913
3.09049e-09	0.26459
3.09061e-09	0.263266
3.09074e-09	0.261941
3.09086e-09	0.260617
3.09098e-09	0.259291
3.0911e-09	0.257965
3.09123e-09	0.256639
3.09135e-09	0.255312
3.09147e-09	0.253984
3.09159e-09	0.252656
3.09171e-09	0.251328
3.09184e-09	0.249999
3.09196e-09	0.248669
3.09208e-09	0.247339
3.0922e-09	0.246009
3.09233e-09	0.244678
3.09245e-09	0.243347
3.09257e-09	0.242015
3.09269e-09	0.240683
3.09281e-09	0.23935
3.09294e-09	0.238017
3.09306e-09	0.236684
3.09318e-09	0.23535
3.0933e-09	0.234015
3.09343e-09	0.23268
3.09355e-09	0.231345
3.09367e-09	0.23001
3.09379e-09	0.228674
3.09391e-09	0.227337
3.09404e-09	0.226
3.09416e-09	0.224663
3.09428e-09	0.223325
3.0944e-09	0.221987
3.09453e-09	0.220649
3.09465e-09	0.21931
3.09477e-09	0.217971
3.09489e-09	0.216632
3.09501e-09	0.215292
3.09514e-09	0.213952
3.09526e-09	0.212611
3.09538e-09	0.21127
3.0955e-09	0.209929
3.09563e-09	0.208588
3.09575e-09	0.207246
3.09587e-09	0.205904
3.09599e-09	0.204561
3.09611e-09	0.203218
3.09624e-09	0.201875
3.09636e-09	0.200532
3.09648e-09	0.199188
3.0966e-09	0.197844
3.09673e-09	0.1965
3.09685e-09	0.195156
3.09697e-09	0.193811
3.09709e-09	0.192466
3.09722e-09	0.19112
3.09734e-09	0.189775
3.09746e-09	0.188429
3.09758e-09	0.187083
3.0977e-09	0.185736
3.09783e-09	0.18439
3.09795e-09	0.183043
3.09807e-09	0.181696
3.09819e-09	0.180349
3.09832e-09	0.179001
3.09844e-09	0.177653
3.09856e-09	0.176306
3.09868e-09	0.174957
3.0988e-09	0.173609
3.09893e-09	0.172261
3.09905e-09	0.170912
3.09917e-09	0.169563
3.09929e-09	0.168214
3.09942e-09	0.166865
3.09954e-09	0.165515
3.09966e-09	0.164166
3.09978e-09	0.162816
3.0999e-09	0.161466
3.10003e-09	0.160116
3.10015e-09	0.158766
3.10027e-09	0.157416
3.10039e-09	0.156065
3.10052e-09	0.154715
3.10064e-09	0.153364
3.10076e-09	0.152013
3.10088e-09	0.150662
3.101e-09	0.149311
3.10113e-09	0.14796
3.10125e-09	0.146609
3.10137e-09	0.145258
3.10149e-09	0.143906
3.10162e-09	0.142555
3.10174e-09	0.141203
3.10186e-09	0.139851
3.10198e-09	0.1385
3.1021e-09	0.137148
3.10223e-09	0.135796
3.10235e-09	0.134444
3.10247e-09	0.133092
3.10259e-09	0.13174
3.10272e-09	0.130388
3.10284e-09	0.129036
3.10296e-09	0.127684
3.10308e-09	0.126332
3.1032e-09	0.12498
3.10333e-09	0.123628
3.10345e-09	0.122276
3.10357e-09	0.120924
3.10369e-09	0.119571
3.10382e-09	0.118219
3.10394e-09	0.116867
3.10406e-09	0.115515
3.10418e-09	0.114163
3.1043e-09	0.112811
3.10443e-09	0.111459
3.10455e-09	0.110107
3.10467e-09	0.108755
3.10479e-09	0.107403
3.10492e-09	0.106051
3.10504e-09	0.104699
3.10516e-09	0.103348
3.10528e-09	0.101996
3.1054e-09	0.100644
3.10553e-09	0.0992929
3.10565e-09	0.0979415
3.10577e-09	0.0965901
3.10589e-09	0.0952389
3.10602e-09	0.0938877
3.10614e-09	0.0925367
3.10626e-09	0.0911857
3.10638e-09	0.0898349
3.1065e-09	0.0884841
3.10663e-09	0.0871335
3.10675e-09	0.085783
3.10687e-09	0.0844327
3.10699e-09	0.0830825
3.10712e-09	0.0817324
3.10724e-09	0.0803825
3.10736e-09	0.0790327
3.10748e-09	0.0776831
3.10761e-09	0.0763336
3.10773e-09	0.0749843
3.10785e-09	0.0736352
3.10797e-09	0.0722862
3.10809e-09	0.0709375
3.10822e-09	0.0695889
3.10834e-09	0.0682405
3.10846e-09	0.0668923
3.10858e-09	0.0655443
3.10871e-09	0.0641965
3.10883e-09	0.0628489
3.10895e-09	0.0615015
3.10907e-09	0.0601543
3.10919e-09	0.0588074
3.10932e-09	0.0574607
3.10944e-09	0.0561142
3.10956e-09	0.054768
3.10968e-09	0.053422
3.10981e-09	0.0520763
3.10993e-09	0.0507308
3.11005e-09	0.0493856
3.11017e-09	0.0480406
3.11029e-09	0.0466959
3.11042e-09	0.0453515
3.11054e-09	0.0440074
3.11066e-09	0.0426635
3.11078e-09	0.0413199
3.11091e-09	0.0399766
3.11103e-09	0.0386337
3.11115e-09	0.037291
3.11127e-09	0.0359486
3.11139e-09	0.0346065
3.11152e-09	0.0332648
3.11164e-09	0.0319234
3.11176e-09	0.0305823
3.11188e-09	0.0292415
3.11201e-09	0.0279011
3.11213e-09	0.026561
3.11225e-09	0.0252212
3.11237e-09	0.0238818
3.11249e-09	0.0225428
3.11262e-09	0.0212041
3.11274e-09	0.0198658
3.11286e-09	0.0185278
3.11298e-09	0.0171903
3.11311e-09	0.0158531
3.11323e-09	0.0145163
3.11335e-09	0.0131799
3.11347e-09	0.0118438
3.11359e-09	0.0105082
3.11372e-09	0.00917298
3.11384e-09	0.00783816
3.11396e-09	0.00650376
3.11408e-09	0.00516978
3.11421e-09	0.00383621
3.11433e-09	0.00250308
3.11445e-09	0.00117037
3.11457e-09	-0.000161892
3.11469e-09	-0.00149372
3.11482e-09	-0.0028251
3.11494e-09	-0.00415602
3.11506e-09	-0.00548649
3.11518e-09	-0.00681651
3.11531e-09	-0.00814605
3.11543e-09	-0.00947513
3.11555e-09	-0.0108037
3.11567e-09	-0.0121319
3.11579e-09	-0.0134595
3.11592e-09	-0.0147866
3.11604e-09	-0.0161133
3.11616e-09	-0.0174394
3.11628e-09	-0.0187651
3.11641e-09	-0.0200902
3.11653e-09	-0.0214149
3.11665e-09	-0.022739
3.11677e-09	-0.0240626
3.1169e-09	-0.0253856
3.11702e-09	-0.0267082
3.11714e-09	-0.0280302
3.11726e-09	-0.0293516
3.11738e-09	-0.0306726
3.11751e-09	-0.0319929
3.11763e-09	-0.0333127
3.11775e-09	-0.034632
3.11787e-09	-0.0359507
3.118e-09	-0.0372688
3.11812e-09	-0.0385863
3.11824e-09	-0.0399033
3.11836e-09	-0.0412196
3.11848e-09	-0.0425354
3.11861e-09	-0.0438506
3.11873e-09	-0.0451652
3.11885e-09	-0.0464792
3.11897e-09	-0.0477926
3.1191e-09	-0.0491054
3.11922e-09	-0.0504176
3.11934e-09	-0.0517291
3.11946e-09	-0.0530401
3.11958e-09	-0.0543504
3.11971e-09	-0.05566
3.11983e-09	-0.056969
3.11995e-09	-0.0582774
3.12007e-09	-0.0595851
3.1202e-09	-0.0608922
3.12032e-09	-0.0621986
3.12044e-09	-0.0635044
3.12056e-09	-0.0648095
3.12068e-09	-0.0661139
3.12081e-09	-0.0674177
3.12093e-09	-0.0687207
3.12105e-09	-0.0700231
3.12117e-09	-0.0713248
3.1213e-09	-0.0726258
3.12142e-09	-0.0739261
3.12154e-09	-0.0752257
3.12166e-09	-0.0765246
3.12178e-09	-0.0778228
3.12191e-09	-0.0791202
3.12203e-09	-0.080417
3.12215e-09	-0.081713
3.12227e-09	-0.0830083
3.1224e-09	-0.0843028
3.12252e-09	-0.0855966
3.12264e-09	-0.0868897
3.12276e-09	-0.088182
3.12288e-09	-0.0894736
3.12301e-09	-0.0907644
3.12313e-09	-0.0920544
3.12325e-09	-0.0933437
3.12337e-09	-0.0946322
3.1235e-09	-0.09592
3.12362e-09	-0.0972069
3.12374e-09	-0.0984931
3.12386e-09	-0.0997785
3.12398e-09	-0.101063
3.12411e-09	-0.102347
3.12423e-09	-0.10363
3.12435e-09	-0.104912
3.12447e-09	-0.106193
3.1246e-09	-0.107474
3.12472e-09	-0.108754
3.12484e-09	-0.110033
3.12496e-09	-0.111311
3.12508e-09	-0.112588
3.12521e-09	-0.113864
3.12533e-09	-0.11514
3.12545e-09	-0.116415
3.12557e-09	-0.117689
3.1257e-09	-0.118962
3.12582e-09	-0.120234
3.12594e-09	-0.121505
3.12606e-09	-0.122775
3.12618e-09	-0.124045
3.12631e-09	-0.125314
3.12643e-09	-0.126581
3.12655e-09	-0.127848
3.12667e-09	-0.129114
3.1268e-09	-0.130379
3.12692e-09	-0.131644
3.12704e-09	-0.132907
3.12716e-09	-0.134169
3.12729e-09	-0.135431
3.12741e-09	-0.136692
3.12753e-09	-0.137951
3.12765e-09	-0.13921
3.12777e-09	-0.140468
3.1279e-09	-0.141725
3.12802e-09	-0.142981
3.12814e-09	-0.144236
3.12826e-09	-0.14549
3.12839e-09	-0.146743
3.12851e-09	-0.147995
3.12863e-09	-0.149246
3.12875e-09	-0.150496
3.12887e-09	-0.151745
3.129e-09	-0.152994
3.12912e-09	-0.154241
3.12924e-09	-0.155487
3.12936e-09	-0.156733
3.12949e-09	-0.157977
3.12961e-09	-0.15922
3.12973e-09	-0.160463
3.12985e-09	-0.161704
3.12997e-09	-0.162944
3.1301e-09	-0.164184
3.13022e-09	-0.165422
3.13034e-09	-0.166659
3.13046e-09	-0.167896
3.13059e-09	-0.169131
3.13071e-09	-0.170365
3.13083e-09	-0.171598
3.13095e-09	-0.17283
3.13107e-09	-0.174061
3.1312e-09	-0.175291
3.13132e-09	-0.17652
3.13144e-09	-0.177748
3.13156e-09	-0.178975
3.13169e-09	-0.180201
3.13181e-09	-0.181426
3.13193e-09	-0.182649
3.13205e-09	-0.183872
3.13217e-09	-0.185094
3.1323e-09	-0.186314
3.13242e-09	-0.187533
3.13254e-09	-0.188751
3.13266e-09	-0.189969
3.13279e-09	-0.191185
3.13291e-09	-0.1924
3.13303e-09	-0.193613
3.13315e-09	-0.194826
3.13327e-09	-0.196038
3.1334e-09	-0.197248
3.13352e-09	-0.198457
3.13364e-09	-0.199666
3.13376e-09	-0.200873
3.13389e-09	-0.202079
3.13401e-09	-0.203283
3.13413e-09	-0.204487
3.13425e-09	-0.205689
3.13437e-09	-0.206891
3.1345e-09	-0.208091
3.13462e-09	-0.20929
3.13474e-09	-0.210488
3.13486e-09	-0.211684
3.13499e-09	-0.21288
3.13511e-09	-0.214074
3.13523e-09	-0.215267
3.13535e-09	-0.216459
3.13547e-09	-0.21765
3.1356e-09	-0.21884
3.13572e-09	-0.220028
3.13584e-09	-0.221215
3.13596e-09	-0.222401
3.13609e-09	-0.223586
3.13621e-09	-0.224769
3.13633e-09	-0.225951
3.13645e-09	-0.227132
3.13658e-09	-0.228312
3.1367e-09	-0.229491
3.13682e-09	-0.230668
3.13694e-09	-0.231844
3.13706e-09	-0.233019
3.13719e-09	-0.234193
3.13731e-09	-0.235365
3.13743e-09	-0.236536
3.13755e-09	-0.237706
3.13768e-09	-0.238875
3.1378e-09	-0.240042
3.13792e-09	-0.241208
3.13804e-09	-0.242373
3.13816e-09	-0.243537
3.13829e-09	-0.244699
3.13841e-09	-0.24586
3.13853e-09	-0.247019
3.13865e-09	-0.248178
3.13878e-09	-0.249335
3.1389e-09	-0.250491
3.13902e-09	-0.251645
3.13914e-09	-0.252798
3.13926e-09	-0.25395
3.13939e-09	-0.255101
3.13951e-09	-0.25625
3.13963e-09	-0.257398
3.13975e-09	-0.258544
3.13988e-09	-0.25969
3.14e-09	-0.260833
3.14012e-09	-0.261976
3.14024e-09	-0.263117
3.14036e-09	-0.264257
3.14049e-09	-0.265396
3.14061e-09	-0.266533
3.14073e-09	-0.267668
3.14085e-09	-0.268803
3.14098e-09	-0.269936
3.1411e-09	-0.271068
3.14122e-09	-0.272198
3.14134e-09	-0.273327
3.14146e-09	-0.274455
3.14159e-09	-0.275581
3.14171e-09	-0.276706
3.14183e-09	-0.277829
3.14195e-09	-0.278951
3.14208e-09	-0.280072
3.1422e-09	-0.281191
3.14232e-09	-0.282309
3.14244e-09	-0.283425
3.14256e-09	-0.28454
3.14269e-09	-0.285654
3.14281e-09	-0.286766
3.14293e-09	-0.287876
3.14305e-09	-0.288986
3.14318e-09	-0.290094
3.1433e-09	-0.2912
3.14342e-09	-0.292305
3.14354e-09	-0.293409
3.14366e-09	-0.294511
3.14379e-09	-0.295611
3.14391e-09	-0.296711
3.14403e-09	-0.297808
3.14415e-09	-0.298905
3.14428e-09	-0.299999
3.1444e-09	-0.301093
3.14452e-09	-0.302185
3.14464e-09	-0.303275
3.14476e-09	-0.304364
3.14489e-09	-0.305452
3.14501e-09	-0.306538
3.14513e-09	-0.307622
3.14525e-09	-0.308705
3.14538e-09	-0.309787
3.1455e-09	-0.310867
3.14562e-09	-0.311945
3.14574e-09	-0.313022
3.14586e-09	-0.314098
3.14599e-09	-0.315172
3.14611e-09	-0.316244
3.14623e-09	-0.317315
3.14635e-09	-0.318384
3.14648e-09	-0.319452
3.1466e-09	-0.320519
3.14672e-09	-0.321583
3.14684e-09	-0.322647
3.14697e-09	-0.323709
3.14709e-09	-0.324769
3.14721e-09	-0.325827
3.14733e-09	-0.326885
3.14745e-09	-0.32794
3.14758e-09	-0.328994
3.1477e-09	-0.330047
3.14782e-09	-0.331097
3.14794e-09	-0.332147
3.14807e-09	-0.333195
3.14819e-09	-0.334241
3.14831e-09	-0.335285
3.14843e-09	-0.336328
3.14855e-09	-0.33737
3.14868e-09	-0.33841
3.1488e-09	-0.339448
3.14892e-09	-0.340485
3.14904e-09	-0.34152
3.14917e-09	-0.342553
3.14929e-09	-0.343585
3.14941e-09	-0.344615
3.14953e-09	-0.345644
3.14965e-09	-0.346671
3.14978e-09	-0.347697
3.1499e-09	-0.34872
3.15002e-09	-0.349743
3.15014e-09	-0.350763
3.15027e-09	-0.351782
3.15039e-09	-0.352799
3.15051e-09	-0.353815
3.15063e-09	-0.354829
3.15075e-09	-0.355842
3.15088e-09	-0.356852
3.151e-09	-0.357861
3.15112e-09	-0.358869
3.15124e-09	-0.359875
3.15137e-09	-0.360879
3.15149e-09	-0.361881
3.15161e-09	-0.362882
3.15173e-09	-0.363881
3.15185e-09	-0.364879
3.15198e-09	-0.365875
3.1521e-09	-0.366869
3.15222e-09	-0.367861
3.15234e-09	-0.368852
3.15247e-09	-0.369841
3.15259e-09	-0.370829
3.15271e-09	-0.371814
3.15283e-09	-0.372798
3.15295e-09	-0.373781
3.15308e-09	-0.374761
3.1532e-09	-0.37574
3.15332e-09	-0.376718
3.15344e-09	-0.377693
3.15357e-09	-0.378667
3.15369e-09	-0.379639
3.15381e-09	-0.380609
3.15393e-09	-0.381578
3.15405e-09	-0.382545
3.15418e-09	-0.38351
3.1543e-09	-0.384474
3.15442e-09	-0.385435
3.15454e-09	-0.386395
3.15467e-09	-0.387354
3.15479e-09	-0.38831
3.15491e-09	-0.389265
3.15503e-09	-0.390218
3.15515e-09	-0.391169
3.15528e-09	-0.392119
3.1554e-09	-0.393067
3.15552e-09	-0.394013
3.15564e-09	-0.394957
3.15577e-09	-0.395899
3.15589e-09	-0.39684
3.15601e-09	-0.397779
3.15613e-09	-0.398716
3.15626e-09	-0.399652
3.15638e-09	-0.400585
3.1565e-09	-0.401517
3.15662e-09	-0.402447
3.15674e-09	-0.403376
3.15687e-09	-0.404302
3.15699e-09	-0.405227
3.15711e-09	-0.40615
3.15723e-09	-0.407071
3.15736e-09	-0.40799
3.15748e-09	-0.408908
3.1576e-09	-0.409823
3.15772e-09	-0.410737
3.15784e-09	-0.411649
3.15797e-09	-0.41256
3.15809e-09	-0.413468
3.15821e-09	-0.414375
3.15833e-09	-0.41528
3.15846e-09	-0.416183
3.15858e-09	-0.417084
3.1587e-09	-0.417983
3.15882e-09	-0.41888
3.15894e-09	-0.419776
3.15907e-09	-0.42067
3.15919e-09	-0.421562
3.15931e-09	-0.422452
3.15943e-09	-0.42334
3.15956e-09	-0.424227
3.15968e-09	-0.425111
3.1598e-09	-0.425994
3.15992e-09	-0.426875
3.16004e-09	-0.427754
3.16017e-09	-0.428631
3.16029e-09	-0.429506
3.16041e-09	-0.43038
3.16053e-09	-0.431251
3.16066e-09	-0.432121
3.16078e-09	-0.432989
3.1609e-09	-0.433855
3.16102e-09	-0.434719
3.16114e-09	-0.435581
3.16127e-09	-0.436441
3.16139e-09	-0.4373
3.16151e-09	-0.438156
3.16163e-09	-0.439011
3.16176e-09	-0.439864
3.16188e-09	-0.440714
3.162e-09	-0.441563
3.16212e-09	-0.44241
3.16224e-09	-0.443255
3.16237e-09	-0.444099
3.16249e-09	-0.44494
3.16261e-09	-0.445779
3.16273e-09	-0.446617
3.16286e-09	-0.447452
3.16298e-09	-0.448286
3.1631e-09	-0.449118
3.16322e-09	-0.449947
3.16334e-09	-0.450775
3.16347e-09	-0.451601
3.16359e-09	-0.452425
3.16371e-09	-0.453247
3.16383e-09	-0.454067
3.16396e-09	-0.454886
3.16408e-09	-0.455702
3.1642e-09	-0.456516
3.16432e-09	-0.457329
3.16444e-09	-0.458139
3.16457e-09	-0.458947
3.16469e-09	-0.459754
3.16481e-09	-0.460559
3.16493e-09	-0.461361
3.16506e-09	-0.462162
3.16518e-09	-0.462961
3.1653e-09	-0.463757
3.16542e-09	-0.464552
3.16554e-09	-0.465345
3.16567e-09	-0.466136
3.16579e-09	-0.466924
3.16591e-09	-0.467711
3.16603e-09	-0.468496
3.16616e-09	-0.469279
3.16628e-09	-0.47006
3.1664e-09	-0.470839
3.16652e-09	-0.471616
3.16665e-09	-0.472391
3.16677e-09	-0.473164
3.16689e-09	-0.473935
3.16701e-09	-0.474704
3.16713e-09	-0.475471
3.16726e-09	-0.476236
3.16738e-09	-0.476999
3.1675e-09	-0.47776
3.16762e-09	-0.478519
3.16775e-09	-0.479276
3.16787e-09	-0.480031
3.16799e-09	-0.480784
3.16811e-09	-0.481535
3.16823e-09	-0.482284
3.16836e-09	-0.483031
3.16848e-09	-0.483776
3.1686e-09	-0.484519
3.16872e-09	-0.48526
3.16885e-09	-0.485999
3.16897e-09	-0.486735
3.16909e-09	-0.48747
3.16921e-09	-0.488203
3.16933e-09	-0.488934
3.16946e-09	-0.489662
3.16958e-09	-0.490389
3.1697e-09	-0.491114
3.16982e-09	-0.491836
3.16995e-09	-0.492557
3.17007e-09	-0.493275
3.17019e-09	-0.493992
3.17031e-09	-0.494706
3.17043e-09	-0.495419
3.17056e-09	-0.496129
3.17068e-09	-0.496837
3.1708e-09	-0.497543
3.17092e-09	-0.498247
3.17105e-09	-0.49895
3.17117e-09	-0.49965
3.17129e-09	-0.500347
3.17141e-09	-0.501043
3.17153e-09	-0.501737
3.17166e-09	-0.502429
3.17178e-09	-0.503119
3.1719e-09	-0.503806
3.17202e-09	-0.504492
3.17215e-09	-0.505175
3.17227e-09	-0.505857
3.17239e-09	-0.506536
3.17251e-09	-0.507213
3.17263e-09	-0.507888
3.17276e-09	-0.508561
3.17288e-09	-0.509232
3.173e-09	-0.509901
3.17312e-09	-0.510568
3.17325e-09	-0.511233
3.17337e-09	-0.511895
3.17349e-09	-0.512556
3.17361e-09	-0.513214
3.17373e-09	-0.513871
3.17386e-09	-0.514525
3.17398e-09	-0.515177
3.1741e-09	-0.515827
3.17422e-09	-0.516475
3.17435e-09	-0.517121
3.17447e-09	-0.517765
3.17459e-09	-0.518406
3.17471e-09	-0.519046
3.17483e-09	-0.519683
3.17496e-09	-0.520318
3.17508e-09	-0.520951
3.1752e-09	-0.521582
3.17532e-09	-0.522211
3.17545e-09	-0.522838
3.17557e-09	-0.523463
3.17569e-09	-0.524085
3.17581e-09	-0.524706
3.17594e-09	-0.525324
3.17606e-09	-0.52594
3.17618e-09	-0.526554
3.1763e-09	-0.527166
3.17642e-09	-0.527776
3.17655e-09	-0.528384
3.17667e-09	-0.528989
3.17679e-09	-0.529592
3.17691e-09	-0.530194
3.17704e-09	-0.530793
3.17716e-09	-0.53139
3.17728e-09	-0.531985
3.1774e-09	-0.532577
3.17752e-09	-0.533168
3.17765e-09	-0.533756
3.17777e-09	-0.534342
3.17789e-09	-0.534926
3.17801e-09	-0.535508
3.17814e-09	-0.536088
3.17826e-09	-0.536666
3.17838e-09	-0.537241
3.1785e-09	-0.537814
3.17862e-09	-0.538386
3.17875e-09	-0.538955
3.17887e-09	-0.539521
3.17899e-09	-0.540086
3.17911e-09	-0.540649
3.17924e-09	-0.541209
3.17936e-09	-0.541767
3.17948e-09	-0.542323
3.1796e-09	-0.542877
3.17972e-09	-0.543429
3.17985e-09	-0.543978
3.17997e-09	-0.544525
3.18009e-09	-0.545071
3.18021e-09	-0.545614
3.18034e-09	-0.546154
3.18046e-09	-0.546693
3.18058e-09	-0.547229
3.1807e-09	-0.547764
3.18082e-09	-0.548296
3.18095e-09	-0.548826
3.18107e-09	-0.549354
3.18119e-09	-0.549879
3.18131e-09	-0.550402
3.18144e-09	-0.550924
3.18156e-09	-0.551443
3.18168e-09	-0.551959
3.1818e-09	-0.552474
3.18192e-09	-0.552987
3.18205e-09	-0.553497
3.18217e-09	-0.554005
3.18229e-09	-0.554511
3.18241e-09	-0.555014
3.18254e-09	-0.555516
3.18266e-09	-0.556015
3.18278e-09	-0.556512
3.1829e-09	-0.557007
3.18302e-09	-0.5575
3.18315e-09	-0.55799
3.18327e-09	-0.558478
3.18339e-09	-0.558964
3.18351e-09	-0.559448
3.18364e-09	-0.55993
3.18376e-09	-0.560409
3.18388e-09	-0.560887
3.184e-09	-0.561362
3.18412e-09	-0.561835
3.18425e-09	-0.562305
3.18437e-09	-0.562774
3.18449e-09	-0.56324
3.18461e-09	-0.563704
3.18474e-09	-0.564166
3.18486e-09	-0.564625
3.18498e-09	-0.565083
3.1851e-09	-0.565538
3.18522e-09	-0.565991
3.18535e-09	-0.566441
3.18547e-09	-0.56689
3.18559e-09	-0.567336
3.18571e-09	-0.56778
3.18584e-09	-0.568222
3.18596e-09	-0.568662
3.18608e-09	-0.569099
3.1862e-09	-0.569534
3.18633e-09	-0.569967
3.18645e-09	-0.570398
3.18657e-09	-0.570826
3.18669e-09	-0.571253
3.18681e-09	-0.571677
3.18694e-09	-0.572098
3.18706e-09	-0.572518
3.18718e-09	-0.572935
3.1873e-09	-0.573351
3.18743e-09	-0.573763
3.18755e-09	-0.574174
3.18767e-09	-0.574583
3.18779e-09	-0.574989
3.18791e-09	-0.575393
3.18804e-09	-0.575795
3.18816e-09	-0.576194
3.18828e-09	-0.576591
3.1884e-09	-0.576986
3.18853e-09	-0.577379
3.18865e-09	-0.57777
3.18877e-09	-0.578158
3.18889e-09	-0.578544
3.18901e-09	-0.578928
3.18914e-09	-0.57931
3.18926e-09	-0.579689
3.18938e-09	-0.580066
3.1895e-09	-0.580441
3.18963e-09	-0.580814
3.18975e-09	-0.581184
3.18987e-09	-0.581552
3.18999e-09	-0.581918
3.19011e-09	-0.582282
3.19024e-09	-0.582643
3.19036e-09	-0.583002
3.19048e-09	-0.583359
3.1906e-09	-0.583714
3.19073e-09	-0.584067
3.19085e-09	-0.584417
3.19097e-09	-0.584765
3.19109e-09	-0.58511
3.19121e-09	-0.585454
3.19134e-09	-0.585795
3.19146e-09	-0.586134
3.19158e-09	-0.586471
3.1917e-09	-0.586805
3.19183e-09	-0.587138
3.19195e-09	-0.587468
3.19207e-09	-0.587795
3.19219e-09	-0.588121
3.19231e-09	-0.588444
3.19244e-09	-0.588765
3.19256e-09	-0.589084
3.19268e-09	-0.5894
3.1928e-09	-0.589714
3.19293e-09	-0.590026
3.19305e-09	-0.590336
3.19317e-09	-0.590644
3.19329e-09	-0.590949
3.19341e-09	-0.591252
3.19354e-09	-0.591552
3.19366e-09	-0.591851
3.19378e-09	-0.592147
3.1939e-09	-0.592441
3.19403e-09	-0.592733
3.19415e-09	-0.593022
3.19427e-09	-0.593309
3.19439e-09	-0.593594
3.19451e-09	-0.593877
3.19464e-09	-0.594157
3.19476e-09	-0.594436
3.19488e-09	-0.594711
3.195e-09	-0.594985
3.19513e-09	-0.595257
3.19525e-09	-0.595526
3.19537e-09	-0.595793
3.19549e-09	-0.596057
3.19562e-09	-0.596319
3.19574e-09	-0.59658
3.19586e-09	-0.596837
3.19598e-09	-0.597093
3.1961e-09	-0.597346
3.19623e-09	-0.597597
3.19635e-09	-0.597846
3.19647e-09	-0.598093
3.19659e-09	-0.598337
3.19672e-09	-0.598579
3.19684e-09	-0.598819
3.19696e-09	-0.599056
3.19708e-09	-0.599292
3.1972e-09	-0.599525
3.19733e-09	-0.599755
3.19745e-09	-0.599984
3.19757e-09	-0.60021
3.19769e-09	-0.600434
3.19782e-09	-0.600656
3.19794e-09	-0.600875
3.19806e-09	-0.601093
3.19818e-09	-0.601308
3.1983e-09	-0.60152
3.19843e-09	-0.601731
3.19855e-09	-0.601939
3.19867e-09	-0.602145
3.19879e-09	-0.602348
3.19892e-09	-0.60255
3.19904e-09	-0.602749
3.19916e-09	-0.602946
3.19928e-09	-0.60314
3.1994e-09	-0.603333
3.19953e-09	-0.603523
3.19965e-09	-0.603711
3.19977e-09	-0.603896
3.19989e-09	-0.60408
3.20002e-09	-0.604261
3.20014e-09	-0.60444
3.20026e-09	-0.604616
3.20038e-09	-0.604791
3.2005e-09	-0.604963
3.20063e-09	-0.605133
3.20075e-09	-0.6053
3.20087e-09	-0.605465
3.20099e-09	-0.605628
3.20112e-09	-0.605789
3.20124e-09	-0.605948
3.20136e-09	-0.606104
3.20148e-09	-0.606258
3.2016e-09	-0.60641
3.20173e-09	-0.606559
3.20185e-09	-0.606707
3.20197e-09	-0.606852
3.20209e-09	-0.606995
3.20222e-09	-0.607135
3.20234e-09	-0.607273
3.20246e-09	-0.607409
3.20258e-09	-0.607543
3.2027e-09	-0.607675
3.20283e-09	-0.607804
3.20295e-09	-0.607931
3.20307e-09	-0.608056
3.20319e-09	-0.608178
3.20332e-09	-0.608299
3.20344e-09	-0.608417
3.20356e-09	-0.608533
3.20368e-09	-0.608646
3.2038e-09	-0.608757
3.20393e-09	-0.608866
3.20405e-09	-0.608973
3.20417e-09	-0.609078
3.20429e-09	-0.60918
3.20442e-09	-0.60928
3.20454e-09	-0.609378
3.20466e-09	-0.609474
3.20478e-09	-0.609567
3.2049e-09	-0.609658
3.20503e-09	-0.609747
3.20515e-09	-0.609834
3.20527e-09	-0.609918
3.20539e-09	-0.61
3.20552e-09	-0.61008
3.20564e-09	-0.610158
3.20576e-09	-0.610233
3.20588e-09	-0.610306
3.20601e-09	-0.610377
3.20613e-09	-0.610446
3.20625e-09	-0.610513
3.20637e-09	-0.610577
3.20649e-09	-0.610639
3.20662e-09	-0.610699
3.20674e-09	-0.610756
3.20686e-09	-0.610812
3.20698e-09	-0.610865
3.20711e-09	-0.610915
3.20723e-09	-0.610964
3.20735e-09	-0.61101
3.20747e-09	-0.611055
3.20759e-09	-0.611097
3.20772e-09	-0.611136
3.20784e-09	-0.611174
3.20796e-09	-0.611209
3.20808e-09	-0.611242
3.20821e-09	-0.611273
3.20833e-09	-0.611302
3.20845e-09	-0.611328
3.20857e-09	-0.611352
3.20869e-09	-0.611374
3.20882e-09	-0.611394
3.20894e-09	-0.611411
3.20906e-09	-0.611426
3.20918e-09	-0.61144
3.20931e-09	-0.61145
3.20943e-09	-0.611459
3.20955e-09	-0.611465
3.20967e-09	-0.61147
3.20979e-09	-0.611472
3.20992e-09	-0.611471
3.21004e-09	-0.611469
3.21016e-09	-0.611464
3.21028e-09	-0.611457
3.21041e-09	-0.611448
3.21053e-09	-0.611437
3.21065e-09	-0.611423
3.21077e-09	-0.611408
3.21089e-09	-0.61139
3.21102e-09	-0.61137
3.21114e-09	-0.611347
3.21126e-09	-0.611323
3.21138e-09	-0.611296
3.21151e-09	-0.611267
3.21163e-09	-0.611236
3.21175e-09	-0.611203
3.21187e-09	-0.611167
3.21199e-09	-0.611129
3.21212e-09	-0.611089
3.21224e-09	-0.611047
3.21236e-09	-0.611003
3.21248e-09	-0.610957
3.21261e-09	-0.610908
3.21273e-09	-0.610857
3.21285e-09	-0.610804
3.21297e-09	-0.610749
3.21309e-09	-0.610691
3.21322e-09	-0.610631
3.21334e-09	-0.61057
3.21346e-09	-0.610506
3.21358e-09	-0.610439
3.21371e-09	-0.610371
3.21383e-09	-0.6103
3.21395e-09	-0.610228
3.21407e-09	-0.610153
3.21419e-09	-0.610076
3.21432e-09	-0.609996
3.21444e-09	-0.609915
3.21456e-09	-0.609831
3.21468e-09	-0.609746
3.21481e-09	-0.609658
3.21493e-09	-0.609567
3.21505e-09	-0.609475
3.21517e-09	-0.609381
3.21529e-09	-0.609284
3.21542e-09	-0.609185
3.21554e-09	-0.609084
3.21566e-09	-0.608981
3.21578e-09	-0.608876
3.21591e-09	-0.608768
3.21603e-09	-0.608658
3.21615e-09	-0.608547
3.21627e-09	-0.608433
3.2164e-09	-0.608317
3.21652e-09	-0.608198
3.21664e-09	-0.608078
3.21676e-09	-0.607955
3.21688e-09	-0.607831
3.21701e-09	-0.607704
3.21713e-09	-0.607575
3.21725e-09	-0.607444
3.21737e-09	-0.60731
3.2175e-09	-0.607175
3.21762e-09	-0.607037
3.21774e-09	-0.606897
3.21786e-09	-0.606755
3.21798e-09	-0.606611
3.21811e-09	-0.606465
3.21823e-09	-0.606317
3.21835e-09	-0.606167
3.21847e-09	-0.606014
3.2186e-09	-0.605859
3.21872e-09	-0.605702
3.21884e-09	-0.605543
3.21896e-09	-0.605382
3.21908e-09	-0.605219
3.21921e-09	-0.605054
3.21933e-09	-0.604886
3.21945e-09	-0.604717
3.21957e-09	-0.604545
3.2197e-09	-0.604371
3.21982e-09	-0.604195
3.21994e-09	-0.604017
3.22006e-09	-0.603837
3.22018e-09	-0.603655
3.22031e-09	-0.60347
3.22043e-09	-0.603284
3.22055e-09	-0.603095
3.22067e-09	-0.602904
3.2208e-09	-0.602711
3.22092e-09	-0.602516
3.22104e-09	-0.602319
3.22116e-09	-0.60212
3.22128e-09	-0.601919
3.22141e-09	-0.601716
3.22153e-09	-0.60151
3.22165e-09	-0.601303
3.22177e-09	-0.601093
3.2219e-09	-0.600881
3.22202e-09	-0.600667
3.22214e-09	-0.600452
3.22226e-09	-0.600234
3.22238e-09	-0.600013
3.22251e-09	-0.599791
3.22263e-09	-0.599567
3.22275e-09	-0.599341
3.22287e-09	-0.599112
3.223e-09	-0.598882
3.22312e-09	-0.598649
3.22324e-09	-0.598415
3.22336e-09	-0.598178
3.22348e-09	-0.597939
3.22361e-09	-0.597698
3.22373e-09	-0.597455
3.22385e-09	-0.59721
3.22397e-09	-0.596963
3.2241e-09	-0.596714
3.22422e-09	-0.596463
3.22434e-09	-0.59621
3.22446e-09	-0.595955
3.22458e-09	-0.595697
3.22471e-09	-0.595438
3.22483e-09	-0.595177
3.22495e-09	-0.594913
3.22507e-09	-0.594647
3.2252e-09	-0.59438
3.22532e-09	-0.59411
3.22544e-09	-0.593839
3.22556e-09	-0.593565
3.22569e-09	-0.593289
3.22581e-09	-0.593011
3.22593e-09	-0.592732
3.22605e-09	-0.59245
3.22617e-09	-0.592166
3.2263e-09	-0.59188
3.22642e-09	-0.591592
3.22654e-09	-0.591302
3.22666e-09	-0.59101
3.22679e-09	-0.590716
3.22691e-09	-0.59042
3.22703e-09	-0.590122
3.22715e-09	-0.589822
3.22727e-09	-0.58952
3.2274e-09	-0.589216
3.22752e-09	-0.58891
3.22764e-09	-0.588602
3.22776e-09	-0.588291
3.22789e-09	-0.587979
3.22801e-09	-0.587665
3.22813e-09	-0.587349
3.22825e-09	-0.587031
3.22837e-09	-0.586711
3.2285e-09	-0.586389
3.22862e-09	-0.586065
3.22874e-09	-0.585739
3.22886e-09	-0.58541
3.22899e-09	-0.58508
3.22911e-09	-0.584748
3.22923e-09	-0.584414
3.22935e-09	-0.584078
3.22947e-09	-0.58374
3.2296e-09	-0.5834
3.22972e-09	-0.583058
3.22984e-09	-0.582714
3.22996e-09	-0.582369
3.23009e-09	-0.582021
3.23021e-09	-0.581671
3.23033e-09	-0.581319
3.23045e-09	-0.580965
3.23057e-09	-0.58061
3.2307e-09	-0.580252
3.23082e-09	-0.579892
3.23094e-09	-0.579531
3.23106e-09	-0.579167
3.23119e-09	-0.578802
3.23131e-09	-0.578434
3.23143e-09	-0.578065
3.23155e-09	-0.577694
3.23167e-09	-0.57732
3.2318e-09	-0.576945
3.23192e-09	-0.576568
3.23204e-09	-0.576189
3.23216e-09	-0.575808
3.23229e-09	-0.575425
3.23241e-09	-0.57504
3.23253e-09	-0.574653
3.23265e-09	-0.574265
3.23277e-09	-0.573874
3.2329e-09	-0.573482
3.23302e-09	-0.573087
3.23314e-09	-0.572691
3.23326e-09	-0.572292
3.23339e-09	-0.571892
3.23351e-09	-0.57149
3.23363e-09	-0.571086
3.23375e-09	-0.57068
3.23387e-09	-0.570272
3.234e-09	-0.569863
3.23412e-09	-0.569451
3.23424e-09	-0.569038
3.23436e-09	-0.568622
3.23449e-09	-0.568205
3.23461e-09	-0.567786
3.23473e-09	-0.567365
3.23485e-09	-0.566942
3.23497e-09	-0.566517
3.2351e-09	-0.56609
3.23522e-09	-0.565662
3.23534e-09	-0.565231
3.23546e-09	-0.564799
3.23559e-09	-0.564365
3.23571e-09	-0.563929
3.23583e-09	-0.563491
3.23595e-09	-0.563051
3.23608e-09	-0.562609
3.2362e-09	-0.562166
3.23632e-09	-0.561721
3.23644e-09	-0.561273
3.23656e-09	-0.560824
3.23669e-09	-0.560373
3.23681e-09	-0.559921
3.23693e-09	-0.559466
3.23705e-09	-0.55901
3.23718e-09	-0.558551
3.2373e-09	-0.558091
3.23742e-09	-0.557629
3.23754e-09	-0.557166
3.23766e-09	-0.5567
3.23779e-09	-0.556233
3.23791e-09	-0.555763
3.23803e-09	-0.555292
3.23815e-09	-0.55482
3.23828e-09	-0.554345
3.2384e-09	-0.553868
3.23852e-09	-0.55339
3.23864e-09	-0.55291
3.23876e-09	-0.552428
3.23889e-09	-0.551944
3.23901e-09	-0.551459
3.23913e-09	-0.550971
3.23925e-09	-0.550482
3.23938e-09	-0.549991
3.2395e-09	-0.549499
3.23962e-09	-0.549004
3.23974e-09	-0.548508
3.23986e-09	-0.54801
3.23999e-09	-0.54751
3.24011e-09	-0.547009
3.24023e-09	-0.546505
3.24035e-09	-0.546
3.24048e-09	-0.545493
3.2406e-09	-0.544984
3.24072e-09	-0.544474
3.24084e-09	-0.543962
3.24096e-09	-0.543448
3.24109e-09	-0.542932
3.24121e-09	-0.542415
3.24133e-09	-0.541895
3.24145e-09	-0.541374
3.24158e-09	-0.540852
3.2417e-09	-0.540327
3.24182e-09	-0.539801
3.24194e-09	-0.539273
3.24206e-09	-0.538743
3.24219e-09	-0.538212
3.24231e-09	-0.537679
3.24243e-09	-0.537144
3.24255e-09	-0.536607
3.24268e-09	-0.536069
3.2428e-09	-0.535529
3.24292e-09	-0.534987
3.24304e-09	-0.534444
3.24316e-09	-0.533899
3.24329e-09	-0.533352
3.24341e-09	-0.532803
3.24353e-09	-0.532253
3.24365e-09	-0.531701
3.24378e-09	-0.531147
3.2439e-09	-0.530592
3.24402e-09	-0.530035
3.24414e-09	-0.529476
3.24426e-09	-0.528915
3.24439e-09	-0.528353
3.24451e-09	-0.527789
3.24463e-09	-0.527224
3.24475e-09	-0.526657
3.24488e-09	-0.526088
3.245e-09	-0.525517
3.24512e-09	-0.524945
3.24524e-09	-0.524371
3.24537e-09	-0.523796
3.24549e-09	-0.523219
3.24561e-09	-0.52264
3.24573e-09	-0.522059
3.24585e-09	-0.521477
3.24598e-09	-0.520894
3.2461e-09	-0.520308
3.24622e-09	-0.519721
3.24634e-09	-0.519132
3.24647e-09	-0.518542
3.24659e-09	-0.51795
3.24671e-09	-0.517357
3.24683e-09	-0.516761
3.24695e-09	-0.516164
3.24708e-09	-0.515566
3.2472e-09	-0.514966
3.24732e-09	-0.514364
3.24744e-09	-0.513761
3.24757e-09	-0.513156
3.24769e-09	-0.512549
3.24781e-09	-0.511941
3.24793e-09	-0.511332
3.24805e-09	-0.51072
3.24818e-09	-0.510107
3.2483e-09	-0.509493
3.24842e-09	-0.508877
3.24854e-09	-0.508259
3.24867e-09	-0.50764
3.24879e-09	-0.507019
3.24891e-09	-0.506396
3.24903e-09	-0.505772
3.24915e-09	-0.505147
3.24928e-09	-0.50452
3.2494e-09	-0.503891
3.24952e-09	-0.503261
3.24964e-09	-0.502629
3.24977e-09	-0.501996
3.24989e-09	-0.501361
3.25001e-09	-0.500724
3.25013e-09	-0.500086
3.25025e-09	-0.499446
3.25038e-09	-0.498805
3.2505e-09	-0.498163
3.25062e-09	-0.497518
3.25074e-09	-0.496873
3.25087e-09	-0.496225
3.25099e-09	-0.495577
3.25111e-09	-0.494926
3.25123e-09	-0.494274
3.25135e-09	-0.493621
3.25148e-09	-0.492966
3.2516e-09	-0.49231
3.25172e-09	-0.491652
3.25184e-09	-0.490993
3.25197e-09	-0.490332
3.25209e-09	-0.489669
3.25221e-09	-0.489005
3.25233e-09	-0.48834
3.25245e-09	-0.487673
3.25258e-09	-0.487005
3.2527e-09	-0.486335
3.25282e-09	-0.485664
3.25294e-09	-0.484991
3.25307e-09	-0.484316
3.25319e-09	-0.483641
3.25331e-09	-0.482963
3.25343e-09	-0.482285
3.25355e-09	-0.481605
3.25368e-09	-0.480923
3.2538e-09	-0.48024
3.25392e-09	-0.479555
3.25404e-09	-0.478869
3.25417e-09	-0.478182
3.25429e-09	-0.477493
3.25441e-09	-0.476803
3.25453e-09	-0.476111
3.25465e-09	-0.475418
3.25478e-09	-0.474723
3.2549e-09	-0.474027
3.25502e-09	-0.47333
3.25514e-09	-0.472631
3.25527e-09	-0.471931
3.25539e-09	-0.471229
3.25551e-09	-0.470526
3.25563e-09	-0.469821
3.25576e-09	-0.469116
3.25588e-09	-0.468408
3.256e-09	-0.467699
3.25612e-09	-0.466989
3.25624e-09	-0.466278
3.25637e-09	-0.465565
3.25649e-09	-0.464851
3.25661e-09	-0.464135
3.25673e-09	-0.463418
3.25686e-09	-0.4627
3.25698e-09	-0.46198
3.2571e-09	-0.461259
3.25722e-09	-0.460536
3.25734e-09	-0.459812
3.25747e-09	-0.459087
3.25759e-09	-0.45836
3.25771e-09	-0.457632
3.25783e-09	-0.456903
3.25796e-09	-0.456172
3.25808e-09	-0.45544
3.2582e-09	-0.454707
3.25832e-09	-0.453972
3.25844e-09	-0.453236
3.25857e-09	-0.452499
3.25869e-09	-0.45176
3.25881e-09	-0.45102
3.25893e-09	-0.450279
3.25906e-09	-0.449536
3.25918e-09	-0.448792
3.2593e-09	-0.448047
3.25942e-09	-0.4473
3.25954e-09	-0.446553
3.25967e-09	-0.445803
3.25979e-09	-0.445053
3.25991e-09	-0.444301
3.26003e-09	-0.443548
3.26016e-09	-0.442794
3.26028e-09	-0.442038
3.2604e-09	-0.441281
3.26052e-09	-0.440523
3.26064e-09	-0.439763
3.26077e-09	-0.439003
3.26089e-09	-0.438241
3.26101e-09	-0.437477
3.26113e-09	-0.436713
3.26126e-09	-0.435947
3.26138e-09	-0.43518
3.2615e-09	-0.434412
3.26162e-09	-0.433642
3.26174e-09	-0.432872
3.26187e-09	-0.432099
3.26199e-09	-0.431326
3.26211e-09	-0.430552
3.26223e-09	-0.429776
3.26236e-09	-0.428999
3.26248e-09	-0.428221
3.2626e-09	-0.427442
3.26272e-09	-0.426661
3.26284e-09	-0.425879
3.26297e-09	-0.425096
3.26309e-09	-0.424312
3.26321e-09	-0.423526
3.26333e-09	-0.42274
3.26346e-09	-0.421952
3.26358e-09	-0.421163
3.2637e-09	-0.420373
3.26382e-09	-0.419581
3.26394e-09	-0.418789
3.26407e-09	-0.417995
3.26419e-09	-0.4172
3.26431e-09	-0.416404
3.26443e-09	-0.415606
3.26456e-09	-0.414808
3.26468e-09	-0.414008
3.2648e-09	-0.413208
3.26492e-09	-0.412406
3.26505e-09	-0.411603
3.26517e-09	-0.410798
3.26529e-09	-0.409993
3.26541e-09	-0.409187
3.26553e-09	-0.408379
3.26566e-09	-0.40757
3.26578e-09	-0.40676
3.2659e-09	-0.405949
3.26602e-09	-0.405137
3.26615e-09	-0.404324
3.26627e-09	-0.403509
3.26639e-09	-0.402694
3.26651e-09	-0.401877
3.26663e-09	-0.401059
3.26676e-09	-0.400241
3.26688e-09	-0.399421
3.267e-09	-0.3986
3.26712e-09	-0.397777
3.26725e-09	-0.396954
3.26737e-09	-0.39613
3.26749e-09	-0.395305
3.26761e-09	-0.394478
3.26773e-09	-0.393651
3.26786e-09	-0.392822
3.26798e-09	-0.391992
3.2681e-09	-0.391162
3.26822e-09	-0.39033
3.26835e-09	-0.389497
3.26847e-09	-0.388663
3.26859e-09	-0.387828
3.26871e-09	-0.386992
3.26883e-09	-0.386155
3.26896e-09	-0.385317
3.26908e-09	-0.384478
3.2692e-09	-0.383638
3.26932e-09	-0.382796
3.26945e-09	-0.381954
3.26957e-09	-0.381111
3.26969e-09	-0.380267
3.26981e-09	-0.379422
3.26993e-09	-0.378575
3.27006e-09	-0.377728
3.27018e-09	-0.37688
3.2703e-09	-0.37603
3.27042e-09	-0.37518
3.27055e-09	-0.374329
3.27067e-09	-0.373477
3.27079e-09	-0.372623
3.27091e-09	-0.371769
3.27103e-09	-0.370914
3.27116e-09	-0.370058
3.27128e-09	-0.3692
3.2714e-09	-0.368342
3.27152e-09	-0.367483
3.27165e-09	-0.366623
3.27177e-09	-0.365762
3.27189e-09	-0.3649
3.27201e-09	-0.364037
3.27213e-09	-0.363173
3.27226e-09	-0.362309
3.27238e-09	-0.361443
3.2725e-09	-0.360576
3.27262e-09	-0.359709
3.27275e-09	-0.35884
3.27287e-09	-0.357971
3.27299e-09	-0.3571
3.27311e-09	-0.356229
3.27323e-09	-0.355357
3.27336e-09	-0.354484
3.27348e-09	-0.35361
3.2736e-09	-0.352735
3.27372e-09	-0.351859
3.27385e-09	-0.350982
3.27397e-09	-0.350104
3.27409e-09	-0.349226
3.27421e-09	-0.348347
3.27433e-09	-0.347466
3.27446e-09	-0.346585
3.27458e-09	-0.345703
3.2747e-09	-0.34482
3.27482e-09	-0.343936
3.27495e-09	-0.343052
3.27507e-09	-0.342166
3.27519e-09	-0.34128
3.27531e-09	-0.340393
3.27544e-09	-0.339505
3.27556e-09	-0.338616
3.27568e-09	-0.337726
3.2758e-09	-0.336836
3.27592e-09	-0.335944
3.27605e-09	-0.335052
3.27617e-09	-0.334159
3.27629e-09	-0.333265
3.27641e-09	-0.33237
3.27654e-09	-0.331475
3.27666e-09	-0.330578
3.27678e-09	-0.329681
3.2769e-09	-0.328783
3.27702e-09	-0.327885
3.27715e-09	-0.326985
3.27727e-09	-0.326085
3.27739e-09	-0.325184
3.27751e-09	-0.324282
3.27764e-09	-0.323379
3.27776e-09	-0.322475
3.27788e-09	-0.321571
3.278e-09	-0.320666
3.27812e-09	-0.31976
3.27825e-09	-0.318854
3.27837e-09	-0.317947
3.27849e-09	-0.317039
3.27861e-09	-0.31613
3.27874e-09	-0.31522
3.27886e-09	-0.31431
3.27898e-09	-0.313399
3.2791e-09	-0.312487
3.27922e-09	-0.311574
3.27935e-09	-0.310661
3.27947e-09	-0.309747
3.27959e-09	-0.308832
3.27971e-09	-0.307917
3.27984e-09	-0.307001
3.27996e-09	-0.306084
3.28008e-09	-0.305167
3.2802e-09	-0.304248
3.28032e-09	-0.303329
3.28045e-09	-0.30241
3.28057e-09	-0.301489
3.28069e-09	-0.300568
3.28081e-09	-0.299646
3.28094e-09	-0.298724
3.28106e-09	-0.297801
3.28118e-09	-0.296877
3.2813e-09	-0.295953
3.28142e-09	-0.295028
3.28155e-09	-0.294102
3.28167e-09	-0.293175
3.28179e-09	-0.292248
3.28191e-09	-0.291321
3.28204e-09	-0.290392
3.28216e-09	-0.289463
3.28228e-09	-0.288533
3.2824e-09	-0.287603
3.28252e-09	-0.286672
3.28265e-09	-0.285741
3.28277e-09	-0.284808
3.28289e-09	-0.283875
3.28301e-09	-0.282942
3.28314e-09	-0.282008
3.28326e-09	-0.281073
3.28338e-09	-0.280138
3.2835e-09	-0.279202
3.28362e-09	-0.278266
3.28375e-09	-0.277328
3.28387e-09	-0.276391
3.28399e-09	-0.275453
3.28411e-09	-0.274514
3.28424e-09	-0.273574
3.28436e-09	-0.272634
3.28448e-09	-0.271694
3.2846e-09	-0.270752
3.28473e-09	-0.269811
3.28485e-09	-0.268868
3.28497e-09	-0.267926
3.28509e-09	-0.266982
3.28521e-09	-0.266038
3.28534e-09	-0.265094
3.28546e-09	-0.264149
3.28558e-09	-0.263203
3.2857e-09	-0.262257
3.28583e-09	-0.26131
3.28595e-09	-0.260363
3.28607e-09	-0.259415
3.28619e-09	-0.258467
3.28631e-09	-0.257518
3.28644e-09	-0.256569
3.28656e-09	-0.255619
3.28668e-09	-0.254669
3.2868e-09	-0.253718
3.28693e-09	-0.252767
3.28705e-09	-0.251815
3.28717e-09	-0.250863
3.28729e-09	-0.24991
3.28741e-09	-0.248957
3.28754e-09	-0.248003
3.28766e-09	-0.247049
3.28778e-09	-0.246094
3.2879e-09	-0.245139
3.28803e-09	-0.244183
3.28815e-09	-0.243227
3.28827e-09	-0.24227
3.28839e-09	-0.241313
3.28851e-09	-0.240356
3.28864e-09	-0.239398
3.28876e-09	-0.23844
3.28888e-09	-0.237481
3.289e-09	-0.236522
3.28913e-09	-0.235562
3.28925e-09	-0.234602
3.28937e-09	-0.233641
3.28949e-09	-0.232681
3.28961e-09	-0.231719
3.28974e-09	-0.230757
3.28986e-09	-0.229795
3.28998e-09	-0.228833
3.2901e-09	-0.22787
3.29023e-09	-0.226906
3.29035e-09	-0.225943
3.29047e-09	-0.224978
3.29059e-09	-0.224014
3.29071e-09	-0.223049
3.29084e-09	-0.222084
3.29096e-09	-0.221118
3.29108e-09	-0.220152
3.2912e-09	-0.219185
3.29133e-09	-0.218219
3.29145e-09	-0.217251
3.29157e-09	-0.216284
3.29169e-09	-0.215316
3.29181e-09	-0.214348
3.29194e-09	-0.213379
3.29206e-09	-0.21241
3.29218e-09	-0.211441
3.2923e-09	-0.210471
3.29243e-09	-0.209502
3.29255e-09	-0.208531
3.29267e-09	-0.207561
3.29279e-09	-0.20659
3.29291e-09	-0.205619
3.29304e-09	-0.204647
3.29316e-09	-0.203675
3.29328e-09	-0.202703
3.2934e-09	-0.201731
3.29353e-09	-0.200758
3.29365e-09	-0.199785
3.29377e-09	-0.198812
3.29389e-09	-0.197838
3.29401e-09	-0.196864
3.29414e-09	-0.19589
3.29426e-09	-0.194916
3.29438e-09	-0.193941
3.2945e-09	-0.192966
3.29463e-09	-0.191991
3.29475e-09	-0.191015
3.29487e-09	-0.190039
3.29499e-09	-0.189063
3.29512e-09	-0.188087
3.29524e-09	-0.187111
3.29536e-09	-0.186134
3.29548e-09	-0.185157
3.2956e-09	-0.18418
3.29573e-09	-0.183202
3.29585e-09	-0.182225
3.29597e-09	-0.181247
3.29609e-09	-0.180269
3.29622e-09	-0.17929
3.29634e-09	-0.178312
3.29646e-09	-0.177333
3.29658e-09	-0.176354
3.2967e-09	-0.175375
3.29683e-09	-0.174396
3.29695e-09	-0.173416
3.29707e-09	-0.172436
3.29719e-09	-0.171456
3.29732e-09	-0.170476
3.29744e-09	-0.169496
3.29756e-09	-0.168516
3.29768e-09	-0.167535
3.2978e-09	-0.166554
3.29793e-09	-0.165573
3.29805e-09	-0.164592
3.29817e-09	-0.163611
3.29829e-09	-0.162629
3.29842e-09	-0.161648
3.29854e-09	-0.160666
3.29866e-09	-0.159684
3.29878e-09	-0.158702
3.2989e-09	-0.15772
3.29903e-09	-0.156738
3.29915e-09	-0.155755
3.29927e-09	-0.154773
3.29939e-09	-0.15379
3.29952e-09	-0.152808
3.29964e-09	-0.151825
3.29976e-09	-0.150842
3.29988e-09	-0.149859
3.3e-09	-0.148875
3.30013e-09	-0.147892
3.30025e-09	-0.146909
3.30037e-09	-0.145925
3.30049e-09	-0.144942
3.30062e-09	-0.143958
3.30074e-09	-0.142975
3.30086e-09	-0.141991
3.30098e-09	-0.141007
3.3011e-09	-0.140023
3.30123e-09	-0.139039
3.30135e-09	-0.138055
3.30147e-09	-0.137071
3.30159e-09	-0.136087
3.30172e-09	-0.135103
3.30184e-09	-0.134118
3.30196e-09	-0.133134
3.30208e-09	-0.13215
3.3022e-09	-0.131165
3.30233e-09	-0.130181
3.30245e-09	-0.129197
3.30257e-09	-0.128212
3.30269e-09	-0.127228
3.30282e-09	-0.126243
3.30294e-09	-0.125259
3.30306e-09	-0.124274
3.30318e-09	-0.12329
3.3033e-09	-0.122305
3.30343e-09	-0.121321
3.30355e-09	-0.120336
3.30367e-09	-0.119352
3.30379e-09	-0.118367
3.30392e-09	-0.117383
3.30404e-09	-0.116399
3.30416e-09	-0.115414
3.30428e-09	-0.11443
3.30441e-09	-0.113445
3.30453e-09	-0.112461
3.30465e-09	-0.111477
3.30477e-09	-0.110493
3.30489e-09	-0.109508
3.30502e-09	-0.108524
3.30514e-09	-0.10754
3.30526e-09	-0.106556
3.30538e-09	-0.105572
3.30551e-09	-0.104588
3.30563e-09	-0.103605
3.30575e-09	-0.102621
3.30587e-09	-0.101637
3.30599e-09	-0.100654
3.30612e-09	-0.09967
3.30624e-09	-0.0986866
3.30636e-09	-0.0977032
3.30648e-09	-0.09672
3.30661e-09	-0.0957368
3.30673e-09	-0.0947538
3.30685e-09	-0.0937708
3.30697e-09	-0.092788
3.30709e-09	-0.0918053
3.30722e-09	-0.0908226
3.30734e-09	-0.0898401
3.30746e-09	-0.0888578
3.30758e-09	-0.0878755
3.30771e-09	-0.0868934
3.30783e-09	-0.0859114
3.30795e-09	-0.0849295
3.30807e-09	-0.0839478
3.30819e-09	-0.0829662
3.30832e-09	-0.0819848
3.30844e-09	-0.0810035
3.30856e-09	-0.0800224
3.30868e-09	-0.0790415
3.30881e-09	-0.0780606
3.30893e-09	-0.07708
3.30905e-09	-0.0760995
3.30917e-09	-0.0751192
3.30929e-09	-0.0741391
3.30942e-09	-0.0731592
3.30954e-09	-0.0721794
3.30966e-09	-0.0711998
3.30978e-09	-0.0702204
3.30991e-09	-0.0692412
3.31003e-09	-0.0682623
3.31015e-09	-0.0672835
3.31027e-09	-0.0663049
3.31039e-09	-0.0653265
3.31052e-09	-0.0643483
3.31064e-09	-0.0633703
3.31076e-09	-0.0623926
3.31088e-09	-0.0614151
3.31101e-09	-0.0604378
3.31113e-09	-0.0594607
3.31125e-09	-0.0584839
3.31137e-09	-0.0575073
3.31149e-09	-0.0565309
3.31162e-09	-0.0555548
3.31174e-09	-0.0545789
3.31186e-09	-0.0536033
3.31198e-09	-0.0526279
3.31211e-09	-0.0516528
3.31223e-09	-0.050678
3.31235e-09	-0.0497034
3.31247e-09	-0.0487291
3.31259e-09	-0.047755
3.31272e-09	-0.0467812
3.31284e-09	-0.0458077
3.31296e-09	-0.0448345
3.31308e-09	-0.0438616
3.31321e-09	-0.0428889
3.31333e-09	-0.0419166
3.31345e-09	-0.0409445
3.31357e-09	-0.0399727
3.31369e-09	-0.0390013
3.31382e-09	-0.0380301
3.31394e-09	-0.0370593
3.31406e-09	-0.0360887
3.31418e-09	-0.0351185
3.31431e-09	-0.0341486
3.31443e-09	-0.033179
3.31455e-09	-0.0322098
3.31467e-09	-0.0312409
3.3148e-09	-0.0302723
3.31492e-09	-0.029304
3.31504e-09	-0.0283361
3.31516e-09	-0.0273685
3.31528e-09	-0.0264013
3.31541e-09	-0.0254344
3.31553e-09	-0.0244679
3.31565e-09	-0.0235018
3.31577e-09	-0.022536
3.3159e-09	-0.0215705
3.31602e-09	-0.0206054
3.31614e-09	-0.0196407
3.31626e-09	-0.0186764
3.31638e-09	-0.0177125
3.31651e-09	-0.0167489
3.31663e-09	-0.0157857
3.31675e-09	-0.0148229
3.31687e-09	-0.0138605
3.317e-09	-0.0128985
3.31712e-09	-0.0119369
3.31724e-09	-0.0109757
3.31736e-09	-0.0100149
3.31748e-09	-0.00905448
3.31761e-09	-0.00809449
3.31773e-09	-0.00713492
3.31785e-09	-0.00617576
3.31797e-09	-0.00521703
3.3181e-09	-0.00425872
3.31822e-09	-0.00330084
3.31834e-09	-0.00234339
3.31846e-09	-0.00138638
3.31858e-09	-0.000429802
3.31871e-09	0.000526332
3.31883e-09	0.00148202
3.31895e-09	0.00243726
3.31907e-09	0.00339205
3.3192e-09	0.00434639
3.31932e-09	0.00530026
3.31944e-09	0.00625368
3.31956e-09	0.00720663
3.31968e-09	0.00815911
3.31981e-09	0.00911112
3.31993e-09	0.0100627
3.32005e-09	0.0110137
3.32017e-09	0.0119643
3.3203e-09	0.0129144
3.32042e-09	0.013864
3.32054e-09	0.0148131
3.32066e-09	0.0157617
3.32078e-09	0.0167098
3.32091e-09	0.0176574
3.32103e-09	0.0186045
3.32115e-09	0.0195512
3.32127e-09	0.0204972
3.3214e-09	0.0214428
3.32152e-09	0.0223879
3.32164e-09	0.0233324
3.32176e-09	0.0242764
3.32188e-09	0.0252199
3.32201e-09	0.0261629
3.32213e-09	0.0271053
3.32225e-09	0.0280472
3.32237e-09	0.0289885
3.3225e-09	0.0299293
3.32262e-09	0.0308696
3.32274e-09	0.0318093
3.32286e-09	0.0327485
3.32298e-09	0.033687
3.32311e-09	0.0346251
3.32323e-09	0.0355626
3.32335e-09	0.0364995
3.32347e-09	0.0374358
3.3236e-09	0.0383716
3.32372e-09	0.0393067
3.32384e-09	0.0402413
3.32396e-09	0.0411754
3.32409e-09	0.0421088
3.32421e-09	0.0430417
3.32433e-09	0.0439739
3.32445e-09	0.0449056
3.32457e-09	0.0458367
3.3247e-09	0.0467671
3.32482e-09	0.047697
3.32494e-09	0.0486262
3.32506e-09	0.0495549
3.32519e-09	0.0504829
3.32531e-09	0.0514103
3.32543e-09	0.0523371
3.32555e-09	0.0532633
3.32567e-09	0.0541888
3.3258e-09	0.0551137
3.32592e-09	0.056038
3.32604e-09	0.0569616
3.32616e-09	0.0578846
3.32629e-09	0.058807
3.32641e-09	0.0597287
3.32653e-09	0.0606497
3.32665e-09	0.0615701
3.32677e-09	0.0624899
3.3269e-09	0.063409
3.32702e-09	0.0643274
3.32714e-09	0.0652452
3.32726e-09	0.0661623
3.32739e-09	0.0670787
3.32751e-09	0.0679945
3.32763e-09	0.0689096
3.32775e-09	0.069824
3.32787e-09	0.0707377
3.328e-09	0.0716507
3.32812e-09	0.0725631
3.32824e-09	0.0734747
3.32836e-09	0.0743857
3.32849e-09	0.075296
3.32861e-09	0.0762055
3.32873e-09	0.0771144
3.32885e-09	0.0780225
3.32897e-09	0.07893
3.3291e-09	0.0798367
3.32922e-09	0.0807427
3.32934e-09	0.081648
3.32946e-09	0.0825525
3.32959e-09	0.0834564
3.32971e-09	0.0843595
3.32983e-09	0.0852619
3.32995e-09	0.0861635
3.33007e-09	0.0870644
3.3302e-09	0.0879646
3.33032e-09	0.088864
3.33044e-09	0.0897627
3.33056e-09	0.0906606
3.33069e-09	0.0915578
3.33081e-09	0.0924542
3.33093e-09	0.0933499
3.33105e-09	0.0942448
3.33117e-09	0.0951389
3.3313e-09	0.0960323
3.33142e-09	0.0969249
3.33154e-09	0.0978167
3.33166e-09	0.0987078
3.33179e-09	0.099598
3.33191e-09	0.100488
3.33203e-09	0.101376
3.33215e-09	0.102264
3.33227e-09	0.103151
3.3324e-09	0.104038
3.33252e-09	0.104923
3.33264e-09	0.105808
3.33276e-09	0.106692
3.33289e-09	0.107575
3.33301e-09	0.108457
3.33313e-09	0.109339
3.33325e-09	0.110219
3.33337e-09	0.111099
3.3335e-09	0.111978
3.33362e-09	0.112857
3.33374e-09	0.113734
3.33386e-09	0.114611
3.33399e-09	0.115486
3.33411e-09	0.116361
3.33423e-09	0.117235
3.33435e-09	0.118108
3.33448e-09	0.118981
3.3346e-09	0.119852
3.33472e-09	0.120723
3.33484e-09	0.121593
3.33496e-09	0.122462
3.33509e-09	0.12333
3.33521e-09	0.124197
3.33533e-09	0.125064
3.33545e-09	0.125929
3.33558e-09	0.126794
3.3357e-09	0.127658
3.33582e-09	0.128521
3.33594e-09	0.129383
3.33606e-09	0.130244
3.33619e-09	0.131104
3.33631e-09	0.131964
3.33643e-09	0.132822
3.33655e-09	0.13368
3.33668e-09	0.134537
3.3368e-09	0.135392
3.33692e-09	0.136247
3.33704e-09	0.137101
3.33716e-09	0.137955
3.33729e-09	0.138807
3.33741e-09	0.139658
3.33753e-09	0.140508
3.33765e-09	0.141358
3.33778e-09	0.142207
3.3379e-09	0.143054
3.33802e-09	0.143901
3.33814e-09	0.144747
3.33826e-09	0.145592
3.33839e-09	0.146436
3.33851e-09	0.147279
3.33863e-09	0.148121
3.33875e-09	0.148962
3.33888e-09	0.149802
3.339e-09	0.150641
3.33912e-09	0.151479
3.33924e-09	0.152317
3.33936e-09	0.153153
3.33949e-09	0.153989
3.33961e-09	0.154823
3.33973e-09	0.155657
3.33985e-09	0.156489
3.33998e-09	0.157321
3.3401e-09	0.158151
3.34022e-09	0.158981
3.34034e-09	0.15981
3.34046e-09	0.160637
3.34059e-09	0.161464
3.34071e-09	0.16229
3.34083e-09	0.163115
3.34095e-09	0.163938
3.34108e-09	0.164761
3.3412e-09	0.165583
3.34132e-09	0.166404
3.34144e-09	0.167224
3.34156e-09	0.168042
3.34169e-09	0.16886
3.34181e-09	0.169677
3.34193e-09	0.170493
3.34205e-09	0.171307
3.34218e-09	0.172121
3.3423e-09	0.172934
3.34242e-09	0.173746
3.34254e-09	0.174556
3.34266e-09	0.175366
3.34279e-09	0.176175
3.34291e-09	0.176982
3.34303e-09	0.177789
3.34315e-09	0.178594
3.34328e-09	0.179399
3.3434e-09	0.180202
3.34352e-09	0.181005
3.34364e-09	0.181806
3.34376e-09	0.182607
3.34389e-09	0.183406
3.34401e-09	0.184204
3.34413e-09	0.185001
3.34425e-09	0.185798
3.34438e-09	0.186593
3.3445e-09	0.187387
3.34462e-09	0.18818
3.34474e-09	0.188972
3.34487e-09	0.189762
3.34499e-09	0.190552
3.34511e-09	0.191341
3.34523e-09	0.192128
3.34535e-09	0.192915
3.34548e-09	0.1937
3.3456e-09	0.194485
3.34572e-09	0.195268
3.34584e-09	0.19605
3.34597e-09	0.196831
3.34609e-09	0.197611
3.34621e-09	0.19839
3.34633e-09	0.199168
3.34645e-09	0.199945
3.34658e-09	0.200721
3.3467e-09	0.201495
3.34682e-09	0.202268
3.34694e-09	0.203041
3.34707e-09	0.203812
3.34719e-09	0.204582
3.34731e-09	0.205351
3.34743e-09	0.206119
3.34755e-09	0.206886
3.34768e-09	0.207651
3.3478e-09	0.208416
3.34792e-09	0.209179
3.34804e-09	0.209941
3.34817e-09	0.210703
3.34829e-09	0.211462
3.34841e-09	0.212221
3.34853e-09	0.212979
3.34865e-09	0.213736
3.34878e-09	0.214491
3.3489e-09	0.215245
3.34902e-09	0.215998
3.34914e-09	0.21675
3.34927e-09	0.217501
3.34939e-09	0.218251
3.34951e-09	0.218999
3.34963e-09	0.219747
3.34975e-09	0.220493
3.34988e-09	0.221238
3.35e-09	0.221982
3.35012e-09	0.222724
3.35024e-09	0.223466
3.35037e-09	0.224206
3.35049e-09	0.224946
3.35061e-09	0.225684
3.35073e-09	0.22642
3.35085e-09	0.227156
3.35098e-09	0.22789
3.3511e-09	0.228624
3.35122e-09	0.229356
3.35134e-09	0.230087
3.35147e-09	0.230816
3.35159e-09	0.231545
3.35171e-09	0.232272
3.35183e-09	0.232998
3.35195e-09	0.233723
3.35208e-09	0.234447
3.3522e-09	0.23517
3.35232e-09	0.235891
3.35244e-09	0.236611
3.35257e-09	0.23733
3.35269e-09	0.238048
3.35281e-09	0.238764
3.35293e-09	0.239479
3.35305e-09	0.240193
3.35318e-09	0.240906
3.3533e-09	0.241618
3.35342e-09	0.242328
3.35354e-09	0.243037
3.35367e-09	0.243745
3.35379e-09	0.244452
3.35391e-09	0.245157
3.35403e-09	0.245862
3.35416e-09	0.246564
3.35428e-09	0.247266
3.3544e-09	0.247967
3.35452e-09	0.248666
3.35464e-09	0.249364
3.35477e-09	0.250061
3.35489e-09	0.250756
3.35501e-09	0.25145
3.35513e-09	0.252143
3.35526e-09	0.252835
3.35538e-09	0.253526
3.3555e-09	0.254215
3.35562e-09	0.254903
3.35574e-09	0.25559
3.35587e-09	0.256275
3.35599e-09	0.256959
3.35611e-09	0.257642
3.35623e-09	0.258324
3.35636e-09	0.259004
3.35648e-09	0.259683
3.3566e-09	0.260361
3.35672e-09	0.261038
3.35684e-09	0.261713
3.35697e-09	0.262387
3.35709e-09	0.26306
3.35721e-09	0.263731
3.35733e-09	0.264401
3.35746e-09	0.26507
3.35758e-09	0.265737
3.3577e-09	0.266404
3.35782e-09	0.267069
3.35794e-09	0.267732
3.35807e-09	0.268395
3.35819e-09	0.269056
3.35831e-09	0.269715
3.35843e-09	0.270374
3.35856e-09	0.271031
3.35868e-09	0.271687
3.3588e-09	0.272341
3.35892e-09	0.272995
3.35904e-09	0.273647
3.35917e-09	0.274297
3.35929e-09	0.274946
3.35941e-09	0.275594
3.35953e-09	0.276241
3.35966e-09	0.276886
3.35978e-09	0.27753
3.3599e-09	0.278173
3.36002e-09	0.278814
3.36014e-09	0.279454
3.36027e-09	0.280093
3.36039e-09	0.28073
3.36051e-09	0.281366
3.36063e-09	0.282001
3.36076e-09	0.282634
3.36088e-09	0.283266
3.361e-09	0.283897
3.36112e-09	0.284526
3.36124e-09	0.285154
3.36137e-09	0.285781
3.36149e-09	0.286406
3.36161e-09	0.28703
3.36173e-09	0.287652
3.36186e-09	0.288274
3.36198e-09	0.288894
3.3621e-09	0.289512
3.36222e-09	0.290129
3.36234e-09	0.290745
3.36247e-09	0.291359
3.36259e-09	0.291972
3.36271e-09	0.292584
3.36283e-09	0.293195
3.36296e-09	0.293803
3.36308e-09	0.294411
3.3632e-09	0.295017
3.36332e-09	0.295622
3.36344e-09	0.296226
3.36357e-09	0.296828
3.36369e-09	0.297428
3.36381e-09	0.298028
3.36393e-09	0.298626
3.36406e-09	0.299222
3.36418e-09	0.299818
3.3643e-09	0.300411
3.36442e-09	0.301004
3.36455e-09	0.301595
3.36467e-09	0.302184
3.36479e-09	0.302773
3.36491e-09	0.30336
3.36503e-09	0.303945
3.36516e-09	0.304529
3.36528e-09	0.305112
3.3654e-09	0.305693
3.36552e-09	0.306273
3.36565e-09	0.306852
3.36577e-09	0.307429
3.36589e-09	0.308004
3.36601e-09	0.308579
3.36613e-09	0.309151
3.36626e-09	0.309723
3.36638e-09	0.310293
3.3665e-09	0.310862
3.36662e-09	0.311429
3.36675e-09	0.311995
3.36687e-09	0.312559
3.36699e-09	0.313122
3.36711e-09	0.313684
3.36723e-09	0.314244
3.36736e-09	0.314802
3.36748e-09	0.31536
3.3676e-09	0.315916
3.36772e-09	0.31647
3.36785e-09	0.317023
3.36797e-09	0.317575
3.36809e-09	0.318125
3.36821e-09	0.318673
3.36833e-09	0.319221
3.36846e-09	0.319767
3.36858e-09	0.320311
3.3687e-09	0.320854
3.36882e-09	0.321396
3.36895e-09	0.321936
3.36907e-09	0.322474
3.36919e-09	0.323012
3.36931e-09	0.323547
3.36943e-09	0.324082
3.36956e-09	0.324615
3.36968e-09	0.325146
3.3698e-09	0.325676
3.36992e-09	0.326205
3.37005e-09	0.326732
3.37017e-09	0.327257
3.37029e-09	0.327782
3.37041e-09	0.328304
3.37053e-09	0.328826
3.37066e-09	0.329346
3.37078e-09	0.329864
3.3709e-09	0.330381
3.37102e-09	0.330896
3.37115e-09	0.33141
3.37127e-09	0.331923
3.37139e-09	0.332434
3.37151e-09	0.332944
3.37163e-09	0.333452
3.37176e-09	0.333958
3.37188e-09	0.334464
3.372e-09	0.334967
3.37212e-09	0.33547
3.37225e-09	0.33597
3.37237e-09	0.33647
3.37249e-09	0.336968
3.37261e-09	0.337464
3.37273e-09	0.337959
3.37286e-09	0.338452
3.37298e-09	0.338944
3.3731e-09	0.339435
3.37322e-09	0.339924
3.37335e-09	0.340411
3.37347e-09	0.340897
3.37359e-09	0.341382
3.37371e-09	0.341865
3.37384e-09	0.342346
3.37396e-09	0.342826
3.37408e-09	0.343305
3.3742e-09	0.343782
3.37432e-09	0.344258
3.37445e-09	0.344732
3.37457e-09	0.345205
3.37469e-09	0.345676
3.37481e-09	0.346145
3.37494e-09	0.346613
3.37506e-09	0.34708
3.37518e-09	0.347545
3.3753e-09	0.348009
3.37542e-09	0.348471
3.37555e-09	0.348932
3.37567e-09	0.349391
3.37579e-09	0.349849
3.37591e-09	0.350305
3.37604e-09	0.350759
3.37616e-09	0.351212
3.37628e-09	0.351664
3.3764e-09	0.352114
3.37652e-09	0.352563
3.37665e-09	0.35301
3.37677e-09	0.353456
3.37689e-09	0.3539
3.37701e-09	0.354342
3.37714e-09	0.354783
3.37726e-09	0.355223
3.37738e-09	0.355661
3.3775e-09	0.356097
3.37762e-09	0.356532
3.37775e-09	0.356966
3.37787e-09	0.357398
3.37799e-09	0.357828
3.37811e-09	0.358257
3.37824e-09	0.358685
3.37836e-09	0.35911
3.37848e-09	0.359535
3.3786e-09	0.359958
3.37872e-09	0.360379
3.37885e-09	0.360799
3.37897e-09	0.361217
3.37909e-09	0.361634
3.37921e-09	0.362049
3.37934e-09	0.362463
3.37946e-09	0.362875
3.37958e-09	0.363286
3.3797e-09	0.363695
3.37982e-09	0.364102
3.37995e-09	0.364508
3.38007e-09	0.364913
3.38019e-09	0.365316
3.38031e-09	0.365717
3.38044e-09	0.366117
3.38056e-09	0.366516
3.38068e-09	0.366912
3.3808e-09	0.367308
3.38092e-09	0.367701
3.38105e-09	0.368094
3.38117e-09	0.368484
3.38129e-09	0.368874
3.38141e-09	0.369261
3.38154e-09	0.369647
3.38166e-09	0.370032
3.38178e-09	0.370415
3.3819e-09	0.370796
3.38202e-09	0.371176
3.38215e-09	0.371554
3.38227e-09	0.371931
3.38239e-09	0.372306
3.38251e-09	0.37268
3.38264e-09	0.373052
3.38276e-09	0.373423
3.38288e-09	0.373792
3.383e-09	0.37416
3.38312e-09	0.374526
3.38325e-09	0.37489
3.38337e-09	0.375253
3.38349e-09	0.375614
3.38361e-09	0.375974
3.38374e-09	0.376332
3.38386e-09	0.376689
3.38398e-09	0.377044
3.3841e-09	0.377398
3.38423e-09	0.37775
3.38435e-09	0.3781
3.38447e-09	0.378449
3.38459e-09	0.378796
3.38471e-09	0.379142
3.38484e-09	0.379486
3.38496e-09	0.379829
3.38508e-09	0.38017
3.3852e-09	0.38051
3.38533e-09	0.380848
3.38545e-09	0.381184
3.38557e-09	0.381519
3.38569e-09	0.381853
3.38581e-09	0.382184
3.38594e-09	0.382515
3.38606e-09	0.382843
3.38618e-09	0.38317
3.3863e-09	0.383496
3.38643e-09	0.38382
3.38655e-09	0.384142
3.38667e-09	0.384463
3.38679e-09	0.384782
3.38691e-09	0.3851
3.38704e-09	0.385416
3.38716e-09	0.385731
3.38728e-09	0.386044
3.3874e-09	0.386355
3.38753e-09	0.386665
3.38765e-09	0.386973
3.38777e-09	0.38728
3.38789e-09	0.387585
3.38801e-09	0.387889
3.38814e-09	0.388191
3.38826e-09	0.388492
3.38838e-09	0.38879
3.3885e-09	0.389088
3.38863e-09	0.389384
3.38875e-09	0.389678
3.38887e-09	0.38997
3.38899e-09	0.390261
3.38911e-09	0.390551
3.38924e-09	0.390839
3.38936e-09	0.391125
3.38948e-09	0.39141
3.3896e-09	0.391693
3.38973e-09	0.391975
3.38985e-09	0.392255
3.38997e-09	0.392533
3.39009e-09	0.39281
3.39021e-09	0.393086
3.39034e-09	0.393359
3.39046e-09	0.393632
3.39058e-09	0.393902
3.3907e-09	0.394171
3.39083e-09	0.394439
3.39095e-09	0.394705
3.39107e-09	0.394969
3.39119e-09	0.395232
3.39131e-09	0.395493
3.39144e-09	0.395753
3.39156e-09	0.396011
3.39168e-09	0.396267
3.3918e-09	0.396522
3.39193e-09	0.396775
3.39205e-09	0.397027
3.39217e-09	0.397277
3.39229e-09	0.397526
3.39241e-09	0.397773
3.39254e-09	0.398018
3.39266e-09	0.398262
3.39278e-09	0.398504
3.3929e-09	0.398745
3.39303e-09	0.398984
3.39315e-09	0.399222
3.39327e-09	0.399458
3.39339e-09	0.399692
3.39352e-09	0.399925
3.39364e-09	0.400156
3.39376e-09	0.400386
3.39388e-09	0.400614
3.394e-09	0.400841
3.39413e-09	0.401065
3.39425e-09	0.401289
3.39437e-09	0.401511
3.39449e-09	0.401731
3.39462e-09	0.401949
3.39474e-09	0.402166
3.39486e-09	0.402382
3.39498e-09	0.402596
3.3951e-09	0.402808
3.39523e-09	0.403019
3.39535e-09	0.403228
3.39547e-09	0.403436
3.39559e-09	0.403642
3.39572e-09	0.403846
3.39584e-09	0.404049
3.39596e-09	0.40425
3.39608e-09	0.40445
3.3962e-09	0.404648
3.39633e-09	0.404845
3.39645e-09	0.40504
3.39657e-09	0.405233
3.39669e-09	0.405425
3.39682e-09	0.405615
3.39694e-09	0.405804
3.39706e-09	0.405991
3.39718e-09	0.406176
3.3973e-09	0.40636
3.39743e-09	0.406543
3.39755e-09	0.406723
3.39767e-09	0.406903
3.39779e-09	0.40708
3.39792e-09	0.407256
3.39804e-09	0.407431
3.39816e-09	0.407604
3.39828e-09	0.407775
3.3984e-09	0.407945
3.39853e-09	0.408113
3.39865e-09	0.40828
3.39877e-09	0.408445
3.39889e-09	0.408608
3.39902e-09	0.40877
3.39914e-09	0.40893
3.39926e-09	0.409089
3.39938e-09	0.409246
3.3995e-09	0.409402
3.39963e-09	0.409556
3.39975e-09	0.409708
3.39987e-09	0.409859
3.39999e-09	0.410008
3.40012e-09	0.410156
3.40024e-09	0.410302
3.40036e-09	0.410447
3.40048e-09	0.41059
3.4006e-09	0.410731
3.40073e-09	0.410871
3.40085e-09	0.411009
3.40097e-09	0.411146
3.40109e-09	0.411281
3.40122e-09	0.411415
3.40134e-09	0.411547
3.40146e-09	0.411677
3.40158e-09	0.411806
3.4017e-09	0.411934
3.40183e-09	0.412059
3.40195e-09	0.412184
3.40207e-09	0.412306
3.40219e-09	0.412427
3.40232e-09	0.412547
3.40244e-09	0.412665
3.40256e-09	0.412781
3.40268e-09	0.412896
3.4028e-09	0.413009
3.40293e-09	0.413121
3.40305e-09	0.413231
3.40317e-09	0.413339
3.40329e-09	0.413446
3.40342e-09	0.413552
3.40354e-09	0.413655
3.40366e-09	0.413758
3.40378e-09	0.413858
3.40391e-09	0.413958
3.40403e-09	0.414055
3.40415e-09	0.414151
3.40427e-09	0.414246
3.40439e-09	0.414339
3.40452e-09	0.41443
3.40464e-09	0.41452
3.40476e-09	0.414608
3.40488e-09	0.414695
3.40501e-09	0.41478
3.40513e-09	0.414863
3.40525e-09	0.414945
3.40537e-09	0.415026
3.40549e-09	0.415105
3.40562e-09	0.415182
3.40574e-09	0.415258
3.40586e-09	0.415332
3.40598e-09	0.415405
3.40611e-09	0.415476
3.40623e-09	0.415545
3.40635e-09	0.415613
3.40647e-09	0.41568
3.40659e-09	0.415745
3.40672e-09	0.415808
3.40684e-09	0.41587
3.40696e-09	0.41593
3.40708e-09	0.415989
3.40721e-09	0.416046
3.40733e-09	0.416102
3.40745e-09	0.416156
3.40757e-09	0.416208
3.40769e-09	0.416259
3.40782e-09	0.416309
3.40794e-09	0.416357
3.40806e-09	0.416403
3.40818e-09	0.416448
3.40831e-09	0.416491
3.40843e-09	0.416533
3.40855e-09	0.416573
3.40867e-09	0.416612
3.40879e-09	0.416649
3.40892e-09	0.416684
3.40904e-09	0.416718
3.40916e-09	0.416751
3.40928e-09	0.416782
3.40941e-09	0.416811
3.40953e-09	0.416839
3.40965e-09	0.416866
3.40977e-09	0.41689
3.40989e-09	0.416914
3.41002e-09	0.416935
3.41014e-09	0.416956
3.41026e-09	0.416974
3.41038e-09	0.416992
3.41051e-09	0.417007
3.41063e-09	0.417021
3.41075e-09	0.417034
3.41087e-09	0.417045
3.41099e-09	0.417054
3.41112e-09	0.417062
3.41124e-09	0.417069
3.41136e-09	0.417074
3.41148e-09	0.417077
3.41161e-09	0.417079
3.41173e-09	0.417079
3.41185e-09	0.417078
3.41197e-09	0.417076
3.41209e-09	0.417071
3.41222e-09	0.417066
3.41234e-09	0.417058
3.41246e-09	0.41705
3.41258e-09	0.417039
3.41271e-09	0.417028
3.41283e-09	0.417014
3.41295e-09	0.416999
3.41307e-09	0.416983
3.4132e-09	0.416965
3.41332e-09	0.416946
3.41344e-09	0.416925
3.41356e-09	0.416903
3.41368e-09	0.416879
3.41381e-09	0.416853
3.41393e-09	0.416827
3.41405e-09	0.416798
3.41417e-09	0.416768
3.4143e-09	0.416737
3.41442e-09	0.416704
3.41454e-09	0.416669
3.41466e-09	0.416634
3.41478e-09	0.416596
3.41491e-09	0.416557
3.41503e-09	0.416517
3.41515e-09	0.416475
3.41527e-09	0.416431
3.4154e-09	0.416386
3.41552e-09	0.41634
3.41564e-09	0.416292
3.41576e-09	0.416243
3.41588e-09	0.416192
3.41601e-09	0.416139
3.41613e-09	0.416086
3.41625e-09	0.41603
3.41637e-09	0.415973
3.4165e-09	0.415915
3.41662e-09	0.415855
3.41674e-09	0.415794
3.41686e-09	0.415731
3.41698e-09	0.415667
3.41711e-09	0.415601
3.41723e-09	0.415534
3.41735e-09	0.415465
3.41747e-09	0.415395
3.4176e-09	0.415323
3.41772e-09	0.41525
3.41784e-09	0.415175
3.41796e-09	0.415099
3.41808e-09	0.415022
3.41821e-09	0.414943
3.41833e-09	0.414862
3.41845e-09	0.41478
3.41857e-09	0.414696
3.4187e-09	0.414612
3.41882e-09	0.414525
3.41894e-09	0.414437
3.41906e-09	0.414348
3.41918e-09	0.414257
3.41931e-09	0.414165
3.41943e-09	0.414071
3.41955e-09	0.413976
3.41967e-09	0.413879
3.4198e-09	0.413781
3.41992e-09	0.413681
3.42004e-09	0.41358
3.42016e-09	0.413478
3.42028e-09	0.413374
3.42041e-09	0.413269
3.42053e-09	0.413162
3.42065e-09	0.413053
3.42077e-09	0.412944
3.4209e-09	0.412832
3.42102e-09	0.41272
3.42114e-09	0.412606
3.42126e-09	0.41249
3.42138e-09	0.412373
3.42151e-09	0.412255
3.42163e-09	0.412135
3.42175e-09	0.412014
3.42187e-09	0.411891
3.422e-09	0.411767
3.42212e-09	0.411641
3.42224e-09	0.411514
3.42236e-09	0.411385
3.42248e-09	0.411255
3.42261e-09	0.411124
3.42273e-09	0.410991
3.42285e-09	0.410857
3.42297e-09	0.410721
3.4231e-09	0.410584
3.42322e-09	0.410446
3.42334e-09	0.410306
3.42346e-09	0.410164
3.42359e-09	0.410022
3.42371e-09	0.409878
3.42383e-09	0.409732
3.42395e-09	0.409585
3.42407e-09	0.409436
3.4242e-09	0.409287
3.42432e-09	0.409135
3.42444e-09	0.408983
3.42456e-09	0.408828
3.42469e-09	0.408673
3.42481e-09	0.408516
3.42493e-09	0.408358
3.42505e-09	0.408198
3.42517e-09	0.408037
3.4253e-09	0.407874
3.42542e-09	0.40771
3.42554e-09	0.407545
3.42566e-09	0.407378
3.42579e-09	0.40721
3.42591e-09	0.40704
3.42603e-09	0.40687
3.42615e-09	0.406697
3.42627e-09	0.406523
3.4264e-09	0.406348
3.42652e-09	0.406172
3.42664e-09	0.405994
3.42676e-09	0.405815
3.42689e-09	0.405634
3.42701e-09	0.405452
3.42713e-09	0.405268
3.42725e-09	0.405084
3.42737e-09	0.404897
3.4275e-09	0.40471
3.42762e-09	0.404521
3.42774e-09	0.404331
3.42786e-09	0.404139
3.42799e-09	0.403946
3.42811e-09	0.403751
3.42823e-09	0.403556
3.42835e-09	0.403358
3.42847e-09	0.40316
3.4286e-09	0.40296
3.42872e-09	0.402759
3.42884e-09	0.402556
3.42896e-09	0.402352
3.42909e-09	0.402146
3.42921e-09	0.40194
3.42933e-09	0.401732
3.42945e-09	0.401522
3.42957e-09	0.401311
3.4297e-09	0.401099
3.42982e-09	0.400886
3.42994e-09	0.400671
3.43006e-09	0.400455
3.43019e-09	0.400237
3.43031e-09	0.400018
3.43043e-09	0.399798
3.43055e-09	0.399576
3.43067e-09	0.399354
3.4308e-09	0.399129
3.43092e-09	0.398904
3.43104e-09	0.398677
3.43116e-09	0.398449
3.43129e-09	0.398219
3.43141e-09	0.397988
3.43153e-09	0.397756
3.43165e-09	0.397522
3.43177e-09	0.397287
3.4319e-09	0.397051
3.43202e-09	0.396814
3.43214e-09	0.396575
3.43226e-09	0.396334
3.43239e-09	0.396093
3.43251e-09	0.39585
3.43263e-09	0.395606
3.43275e-09	0.39536
3.43288e-09	0.395114
3.433e-09	0.394866
3.43312e-09	0.394616
3.43324e-09	0.394366
3.43336e-09	0.394114
3.43349e-09	0.39386
3.43361e-09	0.393606
3.43373e-09	0.39335
3.43385e-09	0.393093
3.43398e-09	0.392834
3.4341e-09	0.392574
3.43422e-09	0.392313
3.43434e-09	0.392051
3.43446e-09	0.391787
3.43459e-09	0.391522
3.43471e-09	0.391256
3.43483e-09	0.390988
3.43495e-09	0.39072
3.43508e-09	0.390449
3.4352e-09	0.390178
3.43532e-09	0.389905
3.43544e-09	0.389631
3.43556e-09	0.389356
3.43569e-09	0.38908
3.43581e-09	0.388802
3.43593e-09	0.388523
3.43605e-09	0.388243
3.43618e-09	0.387961
3.4363e-09	0.387678
3.43642e-09	0.387394
3.43654e-09	0.387109
3.43666e-09	0.386822
3.43679e-09	0.386534
3.43691e-09	0.386245
3.43703e-09	0.385955
3.43715e-09	0.385663
3.43728e-09	0.38537
3.4374e-09	0.385076
3.43752e-09	0.384781
3.43764e-09	0.384484
3.43776e-09	0.384186
3.43789e-09	0.383887
3.43801e-09	0.383587
3.43813e-09	0.383285
3.43825e-09	0.382982
3.43838e-09	0.382678
3.4385e-09	0.382373
3.43862e-09	0.382066
3.43874e-09	0.381759
3.43886e-09	0.38145
3.43899e-09	0.381139
3.43911e-09	0.380828
3.43923e-09	0.380515
3.43935e-09	0.380201
3.43948e-09	0.379886
3.4396e-09	0.37957
3.43972e-09	0.379253
3.43984e-09	0.378934
3.43996e-09	0.378614
3.44009e-09	0.378293
3.44021e-09	0.37797
3.44033e-09	0.377647
3.44045e-09	0.377322
3.44058e-09	0.376996
3.4407e-09	0.376669
3.44082e-09	0.37634
3.44094e-09	0.376011
3.44106e-09	0.37568
3.44119e-09	0.375348
3.44131e-09	0.375015
3.44143e-09	0.374681
3.44155e-09	0.374345
3.44168e-09	0.374008
3.4418e-09	0.37367
3.44192e-09	0.373331
3.44204e-09	0.372991
3.44216e-09	0.37265
3.44229e-09	0.372307
3.44241e-09	0.371963
3.44253e-09	0.371618
3.44265e-09	0.371272
3.44278e-09	0.370925
3.4429e-09	0.370576
3.44302e-09	0.370227
3.44314e-09	0.369876
3.44327e-09	0.369524
3.44339e-09	0.369171
3.44351e-09	0.368816
3.44363e-09	0.368461
3.44375e-09	0.368104
3.44388e-09	0.367747
3.444e-09	0.367388
3.44412e-09	0.367028
3.44424e-09	0.366667
3.44437e-09	0.366304
3.44449e-09	0.365941
3.44461e-09	0.365576
3.44473e-09	0.365211
3.44485e-09	0.364844
3.44498e-09	0.364476
3.4451e-09	0.364107
3.44522e-09	0.363736
3.44534e-09	0.363365
3.44547e-09	0.362992
3.44559e-09	0.362619
3.44571e-09	0.362244
3.44583e-09	0.361868
3.44595e-09	0.361491
3.44608e-09	0.361113
3.4462e-09	0.360734
3.44632e-09	0.360353
3.44644e-09	0.359972
3.44657e-09	0.359589
3.44669e-09	0.359206
3.44681e-09	0.358821
3.44693e-09	0.358435
3.44705e-09	0.358048
3.44718e-09	0.35766
3.4473e-09	0.357271
3.44742e-09	0.356881
3.44754e-09	0.356489
3.44767e-09	0.356097
3.44779e-09	0.355704
3.44791e-09	0.355309
3.44803e-09	0.354913
3.44815e-09	0.354517
3.44828e-09	0.354119
3.4484e-09	0.35372
3.44852e-09	0.35332
3.44864e-09	0.352919
3.44877e-09	0.352517
3.44889e-09	0.352113
3.44901e-09	0.351709
3.44913e-09	0.351304
3.44925e-09	0.350897
3.44938e-09	0.35049
3.4495e-09	0.350082
3.44962e-09	0.349672
3.44974e-09	0.349261
3.44987e-09	0.34885
3.44999e-09	0.348437
3.45011e-09	0.348023
3.45023e-09	0.347608
3.45035e-09	0.347193
3.45048e-09	0.346776
3.4506e-09	0.346358
3.45072e-09	0.345939
3.45084e-09	0.345519
3.45097e-09	0.345098
3.45109e-09	0.344676
3.45121e-09	0.344253
3.45133e-09	0.343829
3.45145e-09	0.343403
3.45158e-09	0.342977
3.4517e-09	0.34255
3.45182e-09	0.342122
3.45194e-09	0.341693
3.45207e-09	0.341262
3.45219e-09	0.340831
3.45231e-09	0.340399
3.45243e-09	0.339966
3.45256e-09	0.339531
3.45268e-09	0.339096
3.4528e-09	0.33866
3.45292e-09	0.338223
3.45304e-09	0.337784
3.45317e-09	0.337345
3.45329e-09	0.336905
3.45341e-09	0.336464
3.45353e-09	0.336022
3.45366e-09	0.335578
3.45378e-09	0.335134
3.4539e-09	0.334689
3.45402e-09	0.334243
3.45414e-09	0.333796
3.45427e-09	0.333348
3.45439e-09	0.332899
3.45451e-09	0.332449
3.45463e-09	0.331998
3.45476e-09	0.331546
3.45488e-09	0.331093
3.455e-09	0.330639
3.45512e-09	0.330184
3.45524e-09	0.329728
3.45537e-09	0.329272
3.45549e-09	0.328814
3.45561e-09	0.328355
3.45573e-09	0.327896
3.45586e-09	0.327435
3.45598e-09	0.326974
3.4561e-09	0.326511
3.45622e-09	0.326048
3.45634e-09	0.325584
3.45647e-09	0.325118
3.45659e-09	0.324652
3.45671e-09	0.324185
3.45683e-09	0.323717
3.45696e-09	0.323248
3.45708e-09	0.322778
3.4572e-09	0.322307
3.45732e-09	0.321836
3.45744e-09	0.321363
3.45757e-09	0.32089
3.45769e-09	0.320415
3.45781e-09	0.31994
3.45793e-09	0.319464
3.45806e-09	0.318986
3.45818e-09	0.318508
3.4583e-09	0.318029
3.45842e-09	0.317549
3.45854e-09	0.317069
3.45867e-09	0.316587
3.45879e-09	0.316105
3.45891e-09	0.315621
3.45903e-09	0.315137
3.45916e-09	0.314652
3.45928e-09	0.314166
3.4594e-09	0.313679
3.45952e-09	0.313191
3.45964e-09	0.312702
3.45977e-09	0.312212
3.45989e-09	0.311722
3.46001e-09	0.311231
3.46013e-09	0.310738
3.46026e-09	0.310245
3.46038e-09	0.309752
3.4605e-09	0.309257
3.46062e-09	0.308761
3.46074e-09	0.308265
3.46087e-09	0.307767
3.46099e-09	0.307269
3.46111e-09	0.30677
3.46123e-09	0.30627
3.46136e-09	0.30577
3.46148e-09	0.305268
3.4616e-09	0.304766
3.46172e-09	0.304262
3.46184e-09	0.303758
3.46197e-09	0.303253
3.46209e-09	0.302748
3.46221e-09	0.302241
3.46233e-09	0.301734
3.46246e-09	0.301226
3.46258e-09	0.300717
3.4627e-09	0.300207
3.46282e-09	0.299696
3.46295e-09	0.299185
3.46307e-09	0.298672
3.46319e-09	0.298159
3.46331e-09	0.297646
3.46343e-09	0.297131
3.46356e-09	0.296615
3.46368e-09	0.296099
3.4638e-09	0.295582
3.46392e-09	0.295064
3.46405e-09	0.294546
3.46417e-09	0.294026
3.46429e-09	0.293506
3.46441e-09	0.292985
3.46453e-09	0.292463
3.46466e-09	0.291941
3.46478e-09	0.291417
3.4649e-09	0.290893
3.46502e-09	0.290368
3.46515e-09	0.289843
3.46527e-09	0.289316
3.46539e-09	0.288789
3.46551e-09	0.288261
3.46563e-09	0.287732
3.46576e-09	0.287203
3.46588e-09	0.286673
3.466e-09	0.286142
3.46612e-09	0.28561
3.46625e-09	0.285078
3.46637e-09	0.284544
3.46649e-09	0.28401
3.46661e-09	0.283476
3.46673e-09	0.28294
3.46686e-09	0.282404
3.46698e-09	0.281867
3.4671e-09	0.28133
3.46722e-09	0.280791
3.46735e-09	0.280252
3.46747e-09	0.279712
3.46759e-09	0.279172
3.46771e-09	0.278631
3.46783e-09	0.278089
3.46796e-09	0.277546
3.46808e-09	0.277003
3.4682e-09	0.276459
3.46832e-09	0.275914
3.46845e-09	0.275368
3.46857e-09	0.274822
3.46869e-09	0.274275
3.46881e-09	0.273727
3.46893e-09	0.273179
3.46906e-09	0.27263
3.46918e-09	0.272081
3.4693e-09	0.27153
3.46942e-09	0.270979
3.46955e-09	0.270427
3.46967e-09	0.269875
3.46979e-09	0.269322
3.46991e-09	0.268768
3.47003e-09	0.268214
3.47016e-09	0.267659
3.47028e-09	0.267103
3.4704e-09	0.266546
3.47052e-09	0.265989
3.47065e-09	0.265432
3.47077e-09	0.264873
3.47089e-09	0.264314
3.47101e-09	0.263754
3.47113e-09	0.263194
3.47126e-09	0.262633
3.47138e-09	0.262071
3.4715e-09	0.261509
3.47162e-09	0.260946
3.47175e-09	0.260382
3.47187e-09	0.259818
3.47199e-09	0.259253
3.47211e-09	0.258688
3.47224e-09	0.258122
3.47236e-09	0.257555
3.47248e-09	0.256988
3.4726e-09	0.25642
3.47272e-09	0.255851
3.47285e-09	0.255282
3.47297e-09	0.254712
3.47309e-09	0.254141
3.47321e-09	0.25357
3.47334e-09	0.252999
3.47346e-09	0.252427
3.47358e-09	0.251854
3.4737e-09	0.25128
3.47382e-09	0.250706
3.47395e-09	0.250131
3.47407e-09	0.249556
3.47419e-09	0.24898
3.47431e-09	0.248404
3.47444e-09	0.247827
3.47456e-09	0.247249
3.47468e-09	0.246671
3.4748e-09	0.246092
3.47492e-09	0.245513
3.47505e-09	0.244933
3.47517e-09	0.244353
3.47529e-09	0.243772
3.47541e-09	0.24319
3.47554e-09	0.242608
3.47566e-09	0.242025
3.47578e-09	0.241442
3.4759e-09	0.240858
3.47602e-09	0.240274
3.47615e-09	0.239689
3.47627e-09	0.239104
3.47639e-09	0.238518
3.47651e-09	0.237931
3.47664e-09	0.237344
3.47676e-09	0.236756
3.47688e-09	0.236168
3.477e-09	0.23558
3.47712e-09	0.23499
3.47725e-09	0.234401
3.47737e-09	0.23381
3.47749e-09	0.23322
3.47761e-09	0.232628
3.47774e-09	0.232036
3.47786e-09	0.231444
3.47798e-09	0.230851
3.4781e-09	0.230258
3.47822e-09	0.229664
3.47835e-09	0.22907
3.47847e-09	0.228475
3.47859e-09	0.227879
3.47871e-09	0.227284
3.47884e-09	0.226687
3.47896e-09	0.22609
3.47908e-09	0.225493
3.4792e-09	0.224895
3.47932e-09	0.224297
3.47945e-09	0.223698
3.47957e-09	0.223099
3.47969e-09	0.222499
3.47981e-09	0.221899
3.47994e-09	0.221298
3.48006e-09	0.220697
3.48018e-09	0.220095
3.4803e-09	0.219493
3.48042e-09	0.218891
3.48055e-09	0.218288
3.48067e-09	0.217684
3.48079e-09	0.21708
3.48091e-09	0.216476
3.48104e-09	0.215871
3.48116e-09	0.215266
3.48128e-09	0.21466
3.4814e-09	0.214054
3.48152e-09	0.213448
3.48165e-09	0.21284
3.48177e-09	0.212233
3.48189e-09	0.211625
3.48201e-09	0.211017
3.48214e-09	0.210408
3.48226e-09	0.209799
3.48238e-09	0.209189
3.4825e-09	0.208579
3.48263e-09	0.207969
3.48275e-09	0.207358
3.48287e-09	0.206747
3.48299e-09	0.206135
3.48311e-09	0.205523
3.48324e-09	0.204911
3.48336e-09	0.204298
3.48348e-09	0.203685
3.4836e-09	0.203071
3.48373e-09	0.202457
3.48385e-09	0.201842
3.48397e-09	0.201228
3.48409e-09	0.200612
3.48421e-09	0.199997
3.48434e-09	0.199381
3.48446e-09	0.198764
3.48458e-09	0.198148
3.4847e-09	0.197531
3.48483e-09	0.196913
3.48495e-09	0.196295
3.48507e-09	0.195677
3.48519e-09	0.195058
3.48531e-09	0.194439
3.48544e-09	0.19382
3.48556e-09	0.193201
3.48568e-09	0.192581
3.4858e-09	0.19196
3.48593e-09	0.191339
3.48605e-09	0.190718
3.48617e-09	0.190097
3.48629e-09	0.189475
3.48641e-09	0.188853
3.48654e-09	0.188231
3.48666e-09	0.187608
3.48678e-09	0.186985
3.4869e-09	0.186362
3.48703e-09	0.185738
3.48715e-09	0.185114
3.48727e-09	0.184489
3.48739e-09	0.183865
3.48751e-09	0.18324
3.48764e-09	0.182614
3.48776e-09	0.181989
3.48788e-09	0.181363
3.488e-09	0.180737
3.48813e-09	0.18011
3.48825e-09	0.179483
3.48837e-09	0.178856
3.48849e-09	0.178229
3.48861e-09	0.177601
3.48874e-09	0.176973
3.48886e-09	0.176345
3.48898e-09	0.175716
3.4891e-09	0.175087
3.48923e-09	0.174458
3.48935e-09	0.173829
3.48947e-09	0.173199
3.48959e-09	0.172569
3.48971e-09	0.171939
3.48984e-09	0.171308
3.48996e-09	0.170677
3.49008e-09	0.170046
3.4902e-09	0.169415
3.49033e-09	0.168784
3.49045e-09	0.168152
3.49057e-09	0.16752
3.49069e-09	0.166887
3.49081e-09	0.166255
3.49094e-09	0.165622
3.49106e-09	0.164989
3.49118e-09	0.164356
3.4913e-09	0.163722
3.49143e-09	0.163088
3.49155e-09	0.162454
3.49167e-09	0.16182
3.49179e-09	0.161186
3.49191e-09	0.160551
3.49204e-09	0.159916
3.49216e-09	0.159281
3.49228e-09	0.158646
3.4924e-09	0.15801
3.49253e-09	0.157374
3.49265e-09	0.156738
3.49277e-09	0.156102
3.49289e-09	0.155466
3.49302e-09	0.154829
3.49314e-09	0.154192
3.49326e-09	0.153555
3.49338e-09	0.152918
3.4935e-09	0.152281
3.49363e-09	0.151643
3.49375e-09	0.151005
3.49387e-09	0.150367
3.49399e-09	0.149729
3.49412e-09	0.149091
3.49424e-09	0.148453
3.49436e-09	0.147814
3.49448e-09	0.147175
3.4946e-09	0.146536
3.49473e-09	0.145897
3.49485e-09	0.145258
3.49497e-09	0.144618
3.49509e-09	0.143978
3.49522e-09	0.143339
3.49534e-09	0.142699
3.49546e-09	0.142058
3.49558e-09	0.141418
3.4957e-09	0.140778
3.49583e-09	0.140137
3.49595e-09	0.139496
3.49607e-09	0.138856
3.49619e-09	0.138215
3.49632e-09	0.137573
3.49644e-09	0.136932
3.49656e-09	0.136291
3.49668e-09	0.135649
3.4968e-09	0.135008
3.49693e-09	0.134366
3.49705e-09	0.133724
3.49717e-09	0.133082
3.49729e-09	0.13244
3.49742e-09	0.131798
3.49754e-09	0.131155
3.49766e-09	0.130513
3.49778e-09	0.12987
3.4979e-09	0.129228
3.49803e-09	0.128585
3.49815e-09	0.127942
3.49827e-09	0.127299
3.49839e-09	0.126656
3.49852e-09	0.126013
3.49864e-09	0.12537
3.49876e-09	0.124726
3.49888e-09	0.124083
3.499e-09	0.123439
3.49913e-09	0.122796
3.49925e-09	0.122152
3.49937e-09	0.121509
3.49949e-09	0.120865
3.49962e-09	0.120221
3.49974e-09	0.119577
3.49986e-09	0.118933
3.49998e-09	0.118289
3.5001e-09	0.117645
3.50023e-09	0.117001
3.50035e-09	0.116356
3.50047e-09	0.115712
3.50059e-09	0.115068
3.50072e-09	0.114424
3.50084e-09	0.113779
3.50096e-09	0.113135
3.50108e-09	0.11249
3.5012e-09	0.111846
3.50133e-09	0.111201
3.50145e-09	0.110556
3.50157e-09	0.109912
3.50169e-09	0.109267
3.50182e-09	0.108623
3.50194e-09	0.107978
3.50206e-09	0.107333
3.50218e-09	0.106688
3.50231e-09	0.106044
3.50243e-09	0.105399
3.50255e-09	0.104754
3.50267e-09	0.104109
3.50279e-09	0.103464
3.50292e-09	0.10282
3.50304e-09	0.102175
3.50316e-09	0.10153
3.50328e-09	0.100885
3.50341e-09	0.100241
3.50353e-09	0.0995958
3.50365e-09	0.098951
3.50377e-09	0.0983062
3.50389e-09	0.0976615
3.50402e-09	0.0970168
3.50414e-09	0.0963721
3.50426e-09	0.0957274
3.50438e-09	0.0950828
3.50451e-09	0.0944382
3.50463e-09	0.0937936
3.50475e-09	0.093149
3.50487e-09	0.0925045
3.50499e-09	0.09186
3.50512e-09	0.0912156
3.50524e-09	0.0905712
3.50536e-09	0.0899268
3.50548e-09	0.0892825
3.50561e-09	0.0886382
3.50573e-09	0.087994
3.50585e-09	0.0873499
3.50597e-09	0.0867058
3.50609e-09	0.0860617
3.50622e-09	0.0854177
3.50634e-09	0.0847738
3.50646e-09	0.08413
3.50658e-09	0.0834862
3.50671e-09	0.0828425
3.50683e-09	0.0821989
3.50695e-09	0.0815553
3.50707e-09	0.0809118
3.50719e-09	0.0802684
3.50732e-09	0.0796251
3.50744e-09	0.0789819
3.50756e-09	0.0783387
3.50768e-09	0.0776957
3.50781e-09	0.0770527
3.50793e-09	0.0764098
3.50805e-09	0.075767
3.50817e-09	0.0751244
3.50829e-09	0.0744818
3.50842e-09	0.0738393
3.50854e-09	0.0731969
3.50866e-09	0.0725547
3.50878e-09	0.0719125
3.50891e-09	0.0712705
3.50903e-09	0.0706286
3.50915e-09	0.0699868
3.50927e-09	0.0693451
3.50939e-09	0.0687036
3.50952e-09	0.0680621
3.50964e-09	0.0674208
3.50976e-09	0.0667796
3.50988e-09	0.0661386
3.51001e-09	0.0654977
3.51013e-09	0.0648569
3.51025e-09	0.0642163
3.51037e-09	0.0635758
3.51049e-09	0.0629354
3.51062e-09	0.0622952
3.51074e-09	0.0616552
3.51086e-09	0.0610153
3.51098e-09	0.0603755
3.51111e-09	0.0597359
3.51123e-09	0.0590965
3.51135e-09	0.0584572
3.51147e-09	0.0578181
3.51159e-09	0.0571791
3.51172e-09	0.0565403
3.51184e-09	0.0559017
3.51196e-09	0.0552632
3.51208e-09	0.054625
3.51221e-09	0.0539869
3.51233e-09	0.0533489
3.51245e-09	0.0527112
3.51257e-09	0.0520736
3.5127e-09	0.0514363
3.51282e-09	0.0507991
3.51294e-09	0.0501621
3.51306e-09	0.0495253
3.51318e-09	0.0488886
3.51331e-09	0.0482522
3.51343e-09	0.047616
3.51355e-09	0.04698
3.51367e-09	0.0463442
3.5138e-09	0.0457086
3.51392e-09	0.0450731
3.51404e-09	0.0444379
3.51416e-09	0.043803
3.51428e-09	0.0431682
3.51441e-09	0.0425336
3.51453e-09	0.0418993
3.51465e-09	0.0412652
3.51477e-09	0.0406313
3.5149e-09	0.0399976
3.51502e-09	0.0393642
3.51514e-09	0.038731
3.51526e-09	0.038098
3.51538e-09	0.0374653
3.51551e-09	0.0368328
3.51563e-09	0.0362005
3.51575e-09	0.0355685
3.51587e-09	0.0349367
3.516e-09	0.0343052
3.51612e-09	0.0336739
3.51624e-09	0.0330428
3.51636e-09	0.032412
3.51648e-09	0.0317815
3.51661e-09	0.0311512
3.51673e-09	0.0305212
3.51685e-09	0.0298914
3.51697e-09	0.029262
3.5171e-09	0.0286327
3.51722e-09	0.0280038
3.51734e-09	0.0273751
3.51746e-09	0.0267467
3.51758e-09	0.0261185
3.51771e-09	0.0254906
3.51783e-09	0.024863
3.51795e-09	0.0242357
3.51807e-09	0.0236087
3.5182e-09	0.022982
3.51832e-09	0.0223555
3.51844e-09	0.0217293
3.51856e-09	0.0211035
3.51868e-09	0.0204779
3.51881e-09	0.0198526
3.51893e-09	0.0192276
3.51905e-09	0.0186029
3.51917e-09	0.0179785
3.5193e-09	0.0173545
3.51942e-09	0.0167307
3.51954e-09	0.0161072
3.51966e-09	0.0154841
3.51978e-09	0.0148612
3.51991e-09	0.0142387
3.52003e-09	0.0136165
3.52015e-09	0.0129946
3.52027e-09	0.0123731
3.5204e-09	0.0117518
3.52052e-09	0.0111309
3.52064e-09	0.0105103
3.52076e-09	0.00989005
3.52088e-09	0.00927012
3.52101e-09	0.00865053
3.52113e-09	0.00803128
3.52125e-09	0.00741236
3.52137e-09	0.00679379
3.5215e-09	0.00617556
3.52162e-09	0.00555767
3.52174e-09	0.00494013
3.52186e-09	0.00432294
3.52199e-09	0.0037061
3.52211e-09	0.00308962
3.52223e-09	0.00247349
3.52235e-09	0.00185772
3.52247e-09	0.00124231
3.5226e-09	0.000627258
3.52272e-09	1.25726e-05
3.52284e-09	-0.000601747
3.52296e-09	-0.0012157
3.52309e-09	-0.00182928
3.52321e-09	-0.00244249
3.52333e-09	-0.00305532
3.52345e-09	-0.00366778
3.52357e-09	-0.00427986
3.5237e-09	-0.00489156
3.52382e-09	-0.00550287
3.52394e-09	-0.00611381
3.52406e-09	-0.00672435
3.52419e-09	-0.00733451
3.52431e-09	-0.00794427
3.52443e-09	-0.00855364
3.52455e-09	-0.00916262
3.52467e-09	-0.0097712
3.5248e-09	-0.0103794
3.52492e-09	-0.0109872
3.52504e-09	-0.0115945
3.52516e-09	-0.0122015
3.52529e-09	-0.0128081
3.52541e-09	-0.0134142
3.52553e-09	-0.01402
3.52565e-09	-0.0146253
3.52577e-09	-0.0152302
3.5259e-09	-0.0158347
3.52602e-09	-0.0164388
3.52614e-09	-0.0170424
3.52626e-09	-0.0176457
3.52639e-09	-0.0182485
3.52651e-09	-0.0188509
3.52663e-09	-0.0194528
3.52675e-09	-0.0200543
3.52687e-09	-0.0206554
3.527e-09	-0.0212561
3.52712e-09	-0.0218563
3.52724e-09	-0.0224561
3.52736e-09	-0.0230554
3.52749e-09	-0.0236543
3.52761e-09	-0.0242527
3.52773e-09	-0.0248507
3.52785e-09	-0.0254483
3.52797e-09	-0.0260454
3.5281e-09	-0.026642
3.52822e-09	-0.0272382
3.52834e-09	-0.0278339
3.52846e-09	-0.0284292
3.52859e-09	-0.029024
3.52871e-09	-0.0296183
3.52883e-09	-0.0302122
3.52895e-09	-0.0308056
3.52907e-09	-0.0313986
3.5292e-09	-0.0319911
3.52932e-09	-0.0325831
3.52944e-09	-0.0331746
3.52956e-09	-0.0337656
3.52969e-09	-0.0343562
3.52981e-09	-0.0349463
3.52993e-09	-0.0355359
3.53005e-09	-0.036125
3.53017e-09	-0.0367137
3.5303e-09	-0.0373018
3.53042e-09	-0.0378895
3.53054e-09	-0.0384766
3.53066e-09	-0.0390633
3.53079e-09	-0.0396495
3.53091e-09	-0.0402352
3.53103e-09	-0.0408204
3.53115e-09	-0.041405
3.53127e-09	-0.0419892
3.5314e-09	-0.0425729
3.53152e-09	-0.043156
3.53164e-09	-0.0437387
3.53176e-09	-0.0443208
3.53189e-09	-0.0449025
3.53201e-09	-0.0454836
3.53213e-09	-0.0460642
3.53225e-09	-0.0466443
3.53238e-09	-0.0472238
3.5325e-09	-0.0478029
3.53262e-09	-0.0483814
3.53274e-09	-0.0489594
3.53286e-09	-0.0495368
3.53299e-09	-0.0501138
3.53311e-09	-0.0506902
3.53323e-09	-0.051266
3.53335e-09	-0.0518414
3.53348e-09	-0.0524162
3.5336e-09	-0.0529904
3.53372e-09	-0.0535641
3.53384e-09	-0.0541373
3.53396e-09	-0.0547099
3.53409e-09	-0.055282
3.53421e-09	-0.0558536
3.53433e-09	-0.0564245
3.53445e-09	-0.056995
3.53458e-09	-0.0575649
3.5347e-09	-0.0581342
3.53482e-09	-0.0587029
3.53494e-09	-0.0592712
3.53506e-09	-0.0598388
3.53519e-09	-0.0604059
3.53531e-09	-0.0609724
3.53543e-09	-0.0615384
3.53555e-09	-0.0621038
3.53568e-09	-0.0626686
3.5358e-09	-0.0632328
3.53592e-09	-0.0637965
3.53604e-09	-0.0643596
3.53616e-09	-0.0649221
3.53629e-09	-0.0654841
3.53641e-09	-0.0660454
3.53653e-09	-0.0666062
3.53665e-09	-0.0671664
3.53678e-09	-0.067726
3.5369e-09	-0.0682851
3.53702e-09	-0.0688435
3.53714e-09	-0.0694014
3.53726e-09	-0.0699586
3.53739e-09	-0.0705153
3.53751e-09	-0.0710713
3.53763e-09	-0.0716268
3.53775e-09	-0.0721817
3.53788e-09	-0.072736
3.538e-09	-0.0732896
3.53812e-09	-0.0738427
3.53824e-09	-0.0743951
3.53836e-09	-0.074947
3.53849e-09	-0.0754982
3.53861e-09	-0.0760489
3.53873e-09	-0.0765989
3.53885e-09	-0.0771483
3.53898e-09	-0.0776971
3.5391e-09	-0.0782452
3.53922e-09	-0.0787928
3.53934e-09	-0.0793397
3.53946e-09	-0.079886
3.53959e-09	-0.0804317
3.53971e-09	-0.0809767
3.53983e-09	-0.0815212
3.53995e-09	-0.082065
3.54008e-09	-0.0826081
3.5402e-09	-0.0831506
3.54032e-09	-0.0836925
3.54044e-09	-0.0842338
3.54056e-09	-0.0847744
3.54069e-09	-0.0853144
3.54081e-09	-0.0858537
3.54093e-09	-0.0863924
3.54105e-09	-0.0869305
3.54118e-09	-0.0874679
3.5413e-09	-0.0880047
3.54142e-09	-0.0885408
3.54154e-09	-0.0890762
3.54167e-09	-0.089611
3.54179e-09	-0.0901452
3.54191e-09	-0.0906787
3.54203e-09	-0.0912115
3.54215e-09	-0.0917437
3.54228e-09	-0.0922752
3.5424e-09	-0.0928061
3.54252e-09	-0.0933363
3.54264e-09	-0.0938658
3.54277e-09	-0.0943947
3.54289e-09	-0.0949229
3.54301e-09	-0.0954504
3.54313e-09	-0.0959773
3.54325e-09	-0.0965034
3.54338e-09	-0.0970289
3.5435e-09	-0.0975538
3.54362e-09	-0.0980779
3.54374e-09	-0.0986014
3.54387e-09	-0.0991242
3.54399e-09	-0.0996463
3.54411e-09	-0.100168
3.54423e-09	-0.100688
3.54435e-09	-0.101208
3.54448e-09	-0.101728
3.5446e-09	-0.102247
3.54472e-09	-0.102765
3.54484e-09	-0.103282
3.54497e-09	-0.103798
3.54509e-09	-0.104314
3.54521e-09	-0.104829
3.54533e-09	-0.105344
3.54545e-09	-0.105858
3.54558e-09	-0.106371
3.5457e-09	-0.106883
3.54582e-09	-0.107395
3.54594e-09	-0.107906
3.54607e-09	-0.108416
3.54619e-09	-0.108926
3.54631e-09	-0.109435
3.54643e-09	-0.109943
3.54655e-09	-0.11045
3.54668e-09	-0.110957
3.5468e-09	-0.111463
3.54692e-09	-0.111968
3.54704e-09	-0.112473
3.54717e-09	-0.112976
3.54729e-09	-0.11348
3.54741e-09	-0.113982
3.54753e-09	-0.114484
3.54765e-09	-0.114985
3.54778e-09	-0.115485
3.5479e-09	-0.115984
3.54802e-09	-0.116483
3.54814e-09	-0.116981
3.54827e-09	-0.117478
3.54839e-09	-0.117975
3.54851e-09	-0.118471
3.54863e-09	-0.118966
3.54875e-09	-0.11946
3.54888e-09	-0.119954
3.549e-09	-0.120446
3.54912e-09	-0.120938
3.54924e-09	-0.12143
3.54937e-09	-0.12192
3.54949e-09	-0.12241
3.54961e-09	-0.122899
3.54973e-09	-0.123388
3.54985e-09	-0.123875
3.54998e-09	-0.124362
3.5501e-09	-0.124848
3.55022e-09	-0.125334
3.55034e-09	-0.125818
3.55047e-09	-0.126302
3.55059e-09	-0.126785
3.55071e-09	-0.127267
3.55083e-09	-0.127749
3.55095e-09	-0.128229
3.55108e-09	-0.128709
3.5512e-09	-0.129189
3.55132e-09	-0.129667
3.55144e-09	-0.130145
3.55157e-09	-0.130622
3.55169e-09	-0.131098
3.55181e-09	-0.131573
3.55193e-09	-0.132048
3.55206e-09	-0.132522
3.55218e-09	-0.132995
3.5523e-09	-0.133467
3.55242e-09	-0.133938
3.55254e-09	-0.134409
3.55267e-09	-0.134879
3.55279e-09	-0.135348
3.55291e-09	-0.135817
3.55303e-09	-0.136284
3.55316e-09	-0.136751
3.55328e-09	-0.137217
3.5534e-09	-0.137682
3.55352e-09	-0.138146
3.55364e-09	-0.13861
3.55377e-09	-0.139073
3.55389e-09	-0.139535
3.55401e-09	-0.139996
3.55413e-09	-0.140456
3.55426e-09	-0.140916
3.55438e-09	-0.141375
3.5545e-09	-0.141833
3.55462e-09	-0.14229
3.55474e-09	-0.142746
3.55487e-09	-0.143202
3.55499e-09	-0.143657
3.55511e-09	-0.144111
3.55523e-09	-0.144564
3.55536e-09	-0.145016
3.55548e-09	-0.145468
3.5556e-09	-0.145919
3.55572e-09	-0.146369
3.55584e-09	-0.146818
3.55597e-09	-0.147266
3.55609e-09	-0.147713
3.55621e-09	-0.14816
3.55633e-09	-0.148606
3.55646e-09	-0.149051
3.55658e-09	-0.149495
3.5567e-09	-0.149938
3.55682e-09	-0.150381
3.55694e-09	-0.150823
3.55707e-09	-0.151264
3.55719e-09	-0.151704
3.55731e-09	-0.152143
3.55743e-09	-0.152581
3.55756e-09	-0.153019
3.55768e-09	-0.153456
3.5578e-09	-0.153892
3.55792e-09	-0.154327
3.55804e-09	-0.154761
3.55817e-09	-0.155194
3.55829e-09	-0.155627
3.55841e-09	-0.156058
3.55853e-09	-0.156489
3.55866e-09	-0.156919
3.55878e-09	-0.157349
3.5589e-09	-0.157777
3.55902e-09	-0.158204
3.55914e-09	-0.158631
3.55927e-09	-0.159057
3.55939e-09	-0.159482
3.55951e-09	-0.159906
3.55963e-09	-0.160329
3.55976e-09	-0.160752
3.55988e-09	-0.161173
3.56e-09	-0.161594
3.56012e-09	-0.162014
3.56024e-09	-0.162433
3.56037e-09	-0.162851
3.56049e-09	-0.163268
3.56061e-09	-0.163684
3.56073e-09	-0.1641
3.56086e-09	-0.164515
3.56098e-09	-0.164929
3.5611e-09	-0.165342
3.56122e-09	-0.165754
3.56135e-09	-0.166165
3.56147e-09	-0.166575
3.56159e-09	-0.166985
3.56171e-09	-0.167393
3.56183e-09	-0.167801
3.56196e-09	-0.168208
3.56208e-09	-0.168614
3.5622e-09	-0.169019
3.56232e-09	-0.169424
3.56245e-09	-0.169827
3.56257e-09	-0.17023
3.56269e-09	-0.170631
3.56281e-09	-0.171032
3.56293e-09	-0.171432
3.56306e-09	-0.171831
3.56318e-09	-0.172229
3.5633e-09	-0.172626
3.56342e-09	-0.173023
3.56355e-09	-0.173418
3.56367e-09	-0.173813
3.56379e-09	-0.174207
3.56391e-09	-0.174599
3.56403e-09	-0.174991
3.56416e-09	-0.175382
3.56428e-09	-0.175773
3.5644e-09	-0.176162
3.56452e-09	-0.17655
3.56465e-09	-0.176938
3.56477e-09	-0.177324
3.56489e-09	-0.17771
3.56501e-09	-0.178095
3.56513e-09	-0.178479
3.56526e-09	-0.178862
3.56538e-09	-0.179244
3.5655e-09	-0.179625
3.56562e-09	-0.180006
3.56575e-09	-0.180385
3.56587e-09	-0.180764
3.56599e-09	-0.181141
3.56611e-09	-0.181518
3.56623e-09	-0.181894
3.56636e-09	-0.182269
3.56648e-09	-0.182643
3.5666e-09	-0.183016
3.56672e-09	-0.183388
3.56685e-09	-0.18376
3.56697e-09	-0.18413
3.56709e-09	-0.1845
3.56721e-09	-0.184868
3.56733e-09	-0.185236
3.56746e-09	-0.185603
3.56758e-09	-0.185969
3.5677e-09	-0.186334
3.56782e-09	-0.186698
3.56795e-09	-0.187061
3.56807e-09	-0.187423
3.56819e-09	-0.187784
3.56831e-09	-0.188145
3.56843e-09	-0.188504
3.56856e-09	-0.188863
3.56868e-09	-0.18922
3.5688e-09	-0.189577
3.56892e-09	-0.189933
3.56905e-09	-0.190288
3.56917e-09	-0.190642
3.56929e-09	-0.190995
3.56941e-09	-0.191347
3.56953e-09	-0.191698
3.56966e-09	-0.192048
3.56978e-09	-0.192398
3.5699e-09	-0.192746
3.57002e-09	-0.193093
3.57015e-09	-0.19344
3.57027e-09	-0.193786
3.57039e-09	-0.19413
3.57051e-09	-0.194474
3.57063e-09	-0.194817
3.57076e-09	-0.195159
3.57088e-09	-0.1955
3.571e-09	-0.19584
3.57112e-09	-0.196179
3.57125e-09	-0.196517
3.57137e-09	-0.196854
3.57149e-09	-0.197191
3.57161e-09	-0.197526
3.57174e-09	-0.19786
3.57186e-09	-0.198194
3.57198e-09	-0.198526
3.5721e-09	-0.198858
3.57222e-09	-0.199189
3.57235e-09	-0.199518
3.57247e-09	-0.199847
3.57259e-09	-0.200175
3.57271e-09	-0.200502
3.57284e-09	-0.200828
3.57296e-09	-0.201153
3.57308e-09	-0.201477
3.5732e-09	-0.2018
3.57332e-09	-0.202122
3.57345e-09	-0.202444
3.57357e-09	-0.202764
3.57369e-09	-0.203083
3.57381e-09	-0.203402
3.57394e-09	-0.203719
3.57406e-09	-0.204036
3.57418e-09	-0.204351
3.5743e-09	-0.204666
3.57442e-09	-0.204979
3.57455e-09	-0.205292
3.57467e-09	-0.205604
3.57479e-09	-0.205915
3.57491e-09	-0.206225
3.57504e-09	-0.206533
3.57516e-09	-0.206841
3.57528e-09	-0.207148
3.5754e-09	-0.207454
3.57552e-09	-0.207759
3.57565e-09	-0.208064
3.57577e-09	-0.208367
3.57589e-09	-0.208669
3.57601e-09	-0.20897
3.57614e-09	-0.20927
3.57626e-09	-0.20957
3.57638e-09	-0.209868
3.5765e-09	-0.210166
3.57662e-09	-0.210462
3.57675e-09	-0.210757
3.57687e-09	-0.211052
3.57699e-09	-0.211345
3.57711e-09	-0.211638
3.57724e-09	-0.21193
3.57736e-09	-0.21222
3.57748e-09	-0.21251
3.5776e-09	-0.212799
3.57772e-09	-0.213087
3.57785e-09	-0.213373
3.57797e-09	-0.213659
3.57809e-09	-0.213944
3.57821e-09	-0.214228
3.57834e-09	-0.214511
3.57846e-09	-0.214793
3.57858e-09	-0.215074
3.5787e-09	-0.215354
3.57882e-09	-0.215633
3.57895e-09	-0.215911
3.57907e-09	-0.216188
3.57919e-09	-0.216464
3.57931e-09	-0.21674
3.57944e-09	-0.217014
3.57956e-09	-0.217287
3.57968e-09	-0.217559
3.5798e-09	-0.217831
3.57992e-09	-0.218101
3.58005e-09	-0.21837
3.58017e-09	-0.218639
3.58029e-09	-0.218906
3.58041e-09	-0.219173
3.58054e-09	-0.219438
3.58066e-09	-0.219702
3.58078e-09	-0.219966
3.5809e-09	-0.220228
3.58103e-09	-0.22049
3.58115e-09	-0.220751
3.58127e-09	-0.22101
3.58139e-09	-0.221269
3.58151e-09	-0.221526
3.58164e-09	-0.221783
3.58176e-09	-0.222039
3.58188e-09	-0.222293
3.582e-09	-0.222547
3.58213e-09	-0.2228
3.58225e-09	-0.223052
3.58237e-09	-0.223303
3.58249e-09	-0.223552
3.58261e-09	-0.223801
3.58274e-09	-0.224049
3.58286e-09	-0.224296
3.58298e-09	-0.224542
3.5831e-09	-0.224787
3.58323e-09	-0.22503
3.58335e-09	-0.225273
3.58347e-09	-0.225515
3.58359e-09	-0.225756
3.58371e-09	-0.225996
3.58384e-09	-0.226235
3.58396e-09	-0.226473
3.58408e-09	-0.22671
3.5842e-09	-0.226946
3.58433e-09	-0.227181
3.58445e-09	-0.227415
3.58457e-09	-0.227649
3.58469e-09	-0.227881
3.58481e-09	-0.228112
3.58494e-09	-0.228342
3.58506e-09	-0.228571
3.58518e-09	-0.228799
3.5853e-09	-0.229026
3.58543e-09	-0.229253
3.58555e-09	-0.229478
3.58567e-09	-0.229702
3.58579e-09	-0.229925
3.58591e-09	-0.230147
3.58604e-09	-0.230369
3.58616e-09	-0.230589
3.58628e-09	-0.230808
3.5864e-09	-0.231026
3.58653e-09	-0.231244
3.58665e-09	-0.23146
3.58677e-09	-0.231675
3.58689e-09	-0.23189
3.58701e-09	-0.232103
3.58714e-09	-0.232315
3.58726e-09	-0.232526
3.58738e-09	-0.232737
3.5875e-09	-0.232946
3.58763e-09	-0.233155
3.58775e-09	-0.233362
3.58787e-09	-0.233568
3.58799e-09	-0.233774
3.58811e-09	-0.233978
3.58824e-09	-0.234182
3.58836e-09	-0.234384
3.58848e-09	-0.234585
3.5886e-09	-0.234786
3.58873e-09	-0.234985
3.58885e-09	-0.235184
3.58897e-09	-0.235381
3.58909e-09	-0.235578
3.58921e-09	-0.235773
3.58934e-09	-0.235968
3.58946e-09	-0.236161
3.58958e-09	-0.236354
3.5897e-09	-0.236545
3.58983e-09	-0.236736
3.58995e-09	-0.236925
3.59007e-09	-0.237114
3.59019e-09	-0.237301
3.59031e-09	-0.237488
3.59044e-09	-0.237673
3.59056e-09	-0.237858
3.59068e-09	-0.238041
3.5908e-09	-0.238224
3.59093e-09	-0.238405
3.59105e-09	-0.238586
3.59117e-09	-0.238765
3.59129e-09	-0.238944
3.59142e-09	-0.239122
3.59154e-09	-0.239298
3.59166e-09	-0.239474
3.59178e-09	-0.239648
3.5919e-09	-0.239822
3.59203e-09	-0.239995
3.59215e-09	-0.240166
3.59227e-09	-0.240337
3.59239e-09	-0.240507
3.59252e-09	-0.240675
3.59264e-09	-0.240843
3.59276e-09	-0.24101
3.59288e-09	-0.241175
3.593e-09	-0.24134
3.59313e-09	-0.241503
3.59325e-09	-0.241666
3.59337e-09	-0.241828
3.59349e-09	-0.241989
3.59362e-09	-0.242148
3.59374e-09	-0.242307
3.59386e-09	-0.242465
3.59398e-09	-0.242621
3.5941e-09	-0.242777
3.59423e-09	-0.242932
3.59435e-09	-0.243086
3.59447e-09	-0.243238
3.59459e-09	-0.24339
3.59472e-09	-0.243541
3.59484e-09	-0.24369
3.59496e-09	-0.243839
3.59508e-09	-0.243987
3.5952e-09	-0.244134
3.59533e-09	-0.24428
3.59545e-09	-0.244424
3.59557e-09	-0.244568
3.59569e-09	-0.244711
3.59582e-09	-0.244853
3.59594e-09	-0.244994
3.59606e-09	-0.245133
3.59618e-09	-0.245272
3.5963e-09	-0.24541
3.59643e-09	-0.245547
3.59655e-09	-0.245683
3.59667e-09	-0.245818
3.59679e-09	-0.245951
3.59692e-09	-0.246084
3.59704e-09	-0.246216
3.59716e-09	-0.246347
3.59728e-09	-0.246477
3.5974e-09	-0.246606
3.59753e-09	-0.246734
3.59765e-09	-0.246861
3.59777e-09	-0.246987
3.59789e-09	-0.247112
3.59802e-09	-0.247236
3.59814e-09	-0.247359
3.59826e-09	-0.247481
3.59838e-09	-0.247601
3.5985e-09	-0.247721
3.59863e-09	-0.24784
3.59875e-09	-0.247958
3.59887e-09	-0.248076
3.59899e-09	-0.248192
3.59912e-09	-0.248307
3.59924e-09	-0.248421
3.59936e-09	-0.248534
3.59948e-09	-0.248646
3.5996e-09	-0.248757
3.59973e-09	-0.248867
3.59985e-09	-0.248976
3.59997e-09	-0.249084
3.60009e-09	-0.249191
3.60022e-09	-0.249298
3.60034e-09	-0.249403
3.60046e-09	-0.249507
3.60058e-09	-0.24961
3.60071e-09	-0.249712
3.60083e-09	-0.249814
3.60095e-09	-0.249914
3.60107e-09	-0.250013
3.60119e-09	-0.250111
3.60132e-09	-0.250209
3.60144e-09	-0.250305
3.60156e-09	-0.2504
3.60168e-09	-0.250494
3.60181e-09	-0.250588
3.60193e-09	-0.25068
3.60205e-09	-0.250772
3.60217e-09	-0.250862
3.60229e-09	-0.250951
3.60242e-09	-0.25104
3.60254e-09	-0.251127
3.60266e-09	-0.251214
3.60278e-09	-0.251299
3.60291e-09	-0.251384
3.60303e-09	-0.251467
3.60315e-09	-0.25155
3.60327e-09	-0.251631
3.60339e-09	-0.251712
3.60352e-09	-0.251792
3.60364e-09	-0.25187
3.60376e-09	-0.251948
3.60388e-09	-0.252024
3.60401e-09	-0.2521
3.60413e-09	-0.252175
3.60425e-09	-0.252249
3.60437e-09	-0.252321
3.60449e-09	-0.252393
3.60462e-09	-0.252464
3.60474e-09	-0.252534
3.60486e-09	-0.252603
3.60498e-09	-0.25267
3.60511e-09	-0.252737
3.60523e-09	-0.252803
3.60535e-09	-0.252868
3.60547e-09	-0.252932
3.60559e-09	-0.252995
3.60572e-09	-0.253057
3.60584e-09	-0.253118
3.60596e-09	-0.253178
3.60608e-09	-0.253237
3.60621e-09	-0.253296
3.60633e-09	-0.253353
3.60645e-09	-0.253409
3.60657e-09	-0.253464
3.60669e-09	-0.253518
3.60682e-09	-0.253572
3.60694e-09	-0.253624
3.60706e-09	-0.253675
3.60718e-09	-0.253726
3.60731e-09	-0.253775
3.60743e-09	-0.253824
3.60755e-09	-0.253871
3.60767e-09	-0.253918
3.60779e-09	-0.253963
3.60792e-09	-0.254008
3.60804e-09	-0.254051
3.60816e-09	-0.254094
3.60828e-09	-0.254136
3.60841e-09	-0.254176
3.60853e-09	-0.254216
3.60865e-09	-0.254255
3.60877e-09	-0.254293
3.60889e-09	-0.25433
3.60902e-09	-0.254366
3.60914e-09	-0.254401
3.60926e-09	-0.254435
3.60938e-09	-0.254468
3.60951e-09	-0.2545
3.60963e-09	-0.254531
3.60975e-09	-0.254561
3.60987e-09	-0.25459
3.60999e-09	-0.254618
3.61012e-09	-0.254646
3.61024e-09	-0.254672
3.61036e-09	-0.254697
3.61048e-09	-0.254722
3.61061e-09	-0.254745
3.61073e-09	-0.254768
3.61085e-09	-0.254789
3.61097e-09	-0.25481
3.6111e-09	-0.25483
3.61122e-09	-0.254848
3.61134e-09	-0.254866
3.61146e-09	-0.254883
3.61158e-09	-0.254899
3.61171e-09	-0.254914
3.61183e-09	-0.254928
3.61195e-09	-0.254941
3.61207e-09	-0.254953
3.6122e-09	-0.254964
3.61232e-09	-0.254974
3.61244e-09	-0.254983
3.61256e-09	-0.254991
3.61268e-09	-0.254999
3.61281e-09	-0.255005
3.61293e-09	-0.25501
3.61305e-09	-0.255015
3.61317e-09	-0.255018
3.6133e-09	-0.255021
3.61342e-09	-0.255023
3.61354e-09	-0.255023
3.61366e-09	-0.255023
3.61378e-09	-0.255022
3.61391e-09	-0.25502
3.61403e-09	-0.255017
3.61415e-09	-0.255013
3.61427e-09	-0.255008
3.6144e-09	-0.255002
3.61452e-09	-0.254995
3.61464e-09	-0.254988
3.61476e-09	-0.254979
3.61488e-09	-0.254969
3.61501e-09	-0.254959
3.61513e-09	-0.254947
3.61525e-09	-0.254935
3.61537e-09	-0.254922
3.6155e-09	-0.254907
3.61562e-09	-0.254892
3.61574e-09	-0.254876
3.61586e-09	-0.254859
3.61598e-09	-0.254841
3.61611e-09	-0.254822
3.61623e-09	-0.254802
3.61635e-09	-0.254782
3.61647e-09	-0.25476
3.6166e-09	-0.254737
3.61672e-09	-0.254714
3.61684e-09	-0.254689
3.61696e-09	-0.254664
3.61708e-09	-0.254638
3.61721e-09	-0.25461
3.61733e-09	-0.254582
3.61745e-09	-0.254553
3.61757e-09	-0.254523
3.6177e-09	-0.254492
3.61782e-09	-0.25446
3.61794e-09	-0.254428
3.61806e-09	-0.254394
3.61818e-09	-0.254359
3.61831e-09	-0.254324
3.61843e-09	-0.254288
3.61855e-09	-0.25425
3.61867e-09	-0.254212
3.6188e-09	-0.254173
3.61892e-09	-0.254133
3.61904e-09	-0.254092
3.61916e-09	-0.25405
3.61928e-09	-0.254007
3.61941e-09	-0.253964
3.61953e-09	-0.253919
3.61965e-09	-0.253873
3.61977e-09	-0.253827
3.6199e-09	-0.25378
3.62002e-09	-0.253731
3.62014e-09	-0.253682
3.62026e-09	-0.253632
3.62039e-09	-0.253581
3.62051e-09	-0.25353
3.62063e-09	-0.253477
3.62075e-09	-0.253423
3.62087e-09	-0.253369
3.621e-09	-0.253313
3.62112e-09	-0.253257
3.62124e-09	-0.2532
3.62136e-09	-0.253142
3.62149e-09	-0.253083
3.62161e-09	-0.253023
3.62173e-09	-0.252962
3.62185e-09	-0.2529
3.62197e-09	-0.252838
3.6221e-09	-0.252774
3.62222e-09	-0.25271
3.62234e-09	-0.252644
3.62246e-09	-0.252578
3.62259e-09	-0.252511
3.62271e-09	-0.252443
3.62283e-09	-0.252375
3.62295e-09	-0.252305
3.62307e-09	-0.252234
3.6232e-09	-0.252163
3.62332e-09	-0.25209
3.62344e-09	-0.252017
3.62356e-09	-0.251943
3.62369e-09	-0.251868
3.62381e-09	-0.251792
3.62393e-09	-0.251715
3.62405e-09	-0.251638
3.62417e-09	-0.251559
3.6243e-09	-0.25148
3.62442e-09	-0.2514
3.62454e-09	-0.251319
3.62466e-09	-0.251237
3.62479e-09	-0.251154
3.62491e-09	-0.25107
3.62503e-09	-0.250985
3.62515e-09	-0.2509
3.62527e-09	-0.250814
3.6254e-09	-0.250726
3.62552e-09	-0.250638
3.62564e-09	-0.250549
3.62576e-09	-0.250459
3.62589e-09	-0.250369
3.62601e-09	-0.250277
3.62613e-09	-0.250185
3.62625e-09	-0.250091
3.62637e-09	-0.249997
3.6265e-09	-0.249902
3.62662e-09	-0.249807
3.62674e-09	-0.24971
3.62686e-09	-0.249612
3.62699e-09	-0.249514
3.62711e-09	-0.249415
3.62723e-09	-0.249314
3.62735e-09	-0.249213
3.62747e-09	-0.249112
3.6276e-09	-0.249009
3.62772e-09	-0.248905
3.62784e-09	-0.248801
3.62796e-09	-0.248696
3.62809e-09	-0.24859
3.62821e-09	-0.248483
3.62833e-09	-0.248375
3.62845e-09	-0.248266
3.62857e-09	-0.248157
3.6287e-09	-0.248046
3.62882e-09	-0.247935
3.62894e-09	-0.247823
3.62906e-09	-0.247711
3.62919e-09	-0.247597
3.62931e-09	-0.247482
3.62943e-09	-0.247367
3.62955e-09	-0.247251
3.62967e-09	-0.247134
3.6298e-09	-0.247016
3.62992e-09	-0.246897
3.63004e-09	-0.246778
3.63016e-09	-0.246657
3.63029e-09	-0.246536
3.63041e-09	-0.246414
3.63053e-09	-0.246291
3.63065e-09	-0.246168
3.63078e-09	-0.246043
3.6309e-09	-0.245918
3.63102e-09	-0.245792
3.63114e-09	-0.245665
3.63126e-09	-0.245537
3.63139e-09	-0.245408
3.63151e-09	-0.245279
3.63163e-09	-0.245149
3.63175e-09	-0.245018
3.63188e-09	-0.244886
3.632e-09	-0.244753
3.63212e-09	-0.24462
3.63224e-09	-0.244485
3.63236e-09	-0.24435
3.63249e-09	-0.244214
3.63261e-09	-0.244077
3.63273e-09	-0.24394
3.63285e-09	-0.243801
3.63298e-09	-0.243662
3.6331e-09	-0.243522
3.63322e-09	-0.243382
3.63334e-09	-0.24324
3.63346e-09	-0.243097
3.63359e-09	-0.242954
3.63371e-09	-0.24281
3.63383e-09	-0.242665
3.63395e-09	-0.24252
3.63408e-09	-0.242373
3.6342e-09	-0.242226
3.63432e-09	-0.242078
3.63444e-09	-0.241929
3.63456e-09	-0.24178
3.63469e-09	-0.24163
3.63481e-09	-0.241478
3.63493e-09	-0.241326
3.63505e-09	-0.241174
3.63518e-09	-0.24102
3.6353e-09	-0.240866
3.63542e-09	-0.240711
3.63554e-09	-0.240555
3.63566e-09	-0.240398
3.63579e-09	-0.240241
3.63591e-09	-0.240082
3.63603e-09	-0.239923
3.63615e-09	-0.239764
3.63628e-09	-0.239603
3.6364e-09	-0.239442
3.63652e-09	-0.23928
3.63664e-09	-0.239117
3.63676e-09	-0.238953
3.63689e-09	-0.238789
3.63701e-09	-0.238623
3.63713e-09	-0.238457
3.63725e-09	-0.238291
3.63738e-09	-0.238123
3.6375e-09	-0.237955
3.63762e-09	-0.237786
3.63774e-09	-0.237616
3.63786e-09	-0.237445
3.63799e-09	-0.237274
3.63811e-09	-0.237102
3.63823e-09	-0.236929
3.63835e-09	-0.236755
3.63848e-09	-0.236581
3.6386e-09	-0.236406
3.63872e-09	-0.23623
3.63884e-09	-0.236053
3.63896e-09	-0.235876
3.63909e-09	-0.235698
3.63921e-09	-0.235519
3.63933e-09	-0.235339
3.63945e-09	-0.235159
3.63958e-09	-0.234978
3.6397e-09	-0.234796
3.63982e-09	-0.234613
3.63994e-09	-0.23443
3.64006e-09	-0.234245
3.64019e-09	-0.234061
3.64031e-09	-0.233875
3.64043e-09	-0.233689
3.64055e-09	-0.233502
3.64068e-09	-0.233314
3.6408e-09	-0.233125
3.64092e-09	-0.232936
3.64104e-09	-0.232746
3.64117e-09	-0.232555
3.64129e-09	-0.232364
3.64141e-09	-0.232171
3.64153e-09	-0.231978
3.64165e-09	-0.231785
3.64178e-09	-0.23159
3.6419e-09	-0.231395
3.64202e-09	-0.231199
3.64214e-09	-0.231003
3.64227e-09	-0.230806
3.64239e-09	-0.230608
3.64251e-09	-0.230409
3.64263e-09	-0.230209
3.64275e-09	-0.230009
3.64288e-09	-0.229808
3.643e-09	-0.229607
3.64312e-09	-0.229404
3.64324e-09	-0.229201
3.64337e-09	-0.228998
3.64349e-09	-0.228793
3.64361e-09	-0.228588
3.64373e-09	-0.228382
3.64385e-09	-0.228176
3.64398e-09	-0.227969
3.6441e-09	-0.227761
3.64422e-09	-0.227552
3.64434e-09	-0.227343
3.64447e-09	-0.227133
3.64459e-09	-0.226922
3.64471e-09	-0.22671
3.64483e-09	-0.226498
3.64495e-09	-0.226285
3.64508e-09	-0.226072
3.6452e-09	-0.225858
3.64532e-09	-0.225643
3.64544e-09	-0.225427
3.64557e-09	-0.225211
3.64569e-09	-0.224994
3.64581e-09	-0.224776
3.64593e-09	-0.224558
3.64605e-09	-0.224339
3.64618e-09	-0.224119
3.6463e-09	-0.223899
3.64642e-09	-0.223678
3.64654e-09	-0.223456
3.64667e-09	-0.223234
3.64679e-09	-0.223011
3.64691e-09	-0.222787
3.64703e-09	-0.222562
3.64715e-09	-0.222337
3.64728e-09	-0.222112
3.6474e-09	-0.221885
3.64752e-09	-0.221658
3.64764e-09	-0.22143
3.64777e-09	-0.221202
3.64789e-09	-0.220973
3.64801e-09	-0.220743
3.64813e-09	-0.220513
3.64825e-09	-0.220282
3.64838e-09	-0.22005
3.6485e-09	-0.219818
3.64862e-09	-0.219584
3.64874e-09	-0.219351
3.64887e-09	-0.219116
3.64899e-09	-0.218881
3.64911e-09	-0.218646
3.64923e-09	-0.21841
3.64935e-09	-0.218173
3.64948e-09	-0.217935
3.6496e-09	-0.217697
3.64972e-09	-0.217458
3.64984e-09	-0.217218
3.64997e-09	-0.216978
3.65009e-09	-0.216738
3.65021e-09	-0.216496
3.65033e-09	-0.216254
3.65046e-09	-0.216011
3.65058e-09	-0.215768
3.6507e-09	-0.215524
3.65082e-09	-0.215279
3.65094e-09	-0.215034
3.65107e-09	-0.214788
3.65119e-09	-0.214542
3.65131e-09	-0.214295
3.65143e-09	-0.214047
3.65156e-09	-0.213799
3.65168e-09	-0.21355
3.6518e-09	-0.2133
3.65192e-09	-0.21305
3.65204e-09	-0.212799
3.65217e-09	-0.212548
3.65229e-09	-0.212296
3.65241e-09	-0.212043
3.65253e-09	-0.21179
3.65266e-09	-0.211536
3.65278e-09	-0.211281
3.6529e-09	-0.211026
3.65302e-09	-0.210771
3.65314e-09	-0.210514
3.65327e-09	-0.210257
3.65339e-09	-0.21
3.65351e-09	-0.209742
3.65363e-09	-0.209483
3.65376e-09	-0.209224
3.65388e-09	-0.208964
3.654e-09	-0.208703
3.65412e-09	-0.208442
3.65424e-09	-0.20818
3.65437e-09	-0.207918
3.65449e-09	-0.207655
3.65461e-09	-0.207392
3.65473e-09	-0.207128
3.65486e-09	-0.206863
3.65498e-09	-0.206598
3.6551e-09	-0.206332
3.65522e-09	-0.206066
3.65534e-09	-0.205799
3.65547e-09	-0.205531
3.65559e-09	-0.205263
3.65571e-09	-0.204994
3.65583e-09	-0.204725
3.65596e-09	-0.204455
3.65608e-09	-0.204185
3.6562e-09	-0.203914
3.65632e-09	-0.203642
3.65644e-09	-0.20337
3.65657e-09	-0.203098
3.65669e-09	-0.202824
3.65681e-09	-0.20255
3.65693e-09	-0.202276
3.65706e-09	-0.202001
3.65718e-09	-0.201726
3.6573e-09	-0.20145
3.65742e-09	-0.201173
3.65754e-09	-0.200896
3.65767e-09	-0.200618
3.65779e-09	-0.20034
3.65791e-09	-0.200061
3.65803e-09	-0.199782
3.65816e-09	-0.199502
3.65828e-09	-0.199221
3.6584e-09	-0.19894
3.65852e-09	-0.198659
3.65864e-09	-0.198377
3.65877e-09	-0.198094
3.65889e-09	-0.197811
3.65901e-09	-0.197527
3.65913e-09	-0.197243
3.65926e-09	-0.196958
3.65938e-09	-0.196673
3.6595e-09	-0.196387
3.65962e-09	-0.196101
3.65974e-09	-0.195814
3.65987e-09	-0.195526
3.65999e-09	-0.195238
3.66011e-09	-0.19495
3.66023e-09	-0.194661
3.66036e-09	-0.194371
3.66048e-09	-0.194081
3.6606e-09	-0.193791
3.66072e-09	-0.1935
3.66085e-09	-0.193208
3.66097e-09	-0.192916
3.66109e-09	-0.192623
3.66121e-09	-0.19233
3.66133e-09	-0.192036
3.66146e-09	-0.191742
3.66158e-09	-0.191448
3.6617e-09	-0.191153
3.66182e-09	-0.190857
3.66195e-09	-0.190561
3.66207e-09	-0.190264
3.66219e-09	-0.189967
3.66231e-09	-0.189669
3.66243e-09	-0.189371
3.66256e-09	-0.189072
3.66268e-09	-0.188773
3.6628e-09	-0.188473
3.66292e-09	-0.188173
3.66305e-09	-0.187873
3.66317e-09	-0.187572
3.66329e-09	-0.18727
3.66341e-09	-0.186968
3.66353e-09	-0.186665
3.66366e-09	-0.186362
3.66378e-09	-0.186059
3.6639e-09	-0.185755
3.66402e-09	-0.18545
3.66415e-09	-0.185145
3.66427e-09	-0.18484
3.66439e-09	-0.184534
3.66451e-09	-0.184227
3.66463e-09	-0.183921
3.66476e-09	-0.183613
3.66488e-09	-0.183305
3.665e-09	-0.182997
3.66512e-09	-0.182688
3.66525e-09	-0.182379
3.66537e-09	-0.18207
3.66549e-09	-0.18176
3.66561e-09	-0.181449
3.66573e-09	-0.181138
3.66586e-09	-0.180826
3.66598e-09	-0.180514
3.6661e-09	-0.180202
3.66622e-09	-0.179889
3.66635e-09	-0.179576
3.66647e-09	-0.179262
3.66659e-09	-0.178948
3.66671e-09	-0.178633
3.66683e-09	-0.178318
3.66696e-09	-0.178003
3.66708e-09	-0.177687
3.6672e-09	-0.17737
3.66732e-09	-0.177054
3.66745e-09	-0.176736
3.66757e-09	-0.176419
3.66769e-09	-0.1761
3.66781e-09	-0.175782
3.66793e-09	-0.175463
3.66806e-09	-0.175143
3.66818e-09	-0.174824
3.6683e-09	-0.174503
3.66842e-09	-0.174183
3.66855e-09	-0.173861
3.66867e-09	-0.17354
3.66879e-09	-0.173218
3.66891e-09	-0.172895
3.66903e-09	-0.172573
3.66916e-09	-0.172249
3.66928e-09	-0.171926
3.6694e-09	-0.171602
3.66952e-09	-0.171277
3.66965e-09	-0.170952
3.66977e-09	-0.170627
3.66989e-09	-0.170301
3.67001e-09	-0.169975
3.67014e-09	-0.169649
3.67026e-09	-0.169322
3.67038e-09	-0.168995
3.6705e-09	-0.168667
3.67062e-09	-0.168339
3.67075e-09	-0.16801
3.67087e-09	-0.167682
3.67099e-09	-0.167352
3.67111e-09	-0.167023
3.67124e-09	-0.166693
3.67136e-09	-0.166362
3.67148e-09	-0.166031
3.6716e-09	-0.1657
3.67172e-09	-0.165368
3.67185e-09	-0.165036
3.67197e-09	-0.164704
3.67209e-09	-0.164371
3.67221e-09	-0.164038
3.67234e-09	-0.163705
3.67246e-09	-0.163371
3.67258e-09	-0.163037
3.6727e-09	-0.162702
3.67282e-09	-0.162367
3.67295e-09	-0.162032
3.67307e-09	-0.161696
3.67319e-09	-0.16136
3.67331e-09	-0.161023
3.67344e-09	-0.160687
3.67356e-09	-0.160349
3.67368e-09	-0.160012
3.6738e-09	-0.159674
3.67392e-09	-0.159336
3.67405e-09	-0.158997
3.67417e-09	-0.158658
3.67429e-09	-0.158319
3.67441e-09	-0.157979
3.67454e-09	-0.157639
3.67466e-09	-0.157299
3.67478e-09	-0.156958
3.6749e-09	-0.156617
3.67502e-09	-0.156276
3.67515e-09	-0.155934
3.67527e-09	-0.155592
3.67539e-09	-0.15525
3.67551e-09	-0.154907
3.67564e-09	-0.154564
3.67576e-09	-0.15422
3.67588e-09	-0.153877
3.676e-09	-0.153532
3.67612e-09	-0.153188
3.67625e-09	-0.152843
3.67637e-09	-0.152498
3.67649e-09	-0.152153
3.67661e-09	-0.151807
3.67674e-09	-0.151461
3.67686e-09	-0.151115
3.67698e-09	-0.150768
3.6771e-09	-0.150421
3.67722e-09	-0.150074
3.67735e-09	-0.149726
3.67747e-09	-0.149378
3.67759e-09	-0.14903
3.67771e-09	-0.148682
3.67784e-09	-0.148333
3.67796e-09	-0.147984
3.67808e-09	-0.147634
3.6782e-09	-0.147284
3.67832e-09	-0.146934
3.67845e-09	-0.146584
3.67857e-09	-0.146233
3.67869e-09	-0.145882
3.67881e-09	-0.145531
3.67894e-09	-0.14518
3.67906e-09	-0.144828
3.67918e-09	-0.144476
3.6793e-09	-0.144123
3.67942e-09	-0.14377
3.67955e-09	-0.143417
3.67967e-09	-0.143064
3.67979e-09	-0.142711
3.67991e-09	-0.142357
3.68004e-09	-0.142003
3.68016e-09	-0.141648
3.68028e-09	-0.141294
3.6804e-09	-0.140939
3.68053e-09	-0.140583
3.68065e-09	-0.140228
3.68077e-09	-0.139872
3.68089e-09	-0.139516
3.68101e-09	-0.13916
3.68114e-09	-0.138803
3.68126e-09	-0.138446
3.68138e-09	-0.138089
3.6815e-09	-0.137732
3.68163e-09	-0.137374
3.68175e-09	-0.137016
3.68187e-09	-0.136658
3.68199e-09	-0.1363
3.68211e-09	-0.135941
3.68224e-09	-0.135582
3.68236e-09	-0.135223
3.68248e-09	-0.134864
3.6826e-09	-0.134504
3.68273e-09	-0.134144
3.68285e-09	-0.133784
3.68297e-09	-0.133424
3.68309e-09	-0.133063
3.68321e-09	-0.132702
3.68334e-09	-0.132341
3.68346e-09	-0.13198
3.68358e-09	-0.131618
3.6837e-09	-0.131256
3.68383e-09	-0.130894
3.68395e-09	-0.130532
3.68407e-09	-0.13017
3.68419e-09	-0.129807
3.68431e-09	-0.129444
3.68444e-09	-0.129081
3.68456e-09	-0.128717
3.68468e-09	-0.128354
3.6848e-09	-0.12799
3.68493e-09	-0.127626
3.68505e-09	-0.127262
3.68517e-09	-0.126897
3.68529e-09	-0.126532
3.68541e-09	-0.126167
3.68554e-09	-0.125802
3.68566e-09	-0.125437
3.68578e-09	-0.125071
3.6859e-09	-0.124706
3.68603e-09	-0.12434
3.68615e-09	-0.123974
3.68627e-09	-0.123607
3.68639e-09	-0.123241
3.68651e-09	-0.122874
3.68664e-09	-0.122507
3.68676e-09	-0.12214
3.68688e-09	-0.121772
3.687e-09	-0.121405
3.68713e-09	-0.121037
3.68725e-09	-0.120669
3.68737e-09	-0.120301
3.68749e-09	-0.119933
3.68761e-09	-0.119564
3.68774e-09	-0.119195
3.68786e-09	-0.118827
3.68798e-09	-0.118458
3.6881e-09	-0.118088
3.68823e-09	-0.117719
3.68835e-09	-0.117349
3.68847e-09	-0.11698
3.68859e-09	-0.11661
3.68871e-09	-0.11624
3.68884e-09	-0.115869
3.68896e-09	-0.115499
3.68908e-09	-0.115128
3.6892e-09	-0.114758
3.68933e-09	-0.114387
3.68945e-09	-0.114016
3.68957e-09	-0.113644
3.68969e-09	-0.113273
3.68982e-09	-0.112901
3.68994e-09	-0.11253
3.69006e-09	-0.112158
3.69018e-09	-0.111786
3.6903e-09	-0.111413
3.69043e-09	-0.111041
3.69055e-09	-0.110669
3.69067e-09	-0.110296
3.69079e-09	-0.109923
3.69092e-09	-0.10955
3.69104e-09	-0.109177
3.69116e-09	-0.108804
3.69128e-09	-0.108431
3.6914e-09	-0.108057
3.69153e-09	-0.107684
3.69165e-09	-0.10731
3.69177e-09	-0.106936
3.69189e-09	-0.106562
3.69202e-09	-0.106188
3.69214e-09	-0.105813
3.69226e-09	-0.105439
3.69238e-09	-0.105064
3.6925e-09	-0.10469
3.69263e-09	-0.104315
3.69275e-09	-0.10394
3.69287e-09	-0.103565
3.69299e-09	-0.10319
3.69312e-09	-0.102815
3.69324e-09	-0.102439
3.69336e-09	-0.102064
3.69348e-09	-0.101688
3.6936e-09	-0.101312
3.69373e-09	-0.100937
3.69385e-09	-0.100561
3.69397e-09	-0.100185
3.69409e-09	-0.0998085
3.69422e-09	-0.0994322
3.69434e-09	-0.0990559
3.69446e-09	-0.0986794
3.69458e-09	-0.0983028
3.6947e-09	-0.0979262
3.69483e-09	-0.0975494
3.69495e-09	-0.0971726
3.69507e-09	-0.0967957
3.69519e-09	-0.0964186
3.69532e-09	-0.0960415
3.69544e-09	-0.0956643
3.69556e-09	-0.095287
3.69568e-09	-0.0949096
3.6958e-09	-0.0945321
3.69593e-09	-0.0941546
3.69605e-09	-0.0937769
3.69617e-09	-0.0933992
3.69629e-09	-0.0930214
3.69642e-09	-0.0926436
3.69654e-09	-0.0922656
3.69666e-09	-0.0918876
3.69678e-09	-0.0915095
3.6969e-09	-0.0911314
3.69703e-09	-0.0907531
3.69715e-09	-0.0903748
3.69727e-09	-0.0899965
3.69739e-09	-0.089618
3.69752e-09	-0.0892395
3.69764e-09	-0.088861
3.69776e-09	-0.0884824
3.69788e-09	-0.0881037
3.698e-09	-0.0877249
3.69813e-09	-0.0873461
3.69825e-09	-0.0869673
3.69837e-09	-0.0865884
3.69849e-09	-0.0862094
3.69862e-09	-0.0858304
3.69874e-09	-0.0854514
3.69886e-09	-0.0850723
3.69898e-09	-0.0846931
3.6991e-09	-0.0843139
3.69923e-09	-0.0839347
3.69935e-09	-0.0835554
3.69947e-09	-0.0831761
3.69959e-09	-0.0827968
3.69972e-09	-0.0824174
3.69984e-09	-0.0820379
3.69996e-09	-0.0816585
3.70008e-09	-0.081279
3.70021e-09	-0.0808995
3.70033e-09	-0.0805199
3.70045e-09	-0.0801403
3.70057e-09	-0.0797607
3.70069e-09	-0.0793811
3.70082e-09	-0.0790014
3.70094e-09	-0.0786217
3.70106e-09	-0.078242
3.70118e-09	-0.0778623
3.70131e-09	-0.0774825
3.70143e-09	-0.0771028
3.70155e-09	-0.076723
3.70167e-09	-0.0763432
3.70179e-09	-0.0759634
3.70192e-09	-0.0755836
3.70204e-09	-0.0752038
3.70216e-09	-0.0748239
3.70228e-09	-0.0744441
3.70241e-09	-0.0740642
3.70253e-09	-0.0736844
3.70265e-09	-0.0733045
3.70277e-09	-0.0729247
3.70289e-09	-0.0725448
3.70302e-09	-0.072165
3.70314e-09	-0.0717851
3.70326e-09	-0.0714053
3.70338e-09	-0.0710255
3.70351e-09	-0.0706456
3.70363e-09	-0.0702658
3.70375e-09	-0.069886
3.70387e-09	-0.0695062
3.70399e-09	-0.0691264
3.70412e-09	-0.0687466
3.70424e-09	-0.0683669
3.70436e-09	-0.0679872
3.70448e-09	-0.0676074
3.70461e-09	-0.0672277
3.70473e-09	-0.0668481
3.70485e-09	-0.0664684
3.70497e-09	-0.0660888
3.70509e-09	-0.0657092
3.70522e-09	-0.0653296
3.70534e-09	-0.0649501
3.70546e-09	-0.0645705
3.70558e-09	-0.0641911
3.70571e-09	-0.0638116
3.70583e-09	-0.0634322
3.70595e-09	-0.0630528
3.70607e-09	-0.0626735
3.70619e-09	-0.0622942
3.70632e-09	-0.0619149
3.70644e-09	-0.0615357
3.70656e-09	-0.0611565
3.70668e-09	-0.0607774
3.70681e-09	-0.0603983
3.70693e-09	-0.0600192
3.70705e-09	-0.0596402
3.70717e-09	-0.0592613
3.70729e-09	-0.0588824
3.70742e-09	-0.0585036
3.70754e-09	-0.0581248
3.70766e-09	-0.057746
3.70778e-09	-0.0573674
3.70791e-09	-0.0569888
3.70803e-09	-0.0566102
3.70815e-09	-0.0562317
3.70827e-09	-0.0558533
3.70839e-09	-0.0554749
3.70852e-09	-0.0550966
3.70864e-09	-0.0547184
3.70876e-09	-0.0543402
3.70888e-09	-0.0539621
3.70901e-09	-0.0535841
3.70913e-09	-0.0532061
3.70925e-09	-0.0528282
3.70937e-09	-0.0524504
3.7095e-09	-0.0520727
3.70962e-09	-0.0516951
3.70974e-09	-0.0513175
3.70986e-09	-0.05094
3.70998e-09	-0.0505626
3.71011e-09	-0.0501852
3.71023e-09	-0.049808
3.71035e-09	-0.0494308
3.71047e-09	-0.0490538
3.7106e-09	-0.0486768
3.71072e-09	-0.0482999
3.71084e-09	-0.0479231
3.71096e-09	-0.0475464
3.71108e-09	-0.0471698
3.71121e-09	-0.0467933
3.71133e-09	-0.0464168
3.71145e-09	-0.0460405
3.71157e-09	-0.0456643
3.7117e-09	-0.0452882
3.71182e-09	-0.0449121
3.71194e-09	-0.0445362
3.71206e-09	-0.0441604
3.71218e-09	-0.0437847
3.71231e-09	-0.0434091
3.71243e-09	-0.0430336
3.71255e-09	-0.0426582
3.71267e-09	-0.042283
3.7128e-09	-0.0419078
3.71292e-09	-0.0415328
3.71304e-09	-0.0411578
3.71316e-09	-0.040783
3.71328e-09	-0.0404083
3.71341e-09	-0.0400338
3.71353e-09	-0.0396593
3.71365e-09	-0.039285
3.71377e-09	-0.0389108
3.7139e-09	-0.0385367
3.71402e-09	-0.0381628
3.71414e-09	-0.0377889
3.71426e-09	-0.0374152
3.71438e-09	-0.0370417
3.71451e-09	-0.0366682
3.71463e-09	-0.0362949
3.71475e-09	-0.0359218
3.71487e-09	-0.0355487
3.715e-09	-0.0351758
3.71512e-09	-0.0348031
3.71524e-09	-0.0344305
3.71536e-09	-0.034058
3.71548e-09	-0.0336857
3.71561e-09	-0.0333135
3.71573e-09	-0.0329414
3.71585e-09	-0.0325695
3.71597e-09	-0.0321978
3.7161e-09	-0.0318262
3.71622e-09	-0.0314547
3.71634e-09	-0.0310834
3.71646e-09	-0.0307123
3.71658e-09	-0.0303413
3.71671e-09	-0.0299704
3.71683e-09	-0.0295997
3.71695e-09	-0.0292292
3.71707e-09	-0.0288588
3.7172e-09	-0.0284886
3.71732e-09	-0.0281186
3.71744e-09	-0.0277487
3.71756e-09	-0.027379
3.71768e-09	-0.0270094
3.71781e-09	-0.02664
3.71793e-09	-0.0262708
3.71805e-09	-0.0259018
3.71817e-09	-0.0255329
3.7183e-09	-0.0251642
3.71842e-09	-0.0247956
3.71854e-09	-0.0244273
3.71866e-09	-0.0240591
3.71878e-09	-0.0236911
3.71891e-09	-0.0233233
3.71903e-09	-0.0229556
3.71915e-09	-0.0225881
3.71927e-09	-0.0222208
3.7194e-09	-0.0218537
3.71952e-09	-0.0214868
3.71964e-09	-0.0211201
3.71976e-09	-0.0207535
3.71989e-09	-0.0203872
3.72001e-09	-0.020021
3.72013e-09	-0.019655
3.72025e-09	-0.0192892
3.72037e-09	-0.0189236
3.7205e-09	-0.0185582
3.72062e-09	-0.018193
3.72074e-09	-0.017828
3.72086e-09	-0.0174632
3.72099e-09	-0.0170986
3.72111e-09	-0.0167342
3.72123e-09	-0.01637
3.72135e-09	-0.016006
3.72147e-09	-0.0156422
3.7216e-09	-0.0152786
3.72172e-09	-0.0149152
3.72184e-09	-0.014552
3.72196e-09	-0.014189
3.72209e-09	-0.0138263
3.72221e-09	-0.0134637
3.72233e-09	-0.0131014
3.72245e-09	-0.0127393
3.72257e-09	-0.0123773
3.7227e-09	-0.0120157
3.72282e-09	-0.0116542
3.72294e-09	-0.0112929
3.72306e-09	-0.0109319
3.72319e-09	-0.0105711
3.72331e-09	-0.0102105
3.72343e-09	-0.00985012
3.72355e-09	-0.00948998
3.72367e-09	-0.00913007
3.7238e-09	-0.00877038
3.72392e-09	-0.00841092
3.72404e-09	-0.00805169
3.72416e-09	-0.00769269
3.72429e-09	-0.00733393
3.72441e-09	-0.00697539
3.72453e-09	-0.0066171
3.72465e-09	-0.00625903
3.72477e-09	-0.00590121
3.7249e-09	-0.00554362
3.72502e-09	-0.00518627
3.72514e-09	-0.00482916
3.72526e-09	-0.0044723
3.72539e-09	-0.00411568
3.72551e-09	-0.0037593
3.72563e-09	-0.00340316
3.72575e-09	-0.00304727
3.72587e-09	-0.00269163
3.726e-09	-0.00233624
3.72612e-09	-0.0019811
3.72624e-09	-0.00162621
3.72636e-09	-0.00127157
3.72649e-09	-0.000917186
3.72661e-09	-0.000563056
3.72673e-09	-0.000209181
3.72685e-09	0.000144437
3.72697e-09	0.000497797
3.7271e-09	0.000850898
3.72722e-09	0.00120374
3.72734e-09	0.00155632
3.72746e-09	0.00190864
3.72759e-09	0.00226069
3.72771e-09	0.00261248
3.72783e-09	0.002964
3.72795e-09	0.00331525
3.72807e-09	0.00366624
3.7282e-09	0.00401696
3.72832e-09	0.00436741
3.72844e-09	0.00471758
3.72856e-09	0.00506748
3.72869e-09	0.00541711
3.72881e-09	0.00576646
3.72893e-09	0.00611554
3.72905e-09	0.00646434
3.72918e-09	0.00681286
3.7293e-09	0.00716111
3.72942e-09	0.00750907
3.72954e-09	0.00785675
3.72966e-09	0.00820414
3.72979e-09	0.00855126
3.72991e-09	0.00889808
3.73003e-09	0.00924462
3.73015e-09	0.00959088
3.73028e-09	0.00993684
3.7304e-09	0.0102825
3.73052e-09	0.0106279
3.73064e-09	0.010973
3.73076e-09	0.0113178
3.73089e-09	0.0116623
3.73101e-09	0.0120065
3.73113e-09	0.0123504
3.73125e-09	0.0126941
3.73138e-09	0.0130374
3.7315e-09	0.0133804
3.73162e-09	0.0137231
3.73174e-09	0.0140655
3.73186e-09	0.0144077
3.73199e-09	0.0147495
3.73211e-09	0.015091
3.73223e-09	0.0154322
3.73235e-09	0.0157731
3.73248e-09	0.0161137
3.7326e-09	0.0164539
3.73272e-09	0.0167939
3.73284e-09	0.0171336
3.73296e-09	0.0174729
3.73309e-09	0.0178119
3.73321e-09	0.0181507
3.73333e-09	0.0184891
3.73345e-09	0.0188271
3.73358e-09	0.0191649
3.7337e-09	0.0195024
3.73382e-09	0.0198395
3.73394e-09	0.0201763
3.73406e-09	0.0205128
3.73419e-09	0.020849
3.73431e-09	0.0211848
3.73443e-09	0.0215203
3.73455e-09	0.0218555
3.73468e-09	0.0221904
3.7348e-09	0.0225249
3.73492e-09	0.0228591
3.73504e-09	0.023193
3.73516e-09	0.0235265
3.73529e-09	0.0238598
3.73541e-09	0.0241926
3.73553e-09	0.0245252
3.73565e-09	0.0248574
3.73578e-09	0.0251893
3.7359e-09	0.0255208
3.73602e-09	0.025852
3.73614e-09	0.0261829
3.73626e-09	0.0265134
3.73639e-09	0.0268436
3.73651e-09	0.0271734
3.73663e-09	0.0275029
3.73675e-09	0.0278321
3.73688e-09	0.0281609
3.737e-09	0.0284893
3.73712e-09	0.0288174
3.73724e-09	0.0291452
3.73736e-09	0.0294726
3.73749e-09	0.0297997
3.73761e-09	0.0301264
3.73773e-09	0.0304528
3.73785e-09	0.0307788
3.73798e-09	0.0311044
3.7381e-09	0.0314297
3.73822e-09	0.0317547
3.73834e-09	0.0320793
3.73846e-09	0.0324035
3.73859e-09	0.0327274
3.73871e-09	0.0330509
3.73883e-09	0.033374
3.73895e-09	0.0336968
3.73908e-09	0.0340192
3.7392e-09	0.0343413
3.73932e-09	0.034663
3.73944e-09	0.0349843
3.73957e-09	0.0353053
3.73969e-09	0.0356259
3.73981e-09	0.0359461
3.73993e-09	0.036266
3.74005e-09	0.0365855
3.74018e-09	0.0369046
3.7403e-09	0.0372234
3.74042e-09	0.0375417
3.74054e-09	0.0378597
3.74067e-09	0.0381774
3.74079e-09	0.0384946
3.74091e-09	0.0388115
3.74103e-09	0.039128
3.74115e-09	0.0394441
3.74128e-09	0.0397598
3.7414e-09	0.0400752
3.74152e-09	0.0403902
3.74164e-09	0.0407047
3.74177e-09	0.041019
3.74189e-09	0.0413328
3.74201e-09	0.0416462
3.74213e-09	0.0419593
3.74225e-09	0.0422719
3.74238e-09	0.0425842
3.7425e-09	0.0428961
3.74262e-09	0.0432076
3.74274e-09	0.0435187
3.74287e-09	0.0438294
3.74299e-09	0.0441398
3.74311e-09	0.0444497
3.74323e-09	0.0447592
3.74335e-09	0.0450684
3.74348e-09	0.0453771
3.7436e-09	0.0456855
3.74372e-09	0.0459934
3.74384e-09	0.046301
3.74397e-09	0.0466082
3.74409e-09	0.0469149
3.74421e-09	0.0472213
3.74433e-09	0.0475272
3.74445e-09	0.0478328
3.74458e-09	0.0481379
3.7447e-09	0.0484427
3.74482e-09	0.048747
3.74494e-09	0.0490509
3.74507e-09	0.0493544
3.74519e-09	0.0496576
3.74531e-09	0.0499603
3.74543e-09	0.0502626
3.74555e-09	0.0505645
3.74568e-09	0.0508659
3.7458e-09	0.051167
3.74592e-09	0.0514676
3.74604e-09	0.0517679
3.74617e-09	0.0520677
3.74629e-09	0.0523671
3.74641e-09	0.0526661
3.74653e-09	0.0529647
3.74665e-09	0.0532628
3.74678e-09	0.0535606
3.7469e-09	0.0538579
3.74702e-09	0.0541548
3.74714e-09	0.0544512
3.74727e-09	0.0547473
3.74739e-09	0.0550429
3.74751e-09	0.0553381
3.74763e-09	0.0556329
3.74775e-09	0.0559273
3.74788e-09	0.0562212
3.748e-09	0.0565147
3.74812e-09	0.0568078
3.74824e-09	0.0571004
3.74837e-09	0.0573926
3.74849e-09	0.0576844
3.74861e-09	0.0579758
3.74873e-09	0.0582667
3.74886e-09	0.0585572
3.74898e-09	0.0588473
3.7491e-09	0.0591369
3.74922e-09	0.0594261
3.74934e-09	0.0597148
3.74947e-09	0.0600032
3.74959e-09	0.060291
3.74971e-09	0.0605785
3.74983e-09	0.0608655
3.74996e-09	0.061152
3.75008e-09	0.0614382
3.7502e-09	0.0617239
3.75032e-09	0.0620091
3.75044e-09	0.0622939
3.75057e-09	0.0625782
3.75069e-09	0.0628622
3.75081e-09	0.0631456
3.75093e-09	0.0634286
3.75106e-09	0.0637112
3.75118e-09	0.0639933
3.7513e-09	0.064275
3.75142e-09	0.0645563
3.75154e-09	0.064837
3.75167e-09	0.0651174
3.75179e-09	0.0653973
3.75191e-09	0.0656767
3.75203e-09	0.0659557
3.75216e-09	0.0662342
3.75228e-09	0.0665123
3.7524e-09	0.0667899
3.75252e-09	0.0670671
3.75264e-09	0.0673438
3.75277e-09	0.06762
3.75289e-09	0.0678958
3.75301e-09	0.0681711
3.75313e-09	0.068446
3.75326e-09	0.0687204
3.75338e-09	0.0689944
3.7535e-09	0.0692679
3.75362e-09	0.0695409
3.75374e-09	0.0698135
3.75387e-09	0.0700856
3.75399e-09	0.0703573
3.75411e-09	0.0706284
3.75423e-09	0.0708992
3.75436e-09	0.0711694
3.75448e-09	0.0714392
3.7546e-09	0.0717085
3.75472e-09	0.0719774
3.75484e-09	0.0722458
3.75497e-09	0.0725137
3.75509e-09	0.0727811
3.75521e-09	0.0730481
3.75533e-09	0.0733146
3.75546e-09	0.0735806
3.75558e-09	0.0738462
3.7557e-09	0.0741113
3.75582e-09	0.0743759
3.75594e-09	0.0746401
3.75607e-09	0.0749037
3.75619e-09	0.0751669
3.75631e-09	0.0754296
3.75643e-09	0.0756919
3.75656e-09	0.0759536
3.75668e-09	0.0762149
3.7568e-09	0.0764757
3.75692e-09	0.076736
3.75704e-09	0.0769959
3.75717e-09	0.0772552
3.75729e-09	0.0775141
3.75741e-09	0.0777725
3.75753e-09	0.0780304
3.75766e-09	0.0782879
3.75778e-09	0.0785448
3.7579e-09	0.0788013
3.75802e-09	0.0790573
3.75814e-09	0.0793128
3.75827e-09	0.0795678
3.75839e-09	0.0798223
3.75851e-09	0.0800764
3.75863e-09	0.0803299
3.75876e-09	0.080583
3.75888e-09	0.0808355
3.759e-09	0.0810876
3.75912e-09	0.0813392
3.75925e-09	0.0815903
3.75937e-09	0.0818409
3.75949e-09	0.082091
3.75961e-09	0.0823407
3.75973e-09	0.0825898
3.75986e-09	0.0828384
3.75998e-09	0.0830866
3.7601e-09	0.0833342
3.76022e-09	0.0835814
3.76035e-09	0.083828
3.76047e-09	0.0840742
3.76059e-09	0.0843198
3.76071e-09	0.084565
3.76083e-09	0.0848097
3.76096e-09	0.0850538
3.76108e-09	0.0852975
3.7612e-09	0.0855407
3.76132e-09	0.0857833
3.76145e-09	0.0860255
3.76157e-09	0.0862671
3.76169e-09	0.0865083
3.76181e-09	0.086749
3.76193e-09	0.0869891
3.76206e-09	0.0872288
3.76218e-09	0.0874679
3.7623e-09	0.0877066
3.76242e-09	0.0879447
3.76255e-09	0.0881823
3.76267e-09	0.0884194
3.76279e-09	0.0886561
3.76291e-09	0.0888922
3.76303e-09	0.0891278
3.76316e-09	0.0893629
3.76328e-09	0.0895974
3.7634e-09	0.0898315
3.76352e-09	0.0900651
3.76365e-09	0.0902981
3.76377e-09	0.0905307
3.76389e-09	0.0907627
3.76401e-09	0.0909942
3.76413e-09	0.0912252
3.76426e-09	0.0914557
3.76438e-09	0.0916857
3.7645e-09	0.0919152
3.76462e-09	0.0921441
3.76475e-09	0.0923725
3.76487e-09	0.0926004
3.76499e-09	0.0928278
3.76511e-09	0.0930547
3.76523e-09	0.0932811
3.76536e-09	0.093507
3.76548e-09	0.0937323
3.7656e-09	0.0939571
3.76572e-09	0.0941814
3.76585e-09	0.0944052
3.76597e-09	0.0946284
3.76609e-09	0.0948512
3.76621e-09	0.0950734
3.76633e-09	0.0952951
3.76646e-09	0.0955162
3.76658e-09	0.0957369
3.7667e-09	0.095957
3.76682e-09	0.0961766
3.76695e-09	0.0963957
3.76707e-09	0.0966143
3.76719e-09	0.0968323
3.76731e-09	0.0970498
3.76743e-09	0.0972668
3.76756e-09	0.0974833
3.76768e-09	0.0976992
3.7678e-09	0.0979146
3.76792e-09	0.0981295
3.76805e-09	0.0983438
3.76817e-09	0.0985576
3.76829e-09	0.0987709
3.76841e-09	0.0989837
3.76853e-09	0.0991959
3.76866e-09	0.0994076
3.76878e-09	0.0996188
3.7689e-09	0.0998295
3.76902e-09	0.10004
3.76915e-09	0.100249
3.76927e-09	0.100458
3.76939e-09	0.100667
3.76951e-09	0.100875
3.76964e-09	0.101082
3.76976e-09	0.101289
3.76988e-09	0.101496
3.77e-09	0.101701
3.77012e-09	0.101907
3.77025e-09	0.102111
3.77037e-09	0.102316
3.77049e-09	0.102519
3.77061e-09	0.102723
3.77074e-09	0.102925
3.77086e-09	0.103127
3.77098e-09	0.103329
3.7711e-09	0.10353
3.77122e-09	0.103731
3.77135e-09	0.10393
3.77147e-09	0.10413
3.77159e-09	0.104329
3.77171e-09	0.104527
3.77184e-09	0.104725
3.77196e-09	0.104922
3.77208e-09	0.105119
3.7722e-09	0.105315
3.77232e-09	0.105511
3.77245e-09	0.105706
3.77257e-09	0.1059
3.77269e-09	0.106094
3.77281e-09	0.106288
3.77294e-09	0.106481
3.77306e-09	0.106673
3.77318e-09	0.106865
3.7733e-09	0.107056
3.77342e-09	0.107247
3.77355e-09	0.107437
3.77367e-09	0.107627
3.77379e-09	0.107816
3.77391e-09	0.108005
3.77404e-09	0.108193
3.77416e-09	0.10838
3.77428e-09	0.108567
3.7744e-09	0.108754
3.77452e-09	0.10894
3.77465e-09	0.109125
3.77477e-09	0.10931
3.77489e-09	0.109494
3.77501e-09	0.109678
3.77514e-09	0.109861
3.77526e-09	0.110043
3.77538e-09	0.110225
3.7755e-09	0.110407
3.77562e-09	0.110588
3.77575e-09	0.110768
3.77587e-09	0.110948
3.77599e-09	0.111127
3.77611e-09	0.111306
3.77624e-09	0.111484
3.77636e-09	0.111662
3.77648e-09	0.111839
3.7766e-09	0.112015
3.77672e-09	0.112191
3.77685e-09	0.112367
3.77697e-09	0.112542
3.77709e-09	0.112716
3.77721e-09	0.11289
3.77734e-09	0.113063
3.77746e-09	0.113236
3.77758e-09	0.113408
3.7777e-09	0.113579
3.77782e-09	0.11375
3.77795e-09	0.113921
3.77807e-09	0.114091
3.77819e-09	0.11426
3.77831e-09	0.114429
3.77844e-09	0.114597
3.77856e-09	0.114765
3.77868e-09	0.114932
3.7788e-09	0.115098
3.77893e-09	0.115264
3.77905e-09	0.11543
3.77917e-09	0.115595
3.77929e-09	0.115759
3.77941e-09	0.115923
3.77954e-09	0.116086
3.77966e-09	0.116249
3.77978e-09	0.116411
3.7799e-09	0.116572
3.78003e-09	0.116733
3.78015e-09	0.116894
3.78027e-09	0.117054
3.78039e-09	0.117213
3.78051e-09	0.117372
3.78064e-09	0.11753
3.78076e-09	0.117688
3.78088e-09	0.117845
3.781e-09	0.118001
3.78113e-09	0.118157
3.78125e-09	0.118313
3.78137e-09	0.118468
3.78149e-09	0.118622
3.78161e-09	0.118776
3.78174e-09	0.118929
3.78186e-09	0.119081
3.78198e-09	0.119234
3.7821e-09	0.119385
3.78223e-09	0.119536
3.78235e-09	0.119686
3.78247e-09	0.119836
3.78259e-09	0.119985
3.78271e-09	0.120134
3.78284e-09	0.120282
3.78296e-09	0.12043
3.78308e-09	0.120577
3.7832e-09	0.120723
3.78333e-09	0.120869
3.78345e-09	0.121015
3.78357e-09	0.121159
3.78369e-09	0.121304
3.78381e-09	0.121447
3.78394e-09	0.12159
3.78406e-09	0.121733
3.78418e-09	0.121875
3.7843e-09	0.122016
3.78443e-09	0.122157
3.78455e-09	0.122297
3.78467e-09	0.122437
3.78479e-09	0.122576
3.78491e-09	0.122715
3.78504e-09	0.122853
3.78516e-09	0.12299
3.78528e-09	0.123127
3.7854e-09	0.123263
3.78553e-09	0.123399
3.78565e-09	0.123534
3.78577e-09	0.123669
3.78589e-09	0.123803
3.78601e-09	0.123936
3.78614e-09	0.124069
3.78626e-09	0.124202
3.78638e-09	0.124334
3.7865e-09	0.124465
3.78663e-09	0.124596
3.78675e-09	0.124726
3.78687e-09	0.124855
3.78699e-09	0.124984
3.78711e-09	0.125113
3.78724e-09	0.125241
3.78736e-09	0.125368
3.78748e-09	0.125495
3.7876e-09	0.125621
3.78773e-09	0.125746
3.78785e-09	0.125871
3.78797e-09	0.125996
3.78809e-09	0.12612
3.78821e-09	0.126243
3.78834e-09	0.126366
3.78846e-09	0.126488
3.78858e-09	0.12661
3.7887e-09	0.126731
3.78883e-09	0.126851
3.78895e-09	0.126971
3.78907e-09	0.127091
3.78919e-09	0.127209
3.78932e-09	0.127328
3.78944e-09	0.127445
3.78956e-09	0.127563
3.78968e-09	0.127679
3.7898e-09	0.127795
3.78993e-09	0.12791
3.79005e-09	0.128025
3.79017e-09	0.12814
3.79029e-09	0.128253
3.79042e-09	0.128367
3.79054e-09	0.128479
3.79066e-09	0.128591
3.79078e-09	0.128703
3.7909e-09	0.128814
3.79103e-09	0.128924
3.79115e-09	0.129034
3.79127e-09	0.129143
3.79139e-09	0.129252
3.79152e-09	0.12936
3.79164e-09	0.129467
3.79176e-09	0.129574
3.79188e-09	0.12968
3.792e-09	0.129786
3.79213e-09	0.129891
3.79225e-09	0.129996
3.79237e-09	0.1301
3.79249e-09	0.130204
3.79262e-09	0.130307
3.79274e-09	0.130409
3.79286e-09	0.130511
3.79298e-09	0.130612
3.7931e-09	0.130713
3.79323e-09	0.130813
3.79335e-09	0.130913
3.79347e-09	0.131012
3.79359e-09	0.13111
3.79372e-09	0.131208
3.79384e-09	0.131306
3.79396e-09	0.131402
3.79408e-09	0.131499
3.7942e-09	0.131594
3.79433e-09	0.131689
3.79445e-09	0.131784
3.79457e-09	0.131878
3.79469e-09	0.131971
3.79482e-09	0.132064
3.79494e-09	0.132156
3.79506e-09	0.132248
3.79518e-09	0.132339
3.7953e-09	0.13243
3.79543e-09	0.13252
3.79555e-09	0.132609
3.79567e-09	0.132698
3.79579e-09	0.132786
3.79592e-09	0.132874
3.79604e-09	0.132961
3.79616e-09	0.133048
3.79628e-09	0.133134
3.7964e-09	0.13322
3.79653e-09	0.133304
3.79665e-09	0.133389
3.79677e-09	0.133473
3.79689e-09	0.133556
3.79702e-09	0.133639
3.79714e-09	0.133721
3.79726e-09	0.133802
3.79738e-09	0.133883
3.7975e-09	0.133964
3.79763e-09	0.134044
3.79775e-09	0.134123
3.79787e-09	0.134202
3.79799e-09	0.13428
3.79812e-09	0.134357
3.79824e-09	0.134435
3.79836e-09	0.134511
3.79848e-09	0.134587
3.79861e-09	0.134662
3.79873e-09	0.134737
3.79885e-09	0.134812
3.79897e-09	0.134885
3.79909e-09	0.134958
3.79922e-09	0.135031
3.79934e-09	0.135103
3.79946e-09	0.135174
3.79958e-09	0.135245
3.79971e-09	0.135316
3.79983e-09	0.135385
3.79995e-09	0.135455
3.80007e-09	0.135523
3.80019e-09	0.135592
3.80032e-09	0.135659
3.80044e-09	0.135726
3.80056e-09	0.135793
3.80068e-09	0.135858
3.80081e-09	0.135924
3.80093e-09	0.135988
3.80105e-09	0.136053
3.80117e-09	0.136116
3.80129e-09	0.136179
3.80142e-09	0.136242
3.80154e-09	0.136304
3.80166e-09	0.136365
3.80178e-09	0.136426
3.80191e-09	0.136487
3.80203e-09	0.136546
3.80215e-09	0.136606
3.80227e-09	0.136664
3.80239e-09	0.136722
3.80252e-09	0.13678
3.80264e-09	0.136837
3.80276e-09	0.136893
3.80288e-09	0.136949
3.80301e-09	0.137004
3.80313e-09	0.137059
3.80325e-09	0.137113
3.80337e-09	0.137167
3.80349e-09	0.13722
3.80362e-09	0.137273
3.80374e-09	0.137325
3.80386e-09	0.137376
3.80398e-09	0.137427
3.80411e-09	0.137477
3.80423e-09	0.137527
3.80435e-09	0.137576
3.80447e-09	0.137625
3.80459e-09	0.137673
3.80472e-09	0.137721
3.80484e-09	0.137768
3.80496e-09	0.137814
3.80508e-09	0.13786
3.80521e-09	0.137906
3.80533e-09	0.13795
3.80545e-09	0.137995
3.80557e-09	0.138038
3.80569e-09	0.138082
3.80582e-09	0.138124
3.80594e-09	0.138166
3.80606e-09	0.138208
3.80618e-09	0.138249
3.80631e-09	0.138289
3.80643e-09	0.138329
3.80655e-09	0.138368
3.80667e-09	0.138407
3.80679e-09	0.138445
3.80692e-09	0.138483
3.80704e-09	0.13852
3.80716e-09	0.138557
3.80728e-09	0.138593
3.80741e-09	0.138629
3.80753e-09	0.138664
3.80765e-09	0.138698
3.80777e-09	0.138732
3.80789e-09	0.138765
3.80802e-09	0.138798
3.80814e-09	0.13883
3.80826e-09	0.138862
3.80838e-09	0.138893
3.80851e-09	0.138924
3.80863e-09	0.138954
3.80875e-09	0.138983
3.80887e-09	0.139012
3.809e-09	0.139041
3.80912e-09	0.139069
3.80924e-09	0.139096
3.80936e-09	0.139123
3.80948e-09	0.139149
3.80961e-09	0.139175
3.80973e-09	0.1392
3.80985e-09	0.139225
3.80997e-09	0.139249
3.8101e-09	0.139273
3.81022e-09	0.139296
3.81034e-09	0.139318
3.81046e-09	0.13934
3.81058e-09	0.139362
3.81071e-09	0.139383
3.81083e-09	0.139403
3.81095e-09	0.139423
3.81107e-09	0.139442
3.8112e-09	0.139461
3.81132e-09	0.139479
3.81144e-09	0.139497
3.81156e-09	0.139514
3.81168e-09	0.139531
3.81181e-09	0.139547
3.81193e-09	0.139562
3.81205e-09	0.139577
3.81217e-09	0.139592
3.8123e-09	0.139606
3.81242e-09	0.139619
3.81254e-09	0.139632
3.81266e-09	0.139644
3.81278e-09	0.139656
3.81291e-09	0.139668
3.81303e-09	0.139678
3.81315e-09	0.139689
3.81327e-09	0.139698
3.8134e-09	0.139708
3.81352e-09	0.139716
3.81364e-09	0.139724
3.81376e-09	0.139732
3.81388e-09	0.139739
3.81401e-09	0.139746
3.81413e-09	0.139752
3.81425e-09	0.139757
3.81437e-09	0.139762
3.8145e-09	0.139766
3.81462e-09	0.13977
3.81474e-09	0.139774
3.81486e-09	0.139777
3.81498e-09	0.139779
3.81511e-09	0.139781
3.81523e-09	0.139782
3.81535e-09	0.139783
3.81547e-09	0.139783
3.8156e-09	0.139783
3.81572e-09	0.139782
3.81584e-09	0.139781
3.81596e-09	0.139779
3.81608e-09	0.139777
3.81621e-09	0.139774
3.81633e-09	0.13977
3.81645e-09	0.139766
3.81657e-09	0.139762
3.8167e-09	0.139757
3.81682e-09	0.139752
3.81694e-09	0.139746
3.81706e-09	0.139739
3.81718e-09	0.139732
3.81731e-09	0.139725
3.81743e-09	0.139717
3.81755e-09	0.139708
3.81767e-09	0.139699
3.8178e-09	0.139689
3.81792e-09	0.139679
3.81804e-09	0.139669
3.81816e-09	0.139657
3.81829e-09	0.139646
3.81841e-09	0.139634
3.81853e-09	0.139621
3.81865e-09	0.139608
3.81877e-09	0.139594
3.8189e-09	0.13958
3.81902e-09	0.139565
3.81914e-09	0.13955
3.81926e-09	0.139534
3.81939e-09	0.139518
3.81951e-09	0.139501
3.81963e-09	0.139484
3.81975e-09	0.139466
3.81987e-09	0.139448
3.82e-09	0.139429
3.82012e-09	0.13941
3.82024e-09	0.13939
3.82036e-09	0.13937
3.82049e-09	0.139349
3.82061e-09	0.139328
3.82073e-09	0.139306
3.82085e-09	0.139284
3.82097e-09	0.139261
3.8211e-09	0.139237
3.82122e-09	0.139214
3.82134e-09	0.139189
3.82146e-09	0.139165
3.82159e-09	0.139139
3.82171e-09	0.139113
3.82183e-09	0.139087
3.82195e-09	0.13906
3.82207e-09	0.139033
3.8222e-09	0.139005
3.82232e-09	0.138977
3.82244e-09	0.138948
3.82256e-09	0.138919
3.82269e-09	0.138889
3.82281e-09	0.138859
3.82293e-09	0.138828
3.82305e-09	0.138797
3.82317e-09	0.138765
3.8233e-09	0.138733
3.82342e-09	0.1387
3.82354e-09	0.138667
3.82366e-09	0.138633
3.82379e-09	0.138599
3.82391e-09	0.138564
3.82403e-09	0.138529
3.82415e-09	0.138493
3.82427e-09	0.138457
3.8244e-09	0.13842
3.82452e-09	0.138383
3.82464e-09	0.138345
3.82476e-09	0.138307
3.82489e-09	0.138268
3.82501e-09	0.138229
3.82513e-09	0.13819
3.82525e-09	0.13815
3.82537e-09	0.138109
3.8255e-09	0.138068
3.82562e-09	0.138026
3.82574e-09	0.137984
3.82586e-09	0.137942
3.82599e-09	0.137899
3.82611e-09	0.137855
3.82623e-09	0.137812
3.82635e-09	0.137767
3.82647e-09	0.137722
3.8266e-09	0.137677
3.82672e-09	0.137631
3.82684e-09	0.137585
3.82696e-09	0.137538
3.82709e-09	0.13749
3.82721e-09	0.137443
3.82733e-09	0.137394
3.82745e-09	0.137346
3.82757e-09	0.137297
3.8277e-09	0.137247
3.82782e-09	0.137197
3.82794e-09	0.137146
3.82806e-09	0.137095
3.82819e-09	0.137043
3.82831e-09	0.136991
3.82843e-09	0.136939
3.82855e-09	0.136886
3.82868e-09	0.136833
3.8288e-09	0.136779
3.82892e-09	0.136724
3.82904e-09	0.136669
3.82916e-09	0.136614
3.82929e-09	0.136558
3.82941e-09	0.136502
3.82953e-09	0.136445
3.82965e-09	0.136388
3.82978e-09	0.13633
3.8299e-09	0.136272
3.83002e-09	0.136214
3.83014e-09	0.136155
3.83026e-09	0.136095
3.83039e-09	0.136035
3.83051e-09	0.135975
3.83063e-09	0.135914
3.83075e-09	0.135853
3.83088e-09	0.135791
3.831e-09	0.135729
3.83112e-09	0.135666
3.83124e-09	0.135603
3.83136e-09	0.135539
3.83149e-09	0.135475
3.83161e-09	0.135411
3.83173e-09	0.135346
3.83185e-09	0.13528
3.83198e-09	0.135214
3.8321e-09	0.135148
3.83222e-09	0.135081
3.83234e-09	0.135014
3.83246e-09	0.134946
3.83259e-09	0.134878
3.83271e-09	0.134809
3.83283e-09	0.13474
3.83295e-09	0.134671
3.83308e-09	0.134601
3.8332e-09	0.13453
3.83332e-09	0.13446
3.83344e-09	0.134388
3.83356e-09	0.134317
3.83369e-09	0.134244
3.83381e-09	0.134172
3.83393e-09	0.134099
3.83405e-09	0.134025
3.83418e-09	0.133951
3.8343e-09	0.133877
3.83442e-09	0.133802
3.83454e-09	0.133727
3.83466e-09	0.133651
3.83479e-09	0.133575
3.83491e-09	0.133498
3.83503e-09	0.133421
3.83515e-09	0.133344
3.83528e-09	0.133266
3.8354e-09	0.133188
3.83552e-09	0.133109
3.83564e-09	0.13303
3.83576e-09	0.13295
3.83589e-09	0.13287
3.83601e-09	0.132789
3.83613e-09	0.132708
3.83625e-09	0.132627
3.83638e-09	0.132545
3.8365e-09	0.132463
3.83662e-09	0.13238
3.83674e-09	0.132297
3.83686e-09	0.132214
3.83699e-09	0.13213
3.83711e-09	0.132045
3.83723e-09	0.13196
3.83735e-09	0.131875
3.83748e-09	0.13179
3.8376e-09	0.131704
3.83772e-09	0.131617
3.83784e-09	0.13153
3.83797e-09	0.131443
3.83809e-09	0.131355
3.83821e-09	0.131267
3.83833e-09	0.131178
3.83845e-09	0.131089
3.83858e-09	0.131
3.8387e-09	0.13091
3.83882e-09	0.13082
3.83894e-09	0.130729
3.83907e-09	0.130638
3.83919e-09	0.130546
3.83931e-09	0.130454
3.83943e-09	0.130362
3.83955e-09	0.130269
3.83968e-09	0.130176
3.8398e-09	0.130082
3.83992e-09	0.129988
3.84004e-09	0.129894
3.84017e-09	0.129799
3.84029e-09	0.129704
3.84041e-09	0.129608
3.84053e-09	0.129512
3.84065e-09	0.129416
3.84078e-09	0.129319
3.8409e-09	0.129221
3.84102e-09	0.129124
3.84114e-09	0.129026
3.84127e-09	0.128927
3.84139e-09	0.128828
3.84151e-09	0.128729
3.84163e-09	0.128629
3.84175e-09	0.128529
3.84188e-09	0.128429
3.842e-09	0.128328
3.84212e-09	0.128226
3.84224e-09	0.128125
3.84237e-09	0.128023
3.84249e-09	0.12792
3.84261e-09	0.127817
3.84273e-09	0.127714
3.84285e-09	0.12761
3.84298e-09	0.127506
3.8431e-09	0.127402
3.84322e-09	0.127297
3.84334e-09	0.127192
3.84347e-09	0.127086
3.84359e-09	0.12698
3.84371e-09	0.126874
3.84383e-09	0.126767
3.84395e-09	0.12666
3.84408e-09	0.126552
3.8442e-09	0.126444
3.84432e-09	0.126336
3.84444e-09	0.126227
3.84457e-09	0.126118
3.84469e-09	0.126008
3.84481e-09	0.125898
3.84493e-09	0.125788
3.84505e-09	0.125677
3.84518e-09	0.125566
3.8453e-09	0.125455
3.84542e-09	0.125343
3.84554e-09	0.125231
3.84567e-09	0.125118
3.84579e-09	0.125005
3.84591e-09	0.124892
3.84603e-09	0.124778
3.84615e-09	0.124664
3.84628e-09	0.12455
3.8464e-09	0.124435
3.84652e-09	0.12432
3.84664e-09	0.124204
3.84677e-09	0.124088
3.84689e-09	0.123972
3.84701e-09	0.123855
3.84713e-09	0.123738
3.84725e-09	0.123621
3.84738e-09	0.123503
3.8475e-09	0.123385
3.84762e-09	0.123267
3.84774e-09	0.123148
3.84787e-09	0.123028
3.84799e-09	0.122909
3.84811e-09	0.122789
3.84823e-09	0.122669
3.84836e-09	0.122548
3.84848e-09	0.122427
3.8486e-09	0.122305
3.84872e-09	0.122184
3.84884e-09	0.122061
3.84897e-09	0.121939
3.84909e-09	0.121816
3.84921e-09	0.121693
3.84933e-09	0.121569
3.84946e-09	0.121445
3.84958e-09	0.121321
3.8497e-09	0.121196
3.84982e-09	0.121072
3.84994e-09	0.120946
3.85007e-09	0.12082
3.85019e-09	0.120694
3.85031e-09	0.120568
3.85043e-09	0.120441
3.85056e-09	0.120314
3.85068e-09	0.120187
3.8508e-09	0.120059
3.85092e-09	0.119931
3.85104e-09	0.119802
3.85117e-09	0.119674
3.85129e-09	0.119545
3.85141e-09	0.119415
3.85153e-09	0.119285
3.85166e-09	0.119155
3.85178e-09	0.119024
3.8519e-09	0.118894
3.85202e-09	0.118762
3.85214e-09	0.118631
3.85227e-09	0.118499
3.85239e-09	0.118367
3.85251e-09	0.118234
3.85263e-09	0.118101
3.85276e-09	0.117968
3.85288e-09	0.117835
3.853e-09	0.117701
3.85312e-09	0.117566
3.85324e-09	0.117432
3.85337e-09	0.117297
3.85349e-09	0.117162
3.85361e-09	0.117026
3.85373e-09	0.11689
3.85386e-09	0.116754
3.85398e-09	0.116618
3.8541e-09	0.116481
3.85422e-09	0.116344
3.85434e-09	0.116206
3.85447e-09	0.116068
3.85459e-09	0.11593
3.85471e-09	0.115792
3.85483e-09	0.115653
3.85496e-09	0.115514
3.85508e-09	0.115374
3.8552e-09	0.115235
3.85532e-09	0.115095
3.85544e-09	0.114954
3.85557e-09	0.114814
3.85569e-09	0.114673
3.85581e-09	0.114531
3.85593e-09	0.11439
3.85606e-09	0.114248
3.85618e-09	0.114105
3.8563e-09	0.113963
3.85642e-09	0.11382
3.85654e-09	0.113677
3.85667e-09	0.113533
3.85679e-09	0.113389
3.85691e-09	0.113245
3.85703e-09	0.113101
3.85716e-09	0.112956
3.85728e-09	0.112811
3.8574e-09	0.112666
3.85752e-09	0.11252
3.85765e-09	0.112374
3.85777e-09	0.112228
3.85789e-09	0.112081
3.85801e-09	0.111934
3.85813e-09	0.111787
3.85826e-09	0.11164
3.85838e-09	0.111492
3.8585e-09	0.111344
3.85862e-09	0.111196
3.85875e-09	0.111047
3.85887e-09	0.110898
3.85899e-09	0.110749
3.85911e-09	0.110599
3.85923e-09	0.11045
3.85936e-09	0.110299
3.85948e-09	0.110149
3.8596e-09	0.109998
3.85972e-09	0.109847
3.85985e-09	0.109696
3.85997e-09	0.109544
3.86009e-09	0.109393
3.86021e-09	0.109241
3.86033e-09	0.109088
3.86046e-09	0.108935
3.86058e-09	0.108782
3.8607e-09	0.108629
3.86082e-09	0.108476
3.86095e-09	0.108322
3.86107e-09	0.108168
3.86119e-09	0.108013
3.86131e-09	0.107859
3.86143e-09	0.107704
3.86156e-09	0.107548
3.86168e-09	0.107393
3.8618e-09	0.107237
3.86192e-09	0.107081
3.86205e-09	0.106925
3.86217e-09	0.106768
3.86229e-09	0.106611
3.86241e-09	0.106454
3.86253e-09	0.106297
3.86266e-09	0.106139
3.86278e-09	0.105981
3.8629e-09	0.105823
3.86302e-09	0.105664
3.86315e-09	0.105506
3.86327e-09	0.105347
3.86339e-09	0.105187
3.86351e-09	0.105028
3.86363e-09	0.104868
3.86376e-09	0.104708
3.86388e-09	0.104548
3.864e-09	0.104387
3.86412e-09	0.104226
3.86425e-09	0.104065
3.86437e-09	0.103904
3.86449e-09	0.103742
3.86461e-09	0.10358
3.86473e-09	0.103418
3.86486e-09	0.103256
3.86498e-09	0.103093
3.8651e-09	0.10293
3.86522e-09	0.102767
3.86535e-09	0.102604
3.86547e-09	0.10244
3.86559e-09	0.102276
3.86571e-09	0.102112
3.86583e-09	0.101948
3.86596e-09	0.101783
3.86608e-09	0.101618
3.8662e-09	0.101453
3.86632e-09	0.101287
3.86645e-09	0.101122
3.86657e-09	0.100956
3.86669e-09	0.10079
3.86681e-09	0.100623
3.86693e-09	0.100457
3.86706e-09	0.10029
3.86718e-09	0.100123
3.8673e-09	0.0999557
3.86742e-09	0.0997881
3.86755e-09	0.0996203
3.86767e-09	0.0994523
3.86779e-09	0.099284
3.86791e-09	0.0991155
3.86804e-09	0.0989468
3.86816e-09	0.0987778
3.86828e-09	0.0986087
3.8684e-09	0.0984392
3.86852e-09	0.0982696
3.86865e-09	0.0980997
3.86877e-09	0.0979296
3.86889e-09	0.0977592
3.86901e-09	0.0975887
3.86914e-09	0.0974179
3.86926e-09	0.0972469
3.86938e-09	0.0970756
3.8695e-09	0.0969042
3.86962e-09	0.0967325
3.86975e-09	0.0965606
3.86987e-09	0.0963885
3.86999e-09	0.0962161
3.87011e-09	0.0960435
3.87024e-09	0.0958708
3.87036e-09	0.0956978
3.87048e-09	0.0955245
3.8706e-09	0.0953511
3.87072e-09	0.0951774
3.87085e-09	0.0950036
3.87097e-09	0.0948295
3.87109e-09	0.0946552
3.87121e-09	0.0944807
3.87134e-09	0.094306
3.87146e-09	0.0941311
3.87158e-09	0.093956
3.8717e-09	0.0937806
3.87182e-09	0.0936051
3.87195e-09	0.0934293
3.87207e-09	0.0932534
3.87219e-09	0.0930772
3.87231e-09	0.0929008
3.87244e-09	0.0927243
3.87256e-09	0.0925475
3.87268e-09	0.0923705
3.8728e-09	0.0921934
3.87292e-09	0.092016
3.87305e-09	0.0918384
3.87317e-09	0.0916606
3.87329e-09	0.0914827
3.87341e-09	0.0913045
3.87354e-09	0.0911261
3.87366e-09	0.0909476
3.87378e-09	0.0907688
3.8739e-09	0.0905899
3.87402e-09	0.0904108
3.87415e-09	0.0902314
3.87427e-09	0.0900519
3.87439e-09	0.0898722
3.87451e-09	0.0896923
3.87464e-09	0.0895122
3.87476e-09	0.089332
3.87488e-09	0.0891515
3.875e-09	0.0889709
3.87512e-09	0.08879
3.87525e-09	0.088609
3.87537e-09	0.0884278
3.87549e-09	0.0882464
3.87561e-09	0.0880649
3.87574e-09	0.0878832
3.87586e-09	0.0877012
3.87598e-09	0.0875191
3.8761e-09	0.0873369
3.87622e-09	0.0871544
3.87635e-09	0.0869718
3.87647e-09	0.086789
3.87659e-09	0.086606
3.87671e-09	0.0864229
3.87684e-09	0.0862395
3.87696e-09	0.086056
3.87708e-09	0.0858724
3.8772e-09	0.0856885
3.87733e-09	0.0855045
3.87745e-09	0.0853204
3.87757e-09	0.085136
3.87769e-09	0.0849515
3.87781e-09	0.0847668
3.87794e-09	0.084582
3.87806e-09	0.084397
3.87818e-09	0.0842118
3.8783e-09	0.0840265
3.87843e-09	0.083841
3.87855e-09	0.0836553
3.87867e-09	0.0834695
3.87879e-09	0.0832835
3.87891e-09	0.0830974
3.87904e-09	0.0829111
3.87916e-09	0.0827247
3.87928e-09	0.082538
3.8794e-09	0.0823513
3.87953e-09	0.0821644
3.87965e-09	0.0819773
3.87977e-09	0.0817901
3.87989e-09	0.0816027
3.88001e-09	0.0814152
3.88014e-09	0.0812275
3.88026e-09	0.0810397
3.88038e-09	0.0808517
3.8805e-09	0.0806636
3.88063e-09	0.0804753
3.88075e-09	0.0802869
3.88087e-09	0.0800984
3.88099e-09	0.0799097
3.88111e-09	0.0797208
3.88124e-09	0.0795318
3.88136e-09	0.0793427
3.88148e-09	0.0791534
3.8816e-09	0.078964
3.88173e-09	0.0787745
3.88185e-09	0.0785848
3.88197e-09	0.078395
3.88209e-09	0.078205
3.88221e-09	0.0780149
3.88234e-09	0.0778247
3.88246e-09	0.0776343
3.88258e-09	0.0774438
3.8827e-09	0.0772532
3.88283e-09	0.0770624
3.88295e-09	0.0768715
3.88307e-09	0.0766805
3.88319e-09	0.0764893
3.88331e-09	0.076298
3.88344e-09	0.0761066
3.88356e-09	0.0759151
3.88368e-09	0.0757234
3.8838e-09	0.0755316
3.88393e-09	0.0753397
3.88405e-09	0.0751477
3.88417e-09	0.0749555
3.88429e-09	0.0747632
3.88441e-09	0.0745708
3.88454e-09	0.0743783
3.88466e-09	0.0741857
3.88478e-09	0.0739929
3.8849e-09	0.0738
3.88503e-09	0.073607
3.88515e-09	0.0734139
3.88527e-09	0.0732207
3.88539e-09	0.0730274
3.88551e-09	0.0728339
3.88564e-09	0.0726404
3.88576e-09	0.0724467
3.88588e-09	0.0722529
3.886e-09	0.072059
3.88613e-09	0.071865
3.88625e-09	0.0716709
3.88637e-09	0.0714767
3.88649e-09	0.0712823
3.88661e-09	0.0710879
3.88674e-09	0.0708934
3.88686e-09	0.0706987
3.88698e-09	0.070504
3.8871e-09	0.0703091
3.88723e-09	0.0701142
3.88735e-09	0.0699191
3.88747e-09	0.069724
3.88759e-09	0.0695287
3.88772e-09	0.0693334
3.88784e-09	0.0691379
3.88796e-09	0.0689424
3.88808e-09	0.0687467
3.8882e-09	0.068551
3.88833e-09	0.0683552
3.88845e-09	0.0681592
3.88857e-09	0.0679632
3.88869e-09	0.0677671
3.88882e-09	0.0675709
3.88894e-09	0.0673746
3.88906e-09	0.0671783
3.88918e-09	0.0669818
3.8893e-09	0.0667852
3.88943e-09	0.0665886
3.88955e-09	0.0663919
3.88967e-09	0.0661951
3.88979e-09	0.0659982
3.88992e-09	0.0658012
3.89004e-09	0.0656041
3.89016e-09	0.065407
3.89028e-09	0.0652098
3.8904e-09	0.0650125
3.89053e-09	0.0648151
3.89065e-09	0.0646176
3.89077e-09	0.0644201
3.89089e-09	0.0642224
3.89102e-09	0.0640248
3.89114e-09	0.063827
3.89126e-09	0.0636291
3.89138e-09	0.0634312
3.8915e-09	0.0632332
3.89163e-09	0.0630352
3.89175e-09	0.062837
3.89187e-09	0.0626388
3.89199e-09	0.0624406
3.89212e-09	0.0622422
3.89224e-09	0.0620438
3.89236e-09	0.0618453
3.89248e-09	0.0616468
3.8926e-09	0.0614482
3.89273e-09	0.0612495
3.89285e-09	0.0610508
3.89297e-09	0.060852
3.89309e-09	0.0606531
3.89322e-09	0.0604542
3.89334e-09	0.0602552
3.89346e-09	0.0600561
3.89358e-09	0.059857
3.8937e-09	0.0596579
3.89383e-09	0.0594587
3.89395e-09	0.0592594
3.89407e-09	0.05906
3.89419e-09	0.0588607
3.89432e-09	0.0586612
3.89444e-09	0.0584617
3.89456e-09	0.0582622
3.89468e-09	0.0580626
3.8948e-09	0.0578629
3.89493e-09	0.0576632
3.89505e-09	0.0574635
3.89517e-09	0.0572637
3.89529e-09	0.0570638
3.89542e-09	0.0568639
3.89554e-09	0.056664
3.89566e-09	0.056464
3.89578e-09	0.056264
3.8959e-09	0.0560639
3.89603e-09	0.0558638
3.89615e-09	0.0556636
3.89627e-09	0.0554634
3.89639e-09	0.0552632
3.89652e-09	0.0550629
3.89664e-09	0.0548626
3.89676e-09	0.0546622
3.89688e-09	0.0544619
3.89701e-09	0.0542614
3.89713e-09	0.054061
3.89725e-09	0.0538605
3.89737e-09	0.0536599
3.89749e-09	0.0534594
3.89762e-09	0.0532588
3.89774e-09	0.0530581
3.89786e-09	0.0528575
3.89798e-09	0.0526568
3.89811e-09	0.052456
3.89823e-09	0.0522553
3.89835e-09	0.0520545
3.89847e-09	0.0518537
3.89859e-09	0.0516529
3.89872e-09	0.051452
3.89884e-09	0.0512511
3.89896e-09	0.0510502
3.89908e-09	0.0508493
3.89921e-09	0.0506484
3.89933e-09	0.0504474
3.89945e-09	0.0502464
3.89957e-09	0.0500454
3.89969e-09	0.0498443
3.89982e-09	0.0496433
3.89994e-09	0.0494422
3.90006e-09	0.0492411
3.90018e-09	0.04904
3.90031e-09	0.0488389
3.90043e-09	0.0486378
3.90055e-09	0.0484366
3.90067e-09	0.0482355
3.90079e-09	0.0480343
3.90092e-09	0.0478331
3.90104e-09	0.0476319
3.90116e-09	0.0474307
3.90128e-09	0.0472295
3.90141e-09	0.0470283
3.90153e-09	0.0468271
3.90165e-09	0.0466259
3.90177e-09	0.0464246
3.90189e-09	0.0462234
3.90202e-09	0.0460221
3.90214e-09	0.0458209
3.90226e-09	0.0456196
3.90238e-09	0.0454184
3.90251e-09	0.0452171
3.90263e-09	0.0450159
3.90275e-09	0.0448146
3.90287e-09	0.0446134
3.90299e-09	0.0444121
3.90312e-09	0.0442109
3.90324e-09	0.0440096
3.90336e-09	0.0438084
3.90348e-09	0.0436071
3.90361e-09	0.0434059
3.90373e-09	0.0432047
3.90385e-09	0.0430035
3.90397e-09	0.0428022
3.90409e-09	0.042601
3.90422e-09	0.0423999
3.90434e-09	0.0421987
3.90446e-09	0.0419975
3.90458e-09	0.0417963
3.90471e-09	0.0415952
3.90483e-09	0.0413941
3.90495e-09	0.0411929
3.90507e-09	0.0409918
3.90519e-09	0.0407908
3.90532e-09	0.0405897
3.90544e-09	0.0403886
3.90556e-09	0.0401876
3.90568e-09	0.0399866
3.90581e-09	0.0397856
3.90593e-09	0.0395846
3.90605e-09	0.0393836
3.90617e-09	0.0391827
3.90629e-09	0.0389818
3.90642e-09	0.0387809
3.90654e-09	0.03858
3.90666e-09	0.0383792
3.90678e-09	0.0381784
3.90691e-09	0.0379776
3.90703e-09	0.0377768
3.90715e-09	0.0375761
3.90727e-09	0.0373754
3.9074e-09	0.0371747
3.90752e-09	0.0369741
3.90764e-09	0.0367734
3.90776e-09	0.0365729
3.90788e-09	0.0363723
3.90801e-09	0.0361718
3.90813e-09	0.0359713
3.90825e-09	0.0357708
3.90837e-09	0.0355704
3.9085e-09	0.03537
3.90862e-09	0.0351697
3.90874e-09	0.0349694
3.90886e-09	0.0347691
3.90898e-09	0.0345689
3.90911e-09	0.0343687
3.90923e-09	0.0341685
3.90935e-09	0.0339684
3.90947e-09	0.0337684
3.9096e-09	0.0335683
3.90972e-09	0.0333684
3.90984e-09	0.0331684
3.90996e-09	0.0329685
3.91008e-09	0.0327687
3.91021e-09	0.0325689
3.91033e-09	0.0323691
3.91045e-09	0.0321694
3.91057e-09	0.0319697
3.9107e-09	0.0317701
3.91082e-09	0.0315706
3.91094e-09	0.0313711
3.91106e-09	0.0311716
3.91118e-09	0.0309722
3.91131e-09	0.0307728
3.91143e-09	0.0305735
3.91155e-09	0.0303743
3.91167e-09	0.0301751
3.9118e-09	0.029976
3.91192e-09	0.0297769
3.91204e-09	0.0295778
3.91216e-09	0.0293789
3.91228e-09	0.02918
3.91241e-09	0.0289811
3.91253e-09	0.0287823
3.91265e-09	0.0285836
3.91277e-09	0.0283849
3.9129e-09	0.0281863
3.91302e-09	0.0279878
3.91314e-09	0.0277893
3.91326e-09	0.0275909
3.91338e-09	0.0273925
3.91351e-09	0.0271942
3.91363e-09	0.026996
3.91375e-09	0.0267979
3.91387e-09	0.0265998
3.914e-09	0.0264018
3.91412e-09	0.0262038
3.91424e-09	0.0260059
3.91436e-09	0.0258081
3.91448e-09	0.0256104
3.91461e-09	0.0254127
3.91473e-09	0.0252151
3.91485e-09	0.0250176
3.91497e-09	0.0248202
3.9151e-09	0.0246228
3.91522e-09	0.0244255
3.91534e-09	0.0242283
3.91546e-09	0.0240311
3.91558e-09	0.023834
3.91571e-09	0.0236371
3.91583e-09	0.0234401
3.91595e-09	0.0232433
3.91607e-09	0.0230466
3.9162e-09	0.0228499
3.91632e-09	0.0226533
3.91644e-09	0.0224568
3.91656e-09	0.0222604
3.91668e-09	0.022064
3.91681e-09	0.0218678
3.91693e-09	0.0216716
3.91705e-09	0.0214755
3.91717e-09	0.0212795
3.9173e-09	0.0210836
3.91742e-09	0.0208878
3.91754e-09	0.020692
3.91766e-09	0.0204964
3.91779e-09	0.0203008
3.91791e-09	0.0201054
3.91803e-09	0.01991
3.91815e-09	0.0197147
3.91827e-09	0.0195195
3.9184e-09	0.0193244
3.91852e-09	0.0191294
3.91864e-09	0.0189345
3.91876e-09	0.0187397
3.91889e-09	0.0185449
3.91901e-09	0.0183503
3.91913e-09	0.0181558
3.91925e-09	0.0179613
3.91937e-09	0.017767
3.9195e-09	0.0175728
3.91962e-09	0.0173786
3.91974e-09	0.0171846
3.91986e-09	0.0169907
3.91999e-09	0.0167968
3.92011e-09	0.0166031
3.92023e-09	0.0164095
3.92035e-09	0.0162159
3.92047e-09	0.0160225
3.9206e-09	0.0158292
3.92072e-09	0.015636
3.92084e-09	0.0154429
3.92096e-09	0.0152499
3.92109e-09	0.015057
3.92121e-09	0.0148642
3.92133e-09	0.0146716
3.92145e-09	0.014479
3.92157e-09	0.0142865
3.9217e-09	0.0140942
3.92182e-09	0.013902
3.92194e-09	0.0137098
3.92206e-09	0.0135178
3.92219e-09	0.0133259
3.92231e-09	0.0131342
3.92243e-09	0.0129425
3.92255e-09	0.0127509
3.92267e-09	0.0125595
3.9228e-09	0.0123682
3.92292e-09	0.012177
3.92304e-09	0.0119859
3.92316e-09	0.0117949
3.92329e-09	0.0116041
3.92341e-09	0.0114134
3.92353e-09	0.0112228
3.92365e-09	0.0110323
3.92377e-09	0.0108419
3.9239e-09	0.0106517
3.92402e-09	0.0104616
3.92414e-09	0.0102716
3.92426e-09	0.0100817
3.92439e-09	0.00989194
3.92451e-09	0.00970232
3.92463e-09	0.00951282
3.92475e-09	0.00932345
3.92487e-09	0.00913421
3.925e-09	0.00894509
3.92512e-09	0.00875611
3.92524e-09	0.00856725
3.92536e-09	0.00837852
3.92549e-09	0.00818992
3.92561e-09	0.00800146
3.92573e-09	0.00781312
3.92585e-09	0.00762492
3.92597e-09	0.00743684
3.9261e-09	0.00724891
3.92622e-09	0.0070611
3.92634e-09	0.00687343
3.92646e-09	0.0066859
3.92659e-09	0.0064985
3.92671e-09	0.00631124
3.92683e-09	0.00612411
3.92695e-09	0.00593712
3.92708e-09	0.00575027
3.9272e-09	0.00556356
3.92732e-09	0.00537699
3.92744e-09	0.00519055
3.92756e-09	0.00500426
3.92769e-09	0.00481811
3.92781e-09	0.0046321
3.92793e-09	0.00444623
3.92805e-09	0.00426051
3.92818e-09	0.00407493
3.9283e-09	0.00388949
3.92842e-09	0.00370419
3.92854e-09	0.00351905
3.92866e-09	0.00333405
3.92879e-09	0.00314919
3.92891e-09	0.00296448
3.92903e-09	0.00277992
3.92915e-09	0.00259551
3.92928e-09	0.00241124
3.9294e-09	0.00222713
3.92952e-09	0.00204316
3.92964e-09	0.00185935
3.92976e-09	0.00167568
3.92989e-09	0.00149217
3.93001e-09	0.00130881
3.93013e-09	0.0011256
3.93025e-09	0.000942549
3.93038e-09	0.000759649
3.9305e-09	0.000576903
3.93062e-09	0.000394312
3.93074e-09	0.000211876
3.93086e-09	2.95972e-05
3.93099e-09	-0.000152525
3.93111e-09	-0.000334491
3.93123e-09	-0.000516298
3.93135e-09	-0.000697947
3.93148e-09	-0.000879437
3.9316e-09	-0.00106077
3.93172e-09	-0.00124194
3.93184e-09	-0.00142295
3.93196e-09	-0.0016038
3.93209e-09	-0.00178448
3.93221e-09	-0.00196501
3.93233e-09	-0.00214537
3.93245e-09	-0.00232557
3.93258e-09	-0.0025056
3.9327e-09	-0.00268547
3.93282e-09	-0.00286518
3.93294e-09	-0.00304472
3.93306e-09	-0.00322409
3.93319e-09	-0.0034033
3.93331e-09	-0.00358234
3.93343e-09	-0.00376121
3.93355e-09	-0.00393991
3.93368e-09	-0.00411845
3.9338e-09	-0.00429681
3.93392e-09	-0.00447501
3.93404e-09	-0.00465303
3.93416e-09	-0.00483088
3.93429e-09	-0.00500857
3.93441e-09	-0.00518607
3.93453e-09	-0.00536341
3.93465e-09	-0.00554058
3.93478e-09	-0.00571757
3.9349e-09	-0.00589438
3.93502e-09	-0.00607102
3.93514e-09	-0.00624749
3.93526e-09	-0.00642378
3.93539e-09	-0.00659989
3.93551e-09	-0.00677583
3.93563e-09	-0.00695159
3.93575e-09	-0.00712717
3.93588e-09	-0.00730257
3.936e-09	-0.0074778
3.93612e-09	-0.00765284
3.93624e-09	-0.00782771
3.93636e-09	-0.00800239
3.93649e-09	-0.00817689
3.93661e-09	-0.00835122
3.93673e-09	-0.00852536
3.93685e-09	-0.00869931
3.93698e-09	-0.00887309
3.9371e-09	-0.00904668
3.93722e-09	-0.00922008
3.93734e-09	-0.00939331
3.93747e-09	-0.00956634
3.93759e-09	-0.00973919
3.93771e-09	-0.00991186
3.93783e-09	-0.0100843
3.93795e-09	-0.0102566
3.93808e-09	-0.0104287
3.9382e-09	-0.0106006
3.93832e-09	-0.0107724
3.93844e-09	-0.0109439
3.93857e-09	-0.0111153
3.93869e-09	-0.0112864
3.93881e-09	-0.0114574
3.93893e-09	-0.0116282
3.93905e-09	-0.0117987
3.93918e-09	-0.0119691
3.9393e-09	-0.0121393
3.93942e-09	-0.0123093
3.93954e-09	-0.0124792
3.93967e-09	-0.0126488
3.93979e-09	-0.0128182
3.93991e-09	-0.0129874
3.94003e-09	-0.0131565
3.94015e-09	-0.0133253
3.94028e-09	-0.0134939
3.9404e-09	-0.0136624
3.94052e-09	-0.0138306
3.94064e-09	-0.0139987
3.94077e-09	-0.0141665
3.94089e-09	-0.0143342
3.94101e-09	-0.0145016
3.94113e-09	-0.0146689
3.94125e-09	-0.0148359
3.94138e-09	-0.0150028
3.9415e-09	-0.0151694
3.94162e-09	-0.0153359
3.94174e-09	-0.0155021
3.94187e-09	-0.0156682
3.94199e-09	-0.015834
3.94211e-09	-0.0159997
3.94223e-09	-0.0161651
3.94235e-09	-0.0163303
3.94248e-09	-0.0164954
3.9426e-09	-0.0166602
3.94272e-09	-0.0168248
3.94284e-09	-0.0169892
3.94297e-09	-0.0171534
3.94309e-09	-0.0173174
3.94321e-09	-0.0174812
3.94333e-09	-0.0176448
3.94345e-09	-0.0178081
3.94358e-09	-0.0179713
3.9437e-09	-0.0181342
3.94382e-09	-0.018297
3.94394e-09	-0.0184595
3.94407e-09	-0.0186218
3.94419e-09	-0.0187839
3.94431e-09	-0.0189458
3.94443e-09	-0.0191075
3.94455e-09	-0.019269
3.94468e-09	-0.0194303
3.9448e-09	-0.0195913
3.94492e-09	-0.0197521
3.94504e-09	-0.0199128
3.94517e-09	-0.0200732
3.94529e-09	-0.0202333
3.94541e-09	-0.0203933
3.94553e-09	-0.0205531
3.94565e-09	-0.0207126
3.94578e-09	-0.0208719
3.9459e-09	-0.021031
3.94602e-09	-0.0211899
3.94614e-09	-0.0213486
3.94627e-09	-0.0215071
3.94639e-09	-0.0216653
3.94651e-09	-0.0218233
3.94663e-09	-0.0219811
3.94676e-09	-0.0221387
3.94688e-09	-0.022296
3.947e-09	-0.0224532
3.94712e-09	-0.0226101
3.94724e-09	-0.0227668
3.94737e-09	-0.0229232
3.94749e-09	-0.0230795
3.94761e-09	-0.0232355
3.94773e-09	-0.0233913
3.94786e-09	-0.0235469
3.94798e-09	-0.0237022
3.9481e-09	-0.0238573
3.94822e-09	-0.0240122
3.94834e-09	-0.0241669
3.94847e-09	-0.0243214
3.94859e-09	-0.0244756
3.94871e-09	-0.0246296
3.94883e-09	-0.0247833
3.94896e-09	-0.0249369
3.94908e-09	-0.0250902
3.9492e-09	-0.0252433
3.94932e-09	-0.0253961
3.94944e-09	-0.0255488
3.94957e-09	-0.0257012
3.94969e-09	-0.0258533
3.94981e-09	-0.0260053
3.94993e-09	-0.026157
3.95006e-09	-0.0263085
3.95018e-09	-0.0264597
3.9503e-09	-0.0266107
3.95042e-09	-0.0267615
3.95054e-09	-0.026912
3.95067e-09	-0.0270624
3.95079e-09	-0.0272124
3.95091e-09	-0.0273623
3.95103e-09	-0.0275119
3.95116e-09	-0.0276613
3.95128e-09	-0.0278104
3.9514e-09	-0.0279593
3.95152e-09	-0.028108
3.95164e-09	-0.0282564
3.95177e-09	-0.0284047
3.95189e-09	-0.0285526
3.95201e-09	-0.0287003
3.95213e-09	-0.0288478
3.95226e-09	-0.0289951
3.95238e-09	-0.0291421
3.9525e-09	-0.0292889
3.95262e-09	-0.0294354
3.95274e-09	-0.0295817
3.95287e-09	-0.0297278
3.95299e-09	-0.0298736
3.95311e-09	-0.0300192
3.95323e-09	-0.0301645
3.95336e-09	-0.0303096
3.95348e-09	-0.0304545
3.9536e-09	-0.0305991
3.95372e-09	-0.0307435
3.95384e-09	-0.0308876
3.95397e-09	-0.0310315
3.95409e-09	-0.0311751
3.95421e-09	-0.0313185
3.95433e-09	-0.0314617
3.95446e-09	-0.0316046
3.95458e-09	-0.0317473
3.9547e-09	-0.0318897
3.95482e-09	-0.0320319
3.95494e-09	-0.0321738
3.95507e-09	-0.0323155
3.95519e-09	-0.032457
3.95531e-09	-0.0325982
3.95543e-09	-0.0327391
3.95556e-09	-0.0328798
3.95568e-09	-0.0330203
3.9558e-09	-0.0331605
3.95592e-09	-0.0333005
3.95604e-09	-0.0334402
3.95617e-09	-0.0335796
3.95629e-09	-0.0337189
3.95641e-09	-0.0338578
3.95653e-09	-0.0339965
3.95666e-09	-0.034135
3.95678e-09	-0.0342732
3.9569e-09	-0.0344112
3.95702e-09	-0.0345489
3.95715e-09	-0.0346864
3.95727e-09	-0.0348236
3.95739e-09	-0.0349606
3.95751e-09	-0.0350973
3.95763e-09	-0.0352337
3.95776e-09	-0.0353699
3.95788e-09	-0.0355059
3.958e-09	-0.0356416
3.95812e-09	-0.035777
3.95825e-09	-0.0359122
3.95837e-09	-0.0360472
3.95849e-09	-0.0361818
3.95861e-09	-0.0363163
3.95873e-09	-0.0364504
3.95886e-09	-0.0365844
3.95898e-09	-0.036718
3.9591e-09	-0.0368514
3.95922e-09	-0.0369846
3.95935e-09	-0.0371175
3.95947e-09	-0.0372501
3.95959e-09	-0.0373825
3.95971e-09	-0.0375146
3.95983e-09	-0.0376465
3.95996e-09	-0.0377781
3.96008e-09	-0.0379094
3.9602e-09	-0.0380405
3.96032e-09	-0.0381714
3.96045e-09	-0.0383019
3.96057e-09	-0.0384323
3.96069e-09	-0.0385623
3.96081e-09	-0.0386921
3.96093e-09	-0.0388216
3.96106e-09	-0.0389509
3.96118e-09	-0.0390799
3.9613e-09	-0.0392087
3.96142e-09	-0.0393372
3.96155e-09	-0.0394654
3.96167e-09	-0.0395934
3.96179e-09	-0.0397211
3.96191e-09	-0.0398485
3.96203e-09	-0.0399757
3.96216e-09	-0.0401026
3.96228e-09	-0.0402293
3.9624e-09	-0.0403557
3.96252e-09	-0.0404818
3.96265e-09	-0.0406076
3.96277e-09	-0.0407332
3.96289e-09	-0.0408586
3.96301e-09	-0.0409837
3.96313e-09	-0.0411085
3.96326e-09	-0.041233
3.96338e-09	-0.0413573
3.9635e-09	-0.0414813
3.96362e-09	-0.041605
3.96375e-09	-0.0417285
3.96387e-09	-0.0418517
3.96399e-09	-0.0419747
3.96411e-09	-0.0420973
3.96423e-09	-0.0422198
3.96436e-09	-0.0423419
3.96448e-09	-0.0424638
3.9646e-09	-0.0425854
3.96472e-09	-0.0427067
3.96485e-09	-0.0428278
3.96497e-09	-0.0429486
3.96509e-09	-0.0430691
3.96521e-09	-0.0431894
3.96533e-09	-0.0433094
3.96546e-09	-0.0434291
3.96558e-09	-0.0435486
3.9657e-09	-0.0436678
3.96582e-09	-0.0437867
3.96595e-09	-0.0439054
3.96607e-09	-0.0440237
3.96619e-09	-0.0441418
3.96631e-09	-0.0442597
3.96644e-09	-0.0443772
3.96656e-09	-0.0444945
3.96668e-09	-0.0446116
3.9668e-09	-0.0447283
3.96692e-09	-0.0448448
3.96705e-09	-0.044961
3.96717e-09	-0.0450769
3.96729e-09	-0.0451926
3.96741e-09	-0.045308
3.96754e-09	-0.0454231
3.96766e-09	-0.0455379
3.96778e-09	-0.0456525
3.9679e-09	-0.0457668
3.96802e-09	-0.0458808
3.96815e-09	-0.0459946
3.96827e-09	-0.0461081
3.96839e-09	-0.0462213
3.96851e-09	-0.0463342
3.96864e-09	-0.0464468
3.96876e-09	-0.0465592
3.96888e-09	-0.0466713
3.969e-09	-0.0467831
3.96912e-09	-0.0468947
3.96925e-09	-0.047006
3.96937e-09	-0.047117
3.96949e-09	-0.0472277
3.96961e-09	-0.0473381
3.96974e-09	-0.0474483
3.96986e-09	-0.0475582
3.96998e-09	-0.0476678
3.9701e-09	-0.0477771
3.97022e-09	-0.0478862
3.97035e-09	-0.047995
3.97047e-09	-0.0481035
3.97059e-09	-0.0482117
3.97071e-09	-0.0483197
3.97084e-09	-0.0484273
3.97096e-09	-0.0485347
3.97108e-09	-0.0486418
3.9712e-09	-0.0487487
3.97132e-09	-0.0488552
3.97145e-09	-0.0489615
3.97157e-09	-0.0490675
3.97169e-09	-0.0491732
3.97181e-09	-0.0492787
3.97194e-09	-0.0493839
3.97206e-09	-0.0494887
3.97218e-09	-0.0495933
3.9723e-09	-0.0496977
3.97242e-09	-0.0498017
3.97255e-09	-0.0499055
3.97267e-09	-0.0500089
3.97279e-09	-0.0501121
3.97291e-09	-0.0502151
3.97304e-09	-0.0503177
3.97316e-09	-0.0504201
3.97328e-09	-0.0505221
3.9734e-09	-0.0506239
3.97352e-09	-0.0507255
3.97365e-09	-0.0508267
3.97377e-09	-0.0509276
3.97389e-09	-0.0510283
3.97401e-09	-0.0511287
3.97414e-09	-0.0512288
3.97426e-09	-0.0513286
3.97438e-09	-0.0514282
3.9745e-09	-0.0515274
3.97462e-09	-0.0516264
3.97475e-09	-0.0517251
3.97487e-09	-0.0518235
3.97499e-09	-0.0519216
3.97511e-09	-0.0520195
3.97524e-09	-0.052117
3.97536e-09	-0.0522143
3.97548e-09	-0.0523113
3.9756e-09	-0.052408
3.97572e-09	-0.0525044
3.97585e-09	-0.0526005
3.97597e-09	-0.0526964
3.97609e-09	-0.052792
3.97621e-09	-0.0528873
3.97634e-09	-0.0529823
3.97646e-09	-0.053077
3.97658e-09	-0.0531714
3.9767e-09	-0.0532656
3.97683e-09	-0.0533594
3.97695e-09	-0.053453
3.97707e-09	-0.0535463
3.97719e-09	-0.0536393
3.97731e-09	-0.053732
3.97744e-09	-0.0538245
3.97756e-09	-0.0539166
3.97768e-09	-0.0540085
3.9778e-09	-0.0541001
3.97793e-09	-0.0541913
3.97805e-09	-0.0542824
3.97817e-09	-0.0543731
3.97829e-09	-0.0544635
3.97841e-09	-0.0545537
3.97854e-09	-0.0546435
3.97866e-09	-0.0547331
3.97878e-09	-0.0548224
3.9789e-09	-0.0549114
3.97903e-09	-0.0550001
3.97915e-09	-0.0550885
3.97927e-09	-0.0551767
3.97939e-09	-0.0552645
3.97951e-09	-0.0553521
3.97964e-09	-0.0554394
3.97976e-09	-0.0555264
3.97988e-09	-0.0556131
3.98e-09	-0.0556995
3.98013e-09	-0.0557856
3.98025e-09	-0.0558715
3.98037e-09	-0.055957
3.98049e-09	-0.0560423
3.98061e-09	-0.0561273
3.98074e-09	-0.056212
3.98086e-09	-0.0562964
3.98098e-09	-0.0563805
3.9811e-09	-0.0564643
3.98123e-09	-0.0565479
3.98135e-09	-0.0566311
3.98147e-09	-0.0567141
3.98159e-09	-0.0567967
3.98171e-09	-0.0568791
3.98184e-09	-0.0569612
3.98196e-09	-0.057043
3.98208e-09	-0.0571246
3.9822e-09	-0.0572058
3.98233e-09	-0.0572867
3.98245e-09	-0.0573674
3.98257e-09	-0.0574478
3.98269e-09	-0.0575278
3.98281e-09	-0.0576076
3.98294e-09	-0.0576871
3.98306e-09	-0.0577663
3.98318e-09	-0.0578452
3.9833e-09	-0.0579239
3.98343e-09	-0.0580022
3.98355e-09	-0.0580803
3.98367e-09	-0.058158
3.98379e-09	-0.0582355
3.98391e-09	-0.0583127
3.98404e-09	-0.0583896
3.98416e-09	-0.0584662
3.98428e-09	-0.0585425
3.9844e-09	-0.0586185
3.98453e-09	-0.0586943
3.98465e-09	-0.0587697
3.98477e-09	-0.0588449
3.98489e-09	-0.0589198
3.98501e-09	-0.0589943
3.98514e-09	-0.0590686
3.98526e-09	-0.0591426
3.98538e-09	-0.0592163
3.9855e-09	-0.0592898
3.98563e-09	-0.0593629
3.98575e-09	-0.0594357
3.98587e-09	-0.0595083
3.98599e-09	-0.0595805
3.98612e-09	-0.0596525
3.98624e-09	-0.0597242
3.98636e-09	-0.0597956
3.98648e-09	-0.0598667
3.9866e-09	-0.0599375
3.98673e-09	-0.060008
3.98685e-09	-0.0600783
3.98697e-09	-0.0601482
3.98709e-09	-0.0602178
3.98722e-09	-0.0602872
3.98734e-09	-0.0603563
3.98746e-09	-0.0604251
3.98758e-09	-0.0604935
3.9877e-09	-0.0605617
3.98783e-09	-0.0606297
3.98795e-09	-0.0606973
3.98807e-09	-0.0607646
3.98819e-09	-0.0608316
3.98832e-09	-0.0608984
3.98844e-09	-0.0609649
3.98856e-09	-0.061031
3.98868e-09	-0.0610969
3.9888e-09	-0.0611625
3.98893e-09	-0.0612278
3.98905e-09	-0.0612928
3.98917e-09	-0.0613575
3.98929e-09	-0.0614219
3.98942e-09	-0.0614861
3.98954e-09	-0.0615499
3.98966e-09	-0.0616135
3.98978e-09	-0.0616768
3.9899e-09	-0.0617397
3.99003e-09	-0.0618024
3.99015e-09	-0.0618648
3.99027e-09	-0.0619269
3.99039e-09	-0.0619888
3.99052e-09	-0.0620503
3.99064e-09	-0.0621115
3.99076e-09	-0.0621725
3.99088e-09	-0.0622331
3.991e-09	-0.0622935
3.99113e-09	-0.0623536
3.99125e-09	-0.0624134
3.99137e-09	-0.0624729
3.99149e-09	-0.0625321
3.99162e-09	-0.062591
3.99174e-09	-0.0626496
3.99186e-09	-0.062708
3.99198e-09	-0.062766
3.9921e-09	-0.0628238
3.99223e-09	-0.0628813
3.99235e-09	-0.0629384
3.99247e-09	-0.0629953
3.99259e-09	-0.0630519
3.99272e-09	-0.0631083
3.99284e-09	-0.0631643
3.99296e-09	-0.06322
3.99308e-09	-0.0632755
3.9932e-09	-0.0633306
3.99333e-09	-0.0633855
3.99345e-09	-0.0634401
3.99357e-09	-0.0634944
3.99369e-09	-0.0635484
3.99382e-09	-0.0636021
3.99394e-09	-0.0636555
3.99406e-09	-0.0637086
3.99418e-09	-0.0637615
3.9943e-09	-0.063814
3.99443e-09	-0.0638663
3.99455e-09	-0.0639183
3.99467e-09	-0.06397
3.99479e-09	-0.0640214
3.99492e-09	-0.0640725
3.99504e-09	-0.0641233
3.99516e-09	-0.0641738
3.99528e-09	-0.0642241
3.9954e-09	-0.0642741
3.99553e-09	-0.0643237
3.99565e-09	-0.0643731
3.99577e-09	-0.0644222
3.99589e-09	-0.064471
3.99602e-09	-0.0645195
3.99614e-09	-0.0645678
3.99626e-09	-0.0646157
3.99638e-09	-0.0646634
3.99651e-09	-0.0647107
3.99663e-09	-0.0647578
3.99675e-09	-0.0648046
3.99687e-09	-0.0648511
3.99699e-09	-0.0648973
3.99712e-09	-0.0649433
3.99724e-09	-0.0649889
3.99736e-09	-0.0650343
3.99748e-09	-0.0650793
3.99761e-09	-0.0651241
3.99773e-09	-0.0651686
3.99785e-09	-0.0652128
3.99797e-09	-0.0652568
3.99809e-09	-0.0653004
3.99822e-09	-0.0653438
3.99834e-09	-0.0653868
3.99846e-09	-0.0654296
3.99858e-09	-0.0654721
3.99871e-09	-0.0655143
3.99883e-09	-0.0655562
3.99895e-09	-0.0655978
3.99907e-09	-0.0656392
3.99919e-09	-0.0656803
3.99932e-09	-0.065721
3.99944e-09	-0.0657615
3.99956e-09	-0.0658017
3.99968e-09	-0.0658417
3.99981e-09	-0.0658813
3.99993e-09	-0.0659206
4.00005e-09	-0.0659597
4.00017e-09	-0.0659985
4.00029e-09	-0.066037
4.00042e-09	-0.0660752
4.00054e-09	-0.0661131
4.00066e-09	-0.0661508
4.00078e-09	-0.0661881
4.00091e-09	-0.0662252
4.00103e-09	-0.066262
4.00115e-09	-0.0662985
4.00127e-09	-0.0663347
4.00139e-09	-0.0663706
4.00152e-09	-0.0664063
4.00164e-09	-0.0664417
4.00176e-09	-0.0664767
4.00188e-09	-0.0665116
4.00201e-09	-0.0665461
4.00213e-09	-0.0665803
4.00225e-09	-0.0666143
4.00237e-09	-0.0666479
4.00249e-09	-0.0666813
4.00262e-09	-0.0667144
4.00274e-09	-0.0667472
4.00286e-09	-0.0667798
4.00298e-09	-0.066812
4.00311e-09	-0.066844
4.00323e-09	-0.0668757
4.00335e-09	-0.0669071
4.00347e-09	-0.0669383
4.00359e-09	-0.0669691
4.00372e-09	-0.0669997
4.00384e-09	-0.06703
4.00396e-09	-0.06706
4.00408e-09	-0.0670897
4.00421e-09	-0.0671191
4.00433e-09	-0.0671483
4.00445e-09	-0.0671772
4.00457e-09	-0.0672058
4.00469e-09	-0.0672341
4.00482e-09	-0.0672621
4.00494e-09	-0.0672899
4.00506e-09	-0.0673174
4.00518e-09	-0.0673446
4.00531e-09	-0.0673715
4.00543e-09	-0.0673981
4.00555e-09	-0.0674245
4.00567e-09	-0.0674506
4.0058e-09	-0.0674764
4.00592e-09	-0.0675019
4.00604e-09	-0.0675272
4.00616e-09	-0.0675521
4.00628e-09	-0.0675768
4.00641e-09	-0.0676012
4.00653e-09	-0.0676254
4.00665e-09	-0.0676492
4.00677e-09	-0.0676728
4.0069e-09	-0.0676961
4.00702e-09	-0.0677191
4.00714e-09	-0.0677419
4.00726e-09	-0.0677643
4.00738e-09	-0.0677865
4.00751e-09	-0.0678084
4.00763e-09	-0.0678301
4.00775e-09	-0.0678514
4.00787e-09	-0.0678725
4.008e-09	-0.0678933
4.00812e-09	-0.0679139
4.00824e-09	-0.0679341
4.00836e-09	-0.0679541
4.00848e-09	-0.0679738
4.00861e-09	-0.0679932
4.00873e-09	-0.0680124
4.00885e-09	-0.0680313
4.00897e-09	-0.0680499
4.0091e-09	-0.0680682
4.00922e-09	-0.0680863
4.00934e-09	-0.0681041
4.00946e-09	-0.0681216
4.00958e-09	-0.0681388
4.00971e-09	-0.0681558
4.00983e-09	-0.0681725
4.00995e-09	-0.0681889
4.01007e-09	-0.068205
4.0102e-09	-0.0682209
4.01032e-09	-0.0682365
4.01044e-09	-0.0682518
4.01056e-09	-0.0682668
4.01068e-09	-0.0682816
4.01081e-09	-0.0682961
4.01093e-09	-0.0683104
4.01105e-09	-0.0683243
4.01117e-09	-0.068338
4.0113e-09	-0.0683514
4.01142e-09	-0.0683646
4.01154e-09	-0.0683775
4.01166e-09	-0.0683901
4.01178e-09	-0.0684024
4.01191e-09	-0.0684145
4.01203e-09	-0.0684263
4.01215e-09	-0.0684378
4.01227e-09	-0.068449
4.0124e-09	-0.06846
4.01252e-09	-0.0684707
4.01264e-09	-0.0684812
4.01276e-09	-0.0684914
4.01288e-09	-0.0685013
4.01301e-09	-0.0685109
4.01313e-09	-0.0685203
4.01325e-09	-0.0685294
4.01337e-09	-0.0685382
4.0135e-09	-0.0685468
4.01362e-09	-0.0685551
4.01374e-09	-0.0685632
4.01386e-09	-0.0685709
4.01398e-09	-0.0685784
4.01411e-09	-0.0685857
4.01423e-09	-0.0685926
4.01435e-09	-0.0685993
4.01447e-09	-0.0686058
4.0146e-09	-0.0686119
4.01472e-09	-0.0686178
4.01484e-09	-0.0686235
4.01496e-09	-0.0686289
4.01508e-09	-0.068634
4.01521e-09	-0.0686388
4.01533e-09	-0.0686434
4.01545e-09	-0.0686477
4.01557e-09	-0.0686518
4.0157e-09	-0.0686556
4.01582e-09	-0.0686591
4.01594e-09	-0.0686623
4.01606e-09	-0.0686653
4.01619e-09	-0.0686681
4.01631e-09	-0.0686705
4.01643e-09	-0.0686728
4.01655e-09	-0.0686747
4.01667e-09	-0.0686764
4.0168e-09	-0.0686778
4.01692e-09	-0.068679
4.01704e-09	-0.0686799
4.01716e-09	-0.0686805
4.01729e-09	-0.0686809
4.01741e-09	-0.068681
4.01753e-09	-0.0686809
4.01765e-09	-0.0686805
4.01777e-09	-0.0686798
4.0179e-09	-0.0686789
4.01802e-09	-0.0686777
4.01814e-09	-0.0686763
4.01826e-09	-0.0686746
4.01839e-09	-0.0686726
4.01851e-09	-0.0686704
4.01863e-09	-0.0686679
4.01875e-09	-0.0686652
4.01887e-09	-0.0686622
4.019e-09	-0.068659
4.01912e-09	-0.0686555
4.01924e-09	-0.0686517
4.01936e-09	-0.0686477
4.01949e-09	-0.0686434
4.01961e-09	-0.0686389
4.01973e-09	-0.0686341
4.01985e-09	-0.0686291
4.01997e-09	-0.0686238
4.0201e-09	-0.0686182
4.02022e-09	-0.0686124
4.02034e-09	-0.0686064
4.02046e-09	-0.0686
4.02059e-09	-0.0685935
4.02071e-09	-0.0685866
4.02083e-09	-0.0685796
4.02095e-09	-0.0685722
4.02107e-09	-0.0685647
4.0212e-09	-0.0685568
4.02132e-09	-0.0685487
4.02144e-09	-0.0685404
4.02156e-09	-0.0685318
4.02169e-09	-0.068523
4.02181e-09	-0.0685139
4.02193e-09	-0.0685045
4.02205e-09	-0.0684949
4.02217e-09	-0.0684851
4.0223e-09	-0.068475
4.02242e-09	-0.0684646
4.02254e-09	-0.068454
4.02266e-09	-0.0684432
4.02279e-09	-0.0684321
4.02291e-09	-0.0684207
4.02303e-09	-0.0684091
4.02315e-09	-0.0683973
4.02327e-09	-0.0683852
4.0234e-09	-0.0683728
4.02352e-09	-0.0683602
4.02364e-09	-0.0683474
4.02376e-09	-0.0683343
4.02389e-09	-0.068321
4.02401e-09	-0.0683074
4.02413e-09	-0.0682936
4.02425e-09	-0.0682795
4.02437e-09	-0.0682652
4.0245e-09	-0.0682506
4.02462e-09	-0.0682358
4.02474e-09	-0.0682207
4.02486e-09	-0.0682055
4.02499e-09	-0.0681899
4.02511e-09	-0.0681741
4.02523e-09	-0.0681581
4.02535e-09	-0.0681418
4.02548e-09	-0.0681253
4.0256e-09	-0.0681085
4.02572e-09	-0.0680915
4.02584e-09	-0.0680743
4.02596e-09	-0.0680568
4.02609e-09	-0.0680391
4.02621e-09	-0.0680211
4.02633e-09	-0.0680029
4.02645e-09	-0.0679844
4.02658e-09	-0.0679657
4.0267e-09	-0.0679468
4.02682e-09	-0.0679276
4.02694e-09	-0.0679082
4.02706e-09	-0.0678886
4.02719e-09	-0.0678687
4.02731e-09	-0.0678485
4.02743e-09	-0.0678281
4.02755e-09	-0.0678075
4.02768e-09	-0.0677867
4.0278e-09	-0.0677656
4.02792e-09	-0.0677443
4.02804e-09	-0.0677227
4.02816e-09	-0.0677009
4.02829e-09	-0.0676789
4.02841e-09	-0.0676566
4.02853e-09	-0.0676341
4.02865e-09	-0.0676114
4.02878e-09	-0.0675884
4.0289e-09	-0.0675652
4.02902e-09	-0.0675417
4.02914e-09	-0.067518
4.02926e-09	-0.0674941
4.02939e-09	-0.06747
4.02951e-09	-0.0674456
4.02963e-09	-0.067421
4.02975e-09	-0.0673961
4.02988e-09	-0.067371
4.03e-09	-0.0673457
4.03012e-09	-0.0673202
4.03024e-09	-0.0672944
4.03036e-09	-0.0672684
4.03049e-09	-0.0672422
4.03061e-09	-0.0672157
4.03073e-09	-0.067189
4.03085e-09	-0.067162
4.03098e-09	-0.0671349
4.0311e-09	-0.0671075
4.03122e-09	-0.0670799
4.03134e-09	-0.067052
4.03146e-09	-0.0670239
4.03159e-09	-0.0669956
4.03171e-09	-0.0669671
4.03183e-09	-0.0669383
4.03195e-09	-0.0669094
4.03208e-09	-0.0668801
4.0322e-09	-0.0668507
4.03232e-09	-0.066821
4.03244e-09	-0.0667911
4.03256e-09	-0.066761
4.03269e-09	-0.0667307
4.03281e-09	-0.0667001
4.03293e-09	-0.0666693
4.03305e-09	-0.0666383
4.03318e-09	-0.066607
4.0333e-09	-0.0665756
4.03342e-09	-0.0665439
4.03354e-09	-0.066512
4.03366e-09	-0.0664798
4.03379e-09	-0.0664475
4.03391e-09	-0.0664149
4.03403e-09	-0.0663821
4.03415e-09	-0.066349
4.03428e-09	-0.0663158
4.0344e-09	-0.0662823
4.03452e-09	-0.0662486
4.03464e-09	-0.0662147
4.03476e-09	-0.0661806
4.03489e-09	-0.0661463
4.03501e-09	-0.0661117
4.03513e-09	-0.0660769
4.03525e-09	-0.0660419
4.03538e-09	-0.0660067
4.0355e-09	-0.0659713
4.03562e-09	-0.0659356
4.03574e-09	-0.0658997
4.03587e-09	-0.0658636
4.03599e-09	-0.0658273
4.03611e-09	-0.0657908
4.03623e-09	-0.0657541
4.03635e-09	-0.0657171
4.03648e-09	-0.0656799
4.0366e-09	-0.0656426
4.03672e-09	-0.065605
4.03684e-09	-0.0655672
4.03697e-09	-0.0655291
4.03709e-09	-0.0654909
4.03721e-09	-0.0654524
4.03733e-09	-0.0654138
4.03745e-09	-0.0653749
4.03758e-09	-0.0653358
4.0377e-09	-0.0652965
4.03782e-09	-0.065257
4.03794e-09	-0.0652173
4.03807e-09	-0.0651773
4.03819e-09	-0.0651372
4.03831e-09	-0.0650968
4.03843e-09	-0.0650563
4.03855e-09	-0.0650155
4.03868e-09	-0.0649745
4.0388e-09	-0.0649333
4.03892e-09	-0.0648919
4.03904e-09	-0.0648503
4.03917e-09	-0.0648085
4.03929e-09	-0.0647665
4.03941e-09	-0.0647243
4.03953e-09	-0.0646819
4.03965e-09	-0.0646392
4.03978e-09	-0.0645964
4.0399e-09	-0.0645533
4.04002e-09	-0.0645101
4.04014e-09	-0.0644666
4.04027e-09	-0.0644229
4.04039e-09	-0.0643791
4.04051e-09	-0.064335
4.04063e-09	-0.0642907
4.04075e-09	-0.0642463
4.04088e-09	-0.0642016
4.041e-09	-0.0641567
4.04112e-09	-0.0641116
4.04124e-09	-0.0640663
4.04137e-09	-0.0640208
4.04149e-09	-0.0639752
4.04161e-09	-0.0639293
4.04173e-09	-0.0638832
4.04185e-09	-0.0638369
4.04198e-09	-0.0637904
4.0421e-09	-0.0637437
4.04222e-09	-0.0636969
4.04234e-09	-0.0636498
4.04247e-09	-0.0636025
4.04259e-09	-0.063555
4.04271e-09	-0.0635074
4.04283e-09	-0.0634595
4.04295e-09	-0.0634114
4.04308e-09	-0.0633632
4.0432e-09	-0.0633147
4.04332e-09	-0.0632661
4.04344e-09	-0.0632172
4.04357e-09	-0.0631682
4.04369e-09	-0.0631189
4.04381e-09	-0.0630695
4.04393e-09	-0.0630199
4.04405e-09	-0.0629701
4.04418e-09	-0.0629201
4.0443e-09	-0.0628699
4.04442e-09	-0.0628195
4.04454e-09	-0.0627689
4.04467e-09	-0.0627181
4.04479e-09	-0.0626672
4.04491e-09	-0.062616
4.04503e-09	-0.0625647
4.04516e-09	-0.0625131
4.04528e-09	-0.0624614
4.0454e-09	-0.0624095
4.04552e-09	-0.0623574
4.04564e-09	-0.0623051
4.04577e-09	-0.0622526
4.04589e-09	-0.0622
4.04601e-09	-0.0621471
4.04613e-09	-0.0620941
4.04626e-09	-0.0620408
4.04638e-09	-0.0619874
4.0465e-09	-0.0619338
4.04662e-09	-0.0618801
4.04674e-09	-0.0618261
4.04687e-09	-0.0617719
4.04699e-09	-0.0617176
4.04711e-09	-0.0616631
4.04723e-09	-0.0616084
4.04736e-09	-0.0615535
4.04748e-09	-0.0614985
4.0476e-09	-0.0614432
4.04772e-09	-0.0613878
4.04784e-09	-0.0613322
4.04797e-09	-0.0612764
4.04809e-09	-0.0612204
4.04821e-09	-0.0611643
4.04833e-09	-0.0611079
4.04846e-09	-0.0610514
4.04858e-09	-0.0609947
4.0487e-09	-0.0609379
4.04882e-09	-0.0608808
4.04894e-09	-0.0608236
4.04907e-09	-0.0607662
4.04919e-09	-0.0607086
4.04931e-09	-0.0606509
4.04943e-09	-0.0605929
4.04956e-09	-0.0605348
4.04968e-09	-0.0604765
4.0498e-09	-0.0604181
4.04992e-09	-0.0603594
4.05004e-09	-0.0603006
4.05017e-09	-0.0602417
4.05029e-09	-0.0601825
4.05041e-09	-0.0601232
4.05053e-09	-0.0600637
4.05066e-09	-0.060004
4.05078e-09	-0.0599442
4.0509e-09	-0.0598841
4.05102e-09	-0.059824
4.05114e-09	-0.0597636
4.05127e-09	-0.0597031
4.05139e-09	-0.0596424
4.05151e-09	-0.0595815
4.05163e-09	-0.0595205
4.05176e-09	-0.0594593
4.05188e-09	-0.0593979
4.052e-09	-0.0593363
4.05212e-09	-0.0592746
4.05224e-09	-0.0592128
4.05237e-09	-0.0591507
4.05249e-09	-0.0590885
4.05261e-09	-0.0590261
4.05273e-09	-0.0589636
4.05286e-09	-0.0589009
4.05298e-09	-0.058838
4.0531e-09	-0.058775
4.05322e-09	-0.0587118
4.05334e-09	-0.0586484
4.05347e-09	-0.0585849
4.05359e-09	-0.0585212
4.05371e-09	-0.0584573
4.05383e-09	-0.0583933
4.05396e-09	-0.0583291
4.05408e-09	-0.0582648
4.0542e-09	-0.0582003
4.05432e-09	-0.0581356
4.05444e-09	-0.0580708
4.05457e-09	-0.0580058
4.05469e-09	-0.0579407
4.05481e-09	-0.0578754
4.05493e-09	-0.05781
4.05506e-09	-0.0577443
4.05518e-09	-0.0576786
4.0553e-09	-0.0576126
4.05542e-09	-0.0575465
4.05555e-09	-0.0574803
4.05567e-09	-0.0574139
4.05579e-09	-0.0573474
4.05591e-09	-0.0572806
4.05603e-09	-0.0572138
4.05616e-09	-0.0571468
4.05628e-09	-0.0570796
4.0564e-09	-0.0570123
4.05652e-09	-0.0569448
4.05665e-09	-0.0568771
4.05677e-09	-0.0568094
4.05689e-09	-0.0567414
4.05701e-09	-0.0566733
4.05713e-09	-0.0566051
4.05726e-09	-0.0565367
4.05738e-09	-0.0564682
4.0575e-09	-0.0563995
4.05762e-09	-0.0563306
4.05775e-09	-0.0562616
4.05787e-09	-0.0561925
4.05799e-09	-0.0561232
4.05811e-09	-0.0560538
4.05823e-09	-0.0559842
4.05836e-09	-0.0559145
4.05848e-09	-0.0558446
4.0586e-09	-0.0557746
4.05872e-09	-0.0557044
4.05885e-09	-0.0556341
4.05897e-09	-0.0555636
4.05909e-09	-0.055493
4.05921e-09	-0.0554223
4.05933e-09	-0.0553514
4.05946e-09	-0.0552803
4.05958e-09	-0.0552091
4.0597e-09	-0.0551378
4.05982e-09	-0.0550664
4.05995e-09	-0.0549947
4.06007e-09	-0.054923
4.06019e-09	-0.0548511
4.06031e-09	-0.0547791
4.06043e-09	-0.0547069
4.06056e-09	-0.0546346
4.06068e-09	-0.0545621
4.0608e-09	-0.0544896
4.06092e-09	-0.0544168
4.06105e-09	-0.054344
4.06117e-09	-0.054271
4.06129e-09	-0.0541978
4.06141e-09	-0.0541245
4.06153e-09	-0.0540511
4.06166e-09	-0.0539776
4.06178e-09	-0.0539039
4.0619e-09	-0.0538301
4.06202e-09	-0.0537561
4.06215e-09	-0.053682
4.06227e-09	-0.0536078
4.06239e-09	-0.0535334
4.06251e-09	-0.0534589
4.06263e-09	-0.0533843
4.06276e-09	-0.0533096
4.06288e-09	-0.0532347
4.063e-09	-0.0531597
4.06312e-09	-0.0530845
4.06325e-09	-0.0530092
4.06337e-09	-0.0529338
4.06349e-09	-0.0528583
4.06361e-09	-0.0527826
4.06373e-09	-0.0527068
4.06386e-09	-0.0526309
4.06398e-09	-0.0525548
4.0641e-09	-0.0524786
4.06422e-09	-0.0524023
4.06435e-09	-0.0523259
4.06447e-09	-0.0522493
4.06459e-09	-0.0521726
4.06471e-09	-0.0520958
4.06483e-09	-0.0520188
4.06496e-09	-0.0519418
4.06508e-09	-0.0518646
4.0652e-09	-0.0517873
4.06532e-09	-0.0517098
4.06545e-09	-0.0516322
4.06557e-09	-0.0515546
4.06569e-09	-0.0514767
4.06581e-09	-0.0513988
4.06594e-09	-0.0513208
4.06606e-09	-0.0512426
4.06618e-09	-0.0511643
4.0663e-09	-0.0510859
4.06642e-09	-0.0510073
4.06655e-09	-0.0509287
4.06667e-09	-0.0508499
4.06679e-09	-0.050771
4.06691e-09	-0.050692
4.06704e-09	-0.0506129
4.06716e-09	-0.0505336
4.06728e-09	-0.0504543
4.0674e-09	-0.0503748
4.06752e-09	-0.0502952
4.06765e-09	-0.0502155
4.06777e-09	-0.0501356
4.06789e-09	-0.0500557
4.06801e-09	-0.0499756
4.06814e-09	-0.0498955
4.06826e-09	-0.0498152
4.06838e-09	-0.0497348
4.0685e-09	-0.0496543
4.06862e-09	-0.0495736
4.06875e-09	-0.0494929
4.06887e-09	-0.049412
4.06899e-09	-0.0493311
4.06911e-09	-0.04925
4.06924e-09	-0.0491688
4.06936e-09	-0.0490875
4.06948e-09	-0.0490061
4.0696e-09	-0.0489246
4.06972e-09	-0.048843
4.06985e-09	-0.0487613
4.06997e-09	-0.0486795
4.07009e-09	-0.0485975
4.07021e-09	-0.0485155
4.07034e-09	-0.0484333
4.07046e-09	-0.0483511
4.07058e-09	-0.0482687
4.0707e-09	-0.0481862
4.07082e-09	-0.0481036
4.07095e-09	-0.048021
4.07107e-09	-0.0479382
4.07119e-09	-0.0478553
4.07131e-09	-0.0477723
4.07144e-09	-0.0476892
4.07156e-09	-0.047606
4.07168e-09	-0.0475227
4.0718e-09	-0.0474393
4.07192e-09	-0.0473558
4.07205e-09	-0.0472722
4.07217e-09	-0.0471885
4.07229e-09	-0.0471047
4.07241e-09	-0.0470208
4.07254e-09	-0.0469368
4.07266e-09	-0.0468527
4.07278e-09	-0.0467685
4.0729e-09	-0.0466842
4.07302e-09	-0.0465998
4.07315e-09	-0.0465153
4.07327e-09	-0.0464307
4.07339e-09	-0.046346
4.07351e-09	-0.0462612
4.07364e-09	-0.0461764
4.07376e-09	-0.0460914
4.07388e-09	-0.0460063
4.074e-09	-0.0459212
4.07412e-09	-0.0458359
4.07425e-09	-0.0457506
4.07437e-09	-0.0456651
4.07449e-09	-0.0455796
4.07461e-09	-0.045494
4.07474e-09	-0.0454083
4.07486e-09	-0.0453225
4.07498e-09	-0.0452366
4.0751e-09	-0.0451506
4.07523e-09	-0.0450645
4.07535e-09	-0.0449784
4.07547e-09	-0.0448921
4.07559e-09	-0.0448058
4.07571e-09	-0.0447193
4.07584e-09	-0.0446328
4.07596e-09	-0.0445462
4.07608e-09	-0.0444595
4.0762e-09	-0.0443727
4.07633e-09	-0.0442859
4.07645e-09	-0.0441989
4.07657e-09	-0.0441119
4.07669e-09	-0.0440248
4.07681e-09	-0.0439375
4.07694e-09	-0.0438503
4.07706e-09	-0.0437629
4.07718e-09	-0.0436754
4.0773e-09	-0.0435879
4.07743e-09	-0.0435003
4.07755e-09	-0.0434126
4.07767e-09	-0.0433248
4.07779e-09	-0.0432369
4.07791e-09	-0.043149
4.07804e-09	-0.0430609
4.07816e-09	-0.0429728
4.07828e-09	-0.0428847
4.0784e-09	-0.0427964
4.07853e-09	-0.042708
4.07865e-09	-0.0426196
4.07877e-09	-0.0425311
4.07889e-09	-0.0424426
4.07901e-09	-0.0423539
4.07914e-09	-0.0422652
4.07926e-09	-0.0421764
4.07938e-09	-0.0420875
4.0795e-09	-0.0419985
4.07963e-09	-0.0419095
4.07975e-09	-0.0418204
4.07987e-09	-0.0417312
4.07999e-09	-0.041642
4.08011e-09	-0.0415526
4.08024e-09	-0.0414632
4.08036e-09	-0.0413738
4.08048e-09	-0.0412842
4.0806e-09	-0.0411946
4.08073e-09	-0.0411049
4.08085e-09	-0.0410152
4.08097e-09	-0.0409253
4.08109e-09	-0.0408354
4.08121e-09	-0.0407455
4.08134e-09	-0.0406554
4.08146e-09	-0.0405653
4.08158e-09	-0.0404752
4.0817e-09	-0.0403849
4.08183e-09	-0.0402946
4.08195e-09	-0.0402042
4.08207e-09	-0.0401138
4.08219e-09	-0.0400233
4.08231e-09	-0.0399327
4.08244e-09	-0.0398421
4.08256e-09	-0.0397514
4.08268e-09	-0.0396606
4.0828e-09	-0.0395698
4.08293e-09	-0.0394789
4.08305e-09	-0.0393879
4.08317e-09	-0.0392969
4.08329e-09	-0.0392058
4.08341e-09	-0.0391147
4.08354e-09	-0.0390235
4.08366e-09	-0.0389322
4.08378e-09	-0.0388409
4.0839e-09	-0.0387495
4.08403e-09	-0.038658
4.08415e-09	-0.0385665
4.08427e-09	-0.038475
4.08439e-09	-0.0383833
4.08451e-09	-0.0382917
4.08464e-09	-0.0381999
4.08476e-09	-0.0381081
4.08488e-09	-0.0380163
4.085e-09	-0.0379243
4.08513e-09	-0.0378324
4.08525e-09	-0.0377403
4.08537e-09	-0.0376483
4.08549e-09	-0.0375561
4.08562e-09	-0.0374639
4.08574e-09	-0.0373717
4.08586e-09	-0.0372794
4.08598e-09	-0.0371871
4.0861e-09	-0.0370946
4.08623e-09	-0.0370022
4.08635e-09	-0.0369097
4.08647e-09	-0.0368171
4.08659e-09	-0.0367245
4.08672e-09	-0.0366318
4.08684e-09	-0.0365391
4.08696e-09	-0.0364464
4.08708e-09	-0.0363536
4.0872e-09	-0.0362607
4.08733e-09	-0.0361678
4.08745e-09	-0.0360748
4.08757e-09	-0.0359818
4.08769e-09	-0.0358888
4.08782e-09	-0.0357957
4.08794e-09	-0.0357025
4.08806e-09	-0.0356093
4.08818e-09	-0.0355161
4.0883e-09	-0.0354228
4.08843e-09	-0.0353295
4.08855e-09	-0.0352361
4.08867e-09	-0.0351427
4.08879e-09	-0.0350492
4.08892e-09	-0.0349557
4.08904e-09	-0.0348621
4.08916e-09	-0.0347685
4.08928e-09	-0.0346749
4.0894e-09	-0.0345812
4.08953e-09	-0.0344875
4.08965e-09	-0.0343937
4.08977e-09	-0.0342999
4.08989e-09	-0.0342061
4.09002e-09	-0.0341122
4.09014e-09	-0.0340183
4.09026e-09	-0.0339243
4.09038e-09	-0.0338303
4.0905e-09	-0.0337363
4.09063e-09	-0.0336422
4.09075e-09	-0.0335481
4.09087e-09	-0.0334539
4.09099e-09	-0.0333597
4.09112e-09	-0.0332655
4.09124e-09	-0.0331713
4.09136e-09	-0.033077
4.09148e-09	-0.0329826
4.0916e-09	-0.0328883
4.09173e-09	-0.0327939
4.09185e-09	-0.0326994
4.09197e-09	-0.032605
4.09209e-09	-0.0325105
4.09222e-09	-0.0324159
4.09234e-09	-0.0323214
4.09246e-09	-0.0322268
4.09258e-09	-0.0321321
4.0927e-09	-0.0320375
4.09283e-09	-0.0319428
4.09295e-09	-0.0318481
4.09307e-09	-0.0317533
4.09319e-09	-0.0316585
4.09332e-09	-0.0315637
4.09344e-09	-0.0314689
4.09356e-09	-0.031374
4.09368e-09	-0.0312791
4.0938e-09	-0.0311842
4.09393e-09	-0.0310892
4.09405e-09	-0.0309943
4.09417e-09	-0.0308993
4.09429e-09	-0.0308042
4.09442e-09	-0.0307092
4.09454e-09	-0.0306141
4.09466e-09	-0.030519
4.09478e-09	-0.0304239
4.09491e-09	-0.0303287
4.09503e-09	-0.0302335
4.09515e-09	-0.0301383
4.09527e-09	-0.0300431
4.09539e-09	-0.0299479
4.09552e-09	-0.0298526
4.09564e-09	-0.0297573
4.09576e-09	-0.029662
4.09588e-09	-0.0295667
4.09601e-09	-0.0294713
4.09613e-09	-0.0293759
4.09625e-09	-0.0292805
4.09637e-09	-0.0291851
4.09649e-09	-0.0290897
4.09662e-09	-0.0289943
4.09674e-09	-0.0288988
4.09686e-09	-0.0288033
4.09698e-09	-0.0287078
4.09711e-09	-0.0286123
4.09723e-09	-0.0285167
4.09735e-09	-0.0284212
4.09747e-09	-0.0283256
4.09759e-09	-0.02823
4.09772e-09	-0.0281344
4.09784e-09	-0.0280388
4.09796e-09	-0.0279432
4.09808e-09	-0.0278476
4.09821e-09	-0.0277519
4.09833e-09	-0.0276562
4.09845e-09	-0.0275605
4.09857e-09	-0.0274649
4.09869e-09	-0.0273691
4.09882e-09	-0.0272734
4.09894e-09	-0.0271777
4.09906e-09	-0.027082
4.09918e-09	-0.0269862
4.09931e-09	-0.0268905
4.09943e-09	-0.0267947
4.09955e-09	-0.0266989
4.09967e-09	-0.0266031
4.09979e-09	-0.0265073
4.09992e-09	-0.0264115
4.10004e-09	-0.0263157
4.10016e-09	-0.0262199
4.10028e-09	-0.0261241
4.10041e-09	-0.0260282
4.10053e-09	-0.0259324
4.10065e-09	-0.0258365
4.10077e-09	-0.0257407
4.10089e-09	-0.0256448
4.10102e-09	-0.025549
4.10114e-09	-0.0254531
4.10126e-09	-0.0253572
4.10138e-09	-0.0252614
4.10151e-09	-0.0251655
4.10163e-09	-0.0250696
4.10175e-09	-0.0249737
4.10187e-09	-0.0248778
4.10199e-09	-0.0247819
4.10212e-09	-0.0246861
4.10224e-09	-0.0245902
4.10236e-09	-0.0244943
4.10248e-09	-0.0243984
4.10261e-09	-0.0243025
4.10273e-09	-0.0242066
4.10285e-09	-0.0241107
4.10297e-09	-0.0240148
4.10309e-09	-0.0239189
4.10322e-09	-0.0238231
4.10334e-09	-0.0237272
4.10346e-09	-0.0236313
4.10358e-09	-0.0235354
4.10371e-09	-0.0234396
4.10383e-09	-0.0233437
4.10395e-09	-0.0232478
4.10407e-09	-0.023152
4.10419e-09	-0.0230561
4.10432e-09	-0.0229603
4.10444e-09	-0.0228644
4.10456e-09	-0.0227686
4.10468e-09	-0.0226727
4.10481e-09	-0.0225769
4.10493e-09	-0.0224811
4.10505e-09	-0.0223853
4.10517e-09	-0.0222895
4.1053e-09	-0.0221937
4.10542e-09	-0.0220979
4.10554e-09	-0.0220021
4.10566e-09	-0.0219064
4.10578e-09	-0.0218106
4.10591e-09	-0.0217149
4.10603e-09	-0.0216191
4.10615e-09	-0.0215234
4.10627e-09	-0.0214277
4.1064e-09	-0.021332
4.10652e-09	-0.0212363
4.10664e-09	-0.0211406
4.10676e-09	-0.0210449
4.10688e-09	-0.0209493
4.10701e-09	-0.0208536
4.10713e-09	-0.020758
4.10725e-09	-0.0206624
4.10737e-09	-0.0205668
4.1075e-09	-0.0204712
4.10762e-09	-0.0203756
4.10774e-09	-0.0202801
4.10786e-09	-0.0201846
4.10798e-09	-0.020089
4.10811e-09	-0.0199935
4.10823e-09	-0.019898
4.10835e-09	-0.0198026
4.10847e-09	-0.0197071
4.1086e-09	-0.0196117
4.10872e-09	-0.0195163
4.10884e-09	-0.0194209
4.10896e-09	-0.0193255
4.10908e-09	-0.0192301
4.10921e-09	-0.0191348
4.10933e-09	-0.0190394
4.10945e-09	-0.0189441
4.10957e-09	-0.0188489
4.1097e-09	-0.0187536
4.10982e-09	-0.0186584
4.10994e-09	-0.0185631
4.11006e-09	-0.018468
4.11018e-09	-0.0183728
4.11031e-09	-0.0182776
4.11043e-09	-0.0181825
4.11055e-09	-0.0180874
4.11067e-09	-0.0179923
4.1108e-09	-0.0178973
4.11092e-09	-0.0178022
4.11104e-09	-0.0177072
4.11116e-09	-0.0176123
4.11128e-09	-0.0175173
4.11141e-09	-0.0174224
4.11153e-09	-0.0173275
4.11165e-09	-0.0172326
4.11177e-09	-0.0171377
4.1119e-09	-0.0170429
4.11202e-09	-0.0169481
4.11214e-09	-0.0168534
4.11226e-09	-0.0167586
4.11238e-09	-0.0166639
4.11251e-09	-0.0165692
4.11263e-09	-0.0164746
4.11275e-09	-0.01638
4.11287e-09	-0.0162854
4.113e-09	-0.0161908
4.11312e-09	-0.0160963
4.11324e-09	-0.0160018
4.11336e-09	-0.0159073
4.11348e-09	-0.0158129
4.11361e-09	-0.0157185
4.11373e-09	-0.0156241
4.11385e-09	-0.0155298
4.11397e-09	-0.0154355
4.1141e-09	-0.0153412
4.11422e-09	-0.015247
4.11434e-09	-0.0151528
4.11446e-09	-0.0150586
4.11459e-09	-0.0149644
4.11471e-09	-0.0148703
4.11483e-09	-0.0147763
4.11495e-09	-0.0146823
4.11507e-09	-0.0145883
4.1152e-09	-0.0144943
4.11532e-09	-0.0144004
4.11544e-09	-0.0143065
4.11556e-09	-0.0142127
4.11569e-09	-0.0141188
4.11581e-09	-0.0140251
4.11593e-09	-0.0139313
4.11605e-09	-0.0138377
4.11617e-09	-0.013744
4.1163e-09	-0.0136504
4.11642e-09	-0.0135568
4.11654e-09	-0.0134633
4.11666e-09	-0.0133698
4.11679e-09	-0.0132763
4.11691e-09	-0.0131829
4.11703e-09	-0.0130895
4.11715e-09	-0.0129962
4.11727e-09	-0.0129029
4.1174e-09	-0.0128097
4.11752e-09	-0.0127165
4.11764e-09	-0.0126233
4.11776e-09	-0.0125302
4.11789e-09	-0.0124371
4.11801e-09	-0.0123441
4.11813e-09	-0.0122511
4.11825e-09	-0.0121582
4.11837e-09	-0.0120653
4.1185e-09	-0.0119724
4.11862e-09	-0.0118796
4.11874e-09	-0.0117869
4.11886e-09	-0.0116941
4.11899e-09	-0.0116015
4.11911e-09	-0.0115089
4.11923e-09	-0.0114163
4.11935e-09	-0.0113238
4.11947e-09	-0.0112313
4.1196e-09	-0.0111388
4.11972e-09	-0.0110465
4.11984e-09	-0.0109541
4.11996e-09	-0.0108618
4.12009e-09	-0.0107696
4.12021e-09	-0.0106774
4.12033e-09	-0.0105853
4.12045e-09	-0.0104932
4.12057e-09	-0.0104012
4.1207e-09	-0.0103092
4.12082e-09	-0.0102172
4.12094e-09	-0.0101254
4.12106e-09	-0.0100335
4.12119e-09	-0.00994175
4.12131e-09	-0.00985002
4.12143e-09	-0.00975834
4.12155e-09	-0.00966672
4.12167e-09	-0.00957515
4.1218e-09	-0.00948364
4.12192e-09	-0.00939218
4.12204e-09	-0.00930077
4.12216e-09	-0.00920942
4.12229e-09	-0.00911812
4.12241e-09	-0.00902688
4.12253e-09	-0.00893569
4.12265e-09	-0.00884456
4.12277e-09	-0.00875349
4.1229e-09	-0.00866247
4.12302e-09	-0.0085715
4.12314e-09	-0.0084806
4.12326e-09	-0.00838975
4.12339e-09	-0.00829896
4.12351e-09	-0.00820822
4.12363e-09	-0.00811755
4.12375e-09	-0.00802693
4.12387e-09	-0.00793637
4.124e-09	-0.00784587
4.12412e-09	-0.00775543
4.12424e-09	-0.00766505
4.12436e-09	-0.00757473
4.12449e-09	-0.00748446
4.12461e-09	-0.00739426
4.12473e-09	-0.00730412
4.12485e-09	-0.00721404
4.12498e-09	-0.00712402
4.1251e-09	-0.00703407
4.12522e-09	-0.00694417
4.12534e-09	-0.00685434
4.12546e-09	-0.00676457
4.12559e-09	-0.00667486
4.12571e-09	-0.00658522
4.12583e-09	-0.00649564
4.12595e-09	-0.00640612
4.12608e-09	-0.00631666
4.1262e-09	-0.00622727
4.12632e-09	-0.00613795
4.12644e-09	-0.00604869
4.12656e-09	-0.00595949
4.12669e-09	-0.00587036
4.12681e-09	-0.0057813
4.12693e-09	-0.0056923
4.12705e-09	-0.00560337
4.12718e-09	-0.0055145
4.1273e-09	-0.0054257
4.12742e-09	-0.00533697
4.12754e-09	-0.0052483
4.12766e-09	-0.0051597
4.12779e-09	-0.00507117
4.12791e-09	-0.00498271
4.12803e-09	-0.00489432
4.12815e-09	-0.00480599
4.12828e-09	-0.00471773
4.1284e-09	-0.00462955
4.12852e-09	-0.00454143
4.12864e-09	-0.00445338
4.12876e-09	-0.0043654
4.12889e-09	-0.00427749
4.12901e-09	-0.00418966
4.12913e-09	-0.00410189
4.12925e-09	-0.00401419
4.12938e-09	-0.00392657
4.1295e-09	-0.00383902
4.12962e-09	-0.00375154
4.12974e-09	-0.00366413
4.12986e-09	-0.00357679
4.12999e-09	-0.00348953
4.13011e-09	-0.00340234
4.13023e-09	-0.00331522
4.13035e-09	-0.00322818
4.13048e-09	-0.00314121
4.1306e-09	-0.00305432
4.13072e-09	-0.00296749
4.13084e-09	-0.00288075
4.13096e-09	-0.00279408
4.13109e-09	-0.00270748
4.13121e-09	-0.00262096
4.13133e-09	-0.00253451
4.13145e-09	-0.00244814
4.13158e-09	-0.00236185
4.1317e-09	-0.00227563
4.13182e-09	-0.00218949
4.13194e-09	-0.00210343
4.13206e-09	-0.00201744
4.13219e-09	-0.00193153
4.13231e-09	-0.0018457
4.13243e-09	-0.00175995
4.13255e-09	-0.00167428
4.13268e-09	-0.00158868
4.1328e-09	-0.00150316
4.13292e-09	-0.00141772
4.13304e-09	-0.00133236
4.13316e-09	-0.00124708
4.13329e-09	-0.00116188
4.13341e-09	-0.00107676
4.13353e-09	-0.000991725
4.13365e-09	-0.000906766
4.13378e-09	-0.000821888
4.1339e-09	-0.00073709
4.13402e-09	-0.000652374
4.13414e-09	-0.00056774
4.13427e-09	-0.000483187
4.13439e-09	-0.000398717
4.13451e-09	-0.000314328
4.13463e-09	-0.000230023
4.13475e-09	-0.0001458
4.13488e-09	-6.16596e-05
4.135e-09	2.23971e-05
4.13512e-09	0.00010637
4.13524e-09	0.00019026
4.13537e-09	0.000274065
4.13549e-09	0.000357786
4.13561e-09	0.000441423
4.13573e-09	0.000524975
4.13585e-09	0.000608442
4.13598e-09	0.000691824
4.1361e-09	0.00077512
4.13622e-09	0.000858331
4.13634e-09	0.000941455
4.13647e-09	0.00102449
4.13659e-09	0.00110745
4.13671e-09	0.00119031
4.13683e-09	0.00127309
4.13695e-09	0.00135578
4.13708e-09	0.00143839
4.1372e-09	0.0015209
4.13732e-09	0.00160333
4.13744e-09	0.00168567
4.13757e-09	0.00176792
4.13769e-09	0.00185009
4.13781e-09	0.00193216
4.13793e-09	0.00201415
4.13805e-09	0.00209604
4.13818e-09	0.00217785
4.1383e-09	0.00225957
4.13842e-09	0.0023412
4.13854e-09	0.00242273
4.13867e-09	0.00250418
4.13879e-09	0.00258554
4.13891e-09	0.0026668
4.13903e-09	0.00274798
4.13915e-09	0.00282906
4.13928e-09	0.00291005
4.1394e-09	0.00299095
4.13952e-09	0.00307176
4.13964e-09	0.00315247
4.13977e-09	0.0032331
4.13989e-09	0.00331363
4.14001e-09	0.00339407
4.14013e-09	0.00347441
4.14025e-09	0.00355466
4.14038e-09	0.00363482
4.1405e-09	0.00371488
4.14062e-09	0.00379485
4.14074e-09	0.00387473
4.14087e-09	0.00395451
4.14099e-09	0.0040342
4.14111e-09	0.00411379
4.14123e-09	0.00419329
4.14135e-09	0.00427269
4.14148e-09	0.004352
4.1416e-09	0.00443121
4.14172e-09	0.00451032
4.14184e-09	0.00458934
4.14197e-09	0.00466826
4.14209e-09	0.00474709
4.14221e-09	0.00482582
4.14233e-09	0.00490445
4.14245e-09	0.00498298
4.14258e-09	0.00506142
4.1427e-09	0.00513976
4.14282e-09	0.005218
4.14294e-09	0.00529614
4.14307e-09	0.00537419
4.14319e-09	0.00545214
4.14331e-09	0.00552998
4.14343e-09	0.00560773
4.14355e-09	0.00568538
4.14368e-09	0.00576294
4.1438e-09	0.00584039
4.14392e-09	0.00591774
4.14404e-09	0.00599499
4.14417e-09	0.00607214
4.14429e-09	0.0061492
4.14441e-09	0.00622615
4.14453e-09	0.006303
4.14466e-09	0.00637975
4.14478e-09	0.0064564
4.1449e-09	0.00653294
4.14502e-09	0.00660939
4.14514e-09	0.00668573
4.14527e-09	0.00676198
4.14539e-09	0.00683812
4.14551e-09	0.00691416
4.14563e-09	0.00699009
4.14576e-09	0.00706592
4.14588e-09	0.00714165
4.146e-09	0.00721728
4.14612e-09	0.0072928
4.14624e-09	0.00736823
4.14637e-09	0.00744354
4.14649e-09	0.00751875
4.14661e-09	0.00759386
4.14673e-09	0.00766887
4.14686e-09	0.00774377
4.14698e-09	0.00781856
4.1471e-09	0.00789326
4.14722e-09	0.00796784
4.14734e-09	0.00804232
4.14747e-09	0.0081167
4.14759e-09	0.00819097
4.14771e-09	0.00826513
4.14783e-09	0.00833919
4.14796e-09	0.00841314
4.14808e-09	0.00848699
4.1482e-09	0.00856073
4.14832e-09	0.00863436
4.14844e-09	0.00870789
4.14857e-09	0.00878131
4.14869e-09	0.00885462
4.14881e-09	0.00892783
4.14893e-09	0.00900093
4.14906e-09	0.00907391
4.14918e-09	0.0091468
4.1493e-09	0.00921957
4.14942e-09	0.00929224
4.14954e-09	0.00936479
4.14967e-09	0.00943724
4.14979e-09	0.00950958
4.14991e-09	0.00958181
4.15003e-09	0.00965394
4.15016e-09	0.00972595
4.15028e-09	0.00979785
4.1504e-09	0.00986965
4.15052e-09	0.00994133
4.15064e-09	0.0100129
4.15077e-09	0.0100844
4.15089e-09	0.0101557
4.15101e-09	0.010227
4.15113e-09	0.0102981
4.15126e-09	0.0103691
4.15138e-09	0.01044
4.1515e-09	0.0105108
4.15162e-09	0.0105815
4.15174e-09	0.0106521
4.15187e-09	0.0107226
4.15199e-09	0.0107929
4.15211e-09	0.0108632
4.15223e-09	0.0109333
4.15236e-09	0.0110033
4.15248e-09	0.0110732
4.1526e-09	0.011143
4.15272e-09	0.0112127
4.15284e-09	0.0112822
4.15297e-09	0.0113517
4.15309e-09	0.011421
4.15321e-09	0.0114903
4.15333e-09	0.0115594
4.15346e-09	0.0116284
4.15358e-09	0.0116973
4.1537e-09	0.011766
4.15382e-09	0.0118347
4.15395e-09	0.0119032
4.15407e-09	0.0119717
4.15419e-09	0.01204
4.15431e-09	0.0121082
4.15443e-09	0.0121763
4.15456e-09	0.0122442
4.15468e-09	0.0123121
4.1548e-09	0.0123798
4.15492e-09	0.0124474
4.15505e-09	0.012515
4.15517e-09	0.0125823
4.15529e-09	0.0126496
4.15541e-09	0.0127168
4.15553e-09	0.0127838
4.15566e-09	0.0128508
4.15578e-09	0.0129176
4.1559e-09	0.0129843
4.15602e-09	0.0130508
4.15615e-09	0.0131173
4.15627e-09	0.0131836
4.15639e-09	0.0132499
4.15651e-09	0.013316
4.15663e-09	0.013382
4.15676e-09	0.0134478
4.15688e-09	0.0135136
4.157e-09	0.0135792
4.15712e-09	0.0136447
4.15725e-09	0.0137101
4.15737e-09	0.0137754
4.15749e-09	0.0138406
4.15761e-09	0.0139056
4.15773e-09	0.0139706
4.15786e-09	0.0140354
4.15798e-09	0.0141001
4.1581e-09	0.0141646
4.15822e-09	0.0142291
4.15835e-09	0.0142934
4.15847e-09	0.0143576
4.15859e-09	0.0144217
4.15871e-09	0.0144857
4.15883e-09	0.0145495
4.15896e-09	0.0146133
4.15908e-09	0.0146769
4.1592e-09	0.0147404
4.15932e-09	0.0148037
4.15945e-09	0.014867
4.15957e-09	0.0149301
4.15969e-09	0.0149931
4.15981e-09	0.015056
4.15993e-09	0.0151188
4.16006e-09	0.0151814
4.16018e-09	0.0152439
4.1603e-09	0.0153063
4.16042e-09	0.0153686
4.16055e-09	0.0154308
4.16067e-09	0.0154928
4.16079e-09	0.0155547
4.16091e-09	0.0156165
4.16103e-09	0.0156782
4.16116e-09	0.0157397
4.16128e-09	0.0158011
4.1614e-09	0.0158624
4.16152e-09	0.0159236
4.16165e-09	0.0159847
4.16177e-09	0.0160456
4.16189e-09	0.0161064
4.16201e-09	0.0161671
4.16213e-09	0.0162277
4.16226e-09	0.0162881
4.16238e-09	0.0163484
4.1625e-09	0.0164086
4.16262e-09	0.0164687
4.16275e-09	0.0165286
4.16287e-09	0.0165885
4.16299e-09	0.0166482
4.16311e-09	0.0167077
4.16323e-09	0.0167672
4.16336e-09	0.0168265
4.16348e-09	0.0168857
4.1636e-09	0.0169448
4.16372e-09	0.0170037
4.16385e-09	0.0170626
4.16397e-09	0.0171213
4.16409e-09	0.0171798
4.16421e-09	0.0172383
4.16434e-09	0.0172966
4.16446e-09	0.0173548
4.16458e-09	0.0174129
4.1647e-09	0.0174708
4.16482e-09	0.0175287
4.16495e-09	0.0175864
4.16507e-09	0.0176439
4.16519e-09	0.0177014
4.16531e-09	0.0177587
4.16544e-09	0.0178159
4.16556e-09	0.017873
4.16568e-09	0.0179299
4.1658e-09	0.0179867
4.16592e-09	0.0180434
4.16605e-09	0.0181
4.16617e-09	0.0181564
4.16629e-09	0.0182127
4.16641e-09	0.0182689
4.16654e-09	0.018325
4.16666e-09	0.0183809
4.16678e-09	0.0184367
4.1669e-09	0.0184924
4.16702e-09	0.0185479
4.16715e-09	0.0186033
4.16727e-09	0.0186586
4.16739e-09	0.0187138
4.16751e-09	0.0187688
4.16764e-09	0.0188237
4.16776e-09	0.0188785
4.16788e-09	0.0189332
4.168e-09	0.0189877
4.16812e-09	0.0190421
4.16825e-09	0.0190963
4.16837e-09	0.0191505
4.16849e-09	0.0192045
4.16861e-09	0.0192584
4.16874e-09	0.0193121
4.16886e-09	0.0193658
4.16898e-09	0.0194193
4.1691e-09	0.0194726
4.16922e-09	0.0195259
4.16935e-09	0.019579
4.16947e-09	0.019632
4.16959e-09	0.0196848
4.16971e-09	0.0197375
4.16984e-09	0.0197901
4.16996e-09	0.0198426
4.17008e-09	0.0198949
4.1702e-09	0.0199471
4.17032e-09	0.0199992
4.17045e-09	0.0200512
4.17057e-09	0.020103
4.17069e-09	0.0201547
4.17081e-09	0.0202062
4.17094e-09	0.0202576
4.17106e-09	0.0203089
4.17118e-09	0.0203601
4.1713e-09	0.0204111
4.17142e-09	0.0204621
4.17155e-09	0.0205128
4.17167e-09	0.0205635
4.17179e-09	0.020614
4.17191e-09	0.0206644
4.17204e-09	0.0207146
4.17216e-09	0.0207648
4.17228e-09	0.0208148
4.1724e-09	0.0208646
4.17252e-09	0.0209144
4.17265e-09	0.020964
4.17277e-09	0.0210134
4.17289e-09	0.0210628
4.17301e-09	0.021112
4.17314e-09	0.0211611
4.17326e-09	0.02121
4.17338e-09	0.0212588
4.1735e-09	0.0213075
4.17363e-09	0.0213561
4.17375e-09	0.0214045
4.17387e-09	0.0214528
4.17399e-09	0.0215009
4.17411e-09	0.021549
4.17424e-09	0.0215969
4.17436e-09	0.0216446
4.17448e-09	0.0216922
4.1746e-09	0.0217397
4.17473e-09	0.0217871
4.17485e-09	0.0218344
4.17497e-09	0.0218815
4.17509e-09	0.0219284
4.17521e-09	0.0219753
4.17534e-09	0.022022
4.17546e-09	0.0220686
4.17558e-09	0.022115
4.1757e-09	0.0221613
4.17583e-09	0.0222075
4.17595e-09	0.0222535
4.17607e-09	0.0222995
4.17619e-09	0.0223452
4.17631e-09	0.0223909
4.17644e-09	0.0224364
4.17656e-09	0.0224818
4.17668e-09	0.0225271
4.1768e-09	0.0225722
4.17693e-09	0.0226172
4.17705e-09	0.022662
4.17717e-09	0.0227067
4.17729e-09	0.0227513
4.17741e-09	0.0227958
4.17754e-09	0.0228401
4.17766e-09	0.0228843
4.17778e-09	0.0229284
4.1779e-09	0.0229723
4.17803e-09	0.0230161
4.17815e-09	0.0230597
4.17827e-09	0.0231033
4.17839e-09	0.0231467
4.17851e-09	0.0231899
4.17864e-09	0.0232331
4.17876e-09	0.023276
4.17888e-09	0.0233189
4.179e-09	0.0233616
4.17913e-09	0.0234042
4.17925e-09	0.0234467
4.17937e-09	0.023489
4.17949e-09	0.0235312
4.17961e-09	0.0235733
4.17974e-09	0.0236152
4.17986e-09	0.023657
4.17998e-09	0.0236986
4.1801e-09	0.0237402
4.18023e-09	0.0237816
4.18035e-09	0.0238228
4.18047e-09	0.0238639
4.18059e-09	0.0239049
4.18071e-09	0.0239458
4.18084e-09	0.0239865
4.18096e-09	0.0240271
4.18108e-09	0.0240676
4.1812e-09	0.0241079
4.18133e-09	0.0241481
4.18145e-09	0.0241881
4.18157e-09	0.0242281
4.18169e-09	0.0242678
4.18181e-09	0.0243075
4.18194e-09	0.024347
4.18206e-09	0.0243864
4.18218e-09	0.0244257
4.1823e-09	0.0244648
4.18243e-09	0.0245038
4.18255e-09	0.0245426
4.18267e-09	0.0245813
4.18279e-09	0.0246199
4.18291e-09	0.0246584
4.18304e-09	0.0246967
4.18316e-09	0.0247349
4.18328e-09	0.0247729
4.1834e-09	0.0248108
4.18353e-09	0.0248486
4.18365e-09	0.0248862
4.18377e-09	0.0249237
4.18389e-09	0.0249611
4.18402e-09	0.0249984
4.18414e-09	0.0250355
4.18426e-09	0.0250724
4.18438e-09	0.0251093
4.1845e-09	0.025146
4.18463e-09	0.0251825
4.18475e-09	0.025219
4.18487e-09	0.0252553
4.18499e-09	0.0252915
4.18512e-09	0.0253275
4.18524e-09	0.0253634
4.18536e-09	0.0253991
4.18548e-09	0.0254348
4.1856e-09	0.0254703
4.18573e-09	0.0255056
4.18585e-09	0.0255409
4.18597e-09	0.025576
4.18609e-09	0.0256109
4.18622e-09	0.0256457
4.18634e-09	0.0256804
4.18646e-09	0.025715
4.18658e-09	0.0257494
4.1867e-09	0.0257837
4.18683e-09	0.0258179
4.18695e-09	0.0258519
4.18707e-09	0.0258858
4.18719e-09	0.0259195
4.18732e-09	0.0259531
4.18744e-09	0.0259866
4.18756e-09	0.02602
4.18768e-09	0.0260532
4.1878e-09	0.0260863
4.18793e-09	0.0261192
4.18805e-09	0.026152
4.18817e-09	0.0261847
4.18829e-09	0.0262172
4.18842e-09	0.0262496
4.18854e-09	0.0262819
4.18866e-09	0.0263141
4.18878e-09	0.0263461
4.1889e-09	0.0263779
4.18903e-09	0.0264097
4.18915e-09	0.0264413
4.18927e-09	0.0264727
4.18939e-09	0.0265041
4.18952e-09	0.0265353
4.18964e-09	0.0265664
4.18976e-09	0.0265973
4.18988e-09	0.0266281
4.19e-09	0.0266588
4.19013e-09	0.0266893
4.19025e-09	0.0267197
4.19037e-09	0.0267499
4.19049e-09	0.0267801
4.19062e-09	0.0268101
4.19074e-09	0.0268399
4.19086e-09	0.0268697
4.19098e-09	0.0268993
4.1911e-09	0.0269287
4.19123e-09	0.0269581
4.19135e-09	0.0269872
4.19147e-09	0.0270163
4.19159e-09	0.0270452
4.19172e-09	0.027074
4.19184e-09	0.0271027
4.19196e-09	0.0271312
4.19208e-09	0.0271596
4.1922e-09	0.0271879
4.19233e-09	0.027216
4.19245e-09	0.027244
4.19257e-09	0.0272718
4.19269e-09	0.0272995
4.19282e-09	0.0273271
4.19294e-09	0.0273546
4.19306e-09	0.0273819
4.19318e-09	0.0274091
4.1933e-09	0.0274362
4.19343e-09	0.0274631
4.19355e-09	0.0274899
4.19367e-09	0.0275165
4.19379e-09	0.0275431
4.19392e-09	0.0275694
4.19404e-09	0.0275957
4.19416e-09	0.0276218
4.19428e-09	0.0276478
4.19441e-09	0.0276737
4.19453e-09	0.0276994
4.19465e-09	0.027725
4.19477e-09	0.0277504
4.19489e-09	0.0277758
4.19502e-09	0.027801
4.19514e-09	0.027826
4.19526e-09	0.0278509
4.19538e-09	0.0278757
4.19551e-09	0.0279004
4.19563e-09	0.0279249
4.19575e-09	0.0279493
4.19587e-09	0.0279736
4.19599e-09	0.0279977
4.19612e-09	0.0280217
4.19624e-09	0.0280456
4.19636e-09	0.0280693
4.19648e-09	0.0280929
4.19661e-09	0.0281164
4.19673e-09	0.0281397
4.19685e-09	0.0281629
4.19697e-09	0.028186
4.19709e-09	0.0282089
4.19722e-09	0.0282317
4.19734e-09	0.0282544
4.19746e-09	0.028277
4.19758e-09	0.0282994
4.19771e-09	0.0283216
4.19783e-09	0.0283438
4.19795e-09	0.0283658
4.19807e-09	0.0283877
4.19819e-09	0.0284094
4.19832e-09	0.0284311
4.19844e-09	0.0284525
4.19856e-09	0.0284739
4.19868e-09	0.0284951
4.19881e-09	0.0285162
4.19893e-09	0.0285372
4.19905e-09	0.028558
4.19917e-09	0.0285787
4.19929e-09	0.0285993
4.19942e-09	0.0286197
4.19954e-09	0.02864
4.19966e-09	0.0286602
4.19978e-09	0.0286802
4.19991e-09	0.0287001
4.20003e-09	0.0287199
4.20015e-09	0.0287396
4.20027e-09	0.0287591
4.20039e-09	0.0287785
4.20052e-09	0.0287977
4.20064e-09	0.0288169
4.20076e-09	0.0288359
4.20088e-09	0.0288547
4.20101e-09	0.0288735
4.20113e-09	0.0288921
4.20125e-09	0.0289105
4.20137e-09	0.0289289
4.20149e-09	0.0289471
4.20162e-09	0.0289652
4.20174e-09	0.0289831
4.20186e-09	0.029001
4.20198e-09	0.0290186
4.20211e-09	0.0290362
4.20223e-09	0.0290536
4.20235e-09	0.0290709
4.20247e-09	0.0290881
4.20259e-09	0.0291052
4.20272e-09	0.0291221
4.20284e-09	0.0291389
4.20296e-09	0.0291555
4.20308e-09	0.029172
4.20321e-09	0.0291884
4.20333e-09	0.0292047
4.20345e-09	0.0292208
4.20357e-09	0.0292369
4.2037e-09	0.0292527
4.20382e-09	0.0292685
4.20394e-09	0.0292841
4.20406e-09	0.0292996
4.20418e-09	0.029315
4.20431e-09	0.0293302
4.20443e-09	0.0293453
4.20455e-09	0.0293603
4.20467e-09	0.0293751
4.2048e-09	0.0293898
4.20492e-09	0.0294044
4.20504e-09	0.0294189
4.20516e-09	0.0294332
4.20528e-09	0.0294474
4.20541e-09	0.0294615
4.20553e-09	0.0294755
4.20565e-09	0.0294893
4.20577e-09	0.029503
4.2059e-09	0.0295166
4.20602e-09	0.02953
4.20614e-09	0.0295433
4.20626e-09	0.0295565
4.20638e-09	0.0295696
4.20651e-09	0.0295825
4.20663e-09	0.0295953
4.20675e-09	0.029608
4.20687e-09	0.0296205
4.207e-09	0.0296329
4.20712e-09	0.0296452
4.20724e-09	0.0296574
4.20736e-09	0.0296694
4.20748e-09	0.0296814
4.20761e-09	0.0296932
4.20773e-09	0.0297048
4.20785e-09	0.0297163
4.20797e-09	0.0297278
4.2081e-09	0.029739
4.20822e-09	0.0297502
4.20834e-09	0.0297612
4.20846e-09	0.0297721
4.20858e-09	0.0297829
4.20871e-09	0.0297936
4.20883e-09	0.0298041
4.20895e-09	0.0298145
4.20907e-09	0.0298248
4.2092e-09	0.0298349
4.20932e-09	0.0298449
4.20944e-09	0.0298548
4.20956e-09	0.0298646
4.20968e-09	0.0298743
4.20981e-09	0.0298838
4.20993e-09	0.0298932
4.21005e-09	0.0299025
4.21017e-09	0.0299116
4.2103e-09	0.0299206
4.21042e-09	0.0299295
4.21054e-09	0.0299383
4.21066e-09	0.029947
4.21078e-09	0.0299555
4.21091e-09	0.0299639
4.21103e-09	0.0299722
4.21115e-09	0.0299803
4.21127e-09	0.0299883
4.2114e-09	0.0299962
4.21152e-09	0.030004
4.21164e-09	0.0300117
4.21176e-09	0.0300192
4.21188e-09	0.0300266
4.21201e-09	0.0300339
4.21213e-09	0.0300411
4.21225e-09	0.0300481
4.21237e-09	0.0300551
4.2125e-09	0.0300619
4.21262e-09	0.0300685
4.21274e-09	0.0300751
4.21286e-09	0.0300815
4.21298e-09	0.0300878
4.21311e-09	0.030094
4.21323e-09	0.0301001
4.21335e-09	0.030106
4.21347e-09	0.0301118
4.2136e-09	0.0301175
4.21372e-09	0.0301231
4.21384e-09	0.0301285
4.21396e-09	0.0301339
4.21409e-09	0.0301391
4.21421e-09	0.0301441
4.21433e-09	0.0301491
4.21445e-09	0.030154
4.21457e-09	0.0301587
4.2147e-09	0.0301633
4.21482e-09	0.0301678
4.21494e-09	0.0301721
4.21506e-09	0.0301764
4.21519e-09	0.0301805
4.21531e-09	0.0301845
4.21543e-09	0.0301883
4.21555e-09	0.0301921
4.21567e-09	0.0301957
4.2158e-09	0.0301993
4.21592e-09	0.0302027
4.21604e-09	0.0302059
4.21616e-09	0.0302091
4.21629e-09	0.0302121
4.21641e-09	0.030215
4.21653e-09	0.0302178
4.21665e-09	0.0302205
4.21677e-09	0.0302231
4.2169e-09	0.0302255
4.21702e-09	0.0302278
4.21714e-09	0.03023
4.21726e-09	0.0302321
4.21739e-09	0.0302341
4.21751e-09	0.0302359
4.21763e-09	0.0302377
4.21775e-09	0.0302393
4.21787e-09	0.0302408
4.218e-09	0.0302421
4.21812e-09	0.0302434
4.21824e-09	0.0302445
4.21836e-09	0.0302456
4.21849e-09	0.0302465
4.21861e-09	0.0302472
4.21873e-09	0.0302479
4.21885e-09	0.0302485
4.21897e-09	0.0302489
4.2191e-09	0.0302492
4.21922e-09	0.0302494
4.21934e-09	0.0302495
4.21946e-09	0.0302495
4.21959e-09	0.0302493
4.21971e-09	0.030249
4.21983e-09	0.0302487
4.21995e-09	0.0302482
4.22007e-09	0.0302475
4.2202e-09	0.0302468
4.22032e-09	0.030246
4.22044e-09	0.030245
4.22056e-09	0.0302439
4.22069e-09	0.0302427
4.22081e-09	0.0302414
4.22093e-09	0.03024
4.22105e-09	0.0302385
4.22117e-09	0.0302368
4.2213e-09	0.030235
4.22142e-09	0.0302332
4.22154e-09	0.0302312
4.22166e-09	0.030229
4.22179e-09	0.0302268
4.22191e-09	0.0302245
4.22203e-09	0.030222
4.22215e-09	0.0302194
4.22227e-09	0.0302168
4.2224e-09	0.030214
4.22252e-09	0.0302111
4.22264e-09	0.030208
4.22276e-09	0.0302049
4.22289e-09	0.0302017
4.22301e-09	0.0301983
4.22313e-09	0.0301948
4.22325e-09	0.0301912
4.22338e-09	0.0301875
4.2235e-09	0.0301837
4.22362e-09	0.0301798
4.22374e-09	0.0301758
4.22386e-09	0.0301716
4.22399e-09	0.0301673
4.22411e-09	0.030163
4.22423e-09	0.0301585
4.22435e-09	0.0301539
4.22448e-09	0.0301492
4.2246e-09	0.0301444
4.22472e-09	0.0301394
4.22484e-09	0.0301344
4.22496e-09	0.0301292
4.22509e-09	0.030124
4.22521e-09	0.0301186
4.22533e-09	0.0301131
4.22545e-09	0.0301075
4.22558e-09	0.0301018
4.2257e-09	0.030096
4.22582e-09	0.0300901
4.22594e-09	0.030084
4.22606e-09	0.0300779
4.22619e-09	0.0300716
4.22631e-09	0.0300653
4.22643e-09	0.0300588
4.22655e-09	0.0300522
4.22668e-09	0.0300455
4.2268e-09	0.0300387
4.22692e-09	0.0300318
4.22704e-09	0.0300248
4.22716e-09	0.0300177
4.22729e-09	0.0300105
4.22741e-09	0.0300031
4.22753e-09	0.0299957
4.22765e-09	0.0299881
4.22778e-09	0.0299805
4.2279e-09	0.0299727
4.22802e-09	0.0299648
4.22814e-09	0.0299568
4.22826e-09	0.0299487
4.22839e-09	0.0299405
4.22851e-09	0.0299322
4.22863e-09	0.0299238
4.22875e-09	0.0299153
4.22888e-09	0.0299067
4.229e-09	0.0298979
4.22912e-09	0.0298891
4.22924e-09	0.0298801
4.22936e-09	0.0298711
4.22949e-09	0.0298619
4.22961e-09	0.0298527
4.22973e-09	0.0298433
4.22985e-09	0.0298338
4.22998e-09	0.0298243
4.2301e-09	0.0298146
4.23022e-09	0.0298048
4.23034e-09	0.0297949
4.23046e-09	0.0297849
4.23059e-09	0.0297748
4.23071e-09	0.0297646
4.23083e-09	0.0297543
4.23095e-09	0.0297439
4.23108e-09	0.0297334
4.2312e-09	0.0297227
4.23132e-09	0.029712
4.23144e-09	0.0297012
4.23156e-09	0.0296903
4.23169e-09	0.0296792
4.23181e-09	0.0296681
4.23193e-09	0.0296569
4.23205e-09	0.0296455
4.23218e-09	0.0296341
4.2323e-09	0.0296225
4.23242e-09	0.0296109
4.23254e-09	0.0295991
4.23266e-09	0.0295873
4.23279e-09	0.0295753
4.23291e-09	0.0295633
4.23303e-09	0.0295511
4.23315e-09	0.0295389
4.23328e-09	0.0295265
4.2334e-09	0.029514
4.23352e-09	0.0295015
4.23364e-09	0.0294888
4.23377e-09	0.0294761
4.23389e-09	0.0294632
4.23401e-09	0.0294502
4.23413e-09	0.0294372
4.23425e-09	0.029424
4.23438e-09	0.0294108
4.2345e-09	0.0293974
4.23462e-09	0.0293839
4.23474e-09	0.0293704
4.23487e-09	0.0293567
4.23499e-09	0.029343
4.23511e-09	0.0293291
4.23523e-09	0.0293152
4.23535e-09	0.0293011
4.23548e-09	0.029287
4.2356e-09	0.0292727
4.23572e-09	0.0292584
4.23584e-09	0.0292439
4.23597e-09	0.0292294
4.23609e-09	0.0292148
4.23621e-09	0.0292
4.23633e-09	0.0291852
4.23645e-09	0.0291703
4.23658e-09	0.0291552
4.2367e-09	0.0291401
4.23682e-09	0.0291249
4.23694e-09	0.0291096
4.23707e-09	0.0290942
4.23719e-09	0.0290787
4.23731e-09	0.0290631
4.23743e-09	0.0290474
4.23755e-09	0.0290316
4.23768e-09	0.0290157
4.2378e-09	0.0289997
4.23792e-09	0.0289836
4.23804e-09	0.0289674
4.23817e-09	0.0289512
4.23829e-09	0.0289348
4.23841e-09	0.0289184
4.23853e-09	0.0289018
4.23865e-09	0.0288852
4.23878e-09	0.0288684
4.2389e-09	0.0288516
4.23902e-09	0.0288347
4.23914e-09	0.0288176
4.23927e-09	0.0288005
4.23939e-09	0.0287833
4.23951e-09	0.028766
4.23963e-09	0.0287486
4.23975e-09	0.0287311
4.23988e-09	0.0287136
4.24e-09	0.0286959
4.24012e-09	0.0286781
4.24024e-09	0.0286603
4.24037e-09	0.0286423
4.24049e-09	0.0286243
4.24061e-09	0.0286062
4.24073e-09	0.028588
4.24085e-09	0.0285696
4.24098e-09	0.0285512
4.2411e-09	0.0285328
4.24122e-09	0.0285142
4.24134e-09	0.0284955
4.24147e-09	0.0284767
4.24159e-09	0.0284579
4.24171e-09	0.0284389
4.24183e-09	0.0284199
4.24195e-09	0.0284008
4.24208e-09	0.0283816
4.2422e-09	0.0283623
4.24232e-09	0.0283429
4.24244e-09	0.0283234
4.24257e-09	0.0283038
4.24269e-09	0.0282842
4.24281e-09	0.0282645
4.24293e-09	0.0282446
4.24306e-09	0.0282247
4.24318e-09	0.0282047
4.2433e-09	0.0281846
4.24342e-09	0.0281644
4.24354e-09	0.0281441
4.24367e-09	0.0281238
4.24379e-09	0.0281033
4.24391e-09	0.0280828
4.24403e-09	0.0280622
4.24416e-09	0.0280415
4.24428e-09	0.0280207
4.2444e-09	0.0279998
4.24452e-09	0.0279789
4.24464e-09	0.0279578
4.24477e-09	0.0279367
4.24489e-09	0.0279155
4.24501e-09	0.0278942
4.24513e-09	0.0278728
4.24526e-09	0.0278513
4.24538e-09	0.0278298
4.2455e-09	0.0278081
4.24562e-09	0.0277864
4.24574e-09	0.0277646
4.24587e-09	0.0277427
4.24599e-09	0.0277207
4.24611e-09	0.0276986
4.24623e-09	0.0276765
4.24636e-09	0.0276543
4.24648e-09	0.0276319
4.2466e-09	0.0276096
4.24672e-09	0.0275871
4.24684e-09	0.0275645
4.24697e-09	0.0275419
4.24709e-09	0.0275191
4.24721e-09	0.0274963
4.24733e-09	0.0274734
4.24746e-09	0.0274505
4.24758e-09	0.0274274
4.2477e-09	0.0274043
4.24782e-09	0.0273811
4.24794e-09	0.0273578
4.24807e-09	0.0273344
4.24819e-09	0.0273109
4.24831e-09	0.0272874
4.24843e-09	0.0272638
4.24856e-09	0.0272401
4.24868e-09	0.0272163
4.2488e-09	0.0271924
4.24892e-09	0.0271685
4.24904e-09	0.0271445
4.24917e-09	0.0271204
4.24929e-09	0.0270962
4.24941e-09	0.027072
4.24953e-09	0.0270476
4.24966e-09	0.0270232
4.24978e-09	0.0269987
4.2499e-09	0.0269742
4.25002e-09	0.0269495
4.25014e-09	0.0269248
4.25027e-09	0.0269
4.25039e-09	0.0268751
4.25051e-09	0.0268502
4.25063e-09	0.0268251
4.25076e-09	0.0268
4.25088e-09	0.0267748
4.251e-09	0.0267496
4.25112e-09	0.0267242
4.25124e-09	0.0266988
4.25137e-09	0.0266733
4.25149e-09	0.0266477
4.25161e-09	0.0266221
4.25173e-09	0.0265964
4.25186e-09	0.0265706
4.25198e-09	0.0265447
4.2521e-09	0.0265188
4.25222e-09	0.0264927
4.25234e-09	0.0264666
4.25247e-09	0.0264405
4.25259e-09	0.0264142
4.25271e-09	0.0263879
4.25283e-09	0.0263615
4.25296e-09	0.0263351
4.25308e-09	0.0263085
4.2532e-09	0.0262819
4.25332e-09	0.0262552
4.25345e-09	0.0262285
4.25357e-09	0.0262016
4.25369e-09	0.0261747
4.25381e-09	0.0261478
4.25393e-09	0.0261207
4.25406e-09	0.0260936
4.25418e-09	0.0260664
4.2543e-09	0.0260391
4.25442e-09	0.0260118
4.25455e-09	0.0259844
4.25467e-09	0.0259569
4.25479e-09	0.0259294
4.25491e-09	0.0259018
4.25503e-09	0.0258741
4.25516e-09	0.0258463
4.25528e-09	0.0258185
4.2554e-09	0.0257906
4.25552e-09	0.0257626
4.25565e-09	0.0257346
4.25577e-09	0.0257065
4.25589e-09	0.0256783
4.25601e-09	0.0256501
4.25613e-09	0.0256217
4.25626e-09	0.0255934
4.25638e-09	0.0255649
4.2565e-09	0.0255364
4.25662e-09	0.0255078
4.25675e-09	0.0254791
4.25687e-09	0.0254504
4.25699e-09	0.0254216
4.25711e-09	0.0253928
4.25723e-09	0.0253638
4.25736e-09	0.0253348
4.25748e-09	0.0253058
4.2576e-09	0.0252766
4.25772e-09	0.0252475
4.25785e-09	0.0252182
4.25797e-09	0.0251889
4.25809e-09	0.0251595
4.25821e-09	0.02513
4.25833e-09	0.0251005
4.25846e-09	0.0250709
4.25858e-09	0.0250413
4.2587e-09	0.0250115
4.25882e-09	0.0249817
4.25895e-09	0.0249519
4.25907e-09	0.024922
4.25919e-09	0.024892
4.25931e-09	0.024862
4.25943e-09	0.0248319
4.25956e-09	0.0248017
4.25968e-09	0.0247715
4.2598e-09	0.0247412
4.25992e-09	0.0247108
4.26005e-09	0.0246804
4.26017e-09	0.0246499
4.26029e-09	0.0246194
4.26041e-09	0.0245887
4.26053e-09	0.0245581
4.26066e-09	0.0245273
4.26078e-09	0.0244965
4.2609e-09	0.0244657
4.26102e-09	0.0244348
4.26115e-09	0.0244038
4.26127e-09	0.0243727
4.26139e-09	0.0243416
4.26151e-09	0.0243105
4.26163e-09	0.0242793
4.26176e-09	0.024248
4.26188e-09	0.0242166
4.262e-09	0.0241852
4.26212e-09	0.0241538
4.26225e-09	0.0241222
4.26237e-09	0.0240906
4.26249e-09	0.024059
4.26261e-09	0.0240273
4.26274e-09	0.0239955
4.26286e-09	0.0239637
4.26298e-09	0.0239318
4.2631e-09	0.0238999
4.26322e-09	0.0238679
4.26335e-09	0.0238359
4.26347e-09	0.0238038
4.26359e-09	0.0237716
4.26371e-09	0.0237394
4.26384e-09	0.0237071
4.26396e-09	0.0236748
4.26408e-09	0.0236424
4.2642e-09	0.0236099
4.26432e-09	0.0235774
4.26445e-09	0.0235448
4.26457e-09	0.0235122
4.26469e-09	0.0234795
4.26481e-09	0.0234468
4.26494e-09	0.023414
4.26506e-09	0.0233812
4.26518e-09	0.0233483
4.2653e-09	0.0233153
4.26542e-09	0.0232823
4.26555e-09	0.0232493
4.26567e-09	0.0232161
4.26579e-09	0.023183
4.26591e-09	0.0231498
4.26604e-09	0.0231165
4.26616e-09	0.0230831
4.26628e-09	0.0230498
4.2664e-09	0.0230163
4.26652e-09	0.0229828
4.26665e-09	0.0229493
4.26677e-09	0.0229157
4.26689e-09	0.022882
4.26701e-09	0.0228483
4.26714e-09	0.0228146
4.26726e-09	0.0227808
4.26738e-09	0.0227469
4.2675e-09	0.022713
4.26762e-09	0.0226791
4.26775e-09	0.022645
4.26787e-09	0.022611
4.26799e-09	0.0225769
4.26811e-09	0.0225427
4.26824e-09	0.0225085
4.26836e-09	0.0224742
4.26848e-09	0.0224399
4.2686e-09	0.0224056
4.26872e-09	0.0223711
4.26885e-09	0.0223367
4.26897e-09	0.0223022
4.26909e-09	0.0222676
4.26921e-09	0.022233
4.26934e-09	0.0221983
4.26946e-09	0.0221636
4.26958e-09	0.0221289
4.2697e-09	0.0220941
4.26982e-09	0.0220592
4.26995e-09	0.0220243
4.27007e-09	0.0219894
4.27019e-09	0.0219544
4.27031e-09	0.0219194
4.27044e-09	0.0218843
4.27056e-09	0.0218491
4.27068e-09	0.0218139
4.2708e-09	0.0217787
4.27092e-09	0.0217434
4.27105e-09	0.0217081
4.27117e-09	0.0216728
4.27129e-09	0.0216374
4.27141e-09	0.0216019
4.27154e-09	0.0215664
4.27166e-09	0.0215308
4.27178e-09	0.0214953
4.2719e-09	0.0214596
4.27202e-09	0.0214239
4.27215e-09	0.0213882
4.27227e-09	0.0213524
4.27239e-09	0.0213166
4.27251e-09	0.0212808
4.27264e-09	0.0212449
4.27276e-09	0.0212089
4.27288e-09	0.0211729
4.273e-09	0.0211369
4.27313e-09	0.0211008
4.27325e-09	0.0210647
4.27337e-09	0.0210286
4.27349e-09	0.0209924
4.27361e-09	0.0209561
4.27374e-09	0.0209198
4.27386e-09	0.0208835
4.27398e-09	0.0208471
4.2741e-09	0.0208107
4.27423e-09	0.0207743
4.27435e-09	0.0207378
4.27447e-09	0.0207012
4.27459e-09	0.0206647
4.27471e-09	0.0206281
4.27484e-09	0.0205914
4.27496e-09	0.0205547
4.27508e-09	0.020518
4.2752e-09	0.0204812
4.27533e-09	0.0204444
4.27545e-09	0.0204075
4.27557e-09	0.0203706
4.27569e-09	0.0203337
4.27581e-09	0.0202968
4.27594e-09	0.0202597
4.27606e-09	0.0202227
4.27618e-09	0.0201856
4.2763e-09	0.0201485
4.27643e-09	0.0201113
4.27655e-09	0.0200741
4.27667e-09	0.0200369
4.27679e-09	0.0199996
4.27691e-09	0.0199623
4.27704e-09	0.019925
4.27716e-09	0.0198876
4.27728e-09	0.0198502
4.2774e-09	0.0198127
4.27753e-09	0.0197752
4.27765e-09	0.0197377
4.27777e-09	0.0197001
4.27789e-09	0.0196625
4.27801e-09	0.0196249
4.27814e-09	0.0195872
4.27826e-09	0.0195495
4.27838e-09	0.0195118
4.2785e-09	0.019474
4.27863e-09	0.0194362
4.27875e-09	0.0193984
4.27887e-09	0.0193605
4.27899e-09	0.0193226
4.27911e-09	0.0192846
4.27924e-09	0.0192467
4.27936e-09	0.0192087
4.27948e-09	0.0191706
4.2796e-09	0.0191325
4.27973e-09	0.0190944
4.27985e-09	0.0190563
4.27997e-09	0.0190181
4.28009e-09	0.0189799
4.28021e-09	0.0189417
4.28034e-09	0.0189034
4.28046e-09	0.0188651
4.28058e-09	0.0188268
4.2807e-09	0.0187884
4.28083e-09	0.01875
4.28095e-09	0.0187116
4.28107e-09	0.0186731
4.28119e-09	0.0186346
4.28131e-09	0.0185961
4.28144e-09	0.0185576
4.28156e-09	0.018519
4.28168e-09	0.0184804
4.2818e-09	0.0184417
4.28193e-09	0.0184031
4.28205e-09	0.0183644
4.28217e-09	0.0183257
4.28229e-09	0.0182869
4.28242e-09	0.0182481
4.28254e-09	0.0182093
4.28266e-09	0.0181705
4.28278e-09	0.0181316
4.2829e-09	0.0180927
4.28303e-09	0.0180538
4.28315e-09	0.0180148
4.28327e-09	0.0179759
4.28339e-09	0.0179369
4.28352e-09	0.0178978
4.28364e-09	0.0178588
4.28376e-09	0.0178197
4.28388e-09	0.0177806
4.284e-09	0.0177414
4.28413e-09	0.0177023
4.28425e-09	0.0176631
4.28437e-09	0.0176239
4.28449e-09	0.0175846
4.28462e-09	0.0175453
4.28474e-09	0.017506
4.28486e-09	0.0174667
4.28498e-09	0.0174274
4.2851e-09	0.017388
4.28523e-09	0.0173486
4.28535e-09	0.0173092
4.28547e-09	0.0172698
4.28559e-09	0.0172303
4.28572e-09	0.0171908
4.28584e-09	0.0171513
4.28596e-09	0.0171118
4.28608e-09	0.0170722
4.2862e-09	0.0170326
4.28633e-09	0.016993
4.28645e-09	0.0169534
4.28657e-09	0.0169138
4.28669e-09	0.0168741
4.28682e-09	0.0168344
4.28694e-09	0.0167947
4.28706e-09	0.0167549
4.28718e-09	0.0167152
4.2873e-09	0.0166754
4.28743e-09	0.0166356
4.28755e-09	0.0165958
4.28767e-09	0.0165559
4.28779e-09	0.0165161
4.28792e-09	0.0164762
4.28804e-09	0.0164363
4.28816e-09	0.0163964
4.28828e-09	0.0163564
4.2884e-09	0.0163164
4.28853e-09	0.0162765
4.28865e-09	0.0162365
4.28877e-09	0.0161964
4.28889e-09	0.0161564
4.28902e-09	0.0161163
4.28914e-09	0.0160762
4.28926e-09	0.0160361
4.28938e-09	0.015996
4.2895e-09	0.0159559
4.28963e-09	0.0159157
4.28975e-09	0.0158756
4.28987e-09	0.0158354
4.28999e-09	0.0157952
4.29012e-09	0.015755
4.29024e-09	0.0157147
4.29036e-09	0.0156745
4.29048e-09	0.0156342
4.2906e-09	0.0155939
4.29073e-09	0.0155536
4.29085e-09	0.0155133
4.29097e-09	0.0154729
4.29109e-09	0.0154326
4.29122e-09	0.0153922
4.29134e-09	0.0153518
4.29146e-09	0.0153114
4.29158e-09	0.015271
4.2917e-09	0.0152306
4.29183e-09	0.0151901
4.29195e-09	0.0151497
4.29207e-09	0.0151092
4.29219e-09	0.0150687
4.29232e-09	0.0150282
4.29244e-09	0.0149877
4.29256e-09	0.0149471
4.29268e-09	0.0149066
4.29281e-09	0.014866
4.29293e-09	0.0148255
4.29305e-09	0.0147849
4.29317e-09	0.0147443
4.29329e-09	0.0147037
4.29342e-09	0.014663
4.29354e-09	0.0146224
4.29366e-09	0.0145817
4.29378e-09	0.0145411
4.29391e-09	0.0145004
4.29403e-09	0.0144597
4.29415e-09	0.014419
4.29427e-09	0.0143783
4.29439e-09	0.0143376
4.29452e-09	0.0142969
4.29464e-09	0.0142561
4.29476e-09	0.0142154
4.29488e-09	0.0141746
4.29501e-09	0.0141339
4.29513e-09	0.0140931
4.29525e-09	0.0140523
4.29537e-09	0.0140115
4.29549e-09	0.0139707
4.29562e-09	0.0139299
4.29574e-09	0.013889
4.29586e-09	0.0138482
4.29598e-09	0.0138073
4.29611e-09	0.0137665
4.29623e-09	0.0137256
4.29635e-09	0.0136848
4.29647e-09	0.0136439
4.29659e-09	0.013603
4.29672e-09	0.0135621
4.29684e-09	0.0135212
4.29696e-09	0.0134803
4.29708e-09	0.0134393
4.29721e-09	0.0133984
4.29733e-09	0.0133575
4.29745e-09	0.0133165
4.29757e-09	0.0132756
4.29769e-09	0.0132346
4.29782e-09	0.0131937
4.29794e-09	0.0131527
4.29806e-09	0.0131117
4.29818e-09	0.0130708
4.29831e-09	0.0130298
4.29843e-09	0.0129888
4.29855e-09	0.0129478
4.29867e-09	0.0129068
4.29879e-09	0.0128658
4.29892e-09	0.0128248
4.29904e-09	0.0127838
4.29916e-09	0.0127427
4.29928e-09	0.0127017
4.29941e-09	0.0126607
4.29953e-09	0.0126197
4.29965e-09	0.0125786
4.29977e-09	0.0125376
4.29989e-09	0.0124965
4.30002e-09	0.0124555
4.30014e-09	0.0124144
4.30026e-09	0.0123734
4.30038e-09	0.0123323
4.30051e-09	0.0122913
4.30063e-09	0.0122502
4.30075e-09	0.0122091
4.30087e-09	0.0121681
4.30099e-09	0.012127
4.30112e-09	0.0120859
4.30124e-09	0.0120449
4.30136e-09	0.0120038
4.30148e-09	0.0119627
4.30161e-09	0.0119216
4.30173e-09	0.0118806
4.30185e-09	0.0118395
4.30197e-09	0.0117984
4.3021e-09	0.0117573
4.30222e-09	0.0117163
4.30234e-09	0.0116752
4.30246e-09	0.0116341
4.30258e-09	0.011593
4.30271e-09	0.0115519
4.30283e-09	0.0115109
4.30295e-09	0.0114698
4.30307e-09	0.0114287
4.3032e-09	0.0113876
4.30332e-09	0.0113465
4.30344e-09	0.0113055
4.30356e-09	0.0112644
4.30368e-09	0.0112233
4.30381e-09	0.0111823
4.30393e-09	0.0111412
4.30405e-09	0.0111001
4.30417e-09	0.0110591
4.3043e-09	0.011018
4.30442e-09	0.0109769
4.30454e-09	0.0109359
4.30466e-09	0.0108948
4.30478e-09	0.0108538
4.30491e-09	0.0108127
4.30503e-09	0.0107717
4.30515e-09	0.0107306
4.30527e-09	0.0106896
4.3054e-09	0.0106486
4.30552e-09	0.0106075
4.30564e-09	0.0105665
4.30576e-09	0.0105255
4.30588e-09	0.0104845
4.30601e-09	0.0104435
4.30613e-09	0.0104025
4.30625e-09	0.0103615
4.30637e-09	0.0103205
4.3065e-09	0.0102795
4.30662e-09	0.0102385
4.30674e-09	0.0101975
4.30686e-09	0.0101565
4.30698e-09	0.0101155
4.30711e-09	0.0100746
4.30723e-09	0.0100336
4.30735e-09	0.00999267
4.30747e-09	0.00995173
4.3076e-09	0.00991079
4.30772e-09	0.00986986
4.30784e-09	0.00982893
4.30796e-09	0.00978801
4.30808e-09	0.0097471
4.30821e-09	0.0097062
4.30833e-09	0.0096653
4.30845e-09	0.00962441
4.30857e-09	0.00958353
4.3087e-09	0.00954266
4.30882e-09	0.00950179
4.30894e-09	0.00946094
4.30906e-09	0.00942009
4.30918e-09	0.00937925
4.30931e-09	0.00933842
4.30943e-09	0.00929759
4.30955e-09	0.00925678
4.30967e-09	0.00921598
4.3098e-09	0.00917518
4.30992e-09	0.0091344
4.31004e-09	0.00909362
4.31016e-09	0.00905286
4.31028e-09	0.0090121
4.31041e-09	0.00897135
4.31053e-09	0.00893062
4.31065e-09	0.00888989
4.31077e-09	0.00884918
4.3109e-09	0.00880847
4.31102e-09	0.00876778
4.31114e-09	0.0087271
4.31126e-09	0.00868643
4.31138e-09	0.00864577
4.31151e-09	0.00860512
4.31163e-09	0.00856448
4.31175e-09	0.00852386
4.31187e-09	0.00848325
4.312e-09	0.00844264
4.31212e-09	0.00840205
4.31224e-09	0.00836148
4.31236e-09	0.00832091
4.31249e-09	0.00828036
4.31261e-09	0.00823982
4.31273e-09	0.0081993
4.31285e-09	0.00815878
4.31297e-09	0.00811828
4.3131e-09	0.0080778
4.31322e-09	0.00803732
4.31334e-09	0.00799686
4.31346e-09	0.00795642
4.31359e-09	0.00791599
4.31371e-09	0.00787557
4.31383e-09	0.00783517
4.31395e-09	0.00779478
4.31407e-09	0.0077544
4.3142e-09	0.00771404
4.31432e-09	0.0076737
4.31444e-09	0.00763337
4.31456e-09	0.00759305
4.31469e-09	0.00755275
4.31481e-09	0.00751247
4.31493e-09	0.0074722
4.31505e-09	0.00743194
4.31517e-09	0.00739171
4.3153e-09	0.00735148
4.31542e-09	0.00731128
4.31554e-09	0.00727109
4.31566e-09	0.00723091
4.31579e-09	0.00719076
4.31591e-09	0.00715062
4.31603e-09	0.00711049
4.31615e-09	0.00707039
4.31627e-09	0.0070303
4.3164e-09	0.00699023
4.31652e-09	0.00695017
4.31664e-09	0.00691013
4.31676e-09	0.00687011
4.31689e-09	0.00683011
4.31701e-09	0.00679013
4.31713e-09	0.00675016
4.31725e-09	0.00671021
4.31737e-09	0.00667028
4.3175e-09	0.00663037
4.31762e-09	0.00659048
4.31774e-09	0.0065506
4.31786e-09	0.00651075
4.31799e-09	0.00647091
4.31811e-09	0.00643109
4.31823e-09	0.00639129
4.31835e-09	0.00635152
4.31847e-09	0.00631176
4.3186e-09	0.00627202
4.31872e-09	0.0062323
4.31884e-09	0.0061926
4.31896e-09	0.00615292
4.31909e-09	0.00611326
4.31921e-09	0.00607362
4.31933e-09	0.006034
4.31945e-09	0.0059944
4.31957e-09	0.00595482
4.3197e-09	0.00591527
4.31982e-09	0.00587573
4.31994e-09	0.00583622
4.32006e-09	0.00579672
4.32019e-09	0.00575725
4.32031e-09	0.0057178
4.32043e-09	0.00567837
4.32055e-09	0.00563897
4.32067e-09	0.00559958
4.3208e-09	0.00556022
4.32092e-09	0.00552088
4.32104e-09	0.00548156
4.32116e-09	0.00544226
4.32129e-09	0.00540299
4.32141e-09	0.00536374
4.32153e-09	0.00532451
4.32165e-09	0.00528531
4.32178e-09	0.00524613
4.3219e-09	0.00520697
4.32202e-09	0.00516783
4.32214e-09	0.00512872
4.32226e-09	0.00508963
4.32239e-09	0.00505057
4.32251e-09	0.00501153
4.32263e-09	0.00497251
4.32275e-09	0.00493352
4.32288e-09	0.00489455
4.323e-09	0.00485561
4.32312e-09	0.00481669
4.32324e-09	0.00477779
4.32336e-09	0.00473893
4.32349e-09	0.00470008
4.32361e-09	0.00466126
4.32373e-09	0.00462247
4.32385e-09	0.0045837
4.32398e-09	0.00454495
4.3241e-09	0.00450623
4.32422e-09	0.00446754
4.32434e-09	0.00442888
4.32446e-09	0.00439023
4.32459e-09	0.00435162
4.32471e-09	0.00431303
4.32483e-09	0.00427447
4.32495e-09	0.00423593
4.32508e-09	0.00419742
4.3252e-09	0.00415894
4.32532e-09	0.00412048
4.32544e-09	0.00408205
4.32556e-09	0.00404365
4.32569e-09	0.00400528
4.32581e-09	0.00396693
4.32593e-09	0.00392861
4.32605e-09	0.00389031
4.32618e-09	0.00385205
4.3263e-09	0.00381381
4.32642e-09	0.0037756
4.32654e-09	0.00373742
4.32666e-09	0.00369926
4.32679e-09	0.00366114
4.32691e-09	0.00362304
4.32703e-09	0.00358497
4.32715e-09	0.00354693
4.32728e-09	0.00350892
4.3274e-09	0.00347094
4.32752e-09	0.00343298
4.32764e-09	0.00339506
4.32776e-09	0.00335716
4.32789e-09	0.0033193
4.32801e-09	0.00328146
4.32813e-09	0.00324365
4.32825e-09	0.00320588
4.32838e-09	0.00316813
4.3285e-09	0.00313041
4.32862e-09	0.00309272
4.32874e-09	0.00305506
4.32886e-09	0.00301744
4.32899e-09	0.00297984
4.32911e-09	0.00294227
4.32923e-09	0.00290474
4.32935e-09	0.00286723
4.32948e-09	0.00282975
4.3296e-09	0.00279231
4.32972e-09	0.0027549
4.32984e-09	0.00271752
4.32996e-09	0.00268016
4.33009e-09	0.00264285
4.33021e-09	0.00260556
4.33033e-09	0.0025683
4.33045e-09	0.00253108
4.33058e-09	0.00249388
4.3307e-09	0.00245672
4.33082e-09	0.00241959
4.33094e-09	0.0023825
4.33106e-09	0.00234543
4.33119e-09	0.0023084
4.33131e-09	0.0022714
4.33143e-09	0.00223444
4.33155e-09	0.0021975
4.33168e-09	0.0021606
4.3318e-09	0.00212373
4.33192e-09	0.0020869
4.33204e-09	0.00205009
4.33217e-09	0.00201332
4.33229e-09	0.00197659
4.33241e-09	0.00193989
4.33253e-09	0.00190322
4.33265e-09	0.00186658
4.33278e-09	0.00182998
4.3329e-09	0.00179341
4.33302e-09	0.00175688
4.33314e-09	0.00172038
4.33327e-09	0.00168392
4.33339e-09	0.00164749
4.33351e-09	0.00161109
4.33363e-09	0.00157473
4.33375e-09	0.0015384
4.33388e-09	0.00150211
4.334e-09	0.00146585
4.33412e-09	0.00142963
4.33424e-09	0.00139344
4.33437e-09	0.00135729
4.33449e-09	0.00132117
4.33461e-09	0.00128509
4.33473e-09	0.00124905
4.33485e-09	0.00121303
4.33498e-09	0.00117706
4.3351e-09	0.00114112
4.33522e-09	0.00110522
4.33534e-09	0.00106935
4.33547e-09	0.00103352
4.33559e-09	0.000997725
4.33571e-09	0.000961966
4.33583e-09	0.000926244
4.33595e-09	0.000890558
4.33608e-09	0.000854909
4.3362e-09	0.000819297
4.33632e-09	0.000783721
4.33644e-09	0.000748183
4.33657e-09	0.000712681
4.33669e-09	0.000677216
4.33681e-09	0.000641789
4.33693e-09	0.000606399
4.33705e-09	0.000571046
4.33718e-09	0.000535731
4.3373e-09	0.000500454
4.33742e-09	0.000465214
4.33754e-09	0.000430012
4.33767e-09	0.000394847
4.33779e-09	0.000359721
4.33791e-09	0.000324633
4.33803e-09	0.000289583
4.33815e-09	0.000254571
4.33828e-09	0.000219598
4.3384e-09	0.000184663
4.33852e-09	0.000149767
4.33864e-09	0.000114909
4.33877e-09	8.00903e-05
4.33889e-09	4.53102e-05
4.33901e-09	1.05691e-05
4.33913e-09	-2.4133e-05
4.33925e-09	-5.87959e-05
4.33938e-09	-9.34196e-05
4.3395e-09	-0.000128004
4.33962e-09	-0.000162549
4.33974e-09	-0.000197055
4.33987e-09	-0.00023152
4.33999e-09	-0.000265947
4.34011e-09	-0.000300333
4.34023e-09	-0.00033468
4.34035e-09	-0.000368986
4.34048e-09	-0.000403253
4.3406e-09	-0.000437479
4.34072e-09	-0.000471665
4.34084e-09	-0.000505811
4.34097e-09	-0.000539917
4.34109e-09	-0.000573981
4.34121e-09	-0.000608006
4.34133e-09	-0.000641989
4.34145e-09	-0.000675932
4.34158e-09	-0.000709834
4.3417e-09	-0.000743695
4.34182e-09	-0.000777515
4.34194e-09	-0.000811294
4.34207e-09	-0.000845032
4.34219e-09	-0.000878728
4.34231e-09	-0.000912383
4.34243e-09	-0.000945996
4.34256e-09	-0.000979568
4.34268e-09	-0.0010131
4.3428e-09	-0.00104659
4.34292e-09	-0.00108003
4.34304e-09	-0.00111344
4.34317e-09	-0.0011468
4.34329e-09	-0.00118012
4.34341e-09	-0.0012134
4.34353e-09	-0.00124664
4.34366e-09	-0.00127983
4.34378e-09	-0.00131298
4.3439e-09	-0.00134609
4.34402e-09	-0.00137916
4.34414e-09	-0.00141218
4.34427e-09	-0.00144516
4.34439e-09	-0.0014781
4.34451e-09	-0.001511
4.34463e-09	-0.00154385
4.34476e-09	-0.00157666
4.34488e-09	-0.00160942
4.345e-09	-0.00164214
4.34512e-09	-0.00167482
4.34524e-09	-0.00170746
4.34537e-09	-0.00174005
4.34549e-09	-0.0017726
4.34561e-09	-0.00180511
4.34573e-09	-0.00183757
4.34586e-09	-0.00186999
4.34598e-09	-0.00190236
4.3461e-09	-0.00193469
4.34622e-09	-0.00196698
4.34634e-09	-0.00199922
4.34647e-09	-0.00203141
4.34659e-09	-0.00206357
4.34671e-09	-0.00209568
4.34683e-09	-0.00212774
4.34696e-09	-0.00215976
4.34708e-09	-0.00219174
4.3472e-09	-0.00222367
4.34732e-09	-0.00225555
4.34744e-09	-0.00228739
4.34757e-09	-0.00231919
4.34769e-09	-0.00235094
4.34781e-09	-0.00238265
4.34793e-09	-0.00241431
4.34806e-09	-0.00244592
4.34818e-09	-0.00247749
4.3483e-09	-0.00250902
4.34842e-09	-0.0025405
4.34854e-09	-0.00257193
4.34867e-09	-0.00260332
4.34879e-09	-0.00263466
4.34891e-09	-0.00266596
4.34903e-09	-0.00269721
4.34916e-09	-0.00272842
4.34928e-09	-0.00275958
4.3494e-09	-0.00279069
4.34952e-09	-0.00282176
4.34964e-09	-0.00285278
4.34977e-09	-0.00288375
4.34989e-09	-0.00291468
4.35001e-09	-0.00294556
4.35013e-09	-0.0029764
4.35026e-09	-0.00300719
4.35038e-09	-0.00303793
4.3505e-09	-0.00306863
4.35062e-09	-0.00309928
4.35074e-09	-0.00312988
4.35087e-09	-0.00316044
4.35099e-09	-0.00319094
4.35111e-09	-0.00322141
4.35123e-09	-0.00325182
4.35136e-09	-0.00328219
4.35148e-09	-0.00331251
4.3516e-09	-0.00334278
4.35172e-09	-0.00337301
4.35185e-09	-0.00340319
4.35197e-09	-0.00343332
4.35209e-09	-0.0034634
4.35221e-09	-0.00349344
4.35233e-09	-0.00352343
4.35246e-09	-0.00355337
4.35258e-09	-0.00358326
4.3527e-09	-0.0036131
4.35282e-09	-0.0036429
4.35295e-09	-0.00367265
4.35307e-09	-0.00370235
4.35319e-09	-0.003732
4.35331e-09	-0.00376161
4.35343e-09	-0.00379116
4.35356e-09	-0.00382067
4.35368e-09	-0.00385013
4.3538e-09	-0.00387954
4.35392e-09	-0.00390891
4.35405e-09	-0.00393822
4.35417e-09	-0.00396749
4.35429e-09	-0.0039967
4.35441e-09	-0.00402587
4.35453e-09	-0.00405499
4.35466e-09	-0.00408406
4.35478e-09	-0.00411308
4.3549e-09	-0.00414205
4.35502e-09	-0.00417098
4.35515e-09	-0.00419985
4.35527e-09	-0.00422868
4.35539e-09	-0.00425745
4.35551e-09	-0.00428618
4.35563e-09	-0.00431486
4.35576e-09	-0.00434349
4.35588e-09	-0.00437206
4.356e-09	-0.00440059
4.35612e-09	-0.00442907
4.35625e-09	-0.0044575
4.35637e-09	-0.00448588
4.35649e-09	-0.00451421
4.35661e-09	-0.00454249
4.35673e-09	-0.00457073
4.35686e-09	-0.00459891
4.35698e-09	-0.00462704
4.3571e-09	-0.00465512
4.35722e-09	-0.00468315
4.35735e-09	-0.00471113
4.35747e-09	-0.00473906
4.35759e-09	-0.00476694
4.35771e-09	-0.00479477
4.35783e-09	-0.00482255
4.35796e-09	-0.00485028
4.35808e-09	-0.00487796
4.3582e-09	-0.00490559
4.35832e-09	-0.00493316
4.35845e-09	-0.00496069
4.35857e-09	-0.00498817
4.35869e-09	-0.00501559
4.35881e-09	-0.00504297
4.35893e-09	-0.00507029
4.35906e-09	-0.00509757
4.35918e-09	-0.00512479
4.3593e-09	-0.00515196
4.35942e-09	-0.00517908
4.35955e-09	-0.00520615
4.35967e-09	-0.00523317
4.35979e-09	-0.00526013
4.35991e-09	-0.00528705
4.36003e-09	-0.00531391
4.36016e-09	-0.00534073
4.36028e-09	-0.00536749
4.3604e-09	-0.0053942
4.36052e-09	-0.00542086
4.36065e-09	-0.00544746
4.36077e-09	-0.00547402
4.36089e-09	-0.00550053
4.36101e-09	-0.00552698
4.36113e-09	-0.00555338
4.36126e-09	-0.00557973
4.36138e-09	-0.00560602
4.3615e-09	-0.00563227
4.36162e-09	-0.00565846
4.36175e-09	-0.00568461
4.36187e-09	-0.0057107
4.36199e-09	-0.00573673
4.36211e-09	-0.00576272
4.36224e-09	-0.00578865
4.36236e-09	-0.00581453
4.36248e-09	-0.00584036
4.3626e-09	-0.00586614
4.36272e-09	-0.00589186
4.36285e-09	-0.00591754
4.36297e-09	-0.00594316
4.36309e-09	-0.00596872
4.36321e-09	-0.00599424
4.36334e-09	-0.0060197
4.36346e-09	-0.00604511
4.36358e-09	-0.00607047
4.3637e-09	-0.00609577
4.36382e-09	-0.00612103
4.36395e-09	-0.00614622
4.36407e-09	-0.00617137
4.36419e-09	-0.00619647
4.36431e-09	-0.00622151
4.36444e-09	-0.00624649
4.36456e-09	-0.00627143
4.36468e-09	-0.00629631
4.3648e-09	-0.00632114
4.36492e-09	-0.00634592
4.36505e-09	-0.00637064
4.36517e-09	-0.00639531
4.36529e-09	-0.00641993
4.36541e-09	-0.00644449
4.36554e-09	-0.006469
4.36566e-09	-0.00649346
4.36578e-09	-0.00651786
4.3659e-09	-0.00654222
4.36602e-09	-0.00656651
4.36615e-09	-0.00659076
4.36627e-09	-0.00661495
4.36639e-09	-0.00663908
4.36651e-09	-0.00666317
4.36664e-09	-0.0066872
4.36676e-09	-0.00671117
4.36688e-09	-0.0067351
4.367e-09	-0.00675897
4.36712e-09	-0.00678278
4.36725e-09	-0.00680654
4.36737e-09	-0.00683025
4.36749e-09	-0.00685391
4.36761e-09	-0.00687751
4.36774e-09	-0.00690105
4.36786e-09	-0.00692455
4.36798e-09	-0.00694799
4.3681e-09	-0.00697137
4.36822e-09	-0.0069947
4.36835e-09	-0.00701798
4.36847e-09	-0.0070412
4.36859e-09	-0.00706437
4.36871e-09	-0.00708749
4.36884e-09	-0.00711055
4.36896e-09	-0.00713355
4.36908e-09	-0.00715651
4.3692e-09	-0.0071794
4.36932e-09	-0.00720225
4.36945e-09	-0.00722504
4.36957e-09	-0.00724777
4.36969e-09	-0.00727045
4.36981e-09	-0.00729308
4.36994e-09	-0.00731565
4.37006e-09	-0.00733817
4.37018e-09	-0.00736063
4.3703e-09	-0.00738304
4.37042e-09	-0.0074054
4.37055e-09	-0.0074277
4.37067e-09	-0.00744994
4.37079e-09	-0.00747213
4.37091e-09	-0.00749427
4.37104e-09	-0.00751635
4.37116e-09	-0.00753838
4.37128e-09	-0.00756035
4.3714e-09	-0.00758227
4.37153e-09	-0.00760413
4.37165e-09	-0.00762594
4.37177e-09	-0.00764769
4.37189e-09	-0.00766939
4.37201e-09	-0.00769103
4.37214e-09	-0.00771262
4.37226e-09	-0.00773415
4.37238e-09	-0.00775563
4.3725e-09	-0.00777706
4.37263e-09	-0.00779843
4.37275e-09	-0.00781974
4.37287e-09	-0.007841
4.37299e-09	-0.0078622
4.37311e-09	-0.00788335
4.37324e-09	-0.00790445
4.37336e-09	-0.00792549
4.37348e-09	-0.00794647
4.3736e-09	-0.0079674
4.37373e-09	-0.00798827
4.37385e-09	-0.00800909
4.37397e-09	-0.00802985
4.37409e-09	-0.00805056
4.37421e-09	-0.00807121
4.37434e-09	-0.00809181
4.37446e-09	-0.00811235
4.37458e-09	-0.00813284
4.3747e-09	-0.00815327
4.37483e-09	-0.00817365
4.37495e-09	-0.00819397
4.37507e-09	-0.00821424
4.37519e-09	-0.00823445
4.37531e-09	-0.0082546
4.37544e-09	-0.0082747
4.37556e-09	-0.00829474
4.37568e-09	-0.00831473
4.3758e-09	-0.00833467
4.37593e-09	-0.00835454
4.37605e-09	-0.00837437
4.37617e-09	-0.00839413
4.37629e-09	-0.00841384
4.37641e-09	-0.0084335
4.37654e-09	-0.0084531
4.37666e-09	-0.00847264
4.37678e-09	-0.00849213
4.3769e-09	-0.00851157
4.37703e-09	-0.00853094
4.37715e-09	-0.00855027
4.37727e-09	-0.00856953
4.37739e-09	-0.00858874
4.37751e-09	-0.0086079
4.37764e-09	-0.008627
4.37776e-09	-0.00864604
4.37788e-09	-0.00866503
4.378e-09	-0.00868396
4.37813e-09	-0.00870284
4.37825e-09	-0.00872166
4.37837e-09	-0.00874043
4.37849e-09	-0.00875914
4.37861e-09	-0.00877779
4.37874e-09	-0.00879639
4.37886e-09	-0.00881493
4.37898e-09	-0.00883342
4.3791e-09	-0.00885185
4.37923e-09	-0.00887022
4.37935e-09	-0.00888854
4.37947e-09	-0.0089068
4.37959e-09	-0.00892501
4.37971e-09	-0.00894316
4.37984e-09	-0.00896126
4.37996e-09	-0.0089793
4.38008e-09	-0.00899728
4.3802e-09	-0.00901521
4.38033e-09	-0.00903308
4.38045e-09	-0.0090509
4.38057e-09	-0.00906866
4.38069e-09	-0.00908636
4.38081e-09	-0.00910401
4.38094e-09	-0.0091216
4.38106e-09	-0.00913914
4.38118e-09	-0.00915662
4.3813e-09	-0.00917404
4.38143e-09	-0.00919141
4.38155e-09	-0.00920873
4.38167e-09	-0.00922598
4.38179e-09	-0.00924318
4.38192e-09	-0.00926033
4.38204e-09	-0.00927742
4.38216e-09	-0.00929445
4.38228e-09	-0.00931143
4.3824e-09	-0.00932835
4.38253e-09	-0.00934521
4.38265e-09	-0.00936202
4.38277e-09	-0.00937878
4.38289e-09	-0.00939547
4.38302e-09	-0.00941211
4.38314e-09	-0.0094287
4.38326e-09	-0.00944523
4.38338e-09	-0.0094617
4.3835e-09	-0.00947812
4.38363e-09	-0.00949448
4.38375e-09	-0.00951078
4.38387e-09	-0.00952703
4.38399e-09	-0.00954322
4.38412e-09	-0.00955936
4.38424e-09	-0.00957544
4.38436e-09	-0.00959147
4.38448e-09	-0.00960744
4.3846e-09	-0.00962335
4.38473e-09	-0.00963921
4.38485e-09	-0.00965501
4.38497e-09	-0.00967075
4.38509e-09	-0.00968644
4.38522e-09	-0.00970207
4.38534e-09	-0.00971765
4.38546e-09	-0.00973317
4.38558e-09	-0.00974863
4.3857e-09	-0.00976404
4.38583e-09	-0.0097794
4.38595e-09	-0.00979469
4.38607e-09	-0.00980993
4.38619e-09	-0.00982512
4.38632e-09	-0.00984025
4.38644e-09	-0.00985532
4.38656e-09	-0.00987034
4.38668e-09	-0.0098853
4.3868e-09	-0.0099002
4.38693e-09	-0.00991505
4.38705e-09	-0.00992985
4.38717e-09	-0.00994458
4.38729e-09	-0.00995926
4.38742e-09	-0.00997389
4.38754e-09	-0.00998846
4.38766e-09	-0.010003
4.38778e-09	-0.0100174
4.3879e-09	-0.0100318
4.38803e-09	-0.0100462
4.38815e-09	-0.0100605
4.38827e-09	-0.0100747
4.38839e-09	-0.0100889
4.38852e-09	-0.010103
4.38864e-09	-0.0101171
4.38876e-09	-0.0101311
4.38888e-09	-0.010145
4.389e-09	-0.0101589
4.38913e-09	-0.0101728
4.38925e-09	-0.0101866
4.38937e-09	-0.0102003
4.38949e-09	-0.010214
4.38962e-09	-0.0102276
4.38974e-09	-0.0102411
4.38986e-09	-0.0102547
4.38998e-09	-0.0102681
4.3901e-09	-0.0102815
4.39023e-09	-0.0102948
4.39035e-09	-0.0103081
4.39047e-09	-0.0103214
4.39059e-09	-0.0103345
4.39072e-09	-0.0103476
4.39084e-09	-0.0103607
4.39096e-09	-0.0103737
4.39108e-09	-0.0103867
4.39121e-09	-0.0103996
4.39133e-09	-0.0104124
4.39145e-09	-0.0104252
4.39157e-09	-0.0104379
4.39169e-09	-0.0104506
4.39182e-09	-0.0104632
4.39194e-09	-0.0104758
4.39206e-09	-0.0104883
4.39218e-09	-0.0105007
4.39231e-09	-0.0105131
4.39243e-09	-0.0105255
4.39255e-09	-0.0105377
4.39267e-09	-0.01055
4.39279e-09	-0.0105621
4.39292e-09	-0.0105743
4.39304e-09	-0.0105863
4.39316e-09	-0.0105983
4.39328e-09	-0.0106103
4.39341e-09	-0.0106222
4.39353e-09	-0.010634
4.39365e-09	-0.0106458
4.39377e-09	-0.0106575
4.39389e-09	-0.0106692
4.39402e-09	-0.0106808
4.39414e-09	-0.0106924
4.39426e-09	-0.0107039
4.39438e-09	-0.0107153
4.39451e-09	-0.0107267
4.39463e-09	-0.0107381
4.39475e-09	-0.0107494
4.39487e-09	-0.0107606
4.39499e-09	-0.0107718
4.39512e-09	-0.0107829
4.39524e-09	-0.010794
4.39536e-09	-0.010805
4.39548e-09	-0.0108159
4.39561e-09	-0.0108268
4.39573e-09	-0.0108377
4.39585e-09	-0.0108485
4.39597e-09	-0.0108592
4.39609e-09	-0.0108699
4.39622e-09	-0.0108805
4.39634e-09	-0.0108911
4.39646e-09	-0.0109016
4.39658e-09	-0.0109121
4.39671e-09	-0.0109225
4.39683e-09	-0.0109328
4.39695e-09	-0.0109431
4.39707e-09	-0.0109534
4.39719e-09	-0.0109636
4.39732e-09	-0.0109737
4.39744e-09	-0.0109838
4.39756e-09	-0.0109938
4.39768e-09	-0.0110038
4.39781e-09	-0.0110137
4.39793e-09	-0.0110235
4.39805e-09	-0.0110333
4.39817e-09	-0.0110431
4.39829e-09	-0.0110528
4.39842e-09	-0.0110624
4.39854e-09	-0.011072
4.39866e-09	-0.0110815
4.39878e-09	-0.011091
4.39891e-09	-0.0111004
4.39903e-09	-0.0111098
4.39915e-09	-0.0111191
4.39927e-09	-0.0111284
4.39939e-09	-0.0111376
4.39952e-09	-0.0111467
4.39964e-09	-0.0111558
4.39976e-09	-0.0111649
4.39988e-09	-0.0111739
4.40001e-09	-0.0111828
4.40013e-09	-0.0111917
4.40025e-09	-0.0112005
4.40037e-09	-0.0112093
4.40049e-09	-0.011218
4.40062e-09	-0.0112266
4.40074e-09	-0.0112353
4.40086e-09	-0.0112438
4.40098e-09	-0.0112523
4.40111e-09	-0.0112608
4.40123e-09	-0.0112691
4.40135e-09	-0.0112775
4.40147e-09	-0.0112858
4.4016e-09	-0.011294
4.40172e-09	-0.0113022
4.40184e-09	-0.0113103
4.40196e-09	-0.0113184
4.40208e-09	-0.0113264
4.40221e-09	-0.0113343
4.40233e-09	-0.0113423
4.40245e-09	-0.0113501
4.40257e-09	-0.0113579
4.4027e-09	-0.0113657
4.40282e-09	-0.0113734
4.40294e-09	-0.011381
4.40306e-09	-0.0113886
4.40318e-09	-0.0113961
4.40331e-09	-0.0114036
4.40343e-09	-0.011411
4.40355e-09	-0.0114184
4.40367e-09	-0.0114257
4.4038e-09	-0.011433
4.40392e-09	-0.0114402
4.40404e-09	-0.0114473
4.40416e-09	-0.0114545
4.40428e-09	-0.0114615
4.40441e-09	-0.0114685
4.40453e-09	-0.0114755
4.40465e-09	-0.0114824
4.40477e-09	-0.0114892
4.4049e-09	-0.011496
4.40502e-09	-0.0115027
4.40514e-09	-0.0115094
4.40526e-09	-0.011516
4.40538e-09	-0.0115226
4.40551e-09	-0.0115291
4.40563e-09	-0.0115356
4.40575e-09	-0.011542
4.40587e-09	-0.0115484
4.406e-09	-0.0115547
4.40612e-09	-0.011561
4.40624e-09	-0.0115672
4.40636e-09	-0.0115733
4.40648e-09	-0.0115794
4.40661e-09	-0.0115855
4.40673e-09	-0.0115915
4.40685e-09	-0.0115974
4.40697e-09	-0.0116033
4.4071e-09	-0.0116091
4.40722e-09	-0.0116149
4.40734e-09	-0.0116207
4.40746e-09	-0.0116263
4.40758e-09	-0.011632
4.40771e-09	-0.0116376
4.40783e-09	-0.0116431
4.40795e-09	-0.0116486
4.40807e-09	-0.011654
4.4082e-09	-0.0116593
4.40832e-09	-0.0116647
4.40844e-09	-0.0116699
4.40856e-09	-0.0116751
4.40868e-09	-0.0116803
4.40881e-09	-0.0116854
4.40893e-09	-0.0116905
4.40905e-09	-0.0116955
4.40917e-09	-0.0117004
4.4093e-09	-0.0117053
4.40942e-09	-0.0117102
4.40954e-09	-0.011715
4.40966e-09	-0.0117197
4.40978e-09	-0.0117244
4.40991e-09	-0.0117291
4.41003e-09	-0.0117337
4.41015e-09	-0.0117382
4.41027e-09	-0.0117427
4.4104e-09	-0.0117472
4.41052e-09	-0.0117515
4.41064e-09	-0.0117559
4.41076e-09	-0.0117602
4.41089e-09	-0.0117644
4.41101e-09	-0.0117686
4.41113e-09	-0.0117727
4.41125e-09	-0.0117768
4.41137e-09	-0.0117808
4.4115e-09	-0.0117848
4.41162e-09	-0.0117887
4.41174e-09	-0.0117926
4.41186e-09	-0.0117965
4.41199e-09	-0.0118002
4.41211e-09	-0.011804
4.41223e-09	-0.0118076
4.41235e-09	-0.0118113
4.41247e-09	-0.0118148
4.4126e-09	-0.0118184
4.41272e-09	-0.0118218
4.41284e-09	-0.0118253
4.41296e-09	-0.0118286
4.41309e-09	-0.011832
4.41321e-09	-0.0118352
4.41333e-09	-0.0118384
4.41345e-09	-0.0118416
4.41357e-09	-0.0118447
4.4137e-09	-0.0118478
4.41382e-09	-0.0118508
4.41394e-09	-0.0118538
4.41406e-09	-0.0118567
4.41419e-09	-0.0118596
4.41431e-09	-0.0118624
4.41443e-09	-0.0118652
4.41455e-09	-0.0118679
4.41467e-09	-0.0118706
4.4148e-09	-0.0118732
4.41492e-09	-0.0118758
4.41504e-09	-0.0118783
4.41516e-09	-0.0118808
4.41529e-09	-0.0118832
4.41541e-09	-0.0118856
4.41553e-09	-0.0118879
4.41565e-09	-0.0118902
4.41577e-09	-0.0118924
4.4159e-09	-0.0118946
4.41602e-09	-0.0118967
4.41614e-09	-0.0118988
4.41626e-09	-0.0119008
4.41639e-09	-0.0119028
4.41651e-09	-0.0119047
4.41663e-09	-0.0119066
4.41675e-09	-0.0119084
4.41687e-09	-0.0119102
4.417e-09	-0.011912
4.41712e-09	-0.0119136
4.41724e-09	-0.0119153
4.41736e-09	-0.0119169
4.41749e-09	-0.0119184
4.41761e-09	-0.0119199
4.41773e-09	-0.0119214
4.41785e-09	-0.0119228
4.41797e-09	-0.0119241
4.4181e-09	-0.0119254
4.41822e-09	-0.0119266
4.41834e-09	-0.0119278
4.41846e-09	-0.011929
4.41859e-09	-0.0119301
4.41871e-09	-0.0119312
4.41883e-09	-0.0119322
4.41895e-09	-0.0119331
4.41907e-09	-0.0119341
4.4192e-09	-0.0119349
4.41932e-09	-0.0119357
4.41944e-09	-0.0119365
4.41956e-09	-0.0119372
4.41969e-09	-0.0119379
4.41981e-09	-0.0119385
4.41993e-09	-0.0119391
4.42005e-09	-0.0119396
4.42017e-09	-0.0119401
4.4203e-09	-0.0119406
4.42042e-09	-0.011941
4.42054e-09	-0.0119413
4.42066e-09	-0.0119416
4.42079e-09	-0.0119418
4.42091e-09	-0.011942
4.42103e-09	-0.0119422
4.42115e-09	-0.0119423
4.42128e-09	-0.0119424
4.4214e-09	-0.0119424
4.42152e-09	-0.0119423
4.42164e-09	-0.0119423
4.42176e-09	-0.0119421
4.42189e-09	-0.0119419
4.42201e-09	-0.0119417
4.42213e-09	-0.0119415
4.42225e-09	-0.0119411
4.42238e-09	-0.0119408
4.4225e-09	-0.0119404
4.42262e-09	-0.0119399
4.42274e-09	-0.0119394
4.42286e-09	-0.0119389
4.42299e-09	-0.0119383
4.42311e-09	-0.0119376
4.42323e-09	-0.011937
4.42335e-09	-0.0119362
4.42348e-09	-0.0119354
4.4236e-09	-0.0119346
4.42372e-09	-0.0119338
4.42384e-09	-0.0119328
4.42396e-09	-0.0119319
4.42409e-09	-0.0119309
4.42421e-09	-0.0119298
4.42433e-09	-0.0119287
4.42445e-09	-0.0119276
4.42458e-09	-0.0119264
4.4247e-09	-0.0119252
4.42482e-09	-0.0119239
4.42494e-09	-0.0119226
4.42506e-09	-0.0119212
4.42519e-09	-0.0119198
4.42531e-09	-0.0119183
4.42543e-09	-0.0119168
4.42555e-09	-0.0119153
4.42568e-09	-0.0119137
4.4258e-09	-0.011912
4.42592e-09	-0.0119103
4.42604e-09	-0.0119086
4.42616e-09	-0.0119068
4.42629e-09	-0.011905
4.42641e-09	-0.0119031
4.42653e-09	-0.0119012
4.42665e-09	-0.0118993
4.42678e-09	-0.0118973
4.4269e-09	-0.0118952
4.42702e-09	-0.0118932
4.42714e-09	-0.011891
4.42726e-09	-0.0118889
4.42739e-09	-0.0118866
4.42751e-09	-0.0118844
4.42763e-09	-0.0118821
4.42775e-09	-0.0118797
4.42788e-09	-0.0118773
4.428e-09	-0.0118749
4.42812e-09	-0.0118724
4.42824e-09	-0.0118699
4.42836e-09	-0.0118673
4.42849e-09	-0.0118647
4.42861e-09	-0.011862
4.42873e-09	-0.0118593
4.42885e-09	-0.0118566
4.42898e-09	-0.0118538
4.4291e-09	-0.011851
4.42922e-09	-0.0118481
4.42934e-09	-0.0118452
4.42946e-09	-0.0118422
4.42959e-09	-0.0118392
4.42971e-09	-0.0118362
4.42983e-09	-0.0118331
4.42995e-09	-0.01183
4.43008e-09	-0.0118268
4.4302e-09	-0.0118236
4.43032e-09	-0.0118203
4.43044e-09	-0.011817
4.43057e-09	-0.0118137
4.43069e-09	-0.0118103
4.43081e-09	-0.0118068
4.43093e-09	-0.0118034
4.43105e-09	-0.0117999
4.43118e-09	-0.0117963
4.4313e-09	-0.0117927
4.43142e-09	-0.0117891
4.43154e-09	-0.0117854
4.43167e-09	-0.0117817
4.43179e-09	-0.0117779
4.43191e-09	-0.0117741
4.43203e-09	-0.0117702
4.43215e-09	-0.0117663
4.43228e-09	-0.0117624
4.4324e-09	-0.0117584
4.43252e-09	-0.0117544
4.43264e-09	-0.0117504
4.43277e-09	-0.0117463
4.43289e-09	-0.0117421
4.43301e-09	-0.0117379
4.43313e-09	-0.0117337
4.43325e-09	-0.0117295
4.43338e-09	-0.0117251
4.4335e-09	-0.0117208
4.43362e-09	-0.0117164
4.43374e-09	-0.011712
4.43387e-09	-0.0117075
4.43399e-09	-0.011703
4.43411e-09	-0.0116985
4.43423e-09	-0.0116939
4.43435e-09	-0.0116892
4.43448e-09	-0.0116846
4.4346e-09	-0.0116799
4.43472e-09	-0.0116751
4.43484e-09	-0.0116703
4.43497e-09	-0.0116655
4.43509e-09	-0.0116606
4.43521e-09	-0.0116557
4.43533e-09	-0.0116507
4.43545e-09	-0.0116458
4.43558e-09	-0.0116407
4.4357e-09	-0.0116356
4.43582e-09	-0.0116305
4.43594e-09	-0.0116254
4.43607e-09	-0.0116202
4.43619e-09	-0.011615
4.43631e-09	-0.0116097
4.43643e-09	-0.0116044
4.43655e-09	-0.011599
4.43668e-09	-0.0115936
4.4368e-09	-0.0115882
4.43692e-09	-0.0115828
4.43704e-09	-0.0115772
4.43717e-09	-0.0115717
4.43729e-09	-0.0115661
4.43741e-09	-0.0115605
4.43753e-09	-0.0115548
4.43765e-09	-0.0115491
4.43778e-09	-0.0115434
4.4379e-09	-0.0115376
4.43802e-09	-0.0115318
4.43814e-09	-0.011526
4.43827e-09	-0.0115201
4.43839e-09	-0.0115141
4.43851e-09	-0.0115082
4.43863e-09	-0.0115022
4.43875e-09	-0.0114961
4.43888e-09	-0.01149
4.439e-09	-0.0114839
4.43912e-09	-0.0114778
4.43924e-09	-0.0114716
4.43937e-09	-0.0114653
4.43949e-09	-0.0114591
4.43961e-09	-0.0114527
4.43973e-09	-0.0114464
4.43985e-09	-0.01144
4.43998e-09	-0.0114336
4.4401e-09	-0.0114271
4.44022e-09	-0.0114206
4.44034e-09	-0.0114141
4.44047e-09	-0.0114075
4.44059e-09	-0.0114009
4.44071e-09	-0.0113943
4.44083e-09	-0.0113876
4.44096e-09	-0.0113809
4.44108e-09	-0.0113741
4.4412e-09	-0.0113673
4.44132e-09	-0.0113605
4.44144e-09	-0.0113536
4.44157e-09	-0.0113467
4.44169e-09	-0.0113398
4.44181e-09	-0.0113328
4.44193e-09	-0.0113258
4.44206e-09	-0.0113188
4.44218e-09	-0.0113117
4.4423e-09	-0.0113046
4.44242e-09	-0.0112974
4.44254e-09	-0.0112902
4.44267e-09	-0.011283
4.44279e-09	-0.0112757
4.44291e-09	-0.0112684
4.44303e-09	-0.0112611
4.44316e-09	-0.0112537
4.44328e-09	-0.0112463
4.4434e-09	-0.0112389
4.44352e-09	-0.0112314
4.44364e-09	-0.0112239
4.44377e-09	-0.0112164
4.44389e-09	-0.0112088
4.44401e-09	-0.0112012
4.44413e-09	-0.0111935
4.44426e-09	-0.0111858
4.44438e-09	-0.0111781
4.4445e-09	-0.0111703
4.44462e-09	-0.0111626
4.44474e-09	-0.0111547
4.44487e-09	-0.0111469
4.44499e-09	-0.011139
4.44511e-09	-0.0111311
4.44523e-09	-0.0111231
4.44536e-09	-0.0111151
4.44548e-09	-0.0111071
4.4456e-09	-0.011099
4.44572e-09	-0.0110909
4.44584e-09	-0.0110828
4.44597e-09	-0.0110746
4.44609e-09	-0.0110664
4.44621e-09	-0.0110582
4.44633e-09	-0.0110499
4.44646e-09	-0.0110416
4.44658e-09	-0.0110333
4.4467e-09	-0.0110249
4.44682e-09	-0.0110165
4.44694e-09	-0.0110081
4.44707e-09	-0.0109996
4.44719e-09	-0.0109911
4.44731e-09	-0.0109825
4.44743e-09	-0.010974
4.44756e-09	-0.0109654
4.44768e-09	-0.0109567
4.4478e-09	-0.0109481
4.44792e-09	-0.0109394
4.44804e-09	-0.0109306
4.44817e-09	-0.0109219
4.44829e-09	-0.0109131
4.44841e-09	-0.0109043
4.44853e-09	-0.0108954
4.44866e-09	-0.0108865
4.44878e-09	-0.0108776
4.4489e-09	-0.0108686
4.44902e-09	-0.0108596
4.44914e-09	-0.0108506
4.44927e-09	-0.0108415
4.44939e-09	-0.0108325
4.44951e-09	-0.0108233
4.44963e-09	-0.0108142
4.44976e-09	-0.010805
4.44988e-09	-0.0107958
4.45e-09	-0.0107865
4.45012e-09	-0.0107773
4.45025e-09	-0.010768
4.45037e-09	-0.0107586
4.45049e-09	-0.0107493
4.45061e-09	-0.0107399
4.45073e-09	-0.0107304
4.45086e-09	-0.010721
4.45098e-09	-0.0107115
4.4511e-09	-0.0107019
4.45122e-09	-0.0106924
4.45135e-09	-0.0106828
4.45147e-09	-0.0106732
4.45159e-09	-0.0106635
4.45171e-09	-0.0106539
4.45183e-09	-0.0106442
4.45196e-09	-0.0106344
4.45208e-09	-0.0106246
4.4522e-09	-0.0106148
4.45232e-09	-0.010605
4.45245e-09	-0.0105952
4.45257e-09	-0.0105853
4.45269e-09	-0.0105754
4.45281e-09	-0.0105654
4.45293e-09	-0.0105554
4.45306e-09	-0.0105454
4.45318e-09	-0.0105354
4.4533e-09	-0.0105253
4.45342e-09	-0.0105152
4.45355e-09	-0.0105051
4.45367e-09	-0.0104949
4.45379e-09	-0.0104848
4.45391e-09	-0.0104746
4.45403e-09	-0.0104643
4.45416e-09	-0.010454
4.45428e-09	-0.0104437
4.4544e-09	-0.0104334
4.45452e-09	-0.0104231
4.45465e-09	-0.0104127
4.45477e-09	-0.0104023
4.45489e-09	-0.0103918
4.45501e-09	-0.0103813
4.45513e-09	-0.0103708
4.45526e-09	-0.0103603
4.45538e-09	-0.0103498
4.4555e-09	-0.0103392
4.45562e-09	-0.0103286
4.45575e-09	-0.0103179
4.45587e-09	-0.0103073
4.45599e-09	-0.0102966
4.45611e-09	-0.0102858
4.45623e-09	-0.0102751
4.45636e-09	-0.0102643
4.45648e-09	-0.0102535
4.4566e-09	-0.0102427
4.45672e-09	-0.0102318
4.45685e-09	-0.0102209
4.45697e-09	-0.01021
4.45709e-09	-0.0101991
4.45721e-09	-0.0101881
4.45733e-09	-0.0101771
4.45746e-09	-0.0101661
4.45758e-09	-0.010155
4.4577e-09	-0.010144
4.45782e-09	-0.0101329
4.45795e-09	-0.0101217
4.45807e-09	-0.0101106
4.45819e-09	-0.0100994
4.45831e-09	-0.0100882
4.45843e-09	-0.010077
4.45856e-09	-0.0100657
4.45868e-09	-0.0100544
4.4588e-09	-0.0100431
4.45892e-09	-0.0100317
4.45905e-09	-0.0100204
4.45917e-09	-0.010009
4.45929e-09	-0.00999758
4.45941e-09	-0.00998614
4.45953e-09	-0.00997467
4.45966e-09	-0.00996317
4.45978e-09	-0.00995165
4.4599e-09	-0.00994011
4.46002e-09	-0.00992854
4.46015e-09	-0.00991695
4.46027e-09	-0.00990533
4.46039e-09	-0.00989368
4.46051e-09	-0.00988201
4.46064e-09	-0.00987032
4.46076e-09	-0.0098586
4.46088e-09	-0.00984685
4.461e-09	-0.00983508
4.46112e-09	-0.00982329
4.46125e-09	-0.00981147
4.46137e-09	-0.00979963
4.46149e-09	-0.00978776
4.46161e-09	-0.00977587
4.46174e-09	-0.00976396
4.46186e-09	-0.00975202
4.46198e-09	-0.00974006
4.4621e-09	-0.00972807
4.46222e-09	-0.00971606
4.46235e-09	-0.00970402
4.46247e-09	-0.00969196
4.46259e-09	-0.00967988
4.46271e-09	-0.00966777
4.46284e-09	-0.00965564
4.46296e-09	-0.00964349
4.46308e-09	-0.00963131
4.4632e-09	-0.00961911
4.46332e-09	-0.00960689
4.46345e-09	-0.00959465
4.46357e-09	-0.00958238
4.46369e-09	-0.00957008
4.46381e-09	-0.00955777
4.46394e-09	-0.00954543
4.46406e-09	-0.00953307
4.46418e-09	-0.00952069
4.4643e-09	-0.00950828
4.46442e-09	-0.00949585
4.46455e-09	-0.0094834
4.46467e-09	-0.00947093
4.46479e-09	-0.00945843
4.46491e-09	-0.00944591
4.46504e-09	-0.00943338
4.46516e-09	-0.00942081
4.46528e-09	-0.00940823
4.4654e-09	-0.00939562
4.46552e-09	-0.009383
4.46565e-09	-0.00937035
4.46577e-09	-0.00935768
4.46589e-09	-0.00934498
4.46601e-09	-0.00933227
4.46614e-09	-0.00931953
4.46626e-09	-0.00930678
4.46638e-09	-0.009294
4.4665e-09	-0.0092812
4.46662e-09	-0.00926838
4.46675e-09	-0.00925554
4.46687e-09	-0.00924267
4.46699e-09	-0.00922979
4.46711e-09	-0.00921689
4.46724e-09	-0.00920396
4.46736e-09	-0.00919101
4.46748e-09	-0.00917805
4.4676e-09	-0.00916506
4.46772e-09	-0.00915205
4.46785e-09	-0.00913902
4.46797e-09	-0.00912598
4.46809e-09	-0.00911291
4.46821e-09	-0.00909982
4.46834e-09	-0.00908671
4.46846e-09	-0.00907358
4.46858e-09	-0.00906043
4.4687e-09	-0.00904727
4.46882e-09	-0.00903408
4.46895e-09	-0.00902087
4.46907e-09	-0.00900764
4.46919e-09	-0.00899439
4.46931e-09	-0.00898113
4.46944e-09	-0.00896784
4.46956e-09	-0.00895454
4.46968e-09	-0.00894121
4.4698e-09	-0.00892787
4.46993e-09	-0.00891451
4.47005e-09	-0.00890113
4.47017e-09	-0.00888773
4.47029e-09	-0.00887431
4.47041e-09	-0.00886087
4.47054e-09	-0.00884741
4.47066e-09	-0.00883394
4.47078e-09	-0.00882044
4.4709e-09	-0.00880693
4.47103e-09	-0.0087934
4.47115e-09	-0.00877985
4.47127e-09	-0.00876628
4.47139e-09	-0.0087527
4.47151e-09	-0.00873909
4.47164e-09	-0.00872547
4.47176e-09	-0.00871183
4.47188e-09	-0.00869818
4.472e-09	-0.0086845
4.47213e-09	-0.00867081
4.47225e-09	-0.0086571
4.47237e-09	-0.00864337
4.47249e-09	-0.00862962
4.47261e-09	-0.00861586
4.47274e-09	-0.00860208
4.47286e-09	-0.00858828
4.47298e-09	-0.00857447
4.4731e-09	-0.00856064
4.47323e-09	-0.00854679
4.47335e-09	-0.00853292
4.47347e-09	-0.00851904
4.47359e-09	-0.00850514
4.47371e-09	-0.00849122
4.47384e-09	-0.00847729
4.47396e-09	-0.00846334
4.47408e-09	-0.00844938
4.4742e-09	-0.0084354
4.47433e-09	-0.0084214
4.47445e-09	-0.00840738
4.47457e-09	-0.00839335
4.47469e-09	-0.0083793
4.47481e-09	-0.00836524
4.47494e-09	-0.00835116
4.47506e-09	-0.00833707
4.47518e-09	-0.00832296
4.4753e-09	-0.00830883
4.47543e-09	-0.00829469
4.47555e-09	-0.00828053
4.47567e-09	-0.00826636
4.47579e-09	-0.00825217
4.47591e-09	-0.00823797
4.47604e-09	-0.00822375
4.47616e-09	-0.00820951
4.47628e-09	-0.00819526
4.4764e-09	-0.008181
4.47653e-09	-0.00816672
4.47665e-09	-0.00815242
4.47677e-09	-0.00813812
4.47689e-09	-0.00812379
4.47701e-09	-0.00810945
4.47714e-09	-0.0080951
4.47726e-09	-0.00808073
4.47738e-09	-0.00806635
4.4775e-09	-0.00805195
4.47763e-09	-0.00803754
4.47775e-09	-0.00802312
4.47787e-09	-0.00800868
4.47799e-09	-0.00799422
4.47811e-09	-0.00797976
4.47824e-09	-0.00796528
4.47836e-09	-0.00795078
4.47848e-09	-0.00793627
4.4786e-09	-0.00792175
4.47873e-09	-0.00790721
4.47885e-09	-0.00789266
4.47897e-09	-0.0078781
4.47909e-09	-0.00786352
4.47921e-09	-0.00784893
4.47934e-09	-0.00783433
4.47946e-09	-0.00781971
4.47958e-09	-0.00780508
4.4797e-09	-0.00779044
4.47983e-09	-0.00777579
4.47995e-09	-0.00776112
4.48007e-09	-0.00774644
4.48019e-09	-0.00773174
4.48032e-09	-0.00771704
4.48044e-09	-0.00770232
4.48056e-09	-0.00768759
4.48068e-09	-0.00767284
4.4808e-09	-0.00765809
4.48093e-09	-0.00764332
4.48105e-09	-0.00762854
4.48117e-09	-0.00761374
4.48129e-09	-0.00759894
4.48142e-09	-0.00758412
4.48154e-09	-0.00756929
4.48166e-09	-0.00755445
4.48178e-09	-0.0075396
4.4819e-09	-0.00752473
4.48203e-09	-0.00750986
4.48215e-09	-0.00749497
4.48227e-09	-0.00748007
4.48239e-09	-0.00746516
4.48252e-09	-0.00745024
4.48264e-09	-0.00743531
4.48276e-09	-0.00742036
4.48288e-09	-0.00740541
4.483e-09	-0.00739044
4.48313e-09	-0.00737547
4.48325e-09	-0.00736048
4.48337e-09	-0.00734548
4.48349e-09	-0.00733047
4.48362e-09	-0.00731545
4.48374e-09	-0.00730042
4.48386e-09	-0.00728538
4.48398e-09	-0.00727032
4.4841e-09	-0.00725526
4.48423e-09	-0.00724019
4.48435e-09	-0.00722511
4.48447e-09	-0.00721001
4.48459e-09	-0.00719491
4.48472e-09	-0.0071798
4.48484e-09	-0.00716468
4.48496e-09	-0.00714954
4.48508e-09	-0.0071344
4.4852e-09	-0.00711925
4.48533e-09	-0.00710409
4.48545e-09	-0.00708892
4.48557e-09	-0.00707373
4.48569e-09	-0.00705854
4.48582e-09	-0.00704334
4.48594e-09	-0.00702814
4.48606e-09	-0.00701292
4.48618e-09	-0.00699769
4.4863e-09	-0.00698245
4.48643e-09	-0.00696721
4.48655e-09	-0.00695195
4.48667e-09	-0.00693669
4.48679e-09	-0.00692142
4.48692e-09	-0.00690614
4.48704e-09	-0.00689085
4.48716e-09	-0.00687555
4.48728e-09	-0.00686024
4.4874e-09	-0.00684493
4.48753e-09	-0.00682961
4.48765e-09	-0.00681427
4.48777e-09	-0.00679894
4.48789e-09	-0.00678359
4.48802e-09	-0.00676823
4.48814e-09	-0.00675287
4.48826e-09	-0.0067375
4.48838e-09	-0.00672212
4.4885e-09	-0.00670673
4.48863e-09	-0.00669133
4.48875e-09	-0.00667593
4.48887e-09	-0.00666052
4.48899e-09	-0.0066451
4.48912e-09	-0.00662968
4.48924e-09	-0.00661425
4.48936e-09	-0.00659881
4.48948e-09	-0.00658336
4.4896e-09	-0.00656791
4.48973e-09	-0.00655244
4.48985e-09	-0.00653698
4.48997e-09	-0.0065215
4.49009e-09	-0.00650602
4.49022e-09	-0.00649053
4.49034e-09	-0.00647504
4.49046e-09	-0.00645953
4.49058e-09	-0.00644402
4.49071e-09	-0.00642851
4.49083e-09	-0.00641299
4.49095e-09	-0.00639746
4.49107e-09	-0.00638193
4.49119e-09	-0.00636639
4.49132e-09	-0.00635084
4.49144e-09	-0.00633529
4.49156e-09	-0.00631973
4.49168e-09	-0.00630416
4.49181e-09	-0.00628859
4.49193e-09	-0.00627302
4.49205e-09	-0.00625743
4.49217e-09	-0.00624185
4.49229e-09	-0.00622625
4.49242e-09	-0.00621065
4.49254e-09	-0.00619505
4.49266e-09	-0.00617944
4.49278e-09	-0.00616383
4.49291e-09	-0.00614821
4.49303e-09	-0.00613258
4.49315e-09	-0.00611695
4.49327e-09	-0.00610131
4.49339e-09	-0.00608567
4.49352e-09	-0.00607003
4.49364e-09	-0.00605438
4.49376e-09	-0.00603872
4.49388e-09	-0.00602306
4.49401e-09	-0.0060074
4.49413e-09	-0.00599173
4.49425e-09	-0.00597606
4.49437e-09	-0.00596038
4.49449e-09	-0.0059447
4.49462e-09	-0.00592901
4.49474e-09	-0.00591332
4.49486e-09	-0.00589762
4.49498e-09	-0.00588193
4.49511e-09	-0.00586622
4.49523e-09	-0.00585052
4.49535e-09	-0.0058348
4.49547e-09	-0.00581909
4.49559e-09	-0.00580337
4.49572e-09	-0.00578765
4.49584e-09	-0.00577192
4.49596e-09	-0.0057562
4.49608e-09	-0.00574046
4.49621e-09	-0.00572473
4.49633e-09	-0.00570899
4.49645e-09	-0.00569325
4.49657e-09	-0.0056775
4.49669e-09	-0.00566175
4.49682e-09	-0.005646
4.49694e-09	-0.00563024
4.49706e-09	-0.00561449
4.49718e-09	-0.00559872
4.49731e-09	-0.00558296
4.49743e-09	-0.00556719
4.49755e-09	-0.00555143
4.49767e-09	-0.00553565
4.49779e-09	-0.00551988
4.49792e-09	-0.0055041
4.49804e-09	-0.00548832
4.49816e-09	-0.00547254
4.49828e-09	-0.00545676
4.49841e-09	-0.00544097
4.49853e-09	-0.00542519
4.49865e-09	-0.0054094
4.49877e-09	-0.0053936
4.49889e-09	-0.00537781
4.49902e-09	-0.00536201
4.49914e-09	-0.00534622
4.49926e-09	-0.00533042
4.49938e-09	-0.00531462
4.49951e-09	-0.00529881
4.49963e-09	-0.00528301
4.49975e-09	-0.0052672
4.49987e-09	-0.0052514
4.5e-09	-0.00523559
4.50012e-09	-0.00521978
4.50024e-09	-0.00520397
4.50036e-09	-0.00518816
4.50048e-09	-0.00517234
4.50061e-09	-0.00515653
4.50073e-09	-0.00514071
4.50085e-09	-0.0051249
4.50097e-09	-0.00510908
4.5011e-09	-0.00509326
4.50122e-09	-0.00507744
4.50134e-09	-0.00506163
4.50146e-09	-0.00504581
4.50158e-09	-0.00502999
4.50171e-09	-0.00501417
4.50183e-09	-0.00499834
4.50195e-09	-0.00498252
4.50207e-09	-0.0049667
4.5022e-09	-0.00495088
4.50232e-09	-0.00493506
4.50244e-09	-0.00491924
4.50256e-09	-0.00490342
4.50268e-09	-0.00488759
4.50281e-09	-0.00487177
4.50293e-09	-0.00485595
4.50305e-09	-0.00484013
4.50317e-09	-0.00482431
4.5033e-09	-0.00480849
4.50342e-09	-0.00479267
4.50354e-09	-0.00477685
4.50366e-09	-0.00476103
4.50378e-09	-0.00474521
4.50391e-09	-0.00472939
4.50403e-09	-0.00471358
4.50415e-09	-0.00469776
4.50427e-09	-0.00468195
4.5044e-09	-0.00466613
4.50452e-09	-0.00465032
4.50464e-09	-0.00463451
4.50476e-09	-0.0046187
4.50488e-09	-0.00460289
4.50501e-09	-0.00458708
4.50513e-09	-0.00457127
4.50525e-09	-0.00455547
4.50537e-09	-0.00453966
4.5055e-09	-0.00452386
4.50562e-09	-0.00450806
4.50574e-09	-0.00449226
4.50586e-09	-0.00447646
4.50598e-09	-0.00446066
4.50611e-09	-0.00444487
4.50623e-09	-0.00442908
4.50635e-09	-0.00441329
4.50647e-09	-0.0043975
4.5066e-09	-0.00438171
4.50672e-09	-0.00436593
4.50684e-09	-0.00435015
4.50696e-09	-0.00433437
4.50708e-09	-0.00431859
4.50721e-09	-0.00430281
4.50733e-09	-0.00428704
4.50745e-09	-0.00427127
4.50757e-09	-0.0042555
4.5077e-09	-0.00423974
4.50782e-09	-0.00422398
4.50794e-09	-0.00420822
4.50806e-09	-0.00419246
4.50818e-09	-0.00417671
4.50831e-09	-0.00416096
4.50843e-09	-0.00414521
4.50855e-09	-0.00412946
4.50867e-09	-0.00411372
4.5088e-09	-0.00409798
4.50892e-09	-0.00408225
4.50904e-09	-0.00406651
4.50916e-09	-0.00405078
4.50928e-09	-0.00403506
4.50941e-09	-0.00401934
4.50953e-09	-0.00400362
4.50965e-09	-0.0039879
4.50977e-09	-0.00397219
4.5099e-09	-0.00395648
4.51002e-09	-0.00394078
4.51014e-09	-0.00392508
4.51026e-09	-0.00390938
4.51039e-09	-0.00389369
4.51051e-09	-0.003878
4.51063e-09	-0.00386232
4.51075e-09	-0.00384664
4.51087e-09	-0.00383096
4.511e-09	-0.00381529
4.51112e-09	-0.00379962
4.51124e-09	-0.00378396
4.51136e-09	-0.0037683
4.51149e-09	-0.00375264
4.51161e-09	-0.00373699
4.51173e-09	-0.00372135
4.51185e-09	-0.00370571
4.51197e-09	-0.00369007
4.5121e-09	-0.00367444
4.51222e-09	-0.00365881
4.51234e-09	-0.00364319
4.51246e-09	-0.00362757
4.51259e-09	-0.00361196
4.51271e-09	-0.00359635
4.51283e-09	-0.00358075
4.51295e-09	-0.00356515
4.51307e-09	-0.00354956
4.5132e-09	-0.00353398
4.51332e-09	-0.00351839
4.51344e-09	-0.00350282
4.51356e-09	-0.00348725
4.51369e-09	-0.00347168
4.51381e-09	-0.00345612
4.51393e-09	-0.00344057
4.51405e-09	-0.00342502
4.51417e-09	-0.00340948
4.5143e-09	-0.00339394
4.51442e-09	-0.00337841
4.51454e-09	-0.00336288
4.51466e-09	-0.00334737
4.51479e-09	-0.00333185
4.51491e-09	-0.00331634
4.51503e-09	-0.00330084
4.51515e-09	-0.00328535
4.51527e-09	-0.00326986
4.5154e-09	-0.00325438
4.51552e-09	-0.0032389
4.51564e-09	-0.00322343
4.51576e-09	-0.00320797
4.51589e-09	-0.00319251
4.51601e-09	-0.00317706
4.51613e-09	-0.00316161
4.51625e-09	-0.00314618
4.51637e-09	-0.00313075
4.5165e-09	-0.00311532
4.51662e-09	-0.0030999
4.51674e-09	-0.00308449
4.51686e-09	-0.00306909
4.51699e-09	-0.00305369
4.51711e-09	-0.0030383
4.51723e-09	-0.00302292
4.51735e-09	-0.00300754
4.51747e-09	-0.00299218
4.5176e-09	-0.00297681
4.51772e-09	-0.00296146
4.51784e-09	-0.00294611
4.51796e-09	-0.00293077
4.51809e-09	-0.00291544
4.51821e-09	-0.00290012
4.51833e-09	-0.0028848
4.51845e-09	-0.00286949
4.51857e-09	-0.00285419
4.5187e-09	-0.0028389
4.51882e-09	-0.00282361
4.51894e-09	-0.00280833
4.51906e-09	-0.00279306
4.51919e-09	-0.0027778
4.51931e-09	-0.00276254
4.51943e-09	-0.0027473
4.51955e-09	-0.00273206
4.51968e-09	-0.00271683
4.5198e-09	-0.0027016
4.51992e-09	-0.00268639
4.52004e-09	-0.00267118
4.52016e-09	-0.00265599
4.52029e-09	-0.0026408
4.52041e-09	-0.00262562
4.52053e-09	-0.00261044
4.52065e-09	-0.00259528
4.52078e-09	-0.00258012
4.5209e-09	-0.00256498
4.52102e-09	-0.00254984
4.52114e-09	-0.00253471
4.52126e-09	-0.00251959
4.52139e-09	-0.00250447
4.52151e-09	-0.00248937
4.52163e-09	-0.00247428
4.52175e-09	-0.00245919
4.52188e-09	-0.00244412
4.522e-09	-0.00242905
4.52212e-09	-0.00241399
4.52224e-09	-0.00239894
4.52236e-09	-0.0023839
4.52249e-09	-0.00236887
4.52261e-09	-0.00235385
4.52273e-09	-0.00233884
4.52285e-09	-0.00232383
4.52298e-09	-0.00230884
4.5231e-09	-0.00229386
4.52322e-09	-0.00227888
4.52334e-09	-0.00226392
4.52346e-09	-0.00224896
4.52359e-09	-0.00223402
4.52371e-09	-0.00221908
4.52383e-09	-0.00220416
4.52395e-09	-0.00218924
4.52408e-09	-0.00217434
4.5242e-09	-0.00215944
4.52432e-09	-0.00214456
4.52444e-09	-0.00212968
4.52456e-09	-0.00211481
4.52469e-09	-0.00209996
4.52481e-09	-0.00208511
4.52493e-09	-0.00207028
4.52505e-09	-0.00205545
4.52518e-09	-0.00204064
4.5253e-09	-0.00202583
4.52542e-09	-0.00201104
4.52554e-09	-0.00199625
4.52566e-09	-0.00198148
4.52579e-09	-0.00196672
4.52591e-09	-0.00195197
4.52603e-09	-0.00193723
4.52615e-09	-0.0019225
4.52628e-09	-0.00190778
4.5264e-09	-0.00189307
4.52652e-09	-0.00187837
4.52664e-09	-0.00186368
4.52676e-09	-0.001849
4.52689e-09	-0.00183434
4.52701e-09	-0.00181968
4.52713e-09	-0.00180504
4.52725e-09	-0.00179041
4.52738e-09	-0.00177579
4.5275e-09	-0.00176118
4.52762e-09	-0.00174658
4.52774e-09	-0.00173199
4.52786e-09	-0.00171741
4.52799e-09	-0.00170285
4.52811e-09	-0.0016883
4.52823e-09	-0.00167375
4.52835e-09	-0.00165922
4.52848e-09	-0.0016447
4.5286e-09	-0.0016302
4.52872e-09	-0.0016157
4.52884e-09	-0.00160122
4.52896e-09	-0.00158674
4.52909e-09	-0.00157228
4.52921e-09	-0.00155783
4.52933e-09	-0.0015434
4.52945e-09	-0.00152897
4.52958e-09	-0.00151456
4.5297e-09	-0.00150016
4.52982e-09	-0.00148577
4.52994e-09	-0.00147139
4.53007e-09	-0.00145703
4.53019e-09	-0.00144267
4.53031e-09	-0.00142833
4.53043e-09	-0.00141401
4.53055e-09	-0.00139969
4.53068e-09	-0.00138539
4.5308e-09	-0.00137109
4.53092e-09	-0.00135682
4.53104e-09	-0.00134255
4.53117e-09	-0.0013283
4.53129e-09	-0.00131405
4.53141e-09	-0.00129983
4.53153e-09	-0.00128561
4.53165e-09	-0.00127141
4.53178e-09	-0.00125721
4.5319e-09	-0.00124304
4.53202e-09	-0.00122887
4.53214e-09	-0.00121472
4.53227e-09	-0.00120058
4.53239e-09	-0.00118645
4.53251e-09	-0.00117234
4.53263e-09	-0.00115824
4.53275e-09	-0.00114415
4.53288e-09	-0.00113007
4.533e-09	-0.00111601
4.53312e-09	-0.00110196
4.53324e-09	-0.00108793
4.53337e-09	-0.00107391
4.53349e-09	-0.0010599
4.53361e-09	-0.0010459
4.53373e-09	-0.00103192
4.53385e-09	-0.00101795
4.53398e-09	-0.001004
4.5341e-09	-0.000990055
4.53422e-09	-0.000976127
4.53434e-09	-0.000962212
4.53447e-09	-0.000948311
4.53459e-09	-0.000934424
4.53471e-09	-0.00092055
4.53483e-09	-0.00090669
4.53495e-09	-0.000892844
4.53508e-09	-0.000879011
4.5352e-09	-0.000865192
4.53532e-09	-0.000851387
4.53544e-09	-0.000837596
4.53557e-09	-0.000823819
4.53569e-09	-0.000810056
4.53581e-09	-0.000796307
4.53593e-09	-0.000782572
4.53605e-09	-0.000768851
4.53618e-09	-0.000755145
4.5363e-09	-0.000741452
4.53642e-09	-0.000727774
4.53654e-09	-0.00071411
4.53667e-09	-0.00070046
4.53679e-09	-0.000686824
4.53691e-09	-0.000673203
4.53703e-09	-0.000659596
4.53715e-09	-0.000646004
4.53728e-09	-0.000632426
4.5374e-09	-0.000618863
4.53752e-09	-0.000605314
4.53764e-09	-0.00059178
4.53777e-09	-0.00057826
4.53789e-09	-0.000564755
4.53801e-09	-0.000551265
4.53813e-09	-0.000537789
4.53825e-09	-0.000524329
4.53838e-09	-0.000510883
4.5385e-09	-0.000497451
4.53862e-09	-0.000484035
4.53874e-09	-0.000470634
4.53887e-09	-0.000457247
4.53899e-09	-0.000443876
4.53911e-09	-0.000430519
4.53923e-09	-0.000417178
4.53936e-09	-0.000403851
4.53948e-09	-0.00039054
4.5396e-09	-0.000377244
4.53972e-09	-0.000363963
4.53984e-09	-0.000350698
4.53997e-09	-0.000337447
4.54009e-09	-0.000324212
4.54021e-09	-0.000310992
4.54033e-09	-0.000297788
4.54046e-09	-0.000284599
4.54058e-09	-0.000271425
4.5407e-09	-0.000258267
4.54082e-09	-0.000245124
4.54094e-09	-0.000231997
4.54107e-09	-0.000218885
4.54119e-09	-0.000205789
4.54131e-09	-0.000192709
4.54143e-09	-0.000179644
4.54156e-09	-0.000166595
4.54168e-09	-0.000153562
4.5418e-09	-0.000140545
4.54192e-09	-0.000127543
4.54204e-09	-0.000114557
4.54217e-09	-0.000101587
4.54229e-09	-8.86327e-05
4.54241e-09	-7.56945e-05
4.54253e-09	-6.27722e-05
4.54266e-09	-4.98659e-05
4.54278e-09	-3.69757e-05
4.5429e-09	-2.41015e-05
4.54302e-09	-1.12433e-05
4.54314e-09	1.59866e-06
4.54327e-09	1.44245e-05
4.54339e-09	2.72342e-05
4.54351e-09	4.00276e-05
4.54363e-09	5.28048e-05
4.54376e-09	6.55658e-05
4.54388e-09	7.83104e-05
4.544e-09	9.10387e-05
4.54412e-09	0.000103751
4.54424e-09	0.000116446
4.54437e-09	0.000129125
4.54449e-09	0.000141788
4.54461e-09	0.000154434
4.54473e-09	0.000167064
4.54486e-09	0.000179677
4.54498e-09	0.000192273
4.5451e-09	0.000204853
4.54522e-09	0.000217416
4.54534e-09	0.000229963
4.54547e-09	0.000242493
4.54559e-09	0.000255006
4.54571e-09	0.000267502
4.54583e-09	0.000279982
4.54596e-09	0.000292444
4.54608e-09	0.00030489
4.5462e-09	0.000317319
4.54632e-09	0.000329731
4.54644e-09	0.000342126
4.54657e-09	0.000354505
4.54669e-09	0.000366866
4.54681e-09	0.00037921
4.54693e-09	0.000391537
4.54706e-09	0.000403847
4.54718e-09	0.00041614
4.5473e-09	0.000428416
4.54742e-09	0.000440674
4.54754e-09	0.000452916
4.54767e-09	0.00046514
4.54779e-09	0.000477347
4.54791e-09	0.000489537
4.54803e-09	0.000501709
4.54816e-09	0.000513864
4.54828e-09	0.000526002
4.5484e-09	0.000538122
4.54852e-09	0.000550225
4.54864e-09	0.00056231
4.54877e-09	0.000574378
4.54889e-09	0.000586428
4.54901e-09	0.000598461
4.54913e-09	0.000610477
4.54926e-09	0.000622474
4.54938e-09	0.000634455
4.5495e-09	0.000646417
4.54962e-09	0.000658362
4.54975e-09	0.000670289
4.54987e-09	0.000682199
4.54999e-09	0.000694091
4.55011e-09	0.000705965
4.55023e-09	0.000717821
4.55036e-09	0.000729659
4.55048e-09	0.00074148
4.5506e-09	0.000753282
4.55072e-09	0.000765067
4.55085e-09	0.000776834
4.55097e-09	0.000788583
4.55109e-09	0.000800314
4.55121e-09	0.000812027
4.55133e-09	0.000823722
4.55146e-09	0.000835399
4.55158e-09	0.000847058
4.5517e-09	0.000858699
4.55182e-09	0.000870321
4.55195e-09	0.000881926
4.55207e-09	0.000893512
4.55219e-09	0.00090508
4.55231e-09	0.00091663
4.55243e-09	0.000928162
4.55256e-09	0.000939676
4.55268e-09	0.000951171
4.5528e-09	0.000962648
4.55292e-09	0.000974106
4.55305e-09	0.000985547
4.55317e-09	0.000996968
4.55329e-09	0.00100837
4.55341e-09	0.00101976
4.55353e-09	0.00103112
4.55366e-09	0.00104247
4.55378e-09	0.0010538
4.5539e-09	0.00106511
4.55402e-09	0.0010764
4.55415e-09	0.00108768
4.55427e-09	0.00109893
4.55439e-09	0.00111017
4.55451e-09	0.00112139
4.55463e-09	0.00113259
4.55476e-09	0.00114377
4.55488e-09	0.00115493
4.555e-09	0.00116608
4.55512e-09	0.0011772
4.55525e-09	0.00118831
4.55537e-09	0.00119939
4.55549e-09	0.00121046
4.55561e-09	0.00122151
4.55573e-09	0.00123254
4.55586e-09	0.00124355
4.55598e-09	0.00125455
4.5561e-09	0.00126552
4.55622e-09	0.00127648
4.55635e-09	0.00128741
4.55647e-09	0.00129833
4.55659e-09	0.00130923
4.55671e-09	0.00132011
4.55683e-09	0.00133097
4.55696e-09	0.00134181
4.55708e-09	0.00135263
4.5572e-09	0.00136344
4.55732e-09	0.00137422
4.55745e-09	0.00138498
4.55757e-09	0.00139573
4.55769e-09	0.00140646
4.55781e-09	0.00141716
4.55793e-09	0.00142785
4.55806e-09	0.00143852
4.55818e-09	0.00144917
4.5583e-09	0.0014598
4.55842e-09	0.00147041
4.55855e-09	0.001481
4.55867e-09	0.00149158
4.55879e-09	0.00150213
4.55891e-09	0.00151266
4.55904e-09	0.00152318
4.55916e-09	0.00153367
4.55928e-09	0.00154415
4.5594e-09	0.00155461
4.55952e-09	0.00156504
4.55965e-09	0.00157546
4.55977e-09	0.00158586
4.55989e-09	0.00159624
4.56001e-09	0.0016066
4.56014e-09	0.00161694
4.56026e-09	0.00162725
4.56038e-09	0.00163756
4.5605e-09	0.00164784
4.56062e-09	0.0016581
4.56075e-09	0.00166834
4.56087e-09	0.00167856
4.56099e-09	0.00168876
4.56111e-09	0.00169895
4.56124e-09	0.00170911
4.56136e-09	0.00171925
4.56148e-09	0.00172937
4.5616e-09	0.00173948
4.56172e-09	0.00174956
4.56185e-09	0.00175963
4.56197e-09	0.00176967
4.56209e-09	0.0017797
4.56221e-09	0.0017897
4.56234e-09	0.00179969
4.56246e-09	0.00180965
4.56258e-09	0.0018196
4.5627e-09	0.00182952
4.56282e-09	0.00183943
4.56295e-09	0.00184931
4.56307e-09	0.00185918
4.56319e-09	0.00186902
4.56331e-09	0.00187885
4.56344e-09	0.00188866
4.56356e-09	0.00189844
4.56368e-09	0.00190821
4.5638e-09	0.00191795
4.56392e-09	0.00192768
4.56405e-09	0.00193739
4.56417e-09	0.00194707
4.56429e-09	0.00195674
4.56441e-09	0.00196638
4.56454e-09	0.00197601
4.56466e-09	0.00198561
4.56478e-09	0.0019952
4.5649e-09	0.00200476
4.56502e-09	0.00201431
4.56515e-09	0.00202383
4.56527e-09	0.00203334
4.56539e-09	0.00204282
4.56551e-09	0.00205229
4.56564e-09	0.00206173
4.56576e-09	0.00207116
4.56588e-09	0.00208056
4.566e-09	0.00208994
4.56612e-09	0.00209931
4.56625e-09	0.00210865
4.56637e-09	0.00211797
4.56649e-09	0.00212728
4.56661e-09	0.00213656
4.56674e-09	0.00214582
4.56686e-09	0.00215506
4.56698e-09	0.00216428
4.5671e-09	0.00217348
4.56722e-09	0.00218266
4.56735e-09	0.00219182
4.56747e-09	0.00220096
4.56759e-09	0.00221008
4.56771e-09	0.00221918
4.56784e-09	0.00222826
4.56796e-09	0.00223732
4.56808e-09	0.00224635
4.5682e-09	0.00225537
4.56832e-09	0.00226437
4.56845e-09	0.00227334
4.56857e-09	0.0022823
4.56869e-09	0.00229123
4.56881e-09	0.00230015
4.56894e-09	0.00230904
4.56906e-09	0.00231792
4.56918e-09	0.00232677
4.5693e-09	0.0023356
4.56943e-09	0.00234441
4.56955e-09	0.00235321
4.56967e-09	0.00236198
4.56979e-09	0.00237073
4.56991e-09	0.00237946
4.57004e-09	0.00238817
4.57016e-09	0.00239685
4.57028e-09	0.00240552
4.5704e-09	0.00241417
4.57053e-09	0.00242279
4.57065e-09	0.0024314
4.57077e-09	0.00243999
4.57089e-09	0.00244855
4.57101e-09	0.00245709
4.57114e-09	0.00246562
4.57126e-09	0.00247412
4.57138e-09	0.0024826
4.5715e-09	0.00249106
4.57163e-09	0.0024995
4.57175e-09	0.00250792
4.57187e-09	0.00251632
4.57199e-09	0.0025247
4.57211e-09	0.00253306
4.57224e-09	0.00254139
4.57236e-09	0.00254971
4.57248e-09	0.002558
4.5726e-09	0.00256628
4.57273e-09	0.00257453
4.57285e-09	0.00258276
4.57297e-09	0.00259098
4.57309e-09	0.00259917
4.57321e-09	0.00260734
4.57334e-09	0.00261549
4.57346e-09	0.00262362
4.57358e-09	0.00263172
4.5737e-09	0.00263981
4.57383e-09	0.00264788
4.57395e-09	0.00265592
4.57407e-09	0.00266395
4.57419e-09	0.00267195
4.57431e-09	0.00267993
4.57444e-09	0.00268789
4.57456e-09	0.00269583
4.57468e-09	0.00270375
4.5748e-09	0.00271165
4.57493e-09	0.00271953
4.57505e-09	0.00272739
4.57517e-09	0.00273523
4.57529e-09	0.00274304
4.57541e-09	0.00275084
4.57554e-09	0.00275861
4.57566e-09	0.00276636
4.57578e-09	0.00277409
4.5759e-09	0.0027818
4.57603e-09	0.00278949
4.57615e-09	0.00279716
4.57627e-09	0.00280481
4.57639e-09	0.00281244
4.57651e-09	0.00282004
4.57664e-09	0.00282763
4.57676e-09	0.00283519
4.57688e-09	0.00284274
4.577e-09	0.00285026
4.57713e-09	0.00285776
4.57725e-09	0.00286524
4.57737e-09	0.0028727
4.57749e-09	0.00288014
4.57761e-09	0.00288755
4.57774e-09	0.00289495
4.57786e-09	0.00290233
4.57798e-09	0.00290968
4.5781e-09	0.00291701
4.57823e-09	0.00292432
4.57835e-09	0.00293162
4.57847e-09	0.00293889
4.57859e-09	0.00294613
4.57872e-09	0.00295336
4.57884e-09	0.00296057
4.57896e-09	0.00296776
4.57908e-09	0.00297492
4.5792e-09	0.00298206
4.57933e-09	0.00298919
4.57945e-09	0.00299629
4.57957e-09	0.00300337
4.57969e-09	0.00301043
4.57982e-09	0.00301747
4.57994e-09	0.00302449
4.58006e-09	0.00303148
4.58018e-09	0.00303846
4.5803e-09	0.00304541
4.58043e-09	0.00305235
4.58055e-09	0.00305926
4.58067e-09	0.00306615
4.58079e-09	0.00307302
4.58092e-09	0.00307987
4.58104e-09	0.0030867
4.58116e-09	0.0030935
4.58128e-09	0.00310029
4.5814e-09	0.00310705
4.58153e-09	0.0031138
4.58165e-09	0.00312052
4.58177e-09	0.00312722
4.58189e-09	0.0031339
4.58202e-09	0.00314056
4.58214e-09	0.0031472
4.58226e-09	0.00315382
4.58238e-09	0.00316041
4.5825e-09	0.00316699
4.58263e-09	0.00317354
4.58275e-09	0.00318008
4.58287e-09	0.00318659
4.58299e-09	0.00319308
4.58312e-09	0.00319955
4.58324e-09	0.003206
4.58336e-09	0.00321243
4.58348e-09	0.00321883
4.5836e-09	0.00322522
4.58373e-09	0.00323158
4.58385e-09	0.00323793
4.58397e-09	0.00324425
4.58409e-09	0.00325055
4.58422e-09	0.00325683
4.58434e-09	0.00326309
4.58446e-09	0.00326933
4.58458e-09	0.00327555
4.5847e-09	0.00328174
4.58483e-09	0.00328792
4.58495e-09	0.00329407
4.58507e-09	0.0033002
4.58519e-09	0.00330632
4.58532e-09	0.00331241
4.58544e-09	0.00331848
4.58556e-09	0.00332453
4.58568e-09	0.00333055
4.5858e-09	0.00333656
4.58593e-09	0.00334255
4.58605e-09	0.00334851
4.58617e-09	0.00335445
4.58629e-09	0.00336038
4.58642e-09	0.00336628
4.58654e-09	0.00337216
4.58666e-09	0.00337802
4.58678e-09	0.00338386
4.5869e-09	0.00338967
4.58703e-09	0.00339547
4.58715e-09	0.00340125
4.58727e-09	0.003407
4.58739e-09	0.00341273
4.58752e-09	0.00341845
4.58764e-09	0.00342414
4.58776e-09	0.00342981
4.58788e-09	0.00343546
4.588e-09	0.00344109
4.58813e-09	0.00344669
4.58825e-09	0.00345228
4.58837e-09	0.00345785
4.58849e-09	0.00346339
4.58862e-09	0.00346892
4.58874e-09	0.00347442
4.58886e-09	0.0034799
4.58898e-09	0.00348536
4.58911e-09	0.0034908
4.58923e-09	0.00349622
4.58935e-09	0.00350162
4.58947e-09	0.003507
4.58959e-09	0.00351235
4.58972e-09	0.00351769
4.58984e-09	0.003523
4.58996e-09	0.0035283
4.59008e-09	0.00353357
4.59021e-09	0.00353882
4.59033e-09	0.00354405
4.59045e-09	0.00354926
4.59057e-09	0.00355445
4.59069e-09	0.00355962
4.59082e-09	0.00356476
4.59094e-09	0.00356989
4.59106e-09	0.003575
4.59118e-09	0.00358008
4.59131e-09	0.00358515
4.59143e-09	0.00359019
4.59155e-09	0.00359521
4.59167e-09	0.00360021
4.59179e-09	0.00360519
4.59192e-09	0.00361015
4.59204e-09	0.00361509
4.59216e-09	0.00362001
4.59228e-09	0.00362491
4.59241e-09	0.00362978
4.59253e-09	0.00363464
4.59265e-09	0.00363947
4.59277e-09	0.00364429
4.59289e-09	0.00364908
4.59302e-09	0.00365385
4.59314e-09	0.00365861
4.59326e-09	0.00366334
4.59338e-09	0.00366805
4.59351e-09	0.00367274
4.59363e-09	0.00367741
4.59375e-09	0.00368206
4.59387e-09	0.00368668
4.59399e-09	0.00369129
4.59412e-09	0.00369588
4.59424e-09	0.00370044
4.59436e-09	0.00370499
4.59448e-09	0.00370951
4.59461e-09	0.00371401
4.59473e-09	0.0037185
4.59485e-09	0.00372296
4.59497e-09	0.0037274
4.59509e-09	0.00373182
4.59522e-09	0.00373622
4.59534e-09	0.0037406
4.59546e-09	0.00374496
4.59558e-09	0.0037493
4.59571e-09	0.00375362
4.59583e-09	0.00375792
4.59595e-09	0.00376219
4.59607e-09	0.00376645
4.59619e-09	0.00377068
4.59632e-09	0.0037749
4.59644e-09	0.00377909
4.59656e-09	0.00378327
4.59668e-09	0.00378742
4.59681e-09	0.00379156
4.59693e-09	0.00379567
4.59705e-09	0.00379976
4.59717e-09	0.00380383
4.59729e-09	0.00380788
4.59742e-09	0.00381191
4.59754e-09	0.00381593
4.59766e-09	0.00381992
4.59778e-09	0.00382388
4.59791e-09	0.00382783
4.59803e-09	0.00383176
4.59815e-09	0.00383567
4.59827e-09	0.00383956
4.5984e-09	0.00384343
4.59852e-09	0.00384727
4.59864e-09	0.0038511
4.59876e-09	0.00385491
4.59888e-09	0.00385869
4.59901e-09	0.00386246
4.59913e-09	0.00386621
4.59925e-09	0.00386993
4.59937e-09	0.00387364
4.5995e-09	0.00387732
4.59962e-09	0.00388099
4.59974e-09	0.00388463
4.59986e-09	0.00388825
4.59998e-09	0.00389186
4.60011e-09	0.00389544
4.60023e-09	0.003899
4.60035e-09	0.00390255
4.60047e-09	0.00390607
4.6006e-09	0.00390957
4.60072e-09	0.00391306
4.60084e-09	0.00391652
4.60096e-09	0.00391996
4.60108e-09	0.00392338
4.60121e-09	0.00392679
4.60133e-09	0.00393017
4.60145e-09	0.00393353
4.60157e-09	0.00393687
4.6017e-09	0.00394019
4.60182e-09	0.00394349
4.60194e-09	0.00394678
4.60206e-09	0.00395004
4.60218e-09	0.00395328
4.60231e-09	0.0039565
4.60243e-09	0.0039597
4.60255e-09	0.00396289
4.60267e-09	0.00396605
4.6028e-09	0.00396919
4.60292e-09	0.00397231
4.60304e-09	0.00397541
4.60316e-09	0.00397849
4.60328e-09	0.00398156
4.60341e-09	0.0039846
4.60353e-09	0.00398762
4.60365e-09	0.00399062
4.60377e-09	0.00399361
4.6039e-09	0.00399657
4.60402e-09	0.00399951
4.60414e-09	0.00400244
4.60426e-09	0.00400534
4.60438e-09	0.00400822
4.60451e-09	0.00401109
4.60463e-09	0.00401393
4.60475e-09	0.00401675
4.60487e-09	0.00401956
4.605e-09	0.00402234
4.60512e-09	0.00402511
4.60524e-09	0.00402785
4.60536e-09	0.00403058
4.60548e-09	0.00403329
4.60561e-09	0.00403597
4.60573e-09	0.00403864
4.60585e-09	0.00404129
4.60597e-09	0.00404391
4.6061e-09	0.00404652
4.60622e-09	0.00404911
4.60634e-09	0.00405168
4.60646e-09	0.00405423
4.60658e-09	0.00405676
4.60671e-09	0.00405927
4.60683e-09	0.00406176
4.60695e-09	0.00406423
4.60707e-09	0.00406668
4.6072e-09	0.00406912
4.60732e-09	0.00407153
4.60744e-09	0.00407392
4.60756e-09	0.0040763
4.60768e-09	0.00407865
4.60781e-09	0.00408099
4.60793e-09	0.00408331
4.60805e-09	0.0040856
4.60817e-09	0.00408788
4.6083e-09	0.00409014
4.60842e-09	0.00409238
4.60854e-09	0.0040946
4.60866e-09	0.0040968
4.60879e-09	0.00409898
4.60891e-09	0.00410114
4.60903e-09	0.00410328
4.60915e-09	0.00410541
4.60927e-09	0.00410751
4.6094e-09	0.00410959
4.60952e-09	0.00411166
4.60964e-09	0.00411371
4.60976e-09	0.00411574
4.60989e-09	0.00411774
4.61001e-09	0.00411973
4.61013e-09	0.0041217
4.61025e-09	0.00412366
4.61037e-09	0.00412559
4.6105e-09	0.0041275
4.61062e-09	0.00412939
4.61074e-09	0.00413127
4.61086e-09	0.00413313
4.61099e-09	0.00413496
4.61111e-09	0.00413678
4.61123e-09	0.00413858
4.61135e-09	0.00414036
4.61147e-09	0.00414212
4.6116e-09	0.00414387
4.61172e-09	0.00414559
4.61184e-09	0.0041473
4.61196e-09	0.00414898
4.61209e-09	0.00415065
4.61221e-09	0.0041523
4.61233e-09	0.00415393
4.61245e-09	0.00415554
4.61257e-09	0.00415713
4.6127e-09	0.00415871
4.61282e-09	0.00416026
4.61294e-09	0.0041618
4.61306e-09	0.00416332
4.61319e-09	0.00416482
4.61331e-09	0.0041663
4.61343e-09	0.00416776
4.61355e-09	0.0041692
4.61367e-09	0.00417063
4.6138e-09	0.00417203
4.61392e-09	0.00417342
4.61404e-09	0.00417479
4.61416e-09	0.00417614
4.61429e-09	0.00417747
4.61441e-09	0.00417879
4.61453e-09	0.00418008
4.61465e-09	0.00418136
4.61477e-09	0.00418262
4.6149e-09	0.00418386
4.61502e-09	0.00418508
4.61514e-09	0.00418628
4.61526e-09	0.00418747
4.61539e-09	0.00418863
4.61551e-09	0.00418978
4.61563e-09	0.00419091
4.61575e-09	0.00419202
4.61587e-09	0.00419312
4.616e-09	0.00419419
4.61612e-09	0.00419525
4.61624e-09	0.00419629
4.61636e-09	0.00419731
4.61649e-09	0.00419831
4.61661e-09	0.0041993
4.61673e-09	0.00420027
4.61685e-09	0.00420121
4.61697e-09	0.00420214
4.6171e-09	0.00420306
4.61722e-09	0.00420395
4.61734e-09	0.00420483
4.61746e-09	0.00420569
4.61759e-09	0.00420653
4.61771e-09	0.00420735
4.61783e-09	0.00420815
4.61795e-09	0.00420894
4.61808e-09	0.00420971
4.6182e-09	0.00421046
4.61832e-09	0.00421119
4.61844e-09	0.00421191
4.61856e-09	0.00421261
4.61869e-09	0.00421329
4.61881e-09	0.00421395
4.61893e-09	0.00421459
4.61905e-09	0.00421522
4.61918e-09	0.00421583
4.6193e-09	0.00421642
4.61942e-09	0.00421699
4.61954e-09	0.00421755
4.61966e-09	0.00421809
4.61979e-09	0.00421861
4.61991e-09	0.00421911
4.62003e-09	0.0042196
4.62015e-09	0.00422006
4.62028e-09	0.00422052
4.6204e-09	0.00422095
4.62052e-09	0.00422136
4.62064e-09	0.00422176
4.62076e-09	0.00422214
4.62089e-09	0.00422251
4.62101e-09	0.00422285
4.62113e-09	0.00422318
4.62125e-09	0.00422349
4.62138e-09	0.00422378
4.6215e-09	0.00422406
4.62162e-09	0.00422432
4.62174e-09	0.00422456
4.62186e-09	0.00422479
4.62199e-09	0.00422499
4.62211e-09	0.00422518
4.62223e-09	0.00422536
4.62235e-09	0.00422551
4.62248e-09	0.00422565
4.6226e-09	0.00422577
4.62272e-09	0.00422588
4.62284e-09	0.00422597
4.62296e-09	0.00422604
4.62309e-09	0.00422609
4.62321e-09	0.00422613
4.62333e-09	0.00422615
4.62345e-09	0.00422615
4.62358e-09	0.00422613
4.6237e-09	0.0042261
4.62382e-09	0.00422605
4.62394e-09	0.00422599
4.62406e-09	0.00422591
4.62419e-09	0.00422581
4.62431e-09	0.00422569
4.62443e-09	0.00422556
4.62455e-09	0.00422541
4.62468e-09	0.00422525
4.6248e-09	0.00422506
4.62492e-09	0.00422486
4.62504e-09	0.00422465
4.62516e-09	0.00422442
4.62529e-09	0.00422417
4.62541e-09	0.0042239
4.62553e-09	0.00422362
4.62565e-09	0.00422332
4.62578e-09	0.004223
4.6259e-09	0.00422267
4.62602e-09	0.00422232
4.62614e-09	0.00422196
4.62626e-09	0.00422158
4.62639e-09	0.00422118
4.62651e-09	0.00422077
4.62663e-09	0.00422033
4.62675e-09	0.00421989
4.62688e-09	0.00421942
4.627e-09	0.00421894
4.62712e-09	0.00421845
4.62724e-09	0.00421794
4.62736e-09	0.00421741
4.62749e-09	0.00421686
4.62761e-09	0.0042163
4.62773e-09	0.00421573
4.62785e-09	0.00421513
4.62798e-09	0.00421452
4.6281e-09	0.0042139
4.62822e-09	0.00421326
4.62834e-09	0.0042126
4.62847e-09	0.00421193
4.62859e-09	0.00421124
4.62871e-09	0.00421053
4.62883e-09	0.00420981
4.62895e-09	0.00420907
4.62908e-09	0.00420832
4.6292e-09	0.00420755
4.62932e-09	0.00420677
4.62944e-09	0.00420597
4.62957e-09	0.00420515
4.62969e-09	0.00420432
4.62981e-09	0.00420347
4.62993e-09	0.00420261
4.63005e-09	0.00420173
4.63018e-09	0.00420083
4.6303e-09	0.00419992
4.63042e-09	0.00419899
4.63054e-09	0.00419805
4.63067e-09	0.00419709
4.63079e-09	0.00419612
4.63091e-09	0.00419513
4.63103e-09	0.00419413
4.63115e-09	0.00419311
4.63128e-09	0.00419207
4.6314e-09	0.00419102
4.63152e-09	0.00418995
4.63164e-09	0.00418887
4.63177e-09	0.00418778
4.63189e-09	0.00418666
4.63201e-09	0.00418554
4.63213e-09	0.00418439
4.63225e-09	0.00418323
4.63238e-09	0.00418206
4.6325e-09	0.00418087
4.63262e-09	0.00417967
4.63274e-09	0.00417845
4.63287e-09	0.00417721
4.63299e-09	0.00417596
4.63311e-09	0.0041747
4.63323e-09	0.00417342
4.63335e-09	0.00417213
4.63348e-09	0.00417082
4.6336e-09	0.00416949
4.63372e-09	0.00416815
4.63384e-09	0.0041668
4.63397e-09	0.00416543
4.63409e-09	0.00416404
4.63421e-09	0.00416264
4.63433e-09	0.00416123
4.63445e-09	0.0041598
4.63458e-09	0.00415836
4.6347e-09	0.0041569
4.63482e-09	0.00415542
4.63494e-09	0.00415394
4.63507e-09	0.00415243
4.63519e-09	0.00415092
4.63531e-09	0.00414938
4.63543e-09	0.00414784
4.63555e-09	0.00414628
4.63568e-09	0.0041447
4.6358e-09	0.00414311
4.63592e-09	0.0041415
4.63604e-09	0.00413988
4.63617e-09	0.00413825
4.63629e-09	0.0041366
4.63641e-09	0.00413494
4.63653e-09	0.00413326
4.63665e-09	0.00413157
4.63678e-09	0.00412986
4.6369e-09	0.00412814
4.63702e-09	0.00412641
4.63714e-09	0.00412466
4.63727e-09	0.0041229
4.63739e-09	0.00412112
4.63751e-09	0.00411933
4.63763e-09	0.00411752
4.63775e-09	0.0041157
4.63788e-09	0.00411387
4.638e-09	0.00411202
4.63812e-09	0.00411016
4.63824e-09	0.00410828
4.63837e-09	0.00410639
4.63849e-09	0.00410449
4.63861e-09	0.00410257
4.63873e-09	0.00410064
4.63886e-09	0.00409869
4.63898e-09	0.00409673
4.6391e-09	0.00409476
4.63922e-09	0.00409277
4.63934e-09	0.00409077
4.63947e-09	0.00408875
4.63959e-09	0.00408672
4.63971e-09	0.00408468
4.63983e-09	0.00408262
4.63996e-09	0.00408055
4.64008e-09	0.00407847
4.6402e-09	0.00407637
4.64032e-09	0.00407426
4.64044e-09	0.00407214
4.64057e-09	0.00407
4.64069e-09	0.00406785
4.64081e-09	0.00406568
4.64093e-09	0.00406351
4.64106e-09	0.00406131
4.64118e-09	0.00405911
4.6413e-09	0.00405689
4.64142e-09	0.00405466
4.64154e-09	0.00405241
4.64167e-09	0.00405015
4.64179e-09	0.00404788
4.64191e-09	0.0040456
4.64203e-09	0.0040433
4.64216e-09	0.00404099
4.64228e-09	0.00403866
4.6424e-09	0.00403632
4.64252e-09	0.00403397
4.64264e-09	0.00403161
4.64277e-09	0.00402923
4.64289e-09	0.00402684
4.64301e-09	0.00402444
4.64313e-09	0.00402202
4.64326e-09	0.00401959
4.64338e-09	0.00401715
4.6435e-09	0.0040147
4.64362e-09	0.00401223
4.64374e-09	0.00400975
4.64387e-09	0.00400725
4.64399e-09	0.00400475
4.64411e-09	0.00400223
4.64423e-09	0.0039997
4.64436e-09	0.00399715
4.64448e-09	0.00399459
4.6446e-09	0.00399202
4.64472e-09	0.00398944
4.64484e-09	0.00398685
4.64497e-09	0.00398424
4.64509e-09	0.00398162
4.64521e-09	0.00397899
4.64533e-09	0.00397634
4.64546e-09	0.00397368
4.64558e-09	0.00397101
4.6457e-09	0.00396833
4.64582e-09	0.00396564
4.64594e-09	0.00396293
4.64607e-09	0.00396021
4.64619e-09	0.00395748
4.64631e-09	0.00395473
4.64643e-09	0.00395198
4.64656e-09	0.00394921
4.64668e-09	0.00394643
4.6468e-09	0.00394363
4.64692e-09	0.00394083
4.64704e-09	0.00393801
4.64717e-09	0.00393518
4.64729e-09	0.00393234
4.64741e-09	0.00392949
4.64753e-09	0.00392662
4.64766e-09	0.00392374
4.64778e-09	0.00392085
4.6479e-09	0.00391795
4.64802e-09	0.00391504
4.64815e-09	0.00391211
4.64827e-09	0.00390918
4.64839e-09	0.00390623
4.64851e-09	0.00390327
4.64863e-09	0.0039003
4.64876e-09	0.00389731
4.64888e-09	0.00389432
4.649e-09	0.00389131
4.64912e-09	0.00388829
4.64925e-09	0.00388526
4.64937e-09	0.00388222
4.64949e-09	0.00387916
4.64961e-09	0.0038761
4.64973e-09	0.00387302
4.64986e-09	0.00386993
4.64998e-09	0.00386683
4.6501e-09	0.00386372
4.65022e-09	0.0038606
4.65035e-09	0.00385746
4.65047e-09	0.00385432
4.65059e-09	0.00385116
4.65071e-09	0.00384799
4.65083e-09	0.00384481
4.65096e-09	0.00384162
4.65108e-09	0.00383842
4.6512e-09	0.00383521
4.65132e-09	0.00383198
4.65145e-09	0.00382875
4.65157e-09	0.0038255
4.65169e-09	0.00382225
4.65181e-09	0.00381898
4.65193e-09	0.0038157
4.65206e-09	0.00381241
4.65218e-09	0.00380911
4.6523e-09	0.00380579
4.65242e-09	0.00380247
4.65255e-09	0.00379914
4.65267e-09	0.00379579
4.65279e-09	0.00379244
4.65291e-09	0.00378907
4.65303e-09	0.00378569
4.65316e-09	0.00378231
4.65328e-09	0.00377891
4.6534e-09	0.0037755
4.65352e-09	0.00377208
4.65365e-09	0.00376865
4.65377e-09	0.00376521
4.65389e-09	0.00376175
4.65401e-09	0.00375829
4.65413e-09	0.00375482
4.65426e-09	0.00375134
4.65438e-09	0.00374784
4.6545e-09	0.00374434
4.65462e-09	0.00374082
4.65475e-09	0.0037373
4.65487e-09	0.00373376
4.65499e-09	0.00373022
4.65511e-09	0.00372666
4.65523e-09	0.0037231
4.65536e-09	0.00371952
4.65548e-09	0.00371593
4.6556e-09	0.00371234
4.65572e-09	0.00370873
4.65585e-09	0.00370511
4.65597e-09	0.00370149
4.65609e-09	0.00369785
4.65621e-09	0.0036942
4.65633e-09	0.00369055
4.65646e-09	0.00368688
4.65658e-09	0.0036832
4.6567e-09	0.00367952
4.65682e-09	0.00367582
4.65695e-09	0.00367211
4.65707e-09	0.0036684
4.65719e-09	0.00366467
4.65731e-09	0.00366093
4.65743e-09	0.00365719
4.65756e-09	0.00365343
4.65768e-09	0.00364967
4.6578e-09	0.00364589
4.65792e-09	0.00364211
4.65805e-09	0.00363831
4.65817e-09	0.00363451
4.65829e-09	0.0036307
4.65841e-09	0.00362687
4.65854e-09	0.00362304
4.65866e-09	0.0036192
4.65878e-09	0.00361535
4.6589e-09	0.00361149
4.65902e-09	0.00360762
4.65915e-09	0.00360374
4.65927e-09	0.00359985
4.65939e-09	0.00359595
4.65951e-09	0.00359204
4.65964e-09	0.00358813
4.65976e-09	0.0035842
4.65988e-09	0.00358027
4.66e-09	0.00357632
4.66012e-09	0.00357237
4.66025e-09	0.00356841
4.66037e-09	0.00356444
4.66049e-09	0.00356046
4.66061e-09	0.00355647
4.66074e-09	0.00355247
4.66086e-09	0.00354846
4.66098e-09	0.00354445
4.6611e-09	0.00354042
4.66122e-09	0.00353639
4.66135e-09	0.00353234
4.66147e-09	0.00352829
4.66159e-09	0.00352423
4.66171e-09	0.00352016
4.66184e-09	0.00351608
4.66196e-09	0.003512
4.66208e-09	0.0035079
4.6622e-09	0.0035038
4.66232e-09	0.00349969
4.66245e-09	0.00349556
4.66257e-09	0.00349143
4.66269e-09	0.0034873
4.66281e-09	0.00348315
4.66294e-09	0.00347899
4.66306e-09	0.00347483
4.66318e-09	0.00347066
4.6633e-09	0.00346648
4.66342e-09	0.00346229
4.66355e-09	0.00345809
4.66367e-09	0.00345389
4.66379e-09	0.00344967
4.66391e-09	0.00344545
4.66404e-09	0.00344122
4.66416e-09	0.00343698
4.66428e-09	0.00343273
4.6644e-09	0.00342848
4.66452e-09	0.00342422
4.66465e-09	0.00341994
4.66477e-09	0.00341567
4.66489e-09	0.00341138
4.66501e-09	0.00340708
4.66514e-09	0.00340278
4.66526e-09	0.00339847
4.66538e-09	0.00339415
4.6655e-09	0.00338982
4.66562e-09	0.00338549
4.66575e-09	0.00338115
4.66587e-09	0.0033768
4.66599e-09	0.00337244
4.66611e-09	0.00336807
4.66624e-09	0.0033637
4.66636e-09	0.00335932
4.66648e-09	0.00335493
4.6666e-09	0.00335053
4.66672e-09	0.00334613
4.66685e-09	0.00334171
4.66697e-09	0.0033373
4.66709e-09	0.00333287
4.66721e-09	0.00332843
4.66734e-09	0.00332399
4.66746e-09	0.00331954
4.66758e-09	0.00331509
4.6677e-09	0.00331062
4.66783e-09	0.00330615
4.66795e-09	0.00330167
4.66807e-09	0.00329719
4.66819e-09	0.00329269
4.66831e-09	0.00328819
4.66844e-09	0.00328368
4.66856e-09	0.00327917
4.66868e-09	0.00327465
4.6688e-09	0.00327012
4.66893e-09	0.00326558
4.66905e-09	0.00326104
4.66917e-09	0.00325649
4.66929e-09	0.00325193
4.66941e-09	0.00324736
4.66954e-09	0.00324279
4.66966e-09	0.00323821
4.66978e-09	0.00323363
4.6699e-09	0.00322904
4.67003e-09	0.00322444
4.67015e-09	0.00321983
4.67027e-09	0.00321522
4.67039e-09	0.0032106
4.67051e-09	0.00320597
4.67064e-09	0.00320134
4.67076e-09	0.0031967
4.67088e-09	0.00319206
4.671e-09	0.0031874
4.67113e-09	0.00318274
4.67125e-09	0.00317808
4.67137e-09	0.0031734
4.67149e-09	0.00316873
4.67161e-09	0.00316404
4.67174e-09	0.00315935
4.67186e-09	0.00315465
4.67198e-09	0.00314994
4.6721e-09	0.00314523
4.67223e-09	0.00314052
4.67235e-09	0.00313579
4.67247e-09	0.00313106
4.67259e-09	0.00312632
4.67271e-09	0.00312158
4.67284e-09	0.00311683
4.67296e-09	0.00311208
4.67308e-09	0.00310732
4.6732e-09	0.00310255
4.67333e-09	0.00309778
4.67345e-09	0.003093
4.67357e-09	0.00308821
4.67369e-09	0.00308342
4.67381e-09	0.00307862
4.67394e-09	0.00307382
4.67406e-09	0.00306901
4.67418e-09	0.00306419
4.6743e-09	0.00305937
4.67443e-09	0.00305454
4.67455e-09	0.00304971
4.67467e-09	0.00304487
4.67479e-09	0.00304003
4.67491e-09	0.00303518
4.67504e-09	0.00303032
4.67516e-09	0.00302546
4.67528e-09	0.00302059
4.6754e-09	0.00301572
4.67553e-09	0.00301084
4.67565e-09	0.00300595
4.67577e-09	0.00300106
4.67589e-09	0.00299617
4.67601e-09	0.00299127
4.67614e-09	0.00298636
4.67626e-09	0.00298145
4.67638e-09	0.00297653
4.6765e-09	0.00297161
4.67663e-09	0.00296668
4.67675e-09	0.00296175
4.67687e-09	0.00295681
4.67699e-09	0.00295187
4.67711e-09	0.00294692
4.67724e-09	0.00294196
4.67736e-09	0.002937
4.67748e-09	0.00293204
4.6776e-09	0.00292707
4.67773e-09	0.0029221
4.67785e-09	0.00291711
4.67797e-09	0.00291213
4.67809e-09	0.00290714
4.67822e-09	0.00290214
4.67834e-09	0.00289714
4.67846e-09	0.00289214
4.67858e-09	0.00288713
4.6787e-09	0.00288211
4.67883e-09	0.00287709
4.67895e-09	0.00287207
4.67907e-09	0.00286704
4.67919e-09	0.00286201
4.67932e-09	0.00285697
4.67944e-09	0.00285192
4.67956e-09	0.00284688
4.67968e-09	0.00284182
4.6798e-09	0.00283676
4.67993e-09	0.0028317
4.68005e-09	0.00282664
4.68017e-09	0.00282156
4.68029e-09	0.00281649
4.68042e-09	0.00281141
4.68054e-09	0.00280632
4.68066e-09	0.00280123
4.68078e-09	0.00279614
4.6809e-09	0.00279104
4.68103e-09	0.00278594
4.68115e-09	0.00278083
4.68127e-09	0.00277572
4.68139e-09	0.0027706
4.68152e-09	0.00276548
4.68164e-09	0.00276036
4.68176e-09	0.00275523
4.68188e-09	0.0027501
4.682e-09	0.00274496
4.68213e-09	0.00273982
4.68225e-09	0.00273467
4.68237e-09	0.00272952
4.68249e-09	0.00272437
4.68262e-09	0.00271921
4.68274e-09	0.00271405
4.68286e-09	0.00270889
4.68298e-09	0.00270372
4.6831e-09	0.00269854
4.68323e-09	0.00269337
4.68335e-09	0.00268818
4.68347e-09	0.002683
4.68359e-09	0.00267781
4.68372e-09	0.00267262
4.68384e-09	0.00266742
4.68396e-09	0.00266222
4.68408e-09	0.00265702
4.6842e-09	0.00265181
4.68433e-09	0.0026466
4.68445e-09	0.00264138
4.68457e-09	0.00263617
4.68469e-09	0.00263094
4.68482e-09	0.00262572
4.68494e-09	0.00262049
4.68506e-09	0.00261526
4.68518e-09	0.00261002
4.6853e-09	0.00260478
4.68543e-09	0.00259954
4.68555e-09	0.00259429
4.68567e-09	0.00258904
4.68579e-09	0.00258379
4.68592e-09	0.00257853
4.68604e-09	0.00257327
4.68616e-09	0.00256801
4.68628e-09	0.00256274
4.6864e-09	0.00255747
4.68653e-09	0.0025522
4.68665e-09	0.00254692
4.68677e-09	0.00254164
4.68689e-09	0.00253636
4.68702e-09	0.00253107
4.68714e-09	0.00252579
4.68726e-09	0.00252049
4.68738e-09	0.0025152
4.68751e-09	0.0025099
4.68763e-09	0.0025046
4.68775e-09	0.0024993
4.68787e-09	0.00249399
4.68799e-09	0.00248868
4.68812e-09	0.00248337
4.68824e-09	0.00247806
4.68836e-09	0.00247274
4.68848e-09	0.00246742
4.68861e-09	0.00246209
4.68873e-09	0.00245677
4.68885e-09	0.00245144
4.68897e-09	0.00244611
4.68909e-09	0.00244077
4.68922e-09	0.00243544
4.68934e-09	0.0024301
4.68946e-09	0.00242475
4.68958e-09	0.00241941
4.68971e-09	0.00241406
4.68983e-09	0.00240871
4.68995e-09	0.00240336
4.69007e-09	0.00239801
4.69019e-09	0.00239265
4.69032e-09	0.00238729
4.69044e-09	0.00238193
4.69056e-09	0.00237656
4.69068e-09	0.0023712
4.69081e-09	0.00236583
4.69093e-09	0.00236046
4.69105e-09	0.00235508
4.69117e-09	0.00234971
4.69129e-09	0.00234433
4.69142e-09	0.00233895
4.69154e-09	0.00233357
4.69166e-09	0.00232818
4.69178e-09	0.0023228
4.69191e-09	0.00231741
4.69203e-09	0.00231202
4.69215e-09	0.00230663
4.69227e-09	0.00230123
4.69239e-09	0.00229583
4.69252e-09	0.00229044
4.69264e-09	0.00228504
4.69276e-09	0.00227963
4.69288e-09	0.00227423
4.69301e-09	0.00226882
4.69313e-09	0.00226341
4.69325e-09	0.002258
4.69337e-09	0.00225259
4.69349e-09	0.00224718
4.69362e-09	0.00224176
4.69374e-09	0.00223635
4.69386e-09	0.00223093
4.69398e-09	0.00222551
4.69411e-09	0.00222009
4.69423e-09	0.00221466
4.69435e-09	0.00220924
4.69447e-09	0.00220381
4.69459e-09	0.00219838
4.69472e-09	0.00219295
4.69484e-09	0.00218752
4.69496e-09	0.00218209
4.69508e-09	0.00217666
4.69521e-09	0.00217122
4.69533e-09	0.00216578
4.69545e-09	0.00216035
4.69557e-09	0.00215491
4.69569e-09	0.00214947
4.69582e-09	0.00214402
4.69594e-09	0.00213858
4.69606e-09	0.00213313
4.69618e-09	0.00212769
4.69631e-09	0.00212224
4.69643e-09	0.00211679
4.69655e-09	0.00211134
4.69667e-09	0.00210589
4.69679e-09	0.00210044
4.69692e-09	0.00209499
4.69704e-09	0.00208953
4.69716e-09	0.00208408
4.69728e-09	0.00207862
4.69741e-09	0.00207317
4.69753e-09	0.00206771
4.69765e-09	0.00206225
4.69777e-09	0.00205679
4.6979e-09	0.00205133
4.69802e-09	0.00204587
4.69814e-09	0.00204041
4.69826e-09	0.00203494
4.69838e-09	0.00202948
4.69851e-09	0.00202401
4.69863e-09	0.00201855
4.69875e-09	0.00201308
4.69887e-09	0.00200761
4.699e-09	0.00200215
4.69912e-09	0.00199668
4.69924e-09	0.00199121
4.69936e-09	0.00198574
4.69948e-09	0.00198027
4.69961e-09	0.0019748
4.69973e-09	0.00196933
4.69985e-09	0.00196386
4.69997e-09	0.00195838
4.7001e-09	0.00195291
4.70022e-09	0.00194744
4.70034e-09	0.00194196
4.70046e-09	0.00193649
4.70058e-09	0.00193101
4.70071e-09	0.00192554
4.70083e-09	0.00192006
4.70095e-09	0.00191459
4.70107e-09	0.00190911
4.7012e-09	0.00190364
4.70132e-09	0.00189816
4.70144e-09	0.00189268
4.70156e-09	0.00188721
4.70168e-09	0.00188173
4.70181e-09	0.00187625
4.70193e-09	0.00187078
4.70205e-09	0.0018653
4.70217e-09	0.00185982
4.7023e-09	0.00185434
4.70242e-09	0.00184887
4.70254e-09	0.00184339
4.70266e-09	0.00183791
4.70278e-09	0.00183243
4.70291e-09	0.00182696
4.70303e-09	0.00182148
4.70315e-09	0.001816
4.70327e-09	0.00181052
4.7034e-09	0.00180505
4.70352e-09	0.00179957
4.70364e-09	0.00179409
4.70376e-09	0.00178862
4.70388e-09	0.00178314
4.70401e-09	0.00177766
4.70413e-09	0.00177219
4.70425e-09	0.00176671
4.70437e-09	0.00176124
4.7045e-09	0.00175576
4.70462e-09	0.00175029
4.70474e-09	0.00174481
4.70486e-09	0.00173934
4.70498e-09	0.00173387
4.70511e-09	0.00172839
4.70523e-09	0.00172292
4.70535e-09	0.00171745
4.70547e-09	0.00171198
4.7056e-09	0.00170651
4.70572e-09	0.00170104
4.70584e-09	0.00169557
4.70596e-09	0.0016901
4.70608e-09	0.00168463
4.70621e-09	0.00167916
4.70633e-09	0.0016737
4.70645e-09	0.00166823
4.70657e-09	0.00166276
4.7067e-09	0.0016573
4.70682e-09	0.00165183
4.70694e-09	0.00164637
4.70706e-09	0.00164091
4.70719e-09	0.00163545
4.70731e-09	0.00162998
4.70743e-09	0.00162452
4.70755e-09	0.00161906
4.70767e-09	0.00161361
4.7078e-09	0.00160815
4.70792e-09	0.00160269
4.70804e-09	0.00159724
4.70816e-09	0.00159178
4.70829e-09	0.00158633
4.70841e-09	0.00158088
4.70853e-09	0.00157542
4.70865e-09	0.00156997
4.70877e-09	0.00156452
4.7089e-09	0.00155908
4.70902e-09	0.00155363
4.70914e-09	0.00154818
4.70926e-09	0.00154274
4.70939e-09	0.00153729
4.70951e-09	0.00153185
4.70963e-09	0.00152641
4.70975e-09	0.00152097
4.70987e-09	0.00151553
4.71e-09	0.00151009
4.71012e-09	0.00150466
4.71024e-09	0.00149922
4.71036e-09	0.00149379
4.71049e-09	0.00148836
4.71061e-09	0.00148293
4.71073e-09	0.0014775
4.71085e-09	0.00147207
4.71097e-09	0.00146664
4.7111e-09	0.00146122
4.71122e-09	0.0014558
4.71134e-09	0.00145037
4.71146e-09	0.00144495
4.71159e-09	0.00143954
4.71171e-09	0.00143412
4.71183e-09	0.0014287
4.71195e-09	0.00142329
4.71207e-09	0.00141788
4.7122e-09	0.00141247
4.71232e-09	0.00140706
4.71244e-09	0.00140165
4.71256e-09	0.00139624
4.71269e-09	0.00139084
4.71281e-09	0.00138544
4.71293e-09	0.00138004
4.71305e-09	0.00137464
4.71317e-09	0.00136924
4.7133e-09	0.00136385
4.71342e-09	0.00135846
4.71354e-09	0.00135306
4.71366e-09	0.00134768
4.71379e-09	0.00134229
4.71391e-09	0.0013369
4.71403e-09	0.00133152
4.71415e-09	0.00132614
4.71427e-09	0.00132076
4.7144e-09	0.00131538
4.71452e-09	0.00131001
4.71464e-09	0.00130463
4.71476e-09	0.00129926
4.71489e-09	0.00129389
4.71501e-09	0.00128853
4.71513e-09	0.00128316
4.71525e-09	0.0012778
4.71537e-09	0.00127244
4.7155e-09	0.00126708
4.71562e-09	0.00126172
4.71574e-09	0.00125637
4.71586e-09	0.00125102
4.71599e-09	0.00124567
4.71611e-09	0.00124032
4.71623e-09	0.00123498
4.71635e-09	0.00122963
4.71647e-09	0.00122429
4.7166e-09	0.00121896
4.71672e-09	0.00121362
4.71684e-09	0.00120829
4.71696e-09	0.00120296
4.71709e-09	0.00119763
4.71721e-09	0.0011923
4.71733e-09	0.00118698
4.71745e-09	0.00118166
4.71758e-09	0.00117634
4.7177e-09	0.00117103
4.71782e-09	0.00116571
4.71794e-09	0.0011604
4.71806e-09	0.00115509
4.71819e-09	0.00114979
4.71831e-09	0.00114449
4.71843e-09	0.00113918
4.71855e-09	0.00113389
4.71868e-09	0.00112859
4.7188e-09	0.0011233
4.71892e-09	0.00111801
4.71904e-09	0.00111272
4.71916e-09	0.00110744
4.71929e-09	0.00110216
4.71941e-09	0.00109688
4.71953e-09	0.0010916
4.71965e-09	0.00108633
4.71978e-09	0.00108106
4.7199e-09	0.00107579
4.72002e-09	0.00107053
4.72014e-09	0.00106527
4.72026e-09	0.00106001
4.72039e-09	0.00105475
4.72051e-09	0.0010495
4.72063e-09	0.00104425
4.72075e-09	0.00103901
4.72088e-09	0.00103376
4.721e-09	0.00102852
4.72112e-09	0.00102328
4.72124e-09	0.00101805
4.72136e-09	0.00101282
4.72149e-09	0.00100759
4.72161e-09	0.00100236
4.72173e-09	0.000997141
4.72185e-09	0.000991922
4.72198e-09	0.000986706
4.7221e-09	0.000981494
4.72222e-09	0.000976284
4.72234e-09	0.000971077
4.72246e-09	0.000965874
4.72259e-09	0.000960674
4.72271e-09	0.000955477
4.72283e-09	0.000950284
4.72295e-09	0.000945094
4.72308e-09	0.000939907
4.7232e-09	0.000934723
4.72332e-09	0.000929543
4.72344e-09	0.000924366
4.72356e-09	0.000919193
4.72369e-09	0.000914023
4.72381e-09	0.000908856
4.72393e-09	0.000903693
4.72405e-09	0.000898533
4.72418e-09	0.000893376
4.7243e-09	0.000888223
4.72442e-09	0.000883074
4.72454e-09	0.000877928
4.72466e-09	0.000872785
4.72479e-09	0.000867646
4.72491e-09	0.000862511
4.72503e-09	0.000857379
4.72515e-09	0.000852251
4.72528e-09	0.000847126
4.7254e-09	0.000842005
4.72552e-09	0.000836888
4.72564e-09	0.000831774
4.72576e-09	0.000826664
4.72589e-09	0.000821558
4.72601e-09	0.000816455
4.72613e-09	0.000811356
4.72625e-09	0.000806261
4.72638e-09	0.000801169
4.7265e-09	0.000796082
4.72662e-09	0.000790998
4.72674e-09	0.000785917
4.72687e-09	0.000780841
4.72699e-09	0.000775769
4.72711e-09	0.0007707
4.72723e-09	0.000765635
4.72735e-09	0.000760574
4.72748e-09	0.000755517
4.7276e-09	0.000750464
4.72772e-09	0.000745414
4.72784e-09	0.000740369
4.72797e-09	0.000735328
4.72809e-09	0.00073029
4.72821e-09	0.000725257
4.72833e-09	0.000720227
4.72845e-09	0.000715202
4.72858e-09	0.00071018
4.7287e-09	0.000705163
4.72882e-09	0.000700149
4.72894e-09	0.00069514
4.72907e-09	0.000690135
4.72919e-09	0.000685134
4.72931e-09	0.000680137
4.72943e-09	0.000675144
4.72955e-09	0.000670155
4.72968e-09	0.00066517
4.7298e-09	0.00066019
4.72992e-09	0.000655214
4.73004e-09	0.000650242
4.73017e-09	0.000645274
4.73029e-09	0.00064031
4.73041e-09	0.000635351
4.73053e-09	0.000630396
4.73065e-09	0.000625445
4.73078e-09	0.000620499
4.7309e-09	0.000615557
4.73102e-09	0.000610619
4.73114e-09	0.000605685
4.73127e-09	0.000600756
4.73139e-09	0.000595831
4.73151e-09	0.000590911
4.73163e-09	0.000585995
4.73175e-09	0.000581083
4.73188e-09	0.000576176
4.732e-09	0.000571273
4.73212e-09	0.000566375
4.73224e-09	0.000561481
4.73237e-09	0.000556591
4.73249e-09	0.000551706
4.73261e-09	0.000546826
4.73273e-09	0.00054195
4.73285e-09	0.000537079
4.73298e-09	0.000532212
4.7331e-09	0.000527349
4.73322e-09	0.000522492
4.73334e-09	0.000517639
4.73347e-09	0.00051279
4.73359e-09	0.000507946
4.73371e-09	0.000503107
4.73383e-09	0.000498272
4.73395e-09	0.000493442
4.73408e-09	0.000488617
4.7342e-09	0.000483796
4.73432e-09	0.00047898
4.73444e-09	0.000474169
4.73457e-09	0.000469363
4.73469e-09	0.000464561
4.73481e-09	0.000459764
4.73493e-09	0.000454972
4.73505e-09	0.000450184
4.73518e-09	0.000445401
4.7353e-09	0.000440624
4.73542e-09	0.00043585
4.73554e-09	0.000431082
4.73567e-09	0.000426319
4.73579e-09	0.00042156
4.73591e-09	0.000416806
4.73603e-09	0.000412058
4.73615e-09	0.000407314
4.73628e-09	0.000402575
4.7364e-09	0.000397841
4.73652e-09	0.000393111
4.73664e-09	0.000388387
4.73677e-09	0.000383668
4.73689e-09	0.000378954
4.73701e-09	0.000374244
4.73713e-09	0.00036954
4.73726e-09	0.000364841
4.73738e-09	0.000360146
4.7375e-09	0.000355457
4.73762e-09	0.000350773
4.73774e-09	0.000346094
4.73787e-09	0.00034142
4.73799e-09	0.00033675
4.73811e-09	0.000332087
4.73823e-09	0.000327428
4.73836e-09	0.000322774
4.73848e-09	0.000318125
4.7386e-09	0.000313482
4.73872e-09	0.000308844
4.73884e-09	0.000304211
4.73897e-09	0.000299583
4.73909e-09	0.00029496
4.73921e-09	0.000290342
4.73933e-09	0.00028573
4.73946e-09	0.000281123
4.73958e-09	0.000276521
4.7397e-09	0.000271924
4.73982e-09	0.000267333
4.73994e-09	0.000262747
4.74007e-09	0.000258166
4.74019e-09	0.00025359
4.74031e-09	0.00024902
4.74043e-09	0.000244455
4.74056e-09	0.000239896
4.74068e-09	0.000235342
4.7408e-09	0.000230793
4.74092e-09	0.000226249
4.74104e-09	0.000221711
4.74117e-09	0.000217178
4.74129e-09	0.000212651
4.74141e-09	0.000208129
4.74153e-09	0.000203612
4.74166e-09	0.000199101
4.74178e-09	0.000194596
4.7419e-09	0.000190096
4.74202e-09	0.000185601
4.74214e-09	0.000181112
4.74227e-09	0.000176628
4.74239e-09	0.00017215
4.74251e-09	0.000167677
4.74263e-09	0.00016321
4.74276e-09	0.000158748
4.74288e-09	0.000154292
4.743e-09	0.000149841
4.74312e-09	0.000145396
4.74324e-09	0.000140957
4.74337e-09	0.000136523
4.74349e-09	0.000132094
4.74361e-09	0.000127672
4.74373e-09	0.000123255
4.74386e-09	0.000118843
4.74398e-09	0.000114437
4.7441e-09	0.000110037
4.74422e-09	0.000105643
4.74434e-09	0.000101254
4.74447e-09	9.68706e-05
4.74459e-09	9.24932e-05
4.74471e-09	8.81214e-05
4.74483e-09	8.37553e-05
4.74496e-09	7.9395e-05
4.74508e-09	7.50403e-05
4.7452e-09	7.06915e-05
4.74532e-09	6.63483e-05
4.74544e-09	6.2011e-05
4.74557e-09	5.76794e-05
4.74569e-09	5.33535e-05
4.74581e-09	4.90335e-05
4.74593e-09	4.47193e-05
4.74606e-09	4.04109e-05
4.74618e-09	3.61083e-05
4.7463e-09	3.18115e-05
4.74642e-09	2.75205e-05
4.74655e-09	2.32354e-05
4.74667e-09	1.89562e-05
4.74679e-09	1.46828e-05
4.74691e-09	1.04153e-05
4.74703e-09	6.15373e-06
4.74716e-09	1.89802e-06
4.74728e-09	-2.35179e-06
4.7474e-09	-6.59568e-06
4.74752e-09	-1.08337e-05
4.74765e-09	-1.50657e-05
4.74777e-09	-1.92918e-05
4.74789e-09	-2.35119e-05
4.74801e-09	-2.77261e-05
4.74813e-09	-3.19343e-05
4.74826e-09	-3.61366e-05
4.74838e-09	-4.03328e-05
4.7485e-09	-4.45231e-05
4.74862e-09	-4.87073e-05
4.74875e-09	-5.28855e-05
4.74887e-09	-5.70578e-05
4.74899e-09	-6.12239e-05
4.74911e-09	-6.53841e-05
4.74923e-09	-6.95382e-05
4.74936e-09	-7.36862e-05
4.74948e-09	-7.78281e-05
4.7496e-09	-8.1964e-05
4.74972e-09	-8.60938e-05
4.74985e-09	-9.02175e-05
4.74997e-09	-9.43351e-05
4.75009e-09	-9.84466e-05
4.75021e-09	-0.000102552
4.75033e-09	-0.000106651
4.75046e-09	-0.000110744
4.75058e-09	-0.000114831
4.7507e-09	-0.000118912
4.75082e-09	-0.000122987
4.75095e-09	-0.000127055
4.75107e-09	-0.000131117
4.75119e-09	-0.000135174
4.75131e-09	-0.000139223
4.75143e-09	-0.000143267
4.75156e-09	-0.000147305
4.75168e-09	-0.000151336
4.7518e-09	-0.000155361
4.75192e-09	-0.00015938
4.75205e-09	-0.000163392
4.75217e-09	-0.000167399
4.75229e-09	-0.000171399
4.75241e-09	-0.000175393
4.75253e-09	-0.00017938
4.75266e-09	-0.000183361
4.75278e-09	-0.000187336
4.7529e-09	-0.000191305
4.75302e-09	-0.000195267
4.75315e-09	-0.000199223
4.75327e-09	-0.000203173
4.75339e-09	-0.000207116
4.75351e-09	-0.000211054
4.75363e-09	-0.000214984
4.75376e-09	-0.000218909
4.75388e-09	-0.000222827
4.754e-09	-0.000226738
4.75412e-09	-0.000230643
4.75425e-09	-0.000234542
4.75437e-09	-0.000238435
4.75449e-09	-0.000242321
4.75461e-09	-0.000246201
4.75473e-09	-0.000250074
4.75486e-09	-0.000253941
4.75498e-09	-0.000257801
4.7551e-09	-0.000261655
4.75522e-09	-0.000265503
4.75535e-09	-0.000269344
4.75547e-09	-0.000273179
4.75559e-09	-0.000277007
4.75571e-09	-0.000280829
4.75583e-09	-0.000284644
4.75596e-09	-0.000288453
4.75608e-09	-0.000292255
4.7562e-09	-0.000296051
4.75632e-09	-0.00029984
4.75645e-09	-0.000303623
4.75657e-09	-0.000307399
4.75669e-09	-0.000311169
4.75681e-09	-0.000314932
4.75694e-09	-0.000318689
4.75706e-09	-0.000322439
4.75718e-09	-0.000326183
4.7573e-09	-0.00032992
4.75742e-09	-0.000333651
4.75755e-09	-0.000337375
4.75767e-09	-0.000341092
4.75779e-09	-0.000344803
4.75791e-09	-0.000348507
4.75804e-09	-0.000352205
4.75816e-09	-0.000355896
4.75828e-09	-0.00035958
4.7584e-09	-0.000363258
4.75852e-09	-0.000366929
4.75865e-09	-0.000370594
4.75877e-09	-0.000374252
4.75889e-09	-0.000377903
4.75901e-09	-0.000381548
4.75914e-09	-0.000385186
4.75926e-09	-0.000388818
4.75938e-09	-0.000392442
4.7595e-09	-0.000396061
4.75962e-09	-0.000399672
4.75975e-09	-0.000403277
4.75987e-09	-0.000406875
4.75999e-09	-0.000410466
4.76011e-09	-0.000414051
4.76024e-09	-0.000417629
4.76036e-09	-0.0004212
4.76048e-09	-0.000424765
4.7606e-09	-0.000428323
4.76072e-09	-0.000431874
4.76085e-09	-0.000435419
4.76097e-09	-0.000438956
4.76109e-09	-0.000442488
4.76121e-09	-0.000446012
4.76134e-09	-0.000449529
4.76146e-09	-0.00045304
4.76158e-09	-0.000456544
4.7617e-09	-0.000460042
4.76182e-09	-0.000463532
4.76195e-09	-0.000467016
4.76207e-09	-0.000470493
4.76219e-09	-0.000473963
4.76231e-09	-0.000477426
4.76244e-09	-0.000480883
4.76256e-09	-0.000484333
4.76268e-09	-0.000487776
4.7628e-09	-0.000491212
4.76292e-09	-0.000494642
4.76305e-09	-0.000498064
4.76317e-09	-0.00050148
4.76329e-09	-0.000504889
4.76341e-09	-0.000508291
4.76354e-09	-0.000511687
4.76366e-09	-0.000515075
4.76378e-09	-0.000518457
4.7639e-09	-0.000521832
4.76402e-09	-0.0005252
4.76415e-09	-0.000528561
4.76427e-09	-0.000531915
4.76439e-09	-0.000535263
4.76451e-09	-0.000538603
4.76464e-09	-0.000541937
4.76476e-09	-0.000545264
4.76488e-09	-0.000548583
4.765e-09	-0.000551897
4.76512e-09	-0.000555203
4.76525e-09	-0.000558502
4.76537e-09	-0.000561794
4.76549e-09	-0.00056508
4.76561e-09	-0.000568358
4.76574e-09	-0.00057163
4.76586e-09	-0.000574895
4.76598e-09	-0.000578153
4.7661e-09	-0.000581403
4.76622e-09	-0.000584647
4.76635e-09	-0.000587885
4.76647e-09	-0.000591115
4.76659e-09	-0.000594338
4.76671e-09	-0.000597554
4.76684e-09	-0.000600763
4.76696e-09	-0.000603966
4.76708e-09	-0.000607161
4.7672e-09	-0.00061035
4.76733e-09	-0.000613531
4.76745e-09	-0.000616706
4.76757e-09	-0.000619874
4.76769e-09	-0.000623034
4.76781e-09	-0.000626188
4.76794e-09	-0.000629335
4.76806e-09	-0.000632474
4.76818e-09	-0.000635607
4.7683e-09	-0.000638733
4.76843e-09	-0.000641852
4.76855e-09	-0.000644963
4.76867e-09	-0.000648068
4.76879e-09	-0.000651166
4.76891e-09	-0.000654257
4.76904e-09	-0.000657341
4.76916e-09	-0.000660417
4.76928e-09	-0.000663487
4.7694e-09	-0.00066655
4.76953e-09	-0.000669606
4.76965e-09	-0.000672654
4.76977e-09	-0.000675696
4.76989e-09	-0.000678731
4.77001e-09	-0.000681759
4.77014e-09	-0.000684779
4.77026e-09	-0.000687793
4.77038e-09	-0.0006908
4.7705e-09	-0.000693799
4.77063e-09	-0.000696792
4.77075e-09	-0.000699777
4.77087e-09	-0.000702756
4.77099e-09	-0.000705727
4.77111e-09	-0.000708691
4.77124e-09	-0.000711649
4.77136e-09	-0.000714599
4.77148e-09	-0.000717542
4.7716e-09	-0.000720478
4.77173e-09	-0.000723407
4.77185e-09	-0.000726329
4.77197e-09	-0.000729244
4.77209e-09	-0.000732152
4.77221e-09	-0.000735053
4.77234e-09	-0.000737947
4.77246e-09	-0.000740834
4.77258e-09	-0.000743713
4.7727e-09	-0.000746586
4.77283e-09	-0.000749451
4.77295e-09	-0.00075231
4.77307e-09	-0.000755161
4.77319e-09	-0.000758005
4.77331e-09	-0.000760842
4.77344e-09	-0.000763672
4.77356e-09	-0.000766495
4.77368e-09	-0.000769311
4.7738e-09	-0.00077212
4.77393e-09	-0.000774922
4.77405e-09	-0.000777716
4.77417e-09	-0.000780504
4.77429e-09	-0.000783284
4.77441e-09	-0.000786057
4.77454e-09	-0.000788823
4.77466e-09	-0.000791582
4.77478e-09	-0.000794334
4.7749e-09	-0.000797079
4.77503e-09	-0.000799817
4.77515e-09	-0.000802548
4.77527e-09	-0.000805271
4.77539e-09	-0.000807988
4.77551e-09	-0.000810697
4.77564e-09	-0.000813399
4.77576e-09	-0.000816094
4.77588e-09	-0.000818782
4.776e-09	-0.000821463
4.77613e-09	-0.000824136
4.77625e-09	-0.000826803
4.77637e-09	-0.000829462
4.77649e-09	-0.000832115
4.77662e-09	-0.00083476
4.77674e-09	-0.000837398
4.77686e-09	-0.000840029
4.77698e-09	-0.000842653
4.7771e-09	-0.00084527
4.77723e-09	-0.000847879
4.77735e-09	-0.000850482
4.77747e-09	-0.000853077
4.77759e-09	-0.000855665
4.77772e-09	-0.000858246
4.77784e-09	-0.00086082
4.77796e-09	-0.000863387
4.77808e-09	-0.000865946
4.7782e-09	-0.000868499
4.77833e-09	-0.000871044
4.77845e-09	-0.000873582
4.77857e-09	-0.000876113
4.77869e-09	-0.000878637
4.77882e-09	-0.000881154
4.77894e-09	-0.000883664
4.77906e-09	-0.000886166
4.77918e-09	-0.000888662
4.7793e-09	-0.00089115
4.77943e-09	-0.000893631
4.77955e-09	-0.000896105
4.77967e-09	-0.000898572
4.77979e-09	-0.000901032
4.77992e-09	-0.000903484
4.78004e-09	-0.00090593
4.78016e-09	-0.000908368
4.78028e-09	-0.000910799
4.7804e-09	-0.000913223
4.78053e-09	-0.00091564
4.78065e-09	-0.000918049
4.78077e-09	-0.000920452
4.78089e-09	-0.000922847
4.78102e-09	-0.000925236
4.78114e-09	-0.000927617
4.78126e-09	-0.000929991
4.78138e-09	-0.000932358
4.7815e-09	-0.000934717
4.78163e-09	-0.00093707
4.78175e-09	-0.000939415
4.78187e-09	-0.000941754
4.78199e-09	-0.000944085
4.78212e-09	-0.000946409
4.78224e-09	-0.000948726
4.78236e-09	-0.000951035
4.78248e-09	-0.000953338
4.7826e-09	-0.000955633
4.78273e-09	-0.000957922
4.78285e-09	-0.000960203
4.78297e-09	-0.000962477
4.78309e-09	-0.000964744
4.78322e-09	-0.000967004
4.78334e-09	-0.000969256
4.78346e-09	-0.000971502
4.78358e-09	-0.00097374
4.7837e-09	-0.000975971
4.78383e-09	-0.000978195
4.78395e-09	-0.000980412
4.78407e-09	-0.000982622
4.78419e-09	-0.000984825
4.78432e-09	-0.00098702
4.78444e-09	-0.000989209
4.78456e-09	-0.00099139
4.78468e-09	-0.000993564
4.7848e-09	-0.000995732
4.78493e-09	-0.000997891
4.78505e-09	-0.00100004
4.78517e-09	-0.00100219
4.78529e-09	-0.00100433
4.78542e-09	-0.00100646
4.78554e-09	-0.00100858
4.78566e-09	-0.0010107
4.78578e-09	-0.00101281
4.7859e-09	-0.00101491
4.78603e-09	-0.00101701
4.78615e-09	-0.0010191
4.78627e-09	-0.00102118
4.78639e-09	-0.00102326
4.78652e-09	-0.00102532
4.78664e-09	-0.00102738
4.78676e-09	-0.00102944
4.78688e-09	-0.00103148
4.78701e-09	-0.00103352
4.78713e-09	-0.00103555
4.78725e-09	-0.00103758
4.78737e-09	-0.0010396
4.78749e-09	-0.00104161
4.78762e-09	-0.00104361
4.78774e-09	-0.00104561
4.78786e-09	-0.0010476
4.78798e-09	-0.00104958
4.78811e-09	-0.00105155
4.78823e-09	-0.00105352
4.78835e-09	-0.00105548
4.78847e-09	-0.00105744
4.78859e-09	-0.00105938
4.78872e-09	-0.00106132
4.78884e-09	-0.00106326
4.78896e-09	-0.00106518
4.78908e-09	-0.0010671
4.78921e-09	-0.00106901
4.78933e-09	-0.00107092
4.78945e-09	-0.00107281
4.78957e-09	-0.0010747
4.78969e-09	-0.00107659
4.78982e-09	-0.00107846
4.78994e-09	-0.00108033
4.79006e-09	-0.00108219
4.79018e-09	-0.00108405
4.79031e-09	-0.0010859
4.79043e-09	-0.00108774
4.79055e-09	-0.00108957
4.79067e-09	-0.0010914
4.79079e-09	-0.00109322
4.79092e-09	-0.00109503
4.79104e-09	-0.00109684
4.79116e-09	-0.00109864
4.79128e-09	-0.00110043
4.79141e-09	-0.00110221
4.79153e-09	-0.00110399
4.79165e-09	-0.00110576
4.79177e-09	-0.00110752
4.79189e-09	-0.00110928
4.79202e-09	-0.00111103
4.79214e-09	-0.00111277
4.79226e-09	-0.00111451
4.79238e-09	-0.00111623
4.79251e-09	-0.00111796
4.79263e-09	-0.00111967
4.79275e-09	-0.00112138
4.79287e-09	-0.00112308
4.79299e-09	-0.00112477
4.79312e-09	-0.00112646
4.79324e-09	-0.00112814
4.79336e-09	-0.00112981
4.79348e-09	-0.00113148
4.79361e-09	-0.00113313
4.79373e-09	-0.00113479
4.79385e-09	-0.00113643
4.79397e-09	-0.00113807
4.79409e-09	-0.0011397
4.79422e-09	-0.00114132
4.79434e-09	-0.00114294
4.79446e-09	-0.00114455
4.79458e-09	-0.00114615
4.79471e-09	-0.00114775
4.79483e-09	-0.00114934
4.79495e-09	-0.00115092
4.79507e-09	-0.00115249
4.79519e-09	-0.00115406
4.79532e-09	-0.00115562
4.79544e-09	-0.00115718
4.79556e-09	-0.00115872
4.79568e-09	-0.00116026
4.79581e-09	-0.0011618
4.79593e-09	-0.00116332
4.79605e-09	-0.00116484
4.79617e-09	-0.00116635
4.7963e-09	-0.00116786
4.79642e-09	-0.00116936
4.79654e-09	-0.00117085
4.79666e-09	-0.00117234
4.79678e-09	-0.00117381
4.79691e-09	-0.00117528
4.79703e-09	-0.00117675
4.79715e-09	-0.00117821
4.79727e-09	-0.00117966
4.7974e-09	-0.0011811
4.79752e-09	-0.00118254
4.79764e-09	-0.00118397
4.79776e-09	-0.00118539
4.79788e-09	-0.00118681
4.79801e-09	-0.00118821
4.79813e-09	-0.00118962
4.79825e-09	-0.00119101
4.79837e-09	-0.0011924
4.7985e-09	-0.00119378
4.79862e-09	-0.00119516
4.79874e-09	-0.00119653
4.79886e-09	-0.00119789
4.79898e-09	-0.00119924
4.79911e-09	-0.00120059
4.79923e-09	-0.00120193
4.79935e-09	-0.00120327
4.79947e-09	-0.00120459
4.7996e-09	-0.00120591
4.79972e-09	-0.00120723
4.79984e-09	-0.00120853
4.79996e-09	-0.00120983
4.80008e-09	-0.00121113
4.80021e-09	-0.00121241
4.80033e-09	-0.00121369
4.80045e-09	-0.00121497
4.80057e-09	-0.00121623
4.8007e-09	-0.00121749
4.80082e-09	-0.00121874
4.80094e-09	-0.00121999
4.80106e-09	-0.00122123
4.80118e-09	-0.00122246
4.80131e-09	-0.00122369
4.80143e-09	-0.0012249
4.80155e-09	-0.00122612
4.80167e-09	-0.00122732
4.8018e-09	-0.00122852
4.80192e-09	-0.00122971
4.80204e-09	-0.0012309
4.80216e-09	-0.00123208
4.80228e-09	-0.00123325
4.80241e-09	-0.00123441
4.80253e-09	-0.00123557
4.80265e-09	-0.00123672
4.80277e-09	-0.00123787
4.8029e-09	-0.00123901
4.80302e-09	-0.00124014
4.80314e-09	-0.00124126
4.80326e-09	-0.00124238
4.80338e-09	-0.00124349
4.80351e-09	-0.0012446
4.80363e-09	-0.0012457
4.80375e-09	-0.00124679
4.80387e-09	-0.00124787
4.804e-09	-0.00124895
4.80412e-09	-0.00125002
4.80424e-09	-0.00125109
4.80436e-09	-0.00125214
4.80448e-09	-0.0012532
4.80461e-09	-0.00125424
4.80473e-09	-0.00125528
4.80485e-09	-0.00125631
4.80497e-09	-0.00125734
4.8051e-09	-0.00125836
4.80522e-09	-0.00125937
4.80534e-09	-0.00126037
4.80546e-09	-0.00126137
4.80558e-09	-0.00126236
4.80571e-09	-0.00126335
4.80583e-09	-0.00126433
4.80595e-09	-0.0012653
4.80607e-09	-0.00126627
4.8062e-09	-0.00126723
4.80632e-09	-0.00126818
4.80644e-09	-0.00126913
4.80656e-09	-0.00127007
4.80669e-09	-0.001271
4.80681e-09	-0.00127193
4.80693e-09	-0.00127285
4.80705e-09	-0.00127376
4.80717e-09	-0.00127467
4.8073e-09	-0.00127557
4.80742e-09	-0.00127646
4.80754e-09	-0.00127735
4.80766e-09	-0.00127823
4.80779e-09	-0.00127911
4.80791e-09	-0.00127997
4.80803e-09	-0.00128084
4.80815e-09	-0.00128169
4.80827e-09	-0.00128254
4.8084e-09	-0.00128338
4.80852e-09	-0.00128422
4.80864e-09	-0.00128505
4.80876e-09	-0.00128587
4.80889e-09	-0.00128669
4.80901e-09	-0.0012875
4.80913e-09	-0.0012883
4.80925e-09	-0.0012891
4.80937e-09	-0.00128989
4.8095e-09	-0.00129067
4.80962e-09	-0.00129145
4.80974e-09	-0.00129222
4.80986e-09	-0.00129299
4.80999e-09	-0.00129375
4.81011e-09	-0.0012945
4.81023e-09	-0.00129525
4.81035e-09	-0.00129599
4.81047e-09	-0.00129672
4.8106e-09	-0.00129745
4.81072e-09	-0.00129817
4.81084e-09	-0.00129888
4.81096e-09	-0.00129959
4.81109e-09	-0.00130029
4.81121e-09	-0.00130099
4.81133e-09	-0.00130168
4.81145e-09	-0.00130236
4.81157e-09	-0.00130304
4.8117e-09	-0.00130371
4.81182e-09	-0.00130437
4.81194e-09	-0.00130503
4.81206e-09	-0.00130568
4.81219e-09	-0.00130632
4.81231e-09	-0.00130696
4.81243e-09	-0.0013076
4.81255e-09	-0.00130822
4.81267e-09	-0.00130884
4.8128e-09	-0.00130946
4.81292e-09	-0.00131006
4.81304e-09	-0.00131067
4.81316e-09	-0.00131126
4.81329e-09	-0.00131185
4.81341e-09	-0.00131243
4.81353e-09	-0.00131301
4.81365e-09	-0.00131358
4.81377e-09	-0.00131414
4.8139e-09	-0.0013147
4.81402e-09	-0.00131525
4.81414e-09	-0.0013158
4.81426e-09	-0.00131634
4.81439e-09	-0.00131687
4.81451e-09	-0.0013174
4.81463e-09	-0.00131792
4.81475e-09	-0.00131843
4.81487e-09	-0.00131894
4.815e-09	-0.00131945
4.81512e-09	-0.00131994
4.81524e-09	-0.00132043
4.81536e-09	-0.00132092
4.81549e-09	-0.0013214
4.81561e-09	-0.00132187
4.81573e-09	-0.00132233
4.81585e-09	-0.00132279
4.81598e-09	-0.00132325
4.8161e-09	-0.00132369
4.81622e-09	-0.00132414
4.81634e-09	-0.00132457
4.81646e-09	-0.001325
4.81659e-09	-0.00132542
4.81671e-09	-0.00132584
4.81683e-09	-0.00132625
4.81695e-09	-0.00132666
4.81708e-09	-0.00132706
4.8172e-09	-0.00132745
4.81732e-09	-0.00132784
4.81744e-09	-0.00132822
4.81756e-09	-0.0013286
4.81769e-09	-0.00132897
4.81781e-09	-0.00132933
4.81793e-09	-0.00132969
4.81805e-09	-0.00133004
4.81818e-09	-0.00133038
4.8183e-09	-0.00133072
4.81842e-09	-0.00133106
4.81854e-09	-0.00133139
4.81866e-09	-0.00133171
4.81879e-09	-0.00133202
4.81891e-09	-0.00133233
4.81903e-09	-0.00133264
4.81915e-09	-0.00133294
4.81928e-09	-0.00133323
4.8194e-09	-0.00133352
4.81952e-09	-0.0013338
4.81964e-09	-0.00133407
4.81976e-09	-0.00133434
4.81989e-09	-0.0013346
4.82001e-09	-0.00133486
4.82013e-09	-0.00133511
4.82025e-09	-0.00133536
4.82038e-09	-0.0013356
4.8205e-09	-0.00133583
4.82062e-09	-0.00133606
4.82074e-09	-0.00133628
4.82086e-09	-0.0013365
4.82099e-09	-0.00133671
4.82111e-09	-0.00133692
4.82123e-09	-0.00133711
4.82135e-09	-0.00133731
4.82148e-09	-0.0013375
4.8216e-09	-0.00133768
4.82172e-09	-0.00133785
4.82184e-09	-0.00133802
4.82196e-09	-0.00133819
4.82209e-09	-0.00133835
4.82221e-09	-0.0013385
4.82233e-09	-0.00133865
4.82245e-09	-0.00133879
4.82258e-09	-0.00133893
4.8227e-09	-0.00133906
4.82282e-09	-0.00133918
4.82294e-09	-0.0013393
4.82306e-09	-0.00133942
4.82319e-09	-0.00133952
4.82331e-09	-0.00133963
4.82343e-09	-0.00133972
4.82355e-09	-0.00133982
4.82368e-09	-0.0013399
4.8238e-09	-0.00133998
4.82392e-09	-0.00134005
4.82404e-09	-0.00134012
4.82416e-09	-0.00134019
4.82429e-09	-0.00134024
4.82441e-09	-0.0013403
4.82453e-09	-0.00134034
4.82465e-09	-0.00134038
4.82478e-09	-0.00134042
4.8249e-09	-0.00134045
4.82502e-09	-0.00134047
4.82514e-09	-0.00134049
4.82526e-09	-0.0013405
4.82539e-09	-0.00134051
4.82551e-09	-0.00134051
4.82563e-09	-0.00134051
4.82575e-09	-0.0013405
4.82588e-09	-0.00134049
4.826e-09	-0.00134047
4.82612e-09	-0.00134044
4.82624e-09	-0.00134041
4.82637e-09	-0.00134038
4.82649e-09	-0.00134033
4.82661e-09	-0.00134029
4.82673e-09	-0.00134023
4.82685e-09	-0.00134018
4.82698e-09	-0.00134011
4.8271e-09	-0.00134004
4.82722e-09	-0.00133997
4.82734e-09	-0.00133989
4.82747e-09	-0.00133981
4.82759e-09	-0.00133972
4.82771e-09	-0.00133962
4.82783e-09	-0.00133952
4.82795e-09	-0.00133941
4.82808e-09	-0.0013393
4.8282e-09	-0.00133918
4.82832e-09	-0.00133906
4.82844e-09	-0.00133893
4.82857e-09	-0.0013388
4.82869e-09	-0.00133866
4.82881e-09	-0.00133852
4.82893e-09	-0.00133837
4.82905e-09	-0.00133822
4.82918e-09	-0.00133806
4.8293e-09	-0.00133789
4.82942e-09	-0.00133772
4.82954e-09	-0.00133755
4.82967e-09	-0.00133737
4.82979e-09	-0.00133718
4.82991e-09	-0.00133699
4.83003e-09	-0.0013368
4.83015e-09	-0.0013366
4.83028e-09	-0.00133639
4.8304e-09	-0.00133618
4.83052e-09	-0.00133596
4.83064e-09	-0.00133574
4.83077e-09	-0.00133551
4.83089e-09	-0.00133528
4.83101e-09	-0.00133504
4.83113e-09	-0.0013348
4.83125e-09	-0.00133455
4.83138e-09	-0.0013343
4.8315e-09	-0.00133404
4.83162e-09	-0.00133378
4.83174e-09	-0.00133351
4.83187e-09	-0.00133324
4.83199e-09	-0.00133296
4.83211e-09	-0.00133268
4.83223e-09	-0.00133239
4.83235e-09	-0.0013321
4.83248e-09	-0.0013318
4.8326e-09	-0.0013315
4.83272e-09	-0.00133119
4.83284e-09	-0.00133088
4.83297e-09	-0.00133056
4.83309e-09	-0.00133023
4.83321e-09	-0.00132991
4.83333e-09	-0.00132957
4.83345e-09	-0.00132923
4.83358e-09	-0.00132889
4.8337e-09	-0.00132854
4.83382e-09	-0.00132819
4.83394e-09	-0.00132783
4.83407e-09	-0.00132747
4.83419e-09	-0.0013271
4.83431e-09	-0.00132673
4.83443e-09	-0.00132635
4.83455e-09	-0.00132597
4.83468e-09	-0.00132558
4.8348e-09	-0.00132519
4.83492e-09	-0.00132479
4.83504e-09	-0.00132439
4.83517e-09	-0.00132398
4.83529e-09	-0.00132357
4.83541e-09	-0.00132315
4.83553e-09	-0.00132273
4.83566e-09	-0.00132231
4.83578e-09	-0.00132188
4.8359e-09	-0.00132144
4.83602e-09	-0.001321
4.83614e-09	-0.00132055
4.83627e-09	-0.0013201
4.83639e-09	-0.00131965
4.83651e-09	-0.00131919
4.83663e-09	-0.00131872
4.83676e-09	-0.00131826
4.83688e-09	-0.00131778
4.837e-09	-0.0013173
4.83712e-09	-0.00131682
4.83724e-09	-0.00131633
4.83737e-09	-0.00131584
4.83749e-09	-0.00131534
4.83761e-09	-0.00131484
4.83773e-09	-0.00131433
4.83786e-09	-0.00131382
4.83798e-09	-0.00131331
4.8381e-09	-0.00131278
4.83822e-09	-0.00131226
4.83834e-09	-0.00131173
4.83847e-09	-0.0013112
4.83859e-09	-0.00131066
4.83871e-09	-0.00131011
4.83883e-09	-0.00130956
4.83896e-09	-0.00130901
4.83908e-09	-0.00130845
4.8392e-09	-0.00130789
4.83932e-09	-0.00130732
4.83944e-09	-0.00130675
4.83957e-09	-0.00130618
4.83969e-09	-0.0013056
4.83981e-09	-0.00130501
4.83993e-09	-0.00130442
4.84006e-09	-0.00130383
4.84018e-09	-0.00130323
4.8403e-09	-0.00130263
4.84042e-09	-0.00130202
4.84054e-09	-0.00130141
4.84067e-09	-0.00130079
4.84079e-09	-0.00130017
4.84091e-09	-0.00129955
4.84103e-09	-0.00129892
4.84116e-09	-0.00129829
4.84128e-09	-0.00129765
4.8414e-09	-0.00129701
4.84152e-09	-0.00129636
4.84164e-09	-0.00129571
4.84177e-09	-0.00129505
4.84189e-09	-0.00129439
4.84201e-09	-0.00129373
4.84213e-09	-0.00129306
4.84226e-09	-0.00129238
4.84238e-09	-0.00129171
4.8425e-09	-0.00129103
4.84262e-09	-0.00129034
4.84274e-09	-0.00128965
4.84287e-09	-0.00128895
4.84299e-09	-0.00128826
4.84311e-09	-0.00128755
4.84323e-09	-0.00128684
4.84336e-09	-0.00128613
4.84348e-09	-0.00128542
4.8436e-09	-0.0012847
4.84372e-09	-0.00128397
4.84384e-09	-0.00128324
4.84397e-09	-0.00128251
4.84409e-09	-0.00128177
4.84421e-09	-0.00128103
4.84433e-09	-0.00128029
4.84446e-09	-0.00127954
4.84458e-09	-0.00127878
4.8447e-09	-0.00127802
4.84482e-09	-0.00127726
4.84494e-09	-0.0012765
4.84507e-09	-0.00127573
4.84519e-09	-0.00127495
4.84531e-09	-0.00127417
4.84543e-09	-0.00127339
4.84556e-09	-0.0012726
4.84568e-09	-0.00127181
4.8458e-09	-0.00127102
4.84592e-09	-0.00127022
4.84605e-09	-0.00126942
4.84617e-09	-0.00126861
4.84629e-09	-0.0012678
4.84641e-09	-0.00126698
4.84653e-09	-0.00126616
4.84666e-09	-0.00126534
4.84678e-09	-0.00126451
4.8469e-09	-0.00126368
4.84702e-09	-0.00126285
4.84715e-09	-0.00126201
4.84727e-09	-0.00126116
4.84739e-09	-0.00126032
4.84751e-09	-0.00125947
4.84763e-09	-0.00125861
4.84776e-09	-0.00125775
4.84788e-09	-0.00125689
4.848e-09	-0.00125602
4.84812e-09	-0.00125515
4.84825e-09	-0.00125428
4.84837e-09	-0.0012534
4.84849e-09	-0.00125252
4.84861e-09	-0.00125163
4.84873e-09	-0.00125074
4.84886e-09	-0.00124985
4.84898e-09	-0.00124895
4.8491e-09	-0.00124805
4.84922e-09	-0.00124714
4.84935e-09	-0.00124623
4.84947e-09	-0.00124532
4.84959e-09	-0.0012444
4.84971e-09	-0.00124348
4.84983e-09	-0.00124256
4.84996e-09	-0.00124163
4.85008e-09	-0.0012407
4.8502e-09	-0.00123976
4.85032e-09	-0.00123882
4.85045e-09	-0.00123788
4.85057e-09	-0.00123694
4.85069e-09	-0.00123599
4.85081e-09	-0.00123503
4.85093e-09	-0.00123407
4.85106e-09	-0.00123311
4.85118e-09	-0.00123215
4.8513e-09	-0.00123118
4.85142e-09	-0.00123021
4.85155e-09	-0.00122923
4.85167e-09	-0.00122825
4.85179e-09	-0.00122727
4.85191e-09	-0.00122628
4.85203e-09	-0.00122529
4.85216e-09	-0.0012243
4.85228e-09	-0.0012233
4.8524e-09	-0.0012223
4.85252e-09	-0.00122129
4.85265e-09	-0.00122028
4.85277e-09	-0.00121927
4.85289e-09	-0.00121826
4.85301e-09	-0.00121724
4.85313e-09	-0.00121622
4.85326e-09	-0.00121519
4.85338e-09	-0.00121416
4.8535e-09	-0.00121313
4.85362e-09	-0.00121209
4.85375e-09	-0.00121105
4.85387e-09	-0.00121001
4.85399e-09	-0.00120896
4.85411e-09	-0.00120791
4.85423e-09	-0.00120686
4.85436e-09	-0.0012058
4.85448e-09	-0.00120474
4.8546e-09	-0.00120368
4.85472e-09	-0.00120261
4.85485e-09	-0.00120154
4.85497e-09	-0.00120046
4.85509e-09	-0.00119939
4.85521e-09	-0.00119831
4.85534e-09	-0.00119722
4.85546e-09	-0.00119613
4.85558e-09	-0.00119504
4.8557e-09	-0.00119395
4.85582e-09	-0.00119285
4.85595e-09	-0.00119175
4.85607e-09	-0.00119065
4.85619e-09	-0.00118954
4.85631e-09	-0.00118843
4.85644e-09	-0.00118731
4.85656e-09	-0.0011862
4.85668e-09	-0.00118508
4.8568e-09	-0.00118395
4.85692e-09	-0.00118283
4.85705e-09	-0.0011817
4.85717e-09	-0.00118056
4.85729e-09	-0.00117943
4.85741e-09	-0.00117829
4.85754e-09	-0.00117714
4.85766e-09	-0.001176
4.85778e-09	-0.00117485
4.8579e-09	-0.0011737
4.85802e-09	-0.00117254
4.85815e-09	-0.00117138
4.85827e-09	-0.00117022
4.85839e-09	-0.00116906
4.85851e-09	-0.00116789
4.85864e-09	-0.00116672
4.85876e-09	-0.00116554
4.85888e-09	-0.00116437
4.859e-09	-0.00116319
4.85912e-09	-0.001162
4.85925e-09	-0.00116082
4.85937e-09	-0.00115963
4.85949e-09	-0.00115844
4.85961e-09	-0.00115724
4.85974e-09	-0.00115604
4.85986e-09	-0.00115484
4.85998e-09	-0.00115364
4.8601e-09	-0.00115243
4.86022e-09	-0.00115122
4.86035e-09	-0.00115
4.86047e-09	-0.00114879
4.86059e-09	-0.00114757
4.86071e-09	-0.00114635
4.86084e-09	-0.00114512
4.86096e-09	-0.00114389
4.86108e-09	-0.00114266
4.8612e-09	-0.00114143
4.86132e-09	-0.00114019
4.86145e-09	-0.00113895
4.86157e-09	-0.00113771
4.86169e-09	-0.00113646
4.86181e-09	-0.00113522
4.86194e-09	-0.00113397
4.86206e-09	-0.00113271
4.86218e-09	-0.00113145
4.8623e-09	-0.00113019
4.86242e-09	-0.00112893
4.86255e-09	-0.00112767
4.86267e-09	-0.0011264
4.86279e-09	-0.00112513
4.86291e-09	-0.00112386
4.86304e-09	-0.00112258
4.86316e-09	-0.0011213
4.86328e-09	-0.00112002
4.8634e-09	-0.00111873
4.86352e-09	-0.00111745
4.86365e-09	-0.00111616
4.86377e-09	-0.00111486
4.86389e-09	-0.00111357
4.86401e-09	-0.00111227
4.86414e-09	-0.00111097
4.86426e-09	-0.00110967
4.86438e-09	-0.00110836
4.8645e-09	-0.00110705
4.86462e-09	-0.00110574
4.86475e-09	-0.00110443
4.86487e-09	-0.00110311
4.86499e-09	-0.00110179
4.86511e-09	-0.00110047
4.86524e-09	-0.00109915
4.86536e-09	-0.00109782
4.86548e-09	-0.00109649
4.8656e-09	-0.00109516
4.86573e-09	-0.00109382
4.86585e-09	-0.00109249
4.86597e-09	-0.00109115
4.86609e-09	-0.0010898
4.86621e-09	-0.00108846
4.86634e-09	-0.00108711
4.86646e-09	-0.00108576
4.86658e-09	-0.00108441
4.8667e-09	-0.00108306
4.86683e-09	-0.0010817
4.86695e-09	-0.00108034
4.86707e-09	-0.00107898
4.86719e-09	-0.00107761
4.86731e-09	-0.00107625
4.86744e-09	-0.00107488
4.86756e-09	-0.00107351
4.86768e-09	-0.00107213
4.8678e-09	-0.00107075
4.86793e-09	-0.00106938
4.86805e-09	-0.00106799
4.86817e-09	-0.00106661
4.86829e-09	-0.00106522
4.86841e-09	-0.00106384
4.86854e-09	-0.00106245
4.86866e-09	-0.00106105
4.86878e-09	-0.00105966
4.8689e-09	-0.00105826
4.86903e-09	-0.00105686
4.86915e-09	-0.00105546
4.86927e-09	-0.00105405
4.86939e-09	-0.00105265
4.86951e-09	-0.00105124
4.86964e-09	-0.00104982
4.86976e-09	-0.00104841
4.86988e-09	-0.00104699
4.87e-09	-0.00104558
4.87013e-09	-0.00104416
4.87025e-09	-0.00104273
4.87037e-09	-0.00104131
4.87049e-09	-0.00103988
4.87061e-09	-0.00103845
4.87074e-09	-0.00103702
4.87086e-09	-0.00103559
4.87098e-09	-0.00103415
4.8711e-09	-0.00103271
4.87123e-09	-0.00103127
4.87135e-09	-0.00102983
4.87147e-09	-0.00102839
4.87159e-09	-0.00102694
4.87171e-09	-0.00102549
4.87184e-09	-0.00102404
4.87196e-09	-0.00102259
4.87208e-09	-0.00102114
4.8722e-09	-0.00101968
4.87233e-09	-0.00101822
4.87245e-09	-0.00101676
4.87257e-09	-0.0010153
4.87269e-09	-0.00101383
4.87281e-09	-0.00101236
4.87294e-09	-0.0010109
4.87306e-09	-0.00100943
4.87318e-09	-0.00100795
4.8733e-09	-0.00100648
4.87343e-09	-0.001005
4.87355e-09	-0.00100352
4.87367e-09	-0.00100204
4.87379e-09	-0.00100056
4.87391e-09	-0.000999073
4.87404e-09	-0.000997587
4.87416e-09	-0.000996098
4.87428e-09	-0.000994607
4.8744e-09	-0.000993115
4.87453e-09	-0.000991621
4.87465e-09	-0.000990125
4.87477e-09	-0.000988627
4.87489e-09	-0.000987127
4.87502e-09	-0.000985625
4.87514e-09	-0.000984121
4.87526e-09	-0.000982616
4.87538e-09	-0.000981109
4.8755e-09	-0.000979599
4.87563e-09	-0.000978089
4.87575e-09	-0.000976576
4.87587e-09	-0.000975061
4.87599e-09	-0.000973545
4.87612e-09	-0.000972027
4.87624e-09	-0.000970507
4.87636e-09	-0.000968985
4.87648e-09	-0.000967462
4.8766e-09	-0.000965937
4.87673e-09	-0.00096441
4.87685e-09	-0.000962881
4.87697e-09	-0.000961351
4.87709e-09	-0.000959819
4.87722e-09	-0.000958285
4.87734e-09	-0.00095675
4.87746e-09	-0.000955213
4.87758e-09	-0.000953674
4.8777e-09	-0.000952134
4.87783e-09	-0.000950592
4.87795e-09	-0.000949048
4.87807e-09	-0.000947503
4.87819e-09	-0.000945956
4.87832e-09	-0.000944407
4.87844e-09	-0.000942857
4.87856e-09	-0.000941305
4.87868e-09	-0.000939752
4.8788e-09	-0.000938197
4.87893e-09	-0.00093664
4.87905e-09	-0.000935082
4.87917e-09	-0.000933523
4.87929e-09	-0.000931961
4.87942e-09	-0.000930399
4.87954e-09	-0.000928834
4.87966e-09	-0.000927269
4.87978e-09	-0.000925701
4.8799e-09	-0.000924132
4.88003e-09	-0.000922562
4.88015e-09	-0.00092099
4.88027e-09	-0.000919417
4.88039e-09	-0.000917842
4.88052e-09	-0.000916266
4.88064e-09	-0.000914689
4.88076e-09	-0.000913109
4.88088e-09	-0.000911529
4.881e-09	-0.000909947
4.88113e-09	-0.000908364
4.88125e-09	-0.000906779
4.88137e-09	-0.000905193
4.88149e-09	-0.000903605
4.88162e-09	-0.000902016
4.88174e-09	-0.000900426
4.88186e-09	-0.000898834
4.88198e-09	-0.000897241
4.8821e-09	-0.000895647
4.88223e-09	-0.000894051
4.88235e-09	-0.000892454
4.88247e-09	-0.000890855
4.88259e-09	-0.000889256
4.88272e-09	-0.000887655
4.88284e-09	-0.000886052
4.88296e-09	-0.000884449
4.88308e-09	-0.000882844
4.8832e-09	-0.000881238
4.88333e-09	-0.000879631
4.88345e-09	-0.000878022
4.88357e-09	-0.000876412
4.88369e-09	-0.000874801
4.88382e-09	-0.000873188
4.88394e-09	-0.000871575
4.88406e-09	-0.00086996
4.88418e-09	-0.000868344
4.8843e-09	-0.000866727
4.88443e-09	-0.000865109
4.88455e-09	-0.000863489
4.88467e-09	-0.000861868
4.88479e-09	-0.000860247
4.88492e-09	-0.000858624
4.88504e-09	-0.000856999
4.88516e-09	-0.000855374
4.88528e-09	-0.000853748
4.88541e-09	-0.00085212
4.88553e-09	-0.000850492
4.88565e-09	-0.000848862
4.88577e-09	-0.000847231
4.88589e-09	-0.000845599
4.88602e-09	-0.000843966
4.88614e-09	-0.000842332
4.88626e-09	-0.000840697
4.88638e-09	-0.000839061
4.88651e-09	-0.000837424
4.88663e-09	-0.000835785
4.88675e-09	-0.000834146
4.88687e-09	-0.000832506
4.88699e-09	-0.000830865
4.88712e-09	-0.000829222
4.88724e-09	-0.000827579
4.88736e-09	-0.000825935
4.88748e-09	-0.00082429
4.88761e-09	-0.000822643
4.88773e-09	-0.000820996
4.88785e-09	-0.000819348
4.88797e-09	-0.000817699
4.88809e-09	-0.000816049
4.88822e-09	-0.000814398
4.88834e-09	-0.000812746
4.88846e-09	-0.000811094
4.88858e-09	-0.00080944
4.88871e-09	-0.000807786
4.88883e-09	-0.00080613
4.88895e-09	-0.000804474
4.88907e-09	-0.000802817
4.88919e-09	-0.000801159
4.88932e-09	-0.0007995
4.88944e-09	-0.00079784
4.88956e-09	-0.00079618
4.88968e-09	-0.000794519
4.88981e-09	-0.000792856
4.88993e-09	-0.000791193
4.89005e-09	-0.00078953
4.89017e-09	-0.000787865
4.89029e-09	-0.0007862
4.89042e-09	-0.000784534
4.89054e-09	-0.000782867
4.89066e-09	-0.000781199
4.89078e-09	-0.000779531
4.89091e-09	-0.000777862
4.89103e-09	-0.000776192
4.89115e-09	-0.000774521
4.89127e-09	-0.00077285
4.89139e-09	-0.000771178
4.89152e-09	-0.000769505
4.89164e-09	-0.000767831
4.89176e-09	-0.000766157
4.89188e-09	-0.000764482
4.89201e-09	-0.000762807
4.89213e-09	-0.000761131
4.89225e-09	-0.000759454
4.89237e-09	-0.000757777
4.89249e-09	-0.000756099
4.89262e-09	-0.00075442
4.89274e-09	-0.00075274
4.89286e-09	-0.00075106
4.89298e-09	-0.00074938
4.89311e-09	-0.000747699
4.89323e-09	-0.000746017
4.89335e-09	-0.000744335
4.89347e-09	-0.000742652
4.89359e-09	-0.000740968
4.89372e-09	-0.000739284
4.89384e-09	-0.0007376
4.89396e-09	-0.000735914
4.89408e-09	-0.000734229
4.89421e-09	-0.000732542
4.89433e-09	-0.000730856
4.89445e-09	-0.000729168
4.89457e-09	-0.000727481
4.8947e-09	-0.000725792
4.89482e-09	-0.000724104
4.89494e-09	-0.000722414
4.89506e-09	-0.000720725
4.89518e-09	-0.000719035
4.89531e-09	-0.000717344
4.89543e-09	-0.000715653
4.89555e-09	-0.000713961
4.89567e-09	-0.000712269
4.8958e-09	-0.000710577
4.89592e-09	-0.000708884
4.89604e-09	-0.000707191
4.89616e-09	-0.000705497
4.89628e-09	-0.000703803
4.89641e-09	-0.000702109
4.89653e-09	-0.000700414
4.89665e-09	-0.000698719
4.89677e-09	-0.000697023
4.8969e-09	-0.000695327
4.89702e-09	-0.000693631
4.89714e-09	-0.000691935
4.89726e-09	-0.000690238
4.89738e-09	-0.00068854
4.89751e-09	-0.000686843
4.89763e-09	-0.000685145
4.89775e-09	-0.000683447
4.89787e-09	-0.000681748
4.898e-09	-0.00068005
4.89812e-09	-0.00067835
4.89824e-09	-0.000676651
4.89836e-09	-0.000674951
4.89848e-09	-0.000673252
4.89861e-09	-0.000671552
4.89873e-09	-0.000669851
4.89885e-09	-0.00066815
4.89897e-09	-0.00066645
4.8991e-09	-0.000664749
4.89922e-09	-0.000663047
4.89934e-09	-0.000661346
4.89946e-09	-0.000659644
4.89958e-09	-0.000657942
4.89971e-09	-0.00065624
4.89983e-09	-0.000654538
4.89995e-09	-0.000652836
4.90007e-09	-0.000651133
4.9002e-09	-0.00064943
4.90032e-09	-0.000647727
4.90044e-09	-0.000646024
4.90056e-09	-0.000644321
4.90068e-09	-0.000642618
4.90081e-09	-0.000640914
4.90093e-09	-0.000639211
4.90105e-09	-0.000637507
4.90117e-09	-0.000635804
4.9013e-09	-0.0006341
4.90142e-09	-0.000632396
4.90154e-09	-0.000630692
4.90166e-09	-0.000628988
4.90178e-09	-0.000627284
4.90191e-09	-0.00062558
4.90203e-09	-0.000623875
4.90215e-09	-0.000622171
4.90227e-09	-0.000620467
4.9024e-09	-0.000618763
4.90252e-09	-0.000617058
4.90264e-09	-0.000615354
4.90276e-09	-0.000613649
4.90288e-09	-0.000611945
4.90301e-09	-0.000610241
4.90313e-09	-0.000608537
4.90325e-09	-0.000606832
4.90337e-09	-0.000605128
4.9035e-09	-0.000603424
4.90362e-09	-0.00060172
4.90374e-09	-0.000600016
4.90386e-09	-0.000598311
4.90398e-09	-0.000596607
4.90411e-09	-0.000594904
4.90423e-09	-0.0005932
4.90435e-09	-0.000591496
4.90447e-09	-0.000589792
4.9046e-09	-0.000588089
4.90472e-09	-0.000586385
4.90484e-09	-0.000584682
4.90496e-09	-0.000582979
4.90509e-09	-0.000581276
4.90521e-09	-0.000579573
4.90533e-09	-0.00057787
4.90545e-09	-0.000576167
4.90557e-09	-0.000574465
4.9057e-09	-0.000572763
4.90582e-09	-0.000571061
4.90594e-09	-0.000569359
4.90606e-09	-0.000567657
4.90619e-09	-0.000565955
4.90631e-09	-0.000564254
4.90643e-09	-0.000562553
4.90655e-09	-0.000560852
4.90667e-09	-0.000559151
4.9068e-09	-0.00055745
4.90692e-09	-0.00055575
4.90704e-09	-0.00055405
4.90716e-09	-0.00055235
4.90729e-09	-0.000550651
4.90741e-09	-0.000548951
4.90753e-09	-0.000547252
4.90765e-09	-0.000545554
4.90777e-09	-0.000543855
4.9079e-09	-0.000542157
4.90802e-09	-0.000540459
4.90814e-09	-0.000538762
4.90826e-09	-0.000537064
4.90839e-09	-0.000535367
4.90851e-09	-0.000533671
4.90863e-09	-0.000531974
4.90875e-09	-0.000530278
4.90887e-09	-0.000528583
4.909e-09	-0.000526887
4.90912e-09	-0.000525193
4.90924e-09	-0.000523498
4.90936e-09	-0.000521804
4.90949e-09	-0.00052011
4.90961e-09	-0.000518416
4.90973e-09	-0.000516723
4.90985e-09	-0.000515031
4.90997e-09	-0.000513338
4.9101e-09	-0.000511647
4.91022e-09	-0.000509955
4.91034e-09	-0.000508264
4.91046e-09	-0.000506573
4.91059e-09	-0.000504883
4.91071e-09	-0.000503193
4.91083e-09	-0.000501504
4.91095e-09	-0.000499815
4.91107e-09	-0.000498127
4.9112e-09	-0.000496439
4.91132e-09	-0.000494752
4.91144e-09	-0.000493065
4.91156e-09	-0.000491378
4.91169e-09	-0.000489692
4.91181e-09	-0.000488007
4.91193e-09	-0.000486322
4.91205e-09	-0.000484637
4.91217e-09	-0.000482953
4.9123e-09	-0.00048127
4.91242e-09	-0.000479587
4.91254e-09	-0.000477904
4.91266e-09	-0.000476222
4.91279e-09	-0.000474541
4.91291e-09	-0.00047286
4.91303e-09	-0.00047118
4.91315e-09	-0.0004695
4.91327e-09	-0.000467821
4.9134e-09	-0.000466143
4.91352e-09	-0.000464465
4.91364e-09	-0.000462788
4.91376e-09	-0.000461111
4.91389e-09	-0.000459435
4.91401e-09	-0.000457759
4.91413e-09	-0.000456084
4.91425e-09	-0.00045441
4.91437e-09	-0.000452736
4.9145e-09	-0.000451063
4.91462e-09	-0.000449391
4.91474e-09	-0.000447719
4.91486e-09	-0.000446048
4.91499e-09	-0.000444378
4.91511e-09	-0.000442708
4.91523e-09	-0.000441039
4.91535e-09	-0.000439371
4.91548e-09	-0.000437703
4.9156e-09	-0.000436036
4.91572e-09	-0.000434369
4.91584e-09	-0.000432704
4.91596e-09	-0.000431039
4.91609e-09	-0.000429374
4.91621e-09	-0.000427711
4.91633e-09	-0.000426048
4.91645e-09	-0.000424386
4.91658e-09	-0.000422725
4.9167e-09	-0.000421064
4.91682e-09	-0.000419404
4.91694e-09	-0.000417745
4.91706e-09	-0.000416087
4.91719e-09	-0.000414429
4.91731e-09	-0.000412772
4.91743e-09	-0.000411116
4.91755e-09	-0.000409461
4.91768e-09	-0.000407807
4.9178e-09	-0.000406153
4.91792e-09	-0.0004045
4.91804e-09	-0.000402848
4.91816e-09	-0.000401197
4.91829e-09	-0.000399546
4.91841e-09	-0.000397897
4.91853e-09	-0.000396248
4.91865e-09	-0.0003946
4.91878e-09	-0.000392953
4.9189e-09	-0.000391307
4.91902e-09	-0.000389661
4.91914e-09	-0.000388016
4.91926e-09	-0.000386373
4.91939e-09	-0.00038473
4.91951e-09	-0.000383088
4.91963e-09	-0.000381447
4.91975e-09	-0.000379807
4.91988e-09	-0.000378167
4.92e-09	-0.000376529
4.92012e-09	-0.000374891
4.92024e-09	-0.000373255
4.92036e-09	-0.000371619
4.92049e-09	-0.000369984
4.92061e-09	-0.00036835
4.92073e-09	-0.000366717
4.92085e-09	-0.000365085
4.92098e-09	-0.000363454
4.9211e-09	-0.000361824
4.92122e-09	-0.000360195
4.92134e-09	-0.000358567
4.92146e-09	-0.000356939
4.92159e-09	-0.000355313
4.92171e-09	-0.000353688
4.92183e-09	-0.000352063
4.92195e-09	-0.00035044
4.92208e-09	-0.000348818
4.9222e-09	-0.000347196
4.92232e-09	-0.000345576
4.92244e-09	-0.000343957
4.92256e-09	-0.000342338
4.92269e-09	-0.000340721
4.92281e-09	-0.000339104
4.92293e-09	-0.000337489
4.92305e-09	-0.000335875
4.92318e-09	-0.000334262
4.9233e-09	-0.000332649
4.92342e-09	-0.000331038
4.92354e-09	-0.000329428
4.92366e-09	-0.000327819
4.92379e-09	-0.000326211
4.92391e-09	-0.000324604
4.92403e-09	-0.000322998
4.92415e-09	-0.000321393
4.92428e-09	-0.00031979
4.9244e-09	-0.000318187
4.92452e-09	-0.000316586
4.92464e-09	-0.000314985
4.92477e-09	-0.000313386
4.92489e-09	-0.000311788
4.92501e-09	-0.00031019
4.92513e-09	-0.000308594
4.92525e-09	-0.000307
4.92538e-09	-0.000305406
4.9255e-09	-0.000303813
4.92562e-09	-0.000302222
4.92574e-09	-0.000300631
4.92587e-09	-0.000299042
4.92599e-09	-0.000297454
4.92611e-09	-0.000295867
4.92623e-09	-0.000294282
4.92635e-09	-0.000292697
4.92648e-09	-0.000291114
4.9266e-09	-0.000289532
4.92672e-09	-0.000287951
4.92684e-09	-0.000286371
4.92697e-09	-0.000284792
4.92709e-09	-0.000283215
4.92721e-09	-0.000281638
4.92733e-09	-0.000280063
4.92745e-09	-0.00027849
4.92758e-09	-0.000276917
4.9277e-09	-0.000275346
4.92782e-09	-0.000273775
4.92794e-09	-0.000272206
4.92807e-09	-0.000270639
4.92819e-09	-0.000269072
4.92831e-09	-0.000267507
4.92843e-09	-0.000265943
4.92855e-09	-0.00026438
4.92868e-09	-0.000262819
4.9288e-09	-0.000261259
4.92892e-09	-0.0002597
4.92904e-09	-0.000258142
4.92917e-09	-0.000256586
4.92929e-09	-0.000255031
4.92941e-09	-0.000253477
4.92953e-09	-0.000251925
4.92965e-09	-0.000250373
4.92978e-09	-0.000248823
4.9299e-09	-0.000247275
4.93002e-09	-0.000245728
4.93014e-09	-0.000244182
4.93027e-09	-0.000242637
4.93039e-09	-0.000241094
4.93051e-09	-0.000239552
4.93063e-09	-0.000238011
4.93075e-09	-0.000236472
4.93088e-09	-0.000234934
4.931e-09	-0.000233397
4.93112e-09	-0.000231862
4.93124e-09	-0.000230328
4.93137e-09	-0.000228795
4.93149e-09	-0.000227264
4.93161e-09	-0.000225734
4.93173e-09	-0.000224205
4.93185e-09	-0.000222678
4.93198e-09	-0.000221153
4.9321e-09	-0.000219628
4.93222e-09	-0.000218105
4.93234e-09	-0.000216584
4.93247e-09	-0.000215064
4.93259e-09	-0.000213545
4.93271e-09	-0.000212027
4.93283e-09	-0.000210511
4.93295e-09	-0.000208997
4.93308e-09	-0.000207484
4.9332e-09	-0.000205972
4.93332e-09	-0.000204462
4.93344e-09	-0.000202953
4.93357e-09	-0.000201446
4.93369e-09	-0.00019994
4.93381e-09	-0.000198435
4.93393e-09	-0.000196932
4.93405e-09	-0.000195431
4.93418e-09	-0.00019393
4.9343e-09	-0.000192432
4.93442e-09	-0.000190935
4.93454e-09	-0.000189439
4.93467e-09	-0.000187944
4.93479e-09	-0.000186452
4.93491e-09	-0.00018496
4.93503e-09	-0.000183471
4.93516e-09	-0.000181982
4.93528e-09	-0.000180495
4.9354e-09	-0.00017901
4.93552e-09	-0.000177526
4.93564e-09	-0.000176044
4.93577e-09	-0.000174563
4.93589e-09	-0.000173084
4.93601e-09	-0.000171606
4.93613e-09	-0.00017013
4.93626e-09	-0.000168655
4.93638e-09	-0.000167182
4.9365e-09	-0.00016571
4.93662e-09	-0.00016424
4.93674e-09	-0.000162771
4.93687e-09	-0.000161304
4.93699e-09	-0.000159839
4.93711e-09	-0.000158375
4.93723e-09	-0.000156912
4.93736e-09	-0.000155451
4.93748e-09	-0.000153992
4.9376e-09	-0.000152534
4.93772e-09	-0.000151078
4.93784e-09	-0.000149624
4.93797e-09	-0.000148171
4.93809e-09	-0.000146719
4.93821e-09	-0.000145269
4.93833e-09	-0.000143821
4.93846e-09	-0.000142375
4.93858e-09	-0.00014093
4.9387e-09	-0.000139486
4.93882e-09	-0.000138044
4.93894e-09	-0.000136604
4.93907e-09	-0.000135166
4.93919e-09	-0.000133729
4.93931e-09	-0.000132293
4.93943e-09	-0.000130859
4.93956e-09	-0.000129427
4.93968e-09	-0.000127997
4.9398e-09	-0.000126568
4.93992e-09	-0.000125141
4.94004e-09	-0.000123715
4.94017e-09	-0.000122291
4.94029e-09	-0.000120869
4.94041e-09	-0.000119448
4.94053e-09	-0.000118029
4.94066e-09	-0.000116612
4.94078e-09	-0.000115196
4.9409e-09	-0.000113782
4.94102e-09	-0.00011237
4.94114e-09	-0.000110959
4.94127e-09	-0.000109551
4.94139e-09	-0.000108143
4.94151e-09	-0.000106738
4.94163e-09	-0.000105334
4.94176e-09	-0.000103931
4.94188e-09	-0.000102531
4.942e-09	-0.000101132
4.94212e-09	-9.9735e-05
4.94224e-09	-9.83396e-05
4.94237e-09	-9.69458e-05
4.94249e-09	-9.55538e-05
4.94261e-09	-9.41635e-05
4.94273e-09	-9.27749e-05
4.94286e-09	-9.13881e-05
4.94298e-09	-9.00029e-05
4.9431e-09	-8.86195e-05
4.94322e-09	-8.72378e-05
4.94334e-09	-8.58579e-05
4.94347e-09	-8.44797e-05
4.94359e-09	-8.31032e-05
4.94371e-09	-8.17284e-05
4.94383e-09	-8.03555e-05
4.94396e-09	-7.89842e-05
4.94408e-09	-7.76147e-05
4.9442e-09	-7.6247e-05
4.94432e-09	-7.4881e-05
4.94445e-09	-7.35168e-05
4.94457e-09	-7.21543e-05
4.94469e-09	-7.07937e-05
4.94481e-09	-6.94347e-05
4.94493e-09	-6.80776e-05
4.94506e-09	-6.67222e-05
4.94518e-09	-6.53687e-05
4.9453e-09	-6.40169e-05
4.94542e-09	-6.26668e-05
4.94555e-09	-6.13186e-05
4.94567e-09	-5.99722e-05
4.94579e-09	-5.86275e-05
4.94591e-09	-5.72847e-05
4.94603e-09	-5.59436e-05
4.94616e-09	-5.46044e-05
4.94628e-09	-5.3267e-05
4.9464e-09	-5.19313e-05
4.94652e-09	-5.05975e-05
4.94665e-09	-4.92655e-05
4.94677e-09	-4.79354e-05
4.94689e-09	-4.6607e-05
4.94701e-09	-4.52805e-05
4.94713e-09	-4.39558e-05
4.94726e-09	-4.26329e-05
4.94738e-09	-4.13118e-05
4.9475e-09	-3.99926e-05
4.94762e-09	-3.86752e-05
4.94775e-09	-3.73597e-05
4.94787e-09	-3.6046e-05
4.94799e-09	-3.47342e-05
4.94811e-09	-3.34242e-05
4.94823e-09	-3.2116e-05
4.94836e-09	-3.08097e-05
4.94848e-09	-2.95053e-05
4.9486e-09	-2.82027e-05
4.94872e-09	-2.6902e-05
4.94885e-09	-2.56032e-05
4.94897e-09	-2.43062e-05
4.94909e-09	-2.30111e-05
4.94921e-09	-2.17179e-05
4.94933e-09	-2.04265e-05
4.94946e-09	-1.9137e-05
4.94958e-09	-1.78494e-05
4.9497e-09	-1.65637e-05
4.94982e-09	-1.52799e-05
4.94995e-09	-1.39979e-05
4.95007e-09	-1.27179e-05
4.95019e-09	-1.14397e-05
4.95031e-09	-1.01635e-05
4.95043e-09	-8.88912e-06
4.95056e-09	-7.61666e-06
4.95068e-09	-6.34611e-06
4.9508e-09	-5.07746e-06
4.95092e-09	-3.81072e-06
4.95105e-09	-2.54589e-06
4.95117e-09	-1.28297e-06
4.95129e-09	-2.19725e-08
4.95141e-09	1.23711e-06
4.95153e-09	2.49427e-06
4.95166e-09	3.74951e-06
4.95178e-09	5.00282e-06
4.9519e-09	6.2542e-06
4.95202e-09	7.50365e-06
4.95215e-09	8.75117e-06
4.95227e-09	9.99676e-06
4.95239e-09	1.12404e-05
4.95251e-09	1.24821e-05
4.95263e-09	1.37219e-05
4.95276e-09	1.49597e-05
4.95288e-09	1.61956e-05
4.953e-09	1.74295e-05
4.95312e-09	1.86615e-05
4.95325e-09	1.98915e-05
4.95337e-09	2.11196e-05
4.95349e-09	2.23457e-05
4.95361e-09	2.35698e-05
4.95373e-09	2.4792e-05
4.95386e-09	2.60122e-05
4.95398e-09	2.72305e-05
4.9541e-09	2.84467e-05
4.95422e-09	2.96611e-05
4.95435e-09	3.08734e-05
4.95447e-09	3.20838e-05
4.95459e-09	3.32922e-05
4.95471e-09	3.44986e-05
4.95484e-09	3.5703e-05
4.95496e-09	3.69054e-05
4.95508e-09	3.81059e-05
4.9552e-09	3.93043e-05
4.95532e-09	4.05008e-05
4.95545e-09	4.16953e-05
4.95557e-09	4.28878e-05
4.95569e-09	4.40783e-05
4.95581e-09	4.52668e-05
4.95594e-09	4.64533e-05
4.95606e-09	4.76378e-05
4.95618e-09	4.88203e-05
4.9563e-09	5.00008e-05
4.95642e-09	5.11792e-05
4.95655e-09	5.23557e-05
4.95667e-09	5.35302e-05
4.95679e-09	5.47026e-05
4.95691e-09	5.5873e-05
4.95704e-09	5.70414e-05
4.95716e-09	5.82078e-05
4.95728e-09	5.93722e-05
4.9574e-09	6.05346e-05
4.95752e-09	6.16949e-05
4.95765e-09	6.28532e-05
4.95777e-09	6.40094e-05
4.95789e-09	6.51637e-05
4.95801e-09	6.63159e-05
4.95814e-09	6.7466e-05
4.95826e-09	6.86142e-05
4.95838e-09	6.97603e-05
4.9585e-09	7.09043e-05
4.95862e-09	7.20463e-05
4.95875e-09	7.31863e-05
4.95887e-09	7.43242e-05
4.95899e-09	7.54601e-05
4.95911e-09	7.6594e-05
4.95924e-09	7.77257e-05
4.95936e-09	7.88555e-05
4.95948e-09	7.99832e-05
4.9596e-09	8.11088e-05
4.95972e-09	8.22323e-05
4.95985e-09	8.33539e-05
4.95997e-09	8.44733e-05
4.96009e-09	8.55907e-05
4.96021e-09	8.6706e-05
4.96034e-09	8.78193e-05
4.96046e-09	8.89305e-05
4.96058e-09	9.00396e-05
4.9607e-09	9.11467e-05
4.96082e-09	9.22517e-05
4.96095e-09	9.33546e-05
4.96107e-09	9.44554e-05
4.96119e-09	9.55542e-05
4.96131e-09	9.66509e-05
4.96144e-09	9.77455e-05
4.96156e-09	9.88381e-05
4.96168e-09	9.99285e-05
4.9618e-09	0.000101017
4.96192e-09	0.000102103
4.96205e-09	0.000103187
4.96217e-09	0.00010427
4.96229e-09	0.00010535
4.96241e-09	0.000106427
4.96254e-09	0.000107503
4.96266e-09	0.000108577
4.96278e-09	0.000109649
4.9629e-09	0.000110718
4.96302e-09	0.000111786
4.96315e-09	0.000112851
4.96327e-09	0.000113914
4.96339e-09	0.000114976
4.96351e-09	0.000116035
4.96364e-09	0.000117092
4.96376e-09	0.000118147
4.96388e-09	0.000119199
4.964e-09	0.00012025
4.96413e-09	0.000121299
4.96425e-09	0.000122345
4.96437e-09	0.000123389
4.96449e-09	0.000124431
4.96461e-09	0.000125472
4.96474e-09	0.00012651
4.96486e-09	0.000127545
4.96498e-09	0.000128579
4.9651e-09	0.000129611
4.96523e-09	0.00013064
4.96535e-09	0.000131668
4.96547e-09	0.000132693
4.96559e-09	0.000133716
4.96571e-09	0.000134737
4.96584e-09	0.000135756
4.96596e-09	0.000136773
4.96608e-09	0.000137788
4.9662e-09	0.0001388
4.96633e-09	0.000139811
4.96645e-09	0.000140819
4.96657e-09	0.000141825
4.96669e-09	0.000142829
4.96681e-09	0.000143831
4.96694e-09	0.000144831
4.96706e-09	0.000145828
4.96718e-09	0.000146824
4.9673e-09	0.000147817
4.96743e-09	0.000148808
4.96755e-09	0.000149797
4.96767e-09	0.000150784
4.96779e-09	0.000151769
4.96791e-09	0.000152752
4.96804e-09	0.000153732
4.96816e-09	0.000154711
4.96828e-09	0.000155687
4.9684e-09	0.000156661
4.96853e-09	0.000157633
4.96865e-09	0.000158603
4.96877e-09	0.00015957
4.96889e-09	0.000160536
4.96901e-09	0.000161499
4.96914e-09	0.00016246
4.96926e-09	0.000163419
4.96938e-09	0.000164376
4.9695e-09	0.000165331
4.96963e-09	0.000166284
4.96975e-09	0.000167234
4.96987e-09	0.000168182
4.96999e-09	0.000169128
4.97011e-09	0.000170072
4.97024e-09	0.000171014
4.97036e-09	0.000171954
4.97048e-09	0.000172891
4.9706e-09	0.000173827
4.97073e-09	0.00017476
4.97085e-09	0.000175691
4.97097e-09	0.00017662
4.97109e-09	0.000177546
4.97121e-09	0.000178471
4.97134e-09	0.000179393
4.97146e-09	0.000180313
4.97158e-09	0.000181232
4.9717e-09	0.000182147
4.97183e-09	0.000183061
4.97195e-09	0.000183973
4.97207e-09	0.000184882
4.97219e-09	0.000185789
4.97231e-09	0.000186694
4.97244e-09	0.000187597
4.97256e-09	0.000188498
4.97268e-09	0.000189397
4.9728e-09	0.000190293
4.97293e-09	0.000191187
4.97305e-09	0.000192079
4.97317e-09	0.000192969
4.97329e-09	0.000193857
4.97341e-09	0.000194742
4.97354e-09	0.000195626
4.97366e-09	0.000196507
4.97378e-09	0.000197386
4.9739e-09	0.000198263
4.97403e-09	0.000199137
4.97415e-09	0.00020001
4.97427e-09	0.00020088
4.97439e-09	0.000201748
4.97452e-09	0.000202614
4.97464e-09	0.000203478
4.97476e-09	0.00020434
4.97488e-09	0.000205199
4.975e-09	0.000206056
4.97513e-09	0.000206911
4.97525e-09	0.000207764
4.97537e-09	0.000208615
4.97549e-09	0.000209464
4.97562e-09	0.00021031
4.97574e-09	0.000211154
4.97586e-09	0.000211996
4.97598e-09	0.000212836
4.9761e-09	0.000213674
4.97623e-09	0.000214509
4.97635e-09	0.000215343
4.97647e-09	0.000216174
4.97659e-09	0.000217003
4.97672e-09	0.000217829
4.97684e-09	0.000218654
4.97696e-09	0.000219476
4.97708e-09	0.000220297
4.9772e-09	0.000221115
4.97733e-09	0.000221931
4.97745e-09	0.000222744
4.97757e-09	0.000223556
4.97769e-09	0.000224365
4.97782e-09	0.000225172
4.97794e-09	0.000225977
4.97806e-09	0.00022678
4.97818e-09	0.000227581
4.9783e-09	0.000228379
4.97843e-09	0.000229175
4.97855e-09	0.000229969
4.97867e-09	0.000230761
4.97879e-09	0.000231551
4.97892e-09	0.000232339
4.97904e-09	0.000233124
4.97916e-09	0.000233907
4.97928e-09	0.000234688
4.9794e-09	0.000235467
4.97953e-09	0.000236243
4.97965e-09	0.000237018
4.97977e-09	0.00023779
4.97989e-09	0.00023856
4.98002e-09	0.000239328
4.98014e-09	0.000240094
4.98026e-09	0.000240857
4.98038e-09	0.000241619
4.9805e-09	0.000242378
4.98063e-09	0.000243135
4.98075e-09	0.00024389
4.98087e-09	0.000244642
4.98099e-09	0.000245393
4.98112e-09	0.000246141
4.98124e-09	0.000246887
4.98136e-09	0.000247631
4.98148e-09	0.000248373
4.9816e-09	0.000249112
4.98173e-09	0.00024985
4.98185e-09	0.000250585
4.98197e-09	0.000251318
4.98209e-09	0.000252049
4.98222e-09	0.000252777
4.98234e-09	0.000253504
4.98246e-09	0.000254228
4.98258e-09	0.00025495
4.9827e-09	0.00025567
4.98283e-09	0.000256388
4.98295e-09	0.000257104
4.98307e-09	0.000257817
4.98319e-09	0.000258528
4.98332e-09	0.000259237
4.98344e-09	0.000259944
4.98356e-09	0.000260649
4.98368e-09	0.000261351
4.98381e-09	0.000262052
4.98393e-09	0.00026275
4.98405e-09	0.000263446
4.98417e-09	0.00026414
4.98429e-09	0.000264831
4.98442e-09	0.000265521
4.98454e-09	0.000266208
4.98466e-09	0.000266893
4.98478e-09	0.000267576
4.98491e-09	0.000268257
4.98503e-09	0.000268936
4.98515e-09	0.000269612
4.98527e-09	0.000270287
4.98539e-09	0.000270959
4.98552e-09	0.000271629
4.98564e-09	0.000272297
4.98576e-09	0.000272962
4.98588e-09	0.000273626
4.98601e-09	0.000274287
4.98613e-09	0.000274946
4.98625e-09	0.000275603
4.98637e-09	0.000276258
4.98649e-09	0.00027691
4.98662e-09	0.000277561
4.98674e-09	0.000278209
4.98686e-09	0.000278855
4.98698e-09	0.000279499
4.98711e-09	0.000280141
4.98723e-09	0.000280781
4.98735e-09	0.000281418
4.98747e-09	0.000282054
4.98759e-09	0.000282687
4.98772e-09	0.000283318
4.98784e-09	0.000283947
4.98796e-09	0.000284574
4.98808e-09	0.000285198
4.98821e-09	0.000285821
4.98833e-09	0.000286441
4.98845e-09	0.000287059
4.98857e-09	0.000287675
4.98869e-09	0.000288289
4.98882e-09	0.0002889
4.98894e-09	0.00028951
4.98906e-09	0.000290117
4.98918e-09	0.000290722
4.98931e-09	0.000291325
4.98943e-09	0.000291926
4.98955e-09	0.000292525
4.98967e-09	0.000293121
4.98979e-09	0.000293716
4.98992e-09	0.000294308
4.99004e-09	0.000294898
4.99016e-09	0.000295486
4.99028e-09	0.000296072
4.99041e-09	0.000296656
4.99053e-09	0.000297237
4.99065e-09	0.000297817
4.99077e-09	0.000298394
4.99089e-09	0.000298969
4.99102e-09	0.000299542
4.99114e-09	0.000300113
4.99126e-09	0.000300682
4.99138e-09	0.000301249
4.99151e-09	0.000301813
4.99163e-09	0.000302375
4.99175e-09	0.000302936
4.99187e-09	0.000303494
4.99199e-09	0.00030405
4.99212e-09	0.000304603
4.99224e-09	0.000305155
4.99236e-09	0.000305705
4.99248e-09	0.000306252
4.99261e-09	0.000306797
4.99273e-09	0.00030734
4.99285e-09	0.000307882
4.99297e-09	0.00030842
4.99309e-09	0.000308957
4.99322e-09	0.000309492
4.99334e-09	0.000310024
4.99346e-09	0.000310555
4.99358e-09	0.000311083
4.99371e-09	0.000311609
4.99383e-09	0.000312133
4.99395e-09	0.000312655
4.99407e-09	0.000313175
4.9942e-09	0.000313693
4.99432e-09	0.000314209
4.99444e-09	0.000314722
4.99456e-09	0.000315234
4.99468e-09	0.000315743
4.99481e-09	0.00031625
4.99493e-09	0.000316755
4.99505e-09	0.000317258
4.99517e-09	0.000317759
4.9953e-09	0.000318258
4.99542e-09	0.000318754
4.99554e-09	0.000319249
4.99566e-09	0.000319741
4.99578e-09	0.000320232
4.99591e-09	0.00032072
4.99603e-09	0.000321206
4.99615e-09	0.00032169
4.99627e-09	0.000322172
4.9964e-09	0.000322652
4.99652e-09	0.00032313
4.99664e-09	0.000323606
4.99676e-09	0.000324079
4.99688e-09	0.000324551
4.99701e-09	0.00032502
4.99713e-09	0.000325487
4.99725e-09	0.000325953
4.99737e-09	0.000326416
4.9975e-09	0.000326877
4.99762e-09	0.000327336
4.99774e-09	0.000327793
4.99786e-09	0.000328248
4.99798e-09	0.0003287
4.99811e-09	0.000329151
4.99823e-09	0.0003296
4.99835e-09	0.000330046
4.99847e-09	0.000330491
4.9986e-09	0.000330933
4.99872e-09	0.000331373
4.99884e-09	0.000331812
4.99896e-09	0.000332248
4.99908e-09	0.000332682
4.99921e-09	0.000333114
4.99933e-09	0.000333544
4.99945e-09	0.000333972
4.99957e-09	0.000334398
4.9997e-09	0.000334822
4.99982e-09	0.000335243
4.99994e-09	0.000335663
5.00006e-09	0.000336081
5.00018e-09	0.000336496
5.00031e-09	0.00033691
5.00043e-09	0.000337321
5.00055e-09	0.000337731
5.00067e-09	0.000338138
5.0008e-09	0.000338544
5.00092e-09	0.000338947
5.00104e-09	0.000339348
5.00116e-09	0.000339747
5.00128e-09	0.000340144
5.00141e-09	0.00034054
5.00153e-09	0.000340933
5.00165e-09	0.000341324
5.00177e-09	0.000341713
5.0019e-09	0.0003421
5.00202e-09	0.000342485
5.00214e-09	0.000342868
5.00226e-09	0.000343249
5.00238e-09	0.000343627
5.00251e-09	0.000344004
5.00263e-09	0.000344379
5.00275e-09	0.000344752
5.00287e-09	0.000345123
5.003e-09	0.000345491
5.00312e-09	0.000345858
5.00324e-09	0.000346223
5.00336e-09	0.000346586
5.00349e-09	0.000346946
5.00361e-09	0.000347305
5.00373e-09	0.000347662
5.00385e-09	0.000348016
5.00397e-09	0.000348369
5.0041e-09	0.000348719
5.00422e-09	0.000349068
5.00434e-09	0.000349415
5.00446e-09	0.000349759
5.00459e-09	0.000350102
5.00471e-09	0.000350443
5.00483e-09	0.000350781
5.00495e-09	0.000351118
5.00507e-09	0.000351453
5.0052e-09	0.000351785
5.00532e-09	0.000352116
5.00544e-09	0.000352445
5.00556e-09	0.000352771
5.00569e-09	0.000353096
5.00581e-09	0.000353419
5.00593e-09	0.00035374
5.00605e-09	0.000354058
5.00617e-09	0.000354375
5.0063e-09	0.00035469
5.00642e-09	0.000355003
5.00654e-09	0.000355314
5.00666e-09	0.000355622
5.00679e-09	0.000355929
5.00691e-09	0.000356234
5.00703e-09	0.000356537
5.00715e-09	0.000356838
5.00727e-09	0.000357137
5.0074e-09	0.000357435
5.00752e-09	0.00035773
5.00764e-09	0.000358023
5.00776e-09	0.000358314
5.00789e-09	0.000358603
5.00801e-09	0.000358891
5.00813e-09	0.000359176
5.00825e-09	0.00035946
5.00837e-09	0.000359741
5.0085e-09	0.000360021
5.00862e-09	0.000360298
5.00874e-09	0.000360574
5.00886e-09	0.000360848
5.00899e-09	0.000361119
5.00911e-09	0.000361389
5.00923e-09	0.000361657
5.00935e-09	0.000361923
5.00947e-09	0.000362187
5.0096e-09	0.000362449
5.00972e-09	0.00036271
5.00984e-09	0.000362968
5.00996e-09	0.000363224
5.01009e-09	0.000363479
5.01021e-09	0.000363731
5.01033e-09	0.000363982
5.01045e-09	0.00036423
5.01057e-09	0.000364477
5.0107e-09	0.000364722
5.01082e-09	0.000364965
5.01094e-09	0.000365206
5.01106e-09	0.000365445
5.01119e-09	0.000365682
5.01131e-09	0.000365918
5.01143e-09	0.000366151
5.01155e-09	0.000366383
5.01167e-09	0.000366612
5.0118e-09	0.00036684
5.01192e-09	0.000367066
5.01204e-09	0.00036729
5.01216e-09	0.000367512
5.01229e-09	0.000367732
5.01241e-09	0.000367951
5.01253e-09	0.000368167
5.01265e-09	0.000368382
5.01277e-09	0.000368594
5.0129e-09	0.000368805
5.01302e-09	0.000369014
5.01314e-09	0.000369221
5.01326e-09	0.000369426
5.01339e-09	0.00036963
5.01351e-09	0.000369831
5.01363e-09	0.000370031
5.01375e-09	0.000370228
5.01388e-09	0.000370424
5.014e-09	0.000370618
5.01412e-09	0.00037081
5.01424e-09	0.000371001
5.01436e-09	0.000371189
5.01449e-09	0.000371376
5.01461e-09	0.000371561
5.01473e-09	0.000371744
5.01485e-09	0.000371925
5.01498e-09	0.000372104
5.0151e-09	0.000372281
5.01522e-09	0.000372457
5.01534e-09	0.00037263
5.01546e-09	0.000372802
5.01559e-09	0.000372972
5.01571e-09	0.000373141
5.01583e-09	0.000373307
5.01595e-09	0.000373472
5.01608e-09	0.000373634
5.0162e-09	0.000373795
5.01632e-09	0.000373954
5.01644e-09	0.000374112
5.01656e-09	0.000374267
5.01669e-09	0.000374421
5.01681e-09	0.000374573
5.01693e-09	0.000374723
5.01705e-09	0.000374871
5.01718e-09	0.000375018
5.0173e-09	0.000375162
5.01742e-09	0.000375305
5.01754e-09	0.000375446
5.01766e-09	0.000375585
5.01779e-09	0.000375723
5.01791e-09	0.000375859
5.01803e-09	0.000375993
5.01815e-09	0.000376125
5.01828e-09	0.000376255
5.0184e-09	0.000376384
5.01852e-09	0.00037651
5.01864e-09	0.000376635
5.01876e-09	0.000376758
5.01889e-09	0.00037688
5.01901e-09	0.000377
5.01913e-09	0.000377118
5.01925e-09	0.000377234
5.01938e-09	0.000377348
5.0195e-09	0.000377461
5.01962e-09	0.000377572
5.01974e-09	0.000377681
5.01986e-09	0.000377788
5.01999e-09	0.000377894
5.02011e-09	0.000377998
5.02023e-09	0.0003781
5.02035e-09	0.0003782
5.02048e-09	0.000378299
5.0206e-09	0.000378396
5.02072e-09	0.000378491
5.02084e-09	0.000378584
5.02096e-09	0.000378676
5.02109e-09	0.000378766
5.02121e-09	0.000378854
5.02133e-09	0.00037894
5.02145e-09	0.000379025
5.02158e-09	0.000379108
5.0217e-09	0.00037919
5.02182e-09	0.000379269
5.02194e-09	0.000379347
5.02206e-09	0.000379423
5.02219e-09	0.000379498
5.02231e-09	0.00037957
5.02243e-09	0.000379642
5.02255e-09	0.000379711
5.02268e-09	0.000379779
5.0228e-09	0.000379845
5.02292e-09	0.000379909
5.02304e-09	0.000379971
5.02317e-09	0.000380032
5.02329e-09	0.000380091
5.02341e-09	0.000380149
5.02353e-09	0.000380205
5.02365e-09	0.000380259
5.02378e-09	0.000380311
5.0239e-09	0.000380362
5.02402e-09	0.000380411
5.02414e-09	0.000380459
5.02427e-09	0.000380504
5.02439e-09	0.000380549
5.02451e-09	0.000380591
5.02463e-09	0.000380632
5.02475e-09	0.000380671
5.02488e-09	0.000380708
5.025e-09	0.000380744
5.02512e-09	0.000380778
5.02524e-09	0.000380811
5.02537e-09	0.000380842
5.02549e-09	0.000380871
5.02561e-09	0.000380898
5.02573e-09	0.000380924
5.02585e-09	0.000380949
5.02598e-09	0.000380971
5.0261e-09	0.000380992
5.02622e-09	0.000381012
5.02634e-09	0.000381029
5.02647e-09	0.000381045
5.02659e-09	0.00038106
5.02671e-09	0.000381073
5.02683e-09	0.000381084
5.02695e-09	0.000381094
5.02708e-09	0.000381102
5.0272e-09	0.000381108
5.02732e-09	0.000381113
5.02744e-09	0.000381116
5.02757e-09	0.000381118
5.02769e-09	0.000381118
5.02781e-09	0.000381116
5.02793e-09	0.000381113
5.02805e-09	0.000381108
5.02818e-09	0.000381102
5.0283e-09	0.000381094
5.02842e-09	0.000381084
5.02854e-09	0.000381073
5.02867e-09	0.00038106
5.02879e-09	0.000381046
5.02891e-09	0.00038103
5.02903e-09	0.000381013
5.02915e-09	0.000380994
5.02928e-09	0.000380973
5.0294e-09	0.000380951
5.02952e-09	0.000380927
5.02964e-09	0.000380902
5.02977e-09	0.000380875
5.02989e-09	0.000380847
5.03001e-09	0.000380817
5.03013e-09	0.000380785
5.03025e-09	0.000380752
5.03038e-09	0.000380718
5.0305e-09	0.000380682
5.03062e-09	0.000380644
5.03074e-09	0.000380605
5.03087e-09	0.000380564
5.03099e-09	0.000380522
5.03111e-09	0.000380478
5.03123e-09	0.000380432
5.03135e-09	0.000380386
5.03148e-09	0.000380337
5.0316e-09	0.000380287
5.03172e-09	0.000380236
5.03184e-09	0.000380183
5.03197e-09	0.000380128
5.03209e-09	0.000380073
5.03221e-09	0.000380015
5.03233e-09	0.000379956
5.03245e-09	0.000379896
5.03258e-09	0.000379834
5.0327e-09	0.00037977
5.03282e-09	0.000379705
5.03294e-09	0.000379639
5.03307e-09	0.000379571
5.03319e-09	0.000379501
5.03331e-09	0.00037943
5.03343e-09	0.000379358
5.03356e-09	0.000379284
5.03368e-09	0.000379209
5.0338e-09	0.000379132
5.03392e-09	0.000379054
5.03404e-09	0.000378974
5.03417e-09	0.000378893
5.03429e-09	0.00037881
5.03441e-09	0.000378726
5.03453e-09	0.00037864
5.03466e-09	0.000378553
5.03478e-09	0.000378465
5.0349e-09	0.000378375
5.03502e-09	0.000378283
5.03514e-09	0.00037819
5.03527e-09	0.000378096
5.03539e-09	0.000378
5.03551e-09	0.000377903
5.03563e-09	0.000377804
5.03576e-09	0.000377704
5.03588e-09	0.000377603
5.036e-09	0.0003775
5.03612e-09	0.000377396
5.03624e-09	0.00037729
5.03637e-09	0.000377183
5.03649e-09	0.000377074
5.03661e-09	0.000376964
5.03673e-09	0.000376853
5.03686e-09	0.00037674
5.03698e-09	0.000376626
5.0371e-09	0.00037651
5.03722e-09	0.000376393
5.03734e-09	0.000376275
5.03747e-09	0.000376155
5.03759e-09	0.000376034
5.03771e-09	0.000375911
5.03783e-09	0.000375787
5.03796e-09	0.000375662
5.03808e-09	0.000375535
5.0382e-09	0.000375407
5.03832e-09	0.000375278
5.03844e-09	0.000375147
5.03857e-09	0.000375015
5.03869e-09	0.000374881
5.03881e-09	0.000374746
5.03893e-09	0.00037461
5.03906e-09	0.000374472
5.03918e-09	0.000374333
5.0393e-09	0.000374193
5.03942e-09	0.000374051
5.03954e-09	0.000373908
5.03967e-09	0.000373763
5.03979e-09	0.000373618
5.03991e-09	0.000373471
5.04003e-09	0.000373322
5.04016e-09	0.000373172
5.04028e-09	0.000373021
5.0404e-09	0.000372869
5.04052e-09	0.000372715
5.04064e-09	0.00037256
5.04077e-09	0.000372404
5.04089e-09	0.000372246
5.04101e-09	0.000372087
5.04113e-09	0.000371927
5.04126e-09	0.000371765
5.04138e-09	0.000371602
5.0415e-09	0.000371438
5.04162e-09	0.000371272
5.04174e-09	0.000371105
5.04187e-09	0.000370937
5.04199e-09	0.000370768
5.04211e-09	0.000370597
5.04223e-09	0.000370425
5.04236e-09	0.000370251
5.04248e-09	0.000370077
5.0426e-09	0.000369901
5.04272e-09	0.000369724
5.04285e-09	0.000369545
5.04297e-09	0.000369366
5.04309e-09	0.000369185
5.04321e-09	0.000369002
5.04333e-09	0.000368819
5.04346e-09	0.000368634
5.04358e-09	0.000368448
5.0437e-09	0.000368261
5.04382e-09	0.000368072
5.04395e-09	0.000367883
5.04407e-09	0.000367692
5.04419e-09	0.000367499
5.04431e-09	0.000367306
5.04443e-09	0.000367111
5.04456e-09	0.000366915
5.04468e-09	0.000366718
5.0448e-09	0.00036652
5.04492e-09	0.00036632
5.04505e-09	0.000366119
5.04517e-09	0.000365917
5.04529e-09	0.000365714
5.04541e-09	0.000365509
5.04553e-09	0.000365303
5.04566e-09	0.000365096
5.04578e-09	0.000364888
5.0459e-09	0.000364679
5.04602e-09	0.000364468
5.04615e-09	0.000364256
5.04627e-09	0.000364043
5.04639e-09	0.000363829
5.04651e-09	0.000363614
5.04663e-09	0.000363397
5.04676e-09	0.00036318
5.04688e-09	0.000362961
5.047e-09	0.000362741
5.04712e-09	0.000362519
5.04725e-09	0.000362297
5.04737e-09	0.000362073
5.04749e-09	0.000361848
5.04761e-09	0.000361623
5.04773e-09	0.000361395
5.04786e-09	0.000361167
5.04798e-09	0.000360938
5.0481e-09	0.000360707
5.04822e-09	0.000360475
5.04835e-09	0.000360242
5.04847e-09	0.000360008
5.04859e-09	0.000359773
5.04871e-09	0.000359537
5.04883e-09	0.0003593
5.04896e-09	0.000359061
5.04908e-09	0.000358821
5.0492e-09	0.00035858
5.04932e-09	0.000358338
5.04945e-09	0.000358095
5.04957e-09	0.000357851
5.04969e-09	0.000357606
5.04981e-09	0.000357359
5.04993e-09	0.000357112
5.05006e-09	0.000356863
5.05018e-09	0.000356613
5.0503e-09	0.000356362
5.05042e-09	0.00035611
5.05055e-09	0.000355857
5.05067e-09	0.000355603
5.05079e-09	0.000355348
5.05091e-09	0.000355091
5.05103e-09	0.000354834
5.05116e-09	0.000354576
5.05128e-09	0.000354316
5.0514e-09	0.000354055
5.05152e-09	0.000353793
5.05165e-09	0.000353531
5.05177e-09	0.000353267
5.05189e-09	0.000353002
5.05201e-09	0.000352736
5.05213e-09	0.000352469
5.05226e-09	0.0003522
5.05238e-09	0.000351931
5.0525e-09	0.000351661
5.05262e-09	0.00035139
5.05275e-09	0.000351117
5.05287e-09	0.000350844
5.05299e-09	0.000350569
5.05311e-09	0.000350294
5.05324e-09	0.000350017
5.05336e-09	0.00034974
5.05348e-09	0.000349461
5.0536e-09	0.000349181
5.05372e-09	0.000348901
5.05385e-09	0.000348619
5.05397e-09	0.000348336
5.05409e-09	0.000348053
5.05421e-09	0.000347768
5.05434e-09	0.000347482
5.05446e-09	0.000347195
5.05458e-09	0.000346908
5.0547e-09	0.000346619
5.05482e-09	0.000346329
5.05495e-09	0.000346038
5.05507e-09	0.000345747
5.05519e-09	0.000345454
5.05531e-09	0.00034516
5.05544e-09	0.000344865
5.05556e-09	0.00034457
5.05568e-09	0.000344273
5.0558e-09	0.000343975
5.05592e-09	0.000343677
5.05605e-09	0.000343377
5.05617e-09	0.000343077
5.05629e-09	0.000342775
5.05641e-09	0.000342472
5.05654e-09	0.000342169
5.05666e-09	0.000341865
5.05678e-09	0.000341559
5.0569e-09	0.000341253
5.05702e-09	0.000340946
5.05715e-09	0.000340637
5.05727e-09	0.000340328
5.05739e-09	0.000340018
5.05751e-09	0.000339707
5.05764e-09	0.000339395
5.05776e-09	0.000339082
5.05788e-09	0.000338768
5.058e-09	0.000338453
5.05812e-09	0.000338138
5.05825e-09	0.000337821
5.05837e-09	0.000337504
5.05849e-09	0.000337185
5.05861e-09	0.000336866
5.05874e-09	0.000336545
5.05886e-09	0.000336224
5.05898e-09	0.000335902
5.0591e-09	0.000335579
5.05922e-09	0.000335255
5.05935e-09	0.00033493
5.05947e-09	0.000334605
5.05959e-09	0.000334278
5.05971e-09	0.000333951
5.05984e-09	0.000333622
5.05996e-09	0.000333293
5.06008e-09	0.000332963
5.0602e-09	0.000332632
5.06032e-09	0.0003323
5.06045e-09	0.000331967
5.06057e-09	0.000331634
5.06069e-09	0.000331299
5.06081e-09	0.000330964
5.06094e-09	0.000330628
5.06106e-09	0.000330291
5.06118e-09	0.000329953
5.0613e-09	0.000329614
5.06142e-09	0.000329274
5.06155e-09	0.000328934
5.06167e-09	0.000328593
5.06179e-09	0.000328251
5.06191e-09	0.000327908
5.06204e-09	0.000327564
5.06216e-09	0.000327219
5.06228e-09	0.000326874
5.0624e-09	0.000326527
5.06252e-09	0.00032618
5.06265e-09	0.000325832
5.06277e-09	0.000325484
5.06289e-09	0.000325134
5.06301e-09	0.000324784
5.06314e-09	0.000324432
5.06326e-09	0.00032408
5.06338e-09	0.000323728
5.0635e-09	0.000323374
5.06363e-09	0.00032302
5.06375e-09	0.000322664
5.06387e-09	0.000322308
5.06399e-09	0.000321952
5.06411e-09	0.000321594
5.06424e-09	0.000321236
5.06436e-09	0.000320877
5.06448e-09	0.000320517
5.0646e-09	0.000320156
5.06473e-09	0.000319794
5.06485e-09	0.000319432
5.06497e-09	0.000319069
5.06509e-09	0.000318705
5.06521e-09	0.000318341
5.06534e-09	0.000317976
5.06546e-09	0.00031761
5.06558e-09	0.000317243
5.0657e-09	0.000316875
5.06583e-09	0.000316507
5.06595e-09	0.000316138
5.06607e-09	0.000315768
5.06619e-09	0.000315397
5.06631e-09	0.000315026
5.06644e-09	0.000314654
5.06656e-09	0.000314281
5.06668e-09	0.000313908
5.0668e-09	0.000313534
5.06693e-09	0.000313159
5.06705e-09	0.000312783
5.06717e-09	0.000312407
5.06729e-09	0.00031203
5.06741e-09	0.000311652
5.06754e-09	0.000311273
5.06766e-09	0.000310894
5.06778e-09	0.000310514
5.0679e-09	0.000310134
5.06803e-09	0.000309752
5.06815e-09	0.00030937
5.06827e-09	0.000308988
5.06839e-09	0.000308604
5.06851e-09	0.00030822
5.06864e-09	0.000307835
5.06876e-09	0.00030745
5.06888e-09	0.000307064
5.069e-09	0.000306677
5.06913e-09	0.000306289
5.06925e-09	0.000305901
5.06937e-09	0.000305512
5.06949e-09	0.000305123
5.06961e-09	0.000304733
5.06974e-09	0.000304342
5.06986e-09	0.00030395
5.06998e-09	0.000303558
5.0701e-09	0.000303165
5.07023e-09	0.000302772
5.07035e-09	0.000302378
5.07047e-09	0.000301983
5.07059e-09	0.000301588
5.07071e-09	0.000301192
5.07084e-09	0.000300795
5.07096e-09	0.000300398
5.07108e-09	0.0003
5.0712e-09	0.000299601
5.07133e-09	0.000299202
5.07145e-09	0.000298802
5.07157e-09	0.000298402
5.07169e-09	0.000298001
5.07181e-09	0.000297599
5.07194e-09	0.000297197
5.07206e-09	0.000296794
5.07218e-09	0.00029639
5.0723e-09	0.000295986
5.07243e-09	0.000295582
5.07255e-09	0.000295176
5.07267e-09	0.00029477
5.07279e-09	0.000294364
5.07292e-09	0.000293957
5.07304e-09	0.000293549
5.07316e-09	0.000293141
5.07328e-09	0.000292732
5.0734e-09	0.000292323
5.07353e-09	0.000291913
5.07365e-09	0.000291502
5.07377e-09	0.000291091
5.07389e-09	0.000290679
5.07402e-09	0.000290267
5.07414e-09	0.000289854
5.07426e-09	0.000289441
5.07438e-09	0.000289027
5.0745e-09	0.000288612
5.07463e-09	0.000288197
5.07475e-09	0.000287782
5.07487e-09	0.000287365
5.07499e-09	0.000286949
5.07512e-09	0.000286531
5.07524e-09	0.000286114
5.07536e-09	0.000285695
5.07548e-09	0.000285276
5.0756e-09	0.000284857
5.07573e-09	0.000284437
5.07585e-09	0.000284017
5.07597e-09	0.000283596
5.07609e-09	0.000283174
5.07622e-09	0.000282752
5.07634e-09	0.00028233
5.07646e-09	0.000281906
5.07658e-09	0.000281483
5.0767e-09	0.000281059
5.07683e-09	0.000280634
5.07695e-09	0.000280209
5.07707e-09	0.000279784
5.07719e-09	0.000279357
5.07732e-09	0.000278931
5.07744e-09	0.000278504
5.07756e-09	0.000278076
5.07768e-09	0.000277648
5.0778e-09	0.00027722
5.07793e-09	0.00027679
5.07805e-09	0.000276361
5.07817e-09	0.000275931
5.07829e-09	0.000275501
5.07842e-09	0.00027507
5.07854e-09	0.000274638
5.07866e-09	0.000274206
5.07878e-09	0.000273774
5.0789e-09	0.000273341
5.07903e-09	0.000272908
5.07915e-09	0.000272474
5.07927e-09	0.00027204
5.07939e-09	0.000271605
5.07952e-09	0.00027117
5.07964e-09	0.000270735
5.07976e-09	0.000270299
5.07988e-09	0.000269862
5.08e-09	0.000269426
5.08013e-09	0.000268988
5.08025e-09	0.000268551
5.08037e-09	0.000268112
5.08049e-09	0.000267674
5.08062e-09	0.000267235
5.08074e-09	0.000266795
5.08086e-09	0.000266356
5.08098e-09	0.000265915
5.0811e-09	0.000265475
5.08123e-09	0.000265034
5.08135e-09	0.000264592
5.08147e-09	0.00026415
5.08159e-09	0.000263708
5.08172e-09	0.000263265
5.08184e-09	0.000262822
5.08196e-09	0.000262378
5.08208e-09	0.000261935
5.0822e-09	0.00026149
5.08233e-09	0.000261045
5.08245e-09	0.0002606
5.08257e-09	0.000260155
5.08269e-09	0.000259709
5.08282e-09	0.000259263
5.08294e-09	0.000258816
5.08306e-09	0.000258369
5.08318e-09	0.000257922
5.08331e-09	0.000257474
5.08343e-09	0.000257026
5.08355e-09	0.000256578
5.08367e-09	0.000256129
5.08379e-09	0.00025568
5.08392e-09	0.00025523
5.08404e-09	0.00025478
5.08416e-09	0.00025433
5.08428e-09	0.000253879
5.08441e-09	0.000253428
5.08453e-09	0.000252977
5.08465e-09	0.000252525
5.08477e-09	0.000252073
5.08489e-09	0.000251621
5.08502e-09	0.000251168
5.08514e-09	0.000250715
5.08526e-09	0.000250262
5.08538e-09	0.000249808
5.08551e-09	0.000249354
5.08563e-09	0.0002489
5.08575e-09	0.000248445
5.08587e-09	0.000247991
5.08599e-09	0.000247535
5.08612e-09	0.00024708
5.08624e-09	0.000246624
5.08636e-09	0.000246168
5.08648e-09	0.000245711
5.08661e-09	0.000245254
5.08673e-09	0.000244797
5.08685e-09	0.00024434
5.08697e-09	0.000243882
5.08709e-09	0.000243424
5.08722e-09	0.000242966
5.08734e-09	0.000242507
5.08746e-09	0.000242048
5.08758e-09	0.000241589
5.08771e-09	0.00024113
5.08783e-09	0.00024067
5.08795e-09	0.00024021
5.08807e-09	0.00023975
5.08819e-09	0.000239289
5.08832e-09	0.000238829
5.08844e-09	0.000238368
5.08856e-09	0.000237906
5.08868e-09	0.000237445
5.08881e-09	0.000236983
5.08893e-09	0.000236521
5.08905e-09	0.000236058
5.08917e-09	0.000235596
5.08929e-09	0.000235133
5.08942e-09	0.00023467
5.08954e-09	0.000234206
5.08966e-09	0.000233743
5.08978e-09	0.000233279
5.08991e-09	0.000232815
5.09003e-09	0.000232351
5.09015e-09	0.000231886
5.09027e-09	0.000231421
5.09039e-09	0.000230956
5.09052e-09	0.000230491
5.09064e-09	0.000230025
5.09076e-09	0.00022956
5.09088e-09	0.000229094
5.09101e-09	0.000228628
5.09113e-09	0.000228161
5.09125e-09	0.000227695
5.09137e-09	0.000227228
5.09149e-09	0.000226761
5.09162e-09	0.000226294
5.09174e-09	0.000225827
5.09186e-09	0.000225359
5.09198e-09	0.000224891
5.09211e-09	0.000224423
5.09223e-09	0.000223955
5.09235e-09	0.000223487
5.09247e-09	0.000223018
5.0926e-09	0.000222549
5.09272e-09	0.00022208
5.09284e-09	0.000221611
5.09296e-09	0.000221142
5.09308e-09	0.000220673
5.09321e-09	0.000220203
5.09333e-09	0.000219733
5.09345e-09	0.000219263
5.09357e-09	0.000218793
5.0937e-09	0.000218323
5.09382e-09	0.000217852
5.09394e-09	0.000217381
5.09406e-09	0.000216911
5.09418e-09	0.00021644
5.09431e-09	0.000215969
5.09443e-09	0.000215497
5.09455e-09	0.000215026
5.09467e-09	0.000214554
5.0948e-09	0.000214083
5.09492e-09	0.000213611
5.09504e-09	0.000213139
5.09516e-09	0.000212667
5.09528e-09	0.000212194
5.09541e-09	0.000211722
5.09553e-09	0.000211249
5.09565e-09	0.000210777
5.09577e-09	0.000210304
5.0959e-09	0.000209831
5.09602e-09	0.000209358
5.09614e-09	0.000208885
5.09626e-09	0.000208411
5.09638e-09	0.000207938
5.09651e-09	0.000207464
5.09663e-09	0.000206991
5.09675e-09	0.000206517
5.09687e-09	0.000206043
5.097e-09	0.000205569
5.09712e-09	0.000205095
5.09724e-09	0.000204621
5.09736e-09	0.000204147
5.09748e-09	0.000203672
5.09761e-09	0.000203198
5.09773e-09	0.000202723
5.09785e-09	0.000202249
5.09797e-09	0.000201774
5.0981e-09	0.000201299
5.09822e-09	0.000200824
5.09834e-09	0.000200349
5.09846e-09	0.000199874
5.09858e-09	0.000199399
5.09871e-09	0.000198924
5.09883e-09	0.000198448
5.09895e-09	0.000197973
5.09907e-09	0.000197498
5.0992e-09	0.000197022
5.09932e-09	0.000196547
5.09944e-09	0.000196071
5.09956e-09	0.000195595
5.09968e-09	0.000195119
5.09981e-09	0.000194644
5.09993e-09	0.000194168
5.10005e-09	0.000193692
5.10017e-09	0.000193216
5.1003e-09	0.00019274
5.10042e-09	0.000192264
5.10054e-09	0.000191788
5.10066e-09	0.000191312
5.10078e-09	0.000190835
5.10091e-09	0.000190359
5.10103e-09	0.000189883
5.10115e-09	0.000189407
5.10127e-09	0.00018893
5.1014e-09	0.000188454
5.10152e-09	0.000187978
5.10164e-09	0.000187501
5.10176e-09	0.000187025
5.10188e-09	0.000186548
5.10201e-09	0.000186072
5.10213e-09	0.000185595
5.10225e-09	0.000185119
5.10237e-09	0.000184643
5.1025e-09	0.000184166
5.10262e-09	0.000183689
5.10274e-09	0.000183213
5.10286e-09	0.000182736
5.10299e-09	0.00018226
5.10311e-09	0.000181783
5.10323e-09	0.000181307
5.10335e-09	0.00018083
5.10347e-09	0.000180354
5.1036e-09	0.000179877
5.10372e-09	0.000179401
5.10384e-09	0.000178924
5.10396e-09	0.000178448
5.10409e-09	0.000177971
5.10421e-09	0.000177495
5.10433e-09	0.000177019
5.10445e-09	0.000176542
5.10457e-09	0.000176066
5.1047e-09	0.000175589
5.10482e-09	0.000175113
5.10494e-09	0.000174637
5.10506e-09	0.000174161
5.10519e-09	0.000173684
5.10531e-09	0.000173208
5.10543e-09	0.000172732
5.10555e-09	0.000172256
5.10567e-09	0.00017178
5.1058e-09	0.000171304
5.10592e-09	0.000170828
5.10604e-09	0.000170352
5.10616e-09	0.000169876
5.10629e-09	0.0001694
5.10641e-09	0.000168925
5.10653e-09	0.000168449
5.10665e-09	0.000167973
5.10677e-09	0.000167498
5.1069e-09	0.000167022
5.10702e-09	0.000166547
5.10714e-09	0.000166071
5.10726e-09	0.000165596
5.10739e-09	0.000165121
5.10751e-09	0.000164645
5.10763e-09	0.00016417
5.10775e-09	0.000163695
5.10787e-09	0.00016322
5.108e-09	0.000162745
5.10812e-09	0.000162271
5.10824e-09	0.000161796
5.10836e-09	0.000161321
5.10849e-09	0.000160847
5.10861e-09	0.000160372
5.10873e-09	0.000159898
5.10885e-09	0.000159424
5.10897e-09	0.00015895
5.1091e-09	0.000158475
5.10922e-09	0.000158001
5.10934e-09	0.000157528
5.10946e-09	0.000157054
5.10959e-09	0.00015658
5.10971e-09	0.000156107
5.10983e-09	0.000155633
5.10995e-09	0.00015516
5.11007e-09	0.000154686
5.1102e-09	0.000154213
5.11032e-09	0.00015374
5.11044e-09	0.000153267
5.11056e-09	0.000152795
5.11069e-09	0.000152322
5.11081e-09	0.000151849
5.11093e-09	0.000151377
5.11105e-09	0.000150905
5.11117e-09	0.000150433
5.1113e-09	0.000149961
5.11142e-09	0.000149489
5.11154e-09	0.000149017
5.11166e-09	0.000148545
5.11179e-09	0.000148074
5.11191e-09	0.000147602
5.11203e-09	0.000147131
5.11215e-09	0.00014666
5.11228e-09	0.000146189
5.1124e-09	0.000145718
5.11252e-09	0.000145248
5.11264e-09	0.000144777
5.11276e-09	0.000144307
5.11289e-09	0.000143837
5.11301e-09	0.000143367
5.11313e-09	0.000142897
5.11325e-09	0.000142427
5.11338e-09	0.000141958
5.1135e-09	0.000141488
5.11362e-09	0.000141019
5.11374e-09	0.00014055
5.11386e-09	0.000140081
5.11399e-09	0.000139612
5.11411e-09	0.000139144
5.11423e-09	0.000138676
5.11435e-09	0.000138207
5.11448e-09	0.000137739
5.1146e-09	0.000137271
5.11472e-09	0.000136804
5.11484e-09	0.000136336
5.11496e-09	0.000135869
5.11509e-09	0.000135402
5.11521e-09	0.000134935
5.11533e-09	0.000134468
5.11545e-09	0.000134002
5.11558e-09	0.000133535
5.1157e-09	0.000133069
5.11582e-09	0.000132603
5.11594e-09	0.000132137
5.11606e-09	0.000131672
5.11619e-09	0.000131206
5.11631e-09	0.000130741
5.11643e-09	0.000130276
5.11655e-09	0.000129811
5.11668e-09	0.000129347
5.1168e-09	0.000128882
5.11692e-09	0.000128418
5.11704e-09	0.000127954
5.11716e-09	0.000127491
5.11729e-09	0.000127027
5.11741e-09	0.000126564
5.11753e-09	0.000126101
5.11765e-09	0.000125638
5.11778e-09	0.000125175
5.1179e-09	0.000124713
5.11802e-09	0.000124251
5.11814e-09	0.000123789
5.11826e-09	0.000123327
5.11839e-09	0.000122865
5.11851e-09	0.000122404
5.11863e-09	0.000121943
5.11875e-09	0.000121482
5.11888e-09	0.000121022
5.119e-09	0.000120561
5.11912e-09	0.000120101
5.11924e-09	0.000119641
5.11936e-09	0.000119182
5.11949e-09	0.000118722
5.11961e-09	0.000118263
5.11973e-09	0.000117804
5.11985e-09	0.000117346
5.11998e-09	0.000116887
5.1201e-09	0.000116429
5.12022e-09	0.000115971
5.12034e-09	0.000115514
5.12046e-09	0.000115056
5.12059e-09	0.000114599
5.12071e-09	0.000114143
5.12083e-09	0.000113686
5.12095e-09	0.00011323
5.12108e-09	0.000112774
5.1212e-09	0.000112318
5.12132e-09	0.000111862
5.12144e-09	0.000111407
5.12156e-09	0.000110952
5.12169e-09	0.000110497
5.12181e-09	0.000110043
5.12193e-09	0.000109589
5.12205e-09	0.000109135
5.12218e-09	0.000108681
5.1223e-09	0.000108228
5.12242e-09	0.000107775
5.12254e-09	0.000107322
5.12267e-09	0.000106869
5.12279e-09	0.000106417
5.12291e-09	0.000105965
5.12303e-09	0.000105514
5.12315e-09	0.000105062
5.12328e-09	0.000104611
5.1234e-09	0.000104161
5.12352e-09	0.00010371
5.12364e-09	0.00010326
5.12377e-09	0.00010281
5.12389e-09	0.00010236
5.12401e-09	0.000101911
5.12413e-09	0.000101462
5.12425e-09	0.000101014
5.12438e-09	0.000100565
5.1245e-09	0.000100117
5.12462e-09	9.96694e-05
5.12474e-09	9.9222e-05
5.12487e-09	9.87748e-05
5.12499e-09	9.8328e-05
5.12511e-09	9.78815e-05
5.12523e-09	9.74353e-05
5.12535e-09	9.69894e-05
5.12548e-09	9.65438e-05
5.1256e-09	9.60986e-05
5.12572e-09	9.56537e-05
5.12584e-09	9.52091e-05
5.12597e-09	9.47648e-05
5.12609e-09	9.43208e-05
5.12621e-09	9.38772e-05
5.12633e-09	9.34339e-05
5.12645e-09	9.29909e-05
5.12658e-09	9.25483e-05
5.1267e-09	9.21059e-05
5.12682e-09	9.16639e-05
5.12694e-09	9.12223e-05
5.12707e-09	9.0781e-05
5.12719e-09	9.034e-05
5.12731e-09	8.98993e-05
5.12743e-09	8.9459e-05
5.12755e-09	8.90191e-05
5.12768e-09	8.85795e-05
5.1278e-09	8.81402e-05
5.12792e-09	8.77012e-05
5.12804e-09	8.72626e-05
5.12817e-09	8.68244e-05
5.12829e-09	8.63865e-05
5.12841e-09	8.5949e-05
5.12853e-09	8.55118e-05
5.12865e-09	8.50749e-05
5.12878e-09	8.46384e-05
5.1289e-09	8.42023e-05
5.12902e-09	8.37665e-05
5.12914e-09	8.33311e-05
5.12927e-09	8.2896e-05
5.12939e-09	8.24613e-05
5.12951e-09	8.2027e-05
5.12963e-09	8.1593e-05
5.12975e-09	8.11594e-05
5.12988e-09	8.07261e-05
5.13e-09	8.02933e-05
5.13012e-09	7.98608e-05
5.13024e-09	7.94286e-05
5.13037e-09	7.89968e-05
5.13049e-09	7.85654e-05
5.13061e-09	7.81344e-05
5.13073e-09	7.77037e-05
5.13085e-09	7.72734e-05
5.13098e-09	7.68435e-05
5.1311e-09	7.6414e-05
5.13122e-09	7.59849e-05
5.13134e-09	7.55561e-05
5.13147e-09	7.51277e-05
5.13159e-09	7.46997e-05
5.13171e-09	7.42721e-05
5.13183e-09	7.38448e-05
5.13196e-09	7.3418e-05
5.13208e-09	7.29915e-05
5.1322e-09	7.25654e-05
5.13232e-09	7.21398e-05
5.13244e-09	7.17145e-05
5.13257e-09	7.12896e-05
5.13269e-09	7.0865e-05
5.13281e-09	7.04409e-05
5.13293e-09	7.00172e-05
5.13306e-09	6.95939e-05
5.13318e-09	6.9171e-05
5.1333e-09	6.87484e-05
5.13342e-09	6.83263e-05
5.13354e-09	6.79046e-05
5.13367e-09	6.74833e-05
5.13379e-09	6.70624e-05
5.13391e-09	6.66419e-05
5.13403e-09	6.62218e-05
5.13416e-09	6.58021e-05
5.13428e-09	6.53828e-05
5.1344e-09	6.49639e-05
5.13452e-09	6.45454e-05
5.13464e-09	6.41274e-05
5.13477e-09	6.37097e-05
5.13489e-09	6.32925e-05
5.13501e-09	6.28757e-05
5.13513e-09	6.24593e-05
5.13526e-09	6.20433e-05
5.13538e-09	6.16278e-05
5.1355e-09	6.12126e-05
5.13562e-09	6.07979e-05
5.13574e-09	6.03836e-05
5.13587e-09	5.99697e-05
5.13599e-09	5.95563e-05
5.13611e-09	5.91433e-05
5.13623e-09	5.87307e-05
5.13636e-09	5.83185e-05
5.13648e-09	5.79068e-05
5.1366e-09	5.74954e-05
5.13672e-09	5.70846e-05
5.13684e-09	5.66741e-05
5.13697e-09	5.62641e-05
5.13709e-09	5.58545e-05
5.13721e-09	5.54454e-05
5.13733e-09	5.50367e-05
5.13746e-09	5.46284e-05
5.13758e-09	5.42205e-05
5.1377e-09	5.38132e-05
5.13782e-09	5.34062e-05
5.13794e-09	5.29997e-05
5.13807e-09	5.25936e-05
5.13819e-09	5.2188e-05
5.13831e-09	5.17828e-05
5.13843e-09	5.13781e-05
5.13856e-09	5.09738e-05
5.13868e-09	5.05699e-05
5.1388e-09	5.01665e-05
5.13892e-09	4.97636e-05
5.13904e-09	4.93611e-05
5.13917e-09	4.8959e-05
5.13929e-09	4.85574e-05
5.13941e-09	4.81563e-05
5.13953e-09	4.77556e-05
5.13966e-09	4.73554e-05
5.13978e-09	4.69556e-05
5.1399e-09	4.65563e-05
5.14002e-09	4.61574e-05
5.14014e-09	4.5759e-05
5.14027e-09	4.53611e-05
5.14039e-09	4.49636e-05
5.14051e-09	4.45666e-05
5.14063e-09	4.417e-05
5.14076e-09	4.3774e-05
5.14088e-09	4.33783e-05
5.141e-09	4.29832e-05
5.14112e-09	4.25885e-05
5.14124e-09	4.21943e-05
5.14137e-09	4.18005e-05
5.14149e-09	4.14072e-05
5.14161e-09	4.10144e-05
5.14173e-09	4.06221e-05
5.14186e-09	4.02302e-05
5.14198e-09	3.98388e-05
5.1421e-09	3.94479e-05
5.14222e-09	3.90574e-05
5.14235e-09	3.86675e-05
5.14247e-09	3.8278e-05
5.14259e-09	3.7889e-05
5.14271e-09	3.75004e-05
5.14283e-09	3.71124e-05
5.14296e-09	3.67248e-05
5.14308e-09	3.63377e-05
5.1432e-09	3.59511e-05
5.14332e-09	3.5565e-05
5.14345e-09	3.51793e-05
5.14357e-09	3.47942e-05
5.14369e-09	3.44095e-05
5.14381e-09	3.40253e-05
5.14393e-09	3.36416e-05
5.14406e-09	3.32584e-05
5.14418e-09	3.28757e-05
5.1443e-09	3.24934e-05
5.14442e-09	3.21117e-05
5.14455e-09	3.17305e-05
5.14467e-09	3.13497e-05
5.14479e-09	3.09694e-05
5.14491e-09	3.05897e-05
5.14503e-09	3.02104e-05
5.14516e-09	2.98316e-05
5.14528e-09	2.94533e-05
5.1454e-09	2.90756e-05
5.14552e-09	2.86983e-05
5.14565e-09	2.83215e-05
5.14577e-09	2.79452e-05
5.14589e-09	2.75694e-05
5.14601e-09	2.71942e-05
5.14613e-09	2.68194e-05
5.14626e-09	2.64451e-05
5.14638e-09	2.60713e-05
5.1465e-09	2.56981e-05
5.14662e-09	2.53253e-05
5.14675e-09	2.49531e-05
5.14687e-09	2.45813e-05
5.14699e-09	2.42101e-05
5.14711e-09	2.38393e-05
5.14723e-09	2.34691e-05
5.14736e-09	2.30994e-05
5.14748e-09	2.27302e-05
5.1476e-09	2.23615e-05
5.14772e-09	2.19934e-05
5.14785e-09	2.16257e-05
5.14797e-09	2.12586e-05
5.14809e-09	2.08919e-05
5.14821e-09	2.05258e-05
5.14833e-09	2.01602e-05
5.14846e-09	1.97951e-05
5.14858e-09	1.94306e-05
5.1487e-09	1.90665e-05
5.14882e-09	1.8703e-05
5.14895e-09	1.834e-05
5.14907e-09	1.79775e-05
5.14919e-09	1.76155e-05
5.14931e-09	1.72541e-05
5.14943e-09	1.68932e-05
5.14956e-09	1.65328e-05
5.14968e-09	1.61729e-05
5.1498e-09	1.58136e-05
5.14992e-09	1.54548e-05
5.15005e-09	1.50965e-05
5.15017e-09	1.47387e-05
5.15029e-09	1.43815e-05
5.15041e-09	1.40247e-05
5.15053e-09	1.36686e-05
5.15066e-09	1.33129e-05
5.15078e-09	1.29578e-05
5.1509e-09	1.26032e-05
5.15102e-09	1.22491e-05
5.15115e-09	1.18956e-05
5.15127e-09	1.15426e-05
5.15139e-09	1.11902e-05
5.15151e-09	1.08382e-05
5.15164e-09	1.04868e-05
5.15176e-09	1.0136e-05
5.15188e-09	9.78566e-06
5.152e-09	9.43588e-06
5.15212e-09	9.08664e-06
5.15225e-09	8.73793e-06
5.15237e-09	8.38976e-06
5.15249e-09	8.04213e-06
5.15261e-09	7.69504e-06
5.15274e-09	7.34849e-06
5.15286e-09	7.00249e-06
5.15298e-09	6.65702e-06
5.1531e-09	6.3121e-06
5.15322e-09	5.96772e-06
5.15335e-09	5.62388e-06
5.15347e-09	5.28059e-06
5.15359e-09	4.93784e-06
5.15371e-09	4.59564e-06
5.15384e-09	4.25398e-06
5.15396e-09	3.91287e-06
5.15408e-09	3.57231e-06
5.1542e-09	3.2323e-06
5.15432e-09	2.89283e-06
5.15445e-09	2.55391e-06
5.15457e-09	2.21554e-06
5.15469e-09	1.87773e-06
5.15481e-09	1.54046e-06
5.15494e-09	1.20374e-06
5.15506e-09	8.67576e-07
5.15518e-09	5.31963e-07
5.1553e-09	1.96903e-07
5.15542e-09	-1.37604e-07
5.15555e-09	-4.71558e-07
5.15567e-09	-8.04957e-07
5.15579e-09	-1.1378e-06
5.15591e-09	-1.47009e-06
5.15604e-09	-1.80182e-06
5.15616e-09	-2.133e-06
5.15628e-09	-2.46362e-06
5.1564e-09	-2.79368e-06
5.15652e-09	-3.12319e-06
5.15665e-09	-3.45213e-06
5.15677e-09	-3.78052e-06
5.15689e-09	-4.10835e-06
5.15701e-09	-4.43561e-06
5.15714e-09	-4.76232e-06
5.15726e-09	-5.08847e-06
5.15738e-09	-5.41405e-06
5.1575e-09	-5.73907e-06
5.15762e-09	-6.06353e-06
5.15775e-09	-6.38743e-06
5.15787e-09	-6.71077e-06
5.15799e-09	-7.03354e-06
5.15811e-09	-7.35574e-06
5.15824e-09	-7.67738e-06
5.15836e-09	-7.99846e-06
5.15848e-09	-8.31897e-06
5.1586e-09	-8.63891e-06
5.15872e-09	-8.95829e-06
5.15885e-09	-9.2771e-06
5.15897e-09	-9.59534e-06
5.15909e-09	-9.91302e-06
5.15921e-09	-1.02301e-05
5.15934e-09	-1.05467e-05
5.15946e-09	-1.08626e-05
5.15958e-09	-1.1178e-05
5.1597e-09	-1.14929e-05
5.15982e-09	-1.18071e-05
5.15995e-09	-1.21208e-05
5.16007e-09	-1.24339e-05
5.16019e-09	-1.27465e-05
5.16031e-09	-1.30584e-05
5.16044e-09	-1.33698e-05
5.16056e-09	-1.36807e-05
5.16068e-09	-1.39909e-05
5.1608e-09	-1.43006e-05
5.16092e-09	-1.46097e-05
5.16105e-09	-1.49182e-05
5.16117e-09	-1.52262e-05
5.16129e-09	-1.55336e-05
5.16141e-09	-1.58404e-05
5.16154e-09	-1.61466e-05
5.16166e-09	-1.64523e-05
5.16178e-09	-1.67573e-05
5.1619e-09	-1.70618e-05
5.16203e-09	-1.73657e-05
5.16215e-09	-1.76691e-05
5.16227e-09	-1.79719e-05
5.16239e-09	-1.8274e-05
5.16251e-09	-1.85756e-05
5.16264e-09	-1.88767e-05
5.16276e-09	-1.91771e-05
5.16288e-09	-1.9477e-05
5.163e-09	-1.97763e-05
5.16313e-09	-2.0075e-05
5.16325e-09	-2.03731e-05
5.16337e-09	-2.06706e-05
5.16349e-09	-2.09676e-05
5.16361e-09	-2.1264e-05
5.16374e-09	-2.15598e-05
5.16386e-09	-2.1855e-05
5.16398e-09	-2.21496e-05
5.1641e-09	-2.24437e-05
5.16423e-09	-2.27371e-05
5.16435e-09	-2.303e-05
5.16447e-09	-2.33223e-05
5.16459e-09	-2.3614e-05
5.16471e-09	-2.39052e-05
5.16484e-09	-2.41957e-05
5.16496e-09	-2.44857e-05
5.16508e-09	-2.4775e-05
5.1652e-09	-2.50638e-05
5.16533e-09	-2.5352e-05
5.16545e-09	-2.56396e-05
5.16557e-09	-2.59266e-05
5.16569e-09	-2.62131e-05
5.16581e-09	-2.64989e-05
5.16594e-09	-2.67842e-05
5.16606e-09	-2.70689e-05
5.16618e-09	-2.73529e-05
5.1663e-09	-2.76364e-05
5.16643e-09	-2.79193e-05
5.16655e-09	-2.82017e-05
5.16667e-09	-2.84834e-05
5.16679e-09	-2.87645e-05
5.16691e-09	-2.90451e-05
5.16704e-09	-2.9325e-05
5.16716e-09	-2.96044e-05
5.16728e-09	-2.98832e-05
5.1674e-09	-3.01614e-05
5.16753e-09	-3.0439e-05
5.16765e-09	-3.0716e-05
5.16777e-09	-3.09924e-05
5.16789e-09	-3.12682e-05
5.16801e-09	-3.15435e-05
5.16814e-09	-3.18181e-05
5.16826e-09	-3.20921e-05
5.16838e-09	-3.23656e-05
5.1685e-09	-3.26385e-05
5.16863e-09	-3.29107e-05
5.16875e-09	-3.31824e-05
5.16887e-09	-3.34535e-05
5.16899e-09	-3.3724e-05
5.16911e-09	-3.39939e-05
5.16924e-09	-3.42632e-05
5.16936e-09	-3.45319e-05
5.16948e-09	-3.48e-05
5.1696e-09	-3.50675e-05
5.16973e-09	-3.53345e-05
5.16985e-09	-3.56008e-05
5.16997e-09	-3.58665e-05
5.17009e-09	-3.61317e-05
5.17021e-09	-3.63962e-05
5.17034e-09	-3.66602e-05
5.17046e-09	-3.69235e-05
5.17058e-09	-3.71863e-05
5.1707e-09	-3.74484e-05
5.17083e-09	-3.771e-05
5.17095e-09	-3.7971e-05
5.17107e-09	-3.82313e-05
5.17119e-09	-3.84911e-05
5.17132e-09	-3.87503e-05
5.17144e-09	-3.90089e-05
5.17156e-09	-3.92669e-05
5.17168e-09	-3.95243e-05
5.1718e-09	-3.97811e-05
5.17193e-09	-4.00373e-05
5.17205e-09	-4.02929e-05
5.17217e-09	-4.05479e-05
5.17229e-09	-4.08023e-05
5.17242e-09	-4.10561e-05
5.17254e-09	-4.13093e-05
5.17266e-09	-4.15619e-05
5.17278e-09	-4.18139e-05
5.1729e-09	-4.20653e-05
5.17303e-09	-4.23161e-05
5.17315e-09	-4.25663e-05
5.17327e-09	-4.2816e-05
5.17339e-09	-4.3065e-05
5.17352e-09	-4.33134e-05
5.17364e-09	-4.35612e-05
5.17376e-09	-4.38084e-05
5.17388e-09	-4.40551e-05
5.174e-09	-4.43011e-05
5.17413e-09	-4.45465e-05
5.17425e-09	-4.47913e-05
5.17437e-09	-4.50356e-05
5.17449e-09	-4.52792e-05
5.17462e-09	-4.55222e-05
5.17474e-09	-4.57647e-05
5.17486e-09	-4.60065e-05
5.17498e-09	-4.62477e-05
5.1751e-09	-4.64884e-05
5.17523e-09	-4.67284e-05
5.17535e-09	-4.69678e-05
5.17547e-09	-4.72067e-05
5.17559e-09	-4.74449e-05
5.17572e-09	-4.76825e-05
5.17584e-09	-4.79196e-05
5.17596e-09	-4.8156e-05
5.17608e-09	-4.83918e-05
5.1762e-09	-4.86271e-05
5.17633e-09	-4.88617e-05
5.17645e-09	-4.90957e-05
5.17657e-09	-4.93292e-05
5.17669e-09	-4.9562e-05
5.17682e-09	-4.97942e-05
5.17694e-09	-5.00259e-05
5.17706e-09	-5.02569e-05
5.17718e-09	-5.04873e-05
5.1773e-09	-5.07172e-05
5.17743e-09	-5.09464e-05
5.17755e-09	-5.1175e-05
5.17767e-09	-5.14031e-05
5.17779e-09	-5.16305e-05
5.17792e-09	-5.18573e-05
5.17804e-09	-5.20836e-05
5.17816e-09	-5.23092e-05
5.17828e-09	-5.25342e-05
5.1784e-09	-5.27587e-05
5.17853e-09	-5.29825e-05
5.17865e-09	-5.32057e-05
5.17877e-09	-5.34284e-05
5.17889e-09	-5.36504e-05
5.17902e-09	-5.38718e-05
5.17914e-09	-5.40927e-05
5.17926e-09	-5.43129e-05
5.17938e-09	-5.45325e-05
5.1795e-09	-5.47516e-05
5.17963e-09	-5.497e-05
5.17975e-09	-5.51878e-05
5.17987e-09	-5.54051e-05
5.17999e-09	-5.56217e-05
5.18012e-09	-5.58377e-05
5.18024e-09	-5.60532e-05
5.18036e-09	-5.6268e-05
5.18048e-09	-5.64822e-05
5.1806e-09	-5.66959e-05
5.18073e-09	-5.69089e-05
5.18085e-09	-5.71214e-05
5.18097e-09	-5.73332e-05
5.18109e-09	-5.75445e-05
5.18122e-09	-5.77551e-05
5.18134e-09	-5.79651e-05
5.18146e-09	-5.81746e-05
5.18158e-09	-5.83834e-05
5.18171e-09	-5.85917e-05
5.18183e-09	-5.87993e-05
5.18195e-09	-5.90064e-05
5.18207e-09	-5.92128e-05
5.18219e-09	-5.94187e-05
5.18232e-09	-5.9624e-05
5.18244e-09	-5.98286e-05
5.18256e-09	-6.00327e-05
5.18268e-09	-6.02361e-05
5.18281e-09	-6.0439e-05
5.18293e-09	-6.06413e-05
5.18305e-09	-6.08429e-05
5.18317e-09	-6.1044e-05
5.18329e-09	-6.12445e-05
5.18342e-09	-6.14444e-05
5.18354e-09	-6.16437e-05
5.18366e-09	-6.18423e-05
5.18378e-09	-6.20404e-05
5.18391e-09	-6.22379e-05
5.18403e-09	-6.24348e-05
5.18415e-09	-6.26311e-05
5.18427e-09	-6.28268e-05
5.18439e-09	-6.30219e-05
5.18452e-09	-6.32164e-05
5.18464e-09	-6.34104e-05
5.18476e-09	-6.36037e-05
5.18488e-09	-6.37964e-05
5.18501e-09	-6.39885e-05
5.18513e-09	-6.41801e-05
5.18525e-09	-6.4371e-05
5.18537e-09	-6.45614e-05
5.18549e-09	-6.47511e-05
5.18562e-09	-6.49403e-05
5.18574e-09	-6.51288e-05
5.18586e-09	-6.53168e-05
5.18598e-09	-6.55042e-05
5.18611e-09	-6.56909e-05
5.18623e-09	-6.58771e-05
5.18635e-09	-6.60627e-05
5.18647e-09	-6.62477e-05
5.18659e-09	-6.64321e-05
5.18672e-09	-6.66159e-05
5.18684e-09	-6.67992e-05
5.18696e-09	-6.69818e-05
5.18708e-09	-6.71638e-05
5.18721e-09	-6.73453e-05
5.18733e-09	-6.75261e-05
5.18745e-09	-6.77064e-05
5.18757e-09	-6.78861e-05
5.18769e-09	-6.80651e-05
5.18782e-09	-6.82436e-05
5.18794e-09	-6.84215e-05
5.18806e-09	-6.85988e-05
5.18818e-09	-6.87755e-05
5.18831e-09	-6.89517e-05
5.18843e-09	-6.91272e-05
5.18855e-09	-6.93021e-05
5.18867e-09	-6.94765e-05
5.18879e-09	-6.96502e-05
5.18892e-09	-6.98234e-05
5.18904e-09	-6.9996e-05
5.18916e-09	-7.0168e-05
5.18928e-09	-7.03394e-05
5.18941e-09	-7.05102e-05
5.18953e-09	-7.06805e-05
5.18965e-09	-7.08501e-05
5.18977e-09	-7.10192e-05
5.18989e-09	-7.11876e-05
5.19002e-09	-7.13555e-05
5.19014e-09	-7.15228e-05
5.19026e-09	-7.16895e-05
5.19038e-09	-7.18557e-05
5.19051e-09	-7.20212e-05
5.19063e-09	-7.21861e-05
5.19075e-09	-7.23505e-05
5.19087e-09	-7.25143e-05
5.19099e-09	-7.26775e-05
5.19112e-09	-7.28401e-05
5.19124e-09	-7.30021e-05
5.19136e-09	-7.31636e-05
5.19148e-09	-7.33244e-05
5.19161e-09	-7.34847e-05
5.19173e-09	-7.36444e-05
5.19185e-09	-7.38035e-05
5.19197e-09	-7.3962e-05
5.1921e-09	-7.412e-05
5.19222e-09	-7.42773e-05
5.19234e-09	-7.44341e-05
5.19246e-09	-7.45903e-05
5.19258e-09	-7.47459e-05
5.19271e-09	-7.49009e-05
5.19283e-09	-7.50554e-05
5.19295e-09	-7.52093e-05
5.19307e-09	-7.53626e-05
5.1932e-09	-7.55153e-05
5.19332e-09	-7.56674e-05
5.19344e-09	-7.5819e-05
5.19356e-09	-7.59699e-05
5.19368e-09	-7.61203e-05
5.19381e-09	-7.62701e-05
5.19393e-09	-7.64194e-05
5.19405e-09	-7.6568e-05
5.19417e-09	-7.67161e-05
5.1943e-09	-7.68636e-05
5.19442e-09	-7.70106e-05
5.19454e-09	-7.71569e-05
5.19466e-09	-7.73027e-05
5.19478e-09	-7.74479e-05
5.19491e-09	-7.75925e-05
5.19503e-09	-7.77366e-05
5.19515e-09	-7.78801e-05
5.19527e-09	-7.8023e-05
5.1954e-09	-7.81653e-05
5.19552e-09	-7.8307e-05
5.19564e-09	-7.84482e-05
5.19576e-09	-7.85888e-05
5.19588e-09	-7.87289e-05
5.19601e-09	-7.88683e-05
5.19613e-09	-7.90072e-05
5.19625e-09	-7.91455e-05
5.19637e-09	-7.92833e-05
5.1965e-09	-7.94204e-05
5.19662e-09	-7.9557e-05
5.19674e-09	-7.96931e-05
5.19686e-09	-7.98285e-05
5.19698e-09	-7.99634e-05
5.19711e-09	-8.00978e-05
5.19723e-09	-8.02315e-05
5.19735e-09	-8.03647e-05
5.19747e-09	-8.04973e-05
5.1976e-09	-8.06294e-05
5.19772e-09	-8.07609e-05
5.19784e-09	-8.08918e-05
5.19796e-09	-8.10221e-05
5.19808e-09	-8.11519e-05
5.19821e-09	-8.12811e-05
5.19833e-09	-8.14098e-05
5.19845e-09	-8.15379e-05
5.19857e-09	-8.16654e-05
5.1987e-09	-8.17924e-05
5.19882e-09	-8.19187e-05
5.19894e-09	-8.20446e-05
5.19906e-09	-8.21698e-05
5.19918e-09	-8.22945e-05
5.19931e-09	-8.24187e-05
5.19943e-09	-8.25423e-05
5.19955e-09	-8.26653e-05
5.19967e-09	-8.27877e-05
5.1998e-09	-8.29096e-05
5.19992e-09	-8.3031e-05
5.20004e-09	-8.31517e-05
5.20016e-09	-8.3272e-05
5.20028e-09	-8.33916e-05
5.20041e-09	-8.35107e-05
5.20053e-09	-8.36293e-05
5.20065e-09	-8.37472e-05
5.20077e-09	-8.38647e-05
5.2009e-09	-8.39815e-05
5.20102e-09	-8.40978e-05
5.20114e-09	-8.42136e-05
5.20126e-09	-8.43288e-05
5.20139e-09	-8.44434e-05
5.20151e-09	-8.45575e-05
5.20163e-09	-8.46711e-05
5.20175e-09	-8.4784e-05
5.20187e-09	-8.48965e-05
5.202e-09	-8.50083e-05
5.20212e-09	-8.51197e-05
5.20224e-09	-8.52304e-05
5.20236e-09	-8.53406e-05
5.20249e-09	-8.54503e-05
5.20261e-09	-8.55594e-05
5.20273e-09	-8.5668e-05
5.20285e-09	-8.5776e-05
5.20297e-09	-8.58835e-05
5.2031e-09	-8.59904e-05
5.20322e-09	-8.60967e-05
5.20334e-09	-8.62026e-05
5.20346e-09	-8.63078e-05
5.20359e-09	-8.64125e-05
5.20371e-09	-8.65167e-05
5.20383e-09	-8.66203e-05
5.20395e-09	-8.67234e-05
5.20407e-09	-8.6826e-05
5.2042e-09	-8.6928e-05
5.20432e-09	-8.70294e-05
5.20444e-09	-8.71303e-05
5.20456e-09	-8.72307e-05
5.20469e-09	-8.73305e-05
5.20481e-09	-8.74298e-05
5.20493e-09	-8.75285e-05
5.20505e-09	-8.76267e-05
5.20517e-09	-8.77243e-05
5.2053e-09	-8.78214e-05
5.20542e-09	-8.7918e-05
5.20554e-09	-8.8014e-05
5.20566e-09	-8.81095e-05
5.20579e-09	-8.82045e-05
5.20591e-09	-8.82989e-05
5.20603e-09	-8.83927e-05
5.20615e-09	-8.84861e-05
5.20627e-09	-8.85789e-05
5.2064e-09	-8.86711e-05
5.20652e-09	-8.87628e-05
5.20664e-09	-8.8854e-05
5.20676e-09	-8.89447e-05
5.20689e-09	-8.90348e-05
5.20701e-09	-8.91244e-05
5.20713e-09	-8.92134e-05
5.20725e-09	-8.9302e-05
5.20737e-09	-8.939e-05
5.2075e-09	-8.94774e-05
5.20762e-09	-8.95643e-05
5.20774e-09	-8.96507e-05
5.20786e-09	-8.97366e-05
5.20799e-09	-8.98219e-05
5.20811e-09	-8.99067e-05
5.20823e-09	-8.9991e-05
5.20835e-09	-9.00747e-05
5.20847e-09	-9.0158e-05
5.2086e-09	-9.02407e-05
