6.1118e-14	0
1.83354e-13	-9.01913e-05
3.0559e-13	-9.01083e-05
4.27826e-13	-9.00247e-05
5.50062e-13	-8.99407e-05
6.72298e-13	-8.98561e-05
7.94534e-13	-8.9771e-05
9.1677e-13	-8.96853e-05
1.03901e-12	-8.95991e-05
1.16124e-12	-8.95124e-05
1.28348e-12	-8.94252e-05
1.40571e-12	-8.93374e-05
1.52795e-12	-8.92491e-05
1.65019e-12	-8.91603e-05
1.77242e-12	-8.90709e-05
1.89466e-12	-8.8981e-05
2.01689e-12	-8.88905e-05
2.13913e-12	-8.87996e-05
2.26137e-12	-8.87081e-05
2.3836e-12	-8.8616e-05
2.50584e-12	-8.85234e-05
2.62807e-12	-8.84303e-05
2.75031e-12	-8.83367e-05
2.87255e-12	-8.82425e-05
2.99478e-12	-8.81477e-05
3.11702e-12	-8.80525e-05
3.23925e-12	-8.79567e-05
3.36149e-12	-8.78603e-05
3.48373e-12	-8.77634e-05
3.60596e-12	-8.7666e-05
3.7282e-12	-8.7568e-05
3.85043e-12	-8.74695e-05
3.97267e-12	-8.73704e-05
4.09491e-12	-8.72708e-05
4.21714e-12	-8.71707e-05
4.33938e-12	-8.707e-05
4.46161e-12	-8.69688e-05
4.58385e-12	-8.6867e-05
4.70608e-12	-8.67647e-05
4.82832e-12	-8.66619e-05
4.95056e-12	-8.65584e-05
5.07279e-12	-8.64545e-05
5.19503e-12	-8.635e-05
5.31726e-12	-8.62449e-05
5.4395e-12	-8.61393e-05
5.56174e-12	-8.60332e-05
5.68397e-12	-8.59265e-05
5.80621e-12	-8.58193e-05
5.92844e-12	-8.57115e-05
6.05068e-12	-8.56031e-05
6.17292e-12	-8.54942e-05
6.29515e-12	-8.53848e-05
6.41739e-12	-8.52748e-05
6.53962e-12	-8.51643e-05
6.66186e-12	-8.50532e-05
6.7841e-12	-8.49415e-05
6.90633e-12	-8.48293e-05
7.02857e-12	-8.47165e-05
7.1508e-12	-8.46032e-05
7.27304e-12	-8.44894e-05
7.39528e-12	-8.43749e-05
7.51751e-12	-8.426e-05
7.63975e-12	-8.41444e-05
7.76198e-12	-8.40284e-05
7.88422e-12	-8.39117e-05
8.00646e-12	-8.37945e-05
8.12869e-12	-8.36768e-05
8.25093e-12	-8.35584e-05
8.37316e-12	-8.34396e-05
8.4954e-12	-8.33201e-05
8.61764e-12	-8.32001e-05
8.73987e-12	-8.30796e-05
8.86211e-12	-8.29585e-05
8.98434e-12	-8.28368e-05
9.10658e-12	-8.27146e-05
9.22882e-12	-8.25918e-05
9.35105e-12	-8.24684e-05
9.47329e-12	-8.23445e-05
9.59552e-12	-8.222e-05
9.71776e-12	-8.2095e-05
9.84e-12	-8.19694e-05
9.96223e-12	-8.18432e-05
1.00845e-11	-8.17165e-05
1.02067e-11	-8.15892e-05
1.03289e-11	-8.14613e-05
1.04512e-11	-8.13329e-05
1.05734e-11	-8.12039e-05
1.06956e-11	-8.10744e-05
1.08179e-11	-8.09442e-05
1.09401e-11	-8.08136e-05
1.10624e-11	-8.06823e-05
1.11846e-11	-8.05505e-05
1.13068e-11	-8.04181e-05
1.14291e-11	-8.02851e-05
1.15513e-11	-8.01516e-05
1.16735e-11	-8.00175e-05
1.17958e-11	-7.98828e-05
1.1918e-11	-7.97476e-05
1.20402e-11	-7.96118e-05
1.21625e-11	-7.94754e-05
1.22847e-11	-7.93385e-05
1.2407e-11	-7.9201e-05
1.25292e-11	-7.90629e-05
1.26514e-11	-7.89242e-05
1.27737e-11	-7.8785e-05
1.28959e-11	-7.86452e-05
1.30181e-11	-7.85048e-05
1.31404e-11	-7.83639e-05
1.32626e-11	-7.82223e-05
1.33848e-11	-7.80802e-05
1.35071e-11	-7.79376e-05
1.36293e-11	-7.77943e-05
1.37515e-11	-7.76505e-05
1.38738e-11	-7.75061e-05
1.3996e-11	-7.73611e-05
1.41183e-11	-7.72156e-05
1.42405e-11	-7.70695e-05
1.43627e-11	-7.69228e-05
1.4485e-11	-7.67755e-05
1.46072e-11	-7.66276e-05
1.47294e-11	-7.64792e-05
1.48517e-11	-7.63302e-05
1.49739e-11	-7.61806e-05
1.50961e-11	-7.60305e-05
1.52184e-11	-7.58797e-05
1.53406e-11	-7.57284e-05
1.54629e-11	-7.55765e-05
1.55851e-11	-7.5424e-05
1.57073e-11	-7.5271e-05
1.58296e-11	-7.51173e-05
1.59518e-11	-7.49631e-05
1.6074e-11	-7.48083e-05
1.61963e-11	-7.46529e-05
1.63185e-11	-7.4497e-05
1.64407e-11	-7.43404e-05
1.6563e-11	-7.41833e-05
1.66852e-11	-7.40256e-05
1.68074e-11	-7.38673e-05
1.69297e-11	-7.37084e-05
1.70519e-11	-7.3549e-05
1.71742e-11	-7.33889e-05
1.72964e-11	-7.32283e-05
1.74186e-11	-7.30671e-05
1.75409e-11	-7.29053e-05
1.76631e-11	-7.27429e-05
1.77853e-11	-7.258e-05
1.79076e-11	-7.24164e-05
1.80298e-11	-7.22523e-05
1.8152e-11	-7.20876e-05
1.82743e-11	-7.19223e-05
1.83965e-11	-7.17564e-05
1.85187e-11	-7.15899e-05
1.8641e-11	-7.14228e-05
1.87632e-11	-7.12552e-05
1.88855e-11	-7.1087e-05
1.90077e-11	-7.09181e-05
1.91299e-11	-7.07487e-05
1.92522e-11	-7.05787e-05
1.93744e-11	-7.04081e-05
1.94966e-11	-7.0237e-05
1.96189e-11	-7.00652e-05
1.97411e-11	-6.98929e-05
1.98633e-11	-6.97199e-05
1.99856e-11	-6.95464e-05
2.01078e-11	-6.93723e-05
2.02301e-11	-6.91976e-05
2.03523e-11	-6.90223e-05
2.04745e-11	-6.88464e-05
2.05968e-11	-6.86699e-05
2.0719e-11	-6.84928e-05
2.08412e-11	-6.83152e-05
2.09635e-11	-6.81369e-05
2.10857e-11	-6.79581e-05
2.12079e-11	-6.77787e-05
2.13302e-11	-6.75987e-05
2.14524e-11	-6.7418e-05
2.15746e-11	-6.72368e-05
2.16969e-11	-6.7055e-05
2.18191e-11	-6.68726e-05
2.19414e-11	-6.66897e-05
2.20636e-11	-6.65061e-05
2.21858e-11	-6.63219e-05
2.23081e-11	-6.61372e-05
2.24303e-11	-6.59518e-05
2.25525e-11	-6.57659e-05
2.26748e-11	-6.55793e-05
2.2797e-11	-6.53922e-05
2.29192e-11	-6.52045e-05
2.30415e-11	-6.50161e-05
2.31637e-11	-6.48272e-05
2.3286e-11	-6.46377e-05
2.34082e-11	-6.44476e-05
2.35304e-11	-6.42569e-05
2.36527e-11	-6.40656e-05
2.37749e-11	-6.38737e-05
2.38971e-11	-6.36812e-05
2.40194e-11	-6.34881e-05
2.41416e-11	-6.32945e-05
2.42638e-11	-6.31002e-05
2.43861e-11	-6.29053e-05
2.45083e-11	-6.27099e-05
2.46305e-11	-6.25138e-05
2.47528e-11	-6.23171e-05
2.4875e-11	-6.21199e-05
2.49973e-11	-6.1922e-05
2.51195e-11	-6.17236e-05
2.52417e-11	-6.15245e-05
2.5364e-11	-6.13249e-05
2.54862e-11	-6.11247e-05
2.56084e-11	-6.09238e-05
2.57307e-11	-6.07224e-05
2.58529e-11	-6.05204e-05
2.59751e-11	-6.03178e-05
2.60974e-11	-6.01145e-05
2.62196e-11	-5.99107e-05
2.63419e-11	-5.97063e-05
2.64641e-11	-5.95013e-05
2.65863e-11	-5.92957e-05
2.67086e-11	-5.90894e-05
2.68308e-11	-5.88826e-05
2.6953e-11	-5.86752e-05
2.70753e-11	-5.84672e-05
2.71975e-11	-5.82586e-05
2.73197e-11	-5.80494e-05
2.7442e-11	-5.78396e-05
2.75642e-11	-5.76292e-05
2.76864e-11	-5.74182e-05
2.78087e-11	-5.72066e-05
2.79309e-11	-5.69944e-05
2.80532e-11	-5.67816e-05
2.81754e-11	-5.65682e-05
2.82976e-11	-5.63542e-05
2.84199e-11	-5.61396e-05
2.85421e-11	-5.59244e-05
2.86643e-11	-5.57086e-05
2.87866e-11	-5.54922e-05
2.89088e-11	-5.52752e-05
2.9031e-11	-5.50576e-05
2.91533e-11	-5.48394e-05
2.92755e-11	-5.46206e-05
2.93978e-11	-5.44012e-05
2.952e-11	-5.41812e-05
2.96422e-11	-5.39607e-05
2.97645e-11	-5.37395e-05
2.98867e-11	-5.35177e-05
3.00089e-11	-5.32953e-05
3.01312e-11	-5.30723e-05
3.02534e-11	-5.28487e-05
3.03756e-11	-5.26245e-05
3.04979e-11	-5.23997e-05
3.06201e-11	-5.21743e-05
3.07423e-11	-5.19483e-05
3.08646e-11	-5.17217e-05
3.09868e-11	-5.14945e-05
3.11091e-11	-5.12668e-05
3.12313e-11	-5.10384e-05
3.13535e-11	-5.08094e-05
3.14758e-11	-5.05798e-05
3.1598e-11	-5.03496e-05
3.17202e-11	-5.01188e-05
3.18425e-11	-4.98874e-05
3.19647e-11	-4.96554e-05
3.20869e-11	-4.94228e-05
3.22092e-11	-4.91896e-05
3.23314e-11	-4.89558e-05
3.24537e-11	-4.87214e-05
3.25759e-11	-4.84864e-05
3.26981e-11	-4.82509e-05
3.28204e-11	-4.80147e-05
3.29426e-11	-4.77779e-05
3.30648e-11	-4.75405e-05
3.31871e-11	-4.73025e-05
3.33093e-11	-4.70639e-05
3.34315e-11	-4.68247e-05
3.35538e-11	-4.65849e-05
3.3676e-11	-4.63445e-05
3.37982e-11	-4.61035e-05
3.39205e-11	-4.58619e-05
3.40427e-11	-4.56197e-05
3.4165e-11	-4.5377e-05
3.42872e-11	-4.51336e-05
3.44094e-11	-4.48896e-05
3.45317e-11	-4.4645e-05
3.46539e-11	-4.43998e-05
3.47761e-11	-4.4154e-05
3.48984e-11	-4.39076e-05
3.50206e-11	-4.36607e-05
3.51428e-11	-4.34131e-05
3.52651e-11	-4.31649e-05
3.53873e-11	-4.29161e-05
3.55095e-11	-4.26667e-05
3.56318e-11	-4.24168e-05
3.5754e-11	-4.21662e-05
3.58763e-11	-4.1915e-05
3.59985e-11	-4.16632e-05
3.61207e-11	-4.14109e-05
3.6243e-11	-4.11579e-05
3.63652e-11	-4.09043e-05
3.64874e-11	-4.06502e-05
3.66097e-11	-4.03954e-05
3.67319e-11	-4.01401e-05
3.68541e-11	-3.98841e-05
3.69764e-11	-3.96276e-05
3.70986e-11	-3.93704e-05
3.72209e-11	-3.91127e-05
3.73431e-11	-3.88543e-05
3.74653e-11	-3.85954e-05
3.75876e-11	-3.83358e-05
3.77098e-11	-3.80757e-05
3.7832e-11	-3.7815e-05
3.79543e-11	-3.75536e-05
3.80765e-11	-3.72917e-05
3.81987e-11	-3.70292e-05
3.8321e-11	-3.67661e-05
3.84432e-11	-3.65024e-05
3.85654e-11	-3.62381e-05
3.86877e-11	-3.59732e-05
3.88099e-11	-3.57077e-05
3.89322e-11	-3.54416e-05
3.90544e-11	-3.51749e-05
3.91766e-11	-3.49076e-05
3.92989e-11	-3.46397e-05
3.94211e-11	-3.43713e-05
3.95433e-11	-3.41022e-05
3.96656e-11	-3.38325e-05
3.97878e-11	-3.35623e-05
3.991e-11	-3.32914e-05
4.00323e-11	-3.302e-05
4.01545e-11	-3.2748e-05
4.02768e-11	-3.24754e-05
4.0399e-11	-3.22021e-05
4.05212e-11	-3.19283e-05
4.06435e-11	-3.16539e-05
4.07657e-11	-3.13789e-05
4.08879e-11	-3.11033e-05
4.10102e-11	-3.08272e-05
4.11324e-11	-3.05504e-05
4.12546e-11	-3.0273e-05
4.13769e-11	-2.99951e-05
4.14991e-11	-2.97165e-05
4.16213e-11	-2.94374e-05
4.17436e-11	-2.91577e-05
4.18658e-11	-2.88774e-05
4.19881e-11	-2.85965e-05
4.21103e-11	-2.8315e-05
4.22325e-11	-2.80329e-05
4.23548e-11	-2.77502e-05
4.2477e-11	-2.7467e-05
4.25992e-11	-2.71831e-05
4.27215e-11	-2.68987e-05
4.28437e-11	-2.66137e-05
4.29659e-11	-2.6328e-05
4.30882e-11	-2.60418e-05
4.32104e-11	-2.57551e-05
4.33327e-11	-2.54677e-05
4.34549e-11	-2.51797e-05
4.35771e-11	-2.48912e-05
4.36994e-11	-2.4602e-05
4.38216e-11	-2.43123e-05
4.39438e-11	-2.4022e-05
4.40661e-11	-2.37311e-05
4.41883e-11	-2.34396e-05
4.43105e-11	-2.31476e-05
4.44328e-11	-2.28549e-05
4.4555e-11	-2.25617e-05
4.46772e-11	-2.22679e-05
4.47995e-11	-2.19735e-05
4.49217e-11	-2.16785e-05
4.5044e-11	-2.1383e-05
4.51662e-11	-2.10868e-05
4.52884e-11	-2.07901e-05
4.54107e-11	-2.04928e-05
4.55329e-11	-2.01949e-05
4.56551e-11	-1.98964e-05
4.57774e-11	-1.95974e-05
4.58996e-11	-1.92977e-05
4.60218e-11	-1.89975e-05
4.61441e-11	-1.86967e-05
4.62663e-11	-1.83953e-05
4.63886e-11	-1.80934e-05
4.65108e-11	-1.77909e-05
4.6633e-11	-1.74877e-05
4.67553e-11	-1.71841e-05
4.68775e-11	-1.68798e-05
4.69997e-11	-1.65749e-05
4.7122e-11	-1.62695e-05
4.72442e-11	-1.59635e-05
4.73664e-11	-1.5657e-05
4.74887e-11	-1.53498e-05
4.76109e-11	-1.50421e-05
4.77331e-11	-1.47338e-05
4.78554e-11	-1.44249e-05
4.79776e-11	-1.41155e-05
4.80999e-11	-1.38054e-05
4.82221e-11	-1.34948e-05
4.83443e-11	-1.31837e-05
4.84666e-11	-1.28719e-05
4.85888e-11	-1.25596e-05
4.8711e-11	-1.22467e-05
4.88333e-11	-1.19333e-05
4.89555e-11	-1.16192e-05
4.90777e-11	-1.13046e-05
4.92e-11	-1.09895e-05
4.93222e-11	-1.06737e-05
4.94445e-11	-1.03574e-05
4.95667e-11	-1.00405e-05
4.96889e-11	-9.7231e-06
4.98112e-11	-9.40509e-06
4.99334e-11	-9.0865e-06
5.00556e-11	-8.76735e-06
5.01779e-11	-8.44764e-06
5.03001e-11	-8.12736e-06
5.04223e-11	-7.80651e-06
5.05446e-11	-7.48509e-06
5.06668e-11	-7.16311e-06
5.0789e-11	-6.84057e-06
5.09113e-11	-6.51746e-06
5.10335e-11	-6.19379e-06
5.11558e-11	-5.86956e-06
5.1278e-11	-5.54476e-06
5.14002e-11	-5.2194e-06
5.15225e-11	-4.89348e-06
5.16447e-11	-4.567e-06
5.17669e-11	-4.23996e-06
5.18892e-11	-3.91236e-06
5.20114e-11	-3.58419e-06
5.21336e-11	-3.25547e-06
5.22559e-11	-2.92619e-06
5.23781e-11	-2.59635e-06
5.25003e-11	-2.26596e-06
5.26226e-11	-1.93501e-06
5.27448e-11	-1.6035e-06
5.28671e-11	-1.27143e-06
5.29893e-11	-9.3881e-07
5.31115e-11	-6.05633e-07
5.32338e-11	-2.71903e-07
5.3356e-11	6.23818e-08
5.34782e-11	3.9722e-07
5.36005e-11	7.32611e-07
5.37227e-11	1.06855e-06
5.38449e-11	1.40505e-06
5.39672e-11	1.7421e-06
5.40894e-11	2.07969e-06
5.42117e-11	2.41784e-06
5.43339e-11	2.75654e-06
5.44561e-11	3.09578e-06
5.45784e-11	3.43558e-06
5.47006e-11	3.77592e-06
5.48228e-11	4.11681e-06
5.49451e-11	4.45825e-06
5.50673e-11	4.80023e-06
5.51895e-11	5.14276e-06
5.53118e-11	5.48583e-06
5.5434e-11	5.82945e-06
5.55562e-11	6.17361e-06
5.56785e-11	6.51832e-06
5.58007e-11	6.86356e-06
5.5923e-11	7.20935e-06
5.60452e-11	7.55568e-06
5.61674e-11	7.90255e-06
5.62897e-11	8.24997e-06
5.64119e-11	8.59792e-06
5.65341e-11	8.94641e-06
5.66564e-11	9.29544e-06
5.67786e-11	9.645e-06
5.69008e-11	9.99511e-06
5.70231e-11	1.03457e-05
5.71453e-11	1.06969e-05
5.72676e-11	1.10486e-05
5.73898e-11	1.14009e-05
5.7512e-11	1.17537e-05
5.76343e-11	1.2107e-05
5.77565e-11	1.24608e-05
5.78787e-11	1.28152e-05
5.8001e-11	1.31701e-05
5.81232e-11	1.35255e-05
5.82454e-11	1.38815e-05
5.83677e-11	1.4238e-05
5.84899e-11	1.4595e-05
5.86121e-11	1.49526e-05
5.87344e-11	1.53107e-05
5.88566e-11	1.56693e-05
5.89789e-11	1.60284e-05
5.91011e-11	1.63881e-05
5.92233e-11	1.67483e-05
5.93456e-11	1.7109e-05
5.94678e-11	1.74702e-05
5.959e-11	1.7832e-05
5.97123e-11	1.81942e-05
5.98345e-11	1.8557e-05
5.99567e-11	1.89203e-05
6.0079e-11	1.92842e-05
6.02012e-11	1.96485e-05
6.03235e-11	2.00134e-05
6.04457e-11	2.03788e-05
6.05679e-11	2.07447e-05
6.06902e-11	2.11111e-05
6.08124e-11	2.14781e-05
6.09346e-11	2.18455e-05
6.10569e-11	2.22135e-05
6.11791e-11	2.2582e-05
6.13013e-11	2.2951e-05
6.14236e-11	2.33205e-05
6.15458e-11	2.36905e-05
6.1668e-11	2.4061e-05
6.17903e-11	2.4432e-05
6.19125e-11	2.48036e-05
6.20348e-11	2.51756e-05
6.2157e-11	2.55482e-05
6.22792e-11	2.59212e-05
6.24015e-11	2.62948e-05
6.25237e-11	2.66689e-05
6.26459e-11	2.70435e-05
6.27682e-11	2.74185e-05
6.28904e-11	2.77941e-05
6.30126e-11	2.81702e-05
6.31349e-11	2.85468e-05
6.32571e-11	2.89239e-05
6.33794e-11	2.93014e-05
6.35016e-11	2.96795e-05
6.36238e-11	3.00581e-05
6.37461e-11	3.04372e-05
6.38683e-11	3.08167e-05
6.39905e-11	3.11968e-05
6.41128e-11	3.15774e-05
6.4235e-11	3.19584e-05
6.43572e-11	3.23399e-05
6.44795e-11	3.2722e-05
6.46017e-11	3.31045e-05
6.47239e-11	3.34875e-05
6.48462e-11	3.3871e-05
6.49684e-11	3.4255e-05
6.50907e-11	3.46395e-05
6.52129e-11	3.50244e-05
6.53351e-11	3.54099e-05
6.54574e-11	3.57958e-05
6.55796e-11	3.61822e-05
6.57018e-11	3.65691e-05
6.58241e-11	3.69565e-05
6.59463e-11	3.73444e-05
6.60685e-11	3.77327e-05
6.61908e-11	3.81216e-05
6.6313e-11	3.85109e-05
6.64353e-11	3.89006e-05
6.65575e-11	3.92909e-05
6.66797e-11	3.96816e-05
6.6802e-11	4.00728e-05
6.69242e-11	4.04645e-05
6.70464e-11	4.08567e-05
6.71687e-11	4.12493e-05
6.72909e-11	4.16424e-05
6.74131e-11	4.20359e-05
6.75354e-11	4.243e-05
6.76576e-11	4.28245e-05
6.77798e-11	4.32194e-05
6.79021e-11	4.36149e-05
6.80243e-11	4.40108e-05
6.81466e-11	4.44071e-05
6.82688e-11	4.4804e-05
6.8391e-11	4.52013e-05
6.85133e-11	4.5599e-05
6.86355e-11	4.59972e-05
6.87577e-11	4.63959e-05
6.888e-11	4.6795e-05
6.90022e-11	4.71946e-05
6.91244e-11	4.75947e-05
6.92467e-11	4.79952e-05
6.93689e-11	4.83961e-05
6.94911e-11	4.87976e-05
6.96134e-11	4.91994e-05
6.97356e-11	4.96017e-05
6.98579e-11	5.00045e-05
6.99801e-11	5.04077e-05
7.01023e-11	5.08114e-05
7.02246e-11	5.12155e-05
7.03468e-11	5.16201e-05
7.0469e-11	5.20251e-05
7.05913e-11	5.24305e-05
7.07135e-11	5.28364e-05
7.08357e-11	5.32427e-05
7.0958e-11	5.36495e-05
7.10802e-11	5.40567e-05
7.12025e-11	5.44644e-05
7.13247e-11	5.48725e-05
7.14469e-11	5.5281e-05
7.15692e-11	5.569e-05
7.16914e-11	5.60994e-05
7.18136e-11	5.65093e-05
7.19359e-11	5.69195e-05
7.20581e-11	5.73302e-05
7.21803e-11	5.77414e-05
7.23026e-11	5.81529e-05
7.24248e-11	5.85649e-05
7.2547e-11	5.89774e-05
7.26693e-11	5.93902e-05
7.27915e-11	5.98035e-05
7.29138e-11	6.02172e-05
7.3036e-11	6.06313e-05
7.31582e-11	6.10459e-05
7.32805e-11	6.14608e-05
7.34027e-11	6.18762e-05
7.35249e-11	6.2292e-05
7.36472e-11	6.27083e-05
7.37694e-11	6.31249e-05
7.38916e-11	6.3542e-05
7.40139e-11	6.39595e-05
7.41361e-11	6.43773e-05
7.42584e-11	6.47956e-05
7.43806e-11	6.52144e-05
7.45028e-11	6.56335e-05
7.46251e-11	6.6053e-05
7.47473e-11	6.6473e-05
7.48695e-11	6.68933e-05
7.49918e-11	6.7314e-05
7.5114e-11	6.77352e-05
7.52362e-11	6.81568e-05
7.53585e-11	6.85787e-05
7.54807e-11	6.90011e-05
7.56029e-11	6.94239e-05
7.57252e-11	6.9847e-05
7.58474e-11	7.02706e-05
7.59697e-11	7.06945e-05
7.60919e-11	7.11189e-05
7.62141e-11	7.15436e-05
7.63364e-11	7.19688e-05
7.64586e-11	7.23943e-05
7.65808e-11	7.28202e-05
7.67031e-11	7.32465e-05
7.68253e-11	7.36732e-05
7.69475e-11	7.41003e-05
7.70698e-11	7.45278e-05
7.7192e-11	7.49556e-05
7.73143e-11	7.53838e-05
7.74365e-11	7.58125e-05
7.75587e-11	7.62415e-05
7.7681e-11	7.66708e-05
7.78032e-11	7.71006e-05
7.79254e-11	7.75307e-05
7.80477e-11	7.79612e-05
7.81699e-11	7.83921e-05
7.82921e-11	7.88234e-05
7.84144e-11	7.9255e-05
7.85366e-11	7.9687e-05
7.86588e-11	8.01194e-05
7.87811e-11	8.05521e-05
7.89033e-11	8.09852e-05
7.90256e-11	8.14187e-05
7.91478e-11	8.18525e-05
7.927e-11	8.22867e-05
7.93923e-11	8.27213e-05
7.95145e-11	8.31562e-05
7.96367e-11	8.35915e-05
7.9759e-11	8.40271e-05
7.98812e-11	8.44631e-05
8.00034e-11	8.48994e-05
8.01257e-11	8.53361e-05
8.02479e-11	8.57732e-05
8.03702e-11	8.62106e-05
8.04924e-11	8.66483e-05
8.06146e-11	8.70865e-05
8.07369e-11	8.75249e-05
8.08591e-11	8.79637e-05
8.09813e-11	8.84028e-05
8.11036e-11	8.88423e-05
8.12258e-11	8.92822e-05
8.1348e-11	8.97223e-05
8.14703e-11	9.01628e-05
8.15925e-11	9.06037e-05
8.17147e-11	9.10449e-05
8.1837e-11	9.14864e-05
8.19592e-11	9.19282e-05
8.20815e-11	9.23704e-05
8.22037e-11	9.28129e-05
8.23259e-11	9.32558e-05
8.24482e-11	9.3699e-05
8.25704e-11	9.41425e-05
8.26926e-11	9.45863e-05
8.28149e-11	9.50304e-05
8.29371e-11	9.54749e-05
8.30593e-11	9.59197e-05
8.31816e-11	9.63648e-05
8.33038e-11	9.68103e-05
8.34261e-11	9.7256e-05
8.35483e-11	9.77021e-05
8.36705e-11	9.81485e-05
8.37928e-11	9.85952e-05
8.3915e-11	9.90422e-05
8.40372e-11	9.94895e-05
8.41595e-11	9.99371e-05
8.42817e-11	0.000100385
8.44039e-11	0.000100833
8.45262e-11	0.000101282
8.46484e-11	0.000101731
8.47706e-11	0.00010218
8.48929e-11	0.000102629
8.50151e-11	0.000103079
8.51374e-11	0.000103529
8.52596e-11	0.000103979
8.53818e-11	0.00010443
8.55041e-11	0.000104881
8.56263e-11	0.000105332
8.57485e-11	0.000105784
8.58708e-11	0.000106236
8.5993e-11	0.000106688
8.61152e-11	0.00010714
8.62375e-11	0.000107593
8.63597e-11	0.000108046
8.64819e-11	0.000108499
8.66042e-11	0.000108952
8.67264e-11	0.000109406
8.68487e-11	0.00010986
8.69709e-11	0.000110315
8.70931e-11	0.000110769
8.72154e-11	0.000111224
8.73376e-11	0.000111679
8.74598e-11	0.000112135
8.75821e-11	0.00011259
8.77043e-11	0.000113046
8.78265e-11	0.000113502
8.79488e-11	0.000113959
8.8071e-11	0.000114416
8.81933e-11	0.000114873
8.83155e-11	0.00011533
8.84377e-11	0.000115787
8.856e-11	0.000116245
8.86822e-11	0.000116703
8.88044e-11	0.000117162
8.89267e-11	0.00011762
8.90489e-11	0.000118079
8.91711e-11	0.000118538
8.92934e-11	0.000118997
8.94156e-11	0.000119457
8.95378e-11	0.000119916
8.96601e-11	0.000120376
8.97823e-11	0.000120837
8.99046e-11	0.000121297
9.00268e-11	0.000121758
9.0149e-11	0.000122219
9.02713e-11	0.00012268
9.03935e-11	0.000123141
9.05157e-11	0.000123603
9.0638e-11	0.000124065
9.07602e-11	0.000124527
9.08824e-11	0.000124989
9.10047e-11	0.000125452
9.11269e-11	0.000125915
9.12492e-11	0.000126378
9.13714e-11	0.000126841
9.14936e-11	0.000127304
9.16159e-11	0.000127768
9.17381e-11	0.000128232
9.18603e-11	0.000128696
9.19826e-11	0.00012916
9.21048e-11	0.000129625
9.2227e-11	0.000130089
9.23493e-11	0.000130554
9.24715e-11	0.000131019
9.25937e-11	0.000131485
9.2716e-11	0.00013195
9.28382e-11	0.000132416
9.29605e-11	0.000132882
9.30827e-11	0.000133348
9.32049e-11	0.000133814
9.33272e-11	0.000134281
9.34494e-11	0.000134747
9.35716e-11	0.000135214
9.36939e-11	0.000135681
9.38161e-11	0.000136148
9.39383e-11	0.000136616
9.40606e-11	0.000137083
9.41828e-11	0.000137551
9.43051e-11	0.000138019
9.44273e-11	0.000138487
9.45495e-11	0.000138956
9.46718e-11	0.000139424
9.4794e-11	0.000139893
9.49162e-11	0.000140362
9.50385e-11	0.000140831
9.51607e-11	0.0001413
9.52829e-11	0.000141769
9.54052e-11	0.000142239
9.55274e-11	0.000142708
9.56496e-11	0.000143178
9.57719e-11	0.000143648
9.58941e-11	0.000144118
9.60164e-11	0.000144588
9.61386e-11	0.000145059
9.62608e-11	0.000145529
9.63831e-11	0.000146
9.65053e-11	0.000146471
9.66275e-11	0.000146942
9.67498e-11	0.000147413
9.6872e-11	0.000147884
9.69942e-11	0.000148356
9.71165e-11	0.000148827
9.72387e-11	0.000149299
9.7361e-11	0.000149771
9.74832e-11	0.000150243
9.76054e-11	0.000150715
9.77277e-11	0.000151187
9.78499e-11	0.00015166
9.79721e-11	0.000152132
9.80944e-11	0.000152605
9.82166e-11	0.000153077
9.83388e-11	0.00015355
9.84611e-11	0.000154023
9.85833e-11	0.000154496
9.87055e-11	0.000154969
9.88278e-11	0.000155443
9.895e-11	0.000155916
9.90723e-11	0.00015639
9.91945e-11	0.000156863
9.93167e-11	0.000157337
9.9439e-11	0.000157811
9.95612e-11	0.000158285
9.96834e-11	0.000158759
9.98057e-11	0.000159233
9.99279e-11	0.000159707
1.0005e-10	0.000160182
1.00172e-10	0.000160656
1.00295e-10	0.000161131
1.00417e-10	0.000161605
1.00539e-10	0.00016208
1.00661e-10	0.000162555
1.00784e-10	0.000163029
1.00906e-10	0.000163504
1.01028e-10	0.000163979
1.0115e-10	0.000164454
1.01273e-10	0.00016493
1.01395e-10	0.000165405
1.01517e-10	0.00016588
1.01639e-10	0.000166356
1.01761e-10	0.000166831
1.01884e-10	0.000167306
1.02006e-10	0.000167782
1.02128e-10	0.000168258
1.0225e-10	0.000168733
1.02373e-10	0.000169209
1.02495e-10	0.000169685
1.02617e-10	0.000170161
1.02739e-10	0.000170637
1.02862e-10	0.000171113
1.02984e-10	0.000171589
1.03106e-10	0.000172065
1.03228e-10	0.000172541
1.03351e-10	0.000173017
1.03473e-10	0.000173493
1.03595e-10	0.000173969
1.03717e-10	0.000174445
1.03839e-10	0.000174922
1.03962e-10	0.000175398
1.04084e-10	0.000175874
1.04206e-10	0.000176351
1.04328e-10	0.000176827
1.04451e-10	0.000177303
1.04573e-10	0.00017778
1.04695e-10	0.000178256
1.04817e-10	0.000178733
1.0494e-10	0.000179209
1.05062e-10	0.000179686
1.05184e-10	0.000180162
1.05306e-10	0.000180639
1.05429e-10	0.000181115
1.05551e-10	0.000181592
1.05673e-10	0.000182068
1.05795e-10	0.000182545
1.05917e-10	0.000183021
1.0604e-10	0.000183498
1.06162e-10	0.000183974
1.06284e-10	0.000184451
1.06406e-10	0.000184927
1.06529e-10	0.000185404
1.06651e-10	0.00018588
1.06773e-10	0.000186357
1.06895e-10	0.000186833
1.07018e-10	0.00018731
1.0714e-10	0.000187786
1.07262e-10	0.000188263
1.07384e-10	0.000188739
1.07507e-10	0.000189215
1.07629e-10	0.000189692
1.07751e-10	0.000190168
1.07873e-10	0.000190644
1.07995e-10	0.00019112
1.08118e-10	0.000191596
1.0824e-10	0.000192073
1.08362e-10	0.000192549
1.08484e-10	0.000193025
1.08607e-10	0.000193501
1.08729e-10	0.000193977
1.08851e-10	0.000194452
1.08973e-10	0.000194928
1.09096e-10	0.000195404
1.09218e-10	0.00019588
1.0934e-10	0.000196355
1.09462e-10	0.000196831
1.09585e-10	0.000197307
1.09707e-10	0.000197782
1.09829e-10	0.000198257
1.09951e-10	0.000198733
1.10073e-10	0.000199208
1.10196e-10	0.000199683
1.10318e-10	0.000200158
1.1044e-10	0.000200633
1.10562e-10	0.000201108
1.10685e-10	0.000201583
1.10807e-10	0.000202058
1.10929e-10	0.000202533
1.11051e-10	0.000203007
1.11174e-10	0.000203482
1.11296e-10	0.000203956
1.11418e-10	0.00020443
1.1154e-10	0.000204905
1.11663e-10	0.000205379
1.11785e-10	0.000205853
1.11907e-10	0.000206327
1.12029e-10	0.0002068
1.12152e-10	0.000207274
1.12274e-10	0.000207748
1.12396e-10	0.000208221
1.12518e-10	0.000208694
1.1264e-10	0.000209168
1.12763e-10	0.000209641
1.12885e-10	0.000210114
1.13007e-10	0.000210587
1.13129e-10	0.000211059
1.13252e-10	0.000211532
1.13374e-10	0.000212004
1.13496e-10	0.000212477
1.13618e-10	0.000212949
1.13741e-10	0.000213421
1.13863e-10	0.000213893
1.13985e-10	0.000214365
1.14107e-10	0.000214836
1.1423e-10	0.000215308
1.14352e-10	0.000215779
1.14474e-10	0.00021625
1.14596e-10	0.000216721
1.14718e-10	0.000217192
1.14841e-10	0.000217663
1.14963e-10	0.000218134
1.15085e-10	0.000218604
1.15207e-10	0.000219074
1.1533e-10	0.000219544
1.15452e-10	0.000220014
1.15574e-10	0.000220484
1.15696e-10	0.000220953
1.15819e-10	0.000221423
1.15941e-10	0.000221892
1.16063e-10	0.000222361
1.16185e-10	0.00022283
1.16308e-10	0.000223298
1.1643e-10	0.000223767
1.16552e-10	0.000224235
1.16674e-10	0.000224703
1.16796e-10	0.000225171
1.16919e-10	0.000225639
1.17041e-10	0.000226106
1.17163e-10	0.000226573
1.17285e-10	0.00022704
1.17408e-10	0.000227507
1.1753e-10	0.000227974
1.17652e-10	0.00022844
1.17774e-10	0.000228907
1.17897e-10	0.000229373
1.18019e-10	0.000229838
1.18141e-10	0.000230304
1.18263e-10	0.000230769
1.18386e-10	0.000231234
1.18508e-10	0.000231699
1.1863e-10	0.000232164
1.18752e-10	0.000232628
1.18874e-10	0.000233092
1.18997e-10	0.000233556
1.19119e-10	0.00023402
1.19241e-10	0.000234484
1.19363e-10	0.000234947
1.19486e-10	0.00023541
1.19608e-10	0.000235872
1.1973e-10	0.000236335
1.19852e-10	0.000236797
1.19975e-10	0.000237259
1.20097e-10	0.000237721
1.20219e-10	0.000238182
1.20341e-10	0.000238643
1.20464e-10	0.000239104
1.20586e-10	0.000239565
1.20708e-10	0.000240025
1.2083e-10	0.000240485
1.20952e-10	0.000240945
1.21075e-10	0.000241405
1.21197e-10	0.000241864
1.21319e-10	0.000242323
1.21441e-10	0.000242782
1.21564e-10	0.00024324
1.21686e-10	0.000243698
1.21808e-10	0.000244156
1.2193e-10	0.000244613
1.22053e-10	0.000245071
1.22175e-10	0.000245528
1.22297e-10	0.000245984
1.22419e-10	0.00024644
1.22542e-10	0.000246896
1.22664e-10	0.000247352
1.22786e-10	0.000247808
1.22908e-10	0.000248263
1.23031e-10	0.000248717
1.23153e-10	0.000249172
1.23275e-10	0.000249626
1.23397e-10	0.00025008
1.23519e-10	0.000250533
1.23642e-10	0.000250986
1.23764e-10	0.000251439
1.23886e-10	0.000251892
1.24008e-10	0.000252344
1.24131e-10	0.000252795
1.24253e-10	0.000253247
1.24375e-10	0.000253698
1.24497e-10	0.000254149
1.2462e-10	0.000254599
1.24742e-10	0.000255049
1.24864e-10	0.000255499
1.24986e-10	0.000255948
1.25109e-10	0.000256397
1.25231e-10	0.000256846
1.25353e-10	0.000257294
1.25475e-10	0.000257742
1.25597e-10	0.000258189
1.2572e-10	0.000258637
1.25842e-10	0.000259083
1.25964e-10	0.00025953
1.26086e-10	0.000259976
1.26209e-10	0.000260421
1.26331e-10	0.000260867
1.26453e-10	0.000261311
1.26575e-10	0.000261756
1.26698e-10	0.0002622
1.2682e-10	0.000262644
1.26942e-10	0.000263087
1.27064e-10	0.00026353
1.27187e-10	0.000263972
1.27309e-10	0.000264414
1.27431e-10	0.000264856
1.27553e-10	0.000265297
1.27675e-10	0.000265738
1.27798e-10	0.000266179
1.2792e-10	0.000266619
1.28042e-10	0.000267058
1.28164e-10	0.000267497
1.28287e-10	0.000267936
1.28409e-10	0.000268375
1.28531e-10	0.000268812
1.28653e-10	0.00026925
1.28776e-10	0.000269687
1.28898e-10	0.000270123
1.2902e-10	0.00027056
1.29142e-10	0.000270995
1.29265e-10	0.000271431
1.29387e-10	0.000271865
1.29509e-10	0.0002723
1.29631e-10	0.000272734
1.29753e-10	0.000273167
1.29876e-10	0.0002736
1.29998e-10	0.000274033
1.3012e-10	0.000274465
1.30242e-10	0.000274896
1.30365e-10	0.000275327
1.30487e-10	0.000275758
1.30609e-10	0.000276188
1.30731e-10	0.000276618
1.30854e-10	0.000277047
1.30976e-10	0.000277476
1.31098e-10	0.000277904
1.3122e-10	0.000278332
1.31343e-10	0.000278759
1.31465e-10	0.000279186
1.31587e-10	0.000279612
1.31709e-10	0.000280038
1.31831e-10	0.000280463
1.31954e-10	0.000280888
1.32076e-10	0.000281312
1.32198e-10	0.000281736
1.3232e-10	0.00028216
1.32443e-10	0.000282582
1.32565e-10	0.000283005
1.32687e-10	0.000283426
1.32809e-10	0.000283847
1.32932e-10	0.000284268
1.33054e-10	0.000284688
1.33176e-10	0.000285108
1.33298e-10	0.000285527
1.33421e-10	0.000285946
1.33543e-10	0.000286364
1.33665e-10	0.000286781
1.33787e-10	0.000287198
1.3391e-10	0.000287614
1.34032e-10	0.00028803
1.34154e-10	0.000288446
1.34276e-10	0.00028886
1.34398e-10	0.000289274
1.34521e-10	0.000289688
1.34643e-10	0.000290101
1.34765e-10	0.000290514
1.34887e-10	0.000290926
1.3501e-10	0.000291337
1.35132e-10	0.000291748
1.35254e-10	0.000292158
1.35376e-10	0.000292568
1.35499e-10	0.000292977
1.35621e-10	0.000293385
1.35743e-10	0.000293793
1.35865e-10	0.0002942
1.35988e-10	0.000294607
1.3611e-10	0.000295013
1.36232e-10	0.000295419
1.36354e-10	0.000295824
1.36476e-10	0.000296228
1.36599e-10	0.000296632
1.36721e-10	0.000297035
1.36843e-10	0.000297437
1.36965e-10	0.000297839
1.37088e-10	0.000298241
1.3721e-10	0.000298641
1.37332e-10	0.000299041
1.37454e-10	0.000299441
1.37577e-10	0.00029984
1.37699e-10	0.000300238
1.37821e-10	0.000300635
1.37943e-10	0.000301032
1.38066e-10	0.000301429
1.38188e-10	0.000301824
1.3831e-10	0.000302219
1.38432e-10	0.000302614
1.38554e-10	0.000303007
1.38677e-10	0.0003034
1.38799e-10	0.000303793
1.38921e-10	0.000304185
1.39043e-10	0.000304576
1.39166e-10	0.000304966
1.39288e-10	0.000305356
1.3941e-10	0.000305745
1.39532e-10	0.000306133
1.39655e-10	0.000306521
1.39777e-10	0.000306908
1.39899e-10	0.000307295
1.40021e-10	0.00030768
1.40144e-10	0.000308065
1.40266e-10	0.00030845
1.40388e-10	0.000308833
1.4051e-10	0.000309216
1.40632e-10	0.000309599
1.40755e-10	0.00030998
1.40877e-10	0.000310361
1.40999e-10	0.000310741
1.41121e-10	0.000311121
1.41244e-10	0.0003115
1.41366e-10	0.000311878
1.41488e-10	0.000312255
1.4161e-10	0.000312632
1.41733e-10	0.000313008
1.41855e-10	0.000313383
1.41977e-10	0.000313758
1.42099e-10	0.000314131
1.42222e-10	0.000314504
1.42344e-10	0.000314877
1.42466e-10	0.000315248
1.42588e-10	0.000315619
1.4271e-10	0.000315989
1.42833e-10	0.000316359
1.42955e-10	0.000316727
1.43077e-10	0.000317095
1.43199e-10	0.000317462
1.43322e-10	0.000317829
1.43444e-10	0.000318194
1.43566e-10	0.000318559
1.43688e-10	0.000318923
1.43811e-10	0.000319286
1.43933e-10	0.000319649
1.44055e-10	0.000320011
1.44177e-10	0.000320372
1.443e-10	0.000320732
1.44422e-10	0.000321091
1.44544e-10	0.00032145
1.44666e-10	0.000321808
1.44789e-10	0.000322165
1.44911e-10	0.000322521
1.45033e-10	0.000322877
1.45155e-10	0.000323232
1.45277e-10	0.000323586
1.454e-10	0.000323939
1.45522e-10	0.000324291
1.45644e-10	0.000324643
1.45766e-10	0.000324993
1.45889e-10	0.000325343
1.46011e-10	0.000325692
1.46133e-10	0.000326041
1.46255e-10	0.000326388
1.46378e-10	0.000326735
1.465e-10	0.00032708
1.46622e-10	0.000327425
1.46744e-10	0.00032777
1.46867e-10	0.000328113
1.46989e-10	0.000328455
1.47111e-10	0.000328797
1.47233e-10	0.000329138
1.47355e-10	0.000329478
1.47478e-10	0.000329817
1.476e-10	0.000330155
1.47722e-10	0.000330492
1.47844e-10	0.000330829
1.47967e-10	0.000331165
1.48089e-10	0.000331499
1.48211e-10	0.000331833
1.48333e-10	0.000332166
1.48456e-10	0.000332499
1.48578e-10	0.00033283
1.487e-10	0.000333161
1.48822e-10	0.00033349
1.48945e-10	0.000333819
1.49067e-10	0.000334147
1.49189e-10	0.000334474
1.49311e-10	0.0003348
1.49433e-10	0.000335125
1.49556e-10	0.000335449
1.49678e-10	0.000335772
1.498e-10	0.000336095
1.49922e-10	0.000336416
1.50045e-10	0.000336737
1.50167e-10	0.000337057
1.50289e-10	0.000337376
1.50411e-10	0.000337694
1.50534e-10	0.000338011
1.50656e-10	0.000338327
1.50778e-10	0.000338642
1.509e-10	0.000338956
1.51023e-10	0.000339269
1.51145e-10	0.000339582
1.51267e-10	0.000339893
1.51389e-10	0.000340204
1.51511e-10	0.000340513
1.51634e-10	0.000340822
1.51756e-10	0.000341129
1.51878e-10	0.000341436
1.52e-10	0.000341742
1.52123e-10	0.000342047
1.52245e-10	0.000342351
1.52367e-10	0.000342653
1.52489e-10	0.000342955
1.52612e-10	0.000343256
1.52734e-10	0.000343556
1.52856e-10	0.000343855
1.52978e-10	0.000344153
1.53101e-10	0.000344451
1.53223e-10	0.000344747
1.53345e-10	0.000345042
1.53467e-10	0.000345336
1.53589e-10	0.000345629
1.53712e-10	0.000345921
1.53834e-10	0.000346212
1.53956e-10	0.000346503
1.54078e-10	0.000346792
1.54201e-10	0.00034708
1.54323e-10	0.000347367
1.54445e-10	0.000347653
1.54567e-10	0.000347938
1.5469e-10	0.000348222
1.54812e-10	0.000348506
1.54934e-10	0.000348788
1.55056e-10	0.000349069
1.55179e-10	0.000349349
1.55301e-10	0.000349628
1.55423e-10	0.000349906
1.55545e-10	0.000350183
1.55668e-10	0.000350459
1.5579e-10	0.000350734
1.55912e-10	0.000351007
1.56034e-10	0.00035128
1.56156e-10	0.000351552
1.56279e-10	0.000351823
1.56401e-10	0.000352092
1.56523e-10	0.000352361
1.56645e-10	0.000352628
1.56768e-10	0.000352895
1.5689e-10	0.00035316
1.57012e-10	0.000353425
1.57134e-10	0.000353688
1.57257e-10	0.00035395
1.57379e-10	0.000354211
1.57501e-10	0.000354471
1.57623e-10	0.00035473
1.57746e-10	0.000354988
1.57868e-10	0.000355245
1.5799e-10	0.000355501
1.58112e-10	0.000355755
1.58234e-10	0.000356009
1.58357e-10	0.000356261
1.58479e-10	0.000356513
1.58601e-10	0.000356763
1.58723e-10	0.000357012
1.58846e-10	0.00035726
1.58968e-10	0.000357507
1.5909e-10	0.000357753
1.59212e-10	0.000357997
1.59335e-10	0.000358241
1.59457e-10	0.000358483
1.59579e-10	0.000358725
1.59701e-10	0.000358965
1.59824e-10	0.000359204
1.59946e-10	0.000359442
1.60068e-10	0.000359678
1.6019e-10	0.000359914
1.60312e-10	0.000360149
1.60435e-10	0.000360382
1.60557e-10	0.000360614
1.60679e-10	0.000360845
1.60801e-10	0.000361075
1.60924e-10	0.000361304
1.61046e-10	0.000361531
1.61168e-10	0.000361758
1.6129e-10	0.000361983
1.61413e-10	0.000362207
1.61535e-10	0.00036243
1.61657e-10	0.000362652
1.61779e-10	0.000362872
1.61902e-10	0.000363092
1.62024e-10	0.00036331
1.62146e-10	0.000363527
1.62268e-10	0.000363743
1.6239e-10	0.000363957
1.62513e-10	0.000364171
1.62635e-10	0.000364383
1.62757e-10	0.000364594
1.62879e-10	0.000364804
1.63002e-10	0.000365013
1.63124e-10	0.00036522
1.63246e-10	0.000365426
1.63368e-10	0.000365631
1.63491e-10	0.000365835
1.63613e-10	0.000366038
1.63735e-10	0.000366239
1.63857e-10	0.000366439
1.6398e-10	0.000366638
1.64102e-10	0.000366836
1.64224e-10	0.000367033
1.64346e-10	0.000367228
1.64468e-10	0.000367422
1.64591e-10	0.000367614
1.64713e-10	0.000367806
1.64835e-10	0.000367996
1.64957e-10	0.000368185
1.6508e-10	0.000368373
1.65202e-10	0.00036856
1.65324e-10	0.000368745
1.65446e-10	0.000368929
1.65569e-10	0.000369112
1.65691e-10	0.000369293
1.65813e-10	0.000369473
1.65935e-10	0.000369652
1.66058e-10	0.00036983
1.6618e-10	0.000370006
1.66302e-10	0.000370181
1.66424e-10	0.000370355
1.66547e-10	0.000370528
1.66669e-10	0.000370699
1.66791e-10	0.000370869
1.66913e-10	0.000371038
1.67035e-10	0.000371205
1.67158e-10	0.000371371
1.6728e-10	0.000371536
1.67402e-10	0.0003717
1.67524e-10	0.000371862
1.67647e-10	0.000372023
1.67769e-10	0.000372182
1.67891e-10	0.00037234
1.68013e-10	0.000372497
1.68136e-10	0.000372653
1.68258e-10	0.000372807
1.6838e-10	0.00037296
1.68502e-10	0.000373112
1.68625e-10	0.000373262
1.68747e-10	0.000373411
1.68869e-10	0.000373559
1.68991e-10	0.000373705
1.69113e-10	0.00037385
1.69236e-10	0.000373994
1.69358e-10	0.000374136
1.6948e-10	0.000374277
1.69602e-10	0.000374416
1.69725e-10	0.000374555
1.69847e-10	0.000374691
1.69969e-10	0.000374827
1.70091e-10	0.000374961
1.70214e-10	0.000375094
1.70336e-10	0.000375225
1.70458e-10	0.000375355
1.7058e-10	0.000375484
1.70703e-10	0.000375611
1.70825e-10	0.000375737
1.70947e-10	0.000375862
1.71069e-10	0.000375985
1.71191e-10	0.000376107
1.71314e-10	0.000376227
1.71436e-10	0.000376346
1.71558e-10	0.000376463
1.7168e-10	0.00037658
1.71803e-10	0.000376694
1.71925e-10	0.000376808
1.72047e-10	0.00037692
1.72169e-10	0.00037703
1.72292e-10	0.000377139
1.72414e-10	0.000377247
1.72536e-10	0.000377353
1.72658e-10	0.000377458
1.72781e-10	0.000377562
1.72903e-10	0.000377664
1.73025e-10	0.000377764
1.73147e-10	0.000377864
1.73269e-10	0.000377961
1.73392e-10	0.000378058
1.73514e-10	0.000378153
1.73636e-10	0.000378246
1.73758e-10	0.000378338
1.73881e-10	0.000378429
1.74003e-10	0.000378518
1.74125e-10	0.000378605
1.74247e-10	0.000378692
1.7437e-10	0.000378776
1.74492e-10	0.00037886
1.74614e-10	0.000378941
1.74736e-10	0.000379022
1.74859e-10	0.000379101
1.74981e-10	0.000379178
1.75103e-10	0.000379254
1.75225e-10	0.000379328
1.75348e-10	0.000379401
1.7547e-10	0.000379473
1.75592e-10	0.000379543
1.75714e-10	0.000379612
1.75836e-10	0.000379679
1.75959e-10	0.000379744
1.76081e-10	0.000379808
1.76203e-10	0.000379871
1.76325e-10	0.000379932
1.76448e-10	0.000379992
1.7657e-10	0.00038005
1.76692e-10	0.000380106
1.76814e-10	0.000380161
1.76937e-10	0.000380215
1.77059e-10	0.000380267
1.77181e-10	0.000380317
1.77303e-10	0.000380366
1.77426e-10	0.000380414
1.77548e-10	0.00038046
1.7767e-10	0.000380504
1.77792e-10	0.000380547
1.77914e-10	0.000380588
1.78037e-10	0.000380628
1.78159e-10	0.000380667
1.78281e-10	0.000380703
1.78403e-10	0.000380739
1.78526e-10	0.000380772
1.78648e-10	0.000380804
1.7877e-10	0.000380835
1.78892e-10	0.000380864
1.79015e-10	0.000380891
1.79137e-10	0.000380917
1.79259e-10	0.000380942
1.79381e-10	0.000380964
1.79504e-10	0.000380986
1.79626e-10	0.000381005
1.79748e-10	0.000381023
1.7987e-10	0.00038104
1.79992e-10	0.000381055
1.80115e-10	0.000381068
1.80237e-10	0.00038108
1.80359e-10	0.00038109
1.80481e-10	0.000381099
1.80604e-10	0.000381106
1.80726e-10	0.000381111
1.80848e-10	0.000381115
1.8097e-10	0.000381117
1.81093e-10	0.000381118
1.81215e-10	0.000381117
1.81337e-10	0.000381114
1.81459e-10	0.00038111
1.81582e-10	0.000381105
1.81704e-10	0.000381097
1.81826e-10	0.000381088
1.81948e-10	0.000381078
1.8207e-10	0.000381065
1.82193e-10	0.000381051
1.82315e-10	0.000381036
1.82437e-10	0.000381019
1.82559e-10	0.000381
1.82682e-10	0.00038098
1.82804e-10	0.000380958
1.82926e-10	0.000380934
1.83048e-10	0.000380909
1.83171e-10	0.000380882
1.83293e-10	0.000380854
1.83415e-10	0.000380823
1.83537e-10	0.000380792
1.8366e-10	0.000380758
1.83782e-10	0.000380723
1.83904e-10	0.000380686
1.84026e-10	0.000380648
1.84148e-10	0.000380608
1.84271e-10	0.000380566
1.84393e-10	0.000380522
1.84515e-10	0.000380477
1.84637e-10	0.000380431
1.8476e-10	0.000380382
1.84882e-10	0.000380332
1.85004e-10	0.00038028
1.85126e-10	0.000380227
1.85249e-10	0.000380172
1.85371e-10	0.000380115
1.85493e-10	0.000380056
1.85615e-10	0.000379996
1.85738e-10	0.000379934
1.8586e-10	0.000379871
1.85982e-10	0.000379805
1.86104e-10	0.000379738
1.86227e-10	0.00037967
1.86349e-10	0.000379599
1.86471e-10	0.000379527
1.86593e-10	0.000379453
1.86715e-10	0.000379378
1.86838e-10	0.000379301
1.8696e-10	0.000379222
1.87082e-10	0.000379141
1.87204e-10	0.000379059
1.87327e-10	0.000378975
1.87449e-10	0.000378889
1.87571e-10	0.000378801
1.87693e-10	0.000378712
1.87816e-10	0.000378621
1.87938e-10	0.000378528
1.8806e-10	0.000378434
1.88182e-10	0.000378338
1.88305e-10	0.00037824
1.88427e-10	0.00037814
1.88549e-10	0.000378039
1.88671e-10	0.000377936
1.88793e-10	0.000377831
1.88916e-10	0.000377724
1.89038e-10	0.000377616
1.8916e-10	0.000377505
1.89282e-10	0.000377394
1.89405e-10	0.00037728
1.89527e-10	0.000377164
1.89649e-10	0.000377047
1.89771e-10	0.000376928
1.89894e-10	0.000376808
1.90016e-10	0.000376685
1.90138e-10	0.000376561
1.9026e-10	0.000376435
1.90383e-10	0.000376307
1.90505e-10	0.000376177
1.90627e-10	0.000376046
1.90749e-10	0.000375913
1.90871e-10	0.000375778
1.90994e-10	0.000375641
1.91116e-10	0.000375502
1.91238e-10	0.000375362
1.9136e-10	0.00037522
1.91483e-10	0.000375076
1.91605e-10	0.00037493
1.91727e-10	0.000374783
1.91849e-10	0.000374633
1.91972e-10	0.000374482
1.92094e-10	0.000374329
1.92216e-10	0.000374174
1.92338e-10	0.000374018
1.92461e-10	0.00037386
1.92583e-10	0.000373699
1.92705e-10	0.000373537
1.92827e-10	0.000373373
1.92949e-10	0.000373208
1.93072e-10	0.00037304
1.93194e-10	0.000372871
1.93316e-10	0.0003727
1.93438e-10	0.000372527
1.93561e-10	0.000372352
1.93683e-10	0.000372175
1.93805e-10	0.000371997
1.93927e-10	0.000371817
1.9405e-10	0.000371634
1.94172e-10	0.00037145
1.94294e-10	0.000371264
1.94416e-10	0.000371077
1.94539e-10	0.000370887
1.94661e-10	0.000370696
1.94783e-10	0.000370503
1.94905e-10	0.000370307
1.95027e-10	0.00037011
1.9515e-10	0.000369912
1.95272e-10	0.000369711
1.95394e-10	0.000369508
1.95516e-10	0.000369304
1.95639e-10	0.000369098
1.95761e-10	0.000368889
1.95883e-10	0.000368679
1.96005e-10	0.000368467
1.96128e-10	0.000368254
1.9625e-10	0.000368038
1.96372e-10	0.00036782
1.96494e-10	0.000367601
1.96617e-10	0.00036738
1.96739e-10	0.000367156
1.96861e-10	0.000366931
1.96983e-10	0.000366704
1.97106e-10	0.000366475
1.97228e-10	0.000366245
1.9735e-10	0.000366012
1.97472e-10	0.000365777
1.97594e-10	0.000365541
1.97717e-10	0.000365302
1.97839e-10	0.000365062
1.97961e-10	0.00036482
1.98083e-10	0.000364576
1.98206e-10	0.00036433
1.98328e-10	0.000364082
1.9845e-10	0.000363832
1.98572e-10	0.00036358
1.98695e-10	0.000363327
1.98817e-10	0.000363071
1.98939e-10	0.000362814
1.99061e-10	0.000362554
1.99184e-10	0.000362293
1.99306e-10	0.00036203
1.99428e-10	0.000361764
1.9955e-10	0.000361497
1.99672e-10	0.000361228
1.99795e-10	0.000360957
1.99917e-10	0.000360684
2.00039e-10	0.000360409
2.00161e-10	0.000360132
2.00284e-10	0.000359854
2.00406e-10	0.000359573
2.00528e-10	0.00035929
2.0065e-10	0.000359006
2.00773e-10	0.000358719
2.00895e-10	0.000358431
2.01017e-10	0.00035814
2.01139e-10	0.000357848
2.01262e-10	0.000357553
2.01384e-10	0.000357257
2.01506e-10	0.000356959
2.01628e-10	0.000356659
2.0175e-10	0.000356356
2.01873e-10	0.000356052
2.01995e-10	0.000355746
2.02117e-10	0.000355438
2.02239e-10	0.000355128
2.02362e-10	0.000354816
2.02484e-10	0.000354502
2.02606e-10	0.000354186
2.02728e-10	0.000353868
2.02851e-10	0.000353548
2.02973e-10	0.000353226
2.03095e-10	0.000352902
2.03217e-10	0.000352576
2.0334e-10	0.000352248
2.03462e-10	0.000351918
2.03584e-10	0.000351587
2.03706e-10	0.000351253
2.03828e-10	0.000350917
2.03951e-10	0.000350579
2.04073e-10	0.000350239
2.04195e-10	0.000349897
2.04317e-10	0.000349554
2.0444e-10	0.000349208
2.04562e-10	0.00034886
2.04684e-10	0.00034851
2.04806e-10	0.000348158
2.04929e-10	0.000347804
2.05051e-10	0.000347448
2.05173e-10	0.000347091
2.05295e-10	0.000346731
2.05418e-10	0.000346369
2.0554e-10	0.000346005
2.05662e-10	0.000345639
2.05784e-10	0.000345271
2.05906e-10	0.000344901
2.06029e-10	0.000344529
2.06151e-10	0.000344155
2.06273e-10	0.000343779
2.06395e-10	0.000343401
2.06518e-10	0.000343021
2.0664e-10	0.000342639
2.06762e-10	0.000342255
2.06884e-10	0.000341869
2.07007e-10	0.00034148
2.07129e-10	0.00034109
2.07251e-10	0.000340698
2.07373e-10	0.000340304
2.07496e-10	0.000339907
2.07618e-10	0.000339509
2.0774e-10	0.000339108
2.07862e-10	0.000338706
2.07985e-10	0.000338301
2.08107e-10	0.000337895
2.08229e-10	0.000337486
2.08351e-10	0.000337076
2.08473e-10	0.000336663
2.08596e-10	0.000336248
2.08718e-10	0.000335831
2.0884e-10	0.000335412
2.08962e-10	0.000334991
2.09085e-10	0.000334568
2.09207e-10	0.000334143
2.09329e-10	0.000333716
2.09451e-10	0.000333287
2.09574e-10	0.000332856
2.09696e-10	0.000332423
2.09818e-10	0.000331987
2.0994e-10	0.00033155
2.10063e-10	0.00033111
2.10185e-10	0.000330669
2.10307e-10	0.000330225
2.10429e-10	0.000329779
2.10551e-10	0.000329332
2.10674e-10	0.000328882
2.10796e-10	0.00032843
2.10918e-10	0.000327976
2.1104e-10	0.00032752
2.11163e-10	0.000327062
2.11285e-10	0.000326601
2.11407e-10	0.000326139
2.11529e-10	0.000325675
2.11652e-10	0.000325208
2.11774e-10	0.00032474
2.11896e-10	0.000324269
2.12018e-10	0.000323796
2.12141e-10	0.000323321
2.12263e-10	0.000322844
2.12385e-10	0.000322365
2.12507e-10	0.000321884
2.12629e-10	0.000321401
2.12752e-10	0.000320916
2.12874e-10	0.000320428
2.12996e-10	0.000319939
2.13118e-10	0.000319447
2.13241e-10	0.000318953
2.13363e-10	0.000318458
2.13485e-10	0.00031796
2.13607e-10	0.00031746
2.1373e-10	0.000316958
2.13852e-10	0.000316453
2.13974e-10	0.000315947
2.14096e-10	0.000315439
2.14219e-10	0.000314928
2.14341e-10	0.000314415
2.14463e-10	0.000313901
2.14585e-10	0.000313384
2.14707e-10	0.000312865
2.1483e-10	0.000312344
2.14952e-10	0.00031182
2.15074e-10	0.000311295
2.15196e-10	0.000310768
2.15319e-10	0.000310238
2.15441e-10	0.000309706
2.15563e-10	0.000309172
2.15685e-10	0.000308636
2.15808e-10	0.000308098
2.1593e-10	0.000307558
2.16052e-10	0.000307016
2.16174e-10	0.000306471
2.16297e-10	0.000305925
2.16419e-10	0.000305376
2.16541e-10	0.000304825
2.16663e-10	0.000304272
2.16785e-10	0.000303717
2.16908e-10	0.00030316
2.1703e-10	0.000302601
2.17152e-10	0.000302039
2.17274e-10	0.000301476
2.17397e-10	0.00030091
2.17519e-10	0.000300342
2.17641e-10	0.000299772
2.17763e-10	0.0002992
2.17886e-10	0.000298626
2.18008e-10	0.000298049
2.1813e-10	0.000297471
2.18252e-10	0.00029689
2.18375e-10	0.000296307
2.18497e-10	0.000295722
2.18619e-10	0.000295135
2.18741e-10	0.000294546
2.18864e-10	0.000293954
2.18986e-10	0.000293361
2.19108e-10	0.000292765
2.1923e-10	0.000292167
2.19352e-10	0.000291567
2.19475e-10	0.000290965
2.19597e-10	0.000290361
2.19719e-10	0.000289754
2.19841e-10	0.000289145
2.19964e-10	0.000288535
2.20086e-10	0.000287922
2.20208e-10	0.000287307
2.2033e-10	0.000286689
2.20453e-10	0.00028607
2.20575e-10	0.000285449
2.20697e-10	0.000284825
2.20819e-10	0.000284199
2.20942e-10	0.000283571
2.21064e-10	0.000282941
2.21186e-10	0.000282309
2.21308e-10	0.000281674
2.2143e-10	0.000281037
2.21553e-10	0.000280399
2.21675e-10	0.000279758
2.21797e-10	0.000279115
2.21919e-10	0.000278469
2.22042e-10	0.000277822
2.22164e-10	0.000277172
2.22286e-10	0.00027652
2.22408e-10	0.000275867
2.22531e-10	0.00027521
2.22653e-10	0.000274552
2.22775e-10	0.000273892
2.22897e-10	0.000273229
2.2302e-10	0.000272564
2.23142e-10	0.000271897
2.23264e-10	0.000271228
2.23386e-10	0.000270557
2.23508e-10	0.000269884
2.23631e-10	0.000269208
2.23753e-10	0.00026853
2.23875e-10	0.00026785
2.23997e-10	0.000267168
2.2412e-10	0.000266484
2.24242e-10	0.000265797
2.24364e-10	0.000265109
2.24486e-10	0.000264418
2.24609e-10	0.000263725
2.24731e-10	0.00026303
2.24853e-10	0.000262333
2.24975e-10	0.000261633
2.25098e-10	0.000260931
2.2522e-10	0.000260228
2.25342e-10	0.000259522
2.25464e-10	0.000258813
2.25586e-10	0.000258103
2.25709e-10	0.000257391
2.25831e-10	0.000256676
2.25953e-10	0.000255959
2.26075e-10	0.00025524
2.26198e-10	0.000254519
2.2632e-10	0.000253795
2.26442e-10	0.00025307
2.26564e-10	0.000252342
2.26687e-10	0.000251612
2.26809e-10	0.00025088
2.26931e-10	0.000250145
2.27053e-10	0.000249409
2.27176e-10	0.00024867
2.27298e-10	0.000247929
2.2742e-10	0.000247186
2.27542e-10	0.000246441
2.27664e-10	0.000245694
2.27787e-10	0.000244944
2.27909e-10	0.000244192
2.28031e-10	0.000243438
2.28153e-10	0.000242682
2.28276e-10	0.000241924
2.28398e-10	0.000241164
2.2852e-10	0.000240401
2.28642e-10	0.000239636
2.28765e-10	0.000238869
2.28887e-10	0.0002381
2.29009e-10	0.000237329
2.29131e-10	0.000236555
2.29254e-10	0.000235779
2.29376e-10	0.000235001
2.29498e-10	0.000234221
2.2962e-10	0.000233439
2.29743e-10	0.000232654
2.29865e-10	0.000231868
2.29987e-10	0.000231079
2.30109e-10	0.000230288
2.30231e-10	0.000229495
2.30354e-10	0.000228699
2.30476e-10	0.000227902
2.30598e-10	0.000227102
2.3072e-10	0.0002263
2.30843e-10	0.000225496
2.30965e-10	0.00022469
2.31087e-10	0.000223881
2.31209e-10	0.000223071
2.31332e-10	0.000222258
2.31454e-10	0.000221443
2.31576e-10	0.000220626
2.31698e-10	0.000219806
2.31821e-10	0.000218985
2.31943e-10	0.000218161
2.32065e-10	0.000217335
2.32187e-10	0.000216507
2.32309e-10	0.000215677
2.32432e-10	0.000214845
2.32554e-10	0.00021401
2.32676e-10	0.000213173
2.32798e-10	0.000212334
2.32921e-10	0.000211493
2.33043e-10	0.00021065
2.33165e-10	0.000209804
2.33287e-10	0.000208956
2.3341e-10	0.000208107
2.33532e-10	0.000207255
2.33654e-10	0.0002064
2.33776e-10	0.000205544
2.33899e-10	0.000204685
2.34021e-10	0.000203825
2.34143e-10	0.000202962
2.34265e-10	0.000202097
2.34387e-10	0.000201229
2.3451e-10	0.00020036
2.34632e-10	0.000199488
2.34754e-10	0.000198614
2.34876e-10	0.000197739
2.34999e-10	0.00019686
2.35121e-10	0.00019598
2.35243e-10	0.000195098
2.35365e-10	0.000194213
2.35488e-10	0.000193326
2.3561e-10	0.000192437
2.35732e-10	0.000191546
2.35854e-10	0.000190653
2.35977e-10	0.000189757
2.36099e-10	0.000188859
2.36221e-10	0.00018796
2.36343e-10	0.000187058
2.36465e-10	0.000186153
2.36588e-10	0.000185247
2.3671e-10	0.000184338
2.36832e-10	0.000183428
2.36954e-10	0.000182515
2.37077e-10	0.0001816
2.37199e-10	0.000180683
2.37321e-10	0.000179763
2.37443e-10	0.000178842
2.37566e-10	0.000177918
2.37688e-10	0.000176992
2.3781e-10	0.000176064
2.37932e-10	0.000175134
2.38055e-10	0.000174202
2.38177e-10	0.000173268
2.38299e-10	0.000172331
2.38421e-10	0.000171392
2.38543e-10	0.000170451
2.38666e-10	0.000169508
2.38788e-10	0.000168563
2.3891e-10	0.000167615
2.39032e-10	0.000166666
2.39155e-10	0.000165714
2.39277e-10	0.00016476
2.39399e-10	0.000163804
2.39521e-10	0.000162846
2.39644e-10	0.000161886
2.39766e-10	0.000160923
2.39888e-10	0.000159959
2.4001e-10	0.000158992
2.40133e-10	0.000158023
2.40255e-10	0.000157052
2.40377e-10	0.000156079
2.40499e-10	0.000155103
2.40622e-10	0.000154126
2.40744e-10	0.000153146
2.40866e-10	0.000152164
2.40988e-10	0.00015118
2.4111e-10	0.000150194
2.41233e-10	0.000149206
2.41355e-10	0.000148216
2.41477e-10	0.000147223
2.41599e-10	0.000146229
2.41722e-10	0.000145232
2.41844e-10	0.000144233
2.41966e-10	0.000143232
2.42088e-10	0.000142229
2.42211e-10	0.000141224
2.42333e-10	0.000140216
2.42455e-10	0.000139207
2.42577e-10	0.000138195
2.427e-10	0.000137181
2.42822e-10	0.000136165
2.42944e-10	0.000135147
2.43066e-10	0.000134127
2.43188e-10	0.000133105
2.43311e-10	0.00013208
2.43433e-10	0.000131054
2.43555e-10	0.000130025
2.43677e-10	0.000128994
2.438e-10	0.000127961
2.43922e-10	0.000126926
2.44044e-10	0.000125889
2.44166e-10	0.00012485
2.44289e-10	0.000123808
2.44411e-10	0.000122765
2.44533e-10	0.000121719
2.44655e-10	0.000120672
2.44778e-10	0.000119622
2.449e-10	0.00011857
2.45022e-10	0.000117516
2.45144e-10	0.00011646
2.45266e-10	0.000115402
2.45389e-10	0.000114341
2.45511e-10	0.000113279
2.45633e-10	0.000112214
2.45755e-10	0.000111148
2.45878e-10	0.000110079
2.46e-10	0.000109008
2.46122e-10	0.000107935
2.46244e-10	0.00010686
2.46367e-10	0.000105783
2.46489e-10	0.000104704
2.46611e-10	0.000103623
2.46733e-10	0.000102539
2.46856e-10	0.000101454
2.46978e-10	0.000100366
2.471e-10	9.92766e-05
2.47222e-10	9.81849e-05
2.47344e-10	9.70911e-05
2.47467e-10	9.59953e-05
2.47589e-10	9.48973e-05
2.47711e-10	9.37973e-05
2.47833e-10	9.26952e-05
2.47956e-10	9.15911e-05
2.48078e-10	9.04849e-05
2.482e-10	8.93766e-05
2.48322e-10	8.82662e-05
2.48445e-10	8.71538e-05
2.48567e-10	8.60393e-05
2.48689e-10	8.49227e-05
2.48811e-10	8.38041e-05
2.48934e-10	8.26834e-05
2.49056e-10	8.15606e-05
2.49178e-10	8.04358e-05
2.493e-10	7.9309e-05
2.49422e-10	7.81801e-05
2.49545e-10	7.70491e-05
2.49667e-10	7.59161e-05
2.49789e-10	7.47811e-05
2.49911e-10	7.36439e-05
2.50034e-10	7.25048e-05
2.50156e-10	7.13636e-05
2.50278e-10	7.02204e-05
2.504e-10	6.90751e-05
2.50523e-10	6.79278e-05
2.50645e-10	6.67784e-05
2.50767e-10	6.5627e-05
2.50889e-10	6.44736e-05
2.51012e-10	6.33182e-05
2.51134e-10	6.21607e-05
2.51256e-10	6.10012e-05
2.51378e-10	5.98397e-05
2.51501e-10	5.86761e-05
2.51623e-10	5.75105e-05
2.51745e-10	5.63429e-05
2.51867e-10	5.51733e-05
2.51989e-10	5.40017e-05
2.52112e-10	5.2828e-05
2.52234e-10	5.16524e-05
2.52356e-10	5.04747e-05
2.52478e-10	4.9295e-05
2.52601e-10	4.81133e-05
2.52723e-10	4.69296e-05
2.52845e-10	4.57439e-05
2.52967e-10	4.45563e-05
2.5309e-10	4.33666e-05
2.53212e-10	4.21749e-05
2.53334e-10	4.09812e-05
2.53456e-10	3.97855e-05
2.53579e-10	3.85878e-05
2.53701e-10	3.73882e-05
2.53823e-10	3.61865e-05
2.53945e-10	3.49829e-05
2.54067e-10	3.37773e-05
2.5419e-10	3.25697e-05
2.54312e-10	3.13601e-05
2.54434e-10	3.01486e-05
2.54556e-10	2.89351e-05
2.54679e-10	2.77196e-05
2.54801e-10	2.65021e-05
2.54923e-10	2.52827e-05
2.55045e-10	2.40613e-05
2.55168e-10	2.28379e-05
2.5529e-10	2.16126e-05
2.55412e-10	2.03853e-05
2.55534e-10	1.91561e-05
2.55657e-10	1.79249e-05
2.55779e-10	1.66918e-05
2.55901e-10	1.54567e-05
2.56023e-10	1.42197e-05
2.56145e-10	1.29807e-05
2.56268e-10	1.17397e-05
2.5639e-10	1.04969e-05
2.56512e-10	9.25207e-06
2.56634e-10	8.00532e-06
2.56757e-10	6.75665e-06
2.56879e-10	5.50604e-06
2.57001e-10	4.2535e-06
2.57123e-10	2.99904e-06
2.57246e-10	1.74265e-06
2.57368e-10	4.84343e-07
2.5749e-10	-7.75886e-07
2.57612e-10	-2.03803e-06
2.57735e-10	-3.30209e-06
2.57857e-10	-4.56807e-06
2.57979e-10	-5.83595e-06
2.58101e-10	-7.10574e-06
2.58223e-10	-8.37743e-06
2.58346e-10	-9.65103e-06
2.58468e-10	-1.09265e-05
2.5859e-10	-1.22039e-05
2.58712e-10	-1.34832e-05
2.58835e-10	-1.47644e-05
2.58957e-10	-1.60475e-05
2.59079e-10	-1.73324e-05
2.59201e-10	-1.86193e-05
2.59324e-10	-1.9908e-05
2.59446e-10	-2.11986e-05
2.59568e-10	-2.24911e-05
2.5969e-10	-2.37854e-05
2.59813e-10	-2.50816e-05
2.59935e-10	-2.63797e-05
2.60057e-10	-2.76797e-05
2.60179e-10	-2.89815e-05
2.60302e-10	-3.02852e-05
2.60424e-10	-3.15908e-05
2.60546e-10	-3.28982e-05
2.60668e-10	-3.42074e-05
2.6079e-10	-3.55185e-05
2.60913e-10	-3.68315e-05
2.61035e-10	-3.81462e-05
2.61157e-10	-3.94629e-05
2.61279e-10	-4.07814e-05
2.61402e-10	-4.21017e-05
2.61524e-10	-4.34238e-05
2.61646e-10	-4.47478e-05
2.61768e-10	-4.60736e-05
2.61891e-10	-4.74012e-05
2.62013e-10	-4.87307e-05
2.62135e-10	-5.00619e-05
2.62257e-10	-5.1395e-05
2.6238e-10	-5.27299e-05
2.62502e-10	-5.40666e-05
2.62624e-10	-5.54051e-05
2.62746e-10	-5.67454e-05
2.62868e-10	-5.80876e-05
2.62991e-10	-5.94315e-05
2.63113e-10	-6.07772e-05
2.63235e-10	-6.21247e-05
2.63357e-10	-6.3474e-05
2.6348e-10	-6.48251e-05
2.63602e-10	-6.61779e-05
2.63724e-10	-6.75326e-05
2.63846e-10	-6.8889e-05
2.63969e-10	-7.02472e-05
2.64091e-10	-7.16072e-05
2.64213e-10	-7.29689e-05
2.64335e-10	-7.43324e-05
2.64458e-10	-7.56977e-05
2.6458e-10	-7.70647e-05
2.64702e-10	-7.84335e-05
2.64824e-10	-7.98041e-05
2.64946e-10	-8.11764e-05
2.65069e-10	-8.25504e-05
2.65191e-10	-8.39262e-05
2.65313e-10	-8.53037e-05
2.65435e-10	-8.6683e-05
2.65558e-10	-8.80639e-05
2.6568e-10	-8.94467e-05
2.65802e-10	-9.08311e-05
2.65924e-10	-9.22173e-05
2.66047e-10	-9.36052e-05
2.66169e-10	-9.49948e-05
2.66291e-10	-9.63861e-05
2.66413e-10	-9.77791e-05
2.66536e-10	-9.91739e-05
2.66658e-10	-0.00010057
2.6678e-10	-0.000101969
2.66902e-10	-0.000103368
2.67024e-10	-0.00010477
2.67147e-10	-0.000106173
2.67269e-10	-0.000107578
2.67391e-10	-0.000108985
2.67513e-10	-0.000110393
2.67636e-10	-0.000111803
2.67758e-10	-0.000113215
2.6788e-10	-0.000114628
2.68002e-10	-0.000116043
2.68125e-10	-0.000117459
2.68247e-10	-0.000118878
2.68369e-10	-0.000120298
2.68491e-10	-0.000121719
2.68614e-10	-0.000123143
2.68736e-10	-0.000124568
2.68858e-10	-0.000125994
2.6898e-10	-0.000127422
2.69102e-10	-0.000128852
2.69225e-10	-0.000130284
2.69347e-10	-0.000131717
2.69469e-10	-0.000133151
2.69591e-10	-0.000134588
2.69714e-10	-0.000136026
2.69836e-10	-0.000137465
2.69958e-10	-0.000138906
2.7008e-10	-0.000140349
2.70203e-10	-0.000141794
2.70325e-10	-0.00014324
2.70447e-10	-0.000144687
2.70569e-10	-0.000146136
2.70692e-10	-0.000147587
2.70814e-10	-0.000149039
2.70936e-10	-0.000150493
2.71058e-10	-0.000151949
2.71181e-10	-0.000153406
2.71303e-10	-0.000154865
2.71425e-10	-0.000156325
2.71547e-10	-0.000157787
2.71669e-10	-0.00015925
2.71792e-10	-0.000160715
2.71914e-10	-0.000162181
2.72036e-10	-0.000163649
2.72158e-10	-0.000165119
2.72281e-10	-0.00016659
2.72403e-10	-0.000168062
2.72525e-10	-0.000169537
2.72647e-10	-0.000171012
2.7277e-10	-0.000172489
2.72892e-10	-0.000173968
2.73014e-10	-0.000175448
2.73136e-10	-0.00017693
2.73259e-10	-0.000178413
2.73381e-10	-0.000179898
2.73503e-10	-0.000181384
2.73625e-10	-0.000182872
2.73747e-10	-0.000184361
2.7387e-10	-0.000185852
2.73992e-10	-0.000187344
2.74114e-10	-0.000188838
2.74236e-10	-0.000190333
2.74359e-10	-0.00019183
2.74481e-10	-0.000193328
2.74603e-10	-0.000194827
2.74725e-10	-0.000196328
2.74848e-10	-0.000197831
2.7497e-10	-0.000199335
2.75092e-10	-0.00020084
2.75214e-10	-0.000202347
2.75337e-10	-0.000203855
2.75459e-10	-0.000205365
2.75581e-10	-0.000206876
2.75703e-10	-0.000208389
2.75825e-10	-0.000209903
2.75948e-10	-0.000211418
2.7607e-10	-0.000212935
2.76192e-10	-0.000214453
2.76314e-10	-0.000215973
2.76437e-10	-0.000217494
2.76559e-10	-0.000219016
2.76681e-10	-0.00022054
2.76803e-10	-0.000222065
2.76926e-10	-0.000223591
2.77048e-10	-0.000225119
2.7717e-10	-0.000226649
2.77292e-10	-0.000228179
2.77415e-10	-0.000229711
2.77537e-10	-0.000231245
2.77659e-10	-0.00023278
2.77781e-10	-0.000234316
2.77903e-10	-0.000235853
2.78026e-10	-0.000237392
2.78148e-10	-0.000238932
2.7827e-10	-0.000240474
2.78392e-10	-0.000242016
2.78515e-10	-0.000243561
2.78637e-10	-0.000245106
2.78759e-10	-0.000246653
2.78881e-10	-0.000248201
2.79004e-10	-0.00024975
2.79126e-10	-0.000251301
2.79248e-10	-0.000252853
2.7937e-10	-0.000254406
2.79493e-10	-0.000255961
2.79615e-10	-0.000257517
2.79737e-10	-0.000259074
2.79859e-10	-0.000260632
2.79981e-10	-0.000262192
2.80104e-10	-0.000263753
2.80226e-10	-0.000265315
2.80348e-10	-0.000266878
2.8047e-10	-0.000268443
2.80593e-10	-0.000270009
2.80715e-10	-0.000271576
2.80837e-10	-0.000273145
2.80959e-10	-0.000274714
2.81082e-10	-0.000276285
2.81204e-10	-0.000277857
2.81326e-10	-0.000279431
2.81448e-10	-0.000281005
2.81571e-10	-0.000282581
2.81693e-10	-0.000284158
2.81815e-10	-0.000285736
2.81937e-10	-0.000287315
2.8206e-10	-0.000288896
2.82182e-10	-0.000290478
2.82304e-10	-0.000292061
2.82426e-10	-0.000293645
2.82548e-10	-0.00029523
2.82671e-10	-0.000296816
2.82793e-10	-0.000298404
2.82915e-10	-0.000299993
2.83037e-10	-0.000301582
2.8316e-10	-0.000303173
2.83282e-10	-0.000304766
2.83404e-10	-0.000306359
2.83526e-10	-0.000307953
2.83649e-10	-0.000309549
2.83771e-10	-0.000311145
2.83893e-10	-0.000312743
2.84015e-10	-0.000314342
2.84138e-10	-0.000315942
2.8426e-10	-0.000317543
2.84382e-10	-0.000319145
2.84504e-10	-0.000320749
2.84626e-10	-0.000322353
2.84749e-10	-0.000323958
2.84871e-10	-0.000325565
2.84993e-10	-0.000327173
2.85115e-10	-0.000328781
2.85238e-10	-0.000330391
2.8536e-10	-0.000332002
2.85482e-10	-0.000333613
2.85604e-10	-0.000335226
2.85727e-10	-0.00033684
2.85849e-10	-0.000338455
2.85971e-10	-0.000340071
2.86093e-10	-0.000341688
2.86216e-10	-0.000343306
2.86338e-10	-0.000344925
2.8646e-10	-0.000346545
2.86582e-10	-0.000348166
2.86704e-10	-0.000349788
2.86827e-10	-0.000351411
2.86949e-10	-0.000353035
2.87071e-10	-0.00035466
2.87193e-10	-0.000356286
2.87316e-10	-0.000357913
2.87438e-10	-0.00035954
2.8756e-10	-0.000361169
2.87682e-10	-0.000362799
2.87805e-10	-0.00036443
2.87927e-10	-0.000366061
2.88049e-10	-0.000367694
2.88171e-10	-0.000369327
2.88294e-10	-0.000370962
2.88416e-10	-0.000372597
2.88538e-10	-0.000374233
2.8866e-10	-0.000375871
2.88782e-10	-0.000377509
2.88905e-10	-0.000379148
2.89027e-10	-0.000380787
2.89149e-10	-0.000382428
2.89271e-10	-0.00038407
2.89394e-10	-0.000385712
2.89516e-10	-0.000387356
2.89638e-10	-0.000389
2.8976e-10	-0.000390645
2.89883e-10	-0.000392291
2.90005e-10	-0.000393938
2.90127e-10	-0.000395585
2.90249e-10	-0.000397234
2.90372e-10	-0.000398883
2.90494e-10	-0.000400533
2.90616e-10	-0.000402184
2.90738e-10	-0.000403836
2.9086e-10	-0.000405489
2.90983e-10	-0.000407142
2.91105e-10	-0.000408796
2.91227e-10	-0.000410451
2.91349e-10	-0.000412107
2.91472e-10	-0.000413763
2.91594e-10	-0.00041542
2.91716e-10	-0.000417078
2.91838e-10	-0.000418737
2.91961e-10	-0.000420397
2.92083e-10	-0.000422057
2.92205e-10	-0.000423718
2.92327e-10	-0.00042538
2.9245e-10	-0.000427043
2.92572e-10	-0.000428706
2.92694e-10	-0.00043037
2.92816e-10	-0.000432034
2.92939e-10	-0.0004337
2.93061e-10	-0.000435366
2.93183e-10	-0.000437033
2.93305e-10	-0.0004387
2.93427e-10	-0.000440368
2.9355e-10	-0.000442037
2.93672e-10	-0.000443707
2.93794e-10	-0.000445377
2.93916e-10	-0.000447048
2.94039e-10	-0.000448719
2.94161e-10	-0.000450391
2.94283e-10	-0.000452064
2.94405e-10	-0.000453737
2.94528e-10	-0.000455411
2.9465e-10	-0.000457086
2.94772e-10	-0.000458761
2.94894e-10	-0.000460437
2.95017e-10	-0.000462114
2.95139e-10	-0.000463791
2.95261e-10	-0.000465468
2.95383e-10	-0.000467147
2.95505e-10	-0.000468825
2.95628e-10	-0.000470505
2.9575e-10	-0.000472185
2.95872e-10	-0.000473865
2.95994e-10	-0.000475546
2.96117e-10	-0.000477228
2.96239e-10	-0.00047891
2.96361e-10	-0.000480593
2.96483e-10	-0.000482276
2.96606e-10	-0.00048396
2.96728e-10	-0.000485644
2.9685e-10	-0.000487329
2.96972e-10	-0.000489014
2.97095e-10	-0.0004907
2.97217e-10	-0.000492387
2.97339e-10	-0.000494073
2.97461e-10	-0.000495761
2.97583e-10	-0.000497448
2.97706e-10	-0.000499137
2.97828e-10	-0.000500825
2.9795e-10	-0.000502514
2.98072e-10	-0.000504204
2.98195e-10	-0.000505894
2.98317e-10	-0.000507584
2.98439e-10	-0.000509275
2.98561e-10	-0.000510967
2.98684e-10	-0.000512658
2.98806e-10	-0.00051435
2.98928e-10	-0.000516043
2.9905e-10	-0.000517736
2.99173e-10	-0.000519429
2.99295e-10	-0.000521123
2.99417e-10	-0.000522817
2.99539e-10	-0.000524511
2.99661e-10	-0.000526206
2.99784e-10	-0.000527901
2.99906e-10	-0.000529597
3.00028e-10	-0.000531293
3.0015e-10	-0.000532989
3.00273e-10	-0.000534685
3.00395e-10	-0.000536382
3.00517e-10	-0.000538079
3.00639e-10	-0.000539777
3.00762e-10	-0.000541475
3.00884e-10	-0.000543173
3.01006e-10	-0.000544871
3.01128e-10	-0.00054657
3.01251e-10	-0.000548268
3.01373e-10	-0.000549968
3.01495e-10	-0.000551667
3.01617e-10	-0.000553367
3.01739e-10	-0.000555067
3.01862e-10	-0.000556767
3.01984e-10	-0.000558467
3.02106e-10	-0.000560168
3.02228e-10	-0.000561869
3.02351e-10	-0.00056357
3.02473e-10	-0.000565271
3.02595e-10	-0.000566973
3.02717e-10	-0.000568675
3.0284e-10	-0.000570376
3.02962e-10	-0.000572078
3.03084e-10	-0.000573781
3.03206e-10	-0.000575483
3.03329e-10	-0.000577186
3.03451e-10	-0.000578888
3.03573e-10	-0.000580591
3.03695e-10	-0.000582294
3.03818e-10	-0.000583997
3.0394e-10	-0.000585701
3.04062e-10	-0.000587404
3.04184e-10	-0.000589108
3.04306e-10	-0.000590811
3.04429e-10	-0.000592515
3.04551e-10	-0.000594219
3.04673e-10	-0.000595923
3.04795e-10	-0.000597627
3.04918e-10	-0.000599331
3.0504e-10	-0.000601035
3.05162e-10	-0.000602739
3.05284e-10	-0.000604443
3.05407e-10	-0.000606147
3.05529e-10	-0.000607851
3.05651e-10	-0.000609556
3.05773e-10	-0.00061126
3.05896e-10	-0.000612964
3.06018e-10	-0.000614669
3.0614e-10	-0.000616373
3.06262e-10	-0.000618077
3.06384e-10	-0.000619782
3.06507e-10	-0.000621486
3.06629e-10	-0.00062319
3.06751e-10	-0.000624895
3.06873e-10	-0.000626599
3.06996e-10	-0.000628303
3.07118e-10	-0.000630007
3.0724e-10	-0.000631711
3.07362e-10	-0.000633415
3.07485e-10	-0.000635119
3.07607e-10	-0.000636822
3.07729e-10	-0.000638526
3.07851e-10	-0.00064023
3.07974e-10	-0.000641933
3.08096e-10	-0.000643637
3.08218e-10	-0.00064534
3.0834e-10	-0.000647043
3.08462e-10	-0.000648746
3.08585e-10	-0.000650449
3.08707e-10	-0.000652151
3.08829e-10	-0.000653854
3.08951e-10	-0.000655556
3.09074e-10	-0.000657258
3.09196e-10	-0.00065896
3.09318e-10	-0.000660662
3.0944e-10	-0.000662363
3.09563e-10	-0.000664065
3.09685e-10	-0.000665766
3.09807e-10	-0.000667467
3.09929e-10	-0.000669168
3.10052e-10	-0.000670868
3.10174e-10	-0.000672568
3.10296e-10	-0.000674268
3.10418e-10	-0.000675968
3.1054e-10	-0.000677667
3.10663e-10	-0.000679367
3.10785e-10	-0.000681065
3.10907e-10	-0.000682764
3.11029e-10	-0.000684462
3.11152e-10	-0.00068616
3.11274e-10	-0.000687858
3.11396e-10	-0.000689556
3.11518e-10	-0.000691253
3.11641e-10	-0.000692949
3.11763e-10	-0.000694646
3.11885e-10	-0.000696342
3.12007e-10	-0.000698037
3.1213e-10	-0.000699733
3.12252e-10	-0.000701428
3.12374e-10	-0.000703122
3.12496e-10	-0.000704816
3.12618e-10	-0.00070651
3.12741e-10	-0.000708204
3.12863e-10	-0.000709897
3.12985e-10	-0.000711589
3.13107e-10	-0.000713281
3.1323e-10	-0.000714973
3.13352e-10	-0.000716664
3.13474e-10	-0.000718355
3.13596e-10	-0.000720045
3.13719e-10	-0.000721735
3.13841e-10	-0.000723425
3.13963e-10	-0.000725114
3.14085e-10	-0.000726802
3.14208e-10	-0.00072849
3.1433e-10	-0.000730178
3.14452e-10	-0.000731865
3.14574e-10	-0.000733551
3.14697e-10	-0.000735237
3.14819e-10	-0.000736922
3.14941e-10	-0.000738607
3.15063e-10	-0.000740291
3.15185e-10	-0.000741975
3.15308e-10	-0.000743658
3.1543e-10	-0.000745341
3.15552e-10	-0.000747023
3.15674e-10	-0.000748704
3.15797e-10	-0.000750385
3.15919e-10	-0.000752065
3.16041e-10	-0.000753745
3.16163e-10	-0.000755424
3.16286e-10	-0.000757102
3.16408e-10	-0.00075878
3.1653e-10	-0.000760457
3.16652e-10	-0.000762133
3.16775e-10	-0.000763809
3.16897e-10	-0.000765484
3.17019e-10	-0.000767159
3.17141e-10	-0.000768832
3.17263e-10	-0.000770505
3.17386e-10	-0.000772178
3.17508e-10	-0.000773849
3.1763e-10	-0.00077552
3.17752e-10	-0.00077719
3.17875e-10	-0.00077886
3.17997e-10	-0.000780529
3.18119e-10	-0.000782196
3.18241e-10	-0.000783864
3.18364e-10	-0.00078553
3.18486e-10	-0.000787196
3.18608e-10	-0.000788861
3.1873e-10	-0.000790525
3.18853e-10	-0.000792188
3.18975e-10	-0.000793851
3.19097e-10	-0.000795512
3.19219e-10	-0.000797173
3.19341e-10	-0.000798833
3.19464e-10	-0.000800492
3.19586e-10	-0.000802151
3.19708e-10	-0.000803808
3.1983e-10	-0.000805465
3.19953e-10	-0.00080712
3.20075e-10	-0.000808775
3.20197e-10	-0.000810429
3.20319e-10	-0.000812082
3.20442e-10	-0.000813734
3.20564e-10	-0.000815386
3.20686e-10	-0.000817036
3.20808e-10	-0.000818685
3.20931e-10	-0.000820334
3.21053e-10	-0.000821981
3.21175e-10	-0.000823628
3.21297e-10	-0.000825274
3.21419e-10	-0.000826918
3.21542e-10	-0.000828562
3.21664e-10	-0.000830205
3.21786e-10	-0.000831846
3.21908e-10	-0.000833487
3.22031e-10	-0.000835127
3.22153e-10	-0.000836765
3.22275e-10	-0.000838403
3.22397e-10	-0.000840039
3.2252e-10	-0.000841675
3.22642e-10	-0.000843309
3.22764e-10	-0.000844943
3.22886e-10	-0.000846575
3.23009e-10	-0.000848206
3.23131e-10	-0.000849837
3.23253e-10	-0.000851466
3.23375e-10	-0.000853094
3.23497e-10	-0.000854721
3.2362e-10	-0.000856346
3.23742e-10	-0.000857971
3.23864e-10	-0.000859594
3.23986e-10	-0.000861217
3.24109e-10	-0.000862838
3.24231e-10	-0.000864458
3.24353e-10	-0.000866077
3.24475e-10	-0.000867694
3.24598e-10	-0.000869311
3.2472e-10	-0.000870926
3.24842e-10	-0.00087254
3.24964e-10	-0.000874153
3.25087e-10	-0.000875765
3.25209e-10	-0.000877375
3.25331e-10	-0.000878984
3.25453e-10	-0.000880592
3.25576e-10	-0.000882199
3.25698e-10	-0.000883804
3.2582e-10	-0.000885408
3.25942e-10	-0.000887011
3.26064e-10	-0.000888612
3.26187e-10	-0.000890213
3.26309e-10	-0.000891812
3.26431e-10	-0.000893409
3.26553e-10	-0.000895005
3.26676e-10	-0.0008966
3.26798e-10	-0.000898194
3.2692e-10	-0.000899786
3.27042e-10	-0.000901377
3.27165e-10	-0.000902967
3.27287e-10	-0.000904555
3.27409e-10	-0.000906141
3.27531e-10	-0.000907727
3.27654e-10	-0.000909311
3.27776e-10	-0.000910893
3.27898e-10	-0.000912474
3.2802e-10	-0.000914054
3.28142e-10	-0.000915632
3.28265e-10	-0.000917209
3.28387e-10	-0.000918784
3.28509e-10	-0.000920358
3.28631e-10	-0.000921931
3.28754e-10	-0.000923502
3.28876e-10	-0.000925071
3.28998e-10	-0.000926639
3.2912e-10	-0.000928205
3.29243e-10	-0.00092977
3.29365e-10	-0.000931333
3.29487e-10	-0.000932895
3.29609e-10	-0.000934456
3.29732e-10	-0.000936014
3.29854e-10	-0.000937571
3.29976e-10	-0.000939127
3.30098e-10	-0.000940681
3.3022e-10	-0.000942234
3.30343e-10	-0.000943784
3.30465e-10	-0.000945334
3.30587e-10	-0.000946881
3.30709e-10	-0.000948427
3.30832e-10	-0.000949972
3.30954e-10	-0.000951514
3.31076e-10	-0.000953055
3.31198e-10	-0.000954595
3.31321e-10	-0.000956132
3.31443e-10	-0.000957669
3.31565e-10	-0.000959203
3.31687e-10	-0.000960736
3.3181e-10	-0.000962267
3.31932e-10	-0.000963796
3.32054e-10	-0.000965323
3.32176e-10	-0.000966849
3.32298e-10	-0.000968373
3.32421e-10	-0.000969896
3.32543e-10	-0.000971416
3.32665e-10	-0.000972935
3.32787e-10	-0.000974452
3.3291e-10	-0.000975967
3.33032e-10	-0.000977481
3.33154e-10	-0.000978992
3.33276e-10	-0.000980502
3.33399e-10	-0.00098201
3.33521e-10	-0.000983516
3.33643e-10	-0.000985021
3.33765e-10	-0.000986523
3.33888e-10	-0.000988024
3.3401e-10	-0.000989523
3.34132e-10	-0.00099102
3.34254e-10	-0.000992515
3.34376e-10	-0.000994008
3.34499e-10	-0.000995499
3.34621e-10	-0.000996988
3.34743e-10	-0.000998476
3.34865e-10	-0.000999961
3.34988e-10	-0.00100144
3.3511e-10	-0.00100293
3.35232e-10	-0.00100441
3.35354e-10	-0.00100588
3.35477e-10	-0.00100736
3.35599e-10	-0.00100883
3.35721e-10	-0.00101031
3.35843e-10	-0.00101177
3.35966e-10	-0.00101324
3.36088e-10	-0.00101471
3.3621e-10	-0.00101617
3.36332e-10	-0.00101763
3.36455e-10	-0.00101909
3.36577e-10	-0.00102055
3.36699e-10	-0.00102201
3.36821e-10	-0.00102346
3.36943e-10	-0.00102491
3.37066e-10	-0.00102636
3.37188e-10	-0.00102781
3.3731e-10	-0.00102925
3.37432e-10	-0.0010307
3.37555e-10	-0.00103214
3.37677e-10	-0.00103357
3.37799e-10	-0.00103501
3.37921e-10	-0.00103645
3.38044e-10	-0.00103788
3.38166e-10	-0.00103931
3.38288e-10	-0.00104074
3.3841e-10	-0.00104216
3.38533e-10	-0.00104358
3.38655e-10	-0.00104501
3.38777e-10	-0.00104643
3.38899e-10	-0.00104784
3.39021e-10	-0.00104926
3.39144e-10	-0.00105067
3.39266e-10	-0.00105208
3.39388e-10	-0.00105349
3.3951e-10	-0.00105489
3.39633e-10	-0.0010563
3.39755e-10	-0.0010577
3.39877e-10	-0.0010591
3.39999e-10	-0.00106049
3.40122e-10	-0.00106189
3.40244e-10	-0.00106328
3.40366e-10	-0.00106467
3.40488e-10	-0.00106605
3.40611e-10	-0.00106744
3.40733e-10	-0.00106882
3.40855e-10	-0.0010702
3.40977e-10	-0.00107158
3.41099e-10	-0.00107295
3.41222e-10	-0.00107433
3.41344e-10	-0.0010757
3.41466e-10	-0.00107706
3.41588e-10	-0.00107843
3.41711e-10	-0.00107979
3.41833e-10	-0.00108115
3.41955e-10	-0.00108251
3.42077e-10	-0.00108387
3.422e-10	-0.00108522
3.42322e-10	-0.00108657
3.42444e-10	-0.00108792
3.42566e-10	-0.00108926
3.42689e-10	-0.00109061
3.42811e-10	-0.00109195
3.42933e-10	-0.00109329
3.43055e-10	-0.00109462
3.43177e-10	-0.00109595
3.433e-10	-0.00109729
3.43422e-10	-0.00109861
3.43544e-10	-0.00109994
3.43666e-10	-0.00110126
3.43789e-10	-0.00110258
3.43911e-10	-0.0011039
3.44033e-10	-0.00110521
3.44155e-10	-0.00110653
3.44278e-10	-0.00110784
3.444e-10	-0.00110914
3.44522e-10	-0.00111045
3.44644e-10	-0.00111175
3.44767e-10	-0.00111305
3.44889e-10	-0.00111434
3.45011e-10	-0.00111564
3.45133e-10	-0.00111693
3.45256e-10	-0.00111822
3.45378e-10	-0.0011195
3.455e-10	-0.00112079
3.45622e-10	-0.00112207
3.45744e-10	-0.00112334
3.45867e-10	-0.00112462
3.45989e-10	-0.00112589
3.46111e-10	-0.00112716
3.46233e-10	-0.00112842
3.46356e-10	-0.00112969
3.46478e-10	-0.00113095
3.466e-10	-0.00113221
3.46722e-10	-0.00113346
3.46845e-10	-0.00113471
3.46967e-10	-0.00113596
3.47089e-10	-0.00113721
3.47211e-10	-0.00113845
3.47334e-10	-0.00113969
3.47456e-10	-0.00114093
3.47578e-10	-0.00114217
3.477e-10	-0.0011434
3.47822e-10	-0.00114463
3.47945e-10	-0.00114585
3.48067e-10	-0.00114708
3.48189e-10	-0.0011483
3.48311e-10	-0.00114952
3.48434e-10	-0.00115073
3.48556e-10	-0.00115194
3.48678e-10	-0.00115315
3.488e-10	-0.00115436
3.48923e-10	-0.00115556
3.49045e-10	-0.00115676
3.49167e-10	-0.00115796
3.49289e-10	-0.00115915
3.49412e-10	-0.00116034
3.49534e-10	-0.00116153
3.49656e-10	-0.00116271
3.49778e-10	-0.00116389
3.499e-10	-0.00116507
3.50023e-10	-0.00116625
3.50145e-10	-0.00116742
3.50267e-10	-0.00116859
3.50389e-10	-0.00116975
3.50512e-10	-0.00117092
3.50634e-10	-0.00117208
3.50756e-10	-0.00117323
3.50878e-10	-0.00117439
3.51001e-10	-0.00117554
3.51123e-10	-0.00117668
3.51245e-10	-0.00117783
3.51367e-10	-0.00117897
3.5149e-10	-0.00118011
3.51612e-10	-0.00118124
3.51734e-10	-0.00118237
3.51856e-10	-0.0011835
3.51978e-10	-0.00118463
3.52101e-10	-0.00118575
3.52223e-10	-0.00118687
3.52345e-10	-0.00118798
3.52467e-10	-0.00118909
3.5259e-10	-0.0011902
3.52712e-10	-0.00119131
3.52834e-10	-0.00119241
3.52956e-10	-0.00119351
3.53079e-10	-0.0011946
3.53201e-10	-0.0011957
3.53323e-10	-0.00119678
3.53445e-10	-0.00119787
3.53568e-10	-0.00119895
3.5369e-10	-0.00120003
3.53812e-10	-0.00120111
3.53934e-10	-0.00120218
3.54056e-10	-0.00120325
3.54179e-10	-0.00120431
3.54301e-10	-0.00120537
3.54423e-10	-0.00120643
3.54545e-10	-0.00120749
3.54668e-10	-0.00120854
3.5479e-10	-0.00120959
3.54912e-10	-0.00121063
3.55034e-10	-0.00121167
3.55157e-10	-0.00121271
3.55279e-10	-0.00121375
3.55401e-10	-0.00121478
3.55523e-10	-0.0012158
3.55646e-10	-0.00121683
3.55768e-10	-0.00121785
3.5589e-10	-0.00121886
3.56012e-10	-0.00121988
3.56135e-10	-0.00122089
3.56257e-10	-0.00122189
3.56379e-10	-0.0012229
3.56501e-10	-0.0012239
3.56623e-10	-0.00122489
3.56746e-10	-0.00122588
3.56868e-10	-0.00122687
3.5699e-10	-0.00122786
3.57112e-10	-0.00122884
3.57235e-10	-0.00122981
3.57357e-10	-0.00123079
3.57479e-10	-0.00123176
3.57601e-10	-0.00123272
3.57724e-10	-0.00123369
3.57846e-10	-0.00123465
3.57968e-10	-0.0012356
3.5809e-10	-0.00123655
3.58213e-10	-0.0012375
3.58335e-10	-0.00123845
3.58457e-10	-0.00123939
3.58579e-10	-0.00124032
3.58701e-10	-0.00124126
3.58824e-10	-0.00124219
3.58946e-10	-0.00124311
3.59068e-10	-0.00124403
3.5919e-10	-0.00124495
3.59313e-10	-0.00124587
3.59435e-10	-0.00124678
3.59557e-10	-0.00124768
3.59679e-10	-0.00124859
3.59802e-10	-0.00124949
3.59924e-10	-0.00125038
3.60046e-10	-0.00125127
3.60168e-10	-0.00125216
3.60291e-10	-0.00125304
3.60413e-10	-0.00125392
3.60535e-10	-0.0012548
3.60657e-10	-0.00125567
3.60779e-10	-0.00125654
3.60902e-10	-0.00125741
3.61024e-10	-0.00125827
3.61146e-10	-0.00125912
3.61268e-10	-0.00125998
3.61391e-10	-0.00126082
3.61513e-10	-0.00126167
3.61635e-10	-0.00126251
3.61757e-10	-0.00126335
3.6188e-10	-0.00126418
3.62002e-10	-0.00126501
3.62124e-10	-0.00126583
3.62246e-10	-0.00126665
3.62369e-10	-0.00126747
3.62491e-10	-0.00126828
3.62613e-10	-0.00126909
3.62735e-10	-0.0012699
3.62857e-10	-0.0012707
3.6298e-10	-0.00127149
3.63102e-10	-0.00127229
3.63224e-10	-0.00127307
3.63346e-10	-0.00127386
3.63469e-10	-0.00127464
3.63591e-10	-0.00127542
3.63713e-10	-0.00127619
3.63835e-10	-0.00127696
3.63958e-10	-0.00127772
3.6408e-10	-0.00127848
3.64202e-10	-0.00127923
3.64324e-10	-0.00127999
3.64447e-10	-0.00128073
3.64569e-10	-0.00128148
3.64691e-10	-0.00128221
3.64813e-10	-0.00128295
3.64935e-10	-0.00128368
3.65058e-10	-0.00128441
3.6518e-10	-0.00128513
3.65302e-10	-0.00128585
3.65424e-10	-0.00128656
3.65547e-10	-0.00128727
3.65669e-10	-0.00128797
3.65791e-10	-0.00128867
3.65913e-10	-0.00128937
3.66036e-10	-0.00129006
3.66158e-10	-0.00129075
3.6628e-10	-0.00129143
3.66402e-10	-0.00129211
3.66525e-10	-0.00129279
3.66647e-10	-0.00129346
3.66769e-10	-0.00129412
3.66891e-10	-0.00129479
3.67014e-10	-0.00129544
3.67136e-10	-0.0012961
3.67258e-10	-0.00129675
3.6738e-10	-0.00129739
3.67502e-10	-0.00129803
3.67625e-10	-0.00129867
3.67747e-10	-0.0012993
3.67869e-10	-0.00129992
3.67991e-10	-0.00130055
3.68114e-10	-0.00130116
3.68236e-10	-0.00130178
3.68358e-10	-0.00130239
3.6848e-10	-0.00130299
3.68603e-10	-0.00130359
3.68725e-10	-0.00130419
3.68847e-10	-0.00130478
3.68969e-10	-0.00130536
3.69092e-10	-0.00130595
3.69214e-10	-0.00130652
3.69336e-10	-0.0013071
3.69458e-10	-0.00130766
3.6958e-10	-0.00130823
3.69703e-10	-0.00130879
3.69825e-10	-0.00130934
3.69947e-10	-0.00130989
3.70069e-10	-0.00131044
3.70192e-10	-0.00131098
3.70314e-10	-0.00131152
3.70436e-10	-0.00131205
3.70558e-10	-0.00131257
3.70681e-10	-0.0013131
3.70803e-10	-0.00131361
3.70925e-10	-0.00131413
3.71047e-10	-0.00131464
3.7117e-10	-0.00131514
3.71292e-10	-0.00131564
3.71414e-10	-0.00131613
3.71536e-10	-0.00131662
3.71658e-10	-0.00131711
3.71781e-10	-0.00131759
3.71903e-10	-0.00131807
3.72025e-10	-0.00131854
3.72147e-10	-0.001319
3.7227e-10	-0.00131946
3.72392e-10	-0.00131992
3.72514e-10	-0.00132037
3.72636e-10	-0.00132082
3.72759e-10	-0.00132126
3.72881e-10	-0.0013217
3.73003e-10	-0.00132213
3.73125e-10	-0.00132256
3.73248e-10	-0.00132299
3.7337e-10	-0.0013234
3.73492e-10	-0.00132382
3.73614e-10	-0.00132423
3.73736e-10	-0.00132463
3.73859e-10	-0.00132503
3.73981e-10	-0.00132542
3.74103e-10	-0.00132581
3.74225e-10	-0.0013262
3.74348e-10	-0.00132658
3.7447e-10	-0.00132695
3.74592e-10	-0.00132732
3.74714e-10	-0.00132769
3.74837e-10	-0.00132805
3.74959e-10	-0.0013284
3.75081e-10	-0.00132875
3.75203e-10	-0.0013291
3.75326e-10	-0.00132944
3.75448e-10	-0.00132977
3.7557e-10	-0.0013301
3.75692e-10	-0.00133043
3.75814e-10	-0.00133075
3.75937e-10	-0.00133106
3.76059e-10	-0.00133137
3.76181e-10	-0.00133168
3.76303e-10	-0.00133198
3.76426e-10	-0.00133227
3.76548e-10	-0.00133256
3.7667e-10	-0.00133285
3.76792e-10	-0.00133313
3.76915e-10	-0.0013334
3.77037e-10	-0.00133367
3.77159e-10	-0.00133394
3.77281e-10	-0.0013342
3.77404e-10	-0.00133445
3.77526e-10	-0.0013347
3.77648e-10	-0.00133495
3.7777e-10	-0.00133519
3.77893e-10	-0.00133542
3.78015e-10	-0.00133565
3.78137e-10	-0.00133587
3.78259e-10	-0.00133609
3.78381e-10	-0.00133631
3.78504e-10	-0.00133651
3.78626e-10	-0.00133672
3.78748e-10	-0.00133691
3.7887e-10	-0.00133711
3.78993e-10	-0.0013373
3.79115e-10	-0.00133748
3.79237e-10	-0.00133765
3.79359e-10	-0.00133783
3.79482e-10	-0.00133799
3.79604e-10	-0.00133815
3.79726e-10	-0.00133831
3.79848e-10	-0.00133846
3.79971e-10	-0.00133861
3.80093e-10	-0.00133875
3.80215e-10	-0.00133888
3.80337e-10	-0.00133901
3.80459e-10	-0.00133914
3.80582e-10	-0.00133926
3.80704e-10	-0.00133937
3.80826e-10	-0.00133948
3.80948e-10	-0.00133958
3.81071e-10	-0.00133968
3.81193e-10	-0.00133977
3.81315e-10	-0.00133986
3.81437e-10	-0.00133994
3.8156e-10	-0.00134002
3.81682e-10	-0.00134009
3.81804e-10	-0.00134015
3.81926e-10	-0.00134021
3.82049e-10	-0.00134027
3.82171e-10	-0.00134032
3.82293e-10	-0.00134036
3.82415e-10	-0.0013404
3.82537e-10	-0.00134043
3.8266e-10	-0.00134046
3.82782e-10	-0.00134048
3.82904e-10	-0.0013405
3.83026e-10	-0.00134051
3.83149e-10	-0.00134051
3.83271e-10	-0.00134051
3.83393e-10	-0.00134051
3.83515e-10	-0.0013405
3.83638e-10	-0.00134048
3.8376e-10	-0.00134046
3.83882e-10	-0.00134043
3.84004e-10	-0.0013404
3.84127e-10	-0.00134036
3.84249e-10	-0.00134032
3.84371e-10	-0.00134027
3.84493e-10	-0.00134021
3.84615e-10	-0.00134015
3.84738e-10	-0.00134008
3.8486e-10	-0.00134001
3.84982e-10	-0.00133993
3.85104e-10	-0.00133985
3.85227e-10	-0.00133976
3.85349e-10	-0.00133967
3.85471e-10	-0.00133957
3.85593e-10	-0.00133946
3.85716e-10	-0.00133935
3.85838e-10	-0.00133923
3.8596e-10	-0.00133911
3.86082e-10	-0.00133898
3.86205e-10	-0.00133885
3.86327e-10	-0.00133871
3.86449e-10	-0.00133856
3.86571e-10	-0.00133841
3.86693e-10	-0.00133825
3.86816e-10	-0.00133809
3.86938e-10	-0.00133792
3.8706e-10	-0.00133775
3.87182e-10	-0.00133757
3.87305e-10	-0.00133738
3.87427e-10	-0.00133719
3.87549e-10	-0.001337
3.87671e-10	-0.00133679
3.87794e-10	-0.00133658
3.87916e-10	-0.00133637
3.88038e-10	-0.00133615
3.8816e-10	-0.00133592
3.88283e-10	-0.00133569
3.88405e-10	-0.00133546
3.88527e-10	-0.00133521
3.88649e-10	-0.00133496
3.88772e-10	-0.00133471
3.88894e-10	-0.00133445
3.89016e-10	-0.00133418
3.89138e-10	-0.00133391
3.8926e-10	-0.00133363
3.89383e-10	-0.00133335
3.89505e-10	-0.00133306
3.89627e-10	-0.00133276
3.89749e-10	-0.00133246
3.89872e-10	-0.00133215
3.89994e-10	-0.00133184
3.90116e-10	-0.00133152
3.90238e-10	-0.00133119
3.90361e-10	-0.00133086
3.90483e-10	-0.00133052
3.90605e-10	-0.00133018
3.90727e-10	-0.00132983
3.9085e-10	-0.00132947
3.90972e-10	-0.00132911
3.91094e-10	-0.00132875
3.91216e-10	-0.00132837
3.91338e-10	-0.00132799
3.91461e-10	-0.00132761
3.91583e-10	-0.00132722
3.91705e-10	-0.00132682
3.91827e-10	-0.00132642
3.9195e-10	-0.00132601
3.92072e-10	-0.00132559
3.92194e-10	-0.00132517
3.92316e-10	-0.00132475
3.92439e-10	-0.00132431
3.92561e-10	-0.00132387
3.92683e-10	-0.00132343
3.92805e-10	-0.00132298
3.92928e-10	-0.00132252
3.9305e-10	-0.00132206
3.93172e-10	-0.00132159
3.93294e-10	-0.00132111
3.93416e-10	-0.00132063
3.93539e-10	-0.00132014
3.93661e-10	-0.00131965
3.93783e-10	-0.00131915
3.93905e-10	-0.00131864
3.94028e-10	-0.00131813
3.9415e-10	-0.00131761
3.94272e-10	-0.00131708
3.94394e-10	-0.00131655
3.94517e-10	-0.00131602
3.94639e-10	-0.00131547
3.94761e-10	-0.00131492
3.94883e-10	-0.00131437
3.95006e-10	-0.00131381
3.95128e-10	-0.00131324
3.9525e-10	-0.00131266
3.95372e-10	-0.00131208
3.95494e-10	-0.0013115
3.95617e-10	-0.00131091
3.95739e-10	-0.00131031
3.95861e-10	-0.0013097
3.95983e-10	-0.00130909
3.96106e-10	-0.00130847
3.96228e-10	-0.00130785
3.9635e-10	-0.00130722
3.96472e-10	-0.00130658
3.96595e-10	-0.00130594
3.96717e-10	-0.00130529
3.96839e-10	-0.00130464
3.96961e-10	-0.00130397
3.97084e-10	-0.00130331
3.97206e-10	-0.00130263
3.97328e-10	-0.00130195
3.9745e-10	-0.00130127
3.97572e-10	-0.00130057
3.97695e-10	-0.00129987
3.97817e-10	-0.00129917
3.97939e-10	-0.00129846
3.98061e-10	-0.00129774
3.98184e-10	-0.00129701
3.98306e-10	-0.00129628
3.98428e-10	-0.00129555
3.9855e-10	-0.0012948
3.98673e-10	-0.00129405
3.98795e-10	-0.00129329
3.98917e-10	-0.00129253
3.99039e-10	-0.00129176
3.99162e-10	-0.00129099
3.99284e-10	-0.00129021
3.99406e-10	-0.00128942
3.99528e-10	-0.00128862
3.99651e-10	-0.00128782
3.99773e-10	-0.00128701
3.99895e-10	-0.0012862
4.00017e-10	-0.00128538
4.00139e-10	-0.00128455
4.00262e-10	-0.00128372
4.00384e-10	-0.00128288
4.00506e-10	-0.00128203
4.00628e-10	-0.00128118
4.00751e-10	-0.00128032
4.00873e-10	-0.00127946
4.00995e-10	-0.00127858
4.01117e-10	-0.0012777
4.0124e-10	-0.00127682
4.01362e-10	-0.00127593
4.01484e-10	-0.00127503
4.01606e-10	-0.00127413
4.01729e-10	-0.00127321
4.01851e-10	-0.0012723
4.01973e-10	-0.00127137
4.02095e-10	-0.00127044
4.02217e-10	-0.0012695
4.0234e-10	-0.00126856
4.02462e-10	-0.00126761
4.02584e-10	-0.00126665
4.02706e-10	-0.00126569
4.02829e-10	-0.00126472
4.02951e-10	-0.00126374
4.03073e-10	-0.00126276
4.03195e-10	-0.00126177
4.03318e-10	-0.00126078
4.0344e-10	-0.00125977
4.03562e-10	-0.00125876
4.03684e-10	-0.00125775
4.03807e-10	-0.00125672
4.03929e-10	-0.0012557
4.04051e-10	-0.00125466
4.04173e-10	-0.00125362
4.04295e-10	-0.00125257
4.04418e-10	-0.00125151
4.0454e-10	-0.00125045
4.04662e-10	-0.00124938
4.04784e-10	-0.00124831
4.04907e-10	-0.00124722
4.05029e-10	-0.00124613
4.05151e-10	-0.00124504
4.05273e-10	-0.00124394
4.05396e-10	-0.00124283
4.05518e-10	-0.00124171
4.0564e-10	-0.00124059
4.05762e-10	-0.00123946
4.05885e-10	-0.00123833
4.06007e-10	-0.00123718
4.06129e-10	-0.00123604
4.06251e-10	-0.00123488
4.06373e-10	-0.00123372
4.06496e-10	-0.00123255
4.06618e-10	-0.00123137
4.0674e-10	-0.00123019
4.06862e-10	-0.001229
4.06985e-10	-0.0012278
4.07107e-10	-0.0012266
4.07229e-10	-0.00122539
4.07351e-10	-0.00122418
4.07474e-10	-0.00122295
4.07596e-10	-0.00122172
4.07718e-10	-0.00122049
4.0784e-10	-0.00121925
4.07963e-10	-0.001218
4.08085e-10	-0.00121674
4.08207e-10	-0.00121548
4.08329e-10	-0.00121421
4.08451e-10	-0.00121293
4.08574e-10	-0.00121164
4.08696e-10	-0.00121035
4.08818e-10	-0.00120906
4.0894e-10	-0.00120775
4.09063e-10	-0.00120644
4.09185e-10	-0.00120512
4.09307e-10	-0.0012038
4.09429e-10	-0.00120247
4.09552e-10	-0.00120113
4.09674e-10	-0.00119979
4.09796e-10	-0.00119843
4.09918e-10	-0.00119707
4.10041e-10	-0.00119571
4.10163e-10	-0.00119434
4.10285e-10	-0.00119296
4.10407e-10	-0.00119157
4.1053e-10	-0.00119018
4.10652e-10	-0.00118878
4.10774e-10	-0.00118737
4.10896e-10	-0.00118596
4.11018e-10	-0.00118454
4.11141e-10	-0.00118311
4.11263e-10	-0.00118168
4.11385e-10	-0.00118024
4.11507e-10	-0.00117879
4.1163e-10	-0.00117734
4.11752e-10	-0.00117587
4.11874e-10	-0.00117441
4.11996e-10	-0.00117293
4.12119e-10	-0.00117145
4.12241e-10	-0.00116996
4.12363e-10	-0.00116846
4.12485e-10	-0.00116696
4.12608e-10	-0.00116545
4.1273e-10	-0.00116393
4.12852e-10	-0.00116241
4.12974e-10	-0.00116088
4.13096e-10	-0.00115934
4.13219e-10	-0.0011578
4.13341e-10	-0.00115625
4.13463e-10	-0.00115469
4.13585e-10	-0.00115312
4.13708e-10	-0.00115155
4.1383e-10	-0.00114997
4.13952e-10	-0.00114839
4.14074e-10	-0.00114679
4.14197e-10	-0.00114519
4.14319e-10	-0.00114359
4.14441e-10	-0.00114197
4.14563e-10	-0.00114035
4.14686e-10	-0.00113872
4.14808e-10	-0.00113709
4.1493e-10	-0.00113545
4.15052e-10	-0.0011338
4.15174e-10	-0.00113214
4.15297e-10	-0.00113048
4.15419e-10	-0.00112881
4.15541e-10	-0.00112713
4.15663e-10	-0.00112545
4.15786e-10	-0.00112376
4.15908e-10	-0.00112206
4.1603e-10	-0.00112036
4.16152e-10	-0.00111865
4.16275e-10	-0.00111693
4.16397e-10	-0.0011152
4.16519e-10	-0.00111347
4.16641e-10	-0.00111173
4.16764e-10	-0.00110998
4.16886e-10	-0.00110823
4.17008e-10	-0.00110647
4.1713e-10	-0.0011047
4.17252e-10	-0.00110293
4.17375e-10	-0.00110114
4.17497e-10	-0.00109936
4.17619e-10	-0.00109756
4.17741e-10	-0.00109576
4.17864e-10	-0.00109395
4.17986e-10	-0.00109213
4.18108e-10	-0.00109031
4.1823e-10	-0.00108848
4.18353e-10	-0.00108664
4.18475e-10	-0.00108479
4.18597e-10	-0.00108294
4.18719e-10	-0.00108108
4.18842e-10	-0.00107922
4.18964e-10	-0.00107734
4.19086e-10	-0.00107546
4.19208e-10	-0.00107357
4.1933e-10	-0.00107168
4.19453e-10	-0.00106978
4.19575e-10	-0.00106787
4.19697e-10	-0.00106595
4.19819e-10	-0.00106403
4.19942e-10	-0.0010621
4.20064e-10	-0.00106016
4.20186e-10	-0.00105822
4.20308e-10	-0.00105627
4.20431e-10	-0.00105431
4.20553e-10	-0.00105235
4.20675e-10	-0.00105037
4.20797e-10	-0.00104839
4.2092e-10	-0.00104641
4.21042e-10	-0.00104441
4.21164e-10	-0.00104241
4.21286e-10	-0.00104041
4.21409e-10	-0.00103839
4.21531e-10	-0.00103637
4.21653e-10	-0.00103434
4.21775e-10	-0.0010323
4.21897e-10	-0.00103026
4.2202e-10	-0.00102821
4.22142e-10	-0.00102615
4.22264e-10	-0.00102409
4.22386e-10	-0.00102202
4.22509e-10	-0.00101994
4.22631e-10	-0.00101785
4.22753e-10	-0.00101576
4.22875e-10	-0.00101366
4.22998e-10	-0.00101155
4.2312e-10	-0.00100944
4.23242e-10	-0.00100731
4.23364e-10	-0.00100519
4.23487e-10	-0.00100305
4.23609e-10	-0.00100091
4.23731e-10	-0.000998758
4.23853e-10	-0.000996601
4.23975e-10	-0.000994436
4.24098e-10	-0.000992265
4.2422e-10	-0.000990087
4.24342e-10	-0.000987901
4.24464e-10	-0.000985708
4.24587e-10	-0.000983508
4.24709e-10	-0.000981301
4.24831e-10	-0.000979087
4.24953e-10	-0.000976866
4.25076e-10	-0.000974638
4.25198e-10	-0.000972402
4.2532e-10	-0.00097016
4.25442e-10	-0.00096791
4.25565e-10	-0.000965653
4.25687e-10	-0.000963389
4.25809e-10	-0.000961118
4.25931e-10	-0.000958839
4.26053e-10	-0.000956554
4.26176e-10	-0.000954261
4.26298e-10	-0.000951962
4.2642e-10	-0.000949655
4.26542e-10	-0.000947341
4.26665e-10	-0.00094502
4.26787e-10	-0.000942692
4.26909e-10	-0.000940356
4.27031e-10	-0.000938014
4.27154e-10	-0.000935664
4.27276e-10	-0.000933307
4.27398e-10	-0.000930943
4.2752e-10	-0.000928572
4.27643e-10	-0.000926194
4.27765e-10	-0.000923808
4.27887e-10	-0.000921416
4.28009e-10	-0.000919016
4.28131e-10	-0.000916609
4.28254e-10	-0.000914195
4.28376e-10	-0.000911774
4.28498e-10	-0.000909346
4.2862e-10	-0.000906911
4.28743e-10	-0.000904468
4.28865e-10	-0.000902018
4.28987e-10	-0.000899562
4.29109e-10	-0.000897098
4.29232e-10	-0.000894626
4.29354e-10	-0.000892148
4.29476e-10	-0.000889663
4.29598e-10	-0.00088717
4.29721e-10	-0.000884671
4.29843e-10	-0.000882164
4.29965e-10	-0.00087965
4.30087e-10	-0.000877129
4.3021e-10	-0.000874601
4.30332e-10	-0.000872065
4.30454e-10	-0.000869523
4.30576e-10	-0.000866973
4.30698e-10	-0.000864416
4.30821e-10	-0.000861852
4.30943e-10	-0.000859281
4.31065e-10	-0.000856703
4.31187e-10	-0.000854118
4.3131e-10	-0.000851526
4.31432e-10	-0.000848926
4.31554e-10	-0.000846319
4.31676e-10	-0.000843705
4.31799e-10	-0.000841085
4.31921e-10	-0.000838456
4.32043e-10	-0.000835821
4.32165e-10	-0.000833179
4.32288e-10	-0.000830529
4.3241e-10	-0.000827873
4.32532e-10	-0.000825209
4.32654e-10	-0.000822538
4.32776e-10	-0.00081986
4.32899e-10	-0.000817175
4.33021e-10	-0.000814483
4.33143e-10	-0.000811784
4.33265e-10	-0.000809077
4.33388e-10	-0.000806364
4.3351e-10	-0.000803643
4.33632e-10	-0.000800915
4.33754e-10	-0.000798181
4.33877e-10	-0.000795439
4.33999e-10	-0.000792689
4.34121e-10	-0.000789933
4.34243e-10	-0.00078717
4.34366e-10	-0.0007844
4.34488e-10	-0.000781622
4.3461e-10	-0.000778837
4.34732e-10	-0.000776046
4.34854e-10	-0.000773247
4.34977e-10	-0.000770441
4.35099e-10	-0.000767628
4.35221e-10	-0.000764808
4.35343e-10	-0.000761981
4.35466e-10	-0.000759146
4.35588e-10	-0.000756305
4.3571e-10	-0.000753457
4.35832e-10	-0.000750601
4.35955e-10	-0.000747738
4.36077e-10	-0.000744869
4.36199e-10	-0.000741992
4.36321e-10	-0.000739108
4.36444e-10	-0.000736217
4.36566e-10	-0.000733319
4.36688e-10	-0.000730414
4.3681e-10	-0.000727502
4.36932e-10	-0.000724583
4.37055e-10	-0.000721657
4.37177e-10	-0.000718723
4.37299e-10	-0.000715783
4.37421e-10	-0.000712835
4.37544e-10	-0.000709881
4.37666e-10	-0.000706919
4.37788e-10	-0.000703951
4.3791e-10	-0.000700975
4.38033e-10	-0.000697993
4.38155e-10	-0.000695003
4.38277e-10	-0.000692006
4.38399e-10	-0.000689002
4.38522e-10	-0.000685991
4.38644e-10	-0.000682974
4.38766e-10	-0.000679949
4.38888e-10	-0.000676917
4.3901e-10	-0.000673878
4.39133e-10	-0.000670832
4.39255e-10	-0.000667779
4.39377e-10	-0.000664719
4.39499e-10	-0.000661652
4.39622e-10	-0.000658578
4.39744e-10	-0.000655497
4.39866e-10	-0.000652409
4.39988e-10	-0.000649314
4.40111e-10	-0.000646212
4.40233e-10	-0.000643103
4.40355e-10	-0.000639987
4.40477e-10	-0.000636864
4.406e-10	-0.000633734
4.40722e-10	-0.000630597
4.40844e-10	-0.000627453
4.40966e-10	-0.000624303
4.41089e-10	-0.000621145
4.41211e-10	-0.00061798
4.41333e-10	-0.000614808
4.41455e-10	-0.000611629
4.41577e-10	-0.000608444
4.417e-10	-0.000605251
4.41822e-10	-0.000602051
4.41944e-10	-0.000598845
4.42066e-10	-0.000595631
4.42189e-10	-0.000592411
4.42311e-10	-0.000589184
4.42433e-10	-0.000585949
4.42555e-10	-0.000582708
4.42678e-10	-0.00057946
4.428e-10	-0.000576205
4.42922e-10	-0.000572943
4.43044e-10	-0.000569674
4.43167e-10	-0.000566398
4.43289e-10	-0.000563116
4.43411e-10	-0.000559826
4.43533e-10	-0.00055653
4.43655e-10	-0.000553226
4.43778e-10	-0.000549916
4.439e-10	-0.000546599
4.44022e-10	-0.000543275
4.44144e-10	-0.000539944
4.44267e-10	-0.000536606
4.44389e-10	-0.000533261
4.44511e-10	-0.00052991
4.44633e-10	-0.000526552
4.44756e-10	-0.000523186
4.44878e-10	-0.000519814
4.45e-10	-0.000516435
4.45122e-10	-0.00051305
4.45245e-10	-0.000509657
4.45367e-10	-0.000506258
4.45489e-10	-0.000502851
4.45611e-10	-0.000499438
4.45733e-10	-0.000496018
4.45856e-10	-0.000492592
4.45978e-10	-0.000489158
4.461e-10	-0.000485718
4.46222e-10	-0.000482271
4.46345e-10	-0.000478817
4.46467e-10	-0.000475356
4.46589e-10	-0.000471888
4.46711e-10	-0.000468414
4.46834e-10	-0.000464933
4.46956e-10	-0.000461445
4.47078e-10	-0.000457951
4.472e-10	-0.000454449
4.47323e-10	-0.000450941
4.47445e-10	-0.000447426
4.47567e-10	-0.000443905
4.47689e-10	-0.000440377
4.47811e-10	-0.000436842
4.47934e-10	-0.0004333
4.48056e-10	-0.000429751
4.48178e-10	-0.000426196
4.483e-10	-0.000422634
4.48423e-10	-0.000419065
4.48545e-10	-0.00041549
4.48667e-10	-0.000411908
4.48789e-10	-0.000408319
4.48912e-10	-0.000404724
4.49034e-10	-0.000401122
4.49156e-10	-0.000397513
4.49278e-10	-0.000393897
4.49401e-10	-0.000390275
4.49523e-10	-0.000386647
4.49645e-10	-0.000383011
4.49767e-10	-0.000379369
4.49889e-10	-0.00037572
4.50012e-10	-0.000372065
4.50134e-10	-0.000368403
4.50256e-10	-0.000364735
4.50378e-10	-0.000361059
4.50501e-10	-0.000357378
4.50623e-10	-0.000353689
4.50745e-10	-0.000349994
4.50867e-10	-0.000346293
4.5099e-10	-0.000342584
4.51112e-10	-0.00033887
4.51234e-10	-0.000335148
4.51356e-10	-0.00033142
4.51479e-10	-0.000327686
4.51601e-10	-0.000323945
4.51723e-10	-0.000320197
4.51845e-10	-0.000316443
4.51968e-10	-0.000312683
4.5209e-10	-0.000308915
4.52212e-10	-0.000305142
4.52334e-10	-0.000301361
4.52456e-10	-0.000297575
4.52579e-10	-0.000293782
4.52701e-10	-0.000289982
4.52823e-10	-0.000286176
4.52945e-10	-0.000282363
4.53068e-10	-0.000278544
4.5319e-10	-0.000274718
4.53312e-10	-0.000270886
4.53434e-10	-0.000267048
4.53557e-10	-0.000263203
4.53679e-10	-0.000259351
4.53801e-10	-0.000255493
4.53923e-10	-0.000251629
4.54046e-10	-0.000247758
4.54168e-10	-0.000243881
4.5429e-10	-0.000239998
4.54412e-10	-0.000236108
4.54534e-10	-0.000232211
4.54657e-10	-0.000228309
4.54779e-10	-0.0002244
4.54901e-10	-0.000220484
4.55023e-10	-0.000216562
4.55146e-10	-0.000212634
4.55268e-10	-0.0002087
4.5539e-10	-0.000204759
4.55512e-10	-0.000200812
4.55635e-10	-0.000196858
4.55757e-10	-0.000192898
4.55879e-10	-0.000188932
4.56001e-10	-0.00018496
4.56124e-10	-0.000180981
4.56246e-10	-0.000176996
4.56368e-10	-0.000173005
4.5649e-10	-0.000169007
4.56612e-10	-0.000165004
4.56735e-10	-0.000160993
4.56857e-10	-0.000156977
4.56979e-10	-0.000152955
4.57101e-10	-0.000148926
4.57224e-10	-0.000144891
4.57346e-10	-0.00014085
4.57468e-10	-0.000136802
4.5759e-10	-0.000132749
4.57713e-10	-0.000128689
4.57835e-10	-0.000124623
4.57957e-10	-0.000120551
4.58079e-10	-0.000116472
4.58202e-10	-0.000112388
4.58324e-10	-0.000108297
4.58446e-10	-0.0001042
4.58568e-10	-0.000100097
4.5869e-10	-9.59884e-05
4.58813e-10	-9.18733e-05
4.58935e-10	-8.77521e-05
4.59057e-10	-8.36247e-05
4.59179e-10	-7.94913e-05
4.59302e-10	-7.53518e-05
4.59424e-10	-7.12062e-05
4.59546e-10	-6.70545e-05
4.59668e-10	-6.28968e-05
4.59791e-10	-5.87331e-05
4.59913e-10	-5.45633e-05
4.60035e-10	-5.03875e-05
4.60157e-10	-4.62056e-05
4.6028e-10	-4.20178e-05
4.60402e-10	-3.7824e-05
4.60524e-10	-3.36241e-05
4.60646e-10	-2.94183e-05
4.60768e-10	-2.52065e-05
4.60891e-10	-2.09888e-05
4.61013e-10	-1.67651e-05
4.61135e-10	-1.25354e-05
4.61257e-10	-8.29984e-06
4.6138e-10	-4.05832e-06
4.61502e-10	1.89109e-07
4.61624e-10	4.44245e-06
4.61746e-10	8.70169e-06
4.61869e-10	1.29668e-05
4.61991e-10	1.72378e-05
4.62113e-10	2.15147e-05
4.62235e-10	2.57974e-05
4.62358e-10	3.0086e-05
4.6248e-10	3.43805e-05
4.62602e-10	3.86807e-05
4.62724e-10	4.29868e-05
4.62847e-10	4.72987e-05
4.62969e-10	5.16164e-05
4.63091e-10	5.59399e-05
4.63213e-10	6.02692e-05
4.63335e-10	6.46043e-05
4.63458e-10	6.89451e-05
4.6358e-10	7.32916e-05
4.63702e-10	7.76439e-05
4.63824e-10	8.2002e-05
4.63947e-10	8.63658e-05
4.64069e-10	9.07352e-05
4.64191e-10	9.51104e-05
4.64313e-10	9.94913e-05
4.64436e-10	0.000103878
4.64558e-10	0.00010827
4.6468e-10	0.000112668
4.64802e-10	0.000117072
4.64925e-10	0.000121481
4.65047e-10	0.000125896
4.65169e-10	0.000130316
4.65291e-10	0.000134742
4.65413e-10	0.000139174
4.65536e-10	0.000143611
4.65658e-10	0.000148054
4.6578e-10	0.000152502
4.65902e-10	0.000156956
4.66025e-10	0.000161415
4.66147e-10	0.00016588
4.66269e-10	0.000170351
4.66391e-10	0.000174827
4.66514e-10	0.000179309
4.66636e-10	0.000183796
4.66758e-10	0.000188288
4.6688e-10	0.000192786
4.67003e-10	0.00019729
4.67125e-10	0.000201799
4.67247e-10	0.000206313
4.67369e-10	0.000210833
4.67491e-10	0.000215358
4.67614e-10	0.000219888
4.67736e-10	0.000224424
4.67858e-10	0.000228966
4.6798e-10	0.000233512
4.68103e-10	0.000238065
4.68225e-10	0.000242622
4.68347e-10	0.000247185
4.68469e-10	0.000251753
4.68592e-10	0.000256326
4.68714e-10	0.000260905
4.68836e-10	0.000265489
4.68958e-10	0.000270078
4.69081e-10	0.000274673
4.69203e-10	0.000279272
4.69325e-10	0.000283877
4.69447e-10	0.000288488
4.69569e-10	0.000293103
4.69692e-10	0.000297724
4.69814e-10	0.00030235
4.69936e-10	0.000306981
4.70058e-10	0.000311617
4.70181e-10	0.000316258
4.70303e-10	0.000320905
4.70425e-10	0.000325557
4.70547e-10	0.000330213
4.7067e-10	0.000334875
4.70792e-10	0.000339542
4.70914e-10	0.000344214
4.71036e-10	0.000348891
4.71159e-10	0.000353574
4.71281e-10	0.000358261
4.71403e-10	0.000362953
4.71525e-10	0.00036765
4.71647e-10	0.000372353
4.7177e-10	0.00037706
4.71892e-10	0.000381772
4.72014e-10	0.00038649
4.72136e-10	0.000391212
4.72259e-10	0.000395939
4.72381e-10	0.000400671
4.72503e-10	0.000405408
4.72625e-10	0.00041015
4.72748e-10	0.000414897
4.7287e-10	0.000419649
4.72992e-10	0.000424406
4.73114e-10	0.000429167
4.73237e-10	0.000433933
4.73359e-10	0.000438704
4.73481e-10	0.00044348
4.73603e-10	0.000448261
4.73726e-10	0.000453047
4.73848e-10	0.000457837
4.7397e-10	0.000462632
4.74092e-10	0.000467432
4.74214e-10	0.000472237
4.74337e-10	0.000477046
4.74459e-10	0.00048186
4.74581e-10	0.000486679
4.74703e-10	0.000491502
4.74826e-10	0.00049633
4.74948e-10	0.000501163
4.7507e-10	0.000506001
4.75192e-10	0.000510843
4.75315e-10	0.000515689
4.75437e-10	0.000520541
4.75559e-10	0.000525396
4.75681e-10	0.000530257
4.75804e-10	0.000535122
4.75926e-10	0.000539991
4.76048e-10	0.000544865
4.7617e-10	0.000549744
4.76292e-10	0.000554627
4.76415e-10	0.000559515
4.76537e-10	0.000564407
4.76659e-10	0.000569304
4.76781e-10	0.000574205
4.76904e-10	0.00057911
4.77026e-10	0.00058402
4.77148e-10	0.000588934
4.7727e-10	0.000593853
4.77393e-10	0.000598776
4.77515e-10	0.000603703
4.77637e-10	0.000608635
4.77759e-10	0.000613571
4.77882e-10	0.000618512
4.78004e-10	0.000623457
4.78126e-10	0.000628406
4.78248e-10	0.000633359
4.7837e-10	0.000638317
4.78493e-10	0.000643278
4.78615e-10	0.000648245
4.78737e-10	0.000653215
4.78859e-10	0.000658189
4.78982e-10	0.000663168
4.79104e-10	0.000668151
4.79226e-10	0.000673138
4.79348e-10	0.000678129
4.79471e-10	0.000683125
4.79593e-10	0.000688124
4.79715e-10	0.000693128
4.79837e-10	0.000698135
4.7996e-10	0.000703147
4.80082e-10	0.000708163
4.80204e-10	0.000713183
4.80326e-10	0.000718207
4.80448e-10	0.000723234
4.80571e-10	0.000728266
4.80693e-10	0.000733302
4.80815e-10	0.000738342
4.80937e-10	0.000743386
4.8106e-10	0.000748434
4.81182e-10	0.000753485
4.81304e-10	0.000758541
4.81426e-10	0.0007636
4.81549e-10	0.000768664
4.81671e-10	0.000773731
4.81793e-10	0.000778802
4.81915e-10	0.000783877
4.82038e-10	0.000788955
4.8216e-10	0.000794038
4.82282e-10	0.000799124
4.82404e-10	0.000804214
4.82526e-10	0.000809308
4.82649e-10	0.000814405
4.82771e-10	0.000819506
4.82893e-10	0.000824611
4.83015e-10	0.00082972
4.83138e-10	0.000834832
4.8326e-10	0.000839948
4.83382e-10	0.000845068
4.83504e-10	0.000850191
4.83627e-10	0.000855318
4.83749e-10	0.000860448
4.83871e-10	0.000865582
4.83993e-10	0.000870719
4.84116e-10	0.00087586
4.84238e-10	0.000881005
4.8436e-10	0.000886153
4.84482e-10	0.000891305
4.84605e-10	0.00089646
4.84727e-10	0.000901618
4.84849e-10	0.00090678
4.84971e-10	0.000911945
4.85093e-10	0.000917114
4.85216e-10	0.000922286
4.85338e-10	0.000927462
4.8546e-10	0.000932641
4.85582e-10	0.000937823
4.85705e-10	0.000943009
4.85827e-10	0.000948197
4.85949e-10	0.00095339
4.86071e-10	0.000958585
4.86194e-10	0.000963784
4.86316e-10	0.000968986
4.86438e-10	0.000974191
4.8656e-10	0.000979399
4.86683e-10	0.000984611
4.86805e-10	0.000989825
4.86927e-10	0.000995043
4.87049e-10	0.00100026
4.87171e-10	0.00100549
4.87294e-10	0.00101072
4.87416e-10	0.00101595
4.87538e-10	0.00102118
4.8766e-10	0.00102642
4.87783e-10	0.00103166
4.87905e-10	0.0010369
4.88027e-10	0.00104214
4.88149e-10	0.00104739
4.88272e-10	0.00105264
4.88394e-10	0.0010579
4.88516e-10	0.00106316
4.88638e-10	0.00106842
4.88761e-10	0.00107368
4.88883e-10	0.00107894
4.89005e-10	0.00108421
4.89127e-10	0.00108949
4.89249e-10	0.00109476
4.89372e-10	0.00110004
4.89494e-10	0.00110532
4.89616e-10	0.0011106
4.89738e-10	0.00111589
4.89861e-10	0.00112117
4.89983e-10	0.00112647
4.90105e-10	0.00113176
4.90227e-10	0.00113706
4.9035e-10	0.00114235
4.90472e-10	0.00114766
4.90594e-10	0.00115296
4.90716e-10	0.00115827
4.90839e-10	0.00116358
4.90961e-10	0.00116889
4.91083e-10	0.0011742
4.91205e-10	0.00117952
4.91327e-10	0.00118484
4.9145e-10	0.00119016
4.91572e-10	0.00119549
4.91694e-10	0.00120082
4.91816e-10	0.00120614
4.91939e-10	0.00121148
4.92061e-10	0.00121681
4.92183e-10	0.00122215
4.92305e-10	0.00122749
4.92428e-10	0.00123283
4.9255e-10	0.00123817
4.92672e-10	0.00124352
4.92794e-10	0.00124887
4.92917e-10	0.00125422
4.93039e-10	0.00125957
4.93161e-10	0.00126493
4.93283e-10	0.00127028
4.93405e-10	0.00127564
4.93528e-10	0.00128101
4.9365e-10	0.00128637
4.93772e-10	0.00129174
4.93894e-10	0.0012971
4.94017e-10	0.00130247
4.94139e-10	0.00130785
4.94261e-10	0.00131322
4.94383e-10	0.0013186
4.94506e-10	0.00132398
4.94628e-10	0.00132936
4.9475e-10	0.00133474
4.94872e-10	0.00134012
4.94995e-10	0.00134551
4.95117e-10	0.0013509
4.95239e-10	0.00135629
4.95361e-10	0.00136168
4.95484e-10	0.00136707
4.95606e-10	0.00137247
4.95728e-10	0.00137787
4.9585e-10	0.00138327
4.95972e-10	0.00138867
4.96095e-10	0.00139407
4.96217e-10	0.00139948
4.96339e-10	0.00140488
4.96461e-10	0.00141029
4.96584e-10	0.0014157
4.96706e-10	0.00142111
4.96828e-10	0.00142653
4.9695e-10	0.00143194
4.97073e-10	0.00143736
4.97195e-10	0.00144278
4.97317e-10	0.0014482
4.97439e-10	0.00145362
4.97562e-10	0.00145904
4.97684e-10	0.00146446
4.97806e-10	0.00146989
4.97928e-10	0.00147532
4.9805e-10	0.00148075
4.98173e-10	0.00148618
4.98295e-10	0.00149161
4.98417e-10	0.00149704
4.98539e-10	0.00150247
4.98662e-10	0.00150791
4.98784e-10	0.00151335
4.98906e-10	0.00151878
4.99028e-10	0.00152422
4.99151e-10	0.00152966
4.99273e-10	0.00153511
4.99395e-10	0.00154055
4.99517e-10	0.00154599
4.9964e-10	0.00155144
4.99762e-10	0.00155689
4.99884e-10	0.00156233
5.00006e-10	0.00156778
5.00128e-10	0.00157323
5.00251e-10	0.00157868
5.00373e-10	0.00158414
5.00495e-10	0.00158959
5.00617e-10	0.00159504
5.0074e-10	0.0016005
5.00862e-10	0.00160596
5.00984e-10	0.00161141
5.01106e-10	0.00161687
5.01229e-10	0.00162233
5.01351e-10	0.00162779
5.01473e-10	0.00163325
5.01595e-10	0.00163871
5.01718e-10	0.00164417
5.0184e-10	0.00164964
5.01962e-10	0.0016551
5.02084e-10	0.00166057
5.02206e-10	0.00166603
5.02329e-10	0.0016715
5.02451e-10	0.00167697
5.02573e-10	0.00168243
5.02695e-10	0.0016879
5.02818e-10	0.00169337
5.0294e-10	0.00169884
5.03062e-10	0.00170431
5.03184e-10	0.00170978
5.03307e-10	0.00171525
5.03429e-10	0.00172072
5.03551e-10	0.00172619
5.03673e-10	0.00173167
5.03796e-10	0.00173714
5.03918e-10	0.00174261
5.0404e-10	0.00174809
5.04162e-10	0.00175356
5.04285e-10	0.00175904
5.04407e-10	0.00176451
5.04529e-10	0.00176999
5.04651e-10	0.00177546
5.04773e-10	0.00178094
5.04896e-10	0.00178642
5.05018e-10	0.00179189
5.0514e-10	0.00179737
5.05262e-10	0.00180285
5.05385e-10	0.00180832
5.05507e-10	0.0018138
5.05629e-10	0.00181928
5.05751e-10	0.00182475
5.05874e-10	0.00183023
5.05996e-10	0.00183571
5.06118e-10	0.00184119
5.0624e-10	0.00184666
5.06363e-10	0.00185214
5.06485e-10	0.00185762
5.06607e-10	0.0018631
5.06729e-10	0.00186857
5.06851e-10	0.00187405
5.06974e-10	0.00187953
5.07096e-10	0.00188501
5.07218e-10	0.00189048
5.0734e-10	0.00189596
5.07463e-10	0.00190144
5.07585e-10	0.00190691
5.07707e-10	0.00191239
5.07829e-10	0.00191786
5.07952e-10	0.00192334
5.08074e-10	0.00192881
5.08196e-10	0.00193429
5.08318e-10	0.00193976
5.08441e-10	0.00194524
5.08563e-10	0.00195071
5.08685e-10	0.00195618
5.08807e-10	0.00196166
5.08929e-10	0.00196713
5.09052e-10	0.0019726
5.09174e-10	0.00197807
5.09296e-10	0.00198354
5.09418e-10	0.00198901
5.09541e-10	0.00199448
5.09663e-10	0.00199995
5.09785e-10	0.00200542
5.09907e-10	0.00201088
5.1003e-10	0.00201635
5.10152e-10	0.00202182
5.10274e-10	0.00202728
5.10396e-10	0.00203275
5.10519e-10	0.00203821
5.10641e-10	0.00204367
5.10763e-10	0.00204913
5.10885e-10	0.0020546
5.11007e-10	0.00206006
5.1113e-10	0.00206551
5.11252e-10	0.00207097
5.11374e-10	0.00207643
5.11496e-10	0.00208189
5.11619e-10	0.00208734
5.11741e-10	0.0020928
5.11863e-10	0.00209825
5.11985e-10	0.0021037
5.12108e-10	0.00210915
5.1223e-10	0.0021146
5.12352e-10	0.00212005
5.12474e-10	0.0021255
5.12597e-10	0.00213095
5.12719e-10	0.00213639
5.12841e-10	0.00214184
5.12963e-10	0.00214728
5.13085e-10	0.00215272
5.13208e-10	0.00215816
5.1333e-10	0.0021636
5.13452e-10	0.00216904
5.13574e-10	0.00217447
5.13697e-10	0.00217991
5.13819e-10	0.00218534
5.13941e-10	0.00219077
5.14063e-10	0.0021962
5.14186e-10	0.00220163
5.14308e-10	0.00220706
5.1443e-10	0.00221248
5.14552e-10	0.00221791
5.14675e-10	0.00222333
5.14797e-10	0.00222875
5.14919e-10	0.00223417
5.15041e-10	0.00223959
5.15164e-10	0.002245
5.15286e-10	0.00225042
5.15408e-10	0.00225583
5.1553e-10	0.00226124
5.15652e-10	0.00226665
5.15775e-10	0.00227206
5.15897e-10	0.00227746
5.16019e-10	0.00228286
5.16141e-10	0.00228827
5.16264e-10	0.00229366
5.16386e-10	0.00229906
5.16508e-10	0.00230446
5.1663e-10	0.00230985
5.16753e-10	0.00231524
5.16875e-10	0.00232063
5.16997e-10	0.00232602
5.17119e-10	0.0023314
5.17242e-10	0.00233679
5.17364e-10	0.00234217
5.17486e-10	0.00234755
5.17608e-10	0.00235292
5.1773e-10	0.0023583
5.17853e-10	0.00236367
5.17975e-10	0.00236904
5.18097e-10	0.00237441
5.18219e-10	0.00237977
5.18342e-10	0.00238514
5.18464e-10	0.0023905
5.18586e-10	0.00239585
5.18708e-10	0.00240121
5.18831e-10	0.00240656
5.18953e-10	0.00241191
5.19075e-10	0.00241726
5.19197e-10	0.00242261
5.1932e-10	0.00242795
5.19442e-10	0.00243329
5.19564e-10	0.00243863
5.19686e-10	0.00244396
5.19808e-10	0.0024493
5.19931e-10	0.00245463
5.20053e-10	0.00245995
5.20175e-10	0.00246528
5.20297e-10	0.0024706
5.2042e-10	0.00247592
5.20542e-10	0.00248123
5.20664e-10	0.00248655
5.20786e-10	0.00249186
5.20909e-10	0.00249717
5.21031e-10	0.00250247
5.21153e-10	0.00250777
5.21275e-10	0.00251307
5.21398e-10	0.00251837
5.2152e-10	0.00252366
5.21642e-10	0.00252895
5.21764e-10	0.00253424
5.21886e-10	0.00253952
5.22009e-10	0.0025448
5.22131e-10	0.00255008
5.22253e-10	0.00255535
5.22375e-10	0.00256062
5.22498e-10	0.00256589
5.2262e-10	0.00257116
5.22742e-10	0.00257642
5.22864e-10	0.00258167
5.22987e-10	0.00258693
5.23109e-10	0.00259218
5.23231e-10	0.00259743
5.23353e-10	0.00260267
5.23476e-10	0.00260791
5.23598e-10	0.00261315
5.2372e-10	0.00261839
5.23842e-10	0.00262362
5.23964e-10	0.00262884
5.24087e-10	0.00263407
5.24209e-10	0.00263929
5.24331e-10	0.0026445
5.24453e-10	0.00264972
5.24576e-10	0.00265492
5.24698e-10	0.00266013
5.2482e-10	0.00266533
5.24942e-10	0.00267053
5.25065e-10	0.00267572
5.25187e-10	0.00268091
5.25309e-10	0.0026861
5.25431e-10	0.00269128
5.25554e-10	0.00269646
5.25676e-10	0.00270164
5.25798e-10	0.00270681
5.2592e-10	0.00271198
5.26043e-10	0.00271714
5.26165e-10	0.0027223
5.26287e-10	0.00272745
5.26409e-10	0.0027326
5.26531e-10	0.00273775
5.26654e-10	0.00274289
5.26776e-10	0.00274803
5.26898e-10	0.00275317
5.2702e-10	0.0027583
5.27143e-10	0.00276342
5.27265e-10	0.00276854
5.27387e-10	0.00277366
5.27509e-10	0.00277878
5.27632e-10	0.00278388
5.27754e-10	0.00278899
5.27876e-10	0.00279409
5.27998e-10	0.00279919
5.28121e-10	0.00280428
5.28243e-10	0.00280936
5.28365e-10	0.00281445
5.28487e-10	0.00281952
5.28609e-10	0.0028246
5.28732e-10	0.00282967
5.28854e-10	0.00283473
5.28976e-10	0.00283979
5.29098e-10	0.00284484
5.29221e-10	0.0028499
5.29343e-10	0.00285494
5.29465e-10	0.00285998
5.29587e-10	0.00286502
5.2971e-10	0.00287005
5.29832e-10	0.00287508
5.29954e-10	0.0028801
5.30076e-10	0.00288511
5.30199e-10	0.00289013
5.30321e-10	0.00289513
5.30443e-10	0.00290014
5.30565e-10	0.00290513
5.30687e-10	0.00291012
5.3081e-10	0.00291511
5.30932e-10	0.00292009
5.31054e-10	0.00292507
5.31176e-10	0.00293004
5.31299e-10	0.00293501
5.31421e-10	0.00293997
5.31543e-10	0.00294493
5.31665e-10	0.00294988
5.31788e-10	0.00295482
5.3191e-10	0.00295977
5.32032e-10	0.0029647
5.32154e-10	0.00296963
5.32277e-10	0.00297456
5.32399e-10	0.00297947
5.32521e-10	0.00298439
5.32643e-10	0.0029893
5.32765e-10	0.0029942
5.32888e-10	0.0029991
5.3301e-10	0.00300399
5.33132e-10	0.00300888
5.33254e-10	0.00301376
5.33377e-10	0.00301863
5.33499e-10	0.0030235
5.33621e-10	0.00302837
5.33743e-10	0.00303322
5.33866e-10	0.00303808
5.33988e-10	0.00304292
5.3411e-10	0.00304777
5.34232e-10	0.0030526
5.34355e-10	0.00305743
5.34477e-10	0.00306225
5.34599e-10	0.00306707
5.34721e-10	0.00307188
5.34843e-10	0.00307669
5.34966e-10	0.00308149
5.35088e-10	0.00308628
5.3521e-10	0.00309107
5.35332e-10	0.00309585
5.35455e-10	0.00310063
5.35577e-10	0.0031054
5.35699e-10	0.00311016
5.35821e-10	0.00311492
5.35944e-10	0.00311967
5.36066e-10	0.00312442
5.36188e-10	0.00312916
5.3631e-10	0.00313389
5.36433e-10	0.00313862
5.36555e-10	0.00314334
5.36677e-10	0.00314805
5.36799e-10	0.00315276
5.36922e-10	0.00315746
5.37044e-10	0.00316215
5.37166e-10	0.00316684
5.37288e-10	0.00317152
5.3741e-10	0.0031762
5.37533e-10	0.00318087
5.37655e-10	0.00318553
5.37777e-10	0.00319019
5.37899e-10	0.00319484
5.38022e-10	0.00319948
5.38144e-10	0.00320411
5.38266e-10	0.00320874
5.38388e-10	0.00321336
5.38511e-10	0.00321798
5.38633e-10	0.00322259
5.38755e-10	0.00322719
5.38877e-10	0.00323178
5.39e-10	0.00323637
5.39122e-10	0.00324095
5.39244e-10	0.00324553
5.39366e-10	0.0032501
5.39488e-10	0.00325466
5.39611e-10	0.00325921
5.39733e-10	0.00326376
5.39855e-10	0.00326829
5.39977e-10	0.00327283
5.401e-10	0.00327735
5.40222e-10	0.00328187
5.40344e-10	0.00328638
5.40466e-10	0.00329088
5.40589e-10	0.00329538
5.40711e-10	0.00329987
5.40833e-10	0.00330435
5.40955e-10	0.00330883
5.41078e-10	0.00331329
5.412e-10	0.00331775
5.41322e-10	0.0033222
5.41444e-10	0.00332665
5.41566e-10	0.00333109
5.41689e-10	0.00333552
5.41811e-10	0.00333994
5.41933e-10	0.00334435
5.42055e-10	0.00334876
5.42178e-10	0.00335316
5.423e-10	0.00335755
5.42422e-10	0.00336194
5.42544e-10	0.00336631
5.42667e-10	0.00337068
5.42789e-10	0.00337504
5.42911e-10	0.0033794
5.43033e-10	0.00338374
5.43156e-10	0.00338808
5.43278e-10	0.00339241
5.434e-10	0.00339673
5.43522e-10	0.00340105
5.43644e-10	0.00340535
5.43767e-10	0.00340965
5.43889e-10	0.00341394
5.44011e-10	0.00341823
5.44133e-10	0.0034225
5.44256e-10	0.00342677
5.44378e-10	0.00343102
5.445e-10	0.00343527
5.44622e-10	0.00343952
5.44745e-10	0.00344375
5.44867e-10	0.00344798
5.44989e-10	0.00345219
5.45111e-10	0.0034564
5.45234e-10	0.0034606
5.45356e-10	0.00346479
5.45478e-10	0.00346898
5.456e-10	0.00347315
5.45722e-10	0.00347732
5.45845e-10	0.00348148
5.45967e-10	0.00348563
5.46089e-10	0.00348977
5.46211e-10	0.0034939
5.46334e-10	0.00349803
5.46456e-10	0.00350215
5.46578e-10	0.00350625
5.467e-10	0.00351035
5.46823e-10	0.00351444
5.46945e-10	0.00351852
5.47067e-10	0.0035226
5.47189e-10	0.00352666
5.47312e-10	0.00353072
5.47434e-10	0.00353476
5.47556e-10	0.0035388
5.47678e-10	0.00354283
5.47801e-10	0.00354685
5.47923e-10	0.00355086
5.48045e-10	0.00355486
5.48167e-10	0.00355885
5.48289e-10	0.00356284
5.48412e-10	0.00356681
5.48534e-10	0.00357078
5.48656e-10	0.00357474
5.48778e-10	0.00357868
5.48901e-10	0.00358262
5.49023e-10	0.00358655
5.49145e-10	0.00359047
5.49267e-10	0.00359438
5.4939e-10	0.00359828
5.49512e-10	0.00360218
5.49634e-10	0.00360606
5.49756e-10	0.00360993
5.49879e-10	0.0036138
5.50001e-10	0.00361765
5.50123e-10	0.0036215
5.50245e-10	0.00362533
5.50367e-10	0.00362916
5.5049e-10	0.00363298
5.50612e-10	0.00363679
5.50734e-10	0.00364058
5.50856e-10	0.00364437
5.50979e-10	0.00364815
5.51101e-10	0.00365192
5.51223e-10	0.00365568
5.51345e-10	0.00365943
5.51468e-10	0.00366317
5.5159e-10	0.0036669
5.51712e-10	0.00367062
5.51834e-10	0.00367433
5.51957e-10	0.00367803
5.52079e-10	0.00368172
5.52201e-10	0.0036854
5.52323e-10	0.00368907
5.52445e-10	0.00369273
5.52568e-10	0.00369639
5.5269e-10	0.00370003
5.52812e-10	0.00370366
5.52934e-10	0.00370728
5.53057e-10	0.00371089
5.53179e-10	0.00371449
5.53301e-10	0.00371808
5.53423e-10	0.00372166
5.53546e-10	0.00372523
5.53668e-10	0.00372879
5.5379e-10	0.00373234
5.53912e-10	0.00373588
5.54035e-10	0.00373941
5.54157e-10	0.00374293
5.54279e-10	0.00374644
5.54401e-10	0.00374993
5.54523e-10	0.00375342
5.54646e-10	0.0037569
5.54768e-10	0.00376036
5.5489e-10	0.00376382
5.55012e-10	0.00376727
5.55135e-10	0.0037707
5.55257e-10	0.00377412
5.55379e-10	0.00377754
5.55501e-10	0.00378094
5.55624e-10	0.00378433
5.55746e-10	0.00378771
5.55868e-10	0.00379109
5.5599e-10	0.00379445
5.56113e-10	0.00379779
5.56235e-10	0.00380113
5.56357e-10	0.00380446
5.56479e-10	0.00380778
5.56601e-10	0.00381108
5.56724e-10	0.00381438
5.56846e-10	0.00381766
5.56968e-10	0.00382093
5.5709e-10	0.0038242
5.57213e-10	0.00382745
5.57335e-10	0.00383069
5.57457e-10	0.00383391
5.57579e-10	0.00383713
5.57702e-10	0.00384034
5.57824e-10	0.00384353
5.57946e-10	0.00384672
5.58068e-10	0.00384989
5.58191e-10	0.00385305
5.58313e-10	0.0038562
5.58435e-10	0.00385934
5.58557e-10	0.00386247
5.5868e-10	0.00386558
5.58802e-10	0.00386869
5.58924e-10	0.00387178
5.59046e-10	0.00387486
5.59168e-10	0.00387793
5.59291e-10	0.00388099
5.59413e-10	0.00388404
5.59535e-10	0.00388707
5.59657e-10	0.0038901
5.5978e-10	0.00389311
5.59902e-10	0.00389611
5.60024e-10	0.0038991
5.60146e-10	0.00390207
5.60269e-10	0.00390504
5.60391e-10	0.00390799
5.60513e-10	0.00391093
5.60635e-10	0.00391386
5.60758e-10	0.00391678
5.6088e-10	0.00391969
5.61002e-10	0.00392258
5.61124e-10	0.00392547
5.61246e-10	0.00392834
5.61369e-10	0.00393119
5.61491e-10	0.00393404
5.61613e-10	0.00393687
5.61735e-10	0.0039397
5.61858e-10	0.00394251
5.6198e-10	0.00394531
5.62102e-10	0.00394809
5.62224e-10	0.00395086
5.62347e-10	0.00395363
5.62469e-10	0.00395638
5.62591e-10	0.00395911
5.62713e-10	0.00396184
5.62836e-10	0.00396455
5.62958e-10	0.00396725
5.6308e-10	0.00396994
5.63202e-10	0.00397261
5.63324e-10	0.00397527
5.63447e-10	0.00397792
5.63569e-10	0.00398056
5.63691e-10	0.00398319
5.63813e-10	0.0039858
5.63936e-10	0.0039884
5.64058e-10	0.00399099
5.6418e-10	0.00399356
5.64302e-10	0.00399613
5.64425e-10	0.00399868
5.64547e-10	0.00400121
5.64669e-10	0.00400374
5.64791e-10	0.00400625
5.64914e-10	0.00400875
5.65036e-10	0.00401123
5.65158e-10	0.00401371
5.6528e-10	0.00401617
5.65402e-10	0.00401861
5.65525e-10	0.00402105
5.65647e-10	0.00402347
5.65769e-10	0.00402588
5.65891e-10	0.00402827
5.66014e-10	0.00403066
5.66136e-10	0.00403302
5.66258e-10	0.00403538
5.6638e-10	0.00403772
5.66503e-10	0.00404005
5.66625e-10	0.00404237
5.66747e-10	0.00404467
5.66869e-10	0.00404696
5.66992e-10	0.00404924
5.67114e-10	0.00405151
5.67236e-10	0.00405376
5.67358e-10	0.00405599
5.6748e-10	0.00405822
5.67603e-10	0.00406043
5.67725e-10	0.00406263
5.67847e-10	0.00406481
5.67969e-10	0.00406698
5.68092e-10	0.00406914
5.68214e-10	0.00407128
5.68336e-10	0.00407341
5.68458e-10	0.00407553
5.68581e-10	0.00407763
5.68703e-10	0.00407972
5.68825e-10	0.00408179
5.68947e-10	0.00408386
5.6907e-10	0.0040859
5.69192e-10	0.00408794
5.69314e-10	0.00408996
5.69436e-10	0.00409197
5.69559e-10	0.00409396
5.69681e-10	0.00409594
5.69803e-10	0.0040979
5.69925e-10	0.00409986
5.70047e-10	0.00410179
5.7017e-10	0.00410372
5.70292e-10	0.00410563
5.70414e-10	0.00410752
5.70536e-10	0.0041094
5.70659e-10	0.00411127
5.70781e-10	0.00411313
5.70903e-10	0.00411497
5.71025e-10	0.00411679
5.71148e-10	0.0041186
5.7127e-10	0.0041204
5.71392e-10	0.00412218
5.71514e-10	0.00412395
5.71637e-10	0.00412571
5.71759e-10	0.00412745
5.71881e-10	0.00412917
5.72003e-10	0.00413089
5.72125e-10	0.00413258
5.72248e-10	0.00413427
5.7237e-10	0.00413594
5.72492e-10	0.00413759
5.72614e-10	0.00413923
5.72737e-10	0.00414085
5.72859e-10	0.00414247
5.72981e-10	0.00414406
5.73103e-10	0.00414564
5.73226e-10	0.00414721
5.73348e-10	0.00414876
5.7347e-10	0.0041503
5.73592e-10	0.00415182
5.73715e-10	0.00415333
5.73837e-10	0.00415483
5.73959e-10	0.00415631
5.74081e-10	0.00415777
5.74203e-10	0.00415922
5.74326e-10	0.00416066
5.74448e-10	0.00416208
5.7457e-10	0.00416348
5.74692e-10	0.00416487
5.74815e-10	0.00416625
5.74937e-10	0.00416761
5.75059e-10	0.00416895
5.75181e-10	0.00417029
5.75304e-10	0.0041716
5.75426e-10	0.0041729
5.75548e-10	0.00417419
5.7567e-10	0.00417546
5.75793e-10	0.00417671
5.75915e-10	0.00417795
5.76037e-10	0.00417918
5.76159e-10	0.00418039
5.76281e-10	0.00418158
5.76404e-10	0.00418276
5.76526e-10	0.00418393
5.76648e-10	0.00418508
5.7677e-10	0.00418621
5.76893e-10	0.00418733
5.77015e-10	0.00418843
5.77137e-10	0.00418952
5.77259e-10	0.00419059
5.77382e-10	0.00419165
5.77504e-10	0.00419269
5.77626e-10	0.00419372
5.77748e-10	0.00419473
5.77871e-10	0.00419572
5.77993e-10	0.0041967
5.78115e-10	0.00419767
5.78237e-10	0.00419862
5.78359e-10	0.00419955
5.78482e-10	0.00420047
5.78604e-10	0.00420137
5.78726e-10	0.00420225
5.78848e-10	0.00420312
5.78971e-10	0.00420398
5.79093e-10	0.00420482
5.79215e-10	0.00420564
5.79337e-10	0.00420645
5.7946e-10	0.00420724
5.79582e-10	0.00420801
5.79704e-10	0.00420877
5.79826e-10	0.00420952
5.79949e-10	0.00421024
5.80071e-10	0.00421096
5.80193e-10	0.00421165
5.80315e-10	0.00421233
5.80438e-10	0.004213
5.8056e-10	0.00421364
5.80682e-10	0.00421428
5.80804e-10	0.00421489
5.80926e-10	0.00421549
5.81049e-10	0.00421607
5.81171e-10	0.00421664
5.81293e-10	0.00421719
5.81415e-10	0.00421773
5.81538e-10	0.00421825
5.8166e-10	0.00421875
5.81782e-10	0.00421923
5.81904e-10	0.0042197
5.82027e-10	0.00422016
5.82149e-10	0.00422059
5.82271e-10	0.00422101
5.82393e-10	0.00422142
5.82516e-10	0.00422181
5.82638e-10	0.00422218
5.8276e-10	0.00422253
5.82882e-10	0.00422287
5.83004e-10	0.00422319
5.83127e-10	0.0042235
5.83249e-10	0.00422379
5.83371e-10	0.00422406
5.83493e-10	0.00422432
5.83616e-10	0.00422456
5.83738e-10	0.00422478
5.8386e-10	0.00422499
5.83982e-10	0.00422517
5.84105e-10	0.00422535
5.84227e-10	0.0042255
5.84349e-10	0.00422564
5.84471e-10	0.00422576
5.84594e-10	0.00422587
5.84716e-10	0.00422596
5.84838e-10	0.00422603
5.8496e-10	0.00422609
5.85082e-10	0.00422612
5.85205e-10	0.00422614
5.85327e-10	0.00422615
5.85449e-10	0.00422614
5.85571e-10	0.00422611
5.85694e-10	0.00422606
5.85816e-10	0.004226
5.85938e-10	0.00422592
5.8606e-10	0.00422582
5.86183e-10	0.0042257
5.86305e-10	0.00422557
5.86427e-10	0.00422542
5.86549e-10	0.00422526
5.86672e-10	0.00422507
5.86794e-10	0.00422487
5.86916e-10	0.00422465
5.87038e-10	0.00422442
5.8716e-10	0.00422417
5.87283e-10	0.0042239
5.87405e-10	0.00422361
5.87527e-10	0.00422331
5.87649e-10	0.00422298
5.87772e-10	0.00422265
5.87894e-10	0.00422229
5.88016e-10	0.00422192
5.88138e-10	0.00422153
5.88261e-10	0.00422112
5.88383e-10	0.00422069
5.88505e-10	0.00422025
5.88627e-10	0.00421979
5.8875e-10	0.00421931
5.88872e-10	0.00421881
5.88994e-10	0.0042183
5.89116e-10	0.00421777
5.89239e-10	0.00421722
5.89361e-10	0.00421665
5.89483e-10	0.00421607
5.89605e-10	0.00421547
5.89727e-10	0.00421485
5.8985e-10	0.00421421
5.89972e-10	0.00421356
5.90094e-10	0.00421288
5.90216e-10	0.00421219
5.90339e-10	0.00421148
5.90461e-10	0.00421076
5.90583e-10	0.00421001
5.90705e-10	0.00420925
5.90828e-10	0.00420847
5.9095e-10	0.00420768
5.91072e-10	0.00420686
5.91194e-10	0.00420603
5.91317e-10	0.00420518
5.91439e-10	0.00420431
5.91561e-10	0.00420342
5.91683e-10	0.00420251
5.91805e-10	0.00420159
5.91928e-10	0.00420065
5.9205e-10	0.00419969
5.92172e-10	0.00419871
5.92294e-10	0.00419772
5.92417e-10	0.0041967
5.92539e-10	0.00419567
5.92661e-10	0.00419462
5.92783e-10	0.00419355
5.92906e-10	0.00419247
5.93028e-10	0.00419136
5.9315e-10	0.00419024
5.93272e-10	0.0041891
5.93395e-10	0.00418794
5.93517e-10	0.00418676
5.93639e-10	0.00418556
5.93761e-10	0.00418435
5.93883e-10	0.00418312
5.94006e-10	0.00418187
5.94128e-10	0.0041806
5.9425e-10	0.00417931
5.94372e-10	0.004178
5.94495e-10	0.00417668
5.94617e-10	0.00417533
5.94739e-10	0.00417397
5.94861e-10	0.00417259
5.94984e-10	0.00417119
5.95106e-10	0.00416978
5.95228e-10	0.00416834
5.9535e-10	0.00416689
5.95473e-10	0.00416541
5.95595e-10	0.00416392
5.95717e-10	0.00416241
5.95839e-10	0.00416088
5.95961e-10	0.00415933
5.96084e-10	0.00415777
5.96206e-10	0.00415618
5.96328e-10	0.00415458
5.9645e-10	0.00415296
5.96573e-10	0.00415132
5.96695e-10	0.00414966
5.96817e-10	0.00414798
5.96939e-10	0.00414628
5.97062e-10	0.00414456
5.97184e-10	0.00414283
5.97306e-10	0.00414107
5.97428e-10	0.0041393
5.97551e-10	0.00413751
5.97673e-10	0.0041357
5.97795e-10	0.00413387
5.97917e-10	0.00413202
5.98039e-10	0.00413015
5.98162e-10	0.00412826
5.98284e-10	0.00412636
5.98406e-10	0.00412443
5.98528e-10	0.00412249
5.98651e-10	0.00412053
5.98773e-10	0.00411855
5.98895e-10	0.00411654
5.99017e-10	0.00411452
5.9914e-10	0.00411249
5.99262e-10	0.00411043
5.99384e-10	0.00410835
5.99506e-10	0.00410625
5.99629e-10	0.00410414
5.99751e-10	0.004102
5.99873e-10	0.00409985
5.99995e-10	0.00409768
6.00118e-10	0.00409548
6.0024e-10	0.00409327
6.00362e-10	0.00409104
6.00484e-10	0.00408879
6.00606e-10	0.00408652
6.00729e-10	0.00408423
6.00851e-10	0.00408192
6.00973e-10	0.00407959
6.01095e-10	0.00407725
6.01218e-10	0.00407488
6.0134e-10	0.00407249
6.01462e-10	0.00407009
6.01584e-10	0.00406766
6.01707e-10	0.00406522
6.01829e-10	0.00406276
6.01951e-10	0.00406027
6.02073e-10	0.00405777
6.02196e-10	0.00405525
6.02318e-10	0.00405271
6.0244e-10	0.00405015
6.02562e-10	0.00404757
6.02684e-10	0.00404497
6.02807e-10	0.00404235
6.02929e-10	0.00403971
6.03051e-10	0.00403705
6.03173e-10	0.00403437
6.03296e-10	0.00403167
6.03418e-10	0.00402895
6.0354e-10	0.00402621
6.03662e-10	0.00402346
6.03785e-10	0.00402068
6.03907e-10	0.00401788
6.04029e-10	0.00401507
6.04151e-10	0.00401223
6.04274e-10	0.00400938
6.04396e-10	0.0040065
6.04518e-10	0.0040036
6.0464e-10	0.00400069
6.04762e-10	0.00399775
6.04885e-10	0.0039948
6.05007e-10	0.00399182
6.05129e-10	0.00398883
6.05251e-10	0.00398582
6.05374e-10	0.00398278
6.05496e-10	0.00397973
6.05618e-10	0.00397665
6.0574e-10	0.00397356
6.05863e-10	0.00397045
6.05985e-10	0.00396731
6.06107e-10	0.00396416
6.06229e-10	0.00396098
6.06352e-10	0.00395779
6.06474e-10	0.00395458
6.06596e-10	0.00395134
6.06718e-10	0.00394809
6.0684e-10	0.00394482
6.06963e-10	0.00394152
6.07085e-10	0.00393821
6.07207e-10	0.00393488
6.07329e-10	0.00393152
6.07452e-10	0.00392815
6.07574e-10	0.00392475
6.07696e-10	0.00392134
6.07818e-10	0.0039179
6.07941e-10	0.00391445
6.08063e-10	0.00391098
6.08185e-10	0.00390748
6.08307e-10	0.00390397
6.0843e-10	0.00390043
6.08552e-10	0.00389688
6.08674e-10	0.0038933
6.08796e-10	0.0038897
6.08918e-10	0.00388609
6.09041e-10	0.00388245
6.09163e-10	0.0038788
6.09285e-10	0.00387512
6.09407e-10	0.00387142
6.0953e-10	0.00386771
6.09652e-10	0.00386397
6.09774e-10	0.00386021
6.09896e-10	0.00385643
6.10019e-10	0.00385263
6.10141e-10	0.00384881
6.10263e-10	0.00384498
6.10385e-10	0.00384112
6.10508e-10	0.00383724
6.1063e-10	0.00383334
6.10752e-10	0.00382942
6.10874e-10	0.00382547
6.10997e-10	0.00382151
6.11119e-10	0.00381753
6.11241e-10	0.00381353
6.11363e-10	0.00380951
6.11485e-10	0.00380546
6.11608e-10	0.0038014
6.1173e-10	0.00379732
6.11852e-10	0.00379321
6.11974e-10	0.00378909
6.12097e-10	0.00378494
6.12219e-10	0.00378078
6.12341e-10	0.00377659
6.12463e-10	0.00377238
6.12586e-10	0.00376815
6.12708e-10	0.00376391
6.1283e-10	0.00375964
6.12952e-10	0.00375535
6.13075e-10	0.00375104
6.13197e-10	0.00374671
6.13319e-10	0.00374236
6.13441e-10	0.00373799
6.13563e-10	0.00373359
6.13686e-10	0.00372918
6.13808e-10	0.00372475
6.1393e-10	0.00372029
6.14052e-10	0.00371582
6.14175e-10	0.00371132
6.14297e-10	0.00370681
6.14419e-10	0.00370227
6.14541e-10	0.00369771
6.14664e-10	0.00369314
6.14786e-10	0.00368854
6.14908e-10	0.00368392
6.1503e-10	0.00367928
6.15153e-10	0.00367462
6.15275e-10	0.00366994
6.15397e-10	0.00366523
6.15519e-10	0.00366051
6.15641e-10	0.00365577
6.15764e-10	0.003651
6.15886e-10	0.00364622
6.16008e-10	0.00364141
6.1613e-10	0.00363658
6.16253e-10	0.00363174
6.16375e-10	0.00362687
6.16497e-10	0.00362198
6.16619e-10	0.00361707
6.16742e-10	0.00361214
6.16864e-10	0.00360719
6.16986e-10	0.00360222
6.17108e-10	0.00359722
6.17231e-10	0.00359221
6.17353e-10	0.00358717
6.17475e-10	0.00358212
6.17597e-10	0.00357704
6.17719e-10	0.00357195
6.17842e-10	0.00356683
6.17964e-10	0.00356169
6.18086e-10	0.00355653
6.18208e-10	0.00355135
6.18331e-10	0.00354615
6.18453e-10	0.00354092
6.18575e-10	0.00353568
6.18697e-10	0.00353042
6.1882e-10	0.00352513
6.18942e-10	0.00351983
6.19064e-10	0.0035145
6.19186e-10	0.00350915
6.19309e-10	0.00350378
6.19431e-10	0.00349839
6.19553e-10	0.00349298
6.19675e-10	0.00348755
6.19797e-10	0.0034821
6.1992e-10	0.00347662
6.20042e-10	0.00347113
6.20164e-10	0.00346561
6.20286e-10	0.00346008
6.20409e-10	0.00345452
6.20531e-10	0.00344894
6.20653e-10	0.00344334
6.20775e-10	0.00343772
6.20898e-10	0.00343208
6.2102e-10	0.00342642
6.21142e-10	0.00342074
6.21264e-10	0.00341503
6.21387e-10	0.00340931
6.21509e-10	0.00340356
6.21631e-10	0.0033978
6.21753e-10	0.00339201
6.21876e-10	0.0033862
6.21998e-10	0.00338037
6.2212e-10	0.00337452
6.22242e-10	0.00336864
6.22364e-10	0.00336275
6.22487e-10	0.00335684
6.22609e-10	0.0033509
6.22731e-10	0.00334495
6.22853e-10	0.00333897
6.22976e-10	0.00333297
6.23098e-10	0.00332695
6.2322e-10	0.00332091
6.23342e-10	0.00331485
6.23465e-10	0.00330877
6.23587e-10	0.00330266
6.23709e-10	0.00329654
6.23831e-10	0.00329039
6.23954e-10	0.00328423
6.24076e-10	0.00327804
6.24198e-10	0.00327183
6.2432e-10	0.0032656
6.24442e-10	0.00325935
6.24565e-10	0.00325308
6.24687e-10	0.00324678
6.24809e-10	0.00324047
6.24931e-10	0.00323414
6.25054e-10	0.00322778
6.25176e-10	0.0032214
6.25298e-10	0.003215
6.2542e-10	0.00320858
6.25543e-10	0.00320214
6.25665e-10	0.00319568
6.25787e-10	0.0031892
6.25909e-10	0.0031827
6.26032e-10	0.00317617
6.26154e-10	0.00316963
6.26276e-10	0.00316306
6.26398e-10	0.00315647
6.2652e-10	0.00314986
6.26643e-10	0.00314323
6.26765e-10	0.00313658
6.26887e-10	0.00312991
6.27009e-10	0.00312322
6.27132e-10	0.0031165
6.27254e-10	0.00310977
6.27376e-10	0.00310301
6.27498e-10	0.00309623
6.27621e-10	0.00308943
6.27743e-10	0.00308262
6.27865e-10	0.00307577
6.27987e-10	0.00306891
6.2811e-10	0.00306203
6.28232e-10	0.00305513
6.28354e-10	0.0030482
6.28476e-10	0.00304126
6.28598e-10	0.00303429
6.28721e-10	0.0030273
6.28843e-10	0.00302029
6.28965e-10	0.00301326
6.29087e-10	0.00300621
6.2921e-10	0.00299914
6.29332e-10	0.00299204
6.29454e-10	0.00298493
6.29576e-10	0.00297779
6.29699e-10	0.00297064
6.29821e-10	0.00296346
6.29943e-10	0.00295626
6.30065e-10	0.00294904
6.30188e-10	0.0029418
6.3031e-10	0.00293454
6.30432e-10	0.00292726
6.30554e-10	0.00291995
6.30676e-10	0.00291263
6.30799e-10	0.00290528
6.30921e-10	0.00289792
6.31043e-10	0.00289053
6.31165e-10	0.00288312
6.31288e-10	0.00287569
6.3141e-10	0.00286824
6.31532e-10	0.00286077
6.31654e-10	0.00285328
6.31777e-10	0.00284576
6.31899e-10	0.00283823
6.32021e-10	0.00283067
6.32143e-10	0.0028231
6.32266e-10	0.0028155
6.32388e-10	0.00280788
6.3251e-10	0.00280024
6.32632e-10	0.00279258
6.32755e-10	0.0027849
6.32877e-10	0.0027772
6.32999e-10	0.00276947
6.33121e-10	0.00276173
6.33243e-10	0.00275396
6.33366e-10	0.00274618
6.33488e-10	0.00273837
6.3361e-10	0.00273054
6.33732e-10	0.00272269
6.33855e-10	0.00271482
6.33977e-10	0.00270693
6.34099e-10	0.00269902
6.34221e-10	0.00269109
6.34344e-10	0.00268313
6.34466e-10	0.00267516
6.34588e-10	0.00266717
6.3471e-10	0.00265915
6.34833e-10	0.00265111
6.34955e-10	0.00264306
6.35077e-10	0.00263498
6.35199e-10	0.00262688
6.35321e-10	0.00261876
6.35444e-10	0.00261062
6.35566e-10	0.00260245
6.35688e-10	0.00259427
6.3581e-10	0.00258607
6.35933e-10	0.00257784
6.36055e-10	0.0025696
6.36177e-10	0.00256133
6.36299e-10	0.00255305
6.36422e-10	0.00254474
6.36544e-10	0.00253641
6.36666e-10	0.00252806
6.36788e-10	0.00251969
6.36911e-10	0.0025113
6.37033e-10	0.00250289
6.37155e-10	0.00249446
6.37277e-10	0.002486
6.37399e-10	0.00247753
6.37522e-10	0.00246904
6.37644e-10	0.00246052
6.37766e-10	0.00245199
6.37888e-10	0.00244343
6.38011e-10	0.00243485
6.38133e-10	0.00242626
6.38255e-10	0.00241764
6.38377e-10	0.002409
6.385e-10	0.00240034
6.38622e-10	0.00239166
6.38744e-10	0.00238296
6.38866e-10	0.00237424
6.38989e-10	0.0023655
6.39111e-10	0.00235673
6.39233e-10	0.00234795
6.39355e-10	0.00233915
6.39477e-10	0.00233032
6.396e-10	0.00232148
6.39722e-10	0.00231261
6.39844e-10	0.00230373
6.39966e-10	0.00229482
6.40089e-10	0.00228589
6.40211e-10	0.00227695
6.40333e-10	0.00226798
6.40455e-10	0.00225899
6.40578e-10	0.00224998
6.407e-10	0.00224095
6.40822e-10	0.0022319
6.40944e-10	0.00222283
6.41067e-10	0.00221374
6.41189e-10	0.00220463
6.41311e-10	0.0021955
6.41433e-10	0.00218635
6.41555e-10	0.00217717
6.41678e-10	0.00216798
6.418e-10	0.00215877
6.41922e-10	0.00214954
6.42044e-10	0.00214028
6.42167e-10	0.00213101
6.42289e-10	0.00212171
6.42411e-10	0.0021124
6.42533e-10	0.00210307
6.42656e-10	0.00209371
6.42778e-10	0.00208433
6.429e-10	0.00207494
6.43022e-10	0.00206552
6.43145e-10	0.00205609
6.43267e-10	0.00204663
6.43389e-10	0.00203715
6.43511e-10	0.00202766
6.43634e-10	0.00201814
6.43756e-10	0.0020086
6.43878e-10	0.00199905
6.44e-10	0.00198947
6.44122e-10	0.00197987
6.44245e-10	0.00197025
6.44367e-10	0.00196062
6.44489e-10	0.00195096
6.44611e-10	0.00194128
6.44734e-10	0.00193158
6.44856e-10	0.00192187
6.44978e-10	0.00191213
6.451e-10	0.00190237
6.45223e-10	0.00189259
6.45345e-10	0.00188279
6.45467e-10	0.00187298
6.45589e-10	0.00186314
6.45712e-10	0.00185328
6.45834e-10	0.0018434
6.45956e-10	0.00183351
6.46078e-10	0.00182359
6.462e-10	0.00181365
6.46323e-10	0.00180369
6.46445e-10	0.00179372
6.46567e-10	0.00178372
6.46689e-10	0.0017737
6.46812e-10	0.00176367
6.46934e-10	0.00175361
6.47056e-10	0.00174353
6.47178e-10	0.00173344
6.47301e-10	0.00172332
6.47423e-10	0.00171319
6.47545e-10	0.00170303
6.47667e-10	0.00169286
6.4779e-10	0.00168266
6.47912e-10	0.00167245
6.48034e-10	0.00166222
6.48156e-10	0.00165196
6.48278e-10	0.00164169
6.48401e-10	0.0016314
6.48523e-10	0.00162109
6.48645e-10	0.00161075
6.48767e-10	0.0016004
6.4889e-10	0.00159003
6.49012e-10	0.00157964
6.49134e-10	0.00156923
6.49256e-10	0.0015588
6.49379e-10	0.00154835
6.49501e-10	0.00153789
6.49623e-10	0.0015274
6.49745e-10	0.00151689
6.49868e-10	0.00150637
6.4999e-10	0.00149582
6.50112e-10	0.00148526
6.50234e-10	0.00147467
6.50356e-10	0.00146407
6.50479e-10	0.00145345
6.50601e-10	0.0014428
6.50723e-10	0.00143214
6.50845e-10	0.00142146
6.50968e-10	0.00141076
6.5109e-10	0.00140004
6.51212e-10	0.00138931
6.51334e-10	0.00137855
6.51457e-10	0.00136777
6.51579e-10	0.00135698
6.51701e-10	0.00134616
6.51823e-10	0.00133533
6.51946e-10	0.00132448
6.52068e-10	0.0013136
6.5219e-10	0.00130271
6.52312e-10	0.0012918
6.52434e-10	0.00128088
6.52557e-10	0.00126993
6.52679e-10	0.00125896
6.52801e-10	0.00124798
6.52923e-10	0.00123697
6.53046e-10	0.00122595
6.53168e-10	0.00121491
6.5329e-10	0.00120385
6.53412e-10	0.00119277
6.53535e-10	0.00118167
6.53657e-10	0.00117055
6.53779e-10	0.00115941
6.53901e-10	0.00114826
6.54024e-10	0.00113709
6.54146e-10	0.00112589
6.54268e-10	0.00111468
6.5439e-10	0.00110345
6.54513e-10	0.00109221
6.54635e-10	0.00108094
6.54757e-10	0.00106965
6.54879e-10	0.00105835
6.55001e-10	0.00104703
6.55124e-10	0.00103569
6.55246e-10	0.00102433
6.55368e-10	0.00101295
6.5549e-10	0.00100155
6.55613e-10	0.00099014
6.55735e-10	0.000978707
6.55857e-10	0.000967256
6.55979e-10	0.000955786
6.56102e-10	0.000944298
6.56224e-10	0.000932792
6.56346e-10	0.000921268
6.56468e-10	0.000909725
6.56591e-10	0.000898164
6.56713e-10	0.000886585
6.56835e-10	0.000874988
6.56957e-10	0.000863372
6.57079e-10	0.000851739
6.57202e-10	0.000840087
6.57324e-10	0.000828418
6.57446e-10	0.00081673
6.57568e-10	0.000805024
6.57691e-10	0.0007933
6.57813e-10	0.000781559
6.57935e-10	0.000769799
6.58057e-10	0.000758021
6.5818e-10	0.000746226
6.58302e-10	0.000734413
6.58424e-10	0.000722581
6.58546e-10	0.000710732
6.58669e-10	0.000698865
6.58791e-10	0.000686981
6.58913e-10	0.000675078
6.59035e-10	0.000663158
6.59157e-10	0.000651221
6.5928e-10	0.000639265
6.59402e-10	0.000627292
6.59524e-10	0.000615301
6.59646e-10	0.000603293
6.59769e-10	0.000591267
6.59891e-10	0.000579224
6.60013e-10	0.000567163
6.60135e-10	0.000555084
6.60258e-10	0.000542989
6.6038e-10	0.000530875
6.60502e-10	0.000518745
6.60624e-10	0.000506597
6.60747e-10	0.000494431
6.60869e-10	0.000482249
6.60991e-10	0.000470049
6.61113e-10	0.000457831
6.61235e-10	0.000445597
6.61358e-10	0.000433345
6.6148e-10	0.000421076
6.61602e-10	0.00040879
6.61724e-10	0.000396487
6.61847e-10	0.000384167
6.61969e-10	0.00037183
6.62091e-10	0.000359475
6.62213e-10	0.000347104
6.62336e-10	0.000334716
6.62458e-10	0.00032231
6.6258e-10	0.000309888
6.62702e-10	0.000297449
6.62825e-10	0.000284993
6.62947e-10	0.00027252
6.63069e-10	0.000260031
6.63191e-10	0.000247524
6.63313e-10	0.000235001
6.63436e-10	0.000222461
6.63558e-10	0.000209905
6.6368e-10	0.000197332
6.63802e-10	0.000184742
6.63925e-10	0.000172135
6.64047e-10	0.000159512
6.64169e-10	0.000146873
6.64291e-10	0.000134217
6.64414e-10	0.000121544
6.64536e-10	0.000108856
6.64658e-10	9.61502e-05
6.6478e-10	8.34285e-05
6.64903e-10	7.06904e-05
6.65025e-10	5.7936e-05
6.65147e-10	4.51654e-05
6.65269e-10	3.23784e-05
6.65392e-10	1.95753e-05
6.65514e-10	6.75593e-06
6.65636e-10	-6.07958e-06
6.65758e-10	-1.89312e-05
6.6588e-10	-3.1799e-05
6.66003e-10	-4.46828e-05
6.66125e-10	-5.75826e-05
6.66247e-10	-7.04985e-05
6.66369e-10	-8.34303e-05
6.66492e-10	-9.6378e-05
6.66614e-10	-0.000109342
6.66736e-10	-0.000122321
6.66858e-10	-0.000135317
6.66981e-10	-0.000148328
6.67103e-10	-0.000161355
6.67225e-10	-0.000174397
6.67347e-10	-0.000187456
6.6747e-10	-0.00020053
6.67592e-10	-0.00021362
6.67714e-10	-0.000226725
6.67836e-10	-0.000239846
6.67958e-10	-0.000252982
6.68081e-10	-0.000266134
6.68203e-10	-0.000279302
6.68325e-10	-0.000292485
6.68447e-10	-0.000305683
6.6857e-10	-0.000318896
6.68692e-10	-0.000332125
6.68814e-10	-0.00034537
6.68936e-10	-0.000358629
6.69059e-10	-0.000371904
6.69181e-10	-0.000385194
6.69303e-10	-0.000398499
6.69425e-10	-0.000411819
6.69548e-10	-0.000425155
6.6967e-10	-0.000438505
6.69792e-10	-0.000451871
6.69914e-10	-0.000465251
6.70036e-10	-0.000478647
6.70159e-10	-0.000492057
6.70281e-10	-0.000505482
6.70403e-10	-0.000518922
6.70525e-10	-0.000532377
6.70648e-10	-0.000545847
6.7077e-10	-0.000559331
6.70892e-10	-0.00057283
6.71014e-10	-0.000586344
6.71137e-10	-0.000599872
6.71259e-10	-0.000613415
6.71381e-10	-0.000626973
6.71503e-10	-0.000640545
6.71626e-10	-0.000654131
6.71748e-10	-0.000667732
6.7187e-10	-0.000681348
6.71992e-10	-0.000694977
6.72114e-10	-0.000708621
6.72237e-10	-0.00072228
6.72359e-10	-0.000735952
6.72481e-10	-0.000749639
6.72603e-10	-0.00076334
6.72726e-10	-0.000777056
6.72848e-10	-0.000790785
6.7297e-10	-0.000804528
6.73092e-10	-0.000818286
6.73215e-10	-0.000832057
6.73337e-10	-0.000845842
6.73459e-10	-0.000859642
6.73581e-10	-0.000873455
6.73704e-10	-0.000887282
6.73826e-10	-0.000901123
6.73948e-10	-0.000914977
6.7407e-10	-0.000928846
6.74193e-10	-0.000942728
6.74315e-10	-0.000956623
6.74437e-10	-0.000970532
6.74559e-10	-0.000984455
6.74681e-10	-0.000998392
6.74804e-10	-0.00101234
6.74926e-10	-0.0010263
6.75048e-10	-0.00104028
6.7517e-10	-0.00105427
6.75293e-10	-0.00106827
6.75415e-10	-0.00108229
6.75537e-10	-0.00109632
6.75659e-10	-0.00111036
6.75782e-10	-0.00112442
6.75904e-10	-0.00113849
6.76026e-10	-0.00115257
6.76148e-10	-0.00116667
6.76271e-10	-0.00118078
6.76393e-10	-0.0011949
6.76515e-10	-0.00120903
6.76637e-10	-0.00122318
6.76759e-10	-0.00123734
6.76882e-10	-0.00125151
6.77004e-10	-0.0012657
6.77126e-10	-0.0012799
6.77248e-10	-0.00129411
6.77371e-10	-0.00130833
6.77493e-10	-0.00132257
6.77615e-10	-0.00133682
6.77737e-10	-0.00135108
6.7786e-10	-0.00136535
6.77982e-10	-0.00137964
6.78104e-10	-0.00139394
6.78226e-10	-0.00140825
6.78349e-10	-0.00142257
6.78471e-10	-0.00143691
6.78593e-10	-0.00145126
6.78715e-10	-0.00146562
6.78837e-10	-0.00147999
6.7896e-10	-0.00149437
6.79082e-10	-0.00150877
6.79204e-10	-0.00152318
6.79326e-10	-0.0015376
6.79449e-10	-0.00155203
6.79571e-10	-0.00156647
6.79693e-10	-0.00158093
6.79815e-10	-0.0015954
6.79938e-10	-0.00160988
6.8006e-10	-0.00162437
6.80182e-10	-0.00163887
6.80304e-10	-0.00165339
6.80427e-10	-0.00166791
6.80549e-10	-0.00168245
6.80671e-10	-0.001697
6.80793e-10	-0.00171156
6.80915e-10	-0.00172613
6.81038e-10	-0.00174071
6.8116e-10	-0.00175531
6.81282e-10	-0.00176991
6.81404e-10	-0.00178453
6.81527e-10	-0.00179916
6.81649e-10	-0.0018138
6.81771e-10	-0.00182845
6.81893e-10	-0.00184311
6.82016e-10	-0.00185778
6.82138e-10	-0.00187246
6.8226e-10	-0.00188716
6.82382e-10	-0.00190186
6.82505e-10	-0.00191658
6.82627e-10	-0.0019313
6.82749e-10	-0.00194604
6.82871e-10	-0.00196079
6.82993e-10	-0.00197555
6.83116e-10	-0.00199032
6.83238e-10	-0.00200509
6.8336e-10	-0.00201988
6.83482e-10	-0.00203468
6.83605e-10	-0.0020495
6.83727e-10	-0.00206432
6.83849e-10	-0.00207915
6.83971e-10	-0.00209399
6.84094e-10	-0.00210884
6.84216e-10	-0.0021237
6.84338e-10	-0.00213857
6.8446e-10	-0.00215346
6.84583e-10	-0.00216835
6.84705e-10	-0.00218325
6.84827e-10	-0.00219816
6.84949e-10	-0.00221308
6.85072e-10	-0.00222802
6.85194e-10	-0.00224296
6.85316e-10	-0.00225791
6.85438e-10	-0.00227287
6.8556e-10	-0.00228784
6.85683e-10	-0.00230282
6.85805e-10	-0.00231781
6.85927e-10	-0.00233281
6.86049e-10	-0.00234781
6.86172e-10	-0.00236283
6.86294e-10	-0.00237786
6.86416e-10	-0.00239289
6.86538e-10	-0.00240794
6.86661e-10	-0.00242299
6.86783e-10	-0.00243806
6.86905e-10	-0.00245313
6.87027e-10	-0.00246821
6.8715e-10	-0.0024833
6.87272e-10	-0.0024984
6.87394e-10	-0.00251351
6.87516e-10	-0.00252863
6.87638e-10	-0.00254376
6.87761e-10	-0.00255889
6.87883e-10	-0.00257403
6.88005e-10	-0.00258919
6.88127e-10	-0.00260435
6.8825e-10	-0.00261952
6.88372e-10	-0.00263469
6.88494e-10	-0.00264988
6.88616e-10	-0.00266507
6.88739e-10	-0.00268028
6.88861e-10	-0.00269549
6.88983e-10	-0.00271071
6.89105e-10	-0.00272593
6.89228e-10	-0.00274117
6.8935e-10	-0.00275641
6.89472e-10	-0.00277167
6.89594e-10	-0.00278693
6.89716e-10	-0.00280219
6.89839e-10	-0.00281747
6.89961e-10	-0.00283275
6.90083e-10	-0.00284804
6.90205e-10	-0.00286334
6.90328e-10	-0.00287865
6.9045e-10	-0.00289396
6.90572e-10	-0.00290928
6.90694e-10	-0.00292461
6.90817e-10	-0.00293995
6.90939e-10	-0.00295529
6.91061e-10	-0.00297064
6.91183e-10	-0.002986
6.91306e-10	-0.00300137
6.91428e-10	-0.00301674
6.9155e-10	-0.00303212
6.91672e-10	-0.00304751
6.91794e-10	-0.0030629
6.91917e-10	-0.0030783
6.92039e-10	-0.00309371
6.92161e-10	-0.00310912
6.92283e-10	-0.00312454
6.92406e-10	-0.00313997
6.92528e-10	-0.00315541
6.9265e-10	-0.00317085
6.92772e-10	-0.0031863
6.92895e-10	-0.00320175
6.93017e-10	-0.00321721
6.93139e-10	-0.00323268
6.93261e-10	-0.00324815
6.93384e-10	-0.00326364
6.93506e-10	-0.00327912
6.93628e-10	-0.00329461
6.9375e-10	-0.00331011
6.93872e-10	-0.00332562
6.93995e-10	-0.00334113
6.94117e-10	-0.00335665
6.94239e-10	-0.00337217
6.94361e-10	-0.0033877
6.94484e-10	-0.00340323
6.94606e-10	-0.00341877
6.94728e-10	-0.00343432
6.9485e-10	-0.00344987
6.94973e-10	-0.00346543
6.95095e-10	-0.00348099
6.95217e-10	-0.00349656
6.95339e-10	-0.00351213
6.95462e-10	-0.00352771
6.95584e-10	-0.0035433
6.95706e-10	-0.00355889
6.95828e-10	-0.00357448
6.95951e-10	-0.00359008
6.96073e-10	-0.00360569
6.96195e-10	-0.0036213
6.96317e-10	-0.00363691
6.96439e-10	-0.00365253
6.96562e-10	-0.00366816
6.96684e-10	-0.00368379
6.96806e-10	-0.00369942
6.96928e-10	-0.00371506
6.97051e-10	-0.0037307
6.97173e-10	-0.00374635
6.97295e-10	-0.003762
6.97417e-10	-0.00377766
6.9754e-10	-0.00379332
6.97662e-10	-0.00380899
6.97784e-10	-0.00382466
6.97906e-10	-0.00384033
6.98029e-10	-0.00385601
6.98151e-10	-0.0038717
6.98273e-10	-0.00388738
6.98395e-10	-0.00390307
6.98517e-10	-0.00391877
6.9864e-10	-0.00393447
6.98762e-10	-0.00395017
6.98884e-10	-0.00396588
6.99006e-10	-0.00398159
6.99129e-10	-0.0039973
6.99251e-10	-0.00401302
6.99373e-10	-0.00402874
6.99495e-10	-0.00404446
6.99618e-10	-0.00406019
6.9974e-10	-0.00407592
6.99862e-10	-0.00409166
6.99984e-10	-0.00410739
7.00107e-10	-0.00412313
7.00229e-10	-0.00413888
7.00351e-10	-0.00415462
7.00473e-10	-0.00417037
7.00595e-10	-0.00418613
7.00718e-10	-0.00420188
7.0084e-10	-0.00421764
7.00962e-10	-0.0042334
7.01084e-10	-0.00424917
7.01207e-10	-0.00426493
7.01329e-10	-0.0042807
7.01451e-10	-0.00429647
7.01573e-10	-0.00431225
7.01696e-10	-0.00432803
7.01818e-10	-0.0043438
7.0194e-10	-0.00435958
7.02062e-10	-0.00437537
7.02185e-10	-0.00439115
7.02307e-10	-0.00440694
7.02429e-10	-0.00442273
7.02551e-10	-0.00443852
7.02673e-10	-0.00445432
7.02796e-10	-0.00447011
7.02918e-10	-0.00448591
7.0304e-10	-0.00450171
7.03162e-10	-0.00451751
7.03285e-10	-0.00453331
7.03407e-10	-0.00454911
7.03529e-10	-0.00456492
7.03651e-10	-0.00458072
7.03774e-10	-0.00459653
7.03896e-10	-0.00461234
7.04018e-10	-0.00462815
7.0414e-10	-0.00464396
7.04263e-10	-0.00465978
7.04385e-10	-0.00467559
7.04507e-10	-0.0046914
7.04629e-10	-0.00470722
7.04751e-10	-0.00472304
7.04874e-10	-0.00473885
7.04996e-10	-0.00475467
7.05118e-10	-0.00477049
7.0524e-10	-0.00478631
7.05363e-10	-0.00480213
7.05485e-10	-0.00481795
7.05607e-10	-0.00483377
7.05729e-10	-0.00484959
7.05852e-10	-0.00486541
7.05974e-10	-0.00488123
7.06096e-10	-0.00489706
7.06218e-10	-0.00491288
7.06341e-10	-0.0049287
7.06463e-10	-0.00494452
7.06585e-10	-0.00496034
7.06707e-10	-0.00497616
7.0683e-10	-0.00499199
7.06952e-10	-0.00500781
7.07074e-10	-0.00502363
7.07196e-10	-0.00503945
7.07318e-10	-0.00505527
7.07441e-10	-0.00507109
7.07563e-10	-0.0050869
7.07685e-10	-0.00510272
7.07807e-10	-0.00511854
7.0793e-10	-0.00513436
7.08052e-10	-0.00515017
7.08174e-10	-0.00516599
7.08296e-10	-0.0051818
7.08419e-10	-0.00519761
7.08541e-10	-0.00521342
7.08663e-10	-0.00522923
7.08785e-10	-0.00524504
7.08908e-10	-0.00526085
7.0903e-10	-0.00527666
7.09152e-10	-0.00529246
7.09274e-10	-0.00530826
7.09396e-10	-0.00532407
7.09519e-10	-0.00533987
7.09641e-10	-0.00535566
7.09763e-10	-0.00537146
7.09885e-10	-0.00538726
7.10008e-10	-0.00540305
7.1013e-10	-0.00541884
7.10252e-10	-0.00543463
7.10374e-10	-0.00545041
7.10497e-10	-0.0054662
7.10619e-10	-0.00548198
7.10741e-10	-0.00549776
7.10863e-10	-0.00551354
7.10986e-10	-0.00552931
7.11108e-10	-0.00554509
7.1123e-10	-0.00556086
7.11352e-10	-0.00557662
7.11474e-10	-0.00559239
7.11597e-10	-0.00560815
7.11719e-10	-0.00562391
7.11841e-10	-0.00563967
7.11963e-10	-0.00565542
7.12086e-10	-0.00567117
7.12208e-10	-0.00568692
7.1233e-10	-0.00570266
7.12452e-10	-0.0057184
7.12575e-10	-0.00573414
7.12697e-10	-0.00574987
7.12819e-10	-0.0057656
7.12941e-10	-0.00578133
7.13064e-10	-0.00579705
7.13186e-10	-0.00581277
7.13308e-10	-0.00582849
7.1343e-10	-0.0058442
7.13552e-10	-0.00585991
7.13675e-10	-0.00587561
7.13797e-10	-0.00589131
7.13919e-10	-0.00590701
7.14041e-10	-0.0059227
7.14164e-10	-0.00593839
7.14286e-10	-0.00595408
7.14408e-10	-0.00596975
7.1453e-10	-0.00598543
7.14653e-10	-0.0060011
7.14775e-10	-0.00601677
7.14897e-10	-0.00603243
7.15019e-10	-0.00604809
7.15142e-10	-0.00606374
7.15264e-10	-0.00607939
7.15386e-10	-0.00609503
7.15508e-10	-0.00611067
7.1563e-10	-0.0061263
7.15753e-10	-0.00614193
7.15875e-10	-0.00615755
7.15997e-10	-0.00617316
7.16119e-10	-0.00618878
7.16242e-10	-0.00620438
7.16364e-10	-0.00621998
7.16486e-10	-0.00623558
7.16608e-10	-0.00625117
7.16731e-10	-0.00626675
7.16853e-10	-0.00628233
7.16975e-10	-0.0062979
7.17097e-10	-0.00631347
7.1722e-10	-0.00632903
7.17342e-10	-0.00634459
7.17464e-10	-0.00636014
7.17586e-10	-0.00637568
7.17709e-10	-0.00639122
7.17831e-10	-0.00640675
7.17953e-10	-0.00642227
7.18075e-10	-0.00643779
7.18197e-10	-0.0064533
7.1832e-10	-0.00646881
7.18442e-10	-0.0064843
7.18564e-10	-0.00649979
7.18686e-10	-0.00651528
7.18809e-10	-0.00653076
7.18931e-10	-0.00654623
7.19053e-10	-0.00656169
7.19175e-10	-0.00657715
7.19298e-10	-0.0065926
7.1942e-10	-0.00660804
7.19542e-10	-0.00662348
7.19664e-10	-0.00663891
7.19787e-10	-0.00665433
7.19909e-10	-0.00666974
7.20031e-10	-0.00668514
7.20153e-10	-0.00670054
7.20275e-10	-0.00671593
7.20398e-10	-0.00673132
7.2052e-10	-0.00674669
7.20642e-10	-0.00676206
7.20764e-10	-0.00677742
7.20887e-10	-0.00679277
7.21009e-10	-0.00680811
7.21131e-10	-0.00682344
7.21253e-10	-0.00683877
7.21376e-10	-0.00685409
7.21498e-10	-0.0068694
7.2162e-10	-0.0068847
7.21742e-10	-0.00689999
7.21865e-10	-0.00691528
7.21987e-10	-0.00693055
7.22109e-10	-0.00694582
7.22231e-10	-0.00696108
7.22353e-10	-0.00697633
7.22476e-10	-0.00699157
7.22598e-10	-0.0070068
7.2272e-10	-0.00702202
7.22842e-10	-0.00703723
7.22965e-10	-0.00705244
7.23087e-10	-0.00706763
7.23209e-10	-0.00708281
7.23331e-10	-0.00709799
7.23454e-10	-0.00711316
7.23576e-10	-0.00712831
7.23698e-10	-0.00714346
7.2382e-10	-0.00715859
7.23943e-10	-0.00717372
7.24065e-10	-0.00718884
7.24187e-10	-0.00720395
7.24309e-10	-0.00721904
7.24431e-10	-0.00723413
7.24554e-10	-0.00724921
7.24676e-10	-0.00726427
7.24798e-10	-0.00727933
7.2492e-10	-0.00729437
7.25043e-10	-0.00730941
7.25165e-10	-0.00732443
7.25287e-10	-0.00733945
7.25409e-10	-0.00735445
7.25532e-10	-0.00736944
7.25654e-10	-0.00738442
7.25776e-10	-0.00739939
7.25898e-10	-0.00741435
7.26021e-10	-0.0074293
7.26143e-10	-0.00744424
7.26265e-10	-0.00745917
7.26387e-10	-0.00747408
7.26509e-10	-0.00748898
7.26632e-10	-0.00750388
7.26754e-10	-0.00751876
7.26876e-10	-0.00753363
7.26998e-10	-0.00754848
7.27121e-10	-0.00756333
7.27243e-10	-0.00757816
7.27365e-10	-0.00759298
7.27487e-10	-0.00760779
7.2761e-10	-0.00762259
7.27732e-10	-0.00763738
7.27854e-10	-0.00765215
7.27976e-10	-0.00766691
7.28099e-10	-0.00768166
7.28221e-10	-0.0076964
7.28343e-10	-0.00771112
7.28465e-10	-0.00772583
7.28588e-10	-0.00774053
7.2871e-10	-0.00775522
7.28832e-10	-0.00776989
7.28954e-10	-0.00778455
7.29076e-10	-0.0077992
7.29199e-10	-0.00781384
7.29321e-10	-0.00782846
7.29443e-10	-0.00784307
7.29565e-10	-0.00785766
7.29688e-10	-0.00787224
7.2981e-10	-0.00788681
7.29932e-10	-0.00790137
7.30054e-10	-0.00791591
7.30177e-10	-0.00793044
7.30299e-10	-0.00794495
7.30421e-10	-0.00795945
7.30543e-10	-0.00797394
7.30666e-10	-0.00798841
7.30788e-10	-0.00800287
7.3091e-10	-0.00801731
7.31032e-10	-0.00803175
7.31154e-10	-0.00804616
7.31277e-10	-0.00806056
7.31399e-10	-0.00807495
7.31521e-10	-0.00808933
7.31643e-10	-0.00810369
7.31766e-10	-0.00811803
7.31888e-10	-0.00813236
7.3201e-10	-0.00814667
7.32132e-10	-0.00816097
7.32255e-10	-0.00817526
7.32377e-10	-0.00818953
7.32499e-10	-0.00820379
7.32621e-10	-0.00821803
7.32744e-10	-0.00823225
7.32866e-10	-0.00824646
7.32988e-10	-0.00826066
7.3311e-10	-0.00827484
7.33232e-10	-0.008289
7.33355e-10	-0.00830315
7.33477e-10	-0.00831728
7.33599e-10	-0.0083314
7.33721e-10	-0.0083455
7.33844e-10	-0.00835958
7.33966e-10	-0.00837365
7.34088e-10	-0.00838771
7.3421e-10	-0.00840174
7.34333e-10	-0.00841577
7.34455e-10	-0.00842977
7.34577e-10	-0.00844376
7.34699e-10	-0.00845773
7.34822e-10	-0.00847169
7.34944e-10	-0.00848563
7.35066e-10	-0.00849955
7.35188e-10	-0.00851346
7.3531e-10	-0.00852734
7.35433e-10	-0.00854122
7.35555e-10	-0.00855507
7.35677e-10	-0.00856891
7.35799e-10	-0.00858273
7.35922e-10	-0.00859654
7.36044e-10	-0.00861032
7.36166e-10	-0.00862409
7.36288e-10	-0.00863785
7.36411e-10	-0.00865158
7.36533e-10	-0.0086653
7.36655e-10	-0.008679
7.36777e-10	-0.00869268
7.369e-10	-0.00870635
7.37022e-10	-0.00871999
7.37144e-10	-0.00873362
7.37266e-10	-0.00874723
7.37388e-10	-0.00876082
7.37511e-10	-0.0087744
7.37633e-10	-0.00878796
7.37755e-10	-0.00880149
7.37877e-10	-0.00881501
7.38e-10	-0.00882851
7.38122e-10	-0.008842
7.38244e-10	-0.00885546
7.38366e-10	-0.00886891
7.38489e-10	-0.00888233
7.38611e-10	-0.00889574
7.38733e-10	-0.00890913
7.38855e-10	-0.0089225
7.38978e-10	-0.00893585
7.391e-10	-0.00894918
7.39222e-10	-0.0089625
7.39344e-10	-0.00897579
7.39467e-10	-0.00898906
7.39589e-10	-0.00900232
7.39711e-10	-0.00901555
7.39833e-10	-0.00902877
7.39955e-10	-0.00904197
7.40078e-10	-0.00905514
7.402e-10	-0.0090683
7.40322e-10	-0.00908144
7.40444e-10	-0.00909455
7.40567e-10	-0.00910765
7.40689e-10	-0.00912073
7.40811e-10	-0.00913378
7.40933e-10	-0.00914682
7.41056e-10	-0.00915983
7.41178e-10	-0.00917283
7.413e-10	-0.0091858
7.41422e-10	-0.00919876
7.41545e-10	-0.00921169
7.41667e-10	-0.0092246
7.41789e-10	-0.0092375
7.41911e-10	-0.00925037
7.42033e-10	-0.00926322
7.42156e-10	-0.00927605
7.42278e-10	-0.00928885
7.424e-10	-0.00930164
7.42522e-10	-0.00931441
7.42645e-10	-0.00932715
7.42767e-10	-0.00933987
7.42889e-10	-0.00935258
7.43011e-10	-0.00936526
7.43134e-10	-0.00937791
7.43256e-10	-0.00939055
7.43378e-10	-0.00940317
7.435e-10	-0.00941576
7.43623e-10	-0.00942833
7.43745e-10	-0.00944088
7.43867e-10	-0.0094534
7.43989e-10	-0.00946591
7.44111e-10	-0.00947839
7.44234e-10	-0.00949085
7.44356e-10	-0.00950329
7.44478e-10	-0.0095157
7.446e-10	-0.0095281
7.44723e-10	-0.00954047
7.44845e-10	-0.00955281
7.44967e-10	-0.00956514
7.45089e-10	-0.00957744
7.45212e-10	-0.00958972
7.45334e-10	-0.00960197
7.45456e-10	-0.0096142
7.45578e-10	-0.00962641
7.45701e-10	-0.0096386
7.45823e-10	-0.00965076
7.45945e-10	-0.0096629
7.46067e-10	-0.00967502
7.46189e-10	-0.00968711
7.46312e-10	-0.00969918
7.46434e-10	-0.00971122
7.46556e-10	-0.00972324
7.46678e-10	-0.00973524
7.46801e-10	-0.00974721
7.46923e-10	-0.00975916
7.47045e-10	-0.00977109
7.47167e-10	-0.00978299
7.4729e-10	-0.00979486
7.47412e-10	-0.00980672
7.47534e-10	-0.00981854
7.47656e-10	-0.00983035
7.47779e-10	-0.00984213
7.47901e-10	-0.00985388
7.48023e-10	-0.00986561
7.48145e-10	-0.00987731
7.48267e-10	-0.00988899
7.4839e-10	-0.00990065
7.48512e-10	-0.00991228
7.48634e-10	-0.00992388
7.48756e-10	-0.00993546
7.48879e-10	-0.00994702
7.49001e-10	-0.00995855
7.49123e-10	-0.00997005
7.49245e-10	-0.00998153
7.49368e-10	-0.00999298
7.4949e-10	-0.0100044
7.49612e-10	-0.0100158
7.49734e-10	-0.0100272
7.49857e-10	-0.0100385
7.49979e-10	-0.0100499
7.50101e-10	-0.0100612
7.50223e-10	-0.0100724
7.50346e-10	-0.0100837
7.50468e-10	-0.0100949
7.5059e-10	-0.0101061
7.50712e-10	-0.0101173
7.50834e-10	-0.0101284
7.50957e-10	-0.0101395
7.51079e-10	-0.0101506
7.51201e-10	-0.0101617
7.51323e-10	-0.0101727
7.51446e-10	-0.0101837
7.51568e-10	-0.0101947
7.5169e-10	-0.0102056
7.51812e-10	-0.0102165
7.51935e-10	-0.0102274
7.52057e-10	-0.0102383
7.52179e-10	-0.0102492
7.52301e-10	-0.01026
7.52424e-10	-0.0102708
7.52546e-10	-0.0102815
7.52668e-10	-0.0102923
7.5279e-10	-0.010303
7.52912e-10	-0.0103136
7.53035e-10	-0.0103243
7.53157e-10	-0.0103349
7.53279e-10	-0.0103455
7.53401e-10	-0.0103561
7.53524e-10	-0.0103666
7.53646e-10	-0.0103771
7.53768e-10	-0.0103876
7.5389e-10	-0.0103981
7.54013e-10	-0.0104085
7.54135e-10	-0.0104189
7.54257e-10	-0.0104293
7.54379e-10	-0.0104396
7.54502e-10	-0.0104499
7.54624e-10	-0.0104602
7.54746e-10	-0.0104704
7.54868e-10	-0.0104807
7.5499e-10	-0.0104909
7.55113e-10	-0.010501
7.55235e-10	-0.0105112
7.55357e-10	-0.0105213
7.55479e-10	-0.0105313
7.55602e-10	-0.0105414
7.55724e-10	-0.0105514
7.55846e-10	-0.0105614
7.55968e-10	-0.0105714
7.56091e-10	-0.0105813
7.56213e-10	-0.0105912
7.56335e-10	-0.0106011
7.56457e-10	-0.0106109
7.5658e-10	-0.0106207
7.56702e-10	-0.0106305
7.56824e-10	-0.0106402
7.56946e-10	-0.01065
7.57068e-10	-0.0106597
7.57191e-10	-0.0106693
7.57313e-10	-0.0106789
7.57435e-10	-0.0106885
7.57557e-10	-0.0106981
7.5768e-10	-0.0107076
7.57802e-10	-0.0107171
7.57924e-10	-0.0107266
7.58046e-10	-0.0107361
7.58169e-10	-0.0107455
7.58291e-10	-0.0107549
7.58413e-10	-0.0107642
7.58535e-10	-0.0107735
7.58658e-10	-0.0107828
7.5878e-10	-0.0107921
7.58902e-10	-0.0108013
7.59024e-10	-0.0108105
7.59147e-10	-0.0108197
7.59269e-10	-0.0108288
7.59391e-10	-0.0108379
7.59513e-10	-0.010847
7.59635e-10	-0.010856
7.59758e-10	-0.010865
7.5988e-10	-0.010874
7.60002e-10	-0.0108829
7.60124e-10	-0.0108918
7.60247e-10	-0.0109007
7.60369e-10	-0.0109095
7.60491e-10	-0.0109183
7.60613e-10	-0.0109271
7.60736e-10	-0.0109359
7.60858e-10	-0.0109446
7.6098e-10	-0.0109533
7.61102e-10	-0.0109619
7.61225e-10	-0.0109705
7.61347e-10	-0.0109791
7.61469e-10	-0.0109877
7.61591e-10	-0.0109962
7.61713e-10	-0.0110047
7.61836e-10	-0.0110131
7.61958e-10	-0.0110215
7.6208e-10	-0.0110299
7.62202e-10	-0.0110382
7.62325e-10	-0.0110466
7.62447e-10	-0.0110548
7.62569e-10	-0.0110631
7.62691e-10	-0.0110713
7.62814e-10	-0.0110795
7.62936e-10	-0.0110876
7.63058e-10	-0.0110957
7.6318e-10	-0.0111038
7.63303e-10	-0.0111119
7.63425e-10	-0.0111199
7.63547e-10	-0.0111279
7.63669e-10	-0.0111358
7.63791e-10	-0.0111437
7.63914e-10	-0.0111516
7.64036e-10	-0.0111594
7.64158e-10	-0.0111672
7.6428e-10	-0.011175
7.64403e-10	-0.0111827
7.64525e-10	-0.0111904
7.64647e-10	-0.0111981
7.64769e-10	-0.0112057
7.64892e-10	-0.0112133
7.65014e-10	-0.0112209
7.65136e-10	-0.0112284
7.65258e-10	-0.0112359
7.65381e-10	-0.0112433
7.65503e-10	-0.0112508
7.65625e-10	-0.0112581
7.65747e-10	-0.0112655
7.65869e-10	-0.0112728
7.65992e-10	-0.0112801
7.66114e-10	-0.0112873
7.66236e-10	-0.0112945
7.66358e-10	-0.0113017
7.66481e-10	-0.0113088
7.66603e-10	-0.0113159
7.66725e-10	-0.011323
7.66847e-10	-0.01133
7.6697e-10	-0.011337
7.67092e-10	-0.011344
7.67214e-10	-0.0113509
7.67336e-10	-0.0113578
7.67459e-10	-0.0113646
7.67581e-10	-0.0113714
7.67703e-10	-0.0113782
7.67825e-10	-0.0113849
7.67947e-10	-0.0113916
7.6807e-10	-0.0113983
7.68192e-10	-0.0114049
7.68314e-10	-0.0114115
7.68436e-10	-0.011418
7.68559e-10	-0.0114245
7.68681e-10	-0.011431
7.68803e-10	-0.0114374
7.68925e-10	-0.0114438
7.69048e-10	-0.0114502
7.6917e-10	-0.0114565
7.69292e-10	-0.0114628
7.69414e-10	-0.0114691
7.69537e-10	-0.0114753
7.69659e-10	-0.0114814
7.69781e-10	-0.0114876
7.69903e-10	-0.0114937
7.70026e-10	-0.0114997
7.70148e-10	-0.0115058
7.7027e-10	-0.0115117
7.70392e-10	-0.0115177
7.70514e-10	-0.0115236
7.70637e-10	-0.0115295
7.70759e-10	-0.0115353
7.70881e-10	-0.0115411
7.71003e-10	-0.0115468
7.71126e-10	-0.0115526
7.71248e-10	-0.0115582
7.7137e-10	-0.0115639
7.71492e-10	-0.0115695
7.71615e-10	-0.011575
7.71737e-10	-0.0115805
7.71859e-10	-0.011586
7.71981e-10	-0.0115915
7.72104e-10	-0.0115969
7.72226e-10	-0.0116022
7.72348e-10	-0.0116076
7.7247e-10	-0.0116128
7.72592e-10	-0.0116181
7.72715e-10	-0.0116233
7.72837e-10	-0.0116285
7.72959e-10	-0.0116336
7.73081e-10	-0.0116387
7.73204e-10	-0.0116437
7.73326e-10	-0.0116487
7.73448e-10	-0.0116537
7.7357e-10	-0.0116586
7.73693e-10	-0.0116635
7.73815e-10	-0.0116684
7.73937e-10	-0.0116732
7.74059e-10	-0.011678
7.74182e-10	-0.0116827
7.74304e-10	-0.0116874
7.74426e-10	-0.011692
7.74548e-10	-0.0116966
7.7467e-10	-0.0117012
7.74793e-10	-0.0117057
7.74915e-10	-0.0117102
7.75037e-10	-0.0117146
7.75159e-10	-0.011719
7.75282e-10	-0.0117234
7.75404e-10	-0.0117277
7.75526e-10	-0.011732
7.75648e-10	-0.0117362
7.75771e-10	-0.0117404
7.75893e-10	-0.0117446
7.76015e-10	-0.0117487
7.76137e-10	-0.0117528
7.7626e-10	-0.0117568
7.76382e-10	-0.0117608
7.76504e-10	-0.0117648
7.76626e-10	-0.0117687
7.76748e-10	-0.0117725
7.76871e-10	-0.0117764
7.76993e-10	-0.0117801
7.77115e-10	-0.0117839
7.77237e-10	-0.0117876
7.7736e-10	-0.0117912
7.77482e-10	-0.0117949
7.77604e-10	-0.0117984
7.77726e-10	-0.011802
7.77849e-10	-0.0118055
7.77971e-10	-0.0118089
7.78093e-10	-0.0118123
7.78215e-10	-0.0118157
7.78338e-10	-0.011819
7.7846e-10	-0.0118223
7.78582e-10	-0.0118255
7.78704e-10	-0.0118287
7.78826e-10	-0.0118318
7.78949e-10	-0.0118349
7.79071e-10	-0.011838
7.79193e-10	-0.011841
7.79315e-10	-0.011844
7.79438e-10	-0.0118469
7.7956e-10	-0.0118498
7.79682e-10	-0.0118527
7.79804e-10	-0.0118555
7.79927e-10	-0.0118582
7.80049e-10	-0.011861
7.80171e-10	-0.0118636
7.80293e-10	-0.0118663
7.80416e-10	-0.0118688
7.80538e-10	-0.0118714
7.8066e-10	-0.0118739
7.80782e-10	-0.0118763
7.80905e-10	-0.0118788
7.81027e-10	-0.0118811
7.81149e-10	-0.0118834
7.81271e-10	-0.0118857
7.81393e-10	-0.011888
7.81516e-10	-0.0118902
7.81638e-10	-0.0118923
7.8176e-10	-0.0118944
7.81882e-10	-0.0118965
7.82005e-10	-0.0118985
7.82127e-10	-0.0119005
7.82249e-10	-0.0119024
7.82371e-10	-0.0119043
7.82494e-10	-0.0119061
7.82616e-10	-0.0119079
7.82738e-10	-0.0119096
7.8286e-10	-0.0119113
7.82983e-10	-0.011913
7.83105e-10	-0.0119146
7.83227e-10	-0.0119162
7.83349e-10	-0.0119177
7.83471e-10	-0.0119192
7.83594e-10	-0.0119206
7.83716e-10	-0.011922
7.83838e-10	-0.0119234
7.8396e-10	-0.0119246
7.84083e-10	-0.0119259
7.84205e-10	-0.0119271
7.84327e-10	-0.0119283
7.84449e-10	-0.0119294
7.84572e-10	-0.0119305
7.84694e-10	-0.0119315
7.84816e-10	-0.0119325
7.84938e-10	-0.0119334
7.85061e-10	-0.0119343
7.85183e-10	-0.0119351
7.85305e-10	-0.0119359
7.85427e-10	-0.0119367
7.85549e-10	-0.0119374
7.85672e-10	-0.011938
7.85794e-10	-0.0119386
7.85916e-10	-0.0119392
7.86038e-10	-0.0119397
7.86161e-10	-0.0119402
7.86283e-10	-0.0119406
7.86405e-10	-0.011941
7.86527e-10	-0.0119413
7.8665e-10	-0.0119416
7.86772e-10	-0.0119419
7.86894e-10	-0.0119421
7.87016e-10	-0.0119422
7.87139e-10	-0.0119423
7.87261e-10	-0.0119424
7.87383e-10	-0.0119424
7.87505e-10	-0.0119423
7.87627e-10	-0.0119422
7.8775e-10	-0.0119421
7.87872e-10	-0.0119419
7.87994e-10	-0.0119417
7.88116e-10	-0.0119414
7.88239e-10	-0.0119411
7.88361e-10	-0.0119407
7.88483e-10	-0.0119403
7.88605e-10	-0.0119398
7.88728e-10	-0.0119393
7.8885e-10	-0.0119388
7.88972e-10	-0.0119382
7.89094e-10	-0.0119375
7.89217e-10	-0.0119368
7.89339e-10	-0.0119361
7.89461e-10	-0.0119353
7.89583e-10	-0.0119344
7.89705e-10	-0.0119335
7.89828e-10	-0.0119326
7.8995e-10	-0.0119316
7.90072e-10	-0.0119305
7.90194e-10	-0.0119295
7.90317e-10	-0.0119283
7.90439e-10	-0.0119271
7.90561e-10	-0.0119259
7.90683e-10	-0.0119246
7.90806e-10	-0.0119233
7.90928e-10	-0.0119219
7.9105e-10	-0.0119205
7.91172e-10	-0.011919
7.91295e-10	-0.0119175
7.91417e-10	-0.0119159
7.91539e-10	-0.0119143
7.91661e-10	-0.0119126
7.91784e-10	-0.0119109
7.91906e-10	-0.0119092
7.92028e-10	-0.0119074
7.9215e-10	-0.0119055
7.92272e-10	-0.0119036
7.92395e-10	-0.0119016
7.92517e-10	-0.0118996
7.92639e-10	-0.0118975
7.92761e-10	-0.0118954
7.92884e-10	-0.0118933
7.93006e-10	-0.0118911
7.93128e-10	-0.0118888
7.9325e-10	-0.0118865
7.93373e-10	-0.0118842
7.93495e-10	-0.0118818
7.93617e-10	-0.0118793
7.93739e-10	-0.0118768
7.93862e-10	-0.0118742
7.93984e-10	-0.0118716
7.94106e-10	-0.011869
7.94228e-10	-0.0118663
7.9435e-10	-0.0118635
7.94473e-10	-0.0118607
7.94595e-10	-0.0118579
7.94717e-10	-0.011855
7.94839e-10	-0.011852
7.94962e-10	-0.011849
7.95084e-10	-0.011846
7.95206e-10	-0.0118429
7.95328e-10	-0.0118397
7.95451e-10	-0.0118365
7.95573e-10	-0.0118333
7.95695e-10	-0.01183
7.95817e-10	-0.0118266
7.9594e-10	-0.0118232
7.96062e-10	-0.0118198
7.96184e-10	-0.0118163
7.96306e-10	-0.0118127
7.96428e-10	-0.0118091
7.96551e-10	-0.0118054
7.96673e-10	-0.0118017
7.96795e-10	-0.011798
7.96917e-10	-0.0117942
7.9704e-10	-0.0117903
7.97162e-10	-0.0117864
7.97284e-10	-0.0117824
7.97406e-10	-0.0117784
7.97529e-10	-0.0117744
7.97651e-10	-0.0117703
7.97773e-10	-0.0117661
7.97895e-10	-0.0117619
7.98018e-10	-0.0117576
7.9814e-10	-0.0117533
7.98262e-10	-0.0117489
7.98384e-10	-0.0117445
7.98506e-10	-0.01174
7.98629e-10	-0.0117355
7.98751e-10	-0.0117309
7.98873e-10	-0.0117263
7.98995e-10	-0.0117216
7.99118e-10	-0.0117169
7.9924e-10	-0.0117121
7.99362e-10	-0.0117073
7.99484e-10	-0.0117024
7.99607e-10	-0.0116975
7.99729e-10	-0.0116925
7.99851e-10	-0.0116875
7.99973e-10	-0.0116824
8.00096e-10	-0.0116772
8.00218e-10	-0.011672
8.0034e-10	-0.0116668
8.00462e-10	-0.0116615
8.00584e-10	-0.0116561
8.00707e-10	-0.0116507
8.00829e-10	-0.0116453
8.00951e-10	-0.0116398
8.01073e-10	-0.0116342
8.01196e-10	-0.0116286
8.01318e-10	-0.011623
8.0144e-10	-0.0116172
8.01562e-10	-0.0116115
8.01685e-10	-0.0116057
8.01807e-10	-0.0115998
8.01929e-10	-0.0115939
8.02051e-10	-0.0115879
8.02174e-10	-0.0115819
8.02296e-10	-0.0115758
8.02418e-10	-0.0115696
8.0254e-10	-0.0115635
8.02663e-10	-0.0115572
8.02785e-10	-0.0115509
8.02907e-10	-0.0115446
8.03029e-10	-0.0115382
8.03151e-10	-0.0115317
8.03274e-10	-0.0115252
8.03396e-10	-0.0115187
8.03518e-10	-0.0115121
8.0364e-10	-0.0115054
8.03763e-10	-0.0114987
8.03885e-10	-0.0114919
8.04007e-10	-0.0114851
8.04129e-10	-0.0114782
8.04252e-10	-0.0114713
8.04374e-10	-0.0114643
8.04496e-10	-0.0114573
8.04618e-10	-0.0114502
8.04741e-10	-0.0114431
8.04863e-10	-0.0114359
8.04985e-10	-0.0114286
8.05107e-10	-0.0114213
8.05229e-10	-0.011414
8.05352e-10	-0.0114066
8.05474e-10	-0.0113991
8.05596e-10	-0.0113916
8.05718e-10	-0.011384
8.05841e-10	-0.0113764
8.05963e-10	-0.0113688
8.06085e-10	-0.011361
8.06207e-10	-0.0113533
8.0633e-10	-0.0113454
8.06452e-10	-0.0113375
8.06574e-10	-0.0113296
8.06696e-10	-0.0113216
8.06819e-10	-0.0113135
8.06941e-10	-0.0113054
8.07063e-10	-0.0112973
8.07185e-10	-0.0112891
8.07307e-10	-0.0112808
8.0743e-10	-0.0112725
8.07552e-10	-0.0112641
8.07674e-10	-0.0112557
8.07796e-10	-0.0112472
8.07919e-10	-0.0112387
8.08041e-10	-0.0112301
8.08163e-10	-0.0112215
8.08285e-10	-0.0112128
8.08408e-10	-0.011204
8.0853e-10	-0.0111952
8.08652e-10	-0.0111864
8.08774e-10	-0.0111775
8.08897e-10	-0.0111685
8.09019e-10	-0.0111595
8.09141e-10	-0.0111504
8.09263e-10	-0.0111413
8.09385e-10	-0.0111321
8.09508e-10	-0.0111228
8.0963e-10	-0.0111136
8.09752e-10	-0.0111042
8.09874e-10	-0.0110948
8.09997e-10	-0.0110853
8.10119e-10	-0.0110758
8.10241e-10	-0.0110663
8.10363e-10	-0.0110567
8.10486e-10	-0.011047
8.10608e-10	-0.0110373
8.1073e-10	-0.0110275
8.10852e-10	-0.0110176
8.10975e-10	-0.0110077
8.11097e-10	-0.0109978
8.11219e-10	-0.0109878
8.11341e-10	-0.0109777
8.11463e-10	-0.0109676
8.11586e-10	-0.0109575
8.11708e-10	-0.0109472
8.1183e-10	-0.010937
8.11952e-10	-0.0109266
8.12075e-10	-0.0109163
8.12197e-10	-0.0109058
8.12319e-10	-0.0108953
8.12441e-10	-0.0108848
8.12564e-10	-0.0108742
8.12686e-10	-0.0108635
8.12808e-10	-0.0108528
8.1293e-10	-0.010842
8.13053e-10	-0.0108312
8.13175e-10	-0.0108203
8.13297e-10	-0.0108094
8.13419e-10	-0.0107984
8.13542e-10	-0.0107874
8.13664e-10	-0.0107763
8.13786e-10	-0.0107651
8.13908e-10	-0.0107539
8.1403e-10	-0.0107426
8.14153e-10	-0.0107313
8.14275e-10	-0.0107199
8.14397e-10	-0.0107085
8.14519e-10	-0.010697
8.14642e-10	-0.0106855
8.14764e-10	-0.0106739
8.14886e-10	-0.0106622
8.15008e-10	-0.0106505
8.15131e-10	-0.0106388
8.15253e-10	-0.0106269
8.15375e-10	-0.0106151
8.15497e-10	-0.0106031
8.1562e-10	-0.0105912
8.15742e-10	-0.0105791
8.15864e-10	-0.010567
8.15986e-10	-0.0105549
8.16108e-10	-0.0105427
8.16231e-10	-0.0105304
8.16353e-10	-0.0105181
8.16475e-10	-0.0105057
8.16597e-10	-0.0104933
8.1672e-10	-0.0104808
8.16842e-10	-0.0104683
8.16964e-10	-0.0104557
8.17086e-10	-0.010443
8.17209e-10	-0.0104303
8.17331e-10	-0.0104175
8.17453e-10	-0.0104047
8.17575e-10	-0.0103919
8.17698e-10	-0.0103789
8.1782e-10	-0.0103659
8.17942e-10	-0.0103529
8.18064e-10	-0.0103398
8.18186e-10	-0.0103267
8.18309e-10	-0.0103135
8.18431e-10	-0.0103002
8.18553e-10	-0.0102869
8.18675e-10	-0.0102735
8.18798e-10	-0.0102601
8.1892e-10	-0.0102466
8.19042e-10	-0.010233
8.19164e-10	-0.0102194
8.19287e-10	-0.0102058
8.19409e-10	-0.0101921
8.19531e-10	-0.0101783
8.19653e-10	-0.0101645
8.19776e-10	-0.0101506
8.19898e-10	-0.0101367
8.2002e-10	-0.0101227
8.20142e-10	-0.0101087
8.20264e-10	-0.0100946
8.20387e-10	-0.0100804
8.20509e-10	-0.0100662
8.20631e-10	-0.0100519
8.20753e-10	-0.0100376
8.20876e-10	-0.0100232
8.20998e-10	-0.0100088
8.2112e-10	-0.0099943
8.21242e-10	-0.00997975
8.21365e-10	-0.00996515
8.21487e-10	-0.00995049
8.21609e-10	-0.00993577
8.21731e-10	-0.009921
8.21854e-10	-0.00990618
8.21976e-10	-0.0098913
8.22098e-10	-0.00987636
8.2222e-10	-0.00986136
8.22342e-10	-0.00984631
8.22465e-10	-0.00983121
8.22587e-10	-0.00981604
8.22709e-10	-0.00980083
8.22831e-10	-0.00978555
8.22954e-10	-0.00977022
8.23076e-10	-0.00975483
8.23198e-10	-0.00973939
8.2332e-10	-0.00972389
8.23443e-10	-0.00970834
8.23565e-10	-0.00969273
8.23687e-10	-0.00967706
8.23809e-10	-0.00966134
8.23932e-10	-0.00964556
8.24054e-10	-0.00962973
8.24176e-10	-0.00961384
8.24298e-10	-0.00959789
8.24421e-10	-0.00958189
8.24543e-10	-0.00956583
8.24665e-10	-0.00954972
8.24787e-10	-0.00953355
8.24909e-10	-0.00951732
8.25032e-10	-0.00950104
8.25154e-10	-0.0094847
8.25276e-10	-0.0094683
8.25398e-10	-0.00945185
8.25521e-10	-0.00943535
8.25643e-10	-0.00941879
8.25765e-10	-0.00940217
8.25887e-10	-0.00938549
8.2601e-10	-0.00936876
8.26132e-10	-0.00935198
8.26254e-10	-0.00933513
8.26376e-10	-0.00931824
8.26499e-10	-0.00930128
8.26621e-10	-0.00928427
8.26743e-10	-0.0092672
8.26865e-10	-0.00925008
8.26987e-10	-0.0092329
8.2711e-10	-0.00921567
8.27232e-10	-0.00919838
8.27354e-10	-0.00918103
8.27476e-10	-0.00916363
8.27599e-10	-0.00914617
8.27721e-10	-0.00912866
8.27843e-10	-0.00911109
8.27965e-10	-0.00909346
8.28088e-10	-0.00907578
8.2821e-10	-0.00905804
8.28332e-10	-0.00904025
8.28454e-10	-0.0090224
8.28577e-10	-0.00900449
8.28699e-10	-0.00898653
8.28821e-10	-0.00896852
8.28943e-10	-0.00895044
8.29065e-10	-0.00893231
8.29188e-10	-0.00891413
8.2931e-10	-0.00889589
8.29432e-10	-0.00887759
8.29554e-10	-0.00885924
8.29677e-10	-0.00884083
8.29799e-10	-0.00882237
8.29921e-10	-0.00880385
8.30043e-10	-0.00878527
8.30166e-10	-0.00876664
8.30288e-10	-0.00874795
8.3041e-10	-0.00872921
8.30532e-10	-0.00871041
8.30655e-10	-0.00869156
8.30777e-10	-0.00867265
8.30899e-10	-0.00865368
8.31021e-10	-0.00863466
8.31143e-10	-0.00861558
8.31266e-10	-0.00859645
8.31388e-10	-0.00857726
8.3151e-10	-0.00855802
8.31632e-10	-0.00853872
8.31755e-10	-0.00851936
8.31877e-10	-0.00849995
8.31999e-10	-0.00848048
8.32121e-10	-0.00846096
8.32244e-10	-0.00844138
8.32366e-10	-0.00842175
8.32488e-10	-0.00840206
8.3261e-10	-0.00838232
8.32733e-10	-0.00836252
8.32855e-10	-0.00834266
8.32977e-10	-0.00832275
8.33099e-10	-0.00830279
8.33221e-10	-0.00828276
8.33344e-10	-0.00826269
8.33466e-10	-0.00824255
8.33588e-10	-0.00822237
8.3371e-10	-0.00820212
8.33833e-10	-0.00818182
8.33955e-10	-0.00816147
8.34077e-10	-0.00814106
8.34199e-10	-0.0081206
8.34322e-10	-0.00810007
8.34444e-10	-0.0080795
8.34566e-10	-0.00805887
8.34688e-10	-0.00803818
8.34811e-10	-0.00801744
8.34933e-10	-0.00799665
8.35055e-10	-0.0079758
8.35177e-10	-0.00795489
8.353e-10	-0.00793393
8.35422e-10	-0.00791291
8.35544e-10	-0.00789184
8.35666e-10	-0.00787071
8.35788e-10	-0.00784953
8.35911e-10	-0.00782829
8.36033e-10	-0.007807
8.36155e-10	-0.00778565
8.36277e-10	-0.00776425
8.364e-10	-0.00774279
8.36522e-10	-0.00772128
8.36644e-10	-0.00769972
8.36766e-10	-0.0076781
8.36889e-10	-0.00765642
8.37011e-10	-0.00763469
8.37133e-10	-0.0076129
8.37255e-10	-0.00759106
8.37378e-10	-0.00756917
8.375e-10	-0.00754722
8.37622e-10	-0.00752521
8.37744e-10	-0.00750315
8.37866e-10	-0.00748104
8.37989e-10	-0.00745887
8.38111e-10	-0.00743664
8.38233e-10	-0.00741437
8.38355e-10	-0.00739203
8.38478e-10	-0.00736965
8.386e-10	-0.00734721
8.38722e-10	-0.00732471
8.38844e-10	-0.00730216
8.38967e-10	-0.00727955
8.39089e-10	-0.0072569
8.39211e-10	-0.00723418
8.39333e-10	-0.00721141
8.39456e-10	-0.00718859
8.39578e-10	-0.00716572
8.397e-10	-0.00714279
8.39822e-10	-0.0071198
8.39944e-10	-0.00709676
8.40067e-10	-0.00707367
8.40189e-10	-0.00705052
8.40311e-10	-0.00702732
8.40433e-10	-0.00700406
8.40556e-10	-0.00698075
8.40678e-10	-0.00695739
8.408e-10	-0.00693397
8.40922e-10	-0.0069105
8.41045e-10	-0.00688698
8.41167e-10	-0.0068634
8.41289e-10	-0.00683977
8.41411e-10	-0.00681608
8.41534e-10	-0.00679234
8.41656e-10	-0.00676855
8.41778e-10	-0.0067447
8.419e-10	-0.0067208
8.42022e-10	-0.00669684
8.42145e-10	-0.00667283
8.42267e-10	-0.00664877
8.42389e-10	-0.00662466
8.42511e-10	-0.00660049
8.42634e-10	-0.00657626
8.42756e-10	-0.00655199
8.42878e-10	-0.00652766
8.43e-10	-0.00650328
8.43123e-10	-0.00647884
8.43245e-10	-0.00645435
8.43367e-10	-0.00642981
8.43489e-10	-0.00640521
8.43612e-10	-0.00638056
8.43734e-10	-0.00635586
8.43856e-10	-0.00633111
8.43978e-10	-0.0063063
8.44101e-10	-0.00628144
8.44223e-10	-0.00625652
8.44345e-10	-0.00623156
8.44467e-10	-0.00620654
8.44589e-10	-0.00618146
8.44712e-10	-0.00615634
8.44834e-10	-0.00613116
8.44956e-10	-0.00610593
8.45078e-10	-0.00608065
8.45201e-10	-0.00605531
8.45323e-10	-0.00602992
8.45445e-10	-0.00600448
8.45567e-10	-0.00597899
8.4569e-10	-0.00595344
8.45812e-10	-0.00592784
8.45934e-10	-0.00590219
8.46056e-10	-0.00587649
8.46179e-10	-0.00585073
8.46301e-10	-0.00582492
8.46423e-10	-0.00579906
8.46545e-10	-0.00577315
8.46667e-10	-0.00574718
8.4679e-10	-0.00572117
8.46912e-10	-0.0056951
8.47034e-10	-0.00566898
8.47156e-10	-0.00564281
8.47279e-10	-0.00561658
8.47401e-10	-0.0055903
8.47523e-10	-0.00556398
8.47645e-10	-0.0055376
8.47768e-10	-0.00551116
8.4789e-10	-0.00548468
8.48012e-10	-0.00545815
8.48134e-10	-0.00543156
8.48257e-10	-0.00540492
8.48379e-10	-0.00537823
8.48501e-10	-0.00535149
8.48623e-10	-0.0053247
8.48745e-10	-0.00529785
8.48868e-10	-0.00527096
8.4899e-10	-0.00524401
8.49112e-10	-0.00521701
8.49234e-10	-0.00518997
8.49357e-10	-0.00516287
8.49479e-10	-0.00513572
8.49601e-10	-0.00510851
8.49723e-10	-0.00508126
8.49846e-10	-0.00505396
8.49968e-10	-0.0050266
8.5009e-10	-0.0049992
8.50212e-10	-0.00497174
8.50335e-10	-0.00494423
8.50457e-10	-0.00491668
8.50579e-10	-0.00488907
8.50701e-10	-0.00486141
8.50823e-10	-0.0048337
8.50946e-10	-0.00480594
8.51068e-10	-0.00477813
8.5119e-10	-0.00475027
8.51312e-10	-0.00472236
8.51435e-10	-0.0046944
8.51557e-10	-0.00466639
8.51679e-10	-0.00463833
8.51801e-10	-0.00461022
8.51924e-10	-0.00458206
8.52046e-10	-0.00455385
8.52168e-10	-0.00452559
8.5229e-10	-0.00449728
8.52413e-10	-0.00446892
8.52535e-10	-0.00444051
8.52657e-10	-0.00441205
8.52779e-10	-0.00438354
8.52901e-10	-0.00435498
8.53024e-10	-0.00432637
8.53146e-10	-0.00429771
8.53268e-10	-0.00426901
8.5339e-10	-0.00424025
8.53513e-10	-0.00421144
8.53635e-10	-0.00418259
8.53757e-10	-0.00415369
8.53879e-10	-0.00412473
8.54002e-10	-0.00409573
8.54124e-10	-0.00406668
8.54246e-10	-0.00403758
8.54368e-10	-0.00400843
8.54491e-10	-0.00397924
8.54613e-10	-0.00394999
8.54735e-10	-0.00392069
8.54857e-10	-0.00389135
8.5498e-10	-0.00386196
8.55102e-10	-0.00383252
8.55224e-10	-0.00380303
8.55346e-10	-0.00377349
8.55468e-10	-0.00374391
8.55591e-10	-0.00371428
8.55713e-10	-0.00368459
8.55835e-10	-0.00365486
8.55957e-10	-0.00362509
8.5608e-10	-0.00359526
8.56202e-10	-0.00356539
8.56324e-10	-0.00353547
8.56446e-10	-0.0035055
8.56569e-10	-0.00347548
8.56691e-10	-0.00344542
8.56813e-10	-0.0034153
8.56935e-10	-0.00338514
8.57058e-10	-0.00335494
8.5718e-10	-0.00332468
8.57302e-10	-0.00329438
8.57424e-10	-0.00326403
8.57546e-10	-0.00323364
8.57669e-10	-0.00320319
8.57791e-10	-0.0031727
8.57913e-10	-0.00314217
8.58035e-10	-0.00311158
8.58158e-10	-0.00308095
8.5828e-10	-0.00305028
8.58402e-10	-0.00301955
8.58524e-10	-0.00298878
8.58647e-10	-0.00295796
8.58769e-10	-0.0029271
8.58891e-10	-0.00289619
8.59013e-10	-0.00286523
8.59136e-10	-0.00283423
8.59258e-10	-0.00280318
8.5938e-10	-0.00277209
8.59502e-10	-0.00274095
8.59624e-10	-0.00270976
8.59747e-10	-0.00267853
8.59869e-10	-0.00264725
8.59991e-10	-0.00261592
8.60113e-10	-0.00258455
8.60236e-10	-0.00255314
8.60358e-10	-0.00252168
8.6048e-10	-0.00249017
8.60602e-10	-0.00245862
8.60725e-10	-0.00242702
8.60847e-10	-0.00239538
8.60969e-10	-0.00236369
8.61091e-10	-0.00233196
8.61214e-10	-0.00230018
8.61336e-10	-0.00226836
8.61458e-10	-0.00223649
8.6158e-10	-0.00220457
8.61702e-10	-0.00217262
8.61825e-10	-0.00214062
8.61947e-10	-0.00210857
8.62069e-10	-0.00207648
8.62191e-10	-0.00204434
8.62314e-10	-0.00201216
8.62436e-10	-0.00197994
8.62558e-10	-0.00194767
8.6268e-10	-0.00191536
8.62803e-10	-0.001883
8.62925e-10	-0.0018506
8.63047e-10	-0.00181816
8.63169e-10	-0.00178567
8.63292e-10	-0.00175314
8.63414e-10	-0.00172057
8.63536e-10	-0.00168795
8.63658e-10	-0.00165529
8.6378e-10	-0.00162258
8.63903e-10	-0.00158983
8.64025e-10	-0.00155704
8.64147e-10	-0.00152421
8.64269e-10	-0.00149133
8.64392e-10	-0.00145841
8.64514e-10	-0.00142544
8.64636e-10	-0.00139244
8.64758e-10	-0.00135939
8.64881e-10	-0.0013263
8.65003e-10	-0.00129316
8.65125e-10	-0.00125998
8.65247e-10	-0.00122676
8.6537e-10	-0.0011935
8.65492e-10	-0.0011602
8.65614e-10	-0.00112685
8.65736e-10	-0.00109347
8.65859e-10	-0.00106004
8.65981e-10	-0.00102656
8.66103e-10	-0.000993051
8.66225e-10	-0.000959496
8.66347e-10	-0.000925899
8.6647e-10	-0.000892261
8.66592e-10	-0.000858581
8.66714e-10	-0.00082486
8.66836e-10	-0.000791097
8.66959e-10	-0.000757294
8.67081e-10	-0.00072345
8.67203e-10	-0.000689564
8.67325e-10	-0.000655638
8.67448e-10	-0.00062167
8.6757e-10	-0.000587662
8.67692e-10	-0.000553614
8.67814e-10	-0.000519525
8.67937e-10	-0.000485395
8.68059e-10	-0.000451225
8.68181e-10	-0.000417015
8.68303e-10	-0.000382764
8.68425e-10	-0.000348474
8.68548e-10	-0.000314143
8.6867e-10	-0.000279773
8.68792e-10	-0.000245363
8.68914e-10	-0.000210913
8.69037e-10	-0.000176423
8.69159e-10	-0.000141894
8.69281e-10	-0.000107325
8.69403e-10	-7.27176e-05
8.69526e-10	-3.80704e-05
8.69648e-10	-3.38402e-06
8.6977e-10	3.13414e-05
8.69892e-10	6.61058e-05
8.70015e-10	0.000100909
8.70137e-10	0.000135751
8.70259e-10	0.000170632
8.70381e-10	0.000205551
8.70503e-10	0.000240509
8.70626e-10	0.000275506
8.70748e-10	0.00031054
8.7087e-10	0.000345613
8.70992e-10	0.000380724
8.71115e-10	0.000415873
8.71237e-10	0.00045106
8.71359e-10	0.000486284
8.71481e-10	0.000521547
8.71604e-10	0.000556847
8.71726e-10	0.000592185
8.71848e-10	0.00062756
8.7197e-10	0.000662972
8.72093e-10	0.000698422
8.72215e-10	0.000733908
8.72337e-10	0.000769432
8.72459e-10	0.000804993
8.72581e-10	0.000840591
8.72704e-10	0.000876225
8.72826e-10	0.000911896
8.72948e-10	0.000947603
8.7307e-10	0.000983347
8.73193e-10	0.00101913
8.73315e-10	0.00105494
8.73437e-10	0.0010908
8.73559e-10	0.00112669
8.73682e-10	0.00116261
8.73804e-10	0.00119857
8.73926e-10	0.00123457
8.74048e-10	0.0012706
8.74171e-10	0.00130667
8.74293e-10	0.00134277
8.74415e-10	0.00137891
8.74537e-10	0.00141508
8.74659e-10	0.00145129
8.74782e-10	0.00148753
8.74904e-10	0.00152381
8.75026e-10	0.00156012
8.75148e-10	0.00159647
8.75271e-10	0.00163285
8.75393e-10	0.00166927
8.75515e-10	0.00170572
8.75637e-10	0.00174221
8.7576e-10	0.00177873
8.75882e-10	0.00181528
8.76004e-10	0.00185187
8.76126e-10	0.00188849
8.76249e-10	0.00192514
8.76371e-10	0.00196183
8.76493e-10	0.00199855
8.76615e-10	0.00203531
8.76738e-10	0.0020721
8.7686e-10	0.00210892
8.76982e-10	0.00214578
8.77104e-10	0.00218266
8.77226e-10	0.00221959
8.77349e-10	0.00225654
8.77471e-10	0.00229353
8.77593e-10	0.00233055
8.77715e-10	0.0023676
8.77838e-10	0.00240468
8.7796e-10	0.0024418
8.78082e-10	0.00247894
8.78204e-10	0.00251612
8.78327e-10	0.00255334
8.78449e-10	0.00259058
8.78571e-10	0.00262785
8.78693e-10	0.00266516
8.78816e-10	0.0027025
8.78938e-10	0.00273987
8.7906e-10	0.00277727
8.79182e-10	0.0028147
8.79304e-10	0.00285216
8.79427e-10	0.00288966
8.79549e-10	0.00292718
8.79671e-10	0.00296474
8.79793e-10	0.00300232
8.79916e-10	0.00303994
8.80038e-10	0.00307758
8.8016e-10	0.00311526
8.80282e-10	0.00315296
8.80405e-10	0.0031907
8.80527e-10	0.00322847
8.80649e-10	0.00326626
8.80771e-10	0.00330409
8.80894e-10	0.00334194
8.81016e-10	0.00337982
8.81138e-10	0.00341774
8.8126e-10	0.00345568
8.81382e-10	0.00349365
8.81505e-10	0.00353165
8.81627e-10	0.00356968
8.81749e-10	0.00360774
8.81871e-10	0.00364582
8.81994e-10	0.00368394
8.82116e-10	0.00372208
8.82238e-10	0.00376025
8.8236e-10	0.00379845
8.82483e-10	0.00383668
8.82605e-10	0.00387493
8.82727e-10	0.00391321
8.82849e-10	0.00395152
8.82972e-10	0.00398986
8.83094e-10	0.00402822
8.83216e-10	0.00406661
8.83338e-10	0.00410503
8.8346e-10	0.00414348
8.83583e-10	0.00418195
8.83705e-10	0.00422045
8.83827e-10	0.00425897
8.83949e-10	0.00429753
8.84072e-10	0.00433611
8.84194e-10	0.00437471
8.84316e-10	0.00441334
8.84438e-10	0.004452
8.84561e-10	0.00449068
8.84683e-10	0.00452939
8.84805e-10	0.00456812
8.84927e-10	0.00460688
8.8505e-10	0.00464566
8.85172e-10	0.00468447
8.85294e-10	0.00472331
8.85416e-10	0.00476217
8.85538e-10	0.00480105
8.85661e-10	0.00483996
8.85783e-10	0.0048789
8.85905e-10	0.00491785
8.86027e-10	0.00495684
8.8615e-10	0.00499584
8.86272e-10	0.00503487
8.86394e-10	0.00507393
8.86516e-10	0.00511301
8.86639e-10	0.00515211
8.86761e-10	0.00519123
8.86883e-10	0.00523038
8.87005e-10	0.00526956
8.87128e-10	0.00530875
8.8725e-10	0.00534797
8.87372e-10	0.00538721
8.87494e-10	0.00542647
8.87617e-10	0.00546576
8.87739e-10	0.00550507
8.87861e-10	0.0055444
8.87983e-10	0.00558376
8.88105e-10	0.00562313
8.88228e-10	0.00566253
8.8835e-10	0.00570195
8.88472e-10	0.00574139
8.88594e-10	0.00578086
8.88717e-10	0.00582034
8.88839e-10	0.00585985
8.88961e-10	0.00589937
8.89083e-10	0.00593892
8.89206e-10	0.00597849
8.89328e-10	0.00601808
8.8945e-10	0.00605769
8.89572e-10	0.00609732
8.89695e-10	0.00613697
8.89817e-10	0.00617665
8.89939e-10	0.00621634
8.90061e-10	0.00625605
8.90183e-10	0.00629578
8.90306e-10	0.00633553
8.90428e-10	0.0063753
8.9055e-10	0.00641509
8.90672e-10	0.0064549
8.90795e-10	0.00649473
8.90917e-10	0.00653458
8.91039e-10	0.00657445
8.91161e-10	0.00661433
8.91284e-10	0.00665424
8.91406e-10	0.00669416
8.91528e-10	0.0067341
8.9165e-10	0.00677406
8.91773e-10	0.00681404
8.91895e-10	0.00685403
8.92017e-10	0.00689404
8.92139e-10	0.00693407
8.92261e-10	0.00697412
8.92384e-10	0.00701419
8.92506e-10	0.00705427
8.92628e-10	0.00709437
8.9275e-10	0.00713449
8.92873e-10	0.00717462
8.92995e-10	0.00721477
8.93117e-10	0.00725494
8.93239e-10	0.00729512
8.93362e-10	0.00733532
8.93484e-10	0.00737554
8.93606e-10	0.00741577
8.93728e-10	0.00745602
8.93851e-10	0.00749628
8.93973e-10	0.00753656
8.94095e-10	0.00757685
8.94217e-10	0.00761716
8.94339e-10	0.00765748
8.94462e-10	0.00769782
8.94584e-10	0.00773818
8.94706e-10	0.00777855
8.94828e-10	0.00781893
8.94951e-10	0.00785933
8.95073e-10	0.00789974
8.95195e-10	0.00794017
8.95317e-10	0.00798061
8.9544e-10	0.00802106
8.95562e-10	0.00806153
8.95684e-10	0.00810201
8.95806e-10	0.0081425
8.95929e-10	0.00818301
8.96051e-10	0.00822353
8.96173e-10	0.00826407
8.96295e-10	0.00830461
8.96417e-10	0.00834517
8.9654e-10	0.00838574
8.96662e-10	0.00842633
8.96784e-10	0.00846692
8.96906e-10	0.00850753
8.97029e-10	0.00854815
8.97151e-10	0.00858878
8.97273e-10	0.00862943
8.97395e-10	0.00867008
8.97518e-10	0.00871075
8.9764e-10	0.00875143
8.97762e-10	0.00879212
8.97884e-10	0.00883282
8.98007e-10	0.00887353
8.98129e-10	0.00891425
8.98251e-10	0.00895498
8.98373e-10	0.00899572
8.98496e-10	0.00903647
8.98618e-10	0.00907723
8.9874e-10	0.00911801
8.98862e-10	0.00915879
8.98984e-10	0.00919958
8.99107e-10	0.00924038
8.99229e-10	0.00928119
8.99351e-10	0.00932201
8.99473e-10	0.00936283
8.99596e-10	0.00940367
8.99718e-10	0.00944452
8.9984e-10	0.00948537
8.99962e-10	0.00952623
9.00085e-10	0.0095671
9.00207e-10	0.00960798
9.00329e-10	0.00964886
9.00451e-10	0.00968976
9.00574e-10	0.00973066
9.00696e-10	0.00977157
9.00818e-10	0.00981248
9.0094e-10	0.0098534
9.01062e-10	0.00989433
9.01185e-10	0.00993527
9.01307e-10	0.00997621
9.01429e-10	0.0100172
9.01551e-10	0.0100581
9.01674e-10	0.0100991
9.01796e-10	0.0101401
9.01918e-10	0.010181
9.0204e-10	0.010222
9.02163e-10	0.010263
9.02285e-10	0.010304
9.02407e-10	0.010345
9.02529e-10	0.010386
9.02652e-10	0.010427
9.02774e-10	0.010468
9.02896e-10	0.010509
9.03018e-10	0.01055
9.0314e-10	0.0105911
9.03263e-10	0.0106321
9.03385e-10	0.0106731
9.03507e-10	0.0107141
9.03629e-10	0.0107552
9.03752e-10	0.0107962
9.03874e-10	0.0108373
9.03996e-10	0.0108783
9.04118e-10	0.0109194
9.04241e-10	0.0109604
9.04363e-10	0.0110015
9.04485e-10	0.0110426
9.04607e-10	0.0110836
9.0473e-10	0.0111247
9.04852e-10	0.0111657
9.04974e-10	0.0112068
9.05096e-10	0.0112479
9.05218e-10	0.011289
9.05341e-10	0.01133
9.05463e-10	0.0113711
9.05585e-10	0.0114122
9.05707e-10	0.0114533
9.0583e-10	0.0114943
9.05952e-10	0.0115354
9.06074e-10	0.0115765
9.06196e-10	0.0116176
9.06319e-10	0.0116587
9.06441e-10	0.0116997
9.06563e-10	0.0117408
9.06685e-10	0.0117819
9.06808e-10	0.011823
9.0693e-10	0.0118641
9.07052e-10	0.0119051
9.07174e-10	0.0119462
9.07296e-10	0.0119873
9.07419e-10	0.0120284
9.07541e-10	0.0120694
9.07663e-10	0.0121105
9.07785e-10	0.0121516
9.07908e-10	0.0121926
9.0803e-10	0.0122337
9.08152e-10	0.0122748
9.08274e-10	0.0123158
9.08397e-10	0.0123569
9.08519e-10	0.0123979
9.08641e-10	0.012439
9.08763e-10	0.01248
9.08886e-10	0.0125211
9.09008e-10	0.0125621
9.0913e-10	0.0126032
9.09252e-10	0.0126442
9.09375e-10	0.0126852
9.09497e-10	0.0127263
9.09619e-10	0.0127673
9.09741e-10	0.0128083
9.09863e-10	0.0128493
9.09986e-10	0.0128903
9.10108e-10	0.0129313
9.1023e-10	0.0129723
9.10352e-10	0.0130133
9.10475e-10	0.0130543
9.10597e-10	0.0130953
9.10719e-10	0.0131362
9.10841e-10	0.0131772
9.10964e-10	0.0132182
9.11086e-10	0.0132591
9.11208e-10	0.0133001
9.1133e-10	0.013341
9.11453e-10	0.013382
9.11575e-10	0.0134229
9.11697e-10	0.0134638
9.11819e-10	0.0135047
9.11941e-10	0.0135456
9.12064e-10	0.0135865
9.12186e-10	0.0136274
9.12308e-10	0.0136683
9.1243e-10	0.0137092
9.12553e-10	0.0137501
9.12675e-10	0.0137909
9.12797e-10	0.0138318
9.12919e-10	0.0138726
9.13042e-10	0.0139134
9.13164e-10	0.0139543
9.13286e-10	0.0139951
9.13408e-10	0.0140359
9.13531e-10	0.0140767
9.13653e-10	0.0141175
9.13775e-10	0.0141582
9.13897e-10	0.014199
9.14019e-10	0.0142398
9.14142e-10	0.0142805
9.14264e-10	0.0143212
9.14386e-10	0.014362
9.14508e-10	0.0144027
9.14631e-10	0.0144434
9.14753e-10	0.0144841
9.14875e-10	0.0145247
9.14997e-10	0.0145654
9.1512e-10	0.0146061
9.15242e-10	0.0146467
9.15364e-10	0.0146873
9.15486e-10	0.0147279
9.15609e-10	0.0147685
9.15731e-10	0.0148091
9.15853e-10	0.0148497
9.15975e-10	0.0148903
9.16097e-10	0.0149308
9.1622e-10	0.0149714
9.16342e-10	0.0150119
9.16464e-10	0.0150524
9.16586e-10	0.0150929
9.16709e-10	0.0151334
9.16831e-10	0.0151738
9.16953e-10	0.0152143
9.17075e-10	0.0152547
9.17198e-10	0.0152952
9.1732e-10	0.0153356
9.17442e-10	0.015376
9.17564e-10	0.0154163
9.17687e-10	0.0154567
9.17809e-10	0.015497
9.17931e-10	0.0155374
9.18053e-10	0.0155777
9.18175e-10	0.015618
9.18298e-10	0.0156583
9.1842e-10	0.0156985
9.18542e-10	0.0157388
9.18664e-10	0.015779
9.18787e-10	0.0158192
9.18909e-10	0.0158594
9.19031e-10	0.0158996
9.19153e-10	0.0159398
9.19276e-10	0.0159799
9.19398e-10	0.01602
9.1952e-10	0.0160601
9.19642e-10	0.0161002
9.19765e-10	0.0161403
9.19887e-10	0.0161803
9.20009e-10	0.0162204
9.20131e-10	0.0162604
9.20254e-10	0.0163004
9.20376e-10	0.0163403
9.20498e-10	0.0163803
9.2062e-10	0.0164202
9.20742e-10	0.0164601
9.20865e-10	0.0165
9.20987e-10	0.0165399
9.21109e-10	0.0165798
9.21231e-10	0.0166196
9.21354e-10	0.0166594
9.21476e-10	0.0166992
9.21598e-10	0.016739
9.2172e-10	0.0167787
9.21843e-10	0.0168184
9.21965e-10	0.0168581
9.22087e-10	0.0168978
9.22209e-10	0.0169375
9.22332e-10	0.0169771
9.22454e-10	0.0170167
9.22576e-10	0.0170563
9.22698e-10	0.0170959
9.2282e-10	0.0171354
9.22943e-10	0.0171749
9.23065e-10	0.0172144
9.23187e-10	0.0172539
9.23309e-10	0.0172934
9.23432e-10	0.0173328
9.23554e-10	0.0173722
9.23676e-10	0.0174116
9.23798e-10	0.0174509
9.23921e-10	0.0174902
9.24043e-10	0.0175296
9.24165e-10	0.0175688
9.24287e-10	0.0176081
9.2441e-10	0.0176473
9.24532e-10	0.0176865
9.24654e-10	0.0177257
9.24776e-10	0.0177648
9.24898e-10	0.017804
9.25021e-10	0.0178431
9.25143e-10	0.0178821
9.25265e-10	0.0179212
9.25387e-10	0.0179602
9.2551e-10	0.0179992
9.25632e-10	0.0180381
9.25754e-10	0.0180771
9.25876e-10	0.018116
9.25999e-10	0.0181549
9.26121e-10	0.0181937
9.26243e-10	0.0182325
9.26365e-10	0.0182713
9.26488e-10	0.0183101
9.2661e-10	0.0183488
9.26732e-10	0.0183875
9.26854e-10	0.0184262
9.26976e-10	0.0184649
9.27099e-10	0.0185035
9.27221e-10	0.0185421
9.27343e-10	0.0185806
9.27465e-10	0.0186192
9.27588e-10	0.0186577
9.2771e-10	0.0186961
9.27832e-10	0.0187346
9.27954e-10	0.018773
9.28077e-10	0.0188114
9.28199e-10	0.0188497
9.28321e-10	0.018888
9.28443e-10	0.0189263
9.28566e-10	0.0189645
9.28688e-10	0.0190028
9.2881e-10	0.019041
9.28932e-10	0.0190791
9.29055e-10	0.0191172
9.29177e-10	0.0191553
9.29299e-10	0.0191934
9.29421e-10	0.0192314
9.29543e-10	0.0192694
9.29666e-10	0.0193073
9.29788e-10	0.0193453
9.2991e-10	0.0193832
9.30032e-10	0.019421
9.30155e-10	0.0194588
9.30277e-10	0.0194966
9.30399e-10	0.0195344
9.30521e-10	0.0195721
9.30644e-10	0.0196098
9.30766e-10	0.0196474
9.30888e-10	0.019685
9.3101e-10	0.0197226
9.31133e-10	0.0197602
9.31255e-10	0.0197977
9.31377e-10	0.0198351
9.31499e-10	0.0198726
9.31621e-10	0.01991
9.31744e-10	0.0199473
9.31866e-10	0.0199846
9.31988e-10	0.0200219
9.3211e-10	0.0200592
9.32233e-10	0.0200964
9.32355e-10	0.0201336
9.32477e-10	0.0201707
9.32599e-10	0.0202078
9.32722e-10	0.0202449
9.32844e-10	0.0202819
9.32966e-10	0.0203189
9.33088e-10	0.0203558
9.33211e-10	0.0203927
9.33333e-10	0.0204296
9.33455e-10	0.0204664
9.33577e-10	0.0205032
9.33699e-10	0.02054
9.33822e-10	0.0205767
9.33944e-10	0.0206133
9.34066e-10	0.02065
9.34188e-10	0.0206866
9.34311e-10	0.0207231
9.34433e-10	0.0207596
9.34555e-10	0.0207961
9.34677e-10	0.0208325
9.348e-10	0.0208689
9.34922e-10	0.0209052
9.35044e-10	0.0209415
9.35166e-10	0.0209778
9.35289e-10	0.021014
9.35411e-10	0.0210502
9.35533e-10	0.0210863
9.35655e-10	0.0211224
9.35777e-10	0.0211585
9.359e-10	0.0211945
9.36022e-10	0.0212304
9.36144e-10	0.0212663
9.36266e-10	0.0213022
9.36389e-10	0.021338
9.36511e-10	0.0213738
9.36633e-10	0.0214096
9.36755e-10	0.0214453
9.36878e-10	0.0214809
9.37e-10	0.0215165
9.37122e-10	0.0215521
9.37244e-10	0.0215876
9.37367e-10	0.0216231
9.37489e-10	0.0216585
9.37611e-10	0.0216939
9.37733e-10	0.0217293
9.37855e-10	0.0217645
9.37978e-10	0.0217998
9.381e-10	0.021835
9.38222e-10	0.0218701
9.38344e-10	0.0219053
9.38467e-10	0.0219403
9.38589e-10	0.0219753
9.38711e-10	0.0220103
9.38833e-10	0.0220452
9.38956e-10	0.0220801
9.39078e-10	0.0221149
9.392e-10	0.0221497
9.39322e-10	0.0221844
9.39445e-10	0.0222191
9.39567e-10	0.0222537
9.39689e-10	0.0222883
9.39811e-10	0.0223228
9.39934e-10	0.0223573
9.40056e-10	0.0223917
9.40178e-10	0.0224261
9.403e-10	0.0224604
9.40422e-10	0.0224947
9.40545e-10	0.022529
9.40667e-10	0.0225631
9.40789e-10	0.0225973
9.40911e-10	0.0226314
9.41034e-10	0.0226654
9.41156e-10	0.0226994
9.41278e-10	0.0227333
9.414e-10	0.0227672
9.41523e-10	0.022801
9.41645e-10	0.0228348
9.41767e-10	0.0228685
9.41889e-10	0.0229022
9.42012e-10	0.0229358
9.42134e-10	0.0229694
9.42256e-10	0.0230029
9.42378e-10	0.0230363
9.425e-10	0.0230697
9.42623e-10	0.0231031
9.42745e-10	0.0231364
9.42867e-10	0.0231696
9.42989e-10	0.0232028
9.43112e-10	0.023236
9.43234e-10	0.023269
9.43356e-10	0.0233021
9.43478e-10	0.023335
9.43601e-10	0.023368
9.43723e-10	0.0234008
9.43845e-10	0.0234336
9.43967e-10	0.0234664
9.4409e-10	0.0234991
9.44212e-10	0.0235317
9.44334e-10	0.0235643
9.44456e-10	0.0235968
9.44578e-10	0.0236293
9.44701e-10	0.0236617
9.44823e-10	0.0236941
9.44945e-10	0.0237264
9.45067e-10	0.0237586
9.4519e-10	0.0237908
9.45312e-10	0.023823
9.45434e-10	0.023855
9.45556e-10	0.0238871
9.45679e-10	0.023919
9.45801e-10	0.0239509
9.45923e-10	0.0239828
9.46045e-10	0.0240145
9.46168e-10	0.0240463
9.4629e-10	0.0240779
9.46412e-10	0.0241095
9.46534e-10	0.0241411
9.46656e-10	0.0241726
9.46779e-10	0.024204
9.46901e-10	0.0242354
9.47023e-10	0.0242667
9.47145e-10	0.0242979
9.47268e-10	0.0243291
9.4739e-10	0.0243602
9.47512e-10	0.0243913
9.47634e-10	0.0244223
9.47757e-10	0.0244533
9.47879e-10	0.0244841
9.48001e-10	0.024515
9.48123e-10	0.0245457
9.48246e-10	0.0245764
9.48368e-10	0.0246071
9.4849e-10	0.0246376
9.48612e-10	0.0246681
9.48734e-10	0.0246986
9.48857e-10	0.024729
9.48979e-10	0.0247593
9.49101e-10	0.0247895
9.49223e-10	0.0248197
9.49346e-10	0.0248499
9.49468e-10	0.0248799
9.4959e-10	0.0249099
9.49712e-10	0.0249399
9.49835e-10	0.0249698
9.49957e-10	0.0249996
9.50079e-10	0.0250293
9.50201e-10	0.025059
9.50324e-10	0.0250886
9.50446e-10	0.0251182
9.50568e-10	0.0251476
9.5069e-10	0.0251771
9.50813e-10	0.0252064
9.50935e-10	0.0252357
9.51057e-10	0.0252649
9.51179e-10	0.0252941
9.51301e-10	0.0253232
9.51424e-10	0.0253522
9.51546e-10	0.0253811
9.51668e-10	0.02541
9.5179e-10	0.0254388
9.51913e-10	0.0254676
9.52035e-10	0.0254963
9.52157e-10	0.0255249
9.52279e-10	0.0255534
9.52402e-10	0.0255819
9.52524e-10	0.0256103
9.52646e-10	0.0256387
9.52768e-10	0.025667
9.52891e-10	0.0256952
9.53013e-10	0.0257233
9.53135e-10	0.0257514
9.53257e-10	0.0257794
9.53379e-10	0.0258073
9.53502e-10	0.0258351
9.53624e-10	0.0258629
9.53746e-10	0.0258906
9.53868e-10	0.0259183
9.53991e-10	0.0259459
9.54113e-10	0.0259734
9.54235e-10	0.0260008
9.54357e-10	0.0260282
9.5448e-10	0.0260555
9.54602e-10	0.0260827
9.54724e-10	0.0261098
9.54846e-10	0.0261369
9.54969e-10	0.0261639
9.55091e-10	0.0261908
9.55213e-10	0.0262177
9.55335e-10	0.0262445
9.55457e-10	0.0262712
9.5558e-10	0.0262978
9.55702e-10	0.0263244
9.55824e-10	0.0263509
9.55946e-10	0.0263773
9.56069e-10	0.0264037
9.56191e-10	0.0264299
9.56313e-10	0.0264561
9.56435e-10	0.0264823
9.56558e-10	0.0265083
9.5668e-10	0.0265343
9.56802e-10	0.0265602
9.56924e-10	0.026586
9.57047e-10	0.0266118
9.57169e-10	0.0266374
9.57291e-10	0.026663
9.57413e-10	0.0266886
9.57535e-10	0.026714
9.57658e-10	0.0267394
9.5778e-10	0.0267647
9.57902e-10	0.0267899
9.58024e-10	0.026815
9.58147e-10	0.0268401
9.58269e-10	0.0268651
9.58391e-10	0.02689
9.58513e-10	0.0269148
9.58636e-10	0.0269396
9.58758e-10	0.0269643
9.5888e-10	0.0269889
9.59002e-10	0.0270134
9.59125e-10	0.0270378
9.59247e-10	0.0270622
9.59369e-10	0.0270865
9.59491e-10	0.0271107
9.59613e-10	0.0271348
9.59736e-10	0.0271589
9.59858e-10	0.0271828
9.5998e-10	0.0272067
9.60102e-10	0.0272305
9.60225e-10	0.0272543
9.60347e-10	0.0272779
9.60469e-10	0.0273015
9.60591e-10	0.027325
9.60714e-10	0.0273484
9.60836e-10	0.0273717
9.60958e-10	0.027395
9.6108e-10	0.0274181
9.61203e-10	0.0274412
9.61325e-10	0.0274642
9.61447e-10	0.0274871
9.61569e-10	0.02751
9.61692e-10	0.0275327
9.61814e-10	0.0275554
9.61936e-10	0.027578
9.62058e-10	0.0276005
9.6218e-10	0.027623
9.62303e-10	0.0276453
9.62425e-10	0.0276676
9.62547e-10	0.0276897
9.62669e-10	0.0277118
9.62792e-10	0.0277339
9.62914e-10	0.0277558
9.63036e-10	0.0277776
9.63158e-10	0.0277994
9.63281e-10	0.0278211
9.63403e-10	0.0278427
9.63525e-10	0.0278642
9.63647e-10	0.0278856
9.6377e-10	0.0279069
9.63892e-10	0.0279282
9.64014e-10	0.0279493
9.64136e-10	0.0279704
9.64258e-10	0.0279914
9.64381e-10	0.0280123
9.64503e-10	0.0280332
9.64625e-10	0.0280539
9.64747e-10	0.0280745
9.6487e-10	0.0280951
9.64992e-10	0.0281156
9.65114e-10	0.028136
9.65236e-10	0.0281563
9.65359e-10	0.0281765
9.65481e-10	0.0281966
9.65603e-10	0.0282167
9.65725e-10	0.0282366
9.65848e-10	0.0282565
9.6597e-10	0.0282763
9.66092e-10	0.028296
9.66214e-10	0.0283156
9.66336e-10	0.0283351
9.66459e-10	0.0283545
9.66581e-10	0.0283738
9.66703e-10	0.0283931
9.66825e-10	0.0284122
9.66948e-10	0.0284313
9.6707e-10	0.0284503
9.67192e-10	0.0284692
9.67314e-10	0.028488
9.67437e-10	0.0285067
9.67559e-10	0.0285253
9.67681e-10	0.0285438
9.67803e-10	0.0285623
9.67926e-10	0.0285806
9.68048e-10	0.0285989
9.6817e-10	0.028617
9.68292e-10	0.0286351
9.68414e-10	0.0286531
9.68537e-10	0.028671
9.68659e-10	0.0286888
9.68781e-10	0.0287065
9.68903e-10	0.0287241
9.69026e-10	0.0287416
9.69148e-10	0.028759
9.6927e-10	0.0287764
9.69392e-10	0.0287936
9.69515e-10	0.0288108
9.69637e-10	0.0288278
9.69759e-10	0.0288448
9.69881e-10	0.0288617
9.70004e-10	0.0288784
9.70126e-10	0.0288951
9.70248e-10	0.0289117
9.7037e-10	0.0289282
9.70492e-10	0.0289446
9.70615e-10	0.0289609
9.70737e-10	0.0289771
9.70859e-10	0.0289932
9.70981e-10	0.0290093
9.71104e-10	0.0290252
9.71226e-10	0.029041
9.71348e-10	0.0290568
9.7147e-10	0.0290724
9.71593e-10	0.0290879
9.71715e-10	0.0291034
9.71837e-10	0.0291188
9.71959e-10	0.029134
9.72082e-10	0.0291492
9.72204e-10	0.0291642
9.72326e-10	0.0291792
9.72448e-10	0.0291941
9.72571e-10	0.0292088
9.72693e-10	0.0292235
9.72815e-10	0.0292381
9.72937e-10	0.0292526
9.73059e-10	0.029267
9.73182e-10	0.0292813
9.73304e-10	0.0292954
9.73426e-10	0.0293095
9.73548e-10	0.0293235
9.73671e-10	0.0293374
9.73793e-10	0.0293512
9.73915e-10	0.0293649
9.74037e-10	0.0293785
9.7416e-10	0.029392
9.74282e-10	0.0294054
9.74404e-10	0.0294187
9.74526e-10	0.0294319
9.74649e-10	0.029445
9.74771e-10	0.029458
9.74893e-10	0.0294709
9.75015e-10	0.0294837
9.75137e-10	0.0294964
9.7526e-10	0.029509
9.75382e-10	0.0295215
9.75504e-10	0.0295339
9.75626e-10	0.0295462
9.75749e-10	0.0295584
9.75871e-10	0.0295705
9.75993e-10	0.0295825
9.76115e-10	0.0295944
9.76238e-10	0.0296062
9.7636e-10	0.0296179
9.76482e-10	0.0296294
9.76604e-10	0.0296409
9.76727e-10	0.0296523
9.76849e-10	0.0296636
9.76971e-10	0.0296748
9.77093e-10	0.0296858
9.77215e-10	0.0296968
9.77338e-10	0.0297077
9.7746e-10	0.0297184
9.77582e-10	0.0297291
9.77704e-10	0.0297397
9.77827e-10	0.0297501
9.77949e-10	0.0297605
9.78071e-10	0.0297707
9.78193e-10	0.0297809
9.78316e-10	0.0297909
9.78438e-10	0.0298008
9.7856e-10	0.0298107
9.78682e-10	0.0298204
9.78805e-10	0.02983
9.78927e-10	0.0298395
9.79049e-10	0.0298489
9.79171e-10	0.0298582
9.79293e-10	0.0298674
9.79416e-10	0.0298765
9.79538e-10	0.0298855
9.7966e-10	0.0298944
9.79782e-10	0.0299032
9.79905e-10	0.0299118
9.80027e-10	0.0299204
9.80149e-10	0.0299289
9.80271e-10	0.0299372
9.80394e-10	0.0299454
9.80516e-10	0.0299536
9.80638e-10	0.0299616
9.8076e-10	0.0299695
9.80883e-10	0.0299773
9.81005e-10	0.0299851
9.81127e-10	0.0299927
9.81249e-10	0.0300001
9.81371e-10	0.0300075
9.81494e-10	0.0300148
9.81616e-10	0.030022
9.81738e-10	0.030029
9.8186e-10	0.030036
9.81983e-10	0.0300428
9.82105e-10	0.0300496
9.82227e-10	0.0300562
9.82349e-10	0.0300627
9.82472e-10	0.0300691
9.82594e-10	0.0300754
9.82716e-10	0.0300816
9.82838e-10	0.0300877
9.82961e-10	0.0300936
9.83083e-10	0.0300995
9.83205e-10	0.0301052
9.83327e-10	0.0301109
9.8345e-10	0.0301164
9.83572e-10	0.0301218
9.83694e-10	0.0301271
9.83816e-10	0.0301323
9.83938e-10	0.0301374
9.84061e-10	0.0301424
9.84183e-10	0.0301473
9.84305e-10	0.030152
9.84427e-10	0.0301566
9.8455e-10	0.0301612
9.84672e-10	0.0301656
9.84794e-10	0.0301699
9.84916e-10	0.0301741
9.85039e-10	0.0301782
9.85161e-10	0.0301822
9.85283e-10	0.030186
9.85405e-10	0.0301898
9.85528e-10	0.0301934
9.8565e-10	0.0301969
9.85772e-10	0.0302003
9.85894e-10	0.0302036
9.86016e-10	0.0302068
9.86139e-10	0.0302099
9.86261e-10	0.0302128
9.86383e-10	0.0302157
9.86505e-10	0.0302184
9.86628e-10	0.030221
9.8675e-10	0.0302235
9.86872e-10	0.0302259
9.86994e-10	0.0302282
9.87117e-10	0.0302303
9.87239e-10	0.0302324
9.87361e-10	0.0302343
9.87483e-10	0.0302361
9.87606e-10	0.0302378
9.87728e-10	0.0302394
9.8785e-10	0.0302409
9.87972e-10	0.0302422
9.88094e-10	0.0302435
9.88217e-10	0.0302446
9.88339e-10	0.0302456
9.88461e-10	0.0302465
9.88583e-10	0.0302473
9.88706e-10	0.0302479
9.88828e-10	0.0302485
9.8895e-10	0.0302489
9.89072e-10	0.0302492
9.89195e-10	0.0302494
9.89317e-10	0.0302495
9.89439e-10	0.0302495
9.89561e-10	0.0302493
9.89684e-10	0.030249
9.89806e-10	0.0302486
9.89928e-10	0.0302481
9.9005e-10	0.0302475
9.90172e-10	0.0302468
9.90295e-10	0.0302459
9.90417e-10	0.030245
9.90539e-10	0.0302439
9.90661e-10	0.0302427
9.90784e-10	0.0302413
9.90906e-10	0.0302399
9.91028e-10	0.0302383
9.9115e-10	0.0302366
9.91273e-10	0.0302348
9.91395e-10	0.0302329
9.91517e-10	0.0302309
9.91639e-10	0.0302287
9.91762e-10	0.0302265
9.91884e-10	0.0302241
9.92006e-10	0.0302216
9.92128e-10	0.0302189
9.9225e-10	0.0302162
9.92373e-10	0.0302133
9.92495e-10	0.0302103
9.92617e-10	0.0302072
9.92739e-10	0.030204
9.92862e-10	0.0302006
9.92984e-10	0.0301972
9.93106e-10	0.0301936
9.93228e-10	0.0301899
9.93351e-10	0.030186
9.93473e-10	0.0301821
9.93595e-10	0.030178
9.93717e-10	0.0301738
9.9384e-10	0.0301695
9.93962e-10	0.0301651
9.94084e-10	0.0301605
9.94206e-10	0.0301559
9.94329e-10	0.0301511
9.94451e-10	0.0301462
9.94573e-10	0.0301411
9.94695e-10	0.030136
9.94817e-10	0.0301307
9.9494e-10	0.0301253
9.95062e-10	0.0301198
9.95184e-10	0.0301141
9.95306e-10	0.0301083
9.95429e-10	0.0301025
9.95551e-10	0.0300964
9.95673e-10	0.0300903
9.95795e-10	0.0300841
9.95918e-10	0.0300777
9.9604e-10	0.0300712
9.96162e-10	0.0300645
9.96284e-10	0.0300578
9.96407e-10	0.0300509
9.96529e-10	0.0300439
9.96651e-10	0.0300368
9.96773e-10	0.0300296
9.96895e-10	0.0300222
9.97018e-10	0.0300147
9.9714e-10	0.0300071
9.97262e-10	0.0299994
9.97384e-10	0.0299915
9.97507e-10	0.0299836
9.97629e-10	0.0299754
9.97751e-10	0.0299672
9.97873e-10	0.0299589
9.97996e-10	0.0299504
9.98118e-10	0.0299418
9.9824e-10	0.0299331
9.98362e-10	0.0299242
9.98485e-10	0.0299152
9.98607e-10	0.0299061
9.98729e-10	0.0298969
9.98851e-10	0.0298876
9.98973e-10	0.0298781
9.99096e-10	0.0298685
9.99218e-10	0.0298588
9.9934e-10	0.0298489
9.99462e-10	0.029839
9.99585e-10	0.0298289
9.99707e-10	0.0298186
9.99829e-10	0.0298083
9.99951e-10	0.0297978
1.00007e-09	0.0297872
1.0002e-09	0.0297765
1.00032e-09	0.0297656
1.00044e-09	0.0297546
1.00056e-09	0.0297435
1.00068e-09	0.0297323
1.00081e-09	0.0297209
1.00093e-09	0.0297095
1.00105e-09	0.0296979
1.00117e-09	0.0296861
1.0013e-09	0.0296743
1.00142e-09	0.0296623
1.00154e-09	0.0296501
1.00166e-09	0.0296379
1.00178e-09	0.0296255
1.00191e-09	0.029613
1.00203e-09	0.0296004
1.00215e-09	0.0295877
1.00227e-09	0.0295748
1.0024e-09	0.0295618
1.00252e-09	0.0295486
1.00264e-09	0.0295354
1.00276e-09	0.029522
1.00289e-09	0.0295085
1.00301e-09	0.0294948
1.00313e-09	0.0294811
1.00325e-09	0.0294672
1.00337e-09	0.0294531
1.0035e-09	0.029439
1.00362e-09	0.0294247
1.00374e-09	0.0294103
1.00386e-09	0.0293957
1.00399e-09	0.0293811
1.00411e-09	0.0293663
1.00423e-09	0.0293513
1.00435e-09	0.0293363
1.00447e-09	0.0293211
1.0046e-09	0.0293058
1.00472e-09	0.0292903
1.00484e-09	0.0292748
1.00496e-09	0.0292591
1.00509e-09	0.0292432
1.00521e-09	0.0292273
1.00533e-09	0.0292112
1.00545e-09	0.029195
1.00557e-09	0.0291786
1.0057e-09	0.0291622
1.00582e-09	0.0291456
1.00594e-09	0.0291288
1.00606e-09	0.029112
1.00619e-09	0.029095
1.00631e-09	0.0290779
1.00643e-09	0.0290606
1.00655e-09	0.0290432
1.00667e-09	0.0290257
1.0068e-09	0.0290081
1.00692e-09	0.0289903
1.00704e-09	0.0289724
1.00716e-09	0.0289544
1.00729e-09	0.0289362
1.00741e-09	0.0289179
1.00753e-09	0.0288995
1.00765e-09	0.028881
1.00777e-09	0.0288623
1.0079e-09	0.0288435
1.00802e-09	0.0288245
1.00814e-09	0.0288054
1.00826e-09	0.0287862
1.00839e-09	0.0287669
1.00851e-09	0.0287474
1.00863e-09	0.0287278
1.00875e-09	0.0287081
1.00887e-09	0.0286883
1.009e-09	0.0286683
1.00912e-09	0.0286481
1.00924e-09	0.0286279
1.00936e-09	0.0286075
1.00949e-09	0.028587
1.00961e-09	0.0285663
1.00973e-09	0.0285456
1.00985e-09	0.0285247
1.00997e-09	0.0285036
1.0101e-09	0.0284824
1.01022e-09	0.0284611
1.01034e-09	0.0284397
1.01046e-09	0.0284181
1.01059e-09	0.0283964
1.01071e-09	0.0283746
1.01083e-09	0.0283527
1.01095e-09	0.0283306
1.01107e-09	0.0283083
1.0112e-09	0.028286
1.01132e-09	0.0282635
1.01144e-09	0.0282409
1.01156e-09	0.0282181
1.01169e-09	0.0281952
1.01181e-09	0.0281722
1.01193e-09	0.0281491
1.01205e-09	0.0281258
1.01217e-09	0.0281024
1.0123e-09	0.0280788
1.01242e-09	0.0280551
1.01254e-09	0.0280313
1.01266e-09	0.0280074
1.01279e-09	0.0279833
1.01291e-09	0.0279591
1.01303e-09	0.0279348
1.01315e-09	0.0279103
1.01328e-09	0.0278857
1.0134e-09	0.0278609
1.01352e-09	0.0278361
1.01364e-09	0.027811
1.01376e-09	0.0277859
1.01389e-09	0.0277606
1.01401e-09	0.0277352
1.01413e-09	0.0277097
1.01425e-09	0.027684
1.01438e-09	0.0276582
1.0145e-09	0.0276323
1.01462e-09	0.0276062
1.01474e-09	0.02758
1.01486e-09	0.0275537
1.01499e-09	0.0275272
1.01511e-09	0.0275006
1.01523e-09	0.0274739
1.01535e-09	0.027447
1.01548e-09	0.02742
1.0156e-09	0.0273929
1.01572e-09	0.0273656
1.01584e-09	0.0273382
1.01596e-09	0.0273107
1.01609e-09	0.027283
1.01621e-09	0.0272552
1.01633e-09	0.0272272
1.01645e-09	0.0271992
1.01658e-09	0.027171
1.0167e-09	0.0271426
1.01682e-09	0.0271142
1.01694e-09	0.0270856
1.01706e-09	0.0270568
1.01719e-09	0.0270279
1.01731e-09	0.0269989
1.01743e-09	0.0269698
1.01755e-09	0.0269405
1.01768e-09	0.0269111
1.0178e-09	0.0268816
1.01792e-09	0.0268519
1.01804e-09	0.0268221
1.01816e-09	0.0267922
1.01829e-09	0.0267621
1.01841e-09	0.0267319
1.01853e-09	0.0267015
1.01865e-09	0.026671
1.01878e-09	0.0266404
1.0189e-09	0.0266097
1.01902e-09	0.0265788
1.01914e-09	0.0265478
1.01926e-09	0.0265166
1.01939e-09	0.0264854
1.01951e-09	0.0264539
1.01963e-09	0.0264224
1.01975e-09	0.0263907
1.01988e-09	0.0263589
1.02e-09	0.0263269
1.02012e-09	0.0262948
1.02024e-09	0.0262626
1.02036e-09	0.0262303
1.02049e-09	0.0261978
1.02061e-09	0.0261652
1.02073e-09	0.0261324
1.02085e-09	0.0260995
1.02098e-09	0.0260665
1.0211e-09	0.0260333
1.02122e-09	0.026
1.02134e-09	0.0259666
1.02146e-09	0.025933
1.02159e-09	0.0258993
1.02171e-09	0.0258655
1.02183e-09	0.0258315
1.02195e-09	0.0257974
1.02208e-09	0.0257632
1.0222e-09	0.0257288
1.02232e-09	0.0256943
1.02244e-09	0.0256597
1.02257e-09	0.0256249
1.02269e-09	0.02559
1.02281e-09	0.025555
1.02293e-09	0.0255198
1.02305e-09	0.0254845
1.02318e-09	0.0254491
1.0233e-09	0.0254135
1.02342e-09	0.0253778
1.02354e-09	0.0253419
1.02367e-09	0.025306
1.02379e-09	0.0252698
1.02391e-09	0.0252336
1.02403e-09	0.0251972
1.02415e-09	0.0251607
1.02428e-09	0.025124
1.0244e-09	0.0250873
1.02452e-09	0.0250503
1.02464e-09	0.0250133
1.02477e-09	0.0249761
1.02489e-09	0.0249388
1.02501e-09	0.0249013
1.02513e-09	0.0248637
1.02525e-09	0.024826
1.02538e-09	0.0247882
1.0255e-09	0.0247502
1.02562e-09	0.024712
1.02574e-09	0.0246738
1.02587e-09	0.0246354
1.02599e-09	0.0245969
1.02611e-09	0.0245582
1.02623e-09	0.0245194
1.02635e-09	0.0244805
1.02648e-09	0.0244414
1.0266e-09	0.0244022
1.02672e-09	0.0243629
1.02684e-09	0.0243234
1.02697e-09	0.0242838
1.02709e-09	0.0242441
1.02721e-09	0.0242042
1.02733e-09	0.0241642
1.02745e-09	0.0241241
1.02758e-09	0.0240838
1.0277e-09	0.0240434
1.02782e-09	0.0240029
1.02794e-09	0.0239622
1.02807e-09	0.0239214
1.02819e-09	0.0238804
1.02831e-09	0.0238394
1.02843e-09	0.0237982
1.02855e-09	0.0237568
1.02868e-09	0.0237154
1.0288e-09	0.0236737
1.02892e-09	0.023632
1.02904e-09	0.0235901
1.02917e-09	0.0235481
1.02929e-09	0.023506
1.02941e-09	0.0234637
1.02953e-09	0.0234213
1.02965e-09	0.0233788
1.02978e-09	0.0233361
1.0299e-09	0.0232933
1.03002e-09	0.0232503
1.03014e-09	0.0232073
1.03027e-09	0.0231641
1.03039e-09	0.0231207
1.03051e-09	0.0230773
1.03063e-09	0.0230336
1.03075e-09	0.0229899
1.03088e-09	0.022946
1.031e-09	0.022902
1.03112e-09	0.0228579
1.03124e-09	0.0228136
1.03137e-09	0.0227692
1.03149e-09	0.0227247
1.03161e-09	0.02268
1.03173e-09	0.0226352
1.03185e-09	0.0225903
1.03198e-09	0.0225452
1.0321e-09	0.0225
1.03222e-09	0.0224547
1.03234e-09	0.0224092
1.03247e-09	0.0223636
1.03259e-09	0.0223179
1.03271e-09	0.022272
1.03283e-09	0.022226
1.03296e-09	0.0221799
1.03308e-09	0.0221336
1.0332e-09	0.0220872
1.03332e-09	0.0220407
1.03344e-09	0.0219941
1.03357e-09	0.0219473
1.03369e-09	0.0219004
1.03381e-09	0.0218533
1.03393e-09	0.0218061
1.03406e-09	0.0217588
1.03418e-09	0.0217114
1.0343e-09	0.0216638
1.03442e-09	0.0216161
1.03454e-09	0.0215682
1.03467e-09	0.0215202
1.03479e-09	0.0214721
1.03491e-09	0.0214239
1.03503e-09	0.0213755
1.03516e-09	0.021327
1.03528e-09	0.0212784
1.0354e-09	0.0212296
1.03552e-09	0.0211807
1.03564e-09	0.0211317
1.03577e-09	0.0210826
1.03589e-09	0.0210333
1.03601e-09	0.0209839
1.03613e-09	0.0209343
1.03626e-09	0.0208846
1.03638e-09	0.0208348
1.0365e-09	0.0207849
1.03662e-09	0.0207348
1.03674e-09	0.0206846
1.03687e-09	0.0206343
1.03699e-09	0.0205838
1.03711e-09	0.0205332
1.03723e-09	0.0204825
1.03736e-09	0.0204316
1.03748e-09	0.0203806
1.0376e-09	0.0203295
1.03772e-09	0.0202783
1.03784e-09	0.0202269
1.03797e-09	0.0201754
1.03809e-09	0.0201238
1.03821e-09	0.020072
1.03833e-09	0.0200201
1.03846e-09	0.0199681
1.03858e-09	0.0199159
1.0387e-09	0.0198636
1.03882e-09	0.0198112
1.03894e-09	0.0197587
1.03907e-09	0.019706
1.03919e-09	0.0196532
1.03931e-09	0.0196003
1.03943e-09	0.0195472
1.03956e-09	0.019494
1.03968e-09	0.0194407
1.0398e-09	0.0193873
1.03992e-09	0.0193337
1.04004e-09	0.01928
1.04017e-09	0.0192262
1.04029e-09	0.0191722
1.04041e-09	0.0191181
1.04053e-09	0.0190639
1.04066e-09	0.0190096
1.04078e-09	0.0189551
1.0409e-09	0.0189005
1.04102e-09	0.0188458
1.04114e-09	0.0187909
1.04127e-09	0.0187359
1.04139e-09	0.0186808
1.04151e-09	0.0186256
1.04163e-09	0.0185702
1.04176e-09	0.0185147
1.04188e-09	0.0184591
1.042e-09	0.0184033
1.04212e-09	0.0183474
1.04225e-09	0.0182914
1.04237e-09	0.0182353
1.04249e-09	0.0181791
1.04261e-09	0.0181227
1.04273e-09	0.0180662
1.04286e-09	0.0180095
1.04298e-09	0.0179528
1.0431e-09	0.0178959
1.04322e-09	0.0178388
1.04335e-09	0.0177817
1.04347e-09	0.0177244
1.04359e-09	0.017667
1.04371e-09	0.0176095
1.04383e-09	0.0175519
1.04396e-09	0.0174941
1.04408e-09	0.0174362
1.0442e-09	0.0173782
1.04432e-09	0.01732
1.04445e-09	0.0172617
1.04457e-09	0.0172033
1.04469e-09	0.0171448
1.04481e-09	0.0170862
1.04493e-09	0.0170274
1.04506e-09	0.0169685
1.04518e-09	0.0169095
1.0453e-09	0.0168503
1.04542e-09	0.016791
1.04555e-09	0.0167316
1.04567e-09	0.0166721
1.04579e-09	0.0166125
1.04591e-09	0.0165527
1.04603e-09	0.0164928
1.04616e-09	0.0164328
1.04628e-09	0.0163726
1.0464e-09	0.0163124
1.04652e-09	0.016252
1.04665e-09	0.0161915
1.04677e-09	0.0161308
1.04689e-09	0.0160701
1.04701e-09	0.0160092
1.04713e-09	0.0159482
1.04726e-09	0.015887
1.04738e-09	0.0158258
1.0475e-09	0.0157644
1.04762e-09	0.0157029
1.04775e-09	0.0156413
1.04787e-09	0.0155796
1.04799e-09	0.0155177
1.04811e-09	0.0154557
1.04823e-09	0.0153936
1.04836e-09	0.0153314
1.04848e-09	0.015269
1.0486e-09	0.0152065
1.04872e-09	0.0151439
1.04885e-09	0.0150812
1.04897e-09	0.0150184
1.04909e-09	0.0149554
1.04921e-09	0.0148924
1.04933e-09	0.0148292
1.04946e-09	0.0147658
1.04958e-09	0.0147024
1.0497e-09	0.0146388
1.04982e-09	0.0145752
1.04995e-09	0.0145113
1.05007e-09	0.0144474
1.05019e-09	0.0143834
1.05031e-09	0.0143192
1.05043e-09	0.0142549
1.05056e-09	0.0141905
1.05068e-09	0.014126
1.0508e-09	0.0140614
1.05092e-09	0.0139966
1.05105e-09	0.0139317
1.05117e-09	0.0138667
1.05129e-09	0.0138016
1.05141e-09	0.0137364
1.05153e-09	0.013671
1.05166e-09	0.0136056
1.05178e-09	0.01354
1.0519e-09	0.0134743
1.05202e-09	0.0134084
1.05215e-09	0.0133425
1.05227e-09	0.0132764
1.05239e-09	0.0132103
1.05251e-09	0.013144
1.05264e-09	0.0130776
1.05276e-09	0.013011
1.05288e-09	0.0129444
1.053e-09	0.0128776
1.05312e-09	0.0128107
1.05325e-09	0.0127437
1.05337e-09	0.0126766
1.05349e-09	0.0126094
1.05361e-09	0.0125421
1.05374e-09	0.0124746
1.05386e-09	0.012407
1.05398e-09	0.0123393
1.0541e-09	0.0122715
1.05422e-09	0.0122036
1.05435e-09	0.0121356
1.05447e-09	0.0120674
1.05459e-09	0.0119991
1.05471e-09	0.0119308
1.05484e-09	0.0118623
1.05496e-09	0.0117936
1.05508e-09	0.0117249
1.0552e-09	0.0116561
1.05532e-09	0.0115871
1.05545e-09	0.0115181
1.05557e-09	0.0114489
1.05569e-09	0.0113796
1.05581e-09	0.0113102
1.05594e-09	0.0112407
1.05606e-09	0.011171
1.05618e-09	0.0111013
1.0563e-09	0.0110314
1.05642e-09	0.0109614
1.05655e-09	0.0108914
1.05667e-09	0.0108212
1.05679e-09	0.0107509
1.05691e-09	0.0106804
1.05704e-09	0.0106099
1.05716e-09	0.0105393
1.05728e-09	0.0104685
1.0574e-09	0.0103976
1.05752e-09	0.0103267
1.05765e-09	0.0102556
1.05777e-09	0.0101844
1.05789e-09	0.0101131
1.05801e-09	0.0100416
1.05814e-09	0.00997011
1.05826e-09	0.00989847
1.05838e-09	0.00982672
1.0585e-09	0.00975486
1.05862e-09	0.00968289
1.05875e-09	0.00961082
1.05887e-09	0.00953863
1.05899e-09	0.00946633
1.05911e-09	0.00939393
1.05924e-09	0.00932141
1.05936e-09	0.00924879
1.05948e-09	0.00917606
1.0596e-09	0.00910322
1.05972e-09	0.00903028
1.05985e-09	0.00895722
1.05997e-09	0.00888406
1.06009e-09	0.00881079
1.06021e-09	0.00873741
1.06034e-09	0.00866393
1.06046e-09	0.00859034
1.06058e-09	0.00851664
1.0607e-09	0.00844284
1.06082e-09	0.00836893
1.06095e-09	0.00829491
1.06107e-09	0.00822079
1.06119e-09	0.00814656
1.06131e-09	0.00807223
1.06144e-09	0.00799779
1.06156e-09	0.00792325
1.06168e-09	0.0078486
1.0618e-09	0.00777385
1.06193e-09	0.00769899
1.06205e-09	0.00762402
1.06217e-09	0.00754896
1.06229e-09	0.00747379
1.06241e-09	0.00739851
1.06254e-09	0.00732313
1.06266e-09	0.00724765
1.06278e-09	0.00717206
1.0629e-09	0.00709638
1.06303e-09	0.00702058
1.06315e-09	0.00694469
1.06327e-09	0.00686869
1.06339e-09	0.00679259
1.06351e-09	0.00671639
1.06364e-09	0.00664009
1.06376e-09	0.00656368
1.06388e-09	0.00648718
1.064e-09	0.00641057
1.06413e-09	0.00633386
1.06425e-09	0.00625705
1.06437e-09	0.00618014
1.06449e-09	0.00610313
1.06461e-09	0.00602602
1.06474e-09	0.0059488
1.06486e-09	0.00587149
1.06498e-09	0.00579408
1.0651e-09	0.00571657
1.06523e-09	0.00563896
1.06535e-09	0.00556125
1.06547e-09	0.00548344
1.06559e-09	0.00540553
1.06571e-09	0.00532753
1.06584e-09	0.00524942
1.06596e-09	0.00517122
1.06608e-09	0.00509292
1.0662e-09	0.00501452
1.06633e-09	0.00493603
1.06645e-09	0.00485743
1.06657e-09	0.00477874
1.06669e-09	0.00469996
1.06681e-09	0.00462107
1.06694e-09	0.00454209
1.06706e-09	0.00446302
1.06718e-09	0.00438385
1.0673e-09	0.00430458
1.06743e-09	0.00422521
1.06755e-09	0.00414576
1.06767e-09	0.0040662
1.06779e-09	0.00398655
1.06791e-09	0.00390681
1.06804e-09	0.00382697
1.06816e-09	0.00374704
1.06828e-09	0.00366701
1.0684e-09	0.00358689
1.06853e-09	0.00350668
1.06865e-09	0.00342637
1.06877e-09	0.00334597
1.06889e-09	0.00326548
1.06901e-09	0.00318489
1.06914e-09	0.00310421
1.06926e-09	0.00302344
1.06938e-09	0.00294258
1.0695e-09	0.00286162
1.06963e-09	0.00278058
1.06975e-09	0.00269944
1.06987e-09	0.00261821
1.06999e-09	0.00253689
1.07011e-09	0.00245548
1.07024e-09	0.00237398
1.07036e-09	0.00229239
1.07048e-09	0.00221071
1.0706e-09	0.00212894
1.07073e-09	0.00204708
1.07085e-09	0.00196513
1.07097e-09	0.00188309
1.07109e-09	0.00180096
1.07121e-09	0.00171874
1.07134e-09	0.00163644
1.07146e-09	0.00155404
1.07158e-09	0.00147156
1.0717e-09	0.00138899
1.07183e-09	0.00130634
1.07195e-09	0.00122359
1.07207e-09	0.00114076
1.07219e-09	0.00105785
1.07232e-09	0.000974843
1.07244e-09	0.000891753
1.07256e-09	0.000808577
1.07268e-09	0.000725315
1.0728e-09	0.000641967
1.07293e-09	0.000558535
1.07305e-09	0.000475017
1.07317e-09	0.000391414
1.07329e-09	0.000307727
1.07342e-09	0.000223955
1.07354e-09	0.0001401
1.07366e-09	5.616e-05
1.07378e-09	-2.78632e-05
1.0739e-09	-0.00011197
1.07403e-09	-0.000196159
1.07415e-09	-0.000280432
1.07427e-09	-0.000364787
1.07439e-09	-0.000449225
1.07452e-09	-0.000533744
1.07464e-09	-0.000618346
1.07476e-09	-0.000703029
1.07488e-09	-0.000787794
1.075e-09	-0.00087264
1.07513e-09	-0.000957566
1.07525e-09	-0.00104257
1.07537e-09	-0.00112766
1.07549e-09	-0.00121283
1.07562e-09	-0.00129808
1.07574e-09	-0.0013834
1.07586e-09	-0.00146881
1.07598e-09	-0.0015543
1.0761e-09	-0.00163986
1.07623e-09	-0.0017255
1.07635e-09	-0.00181123
1.07647e-09	-0.00189703
1.07659e-09	-0.0019829
1.07672e-09	-0.00206886
1.07684e-09	-0.00215489
1.07696e-09	-0.002241
1.07708e-09	-0.00232719
1.0772e-09	-0.00241345
1.07733e-09	-0.00249979
1.07745e-09	-0.0025862
1.07757e-09	-0.00267269
1.07769e-09	-0.00275926
1.07782e-09	-0.0028459
1.07794e-09	-0.00293262
1.07806e-09	-0.00301941
1.07818e-09	-0.00310628
1.0783e-09	-0.00319321
1.07843e-09	-0.00328023
1.07855e-09	-0.00336732
1.07867e-09	-0.00345448
1.07879e-09	-0.00354171
1.07892e-09	-0.00362902
1.07904e-09	-0.0037164
1.07916e-09	-0.00380385
1.07928e-09	-0.00389137
1.0794e-09	-0.00397897
1.07953e-09	-0.00406663
1.07965e-09	-0.00415437
1.07977e-09	-0.00424218
1.07989e-09	-0.00433006
1.08002e-09	-0.00441801
1.08014e-09	-0.00450603
1.08026e-09	-0.00459412
1.08038e-09	-0.00468228
1.0805e-09	-0.00477051
1.08063e-09	-0.0048588
1.08075e-09	-0.00494717
1.08087e-09	-0.00503561
1.08099e-09	-0.00512411
1.08112e-09	-0.00521268
1.08124e-09	-0.00530132
1.08136e-09	-0.00539002
1.08148e-09	-0.0054788
1.0816e-09	-0.00556764
1.08173e-09	-0.00565654
1.08185e-09	-0.00574552
1.08197e-09	-0.00583456
1.08209e-09	-0.00592366
1.08222e-09	-0.00601283
1.08234e-09	-0.00610206
1.08246e-09	-0.00619136
1.08258e-09	-0.00628073
1.08271e-09	-0.00637016
1.08283e-09	-0.00645965
1.08295e-09	-0.0065492
1.08307e-09	-0.00663882
1.08319e-09	-0.00672851
1.08332e-09	-0.00681825
1.08344e-09	-0.00690806
1.08356e-09	-0.00699793
1.08368e-09	-0.00708786
1.08381e-09	-0.00717785
1.08393e-09	-0.00726791
1.08405e-09	-0.00735802
1.08417e-09	-0.0074482
1.08429e-09	-0.00753844
1.08442e-09	-0.00762874
1.08454e-09	-0.00771909
1.08466e-09	-0.00780951
1.08478e-09	-0.00789999
1.08491e-09	-0.00799052
1.08503e-09	-0.00808112
1.08515e-09	-0.00817177
1.08527e-09	-0.00826248
1.08539e-09	-0.00835325
1.08552e-09	-0.00844407
1.08564e-09	-0.00853496
1.08576e-09	-0.0086259
1.08588e-09	-0.00871689
1.08601e-09	-0.00880795
1.08613e-09	-0.00889906
1.08625e-09	-0.00899022
1.08637e-09	-0.00908144
1.08649e-09	-0.00917272
1.08662e-09	-0.00926405
1.08674e-09	-0.00935543
1.08686e-09	-0.00944687
1.08698e-09	-0.00953836
1.08711e-09	-0.00962991
1.08723e-09	-0.00972151
1.08735e-09	-0.00981316
1.08747e-09	-0.00990487
1.08759e-09	-0.00999663
1.08772e-09	-0.0100884
1.08784e-09	-0.0101803
1.08796e-09	-0.0102722
1.08808e-09	-0.0103642
1.08821e-09	-0.0104562
1.08833e-09	-0.0105483
1.08845e-09	-0.0106404
1.08857e-09	-0.0107325
1.08869e-09	-0.0108248
1.08882e-09	-0.010917
1.08894e-09	-0.0110093
1.08906e-09	-0.0111017
1.08918e-09	-0.0111941
1.08931e-09	-0.0112866
1.08943e-09	-0.0113791
1.08955e-09	-0.0114716
1.08967e-09	-0.0115642
1.08979e-09	-0.0116569
1.08992e-09	-0.0117496
1.09004e-09	-0.0118423
1.09016e-09	-0.0119351
1.09028e-09	-0.0120279
1.09041e-09	-0.0121208
1.09053e-09	-0.0122137
1.09065e-09	-0.0123067
1.09077e-09	-0.0123997
1.09089e-09	-0.0124928
1.09102e-09	-0.0125859
1.09114e-09	-0.012679
1.09126e-09	-0.0127722
1.09138e-09	-0.0128654
1.09151e-09	-0.0129587
1.09163e-09	-0.013052
1.09175e-09	-0.0131454
1.09187e-09	-0.0132388
1.092e-09	-0.0133322
1.09212e-09	-0.0134257
1.09224e-09	-0.0135192
1.09236e-09	-0.0136128
1.09248e-09	-0.0137064
1.09261e-09	-0.0138
1.09273e-09	-0.0138937
1.09285e-09	-0.0139874
1.09297e-09	-0.0140812
1.0931e-09	-0.0141749
1.09322e-09	-0.0142688
1.09334e-09	-0.0143626
1.09346e-09	-0.0144565
1.09358e-09	-0.0145505
1.09371e-09	-0.0146445
1.09383e-09	-0.0147385
1.09395e-09	-0.0148325
1.09407e-09	-0.0149266
1.0942e-09	-0.0150207
1.09432e-09	-0.0151149
1.09444e-09	-0.0152091
1.09456e-09	-0.0153033
1.09468e-09	-0.0153976
1.09481e-09	-0.0154919
1.09493e-09	-0.0155862
1.09505e-09	-0.0156805
1.09517e-09	-0.0157749
1.0953e-09	-0.0158694
1.09542e-09	-0.0159638
1.09554e-09	-0.0160583
1.09566e-09	-0.0161528
1.09578e-09	-0.0162474
1.09591e-09	-0.0163419
1.09603e-09	-0.0164366
1.09615e-09	-0.0165312
1.09627e-09	-0.0166259
1.0964e-09	-0.0167206
1.09652e-09	-0.0168153
1.09664e-09	-0.01691
1.09676e-09	-0.0170048
1.09688e-09	-0.0170996
1.09701e-09	-0.0171945
1.09713e-09	-0.0172893
1.09725e-09	-0.0173842
1.09737e-09	-0.0174791
1.0975e-09	-0.0175741
1.09762e-09	-0.0176691
1.09774e-09	-0.0177641
1.09786e-09	-0.0178591
1.09798e-09	-0.0179541
1.09811e-09	-0.0180492
1.09823e-09	-0.0181443
1.09835e-09	-0.0182394
1.09847e-09	-0.0183345
1.0986e-09	-0.0184297
1.09872e-09	-0.0185249
1.09884e-09	-0.0186201
1.09896e-09	-0.0187153
1.09908e-09	-0.0188106
1.09921e-09	-0.0189058
1.09933e-09	-0.0190011
1.09945e-09	-0.0190965
1.09957e-09	-0.0191918
1.0997e-09	-0.0192871
1.09982e-09	-0.0193825
1.09994e-09	-0.0194779
1.10006e-09	-0.0195733
1.10018e-09	-0.0196687
1.10031e-09	-0.0197642
1.10043e-09	-0.0198597
1.10055e-09	-0.0199551
1.10067e-09	-0.0200506
1.1008e-09	-0.0201462
1.10092e-09	-0.0202417
1.10104e-09	-0.0203372
1.10116e-09	-0.0204328
1.10128e-09	-0.0205284
1.10141e-09	-0.020624
1.10153e-09	-0.0207196
1.10165e-09	-0.0208152
1.10177e-09	-0.0209108
1.1019e-09	-0.0210065
1.10202e-09	-0.0211021
1.10214e-09	-0.0211978
1.10226e-09	-0.0212935
1.10239e-09	-0.0213892
1.10251e-09	-0.0214849
1.10263e-09	-0.0215806
1.10275e-09	-0.0216764
1.10287e-09	-0.0217721
1.103e-09	-0.0218679
1.10312e-09	-0.0219636
1.10324e-09	-0.0220594
1.10336e-09	-0.0221552
1.10349e-09	-0.022251
1.10361e-09	-0.0223468
1.10373e-09	-0.0224426
1.10385e-09	-0.0225384
1.10397e-09	-0.0226342
1.1041e-09	-0.0227301
1.10422e-09	-0.0228259
1.10434e-09	-0.0229217
1.10446e-09	-0.0230176
1.10459e-09	-0.0231134
1.10471e-09	-0.0232093
1.10483e-09	-0.0233052
1.10495e-09	-0.023401
1.10507e-09	-0.0234969
1.1052e-09	-0.0235928
1.10532e-09	-0.0236886
1.10544e-09	-0.0237845
1.10556e-09	-0.0238804
1.10569e-09	-0.0239763
1.10581e-09	-0.0240722
1.10593e-09	-0.0241681
1.10605e-09	-0.024264
1.10617e-09	-0.0243598
1.1063e-09	-0.0244557
1.10642e-09	-0.0245516
1.10654e-09	-0.0246475
1.10666e-09	-0.0247434
1.10679e-09	-0.0248393
1.10691e-09	-0.0249352
1.10703e-09	-0.0250311
1.10715e-09	-0.0251269
1.10727e-09	-0.0252228
1.1074e-09	-0.0253187
1.10752e-09	-0.0254146
1.10764e-09	-0.0255104
1.10776e-09	-0.0256063
1.10789e-09	-0.0257022
1.10801e-09	-0.025798
1.10813e-09	-0.0258939
1.10825e-09	-0.0259897
1.10837e-09	-0.0260855
1.1085e-09	-0.0261814
1.10862e-09	-0.0262772
1.10874e-09	-0.026373
1.10886e-09	-0.0264688
1.10899e-09	-0.0265646
1.10911e-09	-0.0266604
1.10923e-09	-0.0267562
1.10935e-09	-0.026852
1.10947e-09	-0.0269477
1.1096e-09	-0.0270435
1.10972e-09	-0.0271392
1.10984e-09	-0.027235
1.10996e-09	-0.0273307
1.11009e-09	-0.0274264
1.11021e-09	-0.0275221
1.11033e-09	-0.0276178
1.11045e-09	-0.0277134
1.11057e-09	-0.0278091
1.1107e-09	-0.0279048
1.11082e-09	-0.0280004
1.11094e-09	-0.028096
1.11106e-09	-0.0281916
1.11119e-09	-0.0282872
1.11131e-09	-0.0283828
1.11143e-09	-0.0284783
1.11155e-09	-0.0285739
1.11168e-09	-0.0286694
1.1118e-09	-0.0287649
1.11192e-09	-0.0288604
1.11204e-09	-0.0289559
1.11216e-09	-0.0290513
1.11229e-09	-0.0291468
1.11241e-09	-0.0292422
1.11253e-09	-0.0293376
1.11265e-09	-0.029433
1.11278e-09	-0.0295283
1.1129e-09	-0.0296237
1.11302e-09	-0.029719
1.11314e-09	-0.0298143
1.11326e-09	-0.0299096
1.11339e-09	-0.0300048
1.11351e-09	-0.0301001
1.11363e-09	-0.0301953
1.11375e-09	-0.0302905
1.11388e-09	-0.0303856
1.114e-09	-0.0304808
1.11412e-09	-0.0305759
1.11424e-09	-0.030671
1.11436e-09	-0.030766
1.11449e-09	-0.0308611
1.11461e-09	-0.0309561
1.11473e-09	-0.0310511
1.11485e-09	-0.031146
1.11498e-09	-0.031241
1.1151e-09	-0.0313359
1.11522e-09	-0.0314308
1.11534e-09	-0.0315256
1.11546e-09	-0.0316204
1.11559e-09	-0.0317152
1.11571e-09	-0.03181
1.11583e-09	-0.0319047
1.11595e-09	-0.0319994
1.11608e-09	-0.0320941
1.1162e-09	-0.0321887
1.11632e-09	-0.0322833
1.11644e-09	-0.0323779
1.11656e-09	-0.0324725
1.11669e-09	-0.032567
1.11681e-09	-0.0326615
1.11693e-09	-0.0327559
1.11705e-09	-0.0328503
1.11718e-09	-0.0329447
1.1173e-09	-0.0330391
1.11742e-09	-0.0331334
1.11754e-09	-0.0332276
1.11766e-09	-0.0333219
1.11779e-09	-0.0334161
1.11791e-09	-0.0335102
1.11803e-09	-0.0336044
1.11815e-09	-0.0336985
1.11828e-09	-0.0337925
1.1184e-09	-0.0338865
1.11852e-09	-0.0339805
1.11864e-09	-0.0340745
1.11876e-09	-0.0341684
1.11889e-09	-0.0342622
1.11901e-09	-0.034356
1.11913e-09	-0.0344498
1.11925e-09	-0.0345435
1.11938e-09	-0.0346372
1.1195e-09	-0.0347309
1.11962e-09	-0.0348245
1.11974e-09	-0.0349181
1.11986e-09	-0.0350116
1.11999e-09	-0.0351051
1.12011e-09	-0.0351985
1.12023e-09	-0.0352919
1.12035e-09	-0.0353853
1.12048e-09	-0.0354786
1.1206e-09	-0.0355718
1.12072e-09	-0.0356651
1.12084e-09	-0.0357582
1.12096e-09	-0.0358513
1.12109e-09	-0.0359444
1.12121e-09	-0.0360374
1.12133e-09	-0.0361304
1.12145e-09	-0.0362234
1.12158e-09	-0.0363162
1.1217e-09	-0.0364091
1.12182e-09	-0.0365019
1.12194e-09	-0.0365946
1.12207e-09	-0.0366873
1.12219e-09	-0.0367799
1.12231e-09	-0.0368725
1.12243e-09	-0.036965
1.12255e-09	-0.0370575
1.12268e-09	-0.0371499
1.1228e-09	-0.0372423
1.12292e-09	-0.0373346
1.12304e-09	-0.0374269
1.12317e-09	-0.0375191
1.12329e-09	-0.0376112
1.12341e-09	-0.0377033
1.12353e-09	-0.0377954
1.12365e-09	-0.0378874
1.12378e-09	-0.0379793
1.1239e-09	-0.0380712
1.12402e-09	-0.038163
1.12414e-09	-0.0382548
1.12427e-09	-0.0383465
1.12439e-09	-0.0384381
1.12451e-09	-0.0385297
1.12463e-09	-0.0386213
1.12475e-09	-0.0387127
1.12488e-09	-0.0388041
1.125e-09	-0.0388955
1.12512e-09	-0.0389868
1.12524e-09	-0.039078
1.12537e-09	-0.0391692
1.12549e-09	-0.0392603
1.12561e-09	-0.0393513
1.12573e-09	-0.0394423
1.12585e-09	-0.0395333
1.12598e-09	-0.0396241
1.1261e-09	-0.0397149
1.12622e-09	-0.0398056
1.12634e-09	-0.0398963
1.12647e-09	-0.0399869
1.12659e-09	-0.0400774
1.12671e-09	-0.0401679
1.12683e-09	-0.0402583
1.12695e-09	-0.0403486
1.12708e-09	-0.0404389
1.1272e-09	-0.0405291
1.12732e-09	-0.0406192
1.12744e-09	-0.0407093
1.12757e-09	-0.0407993
1.12769e-09	-0.0408892
1.12781e-09	-0.0409791
1.12793e-09	-0.0410688
1.12805e-09	-0.0411586
1.12818e-09	-0.0412482
1.1283e-09	-0.0413378
1.12842e-09	-0.0414273
1.12854e-09	-0.0415167
1.12867e-09	-0.0416061
1.12879e-09	-0.0416953
1.12891e-09	-0.0417846
1.12903e-09	-0.0418737
1.12915e-09	-0.0419627
1.12928e-09	-0.0420517
1.1294e-09	-0.0421406
1.12952e-09	-0.0422295
1.12964e-09	-0.0423182
1.12977e-09	-0.0424069
1.12989e-09	-0.0424955
1.13001e-09	-0.0425841
1.13013e-09	-0.0426725
1.13025e-09	-0.0427609
1.13038e-09	-0.0428492
1.1305e-09	-0.0429374
1.13062e-09	-0.0430255
1.13074e-09	-0.0431136
1.13087e-09	-0.0432016
1.13099e-09	-0.0432895
1.13111e-09	-0.0433773
1.13123e-09	-0.043465
1.13136e-09	-0.0435527
1.13148e-09	-0.0436403
1.1316e-09	-0.0437277
1.13172e-09	-0.0438152
1.13184e-09	-0.0439025
1.13197e-09	-0.0439897
1.13209e-09	-0.0440769
1.13221e-09	-0.0441639
1.13233e-09	-0.0442509
1.13246e-09	-0.0443378
1.13258e-09	-0.0444246
1.1327e-09	-0.0445114
1.13282e-09	-0.044598
1.13294e-09	-0.0446846
1.13307e-09	-0.044771
1.13319e-09	-0.0448574
1.13331e-09	-0.0449437
1.13343e-09	-0.0450299
1.13356e-09	-0.045116
1.13368e-09	-0.045202
1.1338e-09	-0.045288
1.13392e-09	-0.0453738
1.13404e-09	-0.0454595
1.13417e-09	-0.0455452
1.13429e-09	-0.0456308
1.13441e-09	-0.0457162
1.13453e-09	-0.0458016
1.13466e-09	-0.0458869
1.13478e-09	-0.0459721
1.1349e-09	-0.0460572
1.13502e-09	-0.0461422
1.13514e-09	-0.0462271
1.13527e-09	-0.046312
1.13539e-09	-0.0463967
1.13551e-09	-0.0464813
1.13563e-09	-0.0465658
1.13576e-09	-0.0466503
1.13588e-09	-0.0467346
1.136e-09	-0.0468188
1.13612e-09	-0.046903
1.13624e-09	-0.046987
1.13637e-09	-0.047071
1.13649e-09	-0.0471548
1.13661e-09	-0.0472386
1.13673e-09	-0.0473222
1.13686e-09	-0.0474057
1.13698e-09	-0.0474892
1.1371e-09	-0.0475725
1.13722e-09	-0.0476558
1.13734e-09	-0.0477389
1.13747e-09	-0.0478219
1.13759e-09	-0.0479049
1.13771e-09	-0.0479877
1.13783e-09	-0.0480704
1.13796e-09	-0.048153
1.13808e-09	-0.0482356
1.1382e-09	-0.048318
1.13832e-09	-0.0484003
1.13844e-09	-0.0484825
1.13857e-09	-0.0485646
1.13869e-09	-0.0486465
1.13881e-09	-0.0487284
1.13893e-09	-0.0488102
1.13906e-09	-0.0488918
1.13918e-09	-0.0489734
1.1393e-09	-0.0490548
1.13942e-09	-0.0491362
1.13954e-09	-0.0492174
1.13967e-09	-0.0492985
1.13979e-09	-0.0493795
1.13991e-09	-0.0494604
1.14003e-09	-0.0495412
1.14016e-09	-0.0496219
1.14028e-09	-0.0497024
1.1404e-09	-0.0497829
1.14052e-09	-0.0498632
1.14064e-09	-0.0499434
1.14077e-09	-0.0500235
1.14089e-09	-0.0501035
1.14101e-09	-0.0501834
1.14113e-09	-0.0502631
1.14126e-09	-0.0503428
1.14138e-09	-0.0504223
1.1415e-09	-0.0505017
1.14162e-09	-0.050581
1.14175e-09	-0.0506602
1.14187e-09	-0.0507393
1.14199e-09	-0.0508182
1.14211e-09	-0.050897
1.14223e-09	-0.0509757
1.14236e-09	-0.0510543
1.14248e-09	-0.0511328
1.1426e-09	-0.0512111
1.14272e-09	-0.0512893
1.14285e-09	-0.0513675
1.14297e-09	-0.0514454
1.14309e-09	-0.0515233
1.14321e-09	-0.051601
1.14333e-09	-0.0516786
1.14346e-09	-0.0517561
1.14358e-09	-0.0518335
1.1437e-09	-0.0519108
1.14382e-09	-0.0519879
1.14395e-09	-0.0520649
1.14407e-09	-0.0521417
1.14419e-09	-0.0522185
1.14431e-09	-0.0522951
1.14443e-09	-0.0523716
1.14456e-09	-0.052448
1.14468e-09	-0.0525242
1.1448e-09	-0.0526003
1.14492e-09	-0.0526763
1.14505e-09	-0.0527521
1.14517e-09	-0.0528279
1.14529e-09	-0.0529035
1.14541e-09	-0.0529789
1.14553e-09	-0.0530543
1.14566e-09	-0.0531295
1.14578e-09	-0.0532045
1.1459e-09	-0.0532795
1.14602e-09	-0.0533543
1.14615e-09	-0.053429
1.14627e-09	-0.0535035
1.14639e-09	-0.0535779
1.14651e-09	-0.0536522
1.14663e-09	-0.0537263
1.14676e-09	-0.0538004
1.14688e-09	-0.0538742
1.147e-09	-0.053948
1.14712e-09	-0.0540216
1.14725e-09	-0.054095
1.14737e-09	-0.0541684
1.14749e-09	-0.0542416
1.14761e-09	-0.0543146
1.14773e-09	-0.0543876
1.14786e-09	-0.0544603
1.14798e-09	-0.054533
1.1481e-09	-0.0546055
1.14822e-09	-0.0546779
1.14835e-09	-0.0547501
1.14847e-09	-0.0548222
1.14859e-09	-0.0548941
1.14871e-09	-0.0549659
1.14883e-09	-0.0550376
1.14896e-09	-0.0551091
1.14908e-09	-0.0551805
1.1492e-09	-0.0552517
1.14932e-09	-0.0553228
1.14945e-09	-0.0553938
1.14957e-09	-0.0554646
1.14969e-09	-0.0555352
1.14981e-09	-0.0556058
1.14993e-09	-0.0556761
1.15006e-09	-0.0557464
1.15018e-09	-0.0558164
1.1503e-09	-0.0558864
1.15042e-09	-0.0559562
1.15055e-09	-0.0560258
1.15067e-09	-0.0560953
1.15079e-09	-0.0561647
1.15091e-09	-0.0562339
1.15104e-09	-0.0563029
1.15116e-09	-0.0563718
1.15128e-09	-0.0564406
1.1514e-09	-0.0565092
1.15152e-09	-0.0565776
1.15165e-09	-0.0566459
1.15177e-09	-0.0567141
1.15189e-09	-0.0567821
1.15201e-09	-0.0568499
1.15214e-09	-0.0569176
1.15226e-09	-0.0569852
1.15238e-09	-0.0570525
1.1525e-09	-0.0571198
1.15262e-09	-0.0571869
1.15275e-09	-0.0572538
1.15287e-09	-0.0573206
1.15299e-09	-0.0573872
1.15311e-09	-0.0574536
1.15324e-09	-0.0575199
1.15336e-09	-0.0575861
1.15348e-09	-0.0576521
1.1536e-09	-0.0577179
1.15372e-09	-0.0577836
1.15385e-09	-0.0578491
1.15397e-09	-0.0579145
1.15409e-09	-0.0579797
1.15421e-09	-0.0580447
1.15434e-09	-0.0581096
1.15446e-09	-0.0581743
1.15458e-09	-0.0582389
1.1547e-09	-0.0583033
1.15482e-09	-0.0583675
1.15495e-09	-0.0584316
1.15507e-09	-0.0584955
1.15519e-09	-0.0585593
1.15531e-09	-0.0586229
1.15544e-09	-0.0586863
1.15556e-09	-0.0587496
1.15568e-09	-0.0588127
1.1558e-09	-0.0588756
1.15592e-09	-0.0589384
1.15605e-09	-0.059001
1.15617e-09	-0.0590635
1.15629e-09	-0.0591257
1.15641e-09	-0.0591878
1.15654e-09	-0.0592498
1.15666e-09	-0.0593116
1.15678e-09	-0.0593732
1.1569e-09	-0.0594346
1.15702e-09	-0.0594959
1.15715e-09	-0.059557
1.15727e-09	-0.0596179
1.15739e-09	-0.0596787
1.15751e-09	-0.0597393
1.15764e-09	-0.0597997
1.15776e-09	-0.05986
1.15788e-09	-0.0599201
1.158e-09	-0.05998
1.15812e-09	-0.0600397
1.15825e-09	-0.0600993
1.15837e-09	-0.0601587
1.15849e-09	-0.0602179
1.15861e-09	-0.060277
1.15874e-09	-0.0603358
1.15886e-09	-0.0603945
1.15898e-09	-0.0604531
1.1591e-09	-0.0605114
1.15922e-09	-0.0605696
1.15935e-09	-0.0606276
1.15947e-09	-0.0606854
1.15959e-09	-0.0607431
1.15971e-09	-0.0608005
1.15984e-09	-0.0608578
1.15996e-09	-0.0609149
1.16008e-09	-0.0609719
1.1602e-09	-0.0610286
1.16032e-09	-0.0610852
1.16045e-09	-0.0611416
1.16057e-09	-0.0611979
1.16069e-09	-0.0612539
1.16081e-09	-0.0613098
1.16094e-09	-0.0613654
1.16106e-09	-0.0614209
1.16118e-09	-0.0614763
1.1613e-09	-0.0615314
1.16143e-09	-0.0615864
1.16155e-09	-0.0616411
1.16167e-09	-0.0616957
1.16179e-09	-0.0617501
1.16191e-09	-0.0618044
1.16204e-09	-0.0618584
1.16216e-09	-0.0619122
1.16228e-09	-0.0619659
1.1624e-09	-0.0620194
1.16253e-09	-0.0620727
1.16265e-09	-0.0621258
1.16277e-09	-0.0621787
1.16289e-09	-0.0622315
1.16301e-09	-0.062284
1.16314e-09	-0.0623364
1.16326e-09	-0.0623886
1.16338e-09	-0.0624406
1.1635e-09	-0.0624924
1.16363e-09	-0.062544
1.16375e-09	-0.0625954
1.16387e-09	-0.0626466
1.16399e-09	-0.0626977
1.16411e-09	-0.0627485
1.16424e-09	-0.0627992
1.16436e-09	-0.0628496
1.16448e-09	-0.0628999
1.1646e-09	-0.06295
1.16473e-09	-0.0629999
1.16485e-09	-0.0630496
1.16497e-09	-0.0630991
1.16509e-09	-0.0631484
1.16521e-09	-0.0631975
1.16534e-09	-0.0632464
1.16546e-09	-0.0632952
1.16558e-09	-0.0633437
1.1657e-09	-0.0633921
1.16583e-09	-0.0634402
1.16595e-09	-0.0634881
1.16607e-09	-0.0635359
1.16619e-09	-0.0635834
1.16631e-09	-0.0636308
1.16644e-09	-0.063678
1.16656e-09	-0.0637249
1.16668e-09	-0.0637717
1.1668e-09	-0.0638182
1.16693e-09	-0.0638646
1.16705e-09	-0.0639108
1.16717e-09	-0.0639567
1.16729e-09	-0.0640025
1.16741e-09	-0.0640481
1.16754e-09	-0.0640934
1.16766e-09	-0.0641386
1.16778e-09	-0.0641836
1.1679e-09	-0.0642283
1.16803e-09	-0.0642729
1.16815e-09	-0.0643172
1.16827e-09	-0.0643614
1.16839e-09	-0.0644053
1.16851e-09	-0.0644491
1.16864e-09	-0.0644926
1.16876e-09	-0.064536
1.16888e-09	-0.0645791
1.169e-09	-0.064622
1.16913e-09	-0.0646647
1.16925e-09	-0.0647073
1.16937e-09	-0.0647496
1.16949e-09	-0.0647917
1.16961e-09	-0.0648336
1.16974e-09	-0.0648752
1.16986e-09	-0.0649167
1.16998e-09	-0.064958
1.1701e-09	-0.0649991
1.17023e-09	-0.0650399
1.17035e-09	-0.0650806
1.17047e-09	-0.065121
1.17059e-09	-0.0651612
1.17072e-09	-0.0652013
1.17084e-09	-0.0652411
1.17096e-09	-0.0652807
1.17108e-09	-0.06532
1.1712e-09	-0.0653592
1.17133e-09	-0.0653982
1.17145e-09	-0.0654369
1.17157e-09	-0.0654755
1.17169e-09	-0.0655138
1.17182e-09	-0.0655519
1.17194e-09	-0.0655898
1.17206e-09	-0.0656275
1.17218e-09	-0.0656649
1.1723e-09	-0.0657022
1.17243e-09	-0.0657392
1.17255e-09	-0.0657761
1.17267e-09	-0.0658127
1.17279e-09	-0.0658491
1.17292e-09	-0.0658852
1.17304e-09	-0.0659212
1.17316e-09	-0.065957
1.17328e-09	-0.0659925
1.1734e-09	-0.0660278
1.17353e-09	-0.0660629
1.17365e-09	-0.0660977
1.17377e-09	-0.0661324
1.17389e-09	-0.0661668
1.17402e-09	-0.066201
1.17414e-09	-0.066235
1.17426e-09	-0.0662688
1.17438e-09	-0.0663024
1.1745e-09	-0.0663357
1.17463e-09	-0.0663688
1.17475e-09	-0.0664017
1.17487e-09	-0.0664344
1.17499e-09	-0.0664668
1.17512e-09	-0.0664991
1.17524e-09	-0.0665311
1.17536e-09	-0.0665628
1.17548e-09	-0.0665944
1.1756e-09	-0.0666257
1.17573e-09	-0.0666569
1.17585e-09	-0.0666877
1.17597e-09	-0.0667184
1.17609e-09	-0.0667488
1.17622e-09	-0.066779
1.17634e-09	-0.066809
1.17646e-09	-0.0668388
1.17658e-09	-0.0668683
1.1767e-09	-0.0668976
1.17683e-09	-0.0669267
1.17695e-09	-0.0669556
1.17707e-09	-0.0669842
1.17719e-09	-0.0670126
1.17732e-09	-0.0670408
1.17744e-09	-0.0670687
1.17756e-09	-0.0670964
1.17768e-09	-0.0671239
1.1778e-09	-0.0671512
1.17793e-09	-0.0671782
1.17805e-09	-0.067205
1.17817e-09	-0.0672315
1.17829e-09	-0.0672579
1.17842e-09	-0.067284
1.17854e-09	-0.0673098
1.17866e-09	-0.0673355
1.17878e-09	-0.0673609
1.1789e-09	-0.0673861
1.17903e-09	-0.067411
1.17915e-09	-0.0674357
1.17927e-09	-0.0674602
1.17939e-09	-0.0674844
1.17952e-09	-0.0675085
1.17964e-09	-0.0675322
1.17976e-09	-0.0675558
1.17988e-09	-0.0675791
1.18e-09	-0.0676022
1.18013e-09	-0.067625
1.18025e-09	-0.0676476
1.18037e-09	-0.06767
1.18049e-09	-0.0676921
1.18062e-09	-0.067714
1.18074e-09	-0.0677356
1.18086e-09	-0.0677571
1.18098e-09	-0.0677782
1.18111e-09	-0.0677992
1.18123e-09	-0.0678199
1.18135e-09	-0.0678404
1.18147e-09	-0.0678606
1.18159e-09	-0.0678806
1.18172e-09	-0.0679003
1.18184e-09	-0.0679198
1.18196e-09	-0.0679391
1.18208e-09	-0.0679582
1.18221e-09	-0.0679769
1.18233e-09	-0.0679955
1.18245e-09	-0.0680138
1.18257e-09	-0.0680319
1.18269e-09	-0.0680497
1.18282e-09	-0.0680673
1.18294e-09	-0.0680846
1.18306e-09	-0.0681017
1.18318e-09	-0.0681186
1.18331e-09	-0.0681352
1.18343e-09	-0.0681516
1.18355e-09	-0.0681677
1.18367e-09	-0.0681836
1.18379e-09	-0.0681992
1.18392e-09	-0.0682146
1.18404e-09	-0.0682298
1.18416e-09	-0.0682447
1.18428e-09	-0.0682594
1.18441e-09	-0.0682738
1.18453e-09	-0.0682879
1.18465e-09	-0.0683019
1.18477e-09	-0.0683155
1.18489e-09	-0.068329
1.18502e-09	-0.0683422
1.18514e-09	-0.0683551
1.18526e-09	-0.0683678
1.18538e-09	-0.0683802
1.18551e-09	-0.0683924
1.18563e-09	-0.0684044
1.18575e-09	-0.0684161
1.18587e-09	-0.0684275
1.18599e-09	-0.0684387
1.18612e-09	-0.0684497
1.18624e-09	-0.0684604
1.18636e-09	-0.0684708
1.18648e-09	-0.068481
1.18661e-09	-0.068491
1.18673e-09	-0.0685007
1.18685e-09	-0.0685101
1.18697e-09	-0.0685193
1.18709e-09	-0.0685283
1.18722e-09	-0.068537
1.18734e-09	-0.0685454
1.18746e-09	-0.0685536
1.18758e-09	-0.0685615
1.18771e-09	-0.0685692
1.18783e-09	-0.0685767
1.18795e-09	-0.0685838
1.18807e-09	-0.0685908
1.18819e-09	-0.0685974
1.18832e-09	-0.0686039
1.18844e-09	-0.06861
1.18856e-09	-0.0686159
1.18868e-09	-0.0686216
1.18881e-09	-0.068627
1.18893e-09	-0.0686321
1.18905e-09	-0.068637
1.18917e-09	-0.0686416
1.18929e-09	-0.068646
1.18942e-09	-0.0686501
1.18954e-09	-0.068654
1.18966e-09	-0.0686576
1.18978e-09	-0.068661
1.18991e-09	-0.068664
1.19003e-09	-0.0686669
1.19015e-09	-0.0686695
1.19027e-09	-0.0686718
1.1904e-09	-0.0686738
1.19052e-09	-0.0686756
1.19064e-09	-0.0686772
1.19076e-09	-0.0686785
1.19088e-09	-0.0686795
1.19101e-09	-0.0686802
1.19113e-09	-0.0686808
1.19125e-09	-0.068681
1.19137e-09	-0.068681
1.1915e-09	-0.0686807
1.19162e-09	-0.0686802
1.19174e-09	-0.0686794
1.19186e-09	-0.0686783
1.19198e-09	-0.068677
1.19211e-09	-0.0686754
1.19223e-09	-0.0686736
1.19235e-09	-0.0686715
1.19247e-09	-0.0686691
1.1926e-09	-0.0686665
1.19272e-09	-0.0686636
1.19284e-09	-0.0686604
1.19296e-09	-0.068657
1.19308e-09	-0.0686533
1.19321e-09	-0.0686494
1.19333e-09	-0.0686452
1.19345e-09	-0.0686407
1.19357e-09	-0.0686359
1.1937e-09	-0.0686309
1.19382e-09	-0.0686257
1.19394e-09	-0.0686201
1.19406e-09	-0.0686143
1.19418e-09	-0.0686083
1.19431e-09	-0.068602
1.19443e-09	-0.0685954
1.19455e-09	-0.0685885
1.19467e-09	-0.0685814
1.1948e-09	-0.068574
1.19492e-09	-0.0685663
1.19504e-09	-0.0685584
1.19516e-09	-0.0685502
1.19528e-09	-0.0685417
1.19541e-09	-0.068533
1.19553e-09	-0.068524
1.19565e-09	-0.0685147
1.19577e-09	-0.0685052
1.1959e-09	-0.0684954
1.19602e-09	-0.0684853
1.19614e-09	-0.068475
1.19626e-09	-0.0684644
1.19638e-09	-0.0684535
1.19651e-09	-0.0684423
1.19663e-09	-0.0684309
1.19675e-09	-0.0684192
1.19687e-09	-0.0684073
1.197e-09	-0.0683951
1.19712e-09	-0.0683826
1.19724e-09	-0.0683698
1.19736e-09	-0.0683567
1.19748e-09	-0.0683434
1.19761e-09	-0.0683299
1.19773e-09	-0.068316
1.19785e-09	-0.0683019
1.19797e-09	-0.0682875
1.1981e-09	-0.0682728
1.19822e-09	-0.0682579
1.19834e-09	-0.0682427
1.19846e-09	-0.0682272
1.19858e-09	-0.0682114
1.19871e-09	-0.0681954
1.19883e-09	-0.0681791
1.19895e-09	-0.0681625
1.19907e-09	-0.0681457
1.1992e-09	-0.0681285
1.19932e-09	-0.0681111
1.19944e-09	-0.0680935
1.19956e-09	-0.0680755
1.19968e-09	-0.0680573
1.19981e-09	-0.0680388
1.19993e-09	-0.06802
1.20005e-09	-0.068001
1.20017e-09	-0.0679817
1.2003e-09	-0.0679621
1.20042e-09	-0.0679422
1.20054e-09	-0.067922
1.20066e-09	-0.0679016
1.20079e-09	-0.0678809
1.20091e-09	-0.06786
1.20103e-09	-0.0678387
1.20115e-09	-0.0678172
1.20127e-09	-0.0677954
1.2014e-09	-0.0677733
1.20152e-09	-0.0677509
1.20164e-09	-0.0677283
1.20176e-09	-0.0677054
1.20189e-09	-0.0676822
1.20201e-09	-0.0676587
1.20213e-09	-0.067635
1.20225e-09	-0.067611
1.20237e-09	-0.0675867
1.2025e-09	-0.0675621
1.20262e-09	-0.0675372
1.20274e-09	-0.0675121
1.20286e-09	-0.0674867
1.20299e-09	-0.067461
1.20311e-09	-0.067435
1.20323e-09	-0.0674088
1.20335e-09	-0.0673822
1.20347e-09	-0.0673554
1.2036e-09	-0.0673283
1.20372e-09	-0.067301
1.20384e-09	-0.0672733
1.20396e-09	-0.0672454
1.20409e-09	-0.0672172
1.20421e-09	-0.0671887
1.20433e-09	-0.0671599
1.20445e-09	-0.0671309
1.20457e-09	-0.0671016
1.2047e-09	-0.067072
1.20482e-09	-0.0670421
1.20494e-09	-0.0670119
1.20506e-09	-0.0669814
1.20519e-09	-0.0669507
1.20531e-09	-0.0669197
1.20543e-09	-0.0668884
1.20555e-09	-0.0668568
1.20567e-09	-0.0668249
1.2058e-09	-0.0667928
1.20592e-09	-0.0667604
1.20604e-09	-0.0667277
1.20616e-09	-0.0666947
1.20629e-09	-0.0666614
1.20641e-09	-0.0666278
1.20653e-09	-0.066594
1.20665e-09	-0.0665599
1.20677e-09	-0.0665255
1.2069e-09	-0.0664908
1.20702e-09	-0.0664558
1.20714e-09	-0.0664205
1.20726e-09	-0.066385
1.20739e-09	-0.0663492
1.20751e-09	-0.0663131
1.20763e-09	-0.0662767
1.20775e-09	-0.06624
1.20787e-09	-0.0662031
1.208e-09	-0.0661658
1.20812e-09	-0.0661283
1.20824e-09	-0.0660905
1.20836e-09	-0.0660524
1.20849e-09	-0.066014
1.20861e-09	-0.0659753
1.20873e-09	-0.0659364
1.20885e-09	-0.0658971
1.20897e-09	-0.0658576
1.2091e-09	-0.0658178
1.20922e-09	-0.0657777
1.20934e-09	-0.0657373
1.20946e-09	-0.0656967
1.20959e-09	-0.0656557
1.20971e-09	-0.0656145
1.20983e-09	-0.065573
1.20995e-09	-0.0655312
1.21007e-09	-0.0654891
1.2102e-09	-0.0654467
1.21032e-09	-0.0654041
1.21044e-09	-0.0653611
1.21056e-09	-0.0653179
1.21069e-09	-0.0652743
1.21081e-09	-0.0652305
1.21093e-09	-0.0651864
1.21105e-09	-0.0651421
1.21118e-09	-0.0650974
1.2113e-09	-0.0650524
1.21142e-09	-0.0650072
1.21154e-09	-0.0649617
1.21166e-09	-0.0649158
1.21179e-09	-0.0648697
1.21191e-09	-0.0648233
1.21203e-09	-0.0647767
1.21215e-09	-0.0647297
1.21228e-09	-0.0646824
1.2124e-09	-0.0646349
1.21252e-09	-0.0645871
1.21264e-09	-0.064539
1.21276e-09	-0.0644906
1.21289e-09	-0.0644419
1.21301e-09	-0.0643929
1.21313e-09	-0.0643436
1.21325e-09	-0.0642941
1.21338e-09	-0.0642442
1.2135e-09	-0.0641941
1.21362e-09	-0.0641437
1.21374e-09	-0.0640929
1.21386e-09	-0.0640419
1.21399e-09	-0.0639907
1.21411e-09	-0.0639391
1.21423e-09	-0.0638872
1.21435e-09	-0.0638351
1.21448e-09	-0.0637826
1.2146e-09	-0.0637299
1.21472e-09	-0.0636769
1.21484e-09	-0.0636236
1.21496e-09	-0.06357
1.21509e-09	-0.0635161
1.21521e-09	-0.0634619
1.21533e-09	-0.0634075
1.21545e-09	-0.0633527
1.21558e-09	-0.0632977
1.2157e-09	-0.0632423
1.21582e-09	-0.0631867
1.21594e-09	-0.0631308
1.21606e-09	-0.0630746
1.21619e-09	-0.0630181
1.21631e-09	-0.0629613
1.21643e-09	-0.0629043
1.21655e-09	-0.0628469
1.21668e-09	-0.0627893
1.2168e-09	-0.0627313
1.21692e-09	-0.0626731
1.21704e-09	-0.0626146
1.21716e-09	-0.0625558
1.21729e-09	-0.0624967
1.21741e-09	-0.0624373
1.21753e-09	-0.0623776
1.21765e-09	-0.0623177
1.21778e-09	-0.0622574
1.2179e-09	-0.0621969
1.21802e-09	-0.0621361
1.21814e-09	-0.0620749
1.21826e-09	-0.0620135
1.21839e-09	-0.0619518
1.21851e-09	-0.0618898
1.21863e-09	-0.0618275
1.21875e-09	-0.061765
1.21888e-09	-0.0617021
1.219e-09	-0.061639
1.21912e-09	-0.0615755
1.21924e-09	-0.0615118
1.21936e-09	-0.0614478
1.21949e-09	-0.0613835
1.21961e-09	-0.0613188
1.21973e-09	-0.061254
1.21985e-09	-0.0611888
1.21998e-09	-0.0611233
1.2201e-09	-0.0610575
1.22022e-09	-0.0609915
1.22034e-09	-0.0609251
1.22047e-09	-0.0608585
1.22059e-09	-0.0607916
1.22071e-09	-0.0607244
1.22083e-09	-0.0606569
1.22095e-09	-0.0605891
1.22108e-09	-0.060521
1.2212e-09	-0.0604526
1.22132e-09	-0.060384
1.22144e-09	-0.060315
1.22157e-09	-0.0602458
1.22169e-09	-0.0601762
1.22181e-09	-0.0601064
1.22193e-09	-0.0600363
1.22205e-09	-0.0599659
1.22218e-09	-0.0598952
1.2223e-09	-0.0598242
1.22242e-09	-0.0597529
1.22254e-09	-0.0596814
1.22267e-09	-0.0596095
1.22279e-09	-0.0595374
1.22291e-09	-0.0594649
1.22303e-09	-0.0593922
1.22315e-09	-0.0593192
1.22328e-09	-0.0592459
1.2234e-09	-0.0591723
1.22352e-09	-0.0590984
1.22364e-09	-0.0590242
1.22377e-09	-0.0589498
1.22389e-09	-0.058875
1.22401e-09	-0.0588
1.22413e-09	-0.0587246
1.22425e-09	-0.058649
1.22438e-09	-0.0585731
1.2245e-09	-0.0584969
1.22462e-09	-0.0584204
1.22474e-09	-0.0583436
1.22487e-09	-0.0582666
1.22499e-09	-0.0581892
1.22511e-09	-0.0581116
1.22523e-09	-0.0580336
1.22535e-09	-0.0579554
1.22548e-09	-0.0578769
1.2256e-09	-0.0577981
1.22572e-09	-0.057719
1.22584e-09	-0.0576396
1.22597e-09	-0.0575599
1.22609e-09	-0.05748
1.22621e-09	-0.0573997
1.22633e-09	-0.0573192
1.22645e-09	-0.0572384
1.22658e-09	-0.0571572
1.2267e-09	-0.0570758
1.22682e-09	-0.0569941
1.22694e-09	-0.0569122
1.22707e-09	-0.0568299
1.22719e-09	-0.0567473
1.22731e-09	-0.0566645
1.22743e-09	-0.0565814
1.22755e-09	-0.0564979
1.22768e-09	-0.0564142
1.2278e-09	-0.0563302
1.22792e-09	-0.0562459
1.22804e-09	-0.0561613
1.22817e-09	-0.0560765
1.22829e-09	-0.0559913
1.22841e-09	-0.0559059
1.22853e-09	-0.0558202
1.22865e-09	-0.0557342
1.22878e-09	-0.0556478
1.2289e-09	-0.0555613
1.22902e-09	-0.0554744
1.22914e-09	-0.0553872
1.22927e-09	-0.0552998
1.22939e-09	-0.055212
1.22951e-09	-0.055124
1.22963e-09	-0.0550357
1.22975e-09	-0.0549471
1.22988e-09	-0.0548582
1.23e-09	-0.054769
1.23012e-09	-0.0546796
1.23024e-09	-0.0545898
1.23037e-09	-0.0544998
1.23049e-09	-0.0544095
1.23061e-09	-0.0543189
1.23073e-09	-0.054228
1.23086e-09	-0.0541368
1.23098e-09	-0.0540453
1.2311e-09	-0.0539536
1.23122e-09	-0.0538615
1.23134e-09	-0.0537692
1.23147e-09	-0.0536766
1.23159e-09	-0.0535837
1.23171e-09	-0.0534905
1.23183e-09	-0.0533971
1.23196e-09	-0.0533033
1.23208e-09	-0.0532093
1.2322e-09	-0.053115
1.23232e-09	-0.0530204
1.23244e-09	-0.0529255
1.23257e-09	-0.0528303
1.23269e-09	-0.0527349
1.23281e-09	-0.0526391
1.23293e-09	-0.0525431
1.23306e-09	-0.0524468
1.23318e-09	-0.0523502
1.2333e-09	-0.0522533
1.23342e-09	-0.0521561
1.23354e-09	-0.0520587
1.23367e-09	-0.051961
1.23379e-09	-0.051863
1.23391e-09	-0.0517647
1.23403e-09	-0.0516661
1.23416e-09	-0.0515672
1.23428e-09	-0.0514681
1.2344e-09	-0.0513687
1.23452e-09	-0.051269
1.23464e-09	-0.051169
1.23477e-09	-0.0510687
1.23489e-09	-0.0509681
1.23501e-09	-0.0508673
1.23513e-09	-0.0507662
1.23526e-09	-0.0506648
1.23538e-09	-0.0505631
1.2355e-09	-0.0504611
1.23562e-09	-0.0503589
1.23574e-09	-0.0502564
1.23587e-09	-0.0501535
1.23599e-09	-0.0500505
1.23611e-09	-0.0499471
1.23623e-09	-0.0498434
1.23636e-09	-0.0497395
1.23648e-09	-0.0496353
1.2366e-09	-0.0495308
1.23672e-09	-0.049426
1.23684e-09	-0.049321
1.23697e-09	-0.0492157
1.23709e-09	-0.0491101
1.23721e-09	-0.0490042
1.23733e-09	-0.048898
1.23746e-09	-0.0487916
1.23758e-09	-0.0486848
1.2377e-09	-0.0485778
1.23782e-09	-0.0484705
1.23794e-09	-0.048363
1.23807e-09	-0.0482551
1.23819e-09	-0.048147
1.23831e-09	-0.0480386
1.23843e-09	-0.04793
1.23856e-09	-0.047821
1.23868e-09	-0.0477118
1.2388e-09	-0.0476023
1.23892e-09	-0.0474925
1.23904e-09	-0.0473824
1.23917e-09	-0.0472721
1.23929e-09	-0.0471615
1.23941e-09	-0.0470506
1.23953e-09	-0.0469394
1.23966e-09	-0.046828
1.23978e-09	-0.0467163
1.2399e-09	-0.0466043
1.24002e-09	-0.046492
1.24015e-09	-0.0463795
1.24027e-09	-0.0462667
1.24039e-09	-0.0461536
1.24051e-09	-0.0460402
1.24063e-09	-0.0459266
1.24076e-09	-0.0458127
1.24088e-09	-0.0456985
1.241e-09	-0.045584
1.24112e-09	-0.0454693
1.24125e-09	-0.0453543
1.24137e-09	-0.045239
1.24149e-09	-0.0451235
1.24161e-09	-0.0450076
1.24173e-09	-0.0448915
1.24186e-09	-0.0447752
1.24198e-09	-0.0446585
1.2421e-09	-0.0445416
1.24222e-09	-0.0444244
1.24235e-09	-0.044307
1.24247e-09	-0.0441892
1.24259e-09	-0.0440712
1.24271e-09	-0.043953
1.24283e-09	-0.0438344
1.24296e-09	-0.0437156
1.24308e-09	-0.0435965
1.2432e-09	-0.0434772
1.24332e-09	-0.0433576
1.24345e-09	-0.0432377
1.24357e-09	-0.0431175
1.24369e-09	-0.0429971
1.24381e-09	-0.0428764
1.24393e-09	-0.0427554
1.24406e-09	-0.0426342
1.24418e-09	-0.0425127
1.2443e-09	-0.0423909
1.24442e-09	-0.0422689
1.24455e-09	-0.0421466
1.24467e-09	-0.042024
1.24479e-09	-0.0419012
1.24491e-09	-0.0417781
1.24503e-09	-0.0416547
1.24516e-09	-0.0415311
1.24528e-09	-0.0414072
1.2454e-09	-0.041283
1.24552e-09	-0.0411585
1.24565e-09	-0.0410338
1.24577e-09	-0.0409089
1.24589e-09	-0.0407837
1.24601e-09	-0.0406582
1.24613e-09	-0.0405324
1.24626e-09	-0.0404064
1.24638e-09	-0.0402801
1.2465e-09	-0.0401535
1.24662e-09	-0.0400267
1.24675e-09	-0.0398997
1.24687e-09	-0.0397723
1.24699e-09	-0.0396447
1.24711e-09	-0.0395169
1.24723e-09	-0.0393887
1.24736e-09	-0.0392604
1.24748e-09	-0.0391317
1.2476e-09	-0.0390028
1.24772e-09	-0.0388736
1.24785e-09	-0.0387442
1.24797e-09	-0.0386145
1.24809e-09	-0.0384846
1.24821e-09	-0.0383543
1.24833e-09	-0.0382239
1.24846e-09	-0.0380932
1.24858e-09	-0.0379622
1.2487e-09	-0.0378309
1.24882e-09	-0.0376994
1.24895e-09	-0.0375677
1.24907e-09	-0.0374356
1.24919e-09	-0.0373034
1.24931e-09	-0.0371708
1.24943e-09	-0.037038
1.24956e-09	-0.036905
1.24968e-09	-0.0367717
1.2498e-09	-0.0366381
1.24992e-09	-0.0365043
1.25005e-09	-0.0363702
1.25017e-09	-0.0362359
1.25029e-09	-0.0361013
1.25041e-09	-0.0359665
1.25054e-09	-0.0358314
1.25066e-09	-0.0356961
1.25078e-09	-0.0355605
1.2509e-09	-0.0354246
1.25102e-09	-0.0352885
1.25115e-09	-0.0351522
1.25127e-09	-0.0350155
1.25139e-09	-0.0348787
1.25151e-09	-0.0347416
1.25164e-09	-0.0346042
1.25176e-09	-0.0344666
1.25188e-09	-0.0343287
1.252e-09	-0.0341906
1.25212e-09	-0.0340522
1.25225e-09	-0.0339136
1.25237e-09	-0.0337748
1.25249e-09	-0.0336356
1.25261e-09	-0.0334963
1.25274e-09	-0.0333567
1.25286e-09	-0.0332168
1.25298e-09	-0.0330767
1.2531e-09	-0.0329363
1.25322e-09	-0.0327957
1.25335e-09	-0.0326549
1.25347e-09	-0.0325138
1.25359e-09	-0.0323724
1.25371e-09	-0.0322308
1.25384e-09	-0.032089
1.25396e-09	-0.0319469
1.25408e-09	-0.0318046
1.2542e-09	-0.031662
1.25432e-09	-0.0315192
1.25445e-09	-0.0313761
1.25457e-09	-0.0312328
1.25469e-09	-0.0310893
1.25481e-09	-0.0309455
1.25494e-09	-0.0308014
1.25506e-09	-0.0306572
1.25518e-09	-0.0305126
1.2553e-09	-0.0303679
1.25542e-09	-0.0302229
1.25555e-09	-0.0300776
1.25567e-09	-0.0299322
1.25579e-09	-0.0297864
1.25591e-09	-0.0296405
1.25604e-09	-0.0294943
1.25616e-09	-0.0293478
1.25628e-09	-0.0292011
1.2564e-09	-0.0290542
1.25652e-09	-0.0289071
1.25665e-09	-0.0287597
1.25677e-09	-0.028612
1.25689e-09	-0.0284642
1.25701e-09	-0.028316
1.25714e-09	-0.0281677
1.25726e-09	-0.0280191
1.25738e-09	-0.0278703
1.2575e-09	-0.0277213
1.25762e-09	-0.027572
1.25775e-09	-0.0274225
1.25787e-09	-0.0272727
1.25799e-09	-0.0271227
1.25811e-09	-0.0269725
1.25824e-09	-0.026822
1.25836e-09	-0.0266713
1.25848e-09	-0.0265204
1.2586e-09	-0.0263693
1.25872e-09	-0.0262179
1.25885e-09	-0.0260663
1.25897e-09	-0.0259144
1.25909e-09	-0.0257624
1.25921e-09	-0.0256101
1.25934e-09	-0.0254575
1.25946e-09	-0.0253048
1.25958e-09	-0.0251518
1.2597e-09	-0.0249985
1.25983e-09	-0.0248451
1.25995e-09	-0.0246914
1.26007e-09	-0.0245375
1.26019e-09	-0.0243834
1.26031e-09	-0.024229
1.26044e-09	-0.0240744
1.26056e-09	-0.0239196
1.26068e-09	-0.0237646
1.2608e-09	-0.0236093
1.26093e-09	-0.0234538
1.26105e-09	-0.0232981
1.26117e-09	-0.0231422
1.26129e-09	-0.0229861
1.26141e-09	-0.0228297
1.26154e-09	-0.0226731
1.26166e-09	-0.0225163
1.26178e-09	-0.0223592
1.2619e-09	-0.0222019
1.26203e-09	-0.0220445
1.26215e-09	-0.0218868
1.26227e-09	-0.0217288
1.26239e-09	-0.0215707
1.26251e-09	-0.0214123
1.26264e-09	-0.0212537
1.26276e-09	-0.0210949
1.26288e-09	-0.0209359
1.263e-09	-0.0207767
1.26313e-09	-0.0206172
1.26325e-09	-0.0204576
1.26337e-09	-0.0202977
1.26349e-09	-0.0201376
1.26361e-09	-0.0199773
1.26374e-09	-0.0198167
1.26386e-09	-0.019656
1.26398e-09	-0.019495
1.2641e-09	-0.0193338
1.26423e-09	-0.0191725
1.26435e-09	-0.0190109
1.26447e-09	-0.018849
1.26459e-09	-0.018687
1.26471e-09	-0.0185248
1.26484e-09	-0.0183623
1.26496e-09	-0.0181997
1.26508e-09	-0.0180368
1.2652e-09	-0.0178737
1.26533e-09	-0.0177104
1.26545e-09	-0.017547
1.26557e-09	-0.0173833
1.26569e-09	-0.0172193
1.26581e-09	-0.0170552
1.26594e-09	-0.0168909
1.26606e-09	-0.0167264
1.26618e-09	-0.0165616
1.2663e-09	-0.0163967
1.26643e-09	-0.0162315
1.26655e-09	-0.0160662
1.26667e-09	-0.0159006
1.26679e-09	-0.0157349
1.26691e-09	-0.0155689
1.26704e-09	-0.0154027
1.26716e-09	-0.0152364
1.26728e-09	-0.0150698
1.2674e-09	-0.014903
1.26753e-09	-0.0147361
1.26765e-09	-0.0145689
1.26777e-09	-0.0144015
1.26789e-09	-0.0142339
1.26801e-09	-0.0140662
1.26814e-09	-0.0138982
1.26826e-09	-0.01373
1.26838e-09	-0.0135617
1.2685e-09	-0.0133931
1.26863e-09	-0.0132243
1.26875e-09	-0.0130554
1.26887e-09	-0.0128862
1.26899e-09	-0.0127169
1.26911e-09	-0.0125474
1.26924e-09	-0.0123776
1.26936e-09	-0.0122077
1.26948e-09	-0.0120376
1.2696e-09	-0.0118673
1.26973e-09	-0.0116967
1.26985e-09	-0.011526
1.26997e-09	-0.0113552
1.27009e-09	-0.0111841
1.27022e-09	-0.0110128
1.27034e-09	-0.0108413
1.27046e-09	-0.0106697
1.27058e-09	-0.0104979
1.2707e-09	-0.0103258
1.27083e-09	-0.0101536
1.27095e-09	-0.00998121
1.27107e-09	-0.00980862
1.27119e-09	-0.00963584
1.27132e-09	-0.00946288
1.27144e-09	-0.00928973
1.27156e-09	-0.0091164
1.27168e-09	-0.00894288
1.2718e-09	-0.00876918
1.27193e-09	-0.0085953
1.27205e-09	-0.00842123
1.27217e-09	-0.00824699
1.27229e-09	-0.00807255
1.27242e-09	-0.00789794
1.27254e-09	-0.00772315
1.27266e-09	-0.00754818
1.27278e-09	-0.00737303
1.2729e-09	-0.0071977
1.27303e-09	-0.00702219
1.27315e-09	-0.0068465
1.27327e-09	-0.00667063
1.27339e-09	-0.00649459
1.27352e-09	-0.00631837
1.27364e-09	-0.00614197
1.27376e-09	-0.0059654
1.27388e-09	-0.00578866
1.274e-09	-0.00561174
1.27413e-09	-0.00543464
1.27425e-09	-0.00525738
1.27437e-09	-0.00507994
1.27449e-09	-0.00490232
1.27462e-09	-0.00472454
1.27474e-09	-0.00454658
1.27486e-09	-0.00436846
1.27498e-09	-0.00419016
1.2751e-09	-0.00401169
1.27523e-09	-0.00383306
1.27535e-09	-0.00365425
1.27547e-09	-0.00347528
1.27559e-09	-0.00329614
1.27572e-09	-0.00311684
1.27584e-09	-0.00293736
1.27596e-09	-0.00275773
1.27608e-09	-0.00257792
1.2762e-09	-0.00239795
1.27633e-09	-0.00221782
1.27645e-09	-0.00203752
1.27657e-09	-0.00185707
1.27669e-09	-0.00167644
1.27682e-09	-0.00149566
1.27694e-09	-0.00131471
1.27706e-09	-0.00113361
1.27718e-09	-0.000952342
1.2773e-09	-0.000770916
1.27743e-09	-0.000589331
1.27755e-09	-0.000407587
1.27767e-09	-0.000225685
1.27779e-09	-4.36255e-05
1.27792e-09	0.000138591
1.27804e-09	0.000320964
1.27816e-09	0.000503492
1.27828e-09	0.000686176
1.2784e-09	0.000869014
1.27853e-09	0.00105201
1.27865e-09	0.00123515
1.27877e-09	0.00141845
1.27889e-09	0.0016019
1.27902e-09	0.00178551
1.27914e-09	0.00196926
1.27926e-09	0.00215316
1.27938e-09	0.00233722
1.27951e-09	0.00252142
1.27963e-09	0.00270578
1.27975e-09	0.00289028
1.27987e-09	0.00307493
1.27999e-09	0.00325973
1.28012e-09	0.00344467
1.28024e-09	0.00362976
1.28036e-09	0.00381499
1.28048e-09	0.00400037
1.28061e-09	0.00418589
1.28073e-09	0.00437156
1.28085e-09	0.00455737
1.28097e-09	0.00474333
1.28109e-09	0.00492942
1.28122e-09	0.00511566
1.28134e-09	0.00530203
1.28146e-09	0.00548855
1.28158e-09	0.0056752
1.28171e-09	0.005862
1.28183e-09	0.00604893
1.28195e-09	0.006236
1.28207e-09	0.00642321
1.28219e-09	0.00661056
1.28232e-09	0.00679804
1.28244e-09	0.00698565
1.28256e-09	0.0071734
1.28268e-09	0.00736129
1.28281e-09	0.0075493
1.28293e-09	0.00773746
1.28305e-09	0.00792574
1.28317e-09	0.00811415
1.28329e-09	0.0083027
1.28342e-09	0.00849137
1.28354e-09	0.00868018
1.28366e-09	0.00886912
1.28378e-09	0.00905818
1.28391e-09	0.00924737
1.28403e-09	0.00943669
1.28415e-09	0.00962613
1.28427e-09	0.00981571
1.28439e-09	0.0100054
1.28452e-09	0.0101952
1.28464e-09	0.0103852
1.28476e-09	0.0105752
1.28488e-09	0.0107654
1.28501e-09	0.0109557
1.28513e-09	0.0111462
1.28525e-09	0.0113367
1.28537e-09	0.0115274
1.28549e-09	0.0117182
1.28562e-09	0.0119091
1.28574e-09	0.0121002
1.28586e-09	0.0122913
1.28598e-09	0.0124826
1.28611e-09	0.012674
1.28623e-09	0.0128655
1.28635e-09	0.0130571
1.28647e-09	0.0132488
1.28659e-09	0.0134407
1.28672e-09	0.0136327
1.28684e-09	0.0138247
1.28696e-09	0.0140169
1.28708e-09	0.0142092
1.28721e-09	0.0144016
1.28733e-09	0.0145941
1.28745e-09	0.0147868
1.28757e-09	0.0149795
1.28769e-09	0.0151724
1.28782e-09	0.0153653
1.28794e-09	0.0155584
1.28806e-09	0.0157515
1.28818e-09	0.0159448
1.28831e-09	0.0161382
1.28843e-09	0.0163317
1.28855e-09	0.0165253
1.28867e-09	0.0167189
1.28879e-09	0.0169127
1.28892e-09	0.0171066
1.28904e-09	0.0173006
1.28916e-09	0.0174947
1.28928e-09	0.0176889
1.28941e-09	0.0178832
1.28953e-09	0.0180776
1.28965e-09	0.0182721
1.28977e-09	0.0184667
1.2899e-09	0.0186614
1.29002e-09	0.0188562
1.29014e-09	0.019051
1.29026e-09	0.019246
1.29038e-09	0.0194411
1.29051e-09	0.0196362
1.29063e-09	0.0198315
1.29075e-09	0.0200268
1.29087e-09	0.0202222
1.291e-09	0.0204178
1.29112e-09	0.0206134
1.29124e-09	0.0208091
1.29136e-09	0.0210049
1.29148e-09	0.0212008
1.29161e-09	0.0213967
1.29173e-09	0.0215928
1.29185e-09	0.0217889
1.29197e-09	0.0219851
1.2921e-09	0.0221814
1.29222e-09	0.0223778
1.29234e-09	0.0225743
1.29246e-09	0.0227709
1.29258e-09	0.0229675
1.29271e-09	0.0231642
1.29283e-09	0.023361
1.29295e-09	0.0235579
1.29307e-09	0.0237549
1.2932e-09	0.0239519
1.29332e-09	0.024149
1.29344e-09	0.0243462
1.29356e-09	0.0245435
1.29368e-09	0.0247408
1.29381e-09	0.0249382
1.29393e-09	0.0251357
1.29405e-09	0.0253333
1.29417e-09	0.0255309
1.2943e-09	0.0257286
1.29442e-09	0.0259264
1.29454e-09	0.0261243
1.29466e-09	0.0263222
1.29478e-09	0.0265202
1.29491e-09	0.0267182
1.29503e-09	0.0269164
1.29515e-09	0.0271146
1.29527e-09	0.0273128
1.2954e-09	0.0275111
1.29552e-09	0.0277095
1.29564e-09	0.027908
1.29576e-09	0.0281065
1.29588e-09	0.0283051
1.29601e-09	0.0285037
1.29613e-09	0.0287024
1.29625e-09	0.0289012
1.29637e-09	0.0291
1.2965e-09	0.0292989
1.29662e-09	0.0294979
1.29674e-09	0.0296969
1.29686e-09	0.0298959
1.29698e-09	0.030095
1.29711e-09	0.0302942
1.29723e-09	0.0304934
1.29735e-09	0.0306927
1.29747e-09	0.0308921
1.2976e-09	0.0310914
1.29772e-09	0.0312909
1.29784e-09	0.0314904
1.29796e-09	0.0316899
1.29808e-09	0.0318895
1.29821e-09	0.0320891
1.29833e-09	0.0322888
1.29845e-09	0.0324886
1.29857e-09	0.0326884
1.2987e-09	0.0328882
1.29882e-09	0.0330881
1.29894e-09	0.033288
1.29906e-09	0.033488
1.29919e-09	0.033688
1.29931e-09	0.033888
1.29943e-09	0.0340881
1.29955e-09	0.0342882
1.29967e-09	0.0344884
1.2998e-09	0.0346886
1.29992e-09	0.0348889
1.30004e-09	0.0350892
1.30016e-09	0.0352895
1.30029e-09	0.0354899
1.30041e-09	0.0356903
1.30053e-09	0.0358907
1.30065e-09	0.0360912
1.30077e-09	0.0362917
1.3009e-09	0.0364922
1.30102e-09	0.0366928
1.30114e-09	0.0368934
1.30126e-09	0.0370941
1.30139e-09	0.0372947
1.30151e-09	0.0374954
1.30163e-09	0.0376961
1.30175e-09	0.0378969
1.30187e-09	0.0380977
1.302e-09	0.0382985
1.30212e-09	0.0384993
1.30224e-09	0.0387002
1.30236e-09	0.038901
1.30249e-09	0.0391019
1.30261e-09	0.0393029
1.30273e-09	0.0395038
1.30285e-09	0.0397048
1.30297e-09	0.0399058
1.3031e-09	0.0401068
1.30322e-09	0.0403078
1.30334e-09	0.0405089
1.30346e-09	0.0407099
1.30359e-09	0.040911
1.30371e-09	0.0411121
1.30383e-09	0.0413132
1.30395e-09	0.0415143
1.30407e-09	0.0417155
1.3042e-09	0.0419166
1.30432e-09	0.0421178
1.30444e-09	0.042319
1.30456e-09	0.0425202
1.30469e-09	0.0427214
1.30481e-09	0.0429226
1.30493e-09	0.0431238
1.30505e-09	0.043325
1.30517e-09	0.0435262
1.3053e-09	0.0437275
1.30542e-09	0.0439287
1.30554e-09	0.04413
1.30566e-09	0.0443312
1.30579e-09	0.0445325
1.30591e-09	0.0447337
1.30603e-09	0.044935
1.30615e-09	0.0451362
1.30627e-09	0.0453375
1.3064e-09	0.0455387
1.30652e-09	0.04574
1.30664e-09	0.0459412
1.30676e-09	0.0461425
1.30689e-09	0.0463437
1.30701e-09	0.046545
1.30713e-09	0.0467462
1.30725e-09	0.0469474
1.30737e-09	0.0471487
1.3075e-09	0.0473499
1.30762e-09	0.0475511
1.30774e-09	0.0477523
1.30786e-09	0.0479535
1.30799e-09	0.0481546
1.30811e-09	0.0483558
1.30823e-09	0.0485569
1.30835e-09	0.0487581
1.30847e-09	0.0489592
1.3086e-09	0.0491603
1.30872e-09	0.0493614
1.30884e-09	0.0495625
1.30896e-09	0.0497635
1.30909e-09	0.0499646
1.30921e-09	0.0501656
1.30933e-09	0.0503666
1.30945e-09	0.0505676
1.30958e-09	0.0507685
1.3097e-09	0.0509695
1.30982e-09	0.0511704
1.30994e-09	0.0513713
1.31006e-09	0.0515721
1.31019e-09	0.051773
1.31031e-09	0.0519738
1.31043e-09	0.0521746
1.31055e-09	0.0523754
1.31068e-09	0.0525761
1.3108e-09	0.0527768
1.31092e-09	0.0529775
1.31104e-09	0.0531781
1.31116e-09	0.0533787
1.31129e-09	0.0535793
1.31141e-09	0.0537799
1.31153e-09	0.0539804
1.31165e-09	0.0541809
1.31178e-09	0.0543813
1.3119e-09	0.0545817
1.31202e-09	0.0547821
1.31214e-09	0.0549824
1.31226e-09	0.0551827
1.31239e-09	0.055383
1.31251e-09	0.0555832
1.31263e-09	0.0557833
1.31275e-09	0.0559835
1.31288e-09	0.0561836
1.313e-09	0.0563836
1.31312e-09	0.0565836
1.31324e-09	0.0567836
1.31336e-09	0.0569835
1.31349e-09	0.0571834
1.31361e-09	0.0573832
1.31373e-09	0.0575829
1.31385e-09	0.0577827
1.31398e-09	0.0579823
1.3141e-09	0.0581819
1.31422e-09	0.0583815
1.31434e-09	0.058581
1.31446e-09	0.0587805
1.31459e-09	0.0589799
1.31471e-09	0.0591793
1.31483e-09	0.0593786
1.31495e-09	0.0595778
1.31508e-09	0.059777
1.3152e-09	0.0599761
1.31532e-09	0.0601752
1.31544e-09	0.0603742
1.31556e-09	0.0605731
1.31569e-09	0.060772
1.31581e-09	0.0609709
1.31593e-09	0.0611696
1.31605e-09	0.0613683
1.31618e-09	0.061567
1.3163e-09	0.0617655
1.31642e-09	0.061964
1.31654e-09	0.0621625
1.31666e-09	0.0623608
1.31679e-09	0.0625591
1.31691e-09	0.0627574
1.31703e-09	0.0629555
1.31715e-09	0.0631536
1.31728e-09	0.0633516
1.3174e-09	0.0635496
1.31752e-09	0.0637475
1.31764e-09	0.0639453
1.31776e-09	0.064143
1.31789e-09	0.0643406
1.31801e-09	0.0645382
1.31813e-09	0.0647357
1.31825e-09	0.0649331
1.31838e-09	0.0651305
1.3185e-09	0.0653277
1.31862e-09	0.0655249
1.31874e-09	0.065722
1.31887e-09	0.065919
1.31899e-09	0.0661159
1.31911e-09	0.0663128
1.31923e-09	0.0665095
1.31935e-09	0.0667062
1.31948e-09	0.0669028
1.3196e-09	0.0670993
1.31972e-09	0.0672957
1.31984e-09	0.067492
1.31997e-09	0.0676883
1.32009e-09	0.0678844
1.32021e-09	0.0680805
1.32033e-09	0.0682764
1.32045e-09	0.0684723
1.32058e-09	0.0686681
1.3207e-09	0.0688637
1.32082e-09	0.0690593
1.32094e-09	0.0692548
1.32107e-09	0.0694502
1.32119e-09	0.0696455
1.32131e-09	0.0698407
1.32143e-09	0.0700358
1.32155e-09	0.0702308
1.32168e-09	0.0704257
1.3218e-09	0.0706204
1.32192e-09	0.0708151
1.32204e-09	0.0710097
1.32217e-09	0.0712042
1.32229e-09	0.0713986
1.32241e-09	0.0715928
1.32253e-09	0.071787
1.32265e-09	0.071981
1.32278e-09	0.072175
1.3229e-09	0.0723688
1.32302e-09	0.0725625
1.32314e-09	0.0727561
1.32327e-09	0.0729496
1.32339e-09	0.073143
1.32351e-09	0.0733363
1.32363e-09	0.0735294
1.32375e-09	0.0737225
1.32388e-09	0.0739154
1.324e-09	0.0741082
1.32412e-09	0.0743009
1.32424e-09	0.0744935
1.32437e-09	0.0746859
1.32449e-09	0.0748782
1.32461e-09	0.0750705
1.32473e-09	0.0752625
1.32485e-09	0.0754545
1.32498e-09	0.0756463
1.3251e-09	0.0758381
1.32522e-09	0.0760296
1.32534e-09	0.0762211
1.32547e-09	0.0764124
1.32559e-09	0.0766037
1.32571e-09	0.0767947
1.32583e-09	0.0769857
1.32595e-09	0.0771765
1.32608e-09	0.0773672
1.3262e-09	0.0775577
1.32632e-09	0.0777482
1.32644e-09	0.0779384
1.32657e-09	0.0781286
1.32669e-09	0.0783186
1.32681e-09	0.0785085
1.32693e-09	0.0786982
1.32705e-09	0.0788878
1.32718e-09	0.0790773
1.3273e-09	0.0792666
1.32742e-09	0.0794558
1.32754e-09	0.0796449
1.32767e-09	0.0798338
1.32779e-09	0.0800225
1.32791e-09	0.0802111
1.32803e-09	0.0803996
1.32815e-09	0.0805879
1.32828e-09	0.0807761
1.3284e-09	0.0809641
1.32852e-09	0.081152
1.32864e-09	0.0813398
1.32877e-09	0.0815274
1.32889e-09	0.0817148
1.32901e-09	0.0819021
1.32913e-09	0.0820892
1.32926e-09	0.0822762
1.32938e-09	0.082463
1.3295e-09	0.0826497
1.32962e-09	0.0828362
1.32974e-09	0.0830225
1.32987e-09	0.0832087
1.32999e-09	0.0833948
1.33011e-09	0.0835807
1.33023e-09	0.0837664
1.33036e-09	0.0839519
1.33048e-09	0.0841373
1.3306e-09	0.0843226
1.33072e-09	0.0845076
1.33084e-09	0.0846925
1.33097e-09	0.0848773
1.33109e-09	0.0850619
1.33121e-09	0.0852463
1.33133e-09	0.0854305
1.33146e-09	0.0856146
1.33158e-09	0.0857985
1.3317e-09	0.0859822
1.33182e-09	0.0861658
1.33194e-09	0.0863492
1.33207e-09	0.0865324
1.33219e-09	0.0867155
1.33231e-09	0.0868983
1.33243e-09	0.087081
1.33256e-09	0.0872636
1.33268e-09	0.0874459
1.3328e-09	0.0876281
1.33292e-09	0.0878101
1.33304e-09	0.0879919
1.33317e-09	0.0881735
1.33329e-09	0.0883549
1.33341e-09	0.0885362
1.33353e-09	0.0887173
1.33366e-09	0.0888982
1.33378e-09	0.0890789
1.3339e-09	0.0892594
1.33402e-09	0.0894398
1.33414e-09	0.0896199
1.33427e-09	0.0897999
1.33439e-09	0.0899797
1.33451e-09	0.0901593
1.33463e-09	0.0903387
1.33476e-09	0.0905179
1.33488e-09	0.0906969
1.335e-09	0.0908758
1.33512e-09	0.0910544
1.33524e-09	0.0912328
1.33537e-09	0.0914111
1.33549e-09	0.0915891
1.33561e-09	0.091767
1.33573e-09	0.0919446
1.33586e-09	0.0921221
1.33598e-09	0.0922993
1.3361e-09	0.0924764
1.33622e-09	0.0926532
1.33634e-09	0.0928299
1.33647e-09	0.0930063
1.33659e-09	0.0931826
1.33671e-09	0.0933586
1.33683e-09	0.0935345
1.33696e-09	0.0937101
1.33708e-09	0.0938855
1.3372e-09	0.0940607
1.33732e-09	0.0942357
1.33744e-09	0.0944105
1.33757e-09	0.0945851
1.33769e-09	0.0947595
1.33781e-09	0.0949336
1.33793e-09	0.0951076
1.33806e-09	0.0952813
1.33818e-09	0.0954548
1.3383e-09	0.0956282
1.33842e-09	0.0958012
1.33855e-09	0.0959741
1.33867e-09	0.0961468
1.33879e-09	0.0963192
1.33891e-09	0.0964914
1.33903e-09	0.0966634
1.33916e-09	0.0968352
1.33928e-09	0.0970067
1.3394e-09	0.0971781
1.33952e-09	0.0973492
1.33965e-09	0.0975201
1.33977e-09	0.0976907
1.33989e-09	0.0978611
1.34001e-09	0.0980313
1.34013e-09	0.0982013
1.34026e-09	0.0983711
1.34038e-09	0.0985406
1.3405e-09	0.0987099
1.34062e-09	0.0988789
1.34075e-09	0.0990477
1.34087e-09	0.0992163
1.34099e-09	0.0993847
1.34111e-09	0.0995528
1.34123e-09	0.0997207
1.34136e-09	0.0998883
1.34148e-09	0.100056
1.3416e-09	0.100223
1.34172e-09	0.10039
1.34185e-09	0.100557
1.34197e-09	0.100723
1.34209e-09	0.100889
1.34221e-09	0.101055
1.34233e-09	0.101221
1.34246e-09	0.101386
1.34258e-09	0.101552
1.3427e-09	0.101717
1.34282e-09	0.101881
1.34295e-09	0.102046
1.34307e-09	0.10221
1.34319e-09	0.102374
1.34331e-09	0.102538
1.34343e-09	0.102701
1.34356e-09	0.102865
1.34368e-09	0.103028
1.3438e-09	0.10319
1.34392e-09	0.103353
1.34405e-09	0.103515
1.34417e-09	0.103677
1.34429e-09	0.103839
1.34441e-09	0.104
1.34453e-09	0.104162
1.34466e-09	0.104322
1.34478e-09	0.104483
1.3449e-09	0.104644
1.34502e-09	0.104804
1.34515e-09	0.104964
1.34527e-09	0.105123
1.34539e-09	0.105283
1.34551e-09	0.105442
1.34563e-09	0.105601
1.34576e-09	0.105759
1.34588e-09	0.105918
1.346e-09	0.106076
1.34612e-09	0.106233
1.34625e-09	0.106391
1.34637e-09	0.106548
1.34649e-09	0.106705
1.34661e-09	0.106862
1.34673e-09	0.107018
1.34686e-09	0.107174
1.34698e-09	0.10733
1.3471e-09	0.107486
1.34722e-09	0.107641
1.34735e-09	0.107796
1.34747e-09	0.107951
1.34759e-09	0.108106
1.34771e-09	0.10826
1.34783e-09	0.108414
1.34796e-09	0.108567
1.34808e-09	0.108721
1.3482e-09	0.108874
1.34832e-09	0.109027
1.34845e-09	0.109179
1.34857e-09	0.109332
1.34869e-09	0.109483
1.34881e-09	0.109635
1.34894e-09	0.109787
1.34906e-09	0.109938
1.34918e-09	0.110088
1.3493e-09	0.110239
1.34942e-09	0.110389
1.34955e-09	0.110539
1.34967e-09	0.110689
1.34979e-09	0.110838
1.34991e-09	0.110987
1.35004e-09	0.111136
1.35016e-09	0.111284
1.35028e-09	0.111433
1.3504e-09	0.11158
1.35052e-09	0.111728
1.35065e-09	0.111875
1.35077e-09	0.112022
1.35089e-09	0.112169
1.35101e-09	0.112315
1.35114e-09	0.112461
1.35126e-09	0.112607
1.35138e-09	0.112753
1.3515e-09	0.112898
1.35162e-09	0.113043
1.35175e-09	0.113187
1.35187e-09	0.113331
1.35199e-09	0.113475
1.35211e-09	0.113619
1.35224e-09	0.113762
1.35236e-09	0.113905
1.35248e-09	0.114048
1.3526e-09	0.114191
1.35272e-09	0.114333
1.35285e-09	0.114474
1.35297e-09	0.114616
1.35309e-09	0.114757
1.35321e-09	0.114898
1.35334e-09	0.115038
1.35346e-09	0.115178
1.35358e-09	0.115318
1.3537e-09	0.115458
1.35382e-09	0.115597
1.35395e-09	0.115736
1.35407e-09	0.115875
1.35419e-09	0.116013
1.35431e-09	0.116151
1.35444e-09	0.116288
1.35456e-09	0.116426
1.35468e-09	0.116563
1.3548e-09	0.116699
1.35492e-09	0.116836
1.35505e-09	0.116972
1.35517e-09	0.117107
1.35529e-09	0.117243
1.35541e-09	0.117378
1.35554e-09	0.117512
1.35566e-09	0.117647
1.35578e-09	0.117781
1.3559e-09	0.117914
1.35602e-09	0.118048
1.35615e-09	0.118181
1.35627e-09	0.118314
1.35639e-09	0.118446
1.35651e-09	0.118578
1.35664e-09	0.11871
1.35676e-09	0.118841
1.35688e-09	0.118972
1.357e-09	0.119103
1.35712e-09	0.119233
1.35725e-09	0.119363
1.35737e-09	0.119493
1.35749e-09	0.119622
1.35761e-09	0.119751
1.35774e-09	0.119879
1.35786e-09	0.120008
1.35798e-09	0.120136
1.3581e-09	0.120263
1.35822e-09	0.12039
1.35835e-09	0.120517
1.35847e-09	0.120644
1.35859e-09	0.12077
1.35871e-09	0.120896
1.35884e-09	0.121021
1.35896e-09	0.121146
1.35908e-09	0.121271
1.3592e-09	0.121395
1.35933e-09	0.12152
1.35945e-09	0.121643
1.35957e-09	0.121767
1.35969e-09	0.12189
1.35981e-09	0.122012
1.35994e-09	0.122135
1.36006e-09	0.122256
1.36018e-09	0.122378
1.3603e-09	0.122499
1.36043e-09	0.12262
1.36055e-09	0.122741
1.36067e-09	0.122861
1.36079e-09	0.12298
1.36091e-09	0.1231
1.36104e-09	0.123219
1.36116e-09	0.123337
1.36128e-09	0.123456
1.3614e-09	0.123574
1.36153e-09	0.123691
1.36165e-09	0.123808
1.36177e-09	0.123925
1.36189e-09	0.124042
1.36201e-09	0.124158
1.36214e-09	0.124273
1.36226e-09	0.124389
1.36238e-09	0.124504
1.3625e-09	0.124618
1.36263e-09	0.124733
1.36275e-09	0.124846
1.36287e-09	0.12496
1.36299e-09	0.125073
1.36311e-09	0.125186
1.36324e-09	0.125298
1.36336e-09	0.12541
1.36348e-09	0.125522
1.3636e-09	0.125633
1.36373e-09	0.125744
1.36385e-09	0.125854
1.36397e-09	0.125964
1.36409e-09	0.126074
1.36421e-09	0.126183
1.36434e-09	0.126292
1.36446e-09	0.1264
1.36458e-09	0.126509
1.3647e-09	0.126616
1.36483e-09	0.126724
1.36495e-09	0.126831
1.36507e-09	0.126937
1.36519e-09	0.127043
1.36531e-09	0.127149
1.36544e-09	0.127255
1.36556e-09	0.12736
1.36568e-09	0.127464
1.3658e-09	0.127569
1.36593e-09	0.127672
1.36605e-09	0.127776
1.36617e-09	0.127879
1.36629e-09	0.127982
1.36641e-09	0.128084
1.36654e-09	0.128186
1.36666e-09	0.128287
1.36678e-09	0.128388
1.3669e-09	0.128489
1.36703e-09	0.128589
1.36715e-09	0.128689
1.36727e-09	0.128788
1.36739e-09	0.128887
1.36751e-09	0.128986
1.36764e-09	0.129084
1.36776e-09	0.129182
1.36788e-09	0.12928
1.368e-09	0.129377
1.36813e-09	0.129473
1.36825e-09	0.12957
1.36837e-09	0.129665
1.36849e-09	0.129761
1.36862e-09	0.129856
1.36874e-09	0.12995
1.36886e-09	0.130045
1.36898e-09	0.130138
1.3691e-09	0.130232
1.36923e-09	0.130325
1.36935e-09	0.130417
1.36947e-09	0.130509
1.36959e-09	0.130601
1.36972e-09	0.130692
1.36984e-09	0.130783
1.36996e-09	0.130874
1.37008e-09	0.130964
1.3702e-09	0.131053
1.37033e-09	0.131142
1.37045e-09	0.131231
1.37057e-09	0.13132
1.37069e-09	0.131407
1.37082e-09	0.131495
1.37094e-09	0.131582
1.37106e-09	0.131669
1.37118e-09	0.131755
1.3713e-09	0.131841
1.37143e-09	0.131926
1.37155e-09	0.132011
1.37167e-09	0.132096
1.37179e-09	0.13218
1.37192e-09	0.132264
1.37204e-09	0.132347
1.37216e-09	0.13243
1.37228e-09	0.132512
1.3724e-09	0.132594
1.37253e-09	0.132676
1.37265e-09	0.132757
1.37277e-09	0.132837
1.37289e-09	0.132918
1.37302e-09	0.132998
1.37314e-09	0.133077
1.37326e-09	0.133156
1.37338e-09	0.133234
1.3735e-09	0.133312
1.37363e-09	0.13339
1.37375e-09	0.133467
1.37387e-09	0.133544
1.37399e-09	0.13362
1.37412e-09	0.133696
1.37424e-09	0.133772
1.37436e-09	0.133847
1.37448e-09	0.133921
1.3746e-09	0.133996
1.37473e-09	0.134069
1.37485e-09	0.134142
1.37497e-09	0.134215
1.37509e-09	0.134288
1.37522e-09	0.13436
1.37534e-09	0.134431
1.37546e-09	0.134502
1.37558e-09	0.134573
1.3757e-09	0.134643
1.37583e-09	0.134712
1.37595e-09	0.134782
1.37607e-09	0.13485
1.37619e-09	0.134919
1.37632e-09	0.134987
1.37644e-09	0.135054
1.37656e-09	0.135121
1.37668e-09	0.135188
1.3768e-09	0.135254
1.37693e-09	0.135319
1.37705e-09	0.135384
1.37717e-09	0.135449
1.37729e-09	0.135513
1.37742e-09	0.135577
1.37754e-09	0.135641
1.37766e-09	0.135704
1.37778e-09	0.135766
1.3779e-09	0.135828
1.37803e-09	0.135889
1.37815e-09	0.135951
1.37827e-09	0.136011
1.37839e-09	0.136071
1.37852e-09	0.136131
1.37864e-09	0.13619
1.37876e-09	0.136249
1.37888e-09	0.136307
1.37901e-09	0.136365
1.37913e-09	0.136422
1.37925e-09	0.136479
1.37937e-09	0.136536
1.37949e-09	0.136592
1.37962e-09	0.136647
1.37974e-09	0.136702
1.37986e-09	0.136757
1.37998e-09	0.136811
1.38011e-09	0.136865
1.38023e-09	0.136918
1.38035e-09	0.13697
1.38047e-09	0.137023
1.38059e-09	0.137074
1.38072e-09	0.137126
1.38084e-09	0.137176
1.38096e-09	0.137227
1.38108e-09	0.137277
1.38121e-09	0.137326
1.38133e-09	0.137375
1.38145e-09	0.137423
1.38157e-09	0.137471
1.38169e-09	0.137519
1.38182e-09	0.137566
1.38194e-09	0.137612
1.38206e-09	0.137658
1.38218e-09	0.137704
1.38231e-09	0.137749
1.38243e-09	0.137794
1.38255e-09	0.137838
1.38267e-09	0.137882
1.38279e-09	0.137925
1.38292e-09	0.137967
1.38304e-09	0.13801
1.38316e-09	0.138051
1.38328e-09	0.138093
1.38341e-09	0.138133
1.38353e-09	0.138174
1.38365e-09	0.138213
1.38377e-09	0.138253
1.38389e-09	0.138292
1.38402e-09	0.13833
1.38414e-09	0.138368
1.38426e-09	0.138405
1.38438e-09	0.138442
1.38451e-09	0.138478
1.38463e-09	0.138514
1.38475e-09	0.13855
1.38487e-09	0.138585
1.38499e-09	0.138619
1.38512e-09	0.138653
1.38524e-09	0.138686
1.38536e-09	0.138719
1.38548e-09	0.138752
1.38561e-09	0.138784
1.38573e-09	0.138815
1.38585e-09	0.138846
1.38597e-09	0.138877
1.38609e-09	0.138907
1.38622e-09	0.138936
1.38634e-09	0.138965
1.38646e-09	0.138994
1.38658e-09	0.139022
1.38671e-09	0.139049
1.38683e-09	0.139076
1.38695e-09	0.139103
1.38707e-09	0.139129
1.38719e-09	0.139154
1.38732e-09	0.139179
1.38744e-09	0.139204
1.38756e-09	0.139228
1.38768e-09	0.139251
1.38781e-09	0.139274
1.38793e-09	0.139297
1.38805e-09	0.139319
1.38817e-09	0.139341
1.3883e-09	0.139362
1.38842e-09	0.139382
1.38854e-09	0.139402
1.38866e-09	0.139421
1.38878e-09	0.13944
1.38891e-09	0.139459
1.38903e-09	0.139477
1.38915e-09	0.139494
1.38927e-09	0.139511
1.3894e-09	0.139528
1.38952e-09	0.139544
1.38964e-09	0.139559
1.38976e-09	0.139574
1.38988e-09	0.139588
1.39001e-09	0.139602
1.39013e-09	0.139616
1.39025e-09	0.139629
1.39037e-09	0.139641
1.3905e-09	0.139653
1.39062e-09	0.139664
1.39074e-09	0.139675
1.39086e-09	0.139685
1.39098e-09	0.139695
1.39111e-09	0.139704
1.39123e-09	0.139713
1.39135e-09	0.139721
1.39147e-09	0.139729
1.3916e-09	0.139736
1.39172e-09	0.139743
1.39184e-09	0.139749
1.39196e-09	0.139755
1.39208e-09	0.13976
1.39221e-09	0.139765
1.39233e-09	0.139769
1.39245e-09	0.139772
1.39257e-09	0.139776
1.3927e-09	0.139778
1.39282e-09	0.13978
1.39294e-09	0.139782
1.39306e-09	0.139783
1.39318e-09	0.139783
1.39331e-09	0.139783
1.39343e-09	0.139783
1.39355e-09	0.139781
1.39367e-09	0.13978
1.3938e-09	0.139778
1.39392e-09	0.139775
1.39404e-09	0.139772
1.39416e-09	0.139768
1.39428e-09	0.139764
1.39441e-09	0.139759
1.39453e-09	0.139754
1.39465e-09	0.139748
1.39477e-09	0.139742
1.3949e-09	0.139735
1.39502e-09	0.139727
1.39514e-09	0.13972
1.39526e-09	0.139711
1.39538e-09	0.139702
1.39551e-09	0.139693
1.39563e-09	0.139683
1.39575e-09	0.139672
1.39587e-09	0.139661
1.396e-09	0.139649
1.39612e-09	0.139637
1.39624e-09	0.139624
1.39636e-09	0.139611
1.39648e-09	0.139597
1.39661e-09	0.139583
1.39673e-09	0.139568
1.39685e-09	0.139553
1.39697e-09	0.139537
1.3971e-09	0.139521
1.39722e-09	0.139504
1.39734e-09	0.139486
1.39746e-09	0.139468
1.39758e-09	0.13945
1.39771e-09	0.139431
1.39783e-09	0.139411
1.39795e-09	0.139391
1.39807e-09	0.13937
1.3982e-09	0.139349
1.39832e-09	0.139327
1.39844e-09	0.139305
1.39856e-09	0.139282
1.39869e-09	0.139259
1.39881e-09	0.139235
1.39893e-09	0.13921
1.39905e-09	0.139185
1.39917e-09	0.13916
1.3993e-09	0.139134
1.39942e-09	0.139107
1.39954e-09	0.13908
1.39966e-09	0.139052
1.39979e-09	0.139024
1.39991e-09	0.138995
1.40003e-09	0.138966
1.40015e-09	0.138936
1.40027e-09	0.138905
1.4004e-09	0.138875
1.40052e-09	0.138843
1.40064e-09	0.138811
1.40076e-09	0.138778
1.40089e-09	0.138745
1.40101e-09	0.138712
1.40113e-09	0.138677
1.40125e-09	0.138643
1.40137e-09	0.138607
1.4015e-09	0.138572
1.40162e-09	0.138535
1.40174e-09	0.138498
1.40186e-09	0.138461
1.40199e-09	0.138423
1.40211e-09	0.138384
1.40223e-09	0.138345
1.40235e-09	0.138305
1.40247e-09	0.138265
1.4026e-09	0.138224
1.40272e-09	0.138183
1.40284e-09	0.138141
1.40296e-09	0.138099
1.40309e-09	0.138056
1.40321e-09	0.138012
1.40333e-09	0.137968
1.40345e-09	0.137924
1.40357e-09	0.137878
1.4037e-09	0.137833
1.40382e-09	0.137786
1.40394e-09	0.13774
1.40406e-09	0.137692
1.40419e-09	0.137644
1.40431e-09	0.137596
1.40443e-09	0.137547
1.40455e-09	0.137497
1.40467e-09	0.137447
1.4048e-09	0.137397
1.40492e-09	0.137345
1.40504e-09	0.137294
1.40516e-09	0.137241
1.40529e-09	0.137188
1.40541e-09	0.137135
1.40553e-09	0.137081
1.40565e-09	0.137026
1.40577e-09	0.136971
1.4059e-09	0.136916
1.40602e-09	0.136859
1.40614e-09	0.136803
1.40626e-09	0.136745
1.40639e-09	0.136688
1.40651e-09	0.136629
1.40663e-09	0.13657
1.40675e-09	0.136511
1.40687e-09	0.136451
1.407e-09	0.13639
1.40712e-09	0.136329
1.40724e-09	0.136267
1.40736e-09	0.136205
1.40749e-09	0.136142
1.40761e-09	0.136078
1.40773e-09	0.136014
1.40785e-09	0.13595
1.40798e-09	0.135885
1.4081e-09	0.135819
1.40822e-09	0.135753
1.40834e-09	0.135686
1.40846e-09	0.135619
1.40859e-09	0.135551
1.40871e-09	0.135482
1.40883e-09	0.135413
1.40895e-09	0.135344
1.40908e-09	0.135274
1.4092e-09	0.135203
1.40932e-09	0.135132
1.40944e-09	0.13506
1.40956e-09	0.134988
1.40969e-09	0.134915
1.40981e-09	0.134841
1.40993e-09	0.134767
1.41005e-09	0.134693
1.41018e-09	0.134617
1.4103e-09	0.134542
1.41042e-09	0.134465
1.41054e-09	0.134389
1.41066e-09	0.134311
1.41079e-09	0.134233
1.41091e-09	0.134155
1.41103e-09	0.134076
1.41115e-09	0.133996
1.41128e-09	0.133916
1.4114e-09	0.133835
1.41152e-09	0.133754
1.41164e-09	0.133672
1.41176e-09	0.133589
1.41189e-09	0.133506
1.41201e-09	0.133423
1.41213e-09	0.133338
1.41225e-09	0.133254
1.41238e-09	0.133168
1.4125e-09	0.133083
1.41262e-09	0.132996
1.41274e-09	0.132909
1.41286e-09	0.132822
1.41299e-09	0.132734
1.41311e-09	0.132645
1.41323e-09	0.132556
1.41335e-09	0.132466
1.41348e-09	0.132376
1.4136e-09	0.132285
1.41372e-09	0.132193
1.41384e-09	0.132101
1.41396e-09	0.132009
1.41409e-09	0.131915
1.41421e-09	0.131822
1.41433e-09	0.131727
1.41445e-09	0.131633
1.41458e-09	0.131537
1.4147e-09	0.131441
1.41482e-09	0.131345
1.41494e-09	0.131248
1.41506e-09	0.13115
1.41519e-09	0.131052
1.41531e-09	0.130953
1.41543e-09	0.130853
1.41555e-09	0.130753
1.41568e-09	0.130653
1.4158e-09	0.130552
1.41592e-09	0.13045
1.41604e-09	0.130348
1.41616e-09	0.130245
1.41629e-09	0.130142
1.41641e-09	0.130038
1.41653e-09	0.129934
1.41665e-09	0.129829
1.41678e-09	0.129723
1.4169e-09	0.129617
1.41702e-09	0.12951
1.41714e-09	0.129403
1.41726e-09	0.129295
1.41739e-09	0.129187
1.41751e-09	0.129078
1.41763e-09	0.128968
1.41775e-09	0.128858
1.41788e-09	0.128747
1.418e-09	0.128636
1.41812e-09	0.128524
1.41824e-09	0.128412
1.41837e-09	0.128299
1.41849e-09	0.128185
1.41861e-09	0.128071
1.41873e-09	0.127957
1.41885e-09	0.127842
1.41898e-09	0.127726
1.4191e-09	0.127609
1.41922e-09	0.127493
1.41934e-09	0.127375
1.41947e-09	0.127257
1.41959e-09	0.127138
1.41971e-09	0.127019
1.41983e-09	0.1269
1.41995e-09	0.126779
1.42008e-09	0.126658
1.4202e-09	0.126537
1.42032e-09	0.126415
1.42044e-09	0.126292
1.42057e-09	0.126169
1.42069e-09	0.126046
1.42081e-09	0.125921
1.42093e-09	0.125797
1.42105e-09	0.125671
1.42118e-09	0.125545
1.4213e-09	0.125419
1.42142e-09	0.125292
1.42154e-09	0.125164
1.42167e-09	0.125036
1.42179e-09	0.124907
1.42191e-09	0.124778
1.42203e-09	0.124648
1.42215e-09	0.124517
1.42228e-09	0.124386
1.4224e-09	0.124255
1.42252e-09	0.124123
1.42264e-09	0.12399
1.42277e-09	0.123857
1.42289e-09	0.123723
1.42301e-09	0.123588
1.42313e-09	0.123453
1.42325e-09	0.123318
1.42338e-09	0.123182
1.4235e-09	0.123045
1.42362e-09	0.122908
1.42374e-09	0.12277
1.42387e-09	0.122632
1.42399e-09	0.122493
1.42411e-09	0.122353
1.42423e-09	0.122213
1.42435e-09	0.122073
1.42448e-09	0.121932
1.4246e-09	0.12179
1.42472e-09	0.121648
1.42484e-09	0.121505
1.42497e-09	0.121361
1.42509e-09	0.121217
1.42521e-09	0.121073
1.42533e-09	0.120928
1.42545e-09	0.120782
1.42558e-09	0.120636
1.4257e-09	0.120489
1.42582e-09	0.120342
1.42594e-09	0.120194
1.42607e-09	0.120045
1.42619e-09	0.119896
1.42631e-09	0.119747
1.42643e-09	0.119596
1.42655e-09	0.119446
1.42668e-09	0.119295
1.4268e-09	0.119143
1.42692e-09	0.11899
1.42704e-09	0.118837
1.42717e-09	0.118684
1.42729e-09	0.11853
1.42741e-09	0.118375
1.42753e-09	0.11822
1.42766e-09	0.118064
1.42778e-09	0.117908
1.4279e-09	0.117751
1.42802e-09	0.117594
1.42814e-09	0.117436
1.42827e-09	0.117277
1.42839e-09	0.117118
1.42851e-09	0.116958
1.42863e-09	0.116798
1.42876e-09	0.116637
1.42888e-09	0.116476
1.429e-09	0.116314
1.42912e-09	0.116152
1.42924e-09	0.115989
1.42937e-09	0.115825
1.42949e-09	0.115661
1.42961e-09	0.115496
1.42973e-09	0.115331
1.42986e-09	0.115165
1.42998e-09	0.114999
1.4301e-09	0.114832
1.43022e-09	0.114664
1.43034e-09	0.114496
1.43047e-09	0.114328
1.43059e-09	0.114159
1.43071e-09	0.113989
1.43083e-09	0.113819
1.43096e-09	0.113648
1.43108e-09	0.113477
1.4312e-09	0.113305
1.43132e-09	0.113132
1.43144e-09	0.112959
1.43157e-09	0.112786
1.43169e-09	0.112612
1.43181e-09	0.112437
1.43193e-09	0.112262
1.43206e-09	0.112086
1.43218e-09	0.11191
1.4323e-09	0.111733
1.43242e-09	0.111556
1.43254e-09	0.111378
1.43267e-09	0.111199
1.43279e-09	0.11102
1.43291e-09	0.11084
1.43303e-09	0.11066
1.43316e-09	0.11048
1.43328e-09	0.110298
1.4334e-09	0.110116
1.43352e-09	0.109934
1.43364e-09	0.109751
1.43377e-09	0.109568
1.43389e-09	0.109384
1.43401e-09	0.109199
1.43413e-09	0.109014
1.43426e-09	0.108828
1.43438e-09	0.108642
1.4345e-09	0.108456
1.43462e-09	0.108268
1.43474e-09	0.10808
1.43487e-09	0.107892
1.43499e-09	0.107703
1.43511e-09	0.107514
1.43523e-09	0.107324
1.43536e-09	0.107133
1.43548e-09	0.106942
1.4356e-09	0.10675
1.43572e-09	0.106558
1.43584e-09	0.106366
1.43597e-09	0.106172
1.43609e-09	0.105978
1.43621e-09	0.105784
1.43633e-09	0.105589
1.43646e-09	0.105394
1.43658e-09	0.105198
1.4367e-09	0.105001
1.43682e-09	0.104804
1.43694e-09	0.104607
1.43707e-09	0.104409
1.43719e-09	0.10421
1.43731e-09	0.104011
1.43743e-09	0.103811
1.43756e-09	0.103611
1.43768e-09	0.10341
1.4378e-09	0.103208
1.43792e-09	0.103007
1.43805e-09	0.102804
1.43817e-09	0.102601
1.43829e-09	0.102398
1.43841e-09	0.102194
1.43853e-09	0.101989
1.43866e-09	0.101784
1.43878e-09	0.101578
1.4389e-09	0.101372
1.43902e-09	0.101165
1.43915e-09	0.100958
1.43927e-09	0.10075
1.43939e-09	0.100542
1.43951e-09	0.100333
1.43963e-09	0.100124
1.43976e-09	0.099914
1.43988e-09	0.0997036
1.44e-09	0.0994926
1.44012e-09	0.0992811
1.44025e-09	0.0990691
1.44037e-09	0.0988565
1.44049e-09	0.0986434
1.44061e-09	0.0984298
1.44073e-09	0.0982157
1.44086e-09	0.098001
1.44098e-09	0.0977858
1.4411e-09	0.0975701
1.44122e-09	0.0973539
1.44135e-09	0.0971371
1.44147e-09	0.0969198
1.44159e-09	0.096702
1.44171e-09	0.0964836
1.44183e-09	0.0962648
1.44196e-09	0.0960454
1.44208e-09	0.0958254
1.4422e-09	0.095605
1.44232e-09	0.095384
1.44245e-09	0.0951626
1.44257e-09	0.0949406
1.44269e-09	0.094718
1.44281e-09	0.094495
1.44293e-09	0.0942714
1.44306e-09	0.0940473
1.44318e-09	0.0938227
1.4433e-09	0.0935976
1.44342e-09	0.093372
1.44355e-09	0.0931458
1.44367e-09	0.0929191
1.44379e-09	0.0926919
1.44391e-09	0.0924642
1.44403e-09	0.092236
1.44416e-09	0.0920072
1.44428e-09	0.091778
1.4444e-09	0.0915482
1.44452e-09	0.0913179
1.44465e-09	0.0910871
1.44477e-09	0.0908558
1.44489e-09	0.090624
1.44501e-09	0.0903917
1.44513e-09	0.0901588
1.44526e-09	0.0899255
1.44538e-09	0.0896916
1.4455e-09	0.0894572
1.44562e-09	0.0892223
1.44575e-09	0.0889869
1.44587e-09	0.088751
1.44599e-09	0.0885146
1.44611e-09	0.0882777
1.44623e-09	0.0880403
1.44636e-09	0.0878023
1.44648e-09	0.0875639
1.4466e-09	0.087325
1.44672e-09	0.0870855
1.44685e-09	0.0868456
1.44697e-09	0.0866051
1.44709e-09	0.0863641
1.44721e-09	0.0861227
1.44734e-09	0.0858807
1.44746e-09	0.0856383
1.44758e-09	0.0853953
1.4477e-09	0.0851518
1.44782e-09	0.0849079
1.44795e-09	0.0846634
1.44807e-09	0.0844184
1.44819e-09	0.084173
1.44831e-09	0.083927
1.44844e-09	0.0836806
1.44856e-09	0.0834336
1.44868e-09	0.0831862
1.4488e-09	0.0829382
1.44892e-09	0.0826898
1.44905e-09	0.0824408
1.44917e-09	0.0821914
1.44929e-09	0.0819415
1.44941e-09	0.0816911
1.44954e-09	0.0814402
1.44966e-09	0.0811888
1.44978e-09	0.0809369
1.4499e-09	0.0806845
1.45002e-09	0.0804317
1.45015e-09	0.0801783
1.45027e-09	0.0799245
1.45039e-09	0.0796702
1.45051e-09	0.0794153
1.45064e-09	0.07916
1.45076e-09	0.0789042
1.45088e-09	0.078648
1.451e-09	0.0783912
1.45112e-09	0.078134
1.45125e-09	0.0778763
1.45137e-09	0.077618
1.45149e-09	0.0773594
1.45161e-09	0.0771002
1.45174e-09	0.0768405
1.45186e-09	0.0765804
1.45198e-09	0.0763198
1.4521e-09	0.0760587
1.45222e-09	0.0757971
1.45235e-09	0.0755351
1.45247e-09	0.0752726
1.45259e-09	0.0750096
1.45271e-09	0.0747461
1.45284e-09	0.0744821
1.45296e-09	0.0742177
1.45308e-09	0.0739528
1.4532e-09	0.0736874
1.45332e-09	0.0734216
1.45345e-09	0.0731553
1.45357e-09	0.0728885
1.45369e-09	0.0726212
1.45381e-09	0.0723535
1.45394e-09	0.0720853
1.45406e-09	0.0718167
1.45418e-09	0.0715475
1.4543e-09	0.0712779
1.45442e-09	0.0710079
1.45455e-09	0.0707373
1.45467e-09	0.0704663
1.45479e-09	0.0701949
1.45491e-09	0.0699229
1.45504e-09	0.0696505
1.45516e-09	0.0693777
1.45528e-09	0.0691044
1.4554e-09	0.0688306
1.45552e-09	0.0685564
1.45565e-09	0.0682817
1.45577e-09	0.0680065
1.45589e-09	0.0677309
1.45601e-09	0.0674549
1.45614e-09	0.0671783
1.45626e-09	0.0669013
1.45638e-09	0.0666239
1.4565e-09	0.066346
1.45662e-09	0.0660677
1.45675e-09	0.0657889
1.45687e-09	0.0655096
1.45699e-09	0.0652299
1.45711e-09	0.0649498
1.45724e-09	0.0646692
1.45736e-09	0.0643881
1.45748e-09	0.0641066
1.4576e-09	0.0638247
1.45773e-09	0.0635423
1.45785e-09	0.0632594
1.45797e-09	0.0629762
1.45809e-09	0.0626924
1.45821e-09	0.0624082
1.45834e-09	0.0621236
1.45846e-09	0.0618386
1.45858e-09	0.061553
1.4587e-09	0.0612671
1.45883e-09	0.0609807
1.45895e-09	0.0606939
1.45907e-09	0.0604066
1.45919e-09	0.0601189
1.45931e-09	0.0598308
1.45944e-09	0.0595422
1.45956e-09	0.0592532
1.45968e-09	0.0589637
1.4598e-09	0.0586738
1.45993e-09	0.0583835
1.46005e-09	0.0580928
1.46017e-09	0.0578016
1.46029e-09	0.05751
1.46041e-09	0.0572179
1.46054e-09	0.0569255
1.46066e-09	0.0566326
1.46078e-09	0.0563392
1.4609e-09	0.0560455
1.46103e-09	0.0557513
1.46115e-09	0.0554567
1.46127e-09	0.0551616
1.46139e-09	0.0548662
1.46151e-09	0.0545703
1.46164e-09	0.054274
1.46176e-09	0.0539773
1.46188e-09	0.0536801
1.462e-09	0.0533825
1.46213e-09	0.0530846
1.46225e-09	0.0527862
1.46237e-09	0.0524873
1.46249e-09	0.0521881
1.46261e-09	0.0518884
1.46274e-09	0.0515884
1.46286e-09	0.0512879
1.46298e-09	0.050987
1.4631e-09	0.0506857
1.46323e-09	0.050384
1.46335e-09	0.0500818
1.46347e-09	0.0497793
1.46359e-09	0.0494763
1.46371e-09	0.049173
1.46384e-09	0.0488692
1.46396e-09	0.048565
1.46408e-09	0.0482605
1.4642e-09	0.0479555
1.46433e-09	0.0476501
1.46445e-09	0.0473443
1.46457e-09	0.0470381
1.46469e-09	0.0467315
1.46481e-09	0.0464245
1.46494e-09	0.0461171
1.46506e-09	0.0458093
1.46518e-09	0.0455011
1.4653e-09	0.0451925
1.46543e-09	0.0448835
1.46555e-09	0.0445742
1.46567e-09	0.0442644
1.46579e-09	0.0439542
1.46591e-09	0.0436437
1.46604e-09	0.0433327
1.46616e-09	0.0430214
1.46628e-09	0.0427096
1.4664e-09	0.0423975
1.46653e-09	0.042085
1.46665e-09	0.0417721
1.46677e-09	0.0414588
1.46689e-09	0.0411451
1.46702e-09	0.0408311
1.46714e-09	0.0405166
1.46726e-09	0.0402018
1.46738e-09	0.0398866
1.4675e-09	0.039571
1.46763e-09	0.0392551
1.46775e-09	0.0389387
1.46787e-09	0.038622
1.46799e-09	0.0383049
1.46812e-09	0.0379874
1.46824e-09	0.0376696
1.46836e-09	0.0373514
1.46848e-09	0.0370328
1.4686e-09	0.0367138
1.46873e-09	0.0363945
1.46885e-09	0.0360748
1.46897e-09	0.0357547
1.46909e-09	0.0354342
1.46922e-09	0.0351134
1.46934e-09	0.0347922
1.46946e-09	0.0344707
1.46958e-09	0.0341487
1.4697e-09	0.0338265
1.46983e-09	0.0335038
1.46995e-09	0.0331808
1.47007e-09	0.0328574
1.47019e-09	0.0325337
1.47032e-09	0.0322096
1.47044e-09	0.0318852
1.47056e-09	0.0315604
1.47068e-09	0.0312352
1.4708e-09	0.0309097
1.47093e-09	0.0305838
1.47105e-09	0.0302576
1.47117e-09	0.0299311
1.47129e-09	0.0296041
1.47142e-09	0.0292769
1.47154e-09	0.0289492
1.47166e-09	0.0286213
1.47178e-09	0.0282929
1.4719e-09	0.0279643
1.47203e-09	0.0276353
1.47215e-09	0.0273059
1.47227e-09	0.0269762
1.47239e-09	0.0266462
1.47252e-09	0.0263158
1.47264e-09	0.025985
1.47276e-09	0.025654
1.47288e-09	0.0253226
1.473e-09	0.0249908
1.47313e-09	0.0246588
1.47325e-09	0.0243263
1.47337e-09	0.0239936
1.47349e-09	0.0236605
1.47362e-09	0.0233271
1.47374e-09	0.0229934
1.47386e-09	0.0226593
1.47398e-09	0.0223249
1.4741e-09	0.0219901
1.47423e-09	0.0216551
1.47435e-09	0.0213197
1.47447e-09	0.020984
1.47459e-09	0.020648
1.47472e-09	0.0203116
1.47484e-09	0.0199749
1.47496e-09	0.0196379
1.47508e-09	0.0193006
1.4752e-09	0.018963
1.47533e-09	0.018625
1.47545e-09	0.0182867
1.47557e-09	0.0179481
1.47569e-09	0.0176092
1.47582e-09	0.01727
1.47594e-09	0.0169305
1.47606e-09	0.0165906
1.47618e-09	0.0162505
1.4763e-09	0.01591
1.47643e-09	0.0155692
1.47655e-09	0.0152282
1.47667e-09	0.0148868
1.47679e-09	0.0145451
1.47692e-09	0.0142031
1.47704e-09	0.0138608
1.47716e-09	0.0135182
1.47728e-09	0.0131753
1.47741e-09	0.0128321
1.47753e-09	0.0124886
1.47765e-09	0.0121448
1.47777e-09	0.0118007
1.47789e-09	0.0114563
1.47802e-09	0.0111116
1.47814e-09	0.0107667
1.47826e-09	0.0104214
1.47838e-09	0.0100758
1.47851e-09	0.00972997
1.47863e-09	0.00938384
1.47875e-09	0.00903741
1.47887e-09	0.0086907
1.47899e-09	0.0083437
1.47912e-09	0.00799642
1.47924e-09	0.00764885
1.47936e-09	0.007301
1.47948e-09	0.00695287
1.47961e-09	0.00660446
1.47973e-09	0.00625577
1.47985e-09	0.00590681
1.47997e-09	0.00555757
1.48009e-09	0.00520805
1.48022e-09	0.00485826
1.48034e-09	0.00450819
1.48046e-09	0.00415785
1.48058e-09	0.00380724
1.48071e-09	0.00345636
1.48083e-09	0.00310522
1.48095e-09	0.0027538
1.48107e-09	0.00240212
1.48119e-09	0.00205017
1.48132e-09	0.00169796
1.48144e-09	0.00134549
1.48156e-09	0.000992753
1.48168e-09	0.000639757
1.48181e-09	0.000286501
1.48193e-09	-6.7014e-05
1.48205e-09	-0.000420786
1.48217e-09	-0.000774814
1.48229e-09	-0.0011291
1.48242e-09	-0.00148363
1.48254e-09	-0.00183842
1.48266e-09	-0.00219346
1.48278e-09	-0.00254876
1.48291e-09	-0.0029043
1.48303e-09	-0.00326008
1.48315e-09	-0.00361612
1.48327e-09	-0.0039724
1.48339e-09	-0.00432893
1.48352e-09	-0.00468569
1.48364e-09	-0.0050427
1.48376e-09	-0.00539996
1.48388e-09	-0.00575745
1.48401e-09	-0.00611518
1.48413e-09	-0.00647315
1.48425e-09	-0.00683135
1.48437e-09	-0.00718979
1.48449e-09	-0.00754846
1.48462e-09	-0.00790737
1.48474e-09	-0.0082665
1.48486e-09	-0.00862587
1.48498e-09	-0.00898547
1.48511e-09	-0.00934529
1.48523e-09	-0.00970534
1.48535e-09	-0.0100656
1.48547e-09	-0.0104261
1.48559e-09	-0.0107868
1.48572e-09	-0.0111478
1.48584e-09	-0.011509
1.48596e-09	-0.0118703
1.48608e-09	-0.0122319
1.48621e-09	-0.0125938
1.48633e-09	-0.0129558
1.48645e-09	-0.013318
1.48657e-09	-0.0136805
1.4867e-09	-0.0140432
1.48682e-09	-0.0144061
1.48694e-09	-0.0147692
1.48706e-09	-0.0151325
1.48718e-09	-0.015496
1.48731e-09	-0.0158597
1.48743e-09	-0.0162236
1.48755e-09	-0.0165878
1.48767e-09	-0.0169521
1.4878e-09	-0.0173166
1.48792e-09	-0.0176814
1.48804e-09	-0.0180463
1.48816e-09	-0.0184114
1.48828e-09	-0.0187767
1.48841e-09	-0.0191423
1.48853e-09	-0.019508
1.48865e-09	-0.0198739
1.48877e-09	-0.02024
1.4889e-09	-0.0206062
1.48902e-09	-0.0209727
1.48914e-09	-0.0213394
1.48926e-09	-0.0217062
1.48938e-09	-0.0220733
1.48951e-09	-0.0224405
1.48963e-09	-0.0228079
1.48975e-09	-0.0231755
1.48987e-09	-0.0235432
1.49e-09	-0.0239112
1.49012e-09	-0.0242793
1.49024e-09	-0.0246476
1.49036e-09	-0.025016
1.49048e-09	-0.0253847
1.49061e-09	-0.0257535
1.49073e-09	-0.0261225
1.49085e-09	-0.0264916
1.49097e-09	-0.0268609
1.4911e-09	-0.0272304
1.49122e-09	-0.0276001
1.49134e-09	-0.0279699
1.49146e-09	-0.0283399
1.49158e-09	-0.02871
1.49171e-09	-0.0290803
1.49183e-09	-0.0294508
1.49195e-09	-0.0298214
1.49207e-09	-0.0301922
1.4922e-09	-0.0305631
1.49232e-09	-0.0309342
1.49244e-09	-0.0313055
1.49256e-09	-0.0316768
1.49268e-09	-0.0320484
1.49281e-09	-0.0324201
1.49293e-09	-0.0327919
1.49305e-09	-0.0331639
1.49317e-09	-0.033536
1.4933e-09	-0.0339083
1.49342e-09	-0.0342807
1.49354e-09	-0.0346533
1.49366e-09	-0.035026
1.49378e-09	-0.0353988
1.49391e-09	-0.0357718
1.49403e-09	-0.0361449
1.49415e-09	-0.0365182
1.49427e-09	-0.0368916
1.4944e-09	-0.0372651
1.49452e-09	-0.0376387
1.49464e-09	-0.0380125
1.49476e-09	-0.0383864
1.49488e-09	-0.0387604
1.49501e-09	-0.0391346
1.49513e-09	-0.0395089
1.49525e-09	-0.0398833
1.49537e-09	-0.0402578
1.4955e-09	-0.0406324
1.49562e-09	-0.0410072
1.49574e-09	-0.0413821
1.49586e-09	-0.0417571
1.49598e-09	-0.0421322
1.49611e-09	-0.0425074
1.49623e-09	-0.0428827
1.49635e-09	-0.0432582
1.49647e-09	-0.0436337
1.4966e-09	-0.0440094
1.49672e-09	-0.0443852
1.49684e-09	-0.044761
1.49696e-09	-0.045137
1.49709e-09	-0.0455131
1.49721e-09	-0.0458893
1.49733e-09	-0.0462656
1.49745e-09	-0.0466419
1.49757e-09	-0.0470184
1.4977e-09	-0.047395
1.49782e-09	-0.0477717
1.49794e-09	-0.0481484
1.49806e-09	-0.0485253
1.49819e-09	-0.0489022
1.49831e-09	-0.0492793
1.49843e-09	-0.0496564
1.49855e-09	-0.0500336
1.49867e-09	-0.0504109
1.4988e-09	-0.0507883
1.49892e-09	-0.0511657
1.49904e-09	-0.0515433
1.49916e-09	-0.0519209
1.49929e-09	-0.0522986
1.49941e-09	-0.0526764
1.49953e-09	-0.0530542
1.49965e-09	-0.0534322
1.49977e-09	-0.0538101
1.4999e-09	-0.0541882
1.50002e-09	-0.0545664
1.50014e-09	-0.0549446
1.50026e-09	-0.0553228
1.50039e-09	-0.0557012
1.50051e-09	-0.0560796
1.50063e-09	-0.0564581
1.50075e-09	-0.0568366
1.50087e-09	-0.0572152
1.501e-09	-0.0575938
1.50112e-09	-0.0579725
1.50124e-09	-0.0583513
1.50136e-09	-0.0587301
1.50149e-09	-0.059109
1.50161e-09	-0.0594879
1.50173e-09	-0.0598669
1.50185e-09	-0.0602459
1.50197e-09	-0.060625
1.5021e-09	-0.0610041
1.50222e-09	-0.0613833
1.50234e-09	-0.0617625
1.50246e-09	-0.0621417
1.50259e-09	-0.062521
1.50271e-09	-0.0629003
1.50283e-09	-0.0632797
1.50295e-09	-0.0636591
1.50307e-09	-0.0640385
1.5032e-09	-0.064418
1.50332e-09	-0.0647975
1.50344e-09	-0.065177
1.50356e-09	-0.0655566
1.50369e-09	-0.0659362
1.50381e-09	-0.0663158
1.50393e-09	-0.0666955
1.50405e-09	-0.0670751
1.50417e-09	-0.0674548
1.5043e-09	-0.0678345
1.50442e-09	-0.0682143
1.50454e-09	-0.068594
1.50466e-09	-0.0689738
1.50479e-09	-0.0693535
1.50491e-09	-0.0697333
1.50503e-09	-0.0701131
1.50515e-09	-0.070493
1.50527e-09	-0.0708728
1.5054e-09	-0.0712526
1.50552e-09	-0.0716325
1.50564e-09	-0.0720123
1.50576e-09	-0.0723922
1.50589e-09	-0.072772
1.50601e-09	-0.0731519
1.50613e-09	-0.0735317
1.50625e-09	-0.0739116
1.50637e-09	-0.0742914
1.5065e-09	-0.0746713
1.50662e-09	-0.0750511
1.50674e-09	-0.0754309
1.50686e-09	-0.0758107
1.50699e-09	-0.0761905
1.50711e-09	-0.0765703
1.50723e-09	-0.0769501
1.50735e-09	-0.0773299
1.50748e-09	-0.0777097
1.5076e-09	-0.0780894
1.50772e-09	-0.0784691
1.50784e-09	-0.0788488
1.50796e-09	-0.0792285
1.50809e-09	-0.0796081
1.50821e-09	-0.0799877
1.50833e-09	-0.0803673
1.50845e-09	-0.0807469
1.50858e-09	-0.0811264
1.5087e-09	-0.0815059
1.50882e-09	-0.0818854
1.50894e-09	-0.0822649
1.50906e-09	-0.0826443
1.50919e-09	-0.0830236
1.50931e-09	-0.083403
1.50943e-09	-0.0837823
1.50955e-09	-0.0841615
1.50968e-09	-0.0845407
1.5098e-09	-0.0849199
1.50992e-09	-0.085299
1.51004e-09	-0.0856781
1.51016e-09	-0.0860571
1.51029e-09	-0.0864361
1.51041e-09	-0.086815
1.51053e-09	-0.0871939
1.51065e-09	-0.0875727
1.51078e-09	-0.0879514
1.5109e-09	-0.0883301
1.51102e-09	-0.0887088
1.51114e-09	-0.0890874
1.51126e-09	-0.0894659
1.51139e-09	-0.0898444
1.51151e-09	-0.0902227
1.51163e-09	-0.0906011
1.51175e-09	-0.0909793
1.51188e-09	-0.0913575
1.512e-09	-0.0917356
1.51212e-09	-0.0921137
1.51224e-09	-0.0924917
1.51236e-09	-0.0928696
1.51249e-09	-0.0932474
1.51261e-09	-0.0936251
1.51273e-09	-0.0940028
1.51285e-09	-0.0943804
1.51298e-09	-0.0947579
1.5131e-09	-0.0951353
1.51322e-09	-0.0955127
1.51334e-09	-0.0958899
1.51346e-09	-0.0962671
1.51359e-09	-0.0966441
1.51371e-09	-0.0970211
1.51383e-09	-0.097398
1.51395e-09	-0.0977748
1.51408e-09	-0.0981515
1.5142e-09	-0.0985281
1.51432e-09	-0.0989046
1.51444e-09	-0.099281
1.51456e-09	-0.0996573
1.51469e-09	-0.100033
1.51481e-09	-0.10041
1.51493e-09	-0.100786
1.51505e-09	-0.101161
1.51518e-09	-0.101537
1.5153e-09	-0.101913
1.51542e-09	-0.102288
1.51554e-09	-0.102664
1.51566e-09	-0.103039
1.51579e-09	-0.103414
1.51591e-09	-0.103789
1.51603e-09	-0.104164
1.51615e-09	-0.104539
1.51628e-09	-0.104914
1.5164e-09	-0.105288
1.51652e-09	-0.105663
1.51664e-09	-0.106037
1.51677e-09	-0.106411
1.51689e-09	-0.106786
1.51701e-09	-0.10716
1.51713e-09	-0.107533
1.51725e-09	-0.107907
1.51738e-09	-0.108281
1.5175e-09	-0.108654
1.51762e-09	-0.109027
1.51774e-09	-0.1094
1.51787e-09	-0.109773
1.51799e-09	-0.110146
1.51811e-09	-0.110519
1.51823e-09	-0.110891
1.51835e-09	-0.111264
1.51848e-09	-0.111636
1.5186e-09	-0.112008
1.51872e-09	-0.11238
1.51884e-09	-0.112752
1.51897e-09	-0.113124
1.51909e-09	-0.113495
1.51921e-09	-0.113866
1.51933e-09	-0.114237
1.51945e-09	-0.114608
1.51958e-09	-0.114979
1.5197e-09	-0.11535
1.51982e-09	-0.11572
1.51994e-09	-0.116091
1.52007e-09	-0.116461
1.52019e-09	-0.116831
1.52031e-09	-0.117201
1.52043e-09	-0.11757
1.52055e-09	-0.11794
1.52068e-09	-0.118309
1.5208e-09	-0.118678
1.52092e-09	-0.119047
1.52104e-09	-0.119416
1.52117e-09	-0.119785
1.52129e-09	-0.120153
1.52141e-09	-0.120521
1.52153e-09	-0.120889
1.52165e-09	-0.121257
1.52178e-09	-0.121625
1.5219e-09	-0.121992
1.52202e-09	-0.122359
1.52214e-09	-0.122726
1.52227e-09	-0.123093
1.52239e-09	-0.12346
1.52251e-09	-0.123826
1.52263e-09	-0.124193
1.52275e-09	-0.124559
1.52288e-09	-0.124924
1.523e-09	-0.12529
1.52312e-09	-0.125655
1.52324e-09	-0.126021
1.52337e-09	-0.126386
1.52349e-09	-0.126751
1.52361e-09	-0.127115
1.52373e-09	-0.127479
1.52385e-09	-0.127844
1.52398e-09	-0.128208
1.5241e-09	-0.128571
1.52422e-09	-0.128935
1.52434e-09	-0.129298
1.52447e-09	-0.129661
1.52459e-09	-0.130024
1.52471e-09	-0.130387
1.52483e-09	-0.130749
1.52495e-09	-0.131111
1.52508e-09	-0.131473
1.5252e-09	-0.131835
1.52532e-09	-0.132196
1.52544e-09	-0.132557
1.52557e-09	-0.132918
1.52569e-09	-0.133279
1.52581e-09	-0.133639
1.52593e-09	-0.134
1.52605e-09	-0.13436
1.52618e-09	-0.134719
1.5263e-09	-0.135079
1.52642e-09	-0.135438
1.52654e-09	-0.135797
1.52667e-09	-0.136156
1.52679e-09	-0.136514
1.52691e-09	-0.136873
1.52703e-09	-0.137231
1.52716e-09	-0.137588
1.52728e-09	-0.137946
1.5274e-09	-0.138303
1.52752e-09	-0.13866
1.52764e-09	-0.139017
1.52777e-09	-0.139373
1.52789e-09	-0.139729
1.52801e-09	-0.140085
1.52813e-09	-0.140441
1.52826e-09	-0.140796
1.52838e-09	-0.141151
1.5285e-09	-0.141506
1.52862e-09	-0.14186
1.52874e-09	-0.142215
1.52887e-09	-0.142568
1.52899e-09	-0.142922
1.52911e-09	-0.143276
1.52923e-09	-0.143629
1.52936e-09	-0.143981
1.52948e-09	-0.144334
1.5296e-09	-0.144686
1.52972e-09	-0.145038
1.52984e-09	-0.14539
1.52997e-09	-0.145741
1.53009e-09	-0.146092
1.53021e-09	-0.146443
1.53033e-09	-0.146794
1.53046e-09	-0.147144
1.53058e-09	-0.147494
1.5307e-09	-0.147843
1.53082e-09	-0.148192
1.53094e-09	-0.148541
1.53107e-09	-0.14889
1.53119e-09	-0.149238
1.53131e-09	-0.149586
1.53143e-09	-0.149934
1.53156e-09	-0.150282
1.53168e-09	-0.150629
1.5318e-09	-0.150976
1.53192e-09	-0.151322
1.53204e-09	-0.151668
1.53217e-09	-0.152014
1.53229e-09	-0.15236
1.53241e-09	-0.152705
1.53253e-09	-0.15305
1.53266e-09	-0.153394
1.53278e-09	-0.153738
1.5329e-09	-0.154082
1.53302e-09	-0.154426
1.53314e-09	-0.154769
1.53327e-09	-0.155112
1.53339e-09	-0.155454
1.53351e-09	-0.155797
1.53363e-09	-0.156138
1.53376e-09	-0.15648
1.53388e-09	-0.156821
1.534e-09	-0.157162
1.53412e-09	-0.157502
1.53424e-09	-0.157843
1.53437e-09	-0.158182
1.53449e-09	-0.158522
1.53461e-09	-0.158861
1.53473e-09	-0.1592
1.53486e-09	-0.159538
1.53498e-09	-0.159876
1.5351e-09	-0.160214
1.53522e-09	-0.160551
1.53534e-09	-0.160888
1.53547e-09	-0.161225
1.53559e-09	-0.161561
1.53571e-09	-0.161897
1.53583e-09	-0.162232
1.53596e-09	-0.162567
1.53608e-09	-0.162902
1.5362e-09	-0.163237
1.53632e-09	-0.163571
1.53645e-09	-0.163904
1.53657e-09	-0.164237
1.53669e-09	-0.16457
1.53681e-09	-0.164903
1.53693e-09	-0.165235
1.53706e-09	-0.165567
1.53718e-09	-0.165898
1.5373e-09	-0.166229
1.53742e-09	-0.16656
1.53755e-09	-0.16689
1.53767e-09	-0.16722
1.53779e-09	-0.167549
1.53791e-09	-0.167878
1.53803e-09	-0.168207
1.53816e-09	-0.168535
1.53828e-09	-0.168863
1.5384e-09	-0.16919
1.53852e-09	-0.169518
1.53865e-09	-0.169844
1.53877e-09	-0.17017
1.53889e-09	-0.170496
1.53901e-09	-0.170822
1.53913e-09	-0.171147
1.53926e-09	-0.171471
1.53938e-09	-0.171796
1.5395e-09	-0.172119
1.53962e-09	-0.172443
1.53975e-09	-0.172766
1.53987e-09	-0.173088
1.53999e-09	-0.17341
1.54011e-09	-0.173732
1.54023e-09	-0.174054
1.54036e-09	-0.174374
1.54048e-09	-0.174695
1.5406e-09	-0.175015
1.54072e-09	-0.175335
1.54085e-09	-0.175654
1.54097e-09	-0.175972
1.54109e-09	-0.176291
1.54121e-09	-0.176609
1.54133e-09	-0.176926
1.54146e-09	-0.177243
1.54158e-09	-0.17756
1.5417e-09	-0.177876
1.54182e-09	-0.178192
1.54195e-09	-0.178507
1.54207e-09	-0.178822
1.54219e-09	-0.179136
1.54231e-09	-0.17945
1.54243e-09	-0.179763
1.54256e-09	-0.180076
1.54268e-09	-0.180389
1.5428e-09	-0.180701
1.54292e-09	-0.181013
1.54305e-09	-0.181324
1.54317e-09	-0.181635
1.54329e-09	-0.181945
1.54341e-09	-0.182255
1.54353e-09	-0.182564
1.54366e-09	-0.182873
1.54378e-09	-0.183182
1.5439e-09	-0.18349
1.54402e-09	-0.183797
1.54415e-09	-0.184104
1.54427e-09	-0.184411
1.54439e-09	-0.184717
1.54451e-09	-0.185023
1.54463e-09	-0.185328
1.54476e-09	-0.185632
1.54488e-09	-0.185937
1.545e-09	-0.18624
1.54512e-09	-0.186544
1.54525e-09	-0.186846
1.54537e-09	-0.187149
1.54549e-09	-0.18745
1.54561e-09	-0.187752
1.54573e-09	-0.188053
1.54586e-09	-0.188353
1.54598e-09	-0.188653
1.5461e-09	-0.188952
1.54622e-09	-0.189251
1.54635e-09	-0.189549
1.54647e-09	-0.189847
1.54659e-09	-0.190145
1.54671e-09	-0.190441
1.54684e-09	-0.190738
1.54696e-09	-0.191034
1.54708e-09	-0.191329
1.5472e-09	-0.191624
1.54732e-09	-0.191918
1.54745e-09	-0.192212
1.54757e-09	-0.192506
1.54769e-09	-0.192798
1.54781e-09	-0.193091
1.54794e-09	-0.193382
1.54806e-09	-0.193674
1.54818e-09	-0.193965
1.5483e-09	-0.194255
1.54842e-09	-0.194544
1.54855e-09	-0.194834
1.54867e-09	-0.195122
1.54879e-09	-0.195411
1.54891e-09	-0.195698
1.54904e-09	-0.195985
1.54916e-09	-0.196272
1.54928e-09	-0.196558
1.5494e-09	-0.196843
1.54952e-09	-0.197128
1.54965e-09	-0.197413
1.54977e-09	-0.197697
1.54989e-09	-0.19798
1.55001e-09	-0.198263
1.55014e-09	-0.198545
1.55026e-09	-0.198827
1.55038e-09	-0.199108
1.5505e-09	-0.199389
1.55062e-09	-0.199669
1.55075e-09	-0.199949
1.55087e-09	-0.200228
1.55099e-09	-0.200506
1.55111e-09	-0.200784
1.55124e-09	-0.201062
1.55136e-09	-0.201338
1.55148e-09	-0.201615
1.5516e-09	-0.20189
1.55172e-09	-0.202166
1.55185e-09	-0.20244
1.55197e-09	-0.202714
1.55209e-09	-0.202988
1.55221e-09	-0.203261
1.55234e-09	-0.203533
1.55246e-09	-0.203805
1.55258e-09	-0.204076
1.5527e-09	-0.204347
1.55282e-09	-0.204617
1.55295e-09	-0.204886
1.55307e-09	-0.205155
1.55319e-09	-0.205424
1.55331e-09	-0.205691
1.55344e-09	-0.205958
1.55356e-09	-0.206225
1.55368e-09	-0.206491
1.5538e-09	-0.206757
1.55392e-09	-0.207021
1.55405e-09	-0.207286
1.55417e-09	-0.207549
1.55429e-09	-0.207813
1.55441e-09	-0.208075
1.55454e-09	-0.208337
1.55466e-09	-0.208598
1.55478e-09	-0.208859
1.5549e-09	-0.209119
1.55502e-09	-0.209379
1.55515e-09	-0.209638
1.55527e-09	-0.209896
1.55539e-09	-0.210154
1.55551e-09	-0.210411
1.55564e-09	-0.210668
1.55576e-09	-0.210924
1.55588e-09	-0.211179
1.556e-09	-0.211434
1.55613e-09	-0.211688
1.55625e-09	-0.211941
1.55637e-09	-0.212194
1.55649e-09	-0.212447
1.55661e-09	-0.212698
1.55674e-09	-0.212949
1.55686e-09	-0.2132
1.55698e-09	-0.21345
1.5571e-09	-0.213699
1.55723e-09	-0.213947
1.55735e-09	-0.214195
1.55747e-09	-0.214443
1.55759e-09	-0.214689
1.55771e-09	-0.214935
1.55784e-09	-0.215181
1.55796e-09	-0.215426
1.55808e-09	-0.21567
1.5582e-09	-0.215914
1.55833e-09	-0.216157
1.55845e-09	-0.216399
1.55857e-09	-0.216641
1.55869e-09	-0.216882
1.55881e-09	-0.217122
1.55894e-09	-0.217362
1.55906e-09	-0.217601
1.55918e-09	-0.217839
1.5593e-09	-0.218077
1.55943e-09	-0.218314
1.55955e-09	-0.218551
1.55967e-09	-0.218787
1.55979e-09	-0.219022
1.55991e-09	-0.219257
1.56004e-09	-0.219491
1.56016e-09	-0.219724
1.56028e-09	-0.219957
1.5604e-09	-0.220189
1.56053e-09	-0.22042
1.56065e-09	-0.220651
1.56077e-09	-0.220881
1.56089e-09	-0.22111
1.56101e-09	-0.221339
1.56114e-09	-0.221567
1.56126e-09	-0.221794
1.56138e-09	-0.222021
1.5615e-09	-0.222247
1.56163e-09	-0.222472
1.56175e-09	-0.222697
1.56187e-09	-0.222921
1.56199e-09	-0.223144
1.56211e-09	-0.223367
1.56224e-09	-0.223589
1.56236e-09	-0.22381
1.56248e-09	-0.224031
1.5626e-09	-0.224251
1.56273e-09	-0.22447
1.56285e-09	-0.224689
1.56297e-09	-0.224907
1.56309e-09	-0.225124
1.56321e-09	-0.22534
1.56334e-09	-0.225556
1.56346e-09	-0.225771
1.56358e-09	-0.225986
1.5637e-09	-0.2262
1.56383e-09	-0.226413
1.56395e-09	-0.226625
1.56407e-09	-0.226837
1.56419e-09	-0.227048
1.56431e-09	-0.227258
1.56444e-09	-0.227468
1.56456e-09	-0.227677
1.56468e-09	-0.227885
1.5648e-09	-0.228093
1.56493e-09	-0.228299
1.56505e-09	-0.228506
1.56517e-09	-0.228711
1.56529e-09	-0.228916
1.56541e-09	-0.22912
1.56554e-09	-0.229323
1.56566e-09	-0.229526
1.56578e-09	-0.229727
1.5659e-09	-0.229929
1.56603e-09	-0.230129
1.56615e-09	-0.230329
1.56627e-09	-0.230528
1.56639e-09	-0.230726
1.56652e-09	-0.230924
1.56664e-09	-0.23112
1.56676e-09	-0.231317
1.56688e-09	-0.231512
1.567e-09	-0.231707
1.56713e-09	-0.231901
1.56725e-09	-0.232094
1.56737e-09	-0.232286
1.56749e-09	-0.232478
1.56762e-09	-0.232669
1.56774e-09	-0.23286
1.56786e-09	-0.233049
1.56798e-09	-0.233238
1.5681e-09	-0.233426
1.56823e-09	-0.233614
1.56835e-09	-0.2338
1.56847e-09	-0.233986
1.56859e-09	-0.234171
1.56872e-09	-0.234356
1.56884e-09	-0.234539
1.56896e-09	-0.234722
1.56908e-09	-0.234904
1.5692e-09	-0.235086
1.56933e-09	-0.235267
1.56945e-09	-0.235447
1.56957e-09	-0.235626
1.56969e-09	-0.235804
1.56982e-09	-0.235982
1.56994e-09	-0.236159
1.57006e-09	-0.236335
1.57018e-09	-0.236511
1.5703e-09	-0.236685
1.57043e-09	-0.236859
1.57055e-09	-0.237032
1.57067e-09	-0.237205
1.57079e-09	-0.237376
1.57092e-09	-0.237547
1.57104e-09	-0.237718
1.57116e-09	-0.237887
1.57128e-09	-0.238055
1.5714e-09	-0.238223
1.57153e-09	-0.23839
1.57165e-09	-0.238557
1.57177e-09	-0.238722
1.57189e-09	-0.238887
1.57202e-09	-0.239051
1.57214e-09	-0.239214
1.57226e-09	-0.239377
1.57238e-09	-0.239538
1.5725e-09	-0.239699
1.57263e-09	-0.239859
1.57275e-09	-0.240019
1.57287e-09	-0.240177
1.57299e-09	-0.240335
1.57312e-09	-0.240492
1.57324e-09	-0.240648
1.57336e-09	-0.240804
1.57348e-09	-0.240958
1.5736e-09	-0.241112
1.57373e-09	-0.241265
1.57385e-09	-0.241417
1.57397e-09	-0.241569
1.57409e-09	-0.24172
1.57422e-09	-0.241869
1.57434e-09	-0.242019
1.57446e-09	-0.242167
1.57458e-09	-0.242314
1.5747e-09	-0.242461
1.57483e-09	-0.242607
1.57495e-09	-0.242752
1.57507e-09	-0.242896
1.57519e-09	-0.24304
1.57532e-09	-0.243183
1.57544e-09	-0.243325
1.57556e-09	-0.243466
1.57568e-09	-0.243606
1.57581e-09	-0.243746
1.57593e-09	-0.243884
1.57605e-09	-0.244022
1.57617e-09	-0.244159
1.57629e-09	-0.244296
1.57642e-09	-0.244431
1.57654e-09	-0.244566
1.57666e-09	-0.2447
1.57678e-09	-0.244833
1.57691e-09	-0.244965
1.57703e-09	-0.245096
1.57715e-09	-0.245227
1.57727e-09	-0.245356
1.57739e-09	-0.245485
1.57752e-09	-0.245614
1.57764e-09	-0.245741
1.57776e-09	-0.245867
1.57788e-09	-0.245993
1.57801e-09	-0.246118
1.57813e-09	-0.246242
1.57825e-09	-0.246365
1.57837e-09	-0.246487
1.57849e-09	-0.246609
1.57862e-09	-0.246729
1.57874e-09	-0.246849
1.57886e-09	-0.246968
1.57898e-09	-0.247086
1.57911e-09	-0.247204
1.57923e-09	-0.24732
1.57935e-09	-0.247436
1.57947e-09	-0.247551
1.57959e-09	-0.247665
1.57972e-09	-0.247778
1.57984e-09	-0.24789
1.57996e-09	-0.248002
1.58008e-09	-0.248113
1.58021e-09	-0.248222
1.58033e-09	-0.248331
1.58045e-09	-0.248439
1.58057e-09	-0.248547
1.58069e-09	-0.248653
1.58082e-09	-0.248759
1.58094e-09	-0.248863
1.58106e-09	-0.248967
1.58118e-09	-0.24907
1.58131e-09	-0.249173
1.58143e-09	-0.249274
1.58155e-09	-0.249374
1.58167e-09	-0.249474
1.58179e-09	-0.249573
1.58192e-09	-0.249671
1.58204e-09	-0.249768
1.58216e-09	-0.249864
1.58228e-09	-0.249959
1.58241e-09	-0.250054
1.58253e-09	-0.250147
1.58265e-09	-0.25024
1.58277e-09	-0.250332
1.58289e-09	-0.250423
1.58302e-09	-0.250513
1.58314e-09	-0.250603
1.58326e-09	-0.250691
1.58338e-09	-0.250779
1.58351e-09	-0.250865
1.58363e-09	-0.250951
1.58375e-09	-0.251036
1.58387e-09	-0.25112
1.58399e-09	-0.251203
1.58412e-09	-0.251286
1.58424e-09	-0.251367
1.58436e-09	-0.251448
1.58448e-09	-0.251528
1.58461e-09	-0.251606
1.58473e-09	-0.251684
1.58485e-09	-0.251761
1.58497e-09	-0.251838
1.58509e-09	-0.251913
1.58522e-09	-0.251988
1.58534e-09	-0.252061
1.58546e-09	-0.252134
1.58558e-09	-0.252206
1.58571e-09	-0.252277
1.58583e-09	-0.252347
1.58595e-09	-0.252416
1.58607e-09	-0.252484
1.5862e-09	-0.252551
1.58632e-09	-0.252618
1.58644e-09	-0.252684
1.58656e-09	-0.252748
1.58668e-09	-0.252812
1.58681e-09	-0.252875
1.58693e-09	-0.252937
1.58705e-09	-0.252998
1.58717e-09	-0.253059
1.5873e-09	-0.253118
1.58742e-09	-0.253176
1.58754e-09	-0.253234
1.58766e-09	-0.253291
1.58778e-09	-0.253346
1.58791e-09	-0.253401
1.58803e-09	-0.253455
1.58815e-09	-0.253508
1.58827e-09	-0.253561
1.5884e-09	-0.253612
1.58852e-09	-0.253662
1.58864e-09	-0.253712
1.58876e-09	-0.25376
1.58888e-09	-0.253808
1.58901e-09	-0.253855
1.58913e-09	-0.253901
1.58925e-09	-0.253946
1.58937e-09	-0.25399
1.5895e-09	-0.254033
1.58962e-09	-0.254075
1.58974e-09	-0.254116
1.58986e-09	-0.254157
1.58998e-09	-0.254196
1.59011e-09	-0.254235
1.59023e-09	-0.254273
1.59035e-09	-0.254309
1.59047e-09	-0.254345
1.5906e-09	-0.25438
1.59072e-09	-0.254414
1.59084e-09	-0.254447
1.59096e-09	-0.25448
1.59108e-09	-0.254511
1.59121e-09	-0.254541
1.59133e-09	-0.254571
1.59145e-09	-0.254599
1.59157e-09	-0.254627
1.5917e-09	-0.254653
1.59182e-09	-0.254679
1.59194e-09	-0.254704
1.59206e-09	-0.254728
1.59218e-09	-0.254751
1.59231e-09	-0.254773
1.59243e-09	-0.254794
1.59255e-09	-0.254814
1.59267e-09	-0.254834
1.5928e-09	-0.254852
1.59292e-09	-0.254869
1.59304e-09	-0.254886
1.59316e-09	-0.254901
1.59328e-09	-0.254916
1.59341e-09	-0.25493
1.59353e-09	-0.254942
1.59365e-09	-0.254954
1.59377e-09	-0.254965
1.5939e-09	-0.254975
1.59402e-09	-0.254984
1.59414e-09	-0.254992
1.59426e-09	-0.254999
1.59438e-09	-0.255006
1.59451e-09	-0.255011
1.59463e-09	-0.255015
1.59475e-09	-0.255019
1.59487e-09	-0.255021
1.595e-09	-0.255023
1.59512e-09	-0.255023
1.59524e-09	-0.255023
1.59536e-09	-0.255022
1.59549e-09	-0.25502
1.59561e-09	-0.255016
1.59573e-09	-0.255012
1.59585e-09	-0.255007
1.59597e-09	-0.255001
1.5961e-09	-0.254994
1.59622e-09	-0.254986
1.59634e-09	-0.254978
1.59646e-09	-0.254968
1.59659e-09	-0.254957
1.59671e-09	-0.254946
1.59683e-09	-0.254933
1.59695e-09	-0.254919
1.59707e-09	-0.254905
1.5972e-09	-0.254889
1.59732e-09	-0.254873
1.59744e-09	-0.254856
1.59756e-09	-0.254837
1.59769e-09	-0.254818
1.59781e-09	-0.254798
1.59793e-09	-0.254777
1.59805e-09	-0.254754
1.59817e-09	-0.254731
1.5983e-09	-0.254707
1.59842e-09	-0.254682
1.59854e-09	-0.254656
1.59866e-09	-0.25463
1.59879e-09	-0.254602
1.59891e-09	-0.254573
1.59903e-09	-0.254543
1.59915e-09	-0.254512
1.59927e-09	-0.254481
1.5994e-09	-0.254448
1.59952e-09	-0.254414
1.59964e-09	-0.25438
1.59976e-09	-0.254344
1.59989e-09	-0.254308
1.60001e-09	-0.25427
1.60013e-09	-0.254232
1.60025e-09	-0.254193
1.60037e-09	-0.254152
1.6005e-09	-0.254111
1.60062e-09	-0.254069
1.60074e-09	-0.254025
1.60086e-09	-0.253981
1.60099e-09	-0.253936
1.60111e-09	-0.25389
1.60123e-09	-0.253843
1.60135e-09	-0.253795
1.60147e-09	-0.253746
1.6016e-09	-0.253696
1.60172e-09	-0.253645
1.60184e-09	-0.253593
1.60196e-09	-0.25354
1.60209e-09	-0.253486
1.60221e-09	-0.253431
1.60233e-09	-0.253376
1.60245e-09	-0.253319
1.60257e-09	-0.253261
1.6027e-09	-0.253202
1.60282e-09	-0.253143
1.60294e-09	-0.253082
1.60306e-09	-0.25302
1.60319e-09	-0.252958
1.60331e-09	-0.252894
1.60343e-09	-0.252829
1.60355e-09	-0.252764
1.60367e-09	-0.252697
1.6038e-09	-0.25263
1.60392e-09	-0.252562
1.60404e-09	-0.252492
1.60416e-09	-0.252422
1.60429e-09	-0.25235
1.60441e-09	-0.252278
1.60453e-09	-0.252205
1.60465e-09	-0.25213
1.60477e-09	-0.252055
1.6049e-09	-0.251979
1.60502e-09	-0.251901
1.60514e-09	-0.251823
1.60526e-09	-0.251744
1.60539e-09	-0.251664
1.60551e-09	-0.251583
1.60563e-09	-0.251501
1.60575e-09	-0.251417
1.60588e-09	-0.251333
1.606e-09	-0.251248
1.60612e-09	-0.251162
1.60624e-09	-0.251075
1.60636e-09	-0.250987
1.60649e-09	-0.250898
1.60661e-09	-0.250808
1.60673e-09	-0.250717
1.60685e-09	-0.250625
1.60698e-09	-0.250532
1.6071e-09	-0.250438
1.60722e-09	-0.250343
1.60734e-09	-0.250247
1.60746e-09	-0.25015
1.60759e-09	-0.250053
1.60771e-09	-0.249954
1.60783e-09	-0.249854
1.60795e-09	-0.249753
1.60808e-09	-0.249651
1.6082e-09	-0.249548
1.60832e-09	-0.249445
1.60844e-09	-0.24934
1.60856e-09	-0.249234
1.60869e-09	-0.249127
1.60881e-09	-0.24902
1.60893e-09	-0.248911
1.60905e-09	-0.248801
1.60918e-09	-0.248691
1.6093e-09	-0.248579
1.60942e-09	-0.248466
1.60954e-09	-0.248353
1.60966e-09	-0.248238
1.60979e-09	-0.248122
1.60991e-09	-0.248006
1.61003e-09	-0.247888
1.61015e-09	-0.247769
1.61028e-09	-0.24765
1.6104e-09	-0.247529
1.61052e-09	-0.247408
1.61064e-09	-0.247285
1.61076e-09	-0.247162
1.61089e-09	-0.247037
1.61101e-09	-0.246911
1.61113e-09	-0.246785
1.61125e-09	-0.246657
1.61138e-09	-0.246529
1.6115e-09	-0.246399
1.61162e-09	-0.246269
1.61174e-09	-0.246137
1.61186e-09	-0.246005
1.61199e-09	-0.245872
1.61211e-09	-0.245737
1.61223e-09	-0.245602
1.61235e-09	-0.245465
1.61248e-09	-0.245328
1.6126e-09	-0.245189
1.61272e-09	-0.24505
1.61284e-09	-0.244909
1.61296e-09	-0.244768
1.61309e-09	-0.244626
1.61321e-09	-0.244482
1.61333e-09	-0.244338
1.61345e-09	-0.244192
1.61358e-09	-0.244046
1.6137e-09	-0.243899
1.61382e-09	-0.24375
1.61394e-09	-0.243601
1.61406e-09	-0.243451
1.61419e-09	-0.243299
1.61431e-09	-0.243147
1.61443e-09	-0.242994
1.61455e-09	-0.242839
1.61468e-09	-0.242684
1.6148e-09	-0.242528
1.61492e-09	-0.24237
1.61504e-09	-0.242212
1.61517e-09	-0.242053
1.61529e-09	-0.241893
1.61541e-09	-0.241731
1.61553e-09	-0.241569
1.61565e-09	-0.241406
1.61578e-09	-0.241241
1.6159e-09	-0.241076
1.61602e-09	-0.24091
1.61614e-09	-0.240743
1.61627e-09	-0.240574
1.61639e-09	-0.240405
1.61651e-09	-0.240235
1.61663e-09	-0.240064
1.61675e-09	-0.239892
1.61688e-09	-0.239718
1.617e-09	-0.239544
1.61712e-09	-0.239369
1.61724e-09	-0.239193
1.61737e-09	-0.239016
1.61749e-09	-0.238837
1.61761e-09	-0.238658
1.61773e-09	-0.238478
1.61785e-09	-0.238297
1.61798e-09	-0.238115
1.6181e-09	-0.237932
1.61822e-09	-0.237747
1.61834e-09	-0.237562
1.61847e-09	-0.237376
1.61859e-09	-0.237189
1.61871e-09	-0.237001
1.61883e-09	-0.236812
1.61895e-09	-0.236622
1.61908e-09	-0.236431
1.6192e-09	-0.236239
1.61932e-09	-0.236045
1.61944e-09	-0.235851
1.61957e-09	-0.235656
1.61969e-09	-0.23546
1.61981e-09	-0.235263
1.61993e-09	-0.235065
1.62005e-09	-0.234866
1.62018e-09	-0.234666
1.6203e-09	-0.234465
1.62042e-09	-0.234263
1.62054e-09	-0.23406
1.62067e-09	-0.233856
1.62079e-09	-0.233651
1.62091e-09	-0.233445
1.62103e-09	-0.233238
1.62115e-09	-0.23303
1.62128e-09	-0.232821
1.6214e-09	-0.232611
1.62152e-09	-0.2324
1.62164e-09	-0.232188
1.62177e-09	-0.231975
1.62189e-09	-0.231761
1.62201e-09	-0.231547
1.62213e-09	-0.231331
1.62225e-09	-0.231114
1.62238e-09	-0.230896
1.6225e-09	-0.230677
1.62262e-09	-0.230457
1.62274e-09	-0.230236
1.62287e-09	-0.230015
1.62299e-09	-0.229792
1.62311e-09	-0.229568
1.62323e-09	-0.229343
1.62335e-09	-0.229117
1.62348e-09	-0.228891
1.6236e-09	-0.228663
1.62372e-09	-0.228434
1.62384e-09	-0.228204
1.62397e-09	-0.227974
1.62409e-09	-0.227742
1.62421e-09	-0.227509
1.62433e-09	-0.227276
1.62445e-09	-0.227041
1.62458e-09	-0.226805
1.6247e-09	-0.226569
1.62482e-09	-0.226331
1.62494e-09	-0.226092
1.62507e-09	-0.225853
1.62519e-09	-0.225612
1.62531e-09	-0.225371
1.62543e-09	-0.225128
1.62556e-09	-0.224885
1.62568e-09	-0.22464
1.6258e-09	-0.224395
1.62592e-09	-0.224148
1.62604e-09	-0.223901
1.62617e-09	-0.223652
1.62629e-09	-0.223403
1.62641e-09	-0.223153
1.62653e-09	-0.222901
1.62666e-09	-0.222649
1.62678e-09	-0.222396
1.6269e-09	-0.222141
1.62702e-09	-0.221886
1.62714e-09	-0.22163
1.62727e-09	-0.221373
1.62739e-09	-0.221114
1.62751e-09	-0.220855
1.62763e-09	-0.220595
1.62776e-09	-0.220334
1.62788e-09	-0.220072
1.628e-09	-0.219808
1.62812e-09	-0.219544
1.62824e-09	-0.219279
1.62837e-09	-0.219013
1.62849e-09	-0.218746
1.62861e-09	-0.218478
1.62873e-09	-0.218209
1.62886e-09	-0.217939
1.62898e-09	-0.217669
1.6291e-09	-0.217397
1.62922e-09	-0.217124
1.62934e-09	-0.21685
1.62947e-09	-0.216575
1.62959e-09	-0.216299
1.62971e-09	-0.216023
1.62983e-09	-0.215745
1.62996e-09	-0.215466
1.63008e-09	-0.215187
1.6302e-09	-0.214906
1.63032e-09	-0.214624
1.63044e-09	-0.214342
1.63057e-09	-0.214058
1.63069e-09	-0.213774
1.63081e-09	-0.213488
1.63093e-09	-0.213202
1.63106e-09	-0.212915
1.63118e-09	-0.212626
1.6313e-09	-0.212337
1.63142e-09	-0.212047
1.63154e-09	-0.211755
1.63167e-09	-0.211463
1.63179e-09	-0.21117
1.63191e-09	-0.210876
1.63203e-09	-0.210581
1.63216e-09	-0.210285
1.63228e-09	-0.209988
1.6324e-09	-0.20969
1.63252e-09	-0.209391
1.63264e-09	-0.209091
1.63277e-09	-0.20879
1.63289e-09	-0.208488
1.63301e-09	-0.208186
1.63313e-09	-0.207882
1.63326e-09	-0.207577
1.63338e-09	-0.207271
1.6335e-09	-0.206965
1.63362e-09	-0.206657
1.63374e-09	-0.206349
1.63387e-09	-0.206039
1.63399e-09	-0.205729
1.63411e-09	-0.205418
1.63423e-09	-0.205105
1.63436e-09	-0.204792
1.63448e-09	-0.204478
1.6346e-09	-0.204163
1.63472e-09	-0.203846
1.63484e-09	-0.203529
1.63497e-09	-0.203211
1.63509e-09	-0.202892
1.63521e-09	-0.202572
1.63533e-09	-0.202252
1.63546e-09	-0.20193
1.63558e-09	-0.201607
1.6357e-09	-0.201283
1.63582e-09	-0.200959
1.63595e-09	-0.200633
1.63607e-09	-0.200307
1.63619e-09	-0.199979
1.63631e-09	-0.199651
1.63643e-09	-0.199321
1.63656e-09	-0.198991
1.63668e-09	-0.19866
1.6368e-09	-0.198328
1.63692e-09	-0.197995
1.63705e-09	-0.197661
1.63717e-09	-0.197326
1.63729e-09	-0.19699
1.63741e-09	-0.196653
1.63753e-09	-0.196315
1.63766e-09	-0.195976
1.63778e-09	-0.195637
1.6379e-09	-0.195296
1.63802e-09	-0.194954
1.63815e-09	-0.194612
1.63827e-09	-0.194269
1.63839e-09	-0.193924
1.63851e-09	-0.193579
1.63863e-09	-0.193233
1.63876e-09	-0.192886
1.63888e-09	-0.192538
1.639e-09	-0.192189
1.63912e-09	-0.191839
1.63925e-09	-0.191488
1.63937e-09	-0.191136
1.63949e-09	-0.190784
1.63961e-09	-0.19043
1.63973e-09	-0.190076
1.63986e-09	-0.18972
1.63998e-09	-0.189364
1.6401e-09	-0.189007
1.64022e-09	-0.188648
1.64035e-09	-0.188289
1.64047e-09	-0.187929
1.64059e-09	-0.187568
1.64071e-09	-0.187207
1.64083e-09	-0.186844
1.64096e-09	-0.18648
1.64108e-09	-0.186115
1.6412e-09	-0.18575
1.64132e-09	-0.185384
1.64145e-09	-0.185016
1.64157e-09	-0.184648
1.64169e-09	-0.184279
1.64181e-09	-0.183909
1.64193e-09	-0.183538
1.64206e-09	-0.183166
1.64218e-09	-0.182793
1.6423e-09	-0.182419
1.64242e-09	-0.182045
1.64255e-09	-0.181669
1.64267e-09	-0.181293
1.64279e-09	-0.180916
1.64291e-09	-0.180538
1.64303e-09	-0.180158
1.64316e-09	-0.179778
1.64328e-09	-0.179398
1.6434e-09	-0.179016
1.64352e-09	-0.178633
1.64365e-09	-0.178249
1.64377e-09	-0.177865
1.64389e-09	-0.17748
1.64401e-09	-0.177093
1.64413e-09	-0.176706
1.64426e-09	-0.176318
1.64438e-09	-0.175929
1.6445e-09	-0.175539
1.64462e-09	-0.175149
1.64475e-09	-0.174757
1.64487e-09	-0.174365
1.64499e-09	-0.173971
1.64511e-09	-0.173577
1.64524e-09	-0.173182
1.64536e-09	-0.172786
1.64548e-09	-0.172389
1.6456e-09	-0.171991
1.64572e-09	-0.171592
1.64585e-09	-0.171193
1.64597e-09	-0.170792
1.64609e-09	-0.170391
1.64621e-09	-0.169989
1.64634e-09	-0.169586
1.64646e-09	-0.169182
1.64658e-09	-0.168777
1.6467e-09	-0.168371
1.64682e-09	-0.167965
1.64695e-09	-0.167557
1.64707e-09	-0.167149
1.64719e-09	-0.16674
1.64731e-09	-0.16633
1.64744e-09	-0.165919
1.64756e-09	-0.165507
1.64768e-09	-0.165095
1.6478e-09	-0.164681
1.64792e-09	-0.164267
1.64805e-09	-0.163852
1.64817e-09	-0.163436
1.64829e-09	-0.163019
1.64841e-09	-0.162601
1.64854e-09	-0.162182
1.64866e-09	-0.161763
1.64878e-09	-0.161342
1.6489e-09	-0.160921
1.64902e-09	-0.160499
1.64915e-09	-0.160076
1.64927e-09	-0.159652
1.64939e-09	-0.159228
1.64951e-09	-0.158802
1.64964e-09	-0.158376
1.64976e-09	-0.157949
1.64988e-09	-0.157521
1.65e-09	-0.157092
1.65012e-09	-0.156662
1.65025e-09	-0.156232
1.65037e-09	-0.1558
1.65049e-09	-0.155368
1.65061e-09	-0.154935
1.65074e-09	-0.154501
1.65086e-09	-0.154066
1.65098e-09	-0.153631
1.6511e-09	-0.153195
1.65122e-09	-0.152757
1.65135e-09	-0.152319
1.65147e-09	-0.15188
1.65159e-09	-0.151441
1.65171e-09	-0.151
1.65184e-09	-0.150559
1.65196e-09	-0.150116
1.65208e-09	-0.149673
1.6522e-09	-0.14923
1.65232e-09	-0.148785
1.65245e-09	-0.148339
1.65257e-09	-0.147893
1.65269e-09	-0.147446
1.65281e-09	-0.146998
1.65294e-09	-0.146549
1.65306e-09	-0.1461
1.65318e-09	-0.145649
1.6533e-09	-0.145198
1.65342e-09	-0.144746
1.65355e-09	-0.144293
1.65367e-09	-0.143839
1.65379e-09	-0.143385
1.65391e-09	-0.14293
1.65404e-09	-0.142474
1.65416e-09	-0.142017
1.65428e-09	-0.141559
1.6544e-09	-0.141101
1.65452e-09	-0.140641
1.65465e-09	-0.140181
1.65477e-09	-0.13972
1.65489e-09	-0.139259
1.65501e-09	-0.138796
1.65514e-09	-0.138333
1.65526e-09	-0.137869
1.65538e-09	-0.137404
1.6555e-09	-0.136938
1.65563e-09	-0.136472
1.65575e-09	-0.136005
1.65587e-09	-0.135537
1.65599e-09	-0.135068
1.65611e-09	-0.134598
1.65624e-09	-0.134128
1.65636e-09	-0.133657
1.65648e-09	-0.133185
1.6566e-09	-0.132712
1.65673e-09	-0.132238
1.65685e-09	-0.131764
1.65697e-09	-0.131289
1.65709e-09	-0.130813
1.65721e-09	-0.130337
1.65734e-09	-0.129859
1.65746e-09	-0.129381
1.65758e-09	-0.128902
1.6577e-09	-0.128423
1.65783e-09	-0.127942
1.65795e-09	-0.127461
1.65807e-09	-0.126979
1.65819e-09	-0.126496
1.65831e-09	-0.126013
1.65844e-09	-0.125528
1.65856e-09	-0.125043
1.65868e-09	-0.124558
1.6588e-09	-0.124071
1.65893e-09	-0.123584
1.65905e-09	-0.123096
1.65917e-09	-0.122607
1.65929e-09	-0.122117
1.65941e-09	-0.121627
1.65954e-09	-0.121136
1.65966e-09	-0.120644
1.65978e-09	-0.120152
1.6599e-09	-0.119658
1.66003e-09	-0.119164
1.66015e-09	-0.11867
1.66027e-09	-0.118174
1.66039e-09	-0.117678
1.66051e-09	-0.117181
1.66064e-09	-0.116683
1.66076e-09	-0.116185
1.66088e-09	-0.115686
1.661e-09	-0.115186
1.66113e-09	-0.114685
1.66125e-09	-0.114184
1.66137e-09	-0.113682
1.66149e-09	-0.113179
1.66161e-09	-0.112675
1.66174e-09	-0.112171
1.66186e-09	-0.111666
1.66198e-09	-0.11116
1.6621e-09	-0.110654
1.66223e-09	-0.110147
1.66235e-09	-0.109639
1.66247e-09	-0.10913
1.66259e-09	-0.108621
1.66271e-09	-0.108111
1.66284e-09	-0.1076
1.66296e-09	-0.107089
1.66308e-09	-0.106577
1.6632e-09	-0.106064
1.66333e-09	-0.105551
1.66345e-09	-0.105036
1.66357e-09	-0.104521
1.66369e-09	-0.104006
1.66381e-09	-0.10349
1.66394e-09	-0.102973
1.66406e-09	-0.102455
1.66418e-09	-0.101936
1.6643e-09	-0.101417
1.66443e-09	-0.100898
1.66455e-09	-0.100377
1.66467e-09	-0.099856
1.66479e-09	-0.0993341
1.66492e-09	-0.0988116
1.66504e-09	-0.0982884
1.66516e-09	-0.0977645
1.66528e-09	-0.09724
1.6654e-09	-0.0967147
1.66553e-09	-0.0961888
1.66565e-09	-0.0956623
1.66577e-09	-0.095135
1.66589e-09	-0.0946071
1.66602e-09	-0.0940785
1.66614e-09	-0.0935492
1.66626e-09	-0.0930193
1.66638e-09	-0.0924887
1.6665e-09	-0.0919574
1.66663e-09	-0.0914255
1.66675e-09	-0.090893
1.66687e-09	-0.0903597
1.66699e-09	-0.0898258
1.66712e-09	-0.0892913
1.66724e-09	-0.0887561
1.66736e-09	-0.0882202
1.66748e-09	-0.0876837
1.6676e-09	-0.0871466
1.66773e-09	-0.0866088
1.66785e-09	-0.0860704
1.66797e-09	-0.0855313
1.66809e-09	-0.0849916
1.66822e-09	-0.0844512
1.66834e-09	-0.0839102
1.66846e-09	-0.0833685
1.66858e-09	-0.0828263
1.6687e-09	-0.0822834
1.66883e-09	-0.0817398
1.66895e-09	-0.0811956
1.66907e-09	-0.0806508
1.66919e-09	-0.0801054
1.66932e-09	-0.0795594
1.66944e-09	-0.0790127
1.66956e-09	-0.0784654
1.66968e-09	-0.0779175
1.6698e-09	-0.0773689
1.66993e-09	-0.0768198
1.67005e-09	-0.07627
1.67017e-09	-0.0757196
1.67029e-09	-0.0751686
1.67042e-09	-0.074617
1.67054e-09	-0.0740648
1.67066e-09	-0.073512
1.67078e-09	-0.0729586
1.6709e-09	-0.0724045
1.67103e-09	-0.0718499
1.67115e-09	-0.0712947
1.67127e-09	-0.0707389
1.67139e-09	-0.0701824
1.67152e-09	-0.0696254
1.67164e-09	-0.0690678
1.67176e-09	-0.0685096
1.67188e-09	-0.0679508
1.672e-09	-0.0673914
1.67213e-09	-0.0668315
1.67225e-09	-0.0662709
1.67237e-09	-0.0657098
1.67249e-09	-0.0651481
1.67262e-09	-0.0645858
1.67274e-09	-0.0640229
1.67286e-09	-0.0634595
1.67298e-09	-0.0628954
1.6731e-09	-0.0623309
1.67323e-09	-0.0617657
1.67335e-09	-0.0612
1.67347e-09	-0.0606337
1.67359e-09	-0.0600668
1.67372e-09	-0.0594994
1.67384e-09	-0.0589314
1.67396e-09	-0.0583629
1.67408e-09	-0.0577938
1.6742e-09	-0.0572241
1.67433e-09	-0.0566539
1.67445e-09	-0.0560831
1.67457e-09	-0.0555118
1.67469e-09	-0.0549399
1.67482e-09	-0.0543675
1.67494e-09	-0.0537946
1.67506e-09	-0.0532211
1.67518e-09	-0.052647
1.67531e-09	-0.0520725
1.67543e-09	-0.0514974
1.67555e-09	-0.0509217
1.67567e-09	-0.0503455
1.67579e-09	-0.0497688
1.67592e-09	-0.0491915
1.67604e-09	-0.0486138
1.67616e-09	-0.0480355
1.67628e-09	-0.0474566
1.67641e-09	-0.0468773
1.67653e-09	-0.0462974
1.67665e-09	-0.045717
1.67677e-09	-0.0451361
1.67689e-09	-0.0445547
1.67702e-09	-0.0439728
1.67714e-09	-0.0433903
1.67726e-09	-0.0428073
1.67738e-09	-0.0422239
1.67751e-09	-0.0416399
1.67763e-09	-0.0410554
1.67775e-09	-0.0404704
1.67787e-09	-0.039885
1.67799e-09	-0.039299
1.67812e-09	-0.0387125
1.67824e-09	-0.0381255
1.67836e-09	-0.0375381
1.67848e-09	-0.0369501
1.67861e-09	-0.0363617
1.67873e-09	-0.0357728
1.67885e-09	-0.0351833
1.67897e-09	-0.0345934
1.67909e-09	-0.0340031
1.67922e-09	-0.0334122
1.67934e-09	-0.0328209
1.67946e-09	-0.0322291
1.67958e-09	-0.0316368
1.67971e-09	-0.031044
1.67983e-09	-0.0304508
1.67995e-09	-0.0298571
1.68007e-09	-0.0292629
1.68019e-09	-0.0286683
1.68032e-09	-0.0280732
1.68044e-09	-0.0274777
1.68056e-09	-0.0268817
1.68068e-09	-0.0262852
1.68081e-09	-0.0256883
1.68093e-09	-0.0250909
1.68105e-09	-0.0244931
1.68117e-09	-0.0238949
1.68129e-09	-0.0232962
1.68142e-09	-0.022697
1.68154e-09	-0.0220974
1.68166e-09	-0.0214974
1.68178e-09	-0.0208969
1.68191e-09	-0.020296
1.68203e-09	-0.0196946
1.68215e-09	-0.0190929
1.68227e-09	-0.0184907
1.68239e-09	-0.017888
1.68252e-09	-0.017285
1.68264e-09	-0.0166815
1.68276e-09	-0.0160776
1.68288e-09	-0.0154732
1.68301e-09	-0.0148685
1.68313e-09	-0.0142633
1.68325e-09	-0.0136578
1.68337e-09	-0.0130518
1.68349e-09	-0.0124454
1.68362e-09	-0.0118386
1.68374e-09	-0.0112313
1.68386e-09	-0.0106237
1.68398e-09	-0.0100157
1.68411e-09	-0.00940728
1.68423e-09	-0.00879847
1.68435e-09	-0.00818925
1.68447e-09	-0.00757965
1.6846e-09	-0.00696965
1.68472e-09	-0.00635926
1.68484e-09	-0.00574848
1.68496e-09	-0.00513732
1.68508e-09	-0.00452578
1.68521e-09	-0.00391385
1.68533e-09	-0.00330154
1.68545e-09	-0.00268886
1.68557e-09	-0.0020758
1.6857e-09	-0.00146237
1.68582e-09	-0.000848568
1.68594e-09	-0.000234396
1.68606e-09	0.000380143
1.68618e-09	0.000995046
1.68631e-09	0.00161031
1.68643e-09	0.00222594
1.68655e-09	0.00284193
1.68667e-09	0.00345827
1.6868e-09	0.00407496
1.68692e-09	0.00469201
1.68704e-09	0.00530941
1.68716e-09	0.00592716
1.68728e-09	0.00654525
1.68741e-09	0.00716369
1.68753e-09	0.00778247
1.68765e-09	0.00840158
1.68777e-09	0.00902104
1.6879e-09	0.00964083
1.68802e-09	0.010261
1.68814e-09	0.0108814
1.68826e-09	0.0115022
1.68838e-09	0.0121233
1.68851e-09	0.0127447
1.68863e-09	0.0133665
1.68875e-09	0.0139886
1.68887e-09	0.014611
1.689e-09	0.0152337
1.68912e-09	0.0158567
1.68924e-09	0.0164801
1.68936e-09	0.0171037
1.68948e-09	0.0177277
1.68961e-09	0.0183519
1.68973e-09	0.0189765
1.68985e-09	0.0196014
1.68997e-09	0.0202265
1.6901e-09	0.020852
1.69022e-09	0.0214777
1.69034e-09	0.0221038
1.69046e-09	0.0227301
1.69058e-09	0.0233568
1.69071e-09	0.0239837
1.69083e-09	0.0246109
1.69095e-09	0.0252383
1.69107e-09	0.0258661
1.6912e-09	0.0264941
1.69132e-09	0.0271224
1.69144e-09	0.027751
1.69156e-09	0.0283799
1.69168e-09	0.029009
1.69181e-09	0.0296384
1.69193e-09	0.030268
1.69205e-09	0.030898
1.69217e-09	0.0315281
1.6923e-09	0.0321586
1.69242e-09	0.0327892
1.69254e-09	0.0334202
1.69266e-09	0.0340514
1.69278e-09	0.0346828
1.69291e-09	0.0353145
1.69303e-09	0.0359464
1.69315e-09	0.0365786
1.69327e-09	0.037211
1.6934e-09	0.0378437
1.69352e-09	0.0384765
1.69364e-09	0.0391097
1.69376e-09	0.039743
1.69388e-09	0.0403766
1.69401e-09	0.0410104
1.69413e-09	0.0416444
1.69425e-09	0.0422786
1.69437e-09	0.0429131
1.6945e-09	0.0435478
1.69462e-09	0.0441827
1.69474e-09	0.0448178
1.69486e-09	0.0454531
1.69499e-09	0.0460887
1.69511e-09	0.0467244
1.69523e-09	0.0473603
1.69535e-09	0.0479965
1.69547e-09	0.0486328
1.6956e-09	0.0492693
1.69572e-09	0.0499061
1.69584e-09	0.050543
1.69596e-09	0.0511801
1.69609e-09	0.0518174
1.69621e-09	0.0524549
1.69633e-09	0.0530926
1.69645e-09	0.0537304
1.69657e-09	0.0543685
1.6967e-09	0.0550067
1.69682e-09	0.0556451
1.69694e-09	0.0562836
1.69706e-09	0.0569223
1.69719e-09	0.0575612
1.69731e-09	0.0582003
1.69743e-09	0.0588395
1.69755e-09	0.0594789
1.69767e-09	0.0601184
1.6978e-09	0.0607581
1.69792e-09	0.0613979
1.69804e-09	0.0620379
1.69816e-09	0.0626781
1.69829e-09	0.0633184
1.69841e-09	0.0639588
1.69853e-09	0.0645994
1.69865e-09	0.0652401
1.69877e-09	0.065881
1.6989e-09	0.066522
1.69902e-09	0.0671631
1.69914e-09	0.0678043
1.69926e-09	0.0684457
1.69939e-09	0.0690872
1.69951e-09	0.0697289
1.69963e-09	0.0703706
1.69975e-09	0.0710125
1.69987e-09	0.0716545
1.7e-09	0.0722966
1.70012e-09	0.0729388
1.70024e-09	0.0735811
1.70036e-09	0.0742235
1.70049e-09	0.0748661
1.70061e-09	0.0755087
1.70073e-09	0.0761514
1.70085e-09	0.0767943
1.70097e-09	0.0774372
1.7011e-09	0.0780802
1.70122e-09	0.0787233
1.70134e-09	0.0793665
1.70146e-09	0.0800098
1.70159e-09	0.0806532
1.70171e-09	0.0812966
1.70183e-09	0.0819402
1.70195e-09	0.0825838
1.70207e-09	0.0832275
1.7022e-09	0.0838712
1.70232e-09	0.084515
1.70244e-09	0.0851589
1.70256e-09	0.0858029
1.70269e-09	0.0864469
1.70281e-09	0.087091
1.70293e-09	0.0877351
1.70305e-09	0.0883793
1.70317e-09	0.0890235
1.7033e-09	0.0896678
1.70342e-09	0.0903122
1.70354e-09	0.0909565
1.70366e-09	0.091601
1.70379e-09	0.0922454
1.70391e-09	0.0928899
1.70403e-09	0.0935345
1.70415e-09	0.0941791
1.70428e-09	0.0948237
1.7044e-09	0.0954683
1.70452e-09	0.096113
1.70464e-09	0.0967577
1.70476e-09	0.0974024
1.70489e-09	0.0980471
1.70501e-09	0.0986918
1.70513e-09	0.0993366
1.70525e-09	0.0999814
1.70538e-09	0.100626
1.7055e-09	0.101271
1.70562e-09	0.101916
1.70574e-09	0.102561
1.70586e-09	0.103205
1.70599e-09	0.10385
1.70611e-09	0.104495
1.70623e-09	0.10514
1.70635e-09	0.105784
1.70648e-09	0.106429
1.7066e-09	0.107074
1.70672e-09	0.107719
1.70684e-09	0.108363
1.70696e-09	0.109008
1.70709e-09	0.109653
1.70721e-09	0.110297
1.70733e-09	0.110942
1.70745e-09	0.111587
1.70758e-09	0.112231
1.7077e-09	0.112876
1.70782e-09	0.11352
1.70794e-09	0.114165
1.70806e-09	0.114809
1.70819e-09	0.115453
1.70831e-09	0.116098
1.70843e-09	0.116742
1.70855e-09	0.117386
1.70868e-09	0.11803
1.7088e-09	0.118674
1.70892e-09	0.119318
1.70904e-09	0.119962
1.70916e-09	0.120606
1.70929e-09	0.12125
1.70941e-09	0.121894
1.70953e-09	0.122537
1.70965e-09	0.123181
1.70978e-09	0.123824
1.7099e-09	0.124468
1.71002e-09	0.125111
1.71014e-09	0.125754
1.71026e-09	0.126398
1.71039e-09	0.127041
1.71051e-09	0.127684
1.71063e-09	0.128326
1.71075e-09	0.128969
1.71088e-09	0.129612
1.711e-09	0.130255
1.71112e-09	0.130897
1.71124e-09	0.131539
1.71136e-09	0.132182
1.71149e-09	0.132824
1.71161e-09	0.133466
1.71173e-09	0.134108
1.71185e-09	0.13475
1.71198e-09	0.135391
1.7121e-09	0.136033
1.71222e-09	0.136674
1.71234e-09	0.137316
1.71246e-09	0.137957
1.71259e-09	0.138598
1.71271e-09	0.139239
1.71283e-09	0.13988
1.71295e-09	0.14052
1.71308e-09	0.141161
1.7132e-09	0.141801
1.71332e-09	0.142441
1.71344e-09	0.143081
1.71356e-09	0.143721
1.71369e-09	0.144361
1.71381e-09	0.145
1.71393e-09	0.14564
1.71405e-09	0.146279
1.71418e-09	0.146918
1.7143e-09	0.147557
1.71442e-09	0.148196
1.71454e-09	0.148834
1.71467e-09	0.149473
1.71479e-09	0.150111
1.71491e-09	0.150749
1.71503e-09	0.151387
1.71515e-09	0.152024
1.71528e-09	0.152662
1.7154e-09	0.153299
1.71552e-09	0.153936
1.71564e-09	0.154573
1.71577e-09	0.15521
1.71589e-09	0.155846
1.71601e-09	0.156483
1.71613e-09	0.157119
1.71625e-09	0.157754
1.71638e-09	0.15839
1.7165e-09	0.159026
1.71662e-09	0.159661
1.71674e-09	0.160296
1.71687e-09	0.160931
1.71699e-09	0.161565
1.71711e-09	0.162199
1.71723e-09	0.162833
1.71735e-09	0.163467
1.71748e-09	0.164101
1.7176e-09	0.164734
1.71772e-09	0.165368
1.71784e-09	0.166
1.71797e-09	0.166633
1.71809e-09	0.167266
1.71821e-09	0.167898
1.71833e-09	0.16853
1.71845e-09	0.169161
1.71858e-09	0.169793
1.7187e-09	0.170424
1.71882e-09	0.171055
1.71894e-09	0.171685
1.71907e-09	0.172316
1.71919e-09	0.172946
1.71931e-09	0.173576
1.71943e-09	0.174205
1.71955e-09	0.174834
1.71968e-09	0.175463
1.7198e-09	0.176092
1.71992e-09	0.17672
1.72004e-09	0.177349
1.72017e-09	0.177976
1.72029e-09	0.178604
1.72041e-09	0.179231
1.72053e-09	0.179858
1.72065e-09	0.180485
1.72078e-09	0.181111
1.7209e-09	0.181737
1.72102e-09	0.182363
1.72114e-09	0.182988
1.72127e-09	0.183614
1.72139e-09	0.184238
1.72151e-09	0.184863
1.72163e-09	0.185487
1.72175e-09	0.186111
1.72188e-09	0.186734
1.722e-09	0.187358
1.72212e-09	0.187981
1.72224e-09	0.188603
1.72237e-09	0.189225
1.72249e-09	0.189847
1.72261e-09	0.190469
1.72273e-09	0.19109
1.72285e-09	0.191711
1.72298e-09	0.192331
1.7231e-09	0.192951
1.72322e-09	0.193571
1.72334e-09	0.194191
1.72347e-09	0.19481
1.72359e-09	0.195428
1.72371e-09	0.196047
1.72383e-09	0.196665
1.72396e-09	0.197282
1.72408e-09	0.1979
1.7242e-09	0.198517
1.72432e-09	0.199133
1.72444e-09	0.199749
1.72457e-09	0.200365
1.72469e-09	0.20098
1.72481e-09	0.201595
1.72493e-09	0.20221
1.72506e-09	0.202824
1.72518e-09	0.203438
1.7253e-09	0.204051
1.72542e-09	0.204664
1.72554e-09	0.205277
1.72567e-09	0.205889
1.72579e-09	0.206501
1.72591e-09	0.207112
1.72603e-09	0.207723
1.72616e-09	0.208334
1.72628e-09	0.208944
1.7264e-09	0.209554
1.72652e-09	0.210163
1.72664e-09	0.210772
1.72677e-09	0.211381
1.72689e-09	0.211989
1.72701e-09	0.212596
1.72713e-09	0.213204
1.72726e-09	0.21381
1.72738e-09	0.214417
1.7275e-09	0.215023
1.72762e-09	0.215628
1.72774e-09	0.216233
1.72787e-09	0.216838
1.72799e-09	0.217442
1.72811e-09	0.218045
1.72823e-09	0.218648
1.72836e-09	0.219251
1.72848e-09	0.219853
1.7286e-09	0.220455
1.72872e-09	0.221057
1.72884e-09	0.221657
1.72897e-09	0.222258
1.72909e-09	0.222858
1.72921e-09	0.223457
1.72933e-09	0.224056
1.72946e-09	0.224655
1.72958e-09	0.225253
1.7297e-09	0.22585
1.72982e-09	0.226447
1.72994e-09	0.227044
1.73007e-09	0.22764
1.73019e-09	0.228236
1.73031e-09	0.228831
1.73043e-09	0.229425
1.73056e-09	0.230019
1.73068e-09	0.230613
1.7308e-09	0.231206
1.73092e-09	0.231798
1.73104e-09	0.23239
1.73117e-09	0.232982
1.73129e-09	0.233573
1.73141e-09	0.234163
1.73153e-09	0.234753
1.73166e-09	0.235343
1.73178e-09	0.235932
1.7319e-09	0.23652
1.73202e-09	0.237108
1.73214e-09	0.237695
1.73227e-09	0.238282
1.73239e-09	0.238868
1.73251e-09	0.239454
1.73263e-09	0.240039
1.73276e-09	0.240624
1.73288e-09	0.241208
1.733e-09	0.241791
1.73312e-09	0.242374
1.73324e-09	0.242956
1.73337e-09	0.243538
1.73349e-09	0.244119
1.73361e-09	0.2447
1.73373e-09	0.24528
1.73386e-09	0.24586
1.73398e-09	0.246439
1.7341e-09	0.247017
1.73422e-09	0.247595
1.73435e-09	0.248172
1.73447e-09	0.248749
1.73459e-09	0.249325
1.73471e-09	0.2499
1.73483e-09	0.250475
1.73496e-09	0.25105
1.73508e-09	0.251623
1.7352e-09	0.252196
1.73532e-09	0.252769
1.73545e-09	0.253341
1.73557e-09	0.253912
1.73569e-09	0.254483
1.73581e-09	0.255053
1.73593e-09	0.255622
1.73606e-09	0.256191
1.73618e-09	0.256759
1.7363e-09	0.257327
1.73642e-09	0.257894
1.73655e-09	0.25846
1.73667e-09	0.259026
1.73679e-09	0.259591
1.73691e-09	0.260156
1.73703e-09	0.26072
1.73716e-09	0.261283
1.73728e-09	0.261845
1.7374e-09	0.262407
1.73752e-09	0.262969
1.73765e-09	0.263529
1.73777e-09	0.264089
1.73789e-09	0.264648
1.73801e-09	0.265207
1.73813e-09	0.265765
1.73826e-09	0.266323
1.73838e-09	0.266879
1.7385e-09	0.267435
1.73862e-09	0.267991
1.73875e-09	0.268545
1.73887e-09	0.269099
1.73899e-09	0.269653
1.73911e-09	0.270205
1.73923e-09	0.270757
1.73936e-09	0.271309
1.73948e-09	0.271859
1.7396e-09	0.272409
1.73972e-09	0.272959
1.73985e-09	0.273507
1.73997e-09	0.274055
1.74009e-09	0.274602
1.74021e-09	0.275149
1.74033e-09	0.275695
1.74046e-09	0.27624
1.74058e-09	0.276784
1.7407e-09	0.277328
1.74082e-09	0.277871
1.74095e-09	0.278413
1.74107e-09	0.278954
1.74119e-09	0.279495
1.74131e-09	0.280035
1.74143e-09	0.280575
1.74156e-09	0.281113
1.74168e-09	0.281651
1.7418e-09	0.282188
1.74192e-09	0.282725
1.74205e-09	0.283261
1.74217e-09	0.283796
1.74229e-09	0.28433
1.74241e-09	0.284863
1.74253e-09	0.285396
1.74266e-09	0.285928
1.74278e-09	0.286459
1.7429e-09	0.28699
1.74302e-09	0.28752
1.74315e-09	0.288049
1.74327e-09	0.288577
1.74339e-09	0.289104
1.74351e-09	0.289631
1.74364e-09	0.290157
1.74376e-09	0.290682
1.74388e-09	0.291207
1.744e-09	0.29173
1.74412e-09	0.292253
1.74425e-09	0.292775
1.74437e-09	0.293297
1.74449e-09	0.293817
1.74461e-09	0.294337
1.74474e-09	0.294856
1.74486e-09	0.295374
1.74498e-09	0.295891
1.7451e-09	0.296408
1.74522e-09	0.296924
1.74535e-09	0.297439
1.74547e-09	0.297953
1.74559e-09	0.298466
1.74571e-09	0.298979
1.74584e-09	0.299491
1.74596e-09	0.300002
1.74608e-09	0.300512
1.7462e-09	0.301021
1.74632e-09	0.30153
1.74645e-09	0.302037
1.74657e-09	0.302544
1.74669e-09	0.30305
1.74681e-09	0.303555
1.74694e-09	0.30406
1.74706e-09	0.304563
1.74718e-09	0.305066
1.7473e-09	0.305568
1.74742e-09	0.306069
1.74755e-09	0.306569
1.74767e-09	0.307069
1.74779e-09	0.307567
1.74791e-09	0.308065
1.74804e-09	0.308562
1.74816e-09	0.309058
1.74828e-09	0.309553
1.7484e-09	0.310047
1.74852e-09	0.31054
1.74865e-09	0.311033
1.74877e-09	0.311525
1.74889e-09	0.312015
1.74901e-09	0.312505
1.74914e-09	0.312994
1.74926e-09	0.313483
1.74938e-09	0.31397
1.7495e-09	0.314456
1.74962e-09	0.314942
1.74975e-09	0.315427
1.74987e-09	0.31591
1.74999e-09	0.316393
1.75011e-09	0.316875
1.75024e-09	0.317356
1.75036e-09	0.317837
1.75048e-09	0.318316
1.7506e-09	0.318794
1.75072e-09	0.319272
1.75085e-09	0.319748
1.75097e-09	0.320224
1.75109e-09	0.320699
1.75121e-09	0.321173
1.75134e-09	0.321646
1.75146e-09	0.322118
1.75158e-09	0.322589
1.7517e-09	0.323059
1.75182e-09	0.323529
1.75195e-09	0.323997
1.75207e-09	0.324464
1.75219e-09	0.324931
1.75231e-09	0.325397
1.75244e-09	0.325861
1.75256e-09	0.326325
1.75268e-09	0.326788
1.7528e-09	0.32725
1.75292e-09	0.327711
1.75305e-09	0.328171
1.75317e-09	0.32863
1.75329e-09	0.329088
1.75341e-09	0.329545
1.75354e-09	0.330001
1.75366e-09	0.330456
1.75378e-09	0.330911
1.7539e-09	0.331364
1.75403e-09	0.331816
1.75415e-09	0.332268
1.75427e-09	0.332718
1.75439e-09	0.333167
1.75451e-09	0.333616
1.75464e-09	0.334063
1.75476e-09	0.33451
1.75488e-09	0.334955
1.755e-09	0.3354
1.75513e-09	0.335844
1.75525e-09	0.336286
1.75537e-09	0.336728
1.75549e-09	0.337168
1.75561e-09	0.337608
1.75574e-09	0.338047
1.75586e-09	0.338484
1.75598e-09	0.338921
1.7561e-09	0.339357
1.75623e-09	0.339791
1.75635e-09	0.340225
1.75647e-09	0.340658
1.75659e-09	0.341089
1.75671e-09	0.34152
1.75684e-09	0.341949
1.75696e-09	0.342378
1.75708e-09	0.342806
1.7572e-09	0.343232
1.75733e-09	0.343658
1.75745e-09	0.344082
1.75757e-09	0.344506
1.75769e-09	0.344928
1.75781e-09	0.34535
1.75794e-09	0.34577
1.75806e-09	0.34619
1.75818e-09	0.346608
1.7583e-09	0.347025
1.75843e-09	0.347441
1.75855e-09	0.347857
1.75867e-09	0.348271
1.75879e-09	0.348684
1.75891e-09	0.349096
1.75904e-09	0.349507
1.75916e-09	0.349917
1.75928e-09	0.350326
1.7594e-09	0.350734
1.75953e-09	0.351141
1.75965e-09	0.351546
1.75977e-09	0.351951
1.75989e-09	0.352355
1.76001e-09	0.352757
1.76014e-09	0.353159
1.76026e-09	0.353559
1.76038e-09	0.353959
1.7605e-09	0.354357
1.76063e-09	0.354754
1.76075e-09	0.35515
1.76087e-09	0.355545
1.76099e-09	0.355939
1.76111e-09	0.356332
1.76124e-09	0.356724
1.76136e-09	0.357114
1.76148e-09	0.357504
1.7616e-09	0.357892
1.76173e-09	0.35828
1.76185e-09	0.358666
1.76197e-09	0.359051
1.76209e-09	0.359435
1.76221e-09	0.359818
1.76234e-09	0.3602
1.76246e-09	0.360581
1.76258e-09	0.360961
1.7627e-09	0.361339
1.76283e-09	0.361717
1.76295e-09	0.362093
1.76307e-09	0.362468
1.76319e-09	0.362842
1.76332e-09	0.363215
1.76344e-09	0.363587
1.76356e-09	0.363958
1.76368e-09	0.364327
1.7638e-09	0.364696
1.76393e-09	0.365063
1.76405e-09	0.365429
1.76417e-09	0.365794
1.76429e-09	0.366158
1.76442e-09	0.366521
1.76454e-09	0.366883
1.76466e-09	0.367243
1.76478e-09	0.367603
1.7649e-09	0.367961
1.76503e-09	0.368318
1.76515e-09	0.368674
1.76527e-09	0.369028
1.76539e-09	0.369382
1.76552e-09	0.369734
1.76564e-09	0.370086
1.76576e-09	0.370436
1.76588e-09	0.370785
1.766e-09	0.371133
1.76613e-09	0.371479
1.76625e-09	0.371825
1.76637e-09	0.372169
1.76649e-09	0.372512
1.76662e-09	0.372854
1.76674e-09	0.373195
1.76686e-09	0.373534
1.76698e-09	0.373873
1.7671e-09	0.37421
1.76723e-09	0.374546
1.76735e-09	0.374881
1.76747e-09	0.375214
1.76759e-09	0.375547
1.76772e-09	0.375878
1.76784e-09	0.376208
1.76796e-09	0.376537
1.76808e-09	0.376865
1.7682e-09	0.377191
1.76833e-09	0.377516
1.76845e-09	0.37784
1.76857e-09	0.378163
1.76869e-09	0.378485
1.76882e-09	0.378805
1.76894e-09	0.379125
1.76906e-09	0.379443
1.76918e-09	0.379759
1.7693e-09	0.380075
1.76943e-09	0.380389
1.76955e-09	0.380703
1.76967e-09	0.381014
1.76979e-09	0.381325
1.76992e-09	0.381635
1.77004e-09	0.381943
1.77016e-09	0.38225
1.77028e-09	0.382556
1.7704e-09	0.38286
1.77053e-09	0.383164
1.77065e-09	0.383466
1.77077e-09	0.383767
1.77089e-09	0.384066
1.77102e-09	0.384365
1.77114e-09	0.384662
1.77126e-09	0.384958
1.77138e-09	0.385252
1.7715e-09	0.385546
1.77163e-09	0.385838
1.77175e-09	0.386129
1.77187e-09	0.386418
1.77199e-09	0.386707
1.77212e-09	0.386994
1.77224e-09	0.38728
1.77236e-09	0.387564
1.77248e-09	0.387848
1.7726e-09	0.38813
1.77273e-09	0.38841
1.77285e-09	0.38869
1.77297e-09	0.388968
1.77309e-09	0.389245
1.77322e-09	0.389521
1.77334e-09	0.389795
1.77346e-09	0.390069
1.77358e-09	0.39034
1.77371e-09	0.390611
1.77383e-09	0.39088
1.77395e-09	0.391148
1.77407e-09	0.391415
1.77419e-09	0.391681
1.77432e-09	0.391945
1.77444e-09	0.392208
1.77456e-09	0.392469
1.77468e-09	0.39273
1.77481e-09	0.392989
1.77493e-09	0.393247
1.77505e-09	0.393503
1.77517e-09	0.393758
1.77529e-09	0.394012
1.77542e-09	0.394264
1.77554e-09	0.394516
1.77566e-09	0.394766
1.77578e-09	0.395014
1.77591e-09	0.395261
1.77603e-09	0.395507
1.77615e-09	0.395752
1.77627e-09	0.395995
1.77639e-09	0.396238
1.77652e-09	0.396478
1.77664e-09	0.396718
1.77676e-09	0.396956
1.77688e-09	0.397193
1.77701e-09	0.397428
1.77713e-09	0.397662
1.77725e-09	0.397895
1.77737e-09	0.398126
1.77749e-09	0.398356
1.77762e-09	0.398585
1.77774e-09	0.398813
1.77786e-09	0.399039
1.77798e-09	0.399264
1.77811e-09	0.399487
1.77823e-09	0.399709
1.77835e-09	0.39993
1.77847e-09	0.400149
1.77859e-09	0.400367
1.77872e-09	0.400584
1.77884e-09	0.4008
1.77896e-09	0.401014
1.77908e-09	0.401226
1.77921e-09	0.401438
1.77933e-09	0.401648
1.77945e-09	0.401856
1.77957e-09	0.402064
1.77969e-09	0.402269
1.77982e-09	0.402474
1.77994e-09	0.402677
1.78006e-09	0.402879
1.78018e-09	0.40308
1.78031e-09	0.403279
1.78043e-09	0.403476
1.78055e-09	0.403673
1.78067e-09	0.403868
1.78079e-09	0.404061
1.78092e-09	0.404254
1.78104e-09	0.404445
1.78116e-09	0.404634
1.78128e-09	0.404822
1.78141e-09	0.405009
1.78153e-09	0.405194
1.78165e-09	0.405378
1.78177e-09	0.405561
1.78189e-09	0.405742
1.78202e-09	0.405922
1.78214e-09	0.4061
1.78226e-09	0.406278
1.78238e-09	0.406453
1.78251e-09	0.406628
1.78263e-09	0.4068
1.78275e-09	0.406972
1.78287e-09	0.407142
1.78299e-09	0.407311
1.78312e-09	0.407478
1.78324e-09	0.407644
1.78336e-09	0.407808
1.78348e-09	0.407972
1.78361e-09	0.408133
1.78373e-09	0.408294
1.78385e-09	0.408453
1.78397e-09	0.40861
1.7841e-09	0.408766
1.78422e-09	0.408921
1.78434e-09	0.409074
1.78446e-09	0.409226
1.78458e-09	0.409376
1.78471e-09	0.409525
1.78483e-09	0.409673
1.78495e-09	0.409819
1.78507e-09	0.409964
1.7852e-09	0.410107
1.78532e-09	0.410249
1.78544e-09	0.41039
1.78556e-09	0.410529
1.78568e-09	0.410666
1.78581e-09	0.410803
1.78593e-09	0.410937
1.78605e-09	0.411071
1.78617e-09	0.411203
1.7863e-09	0.411333
1.78642e-09	0.411462
1.78654e-09	0.41159
1.78666e-09	0.411716
1.78678e-09	0.411841
1.78691e-09	0.411964
1.78703e-09	0.412086
1.78715e-09	0.412207
1.78727e-09	0.412326
1.7874e-09	0.412443
1.78752e-09	0.412559
1.78764e-09	0.412674
1.78776e-09	0.412787
1.78788e-09	0.412899
1.78801e-09	0.413009
1.78813e-09	0.413118
1.78825e-09	0.413226
1.78837e-09	0.413332
1.7885e-09	0.413436
1.78862e-09	0.413539
1.78874e-09	0.413641
1.78886e-09	0.413741
1.78898e-09	0.41384
1.78911e-09	0.413937
1.78923e-09	0.414033
1.78935e-09	0.414127
1.78947e-09	0.41422
1.7896e-09	0.414312
1.78972e-09	0.414401
1.78984e-09	0.41449
1.78996e-09	0.414577
1.79008e-09	0.414663
1.79021e-09	0.414747
1.79033e-09	0.414829
1.79045e-09	0.41491
1.79057e-09	0.41499
1.7907e-09	0.415068
1.79082e-09	0.415145
1.79094e-09	0.41522
1.79106e-09	0.415294
1.79118e-09	0.415366
1.79131e-09	0.415437
1.79143e-09	0.415506
1.79155e-09	0.415574
1.79167e-09	0.415641
1.7918e-09	0.415705
1.79192e-09	0.415769
1.79204e-09	0.415831
1.79216e-09	0.415891
1.79228e-09	0.41595
1.79241e-09	0.416008
1.79253e-09	0.416063
1.79265e-09	0.416118
1.79277e-09	0.416171
1.7929e-09	0.416222
1.79302e-09	0.416272
1.79314e-09	0.416321
1.79326e-09	0.416368
1.79339e-09	0.416414
1.79351e-09	0.416458
1.79363e-09	0.4165
1.79375e-09	0.416541
1.79387e-09	0.416581
1.794e-09	0.416619
1.79412e-09	0.416655
1.79424e-09	0.41669
1.79436e-09	0.416724
1.79449e-09	0.416756
1.79461e-09	0.416786
1.79473e-09	0.416815
1.79485e-09	0.416843
1.79497e-09	0.416869
1.7951e-09	0.416893
1.79522e-09	0.416916
1.79534e-09	0.416938
1.79546e-09	0.416958
1.79559e-09	0.416976
1.79571e-09	0.416993
1.79583e-09	0.417009
1.79595e-09	0.417022
1.79607e-09	0.417035
1.7962e-09	0.417046
1.79632e-09	0.417055
1.79644e-09	0.417063
1.79656e-09	0.417069
1.79669e-09	0.417074
1.79681e-09	0.417077
1.79693e-09	0.417079
1.79705e-09	0.417079
1.79717e-09	0.417078
1.7973e-09	0.417075
1.79742e-09	0.417071
1.79754e-09	0.417065
1.79766e-09	0.417058
1.79779e-09	0.417049
1.79791e-09	0.417038
1.79803e-09	0.417026
1.79815e-09	0.417013
1.79827e-09	0.416998
1.7984e-09	0.416981
1.79852e-09	0.416963
1.79864e-09	0.416944
1.79876e-09	0.416923
1.79889e-09	0.4169
1.79901e-09	0.416876
1.79913e-09	0.41685
1.79925e-09	0.416823
1.79937e-09	0.416794
1.7995e-09	0.416764
1.79962e-09	0.416732
1.79974e-09	0.416698
1.79986e-09	0.416663
1.79999e-09	0.416627
1.80011e-09	0.416589
1.80023e-09	0.416549
1.80035e-09	0.416508
1.80047e-09	0.416466
1.8006e-09	0.416421
1.80072e-09	0.416376
1.80084e-09	0.416328
1.80096e-09	0.416279
1.80109e-09	0.416229
1.80121e-09	0.416177
1.80133e-09	0.416124
1.80145e-09	0.416069
1.80157e-09	0.416012
1.8017e-09	0.415954
1.80182e-09	0.415894
1.80194e-09	0.415833
1.80206e-09	0.41577
1.80219e-09	0.415706
1.80231e-09	0.41564
1.80243e-09	0.415573
1.80255e-09	0.415504
1.80267e-09	0.415433
1.8028e-09	0.415361
1.80292e-09	0.415288
1.80304e-09	0.415213
1.80316e-09	0.415136
1.80329e-09	0.415058
1.80341e-09	0.414978
1.80353e-09	0.414896
1.80365e-09	0.414814
1.80378e-09	0.414729
1.8039e-09	0.414643
1.80402e-09	0.414555
1.80414e-09	0.414466
1.80426e-09	0.414375
1.80439e-09	0.414283
1.80451e-09	0.414189
1.80463e-09	0.414094
1.80475e-09	0.413997
1.80488e-09	0.413898
1.805e-09	0.413798
1.80512e-09	0.413697
1.80524e-09	0.413594
1.80536e-09	0.413489
1.80549e-09	0.413382
1.80561e-09	0.413275
1.80573e-09	0.413165
1.80585e-09	0.413054
1.80598e-09	0.412941
1.8061e-09	0.412827
1.80622e-09	0.412712
1.80634e-09	0.412594
1.80646e-09	0.412475
1.80659e-09	0.412355
1.80671e-09	0.412233
1.80683e-09	0.412109
1.80695e-09	0.411984
1.80708e-09	0.411858
1.8072e-09	0.411729
1.80732e-09	0.4116
1.80744e-09	0.411468
1.80756e-09	0.411335
1.80769e-09	0.411201
1.80781e-09	0.411065
1.80793e-09	0.410927
1.80805e-09	0.410788
1.80818e-09	0.410647
1.8083e-09	0.410504
1.80842e-09	0.410361
1.80854e-09	0.410215
1.80866e-09	0.410068
1.80879e-09	0.409919
1.80891e-09	0.409769
1.80903e-09	0.409617
1.80915e-09	0.409464
1.80928e-09	0.409309
1.8094e-09	0.409152
1.80952e-09	0.408994
1.80964e-09	0.408835
1.80976e-09	0.408673
1.80989e-09	0.40851
1.81001e-09	0.408346
1.81013e-09	0.40818
1.81025e-09	0.408013
1.81038e-09	0.407843
1.8105e-09	0.407673
1.81062e-09	0.4075
1.81074e-09	0.407327
1.81086e-09	0.407151
1.81099e-09	0.406974
1.81111e-09	0.406796
1.81123e-09	0.406615
1.81135e-09	0.406434
1.81148e-09	0.40625
1.8116e-09	0.406066
1.81172e-09	0.405879
1.81184e-09	0.405691
1.81196e-09	0.405501
1.81209e-09	0.40531
1.81221e-09	0.405117
1.81233e-09	0.404923
1.81245e-09	0.404727
1.81258e-09	0.40453
1.8127e-09	0.404331
1.81282e-09	0.40413
1.81294e-09	0.403928
1.81307e-09	0.403724
1.81319e-09	0.403519
1.81331e-09	0.403312
1.81343e-09	0.403103
1.81355e-09	0.402893
1.81368e-09	0.402681
1.8138e-09	0.402468
1.81392e-09	0.402253
1.81404e-09	0.402037
1.81417e-09	0.401819
1.81429e-09	0.401599
1.81441e-09	0.401378
1.81453e-09	0.401155
1.81465e-09	0.400931
1.81478e-09	0.400705
1.8149e-09	0.400478
1.81502e-09	0.400249
1.81514e-09	0.400018
1.81527e-09	0.399786
1.81539e-09	0.399552
1.81551e-09	0.399317
1.81563e-09	0.39908
1.81575e-09	0.398841
1.81588e-09	0.398601
1.816e-09	0.39836
1.81612e-09	0.398116
1.81624e-09	0.397872
1.81637e-09	0.397625
1.81649e-09	0.397377
1.81661e-09	0.397128
1.81673e-09	0.396877
1.81685e-09	0.396624
1.81698e-09	0.39637
1.8171e-09	0.396114
1.81722e-09	0.395857
1.81734e-09	0.395598
1.81747e-09	0.395337
1.81759e-09	0.395075
1.81771e-09	0.394811
1.81783e-09	0.394546
1.81795e-09	0.394279
1.81808e-09	0.394011
1.8182e-09	0.393741
1.81832e-09	0.393469
1.81844e-09	0.393196
1.81857e-09	0.392921
1.81869e-09	0.392645
1.81881e-09	0.392367
1.81893e-09	0.392088
1.81905e-09	0.391807
1.81918e-09	0.391524
1.8193e-09	0.39124
1.81942e-09	0.390954
1.81954e-09	0.390667
1.81967e-09	0.390378
1.81979e-09	0.390088
1.81991e-09	0.389796
1.82003e-09	0.389502
1.82015e-09	0.389207
1.82028e-09	0.38891
1.8204e-09	0.388612
1.82052e-09	0.388312
1.82064e-09	0.388011
1.82077e-09	0.387708
1.82089e-09	0.387403
1.82101e-09	0.387097
1.82113e-09	0.386789
1.82125e-09	0.38648
1.82138e-09	0.386169
1.8215e-09	0.385857
1.82162e-09	0.385543
1.82174e-09	0.385227
1.82187e-09	0.38491
1.82199e-09	0.384592
1.82211e-09	0.384271
1.82223e-09	0.38395
1.82235e-09	0.383626
1.82248e-09	0.383301
1.8226e-09	0.382975
1.82272e-09	0.382647
1.82284e-09	0.382317
1.82297e-09	0.381986
1.82309e-09	0.381653
1.82321e-09	0.381319
1.82333e-09	0.380983
1.82346e-09	0.380646
1.82358e-09	0.380307
1.8237e-09	0.379966
1.82382e-09	0.379624
1.82394e-09	0.379281
1.82407e-09	0.378936
1.82419e-09	0.378589
1.82431e-09	0.378241
1.82443e-09	0.377891
1.82456e-09	0.377539
1.82468e-09	0.377186
1.8248e-09	0.376832
1.82492e-09	0.376476
1.82504e-09	0.376118
1.82517e-09	0.375759
1.82529e-09	0.375398
1.82541e-09	0.375036
1.82553e-09	0.374672
1.82566e-09	0.374307
1.82578e-09	0.37394
1.8259e-09	0.373572
1.82602e-09	0.373202
1.82614e-09	0.37283
1.82627e-09	0.372457
1.82639e-09	0.372082
1.82651e-09	0.371706
1.82663e-09	0.371328
1.82676e-09	0.370949
1.82688e-09	0.370568
1.827e-09	0.370186
1.82712e-09	0.369802
1.82724e-09	0.369416
1.82737e-09	0.369029
1.82749e-09	0.368641
1.82761e-09	0.368251
1.82773e-09	0.367859
1.82786e-09	0.367466
1.82798e-09	0.367071
1.8281e-09	0.366675
1.82822e-09	0.366277
1.82834e-09	0.365878
1.82847e-09	0.365477
1.82859e-09	0.365075
1.82871e-09	0.364671
1.82883e-09	0.364266
1.82896e-09	0.363859
1.82908e-09	0.36345
1.8292e-09	0.36304
1.82932e-09	0.362629
1.82944e-09	0.362216
1.82957e-09	0.361801
1.82969e-09	0.361385
1.82981e-09	0.360967
1.82993e-09	0.360548
1.83006e-09	0.360127
1.83018e-09	0.359705
1.8303e-09	0.359281
1.83042e-09	0.358856
1.83054e-09	0.358429
1.83067e-09	0.358001
1.83079e-09	0.357571
1.83091e-09	0.35714
1.83103e-09	0.356707
1.83116e-09	0.356272
1.83128e-09	0.355836
1.8314e-09	0.355399
1.83152e-09	0.35496
1.83164e-09	0.35452
1.83177e-09	0.354078
1.83189e-09	0.353634
1.83201e-09	0.353189
1.83213e-09	0.352743
1.83226e-09	0.352295
1.83238e-09	0.351845
1.8325e-09	0.351394
1.83262e-09	0.350942
1.83275e-09	0.350488
1.83287e-09	0.350032
1.83299e-09	0.349575
1.83311e-09	0.349116
1.83323e-09	0.348656
1.83336e-09	0.348195
1.83348e-09	0.347732
1.8336e-09	0.347267
1.83372e-09	0.346801
1.83385e-09	0.346334
1.83397e-09	0.345865
1.83409e-09	0.345394
1.83421e-09	0.344922
1.83433e-09	0.344449
1.83446e-09	0.343974
1.83458e-09	0.343497
1.8347e-09	0.343019
1.83482e-09	0.34254
1.83495e-09	0.342059
1.83507e-09	0.341576
1.83519e-09	0.341092
1.83531e-09	0.340607
1.83543e-09	0.34012
1.83556e-09	0.339631
1.83568e-09	0.339142
1.8358e-09	0.33865
1.83592e-09	0.338157
1.83605e-09	0.337663
1.83617e-09	0.337167
1.83629e-09	0.33667
1.83641e-09	0.336171
1.83653e-09	0.335671
1.83666e-09	0.335169
1.83678e-09	0.334666
1.8369e-09	0.334162
1.83702e-09	0.333656
1.83715e-09	0.333148
1.83727e-09	0.332639
1.83739e-09	0.332128
1.83751e-09	0.331617
1.83763e-09	0.331103
1.83776e-09	0.330588
1.83788e-09	0.330072
1.838e-09	0.329554
1.83812e-09	0.329035
1.83825e-09	0.328514
1.83837e-09	0.327992
1.83849e-09	0.327468
1.83861e-09	0.326943
1.83873e-09	0.326417
1.83886e-09	0.325889
1.83898e-09	0.325359
1.8391e-09	0.324828
1.83922e-09	0.324296
1.83935e-09	0.323762
1.83947e-09	0.323227
1.83959e-09	0.322691
1.83971e-09	0.322152
1.83983e-09	0.321613
1.83996e-09	0.321072
1.84008e-09	0.320529
1.8402e-09	0.319986
1.84032e-09	0.31944
1.84045e-09	0.318894
1.84057e-09	0.318345
1.84069e-09	0.317796
1.84081e-09	0.317245
1.84093e-09	0.316692
1.84106e-09	0.316139
1.84118e-09	0.315583
1.8413e-09	0.315027
1.84142e-09	0.314468
1.84155e-09	0.313909
1.84167e-09	0.313348
1.84179e-09	0.312785
1.84191e-09	0.312222
1.84203e-09	0.311656
1.84216e-09	0.31109
1.84228e-09	0.310522
1.8424e-09	0.309952
1.84252e-09	0.309381
1.84265e-09	0.308809
1.84277e-09	0.308235
1.84289e-09	0.30766
1.84301e-09	0.307084
1.84314e-09	0.306506
1.84326e-09	0.305926
1.84338e-09	0.305346
1.8435e-09	0.304764
1.84362e-09	0.30418
1.84375e-09	0.303595
1.84387e-09	0.303009
1.84399e-09	0.302421
1.84411e-09	0.301832
1.84424e-09	0.301242
1.84436e-09	0.30065
1.84448e-09	0.300056
1.8446e-09	0.299462
1.84472e-09	0.298866
1.84485e-09	0.298268
1.84497e-09	0.29767
1.84509e-09	0.297069
1.84521e-09	0.296468
1.84534e-09	0.295865
1.84546e-09	0.295261
1.84558e-09	0.294655
1.8457e-09	0.294048
1.84582e-09	0.293439
1.84595e-09	0.29283
1.84607e-09	0.292219
1.84619e-09	0.291606
1.84631e-09	0.290992
1.84644e-09	0.290377
1.84656e-09	0.28976
1.84668e-09	0.289142
1.8468e-09	0.288523
1.84692e-09	0.287902
1.84705e-09	0.28728
1.84717e-09	0.286657
1.84729e-09	0.286032
1.84741e-09	0.285406
1.84754e-09	0.284779
1.84766e-09	0.28415
1.84778e-09	0.28352
1.8479e-09	0.282888
1.84802e-09	0.282256
1.84815e-09	0.281621
1.84827e-09	0.280986
1.84839e-09	0.280349
1.84851e-09	0.279711
1.84864e-09	0.279072
1.84876e-09	0.278431
1.84888e-09	0.277789
1.849e-09	0.277145
1.84912e-09	0.2765
1.84925e-09	0.275854
1.84937e-09	0.275207
1.84949e-09	0.274558
1.84961e-09	0.273908
1.84974e-09	0.273257
1.84986e-09	0.272604
1.84998e-09	0.27195
1.8501e-09	0.271295
1.85022e-09	0.270638
1.85035e-09	0.26998
1.85047e-09	0.269321
1.85059e-09	0.268661
1.85071e-09	0.267999
1.85084e-09	0.267336
1.85096e-09	0.266671
1.85108e-09	0.266005
1.8512e-09	0.265338
1.85132e-09	0.26467
1.85145e-09	0.264
1.85157e-09	0.26333
1.85169e-09	0.262657
1.85181e-09	0.261984
1.85194e-09	0.261309
1.85206e-09	0.260633
1.85218e-09	0.259956
1.8523e-09	0.259277
1.85243e-09	0.258597
1.85255e-09	0.257916
1.85267e-09	0.257234
1.85279e-09	0.25655
1.85291e-09	0.255865
1.85304e-09	0.255179
1.85316e-09	0.254492
1.85328e-09	0.253803
1.8534e-09	0.253113
1.85353e-09	0.252422
1.85365e-09	0.251729
1.85377e-09	0.251035
1.85389e-09	0.25034
1.85401e-09	0.249644
1.85414e-09	0.248947
1.85426e-09	0.248248
1.85438e-09	0.247548
1.8545e-09	0.246847
1.85463e-09	0.246144
1.85475e-09	0.24544
1.85487e-09	0.244736
1.85499e-09	0.244029
1.85511e-09	0.243322
1.85524e-09	0.242613
1.85536e-09	0.241903
1.85548e-09	0.241192
1.8556e-09	0.24048
1.85573e-09	0.239766
1.85585e-09	0.239052
1.85597e-09	0.238336
1.85609e-09	0.237619
1.85621e-09	0.2369
1.85634e-09	0.236181
1.85646e-09	0.23546
1.85658e-09	0.234738
1.8567e-09	0.234014
1.85683e-09	0.23329
1.85695e-09	0.232564
1.85707e-09	0.231837
1.85719e-09	0.231109
1.85731e-09	0.23038
1.85744e-09	0.22965
1.85756e-09	0.228918
1.85768e-09	0.228185
1.8578e-09	0.227451
1.85793e-09	0.226716
1.85805e-09	0.22598
1.85817e-09	0.225242
1.85829e-09	0.224504
1.85841e-09	0.223764
1.85854e-09	0.223023
1.85866e-09	0.22228
1.85878e-09	0.221537
1.8589e-09	0.220793
1.85903e-09	0.220047
1.85915e-09	0.2193
1.85927e-09	0.218552
1.85939e-09	0.217803
1.85951e-09	0.217052
1.85964e-09	0.216301
1.85976e-09	0.215548
1.85988e-09	0.214794
1.86e-09	0.214039
1.86013e-09	0.213283
1.86025e-09	0.212526
1.86037e-09	0.211768
1.86049e-09	0.211008
1.86061e-09	0.210247
1.86074e-09	0.209486
1.86086e-09	0.208723
1.86098e-09	0.207959
1.8611e-09	0.207194
1.86123e-09	0.206427
1.86135e-09	0.20566
1.86147e-09	0.204891
1.86159e-09	0.204122
1.86171e-09	0.203351
1.86184e-09	0.202579
1.86196e-09	0.201806
1.86208e-09	0.201032
1.8622e-09	0.200257
1.86233e-09	0.199481
1.86245e-09	0.198703
1.86257e-09	0.197925
1.86269e-09	0.197145
1.86282e-09	0.196364
1.86294e-09	0.195583
1.86306e-09	0.1948
1.86318e-09	0.194016
1.8633e-09	0.193231
1.86343e-09	0.192445
1.86355e-09	0.191657
1.86367e-09	0.190869
1.86379e-09	0.19008
1.86392e-09	0.18929
1.86404e-09	0.188498
1.86416e-09	0.187706
1.86428e-09	0.186912
1.8644e-09	0.186117
1.86453e-09	0.185322
1.86465e-09	0.184525
1.86477e-09	0.183727
1.86489e-09	0.182928
1.86502e-09	0.182128
1.86514e-09	0.181327
1.86526e-09	0.180525
1.86538e-09	0.179722
1.8655e-09	0.178918
1.86563e-09	0.178113
1.86575e-09	0.177307
1.86587e-09	0.176499
1.86599e-09	0.175691
1.86612e-09	0.174882
1.86624e-09	0.174072
1.86636e-09	0.17326
1.86648e-09	0.172448
1.8666e-09	0.171635
1.86673e-09	0.17082
1.86685e-09	0.170005
1.86697e-09	0.169189
1.86709e-09	0.168371
1.86722e-09	0.167553
1.86734e-09	0.166733
1.86746e-09	0.165913
1.86758e-09	0.165092
1.8677e-09	0.164269
1.86783e-09	0.163446
1.86795e-09	0.162622
1.86807e-09	0.161796
1.86819e-09	0.16097
1.86832e-09	0.160143
1.86844e-09	0.159314
1.86856e-09	0.158485
1.86868e-09	0.157655
1.8688e-09	0.156824
1.86893e-09	0.155991
1.86905e-09	0.155158
1.86917e-09	0.154324
1.86929e-09	0.153489
1.86942e-09	0.152653
1.86954e-09	0.151816
1.86966e-09	0.150978
1.86978e-09	0.150139
1.8699e-09	0.1493
1.87003e-09	0.148459
1.87015e-09	0.147617
1.87027e-09	0.146775
1.87039e-09	0.145931
1.87052e-09	0.145086
1.87064e-09	0.144241
1.87076e-09	0.143395
1.87088e-09	0.142547
1.871e-09	0.141699
1.87113e-09	0.14085
1.87125e-09	0.14
1.87137e-09	0.139149
1.87149e-09	0.138297
1.87162e-09	0.137444
1.87174e-09	0.136591
1.87186e-09	0.135736
1.87198e-09	0.134881
1.87211e-09	0.134024
1.87223e-09	0.133167
1.87235e-09	0.132309
1.87247e-09	0.13145
1.87259e-09	0.13059
1.87272e-09	0.129729
1.87284e-09	0.128867
1.87296e-09	0.128005
1.87308e-09	0.127141
1.87321e-09	0.126277
1.87333e-09	0.125412
1.87345e-09	0.124546
1.87357e-09	0.123679
1.87369e-09	0.122811
1.87382e-09	0.121942
1.87394e-09	0.121073
1.87406e-09	0.120203
1.87418e-09	0.119331
1.87431e-09	0.118459
1.87443e-09	0.117586
1.87455e-09	0.116713
1.87467e-09	0.115838
1.87479e-09	0.114963
1.87492e-09	0.114086
1.87504e-09	0.113209
1.87516e-09	0.112331
1.87528e-09	0.111453
1.87541e-09	0.110573
1.87553e-09	0.109693
1.87565e-09	0.108812
1.87577e-09	0.10793
1.87589e-09	0.107047
1.87602e-09	0.106163
1.87614e-09	0.105279
1.87626e-09	0.104394
1.87638e-09	0.103508
1.87651e-09	0.102621
1.87663e-09	0.101733
1.87675e-09	0.100845
1.87687e-09	0.0999556
1.87699e-09	0.0990657
1.87712e-09	0.0981749
1.87724e-09	0.0972834
1.87736e-09	0.0963911
1.87748e-09	0.0954981
1.87761e-09	0.0946043
1.87773e-09	0.0937097
1.87785e-09	0.0928143
1.87797e-09	0.0919182
1.87809e-09	0.0910213
1.87822e-09	0.0901237
1.87834e-09	0.0892253
1.87846e-09	0.0883262
1.87858e-09	0.0874263
1.87871e-09	0.0865257
1.87883e-09	0.0856244
1.87895e-09	0.0847223
1.87907e-09	0.0838195
1.87919e-09	0.0829159
1.87932e-09	0.0820117
1.87944e-09	0.0811067
1.87956e-09	0.0802009
1.87968e-09	0.0792945
1.87981e-09	0.0783873
1.87993e-09	0.0774795
1.88005e-09	0.0765709
1.88017e-09	0.0756616
1.88029e-09	0.0747517
1.88042e-09	0.073841
1.88054e-09	0.0729296
1.88066e-09	0.0720175
1.88078e-09	0.0711048
1.88091e-09	0.0701913
1.88103e-09	0.0692772
1.88115e-09	0.0683624
1.88127e-09	0.0674469
1.88139e-09	0.0665307
1.88152e-09	0.0656139
1.88164e-09	0.0646964
1.88176e-09	0.0637782
1.88188e-09	0.0628594
1.88201e-09	0.0619399
1.88213e-09	0.0610198
1.88225e-09	0.060099
1.88237e-09	0.0591775
1.8825e-09	0.0582554
1.88262e-09	0.0573327
1.88274e-09	0.0564093
1.88286e-09	0.0554853
1.88298e-09	0.0545606
1.88311e-09	0.0536353
1.88323e-09	0.0527094
1.88335e-09	0.0517829
1.88347e-09	0.0508557
1.8836e-09	0.049928
1.88372e-09	0.0489996
1.88384e-09	0.0480706
1.88396e-09	0.0471409
1.88408e-09	0.0462107
1.88421e-09	0.0452799
1.88433e-09	0.0443485
1.88445e-09	0.0434165
1.88457e-09	0.0424838
1.8847e-09	0.0415506
1.88482e-09	0.0406168
1.88494e-09	0.0396825
1.88506e-09	0.0387475
1.88518e-09	0.037812
1.88531e-09	0.0368759
1.88543e-09	0.0359392
1.88555e-09	0.035002
1.88567e-09	0.0340642
1.8858e-09	0.0331258
1.88592e-09	0.0321869
1.88604e-09	0.0312474
1.88616e-09	0.0303073
1.88628e-09	0.0293668
1.88641e-09	0.0284256
1.88653e-09	0.027484
1.88665e-09	0.0265418
1.88677e-09	0.025599
1.8869e-09	0.0246557
1.88702e-09	0.0237119
1.88714e-09	0.0227676
1.88726e-09	0.0218228
1.88738e-09	0.0208774
1.88751e-09	0.0199315
1.88763e-09	0.0189851
1.88775e-09	0.0180382
1.88787e-09	0.0170908
1.888e-09	0.0161429
1.88812e-09	0.0151944
1.88824e-09	0.0142455
1.88836e-09	0.0132961
1.88848e-09	0.0123462
1.88861e-09	0.0113958
1.88873e-09	0.010445
1.88885e-09	0.00949364
1.88897e-09	0.00854182
1.8891e-09	0.00758953
1.88922e-09	0.00663677
1.88934e-09	0.00568354
1.88946e-09	0.00472985
1.88958e-09	0.0037757
1.88971e-09	0.00282109
1.88983e-09	0.00186603
1.88995e-09	0.000910523
1.89007e-09	-4.54325e-05
1.8902e-09	-0.00100183
1.89032e-09	-0.00195867
1.89044e-09	-0.00291594
1.89056e-09	-0.00387365
1.89068e-09	-0.00483179
1.89081e-09	-0.00579035
1.89093e-09	-0.00674934
1.89105e-09	-0.00770874
1.89117e-09	-0.00866856
1.8913e-09	-0.0096288
1.89142e-09	-0.0105894
1.89154e-09	-0.0115505
1.89166e-09	-0.0125119
1.89179e-09	-0.0134738
1.89191e-09	-0.014436
1.89203e-09	-0.0153987
1.89215e-09	-0.0163617
1.89227e-09	-0.0173251
1.8924e-09	-0.0182889
1.89252e-09	-0.0192531
1.89264e-09	-0.0202176
1.89276e-09	-0.0211826
1.89289e-09	-0.0221479
1.89301e-09	-0.0231135
1.89313e-09	-0.0240795
1.89325e-09	-0.0250459
1.89337e-09	-0.0260126
1.8935e-09	-0.0269797
1.89362e-09	-0.0279472
1.89374e-09	-0.0289149
1.89386e-09	-0.029883
1.89399e-09	-0.0308515
1.89411e-09	-0.0318203
1.89423e-09	-0.0327894
1.89435e-09	-0.0337589
1.89447e-09	-0.0347286
1.8946e-09	-0.0356987
1.89472e-09	-0.0366691
1.89484e-09	-0.0376398
1.89496e-09	-0.0386109
1.89509e-09	-0.0395822
1.89521e-09	-0.0405539
1.89533e-09	-0.0415258
1.89545e-09	-0.042498
1.89557e-09	-0.0434706
1.8957e-09	-0.0444434
1.89582e-09	-0.0454165
1.89594e-09	-0.0463899
1.89606e-09	-0.0473636
1.89619e-09	-0.0483375
1.89631e-09	-0.0493117
1.89643e-09	-0.0502862
1.89655e-09	-0.0512609
1.89667e-09	-0.052236
1.8968e-09	-0.0532112
1.89692e-09	-0.0541867
1.89704e-09	-0.0551625
1.89716e-09	-0.0561385
1.89729e-09	-0.0571148
1.89741e-09	-0.0580913
1.89753e-09	-0.0590681
1.89765e-09	-0.060045
1.89777e-09	-0.0610222
1.8979e-09	-0.0619997
1.89802e-09	-0.0629773
1.89814e-09	-0.0639552
1.89826e-09	-0.0649333
1.89839e-09	-0.0659116
1.89851e-09	-0.0668901
1.89863e-09	-0.0678688
1.89875e-09	-0.0688477
1.89887e-09	-0.0698268
1.899e-09	-0.0708061
1.89912e-09	-0.0717856
1.89924e-09	-0.0727653
1.89936e-09	-0.0737452
1.89949e-09	-0.0747253
1.89961e-09	-0.0757055
1.89973e-09	-0.0766859
1.89985e-09	-0.0776665
1.89997e-09	-0.0786472
1.9001e-09	-0.0796281
1.90022e-09	-0.0806092
1.90034e-09	-0.0815904
1.90046e-09	-0.0825717
1.90059e-09	-0.0835533
1.90071e-09	-0.0845349
1.90083e-09	-0.0855167
1.90095e-09	-0.0864987
1.90107e-09	-0.0874807
1.9012e-09	-0.0884629
1.90132e-09	-0.0894453
1.90144e-09	-0.0904277
1.90156e-09	-0.0914103
1.90169e-09	-0.092393
1.90181e-09	-0.0933758
1.90193e-09	-0.0943587
1.90205e-09	-0.0953417
1.90218e-09	-0.0963248
1.9023e-09	-0.097308
1.90242e-09	-0.0982913
1.90254e-09	-0.0992747
1.90266e-09	-0.100258
1.90279e-09	-0.101242
1.90291e-09	-0.102225
1.90303e-09	-0.103209
1.90315e-09	-0.104193
1.90328e-09	-0.105177
1.9034e-09	-0.106161
1.90352e-09	-0.107145
1.90364e-09	-0.108129
1.90376e-09	-0.109113
1.90389e-09	-0.110097
1.90401e-09	-0.111081
1.90413e-09	-0.112066
1.90425e-09	-0.11305
1.90438e-09	-0.114034
1.9045e-09	-0.115019
1.90462e-09	-0.116003
1.90474e-09	-0.116987
1.90486e-09	-0.117972
1.90499e-09	-0.118956
1.90511e-09	-0.119941
1.90523e-09	-0.120925
1.90535e-09	-0.12191
1.90548e-09	-0.122894
1.9056e-09	-0.123879
1.90572e-09	-0.124863
1.90584e-09	-0.125848
1.90596e-09	-0.126832
1.90609e-09	-0.127817
1.90621e-09	-0.128801
1.90633e-09	-0.129785
1.90645e-09	-0.13077
1.90658e-09	-0.131754
1.9067e-09	-0.132738
1.90682e-09	-0.133723
1.90694e-09	-0.134707
1.90706e-09	-0.135691
1.90719e-09	-0.136675
1.90731e-09	-0.137659
1.90743e-09	-0.138644
1.90755e-09	-0.139628
1.90768e-09	-0.140611
1.9078e-09	-0.141595
1.90792e-09	-0.142579
1.90804e-09	-0.143563
1.90816e-09	-0.144547
1.90829e-09	-0.14553
1.90841e-09	-0.146514
1.90853e-09	-0.147497
1.90865e-09	-0.14848
1.90878e-09	-0.149463
1.9089e-09	-0.150447
1.90902e-09	-0.15143
1.90914e-09	-0.152412
1.90926e-09	-0.153395
1.90939e-09	-0.154378
1.90951e-09	-0.155361
1.90963e-09	-0.156343
1.90975e-09	-0.157325
1.90988e-09	-0.158307
1.91e-09	-0.159289
1.91012e-09	-0.160271
1.91024e-09	-0.161253
1.91036e-09	-0.162235
1.91049e-09	-0.163216
1.91061e-09	-0.164198
1.91073e-09	-0.165179
1.91085e-09	-0.16616
1.91098e-09	-0.167141
1.9111e-09	-0.168121
1.91122e-09	-0.169102
1.91134e-09	-0.170082
1.91147e-09	-0.171062
1.91159e-09	-0.172042
1.91171e-09	-0.173022
1.91183e-09	-0.174002
1.91195e-09	-0.174981
1.91208e-09	-0.175961
1.9122e-09	-0.17694
1.91232e-09	-0.177918
1.91244e-09	-0.178897
1.91257e-09	-0.179875
1.91269e-09	-0.180854
1.91281e-09	-0.181832
1.91293e-09	-0.182809
1.91305e-09	-0.183787
1.91318e-09	-0.184764
1.9133e-09	-0.185741
1.91342e-09	-0.186718
1.91354e-09	-0.187695
1.91367e-09	-0.188671
1.91379e-09	-0.189647
1.91391e-09	-0.190623
1.91403e-09	-0.191599
1.91415e-09	-0.192574
1.91428e-09	-0.193549
1.9144e-09	-0.194524
1.91452e-09	-0.195498
1.91464e-09	-0.196473
1.91477e-09	-0.197447
1.91489e-09	-0.19842
1.91501e-09	-0.199394
1.91513e-09	-0.200367
1.91525e-09	-0.20134
1.91538e-09	-0.202312
1.9155e-09	-0.203285
1.91562e-09	-0.204257
1.91574e-09	-0.205228
1.91587e-09	-0.2062
1.91599e-09	-0.207171
1.91611e-09	-0.208141
1.91623e-09	-0.209112
1.91635e-09	-0.210082
1.91648e-09	-0.211051
1.9166e-09	-0.212021
1.91672e-09	-0.21299
1.91684e-09	-0.213959
1.91697e-09	-0.214927
1.91709e-09	-0.215895
1.91721e-09	-0.216863
1.91733e-09	-0.21783
1.91745e-09	-0.218797
1.91758e-09	-0.219763
1.9177e-09	-0.22073
1.91782e-09	-0.221695
1.91794e-09	-0.222661
1.91807e-09	-0.223626
1.91819e-09	-0.224591
1.91831e-09	-0.225555
1.91843e-09	-0.226519
1.91855e-09	-0.227483
1.91868e-09	-0.228446
1.9188e-09	-0.229408
1.91892e-09	-0.230371
1.91904e-09	-0.231333
1.91917e-09	-0.232294
1.91929e-09	-0.233255
1.91941e-09	-0.234216
1.91953e-09	-0.235176
1.91965e-09	-0.236136
1.91978e-09	-0.237095
1.9199e-09	-0.238054
1.92002e-09	-0.239013
1.92014e-09	-0.239971
1.92027e-09	-0.240929
1.92039e-09	-0.241886
1.92051e-09	-0.242843
1.92063e-09	-0.243799
1.92075e-09	-0.244755
1.92088e-09	-0.24571
1.921e-09	-0.246665
1.92112e-09	-0.247619
1.92124e-09	-0.248573
1.92137e-09	-0.249527
1.92149e-09	-0.25048
1.92161e-09	-0.251432
1.92173e-09	-0.252384
1.92186e-09	-0.253336
1.92198e-09	-0.254287
1.9221e-09	-0.255237
1.92222e-09	-0.256187
1.92234e-09	-0.257137
1.92247e-09	-0.258086
1.92259e-09	-0.259034
1.92271e-09	-0.259982
1.92283e-09	-0.260929
1.92296e-09	-0.261876
1.92308e-09	-0.262823
1.9232e-09	-0.263769
1.92332e-09	-0.264714
1.92344e-09	-0.265659
1.92357e-09	-0.266603
1.92369e-09	-0.267546
1.92381e-09	-0.268489
1.92393e-09	-0.269432
1.92406e-09	-0.270374
1.92418e-09	-0.271315
1.9243e-09	-0.272256
1.92442e-09	-0.273196
1.92454e-09	-0.274136
1.92467e-09	-0.275075
1.92479e-09	-0.276014
1.92491e-09	-0.276952
1.92503e-09	-0.277889
1.92516e-09	-0.278826
1.92528e-09	-0.279762
1.9254e-09	-0.280697
1.92552e-09	-0.281632
1.92564e-09	-0.282567
1.92577e-09	-0.2835
1.92589e-09	-0.284433
1.92601e-09	-0.285366
1.92613e-09	-0.286298
1.92626e-09	-0.287229
1.92638e-09	-0.28816
1.9265e-09	-0.289089
1.92662e-09	-0.290019
1.92674e-09	-0.290947
1.92687e-09	-0.291875
1.92699e-09	-0.292803
1.92711e-09	-0.29373
1.92723e-09	-0.294656
1.92736e-09	-0.295581
1.92748e-09	-0.296506
1.9276e-09	-0.29743
1.92772e-09	-0.298353
1.92784e-09	-0.299276
1.92797e-09	-0.300198
1.92809e-09	-0.301119
1.92821e-09	-0.30204
1.92833e-09	-0.30296
1.92846e-09	-0.303879
1.92858e-09	-0.304798
1.9287e-09	-0.305715
1.92882e-09	-0.306632
1.92894e-09	-0.307549
1.92907e-09	-0.308465
1.92919e-09	-0.30938
1.92931e-09	-0.310294
1.92943e-09	-0.311207
1.92956e-09	-0.31212
1.92968e-09	-0.313032
1.9298e-09	-0.313944
1.92992e-09	-0.314854
1.93004e-09	-0.315764
1.93017e-09	-0.316673
1.93029e-09	-0.317582
1.93041e-09	-0.318489
1.93053e-09	-0.319396
1.93066e-09	-0.320302
1.93078e-09	-0.321208
1.9309e-09	-0.322112
1.93102e-09	-0.323016
1.93114e-09	-0.323919
1.93127e-09	-0.324821
1.93139e-09	-0.325723
1.93151e-09	-0.326623
1.93163e-09	-0.327523
1.93176e-09	-0.328422
1.93188e-09	-0.32932
1.932e-09	-0.330218
1.93212e-09	-0.331115
1.93225e-09	-0.33201
1.93237e-09	-0.332905
1.93249e-09	-0.3338
1.93261e-09	-0.334693
1.93273e-09	-0.335586
1.93286e-09	-0.336477
1.93298e-09	-0.337368
1.9331e-09	-0.338258
1.93322e-09	-0.339148
1.93335e-09	-0.340036
1.93347e-09	-0.340923
1.93359e-09	-0.34181
1.93371e-09	-0.342696
1.93383e-09	-0.343581
1.93396e-09	-0.344465
1.93408e-09	-0.345348
1.9342e-09	-0.346231
1.93432e-09	-0.347112
1.93445e-09	-0.347993
1.93457e-09	-0.348873
1.93469e-09	-0.349751
1.93481e-09	-0.350629
1.93493e-09	-0.351507
1.93506e-09	-0.352383
1.93518e-09	-0.353258
1.9353e-09	-0.354132
1.93542e-09	-0.355006
1.93555e-09	-0.355879
1.93567e-09	-0.35675
1.93579e-09	-0.357621
1.93591e-09	-0.358491
1.93603e-09	-0.35936
1.93616e-09	-0.360228
1.93628e-09	-0.361095
1.9364e-09	-0.361961
1.93652e-09	-0.362826
1.93665e-09	-0.36369
1.93677e-09	-0.364554
1.93689e-09	-0.365416
1.93701e-09	-0.366277
1.93713e-09	-0.367138
1.93726e-09	-0.367997
1.93738e-09	-0.368856
1.9375e-09	-0.369713
1.93762e-09	-0.37057
1.93775e-09	-0.371425
1.93787e-09	-0.37228
1.93799e-09	-0.373134
1.93811e-09	-0.373986
1.93823e-09	-0.374838
1.93836e-09	-0.375689
1.93848e-09	-0.376538
1.9386e-09	-0.377387
1.93872e-09	-0.378235
1.93885e-09	-0.379081
1.93897e-09	-0.379927
1.93909e-09	-0.380772
1.93921e-09	-0.381615
1.93933e-09	-0.382458
1.93946e-09	-0.3833
1.93958e-09	-0.38414
1.9397e-09	-0.38498
1.93982e-09	-0.385818
1.93995e-09	-0.386656
1.94007e-09	-0.387492
1.94019e-09	-0.388328
1.94031e-09	-0.389162
1.94043e-09	-0.389995
1.94056e-09	-0.390827
1.94068e-09	-0.391659
1.9408e-09	-0.392489
1.94092e-09	-0.393318
1.94105e-09	-0.394146
1.94117e-09	-0.394973
1.94129e-09	-0.395798
1.94141e-09	-0.396623
1.94154e-09	-0.397447
1.94166e-09	-0.398269
1.94178e-09	-0.399091
1.9419e-09	-0.399911
1.94202e-09	-0.40073
1.94215e-09	-0.401549
1.94227e-09	-0.402366
1.94239e-09	-0.403182
1.94251e-09	-0.403996
1.94264e-09	-0.40481
1.94276e-09	-0.405623
1.94288e-09	-0.406434
1.943e-09	-0.407245
1.94312e-09	-0.408054
1.94325e-09	-0.408862
1.94337e-09	-0.409669
1.94349e-09	-0.410475
1.94361e-09	-0.41128
1.94374e-09	-0.412083
1.94386e-09	-0.412885
1.94398e-09	-0.413687
1.9441e-09	-0.414487
1.94422e-09	-0.415286
1.94435e-09	-0.416083
1.94447e-09	-0.41688
1.94459e-09	-0.417675
1.94471e-09	-0.41847
1.94484e-09	-0.419263
1.94496e-09	-0.420055
1.94508e-09	-0.420845
1.9452e-09	-0.421635
1.94532e-09	-0.422423
1.94545e-09	-0.42321
1.94557e-09	-0.423996
1.94569e-09	-0.424781
1.94581e-09	-0.425564
1.94594e-09	-0.426347
1.94606e-09	-0.427128
1.94618e-09	-0.427908
1.9463e-09	-0.428686
1.94642e-09	-0.429464
1.94655e-09	-0.43024
1.94667e-09	-0.431015
1.94679e-09	-0.431789
1.94691e-09	-0.432561
1.94704e-09	-0.433333
1.94716e-09	-0.434103
1.94728e-09	-0.434871
1.9474e-09	-0.435639
1.94752e-09	-0.436405
1.94765e-09	-0.43717
1.94777e-09	-0.437934
1.94789e-09	-0.438697
1.94801e-09	-0.439458
1.94814e-09	-0.440218
1.94826e-09	-0.440977
1.94838e-09	-0.441734
1.9485e-09	-0.44249
1.94862e-09	-0.443245
1.94875e-09	-0.443999
1.94887e-09	-0.444751
1.94899e-09	-0.445502
1.94911e-09	-0.446252
1.94924e-09	-0.447
1.94936e-09	-0.447747
1.94948e-09	-0.448493
1.9496e-09	-0.449237
1.94972e-09	-0.44998
1.94985e-09	-0.450722
1.94997e-09	-0.451463
1.95009e-09	-0.452202
1.95021e-09	-0.45294
1.95034e-09	-0.453677
1.95046e-09	-0.454412
1.95058e-09	-0.455146
1.9507e-09	-0.455878
1.95082e-09	-0.456609
1.95095e-09	-0.457339
1.95107e-09	-0.458068
1.95119e-09	-0.458795
1.95131e-09	-0.459521
1.95144e-09	-0.460245
1.95156e-09	-0.460968
1.95168e-09	-0.46169
1.9518e-09	-0.46241
1.95193e-09	-0.463129
1.95205e-09	-0.463847
1.95217e-09	-0.464563
1.95229e-09	-0.465278
1.95241e-09	-0.465991
1.95254e-09	-0.466704
1.95266e-09	-0.467414
1.95278e-09	-0.468124
1.9529e-09	-0.468831
1.95303e-09	-0.469538
1.95315e-09	-0.470243
1.95327e-09	-0.470947
1.95339e-09	-0.471649
1.95351e-09	-0.47235
1.95364e-09	-0.473049
1.95376e-09	-0.473747
1.95388e-09	-0.474444
1.954e-09	-0.475139
1.95413e-09	-0.475833
1.95425e-09	-0.476525
1.95437e-09	-0.477216
1.95449e-09	-0.477905
1.95461e-09	-0.478593
1.95474e-09	-0.47928
1.95486e-09	-0.479965
1.95498e-09	-0.480649
1.9551e-09	-0.481331
1.95523e-09	-0.482012
1.95535e-09	-0.482691
1.95547e-09	-0.483369
1.95559e-09	-0.484045
1.95571e-09	-0.48472
1.95584e-09	-0.485393
1.95596e-09	-0.486065
1.95608e-09	-0.486736
1.9562e-09	-0.487405
1.95633e-09	-0.488072
1.95645e-09	-0.488738
1.95657e-09	-0.489403
1.95669e-09	-0.490066
1.95681e-09	-0.490727
1.95694e-09	-0.491387
1.95706e-09	-0.492046
1.95718e-09	-0.492703
1.9573e-09	-0.493358
1.95743e-09	-0.494012
1.95755e-09	-0.494664
1.95767e-09	-0.495315
1.95779e-09	-0.495965
1.95791e-09	-0.496613
1.95804e-09	-0.497259
1.95816e-09	-0.497904
1.95828e-09	-0.498547
1.9584e-09	-0.499189
1.95853e-09	-0.499829
1.95865e-09	-0.500468
1.95877e-09	-0.501105
1.95889e-09	-0.50174
1.95901e-09	-0.502374
1.95914e-09	-0.503007
1.95926e-09	-0.503638
1.95938e-09	-0.504267
1.9595e-09	-0.504895
1.95963e-09	-0.505521
1.95975e-09	-0.506146
1.95987e-09	-0.506769
1.95999e-09	-0.50739
1.96011e-09	-0.50801
1.96024e-09	-0.508629
1.96036e-09	-0.509245
1.96048e-09	-0.509861
1.9606e-09	-0.510474
1.96073e-09	-0.511086
1.96085e-09	-0.511696
1.96097e-09	-0.512305
1.96109e-09	-0.512912
1.96122e-09	-0.513518
1.96134e-09	-0.514122
1.96146e-09	-0.514724
1.96158e-09	-0.515325
1.9617e-09	-0.515924
1.96183e-09	-0.516522
1.96195e-09	-0.517117
1.96207e-09	-0.517712
1.96219e-09	-0.518304
1.96232e-09	-0.518895
1.96244e-09	-0.519485
1.96256e-09	-0.520072
1.96268e-09	-0.520658
1.9628e-09	-0.521243
1.96293e-09	-0.521826
1.96305e-09	-0.522407
1.96317e-09	-0.522986
1.96329e-09	-0.523564
1.96342e-09	-0.52414
1.96354e-09	-0.524715
1.96366e-09	-0.525288
1.96378e-09	-0.525859
1.9639e-09	-0.526428
1.96403e-09	-0.526996
1.96415e-09	-0.527562
1.96427e-09	-0.528127
1.96439e-09	-0.52869
1.96452e-09	-0.529251
1.96464e-09	-0.52981
1.96476e-09	-0.530368
1.96488e-09	-0.530924
1.965e-09	-0.531478
1.96513e-09	-0.532031
1.96525e-09	-0.532582
1.96537e-09	-0.533131
1.96549e-09	-0.533679
1.96562e-09	-0.534225
1.96574e-09	-0.534769
1.96586e-09	-0.535311
1.96598e-09	-0.535852
1.9661e-09	-0.536391
1.96623e-09	-0.536928
1.96635e-09	-0.537464
1.96647e-09	-0.537998
1.96659e-09	-0.53853
1.96672e-09	-0.53906
1.96684e-09	-0.539589
1.96696e-09	-0.540116
1.96708e-09	-0.540641
1.9672e-09	-0.541164
1.96733e-09	-0.541686
1.96745e-09	-0.542206
1.96757e-09	-0.542724
1.96769e-09	-0.543241
1.96782e-09	-0.543755
1.96794e-09	-0.544268
1.96806e-09	-0.544779
1.96818e-09	-0.545289
1.9683e-09	-0.545796
1.96843e-09	-0.546302
1.96855e-09	-0.546806
1.96867e-09	-0.547309
1.96879e-09	-0.547809
1.96892e-09	-0.548308
1.96904e-09	-0.548805
1.96916e-09	-0.5493
1.96928e-09	-0.549794
1.9694e-09	-0.550285
1.96953e-09	-0.550775
1.96965e-09	-0.551263
1.96977e-09	-0.551749
1.96989e-09	-0.552234
1.97002e-09	-0.552716
1.97014e-09	-0.553197
1.97026e-09	-0.553676
1.97038e-09	-0.554154
1.9705e-09	-0.554629
1.97063e-09	-0.555103
1.97075e-09	-0.555574
1.97087e-09	-0.556044
1.97099e-09	-0.556512
1.97112e-09	-0.556979
1.97124e-09	-0.557443
1.97136e-09	-0.557906
1.97148e-09	-0.558367
1.97161e-09	-0.558826
1.97173e-09	-0.559283
1.97185e-09	-0.559738
1.97197e-09	-0.560192
1.97209e-09	-0.560643
1.97222e-09	-0.561093
1.97234e-09	-0.561541
1.97246e-09	-0.561987
1.97258e-09	-0.562431
1.97271e-09	-0.562874
1.97283e-09	-0.563314
1.97295e-09	-0.563753
1.97307e-09	-0.56419
1.97319e-09	-0.564625
1.97332e-09	-0.565058
1.97344e-09	-0.565489
1.97356e-09	-0.565918
1.97368e-09	-0.566346
1.97381e-09	-0.566771
1.97393e-09	-0.567195
1.97405e-09	-0.567617
1.97417e-09	-0.568037
1.97429e-09	-0.568455
1.97442e-09	-0.568871
1.97454e-09	-0.569285
1.97466e-09	-0.569697
1.97478e-09	-0.570108
1.97491e-09	-0.570517
1.97503e-09	-0.570923
1.97515e-09	-0.571328
1.97527e-09	-0.571731
1.97539e-09	-0.572132
1.97552e-09	-0.572531
1.97564e-09	-0.572928
1.97576e-09	-0.573323
1.97588e-09	-0.573717
1.97601e-09	-0.574108
1.97613e-09	-0.574497
1.97625e-09	-0.574885
1.97637e-09	-0.575271
1.97649e-09	-0.575654
1.97662e-09	-0.576036
1.97674e-09	-0.576416
1.97686e-09	-0.576794
1.97698e-09	-0.57717
1.97711e-09	-0.577544
1.97723e-09	-0.577916
1.97735e-09	-0.578286
1.97747e-09	-0.578654
1.97759e-09	-0.579021
1.97772e-09	-0.579385
1.97784e-09	-0.579747
1.97796e-09	-0.580108
1.97808e-09	-0.580466
1.97821e-09	-0.580823
1.97833e-09	-0.581177
1.97845e-09	-0.58153
1.97857e-09	-0.58188
1.97869e-09	-0.582229
1.97882e-09	-0.582576
1.97894e-09	-0.58292
1.97906e-09	-0.583263
1.97918e-09	-0.583604
1.97931e-09	-0.583943
1.97943e-09	-0.584279
1.97955e-09	-0.584614
1.97967e-09	-0.584947
1.97979e-09	-0.585278
1.97992e-09	-0.585607
1.98004e-09	-0.585934
1.98016e-09	-0.586259
1.98028e-09	-0.586582
1.98041e-09	-0.586902
1.98053e-09	-0.587221
1.98065e-09	-0.587538
1.98077e-09	-0.587853
1.9809e-09	-0.588166
1.98102e-09	-0.588477
1.98114e-09	-0.588786
1.98126e-09	-0.589093
1.98138e-09	-0.589398
1.98151e-09	-0.589701
1.98163e-09	-0.590002
1.98175e-09	-0.5903
1.98187e-09	-0.590597
1.982e-09	-0.590892
1.98212e-09	-0.591185
1.98224e-09	-0.591476
1.98236e-09	-0.591764
1.98248e-09	-0.592051
1.98261e-09	-0.592336
1.98273e-09	-0.592619
1.98285e-09	-0.592899
1.98297e-09	-0.593178
1.9831e-09	-0.593454
1.98322e-09	-0.593729
1.98334e-09	-0.594001
1.98346e-09	-0.594272
1.98358e-09	-0.59454
1.98371e-09	-0.594807
1.98383e-09	-0.595071
1.98395e-09	-0.595333
1.98407e-09	-0.595593
1.9842e-09	-0.595851
1.98432e-09	-0.596108
1.98444e-09	-0.596362
1.98456e-09	-0.596614
1.98468e-09	-0.596864
1.98481e-09	-0.597111
1.98493e-09	-0.597357
1.98505e-09	-0.597601
1.98517e-09	-0.597843
1.9853e-09	-0.598082
1.98542e-09	-0.59832
1.98554e-09	-0.598555
1.98566e-09	-0.598789
1.98578e-09	-0.59902
1.98591e-09	-0.599249
1.98603e-09	-0.599476
1.98615e-09	-0.599701
1.98627e-09	-0.599924
1.9864e-09	-0.600145
1.98652e-09	-0.600364
1.98664e-09	-0.600581
1.98676e-09	-0.600796
1.98688e-09	-0.601008
1.98701e-09	-0.601219
1.98713e-09	-0.601427
1.98725e-09	-0.601633
1.98737e-09	-0.601838
1.9875e-09	-0.60204
1.98762e-09	-0.60224
1.98774e-09	-0.602438
1.98786e-09	-0.602633
1.98798e-09	-0.602827
1.98811e-09	-0.603019
1.98823e-09	-0.603208
1.98835e-09	-0.603395
1.98847e-09	-0.603581
1.9886e-09	-0.603764
1.98872e-09	-0.603945
1.98884e-09	-0.604124
1.98896e-09	-0.604301
1.98908e-09	-0.604475
1.98921e-09	-0.604648
1.98933e-09	-0.604818
1.98945e-09	-0.604987
1.98957e-09	-0.605153
1.9897e-09	-0.605317
1.98982e-09	-0.605479
1.98994e-09	-0.605639
1.99006e-09	-0.605796
1.99018e-09	-0.605952
1.99031e-09	-0.606105
1.99043e-09	-0.606257
1.99055e-09	-0.606406
1.99067e-09	-0.606553
1.9908e-09	-0.606698
1.99092e-09	-0.606841
1.99104e-09	-0.606981
1.99116e-09	-0.60712
1.99129e-09	-0.607256
1.99141e-09	-0.60739
1.99153e-09	-0.607522
1.99165e-09	-0.607652
1.99177e-09	-0.60778
1.9919e-09	-0.607905
1.99202e-09	-0.608029
1.99214e-09	-0.60815
1.99226e-09	-0.608269
1.99239e-09	-0.608386
1.99251e-09	-0.608501
1.99263e-09	-0.608614
1.99275e-09	-0.608724
1.99287e-09	-0.608833
1.993e-09	-0.608939
1.99312e-09	-0.609043
1.99324e-09	-0.609145
1.99336e-09	-0.609244
1.99349e-09	-0.609342
1.99361e-09	-0.609437
1.99373e-09	-0.609531
1.99385e-09	-0.609622
1.99397e-09	-0.60971
1.9941e-09	-0.609797
1.99422e-09	-0.609882
1.99434e-09	-0.609964
1.99446e-09	-0.610044
1.99459e-09	-0.610122
1.99471e-09	-0.610198
1.99483e-09	-0.610272
1.99495e-09	-0.610343
1.99507e-09	-0.610412
1.9952e-09	-0.610479
1.99532e-09	-0.610544
1.99544e-09	-0.610607
1.99556e-09	-0.610667
1.99569e-09	-0.610726
1.99581e-09	-0.610782
1.99593e-09	-0.610836
1.99605e-09	-0.610888
1.99617e-09	-0.610937
1.9963e-09	-0.610985
1.99642e-09	-0.61103
1.99654e-09	-0.611073
1.99666e-09	-0.611114
1.99679e-09	-0.611152
1.99691e-09	-0.611189
1.99703e-09	-0.611223
1.99715e-09	-0.611255
1.99727e-09	-0.611285
1.9974e-09	-0.611312
1.99752e-09	-0.611338
1.99764e-09	-0.611361
1.99776e-09	-0.611382
1.99789e-09	-0.611401
1.99801e-09	-0.611417
1.99813e-09	-0.611432
1.99825e-09	-0.611444
1.99837e-09	-0.611454
1.9985e-09	-0.611462
1.99862e-09	-0.611467
1.99874e-09	-0.611471
1.99886e-09	-0.611472
1.99899e-09	-0.611471
1.99911e-09	-0.611467
1.99923e-09	-0.611462
1.99935e-09	-0.611454
1.99947e-09	-0.611444
1.9996e-09	-0.611432
1.99972e-09	-0.611418
1.99984e-09	-0.611401
1.99996e-09	-0.611382
2.00009e-09	-0.611361
2.00021e-09	-0.611338
2.00033e-09	-0.611312
2.00045e-09	-0.611285
2.00058e-09	-0.611255
2.0007e-09	-0.611223
2.00082e-09	-0.611188
2.00094e-09	-0.611152
2.00106e-09	-0.611113
2.00119e-09	-0.611072
2.00131e-09	-0.611029
2.00143e-09	-0.610983
2.00155e-09	-0.610935
2.00168e-09	-0.610885
2.0018e-09	-0.610833
2.00192e-09	-0.610779
2.00204e-09	-0.610722
2.00216e-09	-0.610663
2.00229e-09	-0.610602
2.00241e-09	-0.610539
2.00253e-09	-0.610473
2.00265e-09	-0.610405
2.00278e-09	-0.610335
2.0029e-09	-0.610263
2.00302e-09	-0.610188
2.00314e-09	-0.610112
2.00326e-09	-0.610033
2.00339e-09	-0.609951
2.00351e-09	-0.609868
2.00363e-09	-0.609782
2.00375e-09	-0.609694
2.00388e-09	-0.609604
2.004e-09	-0.609511
2.00412e-09	-0.609417
2.00424e-09	-0.60932
2.00436e-09	-0.609221
2.00449e-09	-0.609119
2.00461e-09	-0.609016
2.00473e-09	-0.60891
2.00485e-09	-0.608801
2.00498e-09	-0.608691
2.0051e-09	-0.608578
2.00522e-09	-0.608464
2.00534e-09	-0.608346
2.00546e-09	-0.608227
2.00559e-09	-0.608105
2.00571e-09	-0.607982
2.00583e-09	-0.607855
2.00595e-09	-0.607727
2.00608e-09	-0.607596
2.0062e-09	-0.607463
2.00632e-09	-0.607328
2.00644e-09	-0.607191
2.00656e-09	-0.607051
2.00669e-09	-0.606909
2.00681e-09	-0.606765
2.00693e-09	-0.606619
2.00705e-09	-0.60647
2.00718e-09	-0.606319
2.0073e-09	-0.606166
2.00742e-09	-0.606011
2.00754e-09	-0.605853
2.00766e-09	-0.605693
2.00779e-09	-0.605531
2.00791e-09	-0.605367
2.00803e-09	-0.6052
2.00815e-09	-0.605031
2.00828e-09	-0.60486
2.0084e-09	-0.604687
2.00852e-09	-0.604511
2.00864e-09	-0.604333
2.00876e-09	-0.604153
2.00889e-09	-0.60397
2.00901e-09	-0.603786
2.00913e-09	-0.603599
2.00925e-09	-0.60341
2.00938e-09	-0.603218
2.0095e-09	-0.603024
2.00962e-09	-0.602828
2.00974e-09	-0.60263
2.00986e-09	-0.60243
2.00999e-09	-0.602227
2.01011e-09	-0.602022
2.01023e-09	-0.601815
2.01035e-09	-0.601605
2.01048e-09	-0.601393
2.0106e-09	-0.601179
2.01072e-09	-0.600963
2.01084e-09	-0.600744
2.01097e-09	-0.600524
2.01109e-09	-0.6003
2.01121e-09	-0.600075
2.01133e-09	-0.599848
2.01145e-09	-0.599618
2.01158e-09	-0.599386
2.0117e-09	-0.599151
2.01182e-09	-0.598915
2.01194e-09	-0.598676
2.01207e-09	-0.598435
2.01219e-09	-0.598191
2.01231e-09	-0.597946
2.01243e-09	-0.597698
2.01255e-09	-0.597448
2.01268e-09	-0.597195
2.0128e-09	-0.59694
2.01292e-09	-0.596684
2.01304e-09	-0.596424
2.01317e-09	-0.596163
2.01329e-09	-0.595899
2.01341e-09	-0.595633
2.01353e-09	-0.595365
2.01365e-09	-0.595095
2.01378e-09	-0.594822
2.0139e-09	-0.594547
2.01402e-09	-0.59427
2.01414e-09	-0.59399
2.01427e-09	-0.593708
2.01439e-09	-0.593424
2.01451e-09	-0.593138
2.01463e-09	-0.592849
2.01475e-09	-0.592559
2.01488e-09	-0.592266
2.015e-09	-0.59197
2.01512e-09	-0.591673
2.01524e-09	-0.591373
2.01537e-09	-0.591071
2.01549e-09	-0.590767
2.01561e-09	-0.59046
2.01573e-09	-0.590151
2.01585e-09	-0.58984
2.01598e-09	-0.589527
2.0161e-09	-0.589211
2.01622e-09	-0.588893
2.01634e-09	-0.588573
2.01647e-09	-0.588251
2.01659e-09	-0.587926
2.01671e-09	-0.5876
2.01683e-09	-0.587271
2.01695e-09	-0.586939
2.01708e-09	-0.586606
2.0172e-09	-0.58627
2.01732e-09	-0.585932
2.01744e-09	-0.585591
2.01757e-09	-0.585249
2.01769e-09	-0.584904
2.01781e-09	-0.584557
2.01793e-09	-0.584208
2.01805e-09	-0.583856
2.01818e-09	-0.583502
2.0183e-09	-0.583146
2.01842e-09	-0.582788
2.01854e-09	-0.582427
2.01867e-09	-0.582065
2.01879e-09	-0.5817
2.01891e-09	-0.581332
2.01903e-09	-0.580963
2.01915e-09	-0.580591
2.01928e-09	-0.580217
2.0194e-09	-0.579841
2.01952e-09	-0.579462
2.01964e-09	-0.579082
2.01977e-09	-0.578699
2.01989e-09	-0.578313
2.02001e-09	-0.577926
2.02013e-09	-0.577536
2.02026e-09	-0.577144
2.02038e-09	-0.57675
2.0205e-09	-0.576354
2.02062e-09	-0.575955
2.02074e-09	-0.575554
2.02087e-09	-0.575151
2.02099e-09	-0.574746
2.02111e-09	-0.574339
2.02123e-09	-0.573929
2.02136e-09	-0.573517
2.02148e-09	-0.573103
2.0216e-09	-0.572686
2.02172e-09	-0.572267
2.02184e-09	-0.571846
2.02197e-09	-0.571423
2.02209e-09	-0.570998
2.02221e-09	-0.57057
2.02233e-09	-0.570141
2.02246e-09	-0.569708
2.02258e-09	-0.569274
2.0227e-09	-0.568838
2.02282e-09	-0.568399
2.02294e-09	-0.567958
2.02307e-09	-0.567515
2.02319e-09	-0.567069
2.02331e-09	-0.566622
2.02343e-09	-0.566172
2.02356e-09	-0.56572
2.02368e-09	-0.565266
2.0238e-09	-0.564809
2.02392e-09	-0.564351
2.02404e-09	-0.56389
2.02417e-09	-0.563427
2.02429e-09	-0.562961
2.02441e-09	-0.562494
2.02453e-09	-0.562024
2.02466e-09	-0.561552
2.02478e-09	-0.561078
2.0249e-09	-0.560602
2.02502e-09	-0.560123
2.02514e-09	-0.559642
2.02527e-09	-0.559159
2.02539e-09	-0.558674
2.02551e-09	-0.558187
2.02563e-09	-0.557697
2.02576e-09	-0.557205
2.02588e-09	-0.556711
2.026e-09	-0.556215
2.02612e-09	-0.555717
2.02624e-09	-0.555216
2.02637e-09	-0.554713
2.02649e-09	-0.554208
2.02661e-09	-0.553701
2.02673e-09	-0.553192
2.02686e-09	-0.55268
2.02698e-09	-0.552167
2.0271e-09	-0.551651
2.02722e-09	-0.551133
2.02734e-09	-0.550612
2.02747e-09	-0.55009
2.02759e-09	-0.549565
2.02771e-09	-0.549038
2.02783e-09	-0.548509
2.02796e-09	-0.547978
2.02808e-09	-0.547445
2.0282e-09	-0.546909
2.02832e-09	-0.546371
2.02844e-09	-0.545831
2.02857e-09	-0.545289
2.02869e-09	-0.544745
2.02881e-09	-0.544198
2.02893e-09	-0.54365
2.02906e-09	-0.543099
2.02918e-09	-0.542546
2.0293e-09	-0.541991
2.02942e-09	-0.541434
2.02954e-09	-0.540874
2.02967e-09	-0.540312
2.02979e-09	-0.539749
2.02991e-09	-0.539183
2.03003e-09	-0.538615
2.03016e-09	-0.538044
2.03028e-09	-0.537472
2.0304e-09	-0.536897
2.03052e-09	-0.53632
2.03065e-09	-0.535742
2.03077e-09	-0.53516
2.03089e-09	-0.534577
2.03101e-09	-0.533992
2.03113e-09	-0.533404
2.03126e-09	-0.532815
2.03138e-09	-0.532223
2.0315e-09	-0.531629
2.03162e-09	-0.531033
2.03175e-09	-0.530435
2.03187e-09	-0.529834
2.03199e-09	-0.529232
2.03211e-09	-0.528627
2.03223e-09	-0.52802
2.03236e-09	-0.527411
2.03248e-09	-0.5268
2.0326e-09	-0.526187
2.03272e-09	-0.525572
2.03285e-09	-0.524954
2.03297e-09	-0.524335
2.03309e-09	-0.523713
2.03321e-09	-0.523089
2.03333e-09	-0.522464
2.03346e-09	-0.521835
2.03358e-09	-0.521205
2.0337e-09	-0.520573
2.03382e-09	-0.519939
2.03395e-09	-0.519302
2.03407e-09	-0.518663
2.03419e-09	-0.518023
2.03431e-09	-0.51738
2.03443e-09	-0.516735
2.03456e-09	-0.516088
2.03468e-09	-0.515439
2.0348e-09	-0.514787
2.03492e-09	-0.514134
2.03505e-09	-0.513478
2.03517e-09	-0.512821
2.03529e-09	-0.512161
2.03541e-09	-0.511499
2.03553e-09	-0.510836
2.03566e-09	-0.51017
2.03578e-09	-0.509502
2.0359e-09	-0.508831
2.03602e-09	-0.508159
2.03615e-09	-0.507485
2.03627e-09	-0.506808
2.03639e-09	-0.50613
2.03651e-09	-0.505449
2.03663e-09	-0.504767
2.03676e-09	-0.504082
2.03688e-09	-0.503395
2.037e-09	-0.502706
2.03712e-09	-0.502016
2.03725e-09	-0.501323
2.03737e-09	-0.500627
2.03749e-09	-0.49993
2.03761e-09	-0.499231
2.03773e-09	-0.49853
2.03786e-09	-0.497827
2.03798e-09	-0.497121
2.0381e-09	-0.496414
2.03822e-09	-0.495704
2.03835e-09	-0.494993
2.03847e-09	-0.494279
2.03859e-09	-0.493564
2.03871e-09	-0.492846
2.03883e-09	-0.492126
2.03896e-09	-0.491404
2.03908e-09	-0.490681
2.0392e-09	-0.489955
2.03932e-09	-0.489227
2.03945e-09	-0.488497
2.03957e-09	-0.487765
2.03969e-09	-0.487031
2.03981e-09	-0.486295
2.03994e-09	-0.485557
2.04006e-09	-0.484817
2.04018e-09	-0.484075
2.0403e-09	-0.483331
2.04042e-09	-0.482585
2.04055e-09	-0.481836
2.04067e-09	-0.481086
2.04079e-09	-0.480334
2.04091e-09	-0.47958
2.04104e-09	-0.478824
2.04116e-09	-0.478065
2.04128e-09	-0.477305
2.0414e-09	-0.476543
2.04152e-09	-0.475779
2.04165e-09	-0.475013
2.04177e-09	-0.474244
2.04189e-09	-0.473474
2.04201e-09	-0.472702
2.04214e-09	-0.471928
2.04226e-09	-0.471152
2.04238e-09	-0.470373
2.0425e-09	-0.469593
2.04262e-09	-0.468811
2.04275e-09	-0.468027
2.04287e-09	-0.467241
2.04299e-09	-0.466453
2.04311e-09	-0.465663
2.04324e-09	-0.464871
2.04336e-09	-0.464077
2.04348e-09	-0.463281
2.0436e-09	-0.462483
2.04372e-09	-0.461683
2.04385e-09	-0.460881
2.04397e-09	-0.460078
2.04409e-09	-0.459272
2.04421e-09	-0.458464
2.04434e-09	-0.457655
2.04446e-09	-0.456843
2.04458e-09	-0.456029
2.0447e-09	-0.455214
2.04482e-09	-0.454397
2.04495e-09	-0.453577
2.04507e-09	-0.452756
2.04519e-09	-0.451933
2.04531e-09	-0.451108
2.04544e-09	-0.45028
2.04556e-09	-0.449451
2.04568e-09	-0.44862
2.0458e-09	-0.447788
2.04592e-09	-0.446953
2.04605e-09	-0.446116
2.04617e-09	-0.445278
2.04629e-09	-0.444437
2.04641e-09	-0.443595
2.04654e-09	-0.44275
2.04666e-09	-0.441904
2.04678e-09	-0.441056
2.0469e-09	-0.440206
2.04702e-09	-0.439354
2.04715e-09	-0.4385
2.04727e-09	-0.437644
2.04739e-09	-0.436787
2.04751e-09	-0.435927
2.04764e-09	-0.435066
2.04776e-09	-0.434202
2.04788e-09	-0.433337
2.048e-09	-0.43247
2.04812e-09	-0.431601
2.04825e-09	-0.43073
2.04837e-09	-0.429858
2.04849e-09	-0.428983
2.04861e-09	-0.428107
2.04874e-09	-0.427229
2.04886e-09	-0.426348
2.04898e-09	-0.425466
2.0491e-09	-0.424583
2.04922e-09	-0.423697
2.04935e-09	-0.422809
2.04947e-09	-0.42192
2.04959e-09	-0.421029
2.04971e-09	-0.420136
2.04984e-09	-0.419241
2.04996e-09	-0.418344
2.05008e-09	-0.417445
2.0502e-09	-0.416545
2.05033e-09	-0.415643
2.05045e-09	-0.414739
2.05057e-09	-0.413833
2.05069e-09	-0.412925
2.05081e-09	-0.412015
2.05094e-09	-0.411104
2.05106e-09	-0.410191
2.05118e-09	-0.409276
2.0513e-09	-0.408359
2.05143e-09	-0.407441
2.05155e-09	-0.40652
2.05167e-09	-0.405598
2.05179e-09	-0.404674
2.05191e-09	-0.403748
2.05204e-09	-0.402821
2.05216e-09	-0.401891
2.05228e-09	-0.40096
2.0524e-09	-0.400027
2.05253e-09	-0.399093
2.05265e-09	-0.398156
2.05277e-09	-0.397218
2.05289e-09	-0.396278
2.05301e-09	-0.395336
2.05314e-09	-0.394392
2.05326e-09	-0.393447
2.05338e-09	-0.3925
2.0535e-09	-0.391551
2.05363e-09	-0.390601
2.05375e-09	-0.389648
2.05387e-09	-0.388694
2.05399e-09	-0.387738
2.05411e-09	-0.386781
2.05424e-09	-0.385821
2.05436e-09	-0.38486
2.05448e-09	-0.383898
2.0546e-09	-0.382933
2.05473e-09	-0.381967
2.05485e-09	-0.380999
2.05497e-09	-0.380029
2.05509e-09	-0.379058
2.05521e-09	-0.378085
2.05534e-09	-0.37711
2.05546e-09	-0.376133
2.05558e-09	-0.375155
2.0557e-09	-0.374175
2.05583e-09	-0.373193
2.05595e-09	-0.37221
2.05607e-09	-0.371225
2.05619e-09	-0.370238
2.05631e-09	-0.36925
2.05644e-09	-0.36826
2.05656e-09	-0.367268
2.05668e-09	-0.366274
2.0568e-09	-0.365279
2.05693e-09	-0.364282
2.05705e-09	-0.363284
2.05717e-09	-0.362284
2.05729e-09	-0.361282
2.05741e-09	-0.360278
2.05754e-09	-0.359273
2.05766e-09	-0.358267
2.05778e-09	-0.357258
2.0579e-09	-0.356248
2.05803e-09	-0.355236
2.05815e-09	-0.354223
2.05827e-09	-0.353208
2.05839e-09	-0.352191
2.05851e-09	-0.351173
2.05864e-09	-0.350153
2.05876e-09	-0.349131
2.05888e-09	-0.348108
2.059e-09	-0.347083
2.05913e-09	-0.346057
2.05925e-09	-0.345029
2.05937e-09	-0.343999
2.05949e-09	-0.342968
2.05962e-09	-0.341935
2.05974e-09	-0.340901
2.05986e-09	-0.339865
2.05998e-09	-0.338827
2.0601e-09	-0.337788
2.06023e-09	-0.336747
2.06035e-09	-0.335705
2.06047e-09	-0.334661
2.06059e-09	-0.333615
2.06072e-09	-0.332568
2.06084e-09	-0.331519
2.06096e-09	-0.330469
2.06108e-09	-0.329417
2.0612e-09	-0.328364
2.06133e-09	-0.327309
2.06145e-09	-0.326252
2.06157e-09	-0.325194
2.06169e-09	-0.324135
2.06182e-09	-0.323074
2.06194e-09	-0.322011
2.06206e-09	-0.320947
2.06218e-09	-0.319881
2.0623e-09	-0.318814
2.06243e-09	-0.317745
2.06255e-09	-0.316675
2.06267e-09	-0.315603
2.06279e-09	-0.314529
2.06292e-09	-0.313455
2.06304e-09	-0.312378
2.06316e-09	-0.3113
2.06328e-09	-0.310221
2.0634e-09	-0.30914
2.06353e-09	-0.308057
2.06365e-09	-0.306974
2.06377e-09	-0.305888
2.06389e-09	-0.304801
2.06402e-09	-0.303713
2.06414e-09	-0.302623
2.06426e-09	-0.301532
2.06438e-09	-0.300439
2.0645e-09	-0.299345
2.06463e-09	-0.298249
2.06475e-09	-0.297152
2.06487e-09	-0.296053
2.06499e-09	-0.294953
2.06512e-09	-0.293852
2.06524e-09	-0.292749
2.06536e-09	-0.291644
2.06548e-09	-0.290539
2.0656e-09	-0.289431
2.06573e-09	-0.288323
2.06585e-09	-0.287212
2.06597e-09	-0.286101
2.06609e-09	-0.284988
2.06622e-09	-0.283873
2.06634e-09	-0.282758
2.06646e-09	-0.28164
2.06658e-09	-0.280522
2.0667e-09	-0.279402
2.06683e-09	-0.27828
2.06695e-09	-0.277157
2.06707e-09	-0.276033
2.06719e-09	-0.274907
2.06732e-09	-0.27378
2.06744e-09	-0.272652
2.06756e-09	-0.271522
2.06768e-09	-0.270391
2.0678e-09	-0.269259
2.06793e-09	-0.268125
2.06805e-09	-0.266989
2.06817e-09	-0.265853
2.06829e-09	-0.264715
2.06842e-09	-0.263575
2.06854e-09	-0.262435
2.06866e-09	-0.261293
2.06878e-09	-0.260149
2.0689e-09	-0.259005
2.06903e-09	-0.257859
2.06915e-09	-0.256711
2.06927e-09	-0.255563
2.06939e-09	-0.254413
2.06952e-09	-0.253261
2.06964e-09	-0.252109
2.06976e-09	-0.250955
2.06988e-09	-0.2498
2.07001e-09	-0.248643
2.07013e-09	-0.247485
2.07025e-09	-0.246326
2.07037e-09	-0.245166
2.07049e-09	-0.244004
2.07062e-09	-0.242841
2.07074e-09	-0.241677
2.07086e-09	-0.240511
2.07098e-09	-0.239344
2.07111e-09	-0.238176
2.07123e-09	-0.237007
2.07135e-09	-0.235836
2.07147e-09	-0.234664
2.07159e-09	-0.233491
2.07172e-09	-0.232317
2.07184e-09	-0.231141
2.07196e-09	-0.229964
2.07208e-09	-0.228786
2.07221e-09	-0.227607
2.07233e-09	-0.226426
2.07245e-09	-0.225245
2.07257e-09	-0.224061
2.07269e-09	-0.222877
2.07282e-09	-0.221692
2.07294e-09	-0.220505
2.07306e-09	-0.219317
2.07318e-09	-0.218128
2.07331e-09	-0.216938
2.07343e-09	-0.215747
2.07355e-09	-0.214554
2.07367e-09	-0.21336
2.07379e-09	-0.212165
2.07392e-09	-0.210969
2.07404e-09	-0.209772
2.07416e-09	-0.208573
2.07428e-09	-0.207373
2.07441e-09	-0.206172
2.07453e-09	-0.20497
2.07465e-09	-0.203767
2.07477e-09	-0.202563
2.07489e-09	-0.201358
2.07502e-09	-0.200151
2.07514e-09	-0.198943
2.07526e-09	-0.197734
2.07538e-09	-0.196524
2.07551e-09	-0.195313
2.07563e-09	-0.194101
2.07575e-09	-0.192888
2.07587e-09	-0.191673
2.07599e-09	-0.190458
2.07612e-09	-0.189241
2.07624e-09	-0.188023
2.07636e-09	-0.186804
2.07648e-09	-0.185584
2.07661e-09	-0.184363
2.07673e-09	-0.183141
2.07685e-09	-0.181918
2.07697e-09	-0.180693
2.07709e-09	-0.179468
2.07722e-09	-0.178242
2.07734e-09	-0.177014
2.07746e-09	-0.175786
2.07758e-09	-0.174556
2.07771e-09	-0.173325
2.07783e-09	-0.172094
2.07795e-09	-0.170861
2.07807e-09	-0.169627
2.07819e-09	-0.168392
2.07832e-09	-0.167156
2.07844e-09	-0.165919
2.07856e-09	-0.164682
2.07868e-09	-0.163443
2.07881e-09	-0.162203
2.07893e-09	-0.160962
2.07905e-09	-0.15972
2.07917e-09	-0.158477
2.07929e-09	-0.157233
2.07942e-09	-0.155988
2.07954e-09	-0.154742
2.07966e-09	-0.153495
2.07978e-09	-0.152247
2.07991e-09	-0.150998
2.08003e-09	-0.149749
2.08015e-09	-0.148498
2.08027e-09	-0.147246
2.0804e-09	-0.145993
2.08052e-09	-0.14474
2.08064e-09	-0.143485
2.08076e-09	-0.14223
2.08088e-09	-0.140973
2.08101e-09	-0.139716
2.08113e-09	-0.138457
2.08125e-09	-0.137198
2.08137e-09	-0.135938
2.0815e-09	-0.134677
2.08162e-09	-0.133415
2.08174e-09	-0.132152
2.08186e-09	-0.130888
2.08198e-09	-0.129623
2.08211e-09	-0.128357
2.08223e-09	-0.127091
2.08235e-09	-0.125823
2.08247e-09	-0.124555
2.0826e-09	-0.123286
2.08272e-09	-0.122016
2.08284e-09	-0.120745
2.08296e-09	-0.119473
2.08308e-09	-0.1182
2.08321e-09	-0.116927
2.08333e-09	-0.115652
2.08345e-09	-0.114377
2.08357e-09	-0.113101
2.0837e-09	-0.111824
2.08382e-09	-0.110546
2.08394e-09	-0.109268
2.08406e-09	-0.107988
2.08418e-09	-0.106708
2.08431e-09	-0.105427
2.08443e-09	-0.104145
2.08455e-09	-0.102863
2.08467e-09	-0.101579
2.0848e-09	-0.100295
2.08492e-09	-0.0990099
2.08504e-09	-0.097724
2.08516e-09	-0.0964374
2.08528e-09	-0.0951499
2.08541e-09	-0.0938617
2.08553e-09	-0.0925728
2.08565e-09	-0.091283
2.08577e-09	-0.0899925
2.0859e-09	-0.0887013
2.08602e-09	-0.0874092
2.08614e-09	-0.0861165
2.08626e-09	-0.084823
2.08638e-09	-0.0835287
2.08651e-09	-0.0822337
2.08663e-09	-0.080938
2.08675e-09	-0.0796415
2.08687e-09	-0.0783444
2.087e-09	-0.0770465
2.08712e-09	-0.0757479
2.08724e-09	-0.0744486
2.08736e-09	-0.0731485
2.08748e-09	-0.0718478
2.08761e-09	-0.0705464
2.08773e-09	-0.0692443
2.08785e-09	-0.0679415
2.08797e-09	-0.066638
2.0881e-09	-0.0653339
2.08822e-09	-0.0640291
2.08834e-09	-0.0627236
2.08846e-09	-0.0614174
2.08858e-09	-0.0601106
2.08871e-09	-0.0588031
2.08883e-09	-0.057495
2.08895e-09	-0.0561863
2.08907e-09	-0.0548768
2.0892e-09	-0.0535668
2.08932e-09	-0.0522561
2.08944e-09	-0.0509448
2.08956e-09	-0.0496329
2.08969e-09	-0.0483204
2.08981e-09	-0.0470072
2.08993e-09	-0.0456935
2.09005e-09	-0.0443791
2.09017e-09	-0.0430642
2.0903e-09	-0.0417486
2.09042e-09	-0.0404325
2.09054e-09	-0.0391157
2.09066e-09	-0.0377984
2.09079e-09	-0.0364805
2.09091e-09	-0.0351621
2.09103e-09	-0.0338431
2.09115e-09	-0.0325235
2.09127e-09	-0.0312033
2.0914e-09	-0.0298826
2.09152e-09	-0.0285614
2.09164e-09	-0.0272396
2.09176e-09	-0.0259173
2.09189e-09	-0.0245945
2.09201e-09	-0.0232711
2.09213e-09	-0.0219472
2.09225e-09	-0.0206227
2.09237e-09	-0.0192978
2.0925e-09	-0.0179724
2.09262e-09	-0.0166464
2.09274e-09	-0.0153199
2.09286e-09	-0.013993
2.09299e-09	-0.0126656
2.09311e-09	-0.0113376
2.09323e-09	-0.0100092
2.09335e-09	-0.00868033
2.09347e-09	-0.00735097
2.0936e-09	-0.00602115
2.09372e-09	-0.00469086
2.09384e-09	-0.00336011
2.09396e-09	-0.00202892
2.09409e-09	-0.000697269
2.09421e-09	0.00063482
2.09433e-09	0.00196735
2.09445e-09	0.00330031
2.09457e-09	0.0046337
2.0947e-09	0.00596752
2.09482e-09	0.00730175
2.09494e-09	0.0086364
2.09506e-09	0.00997146
2.09519e-09	0.0113069
2.09531e-09	0.0126428
2.09543e-09	0.0139791
2.09555e-09	0.0153157
2.09567e-09	0.0166527
2.0958e-09	0.0179902
2.09592e-09	0.019328
2.09604e-09	0.0206661
2.09616e-09	0.0220047
2.09629e-09	0.0233436
2.09641e-09	0.0246828
2.09653e-09	0.0260224
2.09665e-09	0.0273624
2.09677e-09	0.0287027
2.0969e-09	0.0300433
2.09702e-09	0.0313843
2.09714e-09	0.0327256
2.09726e-09	0.0340672
2.09739e-09	0.0354091
2.09751e-09	0.0367514
2.09763e-09	0.0380939
2.09775e-09	0.0394368
2.09787e-09	0.04078
2.098e-09	0.0421234
2.09812e-09	0.0434672
2.09824e-09	0.0448112
2.09836e-09	0.0461555
2.09849e-09	0.0475001
2.09861e-09	0.0488449
2.09873e-09	0.0501901
2.09885e-09	0.0515354
2.09897e-09	0.0528811
2.0991e-09	0.054227
2.09922e-09	0.0555731
2.09934e-09	0.0569195
2.09946e-09	0.0582661
2.09959e-09	0.0596129
2.09971e-09	0.06096
2.09983e-09	0.0623073
2.09995e-09	0.0636548
2.10008e-09	0.0650025
2.1002e-09	0.0663504
2.10032e-09	0.0676985
2.10044e-09	0.0690469
2.10056e-09	0.0703954
2.10069e-09	0.0717441
2.10081e-09	0.073093
2.10093e-09	0.074442
2.10105e-09	0.0757912
2.10118e-09	0.0771406
2.1013e-09	0.0784902
2.10142e-09	0.0798399
2.10154e-09	0.0811898
2.10166e-09	0.0825398
2.10179e-09	0.08389
2.10191e-09	0.0852403
2.10203e-09	0.0865907
2.10215e-09	0.0879412
2.10228e-09	0.0892919
2.1024e-09	0.0906427
2.10252e-09	0.0919936
2.10264e-09	0.0933447
2.10276e-09	0.0946958
2.10289e-09	0.096047
2.10301e-09	0.0973983
2.10313e-09	0.0987497
2.10325e-09	0.100101
2.10338e-09	0.101453
2.1035e-09	0.102804
2.10362e-09	0.104156
2.10374e-09	0.105508
2.10386e-09	0.10686
2.10399e-09	0.108212
2.10411e-09	0.109564
2.10423e-09	0.110915
2.10435e-09	0.112267
2.10448e-09	0.11362
2.1046e-09	0.114972
2.10472e-09	0.116324
2.10484e-09	0.117676
2.10496e-09	0.119028
2.10509e-09	0.12038
2.10521e-09	0.121732
2.10533e-09	0.123084
2.10545e-09	0.124437
2.10558e-09	0.125789
2.1057e-09	0.127141
2.10582e-09	0.128493
2.10594e-09	0.129845
2.10606e-09	0.131197
2.10619e-09	0.132549
2.10631e-09	0.133901
2.10643e-09	0.135253
2.10655e-09	0.136605
2.10668e-09	0.137956
2.1068e-09	0.139308
2.10692e-09	0.14066
2.10704e-09	0.142011
2.10716e-09	0.143363
2.10729e-09	0.144714
2.10741e-09	0.146066
2.10753e-09	0.147417
2.10765e-09	0.148768
2.10778e-09	0.150119
2.1079e-09	0.15147
2.10802e-09	0.152821
2.10814e-09	0.154172
2.10826e-09	0.155522
2.10839e-09	0.156873
2.10851e-09	0.158223
2.10863e-09	0.159574
2.10875e-09	0.160924
2.10888e-09	0.162274
2.109e-09	0.163623
2.10912e-09	0.164973
2.10924e-09	0.166322
2.10937e-09	0.167672
2.10949e-09	0.169021
2.10961e-09	0.17037
2.10973e-09	0.171719
2.10985e-09	0.173067
2.10998e-09	0.174416
2.1101e-09	0.175764
2.11022e-09	0.177112
2.11034e-09	0.17846
2.11047e-09	0.179807
2.11059e-09	0.181154
2.11071e-09	0.182502
2.11083e-09	0.183849
2.11095e-09	0.185195
2.11108e-09	0.186542
2.1112e-09	0.187888
2.11132e-09	0.189234
2.11144e-09	0.190579
2.11157e-09	0.191925
2.11169e-09	0.19327
2.11181e-09	0.194615
2.11193e-09	0.19596
2.11205e-09	0.197304
2.11218e-09	0.198648
2.1123e-09	0.199992
2.11242e-09	0.201335
2.11254e-09	0.202679
2.11267e-09	0.204022
2.11279e-09	0.205364
2.11291e-09	0.206706
2.11303e-09	0.208048
2.11315e-09	0.20939
2.11328e-09	0.210731
2.1134e-09	0.212072
2.11352e-09	0.213413
2.11364e-09	0.214753
2.11377e-09	0.216093
2.11389e-09	0.217433
2.11401e-09	0.218772
2.11413e-09	0.220111
2.11425e-09	0.22145
2.11438e-09	0.222788
2.1145e-09	0.224125
2.11462e-09	0.225463
2.11474e-09	0.2268
2.11487e-09	0.228136
2.11499e-09	0.229473
2.11511e-09	0.230808
2.11523e-09	0.232144
2.11535e-09	0.233479
2.11548e-09	0.234813
2.1156e-09	0.236147
2.11572e-09	0.237481
2.11584e-09	0.238814
2.11597e-09	0.240147
2.11609e-09	0.24148
2.11621e-09	0.242812
2.11633e-09	0.244143
2.11645e-09	0.245474
2.11658e-09	0.246805
2.1167e-09	0.248135
2.11682e-09	0.249464
2.11694e-09	0.250794
2.11707e-09	0.252122
2.11719e-09	0.25345
2.11731e-09	0.254778
2.11743e-09	0.256105
2.11755e-09	0.257432
2.11768e-09	0.258758
2.1178e-09	0.260084
2.11792e-09	0.261409
2.11804e-09	0.262734
2.11817e-09	0.264058
2.11829e-09	0.265381
2.11841e-09	0.266704
2.11853e-09	0.268027
2.11865e-09	0.269349
2.11878e-09	0.27067
2.1189e-09	0.271991
2.11902e-09	0.273311
2.11914e-09	0.274631
2.11927e-09	0.27595
2.11939e-09	0.277268
2.11951e-09	0.278586
2.11963e-09	0.279904
2.11976e-09	0.28122
2.11988e-09	0.282536
2.12e-09	0.283852
2.12012e-09	0.285167
2.12024e-09	0.286481
2.12037e-09	0.287795
2.12049e-09	0.289108
2.12061e-09	0.29042
2.12073e-09	0.291732
2.12086e-09	0.293043
2.12098e-09	0.294354
2.1211e-09	0.295664
2.12122e-09	0.296973
2.12134e-09	0.298281
2.12147e-09	0.299589
2.12159e-09	0.300897
2.12171e-09	0.302203
2.12183e-09	0.303509
2.12196e-09	0.304814
2.12208e-09	0.306119
2.1222e-09	0.307422
2.12232e-09	0.308725
2.12244e-09	0.310028
2.12257e-09	0.311329
2.12269e-09	0.31263
2.12281e-09	0.313931
2.12293e-09	0.31523
2.12306e-09	0.316529
2.12318e-09	0.317827
2.1233e-09	0.319124
2.12342e-09	0.320421
2.12354e-09	0.321717
2.12367e-09	0.323012
2.12379e-09	0.324306
2.12391e-09	0.3256
2.12403e-09	0.326892
2.12416e-09	0.328184
2.12428e-09	0.329475
2.1244e-09	0.330766
2.12452e-09	0.332055
2.12464e-09	0.333344
2.12477e-09	0.334632
2.12489e-09	0.33592
2.12501e-09	0.337206
2.12513e-09	0.338492
2.12526e-09	0.339776
2.12538e-09	0.34106
2.1255e-09	0.342343
2.12562e-09	0.343626
2.12574e-09	0.344907
2.12587e-09	0.346188
2.12599e-09	0.347467
2.12611e-09	0.348746
2.12623e-09	0.350024
2.12636e-09	0.351302
2.12648e-09	0.352578
2.1266e-09	0.353853
2.12672e-09	0.355128
2.12684e-09	0.356401
2.12697e-09	0.357674
2.12709e-09	0.358946
2.12721e-09	0.360217
2.12733e-09	0.361487
2.12746e-09	0.362756
2.12758e-09	0.364024
2.1277e-09	0.365292
2.12782e-09	0.366558
2.12794e-09	0.367824
2.12807e-09	0.369088
2.12819e-09	0.370352
2.12831e-09	0.371614
2.12843e-09	0.372876
2.12856e-09	0.374137
2.12868e-09	0.375397
2.1288e-09	0.376655
2.12892e-09	0.377913
2.12905e-09	0.37917
2.12917e-09	0.380426
2.12929e-09	0.381681
2.12941e-09	0.382935
2.12953e-09	0.384188
2.12966e-09	0.38544
2.12978e-09	0.386691
2.1299e-09	0.387941
2.13002e-09	0.389189
2.13015e-09	0.390437
2.13027e-09	0.391684
2.13039e-09	0.39293
2.13051e-09	0.394175
2.13063e-09	0.395419
2.13076e-09	0.396661
2.13088e-09	0.397903
2.131e-09	0.399144
2.13112e-09	0.400383
2.13125e-09	0.401622
2.13137e-09	0.402859
2.13149e-09	0.404095
2.13161e-09	0.405331
2.13173e-09	0.406565
2.13186e-09	0.407798
2.13198e-09	0.40903
2.1321e-09	0.410261
2.13222e-09	0.411491
2.13235e-09	0.412719
2.13247e-09	0.413947
2.13259e-09	0.415174
2.13271e-09	0.416399
2.13283e-09	0.417623
2.13296e-09	0.418846
2.13308e-09	0.420068
2.1332e-09	0.421289
2.13332e-09	0.422509
2.13345e-09	0.423727
2.13357e-09	0.424945
2.13369e-09	0.426161
2.13381e-09	0.427376
2.13393e-09	0.42859
2.13406e-09	0.429803
2.13418e-09	0.431014
2.1343e-09	0.432224
2.13442e-09	0.433434
2.13455e-09	0.434642
2.13467e-09	0.435848
2.13479e-09	0.437054
2.13491e-09	0.438258
2.13503e-09	0.439461
2.13516e-09	0.440663
2.13528e-09	0.441864
2.1354e-09	0.443064
2.13552e-09	0.444262
2.13565e-09	0.445459
2.13577e-09	0.446655
2.13589e-09	0.447849
2.13601e-09	0.449042
2.13613e-09	0.450234
2.13626e-09	0.451425
2.13638e-09	0.452615
2.1365e-09	0.453803
2.13662e-09	0.45499
2.13675e-09	0.456176
2.13687e-09	0.45736
2.13699e-09	0.458543
2.13711e-09	0.459725
2.13723e-09	0.460905
2.13736e-09	0.462085
2.13748e-09	0.463262
2.1376e-09	0.464439
2.13772e-09	0.465614
2.13785e-09	0.466788
2.13797e-09	0.467961
2.13809e-09	0.469132
2.13821e-09	0.470302
2.13833e-09	0.471471
2.13846e-09	0.472638
2.13858e-09	0.473804
2.1387e-09	0.474968
2.13882e-09	0.476132
2.13895e-09	0.477293
2.13907e-09	0.478454
2.13919e-09	0.479613
2.13931e-09	0.480771
2.13944e-09	0.481927
2.13956e-09	0.483082
2.13968e-09	0.484235
2.1398e-09	0.485388
2.13992e-09	0.486538
2.14005e-09	0.487688
2.14017e-09	0.488836
2.14029e-09	0.489982
2.14041e-09	0.491127
2.14054e-09	0.492271
2.14066e-09	0.493413
2.14078e-09	0.494554
2.1409e-09	0.495693
2.14102e-09	0.496831
2.14115e-09	0.497968
2.14127e-09	0.499103
2.14139e-09	0.500236
2.14151e-09	0.501368
2.14164e-09	0.502499
2.14176e-09	0.503628
2.14188e-09	0.504756
2.142e-09	0.505882
2.14212e-09	0.507007
2.14225e-09	0.50813
2.14237e-09	0.509252
2.14249e-09	0.510372
2.14261e-09	0.511491
2.14274e-09	0.512608
2.14286e-09	0.513724
2.14298e-09	0.514838
2.1431e-09	0.51595
2.14322e-09	0.517062
2.14335e-09	0.518171
2.14347e-09	0.519279
2.14359e-09	0.520386
2.14371e-09	0.521491
2.14384e-09	0.522594
2.14396e-09	0.523696
2.14408e-09	0.524797
2.1442e-09	0.525895
2.14432e-09	0.526992
2.14445e-09	0.528088
2.14457e-09	0.529182
2.14469e-09	0.530275
2.14481e-09	0.531366
2.14494e-09	0.532455
2.14506e-09	0.533543
2.14518e-09	0.534629
2.1453e-09	0.535713
2.14542e-09	0.536796
2.14555e-09	0.537877
2.14567e-09	0.538957
2.14579e-09	0.540035
2.14591e-09	0.541112
2.14604e-09	0.542186
2.14616e-09	0.54326
2.14628e-09	0.544331
2.1464e-09	0.545401
2.14652e-09	0.546469
2.14665e-09	0.547536
2.14677e-09	0.548601
2.14689e-09	0.549664
2.14701e-09	0.550726
2.14714e-09	0.551786
2.14726e-09	0.552844
2.14738e-09	0.5539
2.1475e-09	0.554955
2.14762e-09	0.556009
2.14775e-09	0.55706
2.14787e-09	0.55811
2.14799e-09	0.559158
2.14811e-09	0.560205
2.14824e-09	0.561249
2.14836e-09	0.562292
2.14848e-09	0.563334
2.1486e-09	0.564373
2.14873e-09	0.565411
2.14885e-09	0.566447
2.14897e-09	0.567481
2.14909e-09	0.568514
2.14921e-09	0.569545
2.14934e-09	0.570574
2.14946e-09	0.571602
2.14958e-09	0.572627
2.1497e-09	0.573651
2.14983e-09	0.574673
2.14995e-09	0.575693
2.15007e-09	0.576712
2.15019e-09	0.577729
2.15031e-09	0.578744
2.15044e-09	0.579757
2.15056e-09	0.580769
2.15068e-09	0.581778
2.1508e-09	0.582786
2.15093e-09	0.583792
2.15105e-09	0.584796
2.15117e-09	0.585799
2.15129e-09	0.586799
2.15141e-09	0.587798
2.15154e-09	0.588795
2.15166e-09	0.58979
2.15178e-09	0.590784
2.1519e-09	0.591775
2.15203e-09	0.592765
2.15215e-09	0.593752
2.15227e-09	0.594738
2.15239e-09	0.595722
2.15251e-09	0.596705
2.15264e-09	0.597685
2.15276e-09	0.598664
2.15288e-09	0.59964
2.153e-09	0.600615
2.15313e-09	0.601588
2.15325e-09	0.602559
2.15337e-09	0.603528
2.15349e-09	0.604495
2.15361e-09	0.60546
2.15374e-09	0.606424
2.15386e-09	0.607385
2.15398e-09	0.608345
2.1541e-09	0.609303
2.15423e-09	0.610258
2.15435e-09	0.611212
2.15447e-09	0.612164
2.15459e-09	0.613114
2.15471e-09	0.614062
2.15484e-09	0.615008
2.15496e-09	0.615953
2.15508e-09	0.616895
2.1552e-09	0.617835
2.15533e-09	0.618774
2.15545e-09	0.61971
2.15557e-09	0.620645
2.15569e-09	0.621577
2.15581e-09	0.622508
2.15594e-09	0.623436
2.15606e-09	0.624363
2.15618e-09	0.625287
2.1563e-09	0.62621
2.15643e-09	0.62713
2.15655e-09	0.628049
2.15667e-09	0.628966
2.15679e-09	0.62988
2.15691e-09	0.630793
2.15704e-09	0.631704
2.15716e-09	0.632612
2.15728e-09	0.633519
2.1574e-09	0.634423
2.15753e-09	0.635326
2.15765e-09	0.636227
2.15777e-09	0.637125
2.15789e-09	0.638022
2.15801e-09	0.638916
2.15814e-09	0.639808
2.15826e-09	0.640699
2.15838e-09	0.641587
2.1585e-09	0.642473
2.15863e-09	0.643357
2.15875e-09	0.644239
2.15887e-09	0.64512
2.15899e-09	0.645998
2.15912e-09	0.646873
2.15924e-09	0.647747
2.15936e-09	0.648619
2.15948e-09	0.649489
2.1596e-09	0.650356
2.15973e-09	0.651222
2.15985e-09	0.652085
2.15997e-09	0.652946
2.16009e-09	0.653806
2.16022e-09	0.654663
2.16034e-09	0.655518
2.16046e-09	0.656371
2.16058e-09	0.657221
2.1607e-09	0.65807
2.16083e-09	0.658916
2.16095e-09	0.659761
2.16107e-09	0.660603
2.16119e-09	0.661443
2.16132e-09	0.662281
2.16144e-09	0.663117
2.16156e-09	0.663951
2.16168e-09	0.664782
2.1618e-09	0.665611
2.16193e-09	0.666439
2.16205e-09	0.667264
2.16217e-09	0.668086
2.16229e-09	0.668907
2.16242e-09	0.669726
2.16254e-09	0.670542
2.16266e-09	0.671356
2.16278e-09	0.672168
2.1629e-09	0.672978
2.16303e-09	0.673786
2.16315e-09	0.674591
2.16327e-09	0.675394
2.16339e-09	0.676195
2.16352e-09	0.676994
2.16364e-09	0.677791
2.16376e-09	0.678585
2.16388e-09	0.679377
2.164e-09	0.680167
2.16413e-09	0.680955
2.16425e-09	0.68174
2.16437e-09	0.682523
2.16449e-09	0.683304
2.16462e-09	0.684083
2.16474e-09	0.68486
2.16486e-09	0.685634
2.16498e-09	0.686406
2.1651e-09	0.687176
2.16523e-09	0.687944
2.16535e-09	0.688709
2.16547e-09	0.689472
2.16559e-09	0.690233
2.16572e-09	0.690991
2.16584e-09	0.691747
2.16596e-09	0.692501
2.16608e-09	0.693253
2.1662e-09	0.694002
2.16633e-09	0.694749
2.16645e-09	0.695494
2.16657e-09	0.696237
2.16669e-09	0.696977
2.16682e-09	0.697715
2.16694e-09	0.69845
2.16706e-09	0.699184
2.16718e-09	0.699915
2.1673e-09	0.700643
2.16743e-09	0.70137
2.16755e-09	0.702094
2.16767e-09	0.702815
2.16779e-09	0.703535
2.16792e-09	0.704252
2.16804e-09	0.704967
2.16816e-09	0.705679
2.16828e-09	0.706389
2.16841e-09	0.707097
2.16853e-09	0.707802
2.16865e-09	0.708505
2.16877e-09	0.709206
2.16889e-09	0.709904
2.16902e-09	0.7106
2.16914e-09	0.711294
2.16926e-09	0.711985
2.16938e-09	0.712674
2.16951e-09	0.71336
2.16963e-09	0.714044
2.16975e-09	0.714726
2.16987e-09	0.715405
2.16999e-09	0.716082
2.17012e-09	0.716757
2.17024e-09	0.717429
2.17036e-09	0.718099
2.17048e-09	0.718766
2.17061e-09	0.719431
2.17073e-09	0.720094
2.17085e-09	0.720754
2.17097e-09	0.721412
2.17109e-09	0.722067
2.17122e-09	0.72272
2.17134e-09	0.723371
2.17146e-09	0.724019
2.17158e-09	0.724665
2.17171e-09	0.725308
2.17183e-09	0.725949
2.17195e-09	0.726587
2.17207e-09	0.727223
2.17219e-09	0.727856
2.17232e-09	0.728487
2.17244e-09	0.729116
2.17256e-09	0.729742
2.17268e-09	0.730366
2.17281e-09	0.730987
2.17293e-09	0.731606
2.17305e-09	0.732222
2.17317e-09	0.732836
2.17329e-09	0.733448
2.17342e-09	0.734057
2.17354e-09	0.734663
2.17366e-09	0.735267
2.17378e-09	0.735869
2.17391e-09	0.736468
2.17403e-09	0.737064
2.17415e-09	0.737658
2.17427e-09	0.73825
2.17439e-09	0.738839
2.17452e-09	0.739426
2.17464e-09	0.74001
2.17476e-09	0.740591
2.17488e-09	0.74117
2.17501e-09	0.741747
2.17513e-09	0.742321
2.17525e-09	0.742893
2.17537e-09	0.743462
2.17549e-09	0.744028
2.17562e-09	0.744592
2.17574e-09	0.745154
2.17586e-09	0.745713
2.17598e-09	0.746269
2.17611e-09	0.746823
2.17623e-09	0.747374
2.17635e-09	0.747923
2.17647e-09	0.748469
2.17659e-09	0.749013
2.17672e-09	0.749554
2.17684e-09	0.750093
2.17696e-09	0.750629
2.17708e-09	0.751163
2.17721e-09	0.751693
2.17733e-09	0.752222
2.17745e-09	0.752748
2.17757e-09	0.753271
2.17769e-09	0.753792
2.17782e-09	0.75431
2.17794e-09	0.754826
2.17806e-09	0.755339
2.17818e-09	0.755849
2.17831e-09	0.756357
2.17843e-09	0.756862
2.17855e-09	0.757365
2.17867e-09	0.757865
2.1788e-09	0.758362
2.17892e-09	0.758857
2.17904e-09	0.75935
2.17916e-09	0.759839
2.17928e-09	0.760327
2.17941e-09	0.760811
2.17953e-09	0.761293
2.17965e-09	0.761772
2.17977e-09	0.762249
2.1799e-09	0.762723
2.18002e-09	0.763195
2.18014e-09	0.763663
2.18026e-09	0.76413
2.18038e-09	0.764593
2.18051e-09	0.765054
2.18063e-09	0.765513
2.18075e-09	0.765968
2.18087e-09	0.766421
2.181e-09	0.766872
2.18112e-09	0.76732
2.18124e-09	0.767765
2.18136e-09	0.768207
2.18148e-09	0.768647
2.18161e-09	0.769085
2.18173e-09	0.769519
2.18185e-09	0.769951
2.18197e-09	0.77038
2.1821e-09	0.770807
2.18222e-09	0.771231
2.18234e-09	0.771652
2.18246e-09	0.772071
2.18258e-09	0.772487
2.18271e-09	0.7729
2.18283e-09	0.773311
2.18295e-09	0.773719
2.18307e-09	0.774124
2.1832e-09	0.774527
2.18332e-09	0.774927
2.18344e-09	0.775324
2.18356e-09	0.775719
2.18368e-09	0.776111
2.18381e-09	0.7765
2.18393e-09	0.776887
2.18405e-09	0.77727
2.18417e-09	0.777652
2.1843e-09	0.77803
2.18442e-09	0.778406
2.18454e-09	0.778779
2.18466e-09	0.779149
2.18478e-09	0.779517
2.18491e-09	0.779882
2.18503e-09	0.780244
2.18515e-09	0.780604
2.18527e-09	0.780961
2.1854e-09	0.781315
2.18552e-09	0.781666
2.18564e-09	0.782015
2.18576e-09	0.782361
2.18588e-09	0.782704
2.18601e-09	0.783044
2.18613e-09	0.783382
2.18625e-09	0.783717
2.18637e-09	0.78405
2.1865e-09	0.784379
2.18662e-09	0.784706
2.18674e-09	0.78503
2.18686e-09	0.785352
2.18698e-09	0.78567
2.18711e-09	0.785986
2.18723e-09	0.786299
2.18735e-09	0.78661
2.18747e-09	0.786917
2.1876e-09	0.787222
2.18772e-09	0.787525
2.18784e-09	0.787824
2.18796e-09	0.788121
2.18809e-09	0.788415
2.18821e-09	0.788706
2.18833e-09	0.788994
2.18845e-09	0.78928
2.18857e-09	0.789563
2.1887e-09	0.789843
2.18882e-09	0.79012
2.18894e-09	0.790395
2.18906e-09	0.790666
2.18919e-09	0.790935
2.18931e-09	0.791202
2.18943e-09	0.791465
2.18955e-09	0.791726
2.18967e-09	0.791984
2.1898e-09	0.792239
2.18992e-09	0.792491
2.19004e-09	0.792741
2.19016e-09	0.792988
2.19029e-09	0.793232
2.19041e-09	0.793473
2.19053e-09	0.793711
2.19065e-09	0.793947
2.19077e-09	0.79418
2.1909e-09	0.79441
2.19102e-09	0.794637
2.19114e-09	0.794861
2.19126e-09	0.795083
2.19139e-09	0.795302
2.19151e-09	0.795518
2.19163e-09	0.795731
2.19175e-09	0.795942
2.19187e-09	0.796149
2.192e-09	0.796354
2.19212e-09	0.796556
2.19224e-09	0.796755
2.19236e-09	0.796952
2.19249e-09	0.797145
2.19261e-09	0.797336
2.19273e-09	0.797524
2.19285e-09	0.797709
2.19297e-09	0.797891
2.1931e-09	0.798071
2.19322e-09	0.798247
2.19334e-09	0.798421
2.19346e-09	0.798592
2.19359e-09	0.79876
2.19371e-09	0.798925
2.19383e-09	0.799088
2.19395e-09	0.799248
2.19407e-09	0.799404
2.1942e-09	0.799558
2.19432e-09	0.799709
2.19444e-09	0.799858
2.19456e-09	0.800003
2.19469e-09	0.800146
2.19481e-09	0.800286
2.19493e-09	0.800423
2.19505e-09	0.800557
2.19517e-09	0.800688
2.1953e-09	0.800816
2.19542e-09	0.800942
2.19554e-09	0.801065
2.19566e-09	0.801185
2.19579e-09	0.801302
2.19591e-09	0.801416
2.19603e-09	0.801527
2.19615e-09	0.801636
2.19627e-09	0.801741
2.1964e-09	0.801844
2.19652e-09	0.801944
2.19664e-09	0.802041
2.19676e-09	0.802135
2.19689e-09	0.802226
2.19701e-09	0.802315
2.19713e-09	0.8024
2.19725e-09	0.802483
2.19737e-09	0.802563
2.1975e-09	0.80264
2.19762e-09	0.802714
2.19774e-09	0.802785
2.19786e-09	0.802854
2.19799e-09	0.802919
2.19811e-09	0.802982
2.19823e-09	0.803041
2.19835e-09	0.803098
2.19848e-09	0.803152
2.1986e-09	0.803203
2.19872e-09	0.803252
2.19884e-09	0.803297
2.19896e-09	0.80334
2.19909e-09	0.803379
2.19921e-09	0.803416
2.19933e-09	0.80345
2.19945e-09	0.803481
2.19958e-09	0.803509
2.1997e-09	0.803534
2.19982e-09	0.803556
2.19994e-09	0.803576
2.20006e-09	0.803592
2.20019e-09	0.803606
2.20031e-09	0.803617
2.20043e-09	0.803625
2.20055e-09	0.80363
2.20068e-09	0.803632
2.2008e-09	0.803631
2.20092e-09	0.803627
2.20104e-09	0.803621
2.20116e-09	0.803611
2.20129e-09	0.803599
2.20141e-09	0.803584
2.20153e-09	0.803566
2.20165e-09	0.803545
2.20178e-09	0.803521
2.2019e-09	0.803494
2.20202e-09	0.803464
2.20214e-09	0.803432
2.20226e-09	0.803396
2.20239e-09	0.803358
2.20251e-09	0.803316
2.20263e-09	0.803272
2.20275e-09	0.803225
2.20288e-09	0.803175
2.203e-09	0.803122
2.20312e-09	0.803066
2.20324e-09	0.803007
2.20336e-09	0.802946
2.20349e-09	0.802881
2.20361e-09	0.802814
2.20373e-09	0.802743
2.20385e-09	0.80267
2.20398e-09	0.802594
2.2041e-09	0.802515
2.20422e-09	0.802433
2.20434e-09	0.802348
2.20446e-09	0.80226
2.20459e-09	0.80217
2.20471e-09	0.802076
2.20483e-09	0.801979
2.20495e-09	0.80188
2.20508e-09	0.801778
2.2052e-09	0.801672
2.20532e-09	0.801564
2.20544e-09	0.801453
2.20556e-09	0.801339
2.20569e-09	0.801222
2.20581e-09	0.801102
2.20593e-09	0.80098
2.20605e-09	0.800854
2.20618e-09	0.800725
2.2063e-09	0.800594
2.20642e-09	0.80046
2.20654e-09	0.800322
2.20666e-09	0.800182
2.20679e-09	0.800039
2.20691e-09	0.799893
2.20703e-09	0.799744
2.20715e-09	0.799592
2.20728e-09	0.799437
2.2074e-09	0.799279
2.20752e-09	0.799119
2.20764e-09	0.798955
2.20776e-09	0.798789
2.20789e-09	0.798619
2.20801e-09	0.798447
2.20813e-09	0.798272
2.20825e-09	0.798094
2.20838e-09	0.797913
2.2085e-09	0.797729
2.20862e-09	0.797542
2.20874e-09	0.797352
2.20887e-09	0.797159
2.20899e-09	0.796964
2.20911e-09	0.796765
2.20923e-09	0.796564
2.20935e-09	0.796359
2.20948e-09	0.796152
2.2096e-09	0.795942
2.20972e-09	0.795729
2.20984e-09	0.795513
2.20997e-09	0.795294
2.21009e-09	0.795072
2.21021e-09	0.794847
2.21033e-09	0.794619
2.21045e-09	0.794389
2.21058e-09	0.794155
2.2107e-09	0.793919
2.21082e-09	0.793679
2.21094e-09	0.793437
2.21107e-09	0.793192
2.21119e-09	0.792944
2.21131e-09	0.792693
2.21143e-09	0.792439
2.21155e-09	0.792182
2.21168e-09	0.791922
2.2118e-09	0.791659
2.21192e-09	0.791394
2.21204e-09	0.791125
2.21217e-09	0.790854
2.21229e-09	0.790579
2.21241e-09	0.790302
2.21253e-09	0.790022
2.21265e-09	0.789739
2.21278e-09	0.789453
2.2129e-09	0.789164
2.21302e-09	0.788872
2.21314e-09	0.788577
2.21327e-09	0.78828
2.21339e-09	0.787979
2.21351e-09	0.787676
2.21363e-09	0.787369
2.21375e-09	0.78706
2.21388e-09	0.786748
2.214e-09	0.786433
2.21412e-09	0.786115
2.21424e-09	0.785794
2.21437e-09	0.78547
2.21449e-09	0.785143
2.21461e-09	0.784813
2.21473e-09	0.784481
2.21485e-09	0.784145
2.21498e-09	0.783807
2.2151e-09	0.783466
2.21522e-09	0.783121
2.21534e-09	0.782774
2.21547e-09	0.782424
2.21559e-09	0.782071
2.21571e-09	0.781716
2.21583e-09	0.781357
2.21595e-09	0.780995
2.21608e-09	0.780631
2.2162e-09	0.780263
2.21632e-09	0.779893
2.21644e-09	0.77952
2.21657e-09	0.779144
2.21669e-09	0.778765
2.21681e-09	0.778383
2.21693e-09	0.777998
2.21705e-09	0.777611
2.21718e-09	0.77722
2.2173e-09	0.776827
2.21742e-09	0.77643
2.21754e-09	0.776031
2.21767e-09	0.775629
2.21779e-09	0.775224
2.21791e-09	0.774816
2.21803e-09	0.774405
2.21816e-09	0.773991
2.21828e-09	0.773575
2.2184e-09	0.773155
2.21852e-09	0.772733
2.21864e-09	0.772308
2.21877e-09	0.77188
2.21889e-09	0.771449
2.21901e-09	0.771015
2.21913e-09	0.770578
2.21926e-09	0.770138
2.21938e-09	0.769696
2.2195e-09	0.76925
2.21962e-09	0.768802
2.21974e-09	0.768351
2.21987e-09	0.767897
2.21999e-09	0.76744
2.22011e-09	0.76698
2.22023e-09	0.766518
2.22036e-09	0.766052
2.22048e-09	0.765584
2.2206e-09	0.765112
2.22072e-09	0.764638
2.22084e-09	0.764161
2.22097e-09	0.763681
2.22109e-09	0.763198
2.22121e-09	0.762713
2.22133e-09	0.762224
2.22146e-09	0.761733
2.22158e-09	0.761239
2.2217e-09	0.760742
2.22182e-09	0.760242
2.22194e-09	0.759739
2.22207e-09	0.759234
2.22219e-09	0.758725
2.22231e-09	0.758214
2.22243e-09	0.757699
2.22256e-09	0.757182
2.22268e-09	0.756663
2.2228e-09	0.75614
2.22292e-09	0.755614
2.22304e-09	0.755086
2.22317e-09	0.754554
2.22329e-09	0.75402
2.22341e-09	0.753483
2.22353e-09	0.752944
2.22366e-09	0.752401
2.22378e-09	0.751855
2.2239e-09	0.751307
2.22402e-09	0.750756
2.22414e-09	0.750202
2.22427e-09	0.749645
2.22439e-09	0.749085
2.22451e-09	0.748523
2.22463e-09	0.747957
2.22476e-09	0.747389
2.22488e-09	0.746818
2.225e-09	0.746244
2.22512e-09	0.745668
2.22524e-09	0.745088
2.22537e-09	0.744506
2.22549e-09	0.743921
2.22561e-09	0.743333
2.22573e-09	0.742742
2.22586e-09	0.742149
2.22598e-09	0.741552
2.2261e-09	0.740953
2.22622e-09	0.740351
2.22634e-09	0.739746
2.22647e-09	0.739139
2.22659e-09	0.738528
2.22671e-09	0.737915
2.22683e-09	0.737299
2.22696e-09	0.73668
2.22708e-09	0.736058
2.2272e-09	0.735434
2.22732e-09	0.734807
2.22744e-09	0.734177
2.22757e-09	0.733544
2.22769e-09	0.732908
2.22781e-09	0.73227
2.22793e-09	0.731629
2.22806e-09	0.730985
2.22818e-09	0.730338
2.2283e-09	0.729688
2.22842e-09	0.729036
2.22855e-09	0.728381
2.22867e-09	0.727723
2.22879e-09	0.727062
2.22891e-09	0.726399
2.22903e-09	0.725733
2.22916e-09	0.725064
2.22928e-09	0.724392
2.2294e-09	0.723717
2.22952e-09	0.72304
2.22965e-09	0.72236
2.22977e-09	0.721677
2.22989e-09	0.720992
2.23001e-09	0.720303
2.23013e-09	0.719612
2.23026e-09	0.718918
2.23038e-09	0.718222
2.2305e-09	0.717522
2.23062e-09	0.71682
2.23075e-09	0.716115
2.23087e-09	0.715408
2.23099e-09	0.714697
2.23111e-09	0.713984
2.23123e-09	0.713268
2.23136e-09	0.71255
2.23148e-09	0.711829
2.2316e-09	0.711105
2.23172e-09	0.710378
2.23185e-09	0.709648
2.23197e-09	0.708916
2.23209e-09	0.708181
2.23221e-09	0.707443
2.23233e-09	0.706703
2.23246e-09	0.70596
2.23258e-09	0.705214
2.2327e-09	0.704466
2.23282e-09	0.703714
2.23295e-09	0.70296
2.23307e-09	0.702204
2.23319e-09	0.701444
2.23331e-09	0.700682
2.23343e-09	0.699917
2.23356e-09	0.69915
2.23368e-09	0.69838
2.2338e-09	0.697607
2.23392e-09	0.696831
2.23405e-09	0.696053
2.23417e-09	0.695272
2.23429e-09	0.694488
2.23441e-09	0.693702
2.23453e-09	0.692913
2.23466e-09	0.692121
2.23478e-09	0.691327
2.2349e-09	0.69053
2.23502e-09	0.68973
2.23515e-09	0.688928
2.23527e-09	0.688122
2.23539e-09	0.687315
2.23551e-09	0.686504
2.23563e-09	0.685691
2.23576e-09	0.684875
2.23588e-09	0.684057
2.236e-09	0.683236
2.23612e-09	0.682412
2.23625e-09	0.681586
2.23637e-09	0.680757
2.23649e-09	0.679925
2.23661e-09	0.679091
2.23673e-09	0.678254
2.23686e-09	0.677415
2.23698e-09	0.676573
2.2371e-09	0.675728
2.23722e-09	0.67488
2.23735e-09	0.67403
2.23747e-09	0.673177
2.23759e-09	0.672322
2.23771e-09	0.671464
2.23784e-09	0.670604
2.23796e-09	0.66974
2.23808e-09	0.668875
2.2382e-09	0.668006
2.23832e-09	0.667135
2.23845e-09	0.666262
2.23857e-09	0.665385
2.23869e-09	0.664506
2.23881e-09	0.663625
2.23894e-09	0.662741
2.23906e-09	0.661854
2.23918e-09	0.660965
2.2393e-09	0.660073
2.23942e-09	0.659179
2.23955e-09	0.658282
2.23967e-09	0.657383
2.23979e-09	0.65648
2.23991e-09	0.655576
2.24004e-09	0.654669
2.24016e-09	0.653759
2.24028e-09	0.652846
2.2404e-09	0.651931
2.24052e-09	0.651014
2.24065e-09	0.650094
2.24077e-09	0.649171
2.24089e-09	0.648246
2.24101e-09	0.647318
2.24114e-09	0.646388
2.24126e-09	0.645455
2.24138e-09	0.64452
2.2415e-09	0.643582
2.24162e-09	0.642642
2.24175e-09	0.641699
2.24187e-09	0.640753
2.24199e-09	0.639805
2.24211e-09	0.638855
2.24224e-09	0.637902
2.24236e-09	0.636946
2.24248e-09	0.635988
2.2426e-09	0.635027
2.24272e-09	0.634064
2.24285e-09	0.633099
2.24297e-09	0.632131
2.24309e-09	0.63116
2.24321e-09	0.630187
2.24334e-09	0.629211
2.24346e-09	0.628233
2.24358e-09	0.627253
2.2437e-09	0.62627
2.24382e-09	0.625284
2.24395e-09	0.624296
2.24407e-09	0.623306
2.24419e-09	0.622313
2.24431e-09	0.621317
2.24444e-09	0.620319
2.24456e-09	0.619319
2.24468e-09	0.618316
2.2448e-09	0.617311
2.24492e-09	0.616303
2.24505e-09	0.615293
2.24517e-09	0.614281
2.24529e-09	0.613265
2.24541e-09	0.612248
2.24554e-09	0.611228
2.24566e-09	0.610206
2.24578e-09	0.609181
2.2459e-09	0.608154
2.24602e-09	0.607124
2.24615e-09	0.606092
2.24627e-09	0.605057
2.24639e-09	0.60402
2.24651e-09	0.602981
2.24664e-09	0.601939
2.24676e-09	0.600895
2.24688e-09	0.599849
2.247e-09	0.5988
2.24712e-09	0.597748
2.24725e-09	0.596695
2.24737e-09	0.595639
2.24749e-09	0.59458
2.24761e-09	0.593519
2.24774e-09	0.592456
2.24786e-09	0.59139
2.24798e-09	0.590322
2.2481e-09	0.589252
2.24823e-09	0.588179
2.24835e-09	0.587104
2.24847e-09	0.586027
2.24859e-09	0.584947
2.24871e-09	0.583865
2.24884e-09	0.58278
2.24896e-09	0.581693
2.24908e-09	0.580604
2.2492e-09	0.579512
2.24933e-09	0.578418
2.24945e-09	0.577322
2.24957e-09	0.576224
2.24969e-09	0.575123
2.24981e-09	0.57402
2.24994e-09	0.572914
2.25006e-09	0.571806
2.25018e-09	0.570696
2.2503e-09	0.569584
2.25043e-09	0.568469
2.25055e-09	0.567352
2.25067e-09	0.566233
2.25079e-09	0.565111
2.25091e-09	0.563987
2.25104e-09	0.562861
2.25116e-09	0.561733
2.25128e-09	0.560602
2.2514e-09	0.559469
2.25153e-09	0.558334
2.25165e-09	0.557196
2.25177e-09	0.556056
2.25189e-09	0.554914
2.25201e-09	0.55377
2.25214e-09	0.552623
2.25226e-09	0.551474
2.25238e-09	0.550323
2.2525e-09	0.54917
2.25263e-09	0.548014
2.25275e-09	0.546857
2.25287e-09	0.545697
2.25299e-09	0.544534
2.25311e-09	0.54337
2.25324e-09	0.542203
2.25336e-09	0.541034
2.25348e-09	0.539863
2.2536e-09	0.53869
2.25373e-09	0.537514
2.25385e-09	0.536337
2.25397e-09	0.535157
2.25409e-09	0.533975
2.25421e-09	0.53279
2.25434e-09	0.531604
2.25446e-09	0.530415
2.25458e-09	0.529224
2.2547e-09	0.528031
2.25483e-09	0.526836
2.25495e-09	0.525639
2.25507e-09	0.524439
2.25519e-09	0.523238
2.25531e-09	0.522034
2.25544e-09	0.520828
2.25556e-09	0.51962
2.25568e-09	0.518409
2.2558e-09	0.517197
2.25593e-09	0.515983
2.25605e-09	0.514766
2.25617e-09	0.513547
2.25629e-09	0.512326
2.25641e-09	0.511103
2.25654e-09	0.509878
2.25666e-09	0.508651
2.25678e-09	0.507422
2.2569e-09	0.50619
2.25703e-09	0.504957
2.25715e-09	0.503721
2.25727e-09	0.502483
2.25739e-09	0.501244
2.25752e-09	0.500002
2.25764e-09	0.498758
2.25776e-09	0.497512
2.25788e-09	0.496264
2.258e-09	0.495014
2.25813e-09	0.493761
2.25825e-09	0.492507
2.25837e-09	0.491251
2.25849e-09	0.489992
2.25862e-09	0.488732
2.25874e-09	0.487469
2.25886e-09	0.486205
2.25898e-09	0.484938
2.2591e-09	0.48367
2.25923e-09	0.482399
2.25935e-09	0.481127
2.25947e-09	0.479852
2.25959e-09	0.478576
2.25972e-09	0.477297
2.25984e-09	0.476016
2.25996e-09	0.474734
2.26008e-09	0.473449
2.2602e-09	0.472163
2.26033e-09	0.470874
2.26045e-09	0.469583
2.26057e-09	0.468291
2.26069e-09	0.466996
2.26082e-09	0.4657
2.26094e-09	0.464402
2.26106e-09	0.463101
2.26118e-09	0.461799
2.2613e-09	0.460495
2.26143e-09	0.459188
2.26155e-09	0.45788
2.26167e-09	0.45657
2.26179e-09	0.455258
2.26192e-09	0.453944
2.26204e-09	0.452628
2.26216e-09	0.45131
2.26228e-09	0.449991
2.2624e-09	0.448669
2.26253e-09	0.447345
2.26265e-09	0.44602
2.26277e-09	0.444693
2.26289e-09	0.443363
2.26302e-09	0.442032
2.26314e-09	0.440699
2.26326e-09	0.439364
2.26338e-09	0.438028
2.2635e-09	0.436689
2.26363e-09	0.435349
2.26375e-09	0.434006
2.26387e-09	0.432662
2.26399e-09	0.431316
2.26412e-09	0.429968
2.26424e-09	0.428618
2.26436e-09	0.427267
2.26448e-09	0.425913
2.2646e-09	0.424558
2.26473e-09	0.423201
2.26485e-09	0.421842
2.26497e-09	0.420481
2.26509e-09	0.419119
2.26522e-09	0.417755
2.26534e-09	0.416389
2.26546e-09	0.415021
2.26558e-09	0.413651
2.2657e-09	0.412279
2.26583e-09	0.410906
2.26595e-09	0.409531
2.26607e-09	0.408154
2.26619e-09	0.406776
2.26632e-09	0.405395
2.26644e-09	0.404013
2.26656e-09	0.402629
2.26668e-09	0.401244
2.2668e-09	0.399856
2.26693e-09	0.398467
2.26705e-09	0.397076
2.26717e-09	0.395684
2.26729e-09	0.394289
2.26742e-09	0.392893
2.26754e-09	0.391496
2.26766e-09	0.390096
2.26778e-09	0.388695
2.26791e-09	0.387292
2.26803e-09	0.385888
2.26815e-09	0.384481
2.26827e-09	0.383073
2.26839e-09	0.381664
2.26852e-09	0.380253
2.26864e-09	0.37884
2.26876e-09	0.377425
2.26888e-09	0.376009
2.26901e-09	0.374591
2.26913e-09	0.373171
2.26925e-09	0.37175
2.26937e-09	0.370327
2.26949e-09	0.368902
2.26962e-09	0.367476
2.26974e-09	0.366048
2.26986e-09	0.364619
2.26998e-09	0.363188
2.27011e-09	0.361755
2.27023e-09	0.360321
2.27035e-09	0.358885
2.27047e-09	0.357447
2.27059e-09	0.356008
2.27072e-09	0.354568
2.27084e-09	0.353125
2.27096e-09	0.351682
2.27108e-09	0.350236
2.27121e-09	0.348789
2.27133e-09	0.347341
2.27145e-09	0.34589
2.27157e-09	0.344439
2.27169e-09	0.342985
2.27182e-09	0.341531
2.27194e-09	0.340074
2.27206e-09	0.338617
2.27218e-09	0.337157
2.27231e-09	0.335696
2.27243e-09	0.334234
2.27255e-09	0.33277
2.27267e-09	0.331304
2.27279e-09	0.329837
2.27292e-09	0.328369
2.27304e-09	0.326899
2.27316e-09	0.325428
2.27328e-09	0.323955
2.27341e-09	0.32248
2.27353e-09	0.321004
2.27365e-09	0.319527
2.27377e-09	0.318048
2.27389e-09	0.316568
2.27402e-09	0.315086
2.27414e-09	0.313603
2.27426e-09	0.312118
2.27438e-09	0.310632
2.27451e-09	0.309145
2.27463e-09	0.307656
2.27475e-09	0.306165
2.27487e-09	0.304674
2.27499e-09	0.30318
2.27512e-09	0.301686
2.27524e-09	0.30019
2.27536e-09	0.298692
2.27548e-09	0.297194
2.27561e-09	0.295694
2.27573e-09	0.294192
2.27585e-09	0.292689
2.27597e-09	0.291185
2.27609e-09	0.289679
2.27622e-09	0.288172
2.27634e-09	0.286664
2.27646e-09	0.285154
2.27658e-09	0.283643
2.27671e-09	0.28213
2.27683e-09	0.280617
2.27695e-09	0.279102
2.27707e-09	0.277585
2.2772e-09	0.276067
2.27732e-09	0.274548
2.27744e-09	0.273028
2.27756e-09	0.271506
2.27768e-09	0.269983
2.27781e-09	0.268459
2.27793e-09	0.266934
2.27805e-09	0.265407
2.27817e-09	0.263879
2.2783e-09	0.262349
2.27842e-09	0.260819
2.27854e-09	0.259287
2.27866e-09	0.257754
2.27878e-09	0.256219
2.27891e-09	0.254684
2.27903e-09	0.253147
2.27915e-09	0.251609
2.27927e-09	0.250069
2.2794e-09	0.248529
2.27952e-09	0.246987
2.27964e-09	0.245444
2.27976e-09	0.2439
2.27988e-09	0.242354
2.28001e-09	0.240808
2.28013e-09	0.23926
2.28025e-09	0.237711
2.28037e-09	0.236161
2.2805e-09	0.234609
2.28062e-09	0.233057
2.28074e-09	0.231503
2.28086e-09	0.229948
2.28098e-09	0.228392
2.28111e-09	0.226835
2.28123e-09	0.225277
2.28135e-09	0.223718
2.28147e-09	0.222157
2.2816e-09	0.220595
2.28172e-09	0.219033
2.28184e-09	0.217469
2.28196e-09	0.215904
2.28208e-09	0.214338
2.28221e-09	0.21277
2.28233e-09	0.211202
2.28245e-09	0.209633
2.28257e-09	0.208062
2.2827e-09	0.206491
2.28282e-09	0.204918
2.28294e-09	0.203345
2.28306e-09	0.20177
2.28318e-09	0.200194
2.28331e-09	0.198617
2.28343e-09	0.197039
2.28355e-09	0.19546
2.28367e-09	0.193881
2.2838e-09	0.1923
2.28392e-09	0.190718
2.28404e-09	0.189135
2.28416e-09	0.187551
2.28428e-09	0.185966
2.28441e-09	0.18438
2.28453e-09	0.182793
2.28465e-09	0.181205
2.28477e-09	0.179616
2.2849e-09	0.178026
2.28502e-09	0.176435
2.28514e-09	0.174843
2.28526e-09	0.17325
2.28538e-09	0.171656
2.28551e-09	0.170062
2.28563e-09	0.168466
2.28575e-09	0.166869
2.28587e-09	0.165272
2.286e-09	0.163674
2.28612e-09	0.162074
2.28624e-09	0.160474
2.28636e-09	0.158873
2.28648e-09	0.157271
2.28661e-09	0.155668
2.28673e-09	0.154064
2.28685e-09	0.152459
2.28697e-09	0.150853
2.2871e-09	0.149247
2.28722e-09	0.147639
2.28734e-09	0.146031
2.28746e-09	0.144422
2.28759e-09	0.142812
2.28771e-09	0.141201
2.28783e-09	0.13959
2.28795e-09	0.137977
2.28807e-09	0.136364
2.2882e-09	0.13475
2.28832e-09	0.133135
2.28844e-09	0.131519
2.28856e-09	0.129903
2.28869e-09	0.128286
2.28881e-09	0.126667
2.28893e-09	0.125049
2.28905e-09	0.123429
2.28917e-09	0.121808
2.2893e-09	0.120187
2.28942e-09	0.118565
2.28954e-09	0.116942
2.28966e-09	0.115319
2.28979e-09	0.113695
2.28991e-09	0.11207
2.29003e-09	0.110444
2.29015e-09	0.108818
2.29027e-09	0.10719
2.2904e-09	0.105563
2.29052e-09	0.103934
2.29064e-09	0.102305
2.29076e-09	0.100675
2.29089e-09	0.0990439
2.29101e-09	0.0974126
2.29113e-09	0.0957805
2.29125e-09	0.0941478
2.29137e-09	0.0925144
2.2915e-09	0.0908803
2.29162e-09	0.0892456
2.29174e-09	0.0876102
2.29186e-09	0.0859742
2.29199e-09	0.0843375
2.29211e-09	0.0827002
2.29223e-09	0.0810623
2.29235e-09	0.0794237
2.29247e-09	0.0777845
2.2926e-09	0.0761448
2.29272e-09	0.0745044
2.29284e-09	0.0728634
2.29296e-09	0.0712218
2.29309e-09	0.0695797
2.29321e-09	0.0679369
2.29333e-09	0.0662936
2.29345e-09	0.0646497
2.29357e-09	0.0630052
2.2937e-09	0.0613602
2.29382e-09	0.0597147
2.29394e-09	0.0580686
2.29406e-09	0.0564219
2.29419e-09	0.0547747
2.29431e-09	0.053127
2.29443e-09	0.0514788
2.29455e-09	0.04983
2.29467e-09	0.0481808
2.2948e-09	0.046531
2.29492e-09	0.0448807
2.29504e-09	0.04323
2.29516e-09	0.0415787
2.29529e-09	0.039927
2.29541e-09	0.0382748
2.29553e-09	0.0366221
2.29565e-09	0.034969
2.29577e-09	0.0333154
2.2959e-09	0.0316614
2.29602e-09	0.0300069
2.29614e-09	0.028352
2.29626e-09	0.0266966
2.29639e-09	0.0250408
2.29651e-09	0.0233846
2.29663e-09	0.021728
2.29675e-09	0.020071
2.29688e-09	0.0184136
2.297e-09	0.0167557
2.29712e-09	0.0150975
2.29724e-09	0.0134389
2.29736e-09	0.0117799
2.29749e-09	0.0101206
2.29761e-09	0.00846087
2.29773e-09	0.00680079
2.29785e-09	0.00514036
2.29798e-09	0.00347958
2.2981e-09	0.00181845
2.29822e-09	0.00015699
2.29834e-09	-0.0015048
2.29846e-09	-0.00316692
2.29859e-09	-0.00482936
2.29871e-09	-0.0064921
2.29883e-09	-0.00815516
2.29895e-09	-0.00981851
2.29908e-09	-0.0114822
2.2992e-09	-0.0131461
2.29932e-09	-0.0148103
2.29944e-09	-0.0164748
2.29956e-09	-0.0181396
2.29969e-09	-0.0198046
2.29981e-09	-0.0214699
2.29993e-09	-0.0231354
2.30005e-09	-0.0248012
2.30018e-09	-0.0264673
2.3003e-09	-0.0281335
2.30042e-09	-0.0298
2.30054e-09	-0.0314667
2.30066e-09	-0.0331336
2.30079e-09	-0.0348008
2.30091e-09	-0.0364681
2.30103e-09	-0.0381356
2.30115e-09	-0.0398034
2.30128e-09	-0.0414713
2.3014e-09	-0.0431394
2.30152e-09	-0.0448076
2.30164e-09	-0.0464761
2.30176e-09	-0.0481447
2.30189e-09	-0.0498134
2.30201e-09	-0.0514823
2.30213e-09	-0.0531513
2.30225e-09	-0.0548205
2.30238e-09	-0.0564898
2.3025e-09	-0.0581592
2.30262e-09	-0.0598288
2.30274e-09	-0.0614985
2.30286e-09	-0.0631682
2.30299e-09	-0.0648381
2.30311e-09	-0.066508
2.30323e-09	-0.0681781
2.30335e-09	-0.0698482
2.30348e-09	-0.0715184
2.3036e-09	-0.0731887
2.30372e-09	-0.074859
2.30384e-09	-0.0765294
2.30396e-09	-0.0781999
2.30409e-09	-0.0798704
2.30421e-09	-0.0815409
2.30433e-09	-0.0832114
2.30445e-09	-0.084882
2.30458e-09	-0.0865526
2.3047e-09	-0.0882232
2.30482e-09	-0.0898939
2.30494e-09	-0.0915645
2.30506e-09	-0.0932351
2.30519e-09	-0.0949057
2.30531e-09	-0.0965763
2.30543e-09	-0.0982469
2.30555e-09	-0.0999175
2.30568e-09	-0.101588
2.3058e-09	-0.103258
2.30592e-09	-0.104929
2.30604e-09	-0.106599
2.30616e-09	-0.10827
2.30629e-09	-0.10994
2.30641e-09	-0.11161
2.30653e-09	-0.11328
2.30665e-09	-0.11495
2.30678e-09	-0.11662
2.3069e-09	-0.11829
2.30702e-09	-0.11996
2.30714e-09	-0.121629
2.30727e-09	-0.123299
2.30739e-09	-0.124968
2.30751e-09	-0.126637
2.30763e-09	-0.128306
2.30775e-09	-0.129975
2.30788e-09	-0.131644
2.308e-09	-0.133313
2.30812e-09	-0.134981
2.30824e-09	-0.13665
2.30837e-09	-0.138318
2.30849e-09	-0.139986
2.30861e-09	-0.141654
2.30873e-09	-0.143322
2.30885e-09	-0.144989
2.30898e-09	-0.146656
2.3091e-09	-0.148323
2.30922e-09	-0.14999
2.30934e-09	-0.151657
2.30947e-09	-0.153323
2.30959e-09	-0.154989
2.30971e-09	-0.156655
2.30983e-09	-0.158321
2.30995e-09	-0.159986
2.31008e-09	-0.161651
2.3102e-09	-0.163316
2.31032e-09	-0.164981
2.31044e-09	-0.166645
2.31057e-09	-0.168309
2.31069e-09	-0.169973
2.31081e-09	-0.171637
2.31093e-09	-0.1733
2.31105e-09	-0.174963
2.31118e-09	-0.176625
2.3113e-09	-0.178288
2.31142e-09	-0.17995
2.31154e-09	-0.181611
2.31167e-09	-0.183273
2.31179e-09	-0.184933
2.31191e-09	-0.186594
2.31203e-09	-0.188254
2.31215e-09	-0.189914
2.31228e-09	-0.191574
2.3124e-09	-0.193233
2.31252e-09	-0.194892
2.31264e-09	-0.19655
2.31277e-09	-0.198208
2.31289e-09	-0.199865
2.31301e-09	-0.201523
2.31313e-09	-0.203179
2.31325e-09	-0.204836
2.31338e-09	-0.206492
2.3135e-09	-0.208147
2.31362e-09	-0.209802
2.31374e-09	-0.211457
2.31387e-09	-0.213111
2.31399e-09	-0.214765
2.31411e-09	-0.216418
2.31423e-09	-0.218071
2.31435e-09	-0.219723
2.31448e-09	-0.221375
2.3146e-09	-0.223026
2.31472e-09	-0.224677
2.31484e-09	-0.226327
2.31497e-09	-0.227977
2.31509e-09	-0.229627
2.31521e-09	-0.231276
2.31533e-09	-0.232924
2.31545e-09	-0.234572
2.31558e-09	-0.236219
2.3157e-09	-0.237866
2.31582e-09	-0.239512
2.31594e-09	-0.241158
2.31607e-09	-0.242803
2.31619e-09	-0.244447
2.31631e-09	-0.246091
2.31643e-09	-0.247734
2.31656e-09	-0.249377
2.31668e-09	-0.251019
2.3168e-09	-0.252661
2.31692e-09	-0.254302
2.31704e-09	-0.255942
2.31717e-09	-0.257582
2.31729e-09	-0.259221
2.31741e-09	-0.26086
2.31753e-09	-0.262498
2.31766e-09	-0.264135
2.31778e-09	-0.265772
2.3179e-09	-0.267408
2.31802e-09	-0.269043
2.31814e-09	-0.270678
2.31827e-09	-0.272312
2.31839e-09	-0.273945
2.31851e-09	-0.275577
2.31863e-09	-0.277209
2.31876e-09	-0.278841
2.31888e-09	-0.280471
2.319e-09	-0.282101
2.31912e-09	-0.28373
2.31924e-09	-0.285359
2.31937e-09	-0.286986
2.31949e-09	-0.288613
2.31961e-09	-0.29024
2.31973e-09	-0.291865
2.31986e-09	-0.29349
2.31998e-09	-0.295114
2.3201e-09	-0.296737
2.32022e-09	-0.298359
2.32034e-09	-0.299981
2.32047e-09	-0.301602
2.32059e-09	-0.303222
2.32071e-09	-0.304842
2.32083e-09	-0.30646
2.32096e-09	-0.308078
2.32108e-09	-0.309695
2.3212e-09	-0.311311
2.32132e-09	-0.312926
2.32144e-09	-0.314541
2.32157e-09	-0.316154
2.32169e-09	-0.317767
2.32181e-09	-0.319379
2.32193e-09	-0.32099
2.32206e-09	-0.3226
2.32218e-09	-0.32421
2.3223e-09	-0.325818
2.32242e-09	-0.327426
2.32254e-09	-0.329033
2.32267e-09	-0.330639
2.32279e-09	-0.332244
2.32291e-09	-0.333848
2.32303e-09	-0.335451
2.32316e-09	-0.337053
2.32328e-09	-0.338655
2.3234e-09	-0.340255
2.32352e-09	-0.341854
2.32364e-09	-0.343453
2.32377e-09	-0.345051
2.32389e-09	-0.346647
2.32401e-09	-0.348243
2.32413e-09	-0.349838
2.32426e-09	-0.351432
2.32438e-09	-0.353024
2.3245e-09	-0.354616
2.32462e-09	-0.356207
2.32474e-09	-0.357797
2.32487e-09	-0.359386
2.32499e-09	-0.360974
2.32511e-09	-0.362561
2.32523e-09	-0.364147
2.32536e-09	-0.365731
2.32548e-09	-0.367315
2.3256e-09	-0.368898
2.32572e-09	-0.37048
2.32584e-09	-0.37206
2.32597e-09	-0.37364
2.32609e-09	-0.375219
2.32621e-09	-0.376796
2.32633e-09	-0.378373
2.32646e-09	-0.379948
2.32658e-09	-0.381522
2.3267e-09	-0.383096
2.32682e-09	-0.384668
2.32695e-09	-0.386239
2.32707e-09	-0.387809
2.32719e-09	-0.389377
2.32731e-09	-0.390945
2.32743e-09	-0.392512
2.32756e-09	-0.394077
2.32768e-09	-0.395642
2.3278e-09	-0.397205
2.32792e-09	-0.398767
2.32805e-09	-0.400328
2.32817e-09	-0.401887
2.32829e-09	-0.403446
2.32841e-09	-0.405003
2.32853e-09	-0.40656
2.32866e-09	-0.408115
2.32878e-09	-0.409668
2.3289e-09	-0.411221
2.32902e-09	-0.412773
2.32915e-09	-0.414323
2.32927e-09	-0.415872
2.32939e-09	-0.41742
2.32951e-09	-0.418966
2.32963e-09	-0.420512
2.32976e-09	-0.422056
2.32988e-09	-0.423599
2.33e-09	-0.425141
2.33012e-09	-0.426681
2.33025e-09	-0.42822
2.33037e-09	-0.429758
2.33049e-09	-0.431295
2.33061e-09	-0.43283
2.33073e-09	-0.434364
2.33086e-09	-0.435897
2.33098e-09	-0.437428
2.3311e-09	-0.438959
2.33122e-09	-0.440487
2.33135e-09	-0.442015
2.33147e-09	-0.443541
2.33159e-09	-0.445066
2.33171e-09	-0.44659
2.33183e-09	-0.448112
2.33196e-09	-0.449633
2.33208e-09	-0.451153
2.3322e-09	-0.452671
2.33232e-09	-0.454188
2.33245e-09	-0.455703
2.33257e-09	-0.457218
2.33269e-09	-0.45873
2.33281e-09	-0.460242
2.33293e-09	-0.461752
2.33306e-09	-0.46326
2.33318e-09	-0.464768
2.3333e-09	-0.466274
2.33342e-09	-0.467778
2.33355e-09	-0.469281
2.33367e-09	-0.470783
2.33379e-09	-0.472283
2.33391e-09	-0.473781
2.33403e-09	-0.475279
2.33416e-09	-0.476775
2.33428e-09	-0.478269
2.3344e-09	-0.479762
2.33452e-09	-0.481254
2.33465e-09	-0.482744
2.33477e-09	-0.484232
2.33489e-09	-0.485719
2.33501e-09	-0.487205
2.33513e-09	-0.488689
2.33526e-09	-0.490172
2.33538e-09	-0.491653
2.3355e-09	-0.493132
2.33562e-09	-0.49461
2.33575e-09	-0.496087
2.33587e-09	-0.497562
2.33599e-09	-0.499036
2.33611e-09	-0.500508
2.33624e-09	-0.501978
2.33636e-09	-0.503447
2.33648e-09	-0.504914
2.3366e-09	-0.50638
2.33672e-09	-0.507844
2.33685e-09	-0.509307
2.33697e-09	-0.510768
2.33709e-09	-0.512228
2.33721e-09	-0.513686
2.33734e-09	-0.515142
2.33746e-09	-0.516597
2.33758e-09	-0.51805
2.3377e-09	-0.519501
2.33782e-09	-0.520951
2.33795e-09	-0.5224
2.33807e-09	-0.523846
2.33819e-09	-0.525291
2.33831e-09	-0.526735
2.33844e-09	-0.528176
2.33856e-09	-0.529617
2.33868e-09	-0.531055
2.3388e-09	-0.532492
2.33892e-09	-0.533927
2.33905e-09	-0.535361
2.33917e-09	-0.536792
2.33929e-09	-0.538223
2.33941e-09	-0.539651
2.33954e-09	-0.541078
2.33966e-09	-0.542503
2.33978e-09	-0.543926
2.3399e-09	-0.545348
2.34002e-09	-0.546768
2.34015e-09	-0.548186
2.34027e-09	-0.549603
2.34039e-09	-0.551017
2.34051e-09	-0.55243
2.34064e-09	-0.553842
2.34076e-09	-0.555251
2.34088e-09	-0.556659
2.341e-09	-0.558065
2.34112e-09	-0.559469
2.34125e-09	-0.560872
2.34137e-09	-0.562273
2.34149e-09	-0.563672
2.34161e-09	-0.565069
2.34174e-09	-0.566464
2.34186e-09	-0.567858
2.34198e-09	-0.56925
2.3421e-09	-0.570639
2.34222e-09	-0.572028
2.34235e-09	-0.573414
2.34247e-09	-0.574799
2.34259e-09	-0.576181
2.34271e-09	-0.577562
2.34284e-09	-0.578941
2.34296e-09	-0.580318
2.34308e-09	-0.581694
2.3432e-09	-0.583067
2.34332e-09	-0.584439
2.34345e-09	-0.585809
2.34357e-09	-0.587177
2.34369e-09	-0.588543
2.34381e-09	-0.589907
2.34394e-09	-0.591269
2.34406e-09	-0.592629
2.34418e-09	-0.593988
2.3443e-09	-0.595344
2.34442e-09	-0.596699
2.34455e-09	-0.598052
2.34467e-09	-0.599403
2.34479e-09	-0.600752
2.34491e-09	-0.602099
2.34504e-09	-0.603444
2.34516e-09	-0.604787
2.34528e-09	-0.606128
2.3454e-09	-0.607467
2.34552e-09	-0.608804
2.34565e-09	-0.61014
2.34577e-09	-0.611473
2.34589e-09	-0.612804
2.34601e-09	-0.614134
2.34614e-09	-0.615461
2.34626e-09	-0.616787
2.34638e-09	-0.61811
2.3465e-09	-0.619432
2.34663e-09	-0.620751
2.34675e-09	-0.622068
2.34687e-09	-0.623384
2.34699e-09	-0.624697
2.34711e-09	-0.626009
2.34724e-09	-0.627318
2.34736e-09	-0.628625
2.34748e-09	-0.629931
2.3476e-09	-0.631234
2.34773e-09	-0.632535
2.34785e-09	-0.633834
2.34797e-09	-0.635131
2.34809e-09	-0.636426
2.34821e-09	-0.637719
2.34834e-09	-0.63901
2.34846e-09	-0.640299
2.34858e-09	-0.641586
2.3487e-09	-0.64287
2.34883e-09	-0.644153
2.34895e-09	-0.645433
2.34907e-09	-0.646712
2.34919e-09	-0.647988
2.34931e-09	-0.649262
2.34944e-09	-0.650534
2.34956e-09	-0.651804
2.34968e-09	-0.653072
2.3498e-09	-0.654337
2.34993e-09	-0.655601
2.35005e-09	-0.656862
2.35017e-09	-0.658121
2.35029e-09	-0.659378
2.35041e-09	-0.660633
2.35054e-09	-0.661886
2.35066e-09	-0.663136
2.35078e-09	-0.664385
2.3509e-09	-0.665631
2.35103e-09	-0.666875
2.35115e-09	-0.668117
2.35127e-09	-0.669357
2.35139e-09	-0.670594
2.35151e-09	-0.671829
2.35164e-09	-0.673062
2.35176e-09	-0.674293
2.35188e-09	-0.675522
2.352e-09	-0.676748
2.35213e-09	-0.677972
2.35225e-09	-0.679194
2.35237e-09	-0.680414
2.35249e-09	-0.681631
2.35261e-09	-0.682846
2.35274e-09	-0.684059
2.35286e-09	-0.68527
2.35298e-09	-0.686478
2.3531e-09	-0.687684
2.35323e-09	-0.688888
2.35335e-09	-0.69009
2.35347e-09	-0.691289
2.35359e-09	-0.692486
2.35371e-09	-0.693681
2.35384e-09	-0.694874
2.35396e-09	-0.696064
2.35408e-09	-0.697252
2.3542e-09	-0.698437
2.35433e-09	-0.69962
2.35445e-09	-0.700801
2.35457e-09	-0.70198
2.35469e-09	-0.703156
2.35481e-09	-0.70433
2.35494e-09	-0.705502
2.35506e-09	-0.706671
2.35518e-09	-0.707838
2.3553e-09	-0.709002
2.35543e-09	-0.710165
2.35555e-09	-0.711324
2.35567e-09	-0.712482
2.35579e-09	-0.713637
2.35591e-09	-0.71479
2.35604e-09	-0.71594
2.35616e-09	-0.717088
2.35628e-09	-0.718234
2.3564e-09	-0.719377
2.35653e-09	-0.720518
2.35665e-09	-0.721656
2.35677e-09	-0.722792
2.35689e-09	-0.723926
2.35702e-09	-0.725057
2.35714e-09	-0.726186
2.35726e-09	-0.727312
2.35738e-09	-0.728436
2.3575e-09	-0.729557
2.35763e-09	-0.730676
2.35775e-09	-0.731793
2.35787e-09	-0.732907
2.35799e-09	-0.734019
2.35812e-09	-0.735128
2.35824e-09	-0.736235
2.35836e-09	-0.737339
2.35848e-09	-0.738441
2.3586e-09	-0.73954
2.35873e-09	-0.740637
2.35885e-09	-0.741732
2.35897e-09	-0.742824
2.35909e-09	-0.743913
2.35922e-09	-0.745
2.35934e-09	-0.746084
2.35946e-09	-0.747166
2.35958e-09	-0.748246
2.3597e-09	-0.749323
2.35983e-09	-0.750397
2.35995e-09	-0.751469
2.36007e-09	-0.752538
2.36019e-09	-0.753605
2.36032e-09	-0.754669
2.36044e-09	-0.755731
2.36056e-09	-0.75679
2.36068e-09	-0.757847
2.3608e-09	-0.758901
2.36093e-09	-0.759953
2.36105e-09	-0.761002
2.36117e-09	-0.762048
2.36129e-09	-0.763092
2.36142e-09	-0.764133
2.36154e-09	-0.765172
2.36166e-09	-0.766208
2.36178e-09	-0.767242
2.3619e-09	-0.768273
2.36203e-09	-0.769301
2.36215e-09	-0.770327
2.36227e-09	-0.77135
2.36239e-09	-0.77237
2.36252e-09	-0.773388
2.36264e-09	-0.774404
2.36276e-09	-0.775416
2.36288e-09	-0.776426
2.363e-09	-0.777434
2.36313e-09	-0.778439
2.36325e-09	-0.779441
2.36337e-09	-0.780441
2.36349e-09	-0.781437
2.36362e-09	-0.782432
2.36374e-09	-0.783423
2.36386e-09	-0.784412
2.36398e-09	-0.785399
2.3641e-09	-0.786382
2.36423e-09	-0.787363
2.36435e-09	-0.788342
2.36447e-09	-0.789317
2.36459e-09	-0.79029
2.36472e-09	-0.79126
2.36484e-09	-0.792228
2.36496e-09	-0.793193
2.36508e-09	-0.794155
2.3652e-09	-0.795115
2.36533e-09	-0.796071
2.36545e-09	-0.797025
2.36557e-09	-0.797977
2.36569e-09	-0.798925
2.36582e-09	-0.799871
2.36594e-09	-0.800815
2.36606e-09	-0.801755
2.36618e-09	-0.802693
2.36631e-09	-0.803628
2.36643e-09	-0.80456
2.36655e-09	-0.80549
2.36667e-09	-0.806417
2.36679e-09	-0.807341
2.36692e-09	-0.808262
2.36704e-09	-0.80918
2.36716e-09	-0.810096
2.36728e-09	-0.811009
2.36741e-09	-0.81192
2.36753e-09	-0.812827
2.36765e-09	-0.813732
2.36777e-09	-0.814634
2.36789e-09	-0.815533
2.36802e-09	-0.816429
2.36814e-09	-0.817323
2.36826e-09	-0.818213
2.36838e-09	-0.819101
2.36851e-09	-0.819987
2.36863e-09	-0.820869
2.36875e-09	-0.821748
2.36887e-09	-0.822625
2.36899e-09	-0.823499
2.36912e-09	-0.82437
2.36924e-09	-0.825239
2.36936e-09	-0.826104
2.36948e-09	-0.826967
2.36961e-09	-0.827826
2.36973e-09	-0.828683
2.36985e-09	-0.829537
2.36997e-09	-0.830389
2.37009e-09	-0.831237
2.37022e-09	-0.832083
2.37034e-09	-0.832925
2.37046e-09	-0.833765
2.37058e-09	-0.834602
2.37071e-09	-0.835436
2.37083e-09	-0.836268
2.37095e-09	-0.837096
2.37107e-09	-0.837922
2.37119e-09	-0.838744
2.37132e-09	-0.839564
2.37144e-09	-0.840381
2.37156e-09	-0.841195
2.37168e-09	-0.842006
2.37181e-09	-0.842814
2.37193e-09	-0.843619
2.37205e-09	-0.844422
2.37217e-09	-0.845221
2.37229e-09	-0.846017
2.37242e-09	-0.846811
2.37254e-09	-0.847602
2.37266e-09	-0.84839
2.37278e-09	-0.849174
2.37291e-09	-0.849956
2.37303e-09	-0.850735
2.37315e-09	-0.851511
2.37327e-09	-0.852285
2.37339e-09	-0.853055
2.37352e-09	-0.853822
2.37364e-09	-0.854586
2.37376e-09	-0.855348
2.37388e-09	-0.856106
2.37401e-09	-0.856862
2.37413e-09	-0.857614
2.37425e-09	-0.858364
2.37437e-09	-0.85911
2.37449e-09	-0.859854
2.37462e-09	-0.860594
2.37474e-09	-0.861332
2.37486e-09	-0.862067
2.37498e-09	-0.862798
2.37511e-09	-0.863527
2.37523e-09	-0.864253
2.37535e-09	-0.864975
2.37547e-09	-0.865695
2.37559e-09	-0.866412
2.37572e-09	-0.867126
2.37584e-09	-0.867836
2.37596e-09	-0.868544
2.37608e-09	-0.869249
2.37621e-09	-0.86995
2.37633e-09	-0.870649
2.37645e-09	-0.871345
2.37657e-09	-0.872037
2.3767e-09	-0.872727
2.37682e-09	-0.873414
2.37694e-09	-0.874097
2.37706e-09	-0.874778
2.37718e-09	-0.875455
2.37731e-09	-0.87613
2.37743e-09	-0.876801
2.37755e-09	-0.877469
2.37767e-09	-0.878135
2.3778e-09	-0.878797
2.37792e-09	-0.879456
2.37804e-09	-0.880112
2.37816e-09	-0.880765
2.37828e-09	-0.881415
2.37841e-09	-0.882062
2.37853e-09	-0.882706
2.37865e-09	-0.883347
2.37877e-09	-0.883985
2.3789e-09	-0.884619
2.37902e-09	-0.885251
2.37914e-09	-0.885879
2.37926e-09	-0.886505
2.37938e-09	-0.887127
2.37951e-09	-0.887746
2.37963e-09	-0.888362
2.37975e-09	-0.888976
2.37987e-09	-0.889585
2.38e-09	-0.890192
2.38012e-09	-0.890796
2.38024e-09	-0.891397
2.38036e-09	-0.891994
2.38048e-09	-0.892589
2.38061e-09	-0.89318
2.38073e-09	-0.893768
2.38085e-09	-0.894353
2.38097e-09	-0.894935
2.3811e-09	-0.895514
2.38122e-09	-0.89609
2.38134e-09	-0.896662
2.38146e-09	-0.897232
2.38158e-09	-0.897798
2.38171e-09	-0.898361
2.38183e-09	-0.898921
2.38195e-09	-0.899478
2.38207e-09	-0.900032
2.3822e-09	-0.900582
2.38232e-09	-0.90113
2.38244e-09	-0.901674
2.38256e-09	-0.902215
2.38268e-09	-0.902753
2.38281e-09	-0.903288
2.38293e-09	-0.90382
2.38305e-09	-0.904348
2.38317e-09	-0.904873
2.3833e-09	-0.905395
2.38342e-09	-0.905914
2.38354e-09	-0.90643
2.38366e-09	-0.906943
2.38378e-09	-0.907452
2.38391e-09	-0.907959
2.38403e-09	-0.908462
2.38415e-09	-0.908961
2.38427e-09	-0.909458
2.3844e-09	-0.909952
2.38452e-09	-0.910442
2.38464e-09	-0.910929
2.38476e-09	-0.911413
2.38488e-09	-0.911894
2.38501e-09	-0.912371
2.38513e-09	-0.912846
2.38525e-09	-0.913317
2.38537e-09	-0.913785
2.3855e-09	-0.914249
2.38562e-09	-0.914711
2.38574e-09	-0.915169
2.38586e-09	-0.915624
2.38599e-09	-0.916076
2.38611e-09	-0.916525
2.38623e-09	-0.91697
2.38635e-09	-0.917412
2.38647e-09	-0.917851
2.3866e-09	-0.918287
2.38672e-09	-0.918719
2.38684e-09	-0.919149
2.38696e-09	-0.919575
2.38709e-09	-0.919998
2.38721e-09	-0.920417
2.38733e-09	-0.920833
2.38745e-09	-0.921246
2.38757e-09	-0.921656
2.3877e-09	-0.922063
2.38782e-09	-0.922466
2.38794e-09	-0.922866
2.38806e-09	-0.923263
2.38819e-09	-0.923657
2.38831e-09	-0.924047
2.38843e-09	-0.924434
2.38855e-09	-0.924818
2.38867e-09	-0.925198
2.3888e-09	-0.925575
2.38892e-09	-0.925949
2.38904e-09	-0.92632
2.38916e-09	-0.926688
2.38929e-09	-0.927052
2.38941e-09	-0.927413
2.38953e-09	-0.92777
2.38965e-09	-0.928125
2.38977e-09	-0.928476
2.3899e-09	-0.928824
2.39002e-09	-0.929168
2.39014e-09	-0.929509
2.39026e-09	-0.929847
2.39039e-09	-0.930182
2.39051e-09	-0.930513
2.39063e-09	-0.930841
2.39075e-09	-0.931166
2.39087e-09	-0.931488
2.391e-09	-0.931806
2.39112e-09	-0.932121
2.39124e-09	-0.932432
2.39136e-09	-0.932741
2.39149e-09	-0.933046
2.39161e-09	-0.933347
2.39173e-09	-0.933646
2.39185e-09	-0.933941
2.39197e-09	-0.934233
2.3921e-09	-0.934521
2.39222e-09	-0.934806
2.39234e-09	-0.935088
2.39246e-09	-0.935367
2.39259e-09	-0.935642
2.39271e-09	-0.935914
2.39283e-09	-0.936182
2.39295e-09	-0.936448
2.39307e-09	-0.93671
2.3932e-09	-0.936968
2.39332e-09	-0.937224
2.39344e-09	-0.937476
2.39356e-09	-0.937724
2.39369e-09	-0.93797
2.39381e-09	-0.938212
2.39393e-09	-0.93845
2.39405e-09	-0.938685
2.39417e-09	-0.938917
2.3943e-09	-0.939146
2.39442e-09	-0.939371
2.39454e-09	-0.939593
2.39466e-09	-0.939812
2.39479e-09	-0.940027
2.39491e-09	-0.940239
2.39503e-09	-0.940448
2.39515e-09	-0.940653
2.39527e-09	-0.940855
2.3954e-09	-0.941054
2.39552e-09	-0.941249
2.39564e-09	-0.941441
2.39576e-09	-0.941629
2.39589e-09	-0.941815
2.39601e-09	-0.941997
2.39613e-09	-0.942175
2.39625e-09	-0.94235
2.39638e-09	-0.942522
2.3965e-09	-0.94269
2.39662e-09	-0.942855
2.39674e-09	-0.943017
2.39686e-09	-0.943175
2.39699e-09	-0.943331
2.39711e-09	-0.943482
2.39723e-09	-0.94363
2.39735e-09	-0.943775
2.39748e-09	-0.943917
2.3976e-09	-0.944055
2.39772e-09	-0.94419
2.39784e-09	-0.944321
2.39796e-09	-0.944449
2.39809e-09	-0.944574
2.39821e-09	-0.944695
2.39833e-09	-0.944813
2.39845e-09	-0.944928
2.39858e-09	-0.945039
2.3987e-09	-0.945147
2.39882e-09	-0.945252
2.39894e-09	-0.945353
2.39906e-09	-0.94545
2.39919e-09	-0.945545
2.39931e-09	-0.945636
2.39943e-09	-0.945723
2.39955e-09	-0.945808
2.39968e-09	-0.945888
2.3998e-09	-0.945966
2.39992e-09	-0.94604
2.40004e-09	-0.946111
2.40016e-09	-0.946178
2.40029e-09	-0.946242
2.40041e-09	-0.946302
2.40053e-09	-0.94636
2.40065e-09	-0.946413
2.40078e-09	-0.946464
2.4009e-09	-0.946511
2.40102e-09	-0.946554
2.40114e-09	-0.946595
2.40126e-09	-0.946631
2.40139e-09	-0.946665
2.40151e-09	-0.946695
2.40163e-09	-0.946722
2.40175e-09	-0.946745
2.40188e-09	-0.946765
2.402e-09	-0.946781
2.40212e-09	-0.946794
2.40224e-09	-0.946804
2.40236e-09	-0.94681
2.40249e-09	-0.946813
2.40261e-09	-0.946813
2.40273e-09	-0.946809
2.40285e-09	-0.946802
2.40298e-09	-0.946791
2.4031e-09	-0.946777
2.40322e-09	-0.94676
2.40334e-09	-0.946739
2.40346e-09	-0.946715
2.40359e-09	-0.946687
2.40371e-09	-0.946656
2.40383e-09	-0.946621
2.40395e-09	-0.946584
2.40408e-09	-0.946542
2.4042e-09	-0.946498
2.40432e-09	-0.94645
2.40444e-09	-0.946398
2.40456e-09	-0.946344
2.40469e-09	-0.946285
2.40481e-09	-0.946224
2.40493e-09	-0.946159
2.40505e-09	-0.94609
2.40518e-09	-0.946018
2.4053e-09	-0.945943
2.40542e-09	-0.945865
2.40554e-09	-0.945783
2.40567e-09	-0.945697
2.40579e-09	-0.945608
2.40591e-09	-0.945516
2.40603e-09	-0.945421
2.40615e-09	-0.945322
2.40628e-09	-0.945219
2.4064e-09	-0.945113
2.40652e-09	-0.945004
2.40664e-09	-0.944891
2.40677e-09	-0.944775
2.40689e-09	-0.944656
2.40701e-09	-0.944533
2.40713e-09	-0.944407
2.40725e-09	-0.944277
2.40738e-09	-0.944144
2.4075e-09	-0.944008
2.40762e-09	-0.943868
2.40774e-09	-0.943725
2.40787e-09	-0.943578
2.40799e-09	-0.943428
2.40811e-09	-0.943274
2.40823e-09	-0.943118
2.40835e-09	-0.942957
2.40848e-09	-0.942794
2.4086e-09	-0.942627
2.40872e-09	-0.942456
2.40884e-09	-0.942282
2.40897e-09	-0.942105
2.40909e-09	-0.941925
2.40921e-09	-0.94174
2.40933e-09	-0.941553
2.40945e-09	-0.941362
2.40958e-09	-0.941168
2.4097e-09	-0.94097
2.40982e-09	-0.940769
2.40994e-09	-0.940565
2.41007e-09	-0.940357
2.41019e-09	-0.940146
2.41031e-09	-0.939931
2.41043e-09	-0.939713
2.41055e-09	-0.939492
2.41068e-09	-0.939267
2.4108e-09	-0.939039
2.41092e-09	-0.938807
2.41104e-09	-0.938572
2.41117e-09	-0.938334
2.41129e-09	-0.938092
2.41141e-09	-0.937847
2.41153e-09	-0.937598
2.41165e-09	-0.937346
2.41178e-09	-0.937091
2.4119e-09	-0.936832
2.41202e-09	-0.93657
2.41214e-09	-0.936304
2.41227e-09	-0.936035
2.41239e-09	-0.935763
2.41251e-09	-0.935487
2.41263e-09	-0.935208
2.41275e-09	-0.934926
2.41288e-09	-0.93464
2.413e-09	-0.934351
2.41312e-09	-0.934058
2.41324e-09	-0.933762
2.41337e-09	-0.933463
2.41349e-09	-0.93316
2.41361e-09	-0.932854
2.41373e-09	-0.932544
2.41385e-09	-0.932231
2.41398e-09	-0.931915
2.4141e-09	-0.931595
2.41422e-09	-0.931272
2.41434e-09	-0.930946
2.41447e-09	-0.930616
2.41459e-09	-0.930283
2.41471e-09	-0.929946
2.41483e-09	-0.929606
2.41495e-09	-0.929263
2.41508e-09	-0.928916
2.4152e-09	-0.928566
2.41532e-09	-0.928213
2.41544e-09	-0.927856
2.41557e-09	-0.927496
2.41569e-09	-0.927132
2.41581e-09	-0.926765
2.41593e-09	-0.926395
2.41606e-09	-0.926022
2.41618e-09	-0.925645
2.4163e-09	-0.925264
2.41642e-09	-0.92488
2.41654e-09	-0.924493
2.41667e-09	-0.924103
2.41679e-09	-0.923709
2.41691e-09	-0.923312
2.41703e-09	-0.922911
2.41716e-09	-0.922507
2.41728e-09	-0.9221
2.4174e-09	-0.92169
2.41752e-09	-0.921276
2.41764e-09	-0.920858
2.41777e-09	-0.920438
2.41789e-09	-0.920014
2.41801e-09	-0.919586
2.41813e-09	-0.919156
2.41826e-09	-0.918722
2.41838e-09	-0.918284
2.4185e-09	-0.917843
2.41862e-09	-0.917399
2.41874e-09	-0.916952
2.41887e-09	-0.916501
2.41899e-09	-0.916047
2.41911e-09	-0.91559
2.41923e-09	-0.915129
2.41936e-09	-0.914665
2.41948e-09	-0.914197
2.4196e-09	-0.913727
2.41972e-09	-0.913252
2.41984e-09	-0.912775
2.41997e-09	-0.912294
2.42009e-09	-0.91181
2.42021e-09	-0.911323
2.42033e-09	-0.910832
2.42046e-09	-0.910338
2.42058e-09	-0.909841
2.4207e-09	-0.90934
2.42082e-09	-0.908836
2.42094e-09	-0.908328
2.42107e-09	-0.907818
2.42119e-09	-0.907304
2.42131e-09	-0.906787
2.42143e-09	-0.906266
2.42156e-09	-0.905742
2.42168e-09	-0.905215
2.4218e-09	-0.904684
2.42192e-09	-0.90415
2.42204e-09	-0.903613
2.42217e-09	-0.903073
2.42229e-09	-0.902529
2.42241e-09	-0.901982
2.42253e-09	-0.901432
2.42266e-09	-0.900878
2.42278e-09	-0.900321
2.4229e-09	-0.899761
2.42302e-09	-0.899197
2.42314e-09	-0.898631
2.42327e-09	-0.898061
2.42339e-09	-0.897487
2.42351e-09	-0.896911
2.42363e-09	-0.896331
2.42376e-09	-0.895747
2.42388e-09	-0.895161
2.424e-09	-0.894571
2.42412e-09	-0.893978
2.42424e-09	-0.893382
2.42437e-09	-0.892782
2.42449e-09	-0.892179
2.42461e-09	-0.891573
2.42473e-09	-0.890964
2.42486e-09	-0.890351
2.42498e-09	-0.889735
2.4251e-09	-0.889116
2.42522e-09	-0.888494
2.42535e-09	-0.887868
2.42547e-09	-0.887239
2.42559e-09	-0.886607
2.42571e-09	-0.885971
2.42583e-09	-0.885333
2.42596e-09	-0.884691
2.42608e-09	-0.884045
2.4262e-09	-0.883397
2.42632e-09	-0.882745
2.42645e-09	-0.88209
2.42657e-09	-0.881432
2.42669e-09	-0.880771
2.42681e-09	-0.880106
2.42693e-09	-0.879438
2.42706e-09	-0.878767
2.42718e-09	-0.878093
2.4273e-09	-0.877415
2.42742e-09	-0.876735
2.42755e-09	-0.876051
2.42767e-09	-0.875363
2.42779e-09	-0.874673
2.42791e-09	-0.873979
2.42803e-09	-0.873283
2.42816e-09	-0.872583
2.42828e-09	-0.871879
2.4284e-09	-0.871173
2.42852e-09	-0.870463
2.42865e-09	-0.86975
2.42877e-09	-0.869034
2.42889e-09	-0.868315
2.42901e-09	-0.867593
2.42913e-09	-0.866867
2.42926e-09	-0.866138
2.42938e-09	-0.865406
2.4295e-09	-0.864671
2.42962e-09	-0.863932
2.42975e-09	-0.863191
2.42987e-09	-0.862446
2.42999e-09	-0.861698
2.43011e-09	-0.860947
2.43023e-09	-0.860193
2.43036e-09	-0.859435
2.43048e-09	-0.858675
2.4306e-09	-0.857911
2.43072e-09	-0.857144
2.43085e-09	-0.856374
2.43097e-09	-0.855601
2.43109e-09	-0.854825
2.43121e-09	-0.854045
2.43133e-09	-0.853262
2.43146e-09	-0.852476
2.43158e-09	-0.851688
2.4317e-09	-0.850895
2.43182e-09	-0.8501
2.43195e-09	-0.849302
2.43207e-09	-0.8485
2.43219e-09	-0.847696
2.43231e-09	-0.846888
2.43243e-09	-0.846077
2.43256e-09	-0.845263
2.43268e-09	-0.844446
2.4328e-09	-0.843625
2.43292e-09	-0.842802
2.43305e-09	-0.841976
2.43317e-09	-0.841146
2.43329e-09	-0.840313
2.43341e-09	-0.839478
2.43353e-09	-0.838639
2.43366e-09	-0.837797
2.43378e-09	-0.836951
2.4339e-09	-0.836103
2.43402e-09	-0.835252
2.43415e-09	-0.834398
2.43427e-09	-0.83354
2.43439e-09	-0.83268
2.43451e-09	-0.831816
2.43463e-09	-0.830949
2.43476e-09	-0.83008
2.43488e-09	-0.829207
2.435e-09	-0.828331
2.43512e-09	-0.827452
2.43525e-09	-0.82657
2.43537e-09	-0.825685
2.43549e-09	-0.824797
2.43561e-09	-0.823905
2.43574e-09	-0.823011
2.43586e-09	-0.822114
2.43598e-09	-0.821214
2.4361e-09	-0.82031
2.43622e-09	-0.819404
2.43635e-09	-0.818494
2.43647e-09	-0.817582
2.43659e-09	-0.816666
2.43671e-09	-0.815748
2.43684e-09	-0.814826
2.43696e-09	-0.813902
2.43708e-09	-0.812974
2.4372e-09	-0.812043
2.43732e-09	-0.81111
2.43745e-09	-0.810173
2.43757e-09	-0.809233
2.43769e-09	-0.808291
2.43781e-09	-0.807345
2.43794e-09	-0.806397
2.43806e-09	-0.805445
2.43818e-09	-0.80449
2.4383e-09	-0.803533
2.43842e-09	-0.802572
2.43855e-09	-0.801609
2.43867e-09	-0.800642
2.43879e-09	-0.799672
2.43891e-09	-0.7987
2.43904e-09	-0.797725
2.43916e-09	-0.796746
2.43928e-09	-0.795765
2.4394e-09	-0.79478
2.43952e-09	-0.793793
2.43965e-09	-0.792803
2.43977e-09	-0.79181
2.43989e-09	-0.790814
2.44001e-09	-0.789815
2.44014e-09	-0.788813
2.44026e-09	-0.787808
2.44038e-09	-0.7868
2.4405e-09	-0.785789
2.44062e-09	-0.784775
2.44075e-09	-0.783759
2.44087e-09	-0.782739
2.44099e-09	-0.781717
2.44111e-09	-0.780691
2.44124e-09	-0.779663
2.44136e-09	-0.778632
2.44148e-09	-0.777598
2.4416e-09	-0.776561
2.44172e-09	-0.775521
2.44185e-09	-0.774478
2.44197e-09	-0.773432
2.44209e-09	-0.772384
2.44221e-09	-0.771333
2.44234e-09	-0.770278
2.44246e-09	-0.769221
2.44258e-09	-0.768161
2.4427e-09	-0.767098
2.44282e-09	-0.766032
2.44295e-09	-0.764964
2.44307e-09	-0.763892
2.44319e-09	-0.762818
2.44331e-09	-0.761741
2.44344e-09	-0.760661
2.44356e-09	-0.759578
2.44368e-09	-0.758493
2.4438e-09	-0.757404
2.44392e-09	-0.756313
2.44405e-09	-0.755219
2.44417e-09	-0.754122
2.44429e-09	-0.753022
2.44441e-09	-0.751919
2.44454e-09	-0.750814
2.44466e-09	-0.749706
2.44478e-09	-0.748595
2.4449e-09	-0.747481
2.44503e-09	-0.746364
2.44515e-09	-0.745245
2.44527e-09	-0.744123
2.44539e-09	-0.742998
2.44551e-09	-0.74187
2.44564e-09	-0.740739
2.44576e-09	-0.739606
2.44588e-09	-0.73847
2.446e-09	-0.737331
2.44613e-09	-0.73619
2.44625e-09	-0.735045
2.44637e-09	-0.733898
2.44649e-09	-0.732749
2.44661e-09	-0.731596
2.44674e-09	-0.730441
2.44686e-09	-0.729283
2.44698e-09	-0.728122
2.4471e-09	-0.726958
2.44723e-09	-0.725792
2.44735e-09	-0.724623
2.44747e-09	-0.723452
2.44759e-09	-0.722277
2.44771e-09	-0.7211
2.44784e-09	-0.71992
2.44796e-09	-0.718738
2.44808e-09	-0.717553
2.4482e-09	-0.716365
2.44833e-09	-0.715174
2.44845e-09	-0.713981
2.44857e-09	-0.712785
2.44869e-09	-0.711587
2.44881e-09	-0.710385
2.44894e-09	-0.709181
2.44906e-09	-0.707975
2.44918e-09	-0.706766
2.4493e-09	-0.705554
2.44943e-09	-0.704339
2.44955e-09	-0.703122
2.44967e-09	-0.701902
2.44979e-09	-0.70068
2.44991e-09	-0.699455
2.45004e-09	-0.698227
2.45016e-09	-0.696996
2.45028e-09	-0.695763
2.4504e-09	-0.694528
2.45053e-09	-0.69329
2.45065e-09	-0.692049
2.45077e-09	-0.690805
2.45089e-09	-0.689559
2.45101e-09	-0.688311
2.45114e-09	-0.68706
2.45126e-09	-0.685806
2.45138e-09	-0.684549
2.4515e-09	-0.68329
2.45163e-09	-0.682029
2.45175e-09	-0.680765
2.45187e-09	-0.679498
2.45199e-09	-0.678229
2.45211e-09	-0.676957
2.45224e-09	-0.675683
2.45236e-09	-0.674406
2.45248e-09	-0.673127
2.4526e-09	-0.671845
2.45273e-09	-0.67056
2.45285e-09	-0.669273
2.45297e-09	-0.667984
2.45309e-09	-0.666692
2.45321e-09	-0.665397
2.45334e-09	-0.6641
2.45346e-09	-0.6628
2.45358e-09	-0.661498
2.4537e-09	-0.660194
2.45383e-09	-0.658887
2.45395e-09	-0.657577
2.45407e-09	-0.656265
2.45419e-09	-0.65495
2.45431e-09	-0.653633
2.45444e-09	-0.652314
2.45456e-09	-0.650992
2.45468e-09	-0.649668
2.4548e-09	-0.648341
2.45493e-09	-0.647011
2.45505e-09	-0.64568
2.45517e-09	-0.644345
2.45529e-09	-0.643009
2.45542e-09	-0.64167
2.45554e-09	-0.640328
2.45566e-09	-0.638984
2.45578e-09	-0.637638
2.4559e-09	-0.636289
2.45603e-09	-0.634938
2.45615e-09	-0.633584
2.45627e-09	-0.632228
2.45639e-09	-0.63087
2.45652e-09	-0.629509
2.45664e-09	-0.628146
2.45676e-09	-0.626781
2.45688e-09	-0.625413
2.457e-09	-0.624043
2.45713e-09	-0.62267
2.45725e-09	-0.621295
2.45737e-09	-0.619918
2.45749e-09	-0.618538
2.45762e-09	-0.617156
2.45774e-09	-0.615771
2.45786e-09	-0.614385
2.45798e-09	-0.612996
2.4581e-09	-0.611604
2.45823e-09	-0.61021
2.45835e-09	-0.608814
2.45847e-09	-0.607416
2.45859e-09	-0.606015
2.45872e-09	-0.604612
2.45884e-09	-0.603207
2.45896e-09	-0.6018
2.45908e-09	-0.60039
2.4592e-09	-0.598978
2.45933e-09	-0.597563
2.45945e-09	-0.596146
2.45957e-09	-0.594728
2.45969e-09	-0.593306
2.45982e-09	-0.591883
2.45994e-09	-0.590457
2.46006e-09	-0.589029
2.46018e-09	-0.587599
2.4603e-09	-0.586166
2.46043e-09	-0.584732
2.46055e-09	-0.583295
2.46067e-09	-0.581856
2.46079e-09	-0.580414
2.46092e-09	-0.578971
2.46104e-09	-0.577525
2.46116e-09	-0.576077
2.46128e-09	-0.574627
2.4614e-09	-0.573174
2.46153e-09	-0.57172
2.46165e-09	-0.570263
2.46177e-09	-0.568804
2.46189e-09	-0.567343
2.46202e-09	-0.56588
2.46214e-09	-0.564414
2.46226e-09	-0.562947
2.46238e-09	-0.561477
2.4625e-09	-0.560005
2.46263e-09	-0.558531
2.46275e-09	-0.557055
2.46287e-09	-0.555576
2.46299e-09	-0.554096
2.46312e-09	-0.552613
2.46324e-09	-0.551129
2.46336e-09	-0.549642
2.46348e-09	-0.548153
2.4636e-09	-0.546662
2.46373e-09	-0.545169
2.46385e-09	-0.543674
2.46397e-09	-0.542177
2.46409e-09	-0.540677
2.46422e-09	-0.539176
2.46434e-09	-0.537672
2.46446e-09	-0.536167
2.46458e-09	-0.534659
2.46471e-09	-0.53315
2.46483e-09	-0.531638
2.46495e-09	-0.530124
2.46507e-09	-0.528608
2.46519e-09	-0.527091
2.46532e-09	-0.525571
2.46544e-09	-0.524049
2.46556e-09	-0.522525
2.46568e-09	-0.520999
2.46581e-09	-0.519471
2.46593e-09	-0.517941
2.46605e-09	-0.51641
2.46617e-09	-0.514876
2.46629e-09	-0.51334
2.46642e-09	-0.511802
2.46654e-09	-0.510262
2.46666e-09	-0.508721
2.46678e-09	-0.507177
2.46691e-09	-0.505631
2.46703e-09	-0.504084
2.46715e-09	-0.502534
2.46727e-09	-0.500983
2.46739e-09	-0.499429
2.46752e-09	-0.497874
2.46764e-09	-0.496316
2.46776e-09	-0.494757
2.46788e-09	-0.493196
2.46801e-09	-0.491633
2.46813e-09	-0.490068
2.46825e-09	-0.488501
2.46837e-09	-0.486933
2.46849e-09	-0.485362
2.46862e-09	-0.48379
2.46874e-09	-0.482215
2.46886e-09	-0.480639
2.46898e-09	-0.479061
2.46911e-09	-0.477481
2.46923e-09	-0.4759
2.46935e-09	-0.474316
2.46947e-09	-0.47273
2.46959e-09	-0.471143
2.46972e-09	-0.469554
2.46984e-09	-0.467963
2.46996e-09	-0.46637
2.47008e-09	-0.464776
2.47021e-09	-0.46318
2.47033e-09	-0.461581
2.47045e-09	-0.459982
2.47057e-09	-0.45838
2.47069e-09	-0.456776
2.47082e-09	-0.455171
2.47094e-09	-0.453564
2.47106e-09	-0.451955
2.47118e-09	-0.450345
2.47131e-09	-0.448732
2.47143e-09	-0.447118
2.47155e-09	-0.445502
2.47167e-09	-0.443885
2.47179e-09	-0.442266
2.47192e-09	-0.440645
2.47204e-09	-0.439022
2.47216e-09	-0.437397
2.47228e-09	-0.435771
2.47241e-09	-0.434143
2.47253e-09	-0.432514
2.47265e-09	-0.430883
2.47277e-09	-0.42925
2.47289e-09	-0.427615
2.47302e-09	-0.425979
2.47314e-09	-0.424341
2.47326e-09	-0.422702
2.47338e-09	-0.42106
2.47351e-09	-0.419417
2.47363e-09	-0.417773
2.47375e-09	-0.416127
2.47387e-09	-0.414479
2.47399e-09	-0.41283
2.47412e-09	-0.411179
2.47424e-09	-0.409526
2.47436e-09	-0.407872
2.47448e-09	-0.406216
2.47461e-09	-0.404558
2.47473e-09	-0.402899
2.47485e-09	-0.401239
2.47497e-09	-0.399577
2.4751e-09	-0.397913
2.47522e-09	-0.396247
2.47534e-09	-0.394581
2.47546e-09	-0.392912
2.47558e-09	-0.391242
2.47571e-09	-0.389571
2.47583e-09	-0.387898
2.47595e-09	-0.386223
2.47607e-09	-0.384547
2.4762e-09	-0.382869
2.47632e-09	-0.38119
2.47644e-09	-0.379509
2.47656e-09	-0.377827
2.47668e-09	-0.376144
2.47681e-09	-0.374459
2.47693e-09	-0.372772
2.47705e-09	-0.371084
2.47717e-09	-0.369394
2.4773e-09	-0.367703
2.47742e-09	-0.366011
2.47754e-09	-0.364317
2.47766e-09	-0.362622
2.47778e-09	-0.360925
2.47791e-09	-0.359227
2.47803e-09	-0.357527
2.47815e-09	-0.355826
2.47827e-09	-0.354123
2.4784e-09	-0.352419
2.47852e-09	-0.350714
2.47864e-09	-0.349007
2.47876e-09	-0.347299
2.47888e-09	-0.34559
2.47901e-09	-0.343879
2.47913e-09	-0.342167
2.47925e-09	-0.340453
2.47937e-09	-0.338738
2.4795e-09	-0.337022
2.47962e-09	-0.335304
2.47974e-09	-0.333585
2.47986e-09	-0.331865
2.47998e-09	-0.330143
2.48011e-09	-0.32842
2.48023e-09	-0.326696
2.48035e-09	-0.324971
2.48047e-09	-0.323244
2.4806e-09	-0.321515
2.48072e-09	-0.319786
2.48084e-09	-0.318055
2.48096e-09	-0.316323
2.48108e-09	-0.31459
2.48121e-09	-0.312855
2.48133e-09	-0.311119
2.48145e-09	-0.309382
2.48157e-09	-0.307644
2.4817e-09	-0.305904
2.48182e-09	-0.304164
2.48194e-09	-0.302422
2.48206e-09	-0.300678
2.48218e-09	-0.298934
2.48231e-09	-0.297188
2.48243e-09	-0.295441
2.48255e-09	-0.293693
2.48267e-09	-0.291944
2.4828e-09	-0.290193
2.48292e-09	-0.288442
2.48304e-09	-0.286689
2.48316e-09	-0.284935
2.48328e-09	-0.28318
2.48341e-09	-0.281424
2.48353e-09	-0.279666
2.48365e-09	-0.277908
2.48377e-09	-0.276148
2.4839e-09	-0.274387
2.48402e-09	-0.272625
2.48414e-09	-0.270862
2.48426e-09	-0.269098
2.48439e-09	-0.267333
2.48451e-09	-0.265566
2.48463e-09	-0.263799
2.48475e-09	-0.26203
2.48487e-09	-0.260261
2.485e-09	-0.25849
2.48512e-09	-0.256718
2.48524e-09	-0.254945
2.48536e-09	-0.253172
2.48549e-09	-0.251397
2.48561e-09	-0.249621
2.48573e-09	-0.247844
2.48585e-09	-0.246066
2.48597e-09	-0.244287
2.4861e-09	-0.242507
2.48622e-09	-0.240726
2.48634e-09	-0.238944
2.48646e-09	-0.237161
2.48659e-09	-0.235377
2.48671e-09	-0.233592
2.48683e-09	-0.231806
2.48695e-09	-0.230019
2.48707e-09	-0.228231
2.4872e-09	-0.226442
2.48732e-09	-0.224652
2.48744e-09	-0.222862
2.48756e-09	-0.22107
2.48769e-09	-0.219277
2.48781e-09	-0.217484
2.48793e-09	-0.215689
2.48805e-09	-0.213894
2.48817e-09	-0.212098
2.4883e-09	-0.210301
2.48842e-09	-0.208503
2.48854e-09	-0.206704
2.48866e-09	-0.204904
2.48879e-09	-0.203103
2.48891e-09	-0.201302
2.48903e-09	-0.1995
2.48915e-09	-0.197696
2.48927e-09	-0.195892
2.4894e-09	-0.194087
2.48952e-09	-0.192282
2.48964e-09	-0.190475
2.48976e-09	-0.188668
2.48989e-09	-0.18686
2.49001e-09	-0.185051
2.49013e-09	-0.183241
2.49025e-09	-0.18143
2.49037e-09	-0.179619
2.4905e-09	-0.177807
2.49062e-09	-0.175994
2.49074e-09	-0.17418
2.49086e-09	-0.172366
2.49099e-09	-0.170551
2.49111e-09	-0.168735
2.49123e-09	-0.166918
2.49135e-09	-0.165101
2.49147e-09	-0.163283
2.4916e-09	-0.161464
2.49172e-09	-0.159644
2.49184e-09	-0.157824
2.49196e-09	-0.156003
2.49209e-09	-0.154182
2.49221e-09	-0.152359
2.49233e-09	-0.150536
2.49245e-09	-0.148713
2.49257e-09	-0.146888
2.4927e-09	-0.145063
2.49282e-09	-0.143238
2.49294e-09	-0.141411
2.49306e-09	-0.139584
2.49319e-09	-0.137757
2.49331e-09	-0.135929
2.49343e-09	-0.1341
2.49355e-09	-0.132271
2.49367e-09	-0.130441
2.4938e-09	-0.12861
2.49392e-09	-0.126779
2.49404e-09	-0.124947
2.49416e-09	-0.123115
2.49429e-09	-0.121282
2.49441e-09	-0.119448
2.49453e-09	-0.117614
2.49465e-09	-0.115779
2.49478e-09	-0.113944
2.4949e-09	-0.112109
2.49502e-09	-0.110272
2.49514e-09	-0.108436
2.49526e-09	-0.106598
2.49539e-09	-0.104761
2.49551e-09	-0.102922
2.49563e-09	-0.101083
2.49575e-09	-0.0992442
2.49588e-09	-0.0974044
2.496e-09	-0.0955642
2.49612e-09	-0.0937234
2.49624e-09	-0.0918823
2.49636e-09	-0.0900406
2.49649e-09	-0.0881985
2.49661e-09	-0.086356
2.49673e-09	-0.084513
2.49685e-09	-0.0826696
2.49698e-09	-0.0808258
2.4971e-09	-0.0789815
2.49722e-09	-0.0771369
2.49734e-09	-0.0752918
2.49746e-09	-0.0734464
2.49759e-09	-0.0716005
2.49771e-09	-0.0697543
2.49783e-09	-0.0679077
2.49795e-09	-0.0660607
2.49808e-09	-0.0642133
2.4982e-09	-0.0623656
2.49832e-09	-0.0605176
2.49844e-09	-0.0586692
2.49856e-09	-0.0568204
2.49869e-09	-0.0549713
2.49881e-09	-0.053122
2.49893e-09	-0.0512722
2.49905e-09	-0.0494222
2.49918e-09	-0.0475719
2.4993e-09	-0.0457213
2.49942e-09	-0.0438704
2.49954e-09	-0.0420192
2.49966e-09	-0.0401677
2.49979e-09	-0.038316
2.49991e-09	-0.036464
2.50003e-09	-0.0346117
2.50015e-09	-0.0327592
2.50028e-09	-0.0309065
2.5004e-09	-0.0290535
2.50052e-09	-0.0272003
2.50064e-09	-0.0253468
2.50076e-09	-0.0234932
2.50089e-09	-0.0216393
2.50101e-09	-0.0197852
2.50113e-09	-0.017931
2.50125e-09	-0.0160765
2.50138e-09	-0.0142219
2.5015e-09	-0.0123671
2.50162e-09	-0.0105121
2.50174e-09	-0.00865701
2.50186e-09	-0.00680172
2.50199e-09	-0.00494628
2.50211e-09	-0.00309071
2.50223e-09	-0.001235
2.50235e-09	0.000620837
2.50248e-09	0.00247679
2.5026e-09	0.00433287
2.50272e-09	0.00618904
2.50284e-09	0.00804532
2.50296e-09	0.00990169
2.50309e-09	0.0117582
2.50321e-09	0.0136147
2.50333e-09	0.0154713
2.50345e-09	0.017328
2.50358e-09	0.0191847
2.5037e-09	0.0210415
2.50382e-09	0.0228983
2.50394e-09	0.0247552
2.50406e-09	0.0266121
2.50419e-09	0.0284691
2.50431e-09	0.030326
2.50443e-09	0.032183
2.50455e-09	0.0340399
2.50468e-09	0.0358969
2.5048e-09	0.0377539
2.50492e-09	0.0396108
2.50504e-09	0.0414677
2.50517e-09	0.0433246
2.50529e-09	0.0451815
2.50541e-09	0.0470383
2.50553e-09	0.0488951
2.50565e-09	0.0507518
2.50578e-09	0.0526084
2.5059e-09	0.054465
2.50602e-09	0.0563215
2.50614e-09	0.0581779
2.50627e-09	0.0600342
2.50639e-09	0.0618905
2.50651e-09	0.0637466
2.50663e-09	0.0656026
2.50675e-09	0.0674585
2.50688e-09	0.0693143
2.507e-09	0.0711699
2.50712e-09	0.0730254
2.50724e-09	0.0748808
2.50737e-09	0.076736
2.50749e-09	0.078591
2.50761e-09	0.0804459
2.50773e-09	0.0823006
2.50785e-09	0.0841552
2.50798e-09	0.0860095
2.5081e-09	0.0878637
2.50822e-09	0.0897177
2.50834e-09	0.0915714
2.50847e-09	0.093425
2.50859e-09	0.0952783
2.50871e-09	0.0971314
2.50883e-09	0.0989842
2.50895e-09	0.100837
2.50908e-09	0.102689
2.5092e-09	0.104541
2.50932e-09	0.106393
2.50944e-09	0.108245
2.50957e-09	0.110096
2.50969e-09	0.111947
2.50981e-09	0.113798
2.50993e-09	0.115648
2.51005e-09	0.117499
2.51018e-09	0.119348
2.5103e-09	0.121198
2.51042e-09	0.123047
2.51054e-09	0.124896
2.51067e-09	0.126745
2.51079e-09	0.128593
2.51091e-09	0.130441
2.51103e-09	0.132288
2.51115e-09	0.134135
2.51128e-09	0.135982
2.5114e-09	0.137829
2.51152e-09	0.139675
2.51164e-09	0.14152
2.51177e-09	0.143365
2.51189e-09	0.14521
2.51201e-09	0.147055
2.51213e-09	0.148899
2.51225e-09	0.150742
2.51238e-09	0.152585
2.5125e-09	0.154428
2.51262e-09	0.15627
2.51274e-09	0.158112
2.51287e-09	0.159954
2.51299e-09	0.161795
2.51311e-09	0.163635
2.51323e-09	0.165475
2.51335e-09	0.167314
2.51348e-09	0.169153
2.5136e-09	0.170992
2.51372e-09	0.17283
2.51384e-09	0.174667
2.51397e-09	0.176504
2.51409e-09	0.178341
2.51421e-09	0.180177
2.51433e-09	0.182012
2.51446e-09	0.183847
2.51458e-09	0.185681
2.5147e-09	0.187515
2.51482e-09	0.189348
2.51494e-09	0.19118
2.51507e-09	0.193012
2.51519e-09	0.194844
2.51531e-09	0.196675
2.51543e-09	0.198505
2.51556e-09	0.200335
2.51568e-09	0.202164
2.5158e-09	0.203992
2.51592e-09	0.20582
2.51604e-09	0.207647
2.51617e-09	0.209473
2.51629e-09	0.211299
2.51641e-09	0.213124
2.51653e-09	0.214949
2.51666e-09	0.216773
2.51678e-09	0.218596
2.5169e-09	0.220418
2.51702e-09	0.22224
2.51714e-09	0.224061
2.51727e-09	0.225882
2.51739e-09	0.227702
2.51751e-09	0.229521
2.51763e-09	0.231339
2.51776e-09	0.233156
2.51788e-09	0.234973
2.518e-09	0.236789
2.51812e-09	0.238605
2.51824e-09	0.240419
2.51837e-09	0.242233
2.51849e-09	0.244046
2.51861e-09	0.245858
2.51873e-09	0.24767
2.51886e-09	0.249481
2.51898e-09	0.251291
2.5191e-09	0.2531
2.51922e-09	0.254908
2.51934e-09	0.256716
2.51947e-09	0.258522
2.51959e-09	0.260328
2.51971e-09	0.262133
2.51983e-09	0.263937
2.51996e-09	0.265741
2.52008e-09	0.267543
2.5202e-09	0.269345
2.52032e-09	0.271146
2.52044e-09	0.272946
2.52057e-09	0.274745
2.52069e-09	0.276543
2.52081e-09	0.27834
2.52093e-09	0.280136
2.52106e-09	0.281932
2.52118e-09	0.283726
2.5213e-09	0.28552
2.52142e-09	0.287313
2.52154e-09	0.289104
2.52167e-09	0.290895
2.52179e-09	0.292685
2.52191e-09	0.294474
2.52203e-09	0.296262
2.52216e-09	0.298049
2.52228e-09	0.299835
2.5224e-09	0.30162
2.52252e-09	0.303404
2.52264e-09	0.305187
2.52277e-09	0.306969
2.52289e-09	0.30875
2.52301e-09	0.31053
2.52313e-09	0.312309
2.52326e-09	0.314087
2.52338e-09	0.315864
2.5235e-09	0.31764
2.52362e-09	0.319415
2.52374e-09	0.321189
2.52387e-09	0.322962
2.52399e-09	0.324733
2.52411e-09	0.326504
2.52423e-09	0.328274
2.52436e-09	0.330042
2.52448e-09	0.331809
2.5246e-09	0.333576
2.52472e-09	0.335341
2.52485e-09	0.337105
2.52497e-09	0.338868
2.52509e-09	0.34063
2.52521e-09	0.342391
2.52533e-09	0.34415
2.52546e-09	0.345909
2.52558e-09	0.347666
2.5257e-09	0.349422
2.52582e-09	0.351177
2.52595e-09	0.352931
2.52607e-09	0.354683
2.52619e-09	0.356435
2.52631e-09	0.358185
2.52643e-09	0.359934
2.52656e-09	0.361682
2.52668e-09	0.363429
2.5268e-09	0.365174
2.52692e-09	0.366918
2.52705e-09	0.368661
2.52717e-09	0.370403
2.52729e-09	0.372144
2.52741e-09	0.373883
2.52753e-09	0.375621
2.52766e-09	0.377358
2.52778e-09	0.379093
2.5279e-09	0.380827
2.52802e-09	0.38256
2.52815e-09	0.384292
2.52827e-09	0.386022
2.52839e-09	0.387752
2.52851e-09	0.389479
2.52863e-09	0.391206
2.52876e-09	0.392931
2.52888e-09	0.394655
2.529e-09	0.396377
2.52912e-09	0.398098
2.52925e-09	0.399818
2.52937e-09	0.401537
2.52949e-09	0.403254
2.52961e-09	0.40497
2.52973e-09	0.406684
2.52986e-09	0.408397
2.52998e-09	0.410109
2.5301e-09	0.411819
2.53022e-09	0.413528
2.53035e-09	0.415235
2.53047e-09	0.416941
2.53059e-09	0.418646
2.53071e-09	0.420349
2.53083e-09	0.422051
2.53096e-09	0.423751
2.53108e-09	0.42545
2.5312e-09	0.427148
2.53132e-09	0.428844
2.53145e-09	0.430539
2.53157e-09	0.432232
2.53169e-09	0.433923
2.53181e-09	0.435614
2.53193e-09	0.437302
2.53206e-09	0.438989
2.53218e-09	0.440675
2.5323e-09	0.442359
2.53242e-09	0.444042
2.53255e-09	0.445723
2.53267e-09	0.447403
2.53279e-09	0.449081
2.53291e-09	0.450758
2.53303e-09	0.452433
2.53316e-09	0.454107
2.53328e-09	0.455779
2.5334e-09	0.457449
2.53352e-09	0.459118
2.53365e-09	0.460785
2.53377e-09	0.462451
2.53389e-09	0.464115
2.53401e-09	0.465778
2.53414e-09	0.467439
2.53426e-09	0.469098
2.53438e-09	0.470756
2.5345e-09	0.472412
2.53462e-09	0.474067
2.53475e-09	0.47572
2.53487e-09	0.477371
2.53499e-09	0.479021
2.53511e-09	0.480669
2.53524e-09	0.482315
2.53536e-09	0.48396
2.53548e-09	0.485603
2.5356e-09	0.487244
2.53572e-09	0.488884
2.53585e-09	0.490522
2.53597e-09	0.492159
2.53609e-09	0.493793
2.53621e-09	0.495426
2.53634e-09	0.497058
2.53646e-09	0.498687
2.53658e-09	0.500315
2.5367e-09	0.501941
2.53682e-09	0.503566
2.53695e-09	0.505188
2.53707e-09	0.506809
2.53719e-09	0.508429
2.53731e-09	0.510046
2.53744e-09	0.511662
2.53756e-09	0.513276
2.53768e-09	0.514888
2.5378e-09	0.516498
2.53792e-09	0.518107
2.53805e-09	0.519714
2.53817e-09	0.521319
2.53829e-09	0.522922
2.53841e-09	0.524523
2.53854e-09	0.526123
2.53866e-09	0.527721
2.53878e-09	0.529317
2.5389e-09	0.530911
2.53902e-09	0.532503
2.53915e-09	0.534094
2.53927e-09	0.535683
2.53939e-09	0.537269
2.53951e-09	0.538854
2.53964e-09	0.540437
2.53976e-09	0.542019
2.53988e-09	0.543598
2.54e-09	0.545175
2.54012e-09	0.546751
2.54025e-09	0.548325
2.54037e-09	0.549897
2.54049e-09	0.551466
2.54061e-09	0.553034
2.54074e-09	0.5546
2.54086e-09	0.556165
2.54098e-09	0.557727
2.5411e-09	0.559287
2.54122e-09	0.560845
2.54135e-09	0.562402
2.54147e-09	0.563956
2.54159e-09	0.565509
2.54171e-09	0.567059
2.54184e-09	0.568608
2.54196e-09	0.570154
2.54208e-09	0.571699
2.5422e-09	0.573242
2.54232e-09	0.574782
2.54245e-09	0.576321
2.54257e-09	0.577857
2.54269e-09	0.579392
2.54281e-09	0.580925
2.54294e-09	0.582455
2.54306e-09	0.583984
2.54318e-09	0.58551
2.5433e-09	0.587035
2.54342e-09	0.588557
2.54355e-09	0.590078
2.54367e-09	0.591596
2.54379e-09	0.593112
2.54391e-09	0.594627
2.54404e-09	0.596139
2.54416e-09	0.597649
2.54428e-09	0.599157
2.5444e-09	0.600663
2.54453e-09	0.602167
2.54465e-09	0.603668
2.54477e-09	0.605168
2.54489e-09	0.606665
2.54501e-09	0.608161
2.54514e-09	0.609654
2.54526e-09	0.611145
2.54538e-09	0.612634
2.5455e-09	0.614121
2.54563e-09	0.615606
2.54575e-09	0.617089
2.54587e-09	0.618569
2.54599e-09	0.620047
2.54611e-09	0.621523
2.54624e-09	0.622997
2.54636e-09	0.624469
2.54648e-09	0.625939
2.5466e-09	0.627406
2.54673e-09	0.628871
2.54685e-09	0.630334
2.54697e-09	0.631795
2.54709e-09	0.633254
2.54721e-09	0.63471
2.54734e-09	0.636164
2.54746e-09	0.637616
2.54758e-09	0.639066
2.5477e-09	0.640514
2.54783e-09	0.641959
2.54795e-09	0.643402
2.54807e-09	0.644843
2.54819e-09	0.646281
2.54831e-09	0.647717
2.54844e-09	0.649151
2.54856e-09	0.650583
2.54868e-09	0.652012
2.5488e-09	0.65344
2.54893e-09	0.654864
2.54905e-09	0.656287
2.54917e-09	0.657707
2.54929e-09	0.659125
2.54941e-09	0.660541
2.54954e-09	0.661954
2.54966e-09	0.663365
2.54978e-09	0.664774
2.5499e-09	0.66618
2.55003e-09	0.667584
2.55015e-09	0.668986
2.55027e-09	0.670385
2.55039e-09	0.671782
2.55051e-09	0.673177
2.55064e-09	0.674569
2.55076e-09	0.675959
2.55088e-09	0.677346
2.551e-09	0.678732
2.55113e-09	0.680114
2.55125e-09	0.681495
2.55137e-09	0.682873
2.55149e-09	0.684248
2.55161e-09	0.685621
2.55174e-09	0.686992
2.55186e-09	0.688361
2.55198e-09	0.689726
2.5521e-09	0.69109
2.55223e-09	0.692451
2.55235e-09	0.69381
2.55247e-09	0.695166
2.55259e-09	0.69652
2.55271e-09	0.697871
2.55284e-09	0.69922
2.55296e-09	0.700566
2.55308e-09	0.70191
2.5532e-09	0.703252
2.55333e-09	0.704591
2.55345e-09	0.705927
2.55357e-09	0.707261
2.55369e-09	0.708593
2.55382e-09	0.709922
2.55394e-09	0.711248
2.55406e-09	0.712573
2.55418e-09	0.713894
2.5543e-09	0.715213
2.55443e-09	0.71653
2.55455e-09	0.717844
2.55467e-09	0.719155
2.55479e-09	0.720464
2.55492e-09	0.72177
2.55504e-09	0.723074
2.55516e-09	0.724376
2.55528e-09	0.725674
2.5554e-09	0.726971
2.55553e-09	0.728264
2.55565e-09	0.729555
2.55577e-09	0.730844
2.55589e-09	0.73213
2.55602e-09	0.733413
2.55614e-09	0.734694
2.55626e-09	0.735972
2.55638e-09	0.737247
2.5565e-09	0.73852
2.55663e-09	0.739791
2.55675e-09	0.741059
2.55687e-09	0.742324
2.55699e-09	0.743586
2.55712e-09	0.744846
2.55724e-09	0.746103
2.55736e-09	0.747358
2.55748e-09	0.74861
2.5576e-09	0.749859
2.55773e-09	0.751106
2.55785e-09	0.75235
2.55797e-09	0.753592
2.55809e-09	0.75483
2.55822e-09	0.756066
2.55834e-09	0.7573
2.55846e-09	0.75853
2.55858e-09	0.759759
2.5587e-09	0.760984
2.55883e-09	0.762207
2.55895e-09	0.763427
2.55907e-09	0.764644
2.55919e-09	0.765858
2.55932e-09	0.76707
2.55944e-09	0.768279
2.55956e-09	0.769486
2.55968e-09	0.77069
2.5598e-09	0.771891
2.55993e-09	0.773089
2.56005e-09	0.774284
2.56017e-09	0.775477
2.56029e-09	0.776667
2.56042e-09	0.777855
2.56054e-09	0.779039
2.56066e-09	0.780221
2.56078e-09	0.7814
2.5609e-09	0.782576
2.56103e-09	0.78375
2.56115e-09	0.784921
2.56127e-09	0.786089
2.56139e-09	0.787254
2.56152e-09	0.788416
2.56164e-09	0.789576
2.56176e-09	0.790733
2.56188e-09	0.791887
2.562e-09	0.793038
2.56213e-09	0.794186
2.56225e-09	0.795332
2.56237e-09	0.796475
2.56249e-09	0.797615
2.56262e-09	0.798752
2.56274e-09	0.799886
2.56286e-09	0.801017
2.56298e-09	0.802146
2.5631e-09	0.803272
2.56323e-09	0.804395
2.56335e-09	0.805515
2.56347e-09	0.806632
2.56359e-09	0.807746
2.56372e-09	0.808858
2.56384e-09	0.809967
2.56396e-09	0.811072
2.56408e-09	0.812175
2.56421e-09	0.813275
2.56433e-09	0.814372
2.56445e-09	0.815467
2.56457e-09	0.816558
2.56469e-09	0.817646
2.56482e-09	0.818732
2.56494e-09	0.819815
2.56506e-09	0.820894
2.56518e-09	0.821971
2.56531e-09	0.823045
2.56543e-09	0.824116
2.56555e-09	0.825184
2.56567e-09	0.826249
2.56579e-09	0.827312
2.56592e-09	0.828371
2.56604e-09	0.829427
2.56616e-09	0.830481
2.56628e-09	0.831531
2.56641e-09	0.832579
2.56653e-09	0.833623
2.56665e-09	0.834665
2.56677e-09	0.835703
2.56689e-09	0.836739
2.56702e-09	0.837772
2.56714e-09	0.838801
2.56726e-09	0.839828
2.56738e-09	0.840852
2.56751e-09	0.841873
2.56763e-09	0.84289
2.56775e-09	0.843905
2.56787e-09	0.844917
2.56799e-09	0.845926
2.56812e-09	0.846932
2.56824e-09	0.847934
2.56836e-09	0.848934
2.56848e-09	0.849931
2.56861e-09	0.850924
2.56873e-09	0.851915
2.56885e-09	0.852903
2.56897e-09	0.853887
2.56909e-09	0.854869
2.56922e-09	0.855848
2.56934e-09	0.856823
2.56946e-09	0.857796
2.56958e-09	0.858765
2.56971e-09	0.859731
2.56983e-09	0.860695
2.56995e-09	0.861655
2.57007e-09	0.862612
2.57019e-09	0.863566
2.57032e-09	0.864517
2.57044e-09	0.865465
2.57056e-09	0.86641
2.57068e-09	0.867352
2.57081e-09	0.868291
2.57093e-09	0.869227
2.57105e-09	0.870159
2.57117e-09	0.871089
2.57129e-09	0.872015
2.57142e-09	0.872938
2.57154e-09	0.873858
2.57166e-09	0.874775
2.57178e-09	0.875689
2.57191e-09	0.8766
2.57203e-09	0.877508
2.57215e-09	0.878412
2.57227e-09	0.879314
2.57239e-09	0.880212
2.57252e-09	0.881107
2.57264e-09	0.881999
2.57276e-09	0.882888
2.57288e-09	0.883774
2.57301e-09	0.884657
2.57313e-09	0.885536
2.57325e-09	0.886412
2.57337e-09	0.887286
2.5735e-09	0.888156
2.57362e-09	0.889022
2.57374e-09	0.889886
2.57386e-09	0.890747
2.57398e-09	0.891604
2.57411e-09	0.892458
2.57423e-09	0.893309
2.57435e-09	0.894157
2.57447e-09	0.895001
2.5746e-09	0.895843
2.57472e-09	0.896681
2.57484e-09	0.897516
2.57496e-09	0.898348
2.57508e-09	0.899177
2.57521e-09	0.900002
2.57533e-09	0.900824
2.57545e-09	0.901643
2.57557e-09	0.902459
2.5757e-09	0.903272
2.57582e-09	0.904081
2.57594e-09	0.904887
2.57606e-09	0.90569
2.57618e-09	0.90649
2.57631e-09	0.907286
2.57643e-09	0.90808
2.57655e-09	0.908869
2.57667e-09	0.909656
2.5768e-09	0.91044
2.57692e-09	0.91122
2.57704e-09	0.911997
2.57716e-09	0.912771
2.57728e-09	0.913541
2.57741e-09	0.914309
2.57753e-09	0.915073
2.57765e-09	0.915833
2.57777e-09	0.916591
2.5779e-09	0.917345
2.57802e-09	0.918096
2.57814e-09	0.918843
2.57826e-09	0.919588
2.57838e-09	0.920329
2.57851e-09	0.921067
2.57863e-09	0.921801
2.57875e-09	0.922532
2.57887e-09	0.92326
2.579e-09	0.923985
2.57912e-09	0.924706
2.57924e-09	0.925424
2.57936e-09	0.926139
2.57948e-09	0.926851
2.57961e-09	0.927559
2.57973e-09	0.928264
2.57985e-09	0.928965
2.57997e-09	0.929663
2.5801e-09	0.930358
2.58022e-09	0.93105
2.58034e-09	0.931738
2.58046e-09	0.932423
2.58058e-09	0.933105
2.58071e-09	0.933783
2.58083e-09	0.934458
2.58095e-09	0.935129
2.58107e-09	0.935798
2.5812e-09	0.936463
2.58132e-09	0.937124
2.58144e-09	0.937782
2.58156e-09	0.938437
2.58168e-09	0.939089
2.58181e-09	0.939737
2.58193e-09	0.940382
2.58205e-09	0.941023
2.58217e-09	0.941661
2.5823e-09	0.942296
2.58242e-09	0.942927
2.58254e-09	0.943555
2.58266e-09	0.94418
2.58278e-09	0.944801
2.58291e-09	0.945419
2.58303e-09	0.946034
2.58315e-09	0.946645
2.58327e-09	0.947253
2.5834e-09	0.947857
2.58352e-09	0.948458
2.58364e-09	0.949055
2.58376e-09	0.94965
2.58389e-09	0.950241
2.58401e-09	0.950828
2.58413e-09	0.951412
2.58425e-09	0.951993
2.58437e-09	0.95257
2.5845e-09	0.953144
2.58462e-09	0.953714
2.58474e-09	0.954281
2.58486e-09	0.954845
2.58499e-09	0.955405
2.58511e-09	0.955962
2.58523e-09	0.956515
2.58535e-09	0.957065
2.58547e-09	0.957611
2.5856e-09	0.958155
2.58572e-09	0.958694
2.58584e-09	0.95923
2.58596e-09	0.959763
2.58609e-09	0.960293
2.58621e-09	0.960819
2.58633e-09	0.961341
2.58645e-09	0.96186
2.58657e-09	0.962376
2.5867e-09	0.962888
2.58682e-09	0.963397
2.58694e-09	0.963902
2.58706e-09	0.964404
2.58719e-09	0.964903
2.58731e-09	0.965397
2.58743e-09	0.965889
2.58755e-09	0.966377
2.58767e-09	0.966862
2.5878e-09	0.967343
2.58792e-09	0.967821
2.58804e-09	0.968295
2.58816e-09	0.968766
2.58829e-09	0.969233
2.58841e-09	0.969697
2.58853e-09	0.970157
2.58865e-09	0.970614
2.58877e-09	0.971068
2.5889e-09	0.971518
2.58902e-09	0.971964
2.58914e-09	0.972407
2.58926e-09	0.972847
2.58939e-09	0.973283
2.58951e-09	0.973715
2.58963e-09	0.974144
2.58975e-09	0.97457
2.58987e-09	0.974992
2.59e-09	0.975411
2.59012e-09	0.975826
2.59024e-09	0.976238
2.59036e-09	0.976646
2.59049e-09	0.977051
2.59061e-09	0.977452
2.59073e-09	0.977849
2.59085e-09	0.978244
2.59097e-09	0.978634
2.5911e-09	0.979022
2.59122e-09	0.979405
2.59134e-09	0.979786
2.59146e-09	0.980162
2.59159e-09	0.980535
2.59171e-09	0.980905
2.59183e-09	0.981271
2.59195e-09	0.981634
2.59207e-09	0.981993
2.5922e-09	0.982349
2.59232e-09	0.982701
2.59244e-09	0.983049
2.59256e-09	0.983395
2.59269e-09	0.983736
2.59281e-09	0.984074
2.59293e-09	0.984409
2.59305e-09	0.98474
2.59318e-09	0.985067
2.5933e-09	0.985391
2.59342e-09	0.985712
2.59354e-09	0.986028
2.59366e-09	0.986342
2.59379e-09	0.986652
2.59391e-09	0.986958
2.59403e-09	0.987261
2.59415e-09	0.98756
2.59428e-09	0.987856
2.5944e-09	0.988148
2.59452e-09	0.988437
2.59464e-09	0.988722
2.59476e-09	0.989003
2.59489e-09	0.989281
2.59501e-09	0.989556
2.59513e-09	0.989827
2.59525e-09	0.990094
2.59538e-09	0.990358
2.5955e-09	0.990618
2.59562e-09	0.990875
2.59574e-09	0.991128
2.59586e-09	0.991378
2.59599e-09	0.991624
2.59611e-09	0.991867
2.59623e-09	0.992106
2.59635e-09	0.992341
2.59648e-09	0.992573
2.5966e-09	0.992802
2.59672e-09	0.993027
2.59684e-09	0.993248
2.59696e-09	0.993466
2.59709e-09	0.99368
2.59721e-09	0.99389
2.59733e-09	0.994097
2.59745e-09	0.994301
2.59758e-09	0.994501
2.5977e-09	0.994697
2.59782e-09	0.99489
2.59794e-09	0.995079
2.59806e-09	0.995265
2.59819e-09	0.995447
2.59831e-09	0.995626
2.59843e-09	0.995801
2.59855e-09	0.995972
2.59868e-09	0.99614
2.5988e-09	0.996304
2.59892e-09	0.996465
2.59904e-09	0.996622
2.59916e-09	0.996776
2.59929e-09	0.996926
2.59941e-09	0.997072
2.59953e-09	0.997215
2.59965e-09	0.997355
2.59978e-09	0.99749
2.5999e-09	0.997622
2.60002e-09	0.997751
2.60014e-09	0.997876
2.60026e-09	0.997998
2.60039e-09	0.998115
2.60051e-09	0.99823
2.60063e-09	0.99834
2.60075e-09	0.998448
2.60088e-09	0.998551
2.601e-09	0.998651
2.60112e-09	0.998748
2.60124e-09	0.998841
2.60136e-09	0.99893
2.60149e-09	0.999016
2.60161e-09	0.999098
2.60173e-09	0.999176
2.60185e-09	0.999251
2.60198e-09	0.999323
2.6021e-09	0.999391
2.60222e-09	0.999455
2.60234e-09	0.999516
2.60246e-09	0.999573
2.60259e-09	0.999626
2.60271e-09	0.999676
2.60283e-09	0.999722
2.60295e-09	0.999765
2.60308e-09	0.999804
2.6032e-09	0.99984
2.60332e-09	0.999872
2.60344e-09	0.999901
2.60357e-09	0.999925
2.60369e-09	0.999947
2.60381e-09	0.999965
2.60393e-09	0.999979
2.60405e-09	0.999989
2.60418e-09	0.999996
2.6043e-09	1
2.60442e-09	0.999999
2.60454e-09	0.999996
2.60467e-09	0.999988
2.60479e-09	0.999977
2.60491e-09	0.999963
2.60503e-09	0.999945
2.60515e-09	0.999923
2.60528e-09	0.999898
2.6054e-09	0.999869
2.60552e-09	0.999837
2.60564e-09	0.999801
2.60577e-09	0.999761
2.60589e-09	0.999718
2.60601e-09	0.999671
2.60613e-09	0.999621
2.60625e-09	0.999567
2.60638e-09	0.99951
2.6065e-09	0.999449
2.60662e-09	0.999384
2.60674e-09	0.999316
2.60687e-09	0.999244
2.60699e-09	0.999169
2.60711e-09	0.99909
2.60723e-09	0.999007
2.60735e-09	0.998921
2.60748e-09	0.998832
2.6076e-09	0.998738
2.60772e-09	0.998642
2.60784e-09	0.998541
2.60797e-09	0.998437
2.60809e-09	0.99833
2.60821e-09	0.998219
2.60833e-09	0.998104
2.60845e-09	0.997986
2.60858e-09	0.997864
2.6087e-09	0.997739
2.60882e-09	0.99761
2.60894e-09	0.997477
2.60907e-09	0.997341
2.60919e-09	0.997201
2.60931e-09	0.997058
2.60943e-09	0.996911
2.60955e-09	0.996761
2.60968e-09	0.996607
2.6098e-09	0.996449
2.60992e-09	0.996288
2.61004e-09	0.996124
2.61017e-09	0.995955
2.61029e-09	0.995784
2.61041e-09	0.995608
2.61053e-09	0.995429
2.61065e-09	0.995247
2.61078e-09	0.995061
2.6109e-09	0.994871
2.61102e-09	0.994678
2.61114e-09	0.994481
2.61127e-09	0.994281
2.61139e-09	0.994077
2.61151e-09	0.99387
2.61163e-09	0.993659
2.61175e-09	0.993444
2.61188e-09	0.993226
2.612e-09	0.993005
2.61212e-09	0.992779
2.61224e-09	0.992551
2.61237e-09	0.992318
2.61249e-09	0.992083
2.61261e-09	0.991843
2.61273e-09	0.9916
2.61286e-09	0.991354
2.61298e-09	0.991104
2.6131e-09	0.99085
2.61322e-09	0.990593
2.61334e-09	0.990332
2.61347e-09	0.990068
2.61359e-09	0.9898
2.61371e-09	0.989529
2.61383e-09	0.989254
2.61396e-09	0.988976
2.61408e-09	0.988694
2.6142e-09	0.988409
2.61432e-09	0.988119
2.61444e-09	0.987827
2.61457e-09	0.987531
2.61469e-09	0.987231
2.61481e-09	0.986928
2.61493e-09	0.986621
2.61506e-09	0.986311
2.61518e-09	0.985998
2.6153e-09	0.98568
2.61542e-09	0.98536
2.61554e-09	0.985035
2.61567e-09	0.984707
2.61579e-09	0.984376
2.61591e-09	0.984041
2.61603e-09	0.983703
2.61616e-09	0.983361
2.61628e-09	0.983015
2.6164e-09	0.982666
2.61652e-09	0.982314
2.61664e-09	0.981958
2.61677e-09	0.981598
2.61689e-09	0.981236
2.61701e-09	0.980869
2.61713e-09	0.980499
2.61726e-09	0.980125
2.61738e-09	0.979748
2.6175e-09	0.979368
2.61762e-09	0.978984
2.61774e-09	0.978596
2.61787e-09	0.978205
2.61799e-09	0.977811
2.61811e-09	0.977413
2.61823e-09	0.977011
2.61836e-09	0.976606
2.61848e-09	0.976198
2.6186e-09	0.975785
2.61872e-09	0.97537
2.61884e-09	0.974951
2.61897e-09	0.974528
2.61909e-09	0.974103
2.61921e-09	0.973673
2.61933e-09	0.97324
2.61946e-09	0.972804
2.61958e-09	0.972364
2.6197e-09	0.97192
2.61982e-09	0.971474
2.61994e-09	0.971023
2.62007e-09	0.970569
2.62019e-09	0.970112
2.62031e-09	0.969652
2.62043e-09	0.969187
2.62056e-09	0.96872
2.62068e-09	0.968248
2.6208e-09	0.967774
2.62092e-09	0.967296
2.62104e-09	0.966814
2.62117e-09	0.966329
2.62129e-09	0.965841
2.62141e-09	0.965349
2.62153e-09	0.964854
2.62166e-09	0.964355
2.62178e-09	0.963853
2.6219e-09	0.963347
2.62202e-09	0.962838
2.62214e-09	0.962326
2.62227e-09	0.96181
2.62239e-09	0.96129
2.62251e-09	0.960767
2.62263e-09	0.960241
2.62276e-09	0.959711
2.62288e-09	0.959178
2.623e-09	0.958641
2.62312e-09	0.958101
2.62325e-09	0.957558
2.62337e-09	0.957011
2.62349e-09	0.956461
2.62361e-09	0.955907
2.62373e-09	0.95535
2.62386e-09	0.95479
2.62398e-09	0.954226
2.6241e-09	0.953658
2.62422e-09	0.953088
2.62435e-09	0.952513
2.62447e-09	0.951936
2.62459e-09	0.951355
2.62471e-09	0.95077
2.62483e-09	0.950183
2.62496e-09	0.949592
2.62508e-09	0.948997
2.6252e-09	0.948399
2.62532e-09	0.947798
2.62545e-09	0.947193
2.62557e-09	0.946585
2.62569e-09	0.945974
2.62581e-09	0.945359
2.62593e-09	0.94474
2.62606e-09	0.944119
2.62618e-09	0.943494
2.6263e-09	0.942866
2.62642e-09	0.942234
2.62655e-09	0.941599
2.62667e-09	0.94096
2.62679e-09	0.940319
2.62691e-09	0.939673
2.62703e-09	0.939025
2.62716e-09	0.938373
2.62728e-09	0.937718
2.6274e-09	0.937059
2.62752e-09	0.936397
2.62765e-09	0.935732
2.62777e-09	0.935064
2.62789e-09	0.934392
2.62801e-09	0.933716
2.62813e-09	0.933038
2.62826e-09	0.932356
2.62838e-09	0.931671
2.6285e-09	0.930982
2.62862e-09	0.93029
2.62875e-09	0.929595
2.62887e-09	0.928897
2.62899e-09	0.928195
2.62911e-09	0.92749
2.62923e-09	0.926781
2.62936e-09	0.926069
2.62948e-09	0.925354
2.6296e-09	0.924636
2.62972e-09	0.923914
2.62985e-09	0.923189
2.62997e-09	0.922461
2.63009e-09	0.921729
2.63021e-09	0.920995
2.63033e-09	0.920256
2.63046e-09	0.919515
2.63058e-09	0.91877
2.6307e-09	0.918022
2.63082e-09	0.917271
2.63095e-09	0.916517
2.63107e-09	0.915759
2.63119e-09	0.914998
2.63131e-09	0.914233
2.63143e-09	0.913466
2.63156e-09	0.912695
2.63168e-09	0.911921
2.6318e-09	0.911144
2.63192e-09	0.910363
2.63205e-09	0.909579
2.63217e-09	0.908792
2.63229e-09	0.908002
2.63241e-09	0.907208
2.63253e-09	0.906412
2.63266e-09	0.905612
2.63278e-09	0.904808
2.6329e-09	0.904002
2.63302e-09	0.903192
2.63315e-09	0.902379
2.63327e-09	0.901563
2.63339e-09	0.900744
2.63351e-09	0.899921
2.63364e-09	0.899095
2.63376e-09	0.898267
2.63388e-09	0.897434
2.634e-09	0.896599
2.63412e-09	0.89576
2.63425e-09	0.894919
2.63437e-09	0.894074
2.63449e-09	0.893226
2.63461e-09	0.892374
2.63474e-09	0.89152
2.63486e-09	0.890662
2.63498e-09	0.889802
2.6351e-09	0.888938
2.63522e-09	0.88807
2.63535e-09	0.8872
2.63547e-09	0.886327
2.63559e-09	0.88545
2.63571e-09	0.88457
2.63584e-09	0.883687
2.63596e-09	0.882801
2.63608e-09	0.881912
2.6362e-09	0.88102
2.63632e-09	0.880124
2.63645e-09	0.879226
2.63657e-09	0.878324
2.63669e-09	0.877419
2.63681e-09	0.876511
2.63694e-09	0.8756
2.63706e-09	0.874686
2.63718e-09	0.873768
2.6373e-09	0.872848
2.63742e-09	0.871924
2.63755e-09	0.870997
2.63767e-09	0.870068
2.63779e-09	0.869135
2.63791e-09	0.868199
2.63804e-09	0.86726
2.63816e-09	0.866318
2.63828e-09	0.865373
2.6384e-09	0.864424
2.63852e-09	0.863473
2.63865e-09	0.862518
2.63877e-09	0.861561
2.63889e-09	0.8606
2.63901e-09	0.859637
2.63914e-09	0.85867
2.63926e-09	0.8577
2.63938e-09	0.856728
2.6395e-09	0.855752
2.63962e-09	0.854773
2.63975e-09	0.853791
2.63987e-09	0.852806
2.63999e-09	0.851818
2.64011e-09	0.850827
2.64024e-09	0.849833
2.64036e-09	0.848836
2.64048e-09	0.847836
2.6406e-09	0.846833
2.64072e-09	0.845827
2.64085e-09	0.844818
2.64097e-09	0.843806
2.64109e-09	0.842791
2.64121e-09	0.841773
2.64134e-09	0.840752
2.64146e-09	0.839728
2.64158e-09	0.838701
2.6417e-09	0.837671
2.64182e-09	0.836638
2.64195e-09	0.835602
2.64207e-09	0.834563
2.64219e-09	0.833521
2.64231e-09	0.832476
2.64244e-09	0.831428
2.64256e-09	0.830377
2.64268e-09	0.829324
2.6428e-09	0.828267
2.64293e-09	0.827208
2.64305e-09	0.826145
2.64317e-09	0.82508
2.64329e-09	0.824011
2.64341e-09	0.82294
2.64354e-09	0.821866
2.64366e-09	0.820789
2.64378e-09	0.819709
2.6439e-09	0.818626
2.64403e-09	0.81754
2.64415e-09	0.816451
2.64427e-09	0.815359
2.64439e-09	0.814265
2.64451e-09	0.813168
2.64464e-09	0.812067
2.64476e-09	0.810964
2.64488e-09	0.809858
2.645e-09	0.808749
2.64513e-09	0.807637
2.64525e-09	0.806523
2.64537e-09	0.805405
2.64549e-09	0.804285
2.64561e-09	0.803162
2.64574e-09	0.802035
2.64586e-09	0.800907
2.64598e-09	0.799775
2.6461e-09	0.79864
2.64623e-09	0.797503
2.64635e-09	0.796363
2.64647e-09	0.79522
2.64659e-09	0.794074
2.64671e-09	0.792925
2.64684e-09	0.791774
2.64696e-09	0.790619
2.64708e-09	0.789462
2.6472e-09	0.788302
2.64733e-09	0.78714
2.64745e-09	0.785974
2.64757e-09	0.784806
2.64769e-09	0.783635
2.64781e-09	0.782461
2.64794e-09	0.781285
2.64806e-09	0.780105
2.64818e-09	0.778923
2.6483e-09	0.777738
2.64843e-09	0.776551
2.64855e-09	0.77536
2.64867e-09	0.774167
2.64879e-09	0.772972
2.64891e-09	0.771773
2.64904e-09	0.770572
2.64916e-09	0.769368
2.64928e-09	0.768161
2.6494e-09	0.766952
2.64953e-09	0.765739
2.64965e-09	0.764525
2.64977e-09	0.763307
2.64989e-09	0.762087
2.65001e-09	0.760864
2.65014e-09	0.759638
2.65026e-09	0.75841
2.65038e-09	0.757179
2.6505e-09	0.755945
2.65063e-09	0.754709
2.65075e-09	0.75347
2.65087e-09	0.752228
2.65099e-09	0.750984
2.65111e-09	0.749737
2.65124e-09	0.748487
2.65136e-09	0.747235
2.65148e-09	0.74598
2.6516e-09	0.744723
2.65173e-09	0.743463
2.65185e-09	0.7422
2.65197e-09	0.740934
2.65209e-09	0.739666
2.65221e-09	0.738396
2.65234e-09	0.737123
2.65246e-09	0.735847
2.65258e-09	0.734568
2.6527e-09	0.733287
2.65283e-09	0.732004
2.65295e-09	0.730717
2.65307e-09	0.729429
2.65319e-09	0.728137
2.65332e-09	0.726844
2.65344e-09	0.725547
2.65356e-09	0.724248
2.65368e-09	0.722947
2.6538e-09	0.721642
2.65393e-09	0.720336
2.65405e-09	0.719027
2.65417e-09	0.717715
2.65429e-09	0.716401
2.65442e-09	0.715084
2.65454e-09	0.713765
2.65466e-09	0.712443
2.65478e-09	0.711119
2.6549e-09	0.709792
2.65503e-09	0.708462
2.65515e-09	0.707131
2.65527e-09	0.705796
2.65539e-09	0.70446
2.65552e-09	0.70312
2.65564e-09	0.701779
2.65576e-09	0.700434
2.65588e-09	0.699088
2.656e-09	0.697739
2.65613e-09	0.696387
2.65625e-09	0.695033
2.65637e-09	0.693677
2.65649e-09	0.692318
2.65662e-09	0.690956
2.65674e-09	0.689593
2.65686e-09	0.688226
2.65698e-09	0.686858
2.6571e-09	0.685487
2.65723e-09	0.684113
2.65735e-09	0.682738
2.65747e-09	0.681359
2.65759e-09	0.679979
2.65772e-09	0.678596
2.65784e-09	0.67721
2.65796e-09	0.675823
2.65808e-09	0.674433
2.6582e-09	0.67304
2.65833e-09	0.671645
2.65845e-09	0.670248
2.65857e-09	0.668848
2.65869e-09	0.667447
2.65882e-09	0.666042
2.65894e-09	0.664636
2.65906e-09	0.663227
2.65918e-09	0.661816
2.6593e-09	0.660402
2.65943e-09	0.658986
2.65955e-09	0.657568
2.65967e-09	0.656148
2.65979e-09	0.654725
2.65992e-09	0.6533
2.66004e-09	0.651872
2.66016e-09	0.650443
2.66028e-09	0.649011
2.6604e-09	0.647577
2.66053e-09	0.64614
2.66065e-09	0.644701
2.66077e-09	0.64326
2.66089e-09	0.641817
2.66102e-09	0.640372
2.66114e-09	0.638924
2.66126e-09	0.637474
2.66138e-09	0.636022
2.6615e-09	0.634567
2.66163e-09	0.633111
2.66175e-09	0.631652
2.66187e-09	0.630191
2.66199e-09	0.628728
2.66212e-09	0.627262
2.66224e-09	0.625795
2.66236e-09	0.624325
2.66248e-09	0.622853
2.66261e-09	0.621379
2.66273e-09	0.619902
2.66285e-09	0.618424
2.66297e-09	0.616943
2.66309e-09	0.61546
2.66322e-09	0.613976
2.66334e-09	0.612488
2.66346e-09	0.610999
2.66358e-09	0.609508
2.66371e-09	0.608014
2.66383e-09	0.606519
2.66395e-09	0.605021
2.66407e-09	0.603521
2.66419e-09	0.602019
2.66432e-09	0.600515
2.66444e-09	0.599009
2.66456e-09	0.597501
2.66468e-09	0.595991
2.66481e-09	0.594478
2.66493e-09	0.592964
2.66505e-09	0.591447
2.66517e-09	0.589929
2.66529e-09	0.588408
2.66542e-09	0.586885
2.66554e-09	0.585361
2.66566e-09	0.583834
2.66578e-09	0.582305
2.66591e-09	0.580774
2.66603e-09	0.579242
2.66615e-09	0.577707
2.66627e-09	0.57617
2.66639e-09	0.574631
2.66652e-09	0.57309
2.66664e-09	0.571548
2.66676e-09	0.570003
2.66688e-09	0.568456
2.66701e-09	0.566907
2.66713e-09	0.565357
2.66725e-09	0.563804
2.66737e-09	0.562249
2.66749e-09	0.560693
2.66762e-09	0.559134
2.66774e-09	0.557574
2.66786e-09	0.556011
2.66798e-09	0.554447
2.66811e-09	0.552881
2.66823e-09	0.551313
2.66835e-09	0.549742
2.66847e-09	0.548171
2.66859e-09	0.546597
2.66872e-09	0.545021
2.66884e-09	0.543443
2.66896e-09	0.541864
2.66908e-09	0.540282
2.66921e-09	0.538699
2.66933e-09	0.537114
2.66945e-09	0.535527
2.66957e-09	0.533938
2.66969e-09	0.532347
2.66982e-09	0.530755
2.66994e-09	0.529161
2.67006e-09	0.527564
2.67018e-09	0.525966
2.67031e-09	0.524367
2.67043e-09	0.522765
2.67055e-09	0.521161
2.67067e-09	0.519556
2.67079e-09	0.517949
2.67092e-09	0.51634
2.67104e-09	0.51473
2.67116e-09	0.513118
2.67128e-09	0.511503
2.67141e-09	0.509888
2.67153e-09	0.50827
2.67165e-09	0.506651
2.67177e-09	0.505029
2.67189e-09	0.503407
2.67202e-09	0.501782
2.67214e-09	0.500156
2.67226e-09	0.498528
2.67238e-09	0.496898
2.67251e-09	0.495266
2.67263e-09	0.493633
2.67275e-09	0.491998
2.67287e-09	0.490362
2.673e-09	0.488723
2.67312e-09	0.487084
2.67324e-09	0.485442
2.67336e-09	0.483799
2.67348e-09	0.482154
2.67361e-09	0.480507
2.67373e-09	0.478859
2.67385e-09	0.477209
2.67397e-09	0.475558
2.6741e-09	0.473905
2.67422e-09	0.47225
2.67434e-09	0.470594
2.67446e-09	0.468936
2.67458e-09	0.467276
2.67471e-09	0.465615
2.67483e-09	0.463952
2.67495e-09	0.462288
2.67507e-09	0.460622
2.6752e-09	0.458954
2.67532e-09	0.457285
2.67544e-09	0.455615
2.67556e-09	0.453943
2.67568e-09	0.452269
2.67581e-09	0.450594
2.67593e-09	0.448917
2.67605e-09	0.447238
2.67617e-09	0.445559
2.6763e-09	0.443877
2.67642e-09	0.442194
2.67654e-09	0.44051
2.67666e-09	0.438824
2.67678e-09	0.437137
2.67691e-09	0.435448
2.67703e-09	0.433758
2.67715e-09	0.432066
2.67727e-09	0.430372
2.6774e-09	0.428678
2.67752e-09	0.426982
2.67764e-09	0.425284
2.67776e-09	0.423585
2.67788e-09	0.421884
2.67801e-09	0.420182
2.67813e-09	0.418479
2.67825e-09	0.416774
2.67837e-09	0.415068
2.6785e-09	0.41336
2.67862e-09	0.411651
2.67874e-09	0.409941
2.67886e-09	0.408229
2.67898e-09	0.406516
2.67911e-09	0.404801
2.67923e-09	0.403086
2.67935e-09	0.401368
2.67947e-09	0.39965
2.6796e-09	0.39793
2.67972e-09	0.396208
2.67984e-09	0.394486
2.67996e-09	0.392762
2.68008e-09	0.391037
2.68021e-09	0.38931
2.68033e-09	0.387582
2.68045e-09	0.385853
2.68057e-09	0.384122
2.6807e-09	0.382391
2.68082e-09	0.380657
2.68094e-09	0.378923
2.68106e-09	0.377187
2.68118e-09	0.375451
2.68131e-09	0.373712
2.68143e-09	0.371973
2.68155e-09	0.370232
2.68167e-09	0.36849
2.6818e-09	0.366747
2.68192e-09	0.365003
2.68204e-09	0.363257
2.68216e-09	0.361511
2.68229e-09	0.359763
2.68241e-09	0.358013
2.68253e-09	0.356263
2.68265e-09	0.354512
2.68277e-09	0.352759
2.6829e-09	0.351005
2.68302e-09	0.34925
2.68314e-09	0.347494
2.68326e-09	0.345736
2.68339e-09	0.343978
2.68351e-09	0.342218
2.68363e-09	0.340457
2.68375e-09	0.338695
2.68387e-09	0.336932
2.684e-09	0.335168
2.68412e-09	0.333403
2.68424e-09	0.331636
2.68436e-09	0.329869
2.68449e-09	0.3281
2.68461e-09	0.32633
2.68473e-09	0.32456
2.68485e-09	0.322788
2.68497e-09	0.321015
2.6851e-09	0.319241
2.68522e-09	0.317466
2.68534e-09	0.31569
2.68546e-09	0.313913
2.68559e-09	0.312135
2.68571e-09	0.310356
2.68583e-09	0.308576
2.68595e-09	0.306794
2.68607e-09	0.305012
2.6862e-09	0.303229
2.68632e-09	0.301445
2.68644e-09	0.29966
2.68656e-09	0.297874
2.68669e-09	0.296087
2.68681e-09	0.294299
2.68693e-09	0.29251
2.68705e-09	0.29072
2.68717e-09	0.288929
2.6873e-09	0.287137
2.68742e-09	0.285344
2.68754e-09	0.28355
2.68766e-09	0.281756
2.68779e-09	0.27996
2.68791e-09	0.278164
2.68803e-09	0.276366
2.68815e-09	0.274568
2.68827e-09	0.272769
2.6884e-09	0.270969
2.68852e-09	0.269168
2.68864e-09	0.267367
2.68876e-09	0.265564
2.68889e-09	0.263761
2.68901e-09	0.261956
2.68913e-09	0.260151
2.68925e-09	0.258345
2.68937e-09	0.256538
2.6895e-09	0.254731
2.68962e-09	0.252922
2.68974e-09	0.251113
2.68986e-09	0.249303
2.68999e-09	0.247492
2.69011e-09	0.245681
2.69023e-09	0.243868
2.69035e-09	0.242055
2.69047e-09	0.240241
2.6906e-09	0.238427
2.69072e-09	0.236611
2.69084e-09	0.234795
2.69096e-09	0.232978
2.69109e-09	0.231161
2.69121e-09	0.229342
2.69133e-09	0.227523
2.69145e-09	0.225703
2.69157e-09	0.223883
2.6917e-09	0.222062
2.69182e-09	0.22024
2.69194e-09	0.218417
2.69206e-09	0.216594
2.69219e-09	0.21477
2.69231e-09	0.212945
2.69243e-09	0.21112
2.69255e-09	0.209294
2.69268e-09	0.207468
2.6928e-09	0.20564
2.69292e-09	0.203813
2.69304e-09	0.201984
2.69316e-09	0.200155
2.69329e-09	0.198325
2.69341e-09	0.196495
2.69353e-09	0.194664
2.69365e-09	0.192833
2.69378e-09	0.191001
2.6939e-09	0.189168
2.69402e-09	0.187335
2.69414e-09	0.185501
2.69426e-09	0.183667
2.69439e-09	0.181832
2.69451e-09	0.179997
2.69463e-09	0.178161
2.69475e-09	0.176324
2.69488e-09	0.174487
2.695e-09	0.17265
2.69512e-09	0.170812
2.69524e-09	0.168973
2.69536e-09	0.167134
2.69549e-09	0.165295
2.69561e-09	0.163455
2.69573e-09	0.161614
2.69585e-09	0.159773
2.69598e-09	0.157932
2.6961e-09	0.15609
2.69622e-09	0.154248
2.69634e-09	0.152405
2.69646e-09	0.150562
2.69659e-09	0.148718
2.69671e-09	0.146874
2.69683e-09	0.145029
2.69695e-09	0.143185
2.69708e-09	0.141339
2.6972e-09	0.139494
2.69732e-09	0.137648
2.69744e-09	0.135801
2.69756e-09	0.133954
2.69769e-09	0.132107
2.69781e-09	0.13026
2.69793e-09	0.128412
2.69805e-09	0.126563
2.69818e-09	0.124715
2.6983e-09	0.122866
2.69842e-09	0.121017
2.69854e-09	0.119167
2.69866e-09	0.117317
2.69879e-09	0.115467
2.69891e-09	0.113616
2.69903e-09	0.111766
2.69915e-09	0.109915
2.69928e-09	0.108063
2.6994e-09	0.106212
2.69952e-09	0.10436
2.69964e-09	0.102508
2.69976e-09	0.100655
2.69989e-09	0.0988026
2.70001e-09	0.0969497
2.70013e-09	0.0950966
2.70025e-09	0.0932432
2.70038e-09	0.0913897
2.7005e-09	0.0895359
2.70062e-09	0.0876819
2.70074e-09	0.0858277
2.70086e-09	0.0839734
2.70099e-09	0.0821188
2.70111e-09	0.0802641
2.70123e-09	0.0784092
2.70135e-09	0.0765541
2.70148e-09	0.0746989
2.7016e-09	0.0728435
2.70172e-09	0.070988
2.70184e-09	0.0691323
2.70197e-09	0.0672765
2.70209e-09	0.0654206
2.70221e-09	0.0635646
2.70233e-09	0.0617085
2.70245e-09	0.0598522
2.70258e-09	0.0579959
2.7027e-09	0.0561395
2.70282e-09	0.054283
2.70294e-09	0.0524264
2.70307e-09	0.0505697
2.70319e-09	0.048713
2.70331e-09	0.0468562
2.70343e-09	0.0449994
2.70355e-09	0.0431426
2.70368e-09	0.0412857
2.7038e-09	0.0394287
2.70392e-09	0.0375718
2.70404e-09	0.0357148
2.70417e-09	0.0338579
2.70429e-09	0.0320009
2.70441e-09	0.0301439
2.70453e-09	0.028287
2.70465e-09	0.0264301
2.70478e-09	0.0245731
2.7049e-09	0.0227163
2.70502e-09	0.0208594
2.70514e-09	0.0190027
2.70527e-09	0.0171459
2.70539e-09	0.0152893
2.70551e-09	0.0134327
2.70563e-09	0.0115761
2.70575e-09	0.00971967
2.70588e-09	0.00786331
2.706e-09	0.00600704
2.70612e-09	0.00415087
2.70624e-09	0.00229481
2.70637e-09	0.000438862
2.70649e-09	-0.00141696
2.70661e-09	-0.00327266
2.70673e-09	-0.00512822
2.70685e-09	-0.00698364
2.70698e-09	-0.00883891
2.7071e-09	-0.010694
2.70722e-09	-0.012549
2.70734e-09	-0.0144038
2.70747e-09	-0.0162584
2.70759e-09	-0.0181128
2.70771e-09	-0.019967
2.70783e-09	-0.0218211
2.70795e-09	-0.0236749
2.70808e-09	-0.0255286
2.7082e-09	-0.027382
2.70832e-09	-0.0292352
2.70844e-09	-0.0310881
2.70857e-09	-0.0329409
2.70869e-09	-0.0347933
2.70881e-09	-0.0366456
2.70893e-09	-0.0384976
2.70905e-09	-0.0403493
2.70918e-09	-0.0422007
2.7093e-09	-0.0440519
2.70942e-09	-0.0459028
2.70954e-09	-0.0477533
2.70967e-09	-0.0496036
2.70979e-09	-0.0514536
2.70991e-09	-0.0533033
2.71003e-09	-0.0551527
2.71015e-09	-0.0570017
2.71028e-09	-0.0588504
2.7104e-09	-0.0606988
2.71052e-09	-0.0625468
2.71064e-09	-0.0643945
2.71077e-09	-0.0662418
2.71089e-09	-0.0680887
2.71101e-09	-0.0699353
2.71113e-09	-0.0717815
2.71125e-09	-0.0736273
2.71138e-09	-0.0754727
2.7115e-09	-0.0773178
2.71162e-09	-0.0791624
2.71174e-09	-0.0810066
2.71187e-09	-0.0828504
2.71199e-09	-0.0846938
2.71211e-09	-0.0865367
2.71223e-09	-0.0883792
2.71236e-09	-0.0902212
2.71248e-09	-0.0920628
2.7126e-09	-0.093904
2.71272e-09	-0.0957446
2.71284e-09	-0.0975848
2.71297e-09	-0.0994245
2.71309e-09	-0.101264
2.71321e-09	-0.103103
2.71333e-09	-0.104941
2.71346e-09	-0.106778
2.71358e-09	-0.108616
2.7137e-09	-0.110452
2.71382e-09	-0.112289
2.71394e-09	-0.114124
2.71407e-09	-0.115959
2.71419e-09	-0.117794
2.71431e-09	-0.119628
2.71443e-09	-0.121461
2.71456e-09	-0.123294
2.71468e-09	-0.125127
2.7148e-09	-0.126958
2.71492e-09	-0.128789
2.71504e-09	-0.13062
2.71517e-09	-0.13245
2.71529e-09	-0.134279
2.71541e-09	-0.136108
2.71553e-09	-0.137936
2.71566e-09	-0.139764
2.71578e-09	-0.14159
2.7159e-09	-0.143417
2.71602e-09	-0.145242
2.71614e-09	-0.147067
2.71627e-09	-0.148891
2.71639e-09	-0.150715
2.71651e-09	-0.152538
2.71663e-09	-0.15436
2.71676e-09	-0.156182
2.71688e-09	-0.158003
2.717e-09	-0.159823
2.71712e-09	-0.161642
2.71724e-09	-0.163461
2.71737e-09	-0.165279
2.71749e-09	-0.167096
2.71761e-09	-0.168913
2.71773e-09	-0.170729
2.71786e-09	-0.172544
2.71798e-09	-0.174358
2.7181e-09	-0.176172
2.71822e-09	-0.177985
2.71834e-09	-0.179797
2.71847e-09	-0.181608
2.71859e-09	-0.183418
2.71871e-09	-0.185228
2.71883e-09	-0.187037
2.71896e-09	-0.188845
2.71908e-09	-0.190652
2.7192e-09	-0.192459
2.71932e-09	-0.194264
2.71944e-09	-0.196069
2.71957e-09	-0.197873
2.71969e-09	-0.199676
2.71981e-09	-0.201479
2.71993e-09	-0.20328
2.72006e-09	-0.205081
2.72018e-09	-0.20688
2.7203e-09	-0.208679
2.72042e-09	-0.210477
2.72054e-09	-0.212274
2.72067e-09	-0.21407
2.72079e-09	-0.215865
2.72091e-09	-0.21766
2.72103e-09	-0.219453
2.72116e-09	-0.221246
2.72128e-09	-0.223037
2.7214e-09	-0.224828
2.72152e-09	-0.226618
2.72165e-09	-0.228406
2.72177e-09	-0.230194
2.72189e-09	-0.231981
2.72201e-09	-0.233767
2.72213e-09	-0.235552
2.72226e-09	-0.237336
2.72238e-09	-0.239118
2.7225e-09	-0.2409
2.72262e-09	-0.242681
2.72275e-09	-0.244461
2.72287e-09	-0.24624
2.72299e-09	-0.248018
2.72311e-09	-0.249795
2.72323e-09	-0.251571
2.72336e-09	-0.253346
2.72348e-09	-0.255119
2.7236e-09	-0.256892
2.72372e-09	-0.258664
2.72385e-09	-0.260434
2.72397e-09	-0.262204
2.72409e-09	-0.263972
2.72421e-09	-0.26574
2.72433e-09	-0.267506
2.72446e-09	-0.269271
2.72458e-09	-0.271035
2.7247e-09	-0.272798
2.72482e-09	-0.27456
2.72495e-09	-0.276321
2.72507e-09	-0.27808
2.72519e-09	-0.279839
2.72531e-09	-0.281596
2.72543e-09	-0.283352
2.72556e-09	-0.285107
2.72568e-09	-0.286861
2.7258e-09	-0.288614
2.72592e-09	-0.290365
2.72605e-09	-0.292115
2.72617e-09	-0.293865
2.72629e-09	-0.295613
2.72641e-09	-0.297359
2.72653e-09	-0.299105
2.72666e-09	-0.300849
2.72678e-09	-0.302592
2.7269e-09	-0.304334
2.72702e-09	-0.306075
2.72715e-09	-0.307815
2.72727e-09	-0.309553
2.72739e-09	-0.31129
2.72751e-09	-0.313025
2.72763e-09	-0.31476
2.72776e-09	-0.316493
2.72788e-09	-0.318225
2.728e-09	-0.319956
2.72812e-09	-0.321685
2.72825e-09	-0.323413
2.72837e-09	-0.32514
2.72849e-09	-0.326865
2.72861e-09	-0.328589
2.72873e-09	-0.330312
2.72886e-09	-0.332034
2.72898e-09	-0.333754
2.7291e-09	-0.335473
2.72922e-09	-0.33719
2.72935e-09	-0.338906
2.72947e-09	-0.340621
2.72959e-09	-0.342335
2.72971e-09	-0.344047
2.72983e-09	-0.345758
2.72996e-09	-0.347467
2.73008e-09	-0.349175
2.7302e-09	-0.350881
2.73032e-09	-0.352587
2.73045e-09	-0.35429
2.73057e-09	-0.355993
2.73069e-09	-0.357694
2.73081e-09	-0.359393
2.73093e-09	-0.361091
2.73106e-09	-0.362788
2.73118e-09	-0.364483
2.7313e-09	-0.366177
2.73142e-09	-0.367869
2.73155e-09	-0.36956
2.73167e-09	-0.371249
2.73179e-09	-0.372937
2.73191e-09	-0.374624
2.73204e-09	-0.376309
2.73216e-09	-0.377992
2.73228e-09	-0.379674
2.7324e-09	-0.381355
2.73252e-09	-0.383034
2.73265e-09	-0.384711
2.73277e-09	-0.386387
2.73289e-09	-0.388062
2.73301e-09	-0.389735
2.73314e-09	-0.391406
2.73326e-09	-0.393076
2.73338e-09	-0.394744
2.7335e-09	-0.396411
2.73362e-09	-0.398076
2.73375e-09	-0.39974
2.73387e-09	-0.401402
2.73399e-09	-0.403062
2.73411e-09	-0.404721
2.73424e-09	-0.406378
2.73436e-09	-0.408034
2.73448e-09	-0.409688
2.7346e-09	-0.41134
2.73472e-09	-0.412991
2.73485e-09	-0.414641
2.73497e-09	-0.416288
2.73509e-09	-0.417934
2.73521e-09	-0.419579
2.73534e-09	-0.421221
2.73546e-09	-0.422862
2.73558e-09	-0.424502
2.7357e-09	-0.42614
2.73582e-09	-0.427776
2.73595e-09	-0.42941
2.73607e-09	-0.431043
2.73619e-09	-0.432674
2.73631e-09	-0.434303
2.73644e-09	-0.435931
2.73656e-09	-0.437557
2.73668e-09	-0.439181
2.7368e-09	-0.440804
2.73692e-09	-0.442424
2.73705e-09	-0.444044
2.73717e-09	-0.445661
2.73729e-09	-0.447277
2.73741e-09	-0.44889
2.73754e-09	-0.450503
2.73766e-09	-0.452113
2.73778e-09	-0.453722
2.7379e-09	-0.455328
2.73802e-09	-0.456934
2.73815e-09	-0.458537
2.73827e-09	-0.460138
2.73839e-09	-0.461738
2.73851e-09	-0.463336
2.73864e-09	-0.464932
2.73876e-09	-0.466527
2.73888e-09	-0.468119
2.739e-09	-0.46971
2.73912e-09	-0.471299
2.73925e-09	-0.472886
2.73937e-09	-0.474471
2.73949e-09	-0.476055
2.73961e-09	-0.477636
2.73974e-09	-0.479216
2.73986e-09	-0.480794
2.73998e-09	-0.48237
2.7401e-09	-0.483944
2.74022e-09	-0.485516
2.74035e-09	-0.487087
2.74047e-09	-0.488655
2.74059e-09	-0.490222
2.74071e-09	-0.491786
2.74084e-09	-0.493349
2.74096e-09	-0.49491
2.74108e-09	-0.496469
2.7412e-09	-0.498026
2.74133e-09	-0.499581
2.74145e-09	-0.501135
2.74157e-09	-0.502686
2.74169e-09	-0.504235
2.74181e-09	-0.505783
2.74194e-09	-0.507328
2.74206e-09	-0.508872
2.74218e-09	-0.510413
2.7423e-09	-0.511953
2.74243e-09	-0.513491
2.74255e-09	-0.515026
2.74267e-09	-0.51656
2.74279e-09	-0.518092
2.74291e-09	-0.519621
2.74304e-09	-0.521149
2.74316e-09	-0.522675
2.74328e-09	-0.524198
2.7434e-09	-0.52572
2.74353e-09	-0.52724
2.74365e-09	-0.528757
2.74377e-09	-0.530273
2.74389e-09	-0.531786
2.74401e-09	-0.533298
2.74414e-09	-0.534807
2.74426e-09	-0.536315
2.74438e-09	-0.53782
2.7445e-09	-0.539323
2.74463e-09	-0.540824
2.74475e-09	-0.542323
2.74487e-09	-0.543821
2.74499e-09	-0.545316
2.74511e-09	-0.546808
2.74524e-09	-0.548299
2.74536e-09	-0.549788
2.74548e-09	-0.551274
2.7456e-09	-0.552759
2.74573e-09	-0.554241
2.74585e-09	-0.555721
2.74597e-09	-0.5572
2.74609e-09	-0.558676
2.74621e-09	-0.560149
2.74634e-09	-0.561621
2.74646e-09	-0.563091
2.74658e-09	-0.564558
2.7467e-09	-0.566023
2.74683e-09	-0.567486
2.74695e-09	-0.568947
2.74707e-09	-0.570406
2.74719e-09	-0.571862
2.74731e-09	-0.573317
2.74744e-09	-0.574769
2.74756e-09	-0.576219
2.74768e-09	-0.577667
2.7478e-09	-0.579112
2.74793e-09	-0.580556
2.74805e-09	-0.581997
2.74817e-09	-0.583436
2.74829e-09	-0.584872
2.74841e-09	-0.586307
2.74854e-09	-0.587739
2.74866e-09	-0.589169
2.74878e-09	-0.590597
2.7489e-09	-0.592022
2.74903e-09	-0.593446
2.74915e-09	-0.594867
2.74927e-09	-0.596285
2.74939e-09	-0.597702
2.74951e-09	-0.599116
2.74964e-09	-0.600528
2.74976e-09	-0.601938
2.74988e-09	-0.603345
2.75e-09	-0.60475
2.75013e-09	-0.606153
2.75025e-09	-0.607553
2.75037e-09	-0.608951
2.75049e-09	-0.610347
2.75061e-09	-0.611741
2.75074e-09	-0.613132
2.75086e-09	-0.614521
2.75098e-09	-0.615907
2.7511e-09	-0.617291
2.75123e-09	-0.618673
2.75135e-09	-0.620053
2.75147e-09	-0.62143
2.75159e-09	-0.622805
2.75172e-09	-0.624177
2.75184e-09	-0.625547
2.75196e-09	-0.626915
2.75208e-09	-0.62828
2.7522e-09	-0.629643
2.75233e-09	-0.631003
2.75245e-09	-0.632362
2.75257e-09	-0.633717
2.75269e-09	-0.635071
2.75282e-09	-0.636422
2.75294e-09	-0.63777
2.75306e-09	-0.639116
2.75318e-09	-0.64046
2.7533e-09	-0.641801
2.75343e-09	-0.64314
2.75355e-09	-0.644476
2.75367e-09	-0.64581
2.75379e-09	-0.647142
2.75392e-09	-0.648471
2.75404e-09	-0.649798
2.75416e-09	-0.651122
2.75428e-09	-0.652443
2.7544e-09	-0.653763
2.75453e-09	-0.655079
2.75465e-09	-0.656394
2.75477e-09	-0.657706
2.75489e-09	-0.659015
2.75502e-09	-0.660322
2.75514e-09	-0.661626
2.75526e-09	-0.662928
2.75538e-09	-0.664227
2.7555e-09	-0.665524
2.75563e-09	-0.666818
2.75575e-09	-0.66811
2.75587e-09	-0.669399
2.75599e-09	-0.670686
2.75612e-09	-0.67197
2.75624e-09	-0.673252
2.75636e-09	-0.674531
2.75648e-09	-0.675808
2.7566e-09	-0.677082
2.75673e-09	-0.678354
2.75685e-09	-0.679623
2.75697e-09	-0.680889
2.75709e-09	-0.682153
2.75722e-09	-0.683414
2.75734e-09	-0.684673
2.75746e-09	-0.685929
2.75758e-09	-0.687182
2.7577e-09	-0.688433
2.75783e-09	-0.689682
2.75795e-09	-0.690927
2.75807e-09	-0.692171
2.75819e-09	-0.693411
2.75832e-09	-0.694649
2.75844e-09	-0.695884
2.75856e-09	-0.697117
2.75868e-09	-0.698347
2.7588e-09	-0.699575
2.75893e-09	-0.7008
2.75905e-09	-0.702022
2.75917e-09	-0.703241
2.75929e-09	-0.704458
2.75942e-09	-0.705673
2.75954e-09	-0.706884
2.75966e-09	-0.708093
2.75978e-09	-0.7093
2.7599e-09	-0.710503
2.76003e-09	-0.711704
2.76015e-09	-0.712903
2.76027e-09	-0.714098
2.76039e-09	-0.715291
2.76052e-09	-0.716481
2.76064e-09	-0.717669
2.76076e-09	-0.718854
2.76088e-09	-0.720036
2.76101e-09	-0.721216
2.76113e-09	-0.722392
2.76125e-09	-0.723567
2.76137e-09	-0.724738
2.76149e-09	-0.725907
2.76162e-09	-0.727073
2.76174e-09	-0.728236
2.76186e-09	-0.729396
2.76198e-09	-0.730554
2.76211e-09	-0.731709
2.76223e-09	-0.732861
2.76235e-09	-0.734011
2.76247e-09	-0.735158
2.76259e-09	-0.736302
2.76272e-09	-0.737443
2.76284e-09	-0.738582
2.76296e-09	-0.739717
2.76308e-09	-0.74085
2.76321e-09	-0.741981
2.76333e-09	-0.743108
2.76345e-09	-0.744233
2.76357e-09	-0.745355
2.76369e-09	-0.746474
2.76382e-09	-0.74759
2.76394e-09	-0.748704
2.76406e-09	-0.749814
2.76418e-09	-0.750922
2.76431e-09	-0.752027
2.76443e-09	-0.75313
2.76455e-09	-0.754229
2.76467e-09	-0.755326
2.76479e-09	-0.75642
2.76492e-09	-0.757511
2.76504e-09	-0.758599
2.76516e-09	-0.759684
2.76528e-09	-0.760767
2.76541e-09	-0.761847
2.76553e-09	-0.762924
2.76565e-09	-0.763998
2.76577e-09	-0.765069
2.76589e-09	-0.766137
2.76602e-09	-0.767203
2.76614e-09	-0.768265
2.76626e-09	-0.769325
2.76638e-09	-0.770382
2.76651e-09	-0.771436
2.76663e-09	-0.772487
2.76675e-09	-0.773535
2.76687e-09	-0.77458
2.76699e-09	-0.775623
2.76712e-09	-0.776663
2.76724e-09	-0.777699
2.76736e-09	-0.778733
2.76748e-09	-0.779764
2.76761e-09	-0.780792
2.76773e-09	-0.781817
2.76785e-09	-0.782839
2.76797e-09	-0.783858
2.76809e-09	-0.784875
2.76822e-09	-0.785888
2.76834e-09	-0.786899
2.76846e-09	-0.787906
2.76858e-09	-0.788911
2.76871e-09	-0.789913
2.76883e-09	-0.790911
2.76895e-09	-0.791907
2.76907e-09	-0.7929
2.76919e-09	-0.79389
2.76932e-09	-0.794877
2.76944e-09	-0.795861
2.76956e-09	-0.796842
2.76968e-09	-0.79782
2.76981e-09	-0.798795
2.76993e-09	-0.799768
2.77005e-09	-0.800737
2.77017e-09	-0.801703
2.77029e-09	-0.802666
2.77042e-09	-0.803627
2.77054e-09	-0.804584
2.77066e-09	-0.805538
2.77078e-09	-0.80649
2.77091e-09	-0.807438
2.77103e-09	-0.808383
2.77115e-09	-0.809326
2.77127e-09	-0.810265
2.7714e-09	-0.811201
2.77152e-09	-0.812135
2.77164e-09	-0.813065
2.77176e-09	-0.813992
2.77188e-09	-0.814917
2.77201e-09	-0.815838
2.77213e-09	-0.816756
2.77225e-09	-0.817671
2.77237e-09	-0.818584
2.7725e-09	-0.819493
2.77262e-09	-0.820399
2.77274e-09	-0.821302
2.77286e-09	-0.822202
2.77298e-09	-0.823099
2.77311e-09	-0.823993
2.77323e-09	-0.824884
2.77335e-09	-0.825772
2.77347e-09	-0.826656
2.7736e-09	-0.827538
2.77372e-09	-0.828417
2.77384e-09	-0.829292
2.77396e-09	-0.830165
2.77408e-09	-0.831034
2.77421e-09	-0.831901
2.77433e-09	-0.832764
2.77445e-09	-0.833624
2.77457e-09	-0.834482
2.7747e-09	-0.835336
2.77482e-09	-0.836187
2.77494e-09	-0.837035
2.77506e-09	-0.837879
2.77518e-09	-0.838721
2.77531e-09	-0.83956
2.77543e-09	-0.840395
2.77555e-09	-0.841228
2.77567e-09	-0.842057
2.7758e-09	-0.842883
2.77592e-09	-0.843706
2.77604e-09	-0.844526
2.77616e-09	-0.845343
2.77628e-09	-0.846157
2.77641e-09	-0.846967
2.77653e-09	-0.847775
2.77665e-09	-0.848579
2.77677e-09	-0.84938
2.7769e-09	-0.850178
2.77702e-09	-0.850973
2.77714e-09	-0.851765
2.77726e-09	-0.852554
2.77738e-09	-0.853339
2.77751e-09	-0.854122
2.77763e-09	-0.854901
2.77775e-09	-0.855677
2.77787e-09	-0.85645
2.778e-09	-0.85722
2.77812e-09	-0.857986
2.77824e-09	-0.85875
2.77836e-09	-0.85951
2.77848e-09	-0.860267
2.77861e-09	-0.861021
2.77873e-09	-0.861772
2.77885e-09	-0.862519
2.77897e-09	-0.863264
2.7791e-09	-0.864005
2.77922e-09	-0.864743
2.77934e-09	-0.865478
2.77946e-09	-0.86621
2.77958e-09	-0.866938
2.77971e-09	-0.867664
2.77983e-09	-0.868386
2.77995e-09	-0.869105
2.78007e-09	-0.86982
2.7802e-09	-0.870533
2.78032e-09	-0.871242
2.78044e-09	-0.871948
2.78056e-09	-0.872651
2.78068e-09	-0.873351
2.78081e-09	-0.874048
2.78093e-09	-0.874741
2.78105e-09	-0.875431
2.78117e-09	-0.876118
2.7813e-09	-0.876802
2.78142e-09	-0.877482
2.78154e-09	-0.878159
2.78166e-09	-0.878833
2.78179e-09	-0.879504
2.78191e-09	-0.880172
2.78203e-09	-0.880836
2.78215e-09	-0.881497
2.78227e-09	-0.882155
2.7824e-09	-0.882809
2.78252e-09	-0.883461
2.78264e-09	-0.884109
2.78276e-09	-0.884754
2.78289e-09	-0.885395
2.78301e-09	-0.886034
2.78313e-09	-0.886669
2.78325e-09	-0.887301
2.78337e-09	-0.887929
2.7835e-09	-0.888555
2.78362e-09	-0.889177
2.78374e-09	-0.889796
2.78386e-09	-0.890411
2.78399e-09	-0.891024
2.78411e-09	-0.891633
2.78423e-09	-0.892239
2.78435e-09	-0.892841
2.78447e-09	-0.89344
2.7846e-09	-0.894036
2.78472e-09	-0.894629
2.78484e-09	-0.895219
2.78496e-09	-0.895805
2.78509e-09	-0.896388
2.78521e-09	-0.896967
2.78533e-09	-0.897544
2.78545e-09	-0.898117
2.78557e-09	-0.898686
2.7857e-09	-0.899253
2.78582e-09	-0.899816
2.78594e-09	-0.900376
2.78606e-09	-0.900933
2.78619e-09	-0.901486
2.78631e-09	-0.902036
2.78643e-09	-0.902583
2.78655e-09	-0.903126
2.78667e-09	-0.903666
2.7868e-09	-0.904203
2.78692e-09	-0.904736
2.78704e-09	-0.905267
2.78716e-09	-0.905793
2.78729e-09	-0.906317
2.78741e-09	-0.906837
2.78753e-09	-0.907354
2.78765e-09	-0.907868
2.78777e-09	-0.908378
2.7879e-09	-0.908885
2.78802e-09	-0.909389
2.78814e-09	-0.909889
2.78826e-09	-0.910387
2.78839e-09	-0.91088
2.78851e-09	-0.911371
2.78863e-09	-0.911858
2.78875e-09	-0.912342
2.78887e-09	-0.912822
2.789e-09	-0.913299
2.78912e-09	-0.913773
2.78924e-09	-0.914243
2.78936e-09	-0.91471
2.78949e-09	-0.915174
2.78961e-09	-0.915635
2.78973e-09	-0.916092
2.78985e-09	-0.916546
2.78997e-09	-0.916996
2.7901e-09	-0.917443
2.79022e-09	-0.917887
2.79034e-09	-0.918327
2.79046e-09	-0.918764
2.79059e-09	-0.919198
2.79071e-09	-0.919628
2.79083e-09	-0.920055
2.79095e-09	-0.920479
2.79108e-09	-0.920899
2.7912e-09	-0.921316
2.79132e-09	-0.92173
2.79144e-09	-0.92214
2.79156e-09	-0.922547
2.79169e-09	-0.922951
2.79181e-09	-0.923351
2.79193e-09	-0.923748
2.79205e-09	-0.924141
2.79218e-09	-0.924531
2.7923e-09	-0.924918
2.79242e-09	-0.925302
2.79254e-09	-0.925682
2.79266e-09	-0.926058
2.79279e-09	-0.926432
2.79291e-09	-0.926802
2.79303e-09	-0.927168
2.79315e-09	-0.927531
2.79328e-09	-0.927891
2.7934e-09	-0.928248
2.79352e-09	-0.928601
2.79364e-09	-0.92895
2.79376e-09	-0.929297
2.79389e-09	-0.92964
2.79401e-09	-0.929979
2.79413e-09	-0.930316
2.79425e-09	-0.930649
2.79438e-09	-0.930978
2.7945e-09	-0.931304
2.79462e-09	-0.931627
2.79474e-09	-0.931946
2.79486e-09	-0.932262
2.79499e-09	-0.932575
2.79511e-09	-0.932884
2.79523e-09	-0.93319
2.79535e-09	-0.933492
2.79548e-09	-0.933791
2.7956e-09	-0.934087
2.79572e-09	-0.934379
2.79584e-09	-0.934668
2.79596e-09	-0.934954
2.79609e-09	-0.935236
2.79621e-09	-0.935515
2.79633e-09	-0.93579
2.79645e-09	-0.936062
2.79658e-09	-0.93633
2.7967e-09	-0.936596
2.79682e-09	-0.936858
2.79694e-09	-0.937116
2.79706e-09	-0.937371
2.79719e-09	-0.937623
2.79731e-09	-0.937871
2.79743e-09	-0.938116
2.79755e-09	-0.938357
2.79768e-09	-0.938595
2.7978e-09	-0.93883
2.79792e-09	-0.939061
2.79804e-09	-0.939289
2.79816e-09	-0.939514
2.79829e-09	-0.939735
2.79841e-09	-0.939952
2.79853e-09	-0.940167
2.79865e-09	-0.940377
2.79878e-09	-0.940585
2.7989e-09	-0.940789
2.79902e-09	-0.94099
2.79914e-09	-0.941187
2.79926e-09	-0.941381
2.79939e-09	-0.941572
2.79951e-09	-0.941759
2.79963e-09	-0.941942
2.79975e-09	-0.942123
2.79988e-09	-0.9423
2.8e-09	-0.942473
2.80012e-09	-0.942643
2.80024e-09	-0.94281
2.80036e-09	-0.942973
2.80049e-09	-0.943133
2.80061e-09	-0.94329
2.80073e-09	-0.943443
2.80085e-09	-0.943593
2.80098e-09	-0.943739
2.8011e-09	-0.943882
2.80122e-09	-0.944021
2.80134e-09	-0.944157
2.80147e-09	-0.94429
2.80159e-09	-0.944419
2.80171e-09	-0.944545
2.80183e-09	-0.944668
2.80195e-09	-0.944787
2.80208e-09	-0.944903
2.8022e-09	-0.945015
2.80232e-09	-0.945124
2.80244e-09	-0.945229
2.80257e-09	-0.945331
2.80269e-09	-0.94543
2.80281e-09	-0.945525
2.80293e-09	-0.945617
2.80305e-09	-0.945706
2.80318e-09	-0.945791
2.8033e-09	-0.945872
2.80342e-09	-0.945951
2.80354e-09	-0.946026
2.80367e-09	-0.946097
2.80379e-09	-0.946165
2.80391e-09	-0.94623
2.80403e-09	-0.946291
2.80415e-09	-0.946349
2.80428e-09	-0.946404
2.8044e-09	-0.946455
2.80452e-09	-0.946502
2.80464e-09	-0.946547
2.80477e-09	-0.946588
2.80489e-09	-0.946625
2.80501e-09	-0.946659
2.80513e-09	-0.94669
2.80525e-09	-0.946717
2.80538e-09	-0.946741
2.8055e-09	-0.946761
2.80562e-09	-0.946779
2.80574e-09	-0.946792
2.80587e-09	-0.946803
2.80599e-09	-0.94681
2.80611e-09	-0.946813
2.80623e-09	-0.946813
2.80635e-09	-0.94681
2.80648e-09	-0.946803
2.8066e-09	-0.946793
2.80672e-09	-0.94678
2.80684e-09	-0.946763
2.80697e-09	-0.946743
2.80709e-09	-0.946719
2.80721e-09	-0.946692
2.80733e-09	-0.946662
2.80745e-09	-0.946628
2.80758e-09	-0.946591
2.8077e-09	-0.94655
2.80782e-09	-0.946506
2.80794e-09	-0.946459
2.80807e-09	-0.946408
2.80819e-09	-0.946354
2.80831e-09	-0.946297
2.80843e-09	-0.946236
2.80855e-09	-0.946171
2.80868e-09	-0.946104
2.8088e-09	-0.946033
2.80892e-09	-0.945958
2.80904e-09	-0.945881
2.80917e-09	-0.945799
2.80929e-09	-0.945715
2.80941e-09	-0.945627
2.80953e-09	-0.945536
2.80965e-09	-0.945441
2.80978e-09	-0.945343
2.8099e-09	-0.945241
2.81002e-09	-0.945137
2.81014e-09	-0.945028
2.81027e-09	-0.944917
2.81039e-09	-0.944802
2.81051e-09	-0.944684
2.81063e-09	-0.944562
2.81076e-09	-0.944437
2.81088e-09	-0.944309
2.811e-09	-0.944177
2.81112e-09	-0.944042
2.81124e-09	-0.943903
2.81137e-09	-0.943761
2.81149e-09	-0.943616
2.81161e-09	-0.943467
2.81173e-09	-0.943315
2.81186e-09	-0.94316
2.81198e-09	-0.943001
2.8121e-09	-0.942839
2.81222e-09	-0.942674
2.81234e-09	-0.942505
2.81247e-09	-0.942333
2.81259e-09	-0.942158
2.81271e-09	-0.941979
2.81283e-09	-0.941797
2.81296e-09	-0.941611
2.81308e-09	-0.941422
2.8132e-09	-0.94123
2.81332e-09	-0.941034
2.81344e-09	-0.940836
2.81357e-09	-0.940633
2.81369e-09	-0.940428
2.81381e-09	-0.940219
2.81393e-09	-0.940006
2.81406e-09	-0.939791
2.81418e-09	-0.939572
2.8143e-09	-0.93935
2.81442e-09	-0.939124
2.81454e-09	-0.938895
2.81467e-09	-0.938663
2.81479e-09	-0.938427
2.81491e-09	-0.938188
2.81503e-09	-0.937946
2.81516e-09	-0.9377
2.81528e-09	-0.937451
2.8154e-09	-0.937199
2.81552e-09	-0.936943
2.81564e-09	-0.936684
2.81577e-09	-0.936422
2.81589e-09	-0.936156
2.81601e-09	-0.935887
2.81613e-09	-0.935615
2.81626e-09	-0.93534
2.81638e-09	-0.935061
2.8165e-09	-0.934779
2.81662e-09	-0.934493
2.81674e-09	-0.934204
2.81687e-09	-0.933912
2.81699e-09	-0.933617
2.81711e-09	-0.933318
2.81723e-09	-0.933016
2.81736e-09	-0.932711
2.81748e-09	-0.932402
2.8176e-09	-0.93209
2.81772e-09	-0.931775
2.81784e-09	-0.931456
2.81797e-09	-0.931134
2.81809e-09	-0.930809
2.81821e-09	-0.930481
2.81833e-09	-0.930149
2.81846e-09	-0.929814
2.81858e-09	-0.929476
2.8187e-09	-0.929134
2.81882e-09	-0.92879
2.81894e-09	-0.928442
2.81907e-09	-0.92809
2.81919e-09	-0.927735
2.81931e-09	-0.927377
2.81943e-09	-0.927016
2.81956e-09	-0.926652
2.81968e-09	-0.926284
2.8198e-09	-0.925913
2.81992e-09	-0.925539
2.82004e-09	-0.925161
2.82017e-09	-0.92478
2.82029e-09	-0.924396
2.82041e-09	-0.924009
2.82053e-09	-0.923618
2.82066e-09	-0.923224
2.82078e-09	-0.922827
2.8209e-09	-0.922427
2.82102e-09	-0.922023
2.82115e-09	-0.921616
2.82127e-09	-0.921206
2.82139e-09	-0.920793
2.82151e-09	-0.920376
2.82163e-09	-0.919956
2.82176e-09	-0.919533
2.82188e-09	-0.919107
2.822e-09	-0.918677
2.82212e-09	-0.918244
2.82225e-09	-0.917808
2.82237e-09	-0.917369
2.82249e-09	-0.916927
2.82261e-09	-0.916481
2.82273e-09	-0.916032
2.82286e-09	-0.91558
2.82298e-09	-0.915124
2.8231e-09	-0.914666
2.82322e-09	-0.914204
2.82335e-09	-0.913739
2.82347e-09	-0.913271
2.82359e-09	-0.912799
2.82371e-09	-0.912325
2.82383e-09	-0.911847
2.82396e-09	-0.911366
2.82408e-09	-0.910882
2.8242e-09	-0.910394
2.82432e-09	-0.909903
2.82445e-09	-0.90941
2.82457e-09	-0.908913
2.82469e-09	-0.908412
2.82481e-09	-0.907909
2.82493e-09	-0.907402
2.82506e-09	-0.906893
2.82518e-09	-0.90638
2.8253e-09	-0.905864
2.82542e-09	-0.905344
2.82555e-09	-0.904822
2.82567e-09	-0.904296
2.82579e-09	-0.903768
2.82591e-09	-0.903236
2.82603e-09	-0.9027
2.82616e-09	-0.902162
2.82628e-09	-0.901621
2.8264e-09	-0.901076
2.82652e-09	-0.900528
2.82665e-09	-0.899978
2.82677e-09	-0.899423
2.82689e-09	-0.898866
2.82701e-09	-0.898306
2.82713e-09	-0.897743
2.82726e-09	-0.897176
2.82738e-09	-0.896606
2.8275e-09	-0.896033
2.82762e-09	-0.895457
2.82775e-09	-0.894878
2.82787e-09	-0.894296
2.82799e-09	-0.893711
2.82811e-09	-0.893122
2.82823e-09	-0.89253
2.82836e-09	-0.891936
2.82848e-09	-0.891338
2.8286e-09	-0.890737
2.82872e-09	-0.890133
2.82885e-09	-0.889526
2.82897e-09	-0.888916
2.82909e-09	-0.888302
2.82921e-09	-0.887686
2.82933e-09	-0.887066
2.82946e-09	-0.886444
2.82958e-09	-0.885818
2.8297e-09	-0.885189
2.82982e-09	-0.884557
2.82995e-09	-0.883922
2.83007e-09	-0.883284
2.83019e-09	-0.882643
2.83031e-09	-0.881999
2.83044e-09	-0.881352
2.83056e-09	-0.880701
2.83068e-09	-0.880048
2.8308e-09	-0.879391
2.83092e-09	-0.878732
2.83105e-09	-0.878069
2.83117e-09	-0.877404
2.83129e-09	-0.876735
2.83141e-09	-0.876064
2.83154e-09	-0.875389
2.83166e-09	-0.874711
2.83178e-09	-0.87403
2.8319e-09	-0.873346
2.83202e-09	-0.872659
2.83215e-09	-0.87197
2.83227e-09	-0.871277
2.83239e-09	-0.870581
2.83251e-09	-0.869882
2.83264e-09	-0.86918
2.83276e-09	-0.868475
2.83288e-09	-0.867767
2.833e-09	-0.867056
2.83312e-09	-0.866342
2.83325e-09	-0.865625
2.83337e-09	-0.864905
2.83349e-09	-0.864182
2.83361e-09	-0.863456
2.83374e-09	-0.862727
2.83386e-09	-0.861995
2.83398e-09	-0.86126
2.8341e-09	-0.860522
2.83422e-09	-0.859781
2.83435e-09	-0.859037
2.83447e-09	-0.85829
2.83459e-09	-0.85754
2.83471e-09	-0.856788
2.83484e-09	-0.856032
2.83496e-09	-0.855273
2.83508e-09	-0.854512
2.8352e-09	-0.853747
2.83532e-09	-0.852979
2.83545e-09	-0.852209
2.83557e-09	-0.851436
2.83569e-09	-0.850659
2.83581e-09	-0.84988
2.83594e-09	-0.849098
2.83606e-09	-0.848312
2.83618e-09	-0.847524
2.8363e-09	-0.846733
2.83642e-09	-0.84594
2.83655e-09	-0.845143
2.83667e-09	-0.844343
2.83679e-09	-0.84354
2.83691e-09	-0.842735
2.83704e-09	-0.841926
2.83716e-09	-0.841115
2.83728e-09	-0.840301
2.8374e-09	-0.839484
2.83752e-09	-0.838664
2.83765e-09	-0.837841
2.83777e-09	-0.837015
2.83789e-09	-0.836186
2.83801e-09	-0.835355
2.83814e-09	-0.83452
2.83826e-09	-0.833683
2.83838e-09	-0.832843
2.8385e-09	-0.832
2.83862e-09	-0.831154
2.83875e-09	-0.830305
2.83887e-09	-0.829454
2.83899e-09	-0.828599
2.83911e-09	-0.827742
2.83924e-09	-0.826882
2.83936e-09	-0.826019
2.83948e-09	-0.825154
2.8396e-09	-0.824285
2.83972e-09	-0.823414
2.83985e-09	-0.822539
2.83997e-09	-0.821662
2.84009e-09	-0.820783
2.84021e-09	-0.8199
2.84034e-09	-0.819014
2.84046e-09	-0.818126
2.84058e-09	-0.817235
2.8407e-09	-0.816341
2.84083e-09	-0.815445
2.84095e-09	-0.814545
2.84107e-09	-0.813643
2.84119e-09	-0.812738
2.84131e-09	-0.81183
2.84144e-09	-0.81092
2.84156e-09	-0.810007
2.84168e-09	-0.80909
2.8418e-09	-0.808172
2.84193e-09	-0.80725
2.84205e-09	-0.806326
2.84217e-09	-0.805399
2.84229e-09	-0.804469
2.84241e-09	-0.803536
2.84254e-09	-0.802601
2.84266e-09	-0.801663
2.84278e-09	-0.800722
2.8429e-09	-0.799779
2.84303e-09	-0.798833
2.84315e-09	-0.797884
2.84327e-09	-0.796932
2.84339e-09	-0.795978
2.84351e-09	-0.795021
2.84364e-09	-0.794061
2.84376e-09	-0.793098
2.84388e-09	-0.792133
2.844e-09	-0.791165
2.84413e-09	-0.790195
2.84425e-09	-0.789222
2.84437e-09	-0.788246
2.84449e-09	-0.787267
2.84461e-09	-0.786286
2.84474e-09	-0.785302
2.84486e-09	-0.784315
2.84498e-09	-0.783326
2.8451e-09	-0.782334
2.84523e-09	-0.78134
2.84535e-09	-0.780343
2.84547e-09	-0.779343
2.84559e-09	-0.77834
2.84571e-09	-0.777335
2.84584e-09	-0.776328
2.84596e-09	-0.775317
2.84608e-09	-0.774304
2.8462e-09	-0.773289
2.84633e-09	-0.77227
2.84645e-09	-0.77125
2.84657e-09	-0.770226
2.84669e-09	-0.7692
2.84681e-09	-0.768172
2.84694e-09	-0.76714
2.84706e-09	-0.766107
2.84718e-09	-0.76507
2.8473e-09	-0.764031
2.84743e-09	-0.76299
2.84755e-09	-0.761946
2.84767e-09	-0.760899
2.84779e-09	-0.75985
2.84791e-09	-0.758798
2.84804e-09	-0.757743
2.84816e-09	-0.756687
2.84828e-09	-0.755627
2.8484e-09	-0.754565
2.84853e-09	-0.753501
2.84865e-09	-0.752434
2.84877e-09	-0.751364
2.84889e-09	-0.750292
2.84901e-09	-0.749217
2.84914e-09	-0.74814
2.84926e-09	-0.74706
2.84938e-09	-0.745978
2.8495e-09	-0.744893
2.84963e-09	-0.743806
2.84975e-09	-0.742717
2.84987e-09	-0.741624
2.84999e-09	-0.74053
2.85012e-09	-0.739433
2.85024e-09	-0.738333
2.85036e-09	-0.737231
2.85048e-09	-0.736126
2.8506e-09	-0.735019
2.85073e-09	-0.73391
2.85085e-09	-0.732798
2.85097e-09	-0.731684
2.85109e-09	-0.730567
2.85122e-09	-0.729447
2.85134e-09	-0.728326
2.85146e-09	-0.727202
2.85158e-09	-0.726075
2.8517e-09	-0.724946
2.85183e-09	-0.723815
2.85195e-09	-0.722681
2.85207e-09	-0.721545
2.85219e-09	-0.720406
2.85232e-09	-0.719265
2.85244e-09	-0.718122
2.85256e-09	-0.716976
2.85268e-09	-0.715827
2.8528e-09	-0.714677
2.85293e-09	-0.713524
2.85305e-09	-0.712369
2.85317e-09	-0.711211
2.85329e-09	-0.710051
2.85342e-09	-0.708888
2.85354e-09	-0.707723
2.85366e-09	-0.706556
2.85378e-09	-0.705387
2.8539e-09	-0.704215
2.85403e-09	-0.703041
2.85415e-09	-0.701864
2.85427e-09	-0.700686
2.85439e-09	-0.699504
2.85452e-09	-0.698321
2.85464e-09	-0.697135
2.85476e-09	-0.695947
2.85488e-09	-0.694757
2.855e-09	-0.693564
2.85513e-09	-0.692369
2.85525e-09	-0.691172
2.85537e-09	-0.689972
2.85549e-09	-0.68877
2.85562e-09	-0.687566
2.85574e-09	-0.68636
2.85586e-09	-0.685151
2.85598e-09	-0.68394
2.8561e-09	-0.682727
2.85623e-09	-0.681512
2.85635e-09	-0.680294
2.85647e-09	-0.679074
2.85659e-09	-0.677852
2.85672e-09	-0.676628
2.85684e-09	-0.675401
2.85696e-09	-0.674172
2.85708e-09	-0.672941
2.8572e-09	-0.671708
2.85733e-09	-0.670473
2.85745e-09	-0.669235
2.85757e-09	-0.667995
2.85769e-09	-0.666753
2.85782e-09	-0.665509
2.85794e-09	-0.664263
2.85806e-09	-0.663014
2.85818e-09	-0.661763
2.8583e-09	-0.66051
2.85843e-09	-0.659255
2.85855e-09	-0.657998
2.85867e-09	-0.656739
2.85879e-09	-0.655477
2.85892e-09	-0.654213
2.85904e-09	-0.652947
2.85916e-09	-0.65168
2.85928e-09	-0.650409
2.8594e-09	-0.649137
2.85953e-09	-0.647863
2.85965e-09	-0.646586
2.85977e-09	-0.645308
2.85989e-09	-0.644027
2.86002e-09	-0.642745
2.86014e-09	-0.64146
2.86026e-09	-0.640173
2.86038e-09	-0.638884
2.86051e-09	-0.637593
2.86063e-09	-0.636299
2.86075e-09	-0.635004
2.86087e-09	-0.633707
2.86099e-09	-0.632408
2.86112e-09	-0.631106
2.86124e-09	-0.629803
2.86136e-09	-0.628497
2.86148e-09	-0.62719
2.86161e-09	-0.62588
2.86173e-09	-0.624569
2.86185e-09	-0.623255
2.86197e-09	-0.621939
2.86209e-09	-0.620622
2.86222e-09	-0.619302
2.86234e-09	-0.61798
2.86246e-09	-0.616657
2.86258e-09	-0.615331
2.86271e-09	-0.614004
2.86283e-09	-0.612674
2.86295e-09	-0.611342
2.86307e-09	-0.610009
2.86319e-09	-0.608673
2.86332e-09	-0.607336
2.86344e-09	-0.605997
2.86356e-09	-0.604655
2.86368e-09	-0.603312
2.86381e-09	-0.601967
2.86393e-09	-0.600619
2.86405e-09	-0.59927
2.86417e-09	-0.597919
2.86429e-09	-0.596566
2.86442e-09	-0.595212
2.86454e-09	-0.593855
2.86466e-09	-0.592496
2.86478e-09	-0.591136
2.86491e-09	-0.589773
2.86503e-09	-0.588409
2.86515e-09	-0.587043
2.86527e-09	-0.585674
2.86539e-09	-0.584305
2.86552e-09	-0.582933
2.86564e-09	-0.581559
2.86576e-09	-0.580183
2.86588e-09	-0.578806
2.86601e-09	-0.577427
2.86613e-09	-0.576046
2.86625e-09	-0.574663
2.86637e-09	-0.573278
2.86649e-09	-0.571892
2.86662e-09	-0.570503
2.86674e-09	-0.569113
2.86686e-09	-0.567721
2.86698e-09	-0.566327
2.86711e-09	-0.564932
2.86723e-09	-0.563534
2.86735e-09	-0.562135
2.86747e-09	-0.560734
2.86759e-09	-0.559332
2.86772e-09	-0.557927
2.86784e-09	-0.556521
2.86796e-09	-0.555113
2.86808e-09	-0.553703
2.86821e-09	-0.552292
2.86833e-09	-0.550879
2.86845e-09	-0.549464
2.86857e-09	-0.548047
2.86869e-09	-0.546629
2.86882e-09	-0.545209
2.86894e-09	-0.543787
2.86906e-09	-0.542363
2.86918e-09	-0.540938
2.86931e-09	-0.539511
2.86943e-09	-0.538082
2.86955e-09	-0.536652
2.86967e-09	-0.53522
2.8698e-09	-0.533786
2.86992e-09	-0.532351
2.87004e-09	-0.530914
2.87016e-09	-0.529476
2.87028e-09	-0.528035
2.87041e-09	-0.526593
2.87053e-09	-0.52515
2.87065e-09	-0.523704
2.87077e-09	-0.522258
2.8709e-09	-0.520809
2.87102e-09	-0.519359
2.87114e-09	-0.517907
2.87126e-09	-0.516454
2.87138e-09	-0.514999
2.87151e-09	-0.513543
2.87163e-09	-0.512085
2.87175e-09	-0.510625
2.87187e-09	-0.509164
2.872e-09	-0.507701
2.87212e-09	-0.506236
2.87224e-09	-0.50477
2.87236e-09	-0.503303
2.87248e-09	-0.501834
2.87261e-09	-0.500363
2.87273e-09	-0.498891
2.87285e-09	-0.497417
2.87297e-09	-0.495942
2.8731e-09	-0.494466
2.87322e-09	-0.492987
2.87334e-09	-0.491507
2.87346e-09	-0.490026
2.87358e-09	-0.488543
2.87371e-09	-0.487059
2.87383e-09	-0.485573
2.87395e-09	-0.484086
2.87407e-09	-0.482598
2.8742e-09	-0.481107
2.87432e-09	-0.479616
2.87444e-09	-0.478123
2.87456e-09	-0.476628
2.87468e-09	-0.475132
2.87481e-09	-0.473635
2.87493e-09	-0.472136
2.87505e-09	-0.470635
2.87517e-09	-0.469134
2.8753e-09	-0.467631
2.87542e-09	-0.466126
2.87554e-09	-0.46462
2.87566e-09	-0.463113
2.87578e-09	-0.461604
2.87591e-09	-0.460094
2.87603e-09	-0.458582
2.87615e-09	-0.457069
2.87627e-09	-0.455555
2.8764e-09	-0.454039
2.87652e-09	-0.452522
2.87664e-09	-0.451004
2.87676e-09	-0.449484
2.87688e-09	-0.447963
2.87701e-09	-0.446441
2.87713e-09	-0.444917
2.87725e-09	-0.443392
2.87737e-09	-0.441865
2.8775e-09	-0.440338
2.87762e-09	-0.438809
2.87774e-09	-0.437278
2.87786e-09	-0.435747
2.87798e-09	-0.434214
2.87811e-09	-0.43268
2.87823e-09	-0.431144
2.87835e-09	-0.429607
2.87847e-09	-0.428069
2.8786e-09	-0.42653
2.87872e-09	-0.424989
2.87884e-09	-0.423448
2.87896e-09	-0.421905
2.87908e-09	-0.42036
2.87921e-09	-0.418815
2.87933e-09	-0.417268
2.87945e-09	-0.41572
2.87957e-09	-0.414171
2.8797e-09	-0.412621
2.87982e-09	-0.411069
2.87994e-09	-0.409516
2.88006e-09	-0.407962
2.88019e-09	-0.406407
2.88031e-09	-0.404851
2.88043e-09	-0.403293
2.88055e-09	-0.401734
2.88067e-09	-0.400175
2.8808e-09	-0.398614
2.88092e-09	-0.397051
2.88104e-09	-0.395488
2.88116e-09	-0.393924
2.88129e-09	-0.392358
2.88141e-09	-0.390791
2.88153e-09	-0.389224
2.88165e-09	-0.387655
2.88177e-09	-0.386085
2.8819e-09	-0.384514
2.88202e-09	-0.382941
2.88214e-09	-0.381368
2.88226e-09	-0.379794
2.88239e-09	-0.378218
2.88251e-09	-0.376641
2.88263e-09	-0.375064
2.88275e-09	-0.373485
2.88287e-09	-0.371905
2.883e-09	-0.370325
2.88312e-09	-0.368743
2.88324e-09	-0.36716
2.88336e-09	-0.365576
2.88349e-09	-0.363991
2.88361e-09	-0.362405
2.88373e-09	-0.360818
2.88385e-09	-0.35923
2.88397e-09	-0.357641
2.8841e-09	-0.356051
2.88422e-09	-0.35446
2.88434e-09	-0.352868
2.88446e-09	-0.351275
2.88459e-09	-0.349681
2.88471e-09	-0.348087
2.88483e-09	-0.346491
2.88495e-09	-0.344894
2.88507e-09	-0.343296
2.8852e-09	-0.341698
2.88532e-09	-0.340098
2.88544e-09	-0.338498
2.88556e-09	-0.336896
2.88569e-09	-0.335294
2.88581e-09	-0.33369
2.88593e-09	-0.332086
2.88605e-09	-0.330481
2.88617e-09	-0.328875
2.8863e-09	-0.327268
2.88642e-09	-0.325661
2.88654e-09	-0.324052
2.88666e-09	-0.322443
2.88679e-09	-0.320832
2.88691e-09	-0.319221
2.88703e-09	-0.317609
2.88715e-09	-0.315996
2.88727e-09	-0.314382
2.8874e-09	-0.312768
2.88752e-09	-0.311152
2.88764e-09	-0.309536
2.88776e-09	-0.307919
2.88789e-09	-0.306301
2.88801e-09	-0.304683
2.88813e-09	-0.303063
2.88825e-09	-0.301443
2.88837e-09	-0.299822
2.8885e-09	-0.2982
2.88862e-09	-0.296578
2.88874e-09	-0.294955
2.88886e-09	-0.293331
2.88899e-09	-0.291706
2.88911e-09	-0.29008
2.88923e-09	-0.288454
2.88935e-09	-0.286827
2.88948e-09	-0.285199
2.8896e-09	-0.283571
2.88972e-09	-0.281941
2.88984e-09	-0.280311
2.88996e-09	-0.278681
2.89009e-09	-0.277049
2.89021e-09	-0.275417
2.89033e-09	-0.273785
2.89045e-09	-0.272151
2.89058e-09	-0.270517
2.8907e-09	-0.268883
2.89082e-09	-0.267247
2.89094e-09	-0.265611
2.89106e-09	-0.263974
2.89119e-09	-0.262337
2.89131e-09	-0.260699
2.89143e-09	-0.259061
2.89155e-09	-0.257421
2.89168e-09	-0.255782
2.8918e-09	-0.254141
2.89192e-09	-0.2525
2.89204e-09	-0.250858
2.89216e-09	-0.249216
2.89229e-09	-0.247573
2.89241e-09	-0.24593
2.89253e-09	-0.244286
2.89265e-09	-0.242641
2.89278e-09	-0.240996
2.8929e-09	-0.23935
2.89302e-09	-0.237704
2.89314e-09	-0.236057
2.89326e-09	-0.23441
2.89339e-09	-0.232762
2.89351e-09	-0.231114
2.89363e-09	-0.229465
2.89375e-09	-0.227816
2.89388e-09	-0.226166
2.894e-09	-0.224515
2.89412e-09	-0.222864
2.89424e-09	-0.221213
2.89436e-09	-0.219561
2.89449e-09	-0.217909
2.89461e-09	-0.216256
2.89473e-09	-0.214603
2.89485e-09	-0.212949
2.89498e-09	-0.211295
2.8951e-09	-0.20964
2.89522e-09	-0.207985
2.89534e-09	-0.206329
2.89546e-09	-0.204673
2.89559e-09	-0.203017
2.89571e-09	-0.20136
2.89583e-09	-0.199703
2.89595e-09	-0.198045
2.89608e-09	-0.196387
2.8962e-09	-0.194729
2.89632e-09	-0.19307
2.89644e-09	-0.191411
2.89656e-09	-0.189751
2.89669e-09	-0.188091
2.89681e-09	-0.186431
2.89693e-09	-0.184771
2.89705e-09	-0.18311
2.89718e-09	-0.181448
2.8973e-09	-0.179787
2.89742e-09	-0.178125
2.89754e-09	-0.176462
2.89766e-09	-0.1748
2.89779e-09	-0.173137
2.89791e-09	-0.171474
2.89803e-09	-0.16981
2.89815e-09	-0.168146
2.89828e-09	-0.166482
2.8984e-09	-0.164818
2.89852e-09	-0.163153
2.89864e-09	-0.161488
2.89876e-09	-0.159823
2.89889e-09	-0.158158
2.89901e-09	-0.156492
2.89913e-09	-0.154826
2.89925e-09	-0.15316
2.89938e-09	-0.151493
2.8995e-09	-0.149827
2.89962e-09	-0.14816
2.89974e-09	-0.146493
2.89987e-09	-0.144826
2.89999e-09	-0.143158
2.90011e-09	-0.14149
2.90023e-09	-0.139823
2.90035e-09	-0.138154
2.90048e-09	-0.136486
2.9006e-09	-0.134818
2.90072e-09	-0.133149
2.90084e-09	-0.131481
2.90097e-09	-0.129812
2.90109e-09	-0.128143
2.90121e-09	-0.126474
2.90133e-09	-0.124804
2.90145e-09	-0.123135
2.90158e-09	-0.121465
2.9017e-09	-0.119796
2.90182e-09	-0.118126
2.90194e-09	-0.116456
2.90207e-09	-0.114786
2.90219e-09	-0.113116
2.90231e-09	-0.111446
2.90243e-09	-0.109776
2.90255e-09	-0.108106
2.90268e-09	-0.106435
2.9028e-09	-0.104765
2.90292e-09	-0.103095
2.90304e-09	-0.101424
2.90317e-09	-0.0997537
2.90329e-09	-0.0980831
2.90341e-09	-0.0964125
2.90353e-09	-0.0947419
2.90365e-09	-0.0930713
2.90378e-09	-0.0914007
2.9039e-09	-0.0897301
2.90402e-09	-0.0880594
2.90414e-09	-0.0863888
2.90427e-09	-0.0847182
2.90439e-09	-0.0830476
2.90451e-09	-0.0813771
2.90463e-09	-0.0797065
2.90475e-09	-0.0780361
2.90488e-09	-0.0763656
2.905e-09	-0.0746952
2.90512e-09	-0.0730249
2.90524e-09	-0.0713546
2.90537e-09	-0.0696845
2.90549e-09	-0.0680143
2.90561e-09	-0.0663443
2.90573e-09	-0.0646743
2.90585e-09	-0.0630045
2.90598e-09	-0.0613347
2.9061e-09	-0.0596651
2.90622e-09	-0.0579956
2.90634e-09	-0.0563261
2.90647e-09	-0.0546568
2.90659e-09	-0.0529877
2.90671e-09	-0.0513187
2.90683e-09	-0.0496498
2.90695e-09	-0.047981
2.90708e-09	-0.0463125
2.9072e-09	-0.0446441
2.90732e-09	-0.0429758
2.90744e-09	-0.0413077
2.90757e-09	-0.0396398
2.90769e-09	-0.0379721
2.90781e-09	-0.0363046
2.90793e-09	-0.0346373
2.90805e-09	-0.0329702
2.90818e-09	-0.0313033
2.9083e-09	-0.0296366
2.90842e-09	-0.0279701
2.90854e-09	-0.0263039
2.90867e-09	-0.0246379
2.90879e-09	-0.0229721
2.90891e-09	-0.0213066
2.90903e-09	-0.0196413
2.90916e-09	-0.0179763
2.90928e-09	-0.0163116
2.9094e-09	-0.0146471
2.90952e-09	-0.0129829
2.90964e-09	-0.011319
2.90977e-09	-0.0096554
2.90989e-09	-0.00799208
2.91001e-09	-0.00632905
2.91013e-09	-0.00466634
2.91026e-09	-0.00300393
2.91038e-09	-0.00134185
2.9105e-09	0.000319914
2.91062e-09	0.00198134
2.91074e-09	0.00364244
2.91087e-09	0.00530318
2.91099e-09	0.00696358
2.91111e-09	0.00862363
2.91123e-09	0.0102833
2.91136e-09	0.0119426
2.91148e-09	0.0136016
2.9116e-09	0.0152601
2.91172e-09	0.0169183
2.91184e-09	0.0185761
2.91197e-09	0.0202335
2.91209e-09	0.0218905
2.91221e-09	0.023547
2.91233e-09	0.0252032
2.91246e-09	0.0268589
2.91258e-09	0.0285143
2.9127e-09	0.0301691
2.91282e-09	0.0318236
2.91294e-09	0.0334776
2.91307e-09	0.0351311
2.91319e-09	0.0367842
2.91331e-09	0.0384368
2.91343e-09	0.040089
2.91356e-09	0.0417407
2.91368e-09	0.0433918
2.9138e-09	0.0450426
2.91392e-09	0.0466928
2.91404e-09	0.0483425
2.91417e-09	0.0499917
2.91429e-09	0.0516404
2.91441e-09	0.0532886
2.91453e-09	0.0549363
2.91466e-09	0.0565834
2.91478e-09	0.05823
2.9149e-09	0.059876
2.91502e-09	0.0615216
2.91514e-09	0.0631665
2.91527e-09	0.0648109
2.91539e-09	0.0664547
2.91551e-09	0.068098
2.91563e-09	0.0697407
2.91576e-09	0.0713828
2.91588e-09	0.0730243
2.916e-09	0.0746653
2.91612e-09	0.0763056
2.91624e-09	0.0779453
2.91637e-09	0.0795844
2.91649e-09	0.0812229
2.91661e-09	0.0828608
2.91673e-09	0.084498
2.91686e-09	0.0861346
2.91698e-09	0.0877706
2.9171e-09	0.0894059
2.91722e-09	0.0910405
2.91734e-09	0.0926746
2.91747e-09	0.0943079
2.91759e-09	0.0959406
2.91771e-09	0.0975726
2.91783e-09	0.0992039
2.91796e-09	0.100834
2.91808e-09	0.102464
2.9182e-09	0.104094
2.91832e-09	0.105722
2.91844e-09	0.10735
2.91857e-09	0.108977
2.91869e-09	0.110603
2.91881e-09	0.112229
2.91893e-09	0.113854
2.91906e-09	0.115478
2.91918e-09	0.117102
2.9193e-09	0.118724
2.91942e-09	0.120346
2.91955e-09	0.121967
2.91967e-09	0.123588
2.91979e-09	0.125207
2.91991e-09	0.126826
2.92003e-09	0.128444
2.92016e-09	0.130061
2.92028e-09	0.131678
2.9204e-09	0.133293
2.92052e-09	0.134908
2.92065e-09	0.136522
2.92077e-09	0.138136
2.92089e-09	0.139748
2.92101e-09	0.141359
2.92113e-09	0.14297
2.92126e-09	0.14458
2.92138e-09	0.146189
2.9215e-09	0.147797
2.92162e-09	0.149404
2.92175e-09	0.151011
2.92187e-09	0.152616
2.92199e-09	0.154221
2.92211e-09	0.155825
2.92223e-09	0.157428
2.92236e-09	0.15903
2.92248e-09	0.160631
2.9226e-09	0.162231
2.92272e-09	0.16383
2.92285e-09	0.165429
2.92297e-09	0.167026
2.92309e-09	0.168623
2.92321e-09	0.170218
2.92333e-09	0.171813
2.92346e-09	0.173406
2.92358e-09	0.174999
2.9237e-09	0.176591
2.92382e-09	0.178182
2.92395e-09	0.179772
2.92407e-09	0.18136
2.92419e-09	0.182948
2.92431e-09	0.184535
2.92443e-09	0.186121
2.92456e-09	0.187706
2.92468e-09	0.18929
2.9248e-09	0.190873
2.92492e-09	0.192455
2.92505e-09	0.194036
2.92517e-09	0.195615
2.92529e-09	0.197194
2.92541e-09	0.198772
2.92553e-09	0.200349
2.92566e-09	0.201924
2.92578e-09	0.203499
2.9259e-09	0.205072
2.92602e-09	0.206645
2.92615e-09	0.208216
2.92627e-09	0.209787
2.92639e-09	0.211356
2.92651e-09	0.212924
2.92663e-09	0.214491
2.92676e-09	0.216057
2.92688e-09	0.217622
2.927e-09	0.219186
2.92712e-09	0.220749
2.92725e-09	0.22231
2.92737e-09	0.223871
2.92749e-09	0.22543
2.92761e-09	0.226988
2.92773e-09	0.228545
2.92786e-09	0.230101
2.92798e-09	0.231656
2.9281e-09	0.233209
2.92822e-09	0.234761
2.92835e-09	0.236313
2.92847e-09	0.237863
2.92859e-09	0.239412
2.92871e-09	0.240959
2.92883e-09	0.242506
2.92896e-09	0.244051
2.92908e-09	0.245595
2.9292e-09	0.247138
2.92932e-09	0.24868
2.92945e-09	0.25022
2.92957e-09	0.251759
2.92969e-09	0.253297
2.92981e-09	0.254834
2.92994e-09	0.25637
2.93006e-09	0.257904
2.93018e-09	0.259437
2.9303e-09	0.260969
2.93042e-09	0.262499
2.93055e-09	0.264028
2.93067e-09	0.265556
2.93079e-09	0.267083
2.93091e-09	0.268609
2.93104e-09	0.270133
2.93116e-09	0.271656
2.93128e-09	0.273177
2.9314e-09	0.274697
2.93152e-09	0.276216
2.93165e-09	0.277734
2.93177e-09	0.27925
2.93189e-09	0.280765
2.93201e-09	0.282279
2.93214e-09	0.283791
2.93226e-09	0.285302
2.93238e-09	0.286812
2.9325e-09	0.28832
2.93262e-09	0.289827
2.93275e-09	0.291332
2.93287e-09	0.292836
2.93299e-09	0.294339
2.93311e-09	0.295841
2.93324e-09	0.297341
2.93336e-09	0.298839
2.93348e-09	0.300337
2.9336e-09	0.301833
2.93372e-09	0.303327
2.93385e-09	0.30482
2.93397e-09	0.306312
2.93409e-09	0.307802
2.93421e-09	0.309291
2.93434e-09	0.310778
2.93446e-09	0.312264
2.93458e-09	0.313748
2.9347e-09	0.315232
2.93482e-09	0.316713
2.93495e-09	0.318193
2.93507e-09	0.319672
2.93519e-09	0.321149
2.93531e-09	0.322625
2.93544e-09	0.324099
2.93556e-09	0.325572
2.93568e-09	0.327043
2.9358e-09	0.328513
2.93592e-09	0.329981
2.93605e-09	0.331448
2.93617e-09	0.332913
2.93629e-09	0.334377
2.93641e-09	0.33584
2.93654e-09	0.3373
2.93666e-09	0.33876
2.93678e-09	0.340217
2.9369e-09	0.341673
2.93702e-09	0.343128
2.93715e-09	0.344581
2.93727e-09	0.346033
2.93739e-09	0.347483
2.93751e-09	0.348931
2.93764e-09	0.350378
2.93776e-09	0.351823
2.93788e-09	0.353267
2.938e-09	0.354709
2.93812e-09	0.356149
2.93825e-09	0.357588
2.93837e-09	0.359026
2.93849e-09	0.360462
2.93861e-09	0.361896
2.93874e-09	0.363328
2.93886e-09	0.364759
2.93898e-09	0.366188
2.9391e-09	0.367616
2.93923e-09	0.369042
2.93935e-09	0.370466
2.93947e-09	0.371889
2.93959e-09	0.37331
2.93971e-09	0.37473
2.93984e-09	0.376148
2.93996e-09	0.377564
2.94008e-09	0.378978
2.9402e-09	0.380391
2.94033e-09	0.381802
2.94045e-09	0.383212
2.94057e-09	0.384619
2.94069e-09	0.386025
2.94081e-09	0.38743
2.94094e-09	0.388833
2.94106e-09	0.390234
2.94118e-09	0.391633
2.9413e-09	0.39303
2.94143e-09	0.394426
2.94155e-09	0.39582
2.94167e-09	0.397213
2.94179e-09	0.398603
2.94191e-09	0.399992
2.94204e-09	0.40138
2.94216e-09	0.402765
2.94228e-09	0.404149
2.9424e-09	0.405531
2.94253e-09	0.406911
2.94265e-09	0.408289
2.94277e-09	0.409666
2.94289e-09	0.411041
2.94301e-09	0.412414
2.94314e-09	0.413785
2.94326e-09	0.415155
2.94338e-09	0.416523
2.9435e-09	0.417888
2.94363e-09	0.419253
2.94375e-09	0.420615
2.94387e-09	0.421975
2.94399e-09	0.423334
2.94411e-09	0.424691
2.94424e-09	0.426046
2.94436e-09	0.427399
2.94448e-09	0.428751
2.9446e-09	0.4301
2.94473e-09	0.431448
2.94485e-09	0.432794
2.94497e-09	0.434138
2.94509e-09	0.43548
2.94521e-09	0.43682
2.94534e-09	0.438159
2.94546e-09	0.439495
2.94558e-09	0.44083
2.9457e-09	0.442163
2.94583e-09	0.443494
2.94595e-09	0.444823
2.94607e-09	0.44615
2.94619e-09	0.447475
2.94631e-09	0.448799
2.94644e-09	0.45012
2.94656e-09	0.45144
2.94668e-09	0.452757
2.9468e-09	0.454073
2.94693e-09	0.455387
2.94705e-09	0.456699
2.94717e-09	0.458009
2.94729e-09	0.459316
2.94741e-09	0.460623
2.94754e-09	0.461927
2.94766e-09	0.463229
2.94778e-09	0.464529
2.9479e-09	0.465827
2.94803e-09	0.467123
2.94815e-09	0.468418
2.94827e-09	0.46971
2.94839e-09	0.471
2.94851e-09	0.472289
2.94864e-09	0.473575
2.94876e-09	0.47486
2.94888e-09	0.476142
2.949e-09	0.477422
2.94913e-09	0.478701
2.94925e-09	0.479977
2.94937e-09	0.481252
2.94949e-09	0.482524
2.94962e-09	0.483794
2.94974e-09	0.485063
2.94986e-09	0.486329
2.94998e-09	0.487593
2.9501e-09	0.488856
2.95023e-09	0.490116
2.95035e-09	0.491374
2.95047e-09	0.49263
2.95059e-09	0.493884
2.95072e-09	0.495136
2.95084e-09	0.496386
2.95096e-09	0.497634
2.95108e-09	0.49888
2.9512e-09	0.500124
2.95133e-09	0.501365
2.95145e-09	0.502605
2.95157e-09	0.503842
2.95169e-09	0.505078
2.95182e-09	0.506311
2.95194e-09	0.507542
2.95206e-09	0.508771
2.95218e-09	0.509998
2.9523e-09	0.511223
2.95243e-09	0.512446
2.95255e-09	0.513667
2.95267e-09	0.514885
2.95279e-09	0.516102
2.95292e-09	0.517316
2.95304e-09	0.518528
2.95316e-09	0.519738
2.95328e-09	0.520946
2.9534e-09	0.522152
2.95353e-09	0.523356
2.95365e-09	0.524557
2.95377e-09	0.525756
2.95389e-09	0.526953
2.95402e-09	0.528148
2.95414e-09	0.529341
2.95426e-09	0.530532
2.95438e-09	0.53172
2.9545e-09	0.532906
2.95463e-09	0.534091
2.95475e-09	0.535272
2.95487e-09	0.536452
2.95499e-09	0.53763
2.95512e-09	0.538805
2.95524e-09	0.539978
2.95536e-09	0.541149
2.95548e-09	0.542318
2.9556e-09	0.543484
2.95573e-09	0.544648
2.95585e-09	0.54581
2.95597e-09	0.54697
2.95609e-09	0.548128
2.95622e-09	0.549283
2.95634e-09	0.550436
2.95646e-09	0.551587
2.95658e-09	0.552736
2.9567e-09	0.553882
2.95683e-09	0.555026
2.95695e-09	0.556168
2.95707e-09	0.557308
2.95719e-09	0.558445
2.95732e-09	0.55958
2.95744e-09	0.560713
2.95756e-09	0.561843
2.95768e-09	0.562972
2.9578e-09	0.564098
2.95793e-09	0.565221
2.95805e-09	0.566343
2.95817e-09	0.567462
2.95829e-09	0.568579
2.95842e-09	0.569693
2.95854e-09	0.570805
2.95866e-09	0.571915
2.95878e-09	0.573023
2.95891e-09	0.574128
2.95903e-09	0.575231
2.95915e-09	0.576332
2.95927e-09	0.57743
2.95939e-09	0.578526
2.95952e-09	0.57962
2.95964e-09	0.580711
2.95976e-09	0.5818
2.95988e-09	0.582886
2.96001e-09	0.583971
2.96013e-09	0.585053
2.96025e-09	0.586132
2.96037e-09	0.58721
2.96049e-09	0.588284
2.96062e-09	0.589357
2.96074e-09	0.590427
2.96086e-09	0.591495
2.96098e-09	0.59256
2.96111e-09	0.593623
2.96123e-09	0.594684
2.96135e-09	0.595742
2.96147e-09	0.596798
2.96159e-09	0.597852
2.96172e-09	0.598903
2.96184e-09	0.599951
2.96196e-09	0.600998
2.96208e-09	0.602042
2.96221e-09	0.603083
2.96233e-09	0.604122
2.96245e-09	0.605159
2.96257e-09	0.606193
2.96269e-09	0.607225
2.96282e-09	0.608254
2.96294e-09	0.609281
2.96306e-09	0.610306
2.96318e-09	0.611328
2.96331e-09	0.612348
2.96343e-09	0.613365
2.96355e-09	0.61438
2.96367e-09	0.615392
2.96379e-09	0.616402
2.96392e-09	0.61741
2.96404e-09	0.618415
2.96416e-09	0.619417
2.96428e-09	0.620417
2.96441e-09	0.621415
2.96453e-09	0.62241
2.96465e-09	0.623403
2.96477e-09	0.624393
2.96489e-09	0.625381
2.96502e-09	0.626366
2.96514e-09	0.627349
2.96526e-09	0.628329
2.96538e-09	0.629307
2.96551e-09	0.630283
2.96563e-09	0.631255
2.96575e-09	0.632226
2.96587e-09	0.633194
2.96599e-09	0.634159
2.96612e-09	0.635122
2.96624e-09	0.636082
2.96636e-09	0.63704
2.96648e-09	0.637995
2.96661e-09	0.638948
2.96673e-09	0.639898
2.96685e-09	0.640846
2.96697e-09	0.641791
2.96709e-09	0.642734
2.96722e-09	0.643674
2.96734e-09	0.644612
2.96746e-09	0.645547
2.96758e-09	0.646479
2.96771e-09	0.647409
2.96783e-09	0.648337
2.96795e-09	0.649262
2.96807e-09	0.650184
2.96819e-09	0.651104
2.96832e-09	0.652021
2.96844e-09	0.652936
2.96856e-09	0.653848
2.96868e-09	0.654758
2.96881e-09	0.655665
2.96893e-09	0.656569
2.96905e-09	0.657471
2.96917e-09	0.65837
2.9693e-09	0.659267
2.96942e-09	0.660161
2.96954e-09	0.661053
2.96966e-09	0.661941
2.96978e-09	0.662828
2.96991e-09	0.663712
2.97003e-09	0.664593
2.97015e-09	0.665471
2.97027e-09	0.666347
2.9704e-09	0.667221
2.97052e-09	0.668091
2.97064e-09	0.66896
2.97076e-09	0.669825
2.97088e-09	0.670688
2.97101e-09	0.671548
2.97113e-09	0.672406
2.97125e-09	0.673261
2.97137e-09	0.674114
2.9715e-09	0.674963
2.97162e-09	0.675811
2.97174e-09	0.676655
2.97186e-09	0.677497
2.97198e-09	0.678336
2.97211e-09	0.679173
2.97223e-09	0.680007
2.97235e-09	0.680838
2.97247e-09	0.681667
2.9726e-09	0.682493
2.97272e-09	0.683317
2.97284e-09	0.684137
2.97296e-09	0.684956
2.97308e-09	0.685771
2.97321e-09	0.686584
2.97333e-09	0.687394
2.97345e-09	0.688201
2.97357e-09	0.689006
2.9737e-09	0.689808
2.97382e-09	0.690608
2.97394e-09	0.691405
2.97406e-09	0.692199
2.97418e-09	0.69299
2.97431e-09	0.693779
2.97443e-09	0.694565
2.97455e-09	0.695349
2.97467e-09	0.696129
2.9748e-09	0.696907
2.97492e-09	0.697683
2.97504e-09	0.698455
2.97516e-09	0.699225
2.97528e-09	0.699992
2.97541e-09	0.700757
2.97553e-09	0.701519
2.97565e-09	0.702278
2.97577e-09	0.703034
2.9759e-09	0.703788
2.97602e-09	0.704539
2.97614e-09	0.705287
2.97626e-09	0.706033
2.97638e-09	0.706776
2.97651e-09	0.707516
2.97663e-09	0.708253
2.97675e-09	0.708988
2.97687e-09	0.70972
2.977e-09	0.710449
2.97712e-09	0.711176
2.97724e-09	0.711899
2.97736e-09	0.71262
2.97748e-09	0.713339
2.97761e-09	0.714054
2.97773e-09	0.714767
2.97785e-09	0.715477
2.97797e-09	0.716185
2.9781e-09	0.716889
2.97822e-09	0.717591
2.97834e-09	0.71829
2.97846e-09	0.718986
2.97859e-09	0.71968
2.97871e-09	0.720371
2.97883e-09	0.721059
2.97895e-09	0.721744
2.97907e-09	0.722427
2.9792e-09	0.723107
2.97932e-09	0.723784
2.97944e-09	0.724458
2.97956e-09	0.725129
2.97969e-09	0.725798
2.97981e-09	0.726464
2.97993e-09	0.727127
2.98005e-09	0.727788
2.98017e-09	0.728445
2.9803e-09	0.7291
2.98042e-09	0.729752
2.98054e-09	0.730401
2.98066e-09	0.731048
2.98079e-09	0.731692
2.98091e-09	0.732333
2.98103e-09	0.732971
2.98115e-09	0.733606
2.98127e-09	0.734239
2.9814e-09	0.734868
2.98152e-09	0.735495
2.98164e-09	0.73612
2.98176e-09	0.736741
2.98189e-09	0.737359
2.98201e-09	0.737975
2.98213e-09	0.738588
2.98225e-09	0.739198
2.98237e-09	0.739806
2.9825e-09	0.74041
2.98262e-09	0.741012
2.98274e-09	0.741611
2.98286e-09	0.742207
2.98299e-09	0.7428
2.98311e-09	0.743391
2.98323e-09	0.743978
2.98335e-09	0.744563
2.98347e-09	0.745145
2.9836e-09	0.745724
2.98372e-09	0.746301
2.98384e-09	0.746874
2.98396e-09	0.747445
2.98409e-09	0.748013
2.98421e-09	0.748578
2.98433e-09	0.74914
2.98445e-09	0.7497
2.98457e-09	0.750256
2.9847e-09	0.75081
2.98482e-09	0.751361
2.98494e-09	0.751909
2.98506e-09	0.752454
2.98519e-09	0.752997
2.98531e-09	0.753536
2.98543e-09	0.754073
2.98555e-09	0.754607
2.98567e-09	0.755138
2.9858e-09	0.755666
2.98592e-09	0.756191
2.98604e-09	0.756714
2.98616e-09	0.757233
2.98629e-09	0.75775
2.98641e-09	0.758264
2.98653e-09	0.758775
2.98665e-09	0.759283
2.98677e-09	0.759789
2.9869e-09	0.760291
2.98702e-09	0.760791
2.98714e-09	0.761287
2.98726e-09	0.761781
2.98739e-09	0.762272
2.98751e-09	0.762761
2.98763e-09	0.763246
2.98775e-09	0.763728
2.98787e-09	0.764208
2.988e-09	0.764685
2.98812e-09	0.765159
2.98824e-09	0.76563
2.98836e-09	0.766098
2.98849e-09	0.766563
2.98861e-09	0.767025
2.98873e-09	0.767485
2.98885e-09	0.767942
2.98898e-09	0.768395
2.9891e-09	0.768846
2.98922e-09	0.769294
2.98934e-09	0.769739
2.98946e-09	0.770182
2.98959e-09	0.770621
2.98971e-09	0.771057
2.98983e-09	0.771491
2.98995e-09	0.771922
2.99008e-09	0.77235
2.9902e-09	0.772775
2.99032e-09	0.773197
2.99044e-09	0.773616
2.99056e-09	0.774032
2.99069e-09	0.774445
2.99081e-09	0.774856
2.99093e-09	0.775264
2.99105e-09	0.775668
2.99118e-09	0.77607
2.9913e-09	0.776469
2.99142e-09	0.776865
2.99154e-09	0.777258
2.99166e-09	0.777649
2.99179e-09	0.778036
2.99191e-09	0.778421
2.99203e-09	0.778802
2.99215e-09	0.779181
2.99228e-09	0.779557
2.9924e-09	0.77993
2.99252e-09	0.7803
2.99264e-09	0.780667
2.99276e-09	0.781031
2.99289e-09	0.781392
2.99301e-09	0.781751
2.99313e-09	0.782106
2.99325e-09	0.782459
2.99338e-09	0.782809
2.9935e-09	0.783155
2.99362e-09	0.783499
2.99374e-09	0.78384
2.99386e-09	0.784178
2.99399e-09	0.784513
2.99411e-09	0.784846
2.99423e-09	0.785175
2.99435e-09	0.785502
2.99448e-09	0.785825
2.9946e-09	0.786146
2.99472e-09	0.786464
2.99484e-09	0.786778
2.99496e-09	0.78709
2.99509e-09	0.787399
2.99521e-09	0.787705
2.99533e-09	0.788009
2.99545e-09	0.788309
2.99558e-09	0.788606
2.9957e-09	0.788901
2.99582e-09	0.789192
2.99594e-09	0.789481
2.99606e-09	0.789767
2.99619e-09	0.790049
2.99631e-09	0.790329
2.99643e-09	0.790606
2.99655e-09	0.79088
2.99668e-09	0.791152
2.9968e-09	0.79142
2.99692e-09	0.791685
2.99704e-09	0.791948
2.99716e-09	0.792207
2.99729e-09	0.792464
2.99741e-09	0.792717
2.99753e-09	0.792968
2.99765e-09	0.793216
2.99778e-09	0.793461
2.9979e-09	0.793703
2.99802e-09	0.793942
2.99814e-09	0.794178
2.99827e-09	0.794411
2.99839e-09	0.794642
2.99851e-09	0.794869
2.99863e-09	0.795094
2.99875e-09	0.795315
2.99888e-09	0.795534
2.999e-09	0.79575
2.99912e-09	0.795963
2.99924e-09	0.796173
2.99937e-09	0.79638
2.99949e-09	0.796584
2.99961e-09	0.796785
2.99973e-09	0.796983
2.99985e-09	0.797178
2.99998e-09	0.797371
3.0001e-09	0.79756
3.00022e-09	0.797747
3.00034e-09	0.797931
3.00047e-09	0.798111
3.00059e-09	0.798289
3.00071e-09	0.798464
3.00083e-09	0.798636
3.00095e-09	0.798805
3.00108e-09	0.798971
3.0012e-09	0.799135
3.00132e-09	0.799295
3.00144e-09	0.799452
3.00157e-09	0.799607
3.00169e-09	0.799759
3.00181e-09	0.799907
3.00193e-09	0.800053
3.00205e-09	0.800196
3.00218e-09	0.800336
3.0023e-09	0.800473
3.00242e-09	0.800607
3.00254e-09	0.800738
3.00267e-09	0.800866
3.00279e-09	0.800992
3.00291e-09	0.801114
3.00303e-09	0.801234
3.00315e-09	0.80135
3.00328e-09	0.801464
3.0034e-09	0.801575
3.00352e-09	0.801683
3.00364e-09	0.801788
3.00377e-09	0.80189
3.00389e-09	0.801989
3.00401e-09	0.802085
3.00413e-09	0.802179
3.00425e-09	0.802269
3.00438e-09	0.802356
3.0045e-09	0.802441
3.00462e-09	0.802523
3.00474e-09	0.802602
3.00487e-09	0.802677
3.00499e-09	0.80275
3.00511e-09	0.802821
3.00523e-09	0.802888
3.00535e-09	0.802952
3.00548e-09	0.803013
3.0056e-09	0.803072
3.00572e-09	0.803127
3.00584e-09	0.80318
3.00597e-09	0.80323
3.00609e-09	0.803277
3.00621e-09	0.80332
3.00633e-09	0.803362
3.00645e-09	0.8034
3.00658e-09	0.803435
3.0067e-09	0.803467
3.00682e-09	0.803497
3.00694e-09	0.803523
3.00707e-09	0.803547
3.00719e-09	0.803568
3.00731e-09	0.803585
3.00743e-09	0.8036
3.00755e-09	0.803612
3.00768e-09	0.803622
3.0078e-09	0.803628
3.00792e-09	0.803631
3.00804e-09	0.803632
3.00817e-09	0.803629
3.00829e-09	0.803624
3.00841e-09	0.803616
3.00853e-09	0.803605
3.00866e-09	0.803591
3.00878e-09	0.803574
3.0089e-09	0.803554
3.00902e-09	0.803532
3.00914e-09	0.803506
3.00927e-09	0.803478
3.00939e-09	0.803447
3.00951e-09	0.803412
3.00963e-09	0.803375
3.00976e-09	0.803336
3.00988e-09	0.803293
3.01e-09	0.803247
3.01012e-09	0.803199
3.01024e-09	0.803147
3.01037e-09	0.803093
3.01049e-09	0.803036
3.01061e-09	0.802976
3.01073e-09	0.802913
3.01086e-09	0.802847
3.01098e-09	0.802778
3.0111e-09	0.802707
3.01122e-09	0.802632
3.01134e-09	0.802555
3.01147e-09	0.802475
3.01159e-09	0.802392
3.01171e-09	0.802306
3.01183e-09	0.802217
3.01196e-09	0.802126
3.01208e-09	0.802031
3.0122e-09	0.801934
3.01232e-09	0.801834
3.01244e-09	0.801731
3.01257e-09	0.801625
3.01269e-09	0.801516
3.01281e-09	0.801405
3.01293e-09	0.80129
3.01306e-09	0.801173
3.01318e-09	0.801053
3.0133e-09	0.80093
3.01342e-09	0.800804
3.01354e-09	0.800675
3.01367e-09	0.800544
3.01379e-09	0.800409
3.01391e-09	0.800272
3.01403e-09	0.800132
3.01416e-09	0.799989
3.01428e-09	0.799843
3.0144e-09	0.799695
3.01452e-09	0.799543
3.01464e-09	0.799389
3.01477e-09	0.799232
3.01489e-09	0.799072
3.01501e-09	0.798909
3.01513e-09	0.798744
3.01526e-09	0.798575
3.01538e-09	0.798404
3.0155e-09	0.79823
3.01562e-09	0.798053
3.01574e-09	0.797873
3.01587e-09	0.797691
3.01599e-09	0.797505
3.01611e-09	0.797317
3.01623e-09	0.797126
3.01636e-09	0.796932
3.01648e-09	0.796736
3.0166e-09	0.796536
3.01672e-09	0.796334
3.01684e-09	0.796129
3.01697e-09	0.795921
3.01709e-09	0.79571
3.01721e-09	0.795497
3.01733e-09	0.795281
3.01746e-09	0.795061
3.01758e-09	0.79484
3.0177e-09	0.794615
3.01782e-09	0.794387
3.01795e-09	0.794157
3.01807e-09	0.793924
3.01819e-09	0.793688
3.01831e-09	0.793449
3.01843e-09	0.793208
3.01856e-09	0.792964
3.01868e-09	0.792716
3.0188e-09	0.792467
3.01892e-09	0.792214
3.01905e-09	0.791959
3.01917e-09	0.7917
3.01929e-09	0.791439
3.01941e-09	0.791176
3.01953e-09	0.790909
3.01966e-09	0.79064
3.01978e-09	0.790368
3.0199e-09	0.790093
3.02002e-09	0.789815
3.02015e-09	0.789535
3.02027e-09	0.789252
3.02039e-09	0.788966
3.02051e-09	0.788677
3.02063e-09	0.788386
3.02076e-09	0.788092
3.02088e-09	0.787795
3.021e-09	0.787495
3.02112e-09	0.787193
3.02125e-09	0.786887
3.02137e-09	0.786579
3.02149e-09	0.786269
3.02161e-09	0.785955
3.02173e-09	0.785639
3.02186e-09	0.78532
3.02198e-09	0.784999
3.0221e-09	0.784674
3.02222e-09	0.784347
3.02235e-09	0.784017
3.02247e-09	0.783684
3.02259e-09	0.783349
3.02271e-09	0.783011
3.02283e-09	0.78267
3.02296e-09	0.782327
3.02308e-09	0.781981
3.0232e-09	0.781632
3.02332e-09	0.78128
3.02345e-09	0.780926
3.02357e-09	0.780569
3.02369e-09	0.780209
3.02381e-09	0.779846
3.02393e-09	0.779481
3.02406e-09	0.779113
3.02418e-09	0.778742
3.0243e-09	0.778369
3.02442e-09	0.777993
3.02455e-09	0.777614
3.02467e-09	0.777233
3.02479e-09	0.776849
3.02491e-09	0.776462
3.02503e-09	0.776072
3.02516e-09	0.77568
3.02528e-09	0.775285
3.0254e-09	0.774888
3.02552e-09	0.774488
3.02565e-09	0.774085
3.02577e-09	0.773679
3.02589e-09	0.773271
3.02601e-09	0.77286
3.02613e-09	0.772446
3.02626e-09	0.77203
3.02638e-09	0.771611
3.0265e-09	0.77119
3.02662e-09	0.770765
3.02675e-09	0.770338
3.02687e-09	0.769909
3.02699e-09	0.769477
3.02711e-09	0.769042
3.02723e-09	0.768604
3.02736e-09	0.768164
3.02748e-09	0.767721
3.0276e-09	0.767276
3.02772e-09	0.766828
3.02785e-09	0.766377
3.02797e-09	0.765924
3.02809e-09	0.765468
3.02821e-09	0.765009
3.02834e-09	0.764548
3.02846e-09	0.764084
3.02858e-09	0.763617
3.0287e-09	0.763148
3.02882e-09	0.762677
3.02895e-09	0.762202
3.02907e-09	0.761725
3.02919e-09	0.761246
3.02931e-09	0.760764
3.02944e-09	0.760279
3.02956e-09	0.759791
3.02968e-09	0.759301
3.0298e-09	0.758809
3.02992e-09	0.758314
3.03005e-09	0.757816
3.03017e-09	0.757316
3.03029e-09	0.756813
3.03041e-09	0.756307
3.03054e-09	0.755799
3.03066e-09	0.755288
3.03078e-09	0.754775
3.0309e-09	0.754259
3.03102e-09	0.753741
3.03115e-09	0.75322
3.03127e-09	0.752696
3.03139e-09	0.75217
3.03151e-09	0.751642
3.03164e-09	0.75111
3.03176e-09	0.750576
3.03188e-09	0.75004
3.032e-09	0.749501
3.03212e-09	0.74896
3.03225e-09	0.748416
3.03237e-09	0.747869
3.03249e-09	0.74732
3.03261e-09	0.746769
3.03274e-09	0.746215
3.03286e-09	0.745658
3.03298e-09	0.745099
3.0331e-09	0.744537
3.03322e-09	0.743973
3.03335e-09	0.743406
3.03347e-09	0.742837
3.03359e-09	0.742265
3.03371e-09	0.741691
3.03384e-09	0.741114
3.03396e-09	0.740534
3.03408e-09	0.739953
3.0342e-09	0.739368
3.03432e-09	0.738781
3.03445e-09	0.738192
3.03457e-09	0.7376
3.03469e-09	0.737006
3.03481e-09	0.736409
3.03494e-09	0.73581
3.03506e-09	0.735208
3.03518e-09	0.734604
3.0353e-09	0.733997
3.03542e-09	0.733388
3.03555e-09	0.732776
3.03567e-09	0.732162
3.03579e-09	0.731546
3.03591e-09	0.730926
3.03604e-09	0.730305
3.03616e-09	0.729681
3.03628e-09	0.729055
3.0364e-09	0.728426
3.03652e-09	0.727794
3.03665e-09	0.727161
3.03677e-09	0.726524
3.03689e-09	0.725886
3.03701e-09	0.725245
3.03714e-09	0.724601
3.03726e-09	0.723955
3.03738e-09	0.723307
3.0375e-09	0.722656
3.03763e-09	0.722003
3.03775e-09	0.721348
3.03787e-09	0.720689
3.03799e-09	0.720029
3.03811e-09	0.719366
3.03824e-09	0.718701
3.03836e-09	0.718033
3.03848e-09	0.717363
3.0386e-09	0.716691
3.03873e-09	0.716016
3.03885e-09	0.715339
3.03897e-09	0.714659
3.03909e-09	0.713977
3.03921e-09	0.713293
3.03934e-09	0.712606
3.03946e-09	0.711917
3.03958e-09	0.711226
3.0397e-09	0.710532
3.03983e-09	0.709836
3.03995e-09	0.709137
3.04007e-09	0.708436
3.04019e-09	0.707733
3.04031e-09	0.707027
3.04044e-09	0.70632
3.04056e-09	0.705609
3.04068e-09	0.704897
3.0408e-09	0.704182
3.04093e-09	0.703464
3.04105e-09	0.702745
3.04117e-09	0.702023
3.04129e-09	0.701299
3.04141e-09	0.700572
3.04154e-09	0.699843
3.04166e-09	0.699112
3.04178e-09	0.698378
3.0419e-09	0.697643
3.04203e-09	0.696904
3.04215e-09	0.696164
3.04227e-09	0.695421
3.04239e-09	0.694676
3.04251e-09	0.693929
3.04264e-09	0.693179
3.04276e-09	0.692427
3.04288e-09	0.691673
3.043e-09	0.690917
3.04313e-09	0.690158
3.04325e-09	0.689397
3.04337e-09	0.688634
3.04349e-09	0.687868
3.04361e-09	0.687101
3.04374e-09	0.686331
3.04386e-09	0.685558
3.04398e-09	0.684784
3.0441e-09	0.684007
3.04423e-09	0.683228
3.04435e-09	0.682447
3.04447e-09	0.681663
3.04459e-09	0.680878
3.04471e-09	0.68009
3.04484e-09	0.6793
3.04496e-09	0.678507
3.04508e-09	0.677713
3.0452e-09	0.676916
3.04533e-09	0.676117
3.04545e-09	0.675315
3.04557e-09	0.674512
3.04569e-09	0.673706
3.04581e-09	0.672899
3.04594e-09	0.672089
3.04606e-09	0.671276
3.04618e-09	0.670462
3.0463e-09	0.669646
3.04643e-09	0.668827
3.04655e-09	0.668006
3.04667e-09	0.667183
3.04679e-09	0.666358
3.04691e-09	0.66553
3.04704e-09	0.664701
3.04716e-09	0.663869
3.04728e-09	0.663035
3.0474e-09	0.662199
3.04753e-09	0.661361
3.04765e-09	0.660521
3.04777e-09	0.659678
3.04789e-09	0.658834
3.04802e-09	0.657987
3.04814e-09	0.657138
3.04826e-09	0.656287
3.04838e-09	0.655434
3.0485e-09	0.654579
3.04863e-09	0.653722
3.04875e-09	0.652862
3.04887e-09	0.652001
3.04899e-09	0.651137
3.04912e-09	0.650271
3.04924e-09	0.649404
3.04936e-09	0.648534
3.04948e-09	0.647662
3.0496e-09	0.646788
3.04973e-09	0.645912
3.04985e-09	0.645033
3.04997e-09	0.644153
3.05009e-09	0.643271
3.05022e-09	0.642386
3.05034e-09	0.6415
3.05046e-09	0.640611
3.05058e-09	0.639721
3.0507e-09	0.638828
3.05083e-09	0.637934
3.05095e-09	0.637037
3.05107e-09	0.636138
3.05119e-09	0.635238
3.05132e-09	0.634335
3.05144e-09	0.63343
3.05156e-09	0.632523
3.05168e-09	0.631614
3.0518e-09	0.630704
3.05193e-09	0.629791
3.05205e-09	0.628876
3.05217e-09	0.627959
3.05229e-09	0.62704
3.05242e-09	0.626119
3.05254e-09	0.625197
3.05266e-09	0.624272
3.05278e-09	0.623345
3.0529e-09	0.622416
3.05303e-09	0.621486
3.05315e-09	0.620553
3.05327e-09	0.619618
3.05339e-09	0.618682
3.05352e-09	0.617743
3.05364e-09	0.616803
3.05376e-09	0.61586
3.05388e-09	0.614916
3.054e-09	0.613969
3.05413e-09	0.613021
3.05425e-09	0.612071
3.05437e-09	0.611119
3.05449e-09	0.610165
3.05462e-09	0.609209
3.05474e-09	0.608251
3.05486e-09	0.607291
3.05498e-09	0.606329
3.0551e-09	0.605366
3.05523e-09	0.6044
3.05535e-09	0.603433
3.05547e-09	0.602464
3.05559e-09	0.601492
3.05572e-09	0.600519
3.05584e-09	0.599544
3.05596e-09	0.598568
3.05608e-09	0.597589
3.0562e-09	0.596608
3.05633e-09	0.595626
3.05645e-09	0.594642
3.05657e-09	0.593656
3.05669e-09	0.592668
3.05682e-09	0.591678
3.05694e-09	0.590686
3.05706e-09	0.589693
3.05718e-09	0.588697
3.0573e-09	0.5877
3.05743e-09	0.586701
3.05755e-09	0.585701
3.05767e-09	0.584698
3.05779e-09	0.583694
3.05792e-09	0.582687
3.05804e-09	0.581679
3.05816e-09	0.580669
3.05828e-09	0.579658
3.05841e-09	0.578644
3.05853e-09	0.577629
3.05865e-09	0.576612
3.05877e-09	0.575594
3.05889e-09	0.574573
3.05902e-09	0.573551
3.05914e-09	0.572527
3.05926e-09	0.571501
3.05938e-09	0.570473
3.05951e-09	0.569444
3.05963e-09	0.568413
3.05975e-09	0.56738
3.05987e-09	0.566346
3.05999e-09	0.565309
3.06012e-09	0.564271
3.06024e-09	0.563231
3.06036e-09	0.56219
3.06048e-09	0.561147
3.06061e-09	0.560102
3.06073e-09	0.559055
3.06085e-09	0.558007
3.06097e-09	0.556957
3.06109e-09	0.555905
3.06122e-09	0.554852
3.06134e-09	0.553797
3.06146e-09	0.55274
3.06158e-09	0.551682
3.06171e-09	0.550622
3.06183e-09	0.54956
3.06195e-09	0.548496
3.06207e-09	0.547431
3.06219e-09	0.546365
3.06232e-09	0.545296
3.06244e-09	0.544226
3.06256e-09	0.543154
3.06268e-09	0.542081
3.06281e-09	0.541006
3.06293e-09	0.53993
3.06305e-09	0.538851
3.06317e-09	0.537771
3.06329e-09	0.53669
3.06342e-09	0.535607
3.06354e-09	0.534522
3.06366e-09	0.533436
3.06378e-09	0.532348
3.06391e-09	0.531259
3.06403e-09	0.530168
3.06415e-09	0.529075
3.06427e-09	0.527981
3.06439e-09	0.526885
3.06452e-09	0.525788
3.06464e-09	0.524689
3.06476e-09	0.523588
3.06488e-09	0.522486
3.06501e-09	0.521383
3.06513e-09	0.520277
3.06525e-09	0.519171
3.06537e-09	0.518062
3.06549e-09	0.516953
3.06562e-09	0.515841
3.06574e-09	0.514729
3.06586e-09	0.513614
3.06598e-09	0.512498
3.06611e-09	0.511381
3.06623e-09	0.510262
3.06635e-09	0.509142
3.06647e-09	0.50802
3.06659e-09	0.506896
3.06672e-09	0.505772
3.06684e-09	0.504645
3.06696e-09	0.503517
3.06708e-09	0.502388
3.06721e-09	0.501257
3.06733e-09	0.500125
3.06745e-09	0.498991
3.06757e-09	0.497856
3.0677e-09	0.49672
3.06782e-09	0.495582
3.06794e-09	0.494442
3.06806e-09	0.493301
3.06818e-09	0.492159
3.06831e-09	0.491015
3.06843e-09	0.48987
3.06855e-09	0.488723
3.06867e-09	0.487575
3.0688e-09	0.486426
3.06892e-09	0.485275
3.06904e-09	0.484122
3.06916e-09	0.482969
3.06928e-09	0.481814
3.06941e-09	0.480657
3.06953e-09	0.479499
3.06965e-09	0.47834
3.06977e-09	0.477179
3.0699e-09	0.476018
3.07002e-09	0.474854
3.07014e-09	0.47369
3.07026e-09	0.472523
3.07038e-09	0.471356
3.07051e-09	0.470187
3.07063e-09	0.469017
3.07075e-09	0.467846
3.07087e-09	0.466673
3.071e-09	0.465499
3.07112e-09	0.464324
3.07124e-09	0.463147
3.07136e-09	0.461969
3.07148e-09	0.46079
3.07161e-09	0.459609
3.07173e-09	0.458427
3.07185e-09	0.457244
3.07197e-09	0.456059
3.0721e-09	0.454874
3.07222e-09	0.453686
3.07234e-09	0.452498
3.07246e-09	0.451308
3.07258e-09	0.450118
3.07271e-09	0.448925
3.07283e-09	0.447732
3.07295e-09	0.446537
3.07307e-09	0.445341
3.0732e-09	0.444144
3.07332e-09	0.442946
3.07344e-09	0.441746
3.07356e-09	0.440546
3.07368e-09	0.439344
3.07381e-09	0.43814
3.07393e-09	0.436936
3.07405e-09	0.43573
3.07417e-09	0.434523
3.0743e-09	0.433315
3.07442e-09	0.432106
3.07454e-09	0.430895
3.07466e-09	0.429684
3.07478e-09	0.428471
3.07491e-09	0.427257
3.07503e-09	0.426042
3.07515e-09	0.424825
3.07527e-09	0.423608
3.0754e-09	0.422389
3.07552e-09	0.421169
3.07564e-09	0.419948
3.07576e-09	0.418726
3.07588e-09	0.417503
3.07601e-09	0.416279
3.07613e-09	0.415053
3.07625e-09	0.413827
3.07637e-09	0.412599
3.0765e-09	0.41137
3.07662e-09	0.41014
3.07674e-09	0.408909
3.07686e-09	0.407677
3.07698e-09	0.406444
3.07711e-09	0.40521
3.07723e-09	0.403974
3.07735e-09	0.402738
3.07747e-09	0.4015
3.0776e-09	0.400262
3.07772e-09	0.399022
3.07784e-09	0.397781
3.07796e-09	0.396539
3.07809e-09	0.395297
3.07821e-09	0.394053
3.07833e-09	0.392808
3.07845e-09	0.391562
3.07857e-09	0.390315
3.0787e-09	0.389067
3.07882e-09	0.387818
3.07894e-09	0.386568
3.07906e-09	0.385317
3.07919e-09	0.384065
3.07931e-09	0.382812
3.07943e-09	0.381558
3.07955e-09	0.380303
3.07967e-09	0.379047
3.0798e-09	0.37779
3.07992e-09	0.376532
3.08004e-09	0.375273
3.08016e-09	0.374013
3.08029e-09	0.372752
3.08041e-09	0.371491
3.08053e-09	0.370228
3.08065e-09	0.368964
3.08077e-09	0.3677
3.0809e-09	0.366434
3.08102e-09	0.365168
3.08114e-09	0.3639
3.08126e-09	0.362632
3.08139e-09	0.361363
3.08151e-09	0.360092
3.08163e-09	0.358821
3.08175e-09	0.357549
3.08187e-09	0.356277
3.082e-09	0.355003
3.08212e-09	0.353728
3.08224e-09	0.352453
3.08236e-09	0.351176
3.08249e-09	0.349899
3.08261e-09	0.348621
3.08273e-09	0.347342
3.08285e-09	0.346062
3.08297e-09	0.344781
3.0831e-09	0.3435
3.08322e-09	0.342218
3.08334e-09	0.340934
3.08346e-09	0.33965
3.08359e-09	0.338366
3.08371e-09	0.33708
3.08383e-09	0.335793
3.08395e-09	0.334506
3.08407e-09	0.333218
3.0842e-09	0.331929
3.08432e-09	0.330639
3.08444e-09	0.329349
3.08456e-09	0.328058
3.08469e-09	0.326766
3.08481e-09	0.325473
3.08493e-09	0.324179
3.08505e-09	0.322885
3.08517e-09	0.32159
3.0853e-09	0.320294
3.08542e-09	0.318997
3.08554e-09	0.3177
3.08566e-09	0.316402
3.08579e-09	0.315103
3.08591e-09	0.313803
3.08603e-09	0.312503
3.08615e-09	0.311202
3.08627e-09	0.3099
3.0864e-09	0.308598
3.08652e-09	0.307295
3.08664e-09	0.305991
3.08676e-09	0.304686
3.08689e-09	0.303381
3.08701e-09	0.302075
3.08713e-09	0.300768
3.08725e-09	0.299461
3.08738e-09	0.298153
3.0875e-09	0.296845
3.08762e-09	0.295535
3.08774e-09	0.294225
3.08786e-09	0.292915
3.08799e-09	0.291604
3.08811e-09	0.290292
3.08823e-09	0.288979
3.08835e-09	0.287666
3.08848e-09	0.286352
3.0886e-09	0.285038
3.08872e-09	0.283723
3.08884e-09	0.282407
3.08896e-09	0.281091
3.08909e-09	0.279774
3.08921e-09	0.278457
3.08933e-09	0.277139
3.08945e-09	0.27582
3.08958e-09	0.274501
3.0897e-09	0.273182
3.08982e-09	0.271861
3.08994e-09	0.27054
3.09006e-09	0.269219
3.09019e-09	0.267897
3.09031e-09	0.266575
3.09043e-09	0.265251
3.09055e-09	0.263928
3.09068e-09	0.262604
3.0908e-09	0.261279
3.09092e-09	0.259954
3.09104e-09	0.258628
3.09116e-09	0.257302
3.09129e-09	0.255975
3.09141e-09	0.254648
3.09153e-09	0.25332
3.09165e-09	0.251992
3.09178e-09	0.250663
3.0919e-09	0.249334
3.09202e-09	0.248004
3.09214e-09	0.246674
3.09226e-09	0.245344
3.09239e-09	0.244013
3.09251e-09	0.242681
3.09263e-09	0.241349
3.09275e-09	0.240017
3.09288e-09	0.238684
3.093e-09	0.23735
3.09312e-09	0.236017
3.09324e-09	0.234683
3.09336e-09	0.233348
3.09349e-09	0.232013
3.09361e-09	0.230677
3.09373e-09	0.229342
3.09385e-09	0.228005
3.09398e-09	0.226669
3.0941e-09	0.225332
3.09422e-09	0.223994
3.09434e-09	0.222656
3.09446e-09	0.221318
3.09459e-09	0.21998
3.09471e-09	0.218641
3.09483e-09	0.217302
3.09495e-09	0.215962
3.09508e-09	0.214622
3.0952e-09	0.213282
3.09532e-09	0.211941
3.09544e-09	0.2106
3.09556e-09	0.209259
3.09569e-09	0.207917
3.09581e-09	0.206575
3.09593e-09	0.205233
3.09605e-09	0.20389
3.09618e-09	0.202547
3.0963e-09	0.201204
3.09642e-09	0.19986
3.09654e-09	0.198516
3.09666e-09	0.197172
3.09679e-09	0.195828
3.09691e-09	0.194483
3.09703e-09	0.193138
3.09715e-09	0.191793
3.09728e-09	0.190448
3.0974e-09	0.189102
3.09752e-09	0.187756
3.09764e-09	0.18641
3.09777e-09	0.185063
3.09789e-09	0.183716
3.09801e-09	0.18237
3.09813e-09	0.181022
3.09825e-09	0.179675
3.09838e-09	0.178327
3.0985e-09	0.17698
3.09862e-09	0.175632
3.09874e-09	0.174283
3.09887e-09	0.172935
3.09899e-09	0.171586
3.09911e-09	0.170238
3.09923e-09	0.168889
3.09935e-09	0.167539
3.09948e-09	0.16619
3.0996e-09	0.164841
3.09972e-09	0.163491
3.09984e-09	0.162141
3.09997e-09	0.160791
3.10009e-09	0.159441
3.10021e-09	0.158091
3.10033e-09	0.156741
3.10045e-09	0.15539
3.10058e-09	0.154039
3.1007e-09	0.152689
3.10082e-09	0.151338
3.10094e-09	0.149987
3.10107e-09	0.148636
3.10119e-09	0.147285
3.10131e-09	0.145933
3.10143e-09	0.144582
3.10155e-09	0.14323
3.10168e-09	0.141879
3.1018e-09	0.140527
3.10192e-09	0.139176
3.10204e-09	0.137824
3.10217e-09	0.136472
3.10229e-09	0.13512
3.10241e-09	0.133768
3.10253e-09	0.132416
3.10265e-09	0.131064
3.10278e-09	0.129712
3.1029e-09	0.12836
3.10302e-09	0.127008
3.10314e-09	0.125656
3.10327e-09	0.124304
3.10339e-09	0.122952
3.10351e-09	0.1216
3.10363e-09	0.120248
3.10375e-09	0.118895
3.10388e-09	0.117543
3.104e-09	0.116191
3.10412e-09	0.114839
3.10424e-09	0.113487
3.10437e-09	0.112135
3.10449e-09	0.110783
3.10461e-09	0.109431
3.10473e-09	0.108079
3.10485e-09	0.106727
3.10498e-09	0.105375
3.1051e-09	0.104024
3.10522e-09	0.102672
3.10534e-09	0.10132
3.10547e-09	0.0999687
3.10559e-09	0.0986172
3.10571e-09	0.0972658
3.10583e-09	0.0959145
3.10595e-09	0.0945633
3.10608e-09	0.0932122
3.1062e-09	0.0918612
3.10632e-09	0.0905103
3.10644e-09	0.0891595
3.10657e-09	0.0878088
3.10669e-09	0.0864583
3.10681e-09	0.0851078
3.10693e-09	0.0837576
3.10706e-09	0.0824074
3.10718e-09	0.0810574
3.1073e-09	0.0797076
3.10742e-09	0.0783579
3.10754e-09	0.0770083
3.10767e-09	0.0756589
3.10779e-09	0.0743097
3.10791e-09	0.0729607
3.10803e-09	0.0716118
3.10816e-09	0.0702631
3.10828e-09	0.0689146
3.1084e-09	0.0675664
3.10852e-09	0.0662182
3.10864e-09	0.0648703
3.10877e-09	0.0635226
3.10889e-09	0.0621752
3.10901e-09	0.0608279
3.10913e-09	0.0594809
3.10926e-09	0.058134
3.10938e-09	0.0567874
3.1095e-09	0.0554411
3.10962e-09	0.054095
3.10974e-09	0.0527491
3.10987e-09	0.0514035
3.10999e-09	0.0500582
3.11011e-09	0.0487131
3.11023e-09	0.0473682
3.11036e-09	0.0460237
3.11048e-09	0.0446794
3.1106e-09	0.0433354
3.11072e-09	0.0419917
3.11084e-09	0.0406482
3.11097e-09	0.0393051
3.11109e-09	0.0379623
3.11121e-09	0.0366197
3.11133e-09	0.0352775
3.11146e-09	0.0339356
3.11158e-09	0.032594
3.1117e-09	0.0312528
3.11182e-09	0.0299118
3.11194e-09	0.0285712
3.11207e-09	0.027231
3.11219e-09	0.0258911
3.11231e-09	0.0245515
3.11243e-09	0.0232123
3.11256e-09	0.0218734
3.11268e-09	0.0205349
3.1128e-09	0.0191968
3.11292e-09	0.017859
3.11304e-09	0.0165216
3.11317e-09	0.0151846
3.11329e-09	0.013848
3.11341e-09	0.0125118
3.11353e-09	0.011176
3.11366e-09	0.00984054
3.11378e-09	0.00850552
3.1139e-09	0.00717091
3.11402e-09	0.00583671
3.11414e-09	0.00450294
3.11427e-09	0.00316959
3.11439e-09	0.00183667
3.11451e-09	0.000504186
3.11463e-09	-0.00082786
3.11476e-09	-0.00215946
3.11488e-09	-0.00349062
3.115e-09	-0.00482132
3.11512e-09	-0.00615156
3.11524e-09	-0.00748134
3.11537e-09	-0.00881065
3.11549e-09	-0.0101395
3.11561e-09	-0.0114678
3.11573e-09	-0.0127957
3.11586e-09	-0.0141231
3.11598e-09	-0.01545
3.1161e-09	-0.0167764
3.11622e-09	-0.0181023
3.11634e-09	-0.0194277
3.11647e-09	-0.0207526
3.11659e-09	-0.022077
3.11671e-09	-0.0234009
3.11683e-09	-0.0247242
3.11696e-09	-0.026047
3.11708e-09	-0.0273693
3.1172e-09	-0.028691
3.11732e-09	-0.0300122
3.11745e-09	-0.0313328
3.11757e-09	-0.0326529
3.11769e-09	-0.0339724
3.11781e-09	-0.0352914
3.11793e-09	-0.0366098
3.11806e-09	-0.0379276
3.11818e-09	-0.0392449
3.1183e-09	-0.0405615
3.11842e-09	-0.0418776
3.11855e-09	-0.0431931
3.11867e-09	-0.044508
3.11879e-09	-0.0458223
3.11891e-09	-0.047136
3.11903e-09	-0.0484491
3.11916e-09	-0.0497616
3.11928e-09	-0.0510734
3.1194e-09	-0.0523847
3.11952e-09	-0.0536953
3.11965e-09	-0.0550053
3.11977e-09	-0.0563146
3.11989e-09	-0.0576233
3.12001e-09	-0.0589314
3.12013e-09	-0.0602388
3.12026e-09	-0.0615455
3.12038e-09	-0.0628516
3.1205e-09	-0.064157
3.12062e-09	-0.0654618
3.12075e-09	-0.0667659
3.12087e-09	-0.0680693
3.12099e-09	-0.069372
3.12111e-09	-0.070674
3.12123e-09	-0.0719754
3.12136e-09	-0.073276
3.12148e-09	-0.074576
3.1216e-09	-0.0758752
3.12172e-09	-0.0771738
3.12185e-09	-0.0784716
3.12197e-09	-0.0797687
3.12209e-09	-0.0810651
3.12221e-09	-0.0823607
3.12233e-09	-0.0836556
3.12246e-09	-0.0849498
3.12258e-09	-0.0862433
3.1227e-09	-0.087536
3.12282e-09	-0.0888279
3.12295e-09	-0.0901191
3.12307e-09	-0.0914095
3.12319e-09	-0.0926992
3.12331e-09	-0.0939881
3.12343e-09	-0.0952762
3.12356e-09	-0.0965636
3.12368e-09	-0.0978501
3.1238e-09	-0.0991359
3.12392e-09	-0.100421
3.12405e-09	-0.101705
3.12417e-09	-0.102988
3.12429e-09	-0.104271
3.12441e-09	-0.105553
3.12453e-09	-0.106834
3.12466e-09	-0.108114
3.12478e-09	-0.109393
3.1249e-09	-0.110672
3.12502e-09	-0.111949
3.12515e-09	-0.113226
3.12527e-09	-0.114502
3.12539e-09	-0.115777
3.12551e-09	-0.117052
3.12563e-09	-0.118325
3.12576e-09	-0.119598
3.12588e-09	-0.120869
3.126e-09	-0.12214
3.12612e-09	-0.12341
3.12625e-09	-0.124679
3.12637e-09	-0.125948
3.12649e-09	-0.127215
3.12661e-09	-0.128481
3.12674e-09	-0.129747
3.12686e-09	-0.131012
3.12698e-09	-0.132275
3.1271e-09	-0.133538
3.12722e-09	-0.1348
3.12735e-09	-0.136061
3.12747e-09	-0.137321
3.12759e-09	-0.138581
3.12771e-09	-0.139839
3.12784e-09	-0.141096
3.12796e-09	-0.142353
3.12808e-09	-0.143608
3.1282e-09	-0.144863
3.12832e-09	-0.146116
3.12845e-09	-0.147369
3.12857e-09	-0.148621
3.12869e-09	-0.149871
3.12881e-09	-0.151121
3.12894e-09	-0.15237
3.12906e-09	-0.153617
3.12918e-09	-0.154864
3.1293e-09	-0.15611
3.12942e-09	-0.157355
3.12955e-09	-0.158599
3.12967e-09	-0.159842
3.12979e-09	-0.161083
3.12991e-09	-0.162324
3.13004e-09	-0.163564
3.13016e-09	-0.164803
3.13028e-09	-0.166041
3.1304e-09	-0.167278
3.13052e-09	-0.168513
3.13065e-09	-0.169748
3.13077e-09	-0.170982
3.13089e-09	-0.172214
3.13101e-09	-0.173446
3.13114e-09	-0.174677
3.13126e-09	-0.175906
3.13138e-09	-0.177135
3.1315e-09	-0.178362
3.13162e-09	-0.179588
3.13175e-09	-0.180814
3.13187e-09	-0.182038
3.13199e-09	-0.183261
3.13211e-09	-0.184483
3.13224e-09	-0.185704
3.13236e-09	-0.186924
3.13248e-09	-0.188143
3.1326e-09	-0.18936
3.13272e-09	-0.190577
3.13285e-09	-0.191792
3.13297e-09	-0.193007
3.13309e-09	-0.19422
3.13321e-09	-0.195432
3.13334e-09	-0.196643
3.13346e-09	-0.197853
3.13358e-09	-0.199062
3.1337e-09	-0.200269
3.13382e-09	-0.201476
3.13395e-09	-0.202681
3.13407e-09	-0.203885
3.13419e-09	-0.205088
3.13431e-09	-0.20629
3.13444e-09	-0.207491
3.13456e-09	-0.208691
3.13468e-09	-0.209889
3.1348e-09	-0.211086
3.13492e-09	-0.212282
3.13505e-09	-0.213477
3.13517e-09	-0.214671
3.13529e-09	-0.215863
3.13541e-09	-0.217055
3.13554e-09	-0.218245
3.13566e-09	-0.219434
3.13578e-09	-0.220622
3.1359e-09	-0.221808
3.13602e-09	-0.222993
3.13615e-09	-0.224178
3.13627e-09	-0.22536
3.13639e-09	-0.226542
3.13651e-09	-0.227723
3.13664e-09	-0.228902
3.13676e-09	-0.23008
3.13688e-09	-0.231256
3.137e-09	-0.232432
3.13713e-09	-0.233606
3.13725e-09	-0.234779
3.13737e-09	-0.235951
3.13749e-09	-0.237122
3.13761e-09	-0.238291
3.13774e-09	-0.239459
3.13786e-09	-0.240625
3.13798e-09	-0.241791
3.1381e-09	-0.242955
3.13823e-09	-0.244118
3.13835e-09	-0.24528
3.13847e-09	-0.24644
3.13859e-09	-0.247599
3.13871e-09	-0.248757
3.13884e-09	-0.249913
3.13896e-09	-0.251068
3.13908e-09	-0.252222
3.1392e-09	-0.253374
3.13933e-09	-0.254526
3.13945e-09	-0.255675
3.13957e-09	-0.256824
3.13969e-09	-0.257971
3.13981e-09	-0.259117
3.13994e-09	-0.260262
3.14006e-09	-0.261405
3.14018e-09	-0.262547
3.1403e-09	-0.263687
3.14043e-09	-0.264826
3.14055e-09	-0.265964
3.14067e-09	-0.267101
3.14079e-09	-0.268236
3.14091e-09	-0.26937
3.14104e-09	-0.270502
3.14116e-09	-0.271633
3.14128e-09	-0.272763
3.1414e-09	-0.273891
3.14153e-09	-0.275018
3.14165e-09	-0.276143
3.14177e-09	-0.277267
3.14189e-09	-0.27839
3.14201e-09	-0.279511
3.14214e-09	-0.280631
3.14226e-09	-0.28175
3.14238e-09	-0.282867
3.1425e-09	-0.283983
3.14263e-09	-0.285097
3.14275e-09	-0.28621
3.14287e-09	-0.287321
3.14299e-09	-0.288431
3.14311e-09	-0.28954
3.14324e-09	-0.290647
3.14336e-09	-0.291753
3.14348e-09	-0.292857
3.1436e-09	-0.29396
3.14373e-09	-0.295061
3.14385e-09	-0.296161
3.14397e-09	-0.29726
3.14409e-09	-0.298357
3.14421e-09	-0.299452
3.14434e-09	-0.300546
3.14446e-09	-0.301639
3.14458e-09	-0.30273
3.1447e-09	-0.30382
3.14483e-09	-0.304908
3.14495e-09	-0.305995
3.14507e-09	-0.30708
3.14519e-09	-0.308164
3.14531e-09	-0.309246
3.14544e-09	-0.310327
3.14556e-09	-0.311406
3.14568e-09	-0.312484
3.1458e-09	-0.31356
3.14593e-09	-0.314635
3.14605e-09	-0.315708
3.14617e-09	-0.31678
3.14629e-09	-0.31785
3.14642e-09	-0.318918
3.14654e-09	-0.319986
3.14666e-09	-0.321051
3.14678e-09	-0.322115
3.1469e-09	-0.323178
3.14703e-09	-0.324239
3.14715e-09	-0.325298
3.14727e-09	-0.326356
3.14739e-09	-0.327412
3.14752e-09	-0.328467
3.14764e-09	-0.329521
3.14776e-09	-0.330572
3.14788e-09	-0.331622
3.148e-09	-0.332671
3.14813e-09	-0.333718
3.14825e-09	-0.334763
3.14837e-09	-0.335807
3.14849e-09	-0.336849
3.14862e-09	-0.33789
3.14874e-09	-0.338929
3.14886e-09	-0.339966
3.14898e-09	-0.341002
3.1491e-09	-0.342037
3.14923e-09	-0.343069
3.14935e-09	-0.3441
3.14947e-09	-0.34513
3.14959e-09	-0.346158
3.14972e-09	-0.347184
3.14984e-09	-0.348209
3.14996e-09	-0.349232
3.15008e-09	-0.350253
3.1502e-09	-0.351273
3.15033e-09	-0.352291
3.15045e-09	-0.353307
3.15057e-09	-0.354322
3.15069e-09	-0.355336
3.15082e-09	-0.356347
3.15094e-09	-0.357357
3.15106e-09	-0.358365
3.15118e-09	-0.359372
3.1513e-09	-0.360377
3.15143e-09	-0.36138
3.15155e-09	-0.362382
3.15167e-09	-0.363382
3.15179e-09	-0.36438
3.15192e-09	-0.365377
3.15204e-09	-0.366372
3.15216e-09	-0.367365
3.15228e-09	-0.368357
3.1524e-09	-0.369347
3.15253e-09	-0.370335
3.15265e-09	-0.371322
3.15277e-09	-0.372307
3.15289e-09	-0.37329
3.15302e-09	-0.374271
3.15314e-09	-0.375251
3.15326e-09	-0.376229
3.15338e-09	-0.377205
3.1535e-09	-0.37818
3.15363e-09	-0.379153
3.15375e-09	-0.380124
3.15387e-09	-0.381094
3.15399e-09	-0.382062
3.15412e-09	-0.383028
3.15424e-09	-0.383992
3.15436e-09	-0.384955
3.15448e-09	-0.385916
3.1546e-09	-0.386875
3.15473e-09	-0.387832
3.15485e-09	-0.388788
3.15497e-09	-0.389742
3.15509e-09	-0.390694
3.15522e-09	-0.391644
3.15534e-09	-0.392593
3.15546e-09	-0.39354
3.15558e-09	-0.394485
3.1557e-09	-0.395428
3.15583e-09	-0.39637
3.15595e-09	-0.39731
3.15607e-09	-0.398248
3.15619e-09	-0.399184
3.15632e-09	-0.400119
3.15644e-09	-0.401052
3.15656e-09	-0.401983
3.15668e-09	-0.402912
3.15681e-09	-0.403839
3.15693e-09	-0.404765
3.15705e-09	-0.405689
3.15717e-09	-0.406611
3.15729e-09	-0.407531
3.15742e-09	-0.408449
3.15754e-09	-0.409366
3.15766e-09	-0.410281
3.15778e-09	-0.411194
3.15791e-09	-0.412105
3.15803e-09	-0.413014
3.15815e-09	-0.413922
3.15827e-09	-0.414827
3.15839e-09	-0.415731
3.15852e-09	-0.416633
3.15864e-09	-0.417534
3.15876e-09	-0.418432
3.15888e-09	-0.419329
3.15901e-09	-0.420223
3.15913e-09	-0.421116
3.15925e-09	-0.422007
3.15937e-09	-0.422896
3.15949e-09	-0.423784
3.15962e-09	-0.424669
3.15974e-09	-0.425553
3.15986e-09	-0.426435
3.15998e-09	-0.427315
3.16011e-09	-0.428193
3.16023e-09	-0.429069
3.16035e-09	-0.429943
3.16047e-09	-0.430816
3.16059e-09	-0.431686
3.16072e-09	-0.432555
3.16084e-09	-0.433422
3.16096e-09	-0.434287
3.16108e-09	-0.43515
3.16121e-09	-0.436011
3.16133e-09	-0.436871
3.16145e-09	-0.437728
3.16157e-09	-0.438584
3.16169e-09	-0.439437
3.16182e-09	-0.440289
3.16194e-09	-0.441139
3.16206e-09	-0.441987
3.16218e-09	-0.442833
3.16231e-09	-0.443677
3.16243e-09	-0.44452
3.16255e-09	-0.44536
3.16267e-09	-0.446198
3.16279e-09	-0.447035
3.16292e-09	-0.447869
3.16304e-09	-0.448702
3.16316e-09	-0.449533
3.16328e-09	-0.450362
3.16341e-09	-0.451189
3.16353e-09	-0.452014
3.16365e-09	-0.452837
3.16377e-09	-0.453658
3.16389e-09	-0.454477
3.16402e-09	-0.455294
3.16414e-09	-0.456109
3.16426e-09	-0.456923
3.16438e-09	-0.457734
3.16451e-09	-0.458544
3.16463e-09	-0.459351
3.16475e-09	-0.460157
3.16487e-09	-0.46096
3.16499e-09	-0.461762
3.16512e-09	-0.462561
3.16524e-09	-0.463359
3.16536e-09	-0.464155
3.16548e-09	-0.464949
3.16561e-09	-0.46574
3.16573e-09	-0.46653
3.16585e-09	-0.467318
3.16597e-09	-0.468104
3.1661e-09	-0.468888
3.16622e-09	-0.46967
3.16634e-09	-0.47045
3.16646e-09	-0.471228
3.16658e-09	-0.472004
3.16671e-09	-0.472778
3.16683e-09	-0.47355
3.16695e-09	-0.47432
3.16707e-09	-0.475088
3.1672e-09	-0.475854
3.16732e-09	-0.476618
3.16744e-09	-0.47738
3.16756e-09	-0.47814
3.16768e-09	-0.478898
3.16781e-09	-0.479654
3.16793e-09	-0.480408
3.16805e-09	-0.48116
3.16817e-09	-0.48191
3.1683e-09	-0.482658
3.16842e-09	-0.483404
3.16854e-09	-0.484148
3.16866e-09	-0.48489
3.16878e-09	-0.485629
3.16891e-09	-0.486367
3.16903e-09	-0.487103
3.16915e-09	-0.487837
3.16927e-09	-0.488569
3.1694e-09	-0.489298
3.16952e-09	-0.490026
3.16964e-09	-0.490752
3.16976e-09	-0.491475
3.16988e-09	-0.492197
3.17001e-09	-0.492916
3.17013e-09	-0.493634
3.17025e-09	-0.494349
3.17037e-09	-0.495063
3.1705e-09	-0.495774
3.17062e-09	-0.496483
3.17074e-09	-0.49719
3.17086e-09	-0.497896
3.17098e-09	-0.498599
3.17111e-09	-0.4993
3.17123e-09	-0.499999
3.17135e-09	-0.500696
3.17147e-09	-0.501391
3.1716e-09	-0.502083
3.17172e-09	-0.502774
3.17184e-09	-0.503463
3.17196e-09	-0.504149
3.17208e-09	-0.504834
3.17221e-09	-0.505516
3.17233e-09	-0.506197
3.17245e-09	-0.506875
3.17257e-09	-0.507551
3.1727e-09	-0.508225
3.17282e-09	-0.508897
3.17294e-09	-0.509567
3.17306e-09	-0.510235
3.17318e-09	-0.510901
3.17331e-09	-0.511564
3.17343e-09	-0.512226
3.17355e-09	-0.512885
3.17367e-09	-0.513543
3.1738e-09	-0.514198
3.17392e-09	-0.514851
3.17404e-09	-0.515502
3.17416e-09	-0.516151
3.17428e-09	-0.516798
3.17441e-09	-0.517443
3.17453e-09	-0.518086
3.17465e-09	-0.518726
3.17477e-09	-0.519365
3.1749e-09	-0.520001
3.17502e-09	-0.520635
3.17514e-09	-0.521267
3.17526e-09	-0.521897
3.17538e-09	-0.522525
3.17551e-09	-0.523151
3.17563e-09	-0.523774
3.17575e-09	-0.524396
3.17587e-09	-0.525015
3.176e-09	-0.525632
3.17612e-09	-0.526248
3.17624e-09	-0.52686
3.17636e-09	-0.527471
3.17649e-09	-0.52808
3.17661e-09	-0.528687
3.17673e-09	-0.529291
3.17685e-09	-0.529893
3.17697e-09	-0.530493
3.1771e-09	-0.531091
3.17722e-09	-0.531687
3.17734e-09	-0.532281
3.17746e-09	-0.532873
3.17759e-09	-0.533462
3.17771e-09	-0.534049
3.17783e-09	-0.534635
3.17795e-09	-0.535218
3.17807e-09	-0.535798
3.1782e-09	-0.536377
3.17832e-09	-0.536954
3.17844e-09	-0.537528
3.17856e-09	-0.5381
3.17869e-09	-0.53867
3.17881e-09	-0.539238
3.17893e-09	-0.539804
3.17905e-09	-0.540368
3.17917e-09	-0.540929
3.1793e-09	-0.541488
3.17942e-09	-0.542045
3.17954e-09	-0.5426
3.17966e-09	-0.543153
3.17979e-09	-0.543704
3.17991e-09	-0.544252
3.18003e-09	-0.544798
3.18015e-09	-0.545342
3.18027e-09	-0.545884
3.1804e-09	-0.546424
3.18052e-09	-0.546962
3.18064e-09	-0.547497
3.18076e-09	-0.54803
3.18089e-09	-0.548561
3.18101e-09	-0.54909
3.18113e-09	-0.549617
3.18125e-09	-0.550141
3.18137e-09	-0.550663
3.1815e-09	-0.551183
3.18162e-09	-0.551701
3.18174e-09	-0.552217
3.18186e-09	-0.552731
3.18199e-09	-0.553242
3.18211e-09	-0.553751
3.18223e-09	-0.554258
3.18235e-09	-0.554763
3.18247e-09	-0.555265
3.1826e-09	-0.555766
3.18272e-09	-0.556264
3.18284e-09	-0.55676
3.18296e-09	-0.557254
3.18309e-09	-0.557745
3.18321e-09	-0.558235
3.18333e-09	-0.558722
3.18345e-09	-0.559207
3.18357e-09	-0.559689
3.1837e-09	-0.56017
3.18382e-09	-0.560648
3.18394e-09	-0.561125
3.18406e-09	-0.561598
3.18419e-09	-0.56207
3.18431e-09	-0.56254
3.18443e-09	-0.563007
3.18455e-09	-0.563472
3.18467e-09	-0.563935
3.1848e-09	-0.564396
3.18492e-09	-0.564854
3.18504e-09	-0.56531
3.18516e-09	-0.565764
3.18529e-09	-0.566216
3.18541e-09	-0.566666
3.18553e-09	-0.567113
3.18565e-09	-0.567558
3.18578e-09	-0.568001
3.1859e-09	-0.568442
3.18602e-09	-0.568881
3.18614e-09	-0.569317
3.18626e-09	-0.569751
3.18639e-09	-0.570183
3.18651e-09	-0.570612
3.18663e-09	-0.57104
3.18675e-09	-0.571465
3.18688e-09	-0.571888
3.187e-09	-0.572309
3.18712e-09	-0.572727
3.18724e-09	-0.573143
3.18736e-09	-0.573557
3.18749e-09	-0.573969
3.18761e-09	-0.574379
3.18773e-09	-0.574786
3.18785e-09	-0.575191
3.18798e-09	-0.575594
3.1881e-09	-0.575995
3.18822e-09	-0.576393
3.18834e-09	-0.576789
3.18846e-09	-0.577183
3.18859e-09	-0.577575
3.18871e-09	-0.577964
3.18883e-09	-0.578351
3.18895e-09	-0.578736
3.18908e-09	-0.579119
3.1892e-09	-0.5795
3.18932e-09	-0.579878
3.18944e-09	-0.580254
3.18956e-09	-0.580628
3.18969e-09	-0.580999
3.18981e-09	-0.581368
3.18993e-09	-0.581735
3.19005e-09	-0.5821
3.19018e-09	-0.582463
3.1903e-09	-0.582823
3.19042e-09	-0.583181
3.19054e-09	-0.583537
3.19066e-09	-0.583891
3.19079e-09	-0.584242
3.19091e-09	-0.584591
3.19103e-09	-0.584938
3.19115e-09	-0.585283
3.19128e-09	-0.585625
3.1914e-09	-0.585965
3.19152e-09	-0.586303
3.19164e-09	-0.586638
3.19176e-09	-0.586972
3.19189e-09	-0.587303
3.19201e-09	-0.587632
3.19213e-09	-0.587958
3.19225e-09	-0.588283
3.19238e-09	-0.588605
3.1925e-09	-0.588925
3.19262e-09	-0.589242
3.19274e-09	-0.589558
3.19286e-09	-0.589871
3.19299e-09	-0.590182
3.19311e-09	-0.59049
3.19323e-09	-0.590797
3.19335e-09	-0.591101
3.19348e-09	-0.591402
3.1936e-09	-0.591702
3.19372e-09	-0.591999
3.19384e-09	-0.592294
3.19396e-09	-0.592587
3.19409e-09	-0.592878
3.19421e-09	-0.593166
3.19433e-09	-0.593452
3.19445e-09	-0.593736
3.19458e-09	-0.594018
3.1947e-09	-0.594297
3.19482e-09	-0.594574
3.19494e-09	-0.594849
3.19506e-09	-0.595121
3.19519e-09	-0.595391
3.19531e-09	-0.595659
3.19543e-09	-0.595925
3.19555e-09	-0.596189
3.19568e-09	-0.59645
3.1958e-09	-0.596709
3.19592e-09	-0.596965
3.19604e-09	-0.59722
3.19617e-09	-0.597472
3.19629e-09	-0.597722
3.19641e-09	-0.59797
3.19653e-09	-0.598215
3.19665e-09	-0.598458
3.19678e-09	-0.598699
3.1969e-09	-0.598938
3.19702e-09	-0.599174
3.19714e-09	-0.599409
3.19727e-09	-0.59964
3.19739e-09	-0.59987
3.19751e-09	-0.600097
3.19763e-09	-0.600322
3.19775e-09	-0.600545
3.19788e-09	-0.600766
3.198e-09	-0.600984
3.19812e-09	-0.6012
3.19824e-09	-0.601414
3.19837e-09	-0.601626
3.19849e-09	-0.601835
3.19861e-09	-0.602042
3.19873e-09	-0.602247
3.19885e-09	-0.602449
3.19898e-09	-0.60265
3.1991e-09	-0.602848
3.19922e-09	-0.603043
3.19934e-09	-0.603237
3.19947e-09	-0.603428
3.19959e-09	-0.603617
3.19971e-09	-0.603804
3.19983e-09	-0.603988
3.19995e-09	-0.604171
3.20008e-09	-0.604351
3.2002e-09	-0.604528
3.20032e-09	-0.604704
3.20044e-09	-0.604877
3.20057e-09	-0.605048
3.20069e-09	-0.605217
3.20081e-09	-0.605383
3.20093e-09	-0.605547
3.20105e-09	-0.605709
3.20118e-09	-0.605869
3.2013e-09	-0.606026
3.20142e-09	-0.606181
3.20154e-09	-0.606334
3.20167e-09	-0.606485
3.20179e-09	-0.606633
3.20191e-09	-0.60678
3.20203e-09	-0.606923
3.20215e-09	-0.607065
3.20228e-09	-0.607205
3.2024e-09	-0.607342
3.20252e-09	-0.607477
3.20264e-09	-0.607609
3.20277e-09	-0.60774
3.20289e-09	-0.607868
3.20301e-09	-0.607994
3.20313e-09	-0.608117
3.20325e-09	-0.608239
3.20338e-09	-0.608358
3.2035e-09	-0.608475
3.20362e-09	-0.60859
3.20374e-09	-0.608702
3.20387e-09	-0.608812
3.20399e-09	-0.60892
3.20411e-09	-0.609026
3.20423e-09	-0.609129
3.20435e-09	-0.60923
3.20448e-09	-0.609329
3.2046e-09	-0.609426
3.20472e-09	-0.609521
3.20484e-09	-0.609613
3.20497e-09	-0.609703
3.20509e-09	-0.609791
3.20521e-09	-0.609876
3.20533e-09	-0.609959
3.20545e-09	-0.61004
3.20558e-09	-0.610119
3.2057e-09	-0.610196
3.20582e-09	-0.61027
3.20594e-09	-0.610342
3.20607e-09	-0.610412
3.20619e-09	-0.61048
3.20631e-09	-0.610545
3.20643e-09	-0.610608
3.20656e-09	-0.610669
3.20668e-09	-0.610728
3.2068e-09	-0.610784
3.20692e-09	-0.610838
3.20704e-09	-0.61089
3.20717e-09	-0.61094
3.20729e-09	-0.610988
3.20741e-09	-0.611033
3.20753e-09	-0.611076
3.20766e-09	-0.611117
3.20778e-09	-0.611155
3.2079e-09	-0.611192
3.20802e-09	-0.611226
3.20814e-09	-0.611258
3.20827e-09	-0.611288
3.20839e-09	-0.611315
3.20851e-09	-0.61134
3.20863e-09	-0.611363
3.20876e-09	-0.611384
3.20888e-09	-0.611403
3.209e-09	-0.611419
3.20912e-09	-0.611433
3.20924e-09	-0.611445
3.20937e-09	-0.611455
3.20949e-09	-0.611462
3.20961e-09	-0.611468
3.20973e-09	-0.611471
3.20986e-09	-0.611472
3.20998e-09	-0.61147
3.2101e-09	-0.611467
3.21022e-09	-0.611461
3.21034e-09	-0.611453
3.21047e-09	-0.611443
3.21059e-09	-0.61143
3.21071e-09	-0.611416
3.21083e-09	-0.611399
3.21096e-09	-0.61138
3.21108e-09	-0.611359
3.2112e-09	-0.611335
3.21132e-09	-0.61131
3.21144e-09	-0.611282
3.21157e-09	-0.611252
3.21169e-09	-0.61122
3.21181e-09	-0.611185
3.21193e-09	-0.611149
3.21206e-09	-0.61111
3.21218e-09	-0.611069
3.2123e-09	-0.611025
3.21242e-09	-0.61098
3.21254e-09	-0.610932
3.21267e-09	-0.610883
3.21279e-09	-0.610831
3.21291e-09	-0.610776
3.21303e-09	-0.61072
3.21316e-09	-0.610662
3.21328e-09	-0.610601
3.2134e-09	-0.610538
3.21352e-09	-0.610473
3.21364e-09	-0.610406
3.21377e-09	-0.610336
3.21389e-09	-0.610264
3.21401e-09	-0.610191
3.21413e-09	-0.610115
3.21426e-09	-0.610036
3.21438e-09	-0.609956
3.2145e-09	-0.609873
3.21462e-09	-0.609789
3.21474e-09	-0.609702
3.21487e-09	-0.609613
3.21499e-09	-0.609521
3.21511e-09	-0.609428
3.21523e-09	-0.609333
3.21536e-09	-0.609235
3.21548e-09	-0.609135
3.2156e-09	-0.609033
3.21572e-09	-0.608929
3.21585e-09	-0.608822
3.21597e-09	-0.608714
3.21609e-09	-0.608603
3.21621e-09	-0.60849
3.21633e-09	-0.608375
3.21646e-09	-0.608258
3.21658e-09	-0.608138
3.2167e-09	-0.608017
3.21682e-09	-0.607893
3.21695e-09	-0.607767
3.21707e-09	-0.607639
3.21719e-09	-0.607509
3.21731e-09	-0.607377
3.21743e-09	-0.607243
3.21756e-09	-0.607106
3.21768e-09	-0.606968
3.2178e-09	-0.606827
3.21792e-09	-0.606684
3.21805e-09	-0.606539
3.21817e-09	-0.606391
3.21829e-09	-0.606242
3.21841e-09	-0.60609
3.21853e-09	-0.605937
3.21866e-09	-0.605781
3.21878e-09	-0.605623
3.2189e-09	-0.605463
3.21902e-09	-0.605301
3.21915e-09	-0.605137
3.21927e-09	-0.60497
3.21939e-09	-0.604802
3.21951e-09	-0.604631
3.21963e-09	-0.604458
3.21976e-09	-0.604283
3.21988e-09	-0.604106
3.22e-09	-0.603927
3.22012e-09	-0.603746
3.22025e-09	-0.603563
3.22037e-09	-0.603377
3.22049e-09	-0.60319
3.22061e-09	-0.603
3.22073e-09	-0.602808
3.22086e-09	-0.602614
3.22098e-09	-0.602418
3.2211e-09	-0.60222
3.22122e-09	-0.60202
3.22135e-09	-0.601818
3.22147e-09	-0.601613
3.22159e-09	-0.601407
3.22171e-09	-0.601198
3.22183e-09	-0.600987
3.22196e-09	-0.600775
3.22208e-09	-0.60056
3.2222e-09	-0.600343
3.22232e-09	-0.600124
3.22245e-09	-0.599903
3.22257e-09	-0.599679
3.22269e-09	-0.599454
3.22281e-09	-0.599227
3.22293e-09	-0.598997
3.22306e-09	-0.598766
3.22318e-09	-0.598532
3.2233e-09	-0.598297
3.22342e-09	-0.598059
3.22355e-09	-0.597819
3.22367e-09	-0.597577
3.22379e-09	-0.597333
3.22391e-09	-0.597087
3.22403e-09	-0.596839
3.22416e-09	-0.596589
3.22428e-09	-0.596337
3.2244e-09	-0.596083
3.22452e-09	-0.595826
3.22465e-09	-0.595568
3.22477e-09	-0.595307
3.22489e-09	-0.595045
3.22501e-09	-0.594781
3.22513e-09	-0.594514
3.22526e-09	-0.594245
3.22538e-09	-0.593975
3.2255e-09	-0.593702
3.22562e-09	-0.593427
3.22575e-09	-0.593151
3.22587e-09	-0.592872
3.22599e-09	-0.592591
3.22611e-09	-0.592308
3.22624e-09	-0.592023
3.22636e-09	-0.591736
3.22648e-09	-0.591447
3.2266e-09	-0.591156
3.22672e-09	-0.590863
3.22685e-09	-0.590568
3.22697e-09	-0.590271
3.22709e-09	-0.589972
3.22721e-09	-0.589671
3.22734e-09	-0.589368
3.22746e-09	-0.589063
3.22758e-09	-0.588756
3.2277e-09	-0.588447
3.22782e-09	-0.588136
3.22795e-09	-0.587822
3.22807e-09	-0.587507
3.22819e-09	-0.58719
3.22831e-09	-0.586871
3.22844e-09	-0.58655
3.22856e-09	-0.586227
3.22868e-09	-0.585902
3.2288e-09	-0.585575
3.22892e-09	-0.585246
3.22905e-09	-0.584915
3.22917e-09	-0.584582
3.22929e-09	-0.584247
3.22941e-09	-0.58391
3.22954e-09	-0.583571
3.22966e-09	-0.58323
3.22978e-09	-0.582887
3.2299e-09	-0.582542
3.23002e-09	-0.582195
3.23015e-09	-0.581846
3.23027e-09	-0.581495
3.23039e-09	-0.581142
3.23051e-09	-0.580788
3.23064e-09	-0.580431
3.23076e-09	-0.580072
3.23088e-09	-0.579712
3.231e-09	-0.579349
3.23112e-09	-0.578985
3.23125e-09	-0.578618
3.23137e-09	-0.57825
3.23149e-09	-0.57788
3.23161e-09	-0.577507
3.23174e-09	-0.577133
3.23186e-09	-0.576757
3.23198e-09	-0.576379
3.2321e-09	-0.575999
3.23222e-09	-0.575617
3.23235e-09	-0.575233
3.23247e-09	-0.574847
3.23259e-09	-0.574459
3.23271e-09	-0.57407
3.23284e-09	-0.573678
3.23296e-09	-0.573285
3.23308e-09	-0.572889
3.2332e-09	-0.572492
3.23332e-09	-0.572093
3.23345e-09	-0.571691
3.23357e-09	-0.571288
3.23369e-09	-0.570883
3.23381e-09	-0.570477
3.23394e-09	-0.570068
3.23406e-09	-0.569657
3.23418e-09	-0.569245
3.2343e-09	-0.56883
3.23442e-09	-0.568414
3.23455e-09	-0.567996
3.23467e-09	-0.567575
3.23479e-09	-0.567153
3.23491e-09	-0.56673
3.23504e-09	-0.566304
3.23516e-09	-0.565876
3.23528e-09	-0.565447
3.2354e-09	-0.565015
3.23553e-09	-0.564582
3.23565e-09	-0.564147
3.23577e-09	-0.56371
3.23589e-09	-0.563271
3.23601e-09	-0.56283
3.23614e-09	-0.562388
3.23626e-09	-0.561943
3.23638e-09	-0.561497
3.2365e-09	-0.561049
3.23663e-09	-0.560599
3.23675e-09	-0.560147
3.23687e-09	-0.559694
3.23699e-09	-0.559238
3.23711e-09	-0.558781
3.23724e-09	-0.558322
3.23736e-09	-0.557861
3.23748e-09	-0.557398
3.2376e-09	-0.556933
3.23773e-09	-0.556467
3.23785e-09	-0.555998
3.23797e-09	-0.555528
3.23809e-09	-0.555056
3.23821e-09	-0.554582
3.23834e-09	-0.554107
3.23846e-09	-0.553629
3.23858e-09	-0.55315
3.2387e-09	-0.552669
3.23883e-09	-0.552186
3.23895e-09	-0.551702
3.23907e-09	-0.551215
3.23919e-09	-0.550727
3.23931e-09	-0.550237
3.23944e-09	-0.549745
3.23956e-09	-0.549252
3.23968e-09	-0.548756
3.2398e-09	-0.548259
3.23993e-09	-0.54776
3.24005e-09	-0.54726
3.24017e-09	-0.546757
3.24029e-09	-0.546253
3.24041e-09	-0.545747
3.24054e-09	-0.545239
3.24066e-09	-0.544729
3.24078e-09	-0.544218
3.2409e-09	-0.543705
3.24103e-09	-0.54319
3.24115e-09	-0.542674
3.24127e-09	-0.542155
3.24139e-09	-0.541635
3.24151e-09	-0.541113
3.24164e-09	-0.54059
3.24176e-09	-0.540064
3.24188e-09	-0.539537
3.242e-09	-0.539008
3.24213e-09	-0.538478
3.24225e-09	-0.537946
3.24237e-09	-0.537412
3.24249e-09	-0.536876
3.24261e-09	-0.536338
3.24274e-09	-0.535799
3.24286e-09	-0.535258
3.24298e-09	-0.534716
3.2431e-09	-0.534171
3.24323e-09	-0.533625
3.24335e-09	-0.533078
3.24347e-09	-0.532528
3.24359e-09	-0.531977
3.24371e-09	-0.531424
3.24384e-09	-0.53087
3.24396e-09	-0.530313
3.24408e-09	-0.529755
3.2442e-09	-0.529196
3.24433e-09	-0.528635
3.24445e-09	-0.528072
3.24457e-09	-0.527507
3.24469e-09	-0.526941
3.24481e-09	-0.526373
3.24494e-09	-0.525803
3.24506e-09	-0.525232
3.24518e-09	-0.524659
3.2453e-09	-0.524084
3.24543e-09	-0.523508
3.24555e-09	-0.522929
3.24567e-09	-0.52235
3.24579e-09	-0.521769
3.24592e-09	-0.521186
3.24604e-09	-0.520601
3.24616e-09	-0.520015
3.24628e-09	-0.519427
3.2464e-09	-0.518837
3.24653e-09	-0.518246
3.24665e-09	-0.517654
3.24677e-09	-0.517059
3.24689e-09	-0.516463
3.24702e-09	-0.515865
3.24714e-09	-0.515266
3.24726e-09	-0.514665
3.24738e-09	-0.514063
3.2475e-09	-0.513459
3.24763e-09	-0.512853
3.24775e-09	-0.512246
3.24787e-09	-0.511637
3.24799e-09	-0.511026
3.24812e-09	-0.510414
3.24824e-09	-0.5098
3.24836e-09	-0.509185
3.24848e-09	-0.508568
3.2486e-09	-0.50795
3.24873e-09	-0.50733
3.24885e-09	-0.506708
3.24897e-09	-0.506085
3.24909e-09	-0.50546
3.24922e-09	-0.504834
3.24934e-09	-0.504206
3.24946e-09	-0.503576
3.24958e-09	-0.502945
3.2497e-09	-0.502312
3.24983e-09	-0.501678
3.24995e-09	-0.501042
3.25007e-09	-0.500405
3.25019e-09	-0.499766
3.25032e-09	-0.499126
3.25044e-09	-0.498484
3.25056e-09	-0.497841
3.25068e-09	-0.497196
3.2508e-09	-0.496549
3.25093e-09	-0.495901
3.25105e-09	-0.495252
3.25117e-09	-0.494601
3.25129e-09	-0.493948
3.25142e-09	-0.493294
3.25154e-09	-0.492638
3.25166e-09	-0.491981
3.25178e-09	-0.491322
3.2519e-09	-0.490662
3.25203e-09	-0.490001
3.25215e-09	-0.489338
3.25227e-09	-0.488673
3.25239e-09	-0.488007
3.25252e-09	-0.487339
3.25264e-09	-0.48667
3.25276e-09	-0.485999
3.25288e-09	-0.485327
3.253e-09	-0.484654
3.25313e-09	-0.483979
3.25325e-09	-0.483302
3.25337e-09	-0.482624
3.25349e-09	-0.481945
3.25362e-09	-0.481264
3.25374e-09	-0.480582
3.25386e-09	-0.479898
3.25398e-09	-0.479213
3.2541e-09	-0.478526
3.25423e-09	-0.477838
3.25435e-09	-0.477148
3.25447e-09	-0.476457
3.25459e-09	-0.475765
3.25472e-09	-0.475071
3.25484e-09	-0.474376
3.25496e-09	-0.473679
3.25508e-09	-0.472981
3.25521e-09	-0.472281
3.25533e-09	-0.47158
3.25545e-09	-0.470878
3.25557e-09	-0.470174
3.25569e-09	-0.469469
3.25582e-09	-0.468762
3.25594e-09	-0.468054
3.25606e-09	-0.467345
3.25618e-09	-0.466634
3.25631e-09	-0.465922
3.25643e-09	-0.465208
3.25655e-09	-0.464493
3.25667e-09	-0.463777
3.25679e-09	-0.463059
3.25692e-09	-0.46234
3.25704e-09	-0.461619
3.25716e-09	-0.460897
3.25728e-09	-0.460174
3.25741e-09	-0.45945
3.25753e-09	-0.458724
3.25765e-09	-0.457996
3.25777e-09	-0.457268
3.25789e-09	-0.456538
3.25802e-09	-0.455806
3.25814e-09	-0.455074
3.25826e-09	-0.45434
3.25838e-09	-0.453604
3.25851e-09	-0.452868
3.25863e-09	-0.45213
3.25875e-09	-0.45139
3.25887e-09	-0.45065
3.25899e-09	-0.449908
3.25912e-09	-0.449164
3.25924e-09	-0.44842
3.25936e-09	-0.447674
3.25948e-09	-0.446927
3.25961e-09	-0.446178
3.25973e-09	-0.445428
3.25985e-09	-0.444677
3.25997e-09	-0.443925
3.26009e-09	-0.443171
3.26022e-09	-0.442416
3.26034e-09	-0.44166
3.26046e-09	-0.440902
3.26058e-09	-0.440143
3.26071e-09	-0.439383
3.26083e-09	-0.438622
3.26095e-09	-0.437859
3.26107e-09	-0.437095
3.26119e-09	-0.43633
3.26132e-09	-0.435564
3.26144e-09	-0.434796
3.26156e-09	-0.434027
3.26168e-09	-0.433257
3.26181e-09	-0.432486
3.26193e-09	-0.431713
3.26205e-09	-0.430939
3.26217e-09	-0.430164
3.26229e-09	-0.429388
3.26242e-09	-0.42861
3.26254e-09	-0.427831
3.26266e-09	-0.427051
3.26278e-09	-0.42627
3.26291e-09	-0.425488
3.26303e-09	-0.424704
3.26315e-09	-0.423919
3.26327e-09	-0.423133
3.26339e-09	-0.422346
3.26352e-09	-0.421557
3.26364e-09	-0.420768
3.26376e-09	-0.419977
3.26388e-09	-0.419185
3.26401e-09	-0.418392
3.26413e-09	-0.417598
3.26425e-09	-0.416802
3.26437e-09	-0.416005
3.26449e-09	-0.415207
3.26462e-09	-0.414408
3.26474e-09	-0.413608
3.26486e-09	-0.412807
3.26498e-09	-0.412004
3.26511e-09	-0.411201
3.26523e-09	-0.410396
3.26535e-09	-0.40959
3.26547e-09	-0.408783
3.2656e-09	-0.407975
3.26572e-09	-0.407165
3.26584e-09	-0.406355
3.26596e-09	-0.405543
3.26608e-09	-0.40473
3.26621e-09	-0.403917
3.26633e-09	-0.403102
3.26645e-09	-0.402286
3.26657e-09	-0.401468
3.2667e-09	-0.40065
3.26682e-09	-0.399831
3.26694e-09	-0.39901
3.26706e-09	-0.398189
3.26718e-09	-0.397366
3.26731e-09	-0.396542
3.26743e-09	-0.395717
3.26755e-09	-0.394891
3.26767e-09	-0.394064
3.2678e-09	-0.393236
3.26792e-09	-0.392407
3.26804e-09	-0.391577
3.26816e-09	-0.390746
3.26828e-09	-0.389913
3.26841e-09	-0.38908
3.26853e-09	-0.388246
3.26865e-09	-0.38741
3.26877e-09	-0.386574
3.2689e-09	-0.385736
3.26902e-09	-0.384897
3.26914e-09	-0.384058
3.26926e-09	-0.383217
3.26938e-09	-0.382375
3.26951e-09	-0.381533
3.26963e-09	-0.380689
3.26975e-09	-0.379844
3.26987e-09	-0.378998
3.27e-09	-0.378152
3.27012e-09	-0.377304
3.27024e-09	-0.376455
3.27036e-09	-0.375605
3.27048e-09	-0.374755
3.27061e-09	-0.373903
3.27073e-09	-0.37305
3.27085e-09	-0.372196
3.27097e-09	-0.371342
3.2711e-09	-0.370486
3.27122e-09	-0.369629
3.27134e-09	-0.368772
3.27146e-09	-0.367913
3.27158e-09	-0.367053
3.27171e-09	-0.366193
3.27183e-09	-0.365331
3.27195e-09	-0.364469
3.27207e-09	-0.363606
3.2722e-09	-0.362741
3.27232e-09	-0.361876
3.27244e-09	-0.36101
3.27256e-09	-0.360143
3.27268e-09	-0.359275
3.27281e-09	-0.358406
3.27293e-09	-0.357536
3.27305e-09	-0.356665
3.27317e-09	-0.355793
3.2733e-09	-0.35492
3.27342e-09	-0.354047
3.27354e-09	-0.353172
3.27366e-09	-0.352297
3.27378e-09	-0.351421
3.27391e-09	-0.350543
3.27403e-09	-0.349665
3.27415e-09	-0.348786
3.27427e-09	-0.347907
3.2744e-09	-0.347026
3.27452e-09	-0.346144
3.27464e-09	-0.345262
3.27476e-09	-0.344378
3.27489e-09	-0.343494
3.27501e-09	-0.342609
3.27513e-09	-0.341723
3.27525e-09	-0.340836
3.27537e-09	-0.339949
3.2755e-09	-0.33906
3.27562e-09	-0.338171
3.27574e-09	-0.337281
3.27586e-09	-0.33639
3.27599e-09	-0.335498
3.27611e-09	-0.334605
3.27623e-09	-0.333712
3.27635e-09	-0.332818
3.27647e-09	-0.331923
3.2766e-09	-0.331027
3.27672e-09	-0.33013
3.27684e-09	-0.329232
3.27696e-09	-0.328334
3.27709e-09	-0.327435
3.27721e-09	-0.326535
3.27733e-09	-0.325634
3.27745e-09	-0.324733
3.27757e-09	-0.32383
3.2777e-09	-0.322927
3.27782e-09	-0.322023
3.27794e-09	-0.321119
3.27806e-09	-0.320213
3.27819e-09	-0.319307
3.27831e-09	-0.3184
3.27843e-09	-0.317493
3.27855e-09	-0.316584
3.27867e-09	-0.315675
3.2788e-09	-0.314765
3.27892e-09	-0.313854
3.27904e-09	-0.312943
3.27916e-09	-0.312031
3.27929e-09	-0.311118
3.27941e-09	-0.310204
3.27953e-09	-0.30929
3.27965e-09	-0.308375
3.27977e-09	-0.307459
3.2799e-09	-0.306543
3.28002e-09	-0.305625
3.28014e-09	-0.304707
3.28026e-09	-0.303789
3.28039e-09	-0.30287
3.28051e-09	-0.30195
3.28063e-09	-0.301029
3.28075e-09	-0.300107
3.28087e-09	-0.299185
3.281e-09	-0.298263
3.28112e-09	-0.297339
3.28124e-09	-0.296415
3.28136e-09	-0.29549
3.28149e-09	-0.294565
3.28161e-09	-0.293639
3.28173e-09	-0.292712
3.28185e-09	-0.291784
3.28197e-09	-0.290856
3.2821e-09	-0.289928
3.28222e-09	-0.288998
3.28234e-09	-0.288068
3.28246e-09	-0.287138
3.28259e-09	-0.286206
3.28271e-09	-0.285275
3.28283e-09	-0.284342
3.28295e-09	-0.283409
3.28307e-09	-0.282475
3.2832e-09	-0.281541
3.28332e-09	-0.280606
3.28344e-09	-0.27967
3.28356e-09	-0.278734
3.28369e-09	-0.277797
3.28381e-09	-0.27686
3.28393e-09	-0.275922
3.28405e-09	-0.274983
3.28417e-09	-0.274044
3.2843e-09	-0.273104
3.28442e-09	-0.272164
3.28454e-09	-0.271223
3.28466e-09	-0.270282
3.28479e-09	-0.26934
3.28491e-09	-0.268397
3.28503e-09	-0.267454
3.28515e-09	-0.26651
3.28528e-09	-0.265566
3.2854e-09	-0.264621
3.28552e-09	-0.263676
3.28564e-09	-0.26273
3.28576e-09	-0.261784
3.28589e-09	-0.260837
3.28601e-09	-0.259889
3.28613e-09	-0.258941
3.28625e-09	-0.257993
3.28638e-09	-0.257044
3.2865e-09	-0.256094
3.28662e-09	-0.255144
3.28674e-09	-0.254194
3.28686e-09	-0.253242
3.28699e-09	-0.252291
3.28711e-09	-0.251339
3.28723e-09	-0.250386
3.28735e-09	-0.249433
3.28748e-09	-0.24848
3.2876e-09	-0.247526
3.28772e-09	-0.246571
3.28784e-09	-0.245616
3.28796e-09	-0.244661
3.28809e-09	-0.243705
3.28821e-09	-0.242749
3.28833e-09	-0.241792
3.28845e-09	-0.240835
3.28858e-09	-0.239877
3.2887e-09	-0.238919
3.28882e-09	-0.23796
3.28894e-09	-0.237001
3.28906e-09	-0.236042
3.28919e-09	-0.235082
3.28931e-09	-0.234122
3.28943e-09	-0.233161
3.28955e-09	-0.2322
3.28968e-09	-0.231238
3.2898e-09	-0.230276
3.28992e-09	-0.229314
3.29004e-09	-0.228351
3.29016e-09	-0.227388
3.29029e-09	-0.226424
3.29041e-09	-0.225461
3.29053e-09	-0.224496
3.29065e-09	-0.223531
3.29078e-09	-0.222566
3.2909e-09	-0.221601
3.29102e-09	-0.220635
3.29114e-09	-0.219669
3.29126e-09	-0.218702
3.29139e-09	-0.217735
3.29151e-09	-0.216768
3.29163e-09	-0.2158
3.29175e-09	-0.214832
3.29188e-09	-0.213864
3.292e-09	-0.212895
3.29212e-09	-0.211926
3.29224e-09	-0.210956
3.29236e-09	-0.209987
3.29249e-09	-0.209017
3.29261e-09	-0.208046
3.29273e-09	-0.207075
3.29285e-09	-0.206104
3.29298e-09	-0.205133
3.2931e-09	-0.204161
3.29322e-09	-0.203189
3.29334e-09	-0.202217
3.29346e-09	-0.201244
3.29359e-09	-0.200272
3.29371e-09	-0.199298
3.29383e-09	-0.198325
3.29395e-09	-0.197351
3.29408e-09	-0.196377
3.2942e-09	-0.195403
3.29432e-09	-0.194428
3.29444e-09	-0.193453
3.29457e-09	-0.192478
3.29469e-09	-0.191503
3.29481e-09	-0.190527
3.29493e-09	-0.189552
3.29505e-09	-0.188575
3.29518e-09	-0.187599
3.2953e-09	-0.186622
3.29542e-09	-0.185646
3.29554e-09	-0.184668
3.29567e-09	-0.183691
3.29579e-09	-0.182714
3.29591e-09	-0.181736
3.29603e-09	-0.180758
3.29615e-09	-0.179779
3.29628e-09	-0.178801
3.2964e-09	-0.177822
3.29652e-09	-0.176844
3.29664e-09	-0.175865
3.29677e-09	-0.174885
3.29689e-09	-0.173906
3.29701e-09	-0.172926
3.29713e-09	-0.171946
3.29725e-09	-0.170966
3.29738e-09	-0.169986
3.2975e-09	-0.169006
3.29762e-09	-0.168025
3.29774e-09	-0.167045
3.29787e-09	-0.166064
3.29799e-09	-0.165083
3.29811e-09	-0.164101
3.29823e-09	-0.16312
3.29835e-09	-0.162139
3.29848e-09	-0.161157
3.2986e-09	-0.160175
3.29872e-09	-0.159193
3.29884e-09	-0.158211
3.29897e-09	-0.157229
3.29909e-09	-0.156247
3.29921e-09	-0.155264
3.29933e-09	-0.154282
3.29945e-09	-0.153299
3.29958e-09	-0.152316
3.2997e-09	-0.151333
3.29982e-09	-0.15035
3.29994e-09	-0.149367
3.30007e-09	-0.148384
3.30019e-09	-0.147401
3.30031e-09	-0.146417
3.30043e-09	-0.145434
3.30055e-09	-0.14445
3.30068e-09	-0.143466
3.3008e-09	-0.142483
3.30092e-09	-0.141499
3.30104e-09	-0.140515
3.30117e-09	-0.139531
3.30129e-09	-0.138547
3.30141e-09	-0.137563
3.30153e-09	-0.136579
3.30165e-09	-0.135595
3.30178e-09	-0.134611
3.3019e-09	-0.133626
3.30202e-09	-0.132642
3.30214e-09	-0.131658
3.30227e-09	-0.130673
3.30239e-09	-0.129689
3.30251e-09	-0.128704
3.30263e-09	-0.12772
3.30275e-09	-0.126736
3.30288e-09	-0.125751
3.303e-09	-0.124767
3.30312e-09	-0.123782
3.30324e-09	-0.122798
3.30337e-09	-0.121813
3.30349e-09	-0.120829
3.30361e-09	-0.119844
3.30373e-09	-0.11886
3.30385e-09	-0.117875
3.30398e-09	-0.116891
3.3041e-09	-0.115906
3.30422e-09	-0.114922
3.30434e-09	-0.113938
3.30447e-09	-0.112953
3.30459e-09	-0.111969
3.30471e-09	-0.110985
3.30483e-09	-0.110001
3.30496e-09	-0.109016
3.30508e-09	-0.108032
3.3052e-09	-0.107048
3.30532e-09	-0.106064
3.30544e-09	-0.10508
3.30557e-09	-0.104096
3.30569e-09	-0.103113
3.30581e-09	-0.102129
3.30593e-09	-0.101145
3.30606e-09	-0.100162
3.30618e-09	-0.0991783
3.3063e-09	-0.0981949
3.30642e-09	-0.0972116
3.30654e-09	-0.0962284
3.30667e-09	-0.0952453
3.30679e-09	-0.0942623
3.30691e-09	-0.0932794
3.30703e-09	-0.0922966
3.30716e-09	-0.0913139
3.30728e-09	-0.0903314
3.3074e-09	-0.0893489
3.30752e-09	-0.0883666
3.30764e-09	-0.0873844
3.30777e-09	-0.0864024
3.30789e-09	-0.0854204
3.30801e-09	-0.0844387
3.30813e-09	-0.083457
3.30826e-09	-0.0824755
3.30838e-09	-0.0814942
3.3085e-09	-0.080513
3.30862e-09	-0.0795319
3.30874e-09	-0.078551
3.30887e-09	-0.0775703
3.30899e-09	-0.0765897
3.30911e-09	-0.0756094
3.30923e-09	-0.0746292
3.30936e-09	-0.0736491
3.30948e-09	-0.0726693
3.3096e-09	-0.0716896
3.30972e-09	-0.0707101
3.30984e-09	-0.0697308
3.30997e-09	-0.0687517
3.31009e-09	-0.0677728
3.31021e-09	-0.0667941
3.31033e-09	-0.0658156
3.31046e-09	-0.0648374
3.31058e-09	-0.0638593
3.3107e-09	-0.0628814
3.31082e-09	-0.0619038
3.31094e-09	-0.0609264
3.31107e-09	-0.0599492
3.31119e-09	-0.0589723
3.31131e-09	-0.0579956
3.31143e-09	-0.0570191
3.31156e-09	-0.0560428
3.31168e-09	-0.0550668
3.3118e-09	-0.0540911
3.31192e-09	-0.0531156
3.31204e-09	-0.0521403
3.31217e-09	-0.0511654
3.31229e-09	-0.0501906
3.31241e-09	-0.0492162
3.31253e-09	-0.048242
3.31266e-09	-0.0472681
3.31278e-09	-0.0462944
3.3129e-09	-0.0453211
3.31302e-09	-0.044348
3.31314e-09	-0.0433752
3.31327e-09	-0.0424027
3.31339e-09	-0.0414305
3.31351e-09	-0.0404586
3.31363e-09	-0.039487
3.31376e-09	-0.0385157
3.31388e-09	-0.0375447
3.314e-09	-0.036574
3.31412e-09	-0.0356036
3.31425e-09	-0.0346335
3.31437e-09	-0.0336638
3.31449e-09	-0.0326944
3.31461e-09	-0.0317253
3.31473e-09	-0.0307565
3.31486e-09	-0.0297881
3.31498e-09	-0.02882
3.3151e-09	-0.0278523
3.31522e-09	-0.0268849
3.31535e-09	-0.0259178
3.31547e-09	-0.0249511
3.31559e-09	-0.0239848
3.31571e-09	-0.0230188
3.31583e-09	-0.0220532
3.31596e-09	-0.0210879
3.31608e-09	-0.0201231
3.3162e-09	-0.0191585
3.31632e-09	-0.0181944
3.31645e-09	-0.0172306
3.31657e-09	-0.0162673
3.31669e-09	-0.0153043
3.31681e-09	-0.0143417
3.31693e-09	-0.0133795
3.31706e-09	-0.0124177
3.31718e-09	-0.0114562
3.3173e-09	-0.0104952
3.31742e-09	-0.00953463
3.31755e-09	-0.00857443
3.31767e-09	-0.00761465
3.31779e-09	-0.00665529
3.31791e-09	-0.00569634
3.31803e-09	-0.00473782
3.31816e-09	-0.00377973
3.31828e-09	-0.00282206
3.3184e-09	-0.00186483
3.31852e-09	-0.000908035
3.31865e-09	4.83207e-05
3.31877e-09	0.00100423
3.31889e-09	0.0019597
3.31901e-09	0.00291471
3.31913e-09	0.00386928
3.31926e-09	0.00482338
3.31938e-09	0.00577703
3.3195e-09	0.00673021
3.31962e-09	0.00768293
3.31975e-09	0.00863517
3.31987e-09	0.00958694
3.31999e-09	0.0105382
3.32011e-09	0.0114891
3.32023e-09	0.0124394
3.32036e-09	0.0133892
3.32048e-09	0.0143386
3.3206e-09	0.0152875
3.32072e-09	0.0162358
3.32085e-09	0.0171837
3.32097e-09	0.0181311
3.32109e-09	0.0190779
3.32121e-09	0.0200243
3.32133e-09	0.0209701
3.32146e-09	0.0219154
3.32158e-09	0.0228602
3.3217e-09	0.0238045
3.32182e-09	0.0247483
3.32195e-09	0.0256915
3.32207e-09	0.0266342
3.32219e-09	0.0275763
3.32231e-09	0.0285179
3.32243e-09	0.029459
3.32256e-09	0.0303995
3.32268e-09	0.0313395
3.3228e-09	0.0322789
3.32292e-09	0.0332178
3.32305e-09	0.0341561
3.32317e-09	0.0350939
3.32329e-09	0.0360311
3.32341e-09	0.0369677
3.32353e-09	0.0379037
3.32366e-09	0.0388392
3.32378e-09	0.0397741
3.3239e-09	0.0407084
3.32402e-09	0.0416422
3.32415e-09	0.0425753
3.32427e-09	0.0435079
3.32439e-09	0.0444398
3.32451e-09	0.0453712
3.32464e-09	0.046302
3.32476e-09	0.0472321
3.32488e-09	0.0481617
3.325e-09	0.0490906
3.32512e-09	0.050019
3.32525e-09	0.0509467
3.32537e-09	0.0518738
3.32549e-09	0.0528002
3.32561e-09	0.0537261
3.32574e-09	0.0546513
3.32586e-09	0.0555759
3.32598e-09	0.0564999
3.3261e-09	0.0574232
3.32622e-09	0.0583459
3.32635e-09	0.0592679
3.32647e-09	0.0601893
3.32659e-09	0.06111
3.32671e-09	0.0620301
3.32684e-09	0.0629495
3.32696e-09	0.0638683
3.32708e-09	0.0647864
3.3272e-09	0.0657038
3.32732e-09	0.0666206
3.32745e-09	0.0675367
3.32757e-09	0.0684521
3.32769e-09	0.0693669
3.32781e-09	0.0702809
3.32794e-09	0.0711943
3.32806e-09	0.072107
3.32818e-09	0.073019
3.3283e-09	0.0739303
3.32842e-09	0.0748409
3.32855e-09	0.0757508
3.32867e-09	0.07666
3.32879e-09	0.0775685
3.32891e-09	0.0784763
3.32904e-09	0.0793834
3.32916e-09	0.0802898
3.32928e-09	0.0811954
3.3294e-09	0.0821003
3.32952e-09	0.0830046
3.32965e-09	0.083908
3.32977e-09	0.0848108
3.32989e-09	0.0857128
3.33001e-09	0.0866141
3.33014e-09	0.0875146
3.33026e-09	0.0884144
3.33038e-09	0.0893134
3.3305e-09	0.0902117
3.33062e-09	0.0911093
3.33075e-09	0.0920061
3.33087e-09	0.0929021
3.33099e-09	0.0937974
3.33111e-09	0.0946919
3.33124e-09	0.0955857
3.33136e-09	0.0964787
3.33148e-09	0.0973709
3.3316e-09	0.0982623
3.33172e-09	0.099153
3.33185e-09	0.100043
3.33197e-09	0.100932
3.33209e-09	0.10182
3.33221e-09	0.102708
3.33234e-09	0.103595
3.33246e-09	0.10448
3.33258e-09	0.105366
3.3327e-09	0.10625
3.33282e-09	0.107133
3.33295e-09	0.108016
3.33307e-09	0.108898
3.33319e-09	0.109779
3.33331e-09	0.110659
3.33344e-09	0.111539
3.33356e-09	0.112418
3.33368e-09	0.113295
3.3338e-09	0.114172
3.33393e-09	0.115049
3.33405e-09	0.115924
3.33417e-09	0.116798
3.33429e-09	0.117672
3.33441e-09	0.118545
3.33454e-09	0.119417
3.33466e-09	0.120288
3.33478e-09	0.121158
3.3349e-09	0.122028
3.33503e-09	0.122896
3.33515e-09	0.123764
3.33527e-09	0.124631
3.33539e-09	0.125497
3.33551e-09	0.126362
3.33564e-09	0.127226
3.33576e-09	0.128089
3.33588e-09	0.128952
3.336e-09	0.129813
3.33613e-09	0.130674
3.33625e-09	0.131534
3.33637e-09	0.132393
3.33649e-09	0.133251
3.33661e-09	0.134108
3.33674e-09	0.134965
3.33686e-09	0.13582
3.33698e-09	0.136674
3.3371e-09	0.137528
3.33723e-09	0.138381
3.33735e-09	0.139233
3.33747e-09	0.140083
3.33759e-09	0.140933
3.33771e-09	0.141782
3.33784e-09	0.14263
3.33796e-09	0.143478
3.33808e-09	0.144324
3.3382e-09	0.145169
3.33833e-09	0.146014
3.33845e-09	0.146857
3.33857e-09	0.1477
3.33869e-09	0.148541
3.33881e-09	0.149382
3.33894e-09	0.150222
3.33906e-09	0.15106
3.33918e-09	0.151898
3.3393e-09	0.152735
3.33943e-09	0.153571
3.33955e-09	0.154406
3.33967e-09	0.15524
3.33979e-09	0.156073
3.33991e-09	0.156905
3.34004e-09	0.157736
3.34016e-09	0.158566
3.34028e-09	0.159396
3.3404e-09	0.160224
3.34053e-09	0.161051
3.34065e-09	0.161877
3.34077e-09	0.162702
3.34089e-09	0.163527
3.34101e-09	0.16435
3.34114e-09	0.165172
3.34126e-09	0.165993
3.34138e-09	0.166814
3.3415e-09	0.167633
3.34163e-09	0.168451
3.34175e-09	0.169269
3.34187e-09	0.170085
3.34199e-09	0.1709
3.34211e-09	0.171714
3.34224e-09	0.172528
3.34236e-09	0.17334
3.34248e-09	0.174151
3.3426e-09	0.174961
3.34273e-09	0.17577
3.34285e-09	0.176579
3.34297e-09	0.177386
3.34309e-09	0.178192
3.34321e-09	0.178997
3.34334e-09	0.179801
3.34346e-09	0.180604
3.34358e-09	0.181406
3.3437e-09	0.182207
3.34383e-09	0.183006
3.34395e-09	0.183805
3.34407e-09	0.184603
3.34419e-09	0.1854
3.34432e-09	0.186195
3.34444e-09	0.18699
3.34456e-09	0.187783
3.34468e-09	0.188576
3.3448e-09	0.189367
3.34493e-09	0.190157
3.34505e-09	0.190947
3.34517e-09	0.191735
3.34529e-09	0.192522
3.34542e-09	0.193308
3.34554e-09	0.194093
3.34566e-09	0.194877
3.34578e-09	0.195659
3.3459e-09	0.196441
3.34603e-09	0.197222
3.34615e-09	0.198001
3.34627e-09	0.198779
3.34639e-09	0.199557
3.34652e-09	0.200333
3.34664e-09	0.201108
3.34676e-09	0.201882
3.34688e-09	0.202655
3.347e-09	0.203427
3.34713e-09	0.204197
3.34725e-09	0.204967
3.34737e-09	0.205735
3.34749e-09	0.206502
3.34762e-09	0.207269
3.34774e-09	0.208034
3.34786e-09	0.208798
3.34798e-09	0.20956
3.3481e-09	0.210322
3.34823e-09	0.211083
3.34835e-09	0.211842
3.34847e-09	0.2126
3.34859e-09	0.213357
3.34872e-09	0.214113
3.34884e-09	0.214868
3.34896e-09	0.215622
3.34908e-09	0.216375
3.3492e-09	0.217126
3.34933e-09	0.217876
3.34945e-09	0.218625
3.34957e-09	0.219373
3.34969e-09	0.22012
3.34982e-09	0.220866
3.34994e-09	0.22161
3.35006e-09	0.222353
3.35018e-09	0.223095
3.3503e-09	0.223836
3.35043e-09	0.224576
3.35055e-09	0.225315
3.35067e-09	0.226052
3.35079e-09	0.226788
3.35092e-09	0.227523
3.35104e-09	0.228257
3.35116e-09	0.22899
3.35128e-09	0.229721
3.3514e-09	0.230452
3.35153e-09	0.231181
3.35165e-09	0.231909
3.35177e-09	0.232636
3.35189e-09	0.233361
3.35202e-09	0.234085
3.35214e-09	0.234809
3.35226e-09	0.23553
3.35238e-09	0.236251
3.3525e-09	0.236971
3.35263e-09	0.237689
3.35275e-09	0.238406
3.35287e-09	0.239122
3.35299e-09	0.239836
3.35312e-09	0.24055
3.35324e-09	0.241262
3.35336e-09	0.241973
3.35348e-09	0.242683
3.3536e-09	0.243391
3.35373e-09	0.244099
3.35385e-09	0.244805
3.35397e-09	0.24551
3.35409e-09	0.246213
3.35422e-09	0.246915
3.35434e-09	0.247617
3.35446e-09	0.248316
3.35458e-09	0.249015
3.35471e-09	0.249712
3.35483e-09	0.250409
3.35495e-09	0.251104
3.35507e-09	0.251797
3.35519e-09	0.25249
3.35532e-09	0.253181
3.35544e-09	0.25387
3.35556e-09	0.254559
3.35568e-09	0.255246
3.35581e-09	0.255933
3.35593e-09	0.256617
3.35605e-09	0.257301
3.35617e-09	0.257983
3.35629e-09	0.258664
3.35642e-09	0.259344
3.35654e-09	0.260022
3.35666e-09	0.2607
3.35678e-09	0.261375
3.35691e-09	0.26205
3.35703e-09	0.262723
3.35715e-09	0.263395
3.35727e-09	0.264066
3.35739e-09	0.264736
3.35752e-09	0.265404
3.35764e-09	0.266071
3.35776e-09	0.266736
3.35788e-09	0.267401
3.35801e-09	0.268064
3.35813e-09	0.268725
3.35825e-09	0.269386
3.35837e-09	0.270045
3.35849e-09	0.270703
3.35862e-09	0.271359
3.35874e-09	0.272014
3.35886e-09	0.272668
3.35898e-09	0.273321
3.35911e-09	0.273972
3.35923e-09	0.274622
3.35935e-09	0.27527
3.35947e-09	0.275918
3.35959e-09	0.276564
3.35972e-09	0.277208
3.35984e-09	0.277852
3.35996e-09	0.278494
3.36008e-09	0.279134
3.36021e-09	0.279774
3.36033e-09	0.280412
3.36045e-09	0.281048
3.36057e-09	0.281684
3.36069e-09	0.282318
3.36082e-09	0.28295
3.36094e-09	0.283582
3.36106e-09	0.284212
3.36118e-09	0.28484
3.36131e-09	0.285468
3.36143e-09	0.286094
3.36155e-09	0.286718
3.36167e-09	0.287341
3.36179e-09	0.287963
3.36192e-09	0.288584
3.36204e-09	0.289203
3.36216e-09	0.289821
3.36228e-09	0.290437
3.36241e-09	0.291052
3.36253e-09	0.291666
3.36265e-09	0.292278
3.36277e-09	0.29289
3.36289e-09	0.293499
3.36302e-09	0.294107
3.36314e-09	0.294714
3.36326e-09	0.29532
3.36338e-09	0.295924
3.36351e-09	0.296527
3.36363e-09	0.297128
3.36375e-09	0.297728
3.36387e-09	0.298327
3.364e-09	0.298924
3.36412e-09	0.29952
3.36424e-09	0.300115
3.36436e-09	0.300708
3.36448e-09	0.301299
3.36461e-09	0.30189
3.36473e-09	0.302479
3.36485e-09	0.303066
3.36497e-09	0.303653
3.3651e-09	0.304237
3.36522e-09	0.304821
3.36534e-09	0.305403
3.36546e-09	0.305983
3.36558e-09	0.306562
3.36571e-09	0.30714
3.36583e-09	0.307717
3.36595e-09	0.308292
3.36607e-09	0.308865
3.3662e-09	0.309437
3.36632e-09	0.310008
3.36644e-09	0.310577
3.36656e-09	0.311145
3.36668e-09	0.311712
3.36681e-09	0.312277
3.36693e-09	0.312841
3.36705e-09	0.313403
3.36717e-09	0.313964
3.3673e-09	0.314523
3.36742e-09	0.315081
3.36754e-09	0.315638
3.36766e-09	0.316193
3.36778e-09	0.316747
3.36791e-09	0.317299
3.36803e-09	0.31785
3.36815e-09	0.318399
3.36827e-09	0.318947
3.3684e-09	0.319494
3.36852e-09	0.320039
3.36864e-09	0.320583
3.36876e-09	0.321125
3.36888e-09	0.321666
3.36901e-09	0.322205
3.36913e-09	0.322743
3.36925e-09	0.32328
3.36937e-09	0.323815
3.3695e-09	0.324348
3.36962e-09	0.324881
3.36974e-09	0.325411
3.36986e-09	0.325941
3.36998e-09	0.326468
3.37011e-09	0.326995
3.37023e-09	0.32752
3.37035e-09	0.328043
3.37047e-09	0.328565
3.3706e-09	0.329086
3.37072e-09	0.329605
3.37084e-09	0.330123
3.37096e-09	0.330639
3.37108e-09	0.331154
3.37121e-09	0.331667
3.37133e-09	0.332179
3.37145e-09	0.332689
3.37157e-09	0.333198
3.3717e-09	0.333705
3.37182e-09	0.334211
3.37194e-09	0.334716
3.37206e-09	0.335219
3.37218e-09	0.33572
3.37231e-09	0.33622
3.37243e-09	0.336719
3.37255e-09	0.337216
3.37267e-09	0.337712
3.3728e-09	0.338206
3.37292e-09	0.338698
3.37304e-09	0.33919
3.37316e-09	0.339679
3.37328e-09	0.340168
3.37341e-09	0.340654
3.37353e-09	0.34114
3.37365e-09	0.341623
3.37377e-09	0.342106
3.3739e-09	0.342587
3.37402e-09	0.343066
3.37414e-09	0.343544
3.37426e-09	0.34402
3.37439e-09	0.344495
3.37451e-09	0.344968
3.37463e-09	0.34544
3.37475e-09	0.345911
3.37487e-09	0.34638
3.375e-09	0.346847
3.37512e-09	0.347313
3.37524e-09	0.347777
3.37536e-09	0.34824
3.37549e-09	0.348702
3.37561e-09	0.349161
3.37573e-09	0.34962
3.37585e-09	0.350077
3.37597e-09	0.350532
3.3761e-09	0.350986
3.37622e-09	0.351438
3.37634e-09	0.351889
3.37646e-09	0.352339
3.37659e-09	0.352787
3.37671e-09	0.353233
3.37683e-09	0.353678
3.37695e-09	0.354121
3.37707e-09	0.354563
3.3772e-09	0.355003
3.37732e-09	0.355442
3.37744e-09	0.355879
3.37756e-09	0.356315
3.37769e-09	0.356749
3.37781e-09	0.357182
3.37793e-09	0.357613
3.37805e-09	0.358043
3.37817e-09	0.358471
3.3783e-09	0.358898
3.37842e-09	0.359323
3.37854e-09	0.359746
3.37866e-09	0.360169
3.37879e-09	0.360589
3.37891e-09	0.361008
3.37903e-09	0.361426
3.37915e-09	0.361842
3.37927e-09	0.362256
3.3794e-09	0.362669
3.37952e-09	0.36308
3.37964e-09	0.36349
3.37976e-09	0.363899
3.37989e-09	0.364305
3.38001e-09	0.364711
3.38013e-09	0.365114
3.38025e-09	0.365517
3.38037e-09	0.365917
3.3805e-09	0.366317
3.38062e-09	0.366714
3.38074e-09	0.36711
3.38086e-09	0.367505
3.38099e-09	0.367898
3.38111e-09	0.368289
3.38123e-09	0.368679
3.38135e-09	0.369067
3.38147e-09	0.369454
3.3816e-09	0.36984
3.38172e-09	0.370223
3.38184e-09	0.370606
3.38196e-09	0.370986
3.38209e-09	0.371365
3.38221e-09	0.371743
3.38233e-09	0.372119
3.38245e-09	0.372494
3.38257e-09	0.372866
3.3827e-09	0.373238
3.38282e-09	0.373608
3.38294e-09	0.373976
3.38306e-09	0.374343
3.38319e-09	0.374708
3.38331e-09	0.375072
3.38343e-09	0.375434
3.38355e-09	0.375794
3.38368e-09	0.376153
3.3838e-09	0.376511
3.38392e-09	0.376867
3.38404e-09	0.377221
3.38416e-09	0.377574
3.38429e-09	0.377925
3.38441e-09	0.378275
3.38453e-09	0.378623
3.38465e-09	0.37897
3.38478e-09	0.379315
3.3849e-09	0.379658
3.38502e-09	0.38
3.38514e-09	0.38034
3.38526e-09	0.380679
3.38539e-09	0.381016
3.38551e-09	0.381352
3.38563e-09	0.381686
3.38575e-09	0.382019
3.38588e-09	0.38235
3.386e-09	0.382679
3.38612e-09	0.383007
3.38624e-09	0.383333
3.38636e-09	0.383658
3.38649e-09	0.383981
3.38661e-09	0.384303
3.38673e-09	0.384623
3.38685e-09	0.384941
3.38698e-09	0.385258
3.3871e-09	0.385574
3.38722e-09	0.385887
3.38734e-09	0.3862
3.38746e-09	0.38651
3.38759e-09	0.386819
3.38771e-09	0.387127
3.38783e-09	0.387433
3.38795e-09	0.387737
3.38808e-09	0.38804
3.3882e-09	0.388341
3.38832e-09	0.388641
3.38844e-09	0.388939
3.38856e-09	0.389236
3.38869e-09	0.389531
3.38881e-09	0.389824
3.38893e-09	0.390116
3.38905e-09	0.390406
3.38918e-09	0.390695
3.3893e-09	0.390982
3.38942e-09	0.391268
3.38954e-09	0.391552
3.38966e-09	0.391834
3.38979e-09	0.392115
3.38991e-09	0.392394
3.39003e-09	0.392672
3.39015e-09	0.392948
3.39028e-09	0.393223
3.3904e-09	0.393496
3.39052e-09	0.393767
3.39064e-09	0.394037
3.39076e-09	0.394305
3.39089e-09	0.394572
3.39101e-09	0.394837
3.39113e-09	0.395101
3.39125e-09	0.395363
3.39138e-09	0.395623
3.3915e-09	0.395882
3.39162e-09	0.396139
3.39174e-09	0.396395
3.39186e-09	0.396649
3.39199e-09	0.396901
3.39211e-09	0.397152
3.39223e-09	0.397402
3.39235e-09	0.39765
3.39248e-09	0.397896
3.3926e-09	0.39814
3.39272e-09	0.398383
3.39284e-09	0.398625
3.39296e-09	0.398865
3.39309e-09	0.399103
3.39321e-09	0.39934
3.39333e-09	0.399575
3.39345e-09	0.399809
3.39358e-09	0.400041
3.3937e-09	0.400271
3.39382e-09	0.4005
3.39394e-09	0.400727
3.39407e-09	0.400953
3.39419e-09	0.401177
3.39431e-09	0.4014
3.39443e-09	0.401621
3.39455e-09	0.40184
3.39468e-09	0.402058
3.3948e-09	0.402274
3.39492e-09	0.402489
3.39504e-09	0.402702
3.39517e-09	0.402914
3.39529e-09	0.403124
3.39541e-09	0.403332
3.39553e-09	0.403539
3.39565e-09	0.403744
3.39578e-09	0.403948
3.3959e-09	0.40415
3.39602e-09	0.40435
3.39614e-09	0.404549
3.39627e-09	0.404747
3.39639e-09	0.404942
3.39651e-09	0.405136
3.39663e-09	0.405329
3.39675e-09	0.40552
3.39688e-09	0.40571
3.397e-09	0.405897
3.39712e-09	0.406084
3.39724e-09	0.406268
3.39737e-09	0.406452
3.39749e-09	0.406633
3.39761e-09	0.406813
3.39773e-09	0.406992
3.39785e-09	0.407168
3.39798e-09	0.407344
3.3981e-09	0.407517
3.39822e-09	0.40769
3.39834e-09	0.40786
3.39847e-09	0.408029
3.39859e-09	0.408196
3.39871e-09	0.408362
3.39883e-09	0.408526
3.39895e-09	0.408689
3.39908e-09	0.40885
3.3992e-09	0.40901
3.39932e-09	0.409168
3.39944e-09	0.409324
3.39957e-09	0.409479
3.39969e-09	0.409632
3.39981e-09	0.409784
3.39993e-09	0.409934
3.40005e-09	0.410082
3.40018e-09	0.410229
3.4003e-09	0.410375
3.40042e-09	0.410519
3.40054e-09	0.410661
3.40067e-09	0.410801
3.40079e-09	0.41094
3.40091e-09	0.411078
3.40103e-09	0.411214
3.40115e-09	0.411348
3.40128e-09	0.411481
3.4014e-09	0.411612
3.40152e-09	0.411742
3.40164e-09	0.41187
3.40177e-09	0.411997
3.40189e-09	0.412122
3.40201e-09	0.412245
3.40213e-09	0.412367
3.40225e-09	0.412487
3.40238e-09	0.412606
3.4025e-09	0.412723
3.40262e-09	0.412839
3.40274e-09	0.412953
3.40287e-09	0.413065
3.40299e-09	0.413176
3.40311e-09	0.413285
3.40323e-09	0.413393
3.40336e-09	0.413499
3.40348e-09	0.413604
3.4036e-09	0.413707
3.40372e-09	0.413808
3.40384e-09	0.413908
3.40397e-09	0.414007
3.40409e-09	0.414103
3.40421e-09	0.414199
3.40433e-09	0.414292
3.40446e-09	0.414384
3.40458e-09	0.414475
3.4047e-09	0.414564
3.40482e-09	0.414651
3.40494e-09	0.414737
3.40507e-09	0.414822
3.40519e-09	0.414905
3.40531e-09	0.414986
3.40543e-09	0.415065
3.40556e-09	0.415144
3.40568e-09	0.41522
3.4058e-09	0.415295
3.40592e-09	0.415369
3.40604e-09	0.41544
3.40617e-09	0.415511
3.40629e-09	0.41558
3.40641e-09	0.415647
3.40653e-09	0.415713
3.40666e-09	0.415777
3.40678e-09	0.415839
3.4069e-09	0.4159
3.40702e-09	0.41596
3.40714e-09	0.416018
3.40727e-09	0.416074
3.40739e-09	0.416129
3.40751e-09	0.416182
3.40763e-09	0.416234
3.40776e-09	0.416284
3.40788e-09	0.416333
3.408e-09	0.41638
3.40812e-09	0.416426
3.40824e-09	0.41647
3.40837e-09	0.416512
3.40849e-09	0.416553
3.40861e-09	0.416593
3.40873e-09	0.416631
3.40886e-09	0.416667
3.40898e-09	0.416702
3.4091e-09	0.416735
3.40922e-09	0.416767
3.40934e-09	0.416797
3.40947e-09	0.416826
3.40959e-09	0.416853
3.40971e-09	0.416878
3.40983e-09	0.416902
3.40996e-09	0.416925
3.41008e-09	0.416946
3.4102e-09	0.416965
3.41032e-09	0.416983
3.41044e-09	0.416999
3.41057e-09	0.417014
3.41069e-09	0.417028
3.41081e-09	0.417039
3.41093e-09	0.41705
3.41106e-09	0.417059
3.41118e-09	0.417066
3.4113e-09	0.417071
3.41142e-09	0.417076
3.41154e-09	0.417078
3.41167e-09	0.417079
3.41179e-09	0.417079
3.41191e-09	0.417077
3.41203e-09	0.417074
3.41216e-09	0.417069
3.41228e-09	0.417062
3.4124e-09	0.417054
3.41252e-09	0.417045
3.41264e-09	0.417034
3.41277e-09	0.417021
3.41289e-09	0.417007
3.41301e-09	0.416991
3.41313e-09	0.416974
3.41326e-09	0.416956
3.41338e-09	0.416936
3.4135e-09	0.416914
3.41362e-09	0.416891
3.41375e-09	0.416866
3.41387e-09	0.41684
3.41399e-09	0.416813
3.41411e-09	0.416783
3.41423e-09	0.416753
3.41436e-09	0.416721
3.41448e-09	0.416687
3.4146e-09	0.416652
3.41472e-09	0.416615
3.41485e-09	0.416577
3.41497e-09	0.416537
3.41509e-09	0.416496
3.41521e-09	0.416453
3.41533e-09	0.416409
3.41546e-09	0.416363
3.41558e-09	0.416316
3.4157e-09	0.416268
3.41582e-09	0.416217
3.41595e-09	0.416166
3.41607e-09	0.416113
3.41619e-09	0.416058
3.41631e-09	0.416002
3.41643e-09	0.415944
3.41656e-09	0.415885
3.41668e-09	0.415825
3.4168e-09	0.415763
3.41692e-09	0.415699
3.41705e-09	0.415634
3.41717e-09	0.415568
3.41729e-09	0.4155
3.41741e-09	0.41543
3.41753e-09	0.415359
3.41766e-09	0.415287
3.41778e-09	0.415213
3.4179e-09	0.415137
3.41802e-09	0.415061
3.41815e-09	0.414982
3.41827e-09	0.414902
3.41839e-09	0.414821
3.41851e-09	0.414738
3.41863e-09	0.414654
3.41876e-09	0.414569
3.41888e-09	0.414481
3.419e-09	0.414393
3.41912e-09	0.414303
3.41925e-09	0.414211
3.41937e-09	0.414118
3.41949e-09	0.414024
3.41961e-09	0.413928
3.41973e-09	0.41383
3.41986e-09	0.413731
3.41998e-09	0.413631
3.4201e-09	0.413529
3.42022e-09	0.413426
3.42035e-09	0.413321
3.42047e-09	0.413215
3.42059e-09	0.413108
3.42071e-09	0.412999
3.42083e-09	0.412888
3.42096e-09	0.412776
3.42108e-09	0.412663
3.4212e-09	0.412548
3.42132e-09	0.412432
3.42145e-09	0.412314
3.42157e-09	0.412195
3.42169e-09	0.412074
3.42181e-09	0.411952
3.42193e-09	0.411829
3.42206e-09	0.411704
3.42218e-09	0.411578
3.4223e-09	0.41145
3.42242e-09	0.411321
3.42255e-09	0.41119
3.42267e-09	0.411058
3.42279e-09	0.410924
3.42291e-09	0.410789
3.42304e-09	0.410653
3.42316e-09	0.410515
3.42328e-09	0.410376
3.4234e-09	0.410235
3.42352e-09	0.410093
3.42365e-09	0.40995
3.42377e-09	0.409805
3.42389e-09	0.409659
3.42401e-09	0.409511
3.42414e-09	0.409362
3.42426e-09	0.409211
3.42438e-09	0.409059
3.4245e-09	0.408906
3.42462e-09	0.408751
3.42475e-09	0.408595
3.42487e-09	0.408437
3.42499e-09	0.408278
3.42511e-09	0.408118
3.42524e-09	0.407956
3.42536e-09	0.407792
3.42548e-09	0.407628
3.4256e-09	0.407462
3.42572e-09	0.407294
3.42585e-09	0.407125
3.42597e-09	0.406955
3.42609e-09	0.406784
3.42621e-09	0.40661
3.42634e-09	0.406436
3.42646e-09	0.40626
3.42658e-09	0.406083
3.4267e-09	0.405904
3.42682e-09	0.405724
3.42695e-09	0.405543
3.42707e-09	0.40536
3.42719e-09	0.405176
3.42731e-09	0.404991
3.42744e-09	0.404804
3.42756e-09	0.404616
3.42768e-09	0.404426
3.4278e-09	0.404235
3.42792e-09	0.404042
3.42805e-09	0.403849
3.42817e-09	0.403654
3.42829e-09	0.403457
3.42841e-09	0.403259
3.42854e-09	0.40306
3.42866e-09	0.402859
3.42878e-09	0.402657
3.4289e-09	0.402454
3.42902e-09	0.402249
3.42915e-09	0.402043
3.42927e-09	0.401836
3.42939e-09	0.401627
3.42951e-09	0.401417
3.42964e-09	0.401206
3.42976e-09	0.400993
3.42988e-09	0.400779
3.43e-09	0.400563
3.43012e-09	0.400346
3.43025e-09	0.400128
3.43037e-09	0.399908
3.43049e-09	0.399687
3.43061e-09	0.399465
3.43074e-09	0.399242
3.43086e-09	0.399017
3.43098e-09	0.39879
3.4311e-09	0.398563
3.43122e-09	0.398334
3.43135e-09	0.398104
3.43147e-09	0.397872
3.43159e-09	0.397639
3.43171e-09	0.397405
3.43184e-09	0.397169
3.43196e-09	0.396932
3.43208e-09	0.396694
3.4322e-09	0.396455
3.43232e-09	0.396214
3.43245e-09	0.395972
3.43257e-09	0.395728
3.43269e-09	0.395483
3.43281e-09	0.395237
3.43294e-09	0.39499
3.43306e-09	0.394741
3.43318e-09	0.394491
3.4333e-09	0.39424
3.43343e-09	0.393987
3.43355e-09	0.393733
3.43367e-09	0.393478
3.43379e-09	0.393221
3.43391e-09	0.392963
3.43404e-09	0.392704
3.43416e-09	0.392444
3.43428e-09	0.392182
3.4344e-09	0.391919
3.43453e-09	0.391655
3.43465e-09	0.391389
3.43477e-09	0.391122
3.43489e-09	0.390854
3.43501e-09	0.390585
3.43514e-09	0.390314
3.43526e-09	0.390042
3.43538e-09	0.389769
3.4355e-09	0.389494
3.43563e-09	0.389218
3.43575e-09	0.388941
3.43587e-09	0.388663
3.43599e-09	0.388383
3.43611e-09	0.388102
3.43624e-09	0.38782
3.43636e-09	0.387536
3.43648e-09	0.387252
3.4366e-09	0.386966
3.43673e-09	0.386678
3.43685e-09	0.38639
3.43697e-09	0.3861
3.43709e-09	0.385809
3.43721e-09	0.385517
3.43734e-09	0.385223
3.43746e-09	0.384929
3.43758e-09	0.384633
3.4377e-09	0.384335
3.43783e-09	0.384037
3.43795e-09	0.383737
3.43807e-09	0.383436
3.43819e-09	0.383134
3.43831e-09	0.38283
3.43844e-09	0.382526
3.43856e-09	0.38222
3.43868e-09	0.381913
3.4388e-09	0.381604
3.43893e-09	0.381295
3.43905e-09	0.380984
3.43917e-09	0.380672
3.43929e-09	0.380359
3.43941e-09	0.380044
3.43954e-09	0.379728
3.43966e-09	0.379411
3.43978e-09	0.379093
3.4399e-09	0.378774
3.44003e-09	0.378453
3.44015e-09	0.378132
3.44027e-09	0.377809
3.44039e-09	0.377484
3.44051e-09	0.377159
3.44064e-09	0.376832
3.44076e-09	0.376505
3.44088e-09	0.376176
3.441e-09	0.375846
3.44113e-09	0.375514
3.44125e-09	0.375182
3.44137e-09	0.374848
3.44149e-09	0.374513
3.44161e-09	0.374177
3.44174e-09	0.373839
3.44186e-09	0.373501
3.44198e-09	0.373161
3.4421e-09	0.37282
3.44223e-09	0.372478
3.44235e-09	0.372135
3.44247e-09	0.371791
3.44259e-09	0.371445
3.44272e-09	0.371099
3.44284e-09	0.370751
3.44296e-09	0.370402
3.44308e-09	0.370051
3.4432e-09	0.3697
3.44333e-09	0.369347
3.44345e-09	0.368994
3.44357e-09	0.368639
3.44369e-09	0.368283
3.44382e-09	0.367926
3.44394e-09	0.367567
3.44406e-09	0.367208
3.44418e-09	0.366847
3.4443e-09	0.366486
3.44443e-09	0.366123
3.44455e-09	0.365759
3.44467e-09	0.365394
3.44479e-09	0.365027
3.44492e-09	0.36466
3.44504e-09	0.364291
3.44516e-09	0.363922
3.44528e-09	0.363551
3.4454e-09	0.363179
3.44553e-09	0.362806
3.44565e-09	0.362432
3.44577e-09	0.362056
3.44589e-09	0.36168
3.44602e-09	0.361302
3.44614e-09	0.360924
3.44626e-09	0.360544
3.44638e-09	0.360163
3.4465e-09	0.359781
3.44663e-09	0.359398
3.44675e-09	0.359014
3.44687e-09	0.358628
3.44699e-09	0.358242
3.44712e-09	0.357854
3.44724e-09	0.357466
3.44736e-09	0.357076
3.44748e-09	0.356685
3.4476e-09	0.356293
3.44773e-09	0.3559
3.44785e-09	0.355506
3.44797e-09	0.355111
3.44809e-09	0.354715
3.44822e-09	0.354318
3.44834e-09	0.353919
3.44846e-09	0.35352
3.44858e-09	0.353119
3.4487e-09	0.352718
3.44883e-09	0.352315
3.44895e-09	0.351911
3.44907e-09	0.351507
3.44919e-09	0.351101
3.44932e-09	0.350694
3.44944e-09	0.350286
3.44956e-09	0.349877
3.44968e-09	0.349467
3.4498e-09	0.349056
3.44993e-09	0.348643
3.45005e-09	0.34823
3.45017e-09	0.347816
3.45029e-09	0.347401
3.45042e-09	0.346984
3.45054e-09	0.346567
3.45066e-09	0.346148
3.45078e-09	0.345729
3.4509e-09	0.345308
3.45103e-09	0.344887
3.45115e-09	0.344464
3.45127e-09	0.344041
3.45139e-09	0.343616
3.45152e-09	0.34319
3.45164e-09	0.342764
3.45176e-09	0.342336
3.45188e-09	0.341907
3.452e-09	0.341478
3.45213e-09	0.341047
3.45225e-09	0.340615
3.45237e-09	0.340182
3.45249e-09	0.339749
3.45262e-09	0.339314
3.45274e-09	0.338878
3.45286e-09	0.338441
3.45298e-09	0.338004
3.45311e-09	0.337565
3.45323e-09	0.337125
3.45335e-09	0.336685
3.45347e-09	0.336243
3.45359e-09	0.3358
3.45372e-09	0.335356
3.45384e-09	0.334912
3.45396e-09	0.334466
3.45408e-09	0.33402
3.45421e-09	0.333572
3.45433e-09	0.333123
3.45445e-09	0.332674
3.45457e-09	0.332223
3.45469e-09	0.331772
3.45482e-09	0.331319
3.45494e-09	0.330866
3.45506e-09	0.330412
3.45518e-09	0.329956
3.45531e-09	0.3295
3.45543e-09	0.329043
3.45555e-09	0.328585
3.45567e-09	0.328126
3.45579e-09	0.327665
3.45592e-09	0.327204
3.45604e-09	0.326743
3.45616e-09	0.32628
3.45628e-09	0.325816
3.45641e-09	0.325351
3.45653e-09	0.324885
3.45665e-09	0.324419
3.45677e-09	0.323951
3.45689e-09	0.323483
3.45702e-09	0.323013
3.45714e-09	0.322543
3.45726e-09	0.322072
3.45738e-09	0.3216
3.45751e-09	0.321126
3.45763e-09	0.320652
3.45775e-09	0.320178
3.45787e-09	0.319702
3.45799e-09	0.319225
3.45812e-09	0.318747
3.45824e-09	0.318269
3.45836e-09	0.31779
3.45848e-09	0.317309
3.45861e-09	0.316828
3.45873e-09	0.316346
3.45885e-09	0.315863
3.45897e-09	0.315379
3.45909e-09	0.314894
3.45922e-09	0.314409
3.45934e-09	0.313922
3.45946e-09	0.313435
3.45958e-09	0.312946
3.45971e-09	0.312457
3.45983e-09	0.311967
3.45995e-09	0.311476
3.46007e-09	0.310985
3.46019e-09	0.310492
3.46032e-09	0.309999
3.46044e-09	0.309504
3.46056e-09	0.309009
3.46068e-09	0.308513
3.46081e-09	0.308016
3.46093e-09	0.307518
3.46105e-09	0.30702
3.46117e-09	0.30652
3.46129e-09	0.30602
3.46142e-09	0.305519
3.46154e-09	0.305017
3.46166e-09	0.304514
3.46178e-09	0.30401
3.46191e-09	0.303506
3.46203e-09	0.303001
3.46215e-09	0.302495
3.46227e-09	0.301988
3.4624e-09	0.30148
3.46252e-09	0.300971
3.46264e-09	0.300462
3.46276e-09	0.299952
3.46288e-09	0.299441
3.46301e-09	0.298929
3.46313e-09	0.298416
3.46325e-09	0.297903
3.46337e-09	0.297388
3.4635e-09	0.296873
3.46362e-09	0.296357
3.46374e-09	0.295841
3.46386e-09	0.295323
3.46398e-09	0.294805
3.46411e-09	0.294286
3.46423e-09	0.293766
3.46435e-09	0.293246
3.46447e-09	0.292724
3.4646e-09	0.292202
3.46472e-09	0.291679
3.46484e-09	0.291155
3.46496e-09	0.290631
3.46508e-09	0.290106
3.46521e-09	0.28958
3.46533e-09	0.289053
3.46545e-09	0.288525
3.46557e-09	0.287997
3.4657e-09	0.287468
3.46582e-09	0.286938
3.46594e-09	0.286407
3.46606e-09	0.285876
3.46618e-09	0.285344
3.46631e-09	0.284811
3.46643e-09	0.284277
3.46655e-09	0.283743
3.46667e-09	0.283208
3.4668e-09	0.282672
3.46692e-09	0.282136
3.46704e-09	0.281599
3.46716e-09	0.281061
3.46728e-09	0.280522
3.46741e-09	0.279982
3.46753e-09	0.279442
3.46765e-09	0.278901
3.46777e-09	0.27836
3.4679e-09	0.277817
3.46802e-09	0.277274
3.46814e-09	0.276731
3.46826e-09	0.276186
3.46838e-09	0.275641
3.46851e-09	0.275095
3.46863e-09	0.274549
3.46875e-09	0.274001
3.46887e-09	0.273453
3.469e-09	0.272905
3.46912e-09	0.272355
3.46924e-09	0.271805
3.46936e-09	0.271255
3.46948e-09	0.270703
3.46961e-09	0.270151
3.46973e-09	0.269599
3.46985e-09	0.269045
3.46997e-09	0.268491
3.4701e-09	0.267936
3.47022e-09	0.267381
3.47034e-09	0.266825
3.47046e-09	0.266268
3.47058e-09	0.26571
3.47071e-09	0.265152
3.47083e-09	0.264594
3.47095e-09	0.264034
3.47107e-09	0.263474
3.4712e-09	0.262913
3.47132e-09	0.262352
3.47144e-09	0.26179
3.47156e-09	0.261228
3.47168e-09	0.260664
3.47181e-09	0.2601
3.47193e-09	0.259536
3.47205e-09	0.258971
3.47217e-09	0.258405
3.4723e-09	0.257838
3.47242e-09	0.257271
3.47254e-09	0.256704
3.47266e-09	0.256135
3.47279e-09	0.255566
3.47291e-09	0.254997
3.47303e-09	0.254427
3.47315e-09	0.253856
3.47327e-09	0.253285
3.4734e-09	0.252713
3.47352e-09	0.25214
3.47364e-09	0.251567
3.47376e-09	0.250993
3.47389e-09	0.250419
3.47401e-09	0.249844
3.47413e-09	0.249268
3.47425e-09	0.248692
3.47437e-09	0.248116
3.4745e-09	0.247538
3.47462e-09	0.24696
3.47474e-09	0.246382
3.47486e-09	0.245803
3.47499e-09	0.245223
3.47511e-09	0.244643
3.47523e-09	0.244062
3.47535e-09	0.243481
3.47547e-09	0.242899
3.4756e-09	0.242317
3.47572e-09	0.241734
3.47584e-09	0.24115
3.47596e-09	0.240566
3.47609e-09	0.239982
3.47621e-09	0.239396
3.47633e-09	0.238811
3.47645e-09	0.238224
3.47657e-09	0.237638
3.4767e-09	0.23705
3.47682e-09	0.236462
3.47694e-09	0.235874
3.47706e-09	0.235285
3.47719e-09	0.234696
3.47731e-09	0.234106
3.47743e-09	0.233515
3.47755e-09	0.232924
3.47767e-09	0.232332
3.4778e-09	0.23174
3.47792e-09	0.231148
3.47804e-09	0.230555
3.47816e-09	0.229961
3.47829e-09	0.229367
3.47841e-09	0.228772
3.47853e-09	0.228177
3.47865e-09	0.227582
3.47877e-09	0.226985
3.4789e-09	0.226389
3.47902e-09	0.225792
3.47914e-09	0.225194
3.47926e-09	0.224596
3.47939e-09	0.223998
3.47951e-09	0.223399
3.47963e-09	0.222799
3.47975e-09	0.222199
3.47987e-09	0.221599
3.48e-09	0.220998
3.48012e-09	0.220396
3.48024e-09	0.219794
3.48036e-09	0.219192
3.48049e-09	0.218589
3.48061e-09	0.217986
3.48073e-09	0.217382
3.48085e-09	0.216778
3.48097e-09	0.216174
3.4811e-09	0.215569
3.48122e-09	0.214963
3.48134e-09	0.214357
3.48146e-09	0.213751
3.48159e-09	0.213144
3.48171e-09	0.212537
3.48183e-09	0.211929
3.48195e-09	0.211321
3.48207e-09	0.210713
3.4822e-09	0.210104
3.48232e-09	0.209494
3.48244e-09	0.208884
3.48256e-09	0.208274
3.48269e-09	0.207664
3.48281e-09	0.207053
3.48293e-09	0.206441
3.48305e-09	0.205829
3.48318e-09	0.205217
3.4833e-09	0.204604
3.48342e-09	0.203991
3.48354e-09	0.203378
3.48366e-09	0.202764
3.48379e-09	0.20215
3.48391e-09	0.201535
3.48403e-09	0.20092
3.48415e-09	0.200305
3.48428e-09	0.199689
3.4844e-09	0.199073
3.48452e-09	0.198456
3.48464e-09	0.197839
3.48476e-09	0.197222
3.48489e-09	0.196604
3.48501e-09	0.195986
3.48513e-09	0.195368
3.48525e-09	0.194749
3.48538e-09	0.19413
3.4855e-09	0.19351
3.48562e-09	0.192891
3.48574e-09	0.19227
3.48586e-09	0.19165
3.48599e-09	0.191029
3.48611e-09	0.190408
3.48623e-09	0.189786
3.48635e-09	0.189164
3.48648e-09	0.188542
3.4866e-09	0.187919
3.48672e-09	0.187297
3.48684e-09	0.186673
3.48696e-09	0.18605
3.48709e-09	0.185426
3.48721e-09	0.184802
3.48733e-09	0.184177
3.48745e-09	0.183552
3.48758e-09	0.182927
3.4877e-09	0.182302
3.48782e-09	0.181676
3.48794e-09	0.18105
3.48806e-09	0.180423
3.48819e-09	0.179797
3.48831e-09	0.17917
3.48843e-09	0.178543
3.48855e-09	0.177915
3.48868e-09	0.177287
3.4888e-09	0.176659
3.48892e-09	0.17603
3.48904e-09	0.175402
3.48916e-09	0.174773
3.48929e-09	0.174143
3.48941e-09	0.173514
3.48953e-09	0.172884
3.48965e-09	0.172254
3.48978e-09	0.171624
3.4899e-09	0.170993
3.49002e-09	0.170362
3.49014e-09	0.169731
3.49026e-09	0.169099
3.49039e-09	0.168468
3.49051e-09	0.167836
3.49063e-09	0.167204
3.49075e-09	0.166571
3.49088e-09	0.165938
3.491e-09	0.165305
3.49112e-09	0.164672
3.49124e-09	0.164039
3.49136e-09	0.163405
3.49149e-09	0.162771
3.49161e-09	0.162137
3.49173e-09	0.161503
3.49185e-09	0.160868
3.49198e-09	0.160234
3.4921e-09	0.159598
3.49222e-09	0.158963
3.49234e-09	0.158328
3.49247e-09	0.157692
3.49259e-09	0.157056
3.49271e-09	0.15642
3.49283e-09	0.155784
3.49295e-09	0.155147
3.49308e-09	0.154511
3.4932e-09	0.153874
3.49332e-09	0.153237
3.49344e-09	0.152599
3.49357e-09	0.151962
3.49369e-09	0.151324
3.49381e-09	0.150686
3.49393e-09	0.150048
3.49405e-09	0.14941
3.49418e-09	0.148772
3.4943e-09	0.148133
3.49442e-09	0.147494
3.49454e-09	0.146856
3.49467e-09	0.146216
3.49479e-09	0.145577
3.49491e-09	0.144938
3.49503e-09	0.144298
3.49515e-09	0.143658
3.49528e-09	0.143019
3.4954e-09	0.142379
3.49552e-09	0.141738
3.49564e-09	0.141098
3.49577e-09	0.140457
3.49589e-09	0.139817
3.49601e-09	0.139176
3.49613e-09	0.138535
3.49625e-09	0.137894
3.49638e-09	0.137253
3.4965e-09	0.136612
3.49662e-09	0.13597
3.49674e-09	0.135329
3.49687e-09	0.134687
3.49699e-09	0.134045
3.49711e-09	0.133403
3.49723e-09	0.132761
3.49735e-09	0.132119
3.49748e-09	0.131477
3.4976e-09	0.130834
3.49772e-09	0.130192
3.49784e-09	0.129549
3.49797e-09	0.128906
3.49809e-09	0.128263
3.49821e-09	0.127621
3.49833e-09	0.126978
3.49845e-09	0.126334
3.49858e-09	0.125691
3.4987e-09	0.125048
3.49882e-09	0.124405
3.49894e-09	0.123761
3.49907e-09	0.123118
3.49919e-09	0.122474
3.49931e-09	0.12183
3.49943e-09	0.121187
3.49955e-09	0.120543
3.49968e-09	0.119899
3.4998e-09	0.119255
3.49992e-09	0.118611
3.50004e-09	0.117967
3.50017e-09	0.117323
3.50029e-09	0.116679
3.50041e-09	0.116034
3.50053e-09	0.11539
3.50065e-09	0.114746
3.50078e-09	0.114101
3.5009e-09	0.113457
3.50102e-09	0.112812
3.50114e-09	0.112168
3.50127e-09	0.111523
3.50139e-09	0.110879
3.50151e-09	0.110234
3.50163e-09	0.10959
3.50175e-09	0.108945
3.50188e-09	0.1083
3.502e-09	0.107655
3.50212e-09	0.107011
3.50224e-09	0.106366
3.50237e-09	0.105721
3.50249e-09	0.105076
3.50261e-09	0.104432
3.50273e-09	0.103787
3.50286e-09	0.103142
3.50298e-09	0.102497
3.5031e-09	0.101853
3.50322e-09	0.101208
3.50334e-09	0.100563
3.50347e-09	0.0999181
3.50359e-09	0.0992734
3.50371e-09	0.0986286
3.50383e-09	0.0979839
3.50396e-09	0.0973392
3.50408e-09	0.0966944
3.5042e-09	0.0960498
3.50432e-09	0.0954051
3.50444e-09	0.0947605
3.50457e-09	0.0941159
3.50469e-09	0.0934713
3.50481e-09	0.0928267
3.50493e-09	0.0921822
3.50506e-09	0.0915378
3.50518e-09	0.0908934
3.5053e-09	0.090249
3.50542e-09	0.0896046
3.50554e-09	0.0889604
3.50567e-09	0.0883161
3.50579e-09	0.0876719
3.50591e-09	0.0870278
3.50603e-09	0.0863837
3.50616e-09	0.0857397
3.50628e-09	0.0850958
3.5064e-09	0.0844519
3.50652e-09	0.0838081
3.50664e-09	0.0831643
3.50677e-09	0.0825207
3.50689e-09	0.0818771
3.50701e-09	0.0812335
3.50713e-09	0.0805901
3.50726e-09	0.0799467
3.50738e-09	0.0793035
3.5075e-09	0.0786603
3.50762e-09	0.0780172
3.50774e-09	0.0773742
3.50787e-09	0.0767312
3.50799e-09	0.0760884
3.50811e-09	0.0754457
3.50823e-09	0.0748031
3.50836e-09	0.0741605
3.50848e-09	0.0735181
3.5086e-09	0.0728758
3.50872e-09	0.0722336
3.50884e-09	0.0715915
3.50897e-09	0.0709495
3.50909e-09	0.0703077
3.50921e-09	0.0696659
3.50933e-09	0.0690243
3.50946e-09	0.0683828
3.50958e-09	0.0677415
3.5097e-09	0.0671002
3.50982e-09	0.0664591
3.50994e-09	0.0658181
3.51007e-09	0.0651773
3.51019e-09	0.0645366
3.51031e-09	0.063896
3.51043e-09	0.0632556
3.51056e-09	0.0626153
3.51068e-09	0.0619752
3.5108e-09	0.0613352
3.51092e-09	0.0606954
3.51104e-09	0.0600557
3.51117e-09	0.0594162
3.51129e-09	0.0587768
3.51141e-09	0.0581376
3.51153e-09	0.0574986
3.51166e-09	0.0568597
3.51178e-09	0.056221
3.5119e-09	0.0555825
3.51202e-09	0.0549441
3.51215e-09	0.0543059
3.51227e-09	0.0536679
3.51239e-09	0.05303
3.51251e-09	0.0523924
3.51263e-09	0.0517549
3.51276e-09	0.0511176
3.51288e-09	0.0504805
3.513e-09	0.0498436
3.51312e-09	0.0492069
3.51325e-09	0.0485704
3.51337e-09	0.0479341
3.51349e-09	0.047298
3.51361e-09	0.046662
3.51373e-09	0.0460263
3.51386e-09	0.0453908
3.51398e-09	0.0447555
3.5141e-09	0.0441204
3.51422e-09	0.0434856
3.51435e-09	0.0428509
3.51447e-09	0.0422164
3.51459e-09	0.0415822
3.51471e-09	0.0409482
3.51483e-09	0.0403144
3.51496e-09	0.0396809
3.51508e-09	0.0390476
3.5152e-09	0.0384145
3.51532e-09	0.0377816
3.51545e-09	0.037149
3.51557e-09	0.0365166
3.51569e-09	0.0358845
3.51581e-09	0.0352525
3.51593e-09	0.0346209
3.51606e-09	0.0339895
3.51618e-09	0.0333583
3.5163e-09	0.0327274
3.51642e-09	0.0320967
3.51655e-09	0.0314663
3.51667e-09	0.0308362
3.51679e-09	0.0302063
3.51691e-09	0.0295767
3.51703e-09	0.0289473
3.51716e-09	0.0283182
3.51728e-09	0.0276894
3.5174e-09	0.0270608
3.51752e-09	0.0264325
3.51765e-09	0.0258045
3.51777e-09	0.0251768
3.51789e-09	0.0245494
3.51801e-09	0.0239222
3.51813e-09	0.0232953
3.51826e-09	0.0226687
3.51838e-09	0.0220424
3.5185e-09	0.0214164
3.51862e-09	0.0207906
3.51875e-09	0.0201652
3.51887e-09	0.0195401
3.51899e-09	0.0189152
3.51911e-09	0.0182907
3.51923e-09	0.0176665
3.51936e-09	0.0170425
3.51948e-09	0.0164189
3.5196e-09	0.0157956
3.51972e-09	0.0151726
3.51985e-09	0.0145499
3.51997e-09	0.0139276
3.52009e-09	0.0133055
3.52021e-09	0.0126838
3.52033e-09	0.0120624
3.52046e-09	0.0114413
3.52058e-09	0.0108206
3.5207e-09	0.0102001
3.52082e-09	0.00958004
3.52095e-09	0.00896029
3.52107e-09	0.00834086
3.52119e-09	0.00772178
3.52131e-09	0.00710303
3.52143e-09	0.00648463
3.52156e-09	0.00586657
3.52168e-09	0.00524886
3.5218e-09	0.00463149
3.52192e-09	0.00401448
3.52205e-09	0.00339782
3.52217e-09	0.00278151
3.52229e-09	0.00216556
3.52241e-09	0.00154997
3.52254e-09	0.000934738
3.52266e-09	0.00031987
3.52278e-09	-0.000294633
3.5229e-09	-0.000908769
3.52302e-09	-0.00152254
3.52315e-09	-0.00213593
3.52327e-09	-0.00274895
3.52339e-09	-0.0033616
3.52351e-09	-0.00397387
3.52364e-09	-0.00458576
3.52376e-09	-0.00519726
3.52388e-09	-0.00580839
3.524e-09	-0.00641913
3.52412e-09	-0.00702948
3.52425e-09	-0.00763944
3.52437e-09	-0.00824901
3.52449e-09	-0.00885818
3.52461e-09	-0.00946696
3.52474e-09	-0.0100753
3.52486e-09	-0.0106833
3.52498e-09	-0.0112909
3.5251e-09	-0.0118981
3.52522e-09	-0.0125048
3.52535e-09	-0.0131112
3.52547e-09	-0.0137171
3.52559e-09	-0.0143227
3.52571e-09	-0.0149278
3.52584e-09	-0.0155325
3.52596e-09	-0.0161368
3.52608e-09	-0.0167407
3.5262e-09	-0.0173441
3.52632e-09	-0.0179471
3.52645e-09	-0.0185497
3.52657e-09	-0.0191519
3.52669e-09	-0.0197536
3.52681e-09	-0.0203549
3.52694e-09	-0.0209558
3.52706e-09	-0.0215562
3.52718e-09	-0.0221562
3.5273e-09	-0.0227558
3.52742e-09	-0.0233549
3.52755e-09	-0.0239535
3.52767e-09	-0.0245518
3.52779e-09	-0.0251495
3.52791e-09	-0.0257469
3.52804e-09	-0.0263437
3.52816e-09	-0.0269401
3.52828e-09	-0.0275361
3.5284e-09	-0.0281316
3.52852e-09	-0.0287266
3.52865e-09	-0.0293212
3.52877e-09	-0.0299153
3.52889e-09	-0.030509
3.52901e-09	-0.0311022
3.52914e-09	-0.0316949
3.52926e-09	-0.0322871
3.52938e-09	-0.0328789
3.5295e-09	-0.0334702
3.52962e-09	-0.034061
3.52975e-09	-0.0346513
3.52987e-09	-0.0352412
3.52999e-09	-0.0358305
3.53011e-09	-0.0364194
3.53024e-09	-0.0370078
3.53036e-09	-0.0375957
3.53048e-09	-0.0381831
3.5306e-09	-0.03877
3.53072e-09	-0.0393565
3.53085e-09	-0.0399424
3.53097e-09	-0.0405278
3.53109e-09	-0.0411128
3.53121e-09	-0.0416972
3.53134e-09	-0.0422811
3.53146e-09	-0.0428645
3.53158e-09	-0.0434474
3.5317e-09	-0.0440298
3.53183e-09	-0.0446117
3.53195e-09	-0.0451931
3.53207e-09	-0.045774
3.53219e-09	-0.0463543
3.53231e-09	-0.0469341
3.53244e-09	-0.0475134
3.53256e-09	-0.0480922
3.53268e-09	-0.0486704
3.5328e-09	-0.0492482
3.53293e-09	-0.0498254
3.53305e-09	-0.050402
3.53317e-09	-0.0509782
3.53329e-09	-0.0515538
3.53341e-09	-0.0521288
3.53354e-09	-0.0527034
3.53366e-09	-0.0532773
3.53378e-09	-0.0538508
3.5339e-09	-0.0544237
3.53403e-09	-0.054996
3.53415e-09	-0.0555679
3.53427e-09	-0.0561391
3.53439e-09	-0.0567098
3.53451e-09	-0.05728
3.53464e-09	-0.0578496
3.53476e-09	-0.0584186
3.53488e-09	-0.0589871
3.535e-09	-0.059555
3.53513e-09	-0.0601224
3.53525e-09	-0.0606892
3.53537e-09	-0.0612555
3.53549e-09	-0.0618211
3.53561e-09	-0.0623862
3.53574e-09	-0.0629508
3.53586e-09	-0.0635147
3.53598e-09	-0.0640781
3.5361e-09	-0.0646409
3.53623e-09	-0.0652032
3.53635e-09	-0.0657648
3.53647e-09	-0.0663259
3.53659e-09	-0.0668864
3.53671e-09	-0.0674463
3.53684e-09	-0.0680056
3.53696e-09	-0.0685644
3.53708e-09	-0.0691225
3.5372e-09	-0.0696801
3.53733e-09	-0.070237
3.53745e-09	-0.0707934
3.53757e-09	-0.0713492
3.53769e-09	-0.0719043
3.53781e-09	-0.0724589
3.53794e-09	-0.0730129
3.53806e-09	-0.0735662
3.53818e-09	-0.074119
3.5383e-09	-0.0746711
3.53843e-09	-0.0752227
3.53855e-09	-0.0757736
3.53867e-09	-0.0763239
3.53879e-09	-0.0768737
3.53891e-09	-0.0774227
3.53904e-09	-0.0779712
3.53916e-09	-0.0785191
3.53928e-09	-0.0790663
3.5394e-09	-0.0796129
3.53953e-09	-0.0801589
3.53965e-09	-0.0807043
3.53977e-09	-0.081249
3.53989e-09	-0.0817931
3.54001e-09	-0.0823366
3.54014e-09	-0.0828795
3.54026e-09	-0.0834217
3.54038e-09	-0.0839633
3.5405e-09	-0.0845042
3.54063e-09	-0.0850445
3.54075e-09	-0.0855842
3.54087e-09	-0.0861232
3.54099e-09	-0.0866616
3.54111e-09	-0.0871993
3.54124e-09	-0.0877364
3.54136e-09	-0.0882728
3.54148e-09	-0.0888086
3.5416e-09	-0.0893437
3.54173e-09	-0.0898782
3.54185e-09	-0.090412
3.54197e-09	-0.0909452
3.54209e-09	-0.0914777
3.54222e-09	-0.0920096
3.54234e-09	-0.0925408
3.54246e-09	-0.0930713
3.54258e-09	-0.0936011
3.5427e-09	-0.0941303
3.54283e-09	-0.0946589
3.54295e-09	-0.0951867
3.54307e-09	-0.0957139
3.54319e-09	-0.0962404
3.54332e-09	-0.0967663
3.54344e-09	-0.0972914
3.54356e-09	-0.0978159
3.54368e-09	-0.0983397
3.5438e-09	-0.0988629
3.54393e-09	-0.0993853
3.54405e-09	-0.0999071
3.54417e-09	-0.100428
3.54429e-09	-0.100949
3.54442e-09	-0.101468
3.54454e-09	-0.101987
3.54466e-09	-0.102506
3.54478e-09	-0.103023
3.5449e-09	-0.10354
3.54503e-09	-0.104056
3.54515e-09	-0.104572
3.54527e-09	-0.105087
3.54539e-09	-0.105601
3.54552e-09	-0.106114
3.54564e-09	-0.106627
3.54576e-09	-0.107139
3.54588e-09	-0.107651
3.546e-09	-0.108161
3.54613e-09	-0.108671
3.54625e-09	-0.10918
3.54637e-09	-0.109689
3.54649e-09	-0.110197
3.54662e-09	-0.110704
3.54674e-09	-0.11121
3.54686e-09	-0.111716
3.54698e-09	-0.11222
3.5471e-09	-0.112725
3.54723e-09	-0.113228
3.54735e-09	-0.113731
3.54747e-09	-0.114233
3.54759e-09	-0.114734
3.54772e-09	-0.115235
3.54784e-09	-0.115735
3.54796e-09	-0.116234
3.54808e-09	-0.116732
3.5482e-09	-0.11723
3.54833e-09	-0.117727
3.54845e-09	-0.118223
3.54857e-09	-0.118718
3.54869e-09	-0.119213
3.54882e-09	-0.119707
3.54894e-09	-0.1202
3.54906e-09	-0.120692
3.54918e-09	-0.121184
3.5493e-09	-0.121675
3.54943e-09	-0.122165
3.54955e-09	-0.122655
3.54967e-09	-0.123144
3.54979e-09	-0.123632
3.54992e-09	-0.124119
3.55004e-09	-0.124605
3.55016e-09	-0.125091
3.55028e-09	-0.125576
3.5504e-09	-0.12606
3.55053e-09	-0.126544
3.55065e-09	-0.127026
3.55077e-09	-0.127508
3.55089e-09	-0.127989
3.55102e-09	-0.12847
3.55114e-09	-0.128949
3.55126e-09	-0.129428
3.55138e-09	-0.129906
3.55151e-09	-0.130383
3.55163e-09	-0.13086
3.55175e-09	-0.131336
3.55187e-09	-0.131811
3.55199e-09	-0.132285
3.55212e-09	-0.132758
3.55224e-09	-0.133231
3.55236e-09	-0.133703
3.55248e-09	-0.134174
3.55261e-09	-0.134644
3.55273e-09	-0.135114
3.55285e-09	-0.135582
3.55297e-09	-0.13605
3.55309e-09	-0.136518
3.55322e-09	-0.136984
3.55334e-09	-0.13745
3.55346e-09	-0.137914
3.55358e-09	-0.138378
3.55371e-09	-0.138841
3.55383e-09	-0.139304
3.55395e-09	-0.139766
3.55407e-09	-0.140226
3.55419e-09	-0.140686
3.55432e-09	-0.141146
3.55444e-09	-0.141604
3.55456e-09	-0.142062
3.55468e-09	-0.142518
3.55481e-09	-0.142974
3.55493e-09	-0.14343
3.55505e-09	-0.143884
3.55517e-09	-0.144338
3.55529e-09	-0.14479
3.55542e-09	-0.145242
3.55554e-09	-0.145693
3.55566e-09	-0.146144
3.55578e-09	-0.146593
3.55591e-09	-0.147042
3.55603e-09	-0.14749
3.55615e-09	-0.147937
3.55627e-09	-0.148383
3.55639e-09	-0.148829
3.55652e-09	-0.149273
3.55664e-09	-0.149717
3.55676e-09	-0.15016
3.55688e-09	-0.150602
3.55701e-09	-0.151043
3.55713e-09	-0.151484
3.55725e-09	-0.151923
3.55737e-09	-0.152362
3.55749e-09	-0.1528
3.55762e-09	-0.153237
3.55774e-09	-0.153674
3.55786e-09	-0.154109
3.55798e-09	-0.154544
3.55811e-09	-0.154978
3.55823e-09	-0.155411
3.55835e-09	-0.155843
3.55847e-09	-0.156274
3.55859e-09	-0.156704
3.55872e-09	-0.157134
3.55884e-09	-0.157563
3.55896e-09	-0.157991
3.55908e-09	-0.158418
3.55921e-09	-0.158844
3.55933e-09	-0.159269
3.55945e-09	-0.159694
3.55957e-09	-0.160118
3.55969e-09	-0.16054
3.55982e-09	-0.160962
3.55994e-09	-0.161384
3.56006e-09	-0.161804
3.56018e-09	-0.162223
3.56031e-09	-0.162642
3.56043e-09	-0.16306
3.56055e-09	-0.163476
3.56067e-09	-0.163892
3.56079e-09	-0.164307
3.56092e-09	-0.164722
3.56104e-09	-0.165135
3.56116e-09	-0.165548
3.56128e-09	-0.165959
3.56141e-09	-0.16637
3.56153e-09	-0.16678
3.56165e-09	-0.167189
3.56177e-09	-0.167597
3.5619e-09	-0.168005
3.56202e-09	-0.168411
3.56214e-09	-0.168817
3.56226e-09	-0.169222
3.56238e-09	-0.169625
3.56251e-09	-0.170028
3.56263e-09	-0.17043
3.56275e-09	-0.170832
3.56287e-09	-0.171232
3.563e-09	-0.171631
3.56312e-09	-0.17203
3.56324e-09	-0.172428
3.56336e-09	-0.172825
3.56348e-09	-0.173221
3.56361e-09	-0.173616
3.56373e-09	-0.17401
3.56385e-09	-0.174403
3.56397e-09	-0.174795
3.5641e-09	-0.175187
3.56422e-09	-0.175578
3.56434e-09	-0.175967
3.56446e-09	-0.176356
3.56458e-09	-0.176744
3.56471e-09	-0.177131
3.56483e-09	-0.177517
3.56495e-09	-0.177903
3.56507e-09	-0.178287
3.5652e-09	-0.178671
3.56532e-09	-0.179053
3.56544e-09	-0.179435
3.56556e-09	-0.179816
3.56568e-09	-0.180196
3.56581e-09	-0.180575
3.56593e-09	-0.180953
3.56605e-09	-0.18133
3.56617e-09	-0.181706
3.5663e-09	-0.182082
3.56642e-09	-0.182456
3.56654e-09	-0.18283
3.56666e-09	-0.183202
3.56678e-09	-0.183574
3.56691e-09	-0.183945
3.56703e-09	-0.184315
3.56715e-09	-0.184684
3.56727e-09	-0.185052
3.5674e-09	-0.18542
3.56752e-09	-0.185786
3.56764e-09	-0.186151
3.56776e-09	-0.186516
3.56788e-09	-0.186879
3.56801e-09	-0.187242
3.56813e-09	-0.187604
3.56825e-09	-0.187965
3.56837e-09	-0.188325
3.5685e-09	-0.188684
3.56862e-09	-0.189042
3.56874e-09	-0.189399
3.56886e-09	-0.189755
3.56898e-09	-0.19011
3.56911e-09	-0.190465
3.56923e-09	-0.190818
3.56935e-09	-0.191171
3.56947e-09	-0.191523
3.5696e-09	-0.191873
3.56972e-09	-0.192223
3.56984e-09	-0.192572
3.56996e-09	-0.19292
3.57008e-09	-0.193267
3.57021e-09	-0.193613
3.57033e-09	-0.193958
3.57045e-09	-0.194302
3.57057e-09	-0.194646
3.5707e-09	-0.194988
3.57082e-09	-0.195329
3.57094e-09	-0.19567
3.57106e-09	-0.19601
3.57119e-09	-0.196348
3.57131e-09	-0.196686
3.57143e-09	-0.197023
3.57155e-09	-0.197358
3.57167e-09	-0.197693
3.5718e-09	-0.198027
3.57192e-09	-0.19836
3.57204e-09	-0.198692
3.57216e-09	-0.199024
3.57229e-09	-0.199354
3.57241e-09	-0.199683
3.57253e-09	-0.200011
3.57265e-09	-0.200339
3.57277e-09	-0.200665
3.5729e-09	-0.200991
3.57302e-09	-0.201315
3.57314e-09	-0.201639
3.57326e-09	-0.201961
3.57339e-09	-0.202283
3.57351e-09	-0.202604
3.57363e-09	-0.202924
3.57375e-09	-0.203243
3.57387e-09	-0.203561
3.574e-09	-0.203877
3.57412e-09	-0.204194
3.57424e-09	-0.204509
3.57436e-09	-0.204823
3.57449e-09	-0.205136
3.57461e-09	-0.205448
3.57473e-09	-0.205759
3.57485e-09	-0.20607
3.57497e-09	-0.206379
3.5751e-09	-0.206687
3.57522e-09	-0.206995
3.57534e-09	-0.207301
3.57546e-09	-0.207607
3.57559e-09	-0.207912
3.57571e-09	-0.208215
3.57583e-09	-0.208518
3.57595e-09	-0.20882
3.57607e-09	-0.20912
3.5762e-09	-0.20942
3.57632e-09	-0.209719
3.57644e-09	-0.210017
3.57656e-09	-0.210314
3.57669e-09	-0.21061
3.57681e-09	-0.210905
3.57693e-09	-0.211199
3.57705e-09	-0.211492
3.57717e-09	-0.211784
3.5773e-09	-0.212075
3.57742e-09	-0.212365
3.57754e-09	-0.212655
3.57766e-09	-0.212943
3.57779e-09	-0.21323
3.57791e-09	-0.213516
3.57803e-09	-0.213802
3.57815e-09	-0.214086
3.57827e-09	-0.21437
3.5784e-09	-0.214652
3.57852e-09	-0.214934
3.57864e-09	-0.215214
3.57876e-09	-0.215494
3.57889e-09	-0.215772
3.57901e-09	-0.21605
3.57913e-09	-0.216326
3.57925e-09	-0.216602
3.57937e-09	-0.216877
3.5795e-09	-0.217151
3.57962e-09	-0.217423
3.57974e-09	-0.217695
3.57986e-09	-0.217966
3.57999e-09	-0.218236
3.58011e-09	-0.218505
3.58023e-09	-0.218773
3.58035e-09	-0.219039
3.58047e-09	-0.219305
3.5806e-09	-0.21957
3.58072e-09	-0.219834
3.58084e-09	-0.220097
3.58096e-09	-0.220359
3.58109e-09	-0.22062
3.58121e-09	-0.220881
3.58133e-09	-0.22114
3.58145e-09	-0.221398
3.58158e-09	-0.221655
3.5817e-09	-0.221911
3.58182e-09	-0.222166
3.58194e-09	-0.22242
3.58206e-09	-0.222674
3.58219e-09	-0.222926
3.58231e-09	-0.223177
3.58243e-09	-0.223428
3.58255e-09	-0.223677
3.58268e-09	-0.223925
3.5828e-09	-0.224173
3.58292e-09	-0.224419
3.58304e-09	-0.224664
3.58316e-09	-0.224909
3.58329e-09	-0.225152
3.58341e-09	-0.225395
3.58353e-09	-0.225636
3.58365e-09	-0.225876
3.58378e-09	-0.226116
3.5839e-09	-0.226354
3.58402e-09	-0.226592
3.58414e-09	-0.226828
3.58426e-09	-0.227064
3.58439e-09	-0.227299
3.58451e-09	-0.227532
3.58463e-09	-0.227765
3.58475e-09	-0.227996
3.58488e-09	-0.228227
3.585e-09	-0.228457
3.58512e-09	-0.228685
3.58524e-09	-0.228913
3.58536e-09	-0.22914
3.58549e-09	-0.229365
3.58561e-09	-0.22959
3.58573e-09	-0.229814
3.58585e-09	-0.230036
3.58598e-09	-0.230258
3.5861e-09	-0.230479
3.58622e-09	-0.230699
3.58634e-09	-0.230917
3.58646e-09	-0.231135
3.58659e-09	-0.231352
3.58671e-09	-0.231568
3.58683e-09	-0.231782
3.58695e-09	-0.231996
3.58708e-09	-0.232209
3.5872e-09	-0.232421
3.58732e-09	-0.232632
3.58744e-09	-0.232842
3.58756e-09	-0.23305
3.58769e-09	-0.233258
3.58781e-09	-0.233465
3.58793e-09	-0.233671
3.58805e-09	-0.233876
3.58818e-09	-0.23408
3.5883e-09	-0.234283
3.58842e-09	-0.234485
3.58854e-09	-0.234686
3.58866e-09	-0.234886
3.58879e-09	-0.235085
3.58891e-09	-0.235283
3.58903e-09	-0.235479
3.58915e-09	-0.235675
3.58928e-09	-0.23587
3.5894e-09	-0.236064
3.58952e-09	-0.236257
3.58964e-09	-0.236449
3.58976e-09	-0.23664
3.58989e-09	-0.23683
3.59001e-09	-0.237019
3.59013e-09	-0.237207
3.59025e-09	-0.237394
3.59038e-09	-0.23758
3.5905e-09	-0.237766
3.59062e-09	-0.23795
3.59074e-09	-0.238133
3.59087e-09	-0.238315
3.59099e-09	-0.238496
3.59111e-09	-0.238676
3.59123e-09	-0.238855
3.59135e-09	-0.239033
3.59148e-09	-0.23921
3.5916e-09	-0.239386
3.59172e-09	-0.239561
3.59184e-09	-0.239735
3.59197e-09	-0.239909
3.59209e-09	-0.240081
3.59221e-09	-0.240252
3.59233e-09	-0.240422
3.59245e-09	-0.240591
3.59258e-09	-0.240759
3.5927e-09	-0.240926
3.59282e-09	-0.241092
3.59294e-09	-0.241258
3.59307e-09	-0.241422
3.59319e-09	-0.241585
3.59331e-09	-0.241747
3.59343e-09	-0.241908
3.59355e-09	-0.242068
3.59368e-09	-0.242228
3.5938e-09	-0.242386
3.59392e-09	-0.242543
3.59404e-09	-0.242699
3.59417e-09	-0.242855
3.59429e-09	-0.243009
3.59441e-09	-0.243162
3.59453e-09	-0.243314
3.59465e-09	-0.243465
3.59478e-09	-0.243616
3.5949e-09	-0.243765
3.59502e-09	-0.243913
3.59514e-09	-0.244061
3.59527e-09	-0.244207
3.59539e-09	-0.244352
3.59551e-09	-0.244496
3.59563e-09	-0.24464
3.59575e-09	-0.244782
3.59588e-09	-0.244923
3.596e-09	-0.245064
3.59612e-09	-0.245203
3.59624e-09	-0.245341
3.59637e-09	-0.245479
3.59649e-09	-0.245615
3.59661e-09	-0.24575
3.59673e-09	-0.245885
3.59685e-09	-0.246018
3.59698e-09	-0.24615
3.5971e-09	-0.246282
3.59722e-09	-0.246412
3.59734e-09	-0.246542
3.59747e-09	-0.24667
3.59759e-09	-0.246797
3.59771e-09	-0.246924
3.59783e-09	-0.247049
3.59795e-09	-0.247174
3.59808e-09	-0.247297
3.5982e-09	-0.24742
3.59832e-09	-0.247541
3.59844e-09	-0.247662
3.59857e-09	-0.247781
3.59869e-09	-0.2479
3.59881e-09	-0.248017
3.59893e-09	-0.248134
3.59905e-09	-0.248249
3.59918e-09	-0.248364
3.5993e-09	-0.248477
3.59942e-09	-0.24859
3.59954e-09	-0.248701
3.59967e-09	-0.248812
3.59979e-09	-0.248922
3.59991e-09	-0.24903
3.60003e-09	-0.249138
3.60015e-09	-0.249245
3.60028e-09	-0.24935
3.6004e-09	-0.249455
3.60052e-09	-0.249559
3.60064e-09	-0.249661
3.60077e-09	-0.249763
3.60089e-09	-0.249864
3.60101e-09	-0.249963
3.60113e-09	-0.250062
3.60126e-09	-0.25016
3.60138e-09	-0.250257
3.6015e-09	-0.250353
3.60162e-09	-0.250447
3.60174e-09	-0.250541
3.60187e-09	-0.250634
3.60199e-09	-0.250726
3.60211e-09	-0.250817
3.60223e-09	-0.250907
3.60236e-09	-0.250996
3.60248e-09	-0.251084
3.6026e-09	-0.251171
3.60272e-09	-0.251257
3.60284e-09	-0.251342
3.60297e-09	-0.251426
3.60309e-09	-0.251509
3.60321e-09	-0.251591
3.60333e-09	-0.251672
3.60346e-09	-0.251752
3.60358e-09	-0.251831
3.6037e-09	-0.251909
3.60382e-09	-0.251986
3.60394e-09	-0.252062
3.60407e-09	-0.252138
3.60419e-09	-0.252212
3.60431e-09	-0.252285
3.60443e-09	-0.252357
3.60456e-09	-0.252429
3.60468e-09	-0.252499
3.6048e-09	-0.252568
3.60492e-09	-0.252637
3.60504e-09	-0.252704
3.60517e-09	-0.25277
3.60529e-09	-0.252836
3.60541e-09	-0.2529
3.60553e-09	-0.252964
3.60566e-09	-0.253026
3.60578e-09	-0.253088
3.6059e-09	-0.253148
3.60602e-09	-0.253208
3.60614e-09	-0.253267
3.60627e-09	-0.253324
3.60639e-09	-0.253381
3.60651e-09	-0.253437
3.60663e-09	-0.253491
3.60676e-09	-0.253545
3.60688e-09	-0.253598
3.607e-09	-0.25365
3.60712e-09	-0.253701
3.60724e-09	-0.253751
3.60737e-09	-0.2538
3.60749e-09	-0.253848
3.60761e-09	-0.253895
3.60773e-09	-0.253941
3.60786e-09	-0.253986
3.60798e-09	-0.25403
3.6081e-09	-0.254073
3.60822e-09	-0.254115
3.60834e-09	-0.254156
3.60847e-09	-0.254196
3.60859e-09	-0.254236
3.60871e-09	-0.254274
3.60883e-09	-0.254311
3.60896e-09	-0.254348
3.60908e-09	-0.254383
3.6092e-09	-0.254418
3.60932e-09	-0.254451
3.60944e-09	-0.254484
3.60957e-09	-0.254515
3.60969e-09	-0.254546
3.60981e-09	-0.254576
3.60993e-09	-0.254604
3.61006e-09	-0.254632
3.61018e-09	-0.254659
3.6103e-09	-0.254685
3.61042e-09	-0.25471
3.61055e-09	-0.254734
3.61067e-09	-0.254757
3.61079e-09	-0.254779
3.61091e-09	-0.2548
3.61103e-09	-0.25482
3.61116e-09	-0.254839
3.61128e-09	-0.254857
3.6114e-09	-0.254875
3.61152e-09	-0.254891
3.61165e-09	-0.254906
3.61177e-09	-0.254921
3.61189e-09	-0.254934
3.61201e-09	-0.254947
3.61213e-09	-0.254958
3.61226e-09	-0.254969
3.61238e-09	-0.254979
3.6125e-09	-0.254987
3.61262e-09	-0.254995
3.61275e-09	-0.255002
3.61287e-09	-0.255008
3.61299e-09	-0.255013
3.61311e-09	-0.255017
3.61323e-09	-0.25502
3.61336e-09	-0.255022
3.61348e-09	-0.255023
3.6136e-09	-0.255023
3.61372e-09	-0.255023
3.61385e-09	-0.255021
3.61397e-09	-0.255019
3.61409e-09	-0.255015
3.61421e-09	-0.255011
3.61433e-09	-0.255005
3.61446e-09	-0.254999
3.61458e-09	-0.254992
3.6147e-09	-0.254983
3.61482e-09	-0.254974
3.61495e-09	-0.254964
3.61507e-09	-0.254953
3.61519e-09	-0.254941
3.61531e-09	-0.254928
3.61543e-09	-0.254915
3.61556e-09	-0.2549
3.61568e-09	-0.254884
3.6158e-09	-0.254868
3.61592e-09	-0.25485
3.61605e-09	-0.254832
3.61617e-09	-0.254812
3.61629e-09	-0.254792
3.61641e-09	-0.254771
3.61653e-09	-0.254749
3.61666e-09	-0.254726
3.61678e-09	-0.254702
3.6169e-09	-0.254677
3.61702e-09	-0.254651
3.61715e-09	-0.254624
3.61727e-09	-0.254596
3.61739e-09	-0.254568
3.61751e-09	-0.254538
3.61763e-09	-0.254508
3.61776e-09	-0.254476
3.61788e-09	-0.254444
3.618e-09	-0.254411
3.61812e-09	-0.254377
3.61825e-09	-0.254342
3.61837e-09	-0.254306
3.61849e-09	-0.254269
3.61861e-09	-0.254231
3.61873e-09	-0.254193
3.61886e-09	-0.254153
3.61898e-09	-0.254112
3.6191e-09	-0.254071
3.61922e-09	-0.254029
3.61935e-09	-0.253985
3.61947e-09	-0.253941
3.61959e-09	-0.253896
3.61971e-09	-0.25385
3.61983e-09	-0.253803
3.61996e-09	-0.253756
3.62008e-09	-0.253707
3.6202e-09	-0.253657
3.62032e-09	-0.253607
3.62045e-09	-0.253556
3.62057e-09	-0.253503
3.62069e-09	-0.25345
3.62081e-09	-0.253396
3.62094e-09	-0.253341
3.62106e-09	-0.253285
3.62118e-09	-0.253228
3.6213e-09	-0.253171
3.62142e-09	-0.253112
3.62155e-09	-0.253053
3.62167e-09	-0.252992
3.62179e-09	-0.252931
3.62191e-09	-0.252869
3.62204e-09	-0.252806
3.62216e-09	-0.252742
3.62228e-09	-0.252677
3.6224e-09	-0.252611
3.62252e-09	-0.252545
3.62265e-09	-0.252477
3.62277e-09	-0.252409
3.62289e-09	-0.25234
3.62301e-09	-0.25227
3.62314e-09	-0.252199
3.62326e-09	-0.252127
3.62338e-09	-0.252054
3.6235e-09	-0.25198
3.62362e-09	-0.251906
3.62375e-09	-0.25183
3.62387e-09	-0.251754
3.62399e-09	-0.251677
3.62411e-09	-0.251599
3.62424e-09	-0.25152
3.62436e-09	-0.25144
3.62448e-09	-0.251359
3.6246e-09	-0.251278
3.62472e-09	-0.251195
3.62485e-09	-0.251112
3.62497e-09	-0.251028
3.62509e-09	-0.250943
3.62521e-09	-0.250857
3.62534e-09	-0.25077
3.62546e-09	-0.250682
3.62558e-09	-0.250594
3.6257e-09	-0.250504
3.62582e-09	-0.250414
3.62595e-09	-0.250323
3.62607e-09	-0.250231
3.62619e-09	-0.250138
3.62631e-09	-0.250045
3.62644e-09	-0.24995
3.62656e-09	-0.249855
3.62668e-09	-0.249758
3.6268e-09	-0.249661
3.62692e-09	-0.249563
3.62705e-09	-0.249464
3.62717e-09	-0.249365
3.62729e-09	-0.249264
3.62741e-09	-0.249163
3.62754e-09	-0.24906
3.62766e-09	-0.248957
3.62778e-09	-0.248853
3.6279e-09	-0.248748
3.62802e-09	-0.248643
3.62815e-09	-0.248536
3.62827e-09	-0.248429
3.62839e-09	-0.248321
3.62851e-09	-0.248212
3.62864e-09	-0.248102
3.62876e-09	-0.247991
3.62888e-09	-0.247879
3.629e-09	-0.247767
3.62912e-09	-0.247654
3.62925e-09	-0.24754
3.62937e-09	-0.247425
3.62949e-09	-0.247309
3.62961e-09	-0.247192
3.62974e-09	-0.247075
3.62986e-09	-0.246957
3.62998e-09	-0.246838
3.6301e-09	-0.246718
3.63022e-09	-0.246597
3.63035e-09	-0.246475
3.63047e-09	-0.246353
3.63059e-09	-0.24623
3.63071e-09	-0.246106
3.63084e-09	-0.245981
3.63096e-09	-0.245855
3.63108e-09	-0.245728
3.6312e-09	-0.245601
3.63133e-09	-0.245473
3.63145e-09	-0.245344
3.63157e-09	-0.245214
3.63169e-09	-0.245083
3.63181e-09	-0.244952
3.63194e-09	-0.24482
3.63206e-09	-0.244686
3.63218e-09	-0.244553
3.6323e-09	-0.244418
3.63243e-09	-0.244282
3.63255e-09	-0.244146
3.63267e-09	-0.244009
3.63279e-09	-0.243871
3.63291e-09	-0.243732
3.63304e-09	-0.243592
3.63316e-09	-0.243452
3.63328e-09	-0.243311
3.6334e-09	-0.243169
3.63353e-09	-0.243026
3.63365e-09	-0.242882
3.63377e-09	-0.242738
3.63389e-09	-0.242593
3.63401e-09	-0.242447
3.63414e-09	-0.2423
3.63426e-09	-0.242152
3.63438e-09	-0.242004
3.6345e-09	-0.241855
3.63463e-09	-0.241705
3.63475e-09	-0.241554
3.63487e-09	-0.241402
3.63499e-09	-0.24125
3.63511e-09	-0.241097
3.63524e-09	-0.240943
3.63536e-09	-0.240788
3.63548e-09	-0.240633
3.6356e-09	-0.240477
3.63573e-09	-0.24032
3.63585e-09	-0.240162
3.63597e-09	-0.240003
3.63609e-09	-0.239844
3.63621e-09	-0.239683
3.63634e-09	-0.239522
3.63646e-09	-0.239361
3.63658e-09	-0.239198
3.6367e-09	-0.239035
3.63683e-09	-0.238871
3.63695e-09	-0.238706
3.63707e-09	-0.23854
3.63719e-09	-0.238374
3.63731e-09	-0.238207
3.63744e-09	-0.238039
3.63756e-09	-0.23787
3.63768e-09	-0.237701
3.6378e-09	-0.237531
3.63793e-09	-0.23736
3.63805e-09	-0.237188
3.63817e-09	-0.237015
3.63829e-09	-0.236842
3.63841e-09	-0.236668
3.63854e-09	-0.236493
3.63866e-09	-0.236318
3.63878e-09	-0.236142
3.6389e-09	-0.235965
3.63903e-09	-0.235787
3.63915e-09	-0.235608
3.63927e-09	-0.235429
3.63939e-09	-0.235249
3.63951e-09	-0.235068
3.63964e-09	-0.234887
3.63976e-09	-0.234704
3.63988e-09	-0.234521
3.64e-09	-0.234338
3.64013e-09	-0.234153
3.64025e-09	-0.233968
3.64037e-09	-0.233782
3.64049e-09	-0.233595
3.64062e-09	-0.233408
3.64074e-09	-0.23322
3.64086e-09	-0.233031
3.64098e-09	-0.232841
3.6411e-09	-0.232651
3.64123e-09	-0.232459
3.64135e-09	-0.232268
3.64147e-09	-0.232075
3.64159e-09	-0.231882
3.64172e-09	-0.231688
3.64184e-09	-0.231493
3.64196e-09	-0.231297
3.64208e-09	-0.231101
3.6422e-09	-0.230904
3.64233e-09	-0.230707
3.64245e-09	-0.230508
3.64257e-09	-0.230309
3.64269e-09	-0.230109
3.64282e-09	-0.229909
3.64294e-09	-0.229708
3.64306e-09	-0.229506
3.64318e-09	-0.229303
3.6433e-09	-0.2291
3.64343e-09	-0.228896
3.64355e-09	-0.228691
3.64367e-09	-0.228485
3.64379e-09	-0.228279
3.64392e-09	-0.228072
3.64404e-09	-0.227865
3.64416e-09	-0.227656
3.64428e-09	-0.227447
3.6444e-09	-0.227238
3.64453e-09	-0.227027
3.64465e-09	-0.226816
3.64477e-09	-0.226604
3.64489e-09	-0.226392
3.64502e-09	-0.226179
3.64514e-09	-0.225965
3.64526e-09	-0.22575
3.64538e-09	-0.225535
3.6455e-09	-0.225319
3.64563e-09	-0.225102
3.64575e-09	-0.224885
3.64587e-09	-0.224667
3.64599e-09	-0.224449
3.64612e-09	-0.224229
3.64624e-09	-0.224009
3.64636e-09	-0.223788
3.64648e-09	-0.223567
3.6466e-09	-0.223345
3.64673e-09	-0.223122
3.64685e-09	-0.222899
3.64697e-09	-0.222675
3.64709e-09	-0.22245
3.64722e-09	-0.222225
3.64734e-09	-0.221998
3.64746e-09	-0.221772
3.64758e-09	-0.221544
3.6477e-09	-0.221316
3.64783e-09	-0.221087
3.64795e-09	-0.220858
3.64807e-09	-0.220628
3.64819e-09	-0.220397
3.64832e-09	-0.220166
3.64844e-09	-0.219934
3.64856e-09	-0.219701
3.64868e-09	-0.219468
3.6488e-09	-0.219234
3.64893e-09	-0.218999
3.64905e-09	-0.218764
3.64917e-09	-0.218528
3.64929e-09	-0.218291
3.64942e-09	-0.218054
3.64954e-09	-0.217816
3.64966e-09	-0.217577
3.64978e-09	-0.217338
3.6499e-09	-0.217098
3.65003e-09	-0.216858
3.65015e-09	-0.216617
3.65027e-09	-0.216375
3.65039e-09	-0.216133
3.65052e-09	-0.21589
3.65064e-09	-0.215646
3.65076e-09	-0.215402
3.65088e-09	-0.215157
3.65101e-09	-0.214911
3.65113e-09	-0.214665
3.65125e-09	-0.214418
3.65137e-09	-0.214171
3.65149e-09	-0.213923
3.65162e-09	-0.213674
3.65174e-09	-0.213425
3.65186e-09	-0.213175
3.65198e-09	-0.212925
3.65211e-09	-0.212674
3.65223e-09	-0.212422
3.65235e-09	-0.212169
3.65247e-09	-0.211916
3.65259e-09	-0.211663
3.65272e-09	-0.211409
3.65284e-09	-0.211154
3.65296e-09	-0.210899
3.65308e-09	-0.210642
3.65321e-09	-0.210386
3.65333e-09	-0.210129
3.65345e-09	-0.209871
3.65357e-09	-0.209612
3.65369e-09	-0.209353
3.65382e-09	-0.209094
3.65394e-09	-0.208834
3.65406e-09	-0.208573
3.65418e-09	-0.208311
3.65431e-09	-0.208049
3.65443e-09	-0.207787
3.65455e-09	-0.207524
3.65467e-09	-0.20726
3.65479e-09	-0.206996
3.65492e-09	-0.206731
3.65504e-09	-0.206465
3.65516e-09	-0.206199
3.65528e-09	-0.205932
3.65541e-09	-0.205665
3.65553e-09	-0.205397
3.65565e-09	-0.205129
3.65577e-09	-0.20486
3.65589e-09	-0.20459
3.65602e-09	-0.20432
3.65614e-09	-0.204049
3.65626e-09	-0.203778
3.65638e-09	-0.203506
3.65651e-09	-0.203234
3.65663e-09	-0.202961
3.65675e-09	-0.202687
3.65687e-09	-0.202413
3.65699e-09	-0.202139
3.65712e-09	-0.201863
3.65724e-09	-0.201588
3.65736e-09	-0.201311
3.65748e-09	-0.201034
3.65761e-09	-0.200757
3.65773e-09	-0.200479
3.65785e-09	-0.2002
3.65797e-09	-0.199921
3.65809e-09	-0.199642
3.65822e-09	-0.199362
3.65834e-09	-0.199081
3.65846e-09	-0.1988
3.65858e-09	-0.198518
3.65871e-09	-0.198235
3.65883e-09	-0.197952
3.65895e-09	-0.197669
3.65907e-09	-0.197385
3.65919e-09	-0.197101
3.65932e-09	-0.196816
3.65944e-09	-0.19653
3.65956e-09	-0.196244
3.65968e-09	-0.195957
3.65981e-09	-0.19567
3.65993e-09	-0.195382
3.66005e-09	-0.195094
3.66017e-09	-0.194805
3.6603e-09	-0.194516
3.66042e-09	-0.194226
3.66054e-09	-0.193936
3.66066e-09	-0.193645
3.66078e-09	-0.193354
3.66091e-09	-0.193062
3.66103e-09	-0.19277
3.66115e-09	-0.192477
3.66127e-09	-0.192183
3.6614e-09	-0.191889
3.66152e-09	-0.191595
3.66164e-09	-0.1913
3.66176e-09	-0.191005
3.66188e-09	-0.190709
3.66201e-09	-0.190412
3.66213e-09	-0.190115
3.66225e-09	-0.189818
3.66237e-09	-0.18952
3.6625e-09	-0.189222
3.66262e-09	-0.188923
3.66274e-09	-0.188623
3.66286e-09	-0.188323
3.66298e-09	-0.188023
3.66311e-09	-0.187722
3.66323e-09	-0.187421
3.66335e-09	-0.187119
3.66347e-09	-0.186817
3.6636e-09	-0.186514
3.66372e-09	-0.186211
3.66384e-09	-0.185907
3.66396e-09	-0.185603
3.66408e-09	-0.185298
3.66421e-09	-0.184993
3.66433e-09	-0.184687
3.66445e-09	-0.184381
3.66457e-09	-0.184074
3.6647e-09	-0.183767
3.66482e-09	-0.183459
3.66494e-09	-0.183151
3.66506e-09	-0.182843
3.66518e-09	-0.182534
3.66531e-09	-0.182225
3.66543e-09	-0.181915
3.66555e-09	-0.181604
3.66567e-09	-0.181293
3.6658e-09	-0.180982
3.66592e-09	-0.18067
3.66604e-09	-0.180358
3.66616e-09	-0.180046
3.66628e-09	-0.179733
3.66641e-09	-0.179419
3.66653e-09	-0.179105
3.66665e-09	-0.178791
3.66677e-09	-0.178476
3.6669e-09	-0.178161
3.66702e-09	-0.177845
3.66714e-09	-0.177529
3.66726e-09	-0.177212
3.66738e-09	-0.176895
3.66751e-09	-0.176577
3.66763e-09	-0.17626
3.66775e-09	-0.175941
3.66787e-09	-0.175622
3.668e-09	-0.175303
3.66812e-09	-0.174984
3.66824e-09	-0.174663
3.66836e-09	-0.174343
3.66848e-09	-0.174022
3.66861e-09	-0.173701
3.66873e-09	-0.173379
3.66885e-09	-0.173057
3.66897e-09	-0.172734
3.6691e-09	-0.172411
3.66922e-09	-0.172088
3.66934e-09	-0.171764
3.66946e-09	-0.17144
3.66958e-09	-0.171115
3.66971e-09	-0.17079
3.66983e-09	-0.170464
3.66995e-09	-0.170138
3.67007e-09	-0.169812
3.6702e-09	-0.169485
3.67032e-09	-0.169158
3.67044e-09	-0.168831
3.67056e-09	-0.168503
3.67069e-09	-0.168175
3.67081e-09	-0.167846
3.67093e-09	-0.167517
3.67105e-09	-0.167187
3.67117e-09	-0.166858
3.6713e-09	-0.166527
3.67142e-09	-0.166197
3.67154e-09	-0.165866
3.67166e-09	-0.165534
3.67179e-09	-0.165202
3.67191e-09	-0.16487
3.67203e-09	-0.164538
3.67215e-09	-0.164205
3.67227e-09	-0.163871
3.6724e-09	-0.163538
3.67252e-09	-0.163204
3.67264e-09	-0.162869
3.67276e-09	-0.162535
3.67289e-09	-0.162199
3.67301e-09	-0.161864
3.67313e-09	-0.161528
3.67325e-09	-0.161192
3.67337e-09	-0.160855
3.6735e-09	-0.160518
3.67362e-09	-0.160181
3.67374e-09	-0.159843
3.67386e-09	-0.159505
3.67399e-09	-0.159166
3.67411e-09	-0.158828
3.67423e-09	-0.158489
3.67435e-09	-0.158149
3.67447e-09	-0.157809
3.6746e-09	-0.157469
3.67472e-09	-0.157129
3.67484e-09	-0.156788
3.67496e-09	-0.156446
3.67509e-09	-0.156105
3.67521e-09	-0.155763
3.67533e-09	-0.155421
3.67545e-09	-0.155078
3.67557e-09	-0.154735
3.6757e-09	-0.154392
3.67582e-09	-0.154048
3.67594e-09	-0.153705
3.67606e-09	-0.15336
3.67619e-09	-0.153016
3.67631e-09	-0.152671
3.67643e-09	-0.152326
3.67655e-09	-0.15198
3.67667e-09	-0.151634
3.6768e-09	-0.151288
3.67692e-09	-0.150942
3.67704e-09	-0.150595
3.67716e-09	-0.150248
3.67729e-09	-0.1499
3.67741e-09	-0.149552
3.67753e-09	-0.149204
3.67765e-09	-0.148856
3.67777e-09	-0.148507
3.6779e-09	-0.148158
3.67802e-09	-0.147809
3.67814e-09	-0.147459
3.67826e-09	-0.147109
3.67839e-09	-0.146759
3.67851e-09	-0.146409
3.67863e-09	-0.146058
3.67875e-09	-0.145707
3.67887e-09	-0.145355
3.679e-09	-0.145004
3.67912e-09	-0.144652
3.67924e-09	-0.144299
3.67936e-09	-0.143947
3.67949e-09	-0.143594
3.67961e-09	-0.143241
3.67973e-09	-0.142887
3.67985e-09	-0.142534
3.67998e-09	-0.14218
3.6801e-09	-0.141826
3.68022e-09	-0.141471
3.68034e-09	-0.141116
3.68046e-09	-0.140761
3.68059e-09	-0.140406
3.68071e-09	-0.14005
3.68083e-09	-0.139694
3.68095e-09	-0.139338
3.68108e-09	-0.138982
3.6812e-09	-0.138625
3.68132e-09	-0.138268
3.68144e-09	-0.137911
3.68156e-09	-0.137553
3.68169e-09	-0.137195
3.68181e-09	-0.136837
3.68193e-09	-0.136479
3.68205e-09	-0.136121
3.68218e-09	-0.135762
3.6823e-09	-0.135403
3.68242e-09	-0.135044
3.68254e-09	-0.134684
3.68266e-09	-0.134324
3.68279e-09	-0.133964
3.68291e-09	-0.133604
3.68303e-09	-0.133244
3.68315e-09	-0.132883
3.68328e-09	-0.132522
3.6834e-09	-0.132161
3.68352e-09	-0.131799
3.68364e-09	-0.131437
3.68376e-09	-0.131076
3.68389e-09	-0.130713
3.68401e-09	-0.130351
3.68413e-09	-0.129988
3.68425e-09	-0.129625
3.68438e-09	-0.129262
3.6845e-09	-0.128899
3.68462e-09	-0.128536
3.68474e-09	-0.128172
3.68486e-09	-0.127808
3.68499e-09	-0.127444
3.68511e-09	-0.127079
3.68523e-09	-0.126715
3.68535e-09	-0.12635
3.68548e-09	-0.125985
3.6856e-09	-0.12562
3.68572e-09	-0.125254
3.68584e-09	-0.124889
3.68596e-09	-0.124523
3.68609e-09	-0.124157
3.68621e-09	-0.12379
3.68633e-09	-0.123424
3.68645e-09	-0.123057
3.68658e-09	-0.12269
3.6867e-09	-0.122323
3.68682e-09	-0.121956
3.68694e-09	-0.121589
3.68706e-09	-0.121221
3.68719e-09	-0.120853
3.68731e-09	-0.120485
3.68743e-09	-0.120117
3.68755e-09	-0.119748
3.68768e-09	-0.11938
3.6878e-09	-0.119011
3.68792e-09	-0.118642
3.68804e-09	-0.118273
3.68816e-09	-0.117904
3.68829e-09	-0.117534
3.68841e-09	-0.117165
3.68853e-09	-0.116795
3.68865e-09	-0.116425
3.68878e-09	-0.116054
3.6889e-09	-0.115684
3.68902e-09	-0.115314
3.68914e-09	-0.114943
3.68926e-09	-0.114572
3.68939e-09	-0.114201
3.68951e-09	-0.11383
3.68963e-09	-0.113459
3.68975e-09	-0.113087
3.68988e-09	-0.112715
3.69e-09	-0.112344
3.69012e-09	-0.111972
3.69024e-09	-0.1116
3.69037e-09	-0.111227
3.69049e-09	-0.110855
3.69061e-09	-0.110482
3.69073e-09	-0.11011
3.69085e-09	-0.109737
3.69098e-09	-0.109364
3.6911e-09	-0.108991
3.69122e-09	-0.108617
3.69134e-09	-0.108244
3.69147e-09	-0.10787
3.69159e-09	-0.107497
3.69171e-09	-0.107123
3.69183e-09	-0.106749
3.69195e-09	-0.106375
3.69208e-09	-0.106001
3.6922e-09	-0.105626
3.69232e-09	-0.105252
3.69244e-09	-0.104877
3.69257e-09	-0.104502
3.69269e-09	-0.104128
3.69281e-09	-0.103753
3.69293e-09	-0.103378
3.69305e-09	-0.103002
3.69318e-09	-0.102627
3.6933e-09	-0.102252
3.69342e-09	-0.101876
3.69354e-09	-0.1015
3.69367e-09	-0.101125
3.69379e-09	-0.100749
3.69391e-09	-0.100373
3.69403e-09	-0.0999966
3.69415e-09	-0.0996204
3.69428e-09	-0.0992441
3.6944e-09	-0.0988677
3.69452e-09	-0.0984911
3.69464e-09	-0.0981145
3.69477e-09	-0.0977378
3.69489e-09	-0.097361
3.69501e-09	-0.0969841
3.69513e-09	-0.0966072
3.69525e-09	-0.0962301
3.69538e-09	-0.0958529
3.6955e-09	-0.0954757
3.69562e-09	-0.0950983
3.69574e-09	-0.0947209
3.69587e-09	-0.0943434
3.69599e-09	-0.0939658
3.69611e-09	-0.0935881
3.69623e-09	-0.0932104
3.69635e-09	-0.0928325
3.69648e-09	-0.0924546
3.6966e-09	-0.0920766
3.69672e-09	-0.0916986
3.69684e-09	-0.0913204
3.69697e-09	-0.0909422
3.69709e-09	-0.090564
3.69721e-09	-0.0901856
3.69733e-09	-0.0898072
3.69745e-09	-0.0894288
3.69758e-09	-0.0890503
3.6977e-09	-0.0886717
3.69782e-09	-0.088293
3.69794e-09	-0.0879143
3.69807e-09	-0.0875355
3.69819e-09	-0.0871567
3.69831e-09	-0.0867779
3.69843e-09	-0.0863989
3.69855e-09	-0.0860199
3.69868e-09	-0.0856409
3.6988e-09	-0.0852618
3.69892e-09	-0.0848827
3.69904e-09	-0.0845035
3.69917e-09	-0.0841243
3.69929e-09	-0.0837451
3.69941e-09	-0.0833658
3.69953e-09	-0.0829864
3.69966e-09	-0.0826071
3.69978e-09	-0.0822277
3.6999e-09	-0.0818482
3.70002e-09	-0.0814687
3.70014e-09	-0.0810892
3.70027e-09	-0.0807097
3.70039e-09	-0.0803301
3.70051e-09	-0.0799505
3.70063e-09	-0.0795709
3.70076e-09	-0.0791912
3.70088e-09	-0.0788116
3.701e-09	-0.0784319
3.70112e-09	-0.0780521
3.70124e-09	-0.0776724
3.70137e-09	-0.0772927
3.70149e-09	-0.0769129
3.70161e-09	-0.0765331
3.70173e-09	-0.0761533
3.70186e-09	-0.0757735
3.70198e-09	-0.0753937
3.7021e-09	-0.0750139
3.70222e-09	-0.074634
3.70234e-09	-0.0742542
3.70247e-09	-0.0738743
3.70259e-09	-0.0734945
3.70271e-09	-0.0731146
3.70283e-09	-0.0727348
3.70296e-09	-0.0723549
3.70308e-09	-0.0719751
3.7032e-09	-0.0715952
3.70332e-09	-0.0712154
3.70344e-09	-0.0708355
3.70357e-09	-0.0704557
3.70369e-09	-0.0700759
3.70381e-09	-0.0696961
3.70393e-09	-0.0693163
3.70406e-09	-0.0689365
3.70418e-09	-0.0685568
3.7043e-09	-0.068177
3.70442e-09	-0.0677973
3.70454e-09	-0.0674176
3.70467e-09	-0.0670379
3.70479e-09	-0.0666582
3.70491e-09	-0.0662786
3.70503e-09	-0.065899
3.70516e-09	-0.0655194
3.70528e-09	-0.0651398
3.7054e-09	-0.0647603
3.70552e-09	-0.0643808
3.70564e-09	-0.0640013
3.70577e-09	-0.0636219
3.70589e-09	-0.0632425
3.70601e-09	-0.0628631
3.70613e-09	-0.0624838
3.70626e-09	-0.0621045
3.70638e-09	-0.0617253
3.7065e-09	-0.0613461
3.70662e-09	-0.0609669
3.70674e-09	-0.0605878
3.70687e-09	-0.0602087
3.70699e-09	-0.0598297
3.70711e-09	-0.0594508
3.70723e-09	-0.0590718
3.70736e-09	-0.058693
3.70748e-09	-0.0583142
3.7076e-09	-0.0579354
3.70772e-09	-0.0575567
3.70784e-09	-0.0571781
3.70797e-09	-0.0567995
3.70809e-09	-0.0564209
3.70821e-09	-0.0560425
3.70833e-09	-0.0556641
3.70846e-09	-0.0552858
3.70858e-09	-0.0549075
3.7087e-09	-0.0545293
3.70882e-09	-0.0541511
3.70894e-09	-0.0537731
3.70907e-09	-0.0533951
3.70919e-09	-0.0530172
3.70931e-09	-0.0526393
3.70943e-09	-0.0522616
3.70956e-09	-0.0518839
3.70968e-09	-0.0515063
3.7098e-09	-0.0511287
3.70992e-09	-0.0507513
3.71005e-09	-0.0503739
3.71017e-09	-0.0499966
3.71029e-09	-0.0496194
3.71041e-09	-0.0492423
3.71053e-09	-0.0488653
3.71066e-09	-0.0484883
3.71078e-09	-0.0481115
3.7109e-09	-0.0477347
3.71102e-09	-0.0473581
3.71115e-09	-0.0469815
3.71127e-09	-0.046605
3.71139e-09	-0.0462287
3.71151e-09	-0.0458524
3.71163e-09	-0.0454762
3.71176e-09	-0.0451001
3.71188e-09	-0.0447242
3.712e-09	-0.0443483
3.71212e-09	-0.0439725
3.71225e-09	-0.0435969
3.71237e-09	-0.0432213
3.71249e-09	-0.0428459
3.71261e-09	-0.0424706
3.71273e-09	-0.0420954
3.71286e-09	-0.0417203
3.71298e-09	-0.0413453
3.7131e-09	-0.0409704
3.71322e-09	-0.0405957
3.71335e-09	-0.040221
3.71347e-09	-0.0398465
3.71359e-09	-0.0394721
3.71371e-09	-0.0390979
3.71383e-09	-0.0387237
3.71396e-09	-0.0383497
3.71408e-09	-0.0379758
3.7142e-09	-0.0376021
3.71432e-09	-0.0372284
3.71445e-09	-0.0368549
3.71457e-09	-0.0364816
3.71469e-09	-0.0361083
3.71481e-09	-0.0357352
3.71493e-09	-0.0353623
3.71506e-09	-0.0349895
3.71518e-09	-0.0346168
3.7153e-09	-0.0342442
3.71542e-09	-0.0338718
3.71555e-09	-0.0334996
3.71567e-09	-0.0331274
3.71579e-09	-0.0327555
3.71591e-09	-0.0323836
3.71603e-09	-0.032012
3.71616e-09	-0.0316404
3.71628e-09	-0.031269
3.7164e-09	-0.0308978
3.71652e-09	-0.0305267
3.71665e-09	-0.0301558
3.71677e-09	-0.0297851
3.71689e-09	-0.0294145
3.71701e-09	-0.029044
3.71713e-09	-0.0286737
3.71726e-09	-0.0283036
3.71738e-09	-0.0279336
3.7175e-09	-0.0275638
3.71762e-09	-0.0271942
3.71775e-09	-0.0268247
3.71787e-09	-0.0264554
3.71799e-09	-0.0260863
3.71811e-09	-0.0257173
3.71823e-09	-0.0253485
3.71836e-09	-0.0249799
3.71848e-09	-0.0246114
3.7186e-09	-0.0242432
3.71872e-09	-0.0238751
3.71885e-09	-0.0235071
3.71897e-09	-0.0231394
3.71909e-09	-0.0227718
3.71921e-09	-0.0224045
3.71934e-09	-0.0220373
3.71946e-09	-0.0216703
3.71958e-09	-0.0213034
3.7197e-09	-0.0209368
3.71982e-09	-0.0205703
3.71995e-09	-0.0202041
3.72007e-09	-0.019838
3.72019e-09	-0.0194721
3.72031e-09	-0.0191064
3.72044e-09	-0.0187409
3.72056e-09	-0.0183756
3.72068e-09	-0.0180105
3.7208e-09	-0.0176456
3.72092e-09	-0.0172809
3.72105e-09	-0.0169164
3.72117e-09	-0.016552
3.72129e-09	-0.0161879
3.72141e-09	-0.015824
3.72154e-09	-0.0154603
3.72166e-09	-0.0150968
3.72178e-09	-0.0147336
3.7219e-09	-0.0143705
3.72202e-09	-0.0140076
3.72215e-09	-0.013645
3.72227e-09	-0.0132825
3.72239e-09	-0.0129203
3.72251e-09	-0.0125583
3.72264e-09	-0.0121965
3.72276e-09	-0.0118349
3.72288e-09	-0.0114735
3.723e-09	-0.0111124
3.72312e-09	-0.0107515
3.72325e-09	-0.0103908
3.72337e-09	-0.0100303
3.72349e-09	-0.00967003
3.72361e-09	-0.00931
3.72374e-09	-0.0089502
3.72386e-09	-0.00859062
3.72398e-09	-0.00823128
3.7241e-09	-0.00787216
3.72422e-09	-0.00751328
3.72435e-09	-0.00715463
3.72447e-09	-0.00679622
3.72459e-09	-0.00643804
3.72471e-09	-0.00608009
3.72484e-09	-0.00572238
3.72496e-09	-0.00536492
3.72508e-09	-0.00500769
3.7252e-09	-0.0046507
3.72532e-09	-0.00429396
3.72545e-09	-0.00393745
3.72557e-09	-0.0035812
3.72569e-09	-0.00322519
3.72581e-09	-0.00286942
3.72594e-09	-0.00251391
3.72606e-09	-0.00215864
3.72618e-09	-0.00180362
3.7263e-09	-0.00144886
3.72642e-09	-0.00109435
3.72655e-09	-0.000740089
3.72667e-09	-0.000386086
3.72679e-09	-3.23397e-05
3.72691e-09	0.00032115
3.72704e-09	0.00067438
3.72716e-09	0.00102735
3.72728e-09	0.00138006
3.7274e-09	0.00173251
3.72752e-09	0.00208469
3.72765e-09	0.00243662
3.72777e-09	0.00278827
3.72789e-09	0.00313966
3.72801e-09	0.00349078
3.72814e-09	0.00384163
3.72826e-09	0.00419222
3.72838e-09	0.00454253
3.7285e-09	0.00489257
3.72862e-09	0.00524233
3.72875e-09	0.00559182
3.72887e-09	0.00594104
3.72899e-09	0.00628998
3.72911e-09	0.00663864
3.72924e-09	0.00698702
3.72936e-09	0.00733512
3.72948e-09	0.00768294
3.7296e-09	0.00803048
3.72973e-09	0.00837774
3.72985e-09	0.00872471
3.72997e-09	0.00907139
3.73009e-09	0.00941779
3.73021e-09	0.0097639
3.73034e-09	0.0101097
3.73046e-09	0.0104552
3.73058e-09	0.0108005
3.7307e-09	0.0111454
3.73083e-09	0.0114901
3.73095e-09	0.0118345
3.73107e-09	0.0121785
3.73119e-09	0.0125223
3.73131e-09	0.0128658
3.73144e-09	0.0132089
3.73156e-09	0.0135518
3.73168e-09	0.0138944
3.7318e-09	0.0142366
3.73193e-09	0.0145786
3.73205e-09	0.0149203
3.73217e-09	0.0152616
3.73229e-09	0.0156027
3.73241e-09	0.0159434
3.73254e-09	0.0162838
3.73266e-09	0.016624
3.73278e-09	0.0169638
3.7329e-09	0.0173033
3.73303e-09	0.0176425
3.73315e-09	0.0179813
3.73327e-09	0.0183199
3.73339e-09	0.0186581
3.73351e-09	0.0189961
3.73364e-09	0.0193337
3.73376e-09	0.019671
3.73388e-09	0.0200079
3.734e-09	0.0203446
3.73413e-09	0.0206809
3.73425e-09	0.0210169
3.73437e-09	0.0213526
3.73449e-09	0.021688
3.73461e-09	0.022023
3.73474e-09	0.0223577
3.73486e-09	0.0226921
3.73498e-09	0.0230261
3.7351e-09	0.0233598
3.73523e-09	0.0236932
3.73535e-09	0.0240262
3.73547e-09	0.024359
3.73559e-09	0.0246913
3.73571e-09	0.0250234
3.73584e-09	0.0253551
3.73596e-09	0.0256865
3.73608e-09	0.0260175
3.7362e-09	0.0263482
3.73633e-09	0.0266785
3.73645e-09	0.0270085
3.73657e-09	0.0273382
3.73669e-09	0.0276675
3.73681e-09	0.0279965
3.73694e-09	0.0283251
3.73706e-09	0.0286534
3.73718e-09	0.0289814
3.7373e-09	0.029309
3.73743e-09	0.0296362
3.73755e-09	0.0299631
3.73767e-09	0.0302896
3.73779e-09	0.0306158
3.73791e-09	0.0309417
3.73804e-09	0.0312671
3.73816e-09	0.0315922
3.73828e-09	0.031917
3.7384e-09	0.0322414
3.73853e-09	0.0325655
3.73865e-09	0.0328892
3.73877e-09	0.0332125
3.73889e-09	0.0335355
3.73902e-09	0.0338581
3.73914e-09	0.0341803
3.73926e-09	0.0345022
3.73938e-09	0.0348237
3.7395e-09	0.0351449
3.73963e-09	0.0354657
3.73975e-09	0.0357861
3.73987e-09	0.0361061
3.73999e-09	0.0364258
3.74012e-09	0.0367451
3.74024e-09	0.037064
3.74036e-09	0.0373826
3.74048e-09	0.0377008
3.7406e-09	0.0380186
3.74073e-09	0.038336
3.74085e-09	0.0386531
3.74097e-09	0.0389698
3.74109e-09	0.0392861
3.74122e-09	0.039602
3.74134e-09	0.0399176
3.74146e-09	0.0402327
3.74158e-09	0.0405475
3.7417e-09	0.0408619
3.74183e-09	0.0411759
3.74195e-09	0.0414895
3.74207e-09	0.0418028
3.74219e-09	0.0421157
3.74232e-09	0.0424281
3.74244e-09	0.0427402
3.74256e-09	0.0430519
3.74268e-09	0.0433632
3.7428e-09	0.0436741
3.74293e-09	0.0439847
3.74305e-09	0.0442948
3.74317e-09	0.0446045
3.74329e-09	0.0449139
3.74342e-09	0.0452228
3.74354e-09	0.0455314
3.74366e-09	0.0458395
3.74378e-09	0.0461473
3.7439e-09	0.0464546
3.74403e-09	0.0467616
3.74415e-09	0.0470681
3.74427e-09	0.0473743
3.74439e-09	0.04768
3.74452e-09	0.0479854
3.74464e-09	0.0482903
3.74476e-09	0.0485949
3.74488e-09	0.048899
3.745e-09	0.0492027
3.74513e-09	0.0495061
3.74525e-09	0.049809
3.74537e-09	0.0501115
3.74549e-09	0.0504136
3.74562e-09	0.0507152
3.74574e-09	0.0510165
3.74586e-09	0.0513174
3.74598e-09	0.0516178
3.7461e-09	0.0519178
3.74623e-09	0.0522175
3.74635e-09	0.0525167
3.74647e-09	0.0528154
3.74659e-09	0.0531138
3.74672e-09	0.0534117
3.74684e-09	0.0537093
3.74696e-09	0.0540064
3.74708e-09	0.0543031
3.7472e-09	0.0545993
3.74733e-09	0.0548952
3.74745e-09	0.0551906
3.74757e-09	0.0554856
3.74769e-09	0.0557801
3.74782e-09	0.0560743
3.74794e-09	0.056368
3.74806e-09	0.0566613
3.74818e-09	0.0569542
3.7483e-09	0.0572466
3.74843e-09	0.0575386
3.74855e-09	0.0578302
3.74867e-09	0.0581213
3.74879e-09	0.058412
3.74892e-09	0.0587023
3.74904e-09	0.0589921
3.74916e-09	0.0592815
3.74928e-09	0.0595705
3.74941e-09	0.059859
3.74953e-09	0.0601471
3.74965e-09	0.0604348
3.74977e-09	0.060722
3.74989e-09	0.0610088
3.75002e-09	0.0612952
3.75014e-09	0.0615811
3.75026e-09	0.0618665
3.75038e-09	0.0621515
3.75051e-09	0.0624361
3.75063e-09	0.0627203
3.75075e-09	0.0630039
3.75087e-09	0.0632872
3.75099e-09	0.06357
3.75112e-09	0.0638523
3.75124e-09	0.0641342
3.75136e-09	0.0644157
3.75148e-09	0.0646967
3.75161e-09	0.0649773
3.75173e-09	0.0652574
3.75185e-09	0.065537
3.75197e-09	0.0658162
3.75209e-09	0.066095
3.75222e-09	0.0663733
3.75234e-09	0.0666511
3.75246e-09	0.0669285
3.75258e-09	0.0672055
3.75271e-09	0.0674819
3.75283e-09	0.067758
3.75295e-09	0.0680335
3.75307e-09	0.0683086
3.75319e-09	0.0685833
3.75332e-09	0.0688575
3.75344e-09	0.0691312
3.75356e-09	0.0694045
3.75368e-09	0.0696773
3.75381e-09	0.0699496
3.75393e-09	0.0702215
3.75405e-09	0.0704929
3.75417e-09	0.0707639
3.75429e-09	0.0710344
3.75442e-09	0.0713044
3.75454e-09	0.0715739
3.75466e-09	0.071843
3.75478e-09	0.0721116
3.75491e-09	0.0723798
3.75503e-09	0.0726475
3.75515e-09	0.0729147
3.75527e-09	0.0731814
3.75539e-09	0.0734477
3.75552e-09	0.0737135
3.75564e-09	0.0739788
3.75576e-09	0.0742437
3.75588e-09	0.074508
3.75601e-09	0.0747719
3.75613e-09	0.0750354
3.75625e-09	0.0752983
3.75637e-09	0.0755608
3.75649e-09	0.0758228
3.75662e-09	0.0760843
3.75674e-09	0.0763454
3.75686e-09	0.0766059
3.75698e-09	0.076866
3.75711e-09	0.0771256
3.75723e-09	0.0773847
3.75735e-09	0.0776434
3.75747e-09	0.0779015
3.75759e-09	0.0781592
3.75772e-09	0.0784164
3.75784e-09	0.0786731
3.75796e-09	0.0789293
3.75808e-09	0.0791851
3.75821e-09	0.0794403
3.75833e-09	0.0796951
3.75845e-09	0.0799494
3.75857e-09	0.0802032
3.7587e-09	0.0804565
3.75882e-09	0.0807093
3.75894e-09	0.0809616
3.75906e-09	0.0812135
3.75918e-09	0.0814648
3.75931e-09	0.0817157
3.75943e-09	0.081966
3.75955e-09	0.0822159
3.75967e-09	0.0824653
3.7598e-09	0.0827142
3.75992e-09	0.0829625
3.76004e-09	0.0832104
3.76016e-09	0.0834578
3.76028e-09	0.0837047
3.76041e-09	0.0839512
3.76053e-09	0.0841971
3.76065e-09	0.0844425
3.76077e-09	0.0846874
3.7609e-09	0.0849318
3.76102e-09	0.0851757
3.76114e-09	0.0854191
3.76126e-09	0.0856621
3.76138e-09	0.0859045
3.76151e-09	0.0861464
3.76163e-09	0.0863878
3.76175e-09	0.0866287
3.76187e-09	0.0868691
3.762e-09	0.087109
3.76212e-09	0.0873484
3.76224e-09	0.0875873
3.76236e-09	0.0878257
3.76248e-09	0.0880636
3.76261e-09	0.0883009
3.76273e-09	0.0885378
3.76285e-09	0.0887742
3.76297e-09	0.08901
3.7631e-09	0.0892454
3.76322e-09	0.0894802
3.76334e-09	0.0897145
3.76346e-09	0.0899484
3.76358e-09	0.0901817
3.76371e-09	0.0904145
3.76383e-09	0.0906467
3.76395e-09	0.0908785
3.76407e-09	0.0911098
3.7642e-09	0.0913405
3.76432e-09	0.0915708
3.76444e-09	0.0918005
3.76456e-09	0.0920297
3.76468e-09	0.0922584
3.76481e-09	0.0924866
3.76493e-09	0.0927142
3.76505e-09	0.0929414
3.76517e-09	0.093168
3.7653e-09	0.0933941
3.76542e-09	0.0936197
3.76554e-09	0.0938448
3.76566e-09	0.0940693
3.76578e-09	0.0942934
3.76591e-09	0.0945169
3.76603e-09	0.0947399
3.76615e-09	0.0949623
3.76627e-09	0.0951843
3.7664e-09	0.0954057
3.76652e-09	0.0956266
3.76664e-09	0.095847
3.76676e-09	0.0960669
3.76688e-09	0.0962862
3.76701e-09	0.0965051
3.76713e-09	0.0967234
3.76725e-09	0.0969411
3.76737e-09	0.0971584
3.7675e-09	0.0973751
3.76762e-09	0.0975913
3.76774e-09	0.097807
3.76786e-09	0.0980221
3.76798e-09	0.0982367
3.76811e-09	0.0984508
3.76823e-09	0.0986644
3.76835e-09	0.0988774
3.76847e-09	0.0990899
3.7686e-09	0.0993019
3.76872e-09	0.0995133
3.76884e-09	0.0997242
3.76896e-09	0.0999346
3.76909e-09	0.100144
3.76921e-09	0.100354
3.76933e-09	0.100563
3.76945e-09	0.100771
3.76957e-09	0.100979
3.7697e-09	0.101186
3.76982e-09	0.101392
3.76994e-09	0.101599
3.77006e-09	0.101804
3.77019e-09	0.102009
3.77031e-09	0.102214
3.77043e-09	0.102418
3.77055e-09	0.102621
3.77067e-09	0.102824
3.7708e-09	0.103026
3.77092e-09	0.103228
3.77104e-09	0.10343
3.77116e-09	0.10363
3.77129e-09	0.103831
3.77141e-09	0.10403
3.77153e-09	0.104229
3.77165e-09	0.104428
3.77177e-09	0.104626
3.7719e-09	0.104824
3.77202e-09	0.105021
3.77214e-09	0.105217
3.77226e-09	0.105413
3.77239e-09	0.105608
3.77251e-09	0.105803
3.77263e-09	0.105998
3.77275e-09	0.106191
3.77287e-09	0.106384
3.773e-09	0.106577
3.77312e-09	0.106769
3.77324e-09	0.106961
3.77336e-09	0.107152
3.77349e-09	0.107342
3.77361e-09	0.107532
3.77373e-09	0.107722
3.77385e-09	0.107911
3.77397e-09	0.108099
3.7741e-09	0.108287
3.77422e-09	0.108474
3.77434e-09	0.108661
3.77446e-09	0.108847
3.77459e-09	0.109032
3.77471e-09	0.109217
3.77483e-09	0.109402
3.77495e-09	0.109586
3.77507e-09	0.109769
3.7752e-09	0.109952
3.77532e-09	0.110134
3.77544e-09	0.110316
3.77556e-09	0.110497
3.77569e-09	0.110678
3.77581e-09	0.110858
3.77593e-09	0.111038
3.77605e-09	0.111217
3.77617e-09	0.111395
3.7763e-09	0.111573
3.77642e-09	0.11175
3.77654e-09	0.111927
3.77666e-09	0.112103
3.77679e-09	0.112279
3.77691e-09	0.112454
3.77703e-09	0.112629
3.77715e-09	0.112803
3.77727e-09	0.112976
3.7774e-09	0.113149
3.77752e-09	0.113322
3.77764e-09	0.113494
3.77776e-09	0.113665
3.77789e-09	0.113836
3.77801e-09	0.114006
3.77813e-09	0.114175
3.77825e-09	0.114344
3.77837e-09	0.114513
3.7785e-09	0.114681
3.77862e-09	0.114848
3.77874e-09	0.115015
3.77886e-09	0.115181
3.77899e-09	0.115347
3.77911e-09	0.115512
3.77923e-09	0.115677
3.77935e-09	0.115841
3.77948e-09	0.116005
3.7796e-09	0.116167
3.77972e-09	0.11633
3.77984e-09	0.116492
3.77996e-09	0.116653
3.78009e-09	0.116814
3.78021e-09	0.116974
3.78033e-09	0.117133
3.78045e-09	0.117293
3.78058e-09	0.117451
3.7807e-09	0.117609
3.78082e-09	0.117766
3.78094e-09	0.117923
3.78106e-09	0.118079
3.78119e-09	0.118235
3.78131e-09	0.11839
3.78143e-09	0.118545
3.78155e-09	0.118699
3.78168e-09	0.118852
3.7818e-09	0.119005
3.78192e-09	0.119158
3.78204e-09	0.119309
3.78216e-09	0.119461
3.78229e-09	0.119611
3.78241e-09	0.119761
3.78253e-09	0.119911
3.78265e-09	0.12006
3.78278e-09	0.120208
3.7829e-09	0.120356
3.78302e-09	0.120503
3.78314e-09	0.12065
3.78326e-09	0.120796
3.78339e-09	0.120942
3.78351e-09	0.121087
3.78363e-09	0.121231
3.78375e-09	0.121375
3.78388e-09	0.121519
3.784e-09	0.121662
3.78412e-09	0.121804
3.78424e-09	0.121945
3.78436e-09	0.122087
3.78449e-09	0.122227
3.78461e-09	0.122367
3.78473e-09	0.122507
3.78485e-09	0.122645
3.78498e-09	0.122784
3.7851e-09	0.122921
3.78522e-09	0.123059
3.78534e-09	0.123195
3.78546e-09	0.123331
3.78559e-09	0.123467
3.78571e-09	0.123602
3.78583e-09	0.123736
3.78595e-09	0.12387
3.78608e-09	0.124003
3.7862e-09	0.124136
3.78632e-09	0.124268
3.78644e-09	0.124399
3.78656e-09	0.12453
3.78669e-09	0.124661
3.78681e-09	0.124791
3.78693e-09	0.12492
3.78705e-09	0.125048
3.78718e-09	0.125177
3.7873e-09	0.125304
3.78742e-09	0.125431
3.78754e-09	0.125558
3.78766e-09	0.125684
3.78779e-09	0.125809
3.78791e-09	0.125934
3.78803e-09	0.126058
3.78815e-09	0.126181
3.78828e-09	0.126305
3.7884e-09	0.126427
3.78852e-09	0.126549
3.78864e-09	0.12667
3.78877e-09	0.126791
3.78889e-09	0.126911
3.78901e-09	0.127031
3.78913e-09	0.12715
3.78925e-09	0.127269
3.78938e-09	0.127387
3.7895e-09	0.127504
3.78962e-09	0.127621
3.78974e-09	0.127737
3.78987e-09	0.127853
3.78999e-09	0.127968
3.79011e-09	0.128083
3.79023e-09	0.128197
3.79035e-09	0.12831
3.79048e-09	0.128423
3.7906e-09	0.128535
3.79072e-09	0.128647
3.79084e-09	0.128758
3.79097e-09	0.128869
3.79109e-09	0.128979
3.79121e-09	0.129088
3.79133e-09	0.129197
3.79145e-09	0.129306
3.79158e-09	0.129413
3.7917e-09	0.129521
3.79182e-09	0.129627
3.79194e-09	0.129733
3.79207e-09	0.129839
3.79219e-09	0.129944
3.79231e-09	0.130048
3.79243e-09	0.130152
3.79255e-09	0.130255
3.79268e-09	0.130358
3.7928e-09	0.13046
3.79292e-09	0.130562
3.79304e-09	0.130663
3.79317e-09	0.130763
3.79329e-09	0.130863
3.79341e-09	0.130963
3.79353e-09	0.131061
3.79365e-09	0.131159
3.79378e-09	0.131257
3.7939e-09	0.131354
3.79402e-09	0.131451
3.79414e-09	0.131547
3.79427e-09	0.131642
3.79439e-09	0.131737
3.79451e-09	0.131831
3.79463e-09	0.131925
3.79475e-09	0.132018
3.79488e-09	0.13211
3.795e-09	0.132202
3.79512e-09	0.132294
3.79524e-09	0.132385
3.79537e-09	0.132475
3.79549e-09	0.132565
3.79561e-09	0.132654
3.79573e-09	0.132742
3.79585e-09	0.13283
3.79598e-09	0.132918
3.7961e-09	0.133005
3.79622e-09	0.133091
3.79634e-09	0.133177
3.79647e-09	0.133262
3.79659e-09	0.133347
3.79671e-09	0.133431
3.79683e-09	0.133514
3.79695e-09	0.133597
3.79708e-09	0.13368
3.7972e-09	0.133762
3.79732e-09	0.133843
3.79744e-09	0.133924
3.79757e-09	0.134004
3.79769e-09	0.134083
3.79781e-09	0.134162
3.79793e-09	0.134241
3.79805e-09	0.134319
3.79818e-09	0.134396
3.7983e-09	0.134473
3.79842e-09	0.134549
3.79854e-09	0.134625
3.79867e-09	0.1347
3.79879e-09	0.134774
3.79891e-09	0.134848
3.79903e-09	0.134922
3.79916e-09	0.134995
3.79928e-09	0.135067
3.7994e-09	0.135139
3.79952e-09	0.13521
3.79964e-09	0.135281
3.79977e-09	0.135351
3.79989e-09	0.13542
3.80001e-09	0.135489
3.80013e-09	0.135558
3.80026e-09	0.135625
3.80038e-09	0.135693
3.8005e-09	0.135759
3.80062e-09	0.135826
3.80074e-09	0.135891
3.80087e-09	0.135956
3.80099e-09	0.136021
3.80111e-09	0.136085
3.80123e-09	0.136148
3.80136e-09	0.136211
3.80148e-09	0.136273
3.8016e-09	0.136335
3.80172e-09	0.136396
3.80184e-09	0.136456
3.80197e-09	0.136516
3.80209e-09	0.136576
3.80221e-09	0.136635
3.80233e-09	0.136693
3.80246e-09	0.136751
3.80258e-09	0.136808
3.8027e-09	0.136865
3.80282e-09	0.136921
3.80294e-09	0.136977
3.80307e-09	0.137032
3.80319e-09	0.137086
3.80331e-09	0.13714
3.80343e-09	0.137194
3.80356e-09	0.137246
3.80368e-09	0.137299
3.8038e-09	0.13735
3.80392e-09	0.137402
3.80404e-09	0.137452
3.80417e-09	0.137502
3.80429e-09	0.137552
3.80441e-09	0.137601
3.80453e-09	0.137649
3.80466e-09	0.137697
3.80478e-09	0.137744
3.8049e-09	0.137791
3.80502e-09	0.137837
3.80514e-09	0.137883
3.80527e-09	0.137928
3.80539e-09	0.137973
3.80551e-09	0.138017
3.80563e-09	0.13806
3.80576e-09	0.138103
3.80588e-09	0.138145
3.806e-09	0.138187
3.80612e-09	0.138228
3.80624e-09	0.138269
3.80637e-09	0.138309
3.80649e-09	0.138349
3.80661e-09	0.138388
3.80673e-09	0.138426
3.80686e-09	0.138464
3.80698e-09	0.138502
3.8071e-09	0.138539
3.80722e-09	0.138575
3.80734e-09	0.138611
3.80747e-09	0.138646
3.80759e-09	0.138681
3.80771e-09	0.138715
3.80783e-09	0.138749
3.80796e-09	0.138782
3.80808e-09	0.138814
3.8082e-09	0.138846
3.80832e-09	0.138878
3.80845e-09	0.138908
3.80857e-09	0.138939
3.80869e-09	0.138969
3.80881e-09	0.138998
3.80893e-09	0.139027
3.80906e-09	0.139055
3.80918e-09	0.139082
3.8093e-09	0.13911
3.80942e-09	0.139136
3.80955e-09	0.139162
3.80967e-09	0.139188
3.80979e-09	0.139213
3.80991e-09	0.139237
3.81003e-09	0.139261
3.81016e-09	0.139284
3.81028e-09	0.139307
3.8104e-09	0.139329
3.81052e-09	0.139351
3.81065e-09	0.139372
3.81077e-09	0.139393
3.81089e-09	0.139413
3.81101e-09	0.139433
3.81113e-09	0.139452
3.81126e-09	0.13947
3.81138e-09	0.139488
3.8115e-09	0.139505
3.81162e-09	0.139522
3.81175e-09	0.139539
3.81187e-09	0.139555
3.81199e-09	0.13957
3.81211e-09	0.139585
3.81223e-09	0.139599
3.81236e-09	0.139613
3.81248e-09	0.139626
3.8126e-09	0.139638
3.81272e-09	0.13965
3.81285e-09	0.139662
3.81297e-09	0.139673
3.81309e-09	0.139684
3.81321e-09	0.139694
3.81333e-09	0.139703
3.81346e-09	0.139712
3.81358e-09	0.13972
3.8137e-09	0.139728
3.81382e-09	0.139736
3.81395e-09	0.139742
3.81407e-09	0.139749
3.81419e-09	0.139754
3.81431e-09	0.13976
3.81443e-09	0.139764
3.81456e-09	0.139769
3.81468e-09	0.139772
3.8148e-09	0.139775
3.81492e-09	0.139778
3.81505e-09	0.13978
3.81517e-09	0.139782
3.81529e-09	0.139783
3.81541e-09	0.139783
3.81553e-09	0.139783
3.81566e-09	0.139783
3.81578e-09	0.139782
3.8159e-09	0.13978
3.81602e-09	0.139778
3.81615e-09	0.139775
3.81627e-09	0.139772
3.81639e-09	0.139768
3.81651e-09	0.139764
3.81663e-09	0.13976
3.81676e-09	0.139754
3.81688e-09	0.139749
3.817e-09	0.139742
3.81712e-09	0.139736
3.81725e-09	0.139728
3.81737e-09	0.139721
3.81749e-09	0.139712
3.81761e-09	0.139704
3.81773e-09	0.139694
3.81786e-09	0.139684
3.81798e-09	0.139674
3.8181e-09	0.139663
3.81822e-09	0.139652
3.81835e-09	0.13964
3.81847e-09	0.139627
3.81859e-09	0.139614
3.81871e-09	0.139601
3.81884e-09	0.139587
3.81896e-09	0.139573
3.81908e-09	0.139558
3.8192e-09	0.139542
3.81932e-09	0.139526
3.81945e-09	0.13951
3.81957e-09	0.139493
3.81969e-09	0.139475
3.81981e-09	0.139457
3.81994e-09	0.139439
3.82006e-09	0.13942
3.82018e-09	0.1394
3.8203e-09	0.13938
3.82042e-09	0.139359
3.82055e-09	0.139338
3.82067e-09	0.139317
3.82079e-09	0.139295
3.82091e-09	0.139272
3.82104e-09	0.139249
3.82116e-09	0.139226
3.82128e-09	0.139202
3.8214e-09	0.139177
3.82152e-09	0.139152
3.82165e-09	0.139126
3.82177e-09	0.1391
3.82189e-09	0.139074
3.82201e-09	0.139047
3.82214e-09	0.139019
3.82226e-09	0.138991
3.82238e-09	0.138963
3.8225e-09	0.138933
3.82262e-09	0.138904
3.82275e-09	0.138874
3.82287e-09	0.138843
3.82299e-09	0.138812
3.82311e-09	0.138781
3.82324e-09	0.138749
3.82336e-09	0.138716
3.82348e-09	0.138683
3.8236e-09	0.13865
3.82372e-09	0.138616
3.82385e-09	0.138581
3.82397e-09	0.138546
3.82409e-09	0.138511
3.82421e-09	0.138475
3.82434e-09	0.138438
3.82446e-09	0.138402
3.82458e-09	0.138364
3.8247e-09	0.138326
3.82482e-09	0.138288
3.82495e-09	0.138249
3.82507e-09	0.13821
3.82519e-09	0.13817
3.82531e-09	0.138129
3.82544e-09	0.138089
3.82556e-09	0.138047
3.82568e-09	0.138006
3.8258e-09	0.137963
3.82592e-09	0.13792
3.82605e-09	0.137877
3.82617e-09	0.137834
3.82629e-09	0.137789
3.82641e-09	0.137745
3.82654e-09	0.1377
3.82666e-09	0.137654
3.82678e-09	0.137608
3.8269e-09	0.137561
3.82702e-09	0.137514
3.82715e-09	0.137467
3.82727e-09	0.137419
3.82739e-09	0.13737
3.82751e-09	0.137321
3.82764e-09	0.137272
3.82776e-09	0.137222
3.82788e-09	0.137171
3.828e-09	0.137121
3.82813e-09	0.137069
3.82825e-09	0.137018
3.82837e-09	0.136965
3.82849e-09	0.136912
3.82861e-09	0.136859
3.82874e-09	0.136806
3.82886e-09	0.136751
3.82898e-09	0.136697
3.8291e-09	0.136642
3.82923e-09	0.136586
3.82935e-09	0.13653
3.82947e-09	0.136474
3.82959e-09	0.136417
3.82971e-09	0.136359
3.82984e-09	0.136301
3.82996e-09	0.136243
3.83008e-09	0.136184
3.8302e-09	0.136125
3.83033e-09	0.136065
3.83045e-09	0.136005
3.83057e-09	0.135945
3.83069e-09	0.135883
3.83081e-09	0.135822
3.83094e-09	0.13576
3.83106e-09	0.135697
3.83118e-09	0.135634
3.8313e-09	0.135571
3.83143e-09	0.135507
3.83155e-09	0.135443
3.83167e-09	0.135378
3.83179e-09	0.135313
3.83191e-09	0.135247
3.83204e-09	0.135181
3.83216e-09	0.135115
3.83228e-09	0.135048
3.8324e-09	0.13498
3.83253e-09	0.134912
3.83265e-09	0.134844
3.83277e-09	0.134775
3.83289e-09	0.134706
3.83301e-09	0.134636
3.83314e-09	0.134566
3.83326e-09	0.134495
3.83338e-09	0.134424
3.8335e-09	0.134353
3.83363e-09	0.134281
3.83375e-09	0.134208
3.83387e-09	0.134135
3.83399e-09	0.134062
3.83411e-09	0.133988
3.83424e-09	0.133914
3.83436e-09	0.133839
3.83448e-09	0.133764
3.8346e-09	0.133689
3.83473e-09	0.133613
3.83485e-09	0.133537
3.83497e-09	0.13346
3.83509e-09	0.133383
3.83521e-09	0.133305
3.83534e-09	0.133227
3.83546e-09	0.133148
3.83558e-09	0.133069
3.8357e-09	0.13299
3.83583e-09	0.13291
3.83595e-09	0.13283
3.83607e-09	0.132749
3.83619e-09	0.132668
3.83631e-09	0.132586
3.83644e-09	0.132504
3.83656e-09	0.132422
3.83668e-09	0.132339
3.8368e-09	0.132255
3.83693e-09	0.132172
3.83705e-09	0.132088
3.83717e-09	0.132003
3.83729e-09	0.131918
3.83741e-09	0.131832
3.83754e-09	0.131747
3.83766e-09	0.13166
3.83778e-09	0.131574
3.8379e-09	0.131486
3.83803e-09	0.131399
3.83815e-09	0.131311
3.83827e-09	0.131223
3.83839e-09	0.131134
3.83852e-09	0.131044
3.83864e-09	0.130955
3.83876e-09	0.130865
3.83888e-09	0.130774
3.839e-09	0.130683
3.83913e-09	0.130592
3.83925e-09	0.1305
3.83937e-09	0.130408
3.83949e-09	0.130316
3.83962e-09	0.130223
3.83974e-09	0.130129
3.83986e-09	0.130035
3.83998e-09	0.129941
3.8401e-09	0.129846
3.84023e-09	0.129751
3.84035e-09	0.129656
3.84047e-09	0.12956
3.84059e-09	0.129464
3.84072e-09	0.129367
3.84084e-09	0.12927
3.84096e-09	0.129173
3.84108e-09	0.129075
3.8412e-09	0.128976
3.84133e-09	0.128878
3.84145e-09	0.128779
3.84157e-09	0.128679
3.84169e-09	0.128579
3.84182e-09	0.128479
3.84194e-09	0.128378
3.84206e-09	0.128277
3.84218e-09	0.128176
3.8423e-09	0.128074
3.84243e-09	0.127971
3.84255e-09	0.127869
3.84267e-09	0.127766
3.84279e-09	0.127662
3.84292e-09	0.127558
3.84304e-09	0.127454
3.84316e-09	0.127349
3.84328e-09	0.127244
3.8434e-09	0.127139
3.84353e-09	0.127033
3.84365e-09	0.126927
3.84377e-09	0.12682
3.84389e-09	0.126713
3.84402e-09	0.126606
3.84414e-09	0.126498
3.84426e-09	0.12639
3.84438e-09	0.126281
3.8445e-09	0.126172
3.84463e-09	0.126063
3.84475e-09	0.125953
3.84487e-09	0.125843
3.84499e-09	0.125733
3.84512e-09	0.125622
3.84524e-09	0.125511
3.84536e-09	0.125399
3.84548e-09	0.125287
3.8456e-09	0.125175
3.84573e-09	0.125062
3.84585e-09	0.124949
3.84597e-09	0.124835
3.84609e-09	0.124721
3.84622e-09	0.124607
3.84634e-09	0.124493
3.84646e-09	0.124378
3.84658e-09	0.124262
3.8467e-09	0.124146
3.84683e-09	0.12403
3.84695e-09	0.123914
3.84707e-09	0.123797
3.84719e-09	0.12368
3.84732e-09	0.123562
3.84744e-09	0.123444
3.84756e-09	0.123326
3.84768e-09	0.123207
3.84781e-09	0.123088
3.84793e-09	0.122969
3.84805e-09	0.122849
3.84817e-09	0.122729
3.84829e-09	0.122608
3.84842e-09	0.122487
3.84854e-09	0.122366
3.84866e-09	0.122244
3.84878e-09	0.122123
3.84891e-09	0.122
3.84903e-09	0.121878
3.84915e-09	0.121755
3.84927e-09	0.121631
3.84939e-09	0.121507
3.84952e-09	0.121383
3.84964e-09	0.121259
3.84976e-09	0.121134
3.84988e-09	0.121009
3.85001e-09	0.120883
3.85013e-09	0.120758
3.85025e-09	0.120631
3.85037e-09	0.120505
3.85049e-09	0.120378
3.85062e-09	0.120251
3.85074e-09	0.120123
3.85086e-09	0.119995
3.85098e-09	0.119867
3.85111e-09	0.119738
3.85123e-09	0.119609
3.85135e-09	0.11948
3.85147e-09	0.11935
3.85159e-09	0.11922
3.85172e-09	0.11909
3.85184e-09	0.118959
3.85196e-09	0.118828
3.85208e-09	0.118697
3.85221e-09	0.118565
3.85233e-09	0.118433
3.85245e-09	0.118301
3.85257e-09	0.118168
3.85269e-09	0.118035
3.85282e-09	0.117901
3.85294e-09	0.117768
3.85306e-09	0.117634
3.85318e-09	0.117499
3.85331e-09	0.117365
3.85343e-09	0.117229
3.85355e-09	0.117094
3.85367e-09	0.116958
3.85379e-09	0.116822
3.85392e-09	0.116686
3.85404e-09	0.116549
3.85416e-09	0.116412
3.85428e-09	0.116275
3.85441e-09	0.116137
3.85453e-09	0.115999
3.85465e-09	0.115861
3.85477e-09	0.115722
3.85489e-09	0.115583
3.85502e-09	0.115444
3.85514e-09	0.115305
3.85526e-09	0.115165
3.85538e-09	0.115025
3.85551e-09	0.114884
3.85563e-09	0.114743
3.85575e-09	0.114602
3.85587e-09	0.11446
3.85599e-09	0.114319
3.85612e-09	0.114177
3.85624e-09	0.114034
3.85636e-09	0.113891
3.85648e-09	0.113748
3.85661e-09	0.113605
3.85673e-09	0.113461
3.85685e-09	0.113317
3.85697e-09	0.113173
3.85709e-09	0.113029
3.85722e-09	0.112884
3.85734e-09	0.112738
3.85746e-09	0.112593
3.85758e-09	0.112447
3.85771e-09	0.112301
3.85783e-09	0.112155
3.85795e-09	0.112008
3.85807e-09	0.111861
3.8582e-09	0.111714
3.85832e-09	0.111566
3.85844e-09	0.111418
3.85856e-09	0.11127
3.85868e-09	0.111121
3.85881e-09	0.110973
3.85893e-09	0.110824
3.85905e-09	0.110674
3.85917e-09	0.110524
3.8593e-09	0.110374
3.85942e-09	0.110224
3.85954e-09	0.110074
3.85966e-09	0.109923
3.85978e-09	0.109772
3.85991e-09	0.10962
3.86003e-09	0.109469
3.86015e-09	0.109317
3.86027e-09	0.109164
3.8604e-09	0.109012
3.86052e-09	0.108859
3.86064e-09	0.108706
3.86076e-09	0.108552
3.86088e-09	0.108399
3.86101e-09	0.108245
3.86113e-09	0.108091
3.86125e-09	0.107936
3.86137e-09	0.107781
3.8615e-09	0.107626
3.86162e-09	0.107471
3.86174e-09	0.107315
3.86186e-09	0.107159
3.86198e-09	0.107003
3.86211e-09	0.106847
3.86223e-09	0.10669
3.86235e-09	0.106533
3.86247e-09	0.106376
3.8626e-09	0.106218
3.86272e-09	0.10606
3.86284e-09	0.105902
3.86296e-09	0.105744
3.86308e-09	0.105585
3.86321e-09	0.105426
3.86333e-09	0.105267
3.86345e-09	0.105108
3.86357e-09	0.104948
3.8637e-09	0.104788
3.86382e-09	0.104628
3.86394e-09	0.104467
3.86406e-09	0.104307
3.86418e-09	0.104146
3.86431e-09	0.103984
3.86443e-09	0.103823
3.86455e-09	0.103661
3.86467e-09	0.103499
3.8648e-09	0.103337
3.86492e-09	0.103174
3.86504e-09	0.103012
3.86516e-09	0.102849
3.86528e-09	0.102685
3.86541e-09	0.102522
3.86553e-09	0.102358
3.86565e-09	0.102194
3.86577e-09	0.10203
3.8659e-09	0.101865
3.86602e-09	0.1017
3.86614e-09	0.101535
3.86626e-09	0.10137
3.86638e-09	0.101205
3.86651e-09	0.101039
3.86663e-09	0.100873
3.86675e-09	0.100707
3.86687e-09	0.10054
3.867e-09	0.100373
3.86712e-09	0.100207
3.86724e-09	0.100039
3.86736e-09	0.0998719
3.86749e-09	0.0997042
3.86761e-09	0.0995363
3.86773e-09	0.0993682
3.86785e-09	0.0991998
3.86797e-09	0.0990312
3.8681e-09	0.0988623
3.86822e-09	0.0986933
3.86834e-09	0.098524
3.86846e-09	0.0983544
3.86859e-09	0.0981847
3.86871e-09	0.0980147
3.86883e-09	0.0978444
3.86895e-09	0.097674
3.86907e-09	0.0975033
3.8692e-09	0.0973324
3.86932e-09	0.0971613
3.86944e-09	0.0969899
3.86956e-09	0.0968184
3.86969e-09	0.0966466
3.86981e-09	0.0964745
3.86993e-09	0.0963023
3.87005e-09	0.0961298
3.87017e-09	0.0959572
3.8703e-09	0.0957843
3.87042e-09	0.0956112
3.87054e-09	0.0954378
3.87066e-09	0.0952643
3.87079e-09	0.0950905
3.87091e-09	0.0949166
3.87103e-09	0.0947424
3.87115e-09	0.094568
3.87127e-09	0.0943934
3.8714e-09	0.0942186
3.87152e-09	0.0940436
3.87164e-09	0.0938683
3.87176e-09	0.0936929
3.87189e-09	0.0935172
3.87201e-09	0.0933414
3.87213e-09	0.0931653
3.87225e-09	0.092989
3.87237e-09	0.0928126
3.8725e-09	0.0926359
3.87262e-09	0.092459
3.87274e-09	0.092282
3.87286e-09	0.0921047
3.87299e-09	0.0919272
3.87311e-09	0.0917495
3.87323e-09	0.0915717
3.87335e-09	0.0913936
3.87347e-09	0.0912153
3.8736e-09	0.0910369
3.87372e-09	0.0908582
3.87384e-09	0.0906794
3.87396e-09	0.0905003
3.87409e-09	0.0903211
3.87421e-09	0.0901417
3.87433e-09	0.0899621
3.87445e-09	0.0897823
3.87457e-09	0.0896023
3.8747e-09	0.0894221
3.87482e-09	0.0892418
3.87494e-09	0.0890612
3.87506e-09	0.0888805
3.87519e-09	0.0886995
3.87531e-09	0.0885184
3.87543e-09	0.0883372
3.87555e-09	0.0881557
3.87567e-09	0.087974
3.8758e-09	0.0877922
3.87592e-09	0.0876102
3.87604e-09	0.087428
3.87616e-09	0.0872457
3.87629e-09	0.0870631
3.87641e-09	0.0868804
3.87653e-09	0.0866975
3.87665e-09	0.0865145
3.87677e-09	0.0863312
3.8769e-09	0.0861478
3.87702e-09	0.0859642
3.87714e-09	0.0857805
3.87726e-09	0.0855966
3.87739e-09	0.0854125
3.87751e-09	0.0852282
3.87763e-09	0.0850438
3.87775e-09	0.0848592
3.87788e-09	0.0846744
3.878e-09	0.0844895
3.87812e-09	0.0843044
3.87824e-09	0.0841192
3.87836e-09	0.0839337
3.87849e-09	0.0837482
3.87861e-09	0.0835624
3.87873e-09	0.0833765
3.87885e-09	0.0831905
3.87898e-09	0.0830043
3.8791e-09	0.0828179
3.87922e-09	0.0826314
3.87934e-09	0.0824447
3.87946e-09	0.0822578
3.87959e-09	0.0820709
3.87971e-09	0.0818837
3.87983e-09	0.0816964
3.87995e-09	0.081509
3.88008e-09	0.0813214
3.8802e-09	0.0811336
3.88032e-09	0.0809457
3.88044e-09	0.0807577
3.88056e-09	0.0805695
3.88069e-09	0.0803811
3.88081e-09	0.0801927
3.88093e-09	0.080004
3.88105e-09	0.0798153
3.88118e-09	0.0796263
3.8813e-09	0.0794373
3.88142e-09	0.0792481
3.88154e-09	0.0790587
3.88166e-09	0.0788693
3.88179e-09	0.0786796
3.88191e-09	0.0784899
3.88203e-09	0.0783
3.88215e-09	0.07811
3.88228e-09	0.0779198
3.8824e-09	0.0777295
3.88252e-09	0.0775391
3.88264e-09	0.0773485
3.88276e-09	0.0771578
3.88289e-09	0.076967
3.88301e-09	0.076776
3.88313e-09	0.0765849
3.88325e-09	0.0763937
3.88338e-09	0.0762023
3.8835e-09	0.0760109
3.88362e-09	0.0758193
3.88374e-09	0.0756275
3.88386e-09	0.0754357
3.88399e-09	0.0752437
3.88411e-09	0.0750516
3.88423e-09	0.0748594
3.88435e-09	0.0746671
3.88448e-09	0.0744746
3.8846e-09	0.074282
3.88472e-09	0.0740893
3.88484e-09	0.0738965
3.88496e-09	0.0737036
3.88509e-09	0.0735105
3.88521e-09	0.0733173
3.88533e-09	0.0731241
3.88545e-09	0.0729307
3.88558e-09	0.0727372
3.8857e-09	0.0725435
3.88582e-09	0.0723498
3.88594e-09	0.072156
3.88606e-09	0.071962
3.88619e-09	0.0717679
3.88631e-09	0.0715738
3.88643e-09	0.0713795
3.88655e-09	0.0711851
3.88668e-09	0.0709906
3.8868e-09	0.0707961
3.88692e-09	0.0706014
3.88704e-09	0.0704066
3.88717e-09	0.0702117
3.88729e-09	0.0700167
3.88741e-09	0.0698216
3.88753e-09	0.0696264
3.88765e-09	0.0694311
3.88778e-09	0.0692357
3.8879e-09	0.0690402
3.88802e-09	0.0688446
3.88814e-09	0.0686489
3.88827e-09	0.0684531
3.88839e-09	0.0682572
3.88851e-09	0.0680612
3.88863e-09	0.0678652
3.88875e-09	0.067669
3.88888e-09	0.0674728
3.889e-09	0.0672765
3.88912e-09	0.06708
3.88924e-09	0.0668835
3.88937e-09	0.0666869
3.88949e-09	0.0664902
3.88961e-09	0.0662935
3.88973e-09	0.0660966
3.88985e-09	0.0658997
3.88998e-09	0.0657027
3.8901e-09	0.0655056
3.89022e-09	0.0653084
3.89034e-09	0.0651111
3.89047e-09	0.0649138
3.89059e-09	0.0647163
3.89071e-09	0.0645188
3.89083e-09	0.0643213
3.89095e-09	0.0641236
3.89108e-09	0.0639259
3.8912e-09	0.0637281
3.89132e-09	0.0635302
3.89144e-09	0.0633322
3.89157e-09	0.0631342
3.89169e-09	0.0629361
3.89181e-09	0.0627379
3.89193e-09	0.0625397
3.89205e-09	0.0623414
3.89218e-09	0.062143
3.8923e-09	0.0619446
3.89242e-09	0.0617461
3.89254e-09	0.0615475
3.89267e-09	0.0613488
3.89279e-09	0.0611501
3.89291e-09	0.0609514
3.89303e-09	0.0607525
3.89315e-09	0.0605536
3.89328e-09	0.0603547
3.8934e-09	0.0601557
3.89352e-09	0.0599566
3.89364e-09	0.0597575
3.89377e-09	0.0595583
3.89389e-09	0.059359
3.89401e-09	0.0591597
3.89413e-09	0.0589604
3.89425e-09	0.0587609
3.89438e-09	0.0585615
3.8945e-09	0.058362
3.89462e-09	0.0581624
3.89474e-09	0.0579628
3.89487e-09	0.0577631
3.89499e-09	0.0575634
3.89511e-09	0.0573636
3.89523e-09	0.0571638
3.89535e-09	0.0569639
3.89548e-09	0.056764
3.8956e-09	0.056564
3.89572e-09	0.056364
3.89584e-09	0.056164
3.89597e-09	0.0559639
3.89609e-09	0.0557637
3.89621e-09	0.0555635
3.89633e-09	0.0553633
3.89645e-09	0.0551631
3.89658e-09	0.0549628
3.8967e-09	0.0547624
3.89682e-09	0.0545621
3.89694e-09	0.0543616
3.89707e-09	0.0541612
3.89719e-09	0.0539607
3.89731e-09	0.0537602
3.89743e-09	0.0535596
3.89756e-09	0.0533591
3.89768e-09	0.0531584
3.8978e-09	0.0529578
3.89792e-09	0.0527571
3.89804e-09	0.0525564
3.89817e-09	0.0523557
3.89829e-09	0.0521549
3.89841e-09	0.0519541
3.89853e-09	0.0517533
3.89866e-09	0.0515524
3.89878e-09	0.0513516
3.8989e-09	0.0511507
3.89902e-09	0.0509498
3.89914e-09	0.0507488
3.89927e-09	0.0505479
3.89939e-09	0.0503469
3.89951e-09	0.0501459
3.89963e-09	0.0499449
3.89976e-09	0.0497438
3.89988e-09	0.0495428
3.9e-09	0.0493417
3.90012e-09	0.0491406
3.90024e-09	0.0489395
3.90037e-09	0.0487384
3.90049e-09	0.0485372
3.90061e-09	0.0483361
3.90073e-09	0.0481349
3.90086e-09	0.0479337
3.90098e-09	0.0477325
3.9011e-09	0.0475313
3.90122e-09	0.0473301
3.90134e-09	0.0471289
3.90147e-09	0.0469277
3.90159e-09	0.0467265
3.90171e-09	0.0465252
3.90183e-09	0.046324
3.90196e-09	0.0461228
3.90208e-09	0.0459215
3.9022e-09	0.0457203
3.90232e-09	0.045519
3.90244e-09	0.0453178
3.90257e-09	0.0451165
3.90269e-09	0.0449152
3.90281e-09	0.044714
3.90293e-09	0.0445127
3.90306e-09	0.0443115
3.90318e-09	0.0441102
3.9033e-09	0.043909
3.90342e-09	0.0437077
3.90354e-09	0.0435065
3.90367e-09	0.0433053
3.90379e-09	0.0431041
3.90391e-09	0.0429028
3.90403e-09	0.0427016
3.90416e-09	0.0425004
3.90428e-09	0.0422993
3.9044e-09	0.0420981
3.90452e-09	0.0418969
3.90464e-09	0.0416958
3.90477e-09	0.0414946
3.90489e-09	0.0412935
3.90501e-09	0.0410924
3.90513e-09	0.0408913
3.90526e-09	0.0406902
3.90538e-09	0.0404892
3.9055e-09	0.0402881
3.90562e-09	0.0400871
3.90574e-09	0.0398861
3.90587e-09	0.0396851
3.90599e-09	0.0394841
3.90611e-09	0.0392832
3.90623e-09	0.0390822
3.90636e-09	0.0388813
3.90648e-09	0.0386805
3.9066e-09	0.0384796
3.90672e-09	0.0382788
3.90685e-09	0.038078
3.90697e-09	0.0378772
3.90709e-09	0.0376765
3.90721e-09	0.0374757
3.90733e-09	0.037275
3.90746e-09	0.0370744
3.90758e-09	0.0368737
3.9077e-09	0.0366731
3.90782e-09	0.0364726
3.90795e-09	0.036272
3.90807e-09	0.0360715
3.90819e-09	0.0358711
3.90831e-09	0.0356706
3.90843e-09	0.0354702
3.90856e-09	0.0352699
3.90868e-09	0.0350695
3.9088e-09	0.0348692
3.90892e-09	0.034669
3.90905e-09	0.0344688
3.90917e-09	0.0342686
3.90929e-09	0.0340685
3.90941e-09	0.0338684
3.90953e-09	0.0336684
3.90966e-09	0.0334683
3.90978e-09	0.0332684
3.9099e-09	0.0330685
3.91002e-09	0.0328686
3.91015e-09	0.0326688
3.91027e-09	0.032469
3.91039e-09	0.0322693
3.91051e-09	0.0320696
3.91063e-09	0.0318699
3.91076e-09	0.0316703
3.91088e-09	0.0314708
3.911e-09	0.0312713
3.91112e-09	0.0310719
3.91125e-09	0.0308725
3.91137e-09	0.0306732
3.91149e-09	0.0304739
3.91161e-09	0.0302747
3.91173e-09	0.0300755
3.91186e-09	0.0298764
3.91198e-09	0.0296774
3.9121e-09	0.0294784
3.91222e-09	0.0292794
3.91235e-09	0.0290805
3.91247e-09	0.0288817
3.91259e-09	0.028683
3.91271e-09	0.0284843
3.91283e-09	0.0282856
3.91296e-09	0.028087
3.91308e-09	0.0278885
3.9132e-09	0.0276901
3.91332e-09	0.0274917
3.91345e-09	0.0272934
3.91357e-09	0.0270951
3.91369e-09	0.0268969
3.91381e-09	0.0266988
3.91393e-09	0.0265008
3.91406e-09	0.0263028
3.91418e-09	0.0261049
3.9143e-09	0.025907
3.91442e-09	0.0257092
3.91455e-09	0.0255115
3.91467e-09	0.0253139
3.91479e-09	0.0251164
3.91491e-09	0.0249189
3.91503e-09	0.0247215
3.91516e-09	0.0245241
3.91528e-09	0.0243269
3.9154e-09	0.0241297
3.91552e-09	0.0239326
3.91565e-09	0.0237355
3.91577e-09	0.0235386
3.91589e-09	0.0233417
3.91601e-09	0.0231449
3.91613e-09	0.0229482
3.91626e-09	0.0227516
3.91638e-09	0.022555
3.9165e-09	0.0223586
3.91662e-09	0.0221622
3.91675e-09	0.0219659
3.91687e-09	0.0217697
3.91699e-09	0.0215735
3.91711e-09	0.0213775
3.91724e-09	0.0211815
3.91736e-09	0.0209857
3.91748e-09	0.0207899
3.9176e-09	0.0205942
3.91772e-09	0.0203986
3.91785e-09	0.0202031
3.91797e-09	0.0200077
3.91809e-09	0.0198123
3.91821e-09	0.0196171
3.91834e-09	0.0194219
3.91846e-09	0.0192269
3.91858e-09	0.0190319
3.9187e-09	0.0188371
3.91882e-09	0.0186423
3.91895e-09	0.0184476
3.91907e-09	0.018253
3.91919e-09	0.0180585
3.91931e-09	0.0178642
3.91944e-09	0.0176699
3.91956e-09	0.0174757
3.91968e-09	0.0172816
3.9198e-09	0.0170876
3.91992e-09	0.0168937
3.92005e-09	0.0167
3.92017e-09	0.0165063
3.92029e-09	0.0163127
3.92041e-09	0.0161192
3.92054e-09	0.0159259
3.92066e-09	0.0157326
3.92078e-09	0.0155394
3.9209e-09	0.0153464
3.92102e-09	0.0151534
3.92115e-09	0.0149606
3.92127e-09	0.0147679
3.92139e-09	0.0145753
3.92151e-09	0.0143828
3.92164e-09	0.0141904
3.92176e-09	0.0139981
3.92188e-09	0.0138059
3.922e-09	0.0136138
3.92212e-09	0.0134219
3.92225e-09	0.01323
3.92237e-09	0.0130383
3.92249e-09	0.0128467
3.92261e-09	0.0126552
3.92274e-09	0.0124638
3.92286e-09	0.0122726
3.92298e-09	0.0120814
3.9231e-09	0.0118904
3.92322e-09	0.0116995
3.92335e-09	0.0115087
3.92347e-09	0.0113181
3.92359e-09	0.0111275
3.92371e-09	0.0109371
3.92384e-09	0.0107468
3.92396e-09	0.0105566
3.92408e-09	0.0103665
3.9242e-09	0.0101766
3.92432e-09	0.0099868
3.92445e-09	0.00979711
3.92457e-09	0.00960755
3.92469e-09	0.00941812
3.92481e-09	0.00922881
3.92494e-09	0.00903963
3.92506e-09	0.00885058
3.92518e-09	0.00866166
3.9253e-09	0.00847287
3.92542e-09	0.00828421
3.92555e-09	0.00809567
3.92567e-09	0.00790727
3.92579e-09	0.007719
3.92591e-09	0.00753086
3.92604e-09	0.00734286
3.92616e-09	0.00715499
3.92628e-09	0.00696725
3.9264e-09	0.00677965
3.92652e-09	0.00659218
3.92665e-09	0.00640485
3.92677e-09	0.00621766
3.92689e-09	0.0060306
3.92701e-09	0.00584368
3.92714e-09	0.0056569
3.92726e-09	0.00547025
3.92738e-09	0.00528375
3.9275e-09	0.00509739
3.92763e-09	0.00491117
3.92775e-09	0.00472509
3.92787e-09	0.00453915
3.92799e-09	0.00435335
3.92811e-09	0.0041677
3.92824e-09	0.00398219
3.92836e-09	0.00379682
3.92848e-09	0.0036116
3.9286e-09	0.00342653
3.92873e-09	0.0032416
3.92885e-09	0.00305682
3.92897e-09	0.00287218
3.92909e-09	0.00268769
3.92921e-09	0.00250336
3.92934e-09	0.00231917
3.92946e-09	0.00213513
3.92958e-09	0.00195124
3.9297e-09	0.0017675
3.92983e-09	0.00158391
3.92995e-09	0.00140047
3.93007e-09	0.00121719
3.93019e-09	0.00103406
3.93031e-09	0.00085108
3.93044e-09	0.000668256
3.93056e-09	0.000485588
3.93068e-09	0.000303075
3.9308e-09	0.000120717
3.93093e-09	-6.14837e-05
3.93105e-09	-0.000243528
3.93117e-09	-0.000425414
3.93129e-09	-0.000607143
3.93141e-09	-0.000788712
3.93154e-09	-0.000970123
3.93166e-09	-0.00115137
3.93178e-09	-0.00133246
3.9319e-09	-0.00151339
3.93203e-09	-0.00169416
3.93215e-09	-0.00187477
3.93227e-09	-0.00205521
3.93239e-09	-0.00223549
3.93251e-09	-0.00241561
3.93264e-09	-0.00259556
3.93276e-09	-0.00277535
3.93288e-09	-0.00295497
3.933e-09	-0.00313443
3.93313e-09	-0.00331372
3.93325e-09	-0.00349284
3.93337e-09	-0.00367179
3.93349e-09	-0.00385058
3.93361e-09	-0.0040292
3.93374e-09	-0.00420765
3.93386e-09	-0.00438593
3.93398e-09	-0.00456404
3.9341e-09	-0.00474198
3.93423e-09	-0.00491975
3.93435e-09	-0.00509734
3.93447e-09	-0.00527477
3.93459e-09	-0.00545202
3.93471e-09	-0.00562909
3.93484e-09	-0.005806
3.93496e-09	-0.00598272
3.93508e-09	-0.00615928
3.9352e-09	-0.00633566
3.93533e-09	-0.00651186
3.93545e-09	-0.00668788
3.93557e-09	-0.00686373
3.93569e-09	-0.0070394
3.93581e-09	-0.00721489
3.93594e-09	-0.00739021
3.93606e-09	-0.00756534
3.93618e-09	-0.0077403
3.9363e-09	-0.00791507
3.93643e-09	-0.00808967
3.93655e-09	-0.00826408
3.93667e-09	-0.00843831
3.93679e-09	-0.00861236
3.93692e-09	-0.00878622
3.93704e-09	-0.00895991
3.93716e-09	-0.0091334
3.93728e-09	-0.00930672
3.9374e-09	-0.00947985
3.93753e-09	-0.00965279
3.93765e-09	-0.00982555
3.93777e-09	-0.00999812
3.93789e-09	-0.0101705
3.93802e-09	-0.0103427
3.93814e-09	-0.0105147
3.93826e-09	-0.0106865
3.93838e-09	-0.0108582
3.9385e-09	-0.0110296
3.93863e-09	-0.0112009
3.93875e-09	-0.0113719
3.93887e-09	-0.0115428
3.93899e-09	-0.0117135
3.93912e-09	-0.011884
3.93924e-09	-0.0120543
3.93936e-09	-0.0122244
3.93948e-09	-0.0123943
3.9396e-09	-0.012564
3.93973e-09	-0.0127335
3.93985e-09	-0.0129028
3.93997e-09	-0.013072
3.94009e-09	-0.0132409
3.94022e-09	-0.0134096
3.94034e-09	-0.0135782
3.94046e-09	-0.0137465
3.94058e-09	-0.0139147
3.9407e-09	-0.0140826
3.94083e-09	-0.0142504
3.94095e-09	-0.0144179
3.94107e-09	-0.0145853
3.94119e-09	-0.0147524
3.94132e-09	-0.0149194
3.94144e-09	-0.0150861
3.94156e-09	-0.0152527
3.94168e-09	-0.015419
3.9418e-09	-0.0155852
3.94193e-09	-0.0157511
3.94205e-09	-0.0159169
3.94217e-09	-0.0160824
3.94229e-09	-0.0162477
3.94242e-09	-0.0164129
3.94254e-09	-0.0165778
3.94266e-09	-0.0167425
3.94278e-09	-0.016907
3.9429e-09	-0.0170713
3.94303e-09	-0.0172354
3.94315e-09	-0.0173993
3.94327e-09	-0.017563
3.94339e-09	-0.0177265
3.94352e-09	-0.0178897
3.94364e-09	-0.0180528
3.94376e-09	-0.0182156
3.94388e-09	-0.0183783
3.944e-09	-0.0185407
3.94413e-09	-0.0187029
3.94425e-09	-0.0188649
3.94437e-09	-0.0190267
3.94449e-09	-0.0191883
3.94462e-09	-0.0193497
3.94474e-09	-0.0195108
3.94486e-09	-0.0196717
3.94498e-09	-0.0198325
3.9451e-09	-0.019993
3.94523e-09	-0.0201533
3.94535e-09	-0.0203134
3.94547e-09	-0.0204732
3.94559e-09	-0.0206329
3.94572e-09	-0.0207923
3.94584e-09	-0.0209515
3.94596e-09	-0.0211105
3.94608e-09	-0.0212693
3.9462e-09	-0.0214279
3.94633e-09	-0.0215862
3.94645e-09	-0.0217443
3.94657e-09	-0.0219022
3.94669e-09	-0.0220599
3.94682e-09	-0.0222174
3.94694e-09	-0.0223746
3.94706e-09	-0.0225316
3.94718e-09	-0.0226884
3.94731e-09	-0.022845
3.94743e-09	-0.0230014
3.94755e-09	-0.0231575
3.94767e-09	-0.0233134
3.94779e-09	-0.0234691
3.94792e-09	-0.0236246
3.94804e-09	-0.0237798
3.94816e-09	-0.0239348
3.94828e-09	-0.0240896
3.94841e-09	-0.0242442
3.94853e-09	-0.0243985
3.94865e-09	-0.0245526
3.94877e-09	-0.0247065
3.94889e-09	-0.0248601
3.94902e-09	-0.0250136
3.94914e-09	-0.0251668
3.94926e-09	-0.0253197
3.94938e-09	-0.0254725
3.94951e-09	-0.025625
3.94963e-09	-0.0257773
3.94975e-09	-0.0259293
3.94987e-09	-0.0260812
3.94999e-09	-0.0262327
3.95012e-09	-0.0263841
3.95024e-09	-0.0265352
3.95036e-09	-0.0266861
3.95048e-09	-0.0268368
3.95061e-09	-0.0269872
3.95073e-09	-0.0271374
3.95085e-09	-0.0272874
3.95097e-09	-0.0274371
3.95109e-09	-0.0275866
3.95122e-09	-0.0277359
3.95134e-09	-0.0278849
3.95146e-09	-0.0280337
3.95158e-09	-0.0281823
3.95171e-09	-0.0283306
3.95183e-09	-0.0284787
3.95195e-09	-0.0286265
3.95207e-09	-0.0287741
3.95219e-09	-0.0289215
3.95232e-09	-0.0290686
3.95244e-09	-0.0292155
3.95256e-09	-0.0293622
3.95268e-09	-0.0295086
3.95281e-09	-0.0296548
3.95293e-09	-0.0298007
3.95305e-09	-0.0299464
3.95317e-09	-0.0300919
3.95329e-09	-0.0302371
3.95342e-09	-0.0303821
3.95354e-09	-0.0305268
3.95366e-09	-0.0306713
3.95378e-09	-0.0308156
3.95391e-09	-0.0309596
3.95403e-09	-0.0311034
3.95415e-09	-0.0312469
3.95427e-09	-0.0313902
3.95439e-09	-0.0315332
3.95452e-09	-0.031676
3.95464e-09	-0.0318185
3.95476e-09	-0.0319608
3.95488e-09	-0.0321029
3.95501e-09	-0.0322447
3.95513e-09	-0.0323863
3.95525e-09	-0.0325276
3.95537e-09	-0.0326687
3.95549e-09	-0.0328095
3.95562e-09	-0.0329501
3.95574e-09	-0.0330904
3.95586e-09	-0.0332305
3.95598e-09	-0.0333704
3.95611e-09	-0.0335099
3.95623e-09	-0.0336493
3.95635e-09	-0.0337884
3.95647e-09	-0.0339272
3.9566e-09	-0.0340658
3.95672e-09	-0.0342042
3.95684e-09	-0.0343423
3.95696e-09	-0.0344801
3.95708e-09	-0.0346177
3.95721e-09	-0.034755
3.95733e-09	-0.0348921
3.95745e-09	-0.0350289
3.95757e-09	-0.0351655
3.9577e-09	-0.0353019
3.95782e-09	-0.0354379
3.95794e-09	-0.0355738
3.95806e-09	-0.0357093
3.95818e-09	-0.0358447
3.95831e-09	-0.0359797
3.95843e-09	-0.0361145
3.95855e-09	-0.0362491
3.95867e-09	-0.0363834
3.9588e-09	-0.0365174
3.95892e-09	-0.0366512
3.95904e-09	-0.0367848
3.95916e-09	-0.036918
3.95928e-09	-0.0370511
3.95941e-09	-0.0371838
3.95953e-09	-0.0373163
3.95965e-09	-0.0374486
3.95977e-09	-0.0375806
3.9599e-09	-0.0377123
3.96002e-09	-0.0378438
3.96014e-09	-0.037975
3.96026e-09	-0.038106
3.96038e-09	-0.0382367
3.96051e-09	-0.0383671
3.96063e-09	-0.0384973
3.96075e-09	-0.0386272
3.96087e-09	-0.0387569
3.961e-09	-0.0388863
3.96112e-09	-0.0390154
3.96124e-09	-0.0391443
3.96136e-09	-0.039273
3.96148e-09	-0.0394013
3.96161e-09	-0.0395294
3.96173e-09	-0.0396572
3.96185e-09	-0.0397848
3.96197e-09	-0.0399121
3.9621e-09	-0.0400392
3.96222e-09	-0.040166
3.96234e-09	-0.0402925
3.96246e-09	-0.0404188
3.96258e-09	-0.0405447
3.96271e-09	-0.0406705
3.96283e-09	-0.0407959
3.96295e-09	-0.0409212
3.96307e-09	-0.0410461
3.9632e-09	-0.0411708
3.96332e-09	-0.0412952
3.96344e-09	-0.0414193
3.96356e-09	-0.0415432
3.96368e-09	-0.0416668
3.96381e-09	-0.0417902
3.96393e-09	-0.0419132
3.96405e-09	-0.042036
3.96417e-09	-0.0421586
3.9643e-09	-0.0422809
3.96442e-09	-0.0424029
3.96454e-09	-0.0425246
3.96466e-09	-0.0426461
3.96478e-09	-0.0427673
3.96491e-09	-0.0428882
3.96503e-09	-0.0430089
3.96515e-09	-0.0431293
3.96527e-09	-0.0432494
3.9654e-09	-0.0433693
3.96552e-09	-0.0434889
3.96564e-09	-0.0436082
3.96576e-09	-0.0437273
3.96588e-09	-0.0438461
3.96601e-09	-0.0439646
3.96613e-09	-0.0440828
3.96625e-09	-0.0442008
3.96637e-09	-0.0443185
3.9665e-09	-0.0444359
3.96662e-09	-0.0445531
3.96674e-09	-0.04467
3.96686e-09	-0.0447866
3.96699e-09	-0.0449029
3.96711e-09	-0.045019
3.96723e-09	-0.0451348
3.96735e-09	-0.0452503
3.96747e-09	-0.0453656
3.9676e-09	-0.0454806
3.96772e-09	-0.0455953
3.96784e-09	-0.0457097
3.96796e-09	-0.0458239
3.96809e-09	-0.0459377
3.96821e-09	-0.0460514
3.96833e-09	-0.0461647
3.96845e-09	-0.0462778
3.96857e-09	-0.0463905
3.9687e-09	-0.0465031
3.96882e-09	-0.0466153
3.96894e-09	-0.0467273
3.96906e-09	-0.0468389
3.96919e-09	-0.0469504
3.96931e-09	-0.0470615
3.96943e-09	-0.0471723
3.96955e-09	-0.0472829
3.96967e-09	-0.0473932
3.9698e-09	-0.0475033
3.96992e-09	-0.047613
3.97004e-09	-0.0477225
3.97016e-09	-0.0478317
3.97029e-09	-0.0479406
3.97041e-09	-0.0480493
3.97053e-09	-0.0481576
3.97065e-09	-0.0482657
3.97077e-09	-0.0483735
3.9709e-09	-0.0484811
3.97102e-09	-0.0485883
3.97114e-09	-0.0486953
3.97126e-09	-0.048802
3.97139e-09	-0.0489084
3.97151e-09	-0.0490146
3.97163e-09	-0.0491204
3.97175e-09	-0.049226
3.97187e-09	-0.0493313
3.972e-09	-0.0494363
3.97212e-09	-0.0495411
3.97224e-09	-0.0496455
3.97236e-09	-0.0497497
3.97249e-09	-0.0498536
3.97261e-09	-0.0499572
3.97273e-09	-0.0500606
3.97285e-09	-0.0501636
3.97297e-09	-0.0502664
3.9731e-09	-0.0503689
3.97322e-09	-0.0504711
3.97334e-09	-0.0505731
3.97346e-09	-0.0506747
3.97359e-09	-0.0507761
3.97371e-09	-0.0508772
3.97383e-09	-0.050978
3.97395e-09	-0.0510785
3.97407e-09	-0.0511788
3.9742e-09	-0.0512787
3.97432e-09	-0.0513784
3.97444e-09	-0.0514778
3.97456e-09	-0.0515769
3.97469e-09	-0.0516758
3.97481e-09	-0.0517743
3.97493e-09	-0.0518726
3.97505e-09	-0.0519706
3.97517e-09	-0.0520683
3.9753e-09	-0.0521657
3.97542e-09	-0.0522628
3.97554e-09	-0.0523597
3.97566e-09	-0.0524562
3.97579e-09	-0.0525525
3.97591e-09	-0.0526485
3.97603e-09	-0.0527442
3.97615e-09	-0.0528397
3.97628e-09	-0.0529348
3.9764e-09	-0.0530297
3.97652e-09	-0.0531242
3.97664e-09	-0.0532185
3.97676e-09	-0.0533125
3.97689e-09	-0.0534062
3.97701e-09	-0.0534997
3.97713e-09	-0.0535928
3.97725e-09	-0.0536857
3.97738e-09	-0.0537783
3.9775e-09	-0.0538706
3.97762e-09	-0.0539626
3.97774e-09	-0.0540543
3.97786e-09	-0.0541457
3.97799e-09	-0.0542369
3.97811e-09	-0.0543277
3.97823e-09	-0.0544183
3.97835e-09	-0.0545086
3.97848e-09	-0.0545986
3.9786e-09	-0.0546883
3.97872e-09	-0.0547778
3.97884e-09	-0.0548669
3.97896e-09	-0.0549558
3.97909e-09	-0.0550444
3.97921e-09	-0.0551326
3.97933e-09	-0.0552206
3.97945e-09	-0.0553083
3.97958e-09	-0.0553958
3.9797e-09	-0.0554829
3.97982e-09	-0.0555698
3.97994e-09	-0.0556563
3.98006e-09	-0.0557426
3.98019e-09	-0.0558286
3.98031e-09	-0.0559143
3.98043e-09	-0.0559997
3.98055e-09	-0.0560848
3.98068e-09	-0.0561697
3.9808e-09	-0.0562542
3.98092e-09	-0.0563385
3.98104e-09	-0.0564224
3.98116e-09	-0.0565061
3.98129e-09	-0.0565895
3.98141e-09	-0.0566726
3.98153e-09	-0.0567554
3.98165e-09	-0.056838
3.98178e-09	-0.0569202
3.9819e-09	-0.0570022
3.98202e-09	-0.0570838
3.98214e-09	-0.0571652
3.98226e-09	-0.0572463
3.98239e-09	-0.0573271
3.98251e-09	-0.0574076
3.98263e-09	-0.0574878
3.98275e-09	-0.0575678
3.98288e-09	-0.0576474
3.983e-09	-0.0577268
3.98312e-09	-0.0578058
3.98324e-09	-0.0578846
3.98336e-09	-0.0579631
3.98349e-09	-0.0580413
3.98361e-09	-0.0581192
3.98373e-09	-0.0581968
3.98385e-09	-0.0582741
3.98398e-09	-0.0583512
3.9841e-09	-0.0584279
3.98422e-09	-0.0585044
3.98434e-09	-0.0585806
3.98446e-09	-0.0586565
3.98459e-09	-0.058732
3.98471e-09	-0.0588074
3.98483e-09	-0.0588824
3.98495e-09	-0.0589571
3.98508e-09	-0.0590315
3.9852e-09	-0.0591057
3.98532e-09	-0.0591795
3.98544e-09	-0.0592531
3.98556e-09	-0.0593264
3.98569e-09	-0.0593994
3.98581e-09	-0.059472
3.98593e-09	-0.0595445
3.98605e-09	-0.0596166
3.98618e-09	-0.0596884
3.9863e-09	-0.0597599
3.98642e-09	-0.0598312
3.98654e-09	-0.0599021
3.98667e-09	-0.0599728
3.98679e-09	-0.0600432
3.98691e-09	-0.0601133
3.98703e-09	-0.0601831
3.98715e-09	-0.0602526
3.98728e-09	-0.0603218
3.9874e-09	-0.0603907
3.98752e-09	-0.0604593
3.98764e-09	-0.0605277
3.98777e-09	-0.0605957
3.98789e-09	-0.0606635
3.98801e-09	-0.060731
3.98813e-09	-0.0607982
3.98825e-09	-0.0608651
3.98838e-09	-0.0609317
3.9885e-09	-0.060998
3.98862e-09	-0.061064
3.98874e-09	-0.0611297
3.98887e-09	-0.0611952
3.98899e-09	-0.0612603
3.98911e-09	-0.0613252
3.98923e-09	-0.0613898
3.98935e-09	-0.0614541
3.98948e-09	-0.061518
3.9896e-09	-0.0615818
3.98972e-09	-0.0616452
3.98984e-09	-0.0617083
3.98997e-09	-0.0617711
3.99009e-09	-0.0618337
3.99021e-09	-0.0618959
3.99033e-09	-0.0619579
3.99045e-09	-0.0620196
3.99058e-09	-0.0620809
3.9907e-09	-0.062142
3.99082e-09	-0.0622028
3.99094e-09	-0.0622634
3.99107e-09	-0.0623236
3.99119e-09	-0.0623835
3.99131e-09	-0.0624432
3.99143e-09	-0.0625025
3.99155e-09	-0.0625616
3.99168e-09	-0.0626203
3.9918e-09	-0.0626788
3.99192e-09	-0.062737
3.99204e-09	-0.0627949
3.99217e-09	-0.0628526
3.99229e-09	-0.0629099
3.99241e-09	-0.0629669
3.99253e-09	-0.0630237
3.99265e-09	-0.0630801
3.99278e-09	-0.0631363
3.9929e-09	-0.0631922
3.99302e-09	-0.0632478
3.99314e-09	-0.0633031
3.99327e-09	-0.0633581
3.99339e-09	-0.0634128
3.99351e-09	-0.0634672
3.99363e-09	-0.0635214
3.99375e-09	-0.0635753
3.99388e-09	-0.0636288
3.994e-09	-0.0636821
3.99412e-09	-0.0637351
3.99424e-09	-0.0637878
3.99437e-09	-0.0638402
3.99449e-09	-0.0638923
3.99461e-09	-0.0639442
3.99473e-09	-0.0639957
3.99485e-09	-0.064047
3.99498e-09	-0.0640979
3.9951e-09	-0.0641486
3.99522e-09	-0.064199
3.99534e-09	-0.0642491
3.99547e-09	-0.0642989
3.99559e-09	-0.0643485
3.99571e-09	-0.0643977
3.99583e-09	-0.0644467
3.99596e-09	-0.0644953
3.99608e-09	-0.0645437
3.9962e-09	-0.0645918
3.99632e-09	-0.0646396
3.99644e-09	-0.0646871
3.99657e-09	-0.0647343
3.99669e-09	-0.0647813
3.99681e-09	-0.0648279
3.99693e-09	-0.0648743
3.99706e-09	-0.0649203
3.99718e-09	-0.0649661
3.9973e-09	-0.0650116
3.99742e-09	-0.0650569
3.99754e-09	-0.0651018
3.99767e-09	-0.0651464
3.99779e-09	-0.0651908
3.99791e-09	-0.0652348
3.99803e-09	-0.0652786
3.99816e-09	-0.0653221
3.99828e-09	-0.0653653
3.9984e-09	-0.0654082
3.99852e-09	-0.0654509
3.99864e-09	-0.0654932
3.99877e-09	-0.0655353
3.99889e-09	-0.0655771
3.99901e-09	-0.0656186
3.99913e-09	-0.0656598
3.99926e-09	-0.0657007
3.99938e-09	-0.0657413
3.9995e-09	-0.0657817
3.99962e-09	-0.0658217
3.99974e-09	-0.0658615
3.99987e-09	-0.065901
3.99999e-09	-0.0659402
4.00011e-09	-0.0659791
4.00023e-09	-0.0660178
4.00036e-09	-0.0660561
4.00048e-09	-0.0660942
4.0006e-09	-0.066132
4.00072e-09	-0.0661695
4.00084e-09	-0.0662067
4.00097e-09	-0.0662436
4.00109e-09	-0.0662803
4.00121e-09	-0.0663166
4.00133e-09	-0.0663527
4.00146e-09	-0.0663885
4.00158e-09	-0.066424
4.0017e-09	-0.0664592
4.00182e-09	-0.0664942
4.00194e-09	-0.0665288
4.00207e-09	-0.0665632
4.00219e-09	-0.0665973
4.00231e-09	-0.0666311
4.00243e-09	-0.0666647
4.00256e-09	-0.0666979
4.00268e-09	-0.0667309
4.0028e-09	-0.0667636
4.00292e-09	-0.066796
4.00304e-09	-0.0668281
4.00317e-09	-0.0668599
4.00329e-09	-0.0668915
4.00341e-09	-0.0669227
4.00353e-09	-0.0669537
4.00366e-09	-0.0669844
4.00378e-09	-0.0670149
4.0039e-09	-0.067045
4.00402e-09	-0.0670749
4.00414e-09	-0.0671045
4.00427e-09	-0.0671338
4.00439e-09	-0.0671628
4.00451e-09	-0.0671915
4.00463e-09	-0.06722
4.00476e-09	-0.0672482
4.00488e-09	-0.0672761
4.005e-09	-0.0673037
4.00512e-09	-0.067331
4.00524e-09	-0.0673581
4.00537e-09	-0.0673849
4.00549e-09	-0.0674114
4.00561e-09	-0.0674376
4.00573e-09	-0.0674635
4.00586e-09	-0.0674892
4.00598e-09	-0.0675146
4.0061e-09	-0.0675397
4.00622e-09	-0.0675645
4.00635e-09	-0.0675891
4.00647e-09	-0.0676133
4.00659e-09	-0.0676373
4.00671e-09	-0.0676611
4.00683e-09	-0.0676845
4.00696e-09	-0.0677077
4.00708e-09	-0.0677305
4.0072e-09	-0.0677531
4.00732e-09	-0.0677755
4.00745e-09	-0.0677975
4.00757e-09	-0.0678193
4.00769e-09	-0.0678408
4.00781e-09	-0.067862
4.00793e-09	-0.067883
4.00806e-09	-0.0679036
4.00818e-09	-0.067924
4.0083e-09	-0.0679442
4.00842e-09	-0.067964
4.00855e-09	-0.0679836
4.00867e-09	-0.0680029
4.00879e-09	-0.0680219
4.00891e-09	-0.0680406
4.00903e-09	-0.0680591
4.00916e-09	-0.0680773
4.00928e-09	-0.0680952
4.0094e-09	-0.0681129
4.00952e-09	-0.0681302
4.00965e-09	-0.0681473
4.00977e-09	-0.0681641
4.00989e-09	-0.0681807
4.01001e-09	-0.068197
4.01013e-09	-0.068213
4.01026e-09	-0.0682287
4.01038e-09	-0.0682442
4.0105e-09	-0.0682594
4.01062e-09	-0.0682743
4.01075e-09	-0.0682889
4.01087e-09	-0.0683033
4.01099e-09	-0.0683174
4.01111e-09	-0.0683312
4.01123e-09	-0.0683448
4.01136e-09	-0.068358
4.01148e-09	-0.0683711
4.0116e-09	-0.0683838
4.01172e-09	-0.0683963
4.01185e-09	-0.0684085
4.01197e-09	-0.0684204
4.01209e-09	-0.0684321
4.01221e-09	-0.0684434
4.01233e-09	-0.0684546
4.01246e-09	-0.0684654
4.01258e-09	-0.068476
4.0127e-09	-0.0684863
4.01282e-09	-0.0684964
4.01295e-09	-0.0685061
4.01307e-09	-0.0685157
4.01319e-09	-0.0685249
4.01331e-09	-0.0685339
4.01343e-09	-0.0685426
4.01356e-09	-0.068551
4.01368e-09	-0.0685592
4.0138e-09	-0.0685671
4.01392e-09	-0.0685747
4.01405e-09	-0.0685821
4.01417e-09	-0.0685892
4.01429e-09	-0.068596
4.01441e-09	-0.0686026
4.01453e-09	-0.0686089
4.01466e-09	-0.0686149
4.01478e-09	-0.0686207
4.0149e-09	-0.0686262
4.01502e-09	-0.0686314
4.01515e-09	-0.0686364
4.01527e-09	-0.0686411
4.01539e-09	-0.0686456
4.01551e-09	-0.0686498
4.01564e-09	-0.0686537
4.01576e-09	-0.0686573
4.01588e-09	-0.0686607
4.016e-09	-0.0686639
4.01612e-09	-0.0686667
4.01625e-09	-0.0686693
4.01637e-09	-0.0686717
4.01649e-09	-0.0686738
4.01661e-09	-0.0686756
4.01674e-09	-0.0686771
4.01686e-09	-0.0686784
4.01698e-09	-0.0686795
4.0171e-09	-0.0686802
4.01722e-09	-0.0686807
4.01735e-09	-0.068681
4.01747e-09	-0.068681
4.01759e-09	-0.0686807
4.01771e-09	-0.0686802
4.01784e-09	-0.0686794
4.01796e-09	-0.0686783
4.01808e-09	-0.068677
4.0182e-09	-0.0686755
4.01832e-09	-0.0686736
4.01845e-09	-0.0686716
4.01857e-09	-0.0686692
4.01869e-09	-0.0686666
4.01881e-09	-0.0686638
4.01894e-09	-0.0686606
4.01906e-09	-0.0686573
4.01918e-09	-0.0686536
4.0193e-09	-0.0686497
4.01942e-09	-0.0686456
4.01955e-09	-0.0686412
4.01967e-09	-0.0686365
4.01979e-09	-0.0686316
4.01991e-09	-0.0686265
4.02004e-09	-0.068621
4.02016e-09	-0.0686154
4.02028e-09	-0.0686094
4.0204e-09	-0.0686032
4.02052e-09	-0.0685968
4.02065e-09	-0.0685901
4.02077e-09	-0.0685831
4.02089e-09	-0.0685759
4.02101e-09	-0.0685685
4.02114e-09	-0.0685608
4.02126e-09	-0.0685528
4.02138e-09	-0.0685446
4.0215e-09	-0.0685361
4.02162e-09	-0.0685274
4.02175e-09	-0.0685184
4.02187e-09	-0.0685092
4.02199e-09	-0.0684997
4.02211e-09	-0.06849
4.02224e-09	-0.06848
4.02236e-09	-0.0684698
4.02248e-09	-0.0684593
4.0226e-09	-0.0684486
4.02272e-09	-0.0684376
4.02285e-09	-0.0684264
4.02297e-09	-0.0684149
4.02309e-09	-0.0684032
4.02321e-09	-0.0683912
4.02334e-09	-0.068379
4.02346e-09	-0.0683666
4.02358e-09	-0.0683538
4.0237e-09	-0.0683409
4.02382e-09	-0.0683277
4.02395e-09	-0.0683142
4.02407e-09	-0.0683005
4.02419e-09	-0.0682866
4.02431e-09	-0.0682724
4.02444e-09	-0.0682579
4.02456e-09	-0.0682432
4.02468e-09	-0.0682283
4.0248e-09	-0.0682131
4.02492e-09	-0.0681977
4.02505e-09	-0.0681821
4.02517e-09	-0.0681661
4.02529e-09	-0.06815
4.02541e-09	-0.0681336
4.02554e-09	-0.0681169
4.02566e-09	-0.0681001
4.02578e-09	-0.0680829
4.0259e-09	-0.0680656
4.02603e-09	-0.068048
4.02615e-09	-0.0680301
4.02627e-09	-0.068012
4.02639e-09	-0.0679937
4.02651e-09	-0.0679751
4.02664e-09	-0.0679563
4.02676e-09	-0.0679372
4.02688e-09	-0.0679179
4.027e-09	-0.0678984
4.02713e-09	-0.0678786
4.02725e-09	-0.0678586
4.02737e-09	-0.0678384
4.02749e-09	-0.0678179
4.02761e-09	-0.0677971
4.02774e-09	-0.0677762
4.02786e-09	-0.067755
4.02798e-09	-0.0677335
4.0281e-09	-0.0677119
4.02823e-09	-0.0676899
4.02835e-09	-0.0676678
4.02847e-09	-0.0676454
4.02859e-09	-0.0676228
4.02871e-09	-0.0675999
4.02884e-09	-0.0675768
4.02896e-09	-0.0675535
4.02908e-09	-0.0675299
4.0292e-09	-0.0675061
4.02933e-09	-0.0674821
4.02945e-09	-0.0674578
4.02957e-09	-0.0674333
4.02969e-09	-0.0674086
4.02981e-09	-0.0673836
4.02994e-09	-0.0673584
4.03006e-09	-0.067333
4.03018e-09	-0.0673073
4.0303e-09	-0.0672814
4.03043e-09	-0.0672553
4.03055e-09	-0.0672289
4.03067e-09	-0.0672024
4.03079e-09	-0.0671755
4.03091e-09	-0.0671485
4.03104e-09	-0.0671212
4.03116e-09	-0.0670937
4.03128e-09	-0.067066
4.0314e-09	-0.067038
4.03153e-09	-0.0670098
4.03165e-09	-0.0669814
4.03177e-09	-0.0669528
4.03189e-09	-0.0669239
4.03201e-09	-0.0668948
4.03214e-09	-0.0668654
4.03226e-09	-0.0668359
4.03238e-09	-0.0668061
4.0325e-09	-0.0667761
4.03263e-09	-0.0667459
4.03275e-09	-0.0667154
4.03287e-09	-0.0666847
4.03299e-09	-0.0666538
4.03311e-09	-0.0666227
4.03324e-09	-0.0665913
4.03336e-09	-0.0665597
4.03348e-09	-0.0665279
4.0336e-09	-0.0664959
4.03373e-09	-0.0664637
4.03385e-09	-0.0664312
4.03397e-09	-0.0663985
4.03409e-09	-0.0663656
4.03421e-09	-0.0663325
4.03434e-09	-0.0662991
4.03446e-09	-0.0662655
4.03458e-09	-0.0662317
4.0347e-09	-0.0661977
4.03483e-09	-0.0661635
4.03495e-09	-0.066129
4.03507e-09	-0.0660943
4.03519e-09	-0.0660594
4.03532e-09	-0.0660243
4.03544e-09	-0.065989
4.03556e-09	-0.0659534
4.03568e-09	-0.0659177
4.0358e-09	-0.0658817
4.03593e-09	-0.0658455
4.03605e-09	-0.0658091
4.03617e-09	-0.0657725
4.03629e-09	-0.0657356
4.03642e-09	-0.0656986
4.03654e-09	-0.0656613
4.03666e-09	-0.0656238
4.03678e-09	-0.0655861
4.0369e-09	-0.0655482
4.03703e-09	-0.06551
4.03715e-09	-0.0654717
4.03727e-09	-0.0654331
4.03739e-09	-0.0653944
4.03752e-09	-0.0653554
4.03764e-09	-0.0653162
4.03776e-09	-0.0652768
4.03788e-09	-0.0652372
4.038e-09	-0.0651973
4.03813e-09	-0.0651573
4.03825e-09	-0.065117
4.03837e-09	-0.0650766
4.03849e-09	-0.0650359
4.03862e-09	-0.0649951
4.03874e-09	-0.064954
4.03886e-09	-0.0649127
4.03898e-09	-0.0648712
4.0391e-09	-0.0648295
4.03923e-09	-0.0647875
4.03935e-09	-0.0647454
4.03947e-09	-0.0647031
4.03959e-09	-0.0646606
4.03972e-09	-0.0646178
4.03984e-09	-0.0645749
4.03996e-09	-0.0645317
4.04008e-09	-0.0644884
4.0402e-09	-0.0644448
4.04033e-09	-0.064401
4.04045e-09	-0.0643571
4.04057e-09	-0.0643129
4.04069e-09	-0.0642685
4.04082e-09	-0.0642239
4.04094e-09	-0.0641792
4.04106e-09	-0.0641342
4.04118e-09	-0.064089
4.0413e-09	-0.0640436
4.04143e-09	-0.063998
4.04155e-09	-0.0639522
4.04167e-09	-0.0639063
4.04179e-09	-0.0638601
4.04192e-09	-0.0638137
4.04204e-09	-0.0637671
4.04216e-09	-0.0637203
4.04228e-09	-0.0636733
4.0424e-09	-0.0636262
4.04253e-09	-0.0635788
4.04265e-09	-0.0635312
4.04277e-09	-0.0634834
4.04289e-09	-0.0634355
4.04302e-09	-0.0633873
4.04314e-09	-0.063339
4.04326e-09	-0.0632904
4.04338e-09	-0.0632417
4.0435e-09	-0.0631927
4.04363e-09	-0.0631436
4.04375e-09	-0.0630942
4.04387e-09	-0.0630447
4.04399e-09	-0.062995
4.04412e-09	-0.0629451
4.04424e-09	-0.062895
4.04436e-09	-0.0628447
4.04448e-09	-0.0627942
4.0446e-09	-0.0627435
4.04473e-09	-0.0626927
4.04485e-09	-0.0626416
4.04497e-09	-0.0625904
4.04509e-09	-0.0625389
4.04522e-09	-0.0624873
4.04534e-09	-0.0624355
4.04546e-09	-0.0623835
4.04558e-09	-0.0623313
4.04571e-09	-0.0622789
4.04583e-09	-0.0622263
4.04595e-09	-0.0621736
4.04607e-09	-0.0621206
4.04619e-09	-0.0620675
4.04632e-09	-0.0620142
4.04644e-09	-0.0619607
4.04656e-09	-0.061907
4.04668e-09	-0.0618531
4.04681e-09	-0.061799
4.04693e-09	-0.0617448
4.04705e-09	-0.0616904
4.04717e-09	-0.0616358
4.04729e-09	-0.061581
4.04742e-09	-0.061526
4.04754e-09	-0.0614709
4.04766e-09	-0.0614155
4.04778e-09	-0.06136
4.04791e-09	-0.0613043
4.04803e-09	-0.0612484
4.04815e-09	-0.0611924
4.04827e-09	-0.0611361
4.04839e-09	-0.0610797
4.04852e-09	-0.0610231
4.04864e-09	-0.0609663
4.04876e-09	-0.0609094
4.04888e-09	-0.0608522
4.04901e-09	-0.0607949
4.04913e-09	-0.0607374
4.04925e-09	-0.0606798
4.04937e-09	-0.0606219
4.04949e-09	-0.0605639
4.04962e-09	-0.0605057
4.04974e-09	-0.0604473
4.04986e-09	-0.0603888
4.04998e-09	-0.0603301
4.05011e-09	-0.0602712
4.05023e-09	-0.0602121
4.05035e-09	-0.0601529
4.05047e-09	-0.0600934
4.05059e-09	-0.0600339
4.05072e-09	-0.0599741
4.05084e-09	-0.0599142
4.05096e-09	-0.0598541
4.05108e-09	-0.0597938
4.05121e-09	-0.0597334
4.05133e-09	-0.0596727
4.05145e-09	-0.059612
4.05157e-09	-0.059551
4.05169e-09	-0.0594899
4.05182e-09	-0.0594286
4.05194e-09	-0.0593671
4.05206e-09	-0.0593055
4.05218e-09	-0.0592437
4.05231e-09	-0.0591818
4.05243e-09	-0.0591196
4.05255e-09	-0.0590573
4.05267e-09	-0.0589949
4.05279e-09	-0.0589323
4.05292e-09	-0.0588695
4.05304e-09	-0.0588065
4.05316e-09	-0.0587434
4.05328e-09	-0.0586801
4.05341e-09	-0.0586167
4.05353e-09	-0.0585531
4.05365e-09	-0.0584893
4.05377e-09	-0.0584253
4.05389e-09	-0.0583613
4.05402e-09	-0.058297
4.05414e-09	-0.0582326
4.05426e-09	-0.058168
4.05438e-09	-0.0581033
4.05451e-09	-0.0580384
4.05463e-09	-0.0579733
4.05475e-09	-0.0579081
4.05487e-09	-0.0578427
4.05499e-09	-0.0577772
4.05512e-09	-0.0577115
4.05524e-09	-0.0576456
4.05536e-09	-0.0575796
4.05548e-09	-0.0575134
4.05561e-09	-0.0574471
4.05573e-09	-0.0573807
4.05585e-09	-0.057314
4.05597e-09	-0.0572472
4.0561e-09	-0.0571803
4.05622e-09	-0.0571132
4.05634e-09	-0.0570459
4.05646e-09	-0.0569785
4.05658e-09	-0.056911
4.05671e-09	-0.0568433
4.05683e-09	-0.0567754
4.05695e-09	-0.0567074
4.05707e-09	-0.0566392
4.0572e-09	-0.0565709
4.05732e-09	-0.0565024
4.05744e-09	-0.0564338
4.05756e-09	-0.0563651
4.05768e-09	-0.0562961
4.05781e-09	-0.0562271
4.05793e-09	-0.0561579
4.05805e-09	-0.0560885
4.05817e-09	-0.056019
4.0583e-09	-0.0559493
4.05842e-09	-0.0558795
4.05854e-09	-0.0558096
4.05866e-09	-0.0557395
4.05878e-09	-0.0556692
4.05891e-09	-0.0555989
4.05903e-09	-0.0555283
4.05915e-09	-0.0554576
4.05927e-09	-0.0553868
4.0594e-09	-0.0553159
4.05952e-09	-0.0552447
4.05964e-09	-0.0551735
4.05976e-09	-0.0551021
4.05988e-09	-0.0550306
4.06001e-09	-0.0549589
4.06013e-09	-0.0548871
4.06025e-09	-0.0548151
4.06037e-09	-0.054743
4.0605e-09	-0.0546708
4.06062e-09	-0.0545984
4.06074e-09	-0.0545259
4.06086e-09	-0.0544532
4.06098e-09	-0.0543804
4.06111e-09	-0.0543075
4.06123e-09	-0.0542344
4.06135e-09	-0.0541612
4.06147e-09	-0.0540879
4.0616e-09	-0.0540144
4.06172e-09	-0.0539408
4.06184e-09	-0.053867
4.06196e-09	-0.0537931
4.06208e-09	-0.0537191
4.06221e-09	-0.0536449
4.06233e-09	-0.0535706
4.06245e-09	-0.0534962
4.06257e-09	-0.0534217
4.0627e-09	-0.053347
4.06282e-09	-0.0532721
4.06294e-09	-0.0531972
4.06306e-09	-0.0531221
4.06318e-09	-0.0530469
4.06331e-09	-0.0529715
4.06343e-09	-0.052896
4.06355e-09	-0.0528204
4.06367e-09	-0.0527447
4.0638e-09	-0.0526688
4.06392e-09	-0.0525928
4.06404e-09	-0.0525167
4.06416e-09	-0.0524405
4.06428e-09	-0.0523641
4.06441e-09	-0.0522876
4.06453e-09	-0.052211
4.06465e-09	-0.0521342
4.06477e-09	-0.0520573
4.0649e-09	-0.0519803
4.06502e-09	-0.0519032
4.06514e-09	-0.0518259
4.06526e-09	-0.0517485
4.06539e-09	-0.051671
4.06551e-09	-0.0515934
4.06563e-09	-0.0515157
4.06575e-09	-0.0514378
4.06587e-09	-0.0513598
4.066e-09	-0.0512817
4.06612e-09	-0.0512034
4.06624e-09	-0.0511251
4.06636e-09	-0.0510466
4.06649e-09	-0.050968
4.06661e-09	-0.0508893
4.06673e-09	-0.0508105
4.06685e-09	-0.0507315
4.06697e-09	-0.0506524
4.0671e-09	-0.0505733
4.06722e-09	-0.0504939
4.06734e-09	-0.0504145
4.06746e-09	-0.050335
4.06759e-09	-0.0502553
4.06771e-09	-0.0501756
4.06783e-09	-0.0500957
4.06795e-09	-0.0500157
4.06807e-09	-0.0499356
4.0682e-09	-0.0498553
4.06832e-09	-0.049775
4.06844e-09	-0.0496945
4.06856e-09	-0.049614
4.06869e-09	-0.0495333
4.06881e-09	-0.0494525
4.06893e-09	-0.0493716
4.06905e-09	-0.0492906
4.06917e-09	-0.0492094
4.0693e-09	-0.0491282
4.06942e-09	-0.0490469
4.06954e-09	-0.0489654
4.06966e-09	-0.0488838
4.06979e-09	-0.0488022
4.06991e-09	-0.0487204
4.07003e-09	-0.0486385
4.07015e-09	-0.0485565
4.07027e-09	-0.0484744
4.0704e-09	-0.0483922
4.07052e-09	-0.0483099
4.07064e-09	-0.0482275
4.07076e-09	-0.0481449
4.07089e-09	-0.0480623
4.07101e-09	-0.0479796
4.07113e-09	-0.0478967
4.07125e-09	-0.0478138
4.07137e-09	-0.0477308
4.0715e-09	-0.0476476
4.07162e-09	-0.0475644
4.07174e-09	-0.047481
4.07186e-09	-0.0473976
4.07199e-09	-0.047314
4.07211e-09	-0.0472303
4.07223e-09	-0.0471466
4.07235e-09	-0.0470627
4.07247e-09	-0.0469788
4.0726e-09	-0.0468947
4.07272e-09	-0.0468106
4.07284e-09	-0.0467263
4.07296e-09	-0.046642
4.07309e-09	-0.0465575
4.07321e-09	-0.046473
4.07333e-09	-0.0463884
4.07345e-09	-0.0463036
4.07357e-09	-0.0462188
4.0737e-09	-0.0461339
4.07382e-09	-0.0460489
4.07394e-09	-0.0459638
4.07406e-09	-0.0458786
4.07419e-09	-0.0457933
4.07431e-09	-0.0457079
4.07443e-09	-0.0456224
4.07455e-09	-0.0455368
4.07467e-09	-0.0454511
4.0748e-09	-0.0453654
4.07492e-09	-0.0452795
4.07504e-09	-0.0451936
4.07516e-09	-0.0451076
4.07529e-09	-0.0450214
4.07541e-09	-0.0449352
4.07553e-09	-0.0448489
4.07565e-09	-0.0447625
4.07578e-09	-0.0446761
4.0759e-09	-0.0445895
4.07602e-09	-0.0445029
4.07614e-09	-0.0444161
4.07626e-09	-0.0443293
4.07639e-09	-0.0442424
4.07651e-09	-0.0441554
4.07663e-09	-0.0440683
4.07675e-09	-0.0439812
4.07688e-09	-0.0438939
4.077e-09	-0.0438066
4.07712e-09	-0.0437192
4.07724e-09	-0.0436317
4.07736e-09	-0.0435441
4.07749e-09	-0.0434564
4.07761e-09	-0.0433687
4.07773e-09	-0.0432809
4.07785e-09	-0.043193
4.07798e-09	-0.043105
4.0781e-09	-0.0430169
4.07822e-09	-0.0429288
4.07834e-09	-0.0428405
4.07846e-09	-0.0427522
4.07859e-09	-0.0426638
4.07871e-09	-0.0425754
4.07883e-09	-0.0424869
4.07895e-09	-0.0423982
4.07908e-09	-0.0423095
4.0792e-09	-0.0422208
4.07932e-09	-0.0421319
4.07944e-09	-0.042043
4.07956e-09	-0.041954
4.07969e-09	-0.041865
4.07981e-09	-0.0417758
4.07993e-09	-0.0416866
4.08005e-09	-0.0415973
4.08018e-09	-0.0415079
4.0803e-09	-0.0414185
4.08042e-09	-0.041329
4.08054e-09	-0.0412394
4.08066e-09	-0.0411498
4.08079e-09	-0.04106
4.08091e-09	-0.0409703
4.08103e-09	-0.0408804
4.08115e-09	-0.0407905
4.08128e-09	-0.0407005
4.0814e-09	-0.0406104
4.08152e-09	-0.0405203
4.08164e-09	-0.04043
4.08176e-09	-0.0403398
4.08189e-09	-0.0402494
4.08201e-09	-0.040159
4.08213e-09	-0.0400685
4.08225e-09	-0.039978
4.08238e-09	-0.0398874
4.0825e-09	-0.0397967
4.08262e-09	-0.039706
4.08274e-09	-0.0396152
4.08286e-09	-0.0395243
4.08299e-09	-0.0394334
4.08311e-09	-0.0393424
4.08323e-09	-0.0392514
4.08335e-09	-0.0391603
4.08348e-09	-0.0390691
4.0836e-09	-0.0389778
4.08372e-09	-0.0388865
4.08384e-09	-0.0387952
4.08396e-09	-0.0387038
4.08409e-09	-0.0386123
4.08421e-09	-0.0385208
4.08433e-09	-0.0384292
4.08445e-09	-0.0383375
4.08458e-09	-0.0382458
4.0847e-09	-0.038154
4.08482e-09	-0.0380622
4.08494e-09	-0.0379703
4.08507e-09	-0.0378784
4.08519e-09	-0.0377864
4.08531e-09	-0.0376943
4.08543e-09	-0.0376022
4.08555e-09	-0.03751
4.08568e-09	-0.0374178
4.0858e-09	-0.0373256
4.08592e-09	-0.0372332
4.08604e-09	-0.0371409
4.08617e-09	-0.0370484
4.08629e-09	-0.0369559
4.08641e-09	-0.0368634
4.08653e-09	-0.0367708
4.08665e-09	-0.0366782
4.08678e-09	-0.0365855
4.0869e-09	-0.0364928
4.08702e-09	-0.0364
4.08714e-09	-0.0363071
4.08727e-09	-0.0362142
4.08739e-09	-0.0361213
4.08751e-09	-0.0360283
4.08763e-09	-0.0359353
4.08775e-09	-0.0358422
4.08788e-09	-0.0357491
4.088e-09	-0.0356559
4.08812e-09	-0.0355627
4.08824e-09	-0.0354694
4.08837e-09	-0.0353761
4.08849e-09	-0.0352828
4.08861e-09	-0.0351894
4.08873e-09	-0.0350959
4.08885e-09	-0.0350024
4.08898e-09	-0.0349089
4.0891e-09	-0.0348153
4.08922e-09	-0.0347217
4.08934e-09	-0.0346281
4.08947e-09	-0.0345344
4.08959e-09	-0.0344406
4.08971e-09	-0.0343468
4.08983e-09	-0.034253
4.08995e-09	-0.0341591
4.09008e-09	-0.0340652
4.0902e-09	-0.0339713
4.09032e-09	-0.0338773
4.09044e-09	-0.0337833
4.09057e-09	-0.0336892
4.09069e-09	-0.0335951
4.09081e-09	-0.033501
4.09093e-09	-0.0334068
4.09105e-09	-0.0333126
4.09118e-09	-0.0332184
4.0913e-09	-0.0331241
4.09142e-09	-0.0330298
4.09154e-09	-0.0329355
4.09167e-09	-0.0328411
4.09179e-09	-0.0327467
4.09191e-09	-0.0326522
4.09203e-09	-0.0325577
4.09215e-09	-0.0324632
4.09228e-09	-0.0323687
4.0924e-09	-0.0322741
4.09252e-09	-0.0321795
4.09264e-09	-0.0320848
4.09277e-09	-0.0319901
4.09289e-09	-0.0318954
4.09301e-09	-0.0318007
4.09313e-09	-0.0317059
4.09325e-09	-0.0316111
4.09338e-09	-0.0315163
4.0935e-09	-0.0314214
4.09362e-09	-0.0313266
4.09374e-09	-0.0312317
4.09387e-09	-0.0311367
4.09399e-09	-0.0310418
4.09411e-09	-0.0309468
4.09423e-09	-0.0308518
4.09435e-09	-0.0307567
4.09448e-09	-0.0306616
4.0946e-09	-0.0305665
4.09472e-09	-0.0304714
4.09484e-09	-0.0303763
4.09497e-09	-0.0302811
4.09509e-09	-0.0301859
4.09521e-09	-0.0300907
4.09533e-09	-0.0299955
4.09546e-09	-0.0299002
4.09558e-09	-0.029805
4.0957e-09	-0.0297097
4.09582e-09	-0.0296143
4.09594e-09	-0.029519
4.09607e-09	-0.0294236
4.09619e-09	-0.0293282
4.09631e-09	-0.0292328
4.09643e-09	-0.0291374
4.09656e-09	-0.029042
4.09668e-09	-0.0289465
4.0968e-09	-0.028851
4.09692e-09	-0.0287555
4.09704e-09	-0.02866
4.09717e-09	-0.0285645
4.09729e-09	-0.028469
4.09741e-09	-0.0283734
4.09753e-09	-0.0282778
4.09766e-09	-0.0281822
4.09778e-09	-0.0280866
4.0979e-09	-0.027991
4.09802e-09	-0.0278954
4.09814e-09	-0.0277997
4.09827e-09	-0.0277041
4.09839e-09	-0.0276084
4.09851e-09	-0.0275127
4.09863e-09	-0.027417
4.09876e-09	-0.0273213
4.09888e-09	-0.0272256
4.099e-09	-0.0271298
4.09912e-09	-0.0270341
4.09924e-09	-0.0269383
4.09937e-09	-0.0268426
4.09949e-09	-0.0267468
4.09961e-09	-0.026651
4.09973e-09	-0.0265552
4.09986e-09	-0.0264594
4.09998e-09	-0.0263636
4.1001e-09	-0.0262678
4.10022e-09	-0.026172
4.10034e-09	-0.0260761
4.10047e-09	-0.0259803
4.10059e-09	-0.0258845
4.10071e-09	-0.0257886
4.10083e-09	-0.0256928
4.10096e-09	-0.0255969
4.10108e-09	-0.025501
4.1012e-09	-0.0254052
4.10132e-09	-0.0253093
4.10144e-09	-0.0252134
4.10157e-09	-0.0251175
4.10169e-09	-0.0250217
4.10181e-09	-0.0249258
4.10193e-09	-0.0248299
4.10206e-09	-0.024734
4.10218e-09	-0.0246381
4.1023e-09	-0.0245422
4.10242e-09	-0.0244463
4.10254e-09	-0.0243504
4.10267e-09	-0.0242546
4.10279e-09	-0.0241587
4.10291e-09	-0.0240628
4.10303e-09	-0.0239669
4.10316e-09	-0.023871
4.10328e-09	-0.0237751
4.1034e-09	-0.0236792
4.10352e-09	-0.0235834
4.10364e-09	-0.0234875
4.10377e-09	-0.0233916
4.10389e-09	-0.0232958
4.10401e-09	-0.0231999
4.10413e-09	-0.023104
4.10426e-09	-0.0230082
4.10438e-09	-0.0229123
4.1045e-09	-0.0228165
4.10462e-09	-0.0227207
4.10475e-09	-0.0226248
4.10487e-09	-0.022529
4.10499e-09	-0.0224332
4.10511e-09	-0.0223374
4.10523e-09	-0.0222416
4.10536e-09	-0.0221458
4.10548e-09	-0.02205
4.1056e-09	-0.0219542
4.10572e-09	-0.0218585
4.10585e-09	-0.0217627
4.10597e-09	-0.021667
4.10609e-09	-0.0215713
4.10621e-09	-0.0214755
4.10633e-09	-0.0213798
4.10646e-09	-0.0212841
4.10658e-09	-0.0211884
4.1067e-09	-0.0210928
4.10682e-09	-0.0209971
4.10695e-09	-0.0209015
4.10707e-09	-0.0208058
4.10719e-09	-0.0207102
4.10731e-09	-0.0206146
4.10743e-09	-0.020519
4.10756e-09	-0.0204234
4.10768e-09	-0.0203279
4.1078e-09	-0.0202323
4.10792e-09	-0.0201368
4.10805e-09	-0.0200413
4.10817e-09	-0.0199458
4.10829e-09	-0.0198503
4.10841e-09	-0.0197548
4.10853e-09	-0.0196594
4.10866e-09	-0.019564
4.10878e-09	-0.0194685
4.1089e-09	-0.0193732
4.10902e-09	-0.0192778
4.10915e-09	-0.0191824
4.10927e-09	-0.0190871
4.10939e-09	-0.0189918
4.10951e-09	-0.0188965
4.10963e-09	-0.0188012
4.10976e-09	-0.018706
4.10988e-09	-0.0186108
4.11e-09	-0.0185155
4.11012e-09	-0.0184204
4.11025e-09	-0.0183252
4.11037e-09	-0.0182301
4.11049e-09	-0.018135
4.11061e-09	-0.0180399
4.11073e-09	-0.0179448
4.11086e-09	-0.0178498
4.11098e-09	-0.0177547
4.1111e-09	-0.0176597
4.11122e-09	-0.0175648
4.11135e-09	-0.0174698
4.11147e-09	-0.0173749
4.11159e-09	-0.01728
4.11171e-09	-0.0171852
4.11183e-09	-0.0170903
4.11196e-09	-0.0169955
4.11208e-09	-0.0169007
4.1122e-09	-0.016806
4.11232e-09	-0.0167113
4.11245e-09	-0.0166166
4.11257e-09	-0.0165219
4.11269e-09	-0.0164273
4.11281e-09	-0.0163327
4.11293e-09	-0.0162381
4.11306e-09	-0.0161435
4.11318e-09	-0.016049
4.1133e-09	-0.0159546
4.11342e-09	-0.0158601
4.11355e-09	-0.0157657
4.11367e-09	-0.0156713
4.11379e-09	-0.0155769
4.11391e-09	-0.0154826
4.11403e-09	-0.0153883
4.11416e-09	-0.0152941
4.11428e-09	-0.0151999
4.1144e-09	-0.0151057
4.11452e-09	-0.0150115
4.11465e-09	-0.0149174
4.11477e-09	-0.0148233
4.11489e-09	-0.0147293
4.11501e-09	-0.0146353
4.11514e-09	-0.0145413
4.11526e-09	-0.0144473
4.11538e-09	-0.0143534
4.1155e-09	-0.0142596
4.11562e-09	-0.0141657
4.11575e-09	-0.014072
4.11587e-09	-0.0139782
4.11599e-09	-0.0138845
4.11611e-09	-0.0137908
4.11624e-09	-0.0136972
4.11636e-09	-0.0136036
4.11648e-09	-0.01351
4.1166e-09	-0.0134165
4.11672e-09	-0.0133231
4.11685e-09	-0.0132296
4.11697e-09	-0.0131362
4.11709e-09	-0.0130429
4.11721e-09	-0.0129496
4.11734e-09	-0.0128563
4.11746e-09	-0.0127631
4.11758e-09	-0.0126699
4.1177e-09	-0.0125768
4.11782e-09	-0.0124837
4.11795e-09	-0.0123906
4.11807e-09	-0.0122976
4.11819e-09	-0.0122046
4.11831e-09	-0.0121117
4.11844e-09	-0.0120188
4.11856e-09	-0.011926
4.11868e-09	-0.0118332
4.1188e-09	-0.0117405
4.11892e-09	-0.0116478
4.11905e-09	-0.0115552
4.11917e-09	-0.0114626
4.11929e-09	-0.01137
4.11941e-09	-0.0112775
4.11954e-09	-0.0111851
4.11966e-09	-0.0110926
4.11978e-09	-0.0110003
4.1199e-09	-0.010908
4.12002e-09	-0.0108157
4.12015e-09	-0.0107235
4.12027e-09	-0.0106313
4.12039e-09	-0.0105392
4.12051e-09	-0.0104472
4.12064e-09	-0.0103552
4.12076e-09	-0.0102632
4.12088e-09	-0.0101713
4.121e-09	-0.0100794
4.12112e-09	-0.00998763
4.12125e-09	-0.00989588
4.12137e-09	-0.00980418
4.12149e-09	-0.00971253
4.12161e-09	-0.00962093
4.12174e-09	-0.00952939
4.12186e-09	-0.0094379
4.12198e-09	-0.00934647
4.1221e-09	-0.00925509
4.12222e-09	-0.00916376
4.12235e-09	-0.00907249
4.12247e-09	-0.00898128
4.12259e-09	-0.00889012
4.12271e-09	-0.00879902
4.12284e-09	-0.00870797
4.12296e-09	-0.00861698
4.12308e-09	-0.00852604
4.1232e-09	-0.00843516
4.12332e-09	-0.00834434
4.12345e-09	-0.00825358
4.12357e-09	-0.00816288
4.12369e-09	-0.00807223
4.12381e-09	-0.00798164
4.12394e-09	-0.00789111
4.12406e-09	-0.00780064
4.12418e-09	-0.00771023
4.1243e-09	-0.00761988
4.12443e-09	-0.00752959
4.12455e-09	-0.00743936
4.12467e-09	-0.00734919
4.12479e-09	-0.00725908
4.12491e-09	-0.00716903
4.12504e-09	-0.00707904
4.12516e-09	-0.00698911
4.12528e-09	-0.00689925
4.1254e-09	-0.00680945
4.12553e-09	-0.00671971
4.12565e-09	-0.00663003
4.12577e-09	-0.00654042
4.12589e-09	-0.00645087
4.12601e-09	-0.00636138
4.12614e-09	-0.00627196
4.12626e-09	-0.0061826
4.12638e-09	-0.00609331
4.1265e-09	-0.00600408
4.12663e-09	-0.00591492
4.12675e-09	-0.00582582
4.12687e-09	-0.00573679
4.12699e-09	-0.00564782
4.12711e-09	-0.00555892
4.12724e-09	-0.00547009
4.12736e-09	-0.00538132
4.12748e-09	-0.00529262
4.1276e-09	-0.00520399
4.12773e-09	-0.00511543
4.12785e-09	-0.00502693
4.12797e-09	-0.0049385
4.12809e-09	-0.00485014
4.12821e-09	-0.00476185
4.12834e-09	-0.00467363
4.12846e-09	-0.00458548
4.12858e-09	-0.0044974
4.1287e-09	-0.00440938
4.12883e-09	-0.00432144
4.12895e-09	-0.00423357
4.12907e-09	-0.00414576
4.12919e-09	-0.00405803
4.12931e-09	-0.00397037
4.12944e-09	-0.00388279
4.12956e-09	-0.00379527
4.12968e-09	-0.00370782
4.1298e-09	-0.00362045
4.12993e-09	-0.00353315
4.13005e-09	-0.00344593
4.13017e-09	-0.00335877
4.13029e-09	-0.00327169
4.13041e-09	-0.00318469
4.13054e-09	-0.00309775
4.13066e-09	-0.0030109
4.13078e-09	-0.00292411
4.1309e-09	-0.0028374
4.13103e-09	-0.00275077
4.13115e-09	-0.00266421
4.13127e-09	-0.00257773
4.13139e-09	-0.00249132
4.13151e-09	-0.00240499
4.13164e-09	-0.00231873
4.13176e-09	-0.00223255
4.13188e-09	-0.00214645
4.132e-09	-0.00206043
4.13213e-09	-0.00197448
4.13225e-09	-0.00188861
4.13237e-09	-0.00180282
4.13249e-09	-0.0017171
4.13261e-09	-0.00163147
4.13274e-09	-0.00154591
4.13286e-09	-0.00146043
4.13298e-09	-0.00137503
4.1331e-09	-0.00128971
4.13323e-09	-0.00120447
4.13335e-09	-0.00111931
4.13347e-09	-0.00103423
4.13359e-09	-0.000949236
4.13371e-09	-0.000864317
4.13384e-09	-0.000779479
4.13396e-09	-0.000694722
4.13408e-09	-0.000610047
4.1342e-09	-0.000525453
4.13433e-09	-0.000440942
4.13445e-09	-0.000356512
4.13457e-09	-0.000272165
4.13469e-09	-0.000187901
4.13482e-09	-0.000103719
4.13494e-09	-1.96208e-05
4.13506e-09	6.43942e-05
4.13518e-09	0.000148326
4.1353e-09	0.000232173
4.13543e-09	0.000315936
4.13555e-09	0.000399615
4.13567e-09	0.00048321
4.13579e-09	0.000566719
4.13592e-09	0.000650144
4.13604e-09	0.000733483
4.13616e-09	0.000816736
4.13628e-09	0.000899904
4.1364e-09	0.000982985
4.13653e-09	0.00106598
4.13665e-09	0.00114889
4.13677e-09	0.00123171
4.13689e-09	0.00131445
4.13702e-09	0.00139709
4.13714e-09	0.00147965
4.13726e-09	0.00156213
4.13738e-09	0.00164451
4.1375e-09	0.00172681
4.13763e-09	0.00180902
4.13775e-09	0.00189113
4.13787e-09	0.00197317
4.13799e-09	0.00205511
4.13812e-09	0.00213696
4.13824e-09	0.00221872
4.13836e-09	0.00230039
4.13848e-09	0.00238198
4.1386e-09	0.00246347
4.13873e-09	0.00254487
4.13885e-09	0.00262618
4.13897e-09	0.0027074
4.13909e-09	0.00278853
4.13922e-09	0.00286957
4.13934e-09	0.00295051
4.13946e-09	0.00303137
4.13958e-09	0.00311213
4.1397e-09	0.0031928
4.13983e-09	0.00327337
4.13995e-09	0.00335386
4.14007e-09	0.00343425
4.14019e-09	0.00351455
4.14032e-09	0.00359475
4.14044e-09	0.00367486
4.14056e-09	0.00375488
4.14068e-09	0.0038348
4.1408e-09	0.00391463
4.14093e-09	0.00399437
4.14105e-09	0.00407401
4.14117e-09	0.00415355
4.14129e-09	0.004233
4.14142e-09	0.00431235
4.14154e-09	0.00439161
4.14166e-09	0.00447078
4.14178e-09	0.00454984
4.1419e-09	0.00462881
4.14203e-09	0.00470769
4.14215e-09	0.00478646
4.14227e-09	0.00486514
4.14239e-09	0.00494373
4.14252e-09	0.00502221
4.14264e-09	0.0051006
4.14276e-09	0.00517889
4.14288e-09	0.00525708
4.143e-09	0.00533518
4.14313e-09	0.00541318
4.14325e-09	0.00549107
4.14337e-09	0.00556887
4.14349e-09	0.00564657
4.14362e-09	0.00572417
4.14374e-09	0.00580167
4.14386e-09	0.00587908
4.14398e-09	0.00595638
4.14411e-09	0.00603358
4.14423e-09	0.00611068
4.14435e-09	0.00618768
4.14447e-09	0.00626459
4.14459e-09	0.00634139
4.14472e-09	0.00641809
4.14484e-09	0.00649468
4.14496e-09	0.00657118
4.14508e-09	0.00664758
4.14521e-09	0.00672387
4.14533e-09	0.00680006
4.14545e-09	0.00687615
4.14557e-09	0.00695214
4.14569e-09	0.00702802
4.14582e-09	0.0071038
4.14594e-09	0.00717948
4.14606e-09	0.00725506
4.14618e-09	0.00733053
4.14631e-09	0.0074059
4.14643e-09	0.00748116
4.14655e-09	0.00755632
4.14667e-09	0.00763138
4.14679e-09	0.00770633
4.14692e-09	0.00778118
4.14704e-09	0.00785592
4.14716e-09	0.00793056
4.14728e-09	0.0080051
4.14741e-09	0.00807952
4.14753e-09	0.00815385
4.14765e-09	0.00822806
4.14777e-09	0.00830218
4.14789e-09	0.00837618
4.14802e-09	0.00845008
4.14814e-09	0.00852387
4.14826e-09	0.00859756
4.14838e-09	0.00867114
4.14851e-09	0.00874461
4.14863e-09	0.00881798
4.14875e-09	0.00889124
4.14887e-09	0.00896439
4.14899e-09	0.00903743
4.14912e-09	0.00911037
4.14924e-09	0.0091832
4.14936e-09	0.00925592
4.14948e-09	0.00932853
4.14961e-09	0.00940103
4.14973e-09	0.00947343
4.14985e-09	0.00954571
4.14997e-09	0.00961789
4.15009e-09	0.00968996
4.15022e-09	0.00976191
4.15034e-09	0.00983376
4.15046e-09	0.0099055
4.15058e-09	0.00997713
4.15071e-09	0.0100487
4.15083e-09	0.0101201
4.15095e-09	0.0101914
4.15107e-09	0.0102625
4.15119e-09	0.0103336
4.15132e-09	0.0104046
4.15144e-09	0.0104754
4.15156e-09	0.0105462
4.15168e-09	0.0106168
4.15181e-09	0.0106873
4.15193e-09	0.0107578
4.15205e-09	0.010828
4.15217e-09	0.0108982
4.15229e-09	0.0109683
4.15242e-09	0.0110383
4.15254e-09	0.0111081
4.15266e-09	0.0111779
4.15278e-09	0.0112475
4.15291e-09	0.011317
4.15303e-09	0.0113864
4.15315e-09	0.0114557
4.15327e-09	0.0115248
4.15339e-09	0.0115939
4.15352e-09	0.0116628
4.15364e-09	0.0117317
4.15376e-09	0.0118004
4.15388e-09	0.011869
4.15401e-09	0.0119375
4.15413e-09	0.0120058
4.15425e-09	0.0120741
4.15437e-09	0.0121422
4.1545e-09	0.0122103
4.15462e-09	0.0122782
4.15474e-09	0.012346
4.15486e-09	0.0124136
4.15498e-09	0.0124812
4.15511e-09	0.0125487
4.15523e-09	0.012616
4.15535e-09	0.0126832
4.15547e-09	0.0127503
4.1556e-09	0.0128173
4.15572e-09	0.0128842
4.15584e-09	0.0129509
4.15596e-09	0.0130176
4.15608e-09	0.0130841
4.15621e-09	0.0131505
4.15633e-09	0.0132168
4.15645e-09	0.0132829
4.15657e-09	0.013349
4.1567e-09	0.0134149
4.15682e-09	0.0134807
4.15694e-09	0.0135464
4.15706e-09	0.013612
4.15718e-09	0.0136775
4.15731e-09	0.0137428
4.15743e-09	0.013808
4.15755e-09	0.0138731
4.15767e-09	0.0139381
4.1578e-09	0.014003
4.15792e-09	0.0140677
4.15804e-09	0.0141323
4.15816e-09	0.0141969
4.15828e-09	0.0142612
4.15841e-09	0.0143255
4.15853e-09	0.0143897
4.15865e-09	0.0144537
4.15877e-09	0.0145176
4.1589e-09	0.0145814
4.15902e-09	0.0146451
4.15914e-09	0.0147086
4.15926e-09	0.0147721
4.15938e-09	0.0148354
4.15951e-09	0.0148985
4.15963e-09	0.0149616
4.15975e-09	0.0150246
4.15987e-09	0.0150874
4.16e-09	0.0151501
4.16012e-09	0.0152127
4.16024e-09	0.0152751
4.16036e-09	0.0153375
4.16048e-09	0.0153997
4.16061e-09	0.0154618
4.16073e-09	0.0155238
4.16085e-09	0.0155856
4.16097e-09	0.0156473
4.1611e-09	0.015709
4.16122e-09	0.0157704
4.16134e-09	0.0158318
4.16146e-09	0.015893
4.16158e-09	0.0159542
4.16171e-09	0.0160152
4.16183e-09	0.016076
4.16195e-09	0.0161368
4.16207e-09	0.0161974
4.1622e-09	0.0162579
4.16232e-09	0.0163183
4.16244e-09	0.0163785
4.16256e-09	0.0164387
4.16268e-09	0.0164987
4.16281e-09	0.0165586
4.16293e-09	0.0166183
4.16305e-09	0.016678
4.16317e-09	0.0167375
4.1633e-09	0.0167969
4.16342e-09	0.0168561
4.16354e-09	0.0169153
4.16366e-09	0.0169743
4.16379e-09	0.0170332
4.16391e-09	0.0170919
4.16403e-09	0.0171506
4.16415e-09	0.0172091
4.16427e-09	0.0172675
4.1644e-09	0.0173257
4.16452e-09	0.0173839
4.16464e-09	0.0174419
4.16476e-09	0.0174998
4.16489e-09	0.0175575
4.16501e-09	0.0176152
4.16513e-09	0.0176727
4.16525e-09	0.0177301
4.16537e-09	0.0177873
4.1655e-09	0.0178444
4.16562e-09	0.0179015
4.16574e-09	0.0179583
4.16586e-09	0.0180151
4.16599e-09	0.0180717
4.16611e-09	0.0181282
4.16623e-09	0.0181846
4.16635e-09	0.0182408
4.16647e-09	0.0182969
4.1666e-09	0.0183529
4.16672e-09	0.0184088
4.16684e-09	0.0184645
4.16696e-09	0.0185201
4.16709e-09	0.0185756
4.16721e-09	0.018631
4.16733e-09	0.0186862
4.16745e-09	0.0187413
4.16757e-09	0.0187963
4.1677e-09	0.0188511
4.16782e-09	0.0189058
4.16794e-09	0.0189604
4.16806e-09	0.0190149
4.16819e-09	0.0190692
4.16831e-09	0.0191234
4.16843e-09	0.0191775
4.16855e-09	0.0192315
4.16867e-09	0.0192853
4.1688e-09	0.019339
4.16892e-09	0.0193925
4.16904e-09	0.019446
4.16916e-09	0.0194993
4.16929e-09	0.0195524
4.16941e-09	0.0196055
4.16953e-09	0.0196584
4.16965e-09	0.0197112
4.16977e-09	0.0197638
4.1699e-09	0.0198164
4.17002e-09	0.0198688
4.17014e-09	0.019921
4.17026e-09	0.0199732
4.17039e-09	0.0200252
4.17051e-09	0.0200771
4.17063e-09	0.0201288
4.17075e-09	0.0201805
4.17087e-09	0.0202319
4.171e-09	0.0202833
4.17112e-09	0.0203345
4.17124e-09	0.0203856
4.17136e-09	0.0204366
4.17149e-09	0.0204875
4.17161e-09	0.0205382
4.17173e-09	0.0205888
4.17185e-09	0.0206392
4.17197e-09	0.0206895
4.1721e-09	0.0207397
4.17222e-09	0.0207898
4.17234e-09	0.0208397
4.17246e-09	0.0208895
4.17259e-09	0.0209392
4.17271e-09	0.0209887
4.17283e-09	0.0210381
4.17295e-09	0.0210874
4.17307e-09	0.0211365
4.1732e-09	0.0211855
4.17332e-09	0.0212344
4.17344e-09	0.0212832
4.17356e-09	0.0213318
4.17369e-09	0.0213803
4.17381e-09	0.0214286
4.17393e-09	0.0214769
4.17405e-09	0.021525
4.17418e-09	0.0215729
4.1743e-09	0.0216208
4.17442e-09	0.0216684
4.17454e-09	0.021716
4.17466e-09	0.0217634
4.17479e-09	0.0218108
4.17491e-09	0.0218579
4.17503e-09	0.021905
4.17515e-09	0.0219519
4.17528e-09	0.0219986
4.1754e-09	0.0220453
4.17552e-09	0.0220918
4.17564e-09	0.0221382
4.17576e-09	0.0221844
4.17589e-09	0.0222305
4.17601e-09	0.0222765
4.17613e-09	0.0223224
4.17625e-09	0.0223681
4.17638e-09	0.0224137
4.1765e-09	0.0224591
4.17662e-09	0.0225044
4.17674e-09	0.0225496
4.17686e-09	0.0225947
4.17699e-09	0.0226396
4.17711e-09	0.0226844
4.17723e-09	0.0227291
4.17735e-09	0.0227736
4.17748e-09	0.022818
4.1776e-09	0.0228622
4.17772e-09	0.0229064
4.17784e-09	0.0229503
4.17796e-09	0.0229942
4.17809e-09	0.0230379
4.17821e-09	0.0230815
4.17833e-09	0.023125
4.17845e-09	0.0231683
4.17858e-09	0.0232115
4.1787e-09	0.0232546
4.17882e-09	0.0232975
4.17894e-09	0.0233403
4.17906e-09	0.0233829
4.17919e-09	0.0234255
4.17931e-09	0.0234679
4.17943e-09	0.0235101
4.17955e-09	0.0235523
4.17968e-09	0.0235942
4.1798e-09	0.0236361
4.17992e-09	0.0236778
4.18004e-09	0.0237194
4.18016e-09	0.0237609
4.18029e-09	0.0238022
4.18041e-09	0.0238434
4.18053e-09	0.0238845
4.18065e-09	0.0239254
4.18078e-09	0.0239662
4.1809e-09	0.0240068
4.18102e-09	0.0240474
4.18114e-09	0.0240877
4.18126e-09	0.024128
4.18139e-09	0.0241681
4.18151e-09	0.0242081
4.18163e-09	0.024248
4.18175e-09	0.0242877
4.18188e-09	0.0243273
4.182e-09	0.0243667
4.18212e-09	0.024406
4.18224e-09	0.0244452
4.18236e-09	0.0244843
4.18249e-09	0.0245232
4.18261e-09	0.024562
4.18273e-09	0.0246006
4.18285e-09	0.0246392
4.18298e-09	0.0246775
4.1831e-09	0.0247158
4.18322e-09	0.0247539
4.18334e-09	0.0247919
4.18347e-09	0.0248297
4.18359e-09	0.0248674
4.18371e-09	0.024905
4.18383e-09	0.0249424
4.18395e-09	0.0249797
4.18408e-09	0.0250169
4.1842e-09	0.025054
4.18432e-09	0.0250909
4.18444e-09	0.0251276
4.18457e-09	0.0251643
4.18469e-09	0.0252008
4.18481e-09	0.0252372
4.18493e-09	0.0252734
4.18505e-09	0.0253095
4.18518e-09	0.0253455
4.1853e-09	0.0253813
4.18542e-09	0.025417
4.18554e-09	0.0254525
4.18567e-09	0.025488
4.18579e-09	0.0255233
4.18591e-09	0.0255584
4.18603e-09	0.0255935
4.18615e-09	0.0256283
4.18628e-09	0.0256631
4.1864e-09	0.0256977
4.18652e-09	0.0257322
4.18664e-09	0.0257666
4.18677e-09	0.0258008
4.18689e-09	0.0258349
4.18701e-09	0.0258688
4.18713e-09	0.0259027
4.18725e-09	0.0259363
4.18738e-09	0.0259699
4.1875e-09	0.0260033
4.18762e-09	0.0260366
4.18774e-09	0.0260697
4.18787e-09	0.0261027
4.18799e-09	0.0261356
4.18811e-09	0.0261684
4.18823e-09	0.026201
4.18835e-09	0.0262335
4.18848e-09	0.0262658
4.1886e-09	0.026298
4.18872e-09	0.0263301
4.18884e-09	0.026362
4.18897e-09	0.0263938
4.18909e-09	0.0264255
4.18921e-09	0.026457
4.18933e-09	0.0264884
4.18945e-09	0.0265197
4.18958e-09	0.0265508
4.1897e-09	0.0265818
4.18982e-09	0.0266127
4.18994e-09	0.0266434
4.19007e-09	0.026674
4.19019e-09	0.0267045
4.19031e-09	0.0267348
4.19043e-09	0.026765
4.19055e-09	0.0267951
4.19068e-09	0.026825
4.1908e-09	0.0268548
4.19092e-09	0.0268845
4.19104e-09	0.026914
4.19117e-09	0.0269434
4.19129e-09	0.0269727
4.19141e-09	0.0270018
4.19153e-09	0.0270308
4.19165e-09	0.0270596
4.19178e-09	0.0270884
4.1919e-09	0.027117
4.19202e-09	0.0271454
4.19214e-09	0.0271737
4.19227e-09	0.0272019
4.19239e-09	0.02723
4.19251e-09	0.0272579
4.19263e-09	0.0272857
4.19275e-09	0.0273134
4.19288e-09	0.0273409
4.193e-09	0.0273683
4.19312e-09	0.0273955
4.19324e-09	0.0274226
4.19337e-09	0.0274496
4.19349e-09	0.0274765
4.19361e-09	0.0275032
4.19373e-09	0.0275298
4.19386e-09	0.0275563
4.19398e-09	0.0275826
4.1941e-09	0.0276088
4.19422e-09	0.0276348
4.19434e-09	0.0276608
4.19447e-09	0.0276865
4.19459e-09	0.0277122
4.19471e-09	0.0277377
4.19483e-09	0.0277631
4.19496e-09	0.0277884
4.19508e-09	0.0278135
4.1952e-09	0.0278385
4.19532e-09	0.0278634
4.19544e-09	0.0278881
4.19557e-09	0.0279127
4.19569e-09	0.0279371
4.19581e-09	0.0279615
4.19593e-09	0.0279857
4.19606e-09	0.0280097
4.19618e-09	0.0280337
4.1963e-09	0.0280575
4.19642e-09	0.0280811
4.19654e-09	0.0281047
4.19667e-09	0.0281281
4.19679e-09	0.0281513
4.19691e-09	0.0281745
4.19703e-09	0.0281975
4.19716e-09	0.0282203
4.19728e-09	0.0282431
4.1974e-09	0.0282657
4.19752e-09	0.0282882
4.19764e-09	0.0283105
4.19777e-09	0.0283327
4.19789e-09	0.0283548
4.19801e-09	0.0283768
4.19813e-09	0.0283986
4.19826e-09	0.0284203
4.19838e-09	0.0284418
4.1985e-09	0.0284632
4.19862e-09	0.0284845
4.19874e-09	0.0285057
4.19887e-09	0.0285267
4.19899e-09	0.0285476
4.19911e-09	0.0285684
4.19923e-09	0.028589
4.19936e-09	0.0286095
4.19948e-09	0.0286299
4.1996e-09	0.0286501
4.19972e-09	0.0286702
4.19984e-09	0.0286902
4.19997e-09	0.0287101
4.20009e-09	0.0287298
4.20021e-09	0.0287494
4.20033e-09	0.0287688
4.20046e-09	0.0287881
4.20058e-09	0.0288073
4.2007e-09	0.0288264
4.20082e-09	0.0288453
4.20094e-09	0.0288641
4.20107e-09	0.0288828
4.20119e-09	0.0289013
4.20131e-09	0.0289197
4.20143e-09	0.028938
4.20156e-09	0.0289562
4.20168e-09	0.0289742
4.2018e-09	0.0289921
4.20192e-09	0.0290098
4.20204e-09	0.0290274
4.20217e-09	0.0290449
4.20229e-09	0.0290623
4.20241e-09	0.0290796
4.20253e-09	0.0290967
4.20266e-09	0.0291136
4.20278e-09	0.0291305
4.2029e-09	0.0291472
4.20302e-09	0.0291638
4.20314e-09	0.0291803
4.20327e-09	0.0291966
4.20339e-09	0.0292128
4.20351e-09	0.0292289
4.20363e-09	0.0292448
4.20376e-09	0.0292606
4.20388e-09	0.0292763
4.204e-09	0.0292919
4.20412e-09	0.0293073
4.20425e-09	0.0293226
4.20437e-09	0.0293378
4.20449e-09	0.0293528
4.20461e-09	0.0293677
4.20473e-09	0.0293825
4.20486e-09	0.0293972
4.20498e-09	0.0294117
4.2051e-09	0.0294261
4.20522e-09	0.0294404
4.20535e-09	0.0294545
4.20547e-09	0.0294685
4.20559e-09	0.0294824
4.20571e-09	0.0294962
4.20583e-09	0.0295098
4.20596e-09	0.0295233
4.20608e-09	0.0295367
4.2062e-09	0.0295499
4.20632e-09	0.0295631
4.20645e-09	0.029576
4.20657e-09	0.0295889
4.20669e-09	0.0296017
4.20681e-09	0.0296143
4.20693e-09	0.0296267
4.20706e-09	0.0296391
4.20718e-09	0.0296513
4.2073e-09	0.0296634
4.20742e-09	0.0296754
4.20755e-09	0.0296873
4.20767e-09	0.029699
4.20779e-09	0.0297106
4.20791e-09	0.0297221
4.20803e-09	0.0297334
4.20816e-09	0.0297446
4.20828e-09	0.0297557
4.2084e-09	0.0297667
4.20852e-09	0.0297775
4.20865e-09	0.0297882
4.20877e-09	0.0297988
4.20889e-09	0.0298093
4.20901e-09	0.0298196
4.20913e-09	0.0298299
4.20926e-09	0.0298399
4.20938e-09	0.0298499
4.2095e-09	0.0298597
4.20962e-09	0.0298694
4.20975e-09	0.029879
4.20987e-09	0.0298885
4.20999e-09	0.0298978
4.21011e-09	0.029907
4.21023e-09	0.0299161
4.21036e-09	0.0299251
4.21048e-09	0.0299339
4.2106e-09	0.0299426
4.21072e-09	0.0299512
4.21085e-09	0.0299597
4.21097e-09	0.029968
4.21109e-09	0.0299763
4.21121e-09	0.0299843
4.21133e-09	0.0299923
4.21146e-09	0.0300002
4.21158e-09	0.0300079
4.2117e-09	0.0300155
4.21182e-09	0.0300229
4.21195e-09	0.0300303
4.21207e-09	0.0300375
4.21219e-09	0.0300446
4.21231e-09	0.0300516
4.21243e-09	0.0300585
4.21256e-09	0.0300652
4.21268e-09	0.0300718
4.2128e-09	0.0300783
4.21292e-09	0.0300847
4.21305e-09	0.0300909
4.21317e-09	0.030097
4.21329e-09	0.030103
4.21341e-09	0.0301089
4.21354e-09	0.0301147
4.21366e-09	0.0301203
4.21378e-09	0.0301258
4.2139e-09	0.0301312
4.21402e-09	0.0301365
4.21415e-09	0.0301416
4.21427e-09	0.0301466
4.21439e-09	0.0301515
4.21451e-09	0.0301563
4.21464e-09	0.030161
4.21476e-09	0.0301655
4.21488e-09	0.03017
4.215e-09	0.0301743
4.21512e-09	0.0301784
4.21525e-09	0.0301825
4.21537e-09	0.0301864
4.21549e-09	0.0301902
4.21561e-09	0.0301939
4.21574e-09	0.0301975
4.21586e-09	0.030201
4.21598e-09	0.0302043
4.2161e-09	0.0302075
4.21622e-09	0.0302106
4.21635e-09	0.0302136
4.21647e-09	0.0302165
4.21659e-09	0.0302192
4.21671e-09	0.0302218
4.21684e-09	0.0302243
4.21696e-09	0.0302267
4.21708e-09	0.030229
4.2172e-09	0.0302311
4.21732e-09	0.0302331
4.21745e-09	0.030235
4.21757e-09	0.0302368
4.21769e-09	0.0302385
4.21781e-09	0.03024
4.21794e-09	0.0302415
4.21806e-09	0.0302428
4.21818e-09	0.030244
4.2183e-09	0.0302451
4.21842e-09	0.030246
4.21855e-09	0.0302469
4.21867e-09	0.0302476
4.21879e-09	0.0302482
4.21891e-09	0.0302487
4.21904e-09	0.0302491
4.21916e-09	0.0302493
4.21928e-09	0.0302495
4.2194e-09	0.0302495
4.21952e-09	0.0302494
4.21965e-09	0.0302492
4.21977e-09	0.0302489
4.21989e-09	0.0302484
4.22001e-09	0.0302479
4.22014e-09	0.0302472
4.22026e-09	0.0302464
4.22038e-09	0.0302455
4.2205e-09	0.0302445
4.22062e-09	0.0302433
4.22075e-09	0.0302421
4.22087e-09	0.0302407
4.22099e-09	0.0302392
4.22111e-09	0.0302376
4.22124e-09	0.0302359
4.22136e-09	0.0302341
4.22148e-09	0.0302322
4.2216e-09	0.0302301
4.22172e-09	0.0302279
4.22185e-09	0.0302257
4.22197e-09	0.0302233
4.22209e-09	0.0302207
4.22221e-09	0.0302181
4.22234e-09	0.0302154
4.22246e-09	0.0302125
4.22258e-09	0.0302096
4.2227e-09	0.0302065
4.22282e-09	0.0302033
4.22295e-09	0.0302
4.22307e-09	0.0301966
4.22319e-09	0.030193
4.22331e-09	0.0301894
4.22344e-09	0.0301856
4.22356e-09	0.0301818
4.22368e-09	0.0301778
4.2238e-09	0.0301737
4.22393e-09	0.0301695
4.22405e-09	0.0301652
4.22417e-09	0.0301607
4.22429e-09	0.0301562
4.22441e-09	0.0301515
4.22454e-09	0.0301468
4.22466e-09	0.0301419
4.22478e-09	0.0301369
4.2249e-09	0.0301318
4.22503e-09	0.0301266
4.22515e-09	0.0301213
4.22527e-09	0.0301159
4.22539e-09	0.0301103
4.22551e-09	0.0301047
4.22564e-09	0.0300989
4.22576e-09	0.0300931
4.22588e-09	0.0300871
4.226e-09	0.030081
4.22613e-09	0.0300748
4.22625e-09	0.0300685
4.22637e-09	0.0300621
4.22649e-09	0.0300555
4.22661e-09	0.0300489
4.22674e-09	0.0300422
4.22686e-09	0.0300353
4.22698e-09	0.0300283
4.2271e-09	0.0300213
4.22723e-09	0.0300141
4.22735e-09	0.0300068
4.22747e-09	0.0299994
4.22759e-09	0.0299919
4.22771e-09	0.0299843
4.22784e-09	0.0299766
4.22796e-09	0.0299688
4.22808e-09	0.0299608
4.2282e-09	0.0299528
4.22833e-09	0.0299446
4.22845e-09	0.0299364
4.22857e-09	0.029928
4.22869e-09	0.0299196
4.22881e-09	0.029911
4.22894e-09	0.0299023
4.22906e-09	0.0298935
4.22918e-09	0.0298846
4.2293e-09	0.0298756
4.22943e-09	0.0298665
4.22955e-09	0.0298573
4.22967e-09	0.029848
4.22979e-09	0.0298386
4.22991e-09	0.0298291
4.23004e-09	0.0298194
4.23016e-09	0.0298097
4.23028e-09	0.0297999
4.2304e-09	0.0297899
4.23053e-09	0.0297799
4.23065e-09	0.0297697
4.23077e-09	0.0297595
4.23089e-09	0.0297491
4.23101e-09	0.0297386
4.23114e-09	0.0297281
4.23126e-09	0.0297174
4.23138e-09	0.0297066
4.2315e-09	0.0296957
4.23163e-09	0.0296848
4.23175e-09	0.0296737
4.23187e-09	0.0296625
4.23199e-09	0.0296512
4.23211e-09	0.0296398
4.23224e-09	0.0296283
4.23236e-09	0.0296167
4.23248e-09	0.029605
4.2326e-09	0.0295932
4.23273e-09	0.0295813
4.23285e-09	0.0295693
4.23297e-09	0.0295572
4.23309e-09	0.029545
4.23322e-09	0.0295327
4.23334e-09	0.0295203
4.23346e-09	0.0295078
4.23358e-09	0.0294952
4.2337e-09	0.0294825
4.23383e-09	0.0294696
4.23395e-09	0.0294567
4.23407e-09	0.0294437
4.23419e-09	0.0294306
4.23432e-09	0.0294174
4.23444e-09	0.0294041
4.23456e-09	0.0293907
4.23468e-09	0.0293772
4.2348e-09	0.0293636
4.23493e-09	0.0293499
4.23505e-09	0.0293361
4.23517e-09	0.0293222
4.23529e-09	0.0293082
4.23542e-09	0.0292941
4.23554e-09	0.0292799
4.23566e-09	0.0292656
4.23578e-09	0.0292512
4.2359e-09	0.0292367
4.23603e-09	0.0292221
4.23615e-09	0.0292074
4.23627e-09	0.0291926
4.23639e-09	0.0291777
4.23652e-09	0.0291628
4.23664e-09	0.0291477
4.23676e-09	0.0291325
4.23688e-09	0.0291173
4.237e-09	0.0291019
4.23713e-09	0.0290864
4.23725e-09	0.0290709
4.23737e-09	0.0290552
4.23749e-09	0.0290395
4.23762e-09	0.0290236
4.23774e-09	0.0290077
4.23786e-09	0.0289917
4.23798e-09	0.0289755
4.2381e-09	0.0289593
4.23823e-09	0.028943
4.23835e-09	0.0289266
4.23847e-09	0.0289101
4.23859e-09	0.0288935
4.23872e-09	0.0288768
4.23884e-09	0.02886
4.23896e-09	0.0288431
4.23908e-09	0.0288262
4.2392e-09	0.0288091
4.23933e-09	0.0287919
4.23945e-09	0.0287747
4.23957e-09	0.0287573
4.23969e-09	0.0287399
4.23982e-09	0.0287224
4.23994e-09	0.0287047
4.24006e-09	0.028687
4.24018e-09	0.0286692
4.2403e-09	0.0286513
4.24043e-09	0.0286333
4.24055e-09	0.0286152
4.24067e-09	0.0285971
4.24079e-09	0.0285788
4.24092e-09	0.0285605
4.24104e-09	0.028542
4.24116e-09	0.0285235
4.24128e-09	0.0285048
4.2414e-09	0.0284861
4.24153e-09	0.0284673
4.24165e-09	0.0284484
4.24177e-09	0.0284294
4.24189e-09	0.0284104
4.24202e-09	0.0283912
4.24214e-09	0.0283719
4.24226e-09	0.0283526
4.24238e-09	0.0283332
4.2425e-09	0.0283136
4.24263e-09	0.028294
4.24275e-09	0.0282743
4.24287e-09	0.0282545
4.24299e-09	0.0282347
4.24312e-09	0.0282147
4.24324e-09	0.0281947
4.24336e-09	0.0281745
4.24348e-09	0.0281543
4.24361e-09	0.028134
4.24373e-09	0.0281136
4.24385e-09	0.0280931
4.24397e-09	0.0280725
4.24409e-09	0.0280519
4.24422e-09	0.0280311
4.24434e-09	0.0280103
4.24446e-09	0.0279894
4.24458e-09	0.0279684
4.24471e-09	0.0279473
4.24483e-09	0.0279261
4.24495e-09	0.0279048
4.24507e-09	0.0278835
4.24519e-09	0.0278621
4.24532e-09	0.0278405
4.24544e-09	0.0278189
4.24556e-09	0.0277973
4.24568e-09	0.0277755
4.24581e-09	0.0277536
4.24593e-09	0.0277317
4.24605e-09	0.0277097
4.24617e-09	0.0276876
4.24629e-09	0.0276654
4.24642e-09	0.0276431
4.24654e-09	0.0276208
4.24666e-09	0.0275983
4.24678e-09	0.0275758
4.24691e-09	0.0275532
4.24703e-09	0.0275305
4.24715e-09	0.0275077
4.24727e-09	0.0274849
4.24739e-09	0.027462
4.24752e-09	0.027439
4.24764e-09	0.0274159
4.24776e-09	0.0273927
4.24788e-09	0.0273694
4.24801e-09	0.0273461
4.24813e-09	0.0273227
4.24825e-09	0.0272992
4.24837e-09	0.0272756
4.24849e-09	0.0272519
4.24862e-09	0.0272282
4.24874e-09	0.0272044
4.24886e-09	0.0271805
4.24898e-09	0.0271565
4.24911e-09	0.0271325
4.24923e-09	0.0271083
4.24935e-09	0.0270841
4.24947e-09	0.0270598
4.24959e-09	0.0270354
4.24972e-09	0.027011
4.24984e-09	0.0269865
4.24996e-09	0.0269618
4.25008e-09	0.0269372
4.25021e-09	0.0269124
4.25033e-09	0.0268876
4.25045e-09	0.0268626
4.25057e-09	0.0268376
4.25069e-09	0.0268126
4.25082e-09	0.0267874
4.25094e-09	0.0267622
4.25106e-09	0.0267369
4.25118e-09	0.0267115
4.25131e-09	0.0266861
4.25143e-09	0.0266605
4.25155e-09	0.0266349
4.25167e-09	0.0266092
4.25179e-09	0.0265835
4.25192e-09	0.0265577
4.25204e-09	0.0265317
4.25216e-09	0.0265058
4.25228e-09	0.0264797
4.25241e-09	0.0264536
4.25253e-09	0.0264274
4.25265e-09	0.0264011
4.25277e-09	0.0263747
4.2529e-09	0.0263483
4.25302e-09	0.0263218
4.25314e-09	0.0262952
4.25326e-09	0.0262686
4.25338e-09	0.0262419
4.25351e-09	0.0262151
4.25363e-09	0.0261882
4.25375e-09	0.0261613
4.25387e-09	0.0261343
4.254e-09	0.0261072
4.25412e-09	0.02608
4.25424e-09	0.0260528
4.25436e-09	0.0260255
4.25448e-09	0.0259981
4.25461e-09	0.0259707
4.25473e-09	0.0259432
4.25485e-09	0.0259156
4.25497e-09	0.0258879
4.2551e-09	0.0258602
4.25522e-09	0.0258324
4.25534e-09	0.0258046
4.25546e-09	0.0257766
4.25558e-09	0.0257486
4.25571e-09	0.0257205
4.25583e-09	0.0256924
4.25595e-09	0.0256642
4.25607e-09	0.0256359
4.2562e-09	0.0256076
4.25632e-09	0.0255791
4.25644e-09	0.0255507
4.25656e-09	0.0255221
4.25668e-09	0.0254935
4.25681e-09	0.0254648
4.25693e-09	0.025436
4.25705e-09	0.0254072
4.25717e-09	0.0253783
4.2573e-09	0.0253493
4.25742e-09	0.0253203
4.25754e-09	0.0252912
4.25766e-09	0.0252621
4.25778e-09	0.0252328
4.25791e-09	0.0252035
4.25803e-09	0.0251742
4.25815e-09	0.0251448
4.25827e-09	0.0251153
4.2584e-09	0.0250857
4.25852e-09	0.0250561
4.25864e-09	0.0250264
4.25876e-09	0.0249966
4.25888e-09	0.0249668
4.25901e-09	0.0249369
4.25913e-09	0.024907
4.25925e-09	0.024877
4.25937e-09	0.0248469
4.2595e-09	0.0248168
4.25962e-09	0.0247866
4.25974e-09	0.0247563
4.25986e-09	0.024726
4.25998e-09	0.0246956
4.26011e-09	0.0246651
4.26023e-09	0.0246346
4.26035e-09	0.0246041
4.26047e-09	0.0245734
4.2606e-09	0.0245427
4.26072e-09	0.0245119
4.26084e-09	0.0244811
4.26096e-09	0.0244502
4.26108e-09	0.0244193
4.26121e-09	0.0243883
4.26133e-09	0.0243572
4.26145e-09	0.0243261
4.26157e-09	0.0242949
4.2617e-09	0.0242636
4.26182e-09	0.0242323
4.26194e-09	0.0242009
4.26206e-09	0.0241695
4.26218e-09	0.024138
4.26231e-09	0.0241064
4.26243e-09	0.0240748
4.26255e-09	0.0240432
4.26267e-09	0.0240114
4.2628e-09	0.0239796
4.26292e-09	0.0239478
4.26304e-09	0.0239159
4.26316e-09	0.0238839
4.26329e-09	0.0238519
4.26341e-09	0.0238198
4.26353e-09	0.0237877
4.26365e-09	0.0237555
4.26377e-09	0.0237232
4.2639e-09	0.0236909
4.26402e-09	0.0236586
4.26414e-09	0.0236261
4.26426e-09	0.0235937
4.26439e-09	0.0235611
4.26451e-09	0.0235285
4.26463e-09	0.0234959
4.26475e-09	0.0234632
4.26487e-09	0.0234304
4.265e-09	0.0233976
4.26512e-09	0.0233647
4.26524e-09	0.0233318
4.26536e-09	0.0232988
4.26549e-09	0.0232658
4.26561e-09	0.0232327
4.26573e-09	0.0231996
4.26585e-09	0.0231664
4.26597e-09	0.0231331
4.2661e-09	0.0230998
4.26622e-09	0.0230665
4.26634e-09	0.023033
4.26646e-09	0.0229996
4.26659e-09	0.0229661
4.26671e-09	0.0229325
4.26683e-09	0.0228989
4.26695e-09	0.0228652
4.26707e-09	0.0228315
4.2672e-09	0.0227977
4.26732e-09	0.0227639
4.26744e-09	0.02273
4.26756e-09	0.022696
4.26769e-09	0.0226621
4.26781e-09	0.022628
4.26793e-09	0.0225939
4.26805e-09	0.0225598
4.26817e-09	0.0225256
4.2683e-09	0.0224914
4.26842e-09	0.0224571
4.26854e-09	0.0224227
4.26866e-09	0.0223884
4.26879e-09	0.0223539
4.26891e-09	0.0223194
4.26903e-09	0.0222849
4.26915e-09	0.0222503
4.26927e-09	0.0222157
4.2694e-09	0.022181
4.26952e-09	0.0221463
4.26964e-09	0.0221115
4.26976e-09	0.0220767
4.26989e-09	0.0220418
4.27001e-09	0.0220069
4.27013e-09	0.0219719
4.27025e-09	0.0219369
4.27037e-09	0.0219018
4.2705e-09	0.0218667
4.27062e-09	0.0218315
4.27074e-09	0.0217963
4.27086e-09	0.0217611
4.27099e-09	0.0217258
4.27111e-09	0.0216904
4.27123e-09	0.0216551
4.27135e-09	0.0216196
4.27147e-09	0.0215841
4.2716e-09	0.0215486
4.27172e-09	0.0215131
4.27184e-09	0.0214774
4.27196e-09	0.0214418
4.27209e-09	0.0214061
4.27221e-09	0.0213703
4.27233e-09	0.0213345
4.27245e-09	0.0212987
4.27258e-09	0.0212628
4.2727e-09	0.0212269
4.27282e-09	0.0211909
4.27294e-09	0.0211549
4.27306e-09	0.0211189
4.27319e-09	0.0210828
4.27331e-09	0.0210466
4.27343e-09	0.0210105
4.27355e-09	0.0209742
4.27368e-09	0.020938
4.2738e-09	0.0209017
4.27392e-09	0.0208653
4.27404e-09	0.0208289
4.27416e-09	0.0207925
4.27429e-09	0.020756
4.27441e-09	0.0207195
4.27453e-09	0.020683
4.27465e-09	0.0206464
4.27478e-09	0.0206097
4.2749e-09	0.0205731
4.27502e-09	0.0205364
4.27514e-09	0.0204996
4.27526e-09	0.0204628
4.27539e-09	0.020426
4.27551e-09	0.0203891
4.27563e-09	0.0203522
4.27575e-09	0.0203152
4.27588e-09	0.0202783
4.276e-09	0.0202412
4.27612e-09	0.0202042
4.27624e-09	0.0201671
4.27636e-09	0.0201299
4.27649e-09	0.0200927
4.27661e-09	0.0200555
4.27673e-09	0.0200183
4.27685e-09	0.019981
4.27698e-09	0.0199437
4.2771e-09	0.0199063
4.27722e-09	0.0198689
4.27734e-09	0.0198315
4.27746e-09	0.019794
4.27759e-09	0.0197565
4.27771e-09	0.0197189
4.27783e-09	0.0196813
4.27795e-09	0.0196437
4.27808e-09	0.0196061
4.2782e-09	0.0195684
4.27832e-09	0.0195307
4.27844e-09	0.0194929
4.27856e-09	0.0194551
4.27869e-09	0.0194173
4.27881e-09	0.0193794
4.27893e-09	0.0193416
4.27905e-09	0.0193036
4.27918e-09	0.0192657
4.2793e-09	0.0192277
4.27942e-09	0.0191896
4.27954e-09	0.0191516
4.27966e-09	0.0191135
4.27979e-09	0.0190754
4.27991e-09	0.0190372
4.28003e-09	0.018999
4.28015e-09	0.0189608
4.28028e-09	0.0189225
4.2804e-09	0.0188843
4.28052e-09	0.0188459
4.28064e-09	0.0188076
4.28076e-09	0.0187692
4.28089e-09	0.0187308
4.28101e-09	0.0186924
4.28113e-09	0.0186539
4.28125e-09	0.0186154
4.28138e-09	0.0185769
4.2815e-09	0.0185383
4.28162e-09	0.0184997
4.28174e-09	0.0184611
4.28186e-09	0.0184224
4.28199e-09	0.0183837
4.28211e-09	0.018345
4.28223e-09	0.0183063
4.28235e-09	0.0182675
4.28248e-09	0.0182287
4.2826e-09	0.0181899
4.28272e-09	0.018151
4.28284e-09	0.0181122
4.28297e-09	0.0180733
4.28309e-09	0.0180343
4.28321e-09	0.0179954
4.28333e-09	0.0179564
4.28345e-09	0.0179173
4.28358e-09	0.0178783
4.2837e-09	0.0178392
4.28382e-09	0.0178001
4.28394e-09	0.017761
4.28407e-09	0.0177218
4.28419e-09	0.0176827
4.28431e-09	0.0176435
4.28443e-09	0.0176042
4.28455e-09	0.017565
4.28468e-09	0.0175257
4.2848e-09	0.0174864
4.28492e-09	0.0174471
4.28504e-09	0.0174077
4.28517e-09	0.0173683
4.28529e-09	0.0173289
4.28541e-09	0.0172895
4.28553e-09	0.01725
4.28565e-09	0.0172106
4.28578e-09	0.0171711
4.2859e-09	0.0171315
4.28602e-09	0.017092
4.28614e-09	0.0170524
4.28627e-09	0.0170128
4.28639e-09	0.0169732
4.28651e-09	0.0169336
4.28663e-09	0.0168939
4.28675e-09	0.0168542
4.28688e-09	0.0168145
4.287e-09	0.0167748
4.28712e-09	0.0167351
4.28724e-09	0.0166953
4.28737e-09	0.0166555
4.28749e-09	0.0166157
4.28761e-09	0.0165759
4.28773e-09	0.016536
4.28785e-09	0.0164961
4.28798e-09	0.0164562
4.2881e-09	0.0164163
4.28822e-09	0.0163764
4.28834e-09	0.0163364
4.28847e-09	0.0162965
4.28859e-09	0.0162565
4.28871e-09	0.0162164
4.28883e-09	0.0161764
4.28895e-09	0.0161364
4.28908e-09	0.0160963
4.2892e-09	0.0160562
4.28932e-09	0.0160161
4.28944e-09	0.015976
4.28957e-09	0.0159358
4.28969e-09	0.0158957
4.28981e-09	0.0158555
4.28993e-09	0.0158153
4.29005e-09	0.0157751
4.29018e-09	0.0157348
4.2903e-09	0.0156946
4.29042e-09	0.0156543
4.29054e-09	0.015614
4.29067e-09	0.0155737
4.29079e-09	0.0155334
4.29091e-09	0.0154931
4.29103e-09	0.0154527
4.29115e-09	0.0154124
4.29128e-09	0.015372
4.2914e-09	0.0153316
4.29152e-09	0.0152912
4.29164e-09	0.0152508
4.29177e-09	0.0152103
4.29189e-09	0.0151699
4.29201e-09	0.0151294
4.29213e-09	0.0150889
4.29226e-09	0.0150484
4.29238e-09	0.0150079
4.2925e-09	0.0149674
4.29262e-09	0.0149269
4.29274e-09	0.0148863
4.29287e-09	0.0148457
4.29299e-09	0.0148052
4.29311e-09	0.0147646
4.29323e-09	0.014724
4.29336e-09	0.0146833
4.29348e-09	0.0146427
4.2936e-09	0.0146021
4.29372e-09	0.0145614
4.29384e-09	0.0145208
4.29397e-09	0.0144801
4.29409e-09	0.0144394
4.29421e-09	0.0143987
4.29433e-09	0.014358
4.29446e-09	0.0143172
4.29458e-09	0.0142765
4.2947e-09	0.0142358
4.29482e-09	0.014195
4.29494e-09	0.0141542
4.29507e-09	0.0141135
4.29519e-09	0.0140727
4.29531e-09	0.0140319
4.29543e-09	0.0139911
4.29556e-09	0.0139503
4.29568e-09	0.0139094
4.2958e-09	0.0138686
4.29592e-09	0.0138278
4.29604e-09	0.0137869
4.29617e-09	0.0137461
4.29629e-09	0.0137052
4.29641e-09	0.0136643
4.29653e-09	0.0136234
4.29666e-09	0.0135825
4.29678e-09	0.0135416
4.2969e-09	0.0135007
4.29702e-09	0.0134598
4.29714e-09	0.0134189
4.29727e-09	0.013378
4.29739e-09	0.013337
4.29751e-09	0.0132961
4.29763e-09	0.0132551
4.29776e-09	0.0132142
4.29788e-09	0.0131732
4.298e-09	0.0131322
4.29812e-09	0.0130913
4.29824e-09	0.0130503
4.29837e-09	0.0130093
4.29849e-09	0.0129683
4.29861e-09	0.0129273
4.29873e-09	0.0128863
4.29886e-09	0.0128453
4.29898e-09	0.0128043
4.2991e-09	0.0127632
4.29922e-09	0.0127222
4.29934e-09	0.0126812
4.29947e-09	0.0126402
4.29959e-09	0.0125991
4.29971e-09	0.0125581
4.29983e-09	0.0125171
4.29996e-09	0.012476
4.30008e-09	0.012435
4.3002e-09	0.0123939
4.30032e-09	0.0123529
4.30044e-09	0.0123118
4.30057e-09	0.0122707
4.30069e-09	0.0122297
4.30081e-09	0.0121886
4.30093e-09	0.0121475
4.30106e-09	0.0121065
4.30118e-09	0.0120654
4.3013e-09	0.0120243
4.30142e-09	0.0119833
4.30154e-09	0.0119422
4.30167e-09	0.0119011
4.30179e-09	0.01186
4.30191e-09	0.011819
4.30203e-09	0.0117779
4.30216e-09	0.0117368
4.30228e-09	0.0116957
4.3024e-09	0.0116546
4.30252e-09	0.0116136
4.30265e-09	0.0115725
4.30277e-09	0.0115314
4.30289e-09	0.0114903
4.30301e-09	0.0114492
4.30313e-09	0.0114082
4.30326e-09	0.0113671
4.30338e-09	0.011326
4.3035e-09	0.0112849
4.30362e-09	0.0112439
4.30375e-09	0.0112028
4.30387e-09	0.0111617
4.30399e-09	0.0111207
4.30411e-09	0.0110796
4.30423e-09	0.0110385
4.30436e-09	0.0109975
4.30448e-09	0.0109564
4.3046e-09	0.0109154
4.30472e-09	0.0108743
4.30485e-09	0.0108333
4.30497e-09	0.0107922
4.30509e-09	0.0107512
4.30521e-09	0.0107101
4.30533e-09	0.0106691
4.30546e-09	0.0106281
4.30558e-09	0.010587
4.3057e-09	0.010546
4.30582e-09	0.010505
4.30595e-09	0.010464
4.30607e-09	0.010423
4.30619e-09	0.010382
4.30631e-09	0.010341
4.30643e-09	0.0103
4.30656e-09	0.010259
4.30668e-09	0.010218
4.3068e-09	0.010177
4.30692e-09	0.010136
4.30705e-09	0.0100951
4.30717e-09	0.0100541
4.30729e-09	0.0100131
4.30741e-09	0.0099722
4.30753e-09	0.00993126
4.30766e-09	0.00989032
4.30778e-09	0.00984939
4.3079e-09	0.00980847
4.30802e-09	0.00976756
4.30815e-09	0.00972665
4.30827e-09	0.00968575
4.30839e-09	0.00964485
4.30851e-09	0.00960397
4.30863e-09	0.00956309
4.30876e-09	0.00952222
4.30888e-09	0.00948136
4.309e-09	0.00944051
4.30912e-09	0.00939967
4.30925e-09	0.00935883
4.30937e-09	0.009318
4.30949e-09	0.00927719
4.30961e-09	0.00923638
4.30973e-09	0.00919558
4.30986e-09	0.00915479
4.30998e-09	0.00911401
4.3101e-09	0.00907324
4.31022e-09	0.00903248
4.31035e-09	0.00899173
4.31047e-09	0.00895099
4.31059e-09	0.00891025
4.31071e-09	0.00886953
4.31083e-09	0.00882883
4.31096e-09	0.00878813
4.31108e-09	0.00874744
4.3112e-09	0.00870676
4.31132e-09	0.0086661
4.31145e-09	0.00862544
4.31157e-09	0.0085848
4.31169e-09	0.00854417
4.31181e-09	0.00850355
4.31194e-09	0.00846294
4.31206e-09	0.00842235
4.31218e-09	0.00838176
4.3123e-09	0.00834119
4.31242e-09	0.00830064
4.31255e-09	0.00826009
4.31267e-09	0.00821956
4.31279e-09	0.00817904
4.31291e-09	0.00813853
4.31304e-09	0.00809804
4.31316e-09	0.00805756
4.31328e-09	0.00801709
4.3134e-09	0.00797664
4.31352e-09	0.0079362
4.31365e-09	0.00789578
4.31377e-09	0.00785537
4.31389e-09	0.00781497
4.31401e-09	0.00777459
4.31414e-09	0.00773422
4.31426e-09	0.00769387
4.31438e-09	0.00765353
4.3145e-09	0.00761321
4.31462e-09	0.0075729
4.31475e-09	0.00753261
4.31487e-09	0.00749233
4.31499e-09	0.00745207
4.31511e-09	0.00741182
4.31524e-09	0.00737159
4.31536e-09	0.00733138
4.31548e-09	0.00729118
4.3156e-09	0.007251
4.31572e-09	0.00721083
4.31585e-09	0.00717069
4.31597e-09	0.00713055
4.31609e-09	0.00709044
4.31621e-09	0.00705034
4.31634e-09	0.00701026
4.31646e-09	0.0069702
4.31658e-09	0.00693015
4.3167e-09	0.00689012
4.31682e-09	0.00685011
4.31695e-09	0.00681012
4.31707e-09	0.00677014
4.31719e-09	0.00673018
4.31731e-09	0.00669024
4.31744e-09	0.00665032
4.31756e-09	0.00661042
4.31768e-09	0.00657054
4.3178e-09	0.00653067
4.31792e-09	0.00649083
4.31805e-09	0.006451
4.31817e-09	0.00641119
4.31829e-09	0.0063714
4.31841e-09	0.00633163
4.31854e-09	0.00629188
4.31866e-09	0.00625215
4.31878e-09	0.00621244
4.3189e-09	0.00617275
4.31902e-09	0.00613308
4.31915e-09	0.00609344
4.31927e-09	0.00605381
4.31939e-09	0.0060142
4.31951e-09	0.00597461
4.31964e-09	0.00593504
4.31976e-09	0.0058955
4.31988e-09	0.00585597
4.32e-09	0.00581647
4.32012e-09	0.00577699
4.32025e-09	0.00573752
4.32037e-09	0.00569808
4.32049e-09	0.00565867
4.32061e-09	0.00561927
4.32074e-09	0.0055799
4.32086e-09	0.00554055
4.32098e-09	0.00550122
4.3211e-09	0.00546191
4.32122e-09	0.00542262
4.32135e-09	0.00538336
4.32147e-09	0.00534412
4.32159e-09	0.00530491
4.32171e-09	0.00526571
4.32184e-09	0.00522654
4.32196e-09	0.0051874
4.32208e-09	0.00514827
4.3222e-09	0.00510917
4.32233e-09	0.0050701
4.32245e-09	0.00503105
4.32257e-09	0.00499202
4.32269e-09	0.00495301
4.32281e-09	0.00491403
4.32294e-09	0.00487508
4.32306e-09	0.00483615
4.32318e-09	0.00479724
4.3233e-09	0.00475836
4.32343e-09	0.0047195
4.32355e-09	0.00468067
4.32367e-09	0.00464186
4.32379e-09	0.00460308
4.32391e-09	0.00456432
4.32404e-09	0.00452559
4.32416e-09	0.00448688
4.32428e-09	0.00444821
4.3244e-09	0.00440955
4.32453e-09	0.00437092
4.32465e-09	0.00433232
4.32477e-09	0.00429375
4.32489e-09	0.0042552
4.32501e-09	0.00421667
4.32514e-09	0.00417818
4.32526e-09	0.00413971
4.32538e-09	0.00410126
4.3255e-09	0.00406285
4.32563e-09	0.00402446
4.32575e-09	0.0039861
4.32587e-09	0.00394776
4.32599e-09	0.00390946
4.32611e-09	0.00387118
4.32624e-09	0.00383293
4.32636e-09	0.0037947
4.32648e-09	0.00375651
4.3266e-09	0.00371834
4.32673e-09	0.0036802
4.32685e-09	0.00364209
4.32697e-09	0.003604
4.32709e-09	0.00356595
4.32721e-09	0.00352792
4.32734e-09	0.00348993
4.32746e-09	0.00345196
4.32758e-09	0.00341402
4.3277e-09	0.00337611
4.32783e-09	0.00333823
4.32795e-09	0.00330038
4.32807e-09	0.00326255
4.32819e-09	0.00322476
4.32831e-09	0.003187
4.32844e-09	0.00314927
4.32856e-09	0.00311156
4.32868e-09	0.00307389
4.3288e-09	0.00303625
4.32893e-09	0.00299863
4.32905e-09	0.00296105
4.32917e-09	0.0029235
4.32929e-09	0.00288598
4.32941e-09	0.00284849
4.32954e-09	0.00281103
4.32966e-09	0.0027736
4.32978e-09	0.0027362
4.3299e-09	0.00269884
4.33003e-09	0.0026615
4.33015e-09	0.0026242
4.33027e-09	0.00258693
4.33039e-09	0.00254969
4.33051e-09	0.00251248
4.33064e-09	0.0024753
4.33076e-09	0.00243816
4.33088e-09	0.00240104
4.331e-09	0.00236396
4.33113e-09	0.00232691
4.33125e-09	0.0022899
4.33137e-09	0.00225291
4.33149e-09	0.00221596
4.33162e-09	0.00217905
4.33174e-09	0.00214216
4.33186e-09	0.00210531
4.33198e-09	0.00206849
4.3321e-09	0.00203171
4.33223e-09	0.00199495
4.33235e-09	0.00195823
4.33247e-09	0.00192155
4.33259e-09	0.0018849
4.33272e-09	0.00184828
4.33284e-09	0.00181169
4.33296e-09	0.00177514
4.33308e-09	0.00173863
4.3332e-09	0.00170215
4.33333e-09	0.0016657
4.33345e-09	0.00162928
4.33357e-09	0.00159291
4.33369e-09	0.00155656
4.33382e-09	0.00152025
4.33394e-09	0.00148398
4.33406e-09	0.00144774
4.33418e-09	0.00141153
4.3343e-09	0.00137536
4.33443e-09	0.00133923
4.33455e-09	0.00130313
4.33467e-09	0.00126706
4.33479e-09	0.00123104
4.33492e-09	0.00119504
4.33504e-09	0.00115909
4.33516e-09	0.00112317
4.33528e-09	0.00108728
4.3354e-09	0.00105143
4.33553e-09	0.00101562
4.33565e-09	0.000979841
4.33577e-09	0.000944101
4.33589e-09	0.000908397
4.33602e-09	0.000872729
4.33614e-09	0.000837099
4.33626e-09	0.000801505
4.33638e-09	0.000765947
4.3365e-09	0.000730427
4.33663e-09	0.000694944
4.33675e-09	0.000659498
4.33687e-09	0.000624089
4.33699e-09	0.000588718
4.33712e-09	0.000553384
4.33724e-09	0.000518088
4.33736e-09	0.000482829
4.33748e-09	0.000447608
4.3376e-09	0.000412425
4.33773e-09	0.00037728
4.33785e-09	0.000342172
4.33797e-09	0.000307103
4.33809e-09	0.000272072
4.33822e-09	0.00023708
4.33834e-09	0.000202126
4.33846e-09	0.00016721
4.33858e-09	0.000132333
4.3387e-09	9.74948e-05
4.33883e-09	6.26954e-05
4.33895e-09	2.79348e-05
4.33907e-09	-6.78683e-06
4.33919e-09	-4.14693e-05
4.33932e-09	-7.61127e-05
4.33944e-09	-0.000110717
4.33956e-09	-0.000145281
4.33968e-09	-0.000179807
4.3398e-09	-0.000214292
4.33993e-09	-0.000248739
4.34005e-09	-0.000283145
4.34017e-09	-0.000317511
4.34029e-09	-0.000351838
4.34042e-09	-0.000386125
4.34054e-09	-0.000420371
4.34066e-09	-0.000454577
4.34078e-09	-0.000488743
4.3409e-09	-0.000522869
4.34103e-09	-0.000556954
4.34115e-09	-0.000590999
4.34127e-09	-0.000625003
4.34139e-09	-0.000658966
4.34152e-09	-0.000692888
4.34164e-09	-0.00072677
4.34176e-09	-0.00076061
4.34188e-09	-0.00079441
4.34201e-09	-0.000828168
4.34213e-09	-0.000861885
4.34225e-09	-0.000895561
4.34237e-09	-0.000929195
4.34249e-09	-0.000962788
4.34262e-09	-0.000996339
4.34274e-09	-0.00102985
4.34286e-09	-0.00106332
4.34298e-09	-0.00109674
4.34311e-09	-0.00113013
4.34323e-09	-0.00116347
4.34335e-09	-0.00119677
4.34347e-09	-0.00123002
4.34359e-09	-0.00126324
4.34372e-09	-0.00129641
4.34384e-09	-0.00132954
4.34396e-09	-0.00136263
4.34408e-09	-0.00139567
4.34421e-09	-0.00142868
4.34433e-09	-0.00146164
4.34445e-09	-0.00149455
4.34457e-09	-0.00152743
4.34469e-09	-0.00156026
4.34482e-09	-0.00159304
4.34494e-09	-0.00162579
4.34506e-09	-0.00165849
4.34518e-09	-0.00169115
4.34531e-09	-0.00172376
4.34543e-09	-0.00175633
4.34555e-09	-0.00178886
4.34567e-09	-0.00182134
4.34579e-09	-0.00185378
4.34592e-09	-0.00188618
4.34604e-09	-0.00191853
4.34616e-09	-0.00195084
4.34628e-09	-0.0019831
4.34641e-09	-0.00201532
4.34653e-09	-0.0020475
4.34665e-09	-0.00207963
4.34677e-09	-0.00211171
4.34689e-09	-0.00214376
4.34702e-09	-0.00217575
4.34714e-09	-0.00220771
4.34726e-09	-0.00223961
4.34738e-09	-0.00227148
4.34751e-09	-0.0023033
4.34763e-09	-0.00233507
4.34775e-09	-0.0023668
4.34787e-09	-0.00239848
4.34799e-09	-0.00243012
4.34812e-09	-0.00246171
4.34824e-09	-0.00249326
4.34836e-09	-0.00252476
4.34848e-09	-0.00255622
4.34861e-09	-0.00258763
4.34873e-09	-0.002619
4.34885e-09	-0.00265032
4.34897e-09	-0.00268159
4.34909e-09	-0.00271282
4.34922e-09	-0.002744
4.34934e-09	-0.00277514
4.34946e-09	-0.00280623
4.34958e-09	-0.00283727
4.34971e-09	-0.00286827
4.34983e-09	-0.00289922
4.34995e-09	-0.00293013
4.35007e-09	-0.00296099
4.35019e-09	-0.0029918
4.35032e-09	-0.00302257
4.35044e-09	-0.00305329
4.35056e-09	-0.00308396
4.35068e-09	-0.00311458
4.35081e-09	-0.00314516
4.35093e-09	-0.0031757
4.35105e-09	-0.00320618
4.35117e-09	-0.00323662
4.35129e-09	-0.00326701
4.35142e-09	-0.00329736
4.35154e-09	-0.00332765
4.35166e-09	-0.0033579
4.35178e-09	-0.0033881
4.35191e-09	-0.00341826
4.35203e-09	-0.00344837
4.35215e-09	-0.00347843
4.35227e-09	-0.00350844
4.3524e-09	-0.0035384
4.35252e-09	-0.00356832
4.35264e-09	-0.00359819
4.35276e-09	-0.00362801
4.35288e-09	-0.00365778
4.35301e-09	-0.00368751
4.35313e-09	-0.00371718
4.35325e-09	-0.00374681
4.35337e-09	-0.00377639
4.3535e-09	-0.00380592
4.35362e-09	-0.00383541
4.35374e-09	-0.00386484
4.35386e-09	-0.00389423
4.35398e-09	-0.00392357
4.35411e-09	-0.00395286
4.35423e-09	-0.0039821
4.35435e-09	-0.00401129
4.35447e-09	-0.00404044
4.3546e-09	-0.00406953
4.35472e-09	-0.00409858
4.35484e-09	-0.00412757
4.35496e-09	-0.00415652
4.35508e-09	-0.00418542
4.35521e-09	-0.00421427
4.35533e-09	-0.00424307
4.35545e-09	-0.00427182
4.35557e-09	-0.00430053
4.3557e-09	-0.00432918
4.35582e-09	-0.00435778
4.35594e-09	-0.00438634
4.35606e-09	-0.00441484
4.35618e-09	-0.00444329
4.35631e-09	-0.0044717
4.35643e-09	-0.00450005
4.35655e-09	-0.00452836
4.35667e-09	-0.00455662
4.3568e-09	-0.00458482
4.35692e-09	-0.00461298
4.35704e-09	-0.00464108
4.35716e-09	-0.00466914
4.35728e-09	-0.00469715
4.35741e-09	-0.0047251
4.35753e-09	-0.00475301
4.35765e-09	-0.00478086
4.35777e-09	-0.00480867
4.3579e-09	-0.00483642
4.35802e-09	-0.00486412
4.35814e-09	-0.00489178
4.35826e-09	-0.00491938
4.35838e-09	-0.00494693
4.35851e-09	-0.00497444
4.35863e-09	-0.00500189
4.35875e-09	-0.00502929
4.35887e-09	-0.00505664
4.359e-09	-0.00508393
4.35912e-09	-0.00511118
4.35924e-09	-0.00513838
4.35936e-09	-0.00516553
4.35948e-09	-0.00519262
4.35961e-09	-0.00521966
4.35973e-09	-0.00524666
4.35985e-09	-0.0052736
4.35997e-09	-0.00530049
4.3601e-09	-0.00532733
4.36022e-09	-0.00535411
4.36034e-09	-0.00538085
4.36046e-09	-0.00540754
4.36058e-09	-0.00543417
4.36071e-09	-0.00546075
4.36083e-09	-0.00548728
4.36095e-09	-0.00551376
4.36107e-09	-0.00554018
4.3612e-09	-0.00556656
4.36132e-09	-0.00559288
4.36144e-09	-0.00561915
4.36156e-09	-0.00564537
4.36169e-09	-0.00567154
4.36181e-09	-0.00569766
4.36193e-09	-0.00572372
4.36205e-09	-0.00574973
4.36217e-09	-0.00577569
4.3623e-09	-0.0058016
4.36242e-09	-0.00582745
4.36254e-09	-0.00585326
4.36266e-09	-0.00587901
4.36279e-09	-0.00590471
4.36291e-09	-0.00593035
4.36303e-09	-0.00595595
4.36315e-09	-0.00598149
4.36327e-09	-0.00600698
4.3634e-09	-0.00603241
4.36352e-09	-0.0060578
4.36364e-09	-0.00608313
4.36376e-09	-0.00610841
4.36389e-09	-0.00613363
4.36401e-09	-0.0061588
4.36413e-09	-0.00618393
4.36425e-09	-0.00620899
4.36437e-09	-0.00623401
4.3645e-09	-0.00625897
4.36462e-09	-0.00628388
4.36474e-09	-0.00630873
4.36486e-09	-0.00633354
4.36499e-09	-0.00635829
4.36511e-09	-0.00638298
4.36523e-09	-0.00640763
4.36535e-09	-0.00643222
4.36547e-09	-0.00645675
4.3656e-09	-0.00648124
4.36572e-09	-0.00650567
4.36584e-09	-0.00653005
4.36596e-09	-0.00655437
4.36609e-09	-0.00657864
4.36621e-09	-0.00660286
4.36633e-09	-0.00662702
4.36645e-09	-0.00665113
4.36657e-09	-0.00667519
4.3667e-09	-0.00669919
4.36682e-09	-0.00672314
4.36694e-09	-0.00674704
4.36706e-09	-0.00677088
4.36719e-09	-0.00679467
4.36731e-09	-0.0068184
4.36743e-09	-0.00684209
4.36755e-09	-0.00686571
4.36767e-09	-0.00688929
4.3678e-09	-0.00691281
4.36792e-09	-0.00693627
4.36804e-09	-0.00695969
4.36816e-09	-0.00698304
4.36829e-09	-0.00700635
4.36841e-09	-0.0070296
4.36853e-09	-0.00705279
4.36865e-09	-0.00707594
4.36877e-09	-0.00709902
4.3689e-09	-0.00712206
4.36902e-09	-0.00714504
4.36914e-09	-0.00716796
4.36926e-09	-0.00719083
4.36939e-09	-0.00721365
4.36951e-09	-0.00723641
4.36963e-09	-0.00725912
4.36975e-09	-0.00728177
4.36987e-09	-0.00730437
4.37e-09	-0.00732692
4.37012e-09	-0.00734941
4.37024e-09	-0.00737184
4.37036e-09	-0.00739423
4.37049e-09	-0.00741655
4.37061e-09	-0.00743883
4.37073e-09	-0.00746104
4.37085e-09	-0.00748321
4.37097e-09	-0.00750532
4.3711e-09	-0.00752737
4.37122e-09	-0.00754937
4.37134e-09	-0.00757131
4.37146e-09	-0.0075932
4.37159e-09	-0.00761504
4.37171e-09	-0.00763682
4.37183e-09	-0.00765855
4.37195e-09	-0.00768022
4.37208e-09	-0.00770183
4.3722e-09	-0.00772339
4.37232e-09	-0.0077449
4.37244e-09	-0.00776635
4.37256e-09	-0.00778775
4.37269e-09	-0.00780909
4.37281e-09	-0.00783038
4.37293e-09	-0.00785161
4.37305e-09	-0.00787279
4.37318e-09	-0.00789391
4.3733e-09	-0.00791497
4.37342e-09	-0.00793598
4.37354e-09	-0.00795694
4.37366e-09	-0.00797784
4.37379e-09	-0.00799869
4.37391e-09	-0.00801948
4.37403e-09	-0.00804021
4.37415e-09	-0.00806089
4.37428e-09	-0.00808152
4.3744e-09	-0.00810209
4.37452e-09	-0.0081226
4.37464e-09	-0.00814306
4.37476e-09	-0.00816347
4.37489e-09	-0.00818382
4.37501e-09	-0.00820411
4.37513e-09	-0.00822435
4.37525e-09	-0.00824453
4.37538e-09	-0.00826466
4.3755e-09	-0.00828473
4.37562e-09	-0.00830474
4.37574e-09	-0.00832471
4.37586e-09	-0.00834461
4.37599e-09	-0.00836446
4.37611e-09	-0.00838426
4.37623e-09	-0.008404
4.37635e-09	-0.00842368
4.37648e-09	-0.00844331
4.3766e-09	-0.00846288
4.37672e-09	-0.0084824
4.37684e-09	-0.00850186
4.37696e-09	-0.00852126
4.37709e-09	-0.00854061
4.37721e-09	-0.00855991
4.37733e-09	-0.00857915
4.37745e-09	-0.00859833
4.37758e-09	-0.00861746
4.3777e-09	-0.00863653
4.37782e-09	-0.00865554
4.37794e-09	-0.0086745
4.37806e-09	-0.00869341
4.37819e-09	-0.00871226
4.37831e-09	-0.00873105
4.37843e-09	-0.00874979
4.37855e-09	-0.00876847
4.37868e-09	-0.0087871
4.3788e-09	-0.00880567
4.37892e-09	-0.00882418
4.37904e-09	-0.00884264
4.37916e-09	-0.00886104
4.37929e-09	-0.00887939
4.37941e-09	-0.00889768
4.37953e-09	-0.00891591
4.37965e-09	-0.00893409
4.37978e-09	-0.00895222
4.3799e-09	-0.00897028
4.38002e-09	-0.0089883
4.38014e-09	-0.00900625
4.38026e-09	-0.00902415
4.38039e-09	-0.009042
4.38051e-09	-0.00905978
4.38063e-09	-0.00907752
4.38075e-09	-0.00909519
4.38088e-09	-0.00911281
4.381e-09	-0.00913038
4.38112e-09	-0.00914789
4.38124e-09	-0.00916534
4.38137e-09	-0.00918274
4.38149e-09	-0.00920008
4.38161e-09	-0.00921736
4.38173e-09	-0.00923459
4.38185e-09	-0.00925176
4.38198e-09	-0.00926888
4.3821e-09	-0.00928594
4.38222e-09	-0.00930295
4.38234e-09	-0.00931989
4.38247e-09	-0.00933679
4.38259e-09	-0.00935362
4.38271e-09	-0.00937041
4.38283e-09	-0.00938713
4.38295e-09	-0.0094038
4.38308e-09	-0.00942041
4.3832e-09	-0.00943697
4.38332e-09	-0.00945347
4.38344e-09	-0.00946992
4.38357e-09	-0.0094863
4.38369e-09	-0.00950264
4.38381e-09	-0.00951891
4.38393e-09	-0.00953513
4.38405e-09	-0.0095513
4.38418e-09	-0.00956741
4.3843e-09	-0.00958346
4.38442e-09	-0.00959946
4.38454e-09	-0.0096154
4.38467e-09	-0.00963128
4.38479e-09	-0.00964711
4.38491e-09	-0.00966289
4.38503e-09	-0.0096786
4.38515e-09	-0.00969426
4.38528e-09	-0.00970987
4.3854e-09	-0.00972542
4.38552e-09	-0.00974091
4.38564e-09	-0.00975635
4.38577e-09	-0.00977173
4.38589e-09	-0.00978705
4.38601e-09	-0.00980232
4.38613e-09	-0.00981753
4.38625e-09	-0.00983269
4.38638e-09	-0.00984779
4.3865e-09	-0.00986284
4.38662e-09	-0.00987782
4.38674e-09	-0.00989276
4.38687e-09	-0.00990763
4.38699e-09	-0.00992246
4.38711e-09	-0.00993722
4.38723e-09	-0.00995193
4.38735e-09	-0.00996658
4.38748e-09	-0.00998118
4.3876e-09	-0.00999572
4.38772e-09	-0.0100102
4.38784e-09	-0.0100246
4.38797e-09	-0.010039
4.38809e-09	-0.0100533
4.38821e-09	-0.0100676
4.38833e-09	-0.0100818
4.38845e-09	-0.0100959
4.38858e-09	-0.01011
4.3887e-09	-0.0101241
4.38882e-09	-0.0101381
4.38894e-09	-0.010152
4.38907e-09	-0.0101659
4.38919e-09	-0.0101797
4.38931e-09	-0.0101934
4.38943e-09	-0.0102071
4.38955e-09	-0.0102208
4.38968e-09	-0.0102344
4.3898e-09	-0.0102479
4.38992e-09	-0.0102614
4.39004e-09	-0.0102748
4.39017e-09	-0.0102882
4.39029e-09	-0.0103015
4.39041e-09	-0.0103148
4.39053e-09	-0.010328
4.39065e-09	-0.0103411
4.39078e-09	-0.0103542
4.3909e-09	-0.0103672
4.39102e-09	-0.0103802
4.39114e-09	-0.0103931
4.39127e-09	-0.010406
4.39139e-09	-0.0104188
4.39151e-09	-0.0104316
4.39163e-09	-0.0104443
4.39176e-09	-0.0104569
4.39188e-09	-0.0104695
4.392e-09	-0.010482
4.39212e-09	-0.0104945
4.39224e-09	-0.0105069
4.39237e-09	-0.0105193
4.39249e-09	-0.0105316
4.39261e-09	-0.0105439
4.39273e-09	-0.0105561
4.39286e-09	-0.0105682
4.39298e-09	-0.0105803
4.3931e-09	-0.0105923
4.39322e-09	-0.0106043
4.39334e-09	-0.0106162
4.39347e-09	-0.0106281
4.39359e-09	-0.0106399
4.39371e-09	-0.0106517
4.39383e-09	-0.0106634
4.39396e-09	-0.010675
4.39408e-09	-0.0106866
4.3942e-09	-0.0106981
4.39432e-09	-0.0107096
4.39444e-09	-0.0107211
4.39457e-09	-0.0107324
4.39469e-09	-0.0107437
4.39481e-09	-0.010755
4.39493e-09	-0.0107662
4.39506e-09	-0.0107773
4.39518e-09	-0.0107884
4.3953e-09	-0.0107995
4.39542e-09	-0.0108105
4.39554e-09	-0.0108214
4.39567e-09	-0.0108323
4.39579e-09	-0.0108431
4.39591e-09	-0.0108539
4.39603e-09	-0.0108646
4.39616e-09	-0.0108752
4.39628e-09	-0.0108858
4.3964e-09	-0.0108964
4.39652e-09	-0.0109068
4.39664e-09	-0.0109173
4.39677e-09	-0.0109277
4.39689e-09	-0.010938
4.39701e-09	-0.0109483
4.39713e-09	-0.0109585
4.39726e-09	-0.0109686
4.39738e-09	-0.0109787
4.3975e-09	-0.0109888
4.39762e-09	-0.0109988
4.39774e-09	-0.0110087
4.39787e-09	-0.0110186
4.39799e-09	-0.0110284
4.39811e-09	-0.0110382
4.39823e-09	-0.0110479
4.39836e-09	-0.0110576
4.39848e-09	-0.0110672
4.3986e-09	-0.0110768
4.39872e-09	-0.0110863
4.39884e-09	-0.0110957
4.39897e-09	-0.0111051
4.39909e-09	-0.0111145
4.39921e-09	-0.0111238
4.39933e-09	-0.011133
4.39946e-09	-0.0111422
4.39958e-09	-0.0111513
4.3997e-09	-0.0111604
4.39982e-09	-0.0111694
4.39994e-09	-0.0111783
4.40007e-09	-0.0111872
4.40019e-09	-0.0111961
4.40031e-09	-0.0112049
4.40043e-09	-0.0112136
4.40056e-09	-0.0112223
4.40068e-09	-0.011231
4.4008e-09	-0.0112395
4.40092e-09	-0.0112481
4.40105e-09	-0.0112565
4.40117e-09	-0.011265
4.40129e-09	-0.0112733
4.40141e-09	-0.0112816
4.40153e-09	-0.0112899
4.40166e-09	-0.0112981
4.40178e-09	-0.0113062
4.4019e-09	-0.0113143
4.40202e-09	-0.0113224
4.40215e-09	-0.0113304
4.40227e-09	-0.0113383
4.40239e-09	-0.0113462
4.40251e-09	-0.011354
4.40263e-09	-0.0113618
4.40276e-09	-0.0113695
4.40288e-09	-0.0113772
4.403e-09	-0.0113848
4.40312e-09	-0.0113924
4.40325e-09	-0.0113999
4.40337e-09	-0.0114073
4.40349e-09	-0.0114147
4.40361e-09	-0.0114221
4.40373e-09	-0.0114293
4.40386e-09	-0.0114366
4.40398e-09	-0.0114438
4.4041e-09	-0.0114509
4.40422e-09	-0.011458
4.40435e-09	-0.011465
4.40447e-09	-0.011472
4.40459e-09	-0.0114789
4.40471e-09	-0.0114858
4.40483e-09	-0.0114926
4.40496e-09	-0.0114994
4.40508e-09	-0.0115061
4.4052e-09	-0.0115127
4.40532e-09	-0.0115193
4.40545e-09	-0.0115259
4.40557e-09	-0.0115324
4.40569e-09	-0.0115388
4.40581e-09	-0.0115452
4.40593e-09	-0.0115515
4.40606e-09	-0.0115578
4.40618e-09	-0.0115641
4.4063e-09	-0.0115702
4.40642e-09	-0.0115764
4.40655e-09	-0.0115824
4.40667e-09	-0.0115885
4.40679e-09	-0.0115944
4.40691e-09	-0.0116004
4.40703e-09	-0.0116062
4.40716e-09	-0.011612
4.40728e-09	-0.0116178
4.4074e-09	-0.0116235
4.40752e-09	-0.0116292
4.40765e-09	-0.0116348
4.40777e-09	-0.0116403
4.40789e-09	-0.0116458
4.40801e-09	-0.0116513
4.40813e-09	-0.0116567
4.40826e-09	-0.011662
4.40838e-09	-0.0116673
4.4085e-09	-0.0116725
4.40862e-09	-0.0116777
4.40875e-09	-0.0116829
4.40887e-09	-0.011688
4.40899e-09	-0.011693
4.40911e-09	-0.011698
4.40923e-09	-0.0117029
4.40936e-09	-0.0117078
4.40948e-09	-0.0117126
4.4096e-09	-0.0117174
4.40972e-09	-0.0117221
4.40985e-09	-0.0117268
4.40997e-09	-0.0117314
4.41009e-09	-0.011736
4.41021e-09	-0.0117405
4.41033e-09	-0.0117449
4.41046e-09	-0.0117494
4.41058e-09	-0.0117537
4.4107e-09	-0.011758
4.41082e-09	-0.0117623
4.41095e-09	-0.0117665
4.41107e-09	-0.0117707
4.41119e-09	-0.0117748
4.41131e-09	-0.0117788
4.41144e-09	-0.0117828
4.41156e-09	-0.0117868
4.41168e-09	-0.0117907
4.4118e-09	-0.0117945
4.41192e-09	-0.0117983
4.41205e-09	-0.0118021
4.41217e-09	-0.0118058
4.41229e-09	-0.0118095
4.41241e-09	-0.0118131
4.41254e-09	-0.0118166
4.41266e-09	-0.0118201
4.41278e-09	-0.0118235
4.4129e-09	-0.0118269
4.41302e-09	-0.0118303
4.41315e-09	-0.0118336
4.41327e-09	-0.0118368
4.41339e-09	-0.01184
4.41351e-09	-0.0118432
4.41364e-09	-0.0118463
4.41376e-09	-0.0118493
4.41388e-09	-0.0118523
4.414e-09	-0.0118553
4.41412e-09	-0.0118582
4.41425e-09	-0.011861
4.41437e-09	-0.0118638
4.41449e-09	-0.0118666
4.41461e-09	-0.0118693
4.41474e-09	-0.0118719
4.41486e-09	-0.0118745
4.41498e-09	-0.011877
4.4151e-09	-0.0118795
4.41522e-09	-0.011882
4.41535e-09	-0.0118844
4.41547e-09	-0.0118867
4.41559e-09	-0.011889
4.41571e-09	-0.0118913
4.41584e-09	-0.0118935
4.41596e-09	-0.0118956
4.41608e-09	-0.0118978
4.4162e-09	-0.0118998
4.41632e-09	-0.0119018
4.41645e-09	-0.0119038
4.41657e-09	-0.0119057
4.41669e-09	-0.0119075
4.41681e-09	-0.0119093
4.41694e-09	-0.0119111
4.41706e-09	-0.0119128
4.41718e-09	-0.0119145
4.4173e-09	-0.0119161
4.41742e-09	-0.0119177
4.41755e-09	-0.0119192
4.41767e-09	-0.0119206
4.41779e-09	-0.0119221
4.41791e-09	-0.0119234
4.41804e-09	-0.0119248
4.41816e-09	-0.011926
4.41828e-09	-0.0119273
4.4184e-09	-0.0119284
4.41852e-09	-0.0119296
4.41865e-09	-0.0119306
4.41877e-09	-0.0119317
4.41889e-09	-0.0119327
4.41901e-09	-0.0119336
4.41914e-09	-0.0119345
4.41926e-09	-0.0119353
4.41938e-09	-0.0119361
4.4195e-09	-0.0119369
4.41962e-09	-0.0119376
4.41975e-09	-0.0119382
4.41987e-09	-0.0119388
4.41999e-09	-0.0119394
4.42011e-09	-0.0119399
4.42024e-09	-0.0119403
4.42036e-09	-0.0119408
4.42048e-09	-0.0119411
4.4206e-09	-0.0119414
4.42073e-09	-0.0119417
4.42085e-09	-0.0119419
4.42097e-09	-0.0119421
4.42109e-09	-0.0119422
4.42121e-09	-0.0119423
4.42134e-09	-0.0119424
4.42146e-09	-0.0119424
4.42158e-09	-0.0119423
4.4217e-09	-0.0119422
4.42183e-09	-0.011942
4.42195e-09	-0.0119418
4.42207e-09	-0.0119416
4.42219e-09	-0.0119413
4.42231e-09	-0.011941
4.42244e-09	-0.0119406
4.42256e-09	-0.0119402
4.42268e-09	-0.0119397
4.4228e-09	-0.0119392
4.42293e-09	-0.0119386
4.42305e-09	-0.011938
4.42317e-09	-0.0119373
4.42329e-09	-0.0119366
4.42341e-09	-0.0119358
4.42354e-09	-0.011935
4.42366e-09	-0.0119342
4.42378e-09	-0.0119333
4.4239e-09	-0.0119324
4.42403e-09	-0.0119314
4.42415e-09	-0.0119304
4.42427e-09	-0.0119293
4.42439e-09	-0.0119282
4.42451e-09	-0.011927
4.42464e-09	-0.0119258
4.42476e-09	-0.0119245
4.42488e-09	-0.0119232
4.425e-09	-0.0119219
4.42513e-09	-0.0119205
4.42525e-09	-0.011919
4.42537e-09	-0.0119176
4.42549e-09	-0.011916
4.42561e-09	-0.0119145
4.42574e-09	-0.0119128
4.42586e-09	-0.0119112
4.42598e-09	-0.0119095
4.4261e-09	-0.0119077
4.42623e-09	-0.0119059
4.42635e-09	-0.0119041
4.42647e-09	-0.0119022
4.42659e-09	-0.0119003
4.42671e-09	-0.0118983
4.42684e-09	-0.0118963
4.42696e-09	-0.0118942
4.42708e-09	-0.0118921
4.4272e-09	-0.0118899
4.42733e-09	-0.0118877
4.42745e-09	-0.0118855
4.42757e-09	-0.0118832
4.42769e-09	-0.0118809
4.42781e-09	-0.0118785
4.42794e-09	-0.0118761
4.42806e-09	-0.0118736
4.42818e-09	-0.0118711
4.4283e-09	-0.0118686
4.42843e-09	-0.011866
4.42855e-09	-0.0118634
4.42867e-09	-0.0118607
4.42879e-09	-0.011858
4.42891e-09	-0.0118552
4.42904e-09	-0.0118524
4.42916e-09	-0.0118495
4.42928e-09	-0.0118466
4.4294e-09	-0.0118437
4.42953e-09	-0.0118407
4.42965e-09	-0.0118377
4.42977e-09	-0.0118346
4.42989e-09	-0.0118315
4.43001e-09	-0.0118284
4.43014e-09	-0.0118252
4.43026e-09	-0.0118219
4.43038e-09	-0.0118187
4.4305e-09	-0.0118153
4.43063e-09	-0.011812
4.43075e-09	-0.0118086
4.43087e-09	-0.0118051
4.43099e-09	-0.0118016
4.43112e-09	-0.0117981
4.43124e-09	-0.0117945
4.43136e-09	-0.0117909
4.43148e-09	-0.0117872
4.4316e-09	-0.0117835
4.43173e-09	-0.0117798
4.43185e-09	-0.011776
4.43197e-09	-0.0117722
4.43209e-09	-0.0117683
4.43222e-09	-0.0117644
4.43234e-09	-0.0117604
4.43246e-09	-0.0117564
4.43258e-09	-0.0117524
4.4327e-09	-0.0117483
4.43283e-09	-0.0117442
4.43295e-09	-0.01174
4.43307e-09	-0.0117358
4.43319e-09	-0.0117316
4.43332e-09	-0.0117273
4.43344e-09	-0.011723
4.43356e-09	-0.0117186
4.43368e-09	-0.0117142
4.4338e-09	-0.0117098
4.43393e-09	-0.0117053
4.43405e-09	-0.0117007
4.43417e-09	-0.0116962
4.43429e-09	-0.0116916
4.43442e-09	-0.0116869
4.43454e-09	-0.0116822
4.43466e-09	-0.0116775
4.43478e-09	-0.0116727
4.4349e-09	-0.0116679
4.43503e-09	-0.011663
4.43515e-09	-0.0116582
4.43527e-09	-0.0116532
4.43539e-09	-0.0116483
4.43552e-09	-0.0116432
4.43564e-09	-0.0116382
4.43576e-09	-0.0116331
4.43588e-09	-0.011628
4.436e-09	-0.0116228
4.43613e-09	-0.0116176
4.43625e-09	-0.0116123
4.43637e-09	-0.011607
4.43649e-09	-0.0116017
4.43662e-09	-0.0115963
4.43674e-09	-0.0115909
4.43686e-09	-0.0115855
4.43698e-09	-0.01158
4.4371e-09	-0.0115745
4.43723e-09	-0.0115689
4.43735e-09	-0.0115633
4.43747e-09	-0.0115577
4.43759e-09	-0.011552
4.43772e-09	-0.0115463
4.43784e-09	-0.0115405
4.43796e-09	-0.0115347
4.43808e-09	-0.0115289
4.4382e-09	-0.011523
4.43833e-09	-0.0115171
4.43845e-09	-0.0115112
4.43857e-09	-0.0115052
4.43869e-09	-0.0114991
4.43882e-09	-0.0114931
4.43894e-09	-0.011487
4.43906e-09	-0.0114808
4.43918e-09	-0.0114747
4.4393e-09	-0.0114684
4.43943e-09	-0.0114622
4.43955e-09	-0.0114559
4.43967e-09	-0.0114496
4.43979e-09	-0.0114432
4.43992e-09	-0.0114368
4.44004e-09	-0.0114304
4.44016e-09	-0.0114239
4.44028e-09	-0.0114174
4.44041e-09	-0.0114108
4.44053e-09	-0.0114042
4.44065e-09	-0.0113976
4.44077e-09	-0.0113909
4.44089e-09	-0.0113842
4.44102e-09	-0.0113775
4.44114e-09	-0.0113707
4.44126e-09	-0.0113639
4.44138e-09	-0.0113571
4.44151e-09	-0.0113502
4.44163e-09	-0.0113433
4.44175e-09	-0.0113363
4.44187e-09	-0.0113293
4.44199e-09	-0.0113223
4.44212e-09	-0.0113152
4.44224e-09	-0.0113081
4.44236e-09	-0.011301
4.44248e-09	-0.0112938
4.44261e-09	-0.0112866
4.44273e-09	-0.0112794
4.44285e-09	-0.0112721
4.44297e-09	-0.0112648
4.44309e-09	-0.0112574
4.44322e-09	-0.01125
4.44334e-09	-0.0112426
4.44346e-09	-0.0112352
4.44358e-09	-0.0112277
4.44371e-09	-0.0112201
4.44383e-09	-0.0112126
4.44395e-09	-0.011205
4.44407e-09	-0.0111973
4.44419e-09	-0.0111897
4.44432e-09	-0.011182
4.44444e-09	-0.0111742
4.44456e-09	-0.0111665
4.44468e-09	-0.0111587
4.44481e-09	-0.0111508
4.44493e-09	-0.0111429
4.44505e-09	-0.011135
4.44517e-09	-0.0111271
4.44529e-09	-0.0111191
4.44542e-09	-0.0111111
4.44554e-09	-0.011103
4.44566e-09	-0.011095
4.44578e-09	-0.0110868
4.44591e-09	-0.0110787
4.44603e-09	-0.0110705
4.44615e-09	-0.0110623
4.44627e-09	-0.011054
4.44639e-09	-0.0110457
4.44652e-09	-0.0110374
4.44664e-09	-0.0110291
4.44676e-09	-0.0110207
4.44688e-09	-0.0110123
4.44701e-09	-0.0110038
4.44713e-09	-0.0109953
4.44725e-09	-0.0109868
4.44737e-09	-0.0109783
4.44749e-09	-0.0109697
4.44762e-09	-0.0109611
4.44774e-09	-0.0109524
4.44786e-09	-0.0109437
4.44798e-09	-0.010935
4.44811e-09	-0.0109263
4.44823e-09	-0.0109175
4.44835e-09	-0.0109087
4.44847e-09	-0.0108998
4.44859e-09	-0.0108909
4.44872e-09	-0.010882
4.44884e-09	-0.0108731
4.44896e-09	-0.0108641
4.44908e-09	-0.0108551
4.44921e-09	-0.0108461
4.44933e-09	-0.010837
4.44945e-09	-0.0108279
4.44957e-09	-0.0108188
4.44969e-09	-0.0108096
4.44982e-09	-0.0108004
4.44994e-09	-0.0107912
4.45006e-09	-0.0107819
4.45018e-09	-0.0107726
4.45031e-09	-0.0107633
4.45043e-09	-0.0107539
4.45055e-09	-0.0107446
4.45067e-09	-0.0107351
4.4508e-09	-0.0107257
4.45092e-09	-0.0107162
4.45104e-09	-0.0107067
4.45116e-09	-0.0106972
4.45128e-09	-0.0106876
4.45141e-09	-0.010678
4.45153e-09	-0.0106684
4.45165e-09	-0.0106587
4.45177e-09	-0.010649
4.4519e-09	-0.0106393
4.45202e-09	-0.0106295
4.45214e-09	-0.0106198
4.45226e-09	-0.0106099
4.45238e-09	-0.0106001
4.45251e-09	-0.0105902
4.45263e-09	-0.0105803
4.45275e-09	-0.0105704
4.45287e-09	-0.0105604
4.453e-09	-0.0105504
4.45312e-09	-0.0105404
4.45324e-09	-0.0105304
4.45336e-09	-0.0105203
4.45348e-09	-0.0105102
4.45361e-09	-0.0105
4.45373e-09	-0.0104899
4.45385e-09	-0.0104797
4.45397e-09	-0.0104694
4.4541e-09	-0.0104592
4.45422e-09	-0.0104489
4.45434e-09	-0.0104386
4.45446e-09	-0.0104282
4.45458e-09	-0.0104179
4.45471e-09	-0.0104075
4.45483e-09	-0.010397
4.45495e-09	-0.0103866
4.45507e-09	-0.0103761
4.4552e-09	-0.0103656
4.45532e-09	-0.010355
4.45544e-09	-0.0103445
4.45556e-09	-0.0103339
4.45568e-09	-0.0103233
4.45581e-09	-0.0103126
4.45593e-09	-0.0103019
4.45605e-09	-0.0102912
4.45617e-09	-0.0102805
4.4563e-09	-0.0102697
4.45642e-09	-0.0102589
4.45654e-09	-0.0102481
4.45666e-09	-0.0102373
4.45678e-09	-0.0102264
4.45691e-09	-0.0102155
4.45703e-09	-0.0102045
4.45715e-09	-0.0101936
4.45727e-09	-0.0101826
4.4574e-09	-0.0101716
4.45752e-09	-0.0101606
4.45764e-09	-0.0101495
4.45776e-09	-0.0101384
4.45788e-09	-0.0101273
4.45801e-09	-0.0101162
4.45813e-09	-0.010105
4.45825e-09	-0.0100938
4.45837e-09	-0.0100826
4.4585e-09	-0.0100713
4.45862e-09	-0.01006
4.45874e-09	-0.0100487
4.45886e-09	-0.0100374
4.45898e-09	-0.0100261
4.45911e-09	-0.0100147
4.45923e-09	-0.0100033
4.45935e-09	-0.00999186
4.45947e-09	-0.0099804
4.4596e-09	-0.00996892
4.45972e-09	-0.00995742
4.45984e-09	-0.00994589
4.45996e-09	-0.00993433
4.46009e-09	-0.00992275
4.46021e-09	-0.00991114
4.46033e-09	-0.00989951
4.46045e-09	-0.00988785
4.46057e-09	-0.00987617
4.4607e-09	-0.00986446
4.46082e-09	-0.00985273
4.46094e-09	-0.00984097
4.46106e-09	-0.00982919
4.46119e-09	-0.00981739
4.46131e-09	-0.00980556
4.46143e-09	-0.0097937
4.46155e-09	-0.00978182
4.46167e-09	-0.00976992
4.4618e-09	-0.00975799
4.46192e-09	-0.00974604
4.46204e-09	-0.00973406
4.46216e-09	-0.00972207
4.46229e-09	-0.00971004
4.46241e-09	-0.009698
4.46253e-09	-0.00968592
4.46265e-09	-0.00967383
4.46277e-09	-0.00966171
4.4629e-09	-0.00964957
4.46302e-09	-0.00963741
4.46314e-09	-0.00962522
4.46326e-09	-0.00961301
4.46339e-09	-0.00960077
4.46351e-09	-0.00958851
4.46363e-09	-0.00957623
4.46375e-09	-0.00956393
4.46387e-09	-0.0095516
4.464e-09	-0.00953925
4.46412e-09	-0.00952688
4.46424e-09	-0.00951449
4.46436e-09	-0.00950207
4.46449e-09	-0.00948963
4.46461e-09	-0.00947717
4.46473e-09	-0.00946468
4.46485e-09	-0.00945218
4.46497e-09	-0.00943965
4.4651e-09	-0.0094271
4.46522e-09	-0.00941452
4.46534e-09	-0.00940193
4.46546e-09	-0.00938931
4.46559e-09	-0.00937667
4.46571e-09	-0.00936401
4.46583e-09	-0.00935133
4.46595e-09	-0.00933863
4.46607e-09	-0.0093259
4.4662e-09	-0.00931316
4.46632e-09	-0.00930039
4.46644e-09	-0.0092876
4.46656e-09	-0.00927479
4.46669e-09	-0.00926196
4.46681e-09	-0.00924911
4.46693e-09	-0.00923623
4.46705e-09	-0.00922334
4.46717e-09	-0.00921042
4.4673e-09	-0.00919749
4.46742e-09	-0.00918453
4.46754e-09	-0.00917156
4.46766e-09	-0.00915856
4.46779e-09	-0.00914554
4.46791e-09	-0.0091325
4.46803e-09	-0.00911944
4.46815e-09	-0.00910637
4.46827e-09	-0.00909327
4.4684e-09	-0.00908015
4.46852e-09	-0.00906701
4.46864e-09	-0.00905385
4.46876e-09	-0.00904067
4.46889e-09	-0.00902748
4.46901e-09	-0.00901426
4.46913e-09	-0.00900102
4.46925e-09	-0.00898776
4.46937e-09	-0.00897449
4.4695e-09	-0.00896119
4.46962e-09	-0.00894788
4.46974e-09	-0.00893454
4.46986e-09	-0.00892119
4.46999e-09	-0.00890782
4.47011e-09	-0.00889443
4.47023e-09	-0.00888102
4.47035e-09	-0.00886759
4.47048e-09	-0.00885414
4.4706e-09	-0.00884068
4.47072e-09	-0.00882719
4.47084e-09	-0.00881369
4.47096e-09	-0.00880017
4.47109e-09	-0.00878663
4.47121e-09	-0.00877307
4.47133e-09	-0.00875949
4.47145e-09	-0.0087459
4.47158e-09	-0.00873229
4.4717e-09	-0.00871865
4.47182e-09	-0.00870501
4.47194e-09	-0.00869134
4.47206e-09	-0.00867766
4.47219e-09	-0.00866395
4.47231e-09	-0.00865023
4.47243e-09	-0.0086365
4.47255e-09	-0.00862274
4.47268e-09	-0.00860897
4.4728e-09	-0.00859518
4.47292e-09	-0.00858138
4.47304e-09	-0.00856755
4.47316e-09	-0.00855371
4.47329e-09	-0.00853986
4.47341e-09	-0.00852598
4.47353e-09	-0.00851209
4.47365e-09	-0.00849819
4.47378e-09	-0.00848426
4.4739e-09	-0.00847032
4.47402e-09	-0.00845636
4.47414e-09	-0.00844239
4.47426e-09	-0.0084284
4.47439e-09	-0.00841439
4.47451e-09	-0.00840037
4.47463e-09	-0.00838633
4.47475e-09	-0.00837228
4.47488e-09	-0.0083582
4.475e-09	-0.00834412
4.47512e-09	-0.00833001
4.47524e-09	-0.0083159
4.47536e-09	-0.00830176
4.47549e-09	-0.00828761
4.47561e-09	-0.00827345
4.47573e-09	-0.00825927
4.47585e-09	-0.00824507
4.47598e-09	-0.00823086
4.4761e-09	-0.00821663
4.47622e-09	-0.00820239
4.47634e-09	-0.00818813
4.47646e-09	-0.00817386
4.47659e-09	-0.00815957
4.47671e-09	-0.00814527
4.47683e-09	-0.00813095
4.47695e-09	-0.00811662
4.47708e-09	-0.00810228
4.4772e-09	-0.00808792
4.47732e-09	-0.00807354
4.47744e-09	-0.00805915
4.47756e-09	-0.00804475
4.47769e-09	-0.00803033
4.47781e-09	-0.0080159
4.47793e-09	-0.00800145
4.47805e-09	-0.00798699
4.47818e-09	-0.00797252
4.4783e-09	-0.00795803
4.47842e-09	-0.00794353
4.47854e-09	-0.00792901
4.47866e-09	-0.00791448
4.47879e-09	-0.00789994
4.47891e-09	-0.00788538
4.47903e-09	-0.00787081
4.47915e-09	-0.00785623
4.47928e-09	-0.00784163
4.4794e-09	-0.00782702
4.47952e-09	-0.0078124
4.47964e-09	-0.00779777
4.47976e-09	-0.00778312
4.47989e-09	-0.00776845
4.48001e-09	-0.00775378
4.48013e-09	-0.00773909
4.48025e-09	-0.00772439
4.48038e-09	-0.00770968
4.4805e-09	-0.00769495
4.48062e-09	-0.00768022
4.48074e-09	-0.00766547
4.48087e-09	-0.0076507
4.48099e-09	-0.00763593
4.48111e-09	-0.00762114
4.48123e-09	-0.00760634
4.48135e-09	-0.00759153
4.48148e-09	-0.00757671
4.4816e-09	-0.00756187
4.48172e-09	-0.00754703
4.48184e-09	-0.00753217
4.48197e-09	-0.0075173
4.48209e-09	-0.00750242
4.48221e-09	-0.00748752
4.48233e-09	-0.00747262
4.48245e-09	-0.0074577
4.48258e-09	-0.00744278
4.4827e-09	-0.00742784
4.48282e-09	-0.00741289
4.48294e-09	-0.00739793
4.48307e-09	-0.00738296
4.48319e-09	-0.00736797
4.48331e-09	-0.00735298
4.48343e-09	-0.00733798
4.48355e-09	-0.00732296
4.48368e-09	-0.00730793
4.4838e-09	-0.0072929
4.48392e-09	-0.00727785
4.48404e-09	-0.0072628
4.48417e-09	-0.00724773
4.48429e-09	-0.00723265
4.48441e-09	-0.00721756
4.48453e-09	-0.00720246
4.48465e-09	-0.00718736
4.48478e-09	-0.00717224
4.4849e-09	-0.00715711
4.48502e-09	-0.00714197
4.48514e-09	-0.00712683
4.48527e-09	-0.00711167
4.48539e-09	-0.0070965
4.48551e-09	-0.00708133
4.48563e-09	-0.00706614
4.48575e-09	-0.00705095
4.48588e-09	-0.00703574
4.486e-09	-0.00702053
4.48612e-09	-0.0070053
4.48624e-09	-0.00699007
4.48637e-09	-0.00697483
4.48649e-09	-0.00695958
4.48661e-09	-0.00694432
4.48673e-09	-0.00692906
4.48685e-09	-0.00691378
4.48698e-09	-0.00689849
4.4871e-09	-0.0068832
4.48722e-09	-0.0068679
4.48734e-09	-0.00685259
4.48747e-09	-0.00683727
4.48759e-09	-0.00682194
4.48771e-09	-0.00680661
4.48783e-09	-0.00679126
4.48795e-09	-0.00677591
4.48808e-09	-0.00676055
4.4882e-09	-0.00674518
4.48832e-09	-0.00672981
4.48844e-09	-0.00671442
4.48857e-09	-0.00669903
4.48869e-09	-0.00668363
4.48881e-09	-0.00666823
4.48893e-09	-0.00665281
4.48905e-09	-0.00663739
4.48918e-09	-0.00662196
4.4893e-09	-0.00660653
4.48942e-09	-0.00659108
4.48954e-09	-0.00657563
4.48967e-09	-0.00656018
4.48979e-09	-0.00654471
4.48991e-09	-0.00652924
4.49003e-09	-0.00651376
4.49016e-09	-0.00649828
4.49028e-09	-0.00648278
4.4904e-09	-0.00646729
4.49052e-09	-0.00645178
4.49064e-09	-0.00643627
4.49077e-09	-0.00642075
4.49089e-09	-0.00640523
4.49101e-09	-0.00638969
4.49113e-09	-0.00637416
4.49126e-09	-0.00635861
4.49138e-09	-0.00634306
4.4915e-09	-0.00632751
4.49162e-09	-0.00631195
4.49174e-09	-0.00629638
4.49187e-09	-0.0062808
4.49199e-09	-0.00626523
4.49211e-09	-0.00624964
4.49223e-09	-0.00623405
4.49236e-09	-0.00621845
4.49248e-09	-0.00620285
4.4926e-09	-0.00618725
4.49272e-09	-0.00617163
4.49284e-09	-0.00615602
4.49297e-09	-0.00614039
4.49309e-09	-0.00612477
4.49321e-09	-0.00610913
4.49333e-09	-0.00609349
4.49346e-09	-0.00607785
4.49358e-09	-0.0060622
4.4937e-09	-0.00604655
4.49382e-09	-0.00603089
4.49394e-09	-0.00601523
4.49407e-09	-0.00599956
4.49419e-09	-0.00598389
4.49431e-09	-0.00596822
4.49443e-09	-0.00595254
4.49456e-09	-0.00593685
4.49468e-09	-0.00592116
4.4948e-09	-0.00590547
4.49492e-09	-0.00588978
4.49504e-09	-0.00587407
4.49517e-09	-0.00585837
4.49529e-09	-0.00584266
4.49541e-09	-0.00582695
4.49553e-09	-0.00581123
4.49566e-09	-0.00579551
4.49578e-09	-0.00577979
4.4959e-09	-0.00576406
4.49602e-09	-0.00574833
4.49614e-09	-0.0057326
4.49627e-09	-0.00571686
4.49639e-09	-0.00570112
4.49651e-09	-0.00568537
4.49663e-09	-0.00566963
4.49676e-09	-0.00565387
4.49688e-09	-0.00563812
4.497e-09	-0.00562236
4.49712e-09	-0.00560661
4.49724e-09	-0.00559084
4.49737e-09	-0.00557508
4.49749e-09	-0.00555931
4.49761e-09	-0.00554354
4.49773e-09	-0.00552777
4.49786e-09	-0.00551199
4.49798e-09	-0.00549621
4.4981e-09	-0.00548043
4.49822e-09	-0.00546465
4.49834e-09	-0.00544887
4.49847e-09	-0.00543308
4.49859e-09	-0.00541729
4.49871e-09	-0.0054015
4.49883e-09	-0.00538571
4.49896e-09	-0.00536991
4.49908e-09	-0.00535412
4.4992e-09	-0.00533832
4.49932e-09	-0.00532252
4.49944e-09	-0.00530672
4.49957e-09	-0.00529091
4.49969e-09	-0.00527511
4.49981e-09	-0.0052593
4.49993e-09	-0.00524349
4.50006e-09	-0.00522768
4.50018e-09	-0.00521187
4.5003e-09	-0.00519606
4.50042e-09	-0.00518025
4.50055e-09	-0.00516444
4.50067e-09	-0.00514862
4.50079e-09	-0.00513281
4.50091e-09	-0.00511699
4.50103e-09	-0.00510117
4.50116e-09	-0.00508535
4.50128e-09	-0.00506953
4.5014e-09	-0.00505372
4.50152e-09	-0.0050379
4.50165e-09	-0.00502208
4.50177e-09	-0.00500626
4.50189e-09	-0.00499043
4.50201e-09	-0.00497461
4.50213e-09	-0.00495879
4.50226e-09	-0.00494297
4.50238e-09	-0.00492715
4.5025e-09	-0.00491133
4.50262e-09	-0.0048955
4.50275e-09	-0.00487968
4.50287e-09	-0.00486386
4.50299e-09	-0.00484804
4.50311e-09	-0.00483222
4.50323e-09	-0.0048164
4.50336e-09	-0.00480058
4.50348e-09	-0.00478476
4.5036e-09	-0.00476894
4.50372e-09	-0.00475312
4.50385e-09	-0.0047373
4.50397e-09	-0.00472149
4.50409e-09	-0.00470567
4.50421e-09	-0.00468985
4.50433e-09	-0.00467404
4.50446e-09	-0.00465823
4.50458e-09	-0.00464241
4.5047e-09	-0.0046266
4.50482e-09	-0.00461079
4.50495e-09	-0.00459498
4.50507e-09	-0.00457918
4.50519e-09	-0.00456337
4.50531e-09	-0.00454756
4.50543e-09	-0.00453176
4.50556e-09	-0.00451596
4.50568e-09	-0.00450016
4.5058e-09	-0.00448436
4.50592e-09	-0.00446856
4.50605e-09	-0.00445277
4.50617e-09	-0.00443697
4.50629e-09	-0.00442118
4.50641e-09	-0.00440539
4.50653e-09	-0.00438961
4.50666e-09	-0.00437382
4.50678e-09	-0.00435804
4.5069e-09	-0.00434226
4.50702e-09	-0.00432648
4.50715e-09	-0.0043107
4.50727e-09	-0.00429493
4.50739e-09	-0.00427916
4.50751e-09	-0.00426339
4.50763e-09	-0.00424762
4.50776e-09	-0.00423186
4.50788e-09	-0.0042161
4.508e-09	-0.00420034
4.50812e-09	-0.00418458
4.50825e-09	-0.00416883
4.50837e-09	-0.00415308
4.50849e-09	-0.00413733
4.50861e-09	-0.00412159
4.50873e-09	-0.00410585
4.50886e-09	-0.00409011
4.50898e-09	-0.00407438
4.5091e-09	-0.00405865
4.50922e-09	-0.00404292
4.50935e-09	-0.0040272
4.50947e-09	-0.00401148
4.50959e-09	-0.00399576
4.50971e-09	-0.00398005
4.50984e-09	-0.00396434
4.50996e-09	-0.00394863
4.51008e-09	-0.00393293
4.5102e-09	-0.00391723
4.51032e-09	-0.00390154
4.51045e-09	-0.00388584
4.51057e-09	-0.00387016
4.51069e-09	-0.00385448
4.51081e-09	-0.0038388
4.51094e-09	-0.00382312
4.51106e-09	-0.00380745
4.51118e-09	-0.00379179
4.5113e-09	-0.00377613
4.51142e-09	-0.00376047
4.51155e-09	-0.00374482
4.51167e-09	-0.00372917
4.51179e-09	-0.00371353
4.51191e-09	-0.00369789
4.51204e-09	-0.00368225
4.51216e-09	-0.00366662
4.51228e-09	-0.003651
4.5124e-09	-0.00363538
4.51252e-09	-0.00361977
4.51265e-09	-0.00360416
4.51277e-09	-0.00358855
4.51289e-09	-0.00357295
4.51301e-09	-0.00355736
4.51314e-09	-0.00354177
4.51326e-09	-0.00352618
4.51338e-09	-0.00351061
4.5135e-09	-0.00349503
4.51362e-09	-0.00347946
4.51375e-09	-0.0034639
4.51387e-09	-0.00344835
4.51399e-09	-0.00343279
4.51411e-09	-0.00341725
4.51424e-09	-0.00340171
4.51436e-09	-0.00338617
4.51448e-09	-0.00337065
4.5146e-09	-0.00335512
4.51472e-09	-0.00333961
4.51485e-09	-0.0033241
4.51497e-09	-0.00330859
4.51509e-09	-0.00329309
4.51521e-09	-0.0032776
4.51534e-09	-0.00326212
4.51546e-09	-0.00324664
4.51558e-09	-0.00323116
4.5157e-09	-0.0032157
4.51582e-09	-0.00320024
4.51595e-09	-0.00318478
4.51607e-09	-0.00316934
4.51619e-09	-0.00315389
4.51631e-09	-0.00313846
4.51644e-09	-0.00312303
4.51656e-09	-0.00310761
4.51668e-09	-0.0030922
4.5168e-09	-0.00307679
4.51692e-09	-0.00306139
4.51705e-09	-0.003046
4.51717e-09	-0.00303061
4.51729e-09	-0.00301523
4.51741e-09	-0.00299986
4.51754e-09	-0.00298449
4.51766e-09	-0.00296914
4.51778e-09	-0.00295379
4.5179e-09	-0.00293844
4.51802e-09	-0.00292311
4.51815e-09	-0.00290778
4.51827e-09	-0.00289246
4.51839e-09	-0.00287715
4.51851e-09	-0.00286184
4.51864e-09	-0.00284654
4.51876e-09	-0.00283125
4.51888e-09	-0.00281597
4.519e-09	-0.0028007
4.51912e-09	-0.00278543
4.51925e-09	-0.00277017
4.51937e-09	-0.00275492
4.51949e-09	-0.00273968
4.51961e-09	-0.00272444
4.51974e-09	-0.00270921
4.51986e-09	-0.002694
4.51998e-09	-0.00267879
4.5201e-09	-0.00266358
4.52023e-09	-0.00264839
4.52035e-09	-0.0026332
4.52047e-09	-0.00261803
4.52059e-09	-0.00260286
4.52071e-09	-0.0025877
4.52084e-09	-0.00257255
4.52096e-09	-0.00255741
4.52108e-09	-0.00254227
4.5212e-09	-0.00252715
4.52133e-09	-0.00251203
4.52145e-09	-0.00249692
4.52157e-09	-0.00248182
4.52169e-09	-0.00246673
4.52181e-09	-0.00245165
4.52194e-09	-0.00243658
4.52206e-09	-0.00242152
4.52218e-09	-0.00240646
4.5223e-09	-0.00239142
4.52243e-09	-0.00237638
4.52255e-09	-0.00236136
4.52267e-09	-0.00234634
4.52279e-09	-0.00233134
4.52291e-09	-0.00231634
4.52304e-09	-0.00230135
4.52316e-09	-0.00228637
4.52328e-09	-0.0022714
4.5234e-09	-0.00225644
4.52353e-09	-0.00224149
4.52365e-09	-0.00222655
4.52377e-09	-0.00221162
4.52389e-09	-0.0021967
4.52401e-09	-0.00218179
4.52414e-09	-0.00216689
4.52426e-09	-0.002152
4.52438e-09	-0.00213712
4.5245e-09	-0.00212225
4.52463e-09	-0.00210738
4.52475e-09	-0.00209253
4.52487e-09	-0.00207769
4.52499e-09	-0.00206286
4.52511e-09	-0.00204804
4.52524e-09	-0.00203323
4.52536e-09	-0.00201843
4.52548e-09	-0.00200365
4.5256e-09	-0.00198887
4.52573e-09	-0.0019741
4.52585e-09	-0.00195934
4.52597e-09	-0.0019446
4.52609e-09	-0.00192986
4.52621e-09	-0.00191513
4.52634e-09	-0.00190042
4.52646e-09	-0.00188572
4.52658e-09	-0.00187102
4.5267e-09	-0.00185634
4.52683e-09	-0.00184167
4.52695e-09	-0.00182701
4.52707e-09	-0.00181236
4.52719e-09	-0.00179772
4.52731e-09	-0.0017831
4.52744e-09	-0.00176848
4.52756e-09	-0.00175388
4.52768e-09	-0.00173928
4.5278e-09	-0.0017247
4.52793e-09	-0.00171013
4.52805e-09	-0.00169557
4.52817e-09	-0.00168102
4.52829e-09	-0.00166649
4.52841e-09	-0.00165196
4.52854e-09	-0.00163745
4.52866e-09	-0.00162295
4.52878e-09	-0.00160846
4.5289e-09	-0.00159398
4.52903e-09	-0.00157951
4.52915e-09	-0.00156506
4.52927e-09	-0.00155061
4.52939e-09	-0.00153618
4.52952e-09	-0.00152176
4.52964e-09	-0.00150736
4.52976e-09	-0.00149296
4.52988e-09	-0.00147858
4.53e-09	-0.00146421
4.53013e-09	-0.00144985
4.53025e-09	-0.0014355
4.53037e-09	-0.00142117
4.53049e-09	-0.00140685
4.53062e-09	-0.00139254
4.53074e-09	-0.00137824
4.53086e-09	-0.00136395
4.53098e-09	-0.00134968
4.5311e-09	-0.00133542
4.53123e-09	-0.00132117
4.53135e-09	-0.00130694
4.53147e-09	-0.00129272
4.53159e-09	-0.00127851
4.53172e-09	-0.00126431
4.53184e-09	-0.00125012
4.53196e-09	-0.00123595
4.53208e-09	-0.00122179
4.5322e-09	-0.00120765
4.53233e-09	-0.00119351
4.53245e-09	-0.00117939
4.53257e-09	-0.00116529
4.53269e-09	-0.00115119
4.53282e-09	-0.00113711
4.53294e-09	-0.00112304
4.53306e-09	-0.00110899
4.53318e-09	-0.00109495
4.5333e-09	-0.00108092
4.53343e-09	-0.0010669
4.53355e-09	-0.0010529
4.53367e-09	-0.00103891
4.53379e-09	-0.00102494
4.53392e-09	-0.00101097
4.53404e-09	-0.000997024
4.53416e-09	-0.00098309
4.53428e-09	-0.000969168
4.5344e-09	-0.00095526
4.53453e-09	-0.000941366
4.53465e-09	-0.000927485
4.53477e-09	-0.000913618
4.53489e-09	-0.000899765
4.53502e-09	-0.000885926
4.53514e-09	-0.0008721
4.53526e-09	-0.000858288
4.53538e-09	-0.00084449
4.5355e-09	-0.000830706
4.53563e-09	-0.000816936
4.53575e-09	-0.00080318
4.53587e-09	-0.000789438
4.53599e-09	-0.00077571
4.53612e-09	-0.000761996
4.53624e-09	-0.000748297
4.53636e-09	-0.000734611
4.53648e-09	-0.00072094
4.5366e-09	-0.000707283
4.53673e-09	-0.00069364
4.53685e-09	-0.000680012
4.53697e-09	-0.000666398
4.53709e-09	-0.000652798
4.53722e-09	-0.000639213
4.53734e-09	-0.000625643
4.53746e-09	-0.000612087
4.53758e-09	-0.000598545
4.5377e-09	-0.000585018
4.53783e-09	-0.000571506
4.53795e-09	-0.000558008
4.53807e-09	-0.000544525
4.53819e-09	-0.000531057
4.53832e-09	-0.000517604
4.53844e-09	-0.000504165
4.53856e-09	-0.000490741
4.53868e-09	-0.000477332
4.5388e-09	-0.000463939
4.53893e-09	-0.00045056
4.53905e-09	-0.000437196
4.53917e-09	-0.000423847
4.53929e-09	-0.000410513
4.53942e-09	-0.000397194
4.53954e-09	-0.00038389
4.53966e-09	-0.000370602
4.53978e-09	-0.000357328
4.53991e-09	-0.00034407
4.54003e-09	-0.000330828
4.54015e-09	-0.0003176
4.54027e-09	-0.000304388
4.54039e-09	-0.000291191
4.54052e-09	-0.00027801
4.54064e-09	-0.000264844
4.54076e-09	-0.000251694
4.54088e-09	-0.000238559
4.54101e-09	-0.000225439
4.54113e-09	-0.000212335
4.54125e-09	-0.000199247
4.54137e-09	-0.000186175
4.54149e-09	-0.000173118
4.54162e-09	-0.000160077
4.54174e-09	-0.000147051
4.54186e-09	-0.000134042
4.54198e-09	-0.000121048
4.54211e-09	-0.00010807
4.54223e-09	-9.51078e-05
4.54235e-09	-8.21616e-05
4.54247e-09	-6.92313e-05
4.54259e-09	-5.63171e-05
4.54272e-09	-4.34188e-05
4.54284e-09	-3.05365e-05
4.54296e-09	-1.76704e-05
4.54308e-09	-4.82032e-06
4.54321e-09	8.01361e-06
4.54333e-09	2.08314e-05
4.54345e-09	3.36329e-05
4.54357e-09	4.64183e-05
4.54369e-09	5.91874e-05
4.54382e-09	7.19401e-05
4.54394e-09	8.46766e-05
4.54406e-09	9.73967e-05
4.54418e-09	0.0001101
4.54431e-09	0.000122788
4.54443e-09	0.000135459
4.54455e-09	0.000148113
4.54467e-09	0.000160751
4.54479e-09	0.000173372
4.54492e-09	0.000185977
4.54504e-09	0.000198565
4.54516e-09	0.000211137
4.54528e-09	0.000223692
4.54541e-09	0.00023623
4.54553e-09	0.000248751
4.54565e-09	0.000261256
4.54577e-09	0.000273744
4.54589e-09	0.000286215
4.54602e-09	0.000298669
4.54614e-09	0.000311107
4.54626e-09	0.000323527
4.54638e-09	0.000335931
4.54651e-09	0.000348318
4.54663e-09	0.000360687
4.54675e-09	0.00037304
4.54687e-09	0.000385376
4.54699e-09	0.000397694
4.54712e-09	0.000409996
4.54724e-09	0.00042228
4.54736e-09	0.000434547
4.54748e-09	0.000446797
4.54761e-09	0.00045903
4.54773e-09	0.000471246
4.54785e-09	0.000483444
4.54797e-09	0.000495625
4.54809e-09	0.000507789
4.54822e-09	0.000519935
4.54834e-09	0.000532064
4.54846e-09	0.000544175
4.54858e-09	0.00055627
4.54871e-09	0.000568346
4.54883e-09	0.000580405
4.54895e-09	0.000592447
4.54907e-09	0.000604471
4.5492e-09	0.000616478
4.54932e-09	0.000628467
4.54944e-09	0.000640438
4.54956e-09	0.000652392
4.54968e-09	0.000664328
4.54981e-09	0.000676246
4.54993e-09	0.000688147
4.55005e-09	0.00070003
4.55017e-09	0.000711895
4.5503e-09	0.000723742
4.55042e-09	0.000735572
4.55054e-09	0.000747383
4.55066e-09	0.000759177
4.55078e-09	0.000770953
4.55091e-09	0.000782711
4.55103e-09	0.000794451
4.55115e-09	0.000806173
4.55127e-09	0.000817877
4.5514e-09	0.000829563
4.55152e-09	0.000841231
4.55164e-09	0.00085288
4.55176e-09	0.000864512
4.55188e-09	0.000876126
4.55201e-09	0.000887721
4.55213e-09	0.000899299
4.55225e-09	0.000910858
4.55237e-09	0.000922398
4.5525e-09	0.000933921
4.55262e-09	0.000945425
4.55274e-09	0.000956912
4.55286e-09	0.000968379
4.55298e-09	0.000979829
4.55311e-09	0.00099126
4.55323e-09	0.00100267
4.55335e-09	0.00101407
4.55347e-09	0.00102544
4.5536e-09	0.0010368
4.55372e-09	0.00104814
4.55384e-09	0.00105946
4.55396e-09	0.00107076
4.55408e-09	0.00108204
4.55421e-09	0.00109331
4.55433e-09	0.00110456
4.55445e-09	0.00111578
4.55457e-09	0.00112699
4.5547e-09	0.00113818
4.55482e-09	0.00114935
4.55494e-09	0.00116051
4.55506e-09	0.00117164
4.55518e-09	0.00118276
4.55531e-09	0.00119385
4.55543e-09	0.00120493
4.55555e-09	0.00121599
4.55567e-09	0.00122703
4.5558e-09	0.00123805
4.55592e-09	0.00124905
4.55604e-09	0.00126004
4.55616e-09	0.001271
4.55628e-09	0.00128195
4.55641e-09	0.00129287
4.55653e-09	0.00130378
4.55665e-09	0.00131467
4.55677e-09	0.00132554
4.5569e-09	0.00133639
4.55702e-09	0.00134722
4.55714e-09	0.00135804
4.55726e-09	0.00136883
4.55738e-09	0.0013796
4.55751e-09	0.00139036
4.55763e-09	0.0014011
4.55775e-09	0.00141181
4.55787e-09	0.00142251
4.558e-09	0.00143319
4.55812e-09	0.00144385
4.55824e-09	0.00145449
4.55836e-09	0.00146511
4.55848e-09	0.00147571
4.55861e-09	0.00148629
4.55873e-09	0.00149686
4.55885e-09	0.0015074
4.55897e-09	0.00151792
4.5591e-09	0.00152843
4.55922e-09	0.00153891
4.55934e-09	0.00154938
4.55946e-09	0.00155983
4.55959e-09	0.00157025
4.55971e-09	0.00158066
4.55983e-09	0.00159105
4.55995e-09	0.00160142
4.56007e-09	0.00161177
4.5602e-09	0.0016221
4.56032e-09	0.00163241
4.56044e-09	0.0016427
4.56056e-09	0.00165297
4.56069e-09	0.00166322
4.56081e-09	0.00167345
4.56093e-09	0.00168366
4.56105e-09	0.00169386
4.56117e-09	0.00170403
4.5613e-09	0.00171418
4.56142e-09	0.00172432
4.56154e-09	0.00173443
4.56166e-09	0.00174452
4.56179e-09	0.0017546
4.56191e-09	0.00176465
4.56203e-09	0.00177469
4.56215e-09	0.0017847
4.56227e-09	0.0017947
4.5624e-09	0.00180467
4.56252e-09	0.00181463
4.56264e-09	0.00182456
4.56276e-09	0.00183448
4.56289e-09	0.00184437
4.56301e-09	0.00185425
4.56313e-09	0.0018641
4.56325e-09	0.00187394
4.56337e-09	0.00188376
4.5635e-09	0.00189355
4.56362e-09	0.00190333
4.56374e-09	0.00191308
4.56386e-09	0.00192282
4.56399e-09	0.00193254
4.56411e-09	0.00194223
4.56423e-09	0.00195191
4.56435e-09	0.00196156
4.56447e-09	0.0019712
4.5646e-09	0.00198081
4.56472e-09	0.00199041
4.56484e-09	0.00199998
4.56496e-09	0.00200954
4.56509e-09	0.00201907
4.56521e-09	0.00202859
4.56533e-09	0.00203808
4.56545e-09	0.00204756
4.56557e-09	0.00205701
4.5657e-09	0.00206645
4.56582e-09	0.00207586
4.56594e-09	0.00208525
4.56606e-09	0.00209463
4.56619e-09	0.00210398
4.56631e-09	0.00211331
4.56643e-09	0.00212263
4.56655e-09	0.00213192
4.56667e-09	0.00214119
4.5668e-09	0.00215044
4.56692e-09	0.00215967
4.56704e-09	0.00216888
4.56716e-09	0.00217808
4.56729e-09	0.00218725
4.56741e-09	0.0021964
4.56753e-09	0.00220552
4.56765e-09	0.00221463
4.56777e-09	0.00222372
4.5679e-09	0.00223279
4.56802e-09	0.00224184
4.56814e-09	0.00225087
4.56826e-09	0.00225987
4.56839e-09	0.00226886
4.56851e-09	0.00227782
4.56863e-09	0.00228677
4.56875e-09	0.00229569
4.56888e-09	0.0023046
4.569e-09	0.00231348
4.56912e-09	0.00232235
4.56924e-09	0.00233119
4.56936e-09	0.00234001
4.56949e-09	0.00234881
4.56961e-09	0.00235759
4.56973e-09	0.00236635
4.56985e-09	0.00237509
4.56998e-09	0.00238381
4.5701e-09	0.00239251
4.57022e-09	0.00240119
4.57034e-09	0.00240985
4.57046e-09	0.00241848
4.57059e-09	0.0024271
4.57071e-09	0.0024357
4.57083e-09	0.00244427
4.57095e-09	0.00245282
4.57108e-09	0.00246136
4.5712e-09	0.00246987
4.57132e-09	0.00247836
4.57144e-09	0.00248683
4.57156e-09	0.00249529
4.57169e-09	0.00250372
4.57181e-09	0.00251212
4.57193e-09	0.00252051
4.57205e-09	0.00252888
4.57218e-09	0.00253723
4.5723e-09	0.00254555
4.57242e-09	0.00255386
4.57254e-09	0.00256214
4.57266e-09	0.00257041
4.57279e-09	0.00257865
4.57291e-09	0.00258687
4.57303e-09	0.00259507
4.57315e-09	0.00260326
4.57328e-09	0.00261141
4.5734e-09	0.00261955
4.57352e-09	0.00262767
4.57364e-09	0.00263577
4.57376e-09	0.00264385
4.57389e-09	0.0026519
4.57401e-09	0.00265994
4.57413e-09	0.00266795
4.57425e-09	0.00267594
4.57438e-09	0.00268392
4.5745e-09	0.00269187
4.57462e-09	0.0026998
4.57474e-09	0.00270771
4.57486e-09	0.0027156
4.57499e-09	0.00272346
4.57511e-09	0.00273131
4.57523e-09	0.00273914
4.57535e-09	0.00274694
4.57548e-09	0.00275473
4.5756e-09	0.00276249
4.57572e-09	0.00277023
4.57584e-09	0.00277795
4.57596e-09	0.00278565
4.57609e-09	0.00279333
4.57621e-09	0.00280099
4.57633e-09	0.00280863
4.57645e-09	0.00281624
4.57658e-09	0.00282384
4.5767e-09	0.00283141
4.57682e-09	0.00283897
4.57694e-09	0.0028465
4.57706e-09	0.00285401
4.57719e-09	0.0028615
4.57731e-09	0.00286897
4.57743e-09	0.00287642
4.57755e-09	0.00288385
4.57768e-09	0.00289125
4.5778e-09	0.00289864
4.57792e-09	0.00290601
4.57804e-09	0.00291335
4.57816e-09	0.00292067
4.57829e-09	0.00292797
4.57841e-09	0.00293525
4.57853e-09	0.00294251
4.57865e-09	0.00294975
4.57878e-09	0.00295697
4.5789e-09	0.00296417
4.57902e-09	0.00297134
4.57914e-09	0.0029785
4.57927e-09	0.00298563
4.57939e-09	0.00299274
4.57951e-09	0.00299983
4.57963e-09	0.0030069
4.57975e-09	0.00301395
4.57988e-09	0.00302098
4.58e-09	0.00302799
4.58012e-09	0.00303497
4.58024e-09	0.00304194
4.58037e-09	0.00304888
4.58049e-09	0.0030558
4.58061e-09	0.00306271
4.58073e-09	0.00306959
4.58085e-09	0.00307645
4.58098e-09	0.00308328
4.5811e-09	0.0030901
4.58122e-09	0.0030969
4.58134e-09	0.00310367
4.58147e-09	0.00311043
4.58159e-09	0.00311716
4.58171e-09	0.00312387
4.58183e-09	0.00313057
4.58195e-09	0.00313724
4.58208e-09	0.00314388
4.5822e-09	0.00315051
4.58232e-09	0.00315712
4.58244e-09	0.0031637
4.58257e-09	0.00317027
4.58269e-09	0.00317681
4.58281e-09	0.00318334
4.58293e-09	0.00318984
4.58305e-09	0.00319632
4.58318e-09	0.00320278
4.5833e-09	0.00320922
4.58342e-09	0.00321563
4.58354e-09	0.00322203
4.58367e-09	0.0032284
4.58379e-09	0.00323476
4.58391e-09	0.00324109
4.58403e-09	0.0032474
4.58415e-09	0.00325369
4.58428e-09	0.00325996
4.5844e-09	0.00326621
4.58452e-09	0.00327244
4.58464e-09	0.00327865
4.58477e-09	0.00328483
4.58489e-09	0.003291
4.58501e-09	0.00329714
4.58513e-09	0.00330326
4.58525e-09	0.00330936
4.58538e-09	0.00331544
4.5855e-09	0.0033215
4.58562e-09	0.00332754
4.58574e-09	0.00333356
4.58587e-09	0.00333956
4.58599e-09	0.00334553
4.58611e-09	0.00335148
4.58623e-09	0.00335742
4.58635e-09	0.00336333
4.58648e-09	0.00336922
4.5866e-09	0.00337509
4.58672e-09	0.00338094
4.58684e-09	0.00338677
4.58697e-09	0.00339258
4.58709e-09	0.00339836
4.58721e-09	0.00340413
4.58733e-09	0.00340987
4.58745e-09	0.00341559
4.58758e-09	0.0034213
4.5877e-09	0.00342698
4.58782e-09	0.00343264
4.58794e-09	0.00343828
4.58807e-09	0.00344389
4.58819e-09	0.00344949
4.58831e-09	0.00345507
4.58843e-09	0.00346062
4.58856e-09	0.00346616
4.58868e-09	0.00347167
4.5888e-09	0.00347716
4.58892e-09	0.00348263
4.58904e-09	0.00348808
4.58917e-09	0.00349351
4.58929e-09	0.00349892
4.58941e-09	0.00350431
4.58953e-09	0.00350968
4.58966e-09	0.00351502
4.58978e-09	0.00352035
4.5899e-09	0.00352565
4.59002e-09	0.00353093
4.59014e-09	0.0035362
4.59027e-09	0.00354144
4.59039e-09	0.00354666
4.59051e-09	0.00355186
4.59063e-09	0.00355704
4.59076e-09	0.00356219
4.59088e-09	0.00356733
4.591e-09	0.00357245
4.59112e-09	0.00357754
4.59124e-09	0.00358262
4.59137e-09	0.00358767
4.59149e-09	0.0035927
4.59161e-09	0.00359771
4.59173e-09	0.0036027
4.59186e-09	0.00360767
4.59198e-09	0.00361262
4.5921e-09	0.00361755
4.59222e-09	0.00362246
4.59234e-09	0.00362735
4.59247e-09	0.00363221
4.59259e-09	0.00363706
4.59271e-09	0.00364188
4.59283e-09	0.00364669
4.59296e-09	0.00365147
4.59308e-09	0.00365623
4.5932e-09	0.00366097
4.59332e-09	0.0036657
4.59344e-09	0.0036704
4.59357e-09	0.00367507
4.59369e-09	0.00367973
4.59381e-09	0.00368437
4.59393e-09	0.00368899
4.59406e-09	0.00369359
4.59418e-09	0.00369816
4.5943e-09	0.00370272
4.59442e-09	0.00370725
4.59454e-09	0.00371176
4.59467e-09	0.00371626
4.59479e-09	0.00372073
4.59491e-09	0.00372518
4.59503e-09	0.00372961
4.59516e-09	0.00373402
4.59528e-09	0.00373841
4.5954e-09	0.00374278
4.59552e-09	0.00374713
4.59564e-09	0.00375146
4.59577e-09	0.00375577
4.59589e-09	0.00376006
4.59601e-09	0.00376432
4.59613e-09	0.00376857
4.59626e-09	0.00377279
4.59638e-09	0.003777
4.5965e-09	0.00378118
4.59662e-09	0.00378535
4.59674e-09	0.00378949
4.59687e-09	0.00379361
4.59699e-09	0.00379772
4.59711e-09	0.0038018
4.59723e-09	0.00380586
4.59736e-09	0.0038099
4.59748e-09	0.00381392
4.5976e-09	0.00381792
4.59772e-09	0.0038219
4.59784e-09	0.00382586
4.59797e-09	0.0038298
4.59809e-09	0.00383372
4.59821e-09	0.00383762
4.59833e-09	0.0038415
4.59846e-09	0.00384535
4.59858e-09	0.00384919
4.5987e-09	0.00385301
4.59882e-09	0.0038568
4.59895e-09	0.00386058
4.59907e-09	0.00386434
4.59919e-09	0.00386807
4.59931e-09	0.00387179
4.59943e-09	0.00387548
4.59956e-09	0.00387916
4.59968e-09	0.00388281
4.5998e-09	0.00388644
4.59992e-09	0.00389006
4.60005e-09	0.00389365
4.60017e-09	0.00389723
4.60029e-09	0.00390078
4.60041e-09	0.00390431
4.60053e-09	0.00390782
4.60066e-09	0.00391132
4.60078e-09	0.00391479
4.6009e-09	0.00391824
4.60102e-09	0.00392167
4.60115e-09	0.00392509
4.60127e-09	0.00392848
4.60139e-09	0.00393185
4.60151e-09	0.0039352
4.60163e-09	0.00393853
4.60176e-09	0.00394185
4.60188e-09	0.00394514
4.602e-09	0.00394841
4.60212e-09	0.00395166
4.60225e-09	0.00395489
4.60237e-09	0.00395811
4.60249e-09	0.0039613
4.60261e-09	0.00396447
4.60273e-09	0.00396762
4.60286e-09	0.00397075
4.60298e-09	0.00397386
4.6031e-09	0.00397696
4.60322e-09	0.00398003
4.60335e-09	0.00398308
4.60347e-09	0.00398611
4.60359e-09	0.00398912
4.60371e-09	0.00399212
4.60383e-09	0.00399509
4.60396e-09	0.00399804
4.60408e-09	0.00400098
4.6042e-09	0.00400389
4.60432e-09	0.00400678
4.60445e-09	0.00400966
4.60457e-09	0.00401251
4.60469e-09	0.00401534
4.60481e-09	0.00401816
4.60493e-09	0.00402095
4.60506e-09	0.00402373
4.60518e-09	0.00402648
4.6053e-09	0.00402922
4.60542e-09	0.00403194
4.60555e-09	0.00403463
4.60567e-09	0.00403731
4.60579e-09	0.00403997
4.60591e-09	0.0040426
4.60603e-09	0.00404522
4.60616e-09	0.00404782
4.60628e-09	0.0040504
4.6064e-09	0.00405296
4.60652e-09	0.0040555
4.60665e-09	0.00405802
4.60677e-09	0.00406052
4.60689e-09	0.004063
4.60701e-09	0.00406546
4.60713e-09	0.0040679
4.60726e-09	0.00407033
4.60738e-09	0.00407273
4.6075e-09	0.00407511
4.60762e-09	0.00407748
4.60775e-09	0.00407982
4.60787e-09	0.00408215
4.60799e-09	0.00408446
4.60811e-09	0.00408674
4.60824e-09	0.00408901
4.60836e-09	0.00409126
4.60848e-09	0.00409349
4.6086e-09	0.0040957
4.60872e-09	0.00409789
4.60885e-09	0.00410006
4.60897e-09	0.00410221
4.60909e-09	0.00410435
4.60921e-09	0.00410646
4.60934e-09	0.00410855
4.60946e-09	0.00411063
4.60958e-09	0.00411269
4.6097e-09	0.00411472
4.60982e-09	0.00411674
4.60995e-09	0.00411874
4.61007e-09	0.00412072
4.61019e-09	0.00412268
4.61031e-09	0.00412462
4.61044e-09	0.00412655
4.61056e-09	0.00412845
4.61068e-09	0.00413034
4.6108e-09	0.0041322
4.61092e-09	0.00413405
4.61105e-09	0.00413588
4.61117e-09	0.00413768
4.61129e-09	0.00413947
4.61141e-09	0.00414125
4.61154e-09	0.004143
4.61166e-09	0.00414473
4.61178e-09	0.00414645
4.6119e-09	0.00414814
4.61202e-09	0.00414982
4.61215e-09	0.00415148
4.61227e-09	0.00415312
4.61239e-09	0.00415474
4.61251e-09	0.00415634
4.61264e-09	0.00415792
4.61276e-09	0.00415949
4.61288e-09	0.00416103
4.613e-09	0.00416256
4.61312e-09	0.00416407
4.61325e-09	0.00416556
4.61337e-09	0.00416703
4.61349e-09	0.00416848
4.61361e-09	0.00416992
4.61374e-09	0.00417133
4.61386e-09	0.00417273
4.61398e-09	0.00417411
4.6141e-09	0.00417547
4.61422e-09	0.00417681
4.61435e-09	0.00417813
4.61447e-09	0.00417944
4.61459e-09	0.00418072
4.61471e-09	0.00418199
4.61484e-09	0.00418324
4.61496e-09	0.00418447
4.61508e-09	0.00418568
4.6152e-09	0.00418688
4.61532e-09	0.00418805
4.61545e-09	0.00418921
4.61557e-09	0.00419035
4.61569e-09	0.00419147
4.61581e-09	0.00419257
4.61594e-09	0.00419366
4.61606e-09	0.00419472
4.61618e-09	0.00419577
4.6163e-09	0.0041968
4.61642e-09	0.00419782
4.61655e-09	0.00419881
4.61667e-09	0.00419978
4.61679e-09	0.00420074
4.61691e-09	0.00420168
4.61704e-09	0.0042026
4.61716e-09	0.00420351
4.61728e-09	0.00420439
4.6174e-09	0.00420526
4.61752e-09	0.00420611
4.61765e-09	0.00420694
4.61777e-09	0.00420775
4.61789e-09	0.00420855
4.61801e-09	0.00420933
4.61814e-09	0.00421009
4.61826e-09	0.00421083
4.61838e-09	0.00421155
4.6185e-09	0.00421226
4.61863e-09	0.00421295
4.61875e-09	0.00421362
4.61887e-09	0.00421427
4.61899e-09	0.00421491
4.61911e-09	0.00421553
4.61924e-09	0.00421613
4.61936e-09	0.00421671
4.61948e-09	0.00421727
4.6196e-09	0.00421782
4.61973e-09	0.00421835
4.61985e-09	0.00421886
4.61997e-09	0.00421936
4.62009e-09	0.00421983
4.62021e-09	0.00422029
4.62034e-09	0.00422073
4.62046e-09	0.00422116
4.62058e-09	0.00422156
4.6207e-09	0.00422195
4.62083e-09	0.00422233
4.62095e-09	0.00422268
4.62107e-09	0.00422302
4.62119e-09	0.00422334
4.62131e-09	0.00422364
4.62144e-09	0.00422392
4.62156e-09	0.00422419
4.62168e-09	0.00422444
4.6218e-09	0.00422468
4.62193e-09	0.00422489
4.62205e-09	0.00422509
4.62217e-09	0.00422527
4.62229e-09	0.00422544
4.62241e-09	0.00422558
4.62254e-09	0.00422572
4.62266e-09	0.00422583
4.62278e-09	0.00422592
4.6229e-09	0.004226
4.62303e-09	0.00422607
4.62315e-09	0.00422611
4.62327e-09	0.00422614
4.62339e-09	0.00422615
4.62351e-09	0.00422614
4.62364e-09	0.00422612
4.62376e-09	0.00422608
4.62388e-09	0.00422602
4.624e-09	0.00422595
4.62413e-09	0.00422586
4.62425e-09	0.00422575
4.62437e-09	0.00422563
4.62449e-09	0.00422549
4.62461e-09	0.00422533
4.62474e-09	0.00422516
4.62486e-09	0.00422497
4.62498e-09	0.00422476
4.6251e-09	0.00422453
4.62523e-09	0.00422429
4.62535e-09	0.00422404
4.62547e-09	0.00422376
4.62559e-09	0.00422347
4.62571e-09	0.00422316
4.62584e-09	0.00422284
4.62596e-09	0.0042225
4.62608e-09	0.00422214
4.6262e-09	0.00422177
4.62633e-09	0.00422138
4.62645e-09	0.00422097
4.62657e-09	0.00422055
4.62669e-09	0.00422011
4.62681e-09	0.00421966
4.62694e-09	0.00421919
4.62706e-09	0.0042187
4.62718e-09	0.0042182
4.6273e-09	0.00421767
4.62743e-09	0.00421714
4.62755e-09	0.00421659
4.62767e-09	0.00421602
4.62779e-09	0.00421543
4.62791e-09	0.00421483
4.62804e-09	0.00421421
4.62816e-09	0.00421358
4.62828e-09	0.00421293
4.6284e-09	0.00421227
4.62853e-09	0.00421158
4.62865e-09	0.00421089
4.62877e-09	0.00421017
4.62889e-09	0.00420944
4.62902e-09	0.0042087
4.62914e-09	0.00420794
4.62926e-09	0.00420716
4.62938e-09	0.00420637
4.6295e-09	0.00420556
4.62963e-09	0.00420474
4.62975e-09	0.0042039
4.62987e-09	0.00420304
4.62999e-09	0.00420217
4.63012e-09	0.00420128
4.63024e-09	0.00420038
4.63036e-09	0.00419946
4.63048e-09	0.00419852
4.6306e-09	0.00419757
4.63073e-09	0.00419661
4.63085e-09	0.00419563
4.63097e-09	0.00419463
4.63109e-09	0.00419362
4.63122e-09	0.00419259
4.63134e-09	0.00419155
4.63146e-09	0.00419049
4.63158e-09	0.00418941
4.6317e-09	0.00418833
4.63183e-09	0.00418722
4.63195e-09	0.0041861
4.63207e-09	0.00418497
4.63219e-09	0.00418381
4.63232e-09	0.00418265
4.63244e-09	0.00418147
4.63256e-09	0.00418027
4.63268e-09	0.00417906
4.6328e-09	0.00417783
4.63293e-09	0.00417659
4.63305e-09	0.00417533
4.63317e-09	0.00417406
4.63329e-09	0.00417277
4.63342e-09	0.00417147
4.63354e-09	0.00417016
4.63366e-09	0.00416882
4.63378e-09	0.00416748
4.6339e-09	0.00416611
4.63403e-09	0.00416474
4.63415e-09	0.00416334
4.63427e-09	0.00416194
4.63439e-09	0.00416052
4.63452e-09	0.00415908
4.63464e-09	0.00415763
4.63476e-09	0.00415616
4.63488e-09	0.00415468
4.635e-09	0.00415319
4.63513e-09	0.00415168
4.63525e-09	0.00415015
4.63537e-09	0.00414861
4.63549e-09	0.00414706
4.63562e-09	0.00414549
4.63574e-09	0.00414391
4.63586e-09	0.00414231
4.63598e-09	0.0041407
4.6361e-09	0.00413907
4.63623e-09	0.00413743
4.63635e-09	0.00413577
4.63647e-09	0.0041341
4.63659e-09	0.00413242
4.63672e-09	0.00413072
4.63684e-09	0.00412901
4.63696e-09	0.00412728
4.63708e-09	0.00412554
4.6372e-09	0.00412378
4.63733e-09	0.00412201
4.63745e-09	0.00412023
4.63757e-09	0.00411843
4.63769e-09	0.00411661
4.63782e-09	0.00411479
4.63794e-09	0.00411295
4.63806e-09	0.00411109
4.63818e-09	0.00410922
4.63831e-09	0.00410734
4.63843e-09	0.00410544
4.63855e-09	0.00410353
4.63867e-09	0.0041016
4.63879e-09	0.00409967
4.63892e-09	0.00409771
4.63904e-09	0.00409575
4.63916e-09	0.00409376
4.63928e-09	0.00409177
4.63941e-09	0.00408976
4.63953e-09	0.00408774
4.63965e-09	0.0040857
4.63977e-09	0.00408365
4.63989e-09	0.00408159
4.64002e-09	0.00407951
4.64014e-09	0.00407742
4.64026e-09	0.00407532
4.64038e-09	0.0040732
4.64051e-09	0.00407107
4.64063e-09	0.00406893
4.64075e-09	0.00406677
4.64087e-09	0.0040646
4.64099e-09	0.00406241
4.64112e-09	0.00406021
4.64124e-09	0.004058
4.64136e-09	0.00405578
4.64148e-09	0.00405354
4.64161e-09	0.00405128
4.64173e-09	0.00404902
4.64185e-09	0.00404674
4.64197e-09	0.00404445
4.64209e-09	0.00404214
4.64222e-09	0.00403983
4.64234e-09	0.00403749
4.64246e-09	0.00403515
4.64258e-09	0.00403279
4.64271e-09	0.00403042
4.64283e-09	0.00402804
4.64295e-09	0.00402564
4.64307e-09	0.00402323
4.64319e-09	0.00402081
4.64332e-09	0.00401837
4.64344e-09	0.00401592
4.64356e-09	0.00401346
4.64368e-09	0.00401099
4.64381e-09	0.0040085
4.64393e-09	0.004006
4.64405e-09	0.00400349
4.64417e-09	0.00400096
4.64429e-09	0.00399843
4.64442e-09	0.00399587
4.64454e-09	0.00399331
4.64466e-09	0.00399074
4.64478e-09	0.00398815
4.64491e-09	0.00398555
4.64503e-09	0.00398293
4.64515e-09	0.0039803
4.64527e-09	0.00397767
4.64539e-09	0.00397501
4.64552e-09	0.00397235
4.64564e-09	0.00396967
4.64576e-09	0.00396698
4.64588e-09	0.00396428
4.64601e-09	0.00396157
4.64613e-09	0.00395884
4.64625e-09	0.00395611
4.64637e-09	0.00395336
4.64649e-09	0.00395059
4.64662e-09	0.00394782
4.64674e-09	0.00394503
4.64686e-09	0.00394223
4.64698e-09	0.00393942
4.64711e-09	0.0039366
4.64723e-09	0.00393376
4.64735e-09	0.00393091
4.64747e-09	0.00392806
4.64759e-09	0.00392518
4.64772e-09	0.0039223
4.64784e-09	0.0039194
4.64796e-09	0.0039165
4.64808e-09	0.00391358
4.64821e-09	0.00391065
4.64833e-09	0.0039077
4.64845e-09	0.00390475
4.64857e-09	0.00390178
4.6487e-09	0.0038988
4.64882e-09	0.00389581
4.64894e-09	0.00389281
4.64906e-09	0.0038898
4.64918e-09	0.00388677
4.64931e-09	0.00388374
4.64943e-09	0.00388069
4.64955e-09	0.00387763
4.64967e-09	0.00387456
4.6498e-09	0.00387148
4.64992e-09	0.00386838
4.65004e-09	0.00386528
4.65016e-09	0.00386216
4.65028e-09	0.00385903
4.65041e-09	0.00385589
4.65053e-09	0.00385274
4.65065e-09	0.00384958
4.65077e-09	0.00384641
4.6509e-09	0.00384322
4.65102e-09	0.00384002
4.65114e-09	0.00383682
4.65126e-09	0.0038336
4.65138e-09	0.00383037
4.65151e-09	0.00382713
4.65163e-09	0.00382388
4.65175e-09	0.00382061
4.65187e-09	0.00381734
4.652e-09	0.00381405
4.65212e-09	0.00381076
4.65224e-09	0.00380745
4.65236e-09	0.00380413
4.65248e-09	0.00380081
4.65261e-09	0.00379747
4.65273e-09	0.00379412
4.65285e-09	0.00379076
4.65297e-09	0.00378738
4.6531e-09	0.003784
4.65322e-09	0.00378061
4.65334e-09	0.0037772
4.65346e-09	0.00377379
4.65358e-09	0.00377036
4.65371e-09	0.00376693
4.65383e-09	0.00376348
4.65395e-09	0.00376003
4.65407e-09	0.00375656
4.6542e-09	0.00375308
4.65432e-09	0.00374959
4.65444e-09	0.00374609
4.65456e-09	0.00374258
4.65468e-09	0.00373906
4.65481e-09	0.00373553
4.65493e-09	0.00373199
4.65505e-09	0.00372844
4.65517e-09	0.00372488
4.6553e-09	0.00372131
4.65542e-09	0.00371773
4.65554e-09	0.00371414
4.65566e-09	0.00371054
4.65578e-09	0.00370692
4.65591e-09	0.0037033
4.65603e-09	0.00369967
4.65615e-09	0.00369603
4.65627e-09	0.00369238
4.6564e-09	0.00368871
4.65652e-09	0.00368504
4.65664e-09	0.00368136
4.65676e-09	0.00367767
4.65688e-09	0.00367397
4.65701e-09	0.00367025
4.65713e-09	0.00366653
4.65725e-09	0.0036628
4.65737e-09	0.00365906
4.6575e-09	0.00365531
4.65762e-09	0.00365155
4.65774e-09	0.00364778
4.65786e-09	0.003644
4.65799e-09	0.00364021
4.65811e-09	0.00363641
4.65823e-09	0.0036326
4.65835e-09	0.00362879
4.65847e-09	0.00362496
4.6586e-09	0.00362112
4.65872e-09	0.00361728
4.65884e-09	0.00361342
4.65896e-09	0.00360955
4.65909e-09	0.00360568
4.65921e-09	0.0036018
4.65933e-09	0.0035979
4.65945e-09	0.003594
4.65957e-09	0.00359009
4.6597e-09	0.00358617
4.65982e-09	0.00358224
4.65994e-09	0.0035783
4.66006e-09	0.00357435
4.66019e-09	0.00357039
4.66031e-09	0.00356642
4.66043e-09	0.00356245
4.66055e-09	0.00355846
4.66067e-09	0.00355447
4.6608e-09	0.00355047
4.66092e-09	0.00354645
4.66104e-09	0.00354243
4.66116e-09	0.0035384
4.66129e-09	0.00353437
4.66141e-09	0.00353032
4.66153e-09	0.00352626
4.66165e-09	0.0035222
4.66177e-09	0.00351812
4.6619e-09	0.00351404
4.66202e-09	0.00350995
4.66214e-09	0.00350585
4.66226e-09	0.00350174
4.66239e-09	0.00349763
4.66251e-09	0.0034935
4.66263e-09	0.00348937
4.66275e-09	0.00348522
4.66287e-09	0.00348107
4.663e-09	0.00347691
4.66312e-09	0.00347274
4.66324e-09	0.00346857
4.66336e-09	0.00346438
4.66349e-09	0.00346019
4.66361e-09	0.00345599
4.66373e-09	0.00345178
4.66385e-09	0.00344756
4.66397e-09	0.00344333
4.6641e-09	0.0034391
4.66422e-09	0.00343486
4.66434e-09	0.00343061
4.66446e-09	0.00342635
4.66459e-09	0.00342208
4.66471e-09	0.00341781
4.66483e-09	0.00341352
4.66495e-09	0.00340923
4.66507e-09	0.00340493
4.6652e-09	0.00340063
4.66532e-09	0.00339631
4.66544e-09	0.00339199
4.66556e-09	0.00338766
4.66569e-09	0.00338332
4.66581e-09	0.00337897
4.66593e-09	0.00337462
4.66605e-09	0.00337025
4.66617e-09	0.00336589
4.6663e-09	0.00336151
4.66642e-09	0.00335712
4.66654e-09	0.00335273
4.66666e-09	0.00334833
4.66679e-09	0.00334392
4.66691e-09	0.00333951
4.66703e-09	0.00333508
4.66715e-09	0.00333065
4.66727e-09	0.00332621
4.6674e-09	0.00332177
4.66752e-09	0.00331732
4.66764e-09	0.00331285
4.66776e-09	0.00330839
4.66789e-09	0.00330391
4.66801e-09	0.00329943
4.66813e-09	0.00329494
4.66825e-09	0.00329044
4.66838e-09	0.00328594
4.6685e-09	0.00328143
4.66862e-09	0.00327691
4.66874e-09	0.00327238
4.66886e-09	0.00326785
4.66899e-09	0.00326331
4.66911e-09	0.00325876
4.66923e-09	0.00325421
4.66935e-09	0.00324965
4.66948e-09	0.00324508
4.6696e-09	0.00324051
4.66972e-09	0.00323592
4.66984e-09	0.00323133
4.66996e-09	0.00322674
4.67009e-09	0.00322214
4.67021e-09	0.00321753
4.67033e-09	0.00321291
4.67045e-09	0.00320829
4.67058e-09	0.00320366
4.6707e-09	0.00319902
4.67082e-09	0.00319438
4.67094e-09	0.00318973
4.67106e-09	0.00318507
4.67119e-09	0.00318041
4.67131e-09	0.00317574
4.67143e-09	0.00317107
4.67155e-09	0.00316638
4.67168e-09	0.00316169
4.6718e-09	0.003157
4.67192e-09	0.0031523
4.67204e-09	0.00314759
4.67216e-09	0.00314287
4.67229e-09	0.00313815
4.67241e-09	0.00313343
4.67253e-09	0.00312869
4.67265e-09	0.00312395
4.67278e-09	0.00311921
4.6729e-09	0.00311446
4.67302e-09	0.0031097
4.67314e-09	0.00310493
4.67326e-09	0.00310016
4.67339e-09	0.00309539
4.67351e-09	0.0030906
4.67363e-09	0.00308581
4.67375e-09	0.00308102
4.67388e-09	0.00307622
4.674e-09	0.00307141
4.67412e-09	0.0030666
4.67424e-09	0.00306178
4.67436e-09	0.00305696
4.67449e-09	0.00305213
4.67461e-09	0.00304729
4.67473e-09	0.00304245
4.67485e-09	0.0030376
4.67498e-09	0.00303275
4.6751e-09	0.00302789
4.67522e-09	0.00302303
4.67534e-09	0.00301815
4.67546e-09	0.00301328
4.67559e-09	0.0030084
4.67571e-09	0.00300351
4.67583e-09	0.00299862
4.67595e-09	0.00299372
4.67608e-09	0.00298882
4.6762e-09	0.00298391
4.67632e-09	0.00297899
4.67644e-09	0.00297407
4.67656e-09	0.00296915
4.67669e-09	0.00296422
4.67681e-09	0.00295928
4.67693e-09	0.00295434
4.67705e-09	0.00294939
4.67718e-09	0.00294444
4.6773e-09	0.00293948
4.67742e-09	0.00293452
4.67754e-09	0.00292956
4.67767e-09	0.00292458
4.67779e-09	0.00291961
4.67791e-09	0.00291462
4.67803e-09	0.00290964
4.67815e-09	0.00290464
4.67828e-09	0.00289965
4.6784e-09	0.00289464
4.67852e-09	0.00288964
4.67864e-09	0.00288462
4.67877e-09	0.00287961
4.67889e-09	0.00287458
4.67901e-09	0.00286956
4.67913e-09	0.00286452
4.67925e-09	0.00285949
4.67938e-09	0.00285445
4.6795e-09	0.0028494
4.67962e-09	0.00284435
4.67974e-09	0.00283929
4.67987e-09	0.00283423
4.67999e-09	0.00282917
4.68011e-09	0.0028241
4.68023e-09	0.00281903
4.68035e-09	0.00281395
4.68048e-09	0.00280886
4.6806e-09	0.00280378
4.68072e-09	0.00279869
4.68084e-09	0.00279359
4.68097e-09	0.00278849
4.68109e-09	0.00278338
4.68121e-09	0.00277827
4.68133e-09	0.00277316
4.68145e-09	0.00276804
4.68158e-09	0.00276292
4.6817e-09	0.00275779
4.68182e-09	0.00275266
4.68194e-09	0.00274753
4.68207e-09	0.00274239
4.68219e-09	0.00273725
4.68231e-09	0.0027321
4.68243e-09	0.00272695
4.68255e-09	0.00272179
4.68268e-09	0.00271663
4.6828e-09	0.00271147
4.68292e-09	0.0027063
4.68304e-09	0.00270113
4.68317e-09	0.00269595
4.68329e-09	0.00269078
4.68341e-09	0.00268559
4.68353e-09	0.00268041
4.68365e-09	0.00267521
4.68378e-09	0.00267002
4.6839e-09	0.00266482
4.68402e-09	0.00265962
4.68414e-09	0.00265441
4.68427e-09	0.0026492
4.68439e-09	0.00264399
4.68451e-09	0.00263877
4.68463e-09	0.00263355
4.68475e-09	0.00262833
4.68488e-09	0.0026231
4.685e-09	0.00261787
4.68512e-09	0.00261264
4.68524e-09	0.0026074
4.68537e-09	0.00260216
4.68549e-09	0.00259691
4.68561e-09	0.00259167
4.68573e-09	0.00258641
4.68585e-09	0.00258116
4.68598e-09	0.0025759
4.6861e-09	0.00257064
4.68622e-09	0.00256537
4.68634e-09	0.00256011
4.68647e-09	0.00255483
4.68659e-09	0.00254956
4.68671e-09	0.00254428
4.68683e-09	0.002539
4.68695e-09	0.00253372
4.68708e-09	0.00252843
4.6872e-09	0.00252314
4.68732e-09	0.00251785
4.68744e-09	0.00251255
4.68757e-09	0.00250725
4.68769e-09	0.00250195
4.68781e-09	0.00249665
4.68793e-09	0.00249134
4.68806e-09	0.00248603
4.68818e-09	0.00248071
4.6883e-09	0.0024754
4.68842e-09	0.00247008
4.68854e-09	0.00246476
4.68867e-09	0.00245943
4.68879e-09	0.0024541
4.68891e-09	0.00244877
4.68903e-09	0.00244344
4.68916e-09	0.0024381
4.68928e-09	0.00243277
4.6894e-09	0.00242743
4.68952e-09	0.00242208
4.68964e-09	0.00241674
4.68977e-09	0.00241139
4.68989e-09	0.00240604
4.69001e-09	0.00240068
4.69013e-09	0.00239533
4.69026e-09	0.00238997
4.69038e-09	0.00238461
4.6905e-09	0.00237925
4.69062e-09	0.00237388
4.69074e-09	0.00236851
4.69087e-09	0.00236314
4.69099e-09	0.00235777
4.69111e-09	0.0023524
4.69123e-09	0.00234702
4.69136e-09	0.00234164
4.69148e-09	0.00233626
4.6916e-09	0.00233088
4.69172e-09	0.00232549
4.69184e-09	0.0023201
4.69197e-09	0.00231471
4.69209e-09	0.00230932
4.69221e-09	0.00230393
4.69233e-09	0.00229853
4.69246e-09	0.00229314
4.69258e-09	0.00228774
4.6927e-09	0.00228233
4.69282e-09	0.00227693
4.69294e-09	0.00227153
4.69307e-09	0.00226612
4.69319e-09	0.00226071
4.69331e-09	0.0022553
4.69343e-09	0.00224989
4.69356e-09	0.00224447
4.69368e-09	0.00223906
4.6938e-09	0.00223364
4.69392e-09	0.00222822
4.69404e-09	0.0022228
4.69417e-09	0.00221738
4.69429e-09	0.00221195
4.69441e-09	0.00220653
4.69453e-09	0.0022011
4.69466e-09	0.00219567
4.69478e-09	0.00219024
4.6949e-09	0.00218481
4.69502e-09	0.00217937
4.69514e-09	0.00217394
4.69527e-09	0.0021685
4.69539e-09	0.00216307
4.69551e-09	0.00215763
4.69563e-09	0.00215219
4.69576e-09	0.00214674
4.69588e-09	0.0021413
4.696e-09	0.00213586
4.69612e-09	0.00213041
4.69624e-09	0.00212497
4.69637e-09	0.00211952
4.69649e-09	0.00211407
4.69661e-09	0.00210862
4.69673e-09	0.00210317
4.69686e-09	0.00209772
4.69698e-09	0.00209226
4.6971e-09	0.00208681
4.69722e-09	0.00208135
4.69735e-09	0.0020759
4.69747e-09	0.00207044
4.69759e-09	0.00206498
4.69771e-09	0.00205952
4.69783e-09	0.00205406
4.69796e-09	0.0020486
4.69808e-09	0.00204314
4.6982e-09	0.00203767
4.69832e-09	0.00203221
4.69845e-09	0.00202675
4.69857e-09	0.00202128
4.69869e-09	0.00201581
4.69881e-09	0.00201035
4.69893e-09	0.00200488
4.69906e-09	0.00199941
4.69918e-09	0.00199394
4.6993e-09	0.00198847
4.69942e-09	0.001983
4.69955e-09	0.00197753
4.69967e-09	0.00197206
4.69979e-09	0.00196659
4.69991e-09	0.00196112
4.70003e-09	0.00195565
4.70016e-09	0.00195017
4.70028e-09	0.0019447
4.7004e-09	0.00193923
4.70052e-09	0.00193375
4.70065e-09	0.00192828
4.70077e-09	0.0019228
4.70089e-09	0.00191733
4.70101e-09	0.00191185
4.70113e-09	0.00190637
4.70126e-09	0.0019009
4.70138e-09	0.00189542
4.7015e-09	0.00188995
4.70162e-09	0.00188447
4.70175e-09	0.00187899
4.70187e-09	0.00187351
4.70199e-09	0.00186804
4.70211e-09	0.00186256
4.70223e-09	0.00185708
4.70236e-09	0.0018516
4.70248e-09	0.00184613
4.7026e-09	0.00184065
4.70272e-09	0.00183517
4.70285e-09	0.00182969
4.70297e-09	0.00182422
4.70309e-09	0.00181874
4.70321e-09	0.00181326
4.70333e-09	0.00180779
4.70346e-09	0.00180231
4.70358e-09	0.00179683
4.7037e-09	0.00179135
4.70382e-09	0.00178588
4.70395e-09	0.0017804
4.70407e-09	0.00177493
4.70419e-09	0.00176945
4.70431e-09	0.00176398
4.70443e-09	0.0017585
4.70456e-09	0.00175303
4.70468e-09	0.00174755
4.7048e-09	0.00174208
4.70492e-09	0.0017366
4.70505e-09	0.00173113
4.70517e-09	0.00172566
4.70529e-09	0.00172019
4.70541e-09	0.00171471
4.70553e-09	0.00170924
4.70566e-09	0.00170377
4.70578e-09	0.0016983
4.7059e-09	0.00169283
4.70602e-09	0.00168736
4.70615e-09	0.0016819
4.70627e-09	0.00167643
4.70639e-09	0.00167096
4.70651e-09	0.0016655
4.70663e-09	0.00166003
4.70676e-09	0.00165457
4.70688e-09	0.0016491
4.707e-09	0.00164364
4.70712e-09	0.00163818
4.70725e-09	0.00163271
4.70737e-09	0.00162725
4.70749e-09	0.00162179
4.70761e-09	0.00161634
4.70774e-09	0.00161088
4.70786e-09	0.00160542
4.70798e-09	0.00159996
4.7081e-09	0.00159451
4.70822e-09	0.00158906
4.70835e-09	0.0015836
4.70847e-09	0.00157815
4.70859e-09	0.0015727
4.70871e-09	0.00156725
4.70884e-09	0.0015618
4.70896e-09	0.00155635
4.70908e-09	0.00155091
4.7092e-09	0.00154546
4.70932e-09	0.00154002
4.70945e-09	0.00153457
4.70957e-09	0.00152913
4.70969e-09	0.00152369
4.70981e-09	0.00151825
4.70994e-09	0.00151281
4.71006e-09	0.00150738
4.71018e-09	0.00150194
4.7103e-09	0.00149651
4.71042e-09	0.00149107
4.71055e-09	0.00148564
4.71067e-09	0.00148021
4.71079e-09	0.00147478
4.71091e-09	0.00146936
4.71104e-09	0.00146393
4.71116e-09	0.00145851
4.71128e-09	0.00145308
4.7114e-09	0.00144766
4.71152e-09	0.00144224
4.71165e-09	0.00143683
4.71177e-09	0.00143141
4.71189e-09	0.001426
4.71201e-09	0.00142058
4.71214e-09	0.00141517
4.71226e-09	0.00140976
4.71238e-09	0.00140435
4.7125e-09	0.00139895
4.71262e-09	0.00139354
4.71275e-09	0.00138814
4.71287e-09	0.00138274
4.71299e-09	0.00137734
4.71311e-09	0.00137194
4.71324e-09	0.00136655
4.71336e-09	0.00136115
4.71348e-09	0.00135576
4.7136e-09	0.00135037
4.71372e-09	0.00134498
4.71385e-09	0.0013396
4.71397e-09	0.00133421
4.71409e-09	0.00132883
4.71421e-09	0.00132345
4.71434e-09	0.00131807
4.71446e-09	0.00131269
4.71458e-09	0.00130732
4.7147e-09	0.00130195
4.71482e-09	0.00129658
4.71495e-09	0.00129121
4.71507e-09	0.00128584
4.71519e-09	0.00128048
4.71531e-09	0.00127512
4.71544e-09	0.00126976
4.71556e-09	0.0012644
4.71568e-09	0.00125905
4.7158e-09	0.00125369
4.71592e-09	0.00124834
4.71605e-09	0.00124299
4.71617e-09	0.00123765
4.71629e-09	0.0012323
4.71641e-09	0.00122696
4.71654e-09	0.00122162
4.71666e-09	0.00121629
4.71678e-09	0.00121095
4.7169e-09	0.00120562
4.71703e-09	0.00120029
4.71715e-09	0.00119497
4.71727e-09	0.00118964
4.71739e-09	0.00118432
4.71751e-09	0.001179
4.71764e-09	0.00117368
4.71776e-09	0.00116837
4.71788e-09	0.00116306
4.718e-09	0.00115775
4.71813e-09	0.00115244
4.71825e-09	0.00114714
4.71837e-09	0.00114183
4.71849e-09	0.00113654
4.71861e-09	0.00113124
4.71874e-09	0.00112595
4.71886e-09	0.00112066
4.71898e-09	0.00111537
4.7191e-09	0.00111008
4.71923e-09	0.0011048
4.71935e-09	0.00109952
4.71947e-09	0.00109424
4.71959e-09	0.00108897
4.71971e-09	0.0010837
4.71984e-09	0.00107843
4.71996e-09	0.00107316
4.72008e-09	0.0010679
4.7202e-09	0.00106264
4.72033e-09	0.00105738
4.72045e-09	0.00105213
4.72057e-09	0.00104688
4.72069e-09	0.00104163
4.72081e-09	0.00103638
4.72094e-09	0.00103114
4.72106e-09	0.0010259
4.72118e-09	0.00102067
4.7213e-09	0.00101543
4.72143e-09	0.0010102
4.72155e-09	0.00100498
4.72167e-09	0.000999752
4.72179e-09	0.000994532
4.72191e-09	0.000989314
4.72204e-09	0.0009841
4.72216e-09	0.000978888
4.72228e-09	0.00097368
4.7224e-09	0.000968475
4.72253e-09	0.000963274
4.72265e-09	0.000958075
4.72277e-09	0.00095288
4.72289e-09	0.000947688
4.72301e-09	0.0009425
4.72314e-09	0.000937315
4.72326e-09	0.000932133
4.72338e-09	0.000926954
4.7235e-09	0.000921779
4.72363e-09	0.000916607
4.72375e-09	0.000911439
4.72387e-09	0.000906274
4.72399e-09	0.000901112
4.72411e-09	0.000895954
4.72424e-09	0.000890799
4.72436e-09	0.000885648
4.72448e-09	0.0008805
4.7246e-09	0.000875356
4.72473e-09	0.000870215
4.72485e-09	0.000865078
4.72497e-09	0.000859945
4.72509e-09	0.000854815
4.72521e-09	0.000849688
4.72534e-09	0.000844565
4.72546e-09	0.000839446
4.72558e-09	0.000834331
4.7257e-09	0.000829219
4.72583e-09	0.000824111
4.72595e-09	0.000819006
4.72607e-09	0.000813905
4.72619e-09	0.000808808
4.72631e-09	0.000803715
4.72644e-09	0.000798625
4.72656e-09	0.000793539
4.72668e-09	0.000788457
4.7268e-09	0.000783379
4.72693e-09	0.000778304
4.72705e-09	0.000773234
4.72717e-09	0.000768167
4.72729e-09	0.000763104
4.72742e-09	0.000758045
4.72754e-09	0.00075299
4.72766e-09	0.000747938
4.72778e-09	0.000742891
4.7279e-09	0.000737848
4.72803e-09	0.000732808
4.72815e-09	0.000727773
4.72827e-09	0.000722741
4.72839e-09	0.000717714
4.72852e-09	0.00071269
4.72864e-09	0.000707671
4.72876e-09	0.000702656
4.72888e-09	0.000697644
4.729e-09	0.000692637
4.72913e-09	0.000687634
4.72925e-09	0.000682635
4.72937e-09	0.00067764
4.72949e-09	0.000672649
4.72962e-09	0.000667662
4.72974e-09	0.00066268
4.72986e-09	0.000657701
4.72998e-09	0.000652727
4.7301e-09	0.000647757
4.73023e-09	0.000642792
4.73035e-09	0.00063783
4.73047e-09	0.000632873
4.73059e-09	0.00062792
4.73072e-09	0.000622972
4.73084e-09	0.000618027
4.73096e-09	0.000613087
4.73108e-09	0.000608151
4.7312e-09	0.00060322
4.73133e-09	0.000598293
4.73145e-09	0.00059337
4.73157e-09	0.000588452
4.73169e-09	0.000583538
4.73182e-09	0.000578629
4.73194e-09	0.000573724
4.73206e-09	0.000568823
4.73218e-09	0.000563927
4.7323e-09	0.000559035
4.73243e-09	0.000554148
4.73255e-09	0.000549266
4.73267e-09	0.000544387
4.73279e-09	0.000539514
4.73292e-09	0.000534645
4.73304e-09	0.00052978
4.73316e-09	0.00052492
4.73328e-09	0.000520065
4.7334e-09	0.000515214
4.73353e-09	0.000510368
4.73365e-09	0.000505526
4.73377e-09	0.000500689
4.73389e-09	0.000495857
4.73402e-09	0.000491029
4.73414e-09	0.000486206
4.73426e-09	0.000481388
4.73438e-09	0.000476574
4.7345e-09	0.000471765
4.73463e-09	0.000466961
4.73475e-09	0.000462162
4.73487e-09	0.000457367
4.73499e-09	0.000452577
4.73512e-09	0.000447792
4.73524e-09	0.000443012
4.73536e-09	0.000438236
4.73548e-09	0.000433466
4.7356e-09	0.0004287
4.73573e-09	0.000423939
4.73585e-09	0.000419183
4.73597e-09	0.000414431
4.73609e-09	0.000409685
4.73622e-09	0.000404944
4.73634e-09	0.000400207
4.73646e-09	0.000395475
4.73658e-09	0.000390749
4.73671e-09	0.000386027
4.73683e-09	0.00038131
4.73695e-09	0.000376598
4.73707e-09	0.000371891
4.73719e-09	0.00036719
4.73732e-09	0.000362493
4.73744e-09	0.000357801
4.73756e-09	0.000353114
4.73768e-09	0.000348433
4.73781e-09	0.000343756
4.73793e-09	0.000339084
4.73805e-09	0.000334418
4.73817e-09	0.000329756
4.73829e-09	0.0003251
4.73842e-09	0.000320449
4.73854e-09	0.000315803
4.73866e-09	0.000311162
4.73878e-09	0.000306526
4.73891e-09	0.000301896
4.73903e-09	0.000297271
4.73915e-09	0.00029265
4.73927e-09	0.000288035
4.73939e-09	0.000283426
4.73952e-09	0.000278821
4.73964e-09	0.000274222
4.73976e-09	0.000269628
4.73988e-09	0.000265039
4.74001e-09	0.000260456
4.74013e-09	0.000255878
4.74025e-09	0.000251305
4.74037e-09	0.000246737
4.74049e-09	0.000242175
4.74062e-09	0.000237618
4.74074e-09	0.000233066
4.74086e-09	0.00022852
4.74098e-09	0.000223979
4.74111e-09	0.000219444
4.74123e-09	0.000214914
4.74135e-09	0.000210389
4.74147e-09	0.00020587
4.74159e-09	0.000201356
4.74172e-09	0.000196848
4.74184e-09	0.000192345
4.74196e-09	0.000187847
4.74208e-09	0.000183355
4.74221e-09	0.000178869
4.74233e-09	0.000174388
4.74245e-09	0.000169912
4.74257e-09	0.000165442
4.74269e-09	0.000160978
4.74282e-09	0.000156519
4.74294e-09	0.000152066
4.74306e-09	0.000147618
4.74318e-09	0.000143176
4.74331e-09	0.000138739
4.74343e-09	0.000134308
4.74355e-09	0.000129882
4.74367e-09	0.000125462
4.74379e-09	0.000121048
4.74392e-09	0.000116639
4.74404e-09	0.000112237
4.74416e-09	0.000107839
4.74428e-09	0.000103447
4.74441e-09	9.90615e-05
4.74453e-09	9.46812e-05
4.74465e-09	9.03066e-05
4.74477e-09	8.59376e-05
4.74489e-09	8.15744e-05
4.74502e-09	7.72169e-05
4.74514e-09	7.28652e-05
4.74526e-09	6.85192e-05
4.74538e-09	6.41789e-05
4.74551e-09	5.98444e-05
4.74563e-09	5.55157e-05
4.74575e-09	5.11928e-05
4.74587e-09	4.68757e-05
4.74599e-09	4.25643e-05
4.74612e-09	3.82588e-05
4.74624e-09	3.39591e-05
4.74636e-09	2.96653e-05
4.74648e-09	2.53773e-05
4.74661e-09	2.10951e-05
4.74673e-09	1.68188e-05
4.74685e-09	1.25484e-05
4.74697e-09	8.2838e-06
4.7471e-09	4.02514e-06
4.74722e-09	-2.27623e-07
4.74734e-09	-4.47448e-06
4.74746e-09	-8.71541e-06
4.74758e-09	-1.29504e-05
4.74771e-09	-1.71795e-05
4.74783e-09	-2.14026e-05
4.74795e-09	-2.56198e-05
4.74807e-09	-2.9831e-05
4.7482e-09	-3.40362e-05
4.74832e-09	-3.82354e-05
4.74844e-09	-4.24287e-05
4.74856e-09	-4.66159e-05
4.74868e-09	-5.07972e-05
4.74881e-09	-5.49724e-05
4.74893e-09	-5.91416e-05
4.74905e-09	-6.33048e-05
4.74917e-09	-6.74619e-05
4.7493e-09	-7.16129e-05
4.74942e-09	-7.57579e-05
4.74954e-09	-7.98968e-05
4.74966e-09	-8.40297e-05
4.74978e-09	-8.81564e-05
4.74991e-09	-9.22771e-05
4.75003e-09	-9.63916e-05
4.75015e-09	-0.0001005
4.75027e-09	-0.000104602
4.7504e-09	-0.000108699
4.75052e-09	-0.000112789
4.75064e-09	-0.000116872
4.75076e-09	-0.00012095
4.75088e-09	-0.000125022
4.75101e-09	-0.000129087
4.75113e-09	-0.000133146
4.75125e-09	-0.000137199
4.75137e-09	-0.000141246
4.7515e-09	-0.000145287
4.75162e-09	-0.000149321
4.75174e-09	-0.000153349
4.75186e-09	-0.000157371
4.75198e-09	-0.000161387
4.75211e-09	-0.000165396
4.75223e-09	-0.0001694
4.75235e-09	-0.000173397
4.75247e-09	-0.000177387
4.7526e-09	-0.000181372
4.75272e-09	-0.00018535
4.75284e-09	-0.000189321
4.75296e-09	-0.000193287
4.75308e-09	-0.000197246
4.75321e-09	-0.000201199
4.75333e-09	-0.000205146
4.75345e-09	-0.000209086
4.75357e-09	-0.00021302
4.7537e-09	-0.000216947
4.75382e-09	-0.000220868
4.75394e-09	-0.000224783
4.75406e-09	-0.000228692
4.75418e-09	-0.000232594
4.75431e-09	-0.000236489
4.75443e-09	-0.000240379
4.75455e-09	-0.000244262
4.75467e-09	-0.000248138
4.7548e-09	-0.000252008
4.75492e-09	-0.000255872
4.75504e-09	-0.000259729
4.75516e-09	-0.00026358
4.75528e-09	-0.000267424
4.75541e-09	-0.000271262
4.75553e-09	-0.000275094
4.75565e-09	-0.000278919
4.75577e-09	-0.000282737
4.7559e-09	-0.000286549
4.75602e-09	-0.000290355
4.75614e-09	-0.000294154
4.75626e-09	-0.000297946
4.75639e-09	-0.000301732
4.75651e-09	-0.000305512
4.75663e-09	-0.000309285
4.75675e-09	-0.000313052
4.75687e-09	-0.000316812
4.757e-09	-0.000320565
4.75712e-09	-0.000324312
4.75724e-09	-0.000328052
4.75736e-09	-0.000331786
4.75749e-09	-0.000335513
4.75761e-09	-0.000339234
4.75773e-09	-0.000342948
4.75785e-09	-0.000346656
4.75797e-09	-0.000350357
4.7581e-09	-0.000354051
4.75822e-09	-0.000357739
4.75834e-09	-0.00036142
4.75846e-09	-0.000365095
4.75859e-09	-0.000368762
4.75871e-09	-0.000372424
4.75883e-09	-0.000376078
4.75895e-09	-0.000379727
4.75907e-09	-0.000383368
4.7592e-09	-0.000387003
4.75932e-09	-0.000390631
4.75944e-09	-0.000394252
4.75956e-09	-0.000397867
4.75969e-09	-0.000401475
4.75981e-09	-0.000405077
4.75993e-09	-0.000408671
4.76005e-09	-0.00041226
4.76017e-09	-0.000415841
4.7603e-09	-0.000419416
4.76042e-09	-0.000422984
4.76054e-09	-0.000426545
4.76066e-09	-0.000430099
4.76079e-09	-0.000433647
4.76091e-09	-0.000437188
4.76103e-09	-0.000440723
4.76115e-09	-0.000444251
4.76127e-09	-0.000447771
4.7614e-09	-0.000451286
4.76152e-09	-0.000454793
4.76164e-09	-0.000458294
4.76176e-09	-0.000461788
4.76189e-09	-0.000465275
4.76201e-09	-0.000468755
4.76213e-09	-0.000472229
4.76225e-09	-0.000475696
4.76237e-09	-0.000479156
4.7625e-09	-0.000482609
4.76262e-09	-0.000486055
4.76274e-09	-0.000489495
4.76286e-09	-0.000492928
4.76299e-09	-0.000496354
4.76311e-09	-0.000499773
4.76323e-09	-0.000503186
4.76335e-09	-0.000506591
4.76347e-09	-0.00050999
4.7636e-09	-0.000513382
4.76372e-09	-0.000516767
4.76384e-09	-0.000520145
4.76396e-09	-0.000523517
4.76409e-09	-0.000526881
4.76421e-09	-0.000530239
4.76433e-09	-0.00053359
4.76445e-09	-0.000536934
4.76457e-09	-0.000540271
4.7647e-09	-0.000543601
4.76482e-09	-0.000546924
4.76494e-09	-0.000550241
4.76506e-09	-0.00055355
4.76519e-09	-0.000556853
4.76531e-09	-0.000560149
4.76543e-09	-0.000563438
4.76555e-09	-0.00056672
4.76567e-09	-0.000569995
4.7658e-09	-0.000573263
4.76592e-09	-0.000576525
4.76604e-09	-0.000579779
4.76616e-09	-0.000583026
4.76629e-09	-0.000586267
4.76641e-09	-0.0005895
4.76653e-09	-0.000592727
4.76665e-09	-0.000595947
4.76678e-09	-0.00059916
4.7669e-09	-0.000602366
4.76702e-09	-0.000605564
4.76714e-09	-0.000608756
4.76726e-09	-0.000611941
4.76739e-09	-0.000615119
4.76751e-09	-0.000618291
4.76763e-09	-0.000621455
4.76775e-09	-0.000624612
4.76788e-09	-0.000627762
4.768e-09	-0.000630905
4.76812e-09	-0.000634041
4.76824e-09	-0.000637171
4.76836e-09	-0.000640293
4.76849e-09	-0.000643408
4.76861e-09	-0.000646517
4.76873e-09	-0.000649618
4.76885e-09	-0.000652712
4.76898e-09	-0.0006558
4.7691e-09	-0.00065888
4.76922e-09	-0.000661953
4.76934e-09	-0.000665019
4.76946e-09	-0.000668079
4.76959e-09	-0.000671131
4.76971e-09	-0.000674176
4.76983e-09	-0.000677214
4.76995e-09	-0.000680246
4.77008e-09	-0.00068327
4.7702e-09	-0.000686287
4.77032e-09	-0.000689297
4.77044e-09	-0.0006923
4.77056e-09	-0.000695296
4.77069e-09	-0.000698285
4.77081e-09	-0.000701267
4.77093e-09	-0.000704242
4.77105e-09	-0.00070721
4.77118e-09	-0.000710171
4.7713e-09	-0.000713125
4.77142e-09	-0.000716071
4.77154e-09	-0.000719011
4.77166e-09	-0.000721944
4.77179e-09	-0.000724869
4.77191e-09	-0.000727788
4.77203e-09	-0.000730699
4.77215e-09	-0.000733604
4.77228e-09	-0.000736501
4.7724e-09	-0.000739391
4.77252e-09	-0.000742274
4.77264e-09	-0.00074515
4.77276e-09	-0.000748019
4.77289e-09	-0.000750881
4.77301e-09	-0.000753736
4.77313e-09	-0.000756584
4.77325e-09	-0.000759425
4.77338e-09	-0.000762258
4.7735e-09	-0.000765085
4.77362e-09	-0.000767904
4.77374e-09	-0.000770716
4.77386e-09	-0.000773522
4.77399e-09	-0.00077632
4.77411e-09	-0.000779111
4.77423e-09	-0.000781895
4.77435e-09	-0.000784671
4.77448e-09	-0.000787441
4.7746e-09	-0.000790204
4.77472e-09	-0.000792959
4.77484e-09	-0.000795708
4.77496e-09	-0.000798449
4.77509e-09	-0.000801183
4.77521e-09	-0.00080391
4.77533e-09	-0.00080663
4.77545e-09	-0.000809343
4.77558e-09	-0.000812049
4.7757e-09	-0.000814747
4.77582e-09	-0.000817439
4.77594e-09	-0.000820123
4.77606e-09	-0.000822801
4.77619e-09	-0.000825471
4.77631e-09	-0.000828134
4.77643e-09	-0.00083079
4.77655e-09	-0.000833438
4.77668e-09	-0.00083608
4.7768e-09	-0.000838714
4.77692e-09	-0.000841342
4.77704e-09	-0.000843962
4.77717e-09	-0.000846575
4.77729e-09	-0.000849181
4.77741e-09	-0.00085178
4.77753e-09	-0.000854372
4.77765e-09	-0.000856956
4.77778e-09	-0.000859534
4.7779e-09	-0.000862104
4.77802e-09	-0.000864667
4.77814e-09	-0.000867223
4.77827e-09	-0.000869772
4.77839e-09	-0.000872314
4.77851e-09	-0.000874849
4.77863e-09	-0.000877376
4.77875e-09	-0.000879897
4.77888e-09	-0.00088241
4.779e-09	-0.000884916
4.77912e-09	-0.000887415
4.77924e-09	-0.000889907
4.77937e-09	-0.000892391
4.77949e-09	-0.000894869
4.77961e-09	-0.000897339
4.77973e-09	-0.000899803
4.77985e-09	-0.000902259
4.77998e-09	-0.000904708
4.7801e-09	-0.00090715
4.78022e-09	-0.000909584
4.78034e-09	-0.000912012
4.78047e-09	-0.000914432
4.78059e-09	-0.000916846
4.78071e-09	-0.000919252
4.78083e-09	-0.000921651
4.78095e-09	-0.000924042
4.78108e-09	-0.000926427
4.7812e-09	-0.000928805
4.78132e-09	-0.000931175
4.78144e-09	-0.000933538
4.78157e-09	-0.000935895
4.78169e-09	-0.000938244
4.78181e-09	-0.000940585
4.78193e-09	-0.00094292
4.78205e-09	-0.000945248
4.78218e-09	-0.000947568
4.7823e-09	-0.000949881
4.78242e-09	-0.000952188
4.78254e-09	-0.000954487
4.78267e-09	-0.000956778
4.78279e-09	-0.000959063
4.78291e-09	-0.000961341
4.78303e-09	-0.000963611
4.78315e-09	-0.000965875
4.78328e-09	-0.000968131
4.7834e-09	-0.00097038
4.78352e-09	-0.000972622
4.78364e-09	-0.000974857
4.78377e-09	-0.000977084
4.78389e-09	-0.000979305
4.78401e-09	-0.000981518
4.78413e-09	-0.000983724
4.78425e-09	-0.000985924
4.78438e-09	-0.000988116
4.7845e-09	-0.0009903
4.78462e-09	-0.000992478
4.78474e-09	-0.000994649
4.78487e-09	-0.000996812
4.78499e-09	-0.000998969
4.78511e-09	-0.00100112
4.78523e-09	-0.00100326
4.78535e-09	-0.0010054
4.78548e-09	-0.00100752
4.7856e-09	-0.00100964
4.78572e-09	-0.00101176
4.78584e-09	-0.00101386
4.78597e-09	-0.00101596
4.78609e-09	-0.00101806
4.78621e-09	-0.00102014
4.78633e-09	-0.00102222
4.78646e-09	-0.00102429
4.78658e-09	-0.00102635
4.7867e-09	-0.00102841
4.78682e-09	-0.00103046
4.78694e-09	-0.0010325
4.78707e-09	-0.00103454
4.78719e-09	-0.00103657
4.78731e-09	-0.00103859
4.78743e-09	-0.0010406
4.78756e-09	-0.00104261
4.78768e-09	-0.00104461
4.7878e-09	-0.0010466
4.78792e-09	-0.00104859
4.78804e-09	-0.00105057
4.78817e-09	-0.00105254
4.78829e-09	-0.0010545
4.78841e-09	-0.00105646
4.78853e-09	-0.00105841
4.78866e-09	-0.00106035
4.78878e-09	-0.00106229
4.7889e-09	-0.00106422
4.78902e-09	-0.00106614
4.78914e-09	-0.00106806
4.78927e-09	-0.00106996
4.78939e-09	-0.00107187
4.78951e-09	-0.00107376
4.78963e-09	-0.00107565
4.78976e-09	-0.00107753
4.78988e-09	-0.0010794
4.79e-09	-0.00108126
4.79012e-09	-0.00108312
4.79024e-09	-0.00108497
4.79037e-09	-0.00108682
4.79049e-09	-0.00108866
4.79061e-09	-0.00109049
4.79073e-09	-0.00109231
4.79086e-09	-0.00109413
4.79098e-09	-0.00109593
4.7911e-09	-0.00109774
4.79122e-09	-0.00109953
4.79134e-09	-0.00110132
4.79147e-09	-0.0011031
4.79159e-09	-0.00110487
4.79171e-09	-0.00110664
4.79183e-09	-0.0011084
4.79196e-09	-0.00111015
4.79208e-09	-0.0011119
4.7922e-09	-0.00111364
4.79232e-09	-0.00111537
4.79244e-09	-0.0011171
4.79257e-09	-0.00111881
4.79269e-09	-0.00112053
4.79281e-09	-0.00112223
4.79293e-09	-0.00112393
4.79306e-09	-0.00112562
4.79318e-09	-0.0011273
4.7933e-09	-0.00112897
4.79342e-09	-0.00113064
4.79354e-09	-0.00113231
4.79367e-09	-0.00113396
4.79379e-09	-0.00113561
4.79391e-09	-0.00113725
4.79403e-09	-0.00113888
4.79416e-09	-0.00114051
4.79428e-09	-0.00114213
4.7944e-09	-0.00114374
4.79452e-09	-0.00114535
4.79464e-09	-0.00114695
4.79477e-09	-0.00114854
4.79489e-09	-0.00115013
4.79501e-09	-0.00115171
4.79513e-09	-0.00115328
4.79526e-09	-0.00115484
4.79538e-09	-0.0011564
4.7955e-09	-0.00115795
4.79562e-09	-0.00115949
4.79574e-09	-0.00116103
4.79587e-09	-0.00116256
4.79599e-09	-0.00116408
4.79611e-09	-0.0011656
4.79623e-09	-0.00116711
4.79636e-09	-0.00116861
4.79648e-09	-0.00117011
4.7966e-09	-0.00117159
4.79672e-09	-0.00117308
4.79685e-09	-0.00117455
4.79697e-09	-0.00117602
4.79709e-09	-0.00117748
4.79721e-09	-0.00117893
4.79733e-09	-0.00118038
4.79746e-09	-0.00118182
4.79758e-09	-0.00118325
4.7977e-09	-0.00118468
4.79782e-09	-0.0011861
4.79795e-09	-0.00118751
4.79807e-09	-0.00118892
4.79819e-09	-0.00119032
4.79831e-09	-0.00119171
4.79843e-09	-0.00119309
4.79856e-09	-0.00119447
4.79868e-09	-0.00119584
4.7988e-09	-0.00119721
4.79892e-09	-0.00119857
4.79905e-09	-0.00119992
4.79917e-09	-0.00120126
4.79929e-09	-0.0012026
4.79941e-09	-0.00120393
4.79953e-09	-0.00120525
4.79966e-09	-0.00120657
4.79978e-09	-0.00120788
4.7999e-09	-0.00120918
4.80002e-09	-0.00121048
4.80015e-09	-0.00121177
4.80027e-09	-0.00121305
4.80039e-09	-0.00121433
4.80051e-09	-0.0012156
4.80063e-09	-0.00121686
4.80076e-09	-0.00121812
4.80088e-09	-0.00121937
4.801e-09	-0.00122061
4.80112e-09	-0.00122185
4.80125e-09	-0.00122307
4.80137e-09	-0.0012243
4.80149e-09	-0.00122551
4.80161e-09	-0.00122672
4.80173e-09	-0.00122792
4.80186e-09	-0.00122912
4.80198e-09	-0.00123031
4.8021e-09	-0.00123149
4.80222e-09	-0.00123266
4.80235e-09	-0.00123383
4.80247e-09	-0.00123499
4.80259e-09	-0.00123615
4.80271e-09	-0.0012373
4.80283e-09	-0.00123844
4.80296e-09	-0.00123957
4.80308e-09	-0.0012407
4.8032e-09	-0.00124182
4.80332e-09	-0.00124294
4.80345e-09	-0.00124405
4.80357e-09	-0.00124515
4.80369e-09	-0.00124624
4.80381e-09	-0.00124733
4.80393e-09	-0.00124841
4.80406e-09	-0.00124949
4.80418e-09	-0.00125055
4.8043e-09	-0.00125162
4.80442e-09	-0.00125267
4.80455e-09	-0.00125372
4.80467e-09	-0.00125476
4.80479e-09	-0.0012558
4.80491e-09	-0.00125682
4.80503e-09	-0.00125785
4.80516e-09	-0.00125886
4.80528e-09	-0.00125987
4.8054e-09	-0.00126087
4.80552e-09	-0.00126187
4.80565e-09	-0.00126286
4.80577e-09	-0.00126384
4.80589e-09	-0.00126482
4.80601e-09	-0.00126579
4.80614e-09	-0.00126675
4.80626e-09	-0.0012677
4.80638e-09	-0.00126865
4.8065e-09	-0.0012696
4.80662e-09	-0.00127053
4.80675e-09	-0.00127146
4.80687e-09	-0.00127239
4.80699e-09	-0.0012733
4.80711e-09	-0.00127421
4.80724e-09	-0.00127512
4.80736e-09	-0.00127602
4.80748e-09	-0.00127691
4.8076e-09	-0.00127779
4.80772e-09	-0.00127867
4.80785e-09	-0.00127954
4.80797e-09	-0.00128041
4.80809e-09	-0.00128126
4.80821e-09	-0.00128212
4.80834e-09	-0.00128296
4.80846e-09	-0.0012838
4.80858e-09	-0.00128463
4.8087e-09	-0.00128546
4.80882e-09	-0.00128628
4.80895e-09	-0.00128709
4.80907e-09	-0.0012879
4.80919e-09	-0.0012887
4.80931e-09	-0.00128949
4.80944e-09	-0.00129028
4.80956e-09	-0.00129106
4.80968e-09	-0.00129184
4.8098e-09	-0.00129261
4.80992e-09	-0.00129337
4.81005e-09	-0.00129413
4.81017e-09	-0.00129487
4.81029e-09	-0.00129562
4.81041e-09	-0.00129635
4.81054e-09	-0.00129708
4.81066e-09	-0.00129781
4.81078e-09	-0.00129853
4.8109e-09	-0.00129924
4.81102e-09	-0.00129994
4.81115e-09	-0.00130064
4.81127e-09	-0.00130133
4.81139e-09	-0.00130202
4.81151e-09	-0.0013027
4.81164e-09	-0.00130337
4.81176e-09	-0.00130404
4.81188e-09	-0.0013047
4.812e-09	-0.00130535
4.81212e-09	-0.001306
4.81225e-09	-0.00130665
4.81237e-09	-0.00130728
4.81249e-09	-0.00130791
4.81261e-09	-0.00130853
4.81274e-09	-0.00130915
4.81286e-09	-0.00130976
4.81298e-09	-0.00131037
4.8131e-09	-0.00131096
4.81322e-09	-0.00131156
4.81335e-09	-0.00131214
4.81347e-09	-0.00131272
4.81359e-09	-0.00131329
4.81371e-09	-0.00131386
4.81384e-09	-0.00131442
4.81396e-09	-0.00131498
4.81408e-09	-0.00131553
4.8142e-09	-0.00131607
4.81432e-09	-0.00131661
4.81445e-09	-0.00131714
4.81457e-09	-0.00131766
4.81469e-09	-0.00131818
4.81481e-09	-0.00131869
4.81494e-09	-0.0013192
4.81506e-09	-0.00131969
4.81518e-09	-0.00132019
4.8153e-09	-0.00132068
4.81542e-09	-0.00132116
4.81555e-09	-0.00132163
4.81567e-09	-0.0013221
4.81579e-09	-0.00132256
4.81591e-09	-0.00132302
4.81604e-09	-0.00132347
4.81616e-09	-0.00132392
4.81628e-09	-0.00132435
4.8164e-09	-0.00132479
4.81653e-09	-0.00132521
4.81665e-09	-0.00132563
4.81677e-09	-0.00132605
4.81689e-09	-0.00132646
4.81701e-09	-0.00132686
4.81714e-09	-0.00132726
4.81726e-09	-0.00132765
4.81738e-09	-0.00132803
4.8175e-09	-0.00132841
4.81763e-09	-0.00132878
4.81775e-09	-0.00132915
4.81787e-09	-0.00132951
4.81799e-09	-0.00132986
4.81811e-09	-0.00133021
4.81824e-09	-0.00133056
4.81836e-09	-0.00133089
4.81848e-09	-0.00133122
4.8186e-09	-0.00133155
4.81873e-09	-0.00133187
4.81885e-09	-0.00133218
4.81897e-09	-0.00133249
4.81909e-09	-0.00133279
4.81921e-09	-0.00133308
4.81934e-09	-0.00133337
4.81946e-09	-0.00133366
4.81958e-09	-0.00133394
4.8197e-09	-0.00133421
4.81983e-09	-0.00133447
4.81995e-09	-0.00133473
4.82007e-09	-0.00133499
4.82019e-09	-0.00133524
4.82031e-09	-0.00133548
4.82044e-09	-0.00133572
4.82056e-09	-0.00133595
4.82068e-09	-0.00133617
4.8208e-09	-0.00133639
4.82093e-09	-0.00133661
4.82105e-09	-0.00133681
4.82117e-09	-0.00133702
4.82129e-09	-0.00133721
4.82141e-09	-0.0013374
4.82154e-09	-0.00133759
4.82166e-09	-0.00133777
4.82178e-09	-0.00133794
4.8219e-09	-0.00133811
4.82203e-09	-0.00133827
4.82215e-09	-0.00133843
4.82227e-09	-0.00133858
4.82239e-09	-0.00133872
4.82251e-09	-0.00133886
4.82264e-09	-0.00133899
4.82276e-09	-0.00133912
4.82288e-09	-0.00133924
4.823e-09	-0.00133936
4.82313e-09	-0.00133947
4.82325e-09	-0.00133958
4.82337e-09	-0.00133968
4.82349e-09	-0.00133977
4.82361e-09	-0.00133986
4.82374e-09	-0.00133994
4.82386e-09	-0.00134002
4.82398e-09	-0.00134009
4.8241e-09	-0.00134016
4.82423e-09	-0.00134022
4.82435e-09	-0.00134027
4.82447e-09	-0.00134032
4.82459e-09	-0.00134036
4.82471e-09	-0.0013404
4.82484e-09	-0.00134043
4.82496e-09	-0.00134046
4.82508e-09	-0.00134048
4.8252e-09	-0.0013405
4.82533e-09	-0.00134051
4.82545e-09	-0.00134051
4.82557e-09	-0.00134051
4.82569e-09	-0.00134051
4.82582e-09	-0.0013405
4.82594e-09	-0.00134048
4.82606e-09	-0.00134046
4.82618e-09	-0.00134043
4.8263e-09	-0.00134039
4.82643e-09	-0.00134036
4.82655e-09	-0.00134031
4.82667e-09	-0.00134026
4.82679e-09	-0.00134021
4.82692e-09	-0.00134015
4.82704e-09	-0.00134008
4.82716e-09	-0.00134001
4.82728e-09	-0.00133993
4.8274e-09	-0.00133985
4.82753e-09	-0.00133976
4.82765e-09	-0.00133967
4.82777e-09	-0.00133957
4.82789e-09	-0.00133947
4.82802e-09	-0.00133936
4.82814e-09	-0.00133924
4.82826e-09	-0.00133912
4.82838e-09	-0.001339
4.8285e-09	-0.00133887
4.82863e-09	-0.00133873
4.82875e-09	-0.00133859
4.82887e-09	-0.00133845
4.82899e-09	-0.0013383
4.82912e-09	-0.00133814
4.82924e-09	-0.00133798
4.82936e-09	-0.00133781
4.82948e-09	-0.00133764
4.8296e-09	-0.00133746
4.82973e-09	-0.00133728
4.82985e-09	-0.00133709
4.82997e-09	-0.0013369
4.83009e-09	-0.0013367
4.83022e-09	-0.00133649
4.83034e-09	-0.00133628
4.83046e-09	-0.00133607
4.83058e-09	-0.00133585
4.8307e-09	-0.00133563
4.83083e-09	-0.0013354
4.83095e-09	-0.00133516
4.83107e-09	-0.00133492
4.83119e-09	-0.00133468
4.83132e-09	-0.00133443
4.83144e-09	-0.00133417
4.83156e-09	-0.00133391
4.83168e-09	-0.00133365
4.8318e-09	-0.00133338
4.83193e-09	-0.0013331
4.83205e-09	-0.00133282
4.83217e-09	-0.00133254
4.83229e-09	-0.00133225
4.83242e-09	-0.00133195
4.83254e-09	-0.00133165
4.83266e-09	-0.00133134
4.83278e-09	-0.00133103
4.8329e-09	-0.00133072
4.83303e-09	-0.0013304
4.83315e-09	-0.00133007
4.83327e-09	-0.00132974
4.83339e-09	-0.0013294
4.83352e-09	-0.00132906
4.83364e-09	-0.00132872
4.83376e-09	-0.00132837
4.83388e-09	-0.00132801
4.834e-09	-0.00132765
4.83413e-09	-0.00132729
4.83425e-09	-0.00132692
4.83437e-09	-0.00132654
4.83449e-09	-0.00132616
4.83462e-09	-0.00132578
4.83474e-09	-0.00132539
4.83486e-09	-0.00132499
4.83498e-09	-0.00132459
4.8351e-09	-0.00132419
4.83523e-09	-0.00132378
4.83535e-09	-0.00132336
4.83547e-09	-0.00132294
4.83559e-09	-0.00132252
4.83572e-09	-0.00132209
4.83584e-09	-0.00132166
4.83596e-09	-0.00132122
4.83608e-09	-0.00132078
4.83621e-09	-0.00132033
4.83633e-09	-0.00131988
4.83645e-09	-0.00131942
4.83657e-09	-0.00131896
4.83669e-09	-0.00131849
4.83682e-09	-0.00131802
4.83694e-09	-0.00131754
4.83706e-09	-0.00131706
4.83718e-09	-0.00131658
4.83731e-09	-0.00131609
4.83743e-09	-0.00131559
4.83755e-09	-0.00131509
4.83767e-09	-0.00131459
4.83779e-09	-0.00131408
4.83792e-09	-0.00131356
4.83804e-09	-0.00131305
4.83816e-09	-0.00131252
4.83828e-09	-0.001312
4.83841e-09	-0.00131146
4.83853e-09	-0.00131093
4.83865e-09	-0.00131038
4.83877e-09	-0.00130984
4.83889e-09	-0.00130929
4.83902e-09	-0.00130873
4.83914e-09	-0.00130817
4.83926e-09	-0.00130761
4.83938e-09	-0.00130704
4.83951e-09	-0.00130647
4.83963e-09	-0.00130589
4.83975e-09	-0.00130531
4.83987e-09	-0.00130472
4.83999e-09	-0.00130413
4.84012e-09	-0.00130353
4.84024e-09	-0.00130293
4.84036e-09	-0.00130233
4.84048e-09	-0.00130172
4.84061e-09	-0.0013011
4.84073e-09	-0.00130048
4.84085e-09	-0.00129986
4.84097e-09	-0.00129924
4.84109e-09	-0.0012986
4.84122e-09	-0.00129797
4.84134e-09	-0.00129733
4.84146e-09	-0.00129668
4.84158e-09	-0.00129603
4.84171e-09	-0.00129538
4.84183e-09	-0.00129472
4.84195e-09	-0.00129406
4.84207e-09	-0.00129339
4.84219e-09	-0.00129272
4.84232e-09	-0.00129205
4.84244e-09	-0.00129137
4.84256e-09	-0.00129068
4.84268e-09	-0.00128999
4.84281e-09	-0.0012893
4.84293e-09	-0.00128861
4.84305e-09	-0.0012879
4.84317e-09	-0.0012872
4.84329e-09	-0.00128649
4.84342e-09	-0.00128578
4.84354e-09	-0.00128506
4.84366e-09	-0.00128433
4.84378e-09	-0.00128361
4.84391e-09	-0.00128288
4.84403e-09	-0.00128214
4.84415e-09	-0.0012814
4.84427e-09	-0.00128066
4.84439e-09	-0.00127991
4.84452e-09	-0.00127916
4.84464e-09	-0.0012784
4.84476e-09	-0.00127764
4.84488e-09	-0.00127688
4.84501e-09	-0.00127611
4.84513e-09	-0.00127534
4.84525e-09	-0.00127456
4.84537e-09	-0.00127378
4.8455e-09	-0.001273
4.84562e-09	-0.00127221
4.84574e-09	-0.00127142
4.84586e-09	-0.00127062
4.84598e-09	-0.00126982
4.84611e-09	-0.00126901
4.84623e-09	-0.0012682
4.84635e-09	-0.00126739
4.84647e-09	-0.00126657
4.8466e-09	-0.00126575
4.84672e-09	-0.00126493
4.84684e-09	-0.0012641
4.84696e-09	-0.00126326
4.84708e-09	-0.00126243
4.84721e-09	-0.00126159
4.84733e-09	-0.00126074
4.84745e-09	-0.00125989
4.84757e-09	-0.00125904
4.8477e-09	-0.00125818
4.84782e-09	-0.00125732
4.84794e-09	-0.00125646
4.84806e-09	-0.00125559
4.84818e-09	-0.00125472
4.84831e-09	-0.00125384
4.84843e-09	-0.00125296
4.84855e-09	-0.00125207
4.84867e-09	-0.00125119
4.8488e-09	-0.00125029
4.84892e-09	-0.0012494
4.84904e-09	-0.0012485
4.84916e-09	-0.0012476
4.84928e-09	-0.00124669
4.84941e-09	-0.00124578
4.84953e-09	-0.00124486
4.84965e-09	-0.00124394
4.84977e-09	-0.00124302
4.8499e-09	-0.0012421
4.85002e-09	-0.00124117
4.85014e-09	-0.00124023
4.85026e-09	-0.0012393
4.85038e-09	-0.00123835
4.85051e-09	-0.00123741
4.85063e-09	-0.00123646
4.85075e-09	-0.00123551
4.85087e-09	-0.00123455
4.851e-09	-0.00123359
4.85112e-09	-0.00123263
4.85124e-09	-0.00123166
4.85136e-09	-0.00123069
4.85148e-09	-0.00122972
4.85161e-09	-0.00122874
4.85173e-09	-0.00122776
4.85185e-09	-0.00122677
4.85197e-09	-0.00122579
4.8521e-09	-0.00122479
4.85222e-09	-0.0012238
4.85234e-09	-0.0012228
4.85246e-09	-0.0012218
4.85258e-09	-0.00122079
4.85271e-09	-0.00121978
4.85283e-09	-0.00121876
4.85295e-09	-0.00121775
4.85307e-09	-0.00121673
4.8532e-09	-0.0012157
4.85332e-09	-0.00121468
4.85344e-09	-0.00121364
4.85356e-09	-0.00121261
4.85368e-09	-0.00121157
4.85381e-09	-0.00121053
4.85393e-09	-0.00120948
4.85405e-09	-0.00120844
4.85417e-09	-0.00120738
4.8543e-09	-0.00120633
4.85442e-09	-0.00120527
4.85454e-09	-0.00120421
4.85466e-09	-0.00120314
4.85478e-09	-0.00120207
4.85491e-09	-0.001201
4.85503e-09	-0.00119993
4.85515e-09	-0.00119885
4.85527e-09	-0.00119776
4.8554e-09	-0.00119668
4.85552e-09	-0.00119559
4.85564e-09	-0.0011945
4.85576e-09	-0.0011934
4.85589e-09	-0.0011923
4.85601e-09	-0.0011912
4.85613e-09	-0.00119009
4.85625e-09	-0.00118898
4.85637e-09	-0.00118787
4.8565e-09	-0.00118676
4.85662e-09	-0.00118564
4.85674e-09	-0.00118452
4.85686e-09	-0.00118339
4.85699e-09	-0.00118226
4.85711e-09	-0.00118113
4.85723e-09	-0.00118
4.85735e-09	-0.00117886
4.85747e-09	-0.00117772
4.8576e-09	-0.00117657
4.85772e-09	-0.00117542
4.85784e-09	-0.00117427
4.85796e-09	-0.00117312
4.85809e-09	-0.00117196
4.85821e-09	-0.0011708
4.85833e-09	-0.00116964
4.85845e-09	-0.00116847
4.85857e-09	-0.0011673
4.8587e-09	-0.00116613
4.85882e-09	-0.00116496
4.85894e-09	-0.00116378
4.85906e-09	-0.0011626
4.85919e-09	-0.00116141
4.85931e-09	-0.00116022
4.85943e-09	-0.00115903
4.85955e-09	-0.00115784
4.85967e-09	-0.00115664
4.8598e-09	-0.00115544
4.85992e-09	-0.00115424
4.86004e-09	-0.00115303
4.86016e-09	-0.00115182
4.86029e-09	-0.00115061
4.86041e-09	-0.0011494
4.86053e-09	-0.00114818
4.86065e-09	-0.00114696
4.86077e-09	-0.00114573
4.8609e-09	-0.00114451
4.86102e-09	-0.00114328
4.86114e-09	-0.00114205
4.86126e-09	-0.00114081
4.86139e-09	-0.00113957
4.86151e-09	-0.00113833
4.86163e-09	-0.00113709
4.86175e-09	-0.00113584
4.86187e-09	-0.00113459
4.862e-09	-0.00113334
4.86212e-09	-0.00113208
4.86224e-09	-0.00113083
4.86236e-09	-0.00112956
4.86249e-09	-0.0011283
4.86261e-09	-0.00112703
4.86273e-09	-0.00112576
4.86285e-09	-0.00112449
4.86297e-09	-0.00112322
4.8631e-09	-0.00112194
4.86322e-09	-0.00112066
4.86334e-09	-0.00111938
4.86346e-09	-0.00111809
4.86359e-09	-0.0011168
4.86371e-09	-0.00111551
4.86383e-09	-0.00111422
4.86395e-09	-0.00111292
4.86407e-09	-0.00111162
4.8642e-09	-0.00111032
4.86432e-09	-0.00110901
4.86444e-09	-0.00110771
4.86456e-09	-0.0011064
4.86469e-09	-0.00110509
4.86481e-09	-0.00110377
4.86493e-09	-0.00110245
4.86505e-09	-0.00110113
4.86518e-09	-0.00109981
4.8653e-09	-0.00109848
4.86542e-09	-0.00109716
4.86554e-09	-0.00109582
4.86566e-09	-0.00109449
4.86579e-09	-0.00109316
4.86591e-09	-0.00109182
4.86603e-09	-0.00109048
4.86615e-09	-0.00108913
4.86628e-09	-0.00108779
4.8664e-09	-0.00108644
4.86652e-09	-0.00108509
4.86664e-09	-0.00108373
4.86676e-09	-0.00108238
4.86689e-09	-0.00108102
4.86701e-09	-0.00107966
4.86713e-09	-0.0010783
4.86725e-09	-0.00107693
4.86738e-09	-0.00107556
4.8675e-09	-0.00107419
4.86762e-09	-0.00107282
4.86774e-09	-0.00107144
4.86786e-09	-0.00107007
4.86799e-09	-0.00106868
4.86811e-09	-0.0010673
4.86823e-09	-0.00106592
4.86835e-09	-0.00106453
4.86848e-09	-0.00106314
4.8686e-09	-0.00106175
4.86872e-09	-0.00106035
4.86884e-09	-0.00105896
4.86896e-09	-0.00105756
4.86909e-09	-0.00105616
4.86921e-09	-0.00105475
4.86933e-09	-0.00105335
4.86945e-09	-0.00105194
4.86958e-09	-0.00105053
4.8697e-09	-0.00104912
4.86982e-09	-0.0010477
4.86994e-09	-0.00104629
4.87006e-09	-0.00104487
4.87019e-09	-0.00104345
4.87031e-09	-0.00104202
4.87043e-09	-0.0010406
4.87055e-09	-0.00103917
4.87068e-09	-0.00103774
4.8708e-09	-0.00103631
4.87092e-09	-0.00103487
4.87104e-09	-0.00103343
4.87116e-09	-0.001032
4.87129e-09	-0.00103055
4.87141e-09	-0.00102911
4.87153e-09	-0.00102767
4.87165e-09	-0.00102622
4.87178e-09	-0.00102477
4.8719e-09	-0.00102332
4.87202e-09	-0.00102186
4.87214e-09	-0.00102041
4.87226e-09	-0.00101895
4.87239e-09	-0.00101749
4.87251e-09	-0.00101603
4.87263e-09	-0.00101456
4.87275e-09	-0.0010131
4.87288e-09	-0.00101163
4.873e-09	-0.00101016
4.87312e-09	-0.00100869
4.87324e-09	-0.00100722
4.87336e-09	-0.00100574
4.87349e-09	-0.00100426
4.87361e-09	-0.00100278
4.87373e-09	-0.0010013
4.87385e-09	-0.000999816
4.87398e-09	-0.00099833
4.8741e-09	-0.000996843
4.87422e-09	-0.000995353
4.87434e-09	-0.000993862
4.87446e-09	-0.000992368
4.87459e-09	-0.000990873
4.87471e-09	-0.000989376
4.87483e-09	-0.000987877
4.87495e-09	-0.000986376
4.87508e-09	-0.000984873
4.8752e-09	-0.000983369
4.87532e-09	-0.000981862
4.87544e-09	-0.000980354
4.87557e-09	-0.000978844
4.87569e-09	-0.000977332
4.87581e-09	-0.000975819
4.87593e-09	-0.000974303
4.87605e-09	-0.000972786
4.87618e-09	-0.000971267
4.8763e-09	-0.000969746
4.87642e-09	-0.000968224
4.87654e-09	-0.0009667
4.87667e-09	-0.000965174
4.87679e-09	-0.000963646
4.87691e-09	-0.000962117
4.87703e-09	-0.000960585
4.87715e-09	-0.000959053
4.87728e-09	-0.000957518
4.8774e-09	-0.000955982
4.87752e-09	-0.000954444
4.87764e-09	-0.000952904
4.87777e-09	-0.000951363
4.87789e-09	-0.00094982
4.87801e-09	-0.000948276
4.87813e-09	-0.00094673
4.87825e-09	-0.000945182
4.87838e-09	-0.000943632
4.8785e-09	-0.000942081
4.87862e-09	-0.000940529
4.87874e-09	-0.000938975
4.87887e-09	-0.000937419
4.87899e-09	-0.000935862
4.87911e-09	-0.000934303
4.87923e-09	-0.000932742
4.87935e-09	-0.00093118
4.87948e-09	-0.000929617
4.8796e-09	-0.000928052
4.87972e-09	-0.000926485
4.87984e-09	-0.000924917
4.87997e-09	-0.000923348
4.88009e-09	-0.000921776
4.88021e-09	-0.000920204
4.88033e-09	-0.00091863
4.88045e-09	-0.000917054
4.88058e-09	-0.000915478
4.8807e-09	-0.000913899
4.88082e-09	-0.000912319
4.88094e-09	-0.000910738
4.88107e-09	-0.000909155
4.88119e-09	-0.000907571
4.88131e-09	-0.000905986
4.88143e-09	-0.000904399
4.88155e-09	-0.000902811
4.88168e-09	-0.000901221
4.8818e-09	-0.00089963
4.88192e-09	-0.000898038
4.88204e-09	-0.000896444
4.88217e-09	-0.000894849
4.88229e-09	-0.000893253
4.88241e-09	-0.000891655
4.88253e-09	-0.000890056
4.88265e-09	-0.000888455
4.88278e-09	-0.000886854
4.8829e-09	-0.000885251
4.88302e-09	-0.000883647
4.88314e-09	-0.000882041
4.88327e-09	-0.000880434
4.88339e-09	-0.000878826
4.88351e-09	-0.000877217
4.88363e-09	-0.000875607
4.88375e-09	-0.000873995
4.88388e-09	-0.000872382
4.884e-09	-0.000870768
4.88412e-09	-0.000869152
4.88424e-09	-0.000867536
4.88437e-09	-0.000865918
4.88449e-09	-0.000864299
4.88461e-09	-0.000862679
4.88473e-09	-0.000861058
4.88486e-09	-0.000859435
4.88498e-09	-0.000857812
4.8851e-09	-0.000856187
4.88522e-09	-0.000854561
4.88534e-09	-0.000852934
4.88547e-09	-0.000851306
4.88559e-09	-0.000849677
4.88571e-09	-0.000848047
4.88583e-09	-0.000846415
4.88596e-09	-0.000844783
4.88608e-09	-0.000843149
4.8862e-09	-0.000841515
4.88632e-09	-0.000839879
4.88644e-09	-0.000838242
4.88657e-09	-0.000836605
4.88669e-09	-0.000834966
4.88681e-09	-0.000833326
4.88693e-09	-0.000831685
4.88706e-09	-0.000830044
4.88718e-09	-0.000828401
4.8873e-09	-0.000826757
4.88742e-09	-0.000825112
4.88754e-09	-0.000823467
4.88767e-09	-0.00082182
4.88779e-09	-0.000820172
4.88791e-09	-0.000818524
4.88803e-09	-0.000816874
4.88816e-09	-0.000815224
4.88828e-09	-0.000813572
4.8884e-09	-0.00081192
4.88852e-09	-0.000810267
4.88864e-09	-0.000808613
4.88877e-09	-0.000806958
4.88889e-09	-0.000805302
4.88901e-09	-0.000803646
4.88913e-09	-0.000801988
4.88926e-09	-0.00080033
4.88938e-09	-0.00079867
4.8895e-09	-0.00079701
4.88962e-09	-0.000795349
4.88974e-09	-0.000793688
4.88987e-09	-0.000792025
4.88999e-09	-0.000790362
4.89011e-09	-0.000788697
4.89023e-09	-0.000787032
4.89036e-09	-0.000785367
4.89048e-09	-0.0007837
4.8906e-09	-0.000782033
4.89072e-09	-0.000780365
4.89084e-09	-0.000778696
4.89097e-09	-0.000777027
4.89109e-09	-0.000775356
4.89121e-09	-0.000773685
4.89133e-09	-0.000772014
4.89146e-09	-0.000770341
4.89158e-09	-0.000768668
4.8917e-09	-0.000766994
4.89182e-09	-0.00076532
4.89194e-09	-0.000763645
4.89207e-09	-0.000761969
4.89219e-09	-0.000760293
4.89231e-09	-0.000758615
4.89243e-09	-0.000756938
4.89256e-09	-0.000755259
4.89268e-09	-0.00075358
4.8928e-09	-0.000751901
4.89292e-09	-0.00075022
4.89304e-09	-0.000748539
4.89317e-09	-0.000746858
4.89329e-09	-0.000745176
4.89341e-09	-0.000743493
4.89353e-09	-0.00074181
4.89366e-09	-0.000740126
4.89378e-09	-0.000738442
4.8939e-09	-0.000736757
4.89402e-09	-0.000735072
4.89414e-09	-0.000733386
4.89427e-09	-0.000731699
4.89439e-09	-0.000730012
4.89451e-09	-0.000728325
4.89463e-09	-0.000726637
4.89476e-09	-0.000724948
4.89488e-09	-0.000723259
4.895e-09	-0.00072157
4.89512e-09	-0.00071988
4.89525e-09	-0.000718189
4.89537e-09	-0.000716498
4.89549e-09	-0.000714807
4.89561e-09	-0.000713115
4.89573e-09	-0.000711423
4.89586e-09	-0.000709731
4.89598e-09	-0.000708038
4.8961e-09	-0.000706344
4.89622e-09	-0.00070465
4.89635e-09	-0.000702956
4.89647e-09	-0.000701262
4.89659e-09	-0.000699567
4.89671e-09	-0.000697871
4.89683e-09	-0.000696175
4.89696e-09	-0.000694479
4.89708e-09	-0.000692783
4.8972e-09	-0.000691086
4.89732e-09	-0.000689389
4.89745e-09	-0.000687692
4.89757e-09	-0.000685994
4.89769e-09	-0.000684296
4.89781e-09	-0.000682598
4.89793e-09	-0.000680899
4.89806e-09	-0.0006792
4.89818e-09	-0.000677501
4.8983e-09	-0.000675801
4.89842e-09	-0.000674102
4.89855e-09	-0.000672402
4.89867e-09	-0.000670701
4.89879e-09	-0.000669001
4.89891e-09	-0.0006673
4.89903e-09	-0.000665599
4.89916e-09	-0.000663898
4.89928e-09	-0.000662197
4.8994e-09	-0.000660495
4.89952e-09	-0.000658793
4.89965e-09	-0.000657091
4.89977e-09	-0.000655389
4.89989e-09	-0.000653687
4.90001e-09	-0.000651984
4.90013e-09	-0.000650282
4.90026e-09	-0.000648579
4.90038e-09	-0.000646876
4.9005e-09	-0.000645173
4.90062e-09	-0.00064347
4.90075e-09	-0.000641766
4.90087e-09	-0.000640063
4.90099e-09	-0.000638359
4.90111e-09	-0.000636655
4.90123e-09	-0.000634952
4.90136e-09	-0.000633248
4.90148e-09	-0.000631544
4.9016e-09	-0.00062984
4.90172e-09	-0.000628136
4.90185e-09	-0.000626432
4.90197e-09	-0.000624727
4.90209e-09	-0.000623023
4.90221e-09	-0.000621319
4.90233e-09	-0.000619615
4.90246e-09	-0.00061791
4.90258e-09	-0.000616206
4.9027e-09	-0.000614502
4.90282e-09	-0.000612797
4.90295e-09	-0.000611093
4.90307e-09	-0.000609389
4.90319e-09	-0.000607684
4.90331e-09	-0.00060598
4.90343e-09	-0.000604276
4.90356e-09	-0.000602572
4.90368e-09	-0.000600868
4.9038e-09	-0.000599163
4.90392e-09	-0.000597459
4.90405e-09	-0.000595756
4.90417e-09	-0.000594052
4.90429e-09	-0.000592348
4.90441e-09	-0.000590644
4.90453e-09	-0.000588941
4.90466e-09	-0.000587237
4.90478e-09	-0.000585534
4.9049e-09	-0.00058383
4.90502e-09	-0.000582127
4.90515e-09	-0.000580424
4.90527e-09	-0.000578721
4.90539e-09	-0.000577019
4.90551e-09	-0.000575316
4.90564e-09	-0.000573614
4.90576e-09	-0.000571912
4.90588e-09	-0.00057021
4.906e-09	-0.000568508
4.90612e-09	-0.000566806
4.90625e-09	-0.000565104
4.90637e-09	-0.000563403
4.90649e-09	-0.000561702
4.90661e-09	-0.000560001
4.90674e-09	-0.000558301
4.90686e-09	-0.0005566
4.90698e-09	-0.0005549
4.9071e-09	-0.0005532
4.90722e-09	-0.0005515
4.90735e-09	-0.000549801
4.90747e-09	-0.000548102
4.90759e-09	-0.000546403
4.90771e-09	-0.000544704
4.90784e-09	-0.000543006
4.90796e-09	-0.000541308
4.90808e-09	-0.00053961
4.9082e-09	-0.000537913
4.90832e-09	-0.000536216
4.90845e-09	-0.000534519
4.90857e-09	-0.000532823
4.90869e-09	-0.000531126
4.90881e-09	-0.000529431
4.90894e-09	-0.000527735
4.90906e-09	-0.00052604
4.90918e-09	-0.000524345
4.9093e-09	-0.000522651
4.90942e-09	-0.000520957
4.90955e-09	-0.000519263
4.90967e-09	-0.00051757
4.90979e-09	-0.000515877
4.90991e-09	-0.000514184
4.91004e-09	-0.000512492
4.91016e-09	-0.000510801
4.91028e-09	-0.000509109
4.9104e-09	-0.000507419
4.91052e-09	-0.000505728
4.91065e-09	-0.000504038
4.91077e-09	-0.000502349
4.91089e-09	-0.00050066
4.91101e-09	-0.000498971
4.91114e-09	-0.000497283
4.91126e-09	-0.000495595
4.91138e-09	-0.000493908
4.9115e-09	-0.000492221
4.91162e-09	-0.000490535
4.91175e-09	-0.000488849
4.91187e-09	-0.000487164
4.91199e-09	-0.000485479
4.91211e-09	-0.000483795
4.91224e-09	-0.000482111
4.91236e-09	-0.000480428
4.91248e-09	-0.000478745
4.9126e-09	-0.000477063
4.91272e-09	-0.000475382
4.91285e-09	-0.000473701
4.91297e-09	-0.00047202
4.91309e-09	-0.00047034
4.91321e-09	-0.000468661
4.91334e-09	-0.000466982
4.91346e-09	-0.000465304
4.91358e-09	-0.000463626
4.9137e-09	-0.000461949
4.91382e-09	-0.000460273
4.91395e-09	-0.000458597
4.91407e-09	-0.000456922
4.91419e-09	-0.000455247
4.91431e-09	-0.000453573
4.91444e-09	-0.0004519
4.91456e-09	-0.000450227
4.91468e-09	-0.000448555
4.9148e-09	-0.000446884
4.91493e-09	-0.000445213
4.91505e-09	-0.000443543
4.91517e-09	-0.000441873
4.91529e-09	-0.000440205
4.91541e-09	-0.000438537
4.91554e-09	-0.000436869
4.91566e-09	-0.000435202
4.91578e-09	-0.000433536
4.9159e-09	-0.000431871
4.91603e-09	-0.000430207
4.91615e-09	-0.000428543
4.91627e-09	-0.000426879
4.91639e-09	-0.000425217
4.91651e-09	-0.000423555
4.91664e-09	-0.000421894
4.91676e-09	-0.000420234
4.91688e-09	-0.000418575
4.917e-09	-0.000416916
4.91713e-09	-0.000415258
4.91725e-09	-0.000413601
4.91737e-09	-0.000411944
4.91749e-09	-0.000410289
4.91761e-09	-0.000408634
4.91774e-09	-0.00040698
4.91786e-09	-0.000405326
4.91798e-09	-0.000403674
4.9181e-09	-0.000402022
4.91823e-09	-0.000400371
4.91835e-09	-0.000398721
4.91847e-09	-0.000397072
4.91859e-09	-0.000395424
4.91871e-09	-0.000393776
4.91884e-09	-0.00039213
4.91896e-09	-0.000390484
4.91908e-09	-0.000388839
4.9192e-09	-0.000387195
4.91933e-09	-0.000385551
4.91945e-09	-0.000383909
4.91957e-09	-0.000382267
4.91969e-09	-0.000380627
4.91981e-09	-0.000378987
4.91994e-09	-0.000377348
4.92006e-09	-0.00037571
4.92018e-09	-0.000374073
4.9203e-09	-0.000372437
4.92043e-09	-0.000370801
4.92055e-09	-0.000369167
4.92067e-09	-0.000367534
4.92079e-09	-0.000365901
4.92091e-09	-0.00036427
4.92104e-09	-0.000362639
4.92116e-09	-0.000361009
4.92128e-09	-0.000359381
4.9214e-09	-0.000357753
4.92153e-09	-0.000356126
4.92165e-09	-0.0003545
4.92177e-09	-0.000352876
4.92189e-09	-0.000351252
4.92201e-09	-0.000349629
4.92214e-09	-0.000348007
4.92226e-09	-0.000346386
4.92238e-09	-0.000344766
4.9225e-09	-0.000343147
4.92263e-09	-0.000341529
4.92275e-09	-0.000339913
4.92287e-09	-0.000338297
4.92299e-09	-0.000336682
4.92311e-09	-0.000335068
4.92324e-09	-0.000333455
4.92336e-09	-0.000331844
4.92348e-09	-0.000330233
4.9236e-09	-0.000328623
4.92373e-09	-0.000327015
4.92385e-09	-0.000325407
4.92397e-09	-0.000323801
4.92409e-09	-0.000322196
4.92421e-09	-0.000320591
4.92434e-09	-0.000318988
4.92446e-09	-0.000317386
4.92458e-09	-0.000315785
4.9247e-09	-0.000314185
4.92483e-09	-0.000312587
4.92495e-09	-0.000310989
4.92507e-09	-0.000309392
4.92519e-09	-0.000307797
4.92532e-09	-0.000306203
4.92544e-09	-0.000304609
4.92556e-09	-0.000303017
4.92568e-09	-0.000301426
4.9258e-09	-0.000299837
4.92593e-09	-0.000298248
4.92605e-09	-0.000296661
4.92617e-09	-0.000295074
4.92629e-09	-0.000293489
4.92642e-09	-0.000291905
4.92654e-09	-0.000290322
4.92666e-09	-0.000288741
4.92678e-09	-0.00028716
4.9269e-09	-0.000285581
4.92703e-09	-0.000284003
4.92715e-09	-0.000282426
4.92727e-09	-0.000280851
4.92739e-09	-0.000279276
4.92752e-09	-0.000277703
4.92764e-09	-0.000276131
4.92776e-09	-0.00027456
4.92788e-09	-0.000272991
4.928e-09	-0.000271422
4.92813e-09	-0.000269855
4.92825e-09	-0.00026829
4.92837e-09	-0.000266725
4.92849e-09	-0.000265162
4.92862e-09	-0.0002636
4.92874e-09	-0.000262039
4.92886e-09	-0.000260479
4.92898e-09	-0.000258921
4.9291e-09	-0.000257364
4.92923e-09	-0.000255808
4.92935e-09	-0.000254254
4.92947e-09	-0.000252701
4.92959e-09	-0.000251149
4.92972e-09	-0.000249598
4.92984e-09	-0.000248049
4.92996e-09	-0.000246501
4.93008e-09	-0.000244954
4.9302e-09	-0.000243409
4.93033e-09	-0.000241865
4.93045e-09	-0.000240322
4.93057e-09	-0.000238781
4.93069e-09	-0.000237241
4.93082e-09	-0.000235702
4.93094e-09	-0.000234165
4.93106e-09	-0.000232629
4.93118e-09	-0.000231094
4.9313e-09	-0.000229561
4.93143e-09	-0.000228029
4.93155e-09	-0.000226499
4.93167e-09	-0.00022497
4.93179e-09	-0.000223442
4.93192e-09	-0.000221915
4.93204e-09	-0.00022039
4.93216e-09	-0.000218867
4.93228e-09	-0.000217344
4.9324e-09	-0.000215823
4.93253e-09	-0.000214304
4.93265e-09	-0.000212786
4.93277e-09	-0.000211269
4.93289e-09	-0.000209754
4.93302e-09	-0.00020824
4.93314e-09	-0.000206728
4.93326e-09	-0.000205217
4.93338e-09	-0.000203707
4.9335e-09	-0.000202199
4.93363e-09	-0.000200693
4.93375e-09	-0.000199187
4.93387e-09	-0.000197684
4.93399e-09	-0.000196181
4.93412e-09	-0.00019468
4.93424e-09	-0.000193181
4.93436e-09	-0.000191683
4.93448e-09	-0.000190186
4.93461e-09	-0.000188691
4.93473e-09	-0.000187198
4.93485e-09	-0.000185706
4.93497e-09	-0.000184215
4.93509e-09	-0.000182726
4.93522e-09	-0.000181239
4.93534e-09	-0.000179752
4.93546e-09	-0.000178268
4.93558e-09	-0.000176785
4.93571e-09	-0.000175303
4.93583e-09	-0.000173823
4.93595e-09	-0.000172345
4.93607e-09	-0.000170868
4.93619e-09	-0.000169392
4.93632e-09	-0.000167918
4.93644e-09	-0.000166446
4.93656e-09	-0.000164975
4.93668e-09	-0.000163505
4.93681e-09	-0.000162037
4.93693e-09	-0.000160571
4.93705e-09	-0.000159106
4.93717e-09	-0.000157643
4.93729e-09	-0.000156182
4.93742e-09	-0.000154722
4.93754e-09	-0.000153263
4.93766e-09	-0.000151806
4.93778e-09	-0.000150351
4.93791e-09	-0.000148897
4.93803e-09	-0.000147445
4.93815e-09	-0.000145994
4.93827e-09	-0.000144545
4.93839e-09	-0.000143098
4.93852e-09	-0.000141652
4.93864e-09	-0.000140208
4.93876e-09	-0.000138765
4.93888e-09	-0.000137324
4.93901e-09	-0.000135885
4.93913e-09	-0.000134447
4.93925e-09	-0.000133011
4.93937e-09	-0.000131576
4.93949e-09	-0.000130143
4.93962e-09	-0.000128712
4.93974e-09	-0.000127282
4.93986e-09	-0.000125854
4.93998e-09	-0.000124428
4.94011e-09	-0.000123003
4.94023e-09	-0.00012158
4.94035e-09	-0.000120158
4.94047e-09	-0.000118739
4.94059e-09	-0.000117321
4.94072e-09	-0.000115904
4.94084e-09	-0.000114489
4.94096e-09	-0.000113076
4.94108e-09	-0.000111665
4.94121e-09	-0.000110255
4.94133e-09	-0.000108847
4.94145e-09	-0.00010744
4.94157e-09	-0.000106035
4.94169e-09	-0.000104632
4.94182e-09	-0.000103231
4.94194e-09	-0.000101831
4.94206e-09	-0.000100433
4.94218e-09	-9.90371e-05
4.94231e-09	-9.76425e-05
4.94243e-09	-9.62496e-05
4.94255e-09	-9.48585e-05
4.94267e-09	-9.3469e-05
4.94279e-09	-9.20813e-05
4.94292e-09	-9.06953e-05
4.94304e-09	-8.9311e-05
4.94316e-09	-8.79284e-05
4.94328e-09	-8.65476e-05
4.94341e-09	-8.51685e-05
4.94353e-09	-8.37912e-05
4.94365e-09	-8.24156e-05
4.94377e-09	-8.10417e-05
4.94389e-09	-7.96696e-05
4.94402e-09	-7.82992e-05
4.94414e-09	-7.69306e-05
4.94426e-09	-7.55638e-05
4.94438e-09	-7.41987e-05
4.94451e-09	-7.28353e-05
4.94463e-09	-7.14738e-05
4.94475e-09	-7.0114e-05
4.94487e-09	-6.87559e-05
4.945e-09	-6.73997e-05
4.94512e-09	-6.60452e-05
4.94524e-09	-6.46925e-05
4.94536e-09	-6.33416e-05
4.94548e-09	-6.19925e-05
4.94561e-09	-6.06452e-05
4.94573e-09	-5.92996e-05
4.94585e-09	-5.79559e-05
4.94597e-09	-5.66139e-05
4.9461e-09	-5.52738e-05
4.94622e-09	-5.39355e-05
4.94634e-09	-5.25989e-05
4.94646e-09	-5.12642e-05
4.94658e-09	-4.99313e-05
4.94671e-09	-4.86002e-05
4.94683e-09	-4.72709e-05
4.94695e-09	-4.59435e-05
4.94707e-09	-4.46179e-05
4.9472e-09	-4.32941e-05
4.94732e-09	-4.19721e-05
4.94744e-09	-4.0652e-05
4.94756e-09	-3.93337e-05
4.94768e-09	-3.80172e-05
4.94781e-09	-3.67026e-05
4.94793e-09	-3.53899e-05
4.94805e-09	-3.40789e-05
4.94817e-09	-3.27699e-05
4.9483e-09	-3.14627e-05
4.94842e-09	-3.01573e-05
4.94854e-09	-2.88538e-05
4.94866e-09	-2.75522e-05
4.94878e-09	-2.62524e-05
4.94891e-09	-2.49545e-05
4.94903e-09	-2.36584e-05
4.94915e-09	-2.23643e-05
4.94927e-09	-2.1072e-05
4.9494e-09	-1.97815e-05
4.94952e-09	-1.8493e-05
4.94964e-09	-1.72063e-05
4.94976e-09	-1.59216e-05
4.94988e-09	-1.46387e-05
4.95001e-09	-1.33577e-05
4.95013e-09	-1.20786e-05
4.95025e-09	-1.08014e-05
4.95037e-09	-9.52607e-06
4.9505e-09	-8.25266e-06
4.95062e-09	-6.98115e-06
4.95074e-09	-5.71154e-06
4.95086e-09	-4.44385e-06
4.95098e-09	-3.17806e-06
4.95111e-09	-1.91419e-06
4.95123e-09	-6.52233e-07
4.95135e-09	6.07808e-07
4.95147e-09	1.86593e-06
4.9516e-09	3.12213e-06
4.95172e-09	4.3764e-06
4.95184e-09	5.62875e-06
4.95196e-09	6.87917e-06
4.95208e-09	8.12765e-06
4.95221e-09	9.37421e-06
4.95233e-09	1.06188e-05
4.95245e-09	1.18615e-05
4.95257e-09	1.31022e-05
4.9527e-09	1.4341e-05
4.95282e-09	1.55779e-05
4.95294e-09	1.68128e-05
4.95306e-09	1.80457e-05
4.95318e-09	1.92767e-05
4.95331e-09	2.05058e-05
4.95343e-09	2.17329e-05
4.95355e-09	2.2958e-05
4.95367e-09	2.41811e-05
4.9538e-09	2.54023e-05
4.95392e-09	2.66216e-05
4.95404e-09	2.78389e-05
4.95416e-09	2.90542e-05
4.95429e-09	3.02675e-05
4.95441e-09	3.14788e-05
4.95453e-09	3.26882e-05
4.95465e-09	3.38956e-05
4.95477e-09	3.5101e-05
4.9549e-09	3.63045e-05
4.95502e-09	3.75059e-05
4.95514e-09	3.87054e-05
4.95526e-09	3.99028e-05
4.95539e-09	4.10983e-05
4.95551e-09	4.22918e-05
4.95563e-09	4.34833e-05
4.95575e-09	4.46728e-05
4.95587e-09	4.58603e-05
4.956e-09	4.70458e-05
4.95612e-09	4.82293e-05
4.95624e-09	4.94108e-05
4.95636e-09	5.05903e-05
4.95649e-09	5.17677e-05
4.95661e-09	5.29432e-05
4.95673e-09	5.41166e-05
4.95685e-09	5.52881e-05
4.95697e-09	5.64575e-05
4.9571e-09	5.76249e-05
4.95722e-09	5.87903e-05
4.95734e-09	5.99536e-05
4.95746e-09	6.1115e-05
4.95759e-09	6.22743e-05
4.95771e-09	6.34316e-05
4.95783e-09	6.45868e-05
4.95795e-09	6.574e-05
4.95807e-09	6.68912e-05
4.9582e-09	6.80404e-05
4.95832e-09	6.91875e-05
4.95844e-09	7.03325e-05
4.95856e-09	7.14756e-05
4.95869e-09	7.26166e-05
4.95881e-09	7.37555e-05
4.95893e-09	7.48924e-05
4.95905e-09	7.60273e-05
4.95917e-09	7.71601e-05
4.9593e-09	7.82909e-05
4.95942e-09	7.94196e-05
4.95954e-09	8.05462e-05
4.95966e-09	8.16708e-05
4.95979e-09	8.27934e-05
4.95991e-09	8.39138e-05
4.96003e-09	8.50323e-05
4.96015e-09	8.61486e-05
4.96027e-09	8.72629e-05
4.9604e-09	8.83752e-05
4.96052e-09	8.94853e-05
4.96064e-09	9.05934e-05
4.96076e-09	9.16994e-05
4.96089e-09	9.28034e-05
4.96101e-09	9.39053e-05
4.96113e-09	9.50051e-05
4.96125e-09	9.61028e-05
4.96137e-09	9.71985e-05
4.9615e-09	9.82921e-05
4.96162e-09	9.93836e-05
4.96174e-09	0.000100473
4.96186e-09	0.00010156
4.96199e-09	0.000102646
4.96211e-09	0.000103729
4.96223e-09	0.00010481
4.96235e-09	0.000105889
4.96247e-09	0.000106966
4.9626e-09	0.00010804
4.96272e-09	0.000109113
4.96284e-09	0.000110184
4.96296e-09	0.000111252
4.96309e-09	0.000112319
4.96321e-09	0.000113383
4.96333e-09	0.000114445
4.96345e-09	0.000115505
4.96357e-09	0.000116563
4.9637e-09	0.000117619
4.96382e-09	0.000118673
4.96394e-09	0.000119725
4.96406e-09	0.000120775
4.96419e-09	0.000121822
4.96431e-09	0.000122867
4.96443e-09	0.000123911
4.96455e-09	0.000124952
4.96468e-09	0.000125991
4.9648e-09	0.000127028
4.96492e-09	0.000128063
4.96504e-09	0.000129095
4.96516e-09	0.000130126
4.96529e-09	0.000131154
4.96541e-09	0.000132181
4.96553e-09	0.000133205
4.96565e-09	0.000134227
4.96578e-09	0.000135247
4.9659e-09	0.000136265
4.96602e-09	0.000137281
4.96614e-09	0.000138294
4.96626e-09	0.000139306
4.96639e-09	0.000140315
4.96651e-09	0.000141322
4.96663e-09	0.000142327
4.96675e-09	0.00014333
4.96688e-09	0.000144331
4.967e-09	0.00014533
4.96712e-09	0.000146326
4.96724e-09	0.000147321
4.96736e-09	0.000148313
4.96749e-09	0.000149303
4.96761e-09	0.000150291
4.96773e-09	0.000151277
4.96785e-09	0.000152261
4.96798e-09	0.000153242
4.9681e-09	0.000154222
4.96822e-09	0.000155199
4.96834e-09	0.000156174
4.96846e-09	0.000157147
4.96859e-09	0.000158118
4.96871e-09	0.000159087
4.96883e-09	0.000160053
4.96895e-09	0.000161018
4.96908e-09	0.00016198
4.9692e-09	0.00016294
4.96932e-09	0.000163898
4.96944e-09	0.000164854
4.96956e-09	0.000165808
4.96969e-09	0.000166759
4.96981e-09	0.000167708
4.96993e-09	0.000168656
4.97005e-09	0.000169601
4.97018e-09	0.000170543
4.9703e-09	0.000171484
4.97042e-09	0.000172423
4.97054e-09	0.000173359
4.97066e-09	0.000174293
4.97079e-09	0.000175226
4.97091e-09	0.000176156
4.97103e-09	0.000177083
4.97115e-09	0.000178009
4.97128e-09	0.000178932
4.9714e-09	0.000179854
4.97152e-09	0.000180773
4.97164e-09	0.00018169
4.97176e-09	0.000182605
4.97189e-09	0.000183517
4.97201e-09	0.000184428
4.97213e-09	0.000185336
4.97225e-09	0.000186242
4.97238e-09	0.000187146
4.9725e-09	0.000188048
4.97262e-09	0.000188948
4.97274e-09	0.000189845
4.97286e-09	0.00019074
4.97299e-09	0.000191633
4.97311e-09	0.000192524
4.97323e-09	0.000193413
4.97335e-09	0.0001943
4.97348e-09	0.000195184
4.9736e-09	0.000196066
4.97372e-09	0.000196947
4.97384e-09	0.000197825
4.97397e-09	0.0001987
4.97409e-09	0.000199574
4.97421e-09	0.000200445
4.97433e-09	0.000201314
4.97445e-09	0.000202182
4.97458e-09	0.000203046
4.9747e-09	0.000203909
4.97482e-09	0.00020477
4.97494e-09	0.000205628
4.97507e-09	0.000206484
4.97519e-09	0.000207338
4.97531e-09	0.00020819
4.97543e-09	0.00020904
4.97555e-09	0.000209887
4.97568e-09	0.000210732
4.9758e-09	0.000211576
4.97592e-09	0.000212416
4.97604e-09	0.000213255
4.97617e-09	0.000214092
4.97629e-09	0.000214926
4.97641e-09	0.000215758
4.97653e-09	0.000216588
4.97665e-09	0.000217416
4.97678e-09	0.000218242
4.9769e-09	0.000219066
4.97702e-09	0.000219887
4.97714e-09	0.000220706
4.97727e-09	0.000221523
4.97739e-09	0.000222338
4.97751e-09	0.00022315
4.97763e-09	0.000223961
4.97775e-09	0.000224769
4.97788e-09	0.000225575
4.978e-09	0.000226379
4.97812e-09	0.000227181
4.97824e-09	0.00022798
4.97837e-09	0.000228778
4.97849e-09	0.000229573
4.97861e-09	0.000230366
4.97873e-09	0.000231156
4.97885e-09	0.000231945
4.97898e-09	0.000232731
4.9791e-09	0.000233516
4.97922e-09	0.000234298
4.97934e-09	0.000235078
4.97947e-09	0.000235855
4.97959e-09	0.000236631
4.97971e-09	0.000237404
4.97983e-09	0.000238175
4.97995e-09	0.000238944
4.98008e-09	0.000239711
4.9802e-09	0.000240476
4.98032e-09	0.000241238
4.98044e-09	0.000241999
4.98057e-09	0.000242757
4.98069e-09	0.000243512
4.98081e-09	0.000244266
4.98093e-09	0.000245018
4.98105e-09	0.000245767
4.98118e-09	0.000246514
4.9813e-09	0.000247259
4.98142e-09	0.000248002
4.98154e-09	0.000248743
4.98167e-09	0.000249481
4.98179e-09	0.000250217
4.98191e-09	0.000250952
4.98203e-09	0.000251683
4.98215e-09	0.000252413
4.98228e-09	0.000253141
4.9824e-09	0.000253866
4.98252e-09	0.000254589
4.98264e-09	0.00025531
4.98277e-09	0.000256029
4.98289e-09	0.000256746
4.98301e-09	0.00025746
4.98313e-09	0.000258173
4.98325e-09	0.000258883
4.98338e-09	0.000259591
4.9835e-09	0.000260297
4.98362e-09	0.000261
4.98374e-09	0.000261702
4.98387e-09	0.000262401
4.98399e-09	0.000263098
4.98411e-09	0.000263793
4.98423e-09	0.000264486
4.98436e-09	0.000265176
4.98448e-09	0.000265865
4.9846e-09	0.000266551
4.98472e-09	0.000267235
4.98484e-09	0.000267917
4.98497e-09	0.000268597
4.98509e-09	0.000269274
4.98521e-09	0.00026995
4.98533e-09	0.000270623
4.98546e-09	0.000271294
4.98558e-09	0.000271963
4.9857e-09	0.00027263
4.98582e-09	0.000273294
4.98594e-09	0.000273957
4.98607e-09	0.000274617
4.98619e-09	0.000275275
4.98631e-09	0.000275931
4.98643e-09	0.000276584
4.98656e-09	0.000277236
4.98668e-09	0.000277885
4.9868e-09	0.000278533
4.98692e-09	0.000279178
4.98704e-09	0.000279821
4.98717e-09	0.000280461
4.98729e-09	0.0002811
4.98741e-09	0.000281736
4.98753e-09	0.000282371
4.98766e-09	0.000283003
4.98778e-09	0.000283633
4.9879e-09	0.00028426
4.98802e-09	0.000284886
4.98814e-09	0.00028551
4.98827e-09	0.000286131
4.98839e-09	0.00028675
4.98851e-09	0.000287367
4.98863e-09	0.000287982
4.98876e-09	0.000288595
4.98888e-09	0.000289205
4.989e-09	0.000289814
4.98912e-09	0.00029042
4.98924e-09	0.000291024
4.98937e-09	0.000291626
4.98949e-09	0.000292226
4.98961e-09	0.000292823
4.98973e-09	0.000293419
4.98986e-09	0.000294012
4.98998e-09	0.000294603
4.9901e-09	0.000295193
4.99022e-09	0.000295779
4.99034e-09	0.000296364
4.99047e-09	0.000296947
4.99059e-09	0.000297527
4.99071e-09	0.000298106
4.99083e-09	0.000298682
4.99096e-09	0.000299256
4.99108e-09	0.000299828
4.9912e-09	0.000300398
4.99132e-09	0.000300966
4.99144e-09	0.000301531
4.99157e-09	0.000302094
4.99169e-09	0.000302656
4.99181e-09	0.000303215
4.99193e-09	0.000303772
4.99206e-09	0.000304327
4.99218e-09	0.000304879
4.9923e-09	0.00030543
4.99242e-09	0.000305979
4.99254e-09	0.000306525
4.99267e-09	0.000307069
4.99279e-09	0.000307611
4.99291e-09	0.000308151
4.99303e-09	0.000308689
4.99316e-09	0.000309225
4.99328e-09	0.000309758
4.9934e-09	0.00031029
4.99352e-09	0.000310819
4.99365e-09	0.000311347
4.99377e-09	0.000311872
4.99389e-09	0.000312395
4.99401e-09	0.000312916
4.99413e-09	0.000313434
4.99426e-09	0.000313951
4.99438e-09	0.000314466
4.9945e-09	0.000314978
4.99462e-09	0.000315488
4.99475e-09	0.000315997
4.99487e-09	0.000316503
4.99499e-09	0.000317007
4.99511e-09	0.000317509
4.99523e-09	0.000318009
4.99536e-09	0.000318506
4.99548e-09	0.000319002
4.9956e-09	0.000319495
4.99572e-09	0.000319987
4.99585e-09	0.000320476
4.99597e-09	0.000320963
4.99609e-09	0.000321448
4.99621e-09	0.000321931
4.99633e-09	0.000322412
4.99646e-09	0.000322891
4.99658e-09	0.000323368
4.9967e-09	0.000323843
4.99682e-09	0.000324315
4.99695e-09	0.000324786
4.99707e-09	0.000325254
4.99719e-09	0.00032572
4.99731e-09	0.000326184
4.99743e-09	0.000326647
4.99756e-09	0.000327107
4.99768e-09	0.000327565
4.9978e-09	0.00032802
4.99792e-09	0.000328474
4.99805e-09	0.000328926
4.99817e-09	0.000329376
4.99829e-09	0.000329823
4.99841e-09	0.000330269
4.99853e-09	0.000330712
4.99866e-09	0.000331154
4.99878e-09	0.000331593
4.9989e-09	0.00033203
4.99902e-09	0.000332465
4.99915e-09	0.000332898
4.99927e-09	0.000333329
4.99939e-09	0.000333758
4.99951e-09	0.000334185
4.99963e-09	0.00033461
4.99976e-09	0.000335033
4.99988e-09	0.000335454
5e-09	0.000335872
5.00012e-09	0.000336289
5.00025e-09	0.000336703
5.00037e-09	0.000337116
5.00049e-09	0.000337526
5.00061e-09	0.000337935
5.00073e-09	0.000338341
5.00086e-09	0.000338745
5.00098e-09	0.000339148
5.0011e-09	0.000339548
5.00122e-09	0.000339946
5.00135e-09	0.000340342
5.00147e-09	0.000340736
5.00159e-09	0.000341128
5.00171e-09	0.000341519
5.00183e-09	0.000341907
5.00196e-09	0.000342292
5.00208e-09	0.000342676
5.0022e-09	0.000343058
5.00232e-09	0.000343438
5.00245e-09	0.000343816
5.00257e-09	0.000344192
5.00269e-09	0.000344566
5.00281e-09	0.000344937
5.00293e-09	0.000345307
5.00306e-09	0.000345675
5.00318e-09	0.000346041
5.0033e-09	0.000346404
5.00342e-09	0.000346766
5.00355e-09	0.000347126
5.00367e-09	0.000347483
5.00379e-09	0.000347839
5.00391e-09	0.000348193
5.00404e-09	0.000348544
5.00416e-09	0.000348894
5.00428e-09	0.000349242
5.0044e-09	0.000349587
5.00452e-09	0.000349931
5.00465e-09	0.000350273
5.00477e-09	0.000350612
5.00489e-09	0.00035095
5.00501e-09	0.000351286
5.00514e-09	0.000351619
5.00526e-09	0.000351951
5.00538e-09	0.000352281
5.0055e-09	0.000352608
5.00562e-09	0.000352934
5.00575e-09	0.000353258
5.00587e-09	0.000353579
5.00599e-09	0.000353899
5.00611e-09	0.000354217
5.00624e-09	0.000354533
5.00636e-09	0.000354847
5.00648e-09	0.000355158
5.0066e-09	0.000355468
5.00672e-09	0.000355776
5.00685e-09	0.000356082
5.00697e-09	0.000356386
5.00709e-09	0.000356688
5.00721e-09	0.000356988
5.00734e-09	0.000357286
5.00746e-09	0.000357582
5.00758e-09	0.000357877
5.0077e-09	0.000358169
5.00782e-09	0.000358459
5.00795e-09	0.000358747
5.00807e-09	0.000359034
5.00819e-09	0.000359318
5.00831e-09	0.000359601
5.00844e-09	0.000359881
5.00856e-09	0.00036016
5.00868e-09	0.000360436
5.0088e-09	0.000360711
5.00892e-09	0.000360984
5.00905e-09	0.000361255
5.00917e-09	0.000361524
5.00929e-09	0.00036179
5.00941e-09	0.000362055
5.00954e-09	0.000362319
5.00966e-09	0.00036258
5.00978e-09	0.000362839
5.0099e-09	0.000363096
5.01002e-09	0.000363352
5.01015e-09	0.000363605
5.01027e-09	0.000363857
5.01039e-09	0.000364106
5.01051e-09	0.000364354
5.01064e-09	0.0003646
5.01076e-09	0.000364844
5.01088e-09	0.000365086
5.011e-09	0.000365326
5.01112e-09	0.000365564
5.01125e-09	0.0003658
5.01137e-09	0.000366035
5.01149e-09	0.000366267
5.01161e-09	0.000366498
5.01174e-09	0.000366727
5.01186e-09	0.000366953
5.01198e-09	0.000367178
5.0121e-09	0.000367401
5.01222e-09	0.000367623
5.01235e-09	0.000367842
5.01247e-09	0.000368059
5.01259e-09	0.000368275
5.01271e-09	0.000368488
5.01284e-09	0.0003687
5.01296e-09	0.00036891
5.01308e-09	0.000369118
5.0132e-09	0.000369324
5.01333e-09	0.000369528
5.01345e-09	0.000369731
5.01357e-09	0.000369931
5.01369e-09	0.00037013
5.01381e-09	0.000370327
5.01394e-09	0.000370522
5.01406e-09	0.000370715
5.01418e-09	0.000370906
5.0143e-09	0.000371095
5.01443e-09	0.000371283
5.01455e-09	0.000371468
5.01467e-09	0.000371652
5.01479e-09	0.000371834
5.01491e-09	0.000372014
5.01504e-09	0.000372193
5.01516e-09	0.000372369
5.01528e-09	0.000372544
5.0154e-09	0.000372717
5.01553e-09	0.000372888
5.01565e-09	0.000373057
5.01577e-09	0.000373224
5.01589e-09	0.00037339
5.01601e-09	0.000373553
5.01614e-09	0.000373715
5.01626e-09	0.000373875
5.01638e-09	0.000374033
5.0165e-09	0.00037419
5.01663e-09	0.000374344
5.01675e-09	0.000374497
5.01687e-09	0.000374648
5.01699e-09	0.000374797
5.01711e-09	0.000374945
5.01724e-09	0.00037509
5.01736e-09	0.000375234
5.01748e-09	0.000375376
5.0176e-09	0.000375516
5.01773e-09	0.000375654
5.01785e-09	0.000375791
5.01797e-09	0.000375926
5.01809e-09	0.000376059
5.01821e-09	0.00037619
5.01834e-09	0.000376319
5.01846e-09	0.000376447
5.01858e-09	0.000376573
5.0187e-09	0.000376697
5.01883e-09	0.000376819
5.01895e-09	0.00037694
5.01907e-09	0.000377059
5.01919e-09	0.000377176
5.01931e-09	0.000377291
5.01944e-09	0.000377405
5.01956e-09	0.000377516
5.01968e-09	0.000377626
5.0198e-09	0.000377735
5.01993e-09	0.000377841
5.02005e-09	0.000377946
5.02017e-09	0.000378049
5.02029e-09	0.00037815
5.02041e-09	0.00037825
5.02054e-09	0.000378347
5.02066e-09	0.000378443
5.02078e-09	0.000378538
5.0209e-09	0.00037863
5.02103e-09	0.000378721
5.02115e-09	0.00037881
5.02127e-09	0.000378897
5.02139e-09	0.000378983
5.02151e-09	0.000379067
5.02164e-09	0.000379149
5.02176e-09	0.00037923
5.02188e-09	0.000379308
5.022e-09	0.000379385
5.02213e-09	0.000379461
5.02225e-09	0.000379534
5.02237e-09	0.000379606
5.02249e-09	0.000379676
5.02261e-09	0.000379745
5.02274e-09	0.000379812
5.02286e-09	0.000379877
5.02298e-09	0.00037994
5.0231e-09	0.000380002
5.02323e-09	0.000380062
5.02335e-09	0.00038012
5.02347e-09	0.000380177
5.02359e-09	0.000380232
5.02372e-09	0.000380285
5.02384e-09	0.000380337
5.02396e-09	0.000380387
5.02408e-09	0.000380435
5.0242e-09	0.000380482
5.02433e-09	0.000380527
5.02445e-09	0.00038057
5.02457e-09	0.000380612
5.02469e-09	0.000380652
5.02482e-09	0.00038069
5.02494e-09	0.000380726
5.02506e-09	0.000380761
5.02518e-09	0.000380795
5.0253e-09	0.000380826
5.02543e-09	0.000380856
5.02555e-09	0.000380885
5.02567e-09	0.000380912
5.02579e-09	0.000380937
5.02592e-09	0.00038096
5.02604e-09	0.000380982
5.02616e-09	0.000381002
5.02628e-09	0.000381021
5.0264e-09	0.000381038
5.02653e-09	0.000381053
5.02665e-09	0.000381067
5.02677e-09	0.000381079
5.02689e-09	0.000381089
5.02702e-09	0.000381098
5.02714e-09	0.000381105
5.02726e-09	0.000381111
5.02738e-09	0.000381115
5.0275e-09	0.000381117
5.02763e-09	0.000381118
5.02775e-09	0.000381117
5.02787e-09	0.000381115
5.02799e-09	0.000381111
5.02812e-09	0.000381105
5.02824e-09	0.000381098
5.02836e-09	0.000381089
5.02848e-09	0.000381079
5.0286e-09	0.000381067
5.02873e-09	0.000381053
5.02885e-09	0.000381038
5.02897e-09	0.000381022
5.02909e-09	0.000381003
5.02922e-09	0.000380984
5.02934e-09	0.000380962
5.02946e-09	0.000380939
5.02958e-09	0.000380915
5.0297e-09	0.000380889
5.02983e-09	0.000380861
5.02995e-09	0.000380832
5.03007e-09	0.000380801
5.03019e-09	0.000380769
5.03032e-09	0.000380735
5.03044e-09	0.0003807
5.03056e-09	0.000380663
5.03068e-09	0.000380624
5.0308e-09	0.000380584
5.03093e-09	0.000380543
5.03105e-09	0.0003805
5.03117e-09	0.000380455
5.03129e-09	0.000380409
5.03142e-09	0.000380362
5.03154e-09	0.000380312
5.03166e-09	0.000380262
5.03178e-09	0.00038021
5.0319e-09	0.000380156
5.03203e-09	0.000380101
5.03215e-09	0.000380044
5.03227e-09	0.000379986
5.03239e-09	0.000379926
5.03252e-09	0.000379865
5.03264e-09	0.000379802
5.03276e-09	0.000379738
5.03288e-09	0.000379672
5.03301e-09	0.000379605
5.03313e-09	0.000379536
5.03325e-09	0.000379466
5.03337e-09	0.000379394
5.03349e-09	0.000379321
5.03362e-09	0.000379247
5.03374e-09	0.00037917
5.03386e-09	0.000379093
5.03398e-09	0.000379014
5.03411e-09	0.000378933
5.03423e-09	0.000378851
5.03435e-09	0.000378768
5.03447e-09	0.000378683
5.03459e-09	0.000378597
5.03472e-09	0.000378509
5.03484e-09	0.00037842
5.03496e-09	0.000378329
5.03508e-09	0.000378237
5.03521e-09	0.000378143
5.03533e-09	0.000378048
5.03545e-09	0.000377952
5.03557e-09	0.000377854
5.03569e-09	0.000377755
5.03582e-09	0.000377654
5.03594e-09	0.000377552
5.03606e-09	0.000377448
5.03618e-09	0.000377343
5.03631e-09	0.000377237
5.03643e-09	0.000377129
5.03655e-09	0.000377019
5.03667e-09	0.000376909
5.03679e-09	0.000376797
5.03692e-09	0.000376683
5.03704e-09	0.000376568
5.03716e-09	0.000376452
5.03728e-09	0.000376334
5.03741e-09	0.000376215
5.03753e-09	0.000376095
5.03765e-09	0.000375973
5.03777e-09	0.000375849
5.03789e-09	0.000375725
5.03802e-09	0.000375599
5.03814e-09	0.000375471
5.03826e-09	0.000375343
5.03838e-09	0.000375212
5.03851e-09	0.000375081
5.03863e-09	0.000374948
5.03875e-09	0.000374814
5.03887e-09	0.000374678
5.03899e-09	0.000374541
5.03912e-09	0.000374403
5.03924e-09	0.000374263
5.03936e-09	0.000374122
5.03948e-09	0.00037398
5.03961e-09	0.000373836
5.03973e-09	0.000373691
5.03985e-09	0.000373544
5.03997e-09	0.000373397
5.04009e-09	0.000373247
5.04022e-09	0.000373097
5.04034e-09	0.000372945
5.04046e-09	0.000372792
5.04058e-09	0.000372638
5.04071e-09	0.000372482
5.04083e-09	0.000372325
5.04095e-09	0.000372167
5.04107e-09	0.000372007
5.04119e-09	0.000371846
5.04132e-09	0.000371684
5.04144e-09	0.00037152
5.04156e-09	0.000371355
5.04168e-09	0.000371189
5.04181e-09	0.000371021
5.04193e-09	0.000370852
5.04205e-09	0.000370682
5.04217e-09	0.000370511
5.04229e-09	0.000370338
5.04242e-09	0.000370164
5.04254e-09	0.000369989
5.04266e-09	0.000369813
5.04278e-09	0.000369635
5.04291e-09	0.000369456
5.04303e-09	0.000369275
5.04315e-09	0.000369094
5.04327e-09	0.000368911
5.0434e-09	0.000368727
5.04352e-09	0.000368541
5.04364e-09	0.000368355
5.04376e-09	0.000368167
5.04388e-09	0.000367978
5.04401e-09	0.000367787
5.04413e-09	0.000367596
5.04425e-09	0.000367403
5.04437e-09	0.000367209
5.0445e-09	0.000367013
5.04462e-09	0.000366817
5.04474e-09	0.000366619
5.04486e-09	0.00036642
5.04498e-09	0.00036622
5.04511e-09	0.000366018
5.04523e-09	0.000365815
5.04535e-09	0.000365611
5.04547e-09	0.000365406
5.0456e-09	0.0003652
5.04572e-09	0.000364992
5.04584e-09	0.000364784
5.04596e-09	0.000364574
5.04608e-09	0.000364362
5.04621e-09	0.00036415
5.04633e-09	0.000363936
5.04645e-09	0.000363722
5.04657e-09	0.000363506
5.0467e-09	0.000363289
5.04682e-09	0.00036307
5.04694e-09	0.000362851
5.04706e-09	0.00036263
5.04718e-09	0.000362408
5.04731e-09	0.000362185
5.04743e-09	0.000361961
5.04755e-09	0.000361736
5.04767e-09	0.000361509
5.0478e-09	0.000361281
5.04792e-09	0.000361053
5.04804e-09	0.000360823
5.04816e-09	0.000360591
5.04828e-09	0.000360359
5.04841e-09	0.000360126
5.04853e-09	0.000359891
5.04865e-09	0.000359655
5.04877e-09	0.000359418
5.0489e-09	0.00035918
5.04902e-09	0.000358941
5.04914e-09	0.000358701
5.04926e-09	0.00035846
5.04938e-09	0.000358217
5.04951e-09	0.000357973
5.04963e-09	0.000357729
5.04975e-09	0.000357483
5.04987e-09	0.000357236
5.05e-09	0.000356988
5.05012e-09	0.000356738
5.05024e-09	0.000356488
5.05036e-09	0.000356237
5.05048e-09	0.000355984
5.05061e-09	0.00035573
5.05073e-09	0.000355476
5.05085e-09	0.00035522
5.05097e-09	0.000354963
5.0511e-09	0.000354705
5.05122e-09	0.000354446
5.05134e-09	0.000354186
5.05146e-09	0.000353924
5.05158e-09	0.000353662
5.05171e-09	0.000353399
5.05183e-09	0.000353134
5.05195e-09	0.000352869
5.05207e-09	0.000352602
5.0522e-09	0.000352335
5.05232e-09	0.000352066
5.05244e-09	0.000351796
5.05256e-09	0.000351525
5.05268e-09	0.000351253
5.05281e-09	0.000350981
5.05293e-09	0.000350707
5.05305e-09	0.000350432
5.05317e-09	0.000350156
5.0533e-09	0.000349879
5.05342e-09	0.0003496
5.05354e-09	0.000349321
5.05366e-09	0.000349041
5.05379e-09	0.00034876
5.05391e-09	0.000348478
5.05403e-09	0.000348195
5.05415e-09	0.00034791
5.05427e-09	0.000347625
5.0544e-09	0.000347339
5.05452e-09	0.000347052
5.05464e-09	0.000346763
5.05476e-09	0.000346474
5.05489e-09	0.000346184
5.05501e-09	0.000345893
5.05513e-09	0.0003456
5.05525e-09	0.000345307
5.05537e-09	0.000345013
5.0555e-09	0.000344718
5.05562e-09	0.000344421
5.05574e-09	0.000344124
5.05586e-09	0.000343826
5.05599e-09	0.000343527
5.05611e-09	0.000343227
5.05623e-09	0.000342926
5.05635e-09	0.000342624
5.05647e-09	0.000342321
5.0566e-09	0.000342017
5.05672e-09	0.000341712
5.05684e-09	0.000341406
5.05696e-09	0.000341099
5.05709e-09	0.000340792
5.05721e-09	0.000340483
5.05733e-09	0.000340173
5.05745e-09	0.000339863
5.05757e-09	0.000339551
5.0577e-09	0.000339239
5.05782e-09	0.000338925
5.05794e-09	0.000338611
5.05806e-09	0.000338296
5.05819e-09	0.00033798
5.05831e-09	0.000337662
5.05843e-09	0.000337344
5.05855e-09	0.000337025
5.05867e-09	0.000336706
5.0588e-09	0.000336385
5.05892e-09	0.000336063
5.05904e-09	0.000335741
5.05916e-09	0.000335417
5.05929e-09	0.000335093
5.05941e-09	0.000334768
5.05953e-09	0.000334442
5.05965e-09	0.000334115
5.05977e-09	0.000333787
5.0599e-09	0.000333458
5.06002e-09	0.000333128
5.06014e-09	0.000332798
5.06026e-09	0.000332466
5.06039e-09	0.000332134
5.06051e-09	0.000331801
5.06063e-09	0.000331467
5.06075e-09	0.000331132
5.06087e-09	0.000330796
5.061e-09	0.000330459
5.06112e-09	0.000330122
5.06124e-09	0.000329784
5.06136e-09	0.000329444
5.06149e-09	0.000329104
5.06161e-09	0.000328763
5.06173e-09	0.000328422
5.06185e-09	0.000328079
5.06197e-09	0.000327736
5.0621e-09	0.000327392
5.06222e-09	0.000327047
5.06234e-09	0.000326701
5.06246e-09	0.000326354
5.06259e-09	0.000326006
5.06271e-09	0.000325658
5.06283e-09	0.000325309
5.06295e-09	0.000324959
5.06308e-09	0.000324608
5.0632e-09	0.000324257
5.06332e-09	0.000323904
5.06344e-09	0.000323551
5.06356e-09	0.000323197
5.06369e-09	0.000322842
5.06381e-09	0.000322487
5.06393e-09	0.00032213
5.06405e-09	0.000321773
5.06418e-09	0.000321415
5.0643e-09	0.000321056
5.06442e-09	0.000320697
5.06454e-09	0.000320336
5.06466e-09	0.000319975
5.06479e-09	0.000319613
5.06491e-09	0.000319251
5.06503e-09	0.000318887
5.06515e-09	0.000318523
5.06528e-09	0.000318158
5.0654e-09	0.000317793
5.06552e-09	0.000317426
5.06564e-09	0.000317059
5.06576e-09	0.000316691
5.06589e-09	0.000316322
5.06601e-09	0.000315953
5.06613e-09	0.000315583
5.06625e-09	0.000315212
5.06638e-09	0.00031484
5.0665e-09	0.000314468
5.06662e-09	0.000314095
5.06674e-09	0.000313721
5.06686e-09	0.000313346
5.06699e-09	0.000312971
5.06711e-09	0.000312595
5.06723e-09	0.000312218
5.06735e-09	0.000311841
5.06748e-09	0.000311463
5.0676e-09	0.000311084
5.06772e-09	0.000310704
5.06784e-09	0.000310324
5.06796e-09	0.000309943
5.06809e-09	0.000309561
5.06821e-09	0.000309179
5.06833e-09	0.000308796
5.06845e-09	0.000308412
5.06858e-09	0.000308028
5.0687e-09	0.000307643
5.06882e-09	0.000307257
5.06894e-09	0.00030687
5.06906e-09	0.000306483
5.06919e-09	0.000306095
5.06931e-09	0.000305707
5.06943e-09	0.000305318
5.06955e-09	0.000304928
5.06968e-09	0.000304537
5.0698e-09	0.000304146
5.06992e-09	0.000303754
5.07004e-09	0.000303362
5.07016e-09	0.000302969
5.07029e-09	0.000302575
5.07041e-09	0.000302181
5.07053e-09	0.000301785
5.07065e-09	0.00030139
5.07078e-09	0.000300993
5.0709e-09	0.000300596
5.07102e-09	0.000300199
5.07114e-09	0.000299801
5.07126e-09	0.000299402
5.07139e-09	0.000299002
5.07151e-09	0.000298602
5.07163e-09	0.000298201
5.07175e-09	0.0002978
5.07188e-09	0.000297398
5.072e-09	0.000296995
5.07212e-09	0.000296592
5.07224e-09	0.000296188
5.07236e-09	0.000295784
5.07249e-09	0.000295379
5.07261e-09	0.000294973
5.07273e-09	0.000294567
5.07285e-09	0.000294161
5.07298e-09	0.000293753
5.0731e-09	0.000293345
5.07322e-09	0.000292937
5.07334e-09	0.000292528
5.07347e-09	0.000292118
5.07359e-09	0.000291708
5.07371e-09	0.000291297
5.07383e-09	0.000290885
5.07395e-09	0.000290473
5.07408e-09	0.000290061
5.0742e-09	0.000289648
5.07432e-09	0.000289234
5.07444e-09	0.00028882
5.07457e-09	0.000288405
5.07469e-09	0.000287989
5.07481e-09	0.000287574
5.07493e-09	0.000287157
5.07505e-09	0.00028674
5.07518e-09	0.000286323
5.0753e-09	0.000285905
5.07542e-09	0.000285486
5.07554e-09	0.000285067
5.07567e-09	0.000284647
5.07579e-09	0.000284227
5.07591e-09	0.000283806
5.07603e-09	0.000283385
5.07615e-09	0.000282963
5.07628e-09	0.000282541
5.0764e-09	0.000282118
5.07652e-09	0.000281695
5.07664e-09	0.000281271
5.07677e-09	0.000280847
5.07689e-09	0.000280422
5.07701e-09	0.000279996
5.07713e-09	0.00027957
5.07725e-09	0.000279144
5.07738e-09	0.000278717
5.0775e-09	0.00027829
5.07762e-09	0.000277862
5.07774e-09	0.000277434
5.07787e-09	0.000277005
5.07799e-09	0.000276576
5.07811e-09	0.000276146
5.07823e-09	0.000275716
5.07835e-09	0.000275285
5.07848e-09	0.000274854
5.0786e-09	0.000274422
5.07872e-09	0.00027399
5.07884e-09	0.000273558
5.07897e-09	0.000273125
5.07909e-09	0.000272691
5.07921e-09	0.000272257
5.07933e-09	0.000271823
5.07945e-09	0.000271388
5.07958e-09	0.000270953
5.0797e-09	0.000270517
5.07982e-09	0.000270081
5.07994e-09	0.000269644
5.08007e-09	0.000269207
5.08019e-09	0.000268769
5.08031e-09	0.000268332
5.08043e-09	0.000267893
5.08055e-09	0.000267454
5.08068e-09	0.000267015
5.0808e-09	0.000266576
5.08092e-09	0.000266135
5.08104e-09	0.000265695
5.08117e-09	0.000265254
5.08129e-09	0.000264813
5.08141e-09	0.000264371
5.08153e-09	0.000263929
5.08165e-09	0.000263486
5.08178e-09	0.000263044
5.0819e-09	0.0002626
5.08202e-09	0.000262157
5.08214e-09	0.000261712
5.08227e-09	0.000261268
5.08239e-09	0.000260823
5.08251e-09	0.000260378
5.08263e-09	0.000259932
5.08276e-09	0.000259486
5.08288e-09	0.00025904
5.083e-09	0.000258593
5.08312e-09	0.000258146
5.08324e-09	0.000257698
5.08337e-09	0.00025725
5.08349e-09	0.000256802
5.08361e-09	0.000256353
5.08373e-09	0.000255904
5.08386e-09	0.000255455
5.08398e-09	0.000255005
5.0841e-09	0.000254555
5.08422e-09	0.000254105
5.08434e-09	0.000253654
5.08447e-09	0.000253203
5.08459e-09	0.000252751
5.08471e-09	0.000252299
5.08483e-09	0.000251847
5.08496e-09	0.000251395
5.08508e-09	0.000250942
5.0852e-09	0.000250489
5.08532e-09	0.000250035
5.08544e-09	0.000249581
5.08557e-09	0.000249127
5.08569e-09	0.000248673
5.08581e-09	0.000248218
5.08593e-09	0.000247763
5.08606e-09	0.000247308
5.08618e-09	0.000246852
5.0863e-09	0.000246396
5.08642e-09	0.000245939
5.08654e-09	0.000245483
5.08667e-09	0.000245026
5.08679e-09	0.000244569
5.08691e-09	0.000244111
5.08703e-09	0.000243653
5.08716e-09	0.000243195
5.08728e-09	0.000242737
5.0874e-09	0.000242278
5.08752e-09	0.000241819
5.08764e-09	0.00024136
5.08777e-09	0.0002409
5.08789e-09	0.00024044
5.08801e-09	0.00023998
5.08813e-09	0.00023952
5.08826e-09	0.000239059
5.08838e-09	0.000238598
5.0885e-09	0.000238137
5.08862e-09	0.000237675
5.08874e-09	0.000237214
5.08887e-09	0.000236752
5.08899e-09	0.00023629
5.08911e-09	0.000235827
5.08923e-09	0.000235364
5.08936e-09	0.000234901
5.08948e-09	0.000234438
5.0896e-09	0.000233975
5.08972e-09	0.000233511
5.08984e-09	0.000233047
5.08997e-09	0.000232583
5.09009e-09	0.000232118
5.09021e-09	0.000231654
5.09033e-09	0.000231189
5.09046e-09	0.000230724
5.09058e-09	0.000230258
5.0907e-09	0.000229793
5.09082e-09	0.000229327
5.09094e-09	0.000228861
5.09107e-09	0.000228395
5.09119e-09	0.000227928
5.09131e-09	0.000227461
5.09143e-09	0.000226995
5.09156e-09	0.000226528
5.09168e-09	0.00022606
5.0918e-09	0.000225593
5.09192e-09	0.000225125
5.09204e-09	0.000224657
5.09217e-09	0.000224189
5.09229e-09	0.000223721
5.09241e-09	0.000223252
5.09253e-09	0.000222784
5.09266e-09	0.000222315
5.09278e-09	0.000221846
5.0929e-09	0.000221377
5.09302e-09	0.000220907
5.09315e-09	0.000220438
5.09327e-09	0.000219968
5.09339e-09	0.000219498
5.09351e-09	0.000219028
5.09363e-09	0.000218558
5.09376e-09	0.000218087
5.09388e-09	0.000217617
5.094e-09	0.000217146
5.09412e-09	0.000216675
5.09425e-09	0.000216204
5.09437e-09	0.000215733
5.09449e-09	0.000215262
5.09461e-09	0.00021479
5.09473e-09	0.000214318
5.09486e-09	0.000213847
5.09498e-09	0.000213375
5.0951e-09	0.000212903
5.09522e-09	0.00021243
5.09535e-09	0.000211958
5.09547e-09	0.000211486
5.09559e-09	0.000211013
5.09571e-09	0.00021054
5.09583e-09	0.000210067
5.09596e-09	0.000209594
5.09608e-09	0.000209121
5.0962e-09	0.000208648
5.09632e-09	0.000208175
5.09645e-09	0.000207701
5.09657e-09	0.000207228
5.09669e-09	0.000206754
5.09681e-09	0.00020628
5.09693e-09	0.000205806
5.09706e-09	0.000205332
5.09718e-09	0.000204858
5.0973e-09	0.000204384
5.09742e-09	0.000203909
5.09755e-09	0.000203435
5.09767e-09	0.000202961
5.09779e-09	0.000202486
5.09791e-09	0.000202011
5.09803e-09	0.000201536
5.09816e-09	0.000201062
5.09828e-09	0.000200587
5.0984e-09	0.000200112
5.09852e-09	0.000199637
5.09865e-09	0.000199161
5.09877e-09	0.000198686
5.09889e-09	0.000198211
5.09901e-09	0.000197735
5.09913e-09	0.00019726
5.09926e-09	0.000196784
5.09938e-09	0.000196309
5.0995e-09	0.000195833
5.09962e-09	0.000195357
5.09975e-09	0.000194882
5.09987e-09	0.000194406
5.09999e-09	0.00019393
5.10011e-09	0.000193454
5.10023e-09	0.000192978
5.10036e-09	0.000192502
5.10048e-09	0.000192026
5.1006e-09	0.00019155
5.10072e-09	0.000191074
5.10085e-09	0.000190597
5.10097e-09	0.000190121
5.10109e-09	0.000189645
5.10121e-09	0.000189169
5.10133e-09	0.000188692
5.10146e-09	0.000188216
5.10158e-09	0.000187739
5.1017e-09	0.000187263
5.10182e-09	0.000186787
5.10195e-09	0.00018631
5.10207e-09	0.000185834
5.10219e-09	0.000185357
5.10231e-09	0.000184881
5.10244e-09	0.000184404
5.10256e-09	0.000183928
5.10268e-09	0.000183451
5.1028e-09	0.000182975
5.10292e-09	0.000182498
5.10305e-09	0.000182022
5.10317e-09	0.000181545
5.10329e-09	0.000181069
5.10341e-09	0.000180592
5.10354e-09	0.000180116
5.10366e-09	0.000179639
5.10378e-09	0.000179163
5.1039e-09	0.000178686
5.10402e-09	0.00017821
5.10415e-09	0.000177733
5.10427e-09	0.000177257
5.10439e-09	0.00017678
5.10451e-09	0.000176304
5.10464e-09	0.000175828
5.10476e-09	0.000175351
5.10488e-09	0.000174875
5.105e-09	0.000174399
5.10512e-09	0.000173922
5.10525e-09	0.000173446
5.10537e-09	0.00017297
5.10549e-09	0.000172494
5.10561e-09	0.000172018
5.10574e-09	0.000171542
5.10586e-09	0.000171066
5.10598e-09	0.00017059
5.1061e-09	0.000170114
5.10622e-09	0.000169638
5.10635e-09	0.000169162
5.10647e-09	0.000168687
5.10659e-09	0.000168211
5.10671e-09	0.000167735
5.10684e-09	0.00016726
5.10696e-09	0.000166784
5.10708e-09	0.000166309
5.1072e-09	0.000165834
5.10732e-09	0.000165358
5.10745e-09	0.000164883
5.10757e-09	0.000164408
5.10769e-09	0.000163933
5.10781e-09	0.000163458
5.10794e-09	0.000162983
5.10806e-09	0.000162508
5.10818e-09	0.000162033
5.1083e-09	0.000161559
5.10842e-09	0.000161084
5.10855e-09	0.00016061
5.10867e-09	0.000160135
5.10879e-09	0.000159661
5.10891e-09	0.000159187
5.10904e-09	0.000158712
5.10916e-09	0.000158238
5.10928e-09	0.000157765
5.1094e-09	0.000157291
5.10952e-09	0.000156817
5.10965e-09	0.000156343
5.10977e-09	0.00015587
5.10989e-09	0.000155396
5.11001e-09	0.000154923
5.11014e-09	0.00015445
5.11026e-09	0.000153977
5.11038e-09	0.000153504
5.1105e-09	0.000153031
5.11062e-09	0.000152558
5.11075e-09	0.000152086
5.11087e-09	0.000151613
5.11099e-09	0.000151141
5.11111e-09	0.000150669
5.11124e-09	0.000150197
5.11136e-09	0.000149725
5.11148e-09	0.000149253
5.1116e-09	0.000148781
5.11172e-09	0.00014831
5.11185e-09	0.000147838
5.11197e-09	0.000147367
5.11209e-09	0.000146896
5.11221e-09	0.000146425
5.11234e-09	0.000145954
5.11246e-09	0.000145483
5.11258e-09	0.000145013
5.1127e-09	0.000144542
5.11283e-09	0.000144072
5.11295e-09	0.000143602
5.11307e-09	0.000143132
5.11319e-09	0.000142662
5.11331e-09	0.000142192
5.11344e-09	0.000141723
5.11356e-09	0.000141254
5.11368e-09	0.000140785
5.1138e-09	0.000140316
5.11393e-09	0.000139847
5.11405e-09	0.000139378
5.11417e-09	0.00013891
5.11429e-09	0.000138441
5.11441e-09	0.000137973
5.11454e-09	0.000137505
5.11466e-09	0.000137038
5.11478e-09	0.00013657
5.1149e-09	0.000136103
5.11503e-09	0.000135635
5.11515e-09	0.000135168
5.11527e-09	0.000134702
5.11539e-09	0.000134235
5.11551e-09	0.000133768
5.11564e-09	0.000133302
5.11576e-09	0.000132836
5.11588e-09	0.00013237
5.116e-09	0.000131904
5.11613e-09	0.000131439
5.11625e-09	0.000130974
5.11637e-09	0.000130509
5.11649e-09	0.000130044
5.11661e-09	0.000129579
5.11674e-09	0.000129115
5.11686e-09	0.00012865
5.11698e-09	0.000128186
5.1171e-09	0.000127722
5.11723e-09	0.000127259
5.11735e-09	0.000126795
5.11747e-09	0.000126332
5.11759e-09	0.000125869
5.11771e-09	0.000125407
5.11784e-09	0.000124944
5.11796e-09	0.000124482
5.11808e-09	0.00012402
5.1182e-09	0.000123558
5.11833e-09	0.000123096
5.11845e-09	0.000122635
5.11857e-09	0.000122174
5.11869e-09	0.000121713
5.11881e-09	0.000121252
5.11894e-09	0.000120792
5.11906e-09	0.000120331
5.11918e-09	0.000119871
5.1193e-09	0.000119412
5.11943e-09	0.000118952
5.11955e-09	0.000118493
5.11967e-09	0.000118034
5.11979e-09	0.000117575
5.11991e-09	0.000117117
5.12004e-09	0.000116658
5.12016e-09	0.0001162
5.12028e-09	0.000115743
5.1204e-09	0.000115285
5.12053e-09	0.000114828
5.12065e-09	0.000114371
5.12077e-09	0.000113914
5.12089e-09	0.000113458
5.12101e-09	0.000113002
5.12114e-09	0.000112546
5.12126e-09	0.00011209
5.12138e-09	0.000111635
5.1215e-09	0.000111179
5.12163e-09	0.000110725
5.12175e-09	0.00011027
5.12187e-09	0.000109816
5.12199e-09	0.000109362
5.12212e-09	0.000108908
5.12224e-09	0.000108454
5.12236e-09	0.000108001
5.12248e-09	0.000107548
5.1226e-09	0.000107096
5.12273e-09	0.000106643
5.12285e-09	0.000106191
5.12297e-09	0.000105739
5.12309e-09	0.000105288
5.12322e-09	0.000104837
5.12334e-09	0.000104386
5.12346e-09	0.000103935
5.12358e-09	0.000103485
5.1237e-09	0.000103035
5.12383e-09	0.000102585
5.12395e-09	0.000102136
5.12407e-09	0.000101687
5.12419e-09	0.000101238
5.12432e-09	0.000100789
5.12444e-09	0.000100341
5.12456e-09	9.98932e-05
5.12468e-09	9.94456e-05
5.1248e-09	9.89983e-05
5.12493e-09	9.85514e-05
5.12505e-09	9.81047e-05
5.12517e-09	9.76583e-05
5.12529e-09	9.72123e-05
5.12542e-09	9.67666e-05
5.12554e-09	9.63212e-05
5.12566e-09	9.58761e-05
5.12578e-09	9.54313e-05
5.1259e-09	9.49869e-05
5.12603e-09	9.45428e-05
5.12615e-09	9.4099e-05
5.12627e-09	9.36555e-05
5.12639e-09	9.32124e-05
5.12652e-09	9.27695e-05
5.12664e-09	9.2327e-05
5.12676e-09	9.18849e-05
5.12688e-09	9.14431e-05
5.127e-09	9.10016e-05
5.12713e-09	9.05604e-05
5.12725e-09	9.01196e-05
5.12737e-09	8.96792e-05
5.12749e-09	8.9239e-05
5.12762e-09	8.87992e-05
5.12774e-09	8.83598e-05
5.12786e-09	8.79207e-05
5.12798e-09	8.74819e-05
5.1281e-09	8.70435e-05
5.12823e-09	8.66054e-05
5.12835e-09	8.61677e-05
5.12847e-09	8.57303e-05
5.12859e-09	8.52933e-05
5.12872e-09	8.48566e-05
5.12884e-09	8.44203e-05
5.12896e-09	8.39844e-05
5.12908e-09	8.35488e-05
5.1292e-09	8.31135e-05
5.12933e-09	8.26786e-05
5.12945e-09	8.22441e-05
5.12957e-09	8.181e-05
5.12969e-09	8.13762e-05
5.12982e-09	8.09427e-05
5.12994e-09	8.05097e-05
5.13006e-09	8.0077e-05
5.13018e-09	7.96446e-05
5.1303e-09	7.92127e-05
5.13043e-09	7.87811e-05
5.13055e-09	7.83499e-05
5.13067e-09	7.7919e-05
5.13079e-09	7.74885e-05
5.13092e-09	7.70584e-05
5.13104e-09	7.66287e-05
5.13116e-09	7.61994e-05
5.13128e-09	7.57704e-05
5.1314e-09	7.53418e-05
5.13153e-09	7.49136e-05
5.13165e-09	7.44858e-05
5.13177e-09	7.40584e-05
5.13189e-09	7.36314e-05
5.13202e-09	7.32047e-05
5.13214e-09	7.27784e-05
5.13226e-09	7.23525e-05
5.13238e-09	7.19271e-05
5.13251e-09	7.1502e-05
5.13263e-09	7.10773e-05
5.13275e-09	7.06529e-05
5.13287e-09	7.0229e-05
5.13299e-09	6.98055e-05
5.13312e-09	6.93824e-05
5.13324e-09	6.89597e-05
5.13336e-09	6.85373e-05
5.13348e-09	6.81154e-05
5.13361e-09	6.76939e-05
5.13373e-09	6.72728e-05
5.13385e-09	6.68521e-05
5.13397e-09	6.64318e-05
5.13409e-09	6.60119e-05
5.13422e-09	6.55924e-05
5.13434e-09	6.51733e-05
5.13446e-09	6.47546e-05
5.13458e-09	6.43364e-05
5.13471e-09	6.39185e-05
5.13483e-09	6.35011e-05
5.13495e-09	6.3084e-05
5.13507e-09	6.26674e-05
5.13519e-09	6.22513e-05
5.13532e-09	6.18355e-05
5.13544e-09	6.14201e-05
5.13556e-09	6.10052e-05
5.13568e-09	6.05907e-05
5.13581e-09	6.01766e-05
5.13593e-09	5.9763e-05
5.13605e-09	5.93497e-05
5.13617e-09	5.89369e-05
5.13629e-09	5.85245e-05
5.13642e-09	5.81126e-05
5.13654e-09	5.7701e-05
5.13666e-09	5.729e-05
5.13678e-09	5.68793e-05
5.13691e-09	5.64691e-05
5.13703e-09	5.60593e-05
5.13715e-09	5.56499e-05
5.13727e-09	5.5241e-05
5.13739e-09	5.48325e-05
5.13752e-09	5.44244e-05
5.13764e-09	5.40168e-05
5.13776e-09	5.36096e-05
5.13788e-09	5.32029e-05
5.13801e-09	5.27966e-05
5.13813e-09	5.23907e-05
5.13825e-09	5.19853e-05
5.13837e-09	5.15804e-05
5.13849e-09	5.11759e-05
5.13862e-09	5.07718e-05
5.13874e-09	5.03682e-05
5.13886e-09	4.9965e-05
5.13898e-09	4.95623e-05
5.13911e-09	4.916e-05
5.13923e-09	4.87582e-05
5.13935e-09	4.83568e-05
5.13947e-09	4.79559e-05
5.13959e-09	4.75554e-05
5.13972e-09	4.71554e-05
5.13984e-09	4.67559e-05
5.13996e-09	4.63568e-05
5.14008e-09	4.59582e-05
5.14021e-09	4.556e-05
5.14033e-09	4.51623e-05
5.14045e-09	4.4765e-05
5.14057e-09	4.43683e-05
5.14069e-09	4.39719e-05
5.14082e-09	4.35761e-05
5.14094e-09	4.31807e-05
5.14106e-09	4.27858e-05
5.14118e-09	4.23913e-05
5.14131e-09	4.19973e-05
5.14143e-09	4.16038e-05
5.14155e-09	4.12108e-05
5.14167e-09	4.08182e-05
5.1418e-09	4.04261e-05
5.14192e-09	4.00344e-05
5.14204e-09	3.96433e-05
5.14216e-09	3.92526e-05
5.14228e-09	3.88624e-05
5.14241e-09	3.84727e-05
5.14253e-09	3.80834e-05
5.14265e-09	3.76946e-05
5.14277e-09	3.73063e-05
5.1429e-09	3.69185e-05
5.14302e-09	3.65312e-05
5.14314e-09	3.61443e-05
5.14326e-09	3.5758e-05
5.14338e-09	3.53721e-05
5.14351e-09	3.49867e-05
5.14363e-09	3.46018e-05
5.14375e-09	3.42173e-05
5.14387e-09	3.38334e-05
5.144e-09	3.34499e-05
5.14412e-09	3.3067e-05
5.14424e-09	3.26845e-05
5.14436e-09	3.23025e-05
5.14448e-09	3.1921e-05
5.14461e-09	3.154e-05
5.14473e-09	3.11595e-05
5.14485e-09	3.07795e-05
5.14497e-09	3.04e-05
5.1451e-09	3.0021e-05
5.14522e-09	2.96424e-05
5.14534e-09	2.92644e-05
5.14546e-09	2.88869e-05
5.14558e-09	2.85098e-05
5.14571e-09	2.81333e-05
5.14583e-09	2.77573e-05
5.14595e-09	2.73817e-05
5.14607e-09	2.70067e-05
5.1462e-09	2.66322e-05
5.14632e-09	2.62582e-05
5.14644e-09	2.58846e-05
5.14656e-09	2.55116e-05
5.14668e-09	2.51391e-05
5.14681e-09	2.47671e-05
5.14693e-09	2.43956e-05
5.14705e-09	2.40246e-05
5.14717e-09	2.36542e-05
5.1473e-09	2.32842e-05
5.14742e-09	2.29148e-05
5.14754e-09	2.25458e-05
5.14766e-09	2.21774e-05
5.14778e-09	2.18095e-05
5.14791e-09	2.14421e-05
5.14803e-09	2.10752e-05
5.14815e-09	2.07088e-05
5.14827e-09	2.0343e-05
5.1484e-09	1.99776e-05
5.14852e-09	1.96128e-05
5.14864e-09	1.92485e-05
5.14876e-09	1.88847e-05
5.14888e-09	1.85214e-05
5.14901e-09	1.81587e-05
5.14913e-09	1.77965e-05
5.14925e-09	1.74348e-05
5.14937e-09	1.70736e-05
5.1495e-09	1.67129e-05
5.14962e-09	1.63528e-05
5.14974e-09	1.59932e-05
5.14986e-09	1.56341e-05
5.14998e-09	1.52755e-05
5.15011e-09	1.49175e-05
5.15023e-09	1.456e-05
5.15035e-09	1.4203e-05
5.15047e-09	1.38466e-05
5.1506e-09	1.34907e-05
5.15072e-09	1.31353e-05
5.15084e-09	1.27804e-05
5.15096e-09	1.24261e-05
5.15108e-09	1.20723e-05
5.15121e-09	1.1719e-05
5.15133e-09	1.13663e-05
5.15145e-09	1.10141e-05
5.15157e-09	1.06625e-05
5.1517e-09	1.03113e-05
5.15182e-09	9.96076e-06
5.15194e-09	9.61071e-06
5.15206e-09	9.26119e-06
5.15219e-09	8.91221e-06
5.15231e-09	8.56378e-06
5.15243e-09	8.21588e-06
5.15255e-09	7.86852e-06
5.15267e-09	7.5217e-06
5.1528e-09	7.17542e-06
5.15292e-09	6.82969e-06
5.15304e-09	6.48449e-06
5.15316e-09	6.13984e-06
5.15329e-09	5.79573e-06
5.15341e-09	5.45217e-06
5.15353e-09	5.10915e-06
5.15365e-09	4.76667e-06
5.15377e-09	4.42474e-06
5.1539e-09	4.08336e-06
5.15402e-09	3.74252e-06
5.15414e-09	3.40224e-06
5.15426e-09	3.0625e-06
5.15439e-09	2.7233e-06
5.15451e-09	2.38466e-06
5.15463e-09	2.04657e-06
5.15475e-09	1.70902e-06
5.15487e-09	1.37203e-06
5.155e-09	1.03559e-06
5.15512e-09	6.99701e-07
5.15524e-09	3.64364e-07
5.15536e-09	2.958e-08
5.15549e-09	-3.0465e-07
5.15561e-09	-6.38327e-07
5.15573e-09	-9.71448e-07
5.15585e-09	-1.30402e-06
5.15597e-09	-1.63603e-06
5.1561e-09	-1.96748e-06
5.15622e-09	-2.29838e-06
5.15634e-09	-2.62872e-06
5.15646e-09	-2.9585e-06
5.15659e-09	-3.28773e-06
5.15671e-09	-3.6164e-06
5.15683e-09	-3.9445e-06
5.15695e-09	-4.27205e-06
5.15707e-09	-4.59904e-06
5.1572e-09	-4.92546e-06
5.15732e-09	-5.25133e-06
5.15744e-09	-5.57663e-06
5.15756e-09	-5.90137e-06
5.15769e-09	-6.22555e-06
5.15781e-09	-6.54917e-06
5.15793e-09	-6.87222e-06
5.15805e-09	-7.19471e-06
5.15817e-09	-7.51663e-06
5.1583e-09	-7.83799e-06
5.15842e-09	-8.15879e-06
5.15854e-09	-8.47901e-06
5.15866e-09	-8.79867e-06
5.15879e-09	-9.11777e-06
5.15891e-09	-9.43629e-06
5.15903e-09	-9.75425e-06
5.15915e-09	-1.00716e-05
5.15927e-09	-1.03885e-05
5.1594e-09	-1.07047e-05
5.15952e-09	-1.10204e-05
5.15964e-09	-1.13355e-05
5.15976e-09	-1.16501e-05
5.15989e-09	-1.1964e-05
5.16001e-09	-1.22774e-05
5.16013e-09	-1.25903e-05
5.16025e-09	-1.29025e-05
5.16037e-09	-1.32142e-05
5.1605e-09	-1.35253e-05
5.16062e-09	-1.38359e-05
5.16074e-09	-1.41458e-05
5.16086e-09	-1.44552e-05
5.16099e-09	-1.4764e-05
5.16111e-09	-1.50723e-05
5.16123e-09	-1.538e-05
5.16135e-09	-1.5687e-05
5.16148e-09	-1.59936e-05
5.1616e-09	-1.62995e-05
5.16172e-09	-1.66049e-05
5.16184e-09	-1.69097e-05
5.16196e-09	-1.72139e-05
5.16209e-09	-1.75175e-05
5.16221e-09	-1.78205e-05
5.16233e-09	-1.8123e-05
5.16245e-09	-1.84249e-05
5.16258e-09	-1.87262e-05
5.1627e-09	-1.9027e-05
5.16282e-09	-1.93271e-05
5.16294e-09	-1.96267e-05
5.16306e-09	-1.99257e-05
5.16319e-09	-2.02241e-05
5.16331e-09	-2.05219e-05
5.16343e-09	-2.08192e-05
5.16355e-09	-2.11159e-05
5.16368e-09	-2.1412e-05
5.1638e-09	-2.17075e-05
5.16392e-09	-2.20024e-05
5.16404e-09	-2.22967e-05
5.16416e-09	-2.25905e-05
5.16429e-09	-2.28837e-05
5.16441e-09	-2.31762e-05
5.16453e-09	-2.34682e-05
5.16465e-09	-2.37597e-05
5.16478e-09	-2.40505e-05
5.1649e-09	-2.43407e-05
5.16502e-09	-2.46304e-05
5.16514e-09	-2.49195e-05
5.16526e-09	-2.5208e-05
5.16539e-09	-2.54959e-05
5.16551e-09	-2.57832e-05
5.16563e-09	-2.60699e-05
5.16575e-09	-2.63561e-05
5.16588e-09	-2.66416e-05
5.166e-09	-2.69266e-05
5.16612e-09	-2.7211e-05
5.16624e-09	-2.74948e-05
5.16636e-09	-2.7778e-05
5.16649e-09	-2.80606e-05
5.16661e-09	-2.83426e-05
5.16673e-09	-2.8624e-05
5.16685e-09	-2.89049e-05
5.16698e-09	-2.91851e-05
5.1671e-09	-2.94648e-05
5.16722e-09	-2.97439e-05
5.16734e-09	-3.00224e-05
5.16746e-09	-3.03003e-05
5.16759e-09	-3.05776e-05
5.16771e-09	-3.08543e-05
5.16783e-09	-3.11304e-05
5.16795e-09	-3.14059e-05
5.16808e-09	-3.16809e-05
5.1682e-09	-3.19552e-05
5.16832e-09	-3.2229e-05
5.16844e-09	-3.25021e-05
5.16856e-09	-3.27747e-05
5.16869e-09	-3.30467e-05
5.16881e-09	-3.3318e-05
5.16893e-09	-3.35888e-05
5.16905e-09	-3.3859e-05
5.16918e-09	-3.41286e-05
5.1693e-09	-3.43976e-05
5.16942e-09	-3.4666e-05
5.16954e-09	-3.49338e-05
5.16966e-09	-3.52011e-05
5.16979e-09	-3.54677e-05
5.16991e-09	-3.57337e-05
5.17003e-09	-3.59992e-05
5.17015e-09	-3.6264e-05
5.17028e-09	-3.65283e-05
5.1704e-09	-3.67919e-05
5.17052e-09	-3.7055e-05
5.17064e-09	-3.73174e-05
5.17076e-09	-3.75793e-05
5.17089e-09	-3.78406e-05
5.17101e-09	-3.81012e-05
5.17113e-09	-3.83613e-05
5.17125e-09	-3.86208e-05
5.17138e-09	-3.88797e-05
5.1715e-09	-3.9138e-05
5.17162e-09	-3.93956e-05
5.17174e-09	-3.96527e-05
5.17187e-09	-3.99092e-05
5.17199e-09	-4.01651e-05
5.17211e-09	-4.04204e-05
5.17223e-09	-4.06751e-05
5.17235e-09	-4.09292e-05
5.17248e-09	-4.11827e-05
5.1726e-09	-4.14356e-05
5.17272e-09	-4.1688e-05
5.17284e-09	-4.19397e-05
5.17297e-09	-4.21908e-05
5.17309e-09	-4.24413e-05
5.17321e-09	-4.26912e-05
5.17333e-09	-4.29405e-05
5.17345e-09	-4.31893e-05
5.17358e-09	-4.34374e-05
5.1737e-09	-4.36849e-05
5.17382e-09	-4.39318e-05
5.17394e-09	-4.41782e-05
5.17407e-09	-4.44239e-05
5.17419e-09	-4.4669e-05
5.17431e-09	-4.49135e-05
5.17443e-09	-4.51575e-05
5.17455e-09	-4.54008e-05
5.17468e-09	-4.56435e-05
5.1748e-09	-4.58857e-05
5.17492e-09	-4.61272e-05
5.17504e-09	-4.63681e-05
5.17517e-09	-4.66084e-05
5.17529e-09	-4.68482e-05
5.17541e-09	-4.70873e-05
5.17553e-09	-4.73258e-05
5.17565e-09	-4.75638e-05
5.17578e-09	-4.78011e-05
5.1759e-09	-4.80378e-05
5.17602e-09	-4.8274e-05
5.17614e-09	-4.85095e-05
5.17627e-09	-4.87444e-05
5.17639e-09	-4.89788e-05
5.17651e-09	-4.92125e-05
5.17663e-09	-4.94456e-05
5.17675e-09	-4.96782e-05
5.17688e-09	-4.99101e-05
5.177e-09	-5.01414e-05
5.17712e-09	-5.03722e-05
5.17724e-09	-5.06023e-05
5.17737e-09	-5.08318e-05
5.17749e-09	-5.10608e-05
5.17761e-09	-5.12891e-05
5.17773e-09	-5.15169e-05
5.17785e-09	-5.1744e-05
5.17798e-09	-5.19705e-05
5.1781e-09	-5.21964e-05
5.17822e-09	-5.24218e-05
5.17834e-09	-5.26465e-05
5.17847e-09	-5.28706e-05
5.17859e-09	-5.30942e-05
5.17871e-09	-5.33171e-05
5.17883e-09	-5.35394e-05
5.17895e-09	-5.37612e-05
5.17908e-09	-5.39823e-05
5.1792e-09	-5.42028e-05
5.17932e-09	-5.44228e-05
5.17944e-09	-5.46421e-05
5.17957e-09	-5.48608e-05
5.17969e-09	-5.5079e-05
5.17981e-09	-5.52965e-05
5.17993e-09	-5.55135e-05
5.18005e-09	-5.57298e-05
5.18018e-09	-5.59455e-05
5.1803e-09	-5.61607e-05
5.18042e-09	-5.63752e-05
5.18054e-09	-5.65891e-05
5.18067e-09	-5.68025e-05
5.18079e-09	-5.70152e-05
5.18091e-09	-5.72274e-05
5.18103e-09	-5.74389e-05
5.18116e-09	-5.76498e-05
5.18128e-09	-5.78602e-05
5.1814e-09	-5.80699e-05
5.18152e-09	-5.82791e-05
5.18164e-09	-5.84876e-05
5.18177e-09	-5.86956e-05
5.18189e-09	-5.89029e-05
5.18201e-09	-5.91097e-05
5.18213e-09	-5.93158e-05
5.18226e-09	-5.95214e-05
5.18238e-09	-5.97264e-05
5.1825e-09	-5.99307e-05
5.18262e-09	-6.01345e-05
5.18274e-09	-6.03376e-05
5.18287e-09	-6.05402e-05
5.18299e-09	-6.07422e-05
5.18311e-09	-6.09436e-05
5.18323e-09	-6.11443e-05
5.18336e-09	-6.13445e-05
5.18348e-09	-6.15441e-05
5.1836e-09	-6.17431e-05
5.18372e-09	-6.19415e-05
5.18384e-09	-6.21393e-05
5.18397e-09	-6.23364e-05
5.18409e-09	-6.25331e-05
5.18421e-09	-6.27291e-05
5.18433e-09	-6.29245e-05
5.18446e-09	-6.31193e-05
5.18458e-09	-6.33135e-05
5.1847e-09	-6.35071e-05
5.18482e-09	-6.37001e-05
5.18494e-09	-6.38925e-05
5.18507e-09	-6.40844e-05
5.18519e-09	-6.42756e-05
5.18531e-09	-6.44663e-05
5.18543e-09	-6.46563e-05
5.18556e-09	-6.48458e-05
5.18568e-09	-6.50346e-05
5.1858e-09	-6.52229e-05
5.18592e-09	-6.54106e-05
5.18604e-09	-6.55976e-05
5.18617e-09	-6.57841e-05
5.18629e-09	-6.597e-05
5.18641e-09	-6.61553e-05
5.18653e-09	-6.634e-05
5.18666e-09	-6.65241e-05
5.18678e-09	-6.67076e-05
5.1869e-09	-6.68906e-05
5.18702e-09	-6.70729e-05
5.18714e-09	-6.72546e-05
5.18727e-09	-6.74358e-05
5.18739e-09	-6.76163e-05
5.18751e-09	-6.77963e-05
5.18763e-09	-6.79757e-05
5.18776e-09	-6.81544e-05
5.18788e-09	-6.83326e-05
5.188e-09	-6.85102e-05
5.18812e-09	-6.86872e-05
5.18824e-09	-6.88637e-05
5.18837e-09	-6.90395e-05
5.18849e-09	-6.92147e-05
5.18861e-09	-6.93894e-05
5.18873e-09	-6.95634e-05
5.18886e-09	-6.97369e-05
5.18898e-09	-6.99098e-05
5.1891e-09	-7.00821e-05
5.18922e-09	-7.02538e-05
5.18934e-09	-7.04249e-05
5.18947e-09	-7.05954e-05
5.18959e-09	-7.07654e-05
5.18971e-09	-7.09347e-05
5.18983e-09	-7.11035e-05
5.18996e-09	-7.12717e-05
5.19008e-09	-7.14392e-05
5.1902e-09	-7.16062e-05
5.19032e-09	-7.17727e-05
5.19044e-09	-7.19385e-05
5.19057e-09	-7.21037e-05
5.19069e-09	-7.22684e-05
5.19081e-09	-7.24325e-05
5.19093e-09	-7.2596e-05
5.19106e-09	-7.27589e-05
5.19118e-09	-7.29212e-05
5.1913e-09	-7.30829e-05
5.19142e-09	-7.32441e-05
5.19155e-09	-7.34046e-05
5.19167e-09	-7.35646e-05
5.19179e-09	-7.3724e-05
5.19191e-09	-7.38828e-05
5.19203e-09	-7.40411e-05
5.19216e-09	-7.41987e-05
5.19228e-09	-7.43558e-05
5.1924e-09	-7.45123e-05
5.19252e-09	-7.46682e-05
5.19265e-09	-7.48235e-05
5.19277e-09	-7.49782e-05
5.19289e-09	-7.51324e-05
5.19301e-09	-7.5286e-05
5.19313e-09	-7.5439e-05
5.19326e-09	-7.55914e-05
5.19338e-09	-7.57433e-05
5.1935e-09	-7.58945e-05
5.19362e-09	-7.60452e-05
5.19375e-09	-7.61953e-05
5.19387e-09	-7.63448e-05
5.19399e-09	-7.64938e-05
5.19411e-09	-7.66422e-05
5.19423e-09	-7.679e-05
5.19436e-09	-7.69372e-05
5.19448e-09	-7.70838e-05
5.1946e-09	-7.72299e-05
5.19472e-09	-7.73754e-05
5.19485e-09	-7.75203e-05
5.19497e-09	-7.76646e-05
5.19509e-09	-7.78084e-05
5.19521e-09	-7.79516e-05
5.19533e-09	-7.80942e-05
5.19546e-09	-7.82362e-05
5.19558e-09	-7.83777e-05
5.1957e-09	-7.85186e-05
5.19582e-09	-7.86589e-05
5.19595e-09	-7.87987e-05
5.19607e-09	-7.89378e-05
5.19619e-09	-7.90764e-05
5.19631e-09	-7.92145e-05
5.19643e-09	-7.93519e-05
5.19656e-09	-7.94888e-05
5.19668e-09	-7.96251e-05
5.1968e-09	-7.97609e-05
5.19692e-09	-7.98961e-05
5.19705e-09	-8.00307e-05
5.19717e-09	-8.01647e-05
5.19729e-09	-8.02982e-05
5.19741e-09	-8.04311e-05
5.19753e-09	-8.05634e-05
5.19766e-09	-8.06952e-05
5.19778e-09	-8.08264e-05
5.1979e-09	-8.0957e-05
5.19802e-09	-8.10871e-05
5.19815e-09	-8.12166e-05
5.19827e-09	-8.13455e-05
5.19839e-09	-8.14739e-05
5.19851e-09	-8.16017e-05
5.19863e-09	-8.17289e-05
5.19876e-09	-8.18556e-05
5.19888e-09	-8.19817e-05
5.199e-09	-8.21073e-05
5.19912e-09	-8.22323e-05
5.19925e-09	-8.23567e-05
5.19937e-09	-8.24805e-05
5.19949e-09	-8.26038e-05
5.19961e-09	-8.27266e-05
5.19973e-09	-8.28488e-05
5.19986e-09	-8.29704e-05
5.19998e-09	-8.30914e-05
5.2001e-09	-8.32119e-05
5.20022e-09	-8.33319e-05
5.20035e-09	-8.34512e-05
5.20047e-09	-8.35701e-05
5.20059e-09	-8.36883e-05
5.20071e-09	-8.3806e-05
5.20083e-09	-8.39232e-05
5.20096e-09	-8.40398e-05
5.20108e-09	-8.41558e-05
5.2012e-09	-8.42713e-05
5.20132e-09	-8.43862e-05
5.20145e-09	-8.45006e-05
5.20157e-09	-8.46144e-05
5.20169e-09	-8.47276e-05
5.20181e-09	-8.48403e-05
5.20194e-09	-8.49525e-05
5.20206e-09	-8.50641e-05
5.20218e-09	-8.51751e-05
5.2023e-09	-8.52856e-05
5.20242e-09	-8.53955e-05
5.20255e-09	-8.55049e-05
5.20267e-09	-8.56138e-05
5.20279e-09	-8.57221e-05
5.20291e-09	-8.58298e-05
5.20304e-09	-8.5937e-05
5.20316e-09	-8.60436e-05
5.20328e-09	-8.61497e-05
5.2034e-09	-8.62553e-05
5.20352e-09	-8.63603e-05
5.20365e-09	-8.64647e-05
5.20377e-09	-8.65686e-05
5.20389e-09	-8.6672e-05
5.20401e-09	-8.67748e-05
5.20414e-09	-8.6877e-05
5.20426e-09	-8.69787e-05
5.20438e-09	-8.70799e-05
5.2045e-09	-8.71806e-05
5.20462e-09	-8.72806e-05
5.20475e-09	-8.73802e-05
5.20487e-09	-8.74792e-05
5.20499e-09	-8.75776e-05
5.20511e-09	-8.76756e-05
5.20524e-09	-8.77729e-05
5.20536e-09	-8.78698e-05
5.20548e-09	-8.79661e-05
5.2056e-09	-8.80618e-05
5.20572e-09	-8.8157e-05
5.20585e-09	-8.82517e-05
5.20597e-09	-8.83459e-05
5.20609e-09	-8.84395e-05
5.20621e-09	-8.85325e-05
5.20634e-09	-8.86251e-05
5.20646e-09	-8.87171e-05
5.20658e-09	-8.88085e-05
5.2067e-09	-8.88994e-05
5.20682e-09	-8.89898e-05
5.20695e-09	-8.90797e-05
5.20707e-09	-8.9169e-05
5.20719e-09	-8.92578e-05
5.20731e-09	-8.9346e-05
5.20744e-09	-8.94337e-05
5.20756e-09	-8.95209e-05
5.20768e-09	-8.96076e-05
5.2078e-09	-8.96937e-05
5.20792e-09	-8.97793e-05
5.20805e-09	-8.98644e-05
5.20817e-09	-8.99489e-05
5.20829e-09	-9.00329e-05
5.20841e-09	-9.01164e-05
5.20854e-09	-9.01994e-05
5.20866e-09	-9.02818e-05
