2.07642e-14	0
6.22925e-14	-3.9811e-05
1.03821e-13	-3.98919e-05
1.45349e-13	-3.99729e-05
1.86878e-13	-4.00538e-05
2.28406e-13	-4.01348e-05
2.69934e-13	-4.02157e-05
3.11463e-13	-4.02967e-05
3.52991e-13	-4.03777e-05
3.94519e-13	-4.04587e-05
4.36048e-13	-4.05396e-05
4.77576e-13	-4.06207e-05
5.19105e-13	-4.07017e-05
5.60633e-13	-4.07827e-05
6.02161e-13	-4.08637e-05
6.4369e-13	-4.09447e-05
6.85218e-13	-4.10258e-05
7.26746e-13	-4.11068e-05
7.68275e-13	-4.11879e-05
8.09803e-13	-4.1269e-05
8.51331e-13	-4.135e-05
8.9286e-13	-4.14311e-05
9.34388e-13	-4.15122e-05
9.75917e-13	-4.15933e-05
1.01744e-12	-4.16744e-05
1.05897e-12	-4.17555e-05
1.1005e-12	-4.18366e-05
1.14203e-12	-4.19177e-05
1.18356e-12	-4.19989e-05
1.22509e-12	-4.208e-05
1.26662e-12	-4.21611e-05
1.30814e-12	-4.22423e-05
1.34967e-12	-4.23234e-05
1.3912e-12	-4.24046e-05
1.43273e-12	-4.24858e-05
1.47426e-12	-4.2567e-05
1.51579e-12	-4.26481e-05
1.55731e-12	-4.27293e-05
1.59884e-12	-4.28105e-05
1.64037e-12	-4.28917e-05
1.6819e-12	-4.2973e-05
1.72343e-12	-4.30542e-05
1.76496e-12	-4.31354e-05
1.80648e-12	-4.32166e-05
1.84801e-12	-4.32979e-05
1.88954e-12	-4.33791e-05
1.93107e-12	-4.34604e-05
1.9726e-12	-4.35416e-05
2.01413e-12	-4.36229e-05
2.05565e-12	-4.37042e-05
2.09718e-12	-4.37854e-05
2.13871e-12	-4.38667e-05
2.18024e-12	-4.3948e-05
2.22177e-12	-4.40293e-05
2.2633e-12	-4.41106e-05
2.30482e-12	-4.41919e-05
2.34635e-12	-4.42733e-05
2.38788e-12	-4.43546e-05
2.42941e-12	-4.44359e-05
2.47094e-12	-4.45172e-05
2.51247e-12	-4.45986e-05
2.55399e-12	-4.46799e-05
2.59552e-12	-4.47613e-05
2.63705e-12	-4.48426e-05
2.67858e-12	-4.4924e-05
2.72011e-12	-4.50054e-05
2.76164e-12	-4.50868e-05
2.80316e-12	-4.51681e-05
2.84469e-12	-4.52495e-05
2.88622e-12	-4.53309e-05
2.92775e-12	-4.54123e-05
2.96928e-12	-4.54937e-05
3.01081e-12	-4.55751e-05
3.05233e-12	-4.56566e-05
3.09386e-12	-4.5738e-05
3.13539e-12	-4.58194e-05
3.17692e-12	-4.59008e-05
3.21845e-12	-4.59823e-05
3.25998e-12	-4.60637e-05
3.3015e-12	-4.61452e-05
3.34303e-12	-4.62266e-05
3.38456e-12	-4.63081e-05
3.42609e-12	-4.63896e-05
3.46762e-12	-4.6471e-05
3.50915e-12	-4.65525e-05
3.55068e-12	-4.6634e-05
3.5922e-12	-4.67155e-05
3.63373e-12	-4.6797e-05
3.67526e-12	-4.68785e-05
3.71679e-12	-4.696e-05
3.75832e-12	-4.70415e-05
3.79985e-12	-4.7123e-05
3.84137e-12	-4.72045e-05
3.8829e-12	-4.72861e-05
3.92443e-12	-4.73676e-05
3.96596e-12	-4.74491e-05
4.00749e-12	-4.75307e-05
4.04902e-12	-4.76122e-05
4.09054e-12	-4.76938e-05
4.13207e-12	-4.77753e-05
4.1736e-12	-4.78569e-05
4.21513e-12	-4.79384e-05
4.25666e-12	-4.802e-05
4.29819e-12	-4.81016e-05
4.33971e-12	-4.81831e-05
4.38124e-12	-4.82647e-05
4.42277e-12	-4.83463e-05
4.4643e-12	-4.84279e-05
4.50583e-12	-4.85095e-05
4.54736e-12	-4.85911e-05
4.58888e-12	-4.86727e-05
4.63041e-12	-4.87543e-05
4.67194e-12	-4.88359e-05
4.71347e-12	-4.89175e-05
4.755e-12	-4.89992e-05
4.79653e-12	-4.90808e-05
4.83805e-12	-4.91624e-05
4.87958e-12	-4.9244e-05
4.92111e-12	-4.93257e-05
4.96264e-12	-4.94073e-05
5.00417e-12	-4.9489e-05
5.0457e-12	-4.95706e-05
5.08722e-12	-4.96523e-05
5.12875e-12	-4.97339e-05
5.17028e-12	-4.98156e-05
5.21181e-12	-4.98973e-05
5.25334e-12	-4.99789e-05
5.29487e-12	-5.00606e-05
5.33639e-12	-5.01423e-05
5.37792e-12	-5.0224e-05
5.41945e-12	-5.03057e-05
5.46098e-12	-5.03873e-05
5.50251e-12	-5.0469e-05
5.54404e-12	-5.05507e-05
5.58556e-12	-5.06324e-05
5.62709e-12	-5.07141e-05
5.66862e-12	-5.07958e-05
5.71015e-12	-5.08775e-05
5.75168e-12	-5.09593e-05
5.79321e-12	-5.1041e-05
5.83474e-12	-5.11227e-05
5.87626e-12	-5.12044e-05
5.91779e-12	-5.12861e-05
5.95932e-12	-5.13679e-05
6.00085e-12	-5.14496e-05
6.04238e-12	-5.15313e-05
6.08391e-12	-5.16131e-05
6.12543e-12	-5.16948e-05
6.16696e-12	-5.17766e-05
6.20849e-12	-5.18583e-05
6.25002e-12	-5.19401e-05
6.29155e-12	-5.20218e-05
6.33308e-12	-5.21036e-05
6.3746e-12	-5.21854e-05
6.41613e-12	-5.22671e-05
6.45766e-12	-5.23489e-05
6.49919e-12	-5.24307e-05
6.54072e-12	-5.25124e-05
6.58225e-12	-5.25942e-05
6.62377e-12	-5.2676e-05
6.6653e-12	-5.27578e-05
6.70683e-12	-5.28395e-05
6.74836e-12	-5.29213e-05
6.78989e-12	-5.30031e-05
6.83142e-12	-5.30849e-05
6.87294e-12	-5.31667e-05
6.91447e-12	-5.32485e-05
6.956e-12	-5.33303e-05
6.99753e-12	-5.34121e-05
7.03906e-12	-5.34939e-05
7.08059e-12	-5.35757e-05
7.12211e-12	-5.36575e-05
7.16364e-12	-5.37393e-05
7.20517e-12	-5.38211e-05
7.2467e-12	-5.39029e-05
7.28823e-12	-5.39848e-05
7.32976e-12	-5.40666e-05
7.37128e-12	-5.41484e-05
7.41281e-12	-5.42302e-05
7.45434e-12	-5.43121e-05
7.49587e-12	-5.43939e-05
7.5374e-12	-5.44757e-05
7.57893e-12	-5.45575e-05
7.62045e-12	-5.46394e-05
7.66198e-12	-5.47212e-05
7.70351e-12	-5.4803e-05
7.74504e-12	-5.48849e-05
7.78657e-12	-5.49667e-05
7.8281e-12	-5.50486e-05
7.86962e-12	-5.51304e-05
7.91115e-12	-5.52123e-05
7.95268e-12	-5.52941e-05
7.99421e-12	-5.53759e-05
8.03574e-12	-5.54578e-05
8.07727e-12	-5.55396e-05
8.1188e-12	-5.56215e-05
8.16032e-12	-5.57034e-05
8.20185e-12	-5.57852e-05
8.24338e-12	-5.58671e-05
8.28491e-12	-5.59489e-05
8.32644e-12	-5.60308e-05
8.36797e-12	-5.61126e-05
8.40949e-12	-5.61945e-05
8.45102e-12	-5.62764e-05
8.49255e-12	-5.63582e-05
8.53408e-12	-5.64401e-05
8.57561e-12	-5.6522e-05
8.61714e-12	-5.66038e-05
8.65866e-12	-5.66857e-05
8.70019e-12	-5.67676e-05
8.74172e-12	-5.68494e-05
8.78325e-12	-5.69313e-05
8.82478e-12	-5.70132e-05
8.86631e-12	-5.70951e-05
8.90783e-12	-5.71769e-05
8.94936e-12	-5.72588e-05
8.99089e-12	-5.73407e-05
9.03242e-12	-5.74225e-05
9.07395e-12	-5.75044e-05
9.11548e-12	-5.75863e-05
9.157e-12	-5.76682e-05
9.19853e-12	-5.77501e-05
9.24006e-12	-5.78319e-05
9.28159e-12	-5.79138e-05
9.32312e-12	-5.79957e-05
9.36465e-12	-5.80776e-05
9.40617e-12	-5.81595e-05
9.4477e-12	-5.82413e-05
9.48923e-12	-5.83232e-05
9.53076e-12	-5.84051e-05
9.57229e-12	-5.8487e-05
9.61382e-12	-5.85689e-05
9.65534e-12	-5.86507e-05
9.69687e-12	-5.87326e-05
9.7384e-12	-5.88145e-05
9.77993e-12	-5.88964e-05
9.82146e-12	-5.89783e-05
9.86299e-12	-5.90601e-05
9.90451e-12	-5.9142e-05
9.94604e-12	-5.92239e-05
9.98757e-12	-5.93058e-05
1.00291e-11	-5.93877e-05
1.00706e-11	-5.94696e-05
1.01122e-11	-5.95514e-05
1.01537e-11	-5.96333e-05
1.01952e-11	-5.97152e-05
1.02367e-11	-5.97971e-05
1.02783e-11	-5.9879e-05
1.03198e-11	-5.99608e-05
1.03613e-11	-6.00427e-05
1.04029e-11	-6.01246e-05
1.04444e-11	-6.02065e-05
1.04859e-11	-6.02883e-05
1.05274e-11	-6.03702e-05
1.0569e-11	-6.04521e-05
1.06105e-11	-6.0534e-05
1.0652e-11	-6.06158e-05
1.06936e-11	-6.06977e-05
1.07351e-11	-6.07796e-05
1.07766e-11	-6.08615e-05
1.08181e-11	-6.09433e-05
1.08597e-11	-6.10252e-05
1.09012e-11	-6.11071e-05
1.09427e-11	-6.11889e-05
1.09843e-11	-6.12708e-05
1.10258e-11	-6.13527e-05
1.10673e-11	-6.14345e-05
1.11088e-11	-6.15164e-05
1.11504e-11	-6.15983e-05
1.11919e-11	-6.16801e-05
1.12334e-11	-6.1762e-05
1.1275e-11	-6.18438e-05
1.13165e-11	-6.19257e-05
1.1358e-11	-6.20076e-05
1.13995e-11	-6.20894e-05
1.14411e-11	-6.21713e-05
1.14826e-11	-6.22531e-05
1.15241e-11	-6.2335e-05
1.15656e-11	-6.24168e-05
1.16072e-11	-6.24987e-05
1.16487e-11	-6.25805e-05
1.16902e-11	-6.26624e-05
1.17318e-11	-6.27442e-05
1.17733e-11	-6.2826e-05
1.18148e-11	-6.29079e-05
1.18563e-11	-6.29897e-05
1.18979e-11	-6.30715e-05
1.19394e-11	-6.31534e-05
1.19809e-11	-6.32352e-05
1.20225e-11	-6.3317e-05
1.2064e-11	-6.33989e-05
1.21055e-11	-6.34807e-05
1.2147e-11	-6.35625e-05
1.21886e-11	-6.36443e-05
1.22301e-11	-6.37262e-05
1.22716e-11	-6.3808e-05
1.23132e-11	-6.38898e-05
1.23547e-11	-6.39716e-05
1.23962e-11	-6.40534e-05
1.24377e-11	-6.41352e-05
1.24793e-11	-6.4217e-05
1.25208e-11	-6.42988e-05
1.25623e-11	-6.43806e-05
1.26039e-11	-6.44624e-05
1.26454e-11	-6.45442e-05
1.26869e-11	-6.4626e-05
1.27284e-11	-6.47078e-05
1.277e-11	-6.47896e-05
1.28115e-11	-6.48714e-05
1.2853e-11	-6.49532e-05
1.28946e-11	-6.5035e-05
1.29361e-11	-6.51167e-05
1.29776e-11	-6.51985e-05
1.30191e-11	-6.52803e-05
1.30607e-11	-6.53621e-05
1.31022e-11	-6.54438e-05
1.31437e-11	-6.55256e-05
1.31853e-11	-6.56074e-05
1.32268e-11	-6.56891e-05
1.32683e-11	-6.57709e-05
1.33098e-11	-6.58526e-05
1.33514e-11	-6.59344e-05
1.33929e-11	-6.60161e-05
1.34344e-11	-6.60979e-05
1.3476e-11	-6.61796e-05
1.35175e-11	-6.62613e-05
1.3559e-11	-6.63431e-05
1.36005e-11	-6.64248e-05
1.36421e-11	-6.65065e-05
1.36836e-11	-6.65883e-05
1.37251e-11	-6.667e-05
1.37667e-11	-6.67517e-05
1.38082e-11	-6.68334e-05
1.38497e-11	-6.69151e-05
1.38912e-11	-6.69968e-05
1.39328e-11	-6.70785e-05
1.39743e-11	-6.71602e-05
1.40158e-11	-6.72419e-05
1.40574e-11	-6.73236e-05
1.40989e-11	-6.74053e-05
1.41404e-11	-6.7487e-05
1.41819e-11	-6.75687e-05
1.42235e-11	-6.76503e-05
1.4265e-11	-6.7732e-05
1.43065e-11	-6.78137e-05
1.4348e-11	-6.78953e-05
1.43896e-11	-6.7977e-05
1.44311e-11	-6.80587e-05
1.44726e-11	-6.81403e-05
1.45142e-11	-6.8222e-05
1.45557e-11	-6.83036e-05
1.45972e-11	-6.83852e-05
1.46387e-11	-6.84669e-05
1.46803e-11	-6.85485e-05
1.47218e-11	-6.86301e-05
1.47633e-11	-6.87118e-05
1.48049e-11	-6.87934e-05
1.48464e-11	-6.8875e-05
1.48879e-11	-6.89566e-05
1.49294e-11	-6.90382e-05
1.4971e-11	-6.91198e-05
1.50125e-11	-6.92014e-05
1.5054e-11	-6.9283e-05
1.50956e-11	-6.93646e-05
1.51371e-11	-6.94462e-05
1.51786e-11	-6.95277e-05
1.52201e-11	-6.96093e-05
1.52617e-11	-6.96909e-05
1.53032e-11	-6.97725e-05
1.53447e-11	-6.9854e-05
1.53863e-11	-6.99356e-05
1.54278e-11	-7.00171e-05
1.54693e-11	-7.00987e-05
1.55108e-11	-7.01802e-05
1.55524e-11	-7.02617e-05
1.55939e-11	-7.03433e-05
1.56354e-11	-7.04248e-05
1.5677e-11	-7.05063e-05
1.57185e-11	-7.05878e-05
1.576e-11	-7.06693e-05
1.58015e-11	-7.07508e-05
1.58431e-11	-7.08323e-05
1.58846e-11	-7.09138e-05
1.59261e-11	-7.09953e-05
1.59677e-11	-7.10768e-05
1.60092e-11	-7.11583e-05
1.60507e-11	-7.12397e-05
1.60922e-11	-7.13212e-05
1.61338e-11	-7.14026e-05
1.61753e-11	-7.14841e-05
1.62168e-11	-7.15655e-05
1.62584e-11	-7.1647e-05
1.62999e-11	-7.17284e-05
1.63414e-11	-7.18099e-05
1.63829e-11	-7.18913e-05
1.64245e-11	-7.19727e-05
1.6466e-11	-7.20541e-05
1.65075e-11	-7.21355e-05
1.65491e-11	-7.22169e-05
1.65906e-11	-7.22983e-05
1.66321e-11	-7.23797e-05
1.66736e-11	-7.24611e-05
1.67152e-11	-7.25425e-05
1.67567e-11	-7.26238e-05
1.67982e-11	-7.27052e-05
1.68398e-11	-7.27866e-05
1.68813e-11	-7.28679e-05
1.69228e-11	-7.29493e-05
1.69643e-11	-7.30306e-05
1.70059e-11	-7.31119e-05
1.70474e-11	-7.31933e-05
1.70889e-11	-7.32746e-05
1.71304e-11	-7.33559e-05
1.7172e-11	-7.34372e-05
1.72135e-11	-7.35185e-05
1.7255e-11	-7.35998e-05
1.72966e-11	-7.36811e-05
1.73381e-11	-7.37624e-05
1.73796e-11	-7.38437e-05
1.74211e-11	-7.39249e-05
1.74627e-11	-7.40062e-05
1.75042e-11	-7.40874e-05
1.75457e-11	-7.41687e-05
1.75873e-11	-7.42499e-05
1.76288e-11	-7.43312e-05
1.76703e-11	-7.44124e-05
1.77118e-11	-7.44936e-05
1.77534e-11	-7.45748e-05
1.77949e-11	-7.4656e-05
1.78364e-11	-7.47372e-05
1.7878e-11	-7.48184e-05
1.79195e-11	-7.48996e-05
1.7961e-11	-7.49808e-05
1.80025e-11	-7.50619e-05
1.80441e-11	-7.51431e-05
1.80856e-11	-7.52243e-05
1.81271e-11	-7.53054e-05
1.81687e-11	-7.53866e-05
1.82102e-11	-7.54677e-05
1.82517e-11	-7.55488e-05
1.82932e-11	-7.56299e-05
1.83348e-11	-7.5711e-05
1.83763e-11	-7.57921e-05
1.84178e-11	-7.58732e-05
1.84594e-11	-7.59543e-05
1.85009e-11	-7.60354e-05
1.85424e-11	-7.61165e-05
1.85839e-11	-7.61975e-05
1.86255e-11	-7.62786e-05
1.8667e-11	-7.63597e-05
1.87085e-11	-7.64407e-05
1.87501e-11	-7.65217e-05
1.87916e-11	-7.66028e-05
1.88331e-11	-7.66838e-05
1.88746e-11	-7.67648e-05
1.89162e-11	-7.68458e-05
1.89577e-11	-7.69268e-05
1.89992e-11	-7.70078e-05
1.90408e-11	-7.70887e-05
1.90823e-11	-7.71697e-05
1.91238e-11	-7.72507e-05
1.91653e-11	-7.73316e-05
1.92069e-11	-7.74126e-05
1.92484e-11	-7.74935e-05
1.92899e-11	-7.75744e-05
1.93315e-11	-7.76553e-05
1.9373e-11	-7.77363e-05
1.94145e-11	-7.78172e-05
1.9456e-11	-7.7898e-05
1.94976e-11	-7.79789e-05
1.95391e-11	-7.80598e-05
1.95806e-11	-7.81407e-05
1.96222e-11	-7.82215e-05
1.96637e-11	-7.83024e-05
1.97052e-11	-7.83832e-05
1.97467e-11	-7.84641e-05
1.97883e-11	-7.85449e-05
1.98298e-11	-7.86257e-05
1.98713e-11	-7.87065e-05
1.99129e-11	-7.87873e-05
1.99544e-11	-7.88681e-05
1.99959e-11	-7.89488e-05
2.00374e-11	-7.90296e-05
2.0079e-11	-7.91104e-05
2.01205e-11	-7.91911e-05
2.0162e-11	-7.92719e-05
2.02035e-11	-7.93526e-05
2.02451e-11	-7.94333e-05
2.02866e-11	-7.9514e-05
2.03281e-11	-7.95947e-05
2.03697e-11	-7.96754e-05
2.04112e-11	-7.97561e-05
2.04527e-11	-7.98368e-05
2.04942e-11	-7.99175e-05
2.05358e-11	-7.99981e-05
2.05773e-11	-8.00788e-05
2.06188e-11	-8.01594e-05
2.06604e-11	-8.024e-05
2.07019e-11	-8.03206e-05
2.07434e-11	-8.04013e-05
2.07849e-11	-8.04819e-05
2.08265e-11	-8.05624e-05
2.0868e-11	-8.0643e-05
2.09095e-11	-8.07236e-05
2.09511e-11	-8.08041e-05
2.09926e-11	-8.08847e-05
2.10341e-11	-8.09652e-05
2.10756e-11	-8.10458e-05
2.11172e-11	-8.11263e-05
2.11587e-11	-8.12068e-05
2.12002e-11	-8.12873e-05
2.12418e-11	-8.13678e-05
2.12833e-11	-8.14483e-05
2.13248e-11	-8.15287e-05
2.13663e-11	-8.16092e-05
2.14079e-11	-8.16896e-05
2.14494e-11	-8.17701e-05
2.14909e-11	-8.18505e-05
2.15325e-11	-8.19309e-05
2.1574e-11	-8.20113e-05
2.16155e-11	-8.20917e-05
2.1657e-11	-8.21721e-05
2.16986e-11	-8.22525e-05
2.17401e-11	-8.23328e-05
2.17816e-11	-8.24132e-05
2.18232e-11	-8.24935e-05
2.18647e-11	-8.25738e-05
2.19062e-11	-8.26542e-05
2.19477e-11	-8.27345e-05
2.19893e-11	-8.28148e-05
2.20308e-11	-8.28951e-05
2.20723e-11	-8.29753e-05
2.21139e-11	-8.30556e-05
2.21554e-11	-8.31358e-05
2.21969e-11	-8.32161e-05
2.22384e-11	-8.32963e-05
2.228e-11	-8.33765e-05
2.23215e-11	-8.34568e-05
2.2363e-11	-8.3537e-05
2.24046e-11	-8.36171e-05
2.24461e-11	-8.36973e-05
2.24876e-11	-8.37775e-05
2.25291e-11	-8.38576e-05
2.25707e-11	-8.39378e-05
2.26122e-11	-8.40179e-05
2.26537e-11	-8.4098e-05
2.26953e-11	-8.41781e-05
2.27368e-11	-8.42582e-05
2.27783e-11	-8.43383e-05
2.28198e-11	-8.44184e-05
2.28614e-11	-8.44984e-05
2.29029e-11	-8.45785e-05
2.29444e-11	-8.46585e-05
2.29859e-11	-8.47385e-05
2.30275e-11	-8.48186e-05
2.3069e-11	-8.48986e-05
2.31105e-11	-8.49785e-05
2.31521e-11	-8.50585e-05
2.31936e-11	-8.51385e-05
2.32351e-11	-8.52184e-05
2.32766e-11	-8.52984e-05
2.33182e-11	-8.53783e-05
2.33597e-11	-8.54582e-05
2.34012e-11	-8.55381e-05
2.34428e-11	-8.5618e-05
2.34843e-11	-8.56979e-05
2.35258e-11	-8.57778e-05
2.35673e-11	-8.58576e-05
2.36089e-11	-8.59375e-05
2.36504e-11	-8.60173e-05
2.36919e-11	-8.60971e-05
2.37335e-11	-8.61769e-05
2.3775e-11	-8.62567e-05
2.38165e-11	-8.63365e-05
2.3858e-11	-8.64163e-05
2.38996e-11	-8.6496e-05
2.39411e-11	-8.65757e-05
2.39826e-11	-8.66555e-05
2.40242e-11	-8.67352e-05
2.40657e-11	-8.68149e-05
2.41072e-11	-8.68946e-05
2.41487e-11	-8.69743e-05
2.41903e-11	-8.70539e-05
2.42318e-11	-8.71336e-05
2.42733e-11	-8.72132e-05
2.43149e-11	-8.72928e-05
2.43564e-11	-8.73724e-05
2.43979e-11	-8.7452e-05
2.44394e-11	-8.75316e-05
2.4481e-11	-8.76112e-05
2.45225e-11	-8.76908e-05
2.4564e-11	-8.77703e-05
2.46056e-11	-8.78498e-05
2.46471e-11	-8.79294e-05
2.46886e-11	-8.80089e-05
2.47301e-11	-8.80884e-05
2.47717e-11	-8.81678e-05
2.48132e-11	-8.82473e-05
2.48547e-11	-8.83268e-05
2.48963e-11	-8.84062e-05
2.49378e-11	-8.84856e-05
2.49793e-11	-8.8565e-05
2.50208e-11	-8.86444e-05
2.50624e-11	-8.87238e-05
2.51039e-11	-8.88032e-05
2.51454e-11	-8.88825e-05
2.5187e-11	-8.89619e-05
2.52285e-11	-8.90412e-05
2.527e-11	-8.91205e-05
2.53115e-11	-8.91998e-05
2.53531e-11	-8.92791e-05
2.53946e-11	-8.93584e-05
2.54361e-11	-8.94376e-05
2.54777e-11	-8.95169e-05
2.55192e-11	-8.95961e-05
2.55607e-11	-8.96753e-05
2.56022e-11	-8.97545e-05
2.56438e-11	-8.98337e-05
2.56853e-11	-8.99129e-05
2.57268e-11	-8.9992e-05
2.57683e-11	-9.00712e-05
2.58099e-11	-9.01503e-05
2.58514e-11	-9.02294e-05
2.58929e-11	-9.03085e-05
2.59345e-11	-9.03876e-05
2.5976e-11	-9.04667e-05
2.60175e-11	-9.05457e-05
2.6059e-11	-9.06248e-05
2.61006e-11	-9.07038e-05
2.61421e-11	-9.07828e-05
2.61836e-11	-9.08618e-05
2.62252e-11	-9.09408e-05
2.62667e-11	-9.10198e-05
2.63082e-11	-9.10987e-05
2.63497e-11	-9.11777e-05
2.63913e-11	-9.12566e-05
2.64328e-11	-9.13355e-05
2.64743e-11	-9.14144e-05
2.65159e-11	-9.14933e-05
2.65574e-11	-9.15721e-05
2.65989e-11	-9.1651e-05
2.66404e-11	-9.17298e-05
2.6682e-11	-9.18086e-05
2.67235e-11	-9.18874e-05
2.6765e-11	-9.19662e-05
2.68066e-11	-9.2045e-05
2.68481e-11	-9.21237e-05
2.68896e-11	-9.22025e-05
2.69311e-11	-9.22812e-05
2.69727e-11	-9.23599e-05
2.70142e-11	-9.24386e-05
2.70557e-11	-9.25173e-05
2.70973e-11	-9.25959e-05
2.71388e-11	-9.26746e-05
2.71803e-11	-9.27532e-05
2.72218e-11	-9.28318e-05
2.72634e-11	-9.29104e-05
2.73049e-11	-9.2989e-05
2.73464e-11	-9.30676e-05
2.7388e-11	-9.31461e-05
2.74295e-11	-9.32246e-05
2.7471e-11	-9.33032e-05
2.75125e-11	-9.33817e-05
2.75541e-11	-9.34601e-05
2.75956e-11	-9.35386e-05
2.76371e-11	-9.36171e-05
2.76787e-11	-9.36955e-05
2.77202e-11	-9.37739e-05
2.77617e-11	-9.38523e-05
2.78032e-11	-9.39307e-05
2.78448e-11	-9.40091e-05
2.78863e-11	-9.40874e-05
2.79278e-11	-9.41658e-05
2.79694e-11	-9.42441e-05
2.80109e-11	-9.43224e-05
2.80524e-11	-9.44007e-05
2.80939e-11	-9.4479e-05
2.81355e-11	-9.45572e-05
2.8177e-11	-9.46355e-05
2.82185e-11	-9.47137e-05
2.82601e-11	-9.47919e-05
2.83016e-11	-9.48701e-05
2.83431e-11	-9.49483e-05
2.83846e-11	-9.50264e-05
2.84262e-11	-9.51046e-05
2.84677e-11	-9.51827e-05
2.85092e-11	-9.52608e-05
2.85507e-11	-9.53389e-05
2.85923e-11	-9.54169e-05
2.86338e-11	-9.5495e-05
2.86753e-11	-9.5573e-05
2.87169e-11	-9.5651e-05
2.87584e-11	-9.5729e-05
2.87999e-11	-9.5807e-05
2.88414e-11	-9.5885e-05
2.8883e-11	-9.59629e-05
2.89245e-11	-9.60409e-05
2.8966e-11	-9.61188e-05
2.90076e-11	-9.61967e-05
2.90491e-11	-9.62746e-05
2.90906e-11	-9.63524e-05
2.91321e-11	-9.64303e-05
2.91737e-11	-9.65081e-05
2.92152e-11	-9.65859e-05
2.92567e-11	-9.66637e-05
2.92983e-11	-9.67415e-05
2.93398e-11	-9.68192e-05
2.93813e-11	-9.6897e-05
2.94228e-11	-9.69747e-05
2.94644e-11	-9.70524e-05
2.95059e-11	-9.71301e-05
2.95474e-11	-9.72077e-05
2.9589e-11	-9.72854e-05
2.96305e-11	-9.7363e-05
2.9672e-11	-9.74406e-05
2.97135e-11	-9.75182e-05
2.97551e-11	-9.75958e-05
2.97966e-11	-9.76733e-05
2.98381e-11	-9.77509e-05
2.98797e-11	-9.78284e-05
2.99212e-11	-9.79059e-05
2.99627e-11	-9.79834e-05
3.00042e-11	-9.80609e-05
3.00458e-11	-9.81383e-05
3.00873e-11	-9.82157e-05
3.01288e-11	-9.82931e-05
3.01704e-11	-9.83705e-05
3.02119e-11	-9.84479e-05
3.02534e-11	-9.85253e-05
3.02949e-11	-9.86026e-05
3.03365e-11	-9.86799e-05
3.0378e-11	-9.87572e-05
3.04195e-11	-9.88345e-05
3.04611e-11	-9.89117e-05
3.05026e-11	-9.8989e-05
3.05441e-11	-9.90662e-05
3.05856e-11	-9.91434e-05
3.06272e-11	-9.92206e-05
3.06687e-11	-9.92978e-05
3.07102e-11	-9.93749e-05
3.07518e-11	-9.9452e-05
3.07933e-11	-9.95291e-05
3.08348e-11	-9.96062e-05
3.08763e-11	-9.96833e-05
3.09179e-11	-9.97603e-05
3.09594e-11	-9.98374e-05
3.10009e-11	-9.99144e-05
3.10425e-11	-9.99914e-05
3.1084e-11	-0.000100068
3.11255e-11	-0.000100145
3.1167e-11	-0.000100222
3.12086e-11	-0.000100299
3.12501e-11	-0.000100376
3.12916e-11	-0.000100453
3.13332e-11	-0.00010053
3.13747e-11	-0.000100607
3.14162e-11	-0.000100683
3.14577e-11	-0.00010076
3.14993e-11	-0.000100837
3.15408e-11	-0.000100914
3.15823e-11	-0.00010099
3.16238e-11	-0.000101067
3.16654e-11	-0.000101144
3.17069e-11	-0.000101221
3.17484e-11	-0.000101297
3.179e-11	-0.000101374
3.18315e-11	-0.00010145
3.1873e-11	-0.000101527
3.19145e-11	-0.000101604
3.19561e-11	-0.00010168
3.19976e-11	-0.000101757
3.20391e-11	-0.000101833
3.20807e-11	-0.00010191
3.21222e-11	-0.000101986
3.21637e-11	-0.000102063
3.22052e-11	-0.000102139
3.22468e-11	-0.000102215
3.22883e-11	-0.000102292
3.23298e-11	-0.000102368
3.23714e-11	-0.000102445
3.24129e-11	-0.000102521
3.24544e-11	-0.000102597
3.24959e-11	-0.000102674
3.25375e-11	-0.00010275
3.2579e-11	-0.000102826
3.26205e-11	-0.000102902
3.26621e-11	-0.000102978
3.27036e-11	-0.000103055
3.27451e-11	-0.000103131
3.27866e-11	-0.000103207
3.28282e-11	-0.000103283
3.28697e-11	-0.000103359
3.29112e-11	-0.000103435
3.29528e-11	-0.000103511
3.29943e-11	-0.000103587
3.30358e-11	-0.000103663
3.30773e-11	-0.000103739
3.31189e-11	-0.000103815
3.31604e-11	-0.000103891
3.32019e-11	-0.000103967
3.32435e-11	-0.000104043
3.3285e-11	-0.000104119
3.33265e-11	-0.000104195
3.3368e-11	-0.000104271
3.34096e-11	-0.000104346
3.34511e-11	-0.000104422
3.34926e-11	-0.000104498
3.35342e-11	-0.000104574
3.35757e-11	-0.00010465
3.36172e-11	-0.000104725
3.36587e-11	-0.000104801
3.37003e-11	-0.000104877
3.37418e-11	-0.000104952
3.37833e-11	-0.000105028
3.38249e-11	-0.000105103
3.38664e-11	-0.000105179
3.39079e-11	-0.000105255
3.39494e-11	-0.00010533
3.3991e-11	-0.000105406
3.40325e-11	-0.000105481
3.4074e-11	-0.000105557
3.41156e-11	-0.000105632
3.41571e-11	-0.000105707
3.41986e-11	-0.000105783
3.42401e-11	-0.000105858
3.42817e-11	-0.000105934
3.43232e-11	-0.000106009
3.43647e-11	-0.000106084
3.44062e-11	-0.000106159
3.44478e-11	-0.000106235
3.44893e-11	-0.00010631
3.45308e-11	-0.000106385
3.45724e-11	-0.00010646
3.46139e-11	-0.000106536
3.46554e-11	-0.000106611
3.46969e-11	-0.000106686
3.47385e-11	-0.000106761
3.478e-11	-0.000106836
3.48215e-11	-0.000106911
3.48631e-11	-0.000106986
3.49046e-11	-0.000107061
3.49461e-11	-0.000107136
3.49876e-11	-0.000107211
3.50292e-11	-0.000107286
3.50707e-11	-0.000107361
3.51122e-11	-0.000107436
3.51538e-11	-0.000107511
3.51953e-11	-0.000107586
3.52368e-11	-0.00010766
3.52783e-11	-0.000107735
3.53199e-11	-0.00010781
3.53614e-11	-0.000107885
3.54029e-11	-0.000107959
3.54445e-11	-0.000108034
3.5486e-11	-0.000108109
3.55275e-11	-0.000108183
3.5569e-11	-0.000108258
3.56106e-11	-0.000108333
3.56521e-11	-0.000108407
3.56936e-11	-0.000108482
3.57352e-11	-0.000108556
3.57767e-11	-0.000108631
3.58182e-11	-0.000108705
3.58597e-11	-0.00010878
3.59013e-11	-0.000108854
3.59428e-11	-0.000108929
3.59843e-11	-0.000109003
3.60259e-11	-0.000109078
3.60674e-11	-0.000109152
3.61089e-11	-0.000109226
3.61504e-11	-0.0001093
3.6192e-11	-0.000109375
3.62335e-11	-0.000109449
3.6275e-11	-0.000109523
3.63166e-11	-0.000109597
3.63581e-11	-0.000109672
3.63996e-11	-0.000109746
3.64411e-11	-0.00010982
3.64827e-11	-0.000109894
3.65242e-11	-0.000109968
3.65657e-11	-0.000110042
3.66073e-11	-0.000110116
3.66488e-11	-0.00011019
3.66903e-11	-0.000110264
3.67318e-11	-0.000110338
3.67734e-11	-0.000110412
3.68149e-11	-0.000110486
3.68564e-11	-0.00011056
3.6898e-11	-0.000110634
3.69395e-11	-0.000110707
3.6981e-11	-0.000110781
3.70225e-11	-0.000110855
3.70641e-11	-0.000110929
3.71056e-11	-0.000111003
3.71471e-11	-0.000111076
3.71886e-11	-0.00011115
3.72302e-11	-0.000111224
3.72717e-11	-0.000111297
3.73132e-11	-0.000111371
3.73548e-11	-0.000111444
3.73963e-11	-0.000111518
3.74378e-11	-0.000111591
3.74793e-11	-0.000111665
3.75209e-11	-0.000111738
3.75624e-11	-0.000111812
3.76039e-11	-0.000111885
3.76455e-11	-0.000111959
3.7687e-11	-0.000112032
3.77285e-11	-0.000112105
3.777e-11	-0.000112179
3.78116e-11	-0.000112252
3.78531e-11	-0.000112325
3.78946e-11	-0.000112398
3.79362e-11	-0.000112472
3.79777e-11	-0.000112545
3.80192e-11	-0.000112618
3.80607e-11	-0.000112691
3.81023e-11	-0.000112764
3.81438e-11	-0.000112837
3.81853e-11	-0.00011291
3.82269e-11	-0.000112983
3.82684e-11	-0.000113056
3.83099e-11	-0.000113129
3.83514e-11	-0.000113202
3.8393e-11	-0.000113275
3.84345e-11	-0.000113348
3.8476e-11	-0.000113421
3.85176e-11	-0.000113494
3.85591e-11	-0.000113567
3.86006e-11	-0.00011364
3.86421e-11	-0.000113712
3.86837e-11	-0.000113785
3.87252e-11	-0.000113858
3.87667e-11	-0.00011393
3.88083e-11	-0.000114003
3.88498e-11	-0.000114076
3.88913e-11	-0.000114148
3.89328e-11	-0.000114221
3.89744e-11	-0.000114293
3.90159e-11	-0.000114366
3.90574e-11	-0.000114438
3.9099e-11	-0.000114511
3.91405e-11	-0.000114583
3.9182e-11	-0.000114656
3.92235e-11	-0.000114728
3.92651e-11	-0.000114801
3.93066e-11	-0.000114873
3.93481e-11	-0.000114945
3.93897e-11	-0.000115017
3.94312e-11	-0.00011509
3.94727e-11	-0.000115162
3.95142e-11	-0.000115234
3.95558e-11	-0.000115306
3.95973e-11	-0.000115378
3.96388e-11	-0.000115451
3.96804e-11	-0.000115523
3.97219e-11	-0.000115595
3.97634e-11	-0.000115667
3.98049e-11	-0.000115739
3.98465e-11	-0.000115811
3.9888e-11	-0.000115883
3.99295e-11	-0.000115955
3.9971e-11	-0.000116026
4.00126e-11	-0.000116098
4.00541e-11	-0.00011617
4.00956e-11	-0.000116242
4.01372e-11	-0.000116314
4.01787e-11	-0.000116385
4.02202e-11	-0.000116457
4.02617e-11	-0.000116529
4.03033e-11	-0.0001166
4.03448e-11	-0.000116672
4.03863e-11	-0.000116744
4.04279e-11	-0.000116815
4.04694e-11	-0.000116887
4.05109e-11	-0.000116958
4.05524e-11	-0.00011703
4.0594e-11	-0.000117101
4.06355e-11	-0.000117173
4.0677e-11	-0.000117244
4.07186e-11	-0.000117316
4.07601e-11	-0.000117387
4.08016e-11	-0.000117458
4.08431e-11	-0.00011753
4.08847e-11	-0.000117601
4.09262e-11	-0.000117672
4.09677e-11	-0.000117743
4.10093e-11	-0.000117814
4.10508e-11	-0.000117886
4.10923e-11	-0.000117957
4.11338e-11	-0.000118028
4.11754e-11	-0.000118099
4.12169e-11	-0.00011817
4.12584e-11	-0.000118241
4.13e-11	-0.000118312
4.13415e-11	-0.000118383
4.1383e-11	-0.000118454
4.14245e-11	-0.000118525
4.14661e-11	-0.000118595
4.15076e-11	-0.000118666
4.15491e-11	-0.000118737
4.15907e-11	-0.000118808
4.16322e-11	-0.000118878
4.16737e-11	-0.000118949
4.17152e-11	-0.00011902
4.17568e-11	-0.000119091
4.17983e-11	-0.000119161
4.18398e-11	-0.000119232
4.18814e-11	-0.000119302
4.19229e-11	-0.000119373
4.19644e-11	-0.000119443
4.20059e-11	-0.000119514
4.20475e-11	-0.000119584
4.2089e-11	-0.000119655
4.21305e-11	-0.000119725
4.21721e-11	-0.000119795
4.22136e-11	-0.000119866
4.22551e-11	-0.000119936
4.22966e-11	-0.000120006
4.23382e-11	-0.000120076
4.23797e-11	-0.000120147
4.24212e-11	-0.000120217
4.24628e-11	-0.000120287
4.25043e-11	-0.000120357
4.25458e-11	-0.000120427
4.25873e-11	-0.000120497
4.26289e-11	-0.000120567
4.26704e-11	-0.000120637
4.27119e-11	-0.000120707
4.27535e-11	-0.000120777
4.2795e-11	-0.000120847
4.28365e-11	-0.000120917
4.2878e-11	-0.000120987
4.29196e-11	-0.000121056
4.29611e-11	-0.000121126
4.30026e-11	-0.000121196
4.30441e-11	-0.000121266
4.30857e-11	-0.000121335
4.31272e-11	-0.000121405
4.31687e-11	-0.000121474
4.32103e-11	-0.000121544
4.32518e-11	-0.000121614
4.32933e-11	-0.000121683
4.33348e-11	-0.000121753
4.33764e-11	-0.000121822
4.34179e-11	-0.000121891
4.34594e-11	-0.000121961
4.3501e-11	-0.00012203
4.35425e-11	-0.0001221
4.3584e-11	-0.000122169
4.36255e-11	-0.000122238
4.36671e-11	-0.000122307
4.37086e-11	-0.000122377
4.37501e-11	-0.000122446
4.37917e-11	-0.000122515
4.38332e-11	-0.000122584
4.38747e-11	-0.000122653
4.39162e-11	-0.000122722
4.39578e-11	-0.000122791
4.39993e-11	-0.00012286
4.40408e-11	-0.000122929
4.40824e-11	-0.000122998
4.41239e-11	-0.000123067
4.41654e-11	-0.000123136
4.42069e-11	-0.000123205
4.42485e-11	-0.000123273
4.429e-11	-0.000123342
4.43315e-11	-0.000123411
4.43731e-11	-0.000123479
4.44146e-11	-0.000123548
4.44561e-11	-0.000123617
4.44976e-11	-0.000123685
4.45392e-11	-0.000123754
4.45807e-11	-0.000123822
4.46222e-11	-0.000123891
4.46638e-11	-0.000123959
4.47053e-11	-0.000124028
4.47468e-11	-0.000124096
4.47883e-11	-0.000124165
4.48299e-11	-0.000124233
4.48714e-11	-0.000124301
4.49129e-11	-0.00012437
4.49545e-11	-0.000124438
4.4996e-11	-0.000124506
4.50375e-11	-0.000124574
4.5079e-11	-0.000124642
4.51206e-11	-0.00012471
4.51621e-11	-0.000124778
4.52036e-11	-0.000124846
4.52452e-11	-0.000124914
4.52867e-11	-0.000124982
4.53282e-11	-0.00012505
4.53697e-11	-0.000125118
4.54113e-11	-0.000125186
4.54528e-11	-0.000125254
4.54943e-11	-0.000125322
4.55359e-11	-0.00012539
4.55774e-11	-0.000125457
4.56189e-11	-0.000125525
4.56604e-11	-0.000125593
4.5702e-11	-0.00012566
4.57435e-11	-0.000125728
4.5785e-11	-0.000125795
4.58265e-11	-0.000125863
4.58681e-11	-0.000125931
4.59096e-11	-0.000125998
4.59511e-11	-0.000126065
4.59927e-11	-0.000126133
4.60342e-11	-0.0001262
4.60757e-11	-0.000126268
4.61172e-11	-0.000126335
4.61588e-11	-0.000126402
4.62003e-11	-0.000126469
4.62418e-11	-0.000126537
4.62834e-11	-0.000126604
4.63249e-11	-0.000126671
4.63664e-11	-0.000126738
4.64079e-11	-0.000126805
4.64495e-11	-0.000126872
4.6491e-11	-0.000126939
4.65325e-11	-0.000127006
4.65741e-11	-0.000127073
4.66156e-11	-0.00012714
4.66571e-11	-0.000127207
4.66986e-11	-0.000127273
4.67402e-11	-0.00012734
4.67817e-11	-0.000127407
4.68232e-11	-0.000127474
4.68648e-11	-0.00012754
4.69063e-11	-0.000127607
4.69478e-11	-0.000127674
4.69893e-11	-0.00012774
4.70309e-11	-0.000127807
4.70724e-11	-0.000127873
4.71139e-11	-0.00012794
4.71555e-11	-0.000128006
4.7197e-11	-0.000128073
4.72385e-11	-0.000128139
4.728e-11	-0.000128205
4.73216e-11	-0.000128272
4.73631e-11	-0.000128338
4.74046e-11	-0.000128404
4.74462e-11	-0.00012847
4.74877e-11	-0.000128536
4.75292e-11	-0.000128603
4.75707e-11	-0.000128669
4.76123e-11	-0.000128735
4.76538e-11	-0.000128801
4.76953e-11	-0.000128867
4.77369e-11	-0.000128933
4.77784e-11	-0.000128999
4.78199e-11	-0.000129064
4.78614e-11	-0.00012913
4.7903e-11	-0.000129196
4.79445e-11	-0.000129262
4.7986e-11	-0.000129328
4.80276e-11	-0.000129393
4.80691e-11	-0.000129459
4.81106e-11	-0.000129525
4.81521e-11	-0.00012959
4.81937e-11	-0.000129656
4.82352e-11	-0.000129721
4.82767e-11	-0.000129787
4.83183e-11	-0.000129852
4.83598e-11	-0.000129918
4.84013e-11	-0.000129983
4.84428e-11	-0.000130048
4.84844e-11	-0.000130114
4.85259e-11	-0.000130179
4.85674e-11	-0.000130244
4.86089e-11	-0.000130309
4.86505e-11	-0.000130374
4.8692e-11	-0.00013044
4.87335e-11	-0.000130505
4.87751e-11	-0.00013057
4.88166e-11	-0.000130635
4.88581e-11	-0.0001307
4.88996e-11	-0.000130765
4.89412e-11	-0.000130829
4.89827e-11	-0.000130894
4.90242e-11	-0.000130959
4.90658e-11	-0.000131024
4.91073e-11	-0.000131089
4.91488e-11	-0.000131153
4.91903e-11	-0.000131218
4.92319e-11	-0.000131283
4.92734e-11	-0.000131347
4.93149e-11	-0.000131412
4.93565e-11	-0.000131476
4.9398e-11	-0.000131541
4.94395e-11	-0.000131605
4.9481e-11	-0.00013167
4.95226e-11	-0.000131734
4.95641e-11	-0.000131799
4.96056e-11	-0.000131863
4.96472e-11	-0.000131927
4.96887e-11	-0.000131991
4.97302e-11	-0.000132056
4.97717e-11	-0.00013212
4.98133e-11	-0.000132184
4.98548e-11	-0.000132248
4.98963e-11	-0.000132312
4.99379e-11	-0.000132376
4.99794e-11	-0.00013244
5.00209e-11	-0.000132504
5.00624e-11	-0.000132568
5.0104e-11	-0.000132632
5.01455e-11	-0.000132695
5.0187e-11	-0.000132759
5.02286e-11	-0.000132823
5.02701e-11	-0.000132887
5.03116e-11	-0.00013295
5.03531e-11	-0.000133014
5.03947e-11	-0.000133078
5.04362e-11	-0.000133141
5.04777e-11	-0.000133205
5.05193e-11	-0.000133268
5.05608e-11	-0.000133332
5.06023e-11	-0.000133395
5.06438e-11	-0.000133458
5.06854e-11	-0.000133522
5.07269e-11	-0.000133585
5.07684e-11	-0.000133648
5.081e-11	-0.000133711
5.08515e-11	-0.000133775
5.0893e-11	-0.000133838
5.09345e-11	-0.000133901
5.09761e-11	-0.000133964
5.10176e-11	-0.000134027
5.10591e-11	-0.00013409
5.11007e-11	-0.000134153
5.11422e-11	-0.000134216
5.11837e-11	-0.000134279
5.12252e-11	-0.000134341
5.12668e-11	-0.000134404
5.13083e-11	-0.000134467
5.13498e-11	-0.00013453
5.13913e-11	-0.000134592
5.14329e-11	-0.000134655
5.14744e-11	-0.000134717
5.15159e-11	-0.00013478
5.15575e-11	-0.000134843
5.1599e-11	-0.000134905
5.16405e-11	-0.000134967
5.1682e-11	-0.00013503
5.17236e-11	-0.000135092
5.17651e-11	-0.000135154
5.18066e-11	-0.000135217
5.18482e-11	-0.000135279
5.18897e-11	-0.000135341
5.19312e-11	-0.000135403
5.19727e-11	-0.000135465
5.20143e-11	-0.000135528
5.20558e-11	-0.00013559
5.20973e-11	-0.000135652
5.21389e-11	-0.000135714
5.21804e-11	-0.000135775
5.22219e-11	-0.000135837
5.22634e-11	-0.000135899
5.2305e-11	-0.000135961
5.23465e-11	-0.000136023
5.2388e-11	-0.000136084
5.24296e-11	-0.000136146
5.24711e-11	-0.000136208
5.25126e-11	-0.000136269
5.25541e-11	-0.000136331
5.25957e-11	-0.000136392
5.26372e-11	-0.000136454
5.26787e-11	-0.000136515
5.27203e-11	-0.000136577
5.27618e-11	-0.000136638
5.28033e-11	-0.000136699
5.28448e-11	-0.000136761
5.28864e-11	-0.000136822
5.29279e-11	-0.000136883
5.29694e-11	-0.000136944
5.3011e-11	-0.000137005
5.30525e-11	-0.000137067
5.3094e-11	-0.000137128
5.31355e-11	-0.000137189
5.31771e-11	-0.00013725
5.32186e-11	-0.00013731
5.32601e-11	-0.000137371
5.33017e-11	-0.000137432
5.33432e-11	-0.000137493
5.33847e-11	-0.000137554
5.34262e-11	-0.000137614
5.34678e-11	-0.000137675
5.35093e-11	-0.000137736
5.35508e-11	-0.000137796
5.35924e-11	-0.000137857
5.36339e-11	-0.000137917
5.36754e-11	-0.000137978
5.37169e-11	-0.000138038
5.37585e-11	-0.000138099
5.38e-11	-0.000138159
5.38415e-11	-0.000138219
5.38831e-11	-0.000138279
5.39246e-11	-0.00013834
5.39661e-11	-0.0001384
5.40076e-11	-0.00013846
5.40492e-11	-0.00013852
5.40907e-11	-0.00013858
5.41322e-11	-0.00013864
5.41738e-11	-0.0001387
5.42153e-11	-0.00013876
5.42568e-11	-0.00013882
5.42983e-11	-0.00013888
5.43399e-11	-0.00013894
5.43814e-11	-0.000138999
5.44229e-11	-0.000139059
5.44644e-11	-0.000139119
5.4506e-11	-0.000139178
5.45475e-11	-0.000139238
5.4589e-11	-0.000139297
5.46306e-11	-0.000139357
5.46721e-11	-0.000139416
5.47136e-11	-0.000139476
5.47551e-11	-0.000139535
5.47967e-11	-0.000139595
5.48382e-11	-0.000139654
5.48797e-11	-0.000139713
5.49213e-11	-0.000139772
5.49628e-11	-0.000139832
5.50043e-11	-0.000139891
5.50458e-11	-0.00013995
5.50874e-11	-0.000140009
5.51289e-11	-0.000140068
5.51704e-11	-0.000140127
5.5212e-11	-0.000140186
5.52535e-11	-0.000140245
5.5295e-11	-0.000140303
5.53365e-11	-0.000140362
5.53781e-11	-0.000140421
5.54196e-11	-0.00014048
5.54611e-11	-0.000140538
5.55027e-11	-0.000140597
5.55442e-11	-0.000140655
5.55857e-11	-0.000140714
5.56272e-11	-0.000140772
5.56688e-11	-0.000140831
5.57103e-11	-0.000140889
5.57518e-11	-0.000140948
5.57934e-11	-0.000141006
5.58349e-11	-0.000141064
5.58764e-11	-0.000141122
5.59179e-11	-0.000141181
5.59595e-11	-0.000141239
5.6001e-11	-0.000141297
5.60425e-11	-0.000141355
5.60841e-11	-0.000141413
5.61256e-11	-0.000141471
5.61671e-11	-0.000141529
5.62086e-11	-0.000141587
5.62502e-11	-0.000141645
5.62917e-11	-0.000141702
5.63332e-11	-0.00014176
5.63748e-11	-0.000141818
5.64163e-11	-0.000141875
5.64578e-11	-0.000141933
5.64993e-11	-0.000141991
5.65409e-11	-0.000142048
5.65824e-11	-0.000142106
5.66239e-11	-0.000142163
5.66655e-11	-0.000142221
5.6707e-11	-0.000142278
5.67485e-11	-0.000142335
5.679e-11	-0.000142392
5.68316e-11	-0.00014245
5.68731e-11	-0.000142507
5.69146e-11	-0.000142564
5.69562e-11	-0.000142621
5.69977e-11	-0.000142678
5.70392e-11	-0.000142735
5.70807e-11	-0.000142792
5.71223e-11	-0.000142849
5.71638e-11	-0.000142906
5.72053e-11	-0.000142963
5.72468e-11	-0.000143019
5.72884e-11	-0.000143076
5.73299e-11	-0.000143133
5.73714e-11	-0.00014319
5.7413e-11	-0.000143246
5.74545e-11	-0.000143303
5.7496e-11	-0.000143359
5.75375e-11	-0.000143416
5.75791e-11	-0.000143472
5.76206e-11	-0.000143529
5.76621e-11	-0.000143585
5.77037e-11	-0.000143641
5.77452e-11	-0.000143697
5.77867e-11	-0.000143754
5.78282e-11	-0.00014381
5.78698e-11	-0.000143866
5.79113e-11	-0.000143922
5.79528e-11	-0.000143978
5.79944e-11	-0.000144034
5.80359e-11	-0.00014409
5.80774e-11	-0.000144146
5.81189e-11	-0.000144202
5.81605e-11	-0.000144257
5.8202e-11	-0.000144313
5.82435e-11	-0.000144369
5.82851e-11	-0.000144424
5.83266e-11	-0.00014448
5.83681e-11	-0.000144536
5.84096e-11	-0.000144591
5.84512e-11	-0.000144647
5.84927e-11	-0.000144702
5.85342e-11	-0.000144757
5.85758e-11	-0.000144813
5.86173e-11	-0.000144868
5.86588e-11	-0.000144923
5.87003e-11	-0.000144978
5.87419e-11	-0.000145034
5.87834e-11	-0.000145089
5.88249e-11	-0.000145144
5.88665e-11	-0.000145199
5.8908e-11	-0.000145254
5.89495e-11	-0.000145309
5.8991e-11	-0.000145364
5.90326e-11	-0.000145418
5.90741e-11	-0.000145473
5.91156e-11	-0.000145528
5.91572e-11	-0.000145583
5.91987e-11	-0.000145637
5.92402e-11	-0.000145692
5.92817e-11	-0.000145746
5.93233e-11	-0.000145801
5.93648e-11	-0.000145855
5.94063e-11	-0.00014591
5.94479e-11	-0.000145964
5.94894e-11	-0.000146019
5.95309e-11	-0.000146073
5.95724e-11	-0.000146127
5.9614e-11	-0.000146181
5.96555e-11	-0.000146235
5.9697e-11	-0.000146289
5.97386e-11	-0.000146344
5.97801e-11	-0.000146397
5.98216e-11	-0.000146451
5.98631e-11	-0.000146505
5.99047e-11	-0.000146559
5.99462e-11	-0.000146613
5.99877e-11	-0.000146667
6.00292e-11	-0.00014672
6.00708e-11	-0.000146774
6.01123e-11	-0.000146828
6.01538e-11	-0.000146881
6.01954e-11	-0.000146935
6.02369e-11	-0.000146988
6.02784e-11	-0.000147042
6.03199e-11	-0.000147095
6.03615e-11	-0.000147149
6.0403e-11	-0.000147202
6.04445e-11	-0.000147255
6.04861e-11	-0.000147308
6.05276e-11	-0.000147361
6.05691e-11	-0.000147414
6.06106e-11	-0.000147468
6.06522e-11	-0.000147521
6.06937e-11	-0.000147573
6.07352e-11	-0.000147626
6.07768e-11	-0.000147679
6.08183e-11	-0.000147732
6.08598e-11	-0.000147785
6.09013e-11	-0.000147838
6.09429e-11	-0.00014789
6.09844e-11	-0.000147943
6.10259e-11	-0.000147995
6.10675e-11	-0.000148048
6.1109e-11	-0.0001481
6.11505e-11	-0.000148153
6.1192e-11	-0.000148205
6.12336e-11	-0.000148258
6.12751e-11	-0.00014831
6.13166e-11	-0.000148362
6.13582e-11	-0.000148414
6.13997e-11	-0.000148466
6.14412e-11	-0.000148519
6.14827e-11	-0.000148571
6.15243e-11	-0.000148623
6.15658e-11	-0.000148674
6.16073e-11	-0.000148726
6.16489e-11	-0.000148778
6.16904e-11	-0.00014883
6.17319e-11	-0.000148882
6.17734e-11	-0.000148933
6.1815e-11	-0.000148985
6.18565e-11	-0.000149037
6.1898e-11	-0.000149088
6.19396e-11	-0.00014914
6.19811e-11	-0.000149191
6.20226e-11	-0.000149243
6.20641e-11	-0.000149294
6.21057e-11	-0.000149345
6.21472e-11	-0.000149397
6.21887e-11	-0.000149448
6.22303e-11	-0.000149499
6.22718e-11	-0.00014955
6.23133e-11	-0.000149601
6.23548e-11	-0.000149652
6.23964e-11	-0.000149703
6.24379e-11	-0.000149754
6.24794e-11	-0.000149805
6.2521e-11	-0.000149856
6.25625e-11	-0.000149907
6.2604e-11	-0.000149957
6.26455e-11	-0.000150008
6.26871e-11	-0.000150059
6.27286e-11	-0.000150109
6.27701e-11	-0.00015016
6.28116e-11	-0.00015021
6.28532e-11	-0.000150261
6.28947e-11	-0.000150311
6.29362e-11	-0.000150361
6.29778e-11	-0.000150412
6.30193e-11	-0.000150462
6.30608e-11	-0.000150512
6.31023e-11	-0.000150562
6.31439e-11	-0.000150612
6.31854e-11	-0.000150662
6.32269e-11	-0.000150712
6.32685e-11	-0.000150762
6.331e-11	-0.000150812
6.33515e-11	-0.000150862
6.3393e-11	-0.000150912
6.34346e-11	-0.000150961
6.34761e-11	-0.000151011
6.35176e-11	-0.000151061
6.35592e-11	-0.00015111
6.36007e-11	-0.00015116
6.36422e-11	-0.000151209
6.36837e-11	-0.000151259
6.37253e-11	-0.000151308
6.37668e-11	-0.000151357
6.38083e-11	-0.000151407
6.38499e-11	-0.000151456
6.38914e-11	-0.000151505
6.39329e-11	-0.000151554
6.39744e-11	-0.000151603
6.4016e-11	-0.000151652
6.40575e-11	-0.000151701
6.4099e-11	-0.00015175
6.41406e-11	-0.000151799
6.41821e-11	-0.000151848
6.42236e-11	-0.000151897
6.42651e-11	-0.000151945
6.43067e-11	-0.000151994
6.43482e-11	-0.000152043
6.43897e-11	-0.000152091
6.44313e-11	-0.00015214
6.44728e-11	-0.000152188
6.45143e-11	-0.000152237
6.45558e-11	-0.000152285
6.45974e-11	-0.000152333
6.46389e-11	-0.000152382
6.46804e-11	-0.00015243
6.4722e-11	-0.000152478
6.47635e-11	-0.000152526
6.4805e-11	-0.000152574
6.48465e-11	-0.000152622
6.48881e-11	-0.00015267
6.49296e-11	-0.000152718
6.49711e-11	-0.000152766
6.50127e-11	-0.000152814
6.50542e-11	-0.000152861
6.50957e-11	-0.000152909
6.51372e-11	-0.000152957
6.51788e-11	-0.000153004
6.52203e-11	-0.000153052
6.52618e-11	-0.000153099
6.53034e-11	-0.000153147
6.53449e-11	-0.000153194
6.53864e-11	-0.000153241
6.54279e-11	-0.000153289
6.54695e-11	-0.000153336
6.5511e-11	-0.000153383
6.55525e-11	-0.00015343
6.55941e-11	-0.000153477
6.56356e-11	-0.000153524
6.56771e-11	-0.000153571
6.57186e-11	-0.000153618
6.57602e-11	-0.000153665
6.58017e-11	-0.000153712
6.58432e-11	-0.000153759
6.58847e-11	-0.000153805
6.59263e-11	-0.000153852
6.59678e-11	-0.000153899
6.60093e-11	-0.000153945
6.60509e-11	-0.000153992
6.60924e-11	-0.000154038
6.61339e-11	-0.000154085
6.61754e-11	-0.000154131
6.6217e-11	-0.000154177
6.62585e-11	-0.000154223
6.63e-11	-0.00015427
6.63416e-11	-0.000154316
6.63831e-11	-0.000154362
6.64246e-11	-0.000154408
6.64661e-11	-0.000154454
6.65077e-11	-0.0001545
6.65492e-11	-0.000154546
6.65907e-11	-0.000154591
6.66323e-11	-0.000154637
6.66738e-11	-0.000154683
6.67153e-11	-0.000154729
6.67568e-11	-0.000154774
6.67984e-11	-0.00015482
6.68399e-11	-0.000154865
6.68814e-11	-0.000154911
6.6923e-11	-0.000154956
6.69645e-11	-0.000155001
6.7006e-11	-0.000155047
6.70475e-11	-0.000155092
6.70891e-11	-0.000155137
6.71306e-11	-0.000155182
6.71721e-11	-0.000155227
6.72137e-11	-0.000155272
6.72552e-11	-0.000155317
6.72967e-11	-0.000155362
6.73382e-11	-0.000155407
6.73798e-11	-0.000155452
6.74213e-11	-0.000155496
6.74628e-11	-0.000155541
6.75044e-11	-0.000155586
6.75459e-11	-0.00015563
6.75874e-11	-0.000155675
6.76289e-11	-0.000155719
6.76705e-11	-0.000155764
6.7712e-11	-0.000155808
6.77535e-11	-0.000155853
6.77951e-11	-0.000155897
6.78366e-11	-0.000155941
6.78781e-11	-0.000155985
6.79196e-11	-0.000156029
6.79612e-11	-0.000156073
6.80027e-11	-0.000156117
6.80442e-11	-0.000156161
6.80858e-11	-0.000156205
6.81273e-11	-0.000156249
6.81688e-11	-0.000156293
6.82103e-11	-0.000156336
6.82519e-11	-0.00015638
6.82934e-11	-0.000156424
6.83349e-11	-0.000156467
6.83765e-11	-0.000156511
6.8418e-11	-0.000156554
6.84595e-11	-0.000156598
6.8501e-11	-0.000156641
6.85426e-11	-0.000156684
6.85841e-11	-0.000156728
6.86256e-11	-0.000156771
6.86671e-11	-0.000156814
6.87087e-11	-0.000156857
6.87502e-11	-0.0001569
6.87917e-11	-0.000156943
6.88333e-11	-0.000156986
6.88748e-11	-0.000157029
6.89163e-11	-0.000157071
6.89578e-11	-0.000157114
6.89994e-11	-0.000157157
6.90409e-11	-0.000157199
6.90824e-11	-0.000157242
6.9124e-11	-0.000157285
6.91655e-11	-0.000157327
6.9207e-11	-0.000157369
6.92485e-11	-0.000157412
6.92901e-11	-0.000157454
6.93316e-11	-0.000157496
6.93731e-11	-0.000157538
6.94147e-11	-0.000157581
6.94562e-11	-0.000157623
6.94977e-11	-0.000157665
6.95392e-11	-0.000157707
6.95808e-11	-0.000157749
6.96223e-11	-0.00015779
6.96638e-11	-0.000157832
6.97054e-11	-0.000157874
6.97469e-11	-0.000157916
6.97884e-11	-0.000157957
6.98299e-11	-0.000157999
6.98715e-11	-0.00015804
6.9913e-11	-0.000158082
6.99545e-11	-0.000158123
6.99961e-11	-0.000158165
7.00376e-11	-0.000158206
7.00791e-11	-0.000158247
7.01206e-11	-0.000158288
7.01622e-11	-0.000158329
7.02037e-11	-0.000158371
7.02452e-11	-0.000158412
7.02868e-11	-0.000158453
7.03283e-11	-0.000158493
7.03698e-11	-0.000158534
7.04113e-11	-0.000158575
7.04529e-11	-0.000158616
7.04944e-11	-0.000158656
7.05359e-11	-0.000158697
7.05775e-11	-0.000158738
7.0619e-11	-0.000158778
7.06605e-11	-0.000158819
7.0702e-11	-0.000158859
7.07436e-11	-0.000158899
7.07851e-11	-0.00015894
7.08266e-11	-0.00015898
7.08682e-11	-0.00015902
7.09097e-11	-0.00015906
7.09512e-11	-0.0001591
7.09927e-11	-0.00015914
7.10343e-11	-0.00015918
7.10758e-11	-0.00015922
7.11173e-11	-0.00015926
7.11589e-11	-0.0001593
7.12004e-11	-0.000159339
7.12419e-11	-0.000159379
7.12834e-11	-0.000159419
7.1325e-11	-0.000159458
7.13665e-11	-0.000159498
7.1408e-11	-0.000159537
7.14495e-11	-0.000159577
7.14911e-11	-0.000159616
7.15326e-11	-0.000159655
7.15741e-11	-0.000159694
7.16157e-11	-0.000159733
7.16572e-11	-0.000159773
7.16987e-11	-0.000159812
7.17402e-11	-0.000159851
7.17818e-11	-0.000159889
7.18233e-11	-0.000159928
7.18648e-11	-0.000159967
7.19064e-11	-0.000160006
7.19479e-11	-0.000160045
7.19894e-11	-0.000160083
7.20309e-11	-0.000160122
7.20725e-11	-0.00016016
7.2114e-11	-0.000160199
7.21555e-11	-0.000160237
7.21971e-11	-0.000160276
7.22386e-11	-0.000160314
7.22801e-11	-0.000160352
7.23216e-11	-0.00016039
7.23632e-11	-0.000160428
7.24047e-11	-0.000160466
7.24462e-11	-0.000160504
7.24878e-11	-0.000160542
7.25293e-11	-0.00016058
7.25708e-11	-0.000160618
7.26123e-11	-0.000160656
7.26539e-11	-0.000160693
7.26954e-11	-0.000160731
7.27369e-11	-0.000160769
7.27785e-11	-0.000160806
7.282e-11	-0.000160844
7.28615e-11	-0.000160881
7.2903e-11	-0.000160918
7.29446e-11	-0.000160956
7.29861e-11	-0.000160993
7.30276e-11	-0.00016103
7.30692e-11	-0.000161067
7.31107e-11	-0.000161104
7.31522e-11	-0.000161141
7.31937e-11	-0.000161178
7.32353e-11	-0.000161215
7.32768e-11	-0.000161252
7.33183e-11	-0.000161289
7.33599e-11	-0.000161326
7.34014e-11	-0.000161362
7.34429e-11	-0.000161399
7.34844e-11	-0.000161435
7.3526e-11	-0.000161472
7.35675e-11	-0.000161508
7.3609e-11	-0.000161545
7.36506e-11	-0.000161581
7.36921e-11	-0.000161617
7.37336e-11	-0.000161653
7.37751e-11	-0.00016169
7.38167e-11	-0.000161726
7.38582e-11	-0.000161762
7.38997e-11	-0.000161798
7.39413e-11	-0.000161833
7.39828e-11	-0.000161869
7.40243e-11	-0.000161905
7.40658e-11	-0.000161941
7.41074e-11	-0.000161976
7.41489e-11	-0.000162012
7.41904e-11	-0.000162048
7.42319e-11	-0.000162083
7.42735e-11	-0.000162118
7.4315e-11	-0.000162154
7.43565e-11	-0.000162189
7.43981e-11	-0.000162224
7.44396e-11	-0.000162259
7.44811e-11	-0.000162295
7.45226e-11	-0.00016233
7.45642e-11	-0.000162365
7.46057e-11	-0.0001624
7.46472e-11	-0.000162434
7.46888e-11	-0.000162469
7.47303e-11	-0.000162504
7.47718e-11	-0.000162539
7.48133e-11	-0.000162573
7.48549e-11	-0.000162608
7.48964e-11	-0.000162643
7.49379e-11	-0.000162677
7.49795e-11	-0.000162711
7.5021e-11	-0.000162746
7.50625e-11	-0.00016278
7.5104e-11	-0.000162814
7.51456e-11	-0.000162848
7.51871e-11	-0.000162882
7.52286e-11	-0.000162917
7.52702e-11	-0.00016295
7.53117e-11	-0.000162984
7.53532e-11	-0.000163018
7.53947e-11	-0.000163052
7.54363e-11	-0.000163086
7.54778e-11	-0.00016312
7.55193e-11	-0.000163153
7.55609e-11	-0.000163187
7.56024e-11	-0.00016322
7.56439e-11	-0.000163254
7.56854e-11	-0.000163287
7.5727e-11	-0.00016332
7.57685e-11	-0.000163354
7.581e-11	-0.000163387
7.58516e-11	-0.00016342
7.58931e-11	-0.000163453
7.59346e-11	-0.000163486
7.59761e-11	-0.000163519
7.60177e-11	-0.000163552
7.60592e-11	-0.000163585
7.61007e-11	-0.000163617
7.61423e-11	-0.00016365
7.61838e-11	-0.000163683
7.62253e-11	-0.000163715
7.62668e-11	-0.000163748
7.63084e-11	-0.00016378
7.63499e-11	-0.000163813
7.63914e-11	-0.000163845
7.6433e-11	-0.000163877
7.64745e-11	-0.00016391
7.6516e-11	-0.000163942
7.65575e-11	-0.000163974
7.65991e-11	-0.000164006
7.66406e-11	-0.000164038
7.66821e-11	-0.00016407
7.67237e-11	-0.000164102
7.67652e-11	-0.000164133
7.68067e-11	-0.000164165
7.68482e-11	-0.000164197
7.68898e-11	-0.000164228
7.69313e-11	-0.00016426
7.69728e-11	-0.000164291
7.70143e-11	-0.000164323
7.70559e-11	-0.000164354
7.70974e-11	-0.000164386
7.71389e-11	-0.000164417
7.71805e-11	-0.000164448
7.7222e-11	-0.000164479
7.72635e-11	-0.00016451
7.7305e-11	-0.000164541
7.73466e-11	-0.000164572
7.73881e-11	-0.000164603
7.74296e-11	-0.000164634
7.74712e-11	-0.000164664
7.75127e-11	-0.000164695
7.75542e-11	-0.000164726
7.75957e-11	-0.000164756
7.76373e-11	-0.000164787
7.76788e-11	-0.000164817
7.77203e-11	-0.000164848
7.77619e-11	-0.000164878
7.78034e-11	-0.000164908
7.78449e-11	-0.000164938
7.78864e-11	-0.000164969
7.7928e-11	-0.000164999
7.79695e-11	-0.000165029
7.8011e-11	-0.000165059
7.80526e-11	-0.000165088
7.80941e-11	-0.000165118
7.81356e-11	-0.000165148
7.81771e-11	-0.000165178
7.82187e-11	-0.000165207
7.82602e-11	-0.000165237
7.83017e-11	-0.000165266
7.83433e-11	-0.000165296
7.83848e-11	-0.000165325
7.84263e-11	-0.000165354
7.84678e-11	-0.000165384
7.85094e-11	-0.000165413
7.85509e-11	-0.000165442
7.85924e-11	-0.000165471
7.8634e-11	-0.0001655
7.86755e-11	-0.000165529
7.8717e-11	-0.000165558
7.87585e-11	-0.000165587
7.88001e-11	-0.000165615
7.88416e-11	-0.000165644
7.88831e-11	-0.000165673
7.89247e-11	-0.000165701
7.89662e-11	-0.00016573
7.90077e-11	-0.000165758
7.90492e-11	-0.000165787
7.90908e-11	-0.000165815
7.91323e-11	-0.000165843
7.91738e-11	-0.000165871
7.92154e-11	-0.000165899
7.92569e-11	-0.000165927
7.92984e-11	-0.000165955
7.93399e-11	-0.000165983
7.93815e-11	-0.000166011
7.9423e-11	-0.000166039
7.94645e-11	-0.000166067
7.95061e-11	-0.000166094
7.95476e-11	-0.000166122
7.95891e-11	-0.00016615
7.96306e-11	-0.000166177
7.96722e-11	-0.000166204
7.97137e-11	-0.000166232
7.97552e-11	-0.000166259
7.97968e-11	-0.000166286
7.98383e-11	-0.000166313
7.98798e-11	-0.000166341
7.99213e-11	-0.000166368
7.99629e-11	-0.000166395
8.00044e-11	-0.000166421
8.00459e-11	-0.000166448
8.00874e-11	-0.000166475
8.0129e-11	-0.000166502
8.01705e-11	-0.000166528
8.0212e-11	-0.000166555
8.02536e-11	-0.000166582
8.02951e-11	-0.000166608
8.03366e-11	-0.000166634
8.03781e-11	-0.000166661
8.04197e-11	-0.000166687
8.04612e-11	-0.000166713
8.05027e-11	-0.000166739
8.05443e-11	-0.000166765
8.05858e-11	-0.000166791
8.06273e-11	-0.000166817
8.06688e-11	-0.000166843
8.07104e-11	-0.000166869
8.07519e-11	-0.000166895
8.07934e-11	-0.00016692
8.0835e-11	-0.000166946
8.08765e-11	-0.000166972
8.0918e-11	-0.000166997
8.09595e-11	-0.000167023
8.10011e-11	-0.000167048
8.10426e-11	-0.000167073
8.10841e-11	-0.000167098
8.11257e-11	-0.000167124
8.11672e-11	-0.000167149
8.12087e-11	-0.000167174
8.12502e-11	-0.000167199
8.12918e-11	-0.000167224
8.13333e-11	-0.000167249
8.13748e-11	-0.000167273
8.14164e-11	-0.000167298
8.14579e-11	-0.000167323
8.14994e-11	-0.000167347
8.15409e-11	-0.000167372
8.15825e-11	-0.000167396
8.1624e-11	-0.000167421
8.16655e-11	-0.000167445
8.17071e-11	-0.000167469
8.17486e-11	-0.000167493
8.17901e-11	-0.000167518
8.18316e-11	-0.000167542
8.18732e-11	-0.000167566
8.19147e-11	-0.00016759
8.19562e-11	-0.000167613
8.19978e-11	-0.000167637
8.20393e-11	-0.000167661
8.20808e-11	-0.000167685
8.21223e-11	-0.000167708
8.21639e-11	-0.000167732
8.22054e-11	-0.000167755
8.22469e-11	-0.000167779
8.22885e-11	-0.000167802
8.233e-11	-0.000167825
8.23715e-11	-0.000167848
8.2413e-11	-0.000167872
8.24546e-11	-0.000167895
8.24961e-11	-0.000167918
8.25376e-11	-0.000167941
8.25792e-11	-0.000167964
8.26207e-11	-0.000167986
8.26622e-11	-0.000168009
8.27037e-11	-0.000168032
8.27453e-11	-0.000168054
8.27868e-11	-0.000168077
8.28283e-11	-0.000168099
8.28698e-11	-0.000168122
8.29114e-11	-0.000168144
8.29529e-11	-0.000168167
8.29944e-11	-0.000168189
8.3036e-11	-0.000168211
8.30775e-11	-0.000168233
8.3119e-11	-0.000168255
8.31605e-11	-0.000168277
8.32021e-11	-0.000168299
8.32436e-11	-0.000168321
8.32851e-11	-0.000168342
8.33267e-11	-0.000168364
8.33682e-11	-0.000168386
8.34097e-11	-0.000168407
8.34512e-11	-0.000168429
8.34928e-11	-0.00016845
8.35343e-11	-0.000168472
8.35758e-11	-0.000168493
8.36174e-11	-0.000168514
8.36589e-11	-0.000168535
8.37004e-11	-0.000168556
8.37419e-11	-0.000168577
8.37835e-11	-0.000168598
8.3825e-11	-0.000168619
8.38665e-11	-0.00016864
8.39081e-11	-0.000168661
8.39496e-11	-0.000168682
8.39911e-11	-0.000168702
8.40326e-11	-0.000168723
8.40742e-11	-0.000168743
8.41157e-11	-0.000168764
8.41572e-11	-0.000168784
8.41988e-11	-0.000168804
8.42403e-11	-0.000168825
8.42818e-11	-0.000168845
8.43233e-11	-0.000168865
8.43649e-11	-0.000168885
8.44064e-11	-0.000168905
8.44479e-11	-0.000168925
8.44895e-11	-0.000168945
8.4531e-11	-0.000168964
8.45725e-11	-0.000168984
8.4614e-11	-0.000169004
8.46556e-11	-0.000169023
8.46971e-11	-0.000169043
8.47386e-11	-0.000169062
8.47802e-11	-0.000169081
8.48217e-11	-0.000169101
8.48632e-11	-0.00016912
8.49047e-11	-0.000169139
8.49463e-11	-0.000169158
8.49878e-11	-0.000169177
8.50293e-11	-0.000169196
8.50709e-11	-0.000169215
8.51124e-11	-0.000169234
8.51539e-11	-0.000169253
8.51954e-11	-0.000169271
8.5237e-11	-0.00016929
8.52785e-11	-0.000169308
8.532e-11	-0.000169327
8.53616e-11	-0.000169345
8.54031e-11	-0.000169364
8.54446e-11	-0.000169382
8.54861e-11	-0.0001694
8.55277e-11	-0.000169418
8.55692e-11	-0.000169436
8.56107e-11	-0.000169454
8.56522e-11	-0.000169472
8.56938e-11	-0.00016949
8.57353e-11	-0.000169508
8.57768e-11	-0.000169526
8.58184e-11	-0.000169543
8.58599e-11	-0.000169561
8.59014e-11	-0.000169579
8.59429e-11	-0.000169596
8.59845e-11	-0.000169613
8.6026e-11	-0.000169631
8.60675e-11	-0.000169648
8.61091e-11	-0.000169665
8.61506e-11	-0.000169682
8.61921e-11	-0.000169699
8.62336e-11	-0.000169716
8.62752e-11	-0.000169733
8.63167e-11	-0.00016975
8.63582e-11	-0.000169767
8.63998e-11	-0.000169783
8.64413e-11	-0.0001698
8.64828e-11	-0.000169817
8.65243e-11	-0.000169833
8.65659e-11	-0.00016985
8.66074e-11	-0.000169866
8.66489e-11	-0.000169882
8.66905e-11	-0.000169898
8.6732e-11	-0.000169915
8.67735e-11	-0.000169931
8.6815e-11	-0.000169947
8.68566e-11	-0.000169963
8.68981e-11	-0.000169979
8.69396e-11	-0.000169994
8.69812e-11	-0.00017001
8.70227e-11	-0.000170026
8.70642e-11	-0.000170041
8.71057e-11	-0.000170057
8.71473e-11	-0.000170072
8.71888e-11	-0.000170088
8.72303e-11	-0.000170103
8.72719e-11	-0.000170118
8.73134e-11	-0.000170134
8.73549e-11	-0.000170149
8.73964e-11	-0.000170164
8.7438e-11	-0.000170179
8.74795e-11	-0.000170194
8.7521e-11	-0.000170209
8.75626e-11	-0.000170223
8.76041e-11	-0.000170238
8.76456e-11	-0.000170253
8.76871e-11	-0.000170267
8.77287e-11	-0.000170282
8.77702e-11	-0.000170296
8.78117e-11	-0.000170311
8.78533e-11	-0.000170325
8.78948e-11	-0.000170339
8.79363e-11	-0.000170353
8.79778e-11	-0.000170367
8.80194e-11	-0.000170381
8.80609e-11	-0.000170395
8.81024e-11	-0.000170409
8.8144e-11	-0.000170423
8.81855e-11	-0.000170437
8.8227e-11	-0.00017045
8.82685e-11	-0.000170464
8.83101e-11	-0.000170477
8.83516e-11	-0.000170491
8.83931e-11	-0.000170504
8.84346e-11	-0.000170518
8.84762e-11	-0.000170531
8.85177e-11	-0.000170544
8.85592e-11	-0.000170557
8.86008e-11	-0.00017057
8.86423e-11	-0.000170583
8.86838e-11	-0.000170596
8.87253e-11	-0.000170609
8.87669e-11	-0.000170622
8.88084e-11	-0.000170634
8.88499e-11	-0.000170647
8.88915e-11	-0.000170659
8.8933e-11	-0.000170672
8.89745e-11	-0.000170684
8.9016e-11	-0.000170697
8.90576e-11	-0.000170709
8.90991e-11	-0.000170721
8.91406e-11	-0.000170733
8.91822e-11	-0.000170745
8.92237e-11	-0.000170757
8.92652e-11	-0.000170769
8.93067e-11	-0.000170781
8.93483e-11	-0.000170793
8.93898e-11	-0.000170805
8.94313e-11	-0.000170816
8.94729e-11	-0.000170828
8.95144e-11	-0.000170839
8.95559e-11	-0.000170851
8.95974e-11	-0.000170862
8.9639e-11	-0.000170873
8.96805e-11	-0.000170884
8.9722e-11	-0.000170896
8.97636e-11	-0.000170907
8.98051e-11	-0.000170918
8.98466e-11	-0.000170929
8.98881e-11	-0.000170939
8.99297e-11	-0.00017095
8.99712e-11	-0.000170961
9.00127e-11	-0.000170972
9.00543e-11	-0.000170982
9.00958e-11	-0.000170993
9.01373e-11	-0.000171003
9.01788e-11	-0.000171013
9.02204e-11	-0.000171024
9.02619e-11	-0.000171034
9.03034e-11	-0.000171044
9.0345e-11	-0.000171054
9.03865e-11	-0.000171064
9.0428e-11	-0.000171074
9.04695e-11	-0.000171084
9.05111e-11	-0.000171094
9.05526e-11	-0.000171103
9.05941e-11	-0.000171113
9.06357e-11	-0.000171123
9.06772e-11	-0.000171132
9.07187e-11	-0.000171142
9.07602e-11	-0.000171151
9.08018e-11	-0.00017116
9.08433e-11	-0.000171169
9.08848e-11	-0.000171179
9.09264e-11	-0.000171188
9.09679e-11	-0.000171197
9.10094e-11	-0.000171206
9.10509e-11	-0.000171215
9.10925e-11	-0.000171223
9.1134e-11	-0.000171232
9.11755e-11	-0.000171241
9.12171e-11	-0.000171249
9.12586e-11	-0.000171258
9.13001e-11	-0.000171266
9.13416e-11	-0.000171275
9.13832e-11	-0.000171283
9.14247e-11	-0.000171291
9.14662e-11	-0.000171299
9.15077e-11	-0.000171307
9.15493e-11	-0.000171315
9.15908e-11	-0.000171323
9.16323e-11	-0.000171331
9.16739e-11	-0.000171339
9.17154e-11	-0.000171347
9.17569e-11	-0.000171354
9.17984e-11	-0.000171362
9.184e-11	-0.000171369
9.18815e-11	-0.000171377
9.1923e-11	-0.000171384
9.19646e-11	-0.000171391
9.20061e-11	-0.000171399
9.20476e-11	-0.000171406
9.20891e-11	-0.000171413
9.21307e-11	-0.00017142
9.21722e-11	-0.000171427
9.22137e-11	-0.000171434
9.22553e-11	-0.00017144
9.22968e-11	-0.000171447
9.23383e-11	-0.000171454
9.23798e-11	-0.00017146
9.24214e-11	-0.000171467
9.24629e-11	-0.000171473
9.25044e-11	-0.000171479
9.2546e-11	-0.000171486
9.25875e-11	-0.000171492
9.2629e-11	-0.000171498
9.26705e-11	-0.000171504
9.27121e-11	-0.00017151
9.27536e-11	-0.000171516
9.27951e-11	-0.000171522
9.28367e-11	-0.000171528
9.28782e-11	-0.000171533
9.29197e-11	-0.000171539
9.29612e-11	-0.000171544
9.30028e-11	-0.00017155
9.30443e-11	-0.000171555
9.30858e-11	-0.000171561
9.31274e-11	-0.000171566
9.31689e-11	-0.000171571
9.32104e-11	-0.000171576
9.32519e-11	-0.000171581
9.32935e-11	-0.000171586
9.3335e-11	-0.000171591
9.33765e-11	-0.000171596
9.34181e-11	-0.000171601
9.34596e-11	-0.000171605
9.35011e-11	-0.00017161
9.35426e-11	-0.000171614
9.35842e-11	-0.000171619
9.36257e-11	-0.000171623
9.36672e-11	-0.000171628
9.37088e-11	-0.000171632
9.37503e-11	-0.000171636
9.37918e-11	-0.00017164
9.38333e-11	-0.000171644
9.38749e-11	-0.000171648
9.39164e-11	-0.000171652
9.39579e-11	-0.000171656
9.39995e-11	-0.000171659
9.4041e-11	-0.000171663
9.40825e-11	-0.000171667
9.4124e-11	-0.00017167
9.41656e-11	-0.000171674
9.42071e-11	-0.000171677
9.42486e-11	-0.00017168
9.42901e-11	-0.000171683
9.43317e-11	-0.000171687
9.43732e-11	-0.00017169
9.44147e-11	-0.000171693
9.44563e-11	-0.000171695
9.44978e-11	-0.000171698
9.45393e-11	-0.000171701
9.45808e-11	-0.000171704
9.46224e-11	-0.000171706
9.46639e-11	-0.000171709
9.47054e-11	-0.000171711
9.4747e-11	-0.000171714
9.47885e-11	-0.000171716
9.483e-11	-0.000171718
9.48715e-11	-0.000171721
9.49131e-11	-0.000171723
9.49546e-11	-0.000171725
9.49961e-11	-0.000171727
9.50377e-11	-0.000171729
9.50792e-11	-0.00017173
9.51207e-11	-0.000171732
9.51622e-11	-0.000171734
9.52038e-11	-0.000171735
9.52453e-11	-0.000171737
9.52868e-11	-0.000171738
9.53284e-11	-0.00017174
9.53699e-11	-0.000171741
9.54114e-11	-0.000171742
9.54529e-11	-0.000171743
9.54945e-11	-0.000171744
9.5536e-11	-0.000171745
9.55775e-11	-0.000171746
9.56191e-11	-0.000171747
9.56606e-11	-0.000171748
9.57021e-11	-0.000171749
9.57436e-11	-0.000171749
9.57852e-11	-0.00017175
9.58267e-11	-0.00017175
9.58682e-11	-0.000171751
9.59098e-11	-0.000171751
9.59513e-11	-0.000171751
9.59928e-11	-0.000171751
9.60343e-11	-0.000171751
9.60759e-11	-0.000171751
9.61174e-11	-0.000171751
9.61589e-11	-0.000171751
9.62005e-11	-0.000171751
9.6242e-11	-0.000171751
9.62835e-11	-0.000171751
9.6325e-11	-0.00017175
9.63666e-11	-0.00017175
9.64081e-11	-0.000171749
9.64496e-11	-0.000171748
9.64912e-11	-0.000171748
9.65327e-11	-0.000171747
9.65742e-11	-0.000171746
9.66157e-11	-0.000171745
9.66573e-11	-0.000171744
9.66988e-11	-0.000171743
9.67403e-11	-0.000171742
9.67819e-11	-0.000171741
9.68234e-11	-0.000171739
9.68649e-11	-0.000171738
9.69064e-11	-0.000171736
9.6948e-11	-0.000171735
9.69895e-11	-0.000171733
9.7031e-11	-0.000171732
9.70725e-11	-0.00017173
9.71141e-11	-0.000171728
9.71556e-11	-0.000171726
9.71971e-11	-0.000171724
9.72387e-11	-0.000171722
9.72802e-11	-0.00017172
9.73217e-11	-0.000171718
9.73632e-11	-0.000171715
9.74048e-11	-0.000171713
9.74463e-11	-0.00017171
9.74878e-11	-0.000171708
9.75294e-11	-0.000171705
9.75709e-11	-0.000171703
9.76124e-11	-0.0001717
9.76539e-11	-0.000171697
9.76955e-11	-0.000171694
9.7737e-11	-0.000171691
9.77785e-11	-0.000171688
9.78201e-11	-0.000171685
9.78616e-11	-0.000171682
9.79031e-11	-0.000171679
9.79446e-11	-0.000171675
9.79862e-11	-0.000171672
9.80277e-11	-0.000171668
9.80692e-11	-0.000171665
9.81108e-11	-0.000171661
9.81523e-11	-0.000171657
9.81938e-11	-0.000171654
9.82353e-11	-0.00017165
9.82769e-11	-0.000171646
9.83184e-11	-0.000171642
9.83599e-11	-0.000171638
9.84015e-11	-0.000171634
9.8443e-11	-0.000171629
9.84845e-11	-0.000171625
9.8526e-11	-0.000171621
9.85676e-11	-0.000171616
9.86091e-11	-0.000171611
9.86506e-11	-0.000171607
9.86922e-11	-0.000171602
9.87337e-11	-0.000171597
9.87752e-11	-0.000171593
9.88167e-11	-0.000171588
9.88583e-11	-0.000171583
9.88998e-11	-0.000171577
9.89413e-11	-0.000171572
9.89829e-11	-0.000171567
9.90244e-11	-0.000171562
9.90659e-11	-0.000171556
9.91074e-11	-0.000171551
9.9149e-11	-0.000171545
9.91905e-11	-0.00017154
9.9232e-11	-0.000171534
9.92736e-11	-0.000171528
9.93151e-11	-0.000171522
9.93566e-11	-0.000171516
9.93981e-11	-0.00017151
9.94397e-11	-0.000171504
9.94812e-11	-0.000171498
9.95227e-11	-0.000171492
9.95643e-11	-0.000171486
9.96058e-11	-0.000171479
9.96473e-11	-0.000171473
9.96888e-11	-0.000171466
9.97304e-11	-0.00017146
9.97719e-11	-0.000171453
9.98134e-11	-0.000171446
9.98549e-11	-0.000171439
9.98965e-11	-0.000171433
9.9938e-11	-0.000171426
9.99795e-11	-0.000171418
1.00021e-10	-0.000171411
1.00063e-10	-0.000171404
1.00104e-10	-0.000171397
1.00146e-10	-0.000171389
1.00187e-10	-0.000171382
1.00229e-10	-0.000171374
1.0027e-10	-0.000171367
1.00312e-10	-0.000171359
1.00353e-10	-0.000171351
1.00395e-10	-0.000171344
1.00436e-10	-0.000171336
1.00478e-10	-0.000171328
1.00519e-10	-0.00017132
1.00561e-10	-0.000171311
1.00602e-10	-0.000171303
1.00644e-10	-0.000171295
1.00686e-10	-0.000171287
1.00727e-10	-0.000171278
1.00769e-10	-0.00017127
1.0081e-10	-0.000171261
1.00852e-10	-0.000171252
1.00893e-10	-0.000171244
1.00935e-10	-0.000171235
1.00976e-10	-0.000171226
1.01018e-10	-0.000171217
1.01059e-10	-0.000171208
1.01101e-10	-0.000171199
1.01142e-10	-0.000171189
1.01184e-10	-0.00017118
1.01225e-10	-0.000171171
1.01267e-10	-0.000171161
1.01308e-10	-0.000171152
1.0135e-10	-0.000171142
1.01391e-10	-0.000171132
1.01433e-10	-0.000171123
1.01475e-10	-0.000171113
1.01516e-10	-0.000171103
1.01558e-10	-0.000171093
1.01599e-10	-0.000171083
1.01641e-10	-0.000171073
1.01682e-10	-0.000171063
1.01724e-10	-0.000171052
1.01765e-10	-0.000171042
1.01807e-10	-0.000171031
1.01848e-10	-0.000171021
1.0189e-10	-0.00017101
1.01931e-10	-0.000171
1.01973e-10	-0.000170989
1.02014e-10	-0.000170978
1.02056e-10	-0.000170967
1.02097e-10	-0.000170956
1.02139e-10	-0.000170945
1.02181e-10	-0.000170934
1.02222e-10	-0.000170923
1.02264e-10	-0.000170911
1.02305e-10	-0.0001709
1.02347e-10	-0.000170888
1.02388e-10	-0.000170877
1.0243e-10	-0.000170865
1.02471e-10	-0.000170854
1.02513e-10	-0.000170842
1.02554e-10	-0.00017083
1.02596e-10	-0.000170818
1.02637e-10	-0.000170806
1.02679e-10	-0.000170794
1.0272e-10	-0.000170782
1.02762e-10	-0.00017077
1.02803e-10	-0.000170757
1.02845e-10	-0.000170745
1.02887e-10	-0.000170732
1.02928e-10	-0.00017072
1.0297e-10	-0.000170707
1.03011e-10	-0.000170695
1.03053e-10	-0.000170682
1.03094e-10	-0.000170669
1.03136e-10	-0.000170656
1.03177e-10	-0.000170643
1.03219e-10	-0.00017063
1.0326e-10	-0.000170617
1.03302e-10	-0.000170603
1.03343e-10	-0.00017059
1.03385e-10	-0.000170577
1.03426e-10	-0.000170563
1.03468e-10	-0.00017055
1.03509e-10	-0.000170536
1.03551e-10	-0.000170522
1.03593e-10	-0.000170508
1.03634e-10	-0.000170495
1.03676e-10	-0.000170481
1.03717e-10	-0.000170467
1.03759e-10	-0.000170453
1.038e-10	-0.000170438
1.03842e-10	-0.000170424
1.03883e-10	-0.00017041
1.03925e-10	-0.000170395
1.03966e-10	-0.000170381
1.04008e-10	-0.000170366
1.04049e-10	-0.000170352
1.04091e-10	-0.000170337
1.04132e-10	-0.000170322
1.04174e-10	-0.000170307
1.04215e-10	-0.000170292
1.04257e-10	-0.000170277
1.04298e-10	-0.000170262
1.0434e-10	-0.000170247
1.04382e-10	-0.000170231
1.04423e-10	-0.000170216
1.04465e-10	-0.000170201
1.04506e-10	-0.000170185
1.04548e-10	-0.00017017
1.04589e-10	-0.000170154
1.04631e-10	-0.000170138
1.04672e-10	-0.000170122
1.04714e-10	-0.000170106
1.04755e-10	-0.00017009
1.04797e-10	-0.000170074
1.04838e-10	-0.000170058
1.0488e-10	-0.000170042
1.04921e-10	-0.000170026
1.04963e-10	-0.000170009
1.05004e-10	-0.000169993
1.05046e-10	-0.000169976
1.05088e-10	-0.00016996
1.05129e-10	-0.000169943
1.05171e-10	-0.000169926
1.05212e-10	-0.000169909
1.05254e-10	-0.000169892
1.05295e-10	-0.000169875
1.05337e-10	-0.000169858
1.05378e-10	-0.000169841
1.0542e-10	-0.000169824
1.05461e-10	-0.000169806
1.05503e-10	-0.000169789
1.05544e-10	-0.000169772
1.05586e-10	-0.000169754
1.05627e-10	-0.000169736
1.05669e-10	-0.000169719
1.0571e-10	-0.000169701
1.05752e-10	-0.000169683
1.05794e-10	-0.000169665
1.05835e-10	-0.000169647
1.05877e-10	-0.000169629
1.05918e-10	-0.000169611
1.0596e-10	-0.000169592
1.06001e-10	-0.000169574
1.06043e-10	-0.000169556
1.06084e-10	-0.000169537
1.06126e-10	-0.000169518
1.06167e-10	-0.0001695
1.06209e-10	-0.000169481
1.0625e-10	-0.000169462
1.06292e-10	-0.000169443
1.06333e-10	-0.000169424
1.06375e-10	-0.000169405
1.06416e-10	-0.000169386
1.06458e-10	-0.000169367
1.06499e-10	-0.000169347
1.06541e-10	-0.000169328
1.06583e-10	-0.000169309
1.06624e-10	-0.000169289
1.06666e-10	-0.000169269
1.06707e-10	-0.00016925
1.06749e-10	-0.00016923
1.0679e-10	-0.00016921
1.06832e-10	-0.00016919
1.06873e-10	-0.00016917
1.06915e-10	-0.00016915
1.06956e-10	-0.00016913
1.06998e-10	-0.00016911
1.07039e-10	-0.000169089
1.07081e-10	-0.000169069
1.07122e-10	-0.000169048
1.07164e-10	-0.000169028
1.07205e-10	-0.000169007
1.07247e-10	-0.000168986
1.07289e-10	-0.000168966
1.0733e-10	-0.000168945
1.07372e-10	-0.000168924
1.07413e-10	-0.000168903
1.07455e-10	-0.000168881
1.07496e-10	-0.00016886
1.07538e-10	-0.000168839
1.07579e-10	-0.000168818
1.07621e-10	-0.000168796
1.07662e-10	-0.000168775
1.07704e-10	-0.000168753
1.07745e-10	-0.000168731
1.07787e-10	-0.000168709
1.07828e-10	-0.000168688
1.0787e-10	-0.000168666
1.07911e-10	-0.000168644
1.07953e-10	-0.000168622
1.07995e-10	-0.000168599
1.08036e-10	-0.000168577
1.08078e-10	-0.000168555
1.08119e-10	-0.000168532
1.08161e-10	-0.00016851
1.08202e-10	-0.000168487
1.08244e-10	-0.000168465
1.08285e-10	-0.000168442
1.08327e-10	-0.000168419
1.08368e-10	-0.000168396
1.0841e-10	-0.000168373
1.08451e-10	-0.00016835
1.08493e-10	-0.000168327
1.08534e-10	-0.000168304
1.08576e-10	-0.000168281
1.08617e-10	-0.000168257
1.08659e-10	-0.000168234
1.087e-10	-0.00016821
1.08742e-10	-0.000168187
1.08784e-10	-0.000168163
1.08825e-10	-0.000168139
1.08867e-10	-0.000168115
1.08908e-10	-0.000168091
1.0895e-10	-0.000168067
1.08991e-10	-0.000168043
1.09033e-10	-0.000168019
1.09074e-10	-0.000167995
1.09116e-10	-0.00016797
1.09157e-10	-0.000167946
1.09199e-10	-0.000167922
1.0924e-10	-0.000167897
1.09282e-10	-0.000167872
1.09323e-10	-0.000167848
1.09365e-10	-0.000167823
1.09406e-10	-0.000167798
1.09448e-10	-0.000167773
1.0949e-10	-0.000167748
1.09531e-10	-0.000167723
1.09573e-10	-0.000167697
1.09614e-10	-0.000167672
1.09656e-10	-0.000167647
1.09697e-10	-0.000167621
1.09739e-10	-0.000167596
1.0978e-10	-0.00016757
1.09822e-10	-0.000167544
1.09863e-10	-0.000167519
1.09905e-10	-0.000167493
1.09946e-10	-0.000167467
1.09988e-10	-0.000167441
1.10029e-10	-0.000167415
1.10071e-10	-0.000167389
1.10112e-10	-0.000167362
1.10154e-10	-0.000167336
1.10196e-10	-0.000167309
1.10237e-10	-0.000167283
1.10279e-10	-0.000167256
1.1032e-10	-0.00016723
1.10362e-10	-0.000167203
1.10403e-10	-0.000167176
1.10445e-10	-0.000167149
1.10486e-10	-0.000167122
1.10528e-10	-0.000167095
1.10569e-10	-0.000167068
1.10611e-10	-0.000167041
1.10652e-10	-0.000167013
1.10694e-10	-0.000166986
1.10735e-10	-0.000166959
1.10777e-10	-0.000166931
1.10818e-10	-0.000166903
1.1086e-10	-0.000166876
1.10901e-10	-0.000166848
1.10943e-10	-0.00016682
1.10985e-10	-0.000166792
1.11026e-10	-0.000166764
1.11068e-10	-0.000166736
1.11109e-10	-0.000166708
1.11151e-10	-0.000166679
1.11192e-10	-0.000166651
1.11234e-10	-0.000166623
1.11275e-10	-0.000166594
1.11317e-10	-0.000166565
1.11358e-10	-0.000166537
1.114e-10	-0.000166508
1.11441e-10	-0.000166479
1.11483e-10	-0.00016645
1.11524e-10	-0.000166421
1.11566e-10	-0.000166392
1.11607e-10	-0.000166363
1.11649e-10	-0.000166334
1.11691e-10	-0.000166304
1.11732e-10	-0.000166275
1.11774e-10	-0.000166245
1.11815e-10	-0.000166216
1.11857e-10	-0.000166186
1.11898e-10	-0.000166156
1.1194e-10	-0.000166127
1.11981e-10	-0.000166097
1.12023e-10	-0.000166067
1.12064e-10	-0.000166037
1.12106e-10	-0.000166006
1.12147e-10	-0.000165976
1.12189e-10	-0.000165946
1.1223e-10	-0.000165916
1.12272e-10	-0.000165885
1.12313e-10	-0.000165854
1.12355e-10	-0.000165824
1.12397e-10	-0.000165793
1.12438e-10	-0.000165762
1.1248e-10	-0.000165731
1.12521e-10	-0.0001657
1.12563e-10	-0.000165669
1.12604e-10	-0.000165638
1.12646e-10	-0.000165607
1.12687e-10	-0.000165576
1.12729e-10	-0.000165544
1.1277e-10	-0.000165513
1.12812e-10	-0.000165481
1.12853e-10	-0.00016545
1.12895e-10	-0.000165418
1.12936e-10	-0.000165386
1.12978e-10	-0.000165355
1.13019e-10	-0.000165323
1.13061e-10	-0.000165291
1.13102e-10	-0.000165258
1.13144e-10	-0.000165226
1.13186e-10	-0.000165194
1.13227e-10	-0.000165162
1.13269e-10	-0.000165129
1.1331e-10	-0.000165097
1.13352e-10	-0.000165064
1.13393e-10	-0.000165032
1.13435e-10	-0.000164999
1.13476e-10	-0.000164966
1.13518e-10	-0.000164933
1.13559e-10	-0.0001649
1.13601e-10	-0.000164867
1.13642e-10	-0.000164834
1.13684e-10	-0.000164801
1.13725e-10	-0.000164767
1.13767e-10	-0.000164734
1.13808e-10	-0.0001647
1.1385e-10	-0.000164667
1.13892e-10	-0.000164633
1.13933e-10	-0.000164599
1.13975e-10	-0.000164566
1.14016e-10	-0.000164532
1.14058e-10	-0.000164498
1.14099e-10	-0.000164464
1.14141e-10	-0.000164429
1.14182e-10	-0.000164395
1.14224e-10	-0.000164361
1.14265e-10	-0.000164327
1.14307e-10	-0.000164292
1.14348e-10	-0.000164258
1.1439e-10	-0.000164223
1.14431e-10	-0.000164188
1.14473e-10	-0.000164153
1.14514e-10	-0.000164119
1.14556e-10	-0.000164084
1.14598e-10	-0.000164049
1.14639e-10	-0.000164013
1.14681e-10	-0.000163978
1.14722e-10	-0.000163943
1.14764e-10	-0.000163908
1.14805e-10	-0.000163872
1.14847e-10	-0.000163837
1.14888e-10	-0.000163801
1.1493e-10	-0.000163765
1.14971e-10	-0.00016373
1.15013e-10	-0.000163694
1.15054e-10	-0.000163658
1.15096e-10	-0.000163622
1.15137e-10	-0.000163586
1.15179e-10	-0.000163549
1.1522e-10	-0.000163513
1.15262e-10	-0.000163477
1.15304e-10	-0.00016344
1.15345e-10	-0.000163404
1.15387e-10	-0.000163367
1.15428e-10	-0.000163331
1.1547e-10	-0.000163294
1.15511e-10	-0.000163257
1.15553e-10	-0.00016322
1.15594e-10	-0.000163183
1.15636e-10	-0.000163146
1.15677e-10	-0.000163109
1.15719e-10	-0.000163072
1.1576e-10	-0.000163034
1.15802e-10	-0.000162997
1.15843e-10	-0.000162959
1.15885e-10	-0.000162922
1.15926e-10	-0.000162884
1.15968e-10	-0.000162846
1.16009e-10	-0.000162808
1.16051e-10	-0.000162771
1.16093e-10	-0.000162733
1.16134e-10	-0.000162695
1.16176e-10	-0.000162656
1.16217e-10	-0.000162618
1.16259e-10	-0.00016258
1.163e-10	-0.000162541
1.16342e-10	-0.000162503
1.16383e-10	-0.000162464
1.16425e-10	-0.000162426
1.16466e-10	-0.000162387
1.16508e-10	-0.000162348
1.16549e-10	-0.000162309
1.16591e-10	-0.00016227
1.16632e-10	-0.000162231
1.16674e-10	-0.000162192
1.16715e-10	-0.000162153
1.16757e-10	-0.000162114
1.16799e-10	-0.000162074
1.1684e-10	-0.000162035
1.16882e-10	-0.000161995
1.16923e-10	-0.000161955
1.16965e-10	-0.000161916
1.17006e-10	-0.000161876
1.17048e-10	-0.000161836
1.17089e-10	-0.000161796
1.17131e-10	-0.000161756
1.17172e-10	-0.000161716
1.17214e-10	-0.000161676
1.17255e-10	-0.000161635
1.17297e-10	-0.000161595
1.17338e-10	-0.000161555
1.1738e-10	-0.000161514
1.17421e-10	-0.000161473
1.17463e-10	-0.000161433
1.17505e-10	-0.000161392
1.17546e-10	-0.000161351
1.17588e-10	-0.00016131
1.17629e-10	-0.000161269
1.17671e-10	-0.000161228
1.17712e-10	-0.000161187
1.17754e-10	-0.000161146
1.17795e-10	-0.000161104
1.17837e-10	-0.000161063
1.17878e-10	-0.000161021
1.1792e-10	-0.00016098
1.17961e-10	-0.000160938
1.18003e-10	-0.000160896
1.18044e-10	-0.000160854
1.18086e-10	-0.000160812
1.18127e-10	-0.00016077
1.18169e-10	-0.000160728
1.1821e-10	-0.000160686
1.18252e-10	-0.000160644
1.18294e-10	-0.000160601
1.18335e-10	-0.000160559
1.18377e-10	-0.000160516
1.18418e-10	-0.000160474
1.1846e-10	-0.000160431
1.18501e-10	-0.000160388
1.18543e-10	-0.000160345
1.18584e-10	-0.000160303
1.18626e-10	-0.00016026
1.18667e-10	-0.000160216
1.18709e-10	-0.000160173
1.1875e-10	-0.00016013
1.18792e-10	-0.000160087
1.18833e-10	-0.000160043
1.18875e-10	-0.00016
1.18916e-10	-0.000159956
1.18958e-10	-0.000159912
1.19e-10	-0.000159869
1.19041e-10	-0.000159825
1.19083e-10	-0.000159781
1.19124e-10	-0.000159737
1.19166e-10	-0.000159693
1.19207e-10	-0.000159649
1.19249e-10	-0.000159604
1.1929e-10	-0.00015956
1.19332e-10	-0.000159516
1.19373e-10	-0.000159471
1.19415e-10	-0.000159427
1.19456e-10	-0.000159382
1.19498e-10	-0.000159337
1.19539e-10	-0.000159292
1.19581e-10	-0.000159247
1.19622e-10	-0.000159202
1.19664e-10	-0.000159157
1.19706e-10	-0.000159112
1.19747e-10	-0.000159067
1.19789e-10	-0.000159022
1.1983e-10	-0.000158976
1.19872e-10	-0.000158931
1.19913e-10	-0.000158885
1.19955e-10	-0.000158839
1.19996e-10	-0.000158794
1.20038e-10	-0.000158748
1.20079e-10	-0.000158702
1.20121e-10	-0.000158656
1.20162e-10	-0.00015861
1.20204e-10	-0.000158564
1.20245e-10	-0.000158517
1.20287e-10	-0.000158471
1.20328e-10	-0.000158425
1.2037e-10	-0.000158378
1.20411e-10	-0.000158332
1.20453e-10	-0.000158285
1.20495e-10	-0.000158238
1.20536e-10	-0.000158191
1.20578e-10	-0.000158145
1.20619e-10	-0.000158098
1.20661e-10	-0.00015805
1.20702e-10	-0.000158003
1.20744e-10	-0.000157956
1.20785e-10	-0.000157909
1.20827e-10	-0.000157861
1.20868e-10	-0.000157814
1.2091e-10	-0.000157766
1.20951e-10	-0.000157719
1.20993e-10	-0.000157671
1.21034e-10	-0.000157623
1.21076e-10	-0.000157575
1.21117e-10	-0.000157527
1.21159e-10	-0.000157479
1.21201e-10	-0.000157431
1.21242e-10	-0.000157383
1.21284e-10	-0.000157334
1.21325e-10	-0.000157286
1.21367e-10	-0.000157238
1.21408e-10	-0.000157189
1.2145e-10	-0.00015714
1.21491e-10	-0.000157092
1.21533e-10	-0.000157043
1.21574e-10	-0.000156994
1.21616e-10	-0.000156945
1.21657e-10	-0.000156896
1.21699e-10	-0.000156847
1.2174e-10	-0.000156798
1.21782e-10	-0.000156748
1.21823e-10	-0.000156699
1.21865e-10	-0.000156649
1.21907e-10	-0.0001566
1.21948e-10	-0.00015655
1.2199e-10	-0.0001565
1.22031e-10	-0.000156451
1.22073e-10	-0.000156401
1.22114e-10	-0.000156351
1.22156e-10	-0.000156301
1.22197e-10	-0.000156251
1.22239e-10	-0.0001562
1.2228e-10	-0.00015615
1.22322e-10	-0.0001561
1.22363e-10	-0.000156049
1.22405e-10	-0.000155999
1.22446e-10	-0.000155948
1.22488e-10	-0.000155897
1.22529e-10	-0.000155847
1.22571e-10	-0.000155796
1.22612e-10	-0.000155745
1.22654e-10	-0.000155694
1.22696e-10	-0.000155642
1.22737e-10	-0.000155591
1.22779e-10	-0.00015554
1.2282e-10	-0.000155489
1.22862e-10	-0.000155437
1.22903e-10	-0.000155386
1.22945e-10	-0.000155334
1.22986e-10	-0.000155282
1.23028e-10	-0.00015523
1.23069e-10	-0.000155179
1.23111e-10	-0.000155127
1.23152e-10	-0.000155075
1.23194e-10	-0.000155022
1.23235e-10	-0.00015497
1.23277e-10	-0.000154918
1.23318e-10	-0.000154865
1.2336e-10	-0.000154813
1.23402e-10	-0.00015476
1.23443e-10	-0.000154708
1.23485e-10	-0.000154655
1.23526e-10	-0.000154602
1.23568e-10	-0.000154549
1.23609e-10	-0.000154496
1.23651e-10	-0.000154443
1.23692e-10	-0.00015439
1.23734e-10	-0.000154337
1.23775e-10	-0.000154284
1.23817e-10	-0.00015423
1.23858e-10	-0.000154177
1.239e-10	-0.000154123
1.23941e-10	-0.00015407
1.23983e-10	-0.000154016
1.24024e-10	-0.000153962
1.24066e-10	-0.000153908
1.24108e-10	-0.000153854
1.24149e-10	-0.0001538
1.24191e-10	-0.000153746
1.24232e-10	-0.000153692
1.24274e-10	-0.000153638
1.24315e-10	-0.000153583
1.24357e-10	-0.000153529
1.24398e-10	-0.000153474
1.2444e-10	-0.00015342
1.24481e-10	-0.000153365
1.24523e-10	-0.00015331
1.24564e-10	-0.000153255
1.24606e-10	-0.0001532
1.24647e-10	-0.000153145
1.24689e-10	-0.00015309
1.2473e-10	-0.000153035
1.24772e-10	-0.00015298
1.24813e-10	-0.000152924
1.24855e-10	-0.000152869
1.24897e-10	-0.000152813
1.24938e-10	-0.000152758
1.2498e-10	-0.000152702
1.25021e-10	-0.000152646
1.25063e-10	-0.00015259
1.25104e-10	-0.000152534
1.25146e-10	-0.000152478
1.25187e-10	-0.000152422
1.25229e-10	-0.000152366
1.2527e-10	-0.00015231
1.25312e-10	-0.000152253
1.25353e-10	-0.000152197
1.25395e-10	-0.00015214
1.25436e-10	-0.000152084
1.25478e-10	-0.000152027
1.25519e-10	-0.00015197
1.25561e-10	-0.000151913
1.25603e-10	-0.000151857
1.25644e-10	-0.000151799
1.25686e-10	-0.000151742
1.25727e-10	-0.000151685
1.25769e-10	-0.000151628
1.2581e-10	-0.000151571
1.25852e-10	-0.000151513
1.25893e-10	-0.000151456
1.25935e-10	-0.000151398
1.25976e-10	-0.00015134
1.26018e-10	-0.000151282
1.26059e-10	-0.000151225
1.26101e-10	-0.000151167
1.26142e-10	-0.000151109
1.26184e-10	-0.00015105
1.26225e-10	-0.000150992
1.26267e-10	-0.000150934
1.26309e-10	-0.000150876
1.2635e-10	-0.000150817
1.26392e-10	-0.000150759
1.26433e-10	-0.0001507
1.26475e-10	-0.000150641
1.26516e-10	-0.000150583
1.26558e-10	-0.000150524
1.26599e-10	-0.000150465
1.26641e-10	-0.000150406
1.26682e-10	-0.000150347
1.26724e-10	-0.000150287
1.26765e-10	-0.000150228
1.26807e-10	-0.000150169
1.26848e-10	-0.000150109
1.2689e-10	-0.00015005
1.26931e-10	-0.00014999
1.26973e-10	-0.00014993
1.27014e-10	-0.000149871
1.27056e-10	-0.000149811
1.27098e-10	-0.000149751
1.27139e-10	-0.000149691
1.27181e-10	-0.000149631
1.27222e-10	-0.00014957
1.27264e-10	-0.00014951
1.27305e-10	-0.00014945
1.27347e-10	-0.000149389
1.27388e-10	-0.000149329
1.2743e-10	-0.000149268
1.27471e-10	-0.000149208
1.27513e-10	-0.000149147
1.27554e-10	-0.000149086
1.27596e-10	-0.000149025
1.27637e-10	-0.000148964
1.27679e-10	-0.000148903
1.2772e-10	-0.000148842
1.27762e-10	-0.00014878
1.27804e-10	-0.000148719
1.27845e-10	-0.000148658
1.27887e-10	-0.000148596
1.27928e-10	-0.000148534
1.2797e-10	-0.000148473
1.28011e-10	-0.000148411
1.28053e-10	-0.000148349
1.28094e-10	-0.000148287
1.28136e-10	-0.000148225
1.28177e-10	-0.000148163
1.28219e-10	-0.000148101
1.2826e-10	-0.000148038
1.28302e-10	-0.000147976
1.28343e-10	-0.000147914
1.28385e-10	-0.000147851
1.28426e-10	-0.000147789
1.28468e-10	-0.000147726
1.2851e-10	-0.000147663
1.28551e-10	-0.0001476
1.28593e-10	-0.000147537
1.28634e-10	-0.000147474
1.28676e-10	-0.000147411
1.28717e-10	-0.000147348
1.28759e-10	-0.000147285
1.288e-10	-0.000147221
1.28842e-10	-0.000147158
1.28883e-10	-0.000147094
1.28925e-10	-0.000147031
1.28966e-10	-0.000146967
1.29008e-10	-0.000146903
1.29049e-10	-0.000146839
1.29091e-10	-0.000146776
1.29132e-10	-0.000146712
1.29174e-10	-0.000146647
1.29216e-10	-0.000146583
1.29257e-10	-0.000146519
1.29299e-10	-0.000146455
1.2934e-10	-0.00014639
1.29382e-10	-0.000146326
1.29423e-10	-0.000146261
1.29465e-10	-0.000146196
1.29506e-10	-0.000146132
1.29548e-10	-0.000146067
1.29589e-10	-0.000146002
1.29631e-10	-0.000145937
1.29672e-10	-0.000145872
1.29714e-10	-0.000145806
1.29755e-10	-0.000145741
1.29797e-10	-0.000145676
1.29838e-10	-0.00014561
1.2988e-10	-0.000145545
1.29921e-10	-0.000145479
1.29963e-10	-0.000145414
1.30005e-10	-0.000145348
1.30046e-10	-0.000145282
1.30088e-10	-0.000145216
1.30129e-10	-0.00014515
1.30171e-10	-0.000145084
1.30212e-10	-0.000145018
1.30254e-10	-0.000144952
1.30295e-10	-0.000144885
1.30337e-10	-0.000144819
1.30378e-10	-0.000144752
1.3042e-10	-0.000144686
1.30461e-10	-0.000144619
1.30503e-10	-0.000144552
1.30544e-10	-0.000144485
1.30586e-10	-0.000144418
1.30627e-10	-0.000144351
1.30669e-10	-0.000144284
1.30711e-10	-0.000144217
1.30752e-10	-0.00014415
1.30794e-10	-0.000144083
1.30835e-10	-0.000144015
1.30877e-10	-0.000143948
1.30918e-10	-0.00014388
1.3096e-10	-0.000143812
1.31001e-10	-0.000143745
1.31043e-10	-0.000143677
1.31084e-10	-0.000143609
1.31126e-10	-0.000143541
1.31167e-10	-0.000143473
1.31209e-10	-0.000143405
1.3125e-10	-0.000143336
1.31292e-10	-0.000143268
1.31333e-10	-0.0001432
1.31375e-10	-0.000143131
1.31417e-10	-0.000143062
1.31458e-10	-0.000142994
1.315e-10	-0.000142925
1.31541e-10	-0.000142856
1.31583e-10	-0.000142787
1.31624e-10	-0.000142718
1.31666e-10	-0.000142649
1.31707e-10	-0.00014258
1.31749e-10	-0.000142511
1.3179e-10	-0.000142441
1.31832e-10	-0.000142372
1.31873e-10	-0.000142303
1.31915e-10	-0.000142233
1.31956e-10	-0.000142163
1.31998e-10	-0.000142094
1.32039e-10	-0.000142024
1.32081e-10	-0.000141954
1.32122e-10	-0.000141884
1.32164e-10	-0.000141814
1.32206e-10	-0.000141744
1.32247e-10	-0.000141673
1.32289e-10	-0.000141603
1.3233e-10	-0.000141533
1.32372e-10	-0.000141462
1.32413e-10	-0.000141392
1.32455e-10	-0.000141321
1.32496e-10	-0.00014125
1.32538e-10	-0.000141179
1.32579e-10	-0.000141108
1.32621e-10	-0.000141037
1.32662e-10	-0.000140966
1.32704e-10	-0.000140895
1.32745e-10	-0.000140824
1.32787e-10	-0.000140753
1.32828e-10	-0.000140681
1.3287e-10	-0.00014061
1.32912e-10	-0.000140538
1.32953e-10	-0.000140467
1.32995e-10	-0.000140395
1.33036e-10	-0.000140323
1.33078e-10	-0.000140251
1.33119e-10	-0.000140179
1.33161e-10	-0.000140107
1.33202e-10	-0.000140035
1.33244e-10	-0.000139963
1.33285e-10	-0.00013989
1.33327e-10	-0.000139818
1.33368e-10	-0.000139746
1.3341e-10	-0.000139673
1.33451e-10	-0.0001396
1.33493e-10	-0.000139528
1.33534e-10	-0.000139455
1.33576e-10	-0.000139382
1.33618e-10	-0.000139309
1.33659e-10	-0.000139236
1.33701e-10	-0.000139163
1.33742e-10	-0.00013909
1.33784e-10	-0.000139016
1.33825e-10	-0.000138943
1.33867e-10	-0.000138869
1.33908e-10	-0.000138796
1.3395e-10	-0.000138722
1.33991e-10	-0.000138649
1.34033e-10	-0.000138575
1.34074e-10	-0.000138501
1.34116e-10	-0.000138427
1.34157e-10	-0.000138353
1.34199e-10	-0.000138279
1.3424e-10	-0.000138205
1.34282e-10	-0.00013813
1.34323e-10	-0.000138056
1.34365e-10	-0.000137981
1.34407e-10	-0.000137907
1.34448e-10	-0.000137832
1.3449e-10	-0.000137758
1.34531e-10	-0.000137683
1.34573e-10	-0.000137608
1.34614e-10	-0.000137533
1.34656e-10	-0.000137458
1.34697e-10	-0.000137383
1.34739e-10	-0.000137308
1.3478e-10	-0.000137232
1.34822e-10	-0.000137157
1.34863e-10	-0.000137082
1.34905e-10	-0.000137006
1.34946e-10	-0.00013693
1.34988e-10	-0.000136855
1.35029e-10	-0.000136779
1.35071e-10	-0.000136703
1.35113e-10	-0.000136627
1.35154e-10	-0.000136551
1.35196e-10	-0.000136475
1.35237e-10	-0.000136399
1.35279e-10	-0.000136323
1.3532e-10	-0.000136246
1.35362e-10	-0.00013617
1.35403e-10	-0.000136093
1.35445e-10	-0.000136017
1.35486e-10	-0.00013594
1.35528e-10	-0.000135863
1.35569e-10	-0.000135786
1.35611e-10	-0.000135709
1.35652e-10	-0.000135632
1.35694e-10	-0.000135555
1.35735e-10	-0.000135478
1.35777e-10	-0.000135401
1.35819e-10	-0.000135324
1.3586e-10	-0.000135246
1.35902e-10	-0.000135169
1.35943e-10	-0.000135091
1.35985e-10	-0.000135013
1.36026e-10	-0.000134936
1.36068e-10	-0.000134858
1.36109e-10	-0.00013478
1.36151e-10	-0.000134702
1.36192e-10	-0.000134624
1.36234e-10	-0.000134546
1.36275e-10	-0.000134467
1.36317e-10	-0.000134389
1.36358e-10	-0.000134311
1.364e-10	-0.000134232
1.36441e-10	-0.000134154
1.36483e-10	-0.000134075
1.36524e-10	-0.000133996
1.36566e-10	-0.000133917
1.36608e-10	-0.000133839
1.36649e-10	-0.00013376
1.36691e-10	-0.000133681
1.36732e-10	-0.000133601
1.36774e-10	-0.000133522
1.36815e-10	-0.000133443
1.36857e-10	-0.000133364
1.36898e-10	-0.000133284
1.3694e-10	-0.000133204
1.36981e-10	-0.000133125
1.37023e-10	-0.000133045
1.37064e-10	-0.000132965
1.37106e-10	-0.000132885
1.37147e-10	-0.000132806
1.37189e-10	-0.000132725
1.3723e-10	-0.000132645
1.37272e-10	-0.000132565
1.37314e-10	-0.000132485
1.37355e-10	-0.000132404
1.37397e-10	-0.000132324
1.37438e-10	-0.000132243
1.3748e-10	-0.000132163
1.37521e-10	-0.000132082
1.37563e-10	-0.000132001
1.37604e-10	-0.000131921
1.37646e-10	-0.00013184
1.37687e-10	-0.000131759
1.37729e-10	-0.000131677
1.3777e-10	-0.000131596
1.37812e-10	-0.000131515
1.37853e-10	-0.000131434
1.37895e-10	-0.000131352
1.37936e-10	-0.000131271
1.37978e-10	-0.000131189
1.3802e-10	-0.000131107
1.38061e-10	-0.000131026
1.38103e-10	-0.000130944
1.38144e-10	-0.000130862
1.38186e-10	-0.00013078
1.38227e-10	-0.000130698
1.38269e-10	-0.000130616
1.3831e-10	-0.000130533
1.38352e-10	-0.000130451
1.38393e-10	-0.000130369
1.38435e-10	-0.000130286
1.38476e-10	-0.000130204
1.38518e-10	-0.000130121
1.38559e-10	-0.000130038
1.38601e-10	-0.000129955
1.38642e-10	-0.000129872
1.38684e-10	-0.000129789
1.38725e-10	-0.000129706
1.38767e-10	-0.000129623
1.38809e-10	-0.00012954
1.3885e-10	-0.000129457
1.38892e-10	-0.000129373
1.38933e-10	-0.00012929
1.38975e-10	-0.000129206
1.39016e-10	-0.000129123
1.39058e-10	-0.000129039
1.39099e-10	-0.000128955
1.39141e-10	-0.000128871
1.39182e-10	-0.000128787
1.39224e-10	-0.000128703
1.39265e-10	-0.000128619
1.39307e-10	-0.000128535
1.39348e-10	-0.000128451
1.3939e-10	-0.000128366
1.39431e-10	-0.000128282
1.39473e-10	-0.000128197
1.39515e-10	-0.000128113
1.39556e-10	-0.000128028
1.39598e-10	-0.000127943
1.39639e-10	-0.000127858
1.39681e-10	-0.000127773
1.39722e-10	-0.000127688
1.39764e-10	-0.000127603
1.39805e-10	-0.000127518
1.39847e-10	-0.000127433
1.39888e-10	-0.000127348
1.3993e-10	-0.000127262
1.39971e-10	-0.000127177
1.40013e-10	-0.000127091
1.40054e-10	-0.000127005
1.40096e-10	-0.00012692
1.40137e-10	-0.000126834
1.40179e-10	-0.000126748
1.40221e-10	-0.000126662
1.40262e-10	-0.000126576
1.40304e-10	-0.00012649
1.40345e-10	-0.000126404
1.40387e-10	-0.000126317
1.40428e-10	-0.000126231
1.4047e-10	-0.000126144
1.40511e-10	-0.000126058
1.40553e-10	-0.000125971
1.40594e-10	-0.000125884
1.40636e-10	-0.000125798
1.40677e-10	-0.000125711
1.40719e-10	-0.000125624
1.4076e-10	-0.000125537
1.40802e-10	-0.00012545
1.40843e-10	-0.000125362
1.40885e-10	-0.000125275
1.40927e-10	-0.000125188
1.40968e-10	-0.0001251
1.4101e-10	-0.000125013
1.41051e-10	-0.000124925
1.41093e-10	-0.000124838
1.41134e-10	-0.00012475
1.41176e-10	-0.000124662
1.41217e-10	-0.000124574
1.41259e-10	-0.000124486
1.413e-10	-0.000124398
1.41342e-10	-0.00012431
1.41383e-10	-0.000124221
1.41425e-10	-0.000124133
1.41466e-10	-0.000124045
1.41508e-10	-0.000123956
1.41549e-10	-0.000123868
1.41591e-10	-0.000123779
1.41632e-10	-0.00012369
1.41674e-10	-0.000123601
1.41716e-10	-0.000123513
1.41757e-10	-0.000123424
1.41799e-10	-0.000123335
1.4184e-10	-0.000123245
1.41882e-10	-0.000123156
1.41923e-10	-0.000123067
1.41965e-10	-0.000122977
1.42006e-10	-0.000122888
1.42048e-10	-0.000122798
1.42089e-10	-0.000122709
1.42131e-10	-0.000122619
1.42172e-10	-0.000122529
1.42214e-10	-0.00012244
1.42255e-10	-0.00012235
1.42297e-10	-0.00012226
1.42338e-10	-0.000122169
1.4238e-10	-0.000122079
1.42422e-10	-0.000121989
1.42463e-10	-0.000121899
1.42505e-10	-0.000121808
1.42546e-10	-0.000121718
1.42588e-10	-0.000121627
1.42629e-10	-0.000121536
1.42671e-10	-0.000121446
1.42712e-10	-0.000121355
1.42754e-10	-0.000121264
1.42795e-10	-0.000121173
1.42837e-10	-0.000121082
1.42878e-10	-0.000120991
1.4292e-10	-0.0001209
1.42961e-10	-0.000120808
1.43003e-10	-0.000120717
1.43044e-10	-0.000120625
1.43086e-10	-0.000120534
1.43128e-10	-0.000120442
1.43169e-10	-0.000120351
1.43211e-10	-0.000120259
1.43252e-10	-0.000120167
1.43294e-10	-0.000120075
1.43335e-10	-0.000119983
1.43377e-10	-0.000119891
1.43418e-10	-0.000119799
1.4346e-10	-0.000119706
1.43501e-10	-0.000119614
1.43543e-10	-0.000119522
1.43584e-10	-0.000119429
1.43626e-10	-0.000119337
1.43667e-10	-0.000119244
1.43709e-10	-0.000119151
1.4375e-10	-0.000119058
1.43792e-10	-0.000118965
1.43833e-10	-0.000118872
1.43875e-10	-0.000118779
1.43917e-10	-0.000118686
1.43958e-10	-0.000118593
1.44e-10	-0.0001185
1.44041e-10	-0.000118406
1.44083e-10	-0.000118313
1.44124e-10	-0.000118219
1.44166e-10	-0.000118126
1.44207e-10	-0.000118032
1.44249e-10	-0.000117938
1.4429e-10	-0.000117844
1.44332e-10	-0.00011775
1.44373e-10	-0.000117656
1.44415e-10	-0.000117562
1.44456e-10	-0.000117468
1.44498e-10	-0.000117374
1.44539e-10	-0.000117279
1.44581e-10	-0.000117185
1.44623e-10	-0.000117091
1.44664e-10	-0.000116996
1.44706e-10	-0.000116901
1.44747e-10	-0.000116807
1.44789e-10	-0.000116712
1.4483e-10	-0.000116617
1.44872e-10	-0.000116522
1.44913e-10	-0.000116427
1.44955e-10	-0.000116332
1.44996e-10	-0.000116237
1.45038e-10	-0.000116141
1.45079e-10	-0.000116046
1.45121e-10	-0.00011595
1.45162e-10	-0.000115855
1.45204e-10	-0.000115759
1.45245e-10	-0.000115664
1.45287e-10	-0.000115568
1.45329e-10	-0.000115472
1.4537e-10	-0.000115376
1.45412e-10	-0.00011528
1.45453e-10	-0.000115184
1.45495e-10	-0.000115088
1.45536e-10	-0.000114992
1.45578e-10	-0.000114895
1.45619e-10	-0.000114799
1.45661e-10	-0.000114702
1.45702e-10	-0.000114606
1.45744e-10	-0.000114509
1.45785e-10	-0.000114413
1.45827e-10	-0.000114316
1.45868e-10	-0.000114219
1.4591e-10	-0.000114122
1.45951e-10	-0.000114025
1.45993e-10	-0.000113928
1.46034e-10	-0.000113831
1.46076e-10	-0.000113733
1.46118e-10	-0.000113636
1.46159e-10	-0.000113539
1.46201e-10	-0.000113441
1.46242e-10	-0.000113343
1.46284e-10	-0.000113246
1.46325e-10	-0.000113148
1.46367e-10	-0.00011305
1.46408e-10	-0.000112952
1.4645e-10	-0.000112854
1.46491e-10	-0.000112756
1.46533e-10	-0.000112658
1.46574e-10	-0.00011256
1.46616e-10	-0.000112462
1.46657e-10	-0.000112363
1.46699e-10	-0.000112265
1.4674e-10	-0.000112166
1.46782e-10	-0.000112068
1.46824e-10	-0.000111969
1.46865e-10	-0.00011187
1.46907e-10	-0.000111772
1.46948e-10	-0.000111673
1.4699e-10	-0.000111574
1.47031e-10	-0.000111475
1.47073e-10	-0.000111375
1.47114e-10	-0.000111276
1.47156e-10	-0.000111177
1.47197e-10	-0.000111077
1.47239e-10	-0.000110978
1.4728e-10	-0.000110878
1.47322e-10	-0.000110779
1.47363e-10	-0.000110679
1.47405e-10	-0.000110579
1.47446e-10	-0.000110479
1.47488e-10	-0.00011038
1.4753e-10	-0.00011028
1.47571e-10	-0.000110179
1.47613e-10	-0.000110079
1.47654e-10	-0.000109979
1.47696e-10	-0.000109879
1.47737e-10	-0.000109778
1.47779e-10	-0.000109678
1.4782e-10	-0.000109577
1.47862e-10	-0.000109477
1.47903e-10	-0.000109376
1.47945e-10	-0.000109275
1.47986e-10	-0.000109174
1.48028e-10	-0.000109073
1.48069e-10	-0.000108972
1.48111e-10	-0.000108871
1.48152e-10	-0.00010877
1.48194e-10	-0.000108669
1.48235e-10	-0.000108567
1.48277e-10	-0.000108466
1.48319e-10	-0.000108365
1.4836e-10	-0.000108263
1.48402e-10	-0.000108161
1.48443e-10	-0.00010806
1.48485e-10	-0.000107958
1.48526e-10	-0.000107856
1.48568e-10	-0.000107754
1.48609e-10	-0.000107652
1.48651e-10	-0.00010755
1.48692e-10	-0.000107448
1.48734e-10	-0.000107345
1.48775e-10	-0.000107243
1.48817e-10	-0.000107141
1.48858e-10	-0.000107038
1.489e-10	-0.000106935
1.48941e-10	-0.000106833
1.48983e-10	-0.00010673
1.49025e-10	-0.000106627
1.49066e-10	-0.000106524
1.49108e-10	-0.000106421
1.49149e-10	-0.000106318
1.49191e-10	-0.000106215
1.49232e-10	-0.000106112
1.49274e-10	-0.000106009
1.49315e-10	-0.000105905
1.49357e-10	-0.000105802
1.49398e-10	-0.000105699
1.4944e-10	-0.000105595
1.49481e-10	-0.000105491
1.49523e-10	-0.000105388
1.49564e-10	-0.000105284
1.49606e-10	-0.00010518
1.49647e-10	-0.000105076
1.49689e-10	-0.000104972
1.49731e-10	-0.000104868
1.49772e-10	-0.000104763
1.49814e-10	-0.000104659
1.49855e-10	-0.000104555
1.49897e-10	-0.00010445
1.49938e-10	-0.000104346
1.4998e-10	-0.000104241
1.50021e-10	-0.000104137
1.50063e-10	-0.000104032
1.50104e-10	-0.000103927
1.50146e-10	-0.000103822
1.50187e-10	-0.000103717
1.50229e-10	-0.000103612
1.5027e-10	-0.000103507
1.50312e-10	-0.000103402
1.50353e-10	-0.000103297
1.50395e-10	-0.000103191
1.50436e-10	-0.000103086
1.50478e-10	-0.00010298
1.5052e-10	-0.000102875
1.50561e-10	-0.000102769
1.50603e-10	-0.000102663
1.50644e-10	-0.000102558
1.50686e-10	-0.000102452
1.50727e-10	-0.000102346
1.50769e-10	-0.00010224
1.5081e-10	-0.000102134
1.50852e-10	-0.000102027
1.50893e-10	-0.000101921
1.50935e-10	-0.000101815
1.50976e-10	-0.000101708
1.51018e-10	-0.000101602
1.51059e-10	-0.000101495
1.51101e-10	-0.000101389
1.51142e-10	-0.000101282
1.51184e-10	-0.000101175
1.51226e-10	-0.000101068
1.51267e-10	-0.000100961
1.51309e-10	-0.000100854
1.5135e-10	-0.000100747
1.51392e-10	-0.00010064
1.51433e-10	-0.000100533
1.51475e-10	-0.000100425
1.51516e-10	-0.000100318
1.51558e-10	-0.00010021
1.51599e-10	-0.000100103
1.51641e-10	-9.99952e-05
1.51682e-10	-9.98875e-05
1.51724e-10	-9.97797e-05
1.51765e-10	-9.96718e-05
1.51807e-10	-9.95638e-05
1.51848e-10	-9.94558e-05
1.5189e-10	-9.93477e-05
1.51932e-10	-9.92396e-05
1.51973e-10	-9.91313e-05
1.52015e-10	-9.9023e-05
1.52056e-10	-9.89146e-05
1.52098e-10	-9.88061e-05
1.52139e-10	-9.86976e-05
1.52181e-10	-9.85889e-05
1.52222e-10	-9.84802e-05
1.52264e-10	-9.83714e-05
1.52305e-10	-9.82626e-05
1.52347e-10	-9.81537e-05
1.52388e-10	-9.80447e-05
1.5243e-10	-9.79356e-05
1.52471e-10	-9.78264e-05
1.52513e-10	-9.77172e-05
1.52554e-10	-9.76079e-05
1.52596e-10	-9.74985e-05
1.52637e-10	-9.7389e-05
1.52679e-10	-9.72795e-05
1.52721e-10	-9.71699e-05
1.52762e-10	-9.70602e-05
1.52804e-10	-9.69505e-05
1.52845e-10	-9.68406e-05
1.52887e-10	-9.67307e-05
1.52928e-10	-9.66207e-05
1.5297e-10	-9.65107e-05
1.53011e-10	-9.64005e-05
1.53053e-10	-9.62903e-05
1.53094e-10	-9.618e-05
1.53136e-10	-9.60697e-05
1.53177e-10	-9.59593e-05
1.53219e-10	-9.58487e-05
1.5326e-10	-9.57382e-05
1.53302e-10	-9.56275e-05
1.53343e-10	-9.55168e-05
1.53385e-10	-9.5406e-05
1.53427e-10	-9.52951e-05
1.53468e-10	-9.51841e-05
1.5351e-10	-9.50731e-05
1.53551e-10	-9.4962e-05
1.53593e-10	-9.48508e-05
1.53634e-10	-9.47395e-05
1.53676e-10	-9.46282e-05
1.53717e-10	-9.45168e-05
1.53759e-10	-9.44053e-05
1.538e-10	-9.42937e-05
1.53842e-10	-9.41821e-05
1.53883e-10	-9.40704e-05
1.53925e-10	-9.39586e-05
1.53966e-10	-9.38468e-05
1.54008e-10	-9.37348e-05
1.54049e-10	-9.36228e-05
1.54091e-10	-9.35107e-05
1.54133e-10	-9.33986e-05
1.54174e-10	-9.32864e-05
1.54216e-10	-9.31741e-05
1.54257e-10	-9.30617e-05
1.54299e-10	-9.29492e-05
1.5434e-10	-9.28367e-05
1.54382e-10	-9.27241e-05
1.54423e-10	-9.26114e-05
1.54465e-10	-9.24987e-05
1.54506e-10	-9.23858e-05
1.54548e-10	-9.2273e-05
1.54589e-10	-9.216e-05
1.54631e-10	-9.20469e-05
1.54672e-10	-9.19338e-05
1.54714e-10	-9.18206e-05
1.54755e-10	-9.17073e-05
1.54797e-10	-9.1594e-05
1.54839e-10	-9.14806e-05
1.5488e-10	-9.13671e-05
1.54922e-10	-9.12535e-05
1.54963e-10	-9.11399e-05
1.55005e-10	-9.10262e-05
1.55046e-10	-9.09124e-05
1.55088e-10	-9.07985e-05
1.55129e-10	-9.06846e-05
1.55171e-10	-9.05706e-05
1.55212e-10	-9.04565e-05
1.55254e-10	-9.03424e-05
1.55295e-10	-9.02281e-05
1.55337e-10	-9.01138e-05
1.55378e-10	-8.99995e-05
1.5542e-10	-8.9885e-05
1.55461e-10	-8.97705e-05
1.55503e-10	-8.96559e-05
1.55544e-10	-8.95412e-05
1.55586e-10	-8.94265e-05
1.55628e-10	-8.93117e-05
1.55669e-10	-8.91968e-05
1.55711e-10	-8.90818e-05
1.55752e-10	-8.89668e-05
1.55794e-10	-8.88517e-05
1.55835e-10	-8.87365e-05
1.55877e-10	-8.86212e-05
1.55918e-10	-8.85059e-05
1.5596e-10	-8.83905e-05
1.56001e-10	-8.8275e-05
1.56043e-10	-8.81595e-05
1.56084e-10	-8.80438e-05
1.56126e-10	-8.79281e-05
1.56167e-10	-8.78124e-05
1.56209e-10	-8.76965e-05
1.5625e-10	-8.75806e-05
1.56292e-10	-8.74646e-05
1.56334e-10	-8.73486e-05
1.56375e-10	-8.72324e-05
1.56417e-10	-8.71162e-05
1.56458e-10	-8.69999e-05
1.565e-10	-8.68836e-05
1.56541e-10	-8.67671e-05
1.56583e-10	-8.66506e-05
1.56624e-10	-8.65341e-05
1.56666e-10	-8.64174e-05
1.56707e-10	-8.63007e-05
1.56749e-10	-8.61839e-05
1.5679e-10	-8.60671e-05
1.56832e-10	-8.59501e-05
1.56873e-10	-8.58331e-05
1.56915e-10	-8.5716e-05
1.56956e-10	-8.55989e-05
1.56998e-10	-8.54817e-05
1.5704e-10	-8.53644e-05
1.57081e-10	-8.5247e-05
1.57123e-10	-8.51295e-05
1.57164e-10	-8.5012e-05
1.57206e-10	-8.48944e-05
1.57247e-10	-8.47768e-05
1.57289e-10	-8.4659e-05
1.5733e-10	-8.45412e-05
1.57372e-10	-8.44234e-05
1.57413e-10	-8.43054e-05
1.57455e-10	-8.41874e-05
1.57496e-10	-8.40693e-05
1.57538e-10	-8.39511e-05
1.57579e-10	-8.38329e-05
1.57621e-10	-8.37146e-05
1.57662e-10	-8.35962e-05
1.57704e-10	-8.34777e-05
1.57745e-10	-8.33592e-05
1.57787e-10	-8.32406e-05
1.57829e-10	-8.31219e-05
1.5787e-10	-8.30032e-05
1.57912e-10	-8.28844e-05
1.57953e-10	-8.27655e-05
1.57995e-10	-8.26465e-05
1.58036e-10	-8.25275e-05
1.58078e-10	-8.24084e-05
1.58119e-10	-8.22892e-05
1.58161e-10	-8.217e-05
1.58202e-10	-8.20507e-05
1.58244e-10	-8.19313e-05
1.58285e-10	-8.18118e-05
1.58327e-10	-8.16923e-05
1.58368e-10	-8.15727e-05
1.5841e-10	-8.1453e-05
1.58451e-10	-8.13333e-05
1.58493e-10	-8.12134e-05
1.58535e-10	-8.10935e-05
1.58576e-10	-8.09736e-05
1.58618e-10	-8.08535e-05
1.58659e-10	-8.07334e-05
1.58701e-10	-8.06133e-05
1.58742e-10	-8.0493e-05
1.58784e-10	-8.03727e-05
1.58825e-10	-8.02523e-05
1.58867e-10	-8.01319e-05
1.58908e-10	-8.00113e-05
1.5895e-10	-7.98907e-05
1.58991e-10	-7.977e-05
1.59033e-10	-7.96493e-05
1.59074e-10	-7.95285e-05
1.59116e-10	-7.94076e-05
1.59157e-10	-7.92866e-05
1.59199e-10	-7.91656e-05
1.59241e-10	-7.90445e-05
1.59282e-10	-7.89233e-05
1.59324e-10	-7.88021e-05
1.59365e-10	-7.86808e-05
1.59407e-10	-7.85594e-05
1.59448e-10	-7.8438e-05
1.5949e-10	-7.83164e-05
1.59531e-10	-7.81948e-05
1.59573e-10	-7.80732e-05
1.59614e-10	-7.79514e-05
1.59656e-10	-7.78296e-05
1.59697e-10	-7.77077e-05
1.59739e-10	-7.75858e-05
1.5978e-10	-7.74638e-05
1.59822e-10	-7.73417e-05
1.59863e-10	-7.72195e-05
1.59905e-10	-7.70973e-05
1.59946e-10	-7.6975e-05
1.59988e-10	-7.68526e-05
1.6003e-10	-7.67302e-05
1.60071e-10	-7.66077e-05
1.60113e-10	-7.64851e-05
1.60154e-10	-7.63624e-05
1.60196e-10	-7.62397e-05
1.60237e-10	-7.61169e-05
1.60279e-10	-7.59941e-05
1.6032e-10	-7.58711e-05
1.60362e-10	-7.57481e-05
1.60403e-10	-7.56251e-05
1.60445e-10	-7.55019e-05
1.60486e-10	-7.53787e-05
1.60528e-10	-7.52554e-05
1.60569e-10	-7.51321e-05
1.60611e-10	-7.50086e-05
1.60652e-10	-7.48852e-05
1.60694e-10	-7.47616e-05
1.60736e-10	-7.4638e-05
1.60777e-10	-7.45143e-05
1.60819e-10	-7.43905e-05
1.6086e-10	-7.42666e-05
1.60902e-10	-7.41427e-05
1.60943e-10	-7.40188e-05
1.60985e-10	-7.38947e-05
1.61026e-10	-7.37706e-05
1.61068e-10	-7.36464e-05
1.61109e-10	-7.35221e-05
1.61151e-10	-7.33978e-05
1.61192e-10	-7.32734e-05
1.61234e-10	-7.31489e-05
1.61275e-10	-7.30244e-05
1.61317e-10	-7.28998e-05
1.61358e-10	-7.27751e-05
1.614e-10	-7.26504e-05
1.61442e-10	-7.25256e-05
1.61483e-10	-7.24007e-05
1.61525e-10	-7.22757e-05
1.61566e-10	-7.21507e-05
1.61608e-10	-7.20256e-05
1.61649e-10	-7.19005e-05
1.61691e-10	-7.17753e-05
1.61732e-10	-7.165e-05
1.61774e-10	-7.15246e-05
1.61815e-10	-7.13992e-05
1.61857e-10	-7.12737e-05
1.61898e-10	-7.11481e-05
1.6194e-10	-7.10224e-05
1.61981e-10	-7.08967e-05
1.62023e-10	-7.0771e-05
1.62064e-10	-7.06451e-05
1.62106e-10	-7.05192e-05
1.62147e-10	-7.03932e-05
1.62189e-10	-7.02672e-05
1.62231e-10	-7.0141e-05
1.62272e-10	-7.00149e-05
1.62314e-10	-6.98886e-05
1.62355e-10	-6.97623e-05
1.62397e-10	-6.96359e-05
1.62438e-10	-6.95094e-05
1.6248e-10	-6.93829e-05
1.62521e-10	-6.92563e-05
1.62563e-10	-6.91296e-05
1.62604e-10	-6.90029e-05
1.62646e-10	-6.88761e-05
1.62687e-10	-6.87492e-05
1.62729e-10	-6.86223e-05
1.6277e-10	-6.84952e-05
1.62812e-10	-6.83682e-05
1.62853e-10	-6.8241e-05
1.62895e-10	-6.81138e-05
1.62937e-10	-6.79865e-05
1.62978e-10	-6.78592e-05
1.6302e-10	-6.77318e-05
1.63061e-10	-6.76043e-05
1.63103e-10	-6.74767e-05
1.63144e-10	-6.73491e-05
1.63186e-10	-6.72214e-05
1.63227e-10	-6.70937e-05
1.63269e-10	-6.69658e-05
1.6331e-10	-6.68379e-05
1.63352e-10	-6.671e-05
1.63393e-10	-6.6582e-05
1.63435e-10	-6.64539e-05
1.63476e-10	-6.63257e-05
1.63518e-10	-6.61975e-05
1.63559e-10	-6.60692e-05
1.63601e-10	-6.59408e-05
1.63643e-10	-6.58124e-05
1.63684e-10	-6.56839e-05
1.63726e-10	-6.55553e-05
1.63767e-10	-6.54267e-05
1.63809e-10	-6.5298e-05
1.6385e-10	-6.51692e-05
1.63892e-10	-6.50404e-05
1.63933e-10	-6.49115e-05
1.63975e-10	-6.47825e-05
1.64016e-10	-6.46535e-05
1.64058e-10	-6.45244e-05
1.64099e-10	-6.43952e-05
1.64141e-10	-6.4266e-05
1.64182e-10	-6.41367e-05
1.64224e-10	-6.40073e-05
1.64265e-10	-6.38779e-05
1.64307e-10	-6.37483e-05
1.64348e-10	-6.36188e-05
1.6439e-10	-6.34891e-05
1.64432e-10	-6.33594e-05
1.64473e-10	-6.32297e-05
1.64515e-10	-6.30998e-05
1.64556e-10	-6.29699e-05
1.64598e-10	-6.284e-05
1.64639e-10	-6.27099e-05
1.64681e-10	-6.25798e-05
1.64722e-10	-6.24496e-05
1.64764e-10	-6.23194e-05
1.64805e-10	-6.21891e-05
1.64847e-10	-6.20587e-05
1.64888e-10	-6.19283e-05
1.6493e-10	-6.17978e-05
1.64971e-10	-6.16672e-05
1.65013e-10	-6.15366e-05
1.65054e-10	-6.14059e-05
1.65096e-10	-6.12751e-05
1.65138e-10	-6.11443e-05
1.65179e-10	-6.10134e-05
1.65221e-10	-6.08824e-05
1.65262e-10	-6.07514e-05
1.65304e-10	-6.06203e-05
1.65345e-10	-6.04891e-05
1.65387e-10	-6.03579e-05
1.65428e-10	-6.02266e-05
1.6547e-10	-6.00953e-05
1.65511e-10	-5.99638e-05
1.65553e-10	-5.98323e-05
1.65594e-10	-5.97008e-05
1.65636e-10	-5.95692e-05
1.65677e-10	-5.94375e-05
1.65719e-10	-5.93057e-05
1.6576e-10	-5.91739e-05
1.65802e-10	-5.9042e-05
1.65844e-10	-5.89101e-05
1.65885e-10	-5.8778e-05
1.65927e-10	-5.8646e-05
1.65968e-10	-5.85138e-05
1.6601e-10	-5.83816e-05
1.66051e-10	-5.82493e-05
1.66093e-10	-5.8117e-05
1.66134e-10	-5.79846e-05
1.66176e-10	-5.78521e-05
1.66217e-10	-5.77196e-05
1.66259e-10	-5.7587e-05
1.663e-10	-5.74543e-05
1.66342e-10	-5.73216e-05
1.66383e-10	-5.71888e-05
1.66425e-10	-5.70559e-05
1.66466e-10	-5.6923e-05
1.66508e-10	-5.679e-05
1.6655e-10	-5.66569e-05
1.66591e-10	-5.65238e-05
1.66633e-10	-5.63906e-05
1.66674e-10	-5.62574e-05
1.66716e-10	-5.61241e-05
1.66757e-10	-5.59907e-05
1.66799e-10	-5.58572e-05
1.6684e-10	-5.57237e-05
1.66882e-10	-5.55902e-05
1.66923e-10	-5.54565e-05
1.66965e-10	-5.53228e-05
1.67006e-10	-5.51891e-05
1.67048e-10	-5.50552e-05
1.67089e-10	-5.49213e-05
1.67131e-10	-5.47874e-05
1.67172e-10	-5.46533e-05
1.67214e-10	-5.45193e-05
1.67255e-10	-5.43851e-05
1.67297e-10	-5.42509e-05
1.67339e-10	-5.41166e-05
1.6738e-10	-5.39823e-05
1.67422e-10	-5.38479e-05
1.67463e-10	-5.37134e-05
1.67505e-10	-5.35788e-05
1.67546e-10	-5.34442e-05
1.67588e-10	-5.33096e-05
1.67629e-10	-5.31749e-05
1.67671e-10	-5.30401e-05
1.67712e-10	-5.29052e-05
1.67754e-10	-5.27703e-05
1.67795e-10	-5.26353e-05
1.67837e-10	-5.25003e-05
1.67878e-10	-5.23652e-05
1.6792e-10	-5.223e-05
1.67961e-10	-5.20947e-05
1.68003e-10	-5.19594e-05
1.68045e-10	-5.18241e-05
1.68086e-10	-5.16887e-05
1.68128e-10	-5.15532e-05
1.68169e-10	-5.14176e-05
1.68211e-10	-5.1282e-05
1.68252e-10	-5.11463e-05
1.68294e-10	-5.10106e-05
1.68335e-10	-5.08748e-05
1.68377e-10	-5.07389e-05
1.68418e-10	-5.0603e-05
1.6846e-10	-5.0467e-05
1.68501e-10	-5.03309e-05
1.68543e-10	-5.01948e-05
1.68584e-10	-5.00586e-05
1.68626e-10	-4.99224e-05
1.68667e-10	-4.97861e-05
1.68709e-10	-4.96497e-05
1.68751e-10	-4.95133e-05
1.68792e-10	-4.93768e-05
1.68834e-10	-4.92402e-05
1.68875e-10	-4.91036e-05
1.68917e-10	-4.89669e-05
1.68958e-10	-4.88302e-05
1.69e-10	-4.86933e-05
1.69041e-10	-4.85565e-05
1.69083e-10	-4.84195e-05
1.69124e-10	-4.82825e-05
1.69166e-10	-4.81455e-05
1.69207e-10	-4.80084e-05
1.69249e-10	-4.78712e-05
1.6929e-10	-4.77339e-05
1.69332e-10	-4.75966e-05
1.69373e-10	-4.74593e-05
1.69415e-10	-4.73218e-05
1.69456e-10	-4.71843e-05
1.69498e-10	-4.70468e-05
1.6954e-10	-4.69092e-05
1.69581e-10	-4.67715e-05
1.69623e-10	-4.66337e-05
1.69664e-10	-4.64959e-05
1.69706e-10	-4.63581e-05
1.69747e-10	-4.62201e-05
1.69789e-10	-4.60822e-05
1.6983e-10	-4.59441e-05
1.69872e-10	-4.5806e-05
1.69913e-10	-4.56678e-05
1.69955e-10	-4.55296e-05
1.69996e-10	-4.53913e-05
1.70038e-10	-4.52529e-05
1.70079e-10	-4.51145e-05
1.70121e-10	-4.4976e-05
1.70162e-10	-4.48375e-05
1.70204e-10	-4.46989e-05
1.70246e-10	-4.45602e-05
1.70287e-10	-4.44215e-05
1.70329e-10	-4.42827e-05
1.7037e-10	-4.41439e-05
1.70412e-10	-4.4005e-05
1.70453e-10	-4.3866e-05
1.70495e-10	-4.3727e-05
1.70536e-10	-4.35879e-05
1.70578e-10	-4.34487e-05
1.70619e-10	-4.33095e-05
1.70661e-10	-4.31702e-05
1.70702e-10	-4.30309e-05
1.70744e-10	-4.28915e-05
1.70785e-10	-4.2752e-05
1.70827e-10	-4.26125e-05
1.70868e-10	-4.2473e-05
1.7091e-10	-4.23333e-05
1.70952e-10	-4.21936e-05
1.70993e-10	-4.20539e-05
1.71035e-10	-4.1914e-05
1.71076e-10	-4.17742e-05
1.71118e-10	-4.16342e-05
1.71159e-10	-4.14942e-05
1.71201e-10	-4.13542e-05
1.71242e-10	-4.1214e-05
1.71284e-10	-4.10739e-05
1.71325e-10	-4.09336e-05
1.71367e-10	-4.07933e-05
1.71408e-10	-4.0653e-05
1.7145e-10	-4.05125e-05
1.71491e-10	-4.03721e-05
1.71533e-10	-4.02315e-05
1.71574e-10	-4.00909e-05
1.71616e-10	-3.99503e-05
1.71657e-10	-3.98095e-05
1.71699e-10	-3.96688e-05
1.71741e-10	-3.95279e-05
1.71782e-10	-3.9387e-05
1.71824e-10	-3.92461e-05
1.71865e-10	-3.91051e-05
1.71907e-10	-3.8964e-05
1.71948e-10	-3.88228e-05
1.7199e-10	-3.86816e-05
1.72031e-10	-3.85404e-05
1.72073e-10	-3.83991e-05
1.72114e-10	-3.82577e-05
1.72156e-10	-3.81163e-05
1.72197e-10	-3.79748e-05
1.72239e-10	-3.78332e-05
1.7228e-10	-3.76916e-05
1.72322e-10	-3.75499e-05
1.72363e-10	-3.74082e-05
1.72405e-10	-3.72664e-05
1.72447e-10	-3.71246e-05
1.72488e-10	-3.69827e-05
1.7253e-10	-3.68407e-05
1.72571e-10	-3.66987e-05
1.72613e-10	-3.65566e-05
1.72654e-10	-3.64145e-05
1.72696e-10	-3.62723e-05
1.72737e-10	-3.613e-05
1.72779e-10	-3.59877e-05
1.7282e-10	-3.58453e-05
1.72862e-10	-3.57029e-05
1.72903e-10	-3.55604e-05
1.72945e-10	-3.54178e-05
1.72986e-10	-3.52752e-05
1.73028e-10	-3.51326e-05
1.73069e-10	-3.49898e-05
1.73111e-10	-3.48471e-05
1.73153e-10	-3.47042e-05
1.73194e-10	-3.45613e-05
1.73236e-10	-3.44184e-05
1.73277e-10	-3.42753e-05
1.73319e-10	-3.41323e-05
1.7336e-10	-3.39891e-05
1.73402e-10	-3.38459e-05
1.73443e-10	-3.37027e-05
1.73485e-10	-3.35594e-05
1.73526e-10	-3.3416e-05
1.73568e-10	-3.32726e-05
1.73609e-10	-3.31291e-05
1.73651e-10	-3.29856e-05
1.73692e-10	-3.2842e-05
1.73734e-10	-3.26983e-05
1.73775e-10	-3.25546e-05
1.73817e-10	-3.24109e-05
1.73858e-10	-3.2267e-05
1.739e-10	-3.21232e-05
1.73942e-10	-3.19792e-05
1.73983e-10	-3.18352e-05
1.74025e-10	-3.16912e-05
1.74066e-10	-3.15471e-05
1.74108e-10	-3.14029e-05
1.74149e-10	-3.12587e-05
1.74191e-10	-3.11144e-05
1.74232e-10	-3.09701e-05
1.74274e-10	-3.08257e-05
1.74315e-10	-3.06812e-05
1.74357e-10	-3.05367e-05
1.74398e-10	-3.03921e-05
1.7444e-10	-3.02475e-05
1.74481e-10	-3.01028e-05
1.74523e-10	-2.99581e-05
1.74564e-10	-2.98133e-05
1.74606e-10	-2.96685e-05
1.74648e-10	-2.95235e-05
1.74689e-10	-2.93786e-05
1.74731e-10	-2.92336e-05
1.74772e-10	-2.90885e-05
1.74814e-10	-2.89434e-05
1.74855e-10	-2.87982e-05
1.74897e-10	-2.86529e-05
1.74938e-10	-2.85076e-05
1.7498e-10	-2.83623e-05
1.75021e-10	-2.82169e-05
1.75063e-10	-2.80714e-05
1.75104e-10	-2.79259e-05
1.75146e-10	-2.77803e-05
1.75187e-10	-2.76346e-05
1.75229e-10	-2.74889e-05
1.7527e-10	-2.73432e-05
1.75312e-10	-2.71974e-05
1.75354e-10	-2.70515e-05
1.75395e-10	-2.69056e-05
1.75437e-10	-2.67596e-05
1.75478e-10	-2.66136e-05
1.7552e-10	-2.64675e-05
1.75561e-10	-2.63214e-05
1.75603e-10	-2.61752e-05
1.75644e-10	-2.6029e-05
1.75686e-10	-2.58827e-05
1.75727e-10	-2.57363e-05
1.75769e-10	-2.55899e-05
1.7581e-10	-2.54434e-05
1.75852e-10	-2.52969e-05
1.75893e-10	-2.51503e-05
1.75935e-10	-2.50037e-05
1.75976e-10	-2.4857e-05
1.76018e-10	-2.47102e-05
1.76059e-10	-2.45634e-05
1.76101e-10	-2.44166e-05
1.76143e-10	-2.42697e-05
1.76184e-10	-2.41227e-05
1.76226e-10	-2.39757e-05
1.76267e-10	-2.38286e-05
1.76309e-10	-2.36815e-05
1.7635e-10	-2.35343e-05
1.76392e-10	-2.3387e-05
1.76433e-10	-2.32398e-05
1.76475e-10	-2.30924e-05
1.76516e-10	-2.2945e-05
1.76558e-10	-2.27975e-05
1.76599e-10	-2.265e-05
1.76641e-10	-2.25025e-05
1.76682e-10	-2.23548e-05
1.76724e-10	-2.22072e-05
1.76765e-10	-2.20594e-05
1.76807e-10	-2.19117e-05
1.76849e-10	-2.17638e-05
1.7689e-10	-2.16159e-05
1.76932e-10	-2.1468e-05
1.76973e-10	-2.132e-05
1.77015e-10	-2.11719e-05
1.77056e-10	-2.10238e-05
1.77098e-10	-2.08757e-05
1.77139e-10	-2.07275e-05
1.77181e-10	-2.05792e-05
1.77222e-10	-2.04309e-05
1.77264e-10	-2.02825e-05
1.77305e-10	-2.01341e-05
1.77347e-10	-1.99856e-05
1.77388e-10	-1.98371e-05
1.7743e-10	-1.96885e-05
1.77471e-10	-1.95398e-05
1.77513e-10	-1.93911e-05
1.77555e-10	-1.92424e-05
1.77596e-10	-1.90936e-05
1.77638e-10	-1.89447e-05
1.77679e-10	-1.87958e-05
1.77721e-10	-1.86469e-05
1.77762e-10	-1.84979e-05
1.77804e-10	-1.83488e-05
1.77845e-10	-1.81997e-05
1.77887e-10	-1.80505e-05
1.77928e-10	-1.79013e-05
1.7797e-10	-1.7752e-05
1.78011e-10	-1.76027e-05
1.78053e-10	-1.74533e-05
1.78094e-10	-1.73039e-05
1.78136e-10	-1.71544e-05
1.78177e-10	-1.70048e-05
1.78219e-10	-1.68552e-05
1.78261e-10	-1.67056e-05
1.78302e-10	-1.65559e-05
1.78344e-10	-1.64061e-05
1.78385e-10	-1.62563e-05
1.78427e-10	-1.61065e-05
1.78468e-10	-1.59566e-05
1.7851e-10	-1.58066e-05
1.78551e-10	-1.56566e-05
1.78593e-10	-1.55065e-05
1.78634e-10	-1.53564e-05
1.78676e-10	-1.52063e-05
1.78717e-10	-1.5056e-05
1.78759e-10	-1.49058e-05
1.788e-10	-1.47555e-05
1.78842e-10	-1.46051e-05
1.78883e-10	-1.44547e-05
1.78925e-10	-1.43042e-05
1.78966e-10	-1.41537e-05
1.79008e-10	-1.40031e-05
1.7905e-10	-1.38524e-05
1.79091e-10	-1.37018e-05
1.79133e-10	-1.3551e-05
1.79174e-10	-1.34002e-05
1.79216e-10	-1.32494e-05
1.79257e-10	-1.30985e-05
1.79299e-10	-1.29476e-05
1.7934e-10	-1.27966e-05
1.79382e-10	-1.26456e-05
1.79423e-10	-1.24945e-05
1.79465e-10	-1.23433e-05
1.79506e-10	-1.21921e-05
1.79548e-10	-1.20409e-05
1.79589e-10	-1.18896e-05
1.79631e-10	-1.17382e-05
1.79672e-10	-1.15868e-05
1.79714e-10	-1.14354e-05
1.79756e-10	-1.12839e-05
1.79797e-10	-1.11323e-05
1.79839e-10	-1.09807e-05
1.7988e-10	-1.08291e-05
1.79922e-10	-1.06774e-05
1.79963e-10	-1.05256e-05
1.80005e-10	-1.03738e-05
1.80046e-10	-1.0222e-05
1.80088e-10	-1.00701e-05
1.80129e-10	-9.91815e-06
1.80171e-10	-9.76615e-06
1.80212e-10	-9.61409e-06
1.80254e-10	-9.46199e-06
1.80295e-10	-9.30984e-06
1.80337e-10	-9.15764e-06
1.80378e-10	-9.00539e-06
1.8042e-10	-8.85309e-06
1.80462e-10	-8.70074e-06
1.80503e-10	-8.54834e-06
1.80545e-10	-8.39589e-06
1.80586e-10	-8.24339e-06
1.80628e-10	-8.09084e-06
1.80669e-10	-7.93824e-06
1.80711e-10	-7.7856e-06
1.80752e-10	-7.6329e-06
1.80794e-10	-7.48015e-06
1.80835e-10	-7.32736e-06
1.80877e-10	-7.17451e-06
1.80918e-10	-7.02162e-06
1.8096e-10	-6.86868e-06
1.81001e-10	-6.71569e-06
1.81043e-10	-6.56265e-06
1.81084e-10	-6.40956e-06
1.81126e-10	-6.25642e-06
1.81167e-10	-6.10323e-06
1.81209e-10	-5.94999e-06
1.81251e-10	-5.79671e-06
1.81292e-10	-5.64337e-06
1.81334e-10	-5.48999e-06
1.81375e-10	-5.33656e-06
1.81417e-10	-5.18308e-06
1.81458e-10	-5.02955e-06
1.815e-10	-4.87598e-06
1.81541e-10	-4.72235e-06
1.81583e-10	-4.56868e-06
1.81624e-10	-4.41496e-06
1.81666e-10	-4.26119e-06
1.81707e-10	-4.10737e-06
1.81749e-10	-3.9535e-06
1.8179e-10	-3.79959e-06
1.81832e-10	-3.64563e-06
1.81873e-10	-3.49162e-06
1.81915e-10	-3.33756e-06
1.81957e-10	-3.18345e-06
1.81998e-10	-3.0293e-06
1.8204e-10	-2.8751e-06
1.82081e-10	-2.72085e-06
1.82123e-10	-2.56655e-06
1.82164e-10	-2.41221e-06
1.82206e-10	-2.25782e-06
1.82247e-10	-2.10338e-06
1.82289e-10	-1.94889e-06
1.8233e-10	-1.79436e-06
1.82372e-10	-1.63978e-06
1.82413e-10	-1.48515e-06
1.82455e-10	-1.33047e-06
1.82496e-10	-1.17575e-06
1.82538e-10	-1.02098e-06
1.82579e-10	-8.6616e-07
1.82621e-10	-7.11296e-07
1.82663e-10	-5.56385e-07
1.82704e-10	-4.01427e-07
1.82746e-10	-2.46422e-07
1.82787e-10	-9.13705e-08
1.82829e-10	6.37279e-08
1.8287e-10	2.18873e-07
1.82912e-10	3.74065e-07
1.82953e-10	5.29303e-07
1.82995e-10	6.84588e-07
1.83036e-10	8.39919e-07
1.83078e-10	9.95297e-07
1.83119e-10	1.15072e-06
1.83161e-10	1.30619e-06
1.83202e-10	1.46171e-06
1.83244e-10	1.61727e-06
1.83285e-10	1.77288e-06
1.83327e-10	1.92853e-06
1.83368e-10	2.08424e-06
1.8341e-10	2.23998e-06
1.83452e-10	2.39578e-06
1.83493e-10	2.55161e-06
1.83535e-10	2.7075e-06
1.83576e-10	2.86343e-06
1.83618e-10	3.01941e-06
1.83659e-10	3.17543e-06
1.83701e-10	3.3315e-06
1.83742e-10	3.48761e-06
1.83784e-10	3.64377e-06
1.83825e-10	3.79997e-06
1.83867e-10	3.95622e-06
1.83908e-10	4.11252e-06
1.8395e-10	4.26886e-06
1.83991e-10	4.42524e-06
1.84033e-10	4.58167e-06
1.84074e-10	4.73815e-06
1.84116e-10	4.89467e-06
1.84158e-10	5.05123e-06
1.84199e-10	5.20784e-06
1.84241e-10	5.3645e-06
1.84282e-10	5.5212e-06
1.84324e-10	5.67794e-06
1.84365e-10	5.83473e-06
1.84407e-10	5.99157e-06
1.84448e-10	6.14845e-06
1.8449e-10	6.30537e-06
1.84531e-10	6.46234e-06
1.84573e-10	6.61935e-06
1.84614e-10	6.77641e-06
1.84656e-10	6.93351e-06
1.84697e-10	7.09066e-06
1.84739e-10	7.24785e-06
1.8478e-10	7.40508e-06
1.84822e-10	7.56236e-06
1.84864e-10	7.71968e-06
1.84905e-10	7.87705e-06
1.84947e-10	8.03446e-06
1.84988e-10	8.19191e-06
1.8503e-10	8.34941e-06
1.85071e-10	8.50695e-06
1.85113e-10	8.66454e-06
1.85154e-10	8.82217e-06
1.85196e-10	8.97984e-06
1.85237e-10	9.13756e-06
1.85279e-10	9.29532e-06
1.8532e-10	9.45312e-06
1.85362e-10	9.61097e-06
1.85403e-10	9.76886e-06
1.85445e-10	9.92679e-06
1.85486e-10	1.00848e-05
1.85528e-10	1.02428e-05
1.85569e-10	1.04008e-05
1.85611e-10	1.0559e-05
1.85653e-10	1.07171e-05
1.85694e-10	1.08753e-05
1.85736e-10	1.10335e-05
1.85777e-10	1.11918e-05
1.85819e-10	1.13501e-05
1.8586e-10	1.15085e-05
1.85902e-10	1.16669e-05
1.85943e-10	1.18253e-05
1.85985e-10	1.19838e-05
1.86026e-10	1.21424e-05
1.86068e-10	1.2301e-05
1.86109e-10	1.24596e-05
1.86151e-10	1.26182e-05
1.86192e-10	1.27769e-05
1.86234e-10	1.29357e-05
1.86275e-10	1.30945e-05
1.86317e-10	1.32533e-05
1.86359e-10	1.34122e-05
1.864e-10	1.35711e-05
1.86442e-10	1.373e-05
1.86483e-10	1.3889e-05
1.86525e-10	1.40481e-05
1.86566e-10	1.42072e-05
1.86608e-10	1.43663e-05
1.86649e-10	1.45254e-05
1.86691e-10	1.46847e-05
1.86732e-10	1.48439e-05
1.86774e-10	1.50032e-05
1.86815e-10	1.51625e-05
1.86857e-10	1.53219e-05
1.86898e-10	1.54813e-05
1.8694e-10	1.56408e-05
1.86981e-10	1.58003e-05
1.87023e-10	1.59598e-05
1.87065e-10	1.61194e-05
1.87106e-10	1.6279e-05
1.87148e-10	1.64387e-05
1.87189e-10	1.65984e-05
1.87231e-10	1.67581e-05
1.87272e-10	1.69179e-05
1.87314e-10	1.70777e-05
1.87355e-10	1.72376e-05
1.87397e-10	1.73975e-05
1.87438e-10	1.75574e-05
1.8748e-10	1.77174e-05
1.87521e-10	1.78774e-05
1.87563e-10	1.80375e-05
1.87604e-10	1.81976e-05
1.87646e-10	1.83578e-05
1.87687e-10	1.85179e-05
1.87729e-10	1.86782e-05
1.8777e-10	1.88384e-05
1.87812e-10	1.89987e-05
1.87854e-10	1.91591e-05
1.87895e-10	1.93195e-05
1.87937e-10	1.94799e-05
1.87978e-10	1.96404e-05
1.8802e-10	1.98009e-05
1.88061e-10	1.99614e-05
1.88103e-10	2.0122e-05
1.88144e-10	2.02826e-05
1.88186e-10	2.04433e-05
1.88227e-10	2.0604e-05
1.88269e-10	2.07648e-05
1.8831e-10	2.09255e-05
1.88352e-10	2.10864e-05
1.88393e-10	2.12472e-05
1.88435e-10	2.14081e-05
1.88476e-10	2.15691e-05
1.88518e-10	2.17301e-05
1.8856e-10	2.18911e-05
1.88601e-10	2.20521e-05
1.88643e-10	2.22132e-05
1.88684e-10	2.23744e-05
1.88726e-10	2.25355e-05
1.88767e-10	2.26968e-05
1.88809e-10	2.2858e-05
1.8885e-10	2.30193e-05
1.88892e-10	2.31806e-05
1.88933e-10	2.3342e-05
1.88975e-10	2.35034e-05
1.89016e-10	2.36649e-05
1.89058e-10	2.38263e-05
1.89099e-10	2.39879e-05
1.89141e-10	2.41494e-05
1.89182e-10	2.4311e-05
1.89224e-10	2.44727e-05
1.89266e-10	2.46343e-05
1.89307e-10	2.4796e-05
1.89349e-10	2.49578e-05
1.8939e-10	2.51196e-05
1.89432e-10	2.52814e-05
1.89473e-10	2.54433e-05
1.89515e-10	2.56052e-05
1.89556e-10	2.57671e-05
1.89598e-10	2.59291e-05
1.89639e-10	2.60911e-05
1.89681e-10	2.62531e-05
1.89722e-10	2.64152e-05
1.89764e-10	2.65774e-05
1.89805e-10	2.67395e-05
1.89847e-10	2.69017e-05
1.89888e-10	2.7064e-05
1.8993e-10	2.72262e-05
1.89971e-10	2.73885e-05
1.90013e-10	2.75509e-05
1.90055e-10	2.77133e-05
1.90096e-10	2.78757e-05
1.90138e-10	2.80382e-05
1.90179e-10	2.82007e-05
1.90221e-10	2.83632e-05
1.90262e-10	2.85258e-05
1.90304e-10	2.86884e-05
1.90345e-10	2.8851e-05
1.90387e-10	2.90137e-05
1.90428e-10	2.91764e-05
1.9047e-10	2.93391e-05
1.90511e-10	2.95019e-05
1.90553e-10	2.96648e-05
1.90594e-10	2.98276e-05
1.90636e-10	2.99905e-05
1.90677e-10	3.01534e-05
1.90719e-10	3.03164e-05
1.90761e-10	3.04794e-05
1.90802e-10	3.06424e-05
1.90844e-10	3.08055e-05
1.90885e-10	3.09686e-05
1.90927e-10	3.11318e-05
1.90968e-10	3.1295e-05
1.9101e-10	3.14582e-05
1.91051e-10	3.16214e-05
1.91093e-10	3.17847e-05
1.91134e-10	3.1948e-05
1.91176e-10	3.21114e-05
1.91217e-10	3.22748e-05
1.91259e-10	3.24382e-05
1.913e-10	3.26017e-05
1.91342e-10	3.27652e-05
1.91383e-10	3.29287e-05
1.91425e-10	3.30923e-05
1.91467e-10	3.32559e-05
1.91508e-10	3.34195e-05
1.9155e-10	3.35832e-05
1.91591e-10	3.37469e-05
1.91633e-10	3.39107e-05
1.91674e-10	3.40744e-05
1.91716e-10	3.42382e-05
1.91757e-10	3.44021e-05
1.91799e-10	3.4566e-05
1.9184e-10	3.47299e-05
1.91882e-10	3.48938e-05
1.91923e-10	3.50578e-05
1.91965e-10	3.52218e-05
1.92006e-10	3.53859e-05
1.92048e-10	3.555e-05
1.92089e-10	3.57141e-05
1.92131e-10	3.58782e-05
1.92173e-10	3.60424e-05
1.92214e-10	3.62067e-05
1.92256e-10	3.63709e-05
1.92297e-10	3.65352e-05
1.92339e-10	3.66995e-05
1.9238e-10	3.68639e-05
1.92422e-10	3.70283e-05
1.92463e-10	3.71927e-05
1.92505e-10	3.73571e-05
1.92546e-10	3.75216e-05
1.92588e-10	3.76862e-05
1.92629e-10	3.78507e-05
1.92671e-10	3.80153e-05
1.92712e-10	3.81799e-05
1.92754e-10	3.83446e-05
1.92795e-10	3.85093e-05
1.92837e-10	3.8674e-05
1.92878e-10	3.88387e-05
1.9292e-10	3.90035e-05
1.92962e-10	3.91683e-05
1.93003e-10	3.93332e-05
1.93045e-10	3.94981e-05
1.93086e-10	3.9663e-05
1.93128e-10	3.98279e-05
1.93169e-10	3.99929e-05
1.93211e-10	4.01579e-05
1.93252e-10	4.0323e-05
1.93294e-10	4.0488e-05
1.93335e-10	4.06532e-05
1.93377e-10	4.08183e-05
1.93418e-10	4.09835e-05
1.9346e-10	4.11487e-05
1.93501e-10	4.13139e-05
1.93543e-10	4.14792e-05
1.93584e-10	4.16445e-05
1.93626e-10	4.18098e-05
1.93668e-10	4.19752e-05
1.93709e-10	4.21406e-05
1.93751e-10	4.2306e-05
1.93792e-10	4.24715e-05
1.93834e-10	4.26369e-05
1.93875e-10	4.28025e-05
1.93917e-10	4.2968e-05
1.93958e-10	4.31336e-05
1.94e-10	4.32992e-05
1.94041e-10	4.34649e-05
1.94083e-10	4.36305e-05
1.94124e-10	4.37962e-05
1.94166e-10	4.3962e-05
1.94207e-10	4.41277e-05
1.94249e-10	4.42935e-05
1.9429e-10	4.44594e-05
1.94332e-10	4.46252e-05
1.94374e-10	4.47911e-05
1.94415e-10	4.4957e-05
1.94457e-10	4.5123e-05
1.94498e-10	4.5289e-05
1.9454e-10	4.5455e-05
1.94581e-10	4.5621e-05
1.94623e-10	4.57871e-05
1.94664e-10	4.59532e-05
1.94706e-10	4.61193e-05
1.94747e-10	4.62855e-05
1.94789e-10	4.64517e-05
1.9483e-10	4.66179e-05
1.94872e-10	4.67842e-05
1.94913e-10	4.69504e-05
1.94955e-10	4.71168e-05
1.94996e-10	4.72831e-05
1.95038e-10	4.74495e-05
1.95079e-10	4.76159e-05
1.95121e-10	4.77823e-05
1.95163e-10	4.79488e-05
1.95204e-10	4.81152e-05
1.95246e-10	4.82818e-05
1.95287e-10	4.84483e-05
1.95329e-10	4.86149e-05
1.9537e-10	4.87815e-05
1.95412e-10	4.89481e-05
1.95453e-10	4.91148e-05
1.95495e-10	4.92815e-05
1.95536e-10	4.94482e-05
1.95578e-10	4.96149e-05
1.95619e-10	4.97817e-05
1.95661e-10	4.99485e-05
1.95702e-10	5.01154e-05
1.95744e-10	5.02822e-05
1.95785e-10	5.04491e-05
1.95827e-10	5.0616e-05
1.95869e-10	5.0783e-05
1.9591e-10	5.095e-05
1.95952e-10	5.1117e-05
1.95993e-10	5.1284e-05
1.96035e-10	5.1451e-05
1.96076e-10	5.16181e-05
1.96118e-10	5.17852e-05
1.96159e-10	5.19524e-05
1.96201e-10	5.21196e-05
1.96242e-10	5.22868e-05
1.96284e-10	5.2454e-05
1.96325e-10	5.26212e-05
1.96367e-10	5.27885e-05
1.96408e-10	5.29558e-05
1.9645e-10	5.31232e-05
1.96491e-10	5.32905e-05
1.96533e-10	5.34579e-05
1.96575e-10	5.36253e-05
1.96616e-10	5.37928e-05
1.96658e-10	5.39603e-05
1.96699e-10	5.41278e-05
1.96741e-10	5.42953e-05
1.96782e-10	5.44628e-05
1.96824e-10	5.46304e-05
1.96865e-10	5.4798e-05
1.96907e-10	5.49656e-05
1.96948e-10	5.51333e-05
1.9699e-10	5.5301e-05
1.97031e-10	5.54687e-05
1.97073e-10	5.56364e-05
1.97114e-10	5.58042e-05
1.97156e-10	5.5972e-05
1.97197e-10	5.61398e-05
1.97239e-10	5.63077e-05
1.9728e-10	5.64755e-05
1.97322e-10	5.66434e-05
1.97364e-10	5.68113e-05
1.97405e-10	5.69793e-05
1.97447e-10	5.71473e-05
1.97488e-10	5.73153e-05
1.9753e-10	5.74833e-05
1.97571e-10	5.76513e-05
1.97613e-10	5.78194e-05
1.97654e-10	5.79875e-05
1.97696e-10	5.81556e-05
1.97737e-10	5.83238e-05
1.97779e-10	5.84919e-05
1.9782e-10	5.86601e-05
1.97862e-10	5.88284e-05
1.97903e-10	5.89966e-05
1.97945e-10	5.91649e-05
1.97986e-10	5.93332e-05
1.98028e-10	5.95015e-05
1.9807e-10	5.96699e-05
1.98111e-10	5.98383e-05
1.98153e-10	6.00067e-05
1.98194e-10	6.01751e-05
1.98236e-10	6.03435e-05
1.98277e-10	6.0512e-05
1.98319e-10	6.06805e-05
1.9836e-10	6.0849e-05
1.98402e-10	6.10176e-05
1.98443e-10	6.11861e-05
1.98485e-10	6.13547e-05
1.98526e-10	6.15234e-05
1.98568e-10	6.1692e-05
1.98609e-10	6.18607e-05
1.98651e-10	6.20294e-05
1.98692e-10	6.21981e-05
1.98734e-10	6.23668e-05
1.98776e-10	6.25356e-05
1.98817e-10	6.27044e-05
1.98859e-10	6.28732e-05
1.989e-10	6.3042e-05
1.98942e-10	6.32109e-05
1.98983e-10	6.33797e-05
1.99025e-10	6.35486e-05
1.99066e-10	6.37176e-05
1.99108e-10	6.38865e-05
1.99149e-10	6.40555e-05
1.99191e-10	6.42245e-05
1.99232e-10	6.43935e-05
1.99274e-10	6.45625e-05
1.99315e-10	6.47316e-05
1.99357e-10	6.49007e-05
1.99398e-10	6.50698e-05
1.9944e-10	6.52389e-05
1.99481e-10	6.54081e-05
1.99523e-10	6.55773e-05
1.99565e-10	6.57465e-05
1.99606e-10	6.59157e-05
1.99648e-10	6.60849e-05
1.99689e-10	6.62542e-05
1.99731e-10	6.64235e-05
1.99772e-10	6.65928e-05
1.99814e-10	6.67621e-05
1.99855e-10	6.69315e-05
1.99897e-10	6.71008e-05
1.99938e-10	6.72702e-05
1.9998e-10	6.74397e-05
2.00021e-10	6.76091e-05
2.00063e-10	6.77786e-05
2.00104e-10	6.79481e-05
2.00146e-10	6.81176e-05
2.00187e-10	6.82871e-05
2.00229e-10	6.84566e-05
2.00271e-10	6.86262e-05
2.00312e-10	6.87958e-05
2.00354e-10	6.89654e-05
2.00395e-10	6.9135e-05
2.00437e-10	6.93047e-05
2.00478e-10	6.94744e-05
2.0052e-10	6.96441e-05
2.00561e-10	6.98138e-05
2.00603e-10	6.99835e-05
2.00644e-10	7.01533e-05
2.00686e-10	7.0323e-05
2.00727e-10	7.04928e-05
2.00769e-10	7.06627e-05
2.0081e-10	7.08325e-05
2.00852e-10	7.10024e-05
2.00893e-10	7.11722e-05
2.00935e-10	7.13421e-05
2.00977e-10	7.15121e-05
2.01018e-10	7.1682e-05
2.0106e-10	7.1852e-05
2.01101e-10	7.20219e-05
2.01143e-10	7.21919e-05
2.01184e-10	7.2362e-05
2.01226e-10	7.2532e-05
2.01267e-10	7.27021e-05
2.01309e-10	7.28721e-05
2.0135e-10	7.30422e-05
2.01392e-10	7.32124e-05
2.01433e-10	7.33825e-05
2.01475e-10	7.35527e-05
2.01516e-10	7.37228e-05
2.01558e-10	7.3893e-05
2.01599e-10	7.40632e-05
2.01641e-10	7.42335e-05
2.01682e-10	7.44037e-05
2.01724e-10	7.4574e-05
2.01766e-10	7.47443e-05
2.01807e-10	7.49146e-05
2.01849e-10	7.50849e-05
2.0189e-10	7.52553e-05
2.01932e-10	7.54256e-05
2.01973e-10	7.5596e-05
2.02015e-10	7.57664e-05
2.02056e-10	7.59368e-05
2.02098e-10	7.61073e-05
2.02139e-10	7.62777e-05
2.02181e-10	7.64482e-05
2.02222e-10	7.66187e-05
2.02264e-10	7.67892e-05
2.02305e-10	7.69597e-05
2.02347e-10	7.71303e-05
2.02388e-10	7.73008e-05
2.0243e-10	7.74714e-05
2.02472e-10	7.7642e-05
2.02513e-10	7.78126e-05
2.02555e-10	7.79833e-05
2.02596e-10	7.81539e-05
2.02638e-10	7.83246e-05
2.02679e-10	7.84953e-05
2.02721e-10	7.8666e-05
2.02762e-10	7.88367e-05
2.02804e-10	7.90074e-05
2.02845e-10	7.91782e-05
2.02887e-10	7.9349e-05
2.02928e-10	7.95197e-05
2.0297e-10	7.96906e-05
2.03011e-10	7.98614e-05
2.03053e-10	8.00322e-05
2.03094e-10	8.02031e-05
2.03136e-10	8.03739e-05
2.03178e-10	8.05448e-05
2.03219e-10	8.07157e-05
2.03261e-10	8.08867e-05
2.03302e-10	8.10576e-05
2.03344e-10	8.12285e-05
2.03385e-10	8.13995e-05
2.03427e-10	8.15705e-05
2.03468e-10	8.17415e-05
2.0351e-10	8.19125e-05
2.03551e-10	8.20836e-05
2.03593e-10	8.22546e-05
2.03634e-10	8.24257e-05
2.03676e-10	8.25968e-05
2.03717e-10	8.27678e-05
2.03759e-10	8.2939e-05
2.038e-10	8.31101e-05
2.03842e-10	8.32812e-05
2.03884e-10	8.34524e-05
2.03925e-10	8.36236e-05
2.03967e-10	8.37947e-05
2.04008e-10	8.39659e-05
2.0405e-10	8.41372e-05
2.04091e-10	8.43084e-05
2.04133e-10	8.44796e-05
2.04174e-10	8.46509e-05
2.04216e-10	8.48222e-05
2.04257e-10	8.49935e-05
2.04299e-10	8.51648e-05
2.0434e-10	8.53361e-05
2.04382e-10	8.55074e-05
2.04423e-10	8.56788e-05
2.04465e-10	8.58502e-05
2.04506e-10	8.60215e-05
2.04548e-10	8.61929e-05
2.04589e-10	8.63643e-05
2.04631e-10	8.65358e-05
2.04673e-10	8.67072e-05
2.04714e-10	8.68786e-05
2.04756e-10	8.70501e-05
2.04797e-10	8.72216e-05
2.04839e-10	8.73931e-05
2.0488e-10	8.75646e-05
2.04922e-10	8.77361e-05
2.04963e-10	8.79076e-05
2.05005e-10	8.80791e-05
2.05046e-10	8.82507e-05
2.05088e-10	8.84223e-05
2.05129e-10	8.85939e-05
2.05171e-10	8.87655e-05
2.05212e-10	8.89371e-05
2.05254e-10	8.91087e-05
2.05295e-10	8.92803e-05
2.05337e-10	8.9452e-05
2.05379e-10	8.96236e-05
2.0542e-10	8.97953e-05
2.05462e-10	8.9967e-05
2.05503e-10	9.01387e-05
2.05545e-10	9.03104e-05
2.05586e-10	9.04821e-05
2.05628e-10	9.06539e-05
2.05669e-10	9.08256e-05
2.05711e-10	9.09974e-05
2.05752e-10	9.11691e-05
2.05794e-10	9.13409e-05
2.05835e-10	9.15127e-05
2.05877e-10	9.16845e-05
2.05918e-10	9.18564e-05
2.0596e-10	9.20282e-05
2.06001e-10	9.22e-05
2.06043e-10	9.23719e-05
2.06085e-10	9.25437e-05
2.06126e-10	9.27156e-05
2.06168e-10	9.28875e-05
2.06209e-10	9.30594e-05
2.06251e-10	9.32313e-05
2.06292e-10	9.34033e-05
2.06334e-10	9.35752e-05
2.06375e-10	9.37471e-05
2.06417e-10	9.39191e-05
2.06458e-10	9.40911e-05
2.065e-10	9.4263e-05
2.06541e-10	9.4435e-05
2.06583e-10	9.4607e-05
2.06624e-10	9.4779e-05
2.06666e-10	9.49511e-05
2.06707e-10	9.51231e-05
2.06749e-10	9.52951e-05
2.0679e-10	9.54672e-05
2.06832e-10	9.56392e-05
2.06874e-10	9.58113e-05
2.06915e-10	9.59834e-05
2.06957e-10	9.61555e-05
2.06998e-10	9.63276e-05
2.0704e-10	9.64997e-05
2.07081e-10	9.66718e-05
2.07123e-10	9.6844e-05
2.07164e-10	9.70161e-05
2.07206e-10	9.71883e-05
2.07247e-10	9.73604e-05
2.07289e-10	9.75326e-05
2.0733e-10	9.77048e-05
2.07372e-10	9.7877e-05
2.07413e-10	9.80492e-05
2.07455e-10	9.82214e-05
2.07496e-10	9.83936e-05
2.07538e-10	9.85658e-05
2.0758e-10	9.8738e-05
2.07621e-10	9.89103e-05
2.07663e-10	9.90825e-05
2.07704e-10	9.92548e-05
2.07746e-10	9.94271e-05
2.07787e-10	9.95993e-05
2.07829e-10	9.97716e-05
2.0787e-10	9.99439e-05
2.07912e-10	0.000100116
2.07953e-10	0.000100289
2.07995e-10	0.000100461
2.08036e-10	0.000100633
2.08078e-10	0.000100806
2.08119e-10	0.000100978
2.08161e-10	0.00010115
2.08202e-10	0.000101323
2.08244e-10	0.000101495
2.08286e-10	0.000101667
2.08327e-10	0.00010184
2.08369e-10	0.000102012
2.0841e-10	0.000102184
2.08452e-10	0.000102357
2.08493e-10	0.000102529
2.08535e-10	0.000102702
2.08576e-10	0.000102874
2.08618e-10	0.000103047
2.08659e-10	0.000103219
2.08701e-10	0.000103391
2.08742e-10	0.000103564
2.08784e-10	0.000103736
2.08825e-10	0.000103909
2.08867e-10	0.000104081
2.08908e-10	0.000104254
2.0895e-10	0.000104426
2.08991e-10	0.000104599
2.09033e-10	0.000104771
2.09075e-10	0.000104944
2.09116e-10	0.000105116
2.09158e-10	0.000105289
2.09199e-10	0.000105461
2.09241e-10	0.000105634
2.09282e-10	0.000105806
2.09324e-10	0.000105979
2.09365e-10	0.000106152
2.09407e-10	0.000106324
2.09448e-10	0.000106497
2.0949e-10	0.000106669
2.09531e-10	0.000106842
2.09573e-10	0.000107014
2.09614e-10	0.000107187
2.09656e-10	0.00010736
2.09697e-10	0.000107532
2.09739e-10	0.000107705
2.09781e-10	0.000107877
2.09822e-10	0.00010805
2.09864e-10	0.000108223
2.09905e-10	0.000108395
2.09947e-10	0.000108568
2.09988e-10	0.00010874
2.1003e-10	0.000108913
2.10071e-10	0.000109086
2.10113e-10	0.000109258
2.10154e-10	0.000109431
2.10196e-10	0.000109604
2.10237e-10	0.000109776
2.10279e-10	0.000109949
2.1032e-10	0.000110122
2.10362e-10	0.000110294
2.10403e-10	0.000110467
2.10445e-10	0.00011064
2.10487e-10	0.000110812
2.10528e-10	0.000110985
2.1057e-10	0.000111158
2.10611e-10	0.00011133
2.10653e-10	0.000111503
2.10694e-10	0.000111676
2.10736e-10	0.000111849
2.10777e-10	0.000112021
2.10819e-10	0.000112194
2.1086e-10	0.000112367
2.10902e-10	0.000112539
2.10943e-10	0.000112712
2.10985e-10	0.000112885
2.11026e-10	0.000113058
2.11068e-10	0.00011323
2.11109e-10	0.000113403
2.11151e-10	0.000113576
2.11192e-10	0.000113748
2.11234e-10	0.000113921
2.11276e-10	0.000114094
2.11317e-10	0.000114267
2.11359e-10	0.000114439
2.114e-10	0.000114612
2.11442e-10	0.000114785
2.11483e-10	0.000114958
2.11525e-10	0.00011513
2.11566e-10	0.000115303
2.11608e-10	0.000115476
2.11649e-10	0.000115649
2.11691e-10	0.000115821
2.11732e-10	0.000115994
2.11774e-10	0.000116167
2.11815e-10	0.00011634
2.11857e-10	0.000116512
2.11898e-10	0.000116685
2.1194e-10	0.000116858
2.11982e-10	0.000117031
2.12023e-10	0.000117204
2.12065e-10	0.000117376
2.12106e-10	0.000117549
2.12148e-10	0.000117722
2.12189e-10	0.000117895
2.12231e-10	0.000118067
2.12272e-10	0.00011824
2.12314e-10	0.000118413
2.12355e-10	0.000118586
2.12397e-10	0.000118759
2.12438e-10	0.000118931
2.1248e-10	0.000119104
2.12521e-10	0.000119277
2.12563e-10	0.00011945
2.12604e-10	0.000119622
2.12646e-10	0.000119795
2.12688e-10	0.000119968
2.12729e-10	0.000120141
2.12771e-10	0.000120314
2.12812e-10	0.000120486
2.12854e-10	0.000120659
2.12895e-10	0.000120832
2.12937e-10	0.000121005
2.12978e-10	0.000121177
2.1302e-10	0.00012135
2.13061e-10	0.000121523
2.13103e-10	0.000121696
2.13144e-10	0.000121869
2.13186e-10	0.000122041
2.13227e-10	0.000122214
2.13269e-10	0.000122387
2.1331e-10	0.00012256
2.13352e-10	0.000122732
2.13393e-10	0.000122905
2.13435e-10	0.000123078
2.13477e-10	0.000123251
2.13518e-10	0.000123423
2.1356e-10	0.000123596
2.13601e-10	0.000123769
2.13643e-10	0.000123942
2.13684e-10	0.000124114
2.13726e-10	0.000124287
2.13767e-10	0.00012446
2.13809e-10	0.000124633
2.1385e-10	0.000124805
2.13892e-10	0.000124978
2.13933e-10	0.000125151
2.13975e-10	0.000125324
2.14016e-10	0.000125496
2.14058e-10	0.000125669
2.14099e-10	0.000125842
2.14141e-10	0.000126015
2.14183e-10	0.000126187
2.14224e-10	0.00012636
2.14266e-10	0.000126533
2.14307e-10	0.000126705
2.14349e-10	0.000126878
2.1439e-10	0.000127051
2.14432e-10	0.000127224
2.14473e-10	0.000127396
2.14515e-10	0.000127569
2.14556e-10	0.000127742
2.14598e-10	0.000127914
2.14639e-10	0.000128087
2.14681e-10	0.00012826
2.14722e-10	0.000128432
2.14764e-10	0.000128605
2.14805e-10	0.000128778
2.14847e-10	0.00012895
2.14889e-10	0.000129123
2.1493e-10	0.000129296
2.14972e-10	0.000129468
2.15013e-10	0.000129641
2.15055e-10	0.000129814
2.15096e-10	0.000129986
2.15138e-10	0.000130159
2.15179e-10	0.000130332
2.15221e-10	0.000130504
2.15262e-10	0.000130677
2.15304e-10	0.000130849
2.15345e-10	0.000131022
2.15387e-10	0.000131195
2.15428e-10	0.000131367
2.1547e-10	0.00013154
2.15511e-10	0.000131712
2.15553e-10	0.000131885
2.15594e-10	0.000132058
2.15636e-10	0.00013223
2.15678e-10	0.000132403
2.15719e-10	0.000132575
2.15761e-10	0.000132748
2.15802e-10	0.00013292
2.15844e-10	0.000133093
2.15885e-10	0.000133266
2.15927e-10	0.000133438
2.15968e-10	0.000133611
2.1601e-10	0.000133783
2.16051e-10	0.000133956
2.16093e-10	0.000134128
2.16134e-10	0.000134301
2.16176e-10	0.000134473
2.16217e-10	0.000134646
2.16259e-10	0.000134818
2.163e-10	0.000134991
2.16342e-10	0.000135163
2.16384e-10	0.000135336
2.16425e-10	0.000135508
2.16467e-10	0.00013568
2.16508e-10	0.000135853
2.1655e-10	0.000136025
2.16591e-10	0.000136198
2.16633e-10	0.00013637
2.16674e-10	0.000136543
2.16716e-10	0.000136715
2.16757e-10	0.000136887
2.16799e-10	0.00013706
2.1684e-10	0.000137232
2.16882e-10	0.000137405
2.16923e-10	0.000137577
2.16965e-10	0.000137749
2.17006e-10	0.000137922
2.17048e-10	0.000138094
2.1709e-10	0.000138266
2.17131e-10	0.000138439
2.17173e-10	0.000138611
2.17214e-10	0.000138783
2.17256e-10	0.000138956
2.17297e-10	0.000139128
2.17339e-10	0.0001393
2.1738e-10	0.000139472
2.17422e-10	0.000139645
2.17463e-10	0.000139817
2.17505e-10	0.000139989
2.17546e-10	0.000140161
2.17588e-10	0.000140334
2.17629e-10	0.000140506
2.17671e-10	0.000140678
2.17712e-10	0.00014085
2.17754e-10	0.000141023
2.17796e-10	0.000141195
2.17837e-10	0.000141367
2.17879e-10	0.000141539
2.1792e-10	0.000141711
2.17962e-10	0.000141883
2.18003e-10	0.000142055
2.18045e-10	0.000142228
2.18086e-10	0.0001424
2.18128e-10	0.000142572
2.18169e-10	0.000142744
2.18211e-10	0.000142916
2.18252e-10	0.000143088
2.18294e-10	0.00014326
2.18335e-10	0.000143432
2.18377e-10	0.000143604
2.18418e-10	0.000143776
2.1846e-10	0.000143948
2.18501e-10	0.00014412
2.18543e-10	0.000144292
2.18585e-10	0.000144464
2.18626e-10	0.000144636
2.18668e-10	0.000144808
2.18709e-10	0.00014498
2.18751e-10	0.000145152
2.18792e-10	0.000145324
2.18834e-10	0.000145496
2.18875e-10	0.000145668
2.18917e-10	0.00014584
2.18958e-10	0.000146012
2.19e-10	0.000146184
2.19041e-10	0.000146355
2.19083e-10	0.000146527
2.19124e-10	0.000146699
2.19166e-10	0.000146871
2.19207e-10	0.000147043
2.19249e-10	0.000147215
2.19291e-10	0.000147386
2.19332e-10	0.000147558
2.19374e-10	0.00014773
2.19415e-10	0.000147902
2.19457e-10	0.000148073
2.19498e-10	0.000148245
2.1954e-10	0.000148417
2.19581e-10	0.000148589
2.19623e-10	0.00014876
2.19664e-10	0.000148932
2.19706e-10	0.000149104
2.19747e-10	0.000149275
2.19789e-10	0.000149447
2.1983e-10	0.000149618
2.19872e-10	0.00014979
2.19913e-10	0.000149962
2.19955e-10	0.000150133
2.19997e-10	0.000150305
2.20038e-10	0.000150476
2.2008e-10	0.000150648
2.20121e-10	0.000150819
2.20163e-10	0.000150991
2.20204e-10	0.000151162
2.20246e-10	0.000151334
2.20287e-10	0.000151505
2.20329e-10	0.000151677
2.2037e-10	0.000151848
2.20412e-10	0.00015202
2.20453e-10	0.000152191
2.20495e-10	0.000152363
2.20536e-10	0.000152534
2.20578e-10	0.000152705
2.20619e-10	0.000152877
2.20661e-10	0.000153048
2.20702e-10	0.000153219
2.20744e-10	0.000153391
2.20786e-10	0.000153562
2.20827e-10	0.000153733
2.20869e-10	0.000153904
2.2091e-10	0.000154076
2.20952e-10	0.000154247
2.20993e-10	0.000154418
2.21035e-10	0.000154589
2.21076e-10	0.000154761
2.21118e-10	0.000154932
2.21159e-10	0.000155103
2.21201e-10	0.000155274
2.21242e-10	0.000155445
2.21284e-10	0.000155616
2.21325e-10	0.000155787
2.21367e-10	0.000155958
2.21408e-10	0.000156129
2.2145e-10	0.0001563
2.21492e-10	0.000156471
2.21533e-10	0.000156642
2.21575e-10	0.000156813
2.21616e-10	0.000156984
2.21658e-10	0.000157155
2.21699e-10	0.000157326
2.21741e-10	0.000157497
2.21782e-10	0.000157668
2.21824e-10	0.000157839
2.21865e-10	0.00015801
2.21907e-10	0.000158181
2.21948e-10	0.000158352
2.2199e-10	0.000158522
2.22031e-10	0.000158693
2.22073e-10	0.000158864
2.22114e-10	0.000159035
2.22156e-10	0.000159206
2.22198e-10	0.000159376
2.22239e-10	0.000159547
2.22281e-10	0.000159718
2.22322e-10	0.000159888
2.22364e-10	0.000160059
2.22405e-10	0.00016023
2.22447e-10	0.0001604
2.22488e-10	0.000160571
2.2253e-10	0.000160741
2.22571e-10	0.000160912
2.22613e-10	0.000161083
2.22654e-10	0.000161253
2.22696e-10	0.000161424
2.22737e-10	0.000161594
2.22779e-10	0.000161765
2.2282e-10	0.000161935
2.22862e-10	0.000162105
2.22903e-10	0.000162276
2.22945e-10	0.000162446
2.22987e-10	0.000162617
2.23028e-10	0.000162787
2.2307e-10	0.000162957
2.23111e-10	0.000163128
2.23153e-10	0.000163298
2.23194e-10	0.000163468
2.23236e-10	0.000163639
2.23277e-10	0.000163809
2.23319e-10	0.000163979
2.2336e-10	0.000164149
2.23402e-10	0.000164319
2.23443e-10	0.00016449
2.23485e-10	0.00016466
2.23526e-10	0.00016483
2.23568e-10	0.000165
2.23609e-10	0.00016517
2.23651e-10	0.00016534
2.23693e-10	0.00016551
2.23734e-10	0.00016568
2.23776e-10	0.00016585
2.23817e-10	0.00016602
2.23859e-10	0.00016619
2.239e-10	0.00016636
2.23942e-10	0.00016653
2.23983e-10	0.0001667
2.24025e-10	0.00016687
2.24066e-10	0.000167039
2.24108e-10	0.000167209
2.24149e-10	0.000167379
2.24191e-10	0.000167549
2.24232e-10	0.000167719
2.24274e-10	0.000167888
2.24315e-10	0.000168058
2.24357e-10	0.000168228
2.24399e-10	0.000168397
2.2444e-10	0.000168567
2.24482e-10	0.000168737
2.24523e-10	0.000168906
2.24565e-10	0.000169076
2.24606e-10	0.000169245
2.24648e-10	0.000169415
2.24689e-10	0.000169584
2.24731e-10	0.000169754
2.24772e-10	0.000169923
2.24814e-10	0.000170093
2.24855e-10	0.000170262
2.24897e-10	0.000170432
2.24938e-10	0.000170601
2.2498e-10	0.00017077
2.25021e-10	0.00017094
2.25063e-10	0.000171109
2.25104e-10	0.000171278
2.25146e-10	0.000171448
2.25188e-10	0.000171617
2.25229e-10	0.000171786
2.25271e-10	0.000171955
2.25312e-10	0.000172124
2.25354e-10	0.000172294
2.25395e-10	0.000172463
2.25437e-10	0.000172632
2.25478e-10	0.000172801
2.2552e-10	0.00017297
2.25561e-10	0.000173139
2.25603e-10	0.000173308
2.25644e-10	0.000173477
2.25686e-10	0.000173646
2.25727e-10	0.000173815
2.25769e-10	0.000173984
2.2581e-10	0.000174152
2.25852e-10	0.000174321
2.25894e-10	0.00017449
2.25935e-10	0.000174659
2.25977e-10	0.000174828
2.26018e-10	0.000174996
2.2606e-10	0.000175165
2.26101e-10	0.000175334
2.26143e-10	0.000175503
2.26184e-10	0.000175671
2.26226e-10	0.00017584
2.26267e-10	0.000176008
2.26309e-10	0.000176177
2.2635e-10	0.000176345
2.26392e-10	0.000176514
2.26433e-10	0.000176683
2.26475e-10	0.000176851
2.26516e-10	0.000177019
2.26558e-10	0.000177188
2.266e-10	0.000177356
2.26641e-10	0.000177525
2.26683e-10	0.000177693
2.26724e-10	0.000177861
2.26766e-10	0.000178029
2.26807e-10	0.000178198
2.26849e-10	0.000178366
2.2689e-10	0.000178534
2.26932e-10	0.000178702
2.26973e-10	0.00017887
2.27015e-10	0.000179039
2.27056e-10	0.000179207
2.27098e-10	0.000179375
2.27139e-10	0.000179543
2.27181e-10	0.000179711
2.27222e-10	0.000179879
2.27264e-10	0.000180047
2.27305e-10	0.000180215
2.27347e-10	0.000180382
2.27389e-10	0.00018055
2.2743e-10	0.000180718
2.27472e-10	0.000180886
2.27513e-10	0.000181054
2.27555e-10	0.000181222
2.27596e-10	0.000181389
2.27638e-10	0.000181557
2.27679e-10	0.000181725
2.27721e-10	0.000181892
2.27762e-10	0.00018206
2.27804e-10	0.000182227
2.27845e-10	0.000182395
2.27887e-10	0.000182563
2.27928e-10	0.00018273
2.2797e-10	0.000182898
2.28011e-10	0.000183065
2.28053e-10	0.000183232
2.28095e-10	0.0001834
2.28136e-10	0.000183567
2.28178e-10	0.000183734
2.28219e-10	0.000183902
2.28261e-10	0.000184069
2.28302e-10	0.000184236
2.28344e-10	0.000184403
2.28385e-10	0.000184571
2.28427e-10	0.000184738
2.28468e-10	0.000184905
2.2851e-10	0.000185072
2.28551e-10	0.000185239
2.28593e-10	0.000185406
2.28634e-10	0.000185573
2.28676e-10	0.00018574
2.28717e-10	0.000185907
2.28759e-10	0.000186074
2.28801e-10	0.000186241
2.28842e-10	0.000186408
2.28884e-10	0.000186574
2.28925e-10	0.000186741
2.28967e-10	0.000186908
2.29008e-10	0.000187075
2.2905e-10	0.000187241
2.29091e-10	0.000187408
2.29133e-10	0.000187575
2.29174e-10	0.000187741
2.29216e-10	0.000187908
2.29257e-10	0.000188074
2.29299e-10	0.000188241
2.2934e-10	0.000188407
2.29382e-10	0.000188574
2.29423e-10	0.00018874
2.29465e-10	0.000188906
2.29507e-10	0.000189073
2.29548e-10	0.000189239
2.2959e-10	0.000189405
2.29631e-10	0.000189572
2.29673e-10	0.000189738
2.29714e-10	0.000189904
2.29756e-10	0.00019007
2.29797e-10	0.000190236
2.29839e-10	0.000190402
2.2988e-10	0.000190568
2.29922e-10	0.000190734
2.29963e-10	0.0001909
2.30005e-10	0.000191066
2.30046e-10	0.000191232
2.30088e-10	0.000191398
2.30129e-10	0.000191564
2.30171e-10	0.00019173
2.30212e-10	0.000191895
2.30254e-10	0.000192061
2.30296e-10	0.000192227
2.30337e-10	0.000192393
2.30379e-10	0.000192558
2.3042e-10	0.000192724
2.30462e-10	0.000192889
2.30503e-10	0.000193055
2.30545e-10	0.00019322
2.30586e-10	0.000193386
2.30628e-10	0.000193551
2.30669e-10	0.000193717
2.30711e-10	0.000193882
2.30752e-10	0.000194047
2.30794e-10	0.000194213
2.30835e-10	0.000194378
2.30877e-10	0.000194543
2.30918e-10	0.000194708
2.3096e-10	0.000194874
2.31002e-10	0.000195039
2.31043e-10	0.000195204
2.31085e-10	0.000195369
2.31126e-10	0.000195534
2.31168e-10	0.000195699
2.31209e-10	0.000195864
2.31251e-10	0.000196029
2.31292e-10	0.000196194
2.31334e-10	0.000196359
2.31375e-10	0.000196523
2.31417e-10	0.000196688
2.31458e-10	0.000196853
2.315e-10	0.000197018
2.31541e-10	0.000197182
2.31583e-10	0.000197347
2.31624e-10	0.000197511
2.31666e-10	0.000197676
2.31708e-10	0.000197841
2.31749e-10	0.000198005
2.31791e-10	0.000198169
2.31832e-10	0.000198334
2.31874e-10	0.000198498
2.31915e-10	0.000198663
2.31957e-10	0.000198827
2.31998e-10	0.000198991
2.3204e-10	0.000199155
2.32081e-10	0.00019932
2.32123e-10	0.000199484
2.32164e-10	0.000199648
2.32206e-10	0.000199812
2.32247e-10	0.000199976
2.32289e-10	0.00020014
2.3233e-10	0.000200304
2.32372e-10	0.000200468
2.32413e-10	0.000200632
2.32455e-10	0.000200796
2.32497e-10	0.000200959
2.32538e-10	0.000201123
2.3258e-10	0.000201287
2.32621e-10	0.000201451
2.32663e-10	0.000201614
2.32704e-10	0.000201778
2.32746e-10	0.000201941
2.32787e-10	0.000202105
2.32829e-10	0.000202268
2.3287e-10	0.000202432
2.32912e-10	0.000202595
2.32953e-10	0.000202759
2.32995e-10	0.000202922
2.33036e-10	0.000203085
2.33078e-10	0.000203249
2.33119e-10	0.000203412
2.33161e-10	0.000203575
2.33203e-10	0.000203738
2.33244e-10	0.000203901
2.33286e-10	0.000204064
2.33327e-10	0.000204227
2.33369e-10	0.00020439
2.3341e-10	0.000204553
2.33452e-10	0.000204716
2.33493e-10	0.000204879
2.33535e-10	0.000205042
2.33576e-10	0.000205205
2.33618e-10	0.000205368
2.33659e-10	0.00020553
2.33701e-10	0.000205693
2.33742e-10	0.000205856
2.33784e-10	0.000206018
2.33825e-10	0.000206181
2.33867e-10	0.000206343
2.33909e-10	0.000206506
2.3395e-10	0.000206668
2.33992e-10	0.000206831
2.34033e-10	0.000206993
2.34075e-10	0.000207155
2.34116e-10	0.000207317
2.34158e-10	0.00020748
2.34199e-10	0.000207642
2.34241e-10	0.000207804
2.34282e-10	0.000207966
2.34324e-10	0.000208128
2.34365e-10	0.00020829
2.34407e-10	0.000208452
2.34448e-10	0.000208614
2.3449e-10	0.000208776
2.34531e-10	0.000208938
2.34573e-10	0.0002091
2.34614e-10	0.000209261
2.34656e-10	0.000209423
2.34698e-10	0.000209585
2.34739e-10	0.000209746
2.34781e-10	0.000209908
2.34822e-10	0.00021007
2.34864e-10	0.000210231
2.34905e-10	0.000210393
2.34947e-10	0.000210554
2.34988e-10	0.000210715
2.3503e-10	0.000210877
2.35071e-10	0.000211038
2.35113e-10	0.000211199
2.35154e-10	0.00021136
2.35196e-10	0.000211522
2.35237e-10	0.000211683
2.35279e-10	0.000211844
2.3532e-10	0.000212005
2.35362e-10	0.000212166
2.35404e-10	0.000212327
2.35445e-10	0.000212488
2.35487e-10	0.000212649
2.35528e-10	0.000212809
2.3557e-10	0.00021297
2.35611e-10	0.000213131
2.35653e-10	0.000213292
2.35694e-10	0.000213452
2.35736e-10	0.000213613
2.35777e-10	0.000213773
2.35819e-10	0.000213934
2.3586e-10	0.000214094
2.35902e-10	0.000214255
2.35943e-10	0.000214415
2.35985e-10	0.000214575
2.36026e-10	0.000214736
2.36068e-10	0.000214896
2.3611e-10	0.000215056
2.36151e-10	0.000215216
2.36193e-10	0.000215376
2.36234e-10	0.000215536
2.36276e-10	0.000215696
2.36317e-10	0.000215856
2.36359e-10	0.000216016
2.364e-10	0.000216176
2.36442e-10	0.000216336
2.36483e-10	0.000216496
2.36525e-10	0.000216656
2.36566e-10	0.000216815
2.36608e-10	0.000216975
2.36649e-10	0.000217134
2.36691e-10	0.000217294
2.36732e-10	0.000217454
2.36774e-10	0.000217613
2.36815e-10	0.000217772
2.36857e-10	0.000217932
2.36899e-10	0.000218091
2.3694e-10	0.00021825
2.36982e-10	0.00021841
2.37023e-10	0.000218569
2.37065e-10	0.000218728
2.37106e-10	0.000218887
2.37148e-10	0.000219046
2.37189e-10	0.000219205
2.37231e-10	0.000219364
2.37272e-10	0.000219523
2.37314e-10	0.000219682
2.37355e-10	0.00021984
2.37397e-10	0.000219999
2.37438e-10	0.000220158
2.3748e-10	0.000220317
2.37521e-10	0.000220475
2.37563e-10	0.000220634
2.37605e-10	0.000220792
2.37646e-10	0.000220951
2.37688e-10	0.000221109
2.37729e-10	0.000221267
2.37771e-10	0.000221426
2.37812e-10	0.000221584
2.37854e-10	0.000221742
2.37895e-10	0.0002219
2.37937e-10	0.000222059
2.37978e-10	0.000222217
2.3802e-10	0.000222375
2.38061e-10	0.000222533
2.38103e-10	0.000222691
2.38144e-10	0.000222848
2.38186e-10	0.000223006
2.38227e-10	0.000223164
2.38269e-10	0.000223322
2.38311e-10	0.000223479
2.38352e-10	0.000223637
2.38394e-10	0.000223795
2.38435e-10	0.000223952
2.38477e-10	0.00022411
2.38518e-10	0.000224267
2.3856e-10	0.000224424
2.38601e-10	0.000224582
2.38643e-10	0.000224739
2.38684e-10	0.000224896
2.38726e-10	0.000225053
2.38767e-10	0.000225211
2.38809e-10	0.000225368
2.3885e-10	0.000225525
2.38892e-10	0.000225682
2.38933e-10	0.000225839
2.38975e-10	0.000225995
2.39016e-10	0.000226152
2.39058e-10	0.000226309
2.391e-10	0.000226466
2.39141e-10	0.000226622
2.39183e-10	0.000226779
2.39224e-10	0.000226936
2.39266e-10	0.000227092
2.39307e-10	0.000227249
2.39349e-10	0.000227405
2.3939e-10	0.000227561
2.39432e-10	0.000227718
2.39473e-10	0.000227874
2.39515e-10	0.00022803
2.39556e-10	0.000228186
2.39598e-10	0.000228342
2.39639e-10	0.000228498
2.39681e-10	0.000228654
2.39722e-10	0.00022881
2.39764e-10	0.000228966
2.39806e-10	0.000229122
2.39847e-10	0.000229278
2.39889e-10	0.000229433
2.3993e-10	0.000229589
2.39972e-10	0.000229745
2.40013e-10	0.0002299
2.40055e-10	0.000230056
2.40096e-10	0.000230211
2.40138e-10	0.000230367
2.40179e-10	0.000230522
2.40221e-10	0.000230677
2.40262e-10	0.000230833
2.40304e-10	0.000230988
2.40345e-10	0.000231143
2.40387e-10	0.000231298
2.40428e-10	0.000231453
2.4047e-10	0.000231608
2.40512e-10	0.000231763
2.40553e-10	0.000231918
2.40595e-10	0.000232073
2.40636e-10	0.000232228
2.40678e-10	0.000232382
2.40719e-10	0.000232537
2.40761e-10	0.000232691
2.40802e-10	0.000232846
2.40844e-10	0.000233001
2.40885e-10	0.000233155
2.40927e-10	0.000233309
2.40968e-10	0.000233464
2.4101e-10	0.000233618
2.41051e-10	0.000233772
2.41093e-10	0.000233926
2.41134e-10	0.00023408
2.41176e-10	0.000234234
2.41217e-10	0.000234388
2.41259e-10	0.000234542
2.41301e-10	0.000234696
2.41342e-10	0.00023485
2.41384e-10	0.000235004
2.41425e-10	0.000235158
2.41467e-10	0.000235311
2.41508e-10	0.000235465
2.4155e-10	0.000235618
2.41591e-10	0.000235772
2.41633e-10	0.000235925
2.41674e-10	0.000236079
2.41716e-10	0.000236232
2.41757e-10	0.000236385
2.41799e-10	0.000236539
2.4184e-10	0.000236692
2.41882e-10	0.000236845
2.41923e-10	0.000236998
2.41965e-10	0.000237151
2.42007e-10	0.000237304
2.42048e-10	0.000237457
2.4209e-10	0.000237609
2.42131e-10	0.000237762
2.42173e-10	0.000237915
2.42214e-10	0.000238068
2.42256e-10	0.00023822
2.42297e-10	0.000238373
2.42339e-10	0.000238525
2.4238e-10	0.000238678
2.42422e-10	0.00023883
2.42463e-10	0.000238982
2.42505e-10	0.000239134
2.42546e-10	0.000239287
2.42588e-10	0.000239439
2.42629e-10	0.000239591
2.42671e-10	0.000239743
2.42713e-10	0.000239895
2.42754e-10	0.000240047
2.42796e-10	0.000240198
2.42837e-10	0.00024035
2.42879e-10	0.000240502
2.4292e-10	0.000240654
2.42962e-10	0.000240805
2.43003e-10	0.000240957
2.43045e-10	0.000241108
2.43086e-10	0.00024126
2.43128e-10	0.000241411
2.43169e-10	0.000241562
2.43211e-10	0.000241714
2.43252e-10	0.000241865
2.43294e-10	0.000242016
2.43335e-10	0.000242167
2.43377e-10	0.000242318
2.43419e-10	0.000242469
2.4346e-10	0.00024262
2.43502e-10	0.000242771
2.43543e-10	0.000242921
2.43585e-10	0.000243072
2.43626e-10	0.000243223
2.43668e-10	0.000243373
2.43709e-10	0.000243524
2.43751e-10	0.000243674
2.43792e-10	0.000243825
2.43834e-10	0.000243975
2.43875e-10	0.000244125
2.43917e-10	0.000244275
2.43958e-10	0.000244426
2.44e-10	0.000244576
2.44041e-10	0.000244726
2.44083e-10	0.000244876
2.44124e-10	0.000245026
2.44166e-10	0.000245175
2.44208e-10	0.000245325
2.44249e-10	0.000245475
2.44291e-10	0.000245625
2.44332e-10	0.000245774
2.44374e-10	0.000245924
2.44415e-10	0.000246073
2.44457e-10	0.000246223
2.44498e-10	0.000246372
2.4454e-10	0.000246521
2.44581e-10	0.000246671
2.44623e-10	0.00024682
2.44664e-10	0.000246969
2.44706e-10	0.000247118
2.44747e-10	0.000247267
2.44789e-10	0.000247416
2.4483e-10	0.000247565
2.44872e-10	0.000247713
2.44914e-10	0.000247862
2.44955e-10	0.000248011
2.44997e-10	0.000248159
2.45038e-10	0.000248308
2.4508e-10	0.000248456
2.45121e-10	0.000248605
2.45163e-10	0.000248753
2.45204e-10	0.000248901
2.45246e-10	0.00024905
2.45287e-10	0.000249198
2.45329e-10	0.000249346
2.4537e-10	0.000249494
2.45412e-10	0.000249642
2.45453e-10	0.00024979
2.45495e-10	0.000249938
2.45536e-10	0.000250085
2.45578e-10	0.000250233
2.4562e-10	0.000250381
2.45661e-10	0.000250528
2.45703e-10	0.000250676
2.45744e-10	0.000250823
2.45786e-10	0.000250971
2.45827e-10	0.000251118
2.45869e-10	0.000251265
2.4591e-10	0.000251413
2.45952e-10	0.00025156
2.45993e-10	0.000251707
2.46035e-10	0.000251854
2.46076e-10	0.000252001
2.46118e-10	0.000252148
2.46159e-10	0.000252294
2.46201e-10	0.000252441
2.46242e-10	0.000252588
2.46284e-10	0.000252734
2.46325e-10	0.000252881
2.46367e-10	0.000253027
2.46409e-10	0.000253174
2.4645e-10	0.00025332
2.46492e-10	0.000253466
2.46533e-10	0.000253613
2.46575e-10	0.000253759
2.46616e-10	0.000253905
2.46658e-10	0.000254051
2.46699e-10	0.000254197
2.46741e-10	0.000254343
2.46782e-10	0.000254489
2.46824e-10	0.000254634
2.46865e-10	0.00025478
2.46907e-10	0.000254926
2.46948e-10	0.000255071
2.4699e-10	0.000255217
2.47031e-10	0.000255362
2.47073e-10	0.000255507
2.47115e-10	0.000255653
2.47156e-10	0.000255798
2.47198e-10	0.000255943
2.47239e-10	0.000256088
2.47281e-10	0.000256233
2.47322e-10	0.000256378
2.47364e-10	0.000256523
2.47405e-10	0.000256668
2.47447e-10	0.000256813
2.47488e-10	0.000256957
2.4753e-10	0.000257102
2.47571e-10	0.000257246
2.47613e-10	0.000257391
2.47654e-10	0.000257535
2.47696e-10	0.00025768
2.47737e-10	0.000257824
2.47779e-10	0.000257968
2.47821e-10	0.000258112
2.47862e-10	0.000258256
2.47904e-10	0.0002584
2.47945e-10	0.000258544
2.47987e-10	0.000258688
2.48028e-10	0.000258832
2.4807e-10	0.000258975
2.48111e-10	0.000259119
2.48153e-10	0.000259263
2.48194e-10	0.000259406
2.48236e-10	0.00025955
2.48277e-10	0.000259693
2.48319e-10	0.000259836
2.4836e-10	0.000259979
2.48402e-10	0.000260123
2.48443e-10	0.000260266
2.48485e-10	0.000260409
2.48526e-10	0.000260552
2.48568e-10	0.000260695
2.4861e-10	0.000260837
2.48651e-10	0.00026098
2.48693e-10	0.000261123
2.48734e-10	0.000261265
2.48776e-10	0.000261408
2.48817e-10	0.00026155
2.48859e-10	0.000261693
2.489e-10	0.000261835
2.48942e-10	0.000261977
2.48983e-10	0.000262119
2.49025e-10	0.000262261
2.49066e-10	0.000262404
2.49108e-10	0.000262545
2.49149e-10	0.000262687
2.49191e-10	0.000262829
2.49232e-10	0.000262971
2.49274e-10	0.000263113
2.49316e-10	0.000263254
2.49357e-10	0.000263396
2.49399e-10	0.000263537
2.4944e-10	0.000263679
2.49482e-10	0.00026382
2.49523e-10	0.000263961
2.49565e-10	0.000264102
2.49606e-10	0.000264243
2.49648e-10	0.000264384
2.49689e-10	0.000264525
2.49731e-10	0.000264666
2.49772e-10	0.000264807
2.49814e-10	0.000264948
2.49855e-10	0.000265088
2.49897e-10	0.000265229
2.49938e-10	0.000265369
2.4998e-10	0.00026551
2.50022e-10	0.00026565
2.50063e-10	0.000265791
2.50105e-10	0.000265931
2.50146e-10	0.000266071
2.50188e-10	0.000266211
2.50229e-10	0.000266351
2.50271e-10	0.000266491
2.50312e-10	0.000266631
2.50354e-10	0.000266771
2.50395e-10	0.00026691
2.50437e-10	0.00026705
2.50478e-10	0.000267189
2.5052e-10	0.000267329
2.50561e-10	0.000267468
2.50603e-10	0.000267608
2.50644e-10	0.000267747
2.50686e-10	0.000267886
2.50727e-10	0.000268025
2.50769e-10	0.000268164
2.50811e-10	0.000268303
2.50852e-10	0.000268442
2.50894e-10	0.000268581
2.50935e-10	0.00026872
2.50977e-10	0.000268858
2.51018e-10	0.000268997
2.5106e-10	0.000269135
2.51101e-10	0.000269274
2.51143e-10	0.000269412
2.51184e-10	0.000269551
2.51226e-10	0.000269689
2.51267e-10	0.000269827
2.51309e-10	0.000269965
2.5135e-10	0.000270103
2.51392e-10	0.000270241
2.51433e-10	0.000270379
2.51475e-10	0.000270516
2.51517e-10	0.000270654
2.51558e-10	0.000270792
2.516e-10	0.000270929
2.51641e-10	0.000271067
2.51683e-10	0.000271204
2.51724e-10	0.000271341
2.51766e-10	0.000271479
2.51807e-10	0.000271616
2.51849e-10	0.000271753
2.5189e-10	0.00027189
2.51932e-10	0.000272027
2.51973e-10	0.000272164
2.52015e-10	0.0002723
2.52056e-10	0.000272437
2.52098e-10	0.000272574
2.52139e-10	0.00027271
2.52181e-10	0.000272847
2.52223e-10	0.000272983
2.52264e-10	0.000273119
2.52306e-10	0.000273256
2.52347e-10	0.000273392
2.52389e-10	0.000273528
2.5243e-10	0.000273664
2.52472e-10	0.0002738
2.52513e-10	0.000273935
2.52555e-10	0.000274071
2.52596e-10	0.000274207
2.52638e-10	0.000274342
2.52679e-10	0.000274478
2.52721e-10	0.000274613
2.52762e-10	0.000274749
2.52804e-10	0.000274884
2.52845e-10	0.000275019
2.52887e-10	0.000275154
2.52928e-10	0.000275289
2.5297e-10	0.000275424
2.53012e-10	0.000275559
2.53053e-10	0.000275694
2.53095e-10	0.000275829
2.53136e-10	0.000275964
2.53178e-10	0.000276098
2.53219e-10	0.000276233
2.53261e-10	0.000276367
2.53302e-10	0.000276501
2.53344e-10	0.000276636
2.53385e-10	0.00027677
2.53427e-10	0.000276904
2.53468e-10	0.000277038
2.5351e-10	0.000277172
2.53551e-10	0.000277306
2.53593e-10	0.000277439
2.53634e-10	0.000277573
2.53676e-10	0.000277707
2.53718e-10	0.00027784
2.53759e-10	0.000277974
2.53801e-10	0.000278107
2.53842e-10	0.00027824
2.53884e-10	0.000278374
2.53925e-10	0.000278507
2.53967e-10	0.00027864
2.54008e-10	0.000278773
2.5405e-10	0.000278906
2.54091e-10	0.000279038
2.54133e-10	0.000279171
2.54174e-10	0.000279304
2.54216e-10	0.000279436
2.54257e-10	0.000279569
2.54299e-10	0.000279701
2.5434e-10	0.000279834
2.54382e-10	0.000279966
2.54424e-10	0.000280098
2.54465e-10	0.00028023
2.54507e-10	0.000280362
2.54548e-10	0.000280494
2.5459e-10	0.000280626
2.54631e-10	0.000280758
2.54673e-10	0.000280889
2.54714e-10	0.000281021
2.54756e-10	0.000281152
2.54797e-10	0.000281284
2.54839e-10	0.000281415
2.5488e-10	0.000281546
2.54922e-10	0.000281677
2.54963e-10	0.000281809
2.55005e-10	0.00028194
2.55046e-10	0.00028207
2.55088e-10	0.000282201
2.5513e-10	0.000282332
2.55171e-10	0.000282463
2.55213e-10	0.000282593
2.55254e-10	0.000282724
2.55296e-10	0.000282854
2.55337e-10	0.000282985
2.55379e-10	0.000283115
2.5542e-10	0.000283245
2.55462e-10	0.000283375
2.55503e-10	0.000283505
2.55545e-10	0.000283635
2.55586e-10	0.000283765
2.55628e-10	0.000283895
2.55669e-10	0.000284024
2.55711e-10	0.000284154
2.55752e-10	0.000284283
2.55794e-10	0.000284413
2.55835e-10	0.000284542
2.55877e-10	0.000284671
2.55919e-10	0.000284801
2.5596e-10	0.00028493
2.56002e-10	0.000285059
2.56043e-10	0.000285187
2.56085e-10	0.000285316
2.56126e-10	0.000285445
2.56168e-10	0.000285574
2.56209e-10	0.000285702
2.56251e-10	0.000285831
2.56292e-10	0.000285959
2.56334e-10	0.000286087
2.56375e-10	0.000286216
2.56417e-10	0.000286344
2.56458e-10	0.000286472
2.565e-10	0.0002866
2.56541e-10	0.000286728
2.56583e-10	0.000286855
2.56625e-10	0.000286983
2.56666e-10	0.000287111
2.56708e-10	0.000287238
2.56749e-10	0.000287366
2.56791e-10	0.000287493
2.56832e-10	0.00028762
2.56874e-10	0.000287748
2.56915e-10	0.000287875
2.56957e-10	0.000288002
2.56998e-10	0.000288129
2.5704e-10	0.000288255
2.57081e-10	0.000288382
2.57123e-10	0.000288509
2.57164e-10	0.000288635
2.57206e-10	0.000288762
2.57247e-10	0.000288888
2.57289e-10	0.000289015
2.57331e-10	0.000289141
2.57372e-10	0.000289267
2.57414e-10	0.000289393
2.57455e-10	0.000289519
2.57497e-10	0.000289645
2.57538e-10	0.000289771
2.5758e-10	0.000289896
2.57621e-10	0.000290022
2.57663e-10	0.000290148
2.57704e-10	0.000290273
2.57746e-10	0.000290398
2.57787e-10	0.000290524
2.57829e-10	0.000290649
2.5787e-10	0.000290774
2.57912e-10	0.000290899
2.57953e-10	0.000291024
2.57995e-10	0.000291149
2.58036e-10	0.000291273
2.58078e-10	0.000291398
2.5812e-10	0.000291523
2.58161e-10	0.000291647
2.58203e-10	0.000291771
2.58244e-10	0.000291896
2.58286e-10	0.00029202
2.58327e-10	0.000292144
2.58369e-10	0.000292268
2.5841e-10	0.000292392
2.58452e-10	0.000292516
2.58493e-10	0.00029264
2.58535e-10	0.000292763
2.58576e-10	0.000292887
2.58618e-10	0.00029301
2.58659e-10	0.000293134
2.58701e-10	0.000293257
2.58742e-10	0.00029338
2.58784e-10	0.000293503
2.58826e-10	0.000293626
2.58867e-10	0.000293749
2.58909e-10	0.000293872
2.5895e-10	0.000293995
2.58992e-10	0.000294118
2.59033e-10	0.00029424
2.59075e-10	0.000294363
2.59116e-10	0.000294485
2.59158e-10	0.000294607
2.59199e-10	0.00029473
2.59241e-10	0.000294852
2.59282e-10	0.000294974
2.59324e-10	0.000295096
2.59365e-10	0.000295217
2.59407e-10	0.000295339
2.59448e-10	0.000295461
2.5949e-10	0.000295582
2.59532e-10	0.000295704
2.59573e-10	0.000295825
2.59615e-10	0.000295947
2.59656e-10	0.000296068
2.59698e-10	0.000296189
2.59739e-10	0.00029631
2.59781e-10	0.000296431
2.59822e-10	0.000296552
2.59864e-10	0.000296672
2.59905e-10	0.000296793
2.59947e-10	0.000296914
2.59988e-10	0.000297034
2.6003e-10	0.000297155
2.60071e-10	0.000297275
2.60113e-10	0.000297395
2.60154e-10	0.000297515
2.60196e-10	0.000297635
2.60237e-10	0.000297755
2.60279e-10	0.000297875
2.60321e-10	0.000297995
2.60362e-10	0.000298114
2.60404e-10	0.000298234
2.60445e-10	0.000298353
2.60487e-10	0.000298472
2.60528e-10	0.000298592
2.6057e-10	0.000298711
2.60611e-10	0.00029883
2.60653e-10	0.000298949
2.60694e-10	0.000299068
2.60736e-10	0.000299187
2.60777e-10	0.000299305
2.60819e-10	0.000299424
2.6086e-10	0.000299542
2.60902e-10	0.000299661
2.60943e-10	0.000299779
2.60985e-10	0.000299897
2.61027e-10	0.000300015
2.61068e-10	0.000300134
2.6111e-10	0.000300251
2.61151e-10	0.000300369
2.61193e-10	0.000300487
2.61234e-10	0.000300605
2.61276e-10	0.000300722
2.61317e-10	0.00030084
2.61359e-10	0.000300957
2.614e-10	0.000301074
2.61442e-10	0.000301192
2.61483e-10	0.000301309
2.61525e-10	0.000301426
2.61566e-10	0.000301543
2.61608e-10	0.000301659
2.61649e-10	0.000301776
2.61691e-10	0.000301893
2.61733e-10	0.000302009
2.61774e-10	0.000302126
2.61816e-10	0.000302242
2.61857e-10	0.000302358
2.61899e-10	0.000302474
2.6194e-10	0.00030259
2.61982e-10	0.000302706
2.62023e-10	0.000302822
2.62065e-10	0.000302938
2.62106e-10	0.000303053
2.62148e-10	0.000303169
2.62189e-10	0.000303284
2.62231e-10	0.0003034
2.62272e-10	0.000303515
2.62314e-10	0.00030363
2.62355e-10	0.000303745
2.62397e-10	0.00030386
2.62438e-10	0.000303975
2.6248e-10	0.00030409
2.62522e-10	0.000304204
2.62563e-10	0.000304319
2.62605e-10	0.000304434
2.62646e-10	0.000304548
2.62688e-10	0.000304662
2.62729e-10	0.000304776
2.62771e-10	0.00030489
2.62812e-10	0.000305004
2.62854e-10	0.000305118
2.62895e-10	0.000305232
2.62937e-10	0.000305346
2.62978e-10	0.000305459
2.6302e-10	0.000305573
2.63061e-10	0.000305686
2.63103e-10	0.0003058
2.63144e-10	0.000305913
2.63186e-10	0.000306026
2.63228e-10	0.000306139
2.63269e-10	0.000306252
2.63311e-10	0.000306365
2.63352e-10	0.000306477
2.63394e-10	0.00030659
2.63435e-10	0.000306702
2.63477e-10	0.000306815
2.63518e-10	0.000306927
2.6356e-10	0.000307039
2.63601e-10	0.000307151
2.63643e-10	0.000307263
2.63684e-10	0.000307375
2.63726e-10	0.000307487
2.63767e-10	0.000307599
2.63809e-10	0.000307711
2.6385e-10	0.000307822
2.63892e-10	0.000307933
2.63934e-10	0.000308045
2.63975e-10	0.000308156
2.64017e-10	0.000308267
2.64058e-10	0.000308378
2.641e-10	0.000308489
2.64141e-10	0.0003086
2.64183e-10	0.000308711
2.64224e-10	0.000308821
2.64266e-10	0.000308932
2.64307e-10	0.000309042
2.64349e-10	0.000309152
2.6439e-10	0.000309263
2.64432e-10	0.000309373
2.64473e-10	0.000309483
2.64515e-10	0.000309593
2.64556e-10	0.000309702
2.64598e-10	0.000309812
2.64639e-10	0.000309922
2.64681e-10	0.000310031
2.64723e-10	0.000310141
2.64764e-10	0.00031025
2.64806e-10	0.000310359
2.64847e-10	0.000310468
2.64889e-10	0.000310577
2.6493e-10	0.000310686
2.64972e-10	0.000310795
2.65013e-10	0.000310904
2.65055e-10	0.000311012
2.65096e-10	0.000311121
2.65138e-10	0.000311229
2.65179e-10	0.000311337
2.65221e-10	0.000311445
2.65262e-10	0.000311553
2.65304e-10	0.000311661
2.65345e-10	0.000311769
2.65387e-10	0.000311877
2.65429e-10	0.000311985
2.6547e-10	0.000312092
2.65512e-10	0.0003122
2.65553e-10	0.000312307
2.65595e-10	0.000312414
2.65636e-10	0.000312521
2.65678e-10	0.000312628
2.65719e-10	0.000312735
2.65761e-10	0.000312842
2.65802e-10	0.000312949
2.65844e-10	0.000313056
2.65885e-10	0.000313162
2.65927e-10	0.000313269
2.65968e-10	0.000313375
2.6601e-10	0.000313481
2.66051e-10	0.000313587
2.66093e-10	0.000313693
2.66135e-10	0.000313799
2.66176e-10	0.000313905
2.66218e-10	0.000314011
2.66259e-10	0.000314116
2.66301e-10	0.000314222
2.66342e-10	0.000314327
2.66384e-10	0.000314432
2.66425e-10	0.000314537
2.66467e-10	0.000314643
2.66508e-10	0.000314747
2.6655e-10	0.000314852
2.66591e-10	0.000314957
2.66633e-10	0.000315062
2.66674e-10	0.000315166
2.66716e-10	0.000315271
2.66757e-10	0.000315375
2.66799e-10	0.000315479
2.6684e-10	0.000315583
2.66882e-10	0.000315687
2.66924e-10	0.000315791
2.66965e-10	0.000315895
2.67007e-10	0.000315999
2.67048e-10	0.000316102
2.6709e-10	0.000316206
2.67131e-10	0.000316309
2.67173e-10	0.000316412
2.67214e-10	0.000316516
2.67256e-10	0.000316619
2.67297e-10	0.000316722
2.67339e-10	0.000316825
2.6738e-10	0.000316927
2.67422e-10	0.00031703
2.67463e-10	0.000317132
2.67505e-10	0.000317235
2.67546e-10	0.000317337
2.67588e-10	0.000317439
2.6763e-10	0.000317541
2.67671e-10	0.000317643
2.67713e-10	0.000317745
2.67754e-10	0.000317847
2.67796e-10	0.000317949
2.67837e-10	0.00031805
2.67879e-10	0.000318152
2.6792e-10	0.000318253
2.67962e-10	0.000318354
2.68003e-10	0.000318455
2.68045e-10	0.000318557
2.68086e-10	0.000318657
2.68128e-10	0.000318758
2.68169e-10	0.000318859
2.68211e-10	0.00031896
2.68252e-10	0.00031906
2.68294e-10	0.00031916
2.68336e-10	0.000319261
2.68377e-10	0.000319361
2.68419e-10	0.000319461
2.6846e-10	0.000319561
2.68502e-10	0.000319661
2.68543e-10	0.00031976
2.68585e-10	0.00031986
2.68626e-10	0.00031996
2.68668e-10	0.000320059
2.68709e-10	0.000320158
2.68751e-10	0.000320257
2.68792e-10	0.000320356
2.68834e-10	0.000320455
2.68875e-10	0.000320554
2.68917e-10	0.000320653
2.68958e-10	0.000320752
2.69e-10	0.00032085
2.69042e-10	0.000320949
2.69083e-10	0.000321047
2.69125e-10	0.000321145
2.69166e-10	0.000321243
2.69208e-10	0.000321341
2.69249e-10	0.000321439
2.69291e-10	0.000321537
2.69332e-10	0.000321634
2.69374e-10	0.000321732
2.69415e-10	0.000321829
2.69457e-10	0.000321927
2.69498e-10	0.000322024
2.6954e-10	0.000322121
2.69581e-10	0.000322218
2.69623e-10	0.000322315
2.69664e-10	0.000322412
2.69706e-10	0.000322508
2.69747e-10	0.000322605
2.69789e-10	0.000322701
2.69831e-10	0.000322798
2.69872e-10	0.000322894
2.69914e-10	0.00032299
2.69955e-10	0.000323086
2.69997e-10	0.000323182
2.70038e-10	0.000323278
2.7008e-10	0.000323373
2.70121e-10	0.000323469
2.70163e-10	0.000323564
2.70204e-10	0.00032366
2.70246e-10	0.000323755
2.70287e-10	0.00032385
2.70329e-10	0.000323945
2.7037e-10	0.00032404
2.70412e-10	0.000324135
2.70453e-10	0.000324229
2.70495e-10	0.000324324
2.70537e-10	0.000324418
2.70578e-10	0.000324512
2.7062e-10	0.000324607
2.70661e-10	0.000324701
2.70703e-10	0.000324795
2.70744e-10	0.000324889
2.70786e-10	0.000324982
2.70827e-10	0.000325076
2.70869e-10	0.00032517
2.7091e-10	0.000325263
2.70952e-10	0.000325356
2.70993e-10	0.000325449
2.71035e-10	0.000325542
2.71076e-10	0.000325635
2.71118e-10	0.000325728
2.71159e-10	0.000325821
2.71201e-10	0.000325914
2.71243e-10	0.000326006
2.71284e-10	0.000326099
2.71326e-10	0.000326191
2.71367e-10	0.000326283
2.71409e-10	0.000326375
2.7145e-10	0.000326467
2.71492e-10	0.000326559
2.71533e-10	0.000326651
2.71575e-10	0.000326742
2.71616e-10	0.000326834
2.71658e-10	0.000326925
2.71699e-10	0.000327016
2.71741e-10	0.000327107
2.71782e-10	0.000327198
2.71824e-10	0.000327289
2.71865e-10	0.00032738
2.71907e-10	0.000327471
2.71948e-10	0.000327561
2.7199e-10	0.000327652
2.72032e-10	0.000327742
2.72073e-10	0.000327832
2.72115e-10	0.000327923
2.72156e-10	0.000328013
2.72198e-10	0.000328102
2.72239e-10	0.000328192
2.72281e-10	0.000328282
2.72322e-10	0.000328371
2.72364e-10	0.000328461
2.72405e-10	0.00032855
2.72447e-10	0.000328639
2.72488e-10	0.000328728
2.7253e-10	0.000328817
2.72571e-10	0.000328906
2.72613e-10	0.000328995
2.72654e-10	0.000329084
2.72696e-10	0.000329172
2.72738e-10	0.00032926
2.72779e-10	0.000329349
2.72821e-10	0.000329437
2.72862e-10	0.000329525
2.72904e-10	0.000329613
2.72945e-10	0.000329701
2.72987e-10	0.000329788
2.73028e-10	0.000329876
2.7307e-10	0.000329963
2.73111e-10	0.000330051
2.73153e-10	0.000330138
2.73194e-10	0.000330225
2.73236e-10	0.000330312
2.73277e-10	0.000330399
2.73319e-10	0.000330485
2.7336e-10	0.000330572
2.73402e-10	0.000330659
2.73444e-10	0.000330745
2.73485e-10	0.000330831
2.73527e-10	0.000330917
2.73568e-10	0.000331003
2.7361e-10	0.000331089
2.73651e-10	0.000331175
2.73693e-10	0.000331261
2.73734e-10	0.000331346
2.73776e-10	0.000331432
2.73817e-10	0.000331517
2.73859e-10	0.000331602
2.739e-10	0.000331688
2.73942e-10	0.000331773
2.73983e-10	0.000331857
2.74025e-10	0.000331942
2.74066e-10	0.000332027
2.74108e-10	0.000332111
2.74149e-10	0.000332196
2.74191e-10	0.00033228
2.74233e-10	0.000332364
2.74274e-10	0.000332448
2.74316e-10	0.000332532
2.74357e-10	0.000332616
2.74399e-10	0.0003327
2.7444e-10	0.000332783
2.74482e-10	0.000332867
2.74523e-10	0.00033295
2.74565e-10	0.000333033
2.74606e-10	0.000333116
2.74648e-10	0.000333199
2.74689e-10	0.000333282
2.74731e-10	0.000333365
2.74772e-10	0.000333447
2.74814e-10	0.00033353
2.74855e-10	0.000333612
2.74897e-10	0.000333694
2.74939e-10	0.000333776
2.7498e-10	0.000333858
2.75022e-10	0.00033394
2.75063e-10	0.000334022
2.75105e-10	0.000334104
2.75146e-10	0.000334185
2.75188e-10	0.000334267
2.75229e-10	0.000334348
2.75271e-10	0.000334429
2.75312e-10	0.00033451
2.75354e-10	0.000334591
2.75395e-10	0.000334672
2.75437e-10	0.000334753
2.75478e-10	0.000334833
2.7552e-10	0.000334914
2.75561e-10	0.000334994
2.75603e-10	0.000335074
2.75645e-10	0.000335154
2.75686e-10	0.000335234
2.75728e-10	0.000335314
2.75769e-10	0.000335394
2.75811e-10	0.000335473
2.75852e-10	0.000335553
2.75894e-10	0.000335632
2.75935e-10	0.000335711
2.75977e-10	0.00033579
2.76018e-10	0.000335869
2.7606e-10	0.000335948
2.76101e-10	0.000336027
2.76143e-10	0.000336106
2.76184e-10	0.000336184
2.76226e-10	0.000336263
2.76267e-10	0.000336341
2.76309e-10	0.000336419
2.7635e-10	0.000336497
2.76392e-10	0.000336575
2.76434e-10	0.000336653
2.76475e-10	0.00033673
2.76517e-10	0.000336808
2.76558e-10	0.000336885
2.766e-10	0.000336962
2.76641e-10	0.00033704
2.76683e-10	0.000337117
2.76724e-10	0.000337193
2.76766e-10	0.00033727
2.76807e-10	0.000337347
2.76849e-10	0.000337423
2.7689e-10	0.0003375
2.76932e-10	0.000337576
2.76973e-10	0.000337652
2.77015e-10	0.000337728
2.77056e-10	0.000337804
2.77098e-10	0.00033788
2.7714e-10	0.000337956
2.77181e-10	0.000338031
2.77223e-10	0.000338107
2.77264e-10	0.000338182
2.77306e-10	0.000338257
2.77347e-10	0.000338332
2.77389e-10	0.000338407
2.7743e-10	0.000338482
2.77472e-10	0.000338557
2.77513e-10	0.000338631
2.77555e-10	0.000338706
2.77596e-10	0.00033878
2.77638e-10	0.000338854
2.77679e-10	0.000338928
2.77721e-10	0.000339002
2.77762e-10	0.000339076
2.77804e-10	0.00033915
2.77846e-10	0.000339223
2.77887e-10	0.000339297
2.77929e-10	0.00033937
2.7797e-10	0.000339443
2.78012e-10	0.000339516
2.78053e-10	0.000339589
2.78095e-10	0.000339662
2.78136e-10	0.000339735
2.78178e-10	0.000339807
2.78219e-10	0.00033988
2.78261e-10	0.000339952
2.78302e-10	0.000340024
2.78344e-10	0.000340096
2.78385e-10	0.000340168
2.78427e-10	0.00034024
2.78468e-10	0.000340312
2.7851e-10	0.000340383
2.78551e-10	0.000340455
2.78593e-10	0.000340526
2.78635e-10	0.000340597
2.78676e-10	0.000340668
2.78718e-10	0.000340739
2.78759e-10	0.00034081
2.78801e-10	0.000340881
2.78842e-10	0.000340951
2.78884e-10	0.000341022
2.78925e-10	0.000341092
2.78967e-10	0.000341162
2.79008e-10	0.000341232
2.7905e-10	0.000341302
2.79091e-10	0.000341372
2.79133e-10	0.000341441
2.79174e-10	0.000341511
2.79216e-10	0.00034158
2.79257e-10	0.00034165
2.79299e-10	0.000341719
2.79341e-10	0.000341788
2.79382e-10	0.000341857
2.79424e-10	0.000341926
2.79465e-10	0.000341994
2.79507e-10	0.000342063
2.79548e-10	0.000342131
2.7959e-10	0.000342199
2.79631e-10	0.000342267
2.79673e-10	0.000342335
2.79714e-10	0.000342403
2.79756e-10	0.000342471
2.79797e-10	0.000342539
2.79839e-10	0.000342606
2.7988e-10	0.000342674
2.79922e-10	0.000342741
2.79963e-10	0.000342808
2.80005e-10	0.000342875
2.80047e-10	0.000342942
2.80088e-10	0.000343008
2.8013e-10	0.000343075
2.80171e-10	0.000343142
2.80213e-10	0.000343208
2.80254e-10	0.000343274
2.80296e-10	0.00034334
2.80337e-10	0.000343406
2.80379e-10	0.000343472
2.8042e-10	0.000343538
2.80462e-10	0.000343603
2.80503e-10	0.000343669
2.80545e-10	0.000343734
2.80586e-10	0.000343799
2.80628e-10	0.000343864
2.80669e-10	0.000343929
2.80711e-10	0.000343994
2.80753e-10	0.000344059
2.80794e-10	0.000344123
2.80836e-10	0.000344188
2.80877e-10	0.000344252
2.80919e-10	0.000344316
2.8096e-10	0.00034438
2.81002e-10	0.000344444
2.81043e-10	0.000344508
2.81085e-10	0.000344571
2.81126e-10	0.000344635
2.81168e-10	0.000344698
2.81209e-10	0.000344761
2.81251e-10	0.000344824
2.81292e-10	0.000344887
2.81334e-10	0.00034495
2.81375e-10	0.000345013
2.81417e-10	0.000345076
2.81458e-10	0.000345138
2.815e-10	0.0003452
2.81542e-10	0.000345262
2.81583e-10	0.000345325
2.81625e-10	0.000345386
2.81666e-10	0.000345448
2.81708e-10	0.00034551
2.81749e-10	0.000345571
2.81791e-10	0.000345633
2.81832e-10	0.000345694
2.81874e-10	0.000345755
2.81915e-10	0.000345816
2.81957e-10	0.000345877
2.81998e-10	0.000345938
2.8204e-10	0.000345999
2.82081e-10	0.000346059
2.82123e-10	0.000346119
2.82164e-10	0.00034618
2.82206e-10	0.00034624
2.82248e-10	0.0003463
2.82289e-10	0.00034636
2.82331e-10	0.000346419
2.82372e-10	0.000346479
2.82414e-10	0.000346538
2.82455e-10	0.000346597
2.82497e-10	0.000346657
2.82538e-10	0.000346716
2.8258e-10	0.000346775
2.82621e-10	0.000346833
2.82663e-10	0.000346892
2.82704e-10	0.000346951
2.82746e-10	0.000347009
2.82787e-10	0.000347067
2.82829e-10	0.000347125
2.8287e-10	0.000347183
2.82912e-10	0.000347241
2.82954e-10	0.000347299
2.82995e-10	0.000347356
2.83037e-10	0.000347414
2.83078e-10	0.000347471
2.8312e-10	0.000347528
2.83161e-10	0.000347585
2.83203e-10	0.000347642
2.83244e-10	0.000347699
2.83286e-10	0.000347756
2.83327e-10	0.000347812
2.83369e-10	0.000347869
2.8341e-10	0.000347925
2.83452e-10	0.000347981
2.83493e-10	0.000348037
2.83535e-10	0.000348093
2.83576e-10	0.000348148
2.83618e-10	0.000348204
2.83659e-10	0.000348259
2.83701e-10	0.000348315
2.83743e-10	0.00034837
2.83784e-10	0.000348425
2.83826e-10	0.00034848
2.83867e-10	0.000348535
2.83909e-10	0.000348589
2.8395e-10	0.000348644
2.83992e-10	0.000348698
2.84033e-10	0.000348752
2.84075e-10	0.000348806
2.84116e-10	0.00034886
2.84158e-10	0.000348914
2.84199e-10	0.000348968
2.84241e-10	0.000349021
2.84282e-10	0.000349075
2.84324e-10	0.000349128
2.84365e-10	0.000349181
2.84407e-10	0.000349234
2.84449e-10	0.000349287
2.8449e-10	0.00034934
2.84532e-10	0.000349393
2.84573e-10	0.000349445
2.84615e-10	0.000349497
2.84656e-10	0.00034955
2.84698e-10	0.000349602
2.84739e-10	0.000349654
2.84781e-10	0.000349705
2.84822e-10	0.000349757
2.84864e-10	0.000349809
2.84905e-10	0.00034986
2.84947e-10	0.000349911
2.84988e-10	0.000349962
2.8503e-10	0.000350013
2.85071e-10	0.000350064
2.85113e-10	0.000350115
2.85155e-10	0.000350165
2.85196e-10	0.000350216
2.85238e-10	0.000350266
2.85279e-10	0.000350316
2.85321e-10	0.000350366
2.85362e-10	0.000350416
2.85404e-10	0.000350466
2.85445e-10	0.000350516
2.85487e-10	0.000350565
2.85528e-10	0.000350614
2.8557e-10	0.000350664
2.85611e-10	0.000350713
2.85653e-10	0.000350762
2.85694e-10	0.000350811
2.85736e-10	0.000350859
2.85777e-10	0.000350908
2.85819e-10	0.000350956
2.8586e-10	0.000351004
2.85902e-10	0.000351052
2.85944e-10	0.0003511
2.85985e-10	0.000351148
2.86027e-10	0.000351196
2.86068e-10	0.000351244
2.8611e-10	0.000351291
2.86151e-10	0.000351338
2.86193e-10	0.000351385
2.86234e-10	0.000351432
2.86276e-10	0.000351479
2.86317e-10	0.000351526
2.86359e-10	0.000351573
2.864e-10	0.000351619
2.86442e-10	0.000351665
2.86483e-10	0.000351712
2.86525e-10	0.000351758
2.86566e-10	0.000351803
2.86608e-10	0.000351849
2.8665e-10	0.000351895
2.86691e-10	0.00035194
2.86733e-10	0.000351986
2.86774e-10	0.000352031
2.86816e-10	0.000352076
2.86857e-10	0.000352121
2.86899e-10	0.000352166
2.8694e-10	0.00035221
2.86982e-10	0.000352255
2.87023e-10	0.000352299
2.87065e-10	0.000352344
2.87106e-10	0.000352388
2.87148e-10	0.000352432
2.87189e-10	0.000352475
2.87231e-10	0.000352519
2.87272e-10	0.000352563
2.87314e-10	0.000352606
2.87356e-10	0.000352649
2.87397e-10	0.000352692
2.87439e-10	0.000352735
2.8748e-10	0.000352778
2.87522e-10	0.000352821
2.87563e-10	0.000352864
2.87605e-10	0.000352906
2.87646e-10	0.000352948
2.87688e-10	0.00035299
2.87729e-10	0.000353032
2.87771e-10	0.000353074
2.87812e-10	0.000353116
2.87854e-10	0.000353158
2.87895e-10	0.000353199
2.87937e-10	0.00035324
2.87978e-10	0.000353282
2.8802e-10	0.000353323
2.88061e-10	0.000353363
2.88103e-10	0.000353404
2.88145e-10	0.000353445
2.88186e-10	0.000353485
2.88228e-10	0.000353526
2.88269e-10	0.000353566
2.88311e-10	0.000353606
2.88352e-10	0.000353646
2.88394e-10	0.000353685
2.88435e-10	0.000353725
2.88477e-10	0.000353765
2.88518e-10	0.000353804
2.8856e-10	0.000353843
2.88601e-10	0.000353882
2.88643e-10	0.000353921
2.88684e-10	0.00035396
2.88726e-10	0.000353998
2.88767e-10	0.000354037
2.88809e-10	0.000354075
2.88851e-10	0.000354114
2.88892e-10	0.000354152
2.88934e-10	0.00035419
2.88975e-10	0.000354227
2.89017e-10	0.000354265
2.89058e-10	0.000354302
2.891e-10	0.00035434
2.89141e-10	0.000354377
2.89183e-10	0.000354414
2.89224e-10	0.000354451
2.89266e-10	0.000354488
2.89307e-10	0.000354524
2.89349e-10	0.000354561
2.8939e-10	0.000354597
2.89432e-10	0.000354633
2.89473e-10	0.00035467
2.89515e-10	0.000354705
2.89557e-10	0.000354741
2.89598e-10	0.000354777
2.8964e-10	0.000354812
2.89681e-10	0.000354848
2.89723e-10	0.000354883
2.89764e-10	0.000354918
2.89806e-10	0.000354953
2.89847e-10	0.000354988
2.89889e-10	0.000355022
2.8993e-10	0.000355057
2.89972e-10	0.000355091
2.90013e-10	0.000355126
2.90055e-10	0.00035516
2.90096e-10	0.000355194
2.90138e-10	0.000355227
2.90179e-10	0.000355261
2.90221e-10	0.000355294
2.90262e-10	0.000355328
2.90304e-10	0.000355361
2.90346e-10	0.000355394
2.90387e-10	0.000355427
2.90429e-10	0.00035546
2.9047e-10	0.000355492
2.90512e-10	0.000355525
2.90553e-10	0.000355557
2.90595e-10	0.00035559
2.90636e-10	0.000355622
2.90678e-10	0.000355654
2.90719e-10	0.000355685
2.90761e-10	0.000355717
2.90802e-10	0.000355748
2.90844e-10	0.00035578
2.90885e-10	0.000355811
2.90927e-10	0.000355842
2.90968e-10	0.000355873
2.9101e-10	0.000355904
2.91052e-10	0.000355934
2.91093e-10	0.000355965
2.91135e-10	0.000355995
2.91176e-10	0.000356025
2.91218e-10	0.000356055
2.91259e-10	0.000356085
2.91301e-10	0.000356115
2.91342e-10	0.000356145
2.91384e-10	0.000356174
2.91425e-10	0.000356203
2.91467e-10	0.000356233
2.91508e-10	0.000356262
2.9155e-10	0.00035629
2.91591e-10	0.000356319
2.91633e-10	0.000356348
2.91674e-10	0.000356376
2.91716e-10	0.000356405
2.91758e-10	0.000356433
2.91799e-10	0.000356461
2.91841e-10	0.000356489
2.91882e-10	0.000356516
2.91924e-10	0.000356544
2.91965e-10	0.000356571
2.92007e-10	0.000356599
2.92048e-10	0.000356626
2.9209e-10	0.000356653
2.92131e-10	0.000356679
2.92173e-10	0.000356706
2.92214e-10	0.000356733
2.92256e-10	0.000356759
2.92297e-10	0.000356785
2.92339e-10	0.000356812
2.9238e-10	0.000356837
2.92422e-10	0.000356863
2.92463e-10	0.000356889
2.92505e-10	0.000356914
2.92547e-10	0.00035694
2.92588e-10	0.000356965
2.9263e-10	0.00035699
2.92671e-10	0.000357015
2.92713e-10	0.00035704
2.92754e-10	0.000357065
2.92796e-10	0.000357089
2.92837e-10	0.000357113
2.92879e-10	0.000357138
2.9292e-10	0.000357162
2.92962e-10	0.000357186
2.93003e-10	0.000357209
2.93045e-10	0.000357233
2.93086e-10	0.000357256
2.93128e-10	0.00035728
2.93169e-10	0.000357303
2.93211e-10	0.000357326
2.93253e-10	0.000357349
2.93294e-10	0.000357372
2.93336e-10	0.000357394
2.93377e-10	0.000357417
2.93419e-10	0.000357439
2.9346e-10	0.000357461
2.93502e-10	0.000357483
2.93543e-10	0.000357505
2.93585e-10	0.000357527
2.93626e-10	0.000357548
2.93668e-10	0.000357569
2.93709e-10	0.000357591
2.93751e-10	0.000357612
2.93792e-10	0.000357633
2.93834e-10	0.000357654
2.93875e-10	0.000357674
2.93917e-10	0.000357695
2.93959e-10	0.000357715
2.94e-10	0.000357735
2.94042e-10	0.000357755
2.94083e-10	0.000357775
2.94125e-10	0.000357795
2.94166e-10	0.000357815
2.94208e-10	0.000357834
2.94249e-10	0.000357853
2.94291e-10	0.000357873
2.94332e-10	0.000357892
2.94374e-10	0.000357911
2.94415e-10	0.000357929
2.94457e-10	0.000357948
2.94498e-10	0.000357966
2.9454e-10	0.000357985
2.94581e-10	0.000358003
2.94623e-10	0.000358021
2.94665e-10	0.000358038
2.94706e-10	0.000358056
2.94748e-10	0.000358074
2.94789e-10	0.000358091
2.94831e-10	0.000358108
2.94872e-10	0.000358125
2.94914e-10	0.000358142
2.94955e-10	0.000358159
2.94997e-10	0.000358176
2.95038e-10	0.000358192
2.9508e-10	0.000358209
2.95121e-10	0.000358225
2.95163e-10	0.000358241
2.95204e-10	0.000358257
2.95246e-10	0.000358272
2.95287e-10	0.000358288
2.95329e-10	0.000358303
2.9537e-10	0.000358319
2.95412e-10	0.000358334
2.95454e-10	0.000358349
2.95495e-10	0.000358364
2.95537e-10	0.000358378
2.95578e-10	0.000358393
2.9562e-10	0.000358407
2.95661e-10	0.000358422
2.95703e-10	0.000358436
2.95744e-10	0.00035845
2.95786e-10	0.000358463
2.95827e-10	0.000358477
2.95869e-10	0.00035849
2.9591e-10	0.000358504
2.95952e-10	0.000358517
2.95993e-10	0.00035853
2.96035e-10	0.000358543
2.96076e-10	0.000358556
2.96118e-10	0.000358568
2.9616e-10	0.000358581
2.96201e-10	0.000358593
2.96243e-10	0.000358605
2.96284e-10	0.000358617
2.96326e-10	0.000358629
2.96367e-10	0.00035864
2.96409e-10	0.000358652
2.9645e-10	0.000358663
2.96492e-10	0.000358675
2.96533e-10	0.000358686
2.96575e-10	0.000358697
2.96616e-10	0.000358707
2.96658e-10	0.000358718
2.96699e-10	0.000358728
2.96741e-10	0.000358739
2.96782e-10	0.000358749
2.96824e-10	0.000358759
2.96866e-10	0.000358769
2.96907e-10	0.000358778
2.96949e-10	0.000358788
2.9699e-10	0.000358797
2.97032e-10	0.000358806
2.97073e-10	0.000358816
2.97115e-10	0.000358825
2.97156e-10	0.000358833
2.97198e-10	0.000358842
2.97239e-10	0.00035885
2.97281e-10	0.000358859
2.97322e-10	0.000358867
2.97364e-10	0.000358875
2.97405e-10	0.000358883
2.97447e-10	0.000358891
2.97488e-10	0.000358898
2.9753e-10	0.000358905
2.97571e-10	0.000358913
2.97613e-10	0.00035892
2.97655e-10	0.000358927
2.97696e-10	0.000358934
2.97738e-10	0.00035894
2.97779e-10	0.000358947
2.97821e-10	0.000358953
2.97862e-10	0.000358959
2.97904e-10	0.000358965
2.97945e-10	0.000358971
2.97987e-10	0.000358977
2.98028e-10	0.000358982
2.9807e-10	0.000358988
2.98111e-10	0.000358993
2.98153e-10	0.000358998
2.98194e-10	0.000359003
2.98236e-10	0.000359008
2.98277e-10	0.000359013
2.98319e-10	0.000359017
2.98361e-10	0.000359022
2.98402e-10	0.000359026
2.98444e-10	0.00035903
2.98485e-10	0.000359034
2.98527e-10	0.000359037
2.98568e-10	0.000359041
2.9861e-10	0.000359044
2.98651e-10	0.000359048
2.98693e-10	0.000359051
2.98734e-10	0.000359054
2.98776e-10	0.000359057
2.98817e-10	0.000359059
2.98859e-10	0.000359062
2.989e-10	0.000359064
2.98942e-10	0.000359066
2.98983e-10	0.000359068
2.99025e-10	0.00035907
2.99067e-10	0.000359072
2.99108e-10	0.000359073
2.9915e-10	0.000359075
2.99191e-10	0.000359076
2.99233e-10	0.000359077
2.99274e-10	0.000359078
2.99316e-10	0.000359079
2.99357e-10	0.00035908
2.99399e-10	0.00035908
2.9944e-10	0.00035908
2.99482e-10	0.000359081
2.99523e-10	0.000359081
2.99565e-10	0.000359081
2.99606e-10	0.00035908
2.99648e-10	0.00035908
2.99689e-10	0.000359079
2.99731e-10	0.000359078
2.99772e-10	0.000359078
2.99814e-10	0.000359077
2.99856e-10	0.000359075
2.99897e-10	0.000359074
2.99939e-10	0.000359072
2.9998e-10	0.000359071
3.00022e-10	0.000359069
3.00063e-10	0.000359067
3.00105e-10	0.000359065
3.00146e-10	0.000359062
3.00188e-10	0.00035906
3.00229e-10	0.000359057
3.00271e-10	0.000359055
3.00312e-10	0.000359052
3.00354e-10	0.000359049
3.00395e-10	0.000359045
3.00437e-10	0.000359042
3.00478e-10	0.000359038
3.0052e-10	0.000359035
3.00562e-10	0.000359031
3.00603e-10	0.000359027
3.00645e-10	0.000359023
3.00686e-10	0.000359018
3.00728e-10	0.000359014
3.00769e-10	0.000359009
3.00811e-10	0.000359004
3.00852e-10	0.000358999
3.00894e-10	0.000358994
3.00935e-10	0.000358989
3.00977e-10	0.000358984
3.01018e-10	0.000358978
3.0106e-10	0.000358972
3.01101e-10	0.000358966
3.01143e-10	0.00035896
3.01184e-10	0.000358954
3.01226e-10	0.000358948
3.01268e-10	0.000358941
3.01309e-10	0.000358935
3.01351e-10	0.000358928
3.01392e-10	0.000358921
3.01434e-10	0.000358914
3.01475e-10	0.000358906
3.01517e-10	0.000358899
3.01558e-10	0.000358891
3.016e-10	0.000358883
3.01641e-10	0.000358875
3.01683e-10	0.000358867
3.01724e-10	0.000358859
3.01766e-10	0.000358851
3.01807e-10	0.000358842
3.01849e-10	0.000358833
3.0189e-10	0.000358825
3.01932e-10	0.000358816
3.01973e-10	0.000358806
3.02015e-10	0.000358797
3.02057e-10	0.000358787
3.02098e-10	0.000358778
3.0214e-10	0.000358768
3.02181e-10	0.000358758
3.02223e-10	0.000358748
3.02264e-10	0.000358738
3.02306e-10	0.000358727
3.02347e-10	0.000358716
3.02389e-10	0.000358706
3.0243e-10	0.000358695
3.02472e-10	0.000358684
3.02513e-10	0.000358672
3.02555e-10	0.000358661
3.02596e-10	0.00035865
3.02638e-10	0.000358638
3.02679e-10	0.000358626
3.02721e-10	0.000358614
3.02763e-10	0.000358602
3.02804e-10	0.000358589
3.02846e-10	0.000358577
3.02887e-10	0.000358564
3.02929e-10	0.000358551
3.0297e-10	0.000358538
3.03012e-10	0.000358525
3.03053e-10	0.000358512
3.03095e-10	0.000358498
3.03136e-10	0.000358485
3.03178e-10	0.000358471
3.03219e-10	0.000358457
3.03261e-10	0.000358443
3.03302e-10	0.000358429
3.03344e-10	0.000358414
3.03385e-10	0.0003584
3.03427e-10	0.000358385
3.03469e-10	0.00035837
3.0351e-10	0.000358355
3.03552e-10	0.00035834
3.03593e-10	0.000358324
3.03635e-10	0.000358309
3.03676e-10	0.000358293
3.03718e-10	0.000358277
3.03759e-10	0.000358261
3.03801e-10	0.000358245
3.03842e-10	0.000358229
3.03884e-10	0.000358212
3.03925e-10	0.000358196
3.03967e-10	0.000358179
3.04008e-10	0.000358162
3.0405e-10	0.000358145
3.04091e-10	0.000358128
3.04133e-10	0.00035811
3.04174e-10	0.000358093
3.04216e-10	0.000358075
3.04258e-10	0.000358057
3.04299e-10	0.000358039
3.04341e-10	0.000358021
3.04382e-10	0.000358002
3.04424e-10	0.000357984
3.04465e-10	0.000357965
3.04507e-10	0.000357946
3.04548e-10	0.000357927
3.0459e-10	0.000357908
3.04631e-10	0.000357888
3.04673e-10	0.000357869
3.04714e-10	0.000357849
3.04756e-10	0.000357829
3.04797e-10	0.000357809
3.04839e-10	0.000357789
3.0488e-10	0.000357769
3.04922e-10	0.000357748
3.04964e-10	0.000357728
3.05005e-10	0.000357707
3.05047e-10	0.000357686
3.05088e-10	0.000357665
3.0513e-10	0.000357644
3.05171e-10	0.000357622
3.05213e-10	0.000357601
3.05254e-10	0.000357579
3.05296e-10	0.000357557
3.05337e-10	0.000357535
3.05379e-10	0.000357512
3.0542e-10	0.00035749
3.05462e-10	0.000357468
3.05503e-10	0.000357445
3.05545e-10	0.000357422
3.05586e-10	0.000357399
3.05628e-10	0.000357376
3.0567e-10	0.000357352
3.05711e-10	0.000357329
3.05753e-10	0.000357305
3.05794e-10	0.000357281
3.05836e-10	0.000357257
3.05877e-10	0.000357233
3.05919e-10	0.000357209
3.0596e-10	0.000357184
3.06002e-10	0.000357159
3.06043e-10	0.000357135
3.06085e-10	0.00035711
3.06126e-10	0.000357084
3.06168e-10	0.000357059
3.06209e-10	0.000357034
3.06251e-10	0.000357008
3.06292e-10	0.000356982
3.06334e-10	0.000356956
3.06376e-10	0.00035693
3.06417e-10	0.000356904
3.06459e-10	0.000356877
3.065e-10	0.000356851
3.06542e-10	0.000356824
3.06583e-10	0.000356797
3.06625e-10	0.00035677
3.06666e-10	0.000356743
3.06708e-10	0.000356715
3.06749e-10	0.000356688
3.06791e-10	0.00035666
3.06832e-10	0.000356632
3.06874e-10	0.000356604
3.06915e-10	0.000356576
3.06957e-10	0.000356548
3.06998e-10	0.000356519
3.0704e-10	0.00035649
3.07081e-10	0.000356461
3.07123e-10	0.000356432
3.07165e-10	0.000356403
3.07206e-10	0.000356374
3.07248e-10	0.000356344
3.07289e-10	0.000356315
3.07331e-10	0.000356285
3.07372e-10	0.000356255
3.07414e-10	0.000356225
3.07455e-10	0.000356194
3.07497e-10	0.000356164
3.07538e-10	0.000356133
3.0758e-10	0.000356102
3.07621e-10	0.000356071
3.07663e-10	0.00035604
3.07704e-10	0.000356009
3.07746e-10	0.000355977
3.07787e-10	0.000355946
3.07829e-10	0.000355914
3.07871e-10	0.000355882
3.07912e-10	0.00035585
3.07954e-10	0.000355818
3.07995e-10	0.000355785
3.08037e-10	0.000355752
3.08078e-10	0.00035572
3.0812e-10	0.000355687
3.08161e-10	0.000355654
3.08203e-10	0.00035562
3.08244e-10	0.000355587
3.08286e-10	0.000355553
3.08327e-10	0.00035552
3.08369e-10	0.000355486
3.0841e-10	0.000355452
3.08452e-10	0.000355417
3.08493e-10	0.000355383
3.08535e-10	0.000355348
3.08577e-10	0.000355314
3.08618e-10	0.000355279
3.0866e-10	0.000355244
3.08701e-10	0.000355208
3.08743e-10	0.000355173
3.08784e-10	0.000355138
3.08826e-10	0.000355102
3.08867e-10	0.000355066
3.08909e-10	0.00035503
3.0895e-10	0.000354994
3.08992e-10	0.000354957
3.09033e-10	0.000354921
3.09075e-10	0.000354884
3.09116e-10	0.000354847
3.09158e-10	0.00035481
3.09199e-10	0.000354773
3.09241e-10	0.000354736
3.09282e-10	0.000354698
3.09324e-10	0.00035466
3.09366e-10	0.000354623
3.09407e-10	0.000354585
3.09449e-10	0.000354546
3.0949e-10	0.000354508
3.09532e-10	0.00035447
3.09573e-10	0.000354431
3.09615e-10	0.000354392
3.09656e-10	0.000354353
3.09698e-10	0.000354314
3.09739e-10	0.000354275
3.09781e-10	0.000354235
3.09822e-10	0.000354195
3.09864e-10	0.000354156
3.09905e-10	0.000354116
3.09947e-10	0.000354075
3.09988e-10	0.000354035
3.1003e-10	0.000353995
3.10072e-10	0.000353954
3.10113e-10	0.000353913
3.10155e-10	0.000353872
3.10196e-10	0.000353831
3.10238e-10	0.00035379
3.10279e-10	0.000353748
3.10321e-10	0.000353707
3.10362e-10	0.000353665
3.10404e-10	0.000353623
3.10445e-10	0.000353581
3.10487e-10	0.000353538
3.10528e-10	0.000353496
3.1057e-10	0.000353453
3.10611e-10	0.000353411
3.10653e-10	0.000353368
3.10694e-10	0.000353325
3.10736e-10	0.000353281
3.10778e-10	0.000353238
3.10819e-10	0.000353194
3.10861e-10	0.00035315
3.10902e-10	0.000353107
3.10944e-10	0.000353062
3.10985e-10	0.000353018
3.11027e-10	0.000352974
3.11068e-10	0.000352929
3.1111e-10	0.000352884
3.11151e-10	0.000352839
3.11193e-10	0.000352794
3.11234e-10	0.000352749
3.11276e-10	0.000352704
3.11317e-10	0.000352658
3.11359e-10	0.000352612
3.114e-10	0.000352566
3.11442e-10	0.00035252
3.11483e-10	0.000352474
3.11525e-10	0.000352428
3.11567e-10	0.000352381
3.11608e-10	0.000352334
3.1165e-10	0.000352287
3.11691e-10	0.00035224
3.11733e-10	0.000352193
3.11774e-10	0.000352146
3.11816e-10	0.000352098
3.11857e-10	0.00035205
3.11899e-10	0.000352002
3.1194e-10	0.000351954
3.11982e-10	0.000351906
3.12023e-10	0.000351858
3.12065e-10	0.000351809
3.12106e-10	0.00035176
3.12148e-10	0.000351711
3.12189e-10	0.000351662
3.12231e-10	0.000351613
3.12273e-10	0.000351564
3.12314e-10	0.000351514
3.12356e-10	0.000351464
3.12397e-10	0.000351414
3.12439e-10	0.000351364
3.1248e-10	0.000351314
3.12522e-10	0.000351264
3.12563e-10	0.000351213
3.12605e-10	0.000351162
3.12646e-10	0.000351111
3.12688e-10	0.00035106
3.12729e-10	0.000351009
3.12771e-10	0.000350958
3.12812e-10	0.000350906
3.12854e-10	0.000350854
3.12895e-10	0.000350802
3.12937e-10	0.00035075
3.12979e-10	0.000350698
3.1302e-10	0.000350646
3.13062e-10	0.000350593
3.13103e-10	0.00035054
3.13145e-10	0.000350488
3.13186e-10	0.000350434
3.13228e-10	0.000350381
3.13269e-10	0.000350328
3.13311e-10	0.000350274
3.13352e-10	0.000350221
3.13394e-10	0.000350167
3.13435e-10	0.000350113
3.13477e-10	0.000350058
3.13518e-10	0.000350004
3.1356e-10	0.000349949
3.13601e-10	0.000349895
3.13643e-10	0.00034984
3.13684e-10	0.000349785
3.13726e-10	0.000349729
3.13768e-10	0.000349674
3.13809e-10	0.000349618
3.13851e-10	0.000349563
3.13892e-10	0.000349507
3.13934e-10	0.000349451
3.13975e-10	0.000349394
3.14017e-10	0.000349338
3.14058e-10	0.000349281
3.141e-10	0.000349225
3.14141e-10	0.000349168
3.14183e-10	0.000349111
3.14224e-10	0.000349053
3.14266e-10	0.000348996
3.14307e-10	0.000348938
3.14349e-10	0.000348881
3.1439e-10	0.000348823
3.14432e-10	0.000348765
3.14474e-10	0.000348706
3.14515e-10	0.000348648
3.14557e-10	0.000348589
3.14598e-10	0.000348531
3.1464e-10	0.000348472
3.14681e-10	0.000348413
3.14723e-10	0.000348353
3.14764e-10	0.000348294
3.14806e-10	0.000348234
3.14847e-10	0.000348175
3.14889e-10	0.000348115
3.1493e-10	0.000348055
3.14972e-10	0.000347994
3.15013e-10	0.000347934
3.15055e-10	0.000347873
3.15096e-10	0.000347813
3.15138e-10	0.000347752
3.1518e-10	0.000347691
3.15221e-10	0.000347629
3.15263e-10	0.000347568
3.15304e-10	0.000347506
3.15346e-10	0.000347444
3.15387e-10	0.000347383
3.15429e-10	0.00034732
3.1547e-10	0.000347258
3.15512e-10	0.000347196
3.15553e-10	0.000347133
3.15595e-10	0.00034707
3.15636e-10	0.000347007
3.15678e-10	0.000346944
3.15719e-10	0.000346881
3.15761e-10	0.000346817
3.15802e-10	0.000346754
3.15844e-10	0.00034669
3.15885e-10	0.000346626
3.15927e-10	0.000346562
3.15969e-10	0.000346498
3.1601e-10	0.000346433
3.16052e-10	0.000346369
3.16093e-10	0.000346304
3.16135e-10	0.000346239
3.16176e-10	0.000346174
3.16218e-10	0.000346108
3.16259e-10	0.000346043
3.16301e-10	0.000345977
3.16342e-10	0.000345911
3.16384e-10	0.000345845
3.16425e-10	0.000345779
3.16467e-10	0.000345713
3.16508e-10	0.000345646
3.1655e-10	0.00034558
3.16591e-10	0.000345513
3.16633e-10	0.000345446
3.16675e-10	0.000345379
3.16716e-10	0.000345312
3.16758e-10	0.000345244
3.16799e-10	0.000345176
3.16841e-10	0.000345109
3.16882e-10	0.000345041
3.16924e-10	0.000344972
3.16965e-10	0.000344904
3.17007e-10	0.000344836
3.17048e-10	0.000344767
3.1709e-10	0.000344698
3.17131e-10	0.000344629
3.17173e-10	0.00034456
3.17214e-10	0.00034449
3.17256e-10	0.000344421
3.17297e-10	0.000344351
3.17339e-10	0.000344281
3.17381e-10	0.000344211
3.17422e-10	0.000344141
3.17464e-10	0.000344071
3.17505e-10	0.000344
3.17547e-10	0.00034393
3.17588e-10	0.000343859
3.1763e-10	0.000343788
3.17671e-10	0.000343716
3.17713e-10	0.000343645
3.17754e-10	0.000343573
3.17796e-10	0.000343502
3.17837e-10	0.00034343
3.17879e-10	0.000343358
3.1792e-10	0.000343286
3.17962e-10	0.000343213
3.18003e-10	0.000343141
3.18045e-10	0.000343068
3.18086e-10	0.000342995
3.18128e-10	0.000342922
3.1817e-10	0.000342849
3.18211e-10	0.000342775
3.18253e-10	0.000342702
3.18294e-10	0.000342628
3.18336e-10	0.000342554
3.18377e-10	0.00034248
3.18419e-10	0.000342406
3.1846e-10	0.000342331
3.18502e-10	0.000342257
3.18543e-10	0.000342182
3.18585e-10	0.000342107
3.18626e-10	0.000342032
3.18668e-10	0.000341956
3.18709e-10	0.000341881
3.18751e-10	0.000341805
3.18792e-10	0.00034173
3.18834e-10	0.000341654
3.18876e-10	0.000341578
3.18917e-10	0.000341501
3.18959e-10	0.000341425
3.19e-10	0.000341348
3.19042e-10	0.000341271
3.19083e-10	0.000341194
3.19125e-10	0.000341117
3.19166e-10	0.00034104
3.19208e-10	0.000340962
3.19249e-10	0.000340885
3.19291e-10	0.000340807
3.19332e-10	0.000340729
3.19374e-10	0.000340651
3.19415e-10	0.000340572
3.19457e-10	0.000340494
3.19498e-10	0.000340415
3.1954e-10	0.000340336
3.19582e-10	0.000340257
3.19623e-10	0.000340178
3.19665e-10	0.000340099
3.19706e-10	0.000340019
3.19748e-10	0.00033994
3.19789e-10	0.00033986
3.19831e-10	0.00033978
3.19872e-10	0.0003397
3.19914e-10	0.000339619
3.19955e-10	0.000339539
3.19997e-10	0.000339458
3.20038e-10	0.000339377
3.2008e-10	0.000339296
3.20121e-10	0.000339215
3.20163e-10	0.000339133
3.20204e-10	0.000339052
3.20246e-10	0.00033897
3.20288e-10	0.000338888
3.20329e-10	0.000338806
3.20371e-10	0.000338724
3.20412e-10	0.000338642
3.20454e-10	0.000338559
3.20495e-10	0.000338476
3.20537e-10	0.000338393
3.20578e-10	0.00033831
3.2062e-10	0.000338227
3.20661e-10	0.000338143
3.20703e-10	0.00033806
3.20744e-10	0.000337976
3.20786e-10	0.000337892
3.20827e-10	0.000337808
3.20869e-10	0.000337724
3.2091e-10	0.000337639
3.20952e-10	0.000337555
3.20993e-10	0.00033747
3.21035e-10	0.000337385
3.21077e-10	0.0003373
3.21118e-10	0.000337215
3.2116e-10	0.000337129
3.21201e-10	0.000337043
3.21243e-10	0.000336958
3.21284e-10	0.000336872
3.21326e-10	0.000336785
3.21367e-10	0.000336699
3.21409e-10	0.000336613
3.2145e-10	0.000336526
3.21492e-10	0.000336439
3.21533e-10	0.000336352
3.21575e-10	0.000336265
3.21616e-10	0.000336178
3.21658e-10	0.00033609
3.21699e-10	0.000336002
3.21741e-10	0.000335914
3.21783e-10	0.000335826
3.21824e-10	0.000335738
3.21866e-10	0.00033565
3.21907e-10	0.000335561
3.21949e-10	0.000335473
3.2199e-10	0.000335384
3.22032e-10	0.000335295
3.22073e-10	0.000335205
3.22115e-10	0.000335116
3.22156e-10	0.000335026
3.22198e-10	0.000334937
3.22239e-10	0.000334847
3.22281e-10	0.000334757
3.22322e-10	0.000334666
3.22364e-10	0.000334576
3.22405e-10	0.000334485
3.22447e-10	0.000334395
3.22489e-10	0.000334304
3.2253e-10	0.000334213
3.22572e-10	0.000334121
3.22613e-10	0.00033403
3.22655e-10	0.000333938
3.22696e-10	0.000333846
3.22738e-10	0.000333755
3.22779e-10	0.000333662
3.22821e-10	0.00033357
3.22862e-10	0.000333478
3.22904e-10	0.000333385
3.22945e-10	0.000333292
3.22987e-10	0.000333199
3.23028e-10	0.000333106
3.2307e-10	0.000333013
3.23111e-10	0.000332919
3.23153e-10	0.000332826
3.23194e-10	0.000332732
3.23236e-10	0.000332638
3.23278e-10	0.000332544
3.23319e-10	0.000332449
3.23361e-10	0.000332355
3.23402e-10	0.00033226
3.23444e-10	0.000332165
3.23485e-10	0.00033207
3.23527e-10	0.000331975
3.23568e-10	0.000331879
3.2361e-10	0.000331784
3.23651e-10	0.000331688
3.23693e-10	0.000331592
3.23734e-10	0.000331496
3.23776e-10	0.0003314
3.23817e-10	0.000331304
3.23859e-10	0.000331207
3.239e-10	0.00033111
3.23942e-10	0.000331013
3.23984e-10	0.000330916
3.24025e-10	0.000330819
3.24067e-10	0.000330722
3.24108e-10	0.000330624
3.2415e-10	0.000330526
3.24191e-10	0.000330428
3.24233e-10	0.00033033
3.24274e-10	0.000330232
3.24316e-10	0.000330133
3.24357e-10	0.000330035
3.24399e-10	0.000329936
3.2444e-10	0.000329837
3.24482e-10	0.000329738
3.24523e-10	0.000329639
3.24565e-10	0.000329539
3.24606e-10	0.000329439
3.24648e-10	0.00032934
3.2469e-10	0.00032924
3.24731e-10	0.000329139
3.24773e-10	0.000329039
3.24814e-10	0.000328939
3.24856e-10	0.000328838
3.24897e-10	0.000328737
3.24939e-10	0.000328636
3.2498e-10	0.000328535
3.25022e-10	0.000328433
3.25063e-10	0.000328332
3.25105e-10	0.00032823
3.25146e-10	0.000328128
3.25188e-10	0.000328026
3.25229e-10	0.000327924
3.25271e-10	0.000327822
3.25312e-10	0.000327719
3.25354e-10	0.000327616
3.25395e-10	0.000327513
3.25437e-10	0.00032741
3.25479e-10	0.000327307
3.2552e-10	0.000327204
3.25562e-10	0.0003271
3.25603e-10	0.000326996
3.25645e-10	0.000326892
3.25686e-10	0.000326788
3.25728e-10	0.000326684
3.25769e-10	0.000326579
3.25811e-10	0.000326475
3.25852e-10	0.00032637
3.25894e-10	0.000326265
3.25935e-10	0.00032616
3.25977e-10	0.000326055
3.26018e-10	0.000325949
3.2606e-10	0.000325843
3.26101e-10	0.000325738
3.26143e-10	0.000325632
3.26185e-10	0.000325525
3.26226e-10	0.000325419
3.26268e-10	0.000325313
3.26309e-10	0.000325206
3.26351e-10	0.000325099
3.26392e-10	0.000324992
3.26434e-10	0.000324885
3.26475e-10	0.000324778
3.26517e-10	0.00032467
3.26558e-10	0.000324562
3.266e-10	0.000324454
3.26641e-10	0.000324346
3.26683e-10	0.000324238
3.26724e-10	0.00032413
3.26766e-10	0.000324021
3.26807e-10	0.000323912
3.26849e-10	0.000323804
3.26891e-10	0.000323694
3.26932e-10	0.000323585
3.26974e-10	0.000323476
3.27015e-10	0.000323366
3.27057e-10	0.000323256
3.27098e-10	0.000323146
3.2714e-10	0.000323036
3.27181e-10	0.000322926
3.27223e-10	0.000322816
3.27264e-10	0.000322705
3.27306e-10	0.000322594
3.27347e-10	0.000322483
3.27389e-10	0.000322372
3.2743e-10	0.000322261
3.27472e-10	0.000322149
3.27513e-10	0.000322038
3.27555e-10	0.000321926
3.27596e-10	0.000321814
3.27638e-10	0.000321702
3.2768e-10	0.000321589
3.27721e-10	0.000321477
3.27763e-10	0.000321364
3.27804e-10	0.000321251
3.27846e-10	0.000321138
3.27887e-10	0.000321025
3.27929e-10	0.000320912
3.2797e-10	0.000320798
3.28012e-10	0.000320684
3.28053e-10	0.000320571
3.28095e-10	0.000320457
3.28136e-10	0.000320342
3.28178e-10	0.000320228
3.28219e-10	0.000320113
3.28261e-10	0.000319999
3.28302e-10	0.000319884
3.28344e-10	0.000319769
3.28386e-10	0.000319653
3.28427e-10	0.000319538
3.28469e-10	0.000319422
3.2851e-10	0.000319307
3.28552e-10	0.000319191
3.28593e-10	0.000319074
3.28635e-10	0.000318958
3.28676e-10	0.000318842
3.28718e-10	0.000318725
3.28759e-10	0.000318608
3.28801e-10	0.000318491
3.28842e-10	0.000318374
3.28884e-10	0.000318257
3.28925e-10	0.000318139
3.28967e-10	0.000318022
3.29008e-10	0.000317904
3.2905e-10	0.000317786
3.29092e-10	0.000317668
3.29133e-10	0.000317549
3.29175e-10	0.000317431
3.29216e-10	0.000317312
3.29258e-10	0.000317193
3.29299e-10	0.000317074
3.29341e-10	0.000316955
3.29382e-10	0.000316836
3.29424e-10	0.000316716
3.29465e-10	0.000316597
3.29507e-10	0.000316477
3.29548e-10	0.000316357
3.2959e-10	0.000316236
3.29631e-10	0.000316116
3.29673e-10	0.000315995
3.29714e-10	0.000315875
3.29756e-10	0.000315754
3.29797e-10	0.000315633
3.29839e-10	0.000315511
3.29881e-10	0.00031539
3.29922e-10	0.000315268
3.29964e-10	0.000315147
3.30005e-10	0.000315025
3.30047e-10	0.000314903
3.30088e-10	0.00031478
3.3013e-10	0.000314658
3.30171e-10	0.000314535
3.30213e-10	0.000314412
3.30254e-10	0.000314289
3.30296e-10	0.000314166
3.30337e-10	0.000314043
3.30379e-10	0.000313919
3.3042e-10	0.000313796
3.30462e-10	0.000313672
3.30503e-10	0.000313548
3.30545e-10	0.000313424
3.30587e-10	0.000313299
3.30628e-10	0.000313175
3.3067e-10	0.00031305
3.30711e-10	0.000312925
3.30753e-10	0.0003128
3.30794e-10	0.000312675
3.30836e-10	0.00031255
3.30877e-10	0.000312424
3.30919e-10	0.000312299
3.3096e-10	0.000312173
3.31002e-10	0.000312047
3.31043e-10	0.00031192
3.31085e-10	0.000311794
3.31126e-10	0.000311667
3.31168e-10	0.000311541
3.31209e-10	0.000311414
3.31251e-10	0.000311287
3.31293e-10	0.000311159
3.31334e-10	0.000311032
3.31376e-10	0.000310904
3.31417e-10	0.000310777
3.31459e-10	0.000310649
3.315e-10	0.000310521
3.31542e-10	0.000310392
3.31583e-10	0.000310264
3.31625e-10	0.000310135
3.31666e-10	0.000310006
3.31708e-10	0.000309878
3.31749e-10	0.000309748
3.31791e-10	0.000309619
3.31832e-10	0.00030949
3.31874e-10	0.00030936
3.31915e-10	0.00030923
3.31957e-10	0.0003091
3.31999e-10	0.00030897
3.3204e-10	0.00030884
3.32082e-10	0.000308709
3.32123e-10	0.000308578
3.32165e-10	0.000308448
3.32206e-10	0.000308317
3.32248e-10	0.000308185
3.32289e-10	0.000308054
3.32331e-10	0.000307922
3.32372e-10	0.000307791
3.32414e-10	0.000307659
3.32455e-10	0.000307527
3.32497e-10	0.000307395
3.32538e-10	0.000307262
3.3258e-10	0.00030713
3.32621e-10	0.000306997
3.32663e-10	0.000306864
3.32704e-10	0.000306731
3.32746e-10	0.000306598
3.32788e-10	0.000306464
3.32829e-10	0.000306331
3.32871e-10	0.000306197
3.32912e-10	0.000306063
3.32954e-10	0.000305929
3.32995e-10	0.000305795
3.33037e-10	0.00030566
3.33078e-10	0.000305526
3.3312e-10	0.000305391
3.33161e-10	0.000305256
3.33203e-10	0.000305121
3.33244e-10	0.000304985
3.33286e-10	0.00030485
3.33327e-10	0.000304714
3.33369e-10	0.000304578
3.3341e-10	0.000304443
3.33452e-10	0.000304306
3.33494e-10	0.00030417
3.33535e-10	0.000304034
3.33577e-10	0.000303897
3.33618e-10	0.00030376
3.3366e-10	0.000303623
3.33701e-10	0.000303486
3.33743e-10	0.000303348
3.33784e-10	0.000303211
3.33826e-10	0.000303073
3.33867e-10	0.000302935
3.33909e-10	0.000302797
3.3395e-10	0.000302659
3.33992e-10	0.000302521
3.34033e-10	0.000302382
3.34075e-10	0.000302244
3.34116e-10	0.000302105
3.34158e-10	0.000301966
3.342e-10	0.000301826
3.34241e-10	0.000301687
3.34283e-10	0.000301547
3.34324e-10	0.000301408
3.34366e-10	0.000301268
3.34407e-10	0.000301128
3.34449e-10	0.000300987
3.3449e-10	0.000300847
3.34532e-10	0.000300706
3.34573e-10	0.000300566
3.34615e-10	0.000300425
3.34656e-10	0.000300284
3.34698e-10	0.000300142
3.34739e-10	0.000300001
3.34781e-10	0.000299859
3.34822e-10	0.000299718
3.34864e-10	0.000299576
3.34905e-10	0.000299433
3.34947e-10	0.000299291
3.34989e-10	0.000299149
3.3503e-10	0.000299006
3.35072e-10	0.000298863
3.35113e-10	0.00029872
3.35155e-10	0.000298577
3.35196e-10	0.000298434
3.35238e-10	0.00029829
3.35279e-10	0.000298147
3.35321e-10	0.000298003
3.35362e-10	0.000297859
3.35404e-10	0.000297715
3.35445e-10	0.00029757
3.35487e-10	0.000297426
3.35528e-10	0.000297281
3.3557e-10	0.000297136
3.35611e-10	0.000296991
3.35653e-10	0.000296846
3.35695e-10	0.000296701
3.35736e-10	0.000296555
3.35778e-10	0.000296409
3.35819e-10	0.000296263
3.35861e-10	0.000296117
3.35902e-10	0.000295971
3.35944e-10	0.000295825
3.35985e-10	0.000295678
3.36027e-10	0.000295532
3.36068e-10	0.000295385
3.3611e-10	0.000295238
3.36151e-10	0.00029509
3.36193e-10	0.000294943
3.36234e-10	0.000294795
3.36276e-10	0.000294648
3.36317e-10	0.0002945
3.36359e-10	0.000294352
3.36401e-10	0.000294203
3.36442e-10	0.000294055
3.36484e-10	0.000293906
3.36525e-10	0.000293758
3.36567e-10	0.000293609
3.36608e-10	0.000293459
3.3665e-10	0.00029331
3.36691e-10	0.000293161
3.36733e-10	0.000293011
3.36774e-10	0.000292861
3.36816e-10	0.000292711
3.36857e-10	0.000292561
3.36899e-10	0.000292411
3.3694e-10	0.00029226
3.36982e-10	0.00029211
3.37023e-10	0.000291959
3.37065e-10	0.000291808
3.37106e-10	0.000291657
3.37148e-10	0.000291506
3.3719e-10	0.000291354
3.37231e-10	0.000291202
3.37273e-10	0.000291051
3.37314e-10	0.000290899
3.37356e-10	0.000290746
3.37397e-10	0.000290594
3.37439e-10	0.000290442
3.3748e-10	0.000290289
3.37522e-10	0.000290136
3.37563e-10	0.000289983
3.37605e-10	0.00028983
3.37646e-10	0.000289677
3.37688e-10	0.000289523
3.37729e-10	0.000289369
3.37771e-10	0.000289215
3.37812e-10	0.000289061
3.37854e-10	0.000288907
3.37896e-10	0.000288753
3.37937e-10	0.000288598
3.37979e-10	0.000288444
3.3802e-10	0.000288289
3.38062e-10	0.000288134
3.38103e-10	0.000287978
3.38145e-10	0.000287823
3.38186e-10	0.000287668
3.38228e-10	0.000287512
3.38269e-10	0.000287356
3.38311e-10	0.0002872
3.38352e-10	0.000287044
3.38394e-10	0.000286887
3.38435e-10	0.000286731
3.38477e-10	0.000286574
3.38518e-10	0.000286417
3.3856e-10	0.00028626
3.38602e-10	0.000286103
3.38643e-10	0.000285945
3.38685e-10	0.000285788
3.38726e-10	0.00028563
3.38768e-10	0.000285472
3.38809e-10	0.000285314
3.38851e-10	0.000285156
3.38892e-10	0.000284997
3.38934e-10	0.000284839
3.38975e-10	0.00028468
3.39017e-10	0.000284521
3.39058e-10	0.000284362
3.391e-10	0.000284202
3.39141e-10	0.000284043
3.39183e-10	0.000283883
3.39224e-10	0.000283724
3.39266e-10	0.000283564
3.39307e-10	0.000283404
3.39349e-10	0.000283243
3.39391e-10	0.000283083
3.39432e-10	0.000282922
3.39474e-10	0.000282761
3.39515e-10	0.0002826
3.39557e-10	0.000282439
3.39598e-10	0.000282278
3.3964e-10	0.000282116
3.39681e-10	0.000281955
3.39723e-10	0.000281793
3.39764e-10	0.000281631
3.39806e-10	0.000281469
3.39847e-10	0.000281307
3.39889e-10	0.000281144
3.3993e-10	0.000280981
3.39972e-10	0.000280819
3.40013e-10	0.000280656
3.40055e-10	0.000280493
3.40097e-10	0.000280329
3.40138e-10	0.000280166
3.4018e-10	0.000280002
3.40221e-10	0.000279838
3.40263e-10	0.000279674
3.40304e-10	0.00027951
3.40346e-10	0.000279346
3.40387e-10	0.000279181
3.40429e-10	0.000279017
3.4047e-10	0.000278852
3.40512e-10	0.000278687
3.40553e-10	0.000278522
3.40595e-10	0.000278356
3.40636e-10	0.000278191
3.40678e-10	0.000278025
3.40719e-10	0.000277859
3.40761e-10	0.000277693
3.40803e-10	0.000277527
3.40844e-10	0.000277361
3.40886e-10	0.000277194
3.40927e-10	0.000277027
3.40969e-10	0.00027686
3.4101e-10	0.000276693
3.41052e-10	0.000276526
3.41093e-10	0.000276359
3.41135e-10	0.000276191
3.41176e-10	0.000276024
3.41218e-10	0.000275856
3.41259e-10	0.000275688
3.41301e-10	0.00027552
3.41342e-10	0.000275351
3.41384e-10	0.000275183
3.41425e-10	0.000275014
3.41467e-10	0.000274845
3.41508e-10	0.000274676
3.4155e-10	0.000274507
3.41592e-10	0.000274338
3.41633e-10	0.000274168
3.41675e-10	0.000273998
3.41716e-10	0.000273828
3.41758e-10	0.000273658
3.41799e-10	0.000273488
3.41841e-10	0.000273318
3.41882e-10	0.000273147
3.41924e-10	0.000272976
3.41965e-10	0.000272806
3.42007e-10	0.000272635
3.42048e-10	0.000272463
3.4209e-10	0.000272292
3.42131e-10	0.00027212
3.42173e-10	0.000271949
3.42214e-10	0.000271777
3.42256e-10	0.000271605
3.42298e-10	0.000271433
3.42339e-10	0.00027126
3.42381e-10	0.000271088
3.42422e-10	0.000270915
3.42464e-10	0.000270742
3.42505e-10	0.000270569
3.42547e-10	0.000270396
3.42588e-10	0.000270222
3.4263e-10	0.000270049
3.42671e-10	0.000269875
3.42713e-10	0.000269701
3.42754e-10	0.000269527
3.42796e-10	0.000269353
3.42837e-10	0.000269179
3.42879e-10	0.000269004
3.4292e-10	0.000268829
3.42962e-10	0.000268654
3.43004e-10	0.000268479
3.43045e-10	0.000268304
3.43087e-10	0.000268129
3.43128e-10	0.000267953
3.4317e-10	0.000267777
3.43211e-10	0.000267602
3.43253e-10	0.000267425
3.43294e-10	0.000267249
3.43336e-10	0.000267073
3.43377e-10	0.000266896
3.43419e-10	0.00026672
3.4346e-10	0.000266543
3.43502e-10	0.000266366
3.43543e-10	0.000266188
3.43585e-10	0.000266011
3.43626e-10	0.000265834
3.43668e-10	0.000265656
3.43709e-10	0.000265478
3.43751e-10	0.0002653
3.43793e-10	0.000265122
3.43834e-10	0.000264943
3.43876e-10	0.000264765
3.43917e-10	0.000264586
3.43959e-10	0.000264407
3.44e-10	0.000264228
3.44042e-10	0.000264049
3.44083e-10	0.000263869
3.44125e-10	0.00026369
3.44166e-10	0.00026351
3.44208e-10	0.00026333
3.44249e-10	0.00026315
3.44291e-10	0.00026297
3.44332e-10	0.00026279
3.44374e-10	0.000262609
3.44415e-10	0.000262428
3.44457e-10	0.000262248
3.44499e-10	0.000262067
3.4454e-10	0.000261885
3.44582e-10	0.000261704
3.44623e-10	0.000261522
3.44665e-10	0.000261341
3.44706e-10	0.000261159
3.44748e-10	0.000260977
3.44789e-10	0.000260795
3.44831e-10	0.000260612
3.44872e-10	0.00026043
3.44914e-10	0.000260247
3.44955e-10	0.000260064
3.44997e-10	0.000259881
3.45038e-10	0.000259698
3.4508e-10	0.000259515
3.45121e-10	0.000259331
3.45163e-10	0.000259147
3.45205e-10	0.000258964
3.45246e-10	0.00025878
3.45288e-10	0.000258595
3.45329e-10	0.000258411
3.45371e-10	0.000258227
3.45412e-10	0.000258042
3.45454e-10	0.000257857
3.45495e-10	0.000257672
3.45537e-10	0.000257487
3.45578e-10	0.000257302
3.4562e-10	0.000257116
3.45661e-10	0.00025693
3.45703e-10	0.000256745
3.45744e-10	0.000256559
3.45786e-10	0.000256372
3.45827e-10	0.000256186
3.45869e-10	0.000256
3.45911e-10	0.000255813
3.45952e-10	0.000255626
3.45994e-10	0.000255439
3.46035e-10	0.000255252
3.46077e-10	0.000255065
3.46118e-10	0.000254877
3.4616e-10	0.00025469
3.46201e-10	0.000254502
3.46243e-10	0.000254314
3.46284e-10	0.000254126
3.46326e-10	0.000253937
3.46367e-10	0.000253749
3.46409e-10	0.00025356
3.4645e-10	0.000253372
3.46492e-10	0.000253183
3.46533e-10	0.000252994
3.46575e-10	0.000252804
3.46616e-10	0.000252615
3.46658e-10	0.000252425
3.467e-10	0.000252235
3.46741e-10	0.000252045
3.46783e-10	0.000251855
3.46824e-10	0.000251665
3.46866e-10	0.000251475
3.46907e-10	0.000251284
3.46949e-10	0.000251093
3.4699e-10	0.000250902
3.47032e-10	0.000250711
3.47073e-10	0.00025052
3.47115e-10	0.000250329
3.47156e-10	0.000250137
3.47198e-10	0.000249945
3.47239e-10	0.000249754
3.47281e-10	0.000249561
3.47322e-10	0.000249369
3.47364e-10	0.000249177
3.47406e-10	0.000248984
3.47447e-10	0.000248792
3.47489e-10	0.000248599
3.4753e-10	0.000248406
3.47572e-10	0.000248212
3.47613e-10	0.000248019
3.47655e-10	0.000247826
3.47696e-10	0.000247632
3.47738e-10	0.000247438
3.47779e-10	0.000247244
3.47821e-10	0.00024705
3.47862e-10	0.000246855
3.47904e-10	0.000246661
3.47945e-10	0.000246466
3.47987e-10	0.000246271
3.48028e-10	0.000246076
3.4807e-10	0.000245881
3.48112e-10	0.000245686
3.48153e-10	0.00024549
3.48195e-10	0.000245295
3.48236e-10	0.000245099
3.48278e-10	0.000244903
3.48319e-10	0.000244707
3.48361e-10	0.000244511
3.48402e-10	0.000244314
3.48444e-10	0.000244118
3.48485e-10	0.000243921
3.48527e-10	0.000243724
3.48568e-10	0.000243527
3.4861e-10	0.000243329
3.48651e-10	0.000243132
3.48693e-10	0.000242934
3.48734e-10	0.000242737
3.48776e-10	0.000242539
3.48817e-10	0.000242341
3.48859e-10	0.000242142
3.48901e-10	0.000241944
3.48942e-10	0.000241745
3.48984e-10	0.000241547
3.49025e-10	0.000241348
3.49067e-10	0.000241149
3.49108e-10	0.00024095
3.4915e-10	0.00024075
3.49191e-10	0.000240551
3.49233e-10	0.000240351
3.49274e-10	0.000240151
3.49316e-10	0.000239951
3.49357e-10	0.000239751
3.49399e-10	0.000239551
3.4944e-10	0.00023935
3.49482e-10	0.000239149
3.49523e-10	0.000238949
3.49565e-10	0.000238748
3.49607e-10	0.000238546
3.49648e-10	0.000238345
3.4969e-10	0.000238144
3.49731e-10	0.000237942
3.49773e-10	0.00023774
3.49814e-10	0.000237538
3.49856e-10	0.000237336
3.49897e-10	0.000237134
3.49939e-10	0.000236931
3.4998e-10	0.000236729
3.50022e-10	0.000236526
3.50063e-10	0.000236323
3.50105e-10	0.00023612
3.50146e-10	0.000235917
3.50188e-10	0.000235713
3.50229e-10	0.00023551
3.50271e-10	0.000235306
3.50313e-10	0.000235102
3.50354e-10	0.000234898
3.50396e-10	0.000234694
3.50437e-10	0.00023449
3.50479e-10	0.000234285
3.5052e-10	0.00023408
3.50562e-10	0.000233875
3.50603e-10	0.00023367
3.50645e-10	0.000233465
3.50686e-10	0.00023326
3.50728e-10	0.000233054
3.50769e-10	0.000232849
3.50811e-10	0.000232643
3.50852e-10	0.000232437
3.50894e-10	0.000232231
3.50935e-10	0.000232025
3.50977e-10	0.000231818
3.51018e-10	0.000231612
3.5106e-10	0.000231405
3.51102e-10	0.000231198
3.51143e-10	0.000230991
3.51185e-10	0.000230784
3.51226e-10	0.000230576
3.51268e-10	0.000230369
3.51309e-10	0.000230161
3.51351e-10	0.000229953
3.51392e-10	0.000229745
3.51434e-10	0.000229537
3.51475e-10	0.000229328
3.51517e-10	0.00022912
3.51558e-10	0.000228911
3.516e-10	0.000228702
3.51641e-10	0.000228493
3.51683e-10	0.000228284
3.51724e-10	0.000228075
3.51766e-10	0.000227865
3.51808e-10	0.000227656
3.51849e-10	0.000227446
3.51891e-10	0.000227236
3.51932e-10	0.000227026
3.51974e-10	0.000226815
3.52015e-10	0.000226605
3.52057e-10	0.000226394
3.52098e-10	0.000226184
3.5214e-10	0.000225973
3.52181e-10	0.000225762
3.52223e-10	0.000225551
3.52264e-10	0.000225339
3.52306e-10	0.000225128
3.52347e-10	0.000224916
3.52389e-10	0.000224704
3.5243e-10	0.000224492
3.52472e-10	0.00022428
3.52514e-10	0.000224067
3.52555e-10	0.000223855
3.52597e-10	0.000223642
3.52638e-10	0.00022343
3.5268e-10	0.000223217
3.52721e-10	0.000223003
3.52763e-10	0.00022279
3.52804e-10	0.000222577
3.52846e-10	0.000222363
3.52887e-10	0.000222149
3.52929e-10	0.000221935
3.5297e-10	0.000221721
3.53012e-10	0.000221507
3.53053e-10	0.000221293
3.53095e-10	0.000221078
3.53136e-10	0.000220863
3.53178e-10	0.000220649
3.53219e-10	0.000220434
3.53261e-10	0.000220218
3.53303e-10	0.000220003
3.53344e-10	0.000219788
3.53386e-10	0.000219572
3.53427e-10	0.000219356
3.53469e-10	0.00021914
3.5351e-10	0.000218924
3.53552e-10	0.000218708
3.53593e-10	0.000218491
3.53635e-10	0.000218275
3.53676e-10	0.000218058
3.53718e-10	0.000217841
3.53759e-10	0.000217624
3.53801e-10	0.000217407
3.53842e-10	0.000217189
3.53884e-10	0.000216972
3.53925e-10	0.000216754
3.53967e-10	0.000216536
3.54009e-10	0.000216318
3.5405e-10	0.0002161
3.54092e-10	0.000215882
3.54133e-10	0.000215663
3.54175e-10	0.000215445
3.54216e-10	0.000215226
3.54258e-10	0.000215007
3.54299e-10	0.000214788
3.54341e-10	0.000214569
3.54382e-10	0.000214349
3.54424e-10	0.00021413
3.54465e-10	0.00021391
3.54507e-10	0.00021369
3.54548e-10	0.00021347
3.5459e-10	0.00021325
3.54631e-10	0.00021303
3.54673e-10	0.000212809
3.54715e-10	0.000212589
3.54756e-10	0.000212368
3.54798e-10	0.000212147
3.54839e-10	0.000211926
3.54881e-10	0.000211704
3.54922e-10	0.000211483
3.54964e-10	0.000211261
3.55005e-10	0.00021104
3.55047e-10	0.000210818
3.55088e-10	0.000210596
3.5513e-10	0.000210373
3.55171e-10	0.000210151
3.55213e-10	0.000209929
3.55254e-10	0.000209706
3.55296e-10	0.000209483
3.55337e-10	0.00020926
3.55379e-10	0.000209037
3.5542e-10	0.000208814
3.55462e-10	0.00020859
3.55504e-10	0.000208367
3.55545e-10	0.000208143
3.55587e-10	0.000207919
3.55628e-10	0.000207695
3.5567e-10	0.000207471
3.55711e-10	0.000207246
3.55753e-10	0.000207022
3.55794e-10	0.000206797
3.55836e-10	0.000206572
3.55877e-10	0.000206347
3.55919e-10	0.000206122
3.5596e-10	0.000205897
3.56002e-10	0.000205671
3.56043e-10	0.000205446
3.56085e-10	0.00020522
3.56126e-10	0.000204994
3.56168e-10	0.000204768
3.5621e-10	0.000204542
3.56251e-10	0.000204315
3.56293e-10	0.000204089
3.56334e-10	0.000203862
3.56376e-10	0.000203635
3.56417e-10	0.000203408
3.56459e-10	0.000203181
3.565e-10	0.000202954
3.56542e-10	0.000202726
3.56583e-10	0.000202499
3.56625e-10	0.000202271
3.56666e-10	0.000202043
3.56708e-10	0.000201815
3.56749e-10	0.000201587
3.56791e-10	0.000201358
3.56832e-10	0.00020113
3.56874e-10	0.000200901
3.56916e-10	0.000200672
3.56957e-10	0.000200443
3.56999e-10	0.000200214
3.5704e-10	0.000199985
3.57082e-10	0.000199756
3.57123e-10	0.000199526
3.57165e-10	0.000199296
3.57206e-10	0.000199066
3.57248e-10	0.000198836
3.57289e-10	0.000198606
3.57331e-10	0.000198376
3.57372e-10	0.000198145
3.57414e-10	0.000197915
3.57455e-10	0.000197684
3.57497e-10	0.000197453
3.57538e-10	0.000197222
3.5758e-10	0.00019699
3.57622e-10	0.000196759
3.57663e-10	0.000196527
3.57705e-10	0.000196296
3.57746e-10	0.000196064
3.57788e-10	0.000195832
3.57829e-10	0.0001956
3.57871e-10	0.000195367
3.57912e-10	0.000195135
3.57954e-10	0.000194902
3.57995e-10	0.000194669
3.58037e-10	0.000194436
3.58078e-10	0.000194203
3.5812e-10	0.00019397
3.58161e-10	0.000193737
3.58203e-10	0.000193503
3.58244e-10	0.00019327
3.58286e-10	0.000193036
3.58327e-10	0.000192802
3.58369e-10	0.000192568
3.58411e-10	0.000192333
3.58452e-10	0.000192099
3.58494e-10	0.000191864
3.58535e-10	0.000191629
3.58577e-10	0.000191395
3.58618e-10	0.00019116
3.5866e-10	0.000190924
3.58701e-10	0.000190689
3.58743e-10	0.000190453
3.58784e-10	0.000190218
3.58826e-10	0.000189982
3.58867e-10	0.000189746
3.58909e-10	0.00018951
3.5895e-10	0.000189274
3.58992e-10	0.000189037
3.59033e-10	0.000188801
3.59075e-10	0.000188564
3.59117e-10	0.000188327
3.59158e-10	0.00018809
3.592e-10	0.000187853
3.59241e-10	0.000187616
3.59283e-10	0.000187378
3.59324e-10	0.000187141
3.59366e-10	0.000186903
3.59407e-10	0.000186665
3.59449e-10	0.000186427
3.5949e-10	0.000186189
3.59532e-10	0.00018595
3.59573e-10	0.000185712
3.59615e-10	0.000185473
3.59656e-10	0.000185235
3.59698e-10	0.000184996
3.59739e-10	0.000184757
3.59781e-10	0.000184517
3.59823e-10	0.000184278
3.59864e-10	0.000184038
3.59906e-10	0.000183799
3.59947e-10	0.000183559
3.59989e-10	0.000183319
3.6003e-10	0.000183079
3.60072e-10	0.000182838
3.60113e-10	0.000182598
3.60155e-10	0.000182357
3.60196e-10	0.000182117
3.60238e-10	0.000181876
3.60279e-10	0.000181635
3.60321e-10	0.000181394
3.60362e-10	0.000181152
3.60404e-10	0.000180911
3.60445e-10	0.000180669
3.60487e-10	0.000180428
3.60528e-10	0.000180186
3.6057e-10	0.000179944
3.60612e-10	0.000179701
3.60653e-10	0.000179459
3.60695e-10	0.000179216
3.60736e-10	0.000178974
3.60778e-10	0.000178731
3.60819e-10	0.000178488
3.60861e-10	0.000178245
3.60902e-10	0.000178002
3.60944e-10	0.000177758
3.60985e-10	0.000177515
3.61027e-10	0.000177271
3.61068e-10	0.000177027
3.6111e-10	0.000176783
3.61151e-10	0.000176539
3.61193e-10	0.000176295
3.61234e-10	0.000176051
3.61276e-10	0.000175806
3.61318e-10	0.000175561
3.61359e-10	0.000175316
3.61401e-10	0.000175071
3.61442e-10	0.000174826
3.61484e-10	0.000174581
3.61525e-10	0.000174336
3.61567e-10	0.00017409
3.61608e-10	0.000173844
3.6165e-10	0.000173598
3.61691e-10	0.000173352
3.61733e-10	0.000173106
3.61774e-10	0.00017286
3.61816e-10	0.000172613
3.61857e-10	0.000172367
3.61899e-10	0.00017212
3.6194e-10	0.000171873
3.61982e-10	0.000171626
3.62024e-10	0.000171379
3.62065e-10	0.000171132
3.62107e-10	0.000170884
3.62148e-10	0.000170637
3.6219e-10	0.000170389
3.62231e-10	0.000170141
3.62273e-10	0.000169893
3.62314e-10	0.000169645
3.62356e-10	0.000169396
3.62397e-10	0.000169148
3.62439e-10	0.000168899
3.6248e-10	0.00016865
3.62522e-10	0.000168401
3.62563e-10	0.000168152
3.62605e-10	0.000167903
3.62646e-10	0.000167654
3.62688e-10	0.000167404
3.62729e-10	0.000167155
3.62771e-10	0.000166905
3.62813e-10	0.000166655
3.62854e-10	0.000166405
3.62896e-10	0.000166155
3.62937e-10	0.000165904
3.62979e-10	0.000165654
3.6302e-10	0.000165403
3.63062e-10	0.000165152
3.63103e-10	0.000164901
3.63145e-10	0.00016465
3.63186e-10	0.000164399
3.63228e-10	0.000164148
3.63269e-10	0.000163896
3.63311e-10	0.000163644
3.63352e-10	0.000163393
3.63394e-10	0.000163141
3.63435e-10	0.000162889
3.63477e-10	0.000162636
3.63519e-10	0.000162384
3.6356e-10	0.000162131
3.63602e-10	0.000161879
3.63643e-10	0.000161626
3.63685e-10	0.000161373
3.63726e-10	0.00016112
3.63768e-10	0.000160867
3.63809e-10	0.000160613
3.63851e-10	0.00016036
3.63892e-10	0.000160106
3.63934e-10	0.000159852
3.63975e-10	0.000159598
3.64017e-10	0.000159344
3.64058e-10	0.00015909
3.641e-10	0.000158836
3.64141e-10	0.000158581
3.64183e-10	0.000158326
3.64225e-10	0.000158072
3.64266e-10	0.000157817
3.64308e-10	0.000157562
3.64349e-10	0.000157306
3.64391e-10	0.000157051
3.64432e-10	0.000156796
3.64474e-10	0.00015654
3.64515e-10	0.000156284
3.64557e-10	0.000156028
3.64598e-10	0.000155772
3.6464e-10	0.000155516
3.64681e-10	0.00015526
3.64723e-10	0.000155003
3.64764e-10	0.000154746
3.64806e-10	0.00015449
3.64847e-10	0.000154233
3.64889e-10	0.000153976
3.6493e-10	0.000153718
3.64972e-10	0.000153461
3.65014e-10	0.000153204
3.65055e-10	0.000152946
3.65097e-10	0.000152688
3.65138e-10	0.00015243
3.6518e-10	0.000152172
3.65221e-10	0.000151914
3.65263e-10	0.000151656
3.65304e-10	0.000151397
3.65346e-10	0.000151139
3.65387e-10	0.00015088
3.65429e-10	0.000150621
3.6547e-10	0.000150362
3.65512e-10	0.000150103
3.65553e-10	0.000149844
3.65595e-10	0.000149584
3.65636e-10	0.000149324
3.65678e-10	0.000149065
3.6572e-10	0.000148805
3.65761e-10	0.000148545
3.65803e-10	0.000148285
3.65844e-10	0.000148024
3.65886e-10	0.000147764
3.65927e-10	0.000147503
3.65969e-10	0.000147243
3.6601e-10	0.000146982
3.66052e-10	0.000146721
3.66093e-10	0.00014646
3.66135e-10	0.000146199
3.66176e-10	0.000145937
3.66218e-10	0.000145676
3.66259e-10	0.000145414
3.66301e-10	0.000145152
3.66342e-10	0.00014489
3.66384e-10	0.000144628
3.66426e-10	0.000144366
3.66467e-10	0.000144104
3.66509e-10	0.000143841
3.6655e-10	0.000143578
3.66592e-10	0.000143316
3.66633e-10	0.000143053
3.66675e-10	0.00014279
3.66716e-10	0.000142527
3.66758e-10	0.000142263
3.66799e-10	0.000142
3.66841e-10	0.000141736
3.66882e-10	0.000141472
3.66924e-10	0.000141209
3.66965e-10	0.000140945
3.67007e-10	0.00014068
3.67048e-10	0.000140416
3.6709e-10	0.000140152
3.67131e-10	0.000139887
3.67173e-10	0.000139622
3.67215e-10	0.000139358
3.67256e-10	0.000139093
3.67298e-10	0.000138828
3.67339e-10	0.000138562
3.67381e-10	0.000138297
3.67422e-10	0.000138031
3.67464e-10	0.000137766
3.67505e-10	0.0001375
3.67547e-10	0.000137234
3.67588e-10	0.000136968
3.6763e-10	0.000136702
3.67671e-10	0.000136435
3.67713e-10	0.000136169
3.67754e-10	0.000135902
3.67796e-10	0.000135636
3.67837e-10	0.000135369
3.67879e-10	0.000135102
3.67921e-10	0.000134835
3.67962e-10	0.000134567
3.68004e-10	0.0001343
3.68045e-10	0.000134032
3.68087e-10	0.000133765
3.68128e-10	0.000133497
3.6817e-10	0.000133229
3.68211e-10	0.000132961
3.68253e-10	0.000132693
3.68294e-10	0.000132424
3.68336e-10	0.000132156
3.68377e-10	0.000131887
3.68419e-10	0.000131618
3.6846e-10	0.00013135
3.68502e-10	0.00013108
3.68543e-10	0.000130811
3.68585e-10	0.000130542
3.68627e-10	0.000130273
3.68668e-10	0.000130003
3.6871e-10	0.000129733
3.68751e-10	0.000129464
3.68793e-10	0.000129194
3.68834e-10	0.000128923
3.68876e-10	0.000128653
3.68917e-10	0.000128383
3.68959e-10	0.000128112
3.69e-10	0.000127842
3.69042e-10	0.000127571
3.69083e-10	0.0001273
3.69125e-10	0.000127029
3.69166e-10	0.000126758
3.69208e-10	0.000126486
3.69249e-10	0.000126215
3.69291e-10	0.000125943
3.69333e-10	0.000125672
3.69374e-10	0.0001254
3.69416e-10	0.000125128
3.69457e-10	0.000124856
3.69499e-10	0.000124584
3.6954e-10	0.000124311
3.69582e-10	0.000124039
3.69623e-10	0.000123766
3.69665e-10	0.000123493
3.69706e-10	0.000123221
3.69748e-10	0.000122948
3.69789e-10	0.000122674
3.69831e-10	0.000122401
3.69872e-10	0.000122128
3.69914e-10	0.000121854
3.69955e-10	0.00012158
3.69997e-10	0.000121307
3.70038e-10	0.000121033
3.7008e-10	0.000120759
3.70122e-10	0.000120484
3.70163e-10	0.00012021
3.70205e-10	0.000119936
3.70246e-10	0.000119661
3.70288e-10	0.000119386
3.70329e-10	0.000119111
3.70371e-10	0.000118836
3.70412e-10	0.000118561
3.70454e-10	0.000118286
3.70495e-10	0.000118011
3.70537e-10	0.000117735
3.70578e-10	0.000117459
3.7062e-10	0.000117184
3.70661e-10	0.000116908
3.70703e-10	0.000116632
3.70744e-10	0.000116356
3.70786e-10	0.000116079
3.70828e-10	0.000115803
3.70869e-10	0.000115526
3.70911e-10	0.00011525
3.70952e-10	0.000114973
3.70994e-10	0.000114696
3.71035e-10	0.000114419
3.71077e-10	0.000114142
3.71118e-10	0.000113864
3.7116e-10	0.000113587
3.71201e-10	0.000113309
3.71243e-10	0.000113031
3.71284e-10	0.000112754
3.71326e-10	0.000112476
3.71367e-10	0.000112198
3.71409e-10	0.000111919
3.7145e-10	0.000111641
3.71492e-10	0.000111362
3.71534e-10	0.000111084
3.71575e-10	0.000110805
3.71617e-10	0.000110526
3.71658e-10	0.000110247
3.717e-10	0.000109968
3.71741e-10	0.000109689
3.71783e-10	0.000109409
3.71824e-10	0.00010913
3.71866e-10	0.00010885
3.71907e-10	0.00010857
3.71949e-10	0.000108291
3.7199e-10	0.000108011
3.72032e-10	0.00010773
3.72073e-10	0.00010745
3.72115e-10	0.00010717
3.72156e-10	0.000106889
3.72198e-10	0.000106609
3.72239e-10	0.000106328
3.72281e-10	0.000106047
3.72323e-10	0.000105766
3.72364e-10	0.000105485
3.72406e-10	0.000105203
3.72447e-10	0.000104922
3.72489e-10	0.00010464
3.7253e-10	0.000104359
3.72572e-10	0.000104077
3.72613e-10	0.000103795
3.72655e-10	0.000103513
3.72696e-10	0.000103231
3.72738e-10	0.000102948
3.72779e-10	0.000102666
3.72821e-10	0.000102383
3.72862e-10	0.000102101
3.72904e-10	0.000101818
3.72945e-10	0.000101535
3.72987e-10	0.000101252
3.73029e-10	0.000100969
3.7307e-10	0.000100685
3.73112e-10	0.000100402
3.73153e-10	0.000100118
3.73195e-10	9.98347e-05
3.73236e-10	9.95509e-05
3.73278e-10	9.92669e-05
3.73319e-10	9.89829e-05
3.73361e-10	9.86987e-05
3.73402e-10	9.84144e-05
3.73444e-10	9.81299e-05
3.73485e-10	9.78454e-05
3.73527e-10	9.75607e-05
3.73568e-10	9.72759e-05
3.7361e-10	9.6991e-05
3.73651e-10	9.67059e-05
3.73693e-10	9.64207e-05
3.73735e-10	9.61354e-05
3.73776e-10	9.585e-05
3.73818e-10	9.55644e-05
3.73859e-10	9.52788e-05
3.73901e-10	9.4993e-05
3.73942e-10	9.4707e-05
3.73984e-10	9.4421e-05
3.74025e-10	9.41348e-05
3.74067e-10	9.38485e-05
3.74108e-10	9.35621e-05
3.7415e-10	9.32756e-05
3.74191e-10	9.29889e-05
3.74233e-10	9.27021e-05
3.74274e-10	9.24152e-05
3.74316e-10	9.21282e-05
3.74357e-10	9.1841e-05
3.74399e-10	9.15538e-05
3.7444e-10	9.12664e-05
3.74482e-10	9.09789e-05
3.74524e-10	9.06912e-05
3.74565e-10	9.04035e-05
3.74607e-10	9.01156e-05
3.74648e-10	8.98276e-05
3.7469e-10	8.95394e-05
3.74731e-10	8.92512e-05
3.74773e-10	8.89628e-05
3.74814e-10	8.86743e-05
3.74856e-10	8.83857e-05
3.74897e-10	8.8097e-05
3.74939e-10	8.78081e-05
3.7498e-10	8.75191e-05
3.75022e-10	8.723e-05
3.75063e-10	8.69408e-05
3.75105e-10	8.66515e-05
3.75146e-10	8.6362e-05
3.75188e-10	8.60724e-05
3.7523e-10	8.57827e-05
3.75271e-10	8.54929e-05
3.75313e-10	8.52029e-05
3.75354e-10	8.49129e-05
3.75396e-10	8.46227e-05
3.75437e-10	8.43324e-05
3.75479e-10	8.4042e-05
3.7552e-10	8.37514e-05
3.75562e-10	8.34607e-05
3.75603e-10	8.317e-05
3.75645e-10	8.2879e-05
3.75686e-10	8.2588e-05
3.75728e-10	8.22969e-05
3.75769e-10	8.20056e-05
3.75811e-10	8.17142e-05
3.75852e-10	8.14227e-05
3.75894e-10	8.11311e-05
3.75936e-10	8.08394e-05
3.75977e-10	8.05475e-05
3.76019e-10	8.02555e-05
3.7606e-10	7.99634e-05
3.76102e-10	7.96712e-05
3.76143e-10	7.93789e-05
3.76185e-10	7.90864e-05
3.76226e-10	7.87938e-05
3.76268e-10	7.85012e-05
3.76309e-10	7.82083e-05
3.76351e-10	7.79154e-05
3.76392e-10	7.76224e-05
3.76434e-10	7.73292e-05
3.76475e-10	7.70359e-05
3.76517e-10	7.67425e-05
3.76558e-10	7.6449e-05
3.766e-10	7.61554e-05
3.76641e-10	7.58616e-05
3.76683e-10	7.55677e-05
3.76725e-10	7.52738e-05
3.76766e-10	7.49797e-05
3.76808e-10	7.46854e-05
3.76849e-10	7.43911e-05
3.76891e-10	7.40966e-05
3.76932e-10	7.38021e-05
3.76974e-10	7.35074e-05
3.77015e-10	7.32126e-05
3.77057e-10	7.29177e-05
3.77098e-10	7.26226e-05
3.7714e-10	7.23275e-05
3.77181e-10	7.20322e-05
3.77223e-10	7.17368e-05
3.77264e-10	7.14413e-05
3.77306e-10	7.11457e-05
3.77347e-10	7.08499e-05
3.77389e-10	7.05541e-05
3.77431e-10	7.02581e-05
3.77472e-10	6.9962e-05
3.77514e-10	6.96658e-05
3.77555e-10	6.93695e-05
3.77597e-10	6.90731e-05
3.77638e-10	6.87766e-05
3.7768e-10	6.84799e-05
3.77721e-10	6.81831e-05
3.77763e-10	6.78862e-05
3.77804e-10	6.75892e-05
3.77846e-10	6.72921e-05
3.77887e-10	6.69949e-05
3.77929e-10	6.66975e-05
3.7797e-10	6.64001e-05
3.78012e-10	6.61025e-05
3.78053e-10	6.58048e-05
3.78095e-10	6.5507e-05
3.78137e-10	6.52091e-05
3.78178e-10	6.4911e-05
3.7822e-10	6.46129e-05
3.78261e-10	6.43146e-05
3.78303e-10	6.40163e-05
3.78344e-10	6.37178e-05
3.78386e-10	6.34192e-05
3.78427e-10	6.31204e-05
3.78469e-10	6.28216e-05
3.7851e-10	6.25227e-05
3.78552e-10	6.22236e-05
3.78593e-10	6.19245e-05
3.78635e-10	6.16252e-05
3.78676e-10	6.13258e-05
3.78718e-10	6.10263e-05
3.78759e-10	6.07266e-05
3.78801e-10	6.04269e-05
3.78842e-10	6.01271e-05
3.78884e-10	5.98271e-05
3.78926e-10	5.9527e-05
3.78967e-10	5.92269e-05
3.79009e-10	5.89266e-05
3.7905e-10	5.86262e-05
3.79092e-10	5.83256e-05
3.79133e-10	5.8025e-05
3.79175e-10	5.77243e-05
3.79216e-10	5.74234e-05
3.79258e-10	5.71225e-05
3.79299e-10	5.68214e-05
3.79341e-10	5.65202e-05
3.79382e-10	5.62189e-05
3.79424e-10	5.59175e-05
3.79465e-10	5.5616e-05
3.79507e-10	5.53143e-05
3.79548e-10	5.50126e-05
3.7959e-10	5.47107e-05
3.79632e-10	5.44088e-05
3.79673e-10	5.41067e-05
3.79715e-10	5.38045e-05
3.79756e-10	5.35022e-05
3.79798e-10	5.31998e-05
3.79839e-10	5.28973e-05
3.79881e-10	5.25947e-05
3.79922e-10	5.2292e-05
3.79964e-10	5.19891e-05
3.80005e-10	5.16862e-05
3.80047e-10	5.13831e-05
3.80088e-10	5.10799e-05
3.8013e-10	5.07766e-05
3.80171e-10	5.04733e-05
3.80213e-10	5.01698e-05
3.80254e-10	4.98661e-05
3.80296e-10	4.95624e-05
3.80338e-10	4.92586e-05
3.80379e-10	4.89547e-05
3.80421e-10	4.86506e-05
3.80462e-10	4.83465e-05
3.80504e-10	4.80422e-05
3.80545e-10	4.77378e-05
3.80587e-10	4.74334e-05
3.80628e-10	4.71288e-05
3.8067e-10	4.68241e-05
3.80711e-10	4.65193e-05
3.80753e-10	4.62144e-05
3.80794e-10	4.59093e-05
3.80836e-10	4.56042e-05
3.80877e-10	4.5299e-05
3.80919e-10	4.49936e-05
3.8096e-10	4.46882e-05
3.81002e-10	4.43826e-05
3.81043e-10	4.4077e-05
3.81085e-10	4.37712e-05
3.81127e-10	4.34653e-05
3.81168e-10	4.31593e-05
3.8121e-10	4.28532e-05
3.81251e-10	4.2547e-05
3.81293e-10	4.22407e-05
3.81334e-10	4.19343e-05
3.81376e-10	4.16278e-05
3.81417e-10	4.13212e-05
3.81459e-10	4.10145e-05
3.815e-10	4.07076e-05
3.81542e-10	4.04007e-05
3.81583e-10	4.00936e-05
3.81625e-10	3.97865e-05
3.81666e-10	3.94792e-05
3.81708e-10	3.91719e-05
3.81749e-10	3.88644e-05
3.81791e-10	3.85568e-05
3.81833e-10	3.82491e-05
3.81874e-10	3.79414e-05
3.81916e-10	3.76335e-05
3.81957e-10	3.73255e-05
3.81999e-10	3.70174e-05
3.8204e-10	3.67092e-05
3.82082e-10	3.64009e-05
3.82123e-10	3.60924e-05
3.82165e-10	3.57839e-05
3.82206e-10	3.54753e-05
3.82248e-10	3.51666e-05
3.82289e-10	3.48577e-05
3.82331e-10	3.45488e-05
3.82372e-10	3.42398e-05
3.82414e-10	3.39306e-05
3.82455e-10	3.36214e-05
3.82497e-10	3.3312e-05
3.82539e-10	3.30026e-05
3.8258e-10	3.2693e-05
3.82622e-10	3.23834e-05
3.82663e-10	3.20736e-05
3.82705e-10	3.17637e-05
3.82746e-10	3.14538e-05
3.82788e-10	3.11437e-05
3.82829e-10	3.08335e-05
3.82871e-10	3.05232e-05
3.82912e-10	3.02129e-05
3.82954e-10	2.99024e-05
3.82995e-10	2.95918e-05
3.83037e-10	2.92811e-05
3.83078e-10	2.89703e-05
3.8312e-10	2.86594e-05
3.83161e-10	2.83484e-05
3.83203e-10	2.80373e-05
3.83245e-10	2.77261e-05
3.83286e-10	2.74148e-05
3.83328e-10	2.71034e-05
3.83369e-10	2.67919e-05
3.83411e-10	2.64803e-05
3.83452e-10	2.61686e-05
3.83494e-10	2.58568e-05
3.83535e-10	2.55449e-05
3.83577e-10	2.52329e-05
3.83618e-10	2.49208e-05
3.8366e-10	2.46086e-05
3.83701e-10	2.42963e-05
3.83743e-10	2.39839e-05
3.83784e-10	2.36714e-05
3.83826e-10	2.33588e-05
3.83867e-10	2.30461e-05
3.83909e-10	2.27333e-05
3.8395e-10	2.24204e-05
3.83992e-10	2.21073e-05
3.84034e-10	2.17942e-05
3.84075e-10	2.1481e-05
3.84117e-10	2.11677e-05
3.84158e-10	2.08543e-05
3.842e-10	2.05408e-05
3.84241e-10	2.02272e-05
3.84283e-10	1.99135e-05
3.84324e-10	1.95997e-05
3.84366e-10	1.92858e-05
3.84407e-10	1.89718e-05
3.84449e-10	1.86577e-05
3.8449e-10	1.83435e-05
3.84532e-10	1.80292e-05
3.84573e-10	1.77148e-05
3.84615e-10	1.74003e-05
3.84656e-10	1.70857e-05
3.84698e-10	1.6771e-05
3.8474e-10	1.64563e-05
3.84781e-10	1.61414e-05
3.84823e-10	1.58264e-05
3.84864e-10	1.55113e-05
3.84906e-10	1.51961e-05
3.84947e-10	1.48809e-05
3.84989e-10	1.45655e-05
3.8503e-10	1.425e-05
3.85072e-10	1.39345e-05
3.85113e-10	1.36188e-05
3.85155e-10	1.3303e-05
3.85196e-10	1.29872e-05
3.85238e-10	1.26712e-05
3.85279e-10	1.23552e-05
3.85321e-10	1.2039e-05
3.85362e-10	1.17228e-05
3.85404e-10	1.14065e-05
3.85446e-10	1.109e-05
3.85487e-10	1.07735e-05
3.85529e-10	1.04569e-05
3.8557e-10	1.01402e-05
3.85612e-10	9.82334e-06
3.85653e-10	9.50643e-06
3.85695e-10	9.18943e-06
3.85736e-10	8.87233e-06
3.85778e-10	8.55513e-06
3.85819e-10	8.23784e-06
3.85861e-10	7.92045e-06
3.85902e-10	7.60297e-06
3.85944e-10	7.2854e-06
3.85985e-10	6.96773e-06
3.86027e-10	6.64996e-06
3.86068e-10	6.3321e-06
3.8611e-10	6.01415e-06
3.86151e-10	5.6961e-06
3.86193e-10	5.37796e-06
3.86235e-10	5.05973e-06
3.86276e-10	4.7414e-06
3.86318e-10	4.42297e-06
3.86359e-10	4.10446e-06
3.86401e-10	3.78585e-06
3.86442e-10	3.46715e-06
3.86484e-10	3.14835e-06
3.86525e-10	2.82946e-06
3.86567e-10	2.51048e-06
3.86608e-10	2.1914e-06
3.8665e-10	1.87223e-06
3.86691e-10	1.55297e-06
3.86733e-10	1.23362e-06
3.86774e-10	9.14176e-07
3.86816e-10	5.94638e-07
3.86857e-10	2.75008e-07
3.86899e-10	-4.47144e-08
3.86941e-10	-3.64529e-07
3.86982e-10	-6.84435e-07
3.87024e-10	-1.00443e-06
3.87065e-10	-1.32452e-06
3.87107e-10	-1.6447e-06
3.87148e-10	-1.96498e-06
3.8719e-10	-2.28534e-06
3.87231e-10	-2.60579e-06
3.87273e-10	-2.92634e-06
3.87314e-10	-3.24698e-06
3.87356e-10	-3.56771e-06
3.87397e-10	-3.88852e-06
3.87439e-10	-4.20943e-06
3.8748e-10	-4.53043e-06
3.87522e-10	-4.85152e-06
3.87563e-10	-5.1727e-06
3.87605e-10	-5.49398e-06
3.87647e-10	-5.81534e-06
3.87688e-10	-6.13679e-06
3.8773e-10	-6.45833e-06
3.87771e-10	-6.77996e-06
3.87813e-10	-7.10168e-06
3.87854e-10	-7.42349e-06
3.87896e-10	-7.74539e-06
3.87937e-10	-8.06737e-06
3.87979e-10	-8.38945e-06
3.8802e-10	-8.71162e-06
3.88062e-10	-9.03387e-06
3.88103e-10	-9.35622e-06
3.88145e-10	-9.67865e-06
3.88186e-10	-1.00012e-05
3.88228e-10	-1.03238e-05
3.88269e-10	-1.06465e-05
3.88311e-10	-1.09693e-05
3.88352e-10	-1.12921e-05
3.88394e-10	-1.16151e-05
3.88436e-10	-1.19382e-05
3.88477e-10	-1.22613e-05
3.88519e-10	-1.25845e-05
3.8856e-10	-1.29078e-05
3.88602e-10	-1.32312e-05
3.88643e-10	-1.35547e-05
3.88685e-10	-1.38783e-05
3.88726e-10	-1.4202e-05
3.88768e-10	-1.45257e-05
3.88809e-10	-1.48495e-05
3.88851e-10	-1.51735e-05
3.88892e-10	-1.54975e-05
3.88934e-10	-1.58216e-05
3.88975e-10	-1.61458e-05
3.89017e-10	-1.647e-05
3.89058e-10	-1.67944e-05
3.891e-10	-1.71188e-05
3.89142e-10	-1.74434e-05
3.89183e-10	-1.7768e-05
3.89225e-10	-1.80927e-05
3.89266e-10	-1.84175e-05
3.89308e-10	-1.87423e-05
3.89349e-10	-1.90673e-05
3.89391e-10	-1.93923e-05
3.89432e-10	-1.97174e-05
3.89474e-10	-2.00427e-05
3.89515e-10	-2.0368e-05
3.89557e-10	-2.06933e-05
3.89598e-10	-2.10188e-05
3.8964e-10	-2.13443e-05
3.89681e-10	-2.167e-05
3.89723e-10	-2.19957e-05
3.89764e-10	-2.23215e-05
3.89806e-10	-2.26474e-05
3.89848e-10	-2.29734e-05
3.89889e-10	-2.32994e-05
3.89931e-10	-2.36256e-05
3.89972e-10	-2.39518e-05
3.90014e-10	-2.42781e-05
3.90055e-10	-2.46045e-05
3.90097e-10	-2.49309e-05
3.90138e-10	-2.52575e-05
3.9018e-10	-2.55841e-05
3.90221e-10	-2.59109e-05
3.90263e-10	-2.62377e-05
3.90304e-10	-2.65645e-05
3.90346e-10	-2.68915e-05
3.90387e-10	-2.72186e-05
3.90429e-10	-2.75457e-05
3.9047e-10	-2.78729e-05
3.90512e-10	-2.82002e-05
3.90553e-10	-2.85276e-05
3.90595e-10	-2.88551e-05
3.90637e-10	-2.91826e-05
3.90678e-10	-2.95102e-05
3.9072e-10	-2.98379e-05
3.90761e-10	-3.01657e-05
3.90803e-10	-3.04936e-05
3.90844e-10	-3.08215e-05
3.90886e-10	-3.11496e-05
3.90927e-10	-3.14777e-05
3.90969e-10	-3.18059e-05
3.9101e-10	-3.21342e-05
3.91052e-10	-3.24625e-05
3.91093e-10	-3.27909e-05
3.91135e-10	-3.31195e-05
3.91176e-10	-3.34481e-05
3.91218e-10	-3.37767e-05
3.91259e-10	-3.41055e-05
3.91301e-10	-3.44343e-05
3.91343e-10	-3.47632e-05
3.91384e-10	-3.50922e-05
3.91426e-10	-3.54213e-05
3.91467e-10	-3.57505e-05
3.91509e-10	-3.60797e-05
3.9155e-10	-3.6409e-05
3.91592e-10	-3.67384e-05
3.91633e-10	-3.70679e-05
3.91675e-10	-3.73974e-05
3.91716e-10	-3.7727e-05
3.91758e-10	-3.80567e-05
3.91799e-10	-3.83865e-05
3.91841e-10	-3.87164e-05
3.91882e-10	-3.90463e-05
3.91924e-10	-3.93764e-05
3.91965e-10	-3.97064e-05
3.92007e-10	-4.00366e-05
3.92049e-10	-4.03669e-05
3.9209e-10	-4.06972e-05
3.92132e-10	-4.10276e-05
3.92173e-10	-4.13581e-05
3.92215e-10	-4.16887e-05
3.92256e-10	-4.20193e-05
3.92298e-10	-4.235e-05
3.92339e-10	-4.26808e-05
3.92381e-10	-4.30117e-05
3.92422e-10	-4.33426e-05
3.92464e-10	-4.36736e-05
3.92505e-10	-4.40047e-05
3.92547e-10	-4.43359e-05
3.92588e-10	-4.46672e-05
3.9263e-10	-4.49985e-05
3.92671e-10	-4.53299e-05
3.92713e-10	-4.56614e-05
3.92754e-10	-4.59929e-05
3.92796e-10	-4.63245e-05
3.92838e-10	-4.66562e-05
3.92879e-10	-4.6988e-05
3.92921e-10	-4.73199e-05
3.92962e-10	-4.76518e-05
3.93004e-10	-4.79838e-05
3.93045e-10	-4.83159e-05
3.93087e-10	-4.8648e-05
3.93128e-10	-4.89803e-05
3.9317e-10	-4.93126e-05
3.93211e-10	-4.9645e-05
3.93253e-10	-4.99774e-05
3.93294e-10	-5.03099e-05
3.93336e-10	-5.06425e-05
3.93377e-10	-5.09752e-05
3.93419e-10	-5.1308e-05
3.9346e-10	-5.16408e-05
3.93502e-10	-5.19737e-05
3.93544e-10	-5.23066e-05
3.93585e-10	-5.26397e-05
3.93627e-10	-5.29728e-05
3.93668e-10	-5.3306e-05
3.9371e-10	-5.36392e-05
3.93751e-10	-5.39726e-05
3.93793e-10	-5.4306e-05
3.93834e-10	-5.46394e-05
3.93876e-10	-5.4973e-05
3.93917e-10	-5.53066e-05
3.93959e-10	-5.56403e-05
3.94e-10	-5.59741e-05
3.94042e-10	-5.63079e-05
3.94083e-10	-5.66418e-05
3.94125e-10	-5.69758e-05
3.94166e-10	-5.73098e-05
3.94208e-10	-5.7644e-05
3.9425e-10	-5.79782e-05
3.94291e-10	-5.83124e-05
3.94333e-10	-5.86468e-05
3.94374e-10	-5.89812e-05
3.94416e-10	-5.93156e-05
3.94457e-10	-5.96502e-05
3.94499e-10	-5.99848e-05
3.9454e-10	-6.03195e-05
3.94582e-10	-6.06542e-05
3.94623e-10	-6.09891e-05
3.94665e-10	-6.1324e-05
3.94706e-10	-6.16589e-05
3.94748e-10	-6.1994e-05
3.94789e-10	-6.23291e-05
3.94831e-10	-6.26643e-05
3.94872e-10	-6.29995e-05
3.94914e-10	-6.33348e-05
3.94956e-10	-6.36702e-05
3.94997e-10	-6.40057e-05
3.95039e-10	-6.43412e-05
3.9508e-10	-6.46768e-05
3.95122e-10	-6.50124e-05
3.95163e-10	-6.53482e-05
3.95205e-10	-6.5684e-05
3.95246e-10	-6.60198e-05
3.95288e-10	-6.63558e-05
3.95329e-10	-6.66917e-05
3.95371e-10	-6.70278e-05
3.95412e-10	-6.7364e-05
3.95454e-10	-6.77002e-05
3.95495e-10	-6.80364e-05
3.95537e-10	-6.83728e-05
3.95578e-10	-6.87092e-05
3.9562e-10	-6.90456e-05
3.95661e-10	-6.93822e-05
3.95703e-10	-6.97188e-05
3.95745e-10	-7.00555e-05
3.95786e-10	-7.03922e-05
3.95828e-10	-7.0729e-05
3.95869e-10	-7.10659e-05
3.95911e-10	-7.14028e-05
3.95952e-10	-7.17398e-05
3.95994e-10	-7.20769e-05
3.96035e-10	-7.2414e-05
3.96077e-10	-7.27512e-05
3.96118e-10	-7.30885e-05
3.9616e-10	-7.34258e-05
3.96201e-10	-7.37632e-05
3.96243e-10	-7.41007e-05
3.96284e-10	-7.44382e-05
3.96326e-10	-7.47758e-05
3.96367e-10	-7.51134e-05
3.96409e-10	-7.54512e-05
3.96451e-10	-7.5789e-05
3.96492e-10	-7.61268e-05
3.96534e-10	-7.64647e-05
3.96575e-10	-7.68027e-05
3.96617e-10	-7.71407e-05
3.96658e-10	-7.74788e-05
3.967e-10	-7.7817e-05
3.96741e-10	-7.81552e-05
3.96783e-10	-7.84935e-05
3.96824e-10	-7.88319e-05
3.96866e-10	-7.91703e-05
3.96907e-10	-7.95088e-05
3.96949e-10	-7.98474e-05
3.9699e-10	-8.0186e-05
3.97032e-10	-8.05246e-05
3.97073e-10	-8.08634e-05
3.97115e-10	-8.12022e-05
3.97157e-10	-8.1541e-05
3.97198e-10	-8.188e-05
3.9724e-10	-8.2219e-05
3.97281e-10	-8.2558e-05
3.97323e-10	-8.28971e-05
3.97364e-10	-8.32363e-05
3.97406e-10	-8.35755e-05
3.97447e-10	-8.39148e-05
3.97489e-10	-8.42542e-05
3.9753e-10	-8.45936e-05
3.97572e-10	-8.49331e-05
3.97613e-10	-8.52726e-05
3.97655e-10	-8.56122e-05
3.97696e-10	-8.59519e-05
3.97738e-10	-8.62916e-05
3.97779e-10	-8.66314e-05
3.97821e-10	-8.69712e-05
3.97862e-10	-8.73111e-05
3.97904e-10	-8.76511e-05
3.97946e-10	-8.79911e-05
3.97987e-10	-8.83312e-05
3.98029e-10	-8.86713e-05
3.9807e-10	-8.90115e-05
3.98112e-10	-8.93518e-05
3.98153e-10	-8.96921e-05
3.98195e-10	-9.00325e-05
3.98236e-10	-9.03729e-05
3.98278e-10	-9.07134e-05
3.98319e-10	-9.1054e-05
3.98361e-10	-9.13946e-05
3.98402e-10	-9.17352e-05
3.98444e-10	-9.2076e-05
3.98485e-10	-9.24167e-05
3.98527e-10	-9.27576e-05
3.98568e-10	-9.30985e-05
3.9861e-10	-9.34395e-05
3.98652e-10	-9.37805e-05
3.98693e-10	-9.41216e-05
3.98735e-10	-9.44627e-05
3.98776e-10	-9.48039e-05
3.98818e-10	-9.51451e-05
3.98859e-10	-9.54864e-05
3.98901e-10	-9.58278e-05
3.98942e-10	-9.61692e-05
3.98984e-10	-9.65107e-05
3.99025e-10	-9.68522e-05
3.99067e-10	-9.71938e-05
3.99108e-10	-9.75354e-05
3.9915e-10	-9.78771e-05
3.99191e-10	-9.82189e-05
3.99233e-10	-9.85607e-05
3.99274e-10	-9.89026e-05
3.99316e-10	-9.92445e-05
3.99358e-10	-9.95865e-05
3.99399e-10	-9.99285e-05
3.99441e-10	-0.000100271
3.99482e-10	-0.000100613
3.99524e-10	-0.000100955
3.99565e-10	-0.000101297
3.99607e-10	-0.00010164
3.99648e-10	-0.000101982
3.9969e-10	-0.000102324
3.99731e-10	-0.000102667
3.99773e-10	-0.000103009
3.99814e-10	-0.000103352
3.99856e-10	-0.000103694
3.99897e-10	-0.000104037
3.99939e-10	-0.00010438
3.9998e-10	-0.000104723
4.00022e-10	-0.000105066
4.00063e-10	-0.000105408
4.00105e-10	-0.000105751
4.00147e-10	-0.000106094
4.00188e-10	-0.000106437
4.0023e-10	-0.000106781
4.00271e-10	-0.000107124
4.00313e-10	-0.000107467
4.00354e-10	-0.00010781
4.00396e-10	-0.000108154
4.00437e-10	-0.000108497
4.00479e-10	-0.00010884
4.0052e-10	-0.000109184
4.00562e-10	-0.000109527
4.00603e-10	-0.000109871
4.00645e-10	-0.000110215
4.00686e-10	-0.000110558
4.00728e-10	-0.000110902
4.00769e-10	-0.000111246
4.00811e-10	-0.00011159
4.00853e-10	-0.000111933
4.00894e-10	-0.000112277
4.00936e-10	-0.000112621
4.00977e-10	-0.000112965
4.01019e-10	-0.000113309
4.0106e-10	-0.000113654
4.01102e-10	-0.000113998
4.01143e-10	-0.000114342
4.01185e-10	-0.000114686
4.01226e-10	-0.000115031
4.01268e-10	-0.000115375
4.01309e-10	-0.000115719
4.01351e-10	-0.000116064
4.01392e-10	-0.000116408
4.01434e-10	-0.000116753
4.01475e-10	-0.000117098
4.01517e-10	-0.000117442
4.01559e-10	-0.000117787
4.016e-10	-0.000118132
4.01642e-10	-0.000118477
4.01683e-10	-0.000118822
4.01725e-10	-0.000119166
4.01766e-10	-0.000119511
4.01808e-10	-0.000119856
4.01849e-10	-0.000120201
4.01891e-10	-0.000120547
4.01932e-10	-0.000120892
4.01974e-10	-0.000121237
4.02015e-10	-0.000121582
4.02057e-10	-0.000121927
4.02098e-10	-0.000122273
4.0214e-10	-0.000122618
4.02181e-10	-0.000122964
4.02223e-10	-0.000123309
4.02264e-10	-0.000123655
4.02306e-10	-0.000124
4.02348e-10	-0.000124346
4.02389e-10	-0.000124691
4.02431e-10	-0.000125037
4.02472e-10	-0.000125383
4.02514e-10	-0.000125729
4.02555e-10	-0.000126075
4.02597e-10	-0.00012642
4.02638e-10	-0.000126766
4.0268e-10	-0.000127112
4.02721e-10	-0.000127458
4.02763e-10	-0.000127804
4.02804e-10	-0.00012815
4.02846e-10	-0.000128497
4.02887e-10	-0.000128843
4.02929e-10	-0.000129189
4.0297e-10	-0.000129535
4.03012e-10	-0.000129882
4.03054e-10	-0.000130228
4.03095e-10	-0.000130574
4.03137e-10	-0.000130921
4.03178e-10	-0.000131267
4.0322e-10	-0.000131614
4.03261e-10	-0.000131961
4.03303e-10	-0.000132307
4.03344e-10	-0.000132654
4.03386e-10	-0.000133001
4.03427e-10	-0.000133347
4.03469e-10	-0.000133694
4.0351e-10	-0.000134041
4.03552e-10	-0.000134388
4.03593e-10	-0.000134735
4.03635e-10	-0.000135082
4.03676e-10	-0.000135429
4.03718e-10	-0.000135776
4.0376e-10	-0.000136123
4.03801e-10	-0.00013647
4.03843e-10	-0.000136817
4.03884e-10	-0.000137164
4.03926e-10	-0.000137512
4.03967e-10	-0.000137859
4.04009e-10	-0.000138206
4.0405e-10	-0.000138554
4.04092e-10	-0.000138901
4.04133e-10	-0.000139248
4.04175e-10	-0.000139596
4.04216e-10	-0.000139943
4.04258e-10	-0.000140291
4.04299e-10	-0.000140639
4.04341e-10	-0.000140986
4.04382e-10	-0.000141334
4.04424e-10	-0.000141682
4.04465e-10	-0.000142029
4.04507e-10	-0.000142377
4.04549e-10	-0.000142725
4.0459e-10	-0.000143073
4.04632e-10	-0.000143421
4.04673e-10	-0.000143769
4.04715e-10	-0.000144117
4.04756e-10	-0.000144465
4.04798e-10	-0.000144813
4.04839e-10	-0.000145161
4.04881e-10	-0.000145509
4.04922e-10	-0.000145857
4.04964e-10	-0.000146206
4.05005e-10	-0.000146554
4.05047e-10	-0.000146902
4.05088e-10	-0.00014725
4.0513e-10	-0.000147599
4.05171e-10	-0.000147947
4.05213e-10	-0.000148296
4.05255e-10	-0.000148644
4.05296e-10	-0.000148993
4.05338e-10	-0.000149341
4.05379e-10	-0.00014969
4.05421e-10	-0.000150038
4.05462e-10	-0.000150387
4.05504e-10	-0.000150736
4.05545e-10	-0.000151084
4.05587e-10	-0.000151433
4.05628e-10	-0.000151782
4.0567e-10	-0.000152131
4.05711e-10	-0.00015248
4.05753e-10	-0.000152828
4.05794e-10	-0.000153177
4.05836e-10	-0.000153526
4.05877e-10	-0.000153875
4.05919e-10	-0.000154224
4.05961e-10	-0.000154573
4.06002e-10	-0.000154923
4.06044e-10	-0.000155272
4.06085e-10	-0.000155621
4.06127e-10	-0.00015597
4.06168e-10	-0.000156319
4.0621e-10	-0.000156668
4.06251e-10	-0.000157018
4.06293e-10	-0.000157367
4.06334e-10	-0.000157716
4.06376e-10	-0.000158066
4.06417e-10	-0.000158415
4.06459e-10	-0.000158765
4.065e-10	-0.000159114
4.06542e-10	-0.000159464
4.06583e-10	-0.000159813
4.06625e-10	-0.000160163
4.06666e-10	-0.000160512
4.06708e-10	-0.000160862
4.0675e-10	-0.000161212
4.06791e-10	-0.000161561
4.06833e-10	-0.000161911
4.06874e-10	-0.000162261
4.06916e-10	-0.000162611
4.06957e-10	-0.000162961
4.06999e-10	-0.00016331
4.0704e-10	-0.00016366
4.07082e-10	-0.00016401
4.07123e-10	-0.00016436
4.07165e-10	-0.00016471
4.07206e-10	-0.00016506
4.07248e-10	-0.00016541
4.07289e-10	-0.00016576
4.07331e-10	-0.00016611
4.07372e-10	-0.00016646
4.07414e-10	-0.000166811
4.07456e-10	-0.000167161
4.07497e-10	-0.000167511
4.07539e-10	-0.000167861
4.0758e-10	-0.000168211
4.07622e-10	-0.000168562
4.07663e-10	-0.000168912
4.07705e-10	-0.000169262
4.07746e-10	-0.000169613
4.07788e-10	-0.000169963
4.07829e-10	-0.000170314
4.07871e-10	-0.000170664
4.07912e-10	-0.000171015
4.07954e-10	-0.000171365
4.07995e-10	-0.000171716
4.08037e-10	-0.000172066
4.08078e-10	-0.000172417
4.0812e-10	-0.000172767
4.08162e-10	-0.000173118
4.08203e-10	-0.000173469
4.08245e-10	-0.000173819
4.08286e-10	-0.00017417
4.08328e-10	-0.000174521
4.08369e-10	-0.000174872
4.08411e-10	-0.000175222
4.08452e-10	-0.000175573
4.08494e-10	-0.000175924
4.08535e-10	-0.000176275
4.08577e-10	-0.000176626
4.08618e-10	-0.000176977
4.0866e-10	-0.000177328
4.08701e-10	-0.000177679
4.08743e-10	-0.00017803
4.08784e-10	-0.000178381
4.08826e-10	-0.000178732
4.08868e-10	-0.000179083
4.08909e-10	-0.000179434
4.08951e-10	-0.000179785
4.08992e-10	-0.000180136
4.09034e-10	-0.000180487
4.09075e-10	-0.000180838
4.09117e-10	-0.000181189
4.09158e-10	-0.000181541
4.092e-10	-0.000181892
4.09241e-10	-0.000182243
4.09283e-10	-0.000182594
4.09324e-10	-0.000182946
4.09366e-10	-0.000183297
4.09407e-10	-0.000183648
4.09449e-10	-0.000184
4.0949e-10	-0.000184351
4.09532e-10	-0.000184703
4.09573e-10	-0.000185054
4.09615e-10	-0.000185406
4.09657e-10	-0.000185757
4.09698e-10	-0.000186109
4.0974e-10	-0.00018646
4.09781e-10	-0.000186812
4.09823e-10	-0.000187163
4.09864e-10	-0.000187515
4.09906e-10	-0.000187866
4.09947e-10	-0.000188218
4.09989e-10	-0.00018857
4.1003e-10	-0.000188921
4.10072e-10	-0.000189273
4.10113e-10	-0.000189625
4.10155e-10	-0.000189976
4.10196e-10	-0.000190328
4.10238e-10	-0.00019068
4.10279e-10	-0.000191032
4.10321e-10	-0.000191383
4.10363e-10	-0.000191735
4.10404e-10	-0.000192087
4.10446e-10	-0.000192439
4.10487e-10	-0.000192791
4.10529e-10	-0.000193143
4.1057e-10	-0.000193494
4.10612e-10	-0.000193846
4.10653e-10	-0.000194198
4.10695e-10	-0.00019455
4.10736e-10	-0.000194902
4.10778e-10	-0.000195254
4.10819e-10	-0.000195606
4.10861e-10	-0.000195958
4.10902e-10	-0.00019631
4.10944e-10	-0.000196662
4.10985e-10	-0.000197014
4.11027e-10	-0.000197366
4.11069e-10	-0.000197719
4.1111e-10	-0.000198071
4.11152e-10	-0.000198423
4.11193e-10	-0.000198775
4.11235e-10	-0.000199127
4.11276e-10	-0.000199479
4.11318e-10	-0.000199831
4.11359e-10	-0.000200184
4.11401e-10	-0.000200536
4.11442e-10	-0.000200888
4.11484e-10	-0.00020124
4.11525e-10	-0.000201593
4.11567e-10	-0.000201945
4.11608e-10	-0.000202297
4.1165e-10	-0.000202649
4.11691e-10	-0.000203002
4.11733e-10	-0.000203354
4.11774e-10	-0.000203706
4.11816e-10	-0.000204059
4.11858e-10	-0.000204411
4.11899e-10	-0.000204764
4.11941e-10	-0.000205116
4.11982e-10	-0.000205468
4.12024e-10	-0.000205821
4.12065e-10	-0.000206173
4.12107e-10	-0.000206526
4.12148e-10	-0.000206878
4.1219e-10	-0.000207231
4.12231e-10	-0.000207583
4.12273e-10	-0.000207936
4.12314e-10	-0.000208288
4.12356e-10	-0.000208641
4.12397e-10	-0.000208993
4.12439e-10	-0.000209346
4.1248e-10	-0.000209698
4.12522e-10	-0.000210051
4.12564e-10	-0.000210403
4.12605e-10	-0.000210756
4.12647e-10	-0.000211108
4.12688e-10	-0.000211461
4.1273e-10	-0.000211814
4.12771e-10	-0.000212166
4.12813e-10	-0.000212519
4.12854e-10	-0.000212871
4.12896e-10	-0.000213224
4.12937e-10	-0.000213577
4.12979e-10	-0.000213929
4.1302e-10	-0.000214282
4.13062e-10	-0.000214635
4.13103e-10	-0.000214988
4.13145e-10	-0.00021534
4.13186e-10	-0.000215693
4.13228e-10	-0.000216046
4.1327e-10	-0.000216398
4.13311e-10	-0.000216751
4.13353e-10	-0.000217104
4.13394e-10	-0.000217457
4.13436e-10	-0.000217809
4.13477e-10	-0.000218162
4.13519e-10	-0.000218515
4.1356e-10	-0.000218868
4.13602e-10	-0.00021922
4.13643e-10	-0.000219573
4.13685e-10	-0.000219926
4.13726e-10	-0.000220279
4.13768e-10	-0.000220632
4.13809e-10	-0.000220984
4.13851e-10	-0.000221337
4.13892e-10	-0.00022169
4.13934e-10	-0.000222043
4.13975e-10	-0.000222396
4.14017e-10	-0.000222748
4.14059e-10	-0.000223101
4.141e-10	-0.000223454
4.14142e-10	-0.000223807
4.14183e-10	-0.00022416
4.14225e-10	-0.000224513
4.14266e-10	-0.000224866
4.14308e-10	-0.000225218
4.14349e-10	-0.000225571
4.14391e-10	-0.000225924
4.14432e-10	-0.000226277
4.14474e-10	-0.00022663
4.14515e-10	-0.000226983
4.14557e-10	-0.000227336
4.14598e-10	-0.000227689
4.1464e-10	-0.000228042
4.14681e-10	-0.000228394
4.14723e-10	-0.000228747
4.14765e-10	-0.0002291
4.14806e-10	-0.000229453
4.14848e-10	-0.000229806
4.14889e-10	-0.000230159
4.14931e-10	-0.000230512
4.14972e-10	-0.000230865
4.15014e-10	-0.000231218
4.15055e-10	-0.000231571
4.15097e-10	-0.000231924
4.15138e-10	-0.000232276
4.1518e-10	-0.000232629
4.15221e-10	-0.000232982
4.15263e-10	-0.000233335
4.15304e-10	-0.000233688
4.15346e-10	-0.000234041
4.15387e-10	-0.000234394
4.15429e-10	-0.000234747
4.15471e-10	-0.0002351
4.15512e-10	-0.000235453
4.15554e-10	-0.000235806
4.15595e-10	-0.000236159
4.15637e-10	-0.000236511
4.15678e-10	-0.000236864
4.1572e-10	-0.000237217
4.15761e-10	-0.00023757
4.15803e-10	-0.000237923
4.15844e-10	-0.000238276
4.15886e-10	-0.000238629
4.15927e-10	-0.000238982
4.15969e-10	-0.000239335
4.1601e-10	-0.000239688
4.16052e-10	-0.000240041
4.16093e-10	-0.000240393
4.16135e-10	-0.000240746
4.16176e-10	-0.000241099
4.16218e-10	-0.000241452
4.1626e-10	-0.000241805
4.16301e-10	-0.000242158
4.16343e-10	-0.000242511
4.16384e-10	-0.000242864
4.16426e-10	-0.000243217
4.16467e-10	-0.000243569
4.16509e-10	-0.000243922
4.1655e-10	-0.000244275
4.16592e-10	-0.000244628
4.16633e-10	-0.000244981
4.16675e-10	-0.000245334
4.16716e-10	-0.000245687
4.16758e-10	-0.000246039
4.16799e-10	-0.000246392
4.16841e-10	-0.000246745
4.16882e-10	-0.000247098
4.16924e-10	-0.000247451
4.16966e-10	-0.000247804
4.17007e-10	-0.000248156
4.17049e-10	-0.000248509
4.1709e-10	-0.000248862
4.17132e-10	-0.000249215
4.17173e-10	-0.000249568
4.17215e-10	-0.00024992
4.17256e-10	-0.000250273
4.17298e-10	-0.000250626
4.17339e-10	-0.000250979
4.17381e-10	-0.000251331
4.17422e-10	-0.000251684
4.17464e-10	-0.000252037
4.17505e-10	-0.00025239
4.17547e-10	-0.000252742
4.17588e-10	-0.000253095
4.1763e-10	-0.000253448
4.17672e-10	-0.0002538
4.17713e-10	-0.000254153
4.17755e-10	-0.000254506
4.17796e-10	-0.000254858
4.17838e-10	-0.000255211
4.17879e-10	-0.000255564
4.17921e-10	-0.000255916
4.17962e-10	-0.000256269
4.18004e-10	-0.000256622
4.18045e-10	-0.000256974
4.18087e-10	-0.000257327
4.18128e-10	-0.000257679
4.1817e-10	-0.000258032
4.18211e-10	-0.000258385
4.18253e-10	-0.000258737
4.18294e-10	-0.00025909
4.18336e-10	-0.000259442
4.18377e-10	-0.000259795
4.18419e-10	-0.000260147
4.18461e-10	-0.0002605
4.18502e-10	-0.000260852
4.18544e-10	-0.000261205
4.18585e-10	-0.000261557
4.18627e-10	-0.00026191
4.18668e-10	-0.000262262
4.1871e-10	-0.000262615
4.18751e-10	-0.000262967
4.18793e-10	-0.000263319
4.18834e-10	-0.000263672
4.18876e-10	-0.000264024
4.18917e-10	-0.000264376
4.18959e-10	-0.000264729
4.19e-10	-0.000265081
4.19042e-10	-0.000265434
4.19083e-10	-0.000265786
4.19125e-10	-0.000266138
4.19167e-10	-0.00026649
4.19208e-10	-0.000266843
4.1925e-10	-0.000267195
4.19291e-10	-0.000267547
4.19333e-10	-0.000267899
4.19374e-10	-0.000268252
4.19416e-10	-0.000268604
4.19457e-10	-0.000268956
4.19499e-10	-0.000269308
4.1954e-10	-0.00026966
4.19582e-10	-0.000270013
4.19623e-10	-0.000270365
4.19665e-10	-0.000270717
4.19706e-10	-0.000271069
4.19748e-10	-0.000271421
4.19789e-10	-0.000271773
4.19831e-10	-0.000272125
4.19873e-10	-0.000272477
4.19914e-10	-0.000272829
4.19956e-10	-0.000273181
4.19997e-10	-0.000273533
4.20039e-10	-0.000273885
4.2008e-10	-0.000274237
4.20122e-10	-0.000274589
4.20163e-10	-0.000274941
4.20205e-10	-0.000275293
4.20246e-10	-0.000275645
4.20288e-10	-0.000275996
4.20329e-10	-0.000276348
4.20371e-10	-0.0002767
4.20412e-10	-0.000277052
4.20454e-10	-0.000277404
4.20495e-10	-0.000277755
4.20537e-10	-0.000278107
4.20579e-10	-0.000278459
4.2062e-10	-0.000278811
4.20662e-10	-0.000279162
4.20703e-10	-0.000279514
4.20745e-10	-0.000279866
4.20786e-10	-0.000280217
4.20828e-10	-0.000280569
4.20869e-10	-0.00028092
4.20911e-10	-0.000281272
4.20952e-10	-0.000281623
4.20994e-10	-0.000281975
4.21035e-10	-0.000282327
4.21077e-10	-0.000282678
4.21118e-10	-0.000283029
4.2116e-10	-0.000283381
4.21201e-10	-0.000283732
4.21243e-10	-0.000284084
4.21284e-10	-0.000284435
4.21326e-10	-0.000284786
4.21368e-10	-0.000285138
4.21409e-10	-0.000285489
4.21451e-10	-0.00028584
4.21492e-10	-0.000286192
4.21534e-10	-0.000286543
4.21575e-10	-0.000286894
4.21617e-10	-0.000287245
4.21658e-10	-0.000287596
4.217e-10	-0.000287948
4.21741e-10	-0.000288299
4.21783e-10	-0.00028865
4.21824e-10	-0.000289001
4.21866e-10	-0.000289352
4.21907e-10	-0.000289703
4.21949e-10	-0.000290054
4.2199e-10	-0.000290405
4.22032e-10	-0.000290756
4.22074e-10	-0.000291107
4.22115e-10	-0.000291458
4.22157e-10	-0.000291809
4.22198e-10	-0.000292159
4.2224e-10	-0.00029251
4.22281e-10	-0.000292861
4.22323e-10	-0.000293212
4.22364e-10	-0.000293562
4.22406e-10	-0.000293913
4.22447e-10	-0.000294264
4.22489e-10	-0.000294615
4.2253e-10	-0.000294965
4.22572e-10	-0.000295316
4.22613e-10	-0.000295666
4.22655e-10	-0.000296017
4.22696e-10	-0.000296367
4.22738e-10	-0.000296718
4.2278e-10	-0.000297068
4.22821e-10	-0.000297419
4.22863e-10	-0.000297769
4.22904e-10	-0.00029812
4.22946e-10	-0.00029847
4.22987e-10	-0.00029882
4.23029e-10	-0.000299171
4.2307e-10	-0.000299521
4.23112e-10	-0.000299871
4.23153e-10	-0.000300221
4.23195e-10	-0.000300572
4.23236e-10	-0.000300922
4.23278e-10	-0.000301272
4.23319e-10	-0.000301622
4.23361e-10	-0.000301972
4.23402e-10	-0.000302322
4.23444e-10	-0.000302672
4.23485e-10	-0.000303022
4.23527e-10	-0.000303372
4.23569e-10	-0.000303722
4.2361e-10	-0.000304072
4.23652e-10	-0.000304422
4.23693e-10	-0.000304772
4.23735e-10	-0.000305121
4.23776e-10	-0.000305471
4.23818e-10	-0.000305821
4.23859e-10	-0.000306171
4.23901e-10	-0.00030652
4.23942e-10	-0.00030687
4.23984e-10	-0.000307219
4.24025e-10	-0.000307569
4.24067e-10	-0.000307919
4.24108e-10	-0.000308268
4.2415e-10	-0.000308618
4.24191e-10	-0.000308967
4.24233e-10	-0.000309316
4.24275e-10	-0.000309666
4.24316e-10	-0.000310015
4.24358e-10	-0.000310364
4.24399e-10	-0.000310714
4.24441e-10	-0.000311063
4.24482e-10	-0.000311412
4.24524e-10	-0.000311761
4.24565e-10	-0.00031211
4.24607e-10	-0.00031246
4.24648e-10	-0.000312809
4.2469e-10	-0.000313158
4.24731e-10	-0.000313507
4.24773e-10	-0.000313856
4.24814e-10	-0.000314204
4.24856e-10	-0.000314553
4.24897e-10	-0.000314902
4.24939e-10	-0.000315251
4.24981e-10	-0.0003156
4.25022e-10	-0.000315949
4.25064e-10	-0.000316297
4.25105e-10	-0.000316646
4.25147e-10	-0.000316995
4.25188e-10	-0.000317343
4.2523e-10	-0.000317692
4.25271e-10	-0.00031804
4.25313e-10	-0.000318389
4.25354e-10	-0.000318737
4.25396e-10	-0.000319086
4.25437e-10	-0.000319434
4.25479e-10	-0.000319782
4.2552e-10	-0.000320131
4.25562e-10	-0.000320479
4.25603e-10	-0.000320827
4.25645e-10	-0.000321175
4.25686e-10	-0.000321523
4.25728e-10	-0.000321871
4.2577e-10	-0.000322219
4.25811e-10	-0.000322568
4.25853e-10	-0.000322915
4.25894e-10	-0.000323263
4.25936e-10	-0.000323611
4.25977e-10	-0.000323959
4.26019e-10	-0.000324307
4.2606e-10	-0.000324655
4.26102e-10	-0.000325003
4.26143e-10	-0.00032535
4.26185e-10	-0.000325698
4.26226e-10	-0.000326046
4.26268e-10	-0.000326393
4.26309e-10	-0.000326741
4.26351e-10	-0.000327088
4.26392e-10	-0.000327436
4.26434e-10	-0.000327783
4.26476e-10	-0.00032813
4.26517e-10	-0.000328478
4.26559e-10	-0.000328825
4.266e-10	-0.000329172
4.26642e-10	-0.000329519
4.26683e-10	-0.000329867
4.26725e-10	-0.000330214
4.26766e-10	-0.000330561
4.26808e-10	-0.000330908
4.26849e-10	-0.000331255
4.26891e-10	-0.000331602
4.26932e-10	-0.000331949
4.26974e-10	-0.000332295
4.27015e-10	-0.000332642
4.27057e-10	-0.000332989
4.27098e-10	-0.000333336
4.2714e-10	-0.000333682
4.27182e-10	-0.000334029
4.27223e-10	-0.000334376
4.27265e-10	-0.000334722
4.27306e-10	-0.000335069
4.27348e-10	-0.000335415
4.27389e-10	-0.000335761
4.27431e-10	-0.000336108
4.27472e-10	-0.000336454
4.27514e-10	-0.0003368
4.27555e-10	-0.000337147
4.27597e-10	-0.000337493
4.27638e-10	-0.000337839
4.2768e-10	-0.000338185
4.27721e-10	-0.000338531
4.27763e-10	-0.000338877
4.27804e-10	-0.000339223
4.27846e-10	-0.000339569
4.27887e-10	-0.000339915
4.27929e-10	-0.000340261
4.27971e-10	-0.000340606
4.28012e-10	-0.000340952
4.28054e-10	-0.000341298
4.28095e-10	-0.000341643
4.28137e-10	-0.000341989
4.28178e-10	-0.000342334
4.2822e-10	-0.00034268
4.28261e-10	-0.000343025
4.28303e-10	-0.00034337
4.28344e-10	-0.000343716
4.28386e-10	-0.000344061
4.28427e-10	-0.000344406
4.28469e-10	-0.000344751
4.2851e-10	-0.000345097
4.28552e-10	-0.000345442
4.28593e-10	-0.000345787
4.28635e-10	-0.000346132
4.28677e-10	-0.000346476
4.28718e-10	-0.000346821
4.2876e-10	-0.000347166
4.28801e-10	-0.000347511
4.28843e-10	-0.000347856
4.28884e-10	-0.0003482
4.28926e-10	-0.000348545
4.28967e-10	-0.000348889
4.29009e-10	-0.000349234
4.2905e-10	-0.000349578
4.29092e-10	-0.000349923
4.29133e-10	-0.000350267
4.29175e-10	-0.000350611
4.29216e-10	-0.000350956
4.29258e-10	-0.0003513
4.29299e-10	-0.000351644
4.29341e-10	-0.000351988
4.29383e-10	-0.000352332
4.29424e-10	-0.000352676
4.29466e-10	-0.00035302
4.29507e-10	-0.000353364
4.29549e-10	-0.000353708
4.2959e-10	-0.000354051
4.29632e-10	-0.000354395
4.29673e-10	-0.000354739
4.29715e-10	-0.000355082
4.29756e-10	-0.000355426
4.29798e-10	-0.000355769
4.29839e-10	-0.000356113
4.29881e-10	-0.000356456
4.29922e-10	-0.000356799
4.29964e-10	-0.000357143
4.30005e-10	-0.000357486
4.30047e-10	-0.000357829
4.30088e-10	-0.000358172
4.3013e-10	-0.000358515
4.30172e-10	-0.000358858
4.30213e-10	-0.000359201
4.30255e-10	-0.000359544
4.30296e-10	-0.000359887
4.30338e-10	-0.000360229
4.30379e-10	-0.000360572
4.30421e-10	-0.000360915
4.30462e-10	-0.000361257
4.30504e-10	-0.0003616
4.30545e-10	-0.000361942
4.30587e-10	-0.000362285
4.30628e-10	-0.000362627
4.3067e-10	-0.000362969
4.30711e-10	-0.000363312
4.30753e-10	-0.000363654
4.30794e-10	-0.000363996
4.30836e-10	-0.000364338
4.30878e-10	-0.00036468
4.30919e-10	-0.000365022
4.30961e-10	-0.000365364
4.31002e-10	-0.000365705
4.31044e-10	-0.000366047
4.31085e-10	-0.000366389
4.31127e-10	-0.000366731
4.31168e-10	-0.000367072
4.3121e-10	-0.000367414
4.31251e-10	-0.000367755
4.31293e-10	-0.000368096
4.31334e-10	-0.000368438
4.31376e-10	-0.000368779
4.31417e-10	-0.00036912
4.31459e-10	-0.000369461
4.315e-10	-0.000369802
4.31542e-10	-0.000370143
4.31584e-10	-0.000370484
4.31625e-10	-0.000370825
4.31667e-10	-0.000371166
4.31708e-10	-0.000371507
4.3175e-10	-0.000371848
4.31791e-10	-0.000372188
4.31833e-10	-0.000372529
4.31874e-10	-0.000372869
4.31916e-10	-0.00037321
4.31957e-10	-0.00037355
4.31999e-10	-0.000373891
4.3204e-10	-0.000374231
4.32082e-10	-0.000374571
4.32123e-10	-0.000374911
4.32165e-10	-0.000375251
4.32206e-10	-0.000375591
4.32248e-10	-0.000375931
4.32289e-10	-0.000376271
4.32331e-10	-0.000376611
4.32373e-10	-0.000376951
4.32414e-10	-0.00037729
4.32456e-10	-0.00037763
4.32497e-10	-0.000377969
4.32539e-10	-0.000378309
4.3258e-10	-0.000378648
4.32622e-10	-0.000378988
4.32663e-10	-0.000379327
4.32705e-10	-0.000379666
4.32746e-10	-0.000380005
4.32788e-10	-0.000380344
4.32829e-10	-0.000380683
4.32871e-10	-0.000381022
4.32912e-10	-0.000381361
4.32954e-10	-0.0003817
4.32995e-10	-0.000382039
4.33037e-10	-0.000382377
4.33079e-10	-0.000382716
4.3312e-10	-0.000383055
4.33162e-10	-0.000383393
4.33203e-10	-0.000383731
4.33245e-10	-0.00038407
4.33286e-10	-0.000384408
4.33328e-10	-0.000384746
4.33369e-10	-0.000385084
4.33411e-10	-0.000385422
4.33452e-10	-0.00038576
4.33494e-10	-0.000386098
4.33535e-10	-0.000386436
4.33577e-10	-0.000386774
4.33618e-10	-0.000387112
4.3366e-10	-0.000387449
4.33701e-10	-0.000387787
4.33743e-10	-0.000388124
4.33785e-10	-0.000388462
4.33826e-10	-0.000388799
4.33868e-10	-0.000389136
4.33909e-10	-0.000389474
4.33951e-10	-0.000389811
4.33992e-10	-0.000390148
4.34034e-10	-0.000390485
4.34075e-10	-0.000390822
4.34117e-10	-0.000391159
4.34158e-10	-0.000391495
4.342e-10	-0.000391832
4.34241e-10	-0.000392169
4.34283e-10	-0.000392505
4.34324e-10	-0.000392842
4.34366e-10	-0.000393178
4.34407e-10	-0.000393514
4.34449e-10	-0.000393851
4.34491e-10	-0.000394187
4.34532e-10	-0.000394523
4.34574e-10	-0.000394859
4.34615e-10	-0.000395195
4.34657e-10	-0.000395531
4.34698e-10	-0.000395867
4.3474e-10	-0.000396203
4.34781e-10	-0.000396538
4.34823e-10	-0.000396874
4.34864e-10	-0.000397209
4.34906e-10	-0.000397545
4.34947e-10	-0.00039788
4.34989e-10	-0.000398215
4.3503e-10	-0.000398551
4.35072e-10	-0.000398886
4.35113e-10	-0.000399221
4.35155e-10	-0.000399556
4.35196e-10	-0.000399891
4.35238e-10	-0.000400226
4.3528e-10	-0.00040056
4.35321e-10	-0.000400895
4.35363e-10	-0.00040123
4.35404e-10	-0.000401564
4.35446e-10	-0.000401899
4.35487e-10	-0.000402233
4.35529e-10	-0.000402567
4.3557e-10	-0.000402901
4.35612e-10	-0.000403236
4.35653e-10	-0.00040357
4.35695e-10	-0.000403904
4.35736e-10	-0.000404238
4.35778e-10	-0.000404571
4.35819e-10	-0.000404905
4.35861e-10	-0.000405239
4.35902e-10	-0.000405572
4.35944e-10	-0.000405906
4.35986e-10	-0.000406239
4.36027e-10	-0.000406573
4.36069e-10	-0.000406906
4.3611e-10	-0.000407239
4.36152e-10	-0.000407572
4.36193e-10	-0.000407905
4.36235e-10	-0.000408238
4.36276e-10	-0.000408571
4.36318e-10	-0.000408904
4.36359e-10	-0.000409237
4.36401e-10	-0.000409569
4.36442e-10	-0.000409902
4.36484e-10	-0.000410234
4.36525e-10	-0.000410567
4.36567e-10	-0.000410899
4.36608e-10	-0.000411231
4.3665e-10	-0.000411563
4.36692e-10	-0.000411895
4.36733e-10	-0.000412227
4.36775e-10	-0.000412559
4.36816e-10	-0.000412891
4.36858e-10	-0.000413223
4.36899e-10	-0.000413554
4.36941e-10	-0.000413886
4.36982e-10	-0.000414217
4.37024e-10	-0.000414549
4.37065e-10	-0.00041488
4.37107e-10	-0.000415211
4.37148e-10	-0.000415542
4.3719e-10	-0.000415873
4.37231e-10	-0.000416204
4.37273e-10	-0.000416535
4.37314e-10	-0.000416866
4.37356e-10	-0.000417197
4.37397e-10	-0.000417527
4.37439e-10	-0.000417858
4.37481e-10	-0.000418188
4.37522e-10	-0.000418518
4.37564e-10	-0.000418849
4.37605e-10	-0.000419179
4.37647e-10	-0.000419509
4.37688e-10	-0.000419839
4.3773e-10	-0.000420169
4.37771e-10	-0.000420499
4.37813e-10	-0.000420829
4.37854e-10	-0.000421158
4.37896e-10	-0.000421488
4.37937e-10	-0.000421817
4.37979e-10	-0.000422147
4.3802e-10	-0.000422476
4.38062e-10	-0.000422805
4.38103e-10	-0.000423134
4.38145e-10	-0.000423463
4.38187e-10	-0.000423792
4.38228e-10	-0.000424121
4.3827e-10	-0.00042445
4.38311e-10	-0.000424779
4.38353e-10	-0.000425107
4.38394e-10	-0.000425436
4.38436e-10	-0.000425764
4.38477e-10	-0.000426093
4.38519e-10	-0.000426421
4.3856e-10	-0.000426749
4.38602e-10	-0.000427077
4.38643e-10	-0.000427405
4.38685e-10	-0.000427733
4.38726e-10	-0.000428061
4.38768e-10	-0.000428388
4.38809e-10	-0.000428716
4.38851e-10	-0.000429043
4.38893e-10	-0.000429371
4.38934e-10	-0.000429698
4.38976e-10	-0.000430025
4.39017e-10	-0.000430353
4.39059e-10	-0.00043068
4.391e-10	-0.000431007
4.39142e-10	-0.000431334
4.39183e-10	-0.00043166
4.39225e-10	-0.000431987
4.39266e-10	-0.000432314
4.39308e-10	-0.00043264
4.39349e-10	-0.000432967
4.39391e-10	-0.000433293
4.39432e-10	-0.000433619
4.39474e-10	-0.000433945
4.39515e-10	-0.000434271
4.39557e-10	-0.000434597
4.39598e-10	-0.000434923
4.3964e-10	-0.000435249
4.39682e-10	-0.000435574
4.39723e-10	-0.0004359
4.39765e-10	-0.000436225
4.39806e-10	-0.000436551
4.39848e-10	-0.000436876
4.39889e-10	-0.000437201
4.39931e-10	-0.000437526
4.39972e-10	-0.000437851
4.40014e-10	-0.000438176
4.40055e-10	-0.000438501
4.40097e-10	-0.000438826
4.40138e-10	-0.00043915
4.4018e-10	-0.000439475
4.40221e-10	-0.000439799
4.40263e-10	-0.000440124
4.40304e-10	-0.000440448
4.40346e-10	-0.000440772
4.40388e-10	-0.000441096
4.40429e-10	-0.00044142
4.40471e-10	-0.000441744
4.40512e-10	-0.000442067
4.40554e-10	-0.000442391
4.40595e-10	-0.000442715
4.40637e-10	-0.000443038
4.40678e-10	-0.000443361
4.4072e-10	-0.000443685
4.40761e-10	-0.000444008
4.40803e-10	-0.000444331
4.40844e-10	-0.000444654
4.40886e-10	-0.000444976
4.40927e-10	-0.000445299
4.40969e-10	-0.000445622
4.4101e-10	-0.000445944
4.41052e-10	-0.000446267
4.41094e-10	-0.000446589
4.41135e-10	-0.000446911
4.41177e-10	-0.000447234
4.41218e-10	-0.000447556
4.4126e-10	-0.000447878
4.41301e-10	-0.000448199
4.41343e-10	-0.000448521
4.41384e-10	-0.000448843
4.41426e-10	-0.000449164
4.41467e-10	-0.000449486
4.41509e-10	-0.000449807
4.4155e-10	-0.000450128
4.41592e-10	-0.000450449
4.41633e-10	-0.00045077
4.41675e-10	-0.000451091
4.41716e-10	-0.000451412
4.41758e-10	-0.000451733
4.41799e-10	-0.000452053
4.41841e-10	-0.000452374
4.41883e-10	-0.000452694
4.41924e-10	-0.000453015
4.41966e-10	-0.000453335
4.42007e-10	-0.000453655
4.42049e-10	-0.000453975
4.4209e-10	-0.000454295
4.42132e-10	-0.000454614
4.42173e-10	-0.000454934
4.42215e-10	-0.000455254
4.42256e-10	-0.000455573
4.42298e-10	-0.000455893
4.42339e-10	-0.000456212
4.42381e-10	-0.000456531
4.42422e-10	-0.00045685
4.42464e-10	-0.000457169
4.42505e-10	-0.000457488
4.42547e-10	-0.000457806
4.42589e-10	-0.000458125
4.4263e-10	-0.000458444
4.42672e-10	-0.000458762
4.42713e-10	-0.00045908
4.42755e-10	-0.000459398
4.42796e-10	-0.000459716
4.42838e-10	-0.000460034
4.42879e-10	-0.000460352
4.42921e-10	-0.00046067
4.42962e-10	-0.000460988
4.43004e-10	-0.000461305
4.43045e-10	-0.000461623
4.43087e-10	-0.00046194
4.43128e-10	-0.000462257
4.4317e-10	-0.000462574
4.43211e-10	-0.000462891
4.43253e-10	-0.000463208
4.43295e-10	-0.000463525
4.43336e-10	-0.000463842
4.43378e-10	-0.000464158
4.43419e-10	-0.000464475
4.43461e-10	-0.000464791
4.43502e-10	-0.000465107
4.43544e-10	-0.000465423
4.43585e-10	-0.000465739
4.43627e-10	-0.000466055
4.43668e-10	-0.000466371
4.4371e-10	-0.000466687
4.43751e-10	-0.000467002
4.43793e-10	-0.000467318
4.43834e-10	-0.000467633
4.43876e-10	-0.000467948
4.43917e-10	-0.000468263
4.43959e-10	-0.000468578
4.44e-10	-0.000468893
4.44042e-10	-0.000469208
4.44084e-10	-0.000469523
4.44125e-10	-0.000469837
4.44167e-10	-0.000470152
4.44208e-10	-0.000470466
4.4425e-10	-0.00047078
4.44291e-10	-0.000471094
4.44333e-10	-0.000471408
4.44374e-10	-0.000471722
4.44416e-10	-0.000472036
4.44457e-10	-0.00047235
4.44499e-10	-0.000472663
4.4454e-10	-0.000472977
4.44582e-10	-0.00047329
4.44623e-10	-0.000473603
4.44665e-10	-0.000473916
4.44706e-10	-0.000474229
4.44748e-10	-0.000474542
4.4479e-10	-0.000474855
4.44831e-10	-0.000475167
4.44873e-10	-0.00047548
4.44914e-10	-0.000475792
4.44956e-10	-0.000476104
4.44997e-10	-0.000476417
4.45039e-10	-0.000476729
4.4508e-10	-0.000477041
4.45122e-10	-0.000477352
4.45163e-10	-0.000477664
4.45205e-10	-0.000477976
4.45246e-10	-0.000478287
4.45288e-10	-0.000478598
4.45329e-10	-0.00047891
4.45371e-10	-0.000479221
4.45412e-10	-0.000479532
4.45454e-10	-0.000479843
4.45496e-10	-0.000480153
4.45537e-10	-0.000480464
4.45579e-10	-0.000480774
4.4562e-10	-0.000481085
4.45662e-10	-0.000481395
4.45703e-10	-0.000481705
4.45745e-10	-0.000482015
4.45786e-10	-0.000482325
4.45828e-10	-0.000482635
4.45869e-10	-0.000482945
4.45911e-10	-0.000483254
4.45952e-10	-0.000483564
4.45994e-10	-0.000483873
4.46035e-10	-0.000484182
4.46077e-10	-0.000484491
4.46118e-10	-0.0004848
4.4616e-10	-0.000485109
4.46202e-10	-0.000485418
4.46243e-10	-0.000485726
4.46285e-10	-0.000486035
4.46326e-10	-0.000486343
4.46368e-10	-0.000486651
4.46409e-10	-0.000486959
4.46451e-10	-0.000487267
4.46492e-10	-0.000487575
4.46534e-10	-0.000487883
4.46575e-10	-0.000488191
4.46617e-10	-0.000488498
4.46658e-10	-0.000488806
4.467e-10	-0.000489113
4.46741e-10	-0.00048942
4.46783e-10	-0.000489727
4.46824e-10	-0.000490034
4.46866e-10	-0.000490341
4.46907e-10	-0.000490647
4.46949e-10	-0.000490954
4.46991e-10	-0.00049126
4.47032e-10	-0.000491566
4.47074e-10	-0.000491872
4.47115e-10	-0.000492178
4.47157e-10	-0.000492484
4.47198e-10	-0.00049279
4.4724e-10	-0.000493096
4.47281e-10	-0.000493401
4.47323e-10	-0.000493707
4.47364e-10	-0.000494012
4.47406e-10	-0.000494317
4.47447e-10	-0.000494622
4.47489e-10	-0.000494927
4.4753e-10	-0.000495232
4.47572e-10	-0.000495536
4.47613e-10	-0.000495841
4.47655e-10	-0.000496145
4.47697e-10	-0.000496449
4.47738e-10	-0.000496753
4.4778e-10	-0.000497057
4.47821e-10	-0.000497361
4.47863e-10	-0.000497665
4.47904e-10	-0.000497969
4.47946e-10	-0.000498272
4.47987e-10	-0.000498575
4.48029e-10	-0.000498879
4.4807e-10	-0.000499182
4.48112e-10	-0.000499485
4.48153e-10	-0.000499788
4.48195e-10	-0.00050009
4.48236e-10	-0.000500393
4.48278e-10	-0.000500695
4.48319e-10	-0.000500998
4.48361e-10	-0.0005013
4.48403e-10	-0.000501602
4.48444e-10	-0.000501904
4.48486e-10	-0.000502205
4.48527e-10	-0.000502507
4.48569e-10	-0.000502809
4.4861e-10	-0.00050311
4.48652e-10	-0.000503411
4.48693e-10	-0.000503713
4.48735e-10	-0.000504014
4.48776e-10	-0.000504314
4.48818e-10	-0.000504615
4.48859e-10	-0.000504916
4.48901e-10	-0.000505216
4.48942e-10	-0.000505517
4.48984e-10	-0.000505817
4.49025e-10	-0.000506117
4.49067e-10	-0.000506417
4.49108e-10	-0.000506717
4.4915e-10	-0.000507016
4.49192e-10	-0.000507316
4.49233e-10	-0.000507615
4.49275e-10	-0.000507915
4.49316e-10	-0.000508214
4.49358e-10	-0.000508513
4.49399e-10	-0.000508812
4.49441e-10	-0.00050911
4.49482e-10	-0.000509409
4.49524e-10	-0.000509707
4.49565e-10	-0.000510006
4.49607e-10	-0.000510304
4.49648e-10	-0.000510602
4.4969e-10	-0.0005109
4.49731e-10	-0.000511198
4.49773e-10	-0.000511496
4.49814e-10	-0.000511793
4.49856e-10	-0.000512091
4.49898e-10	-0.000512388
4.49939e-10	-0.000512685
4.49981e-10	-0.000512982
4.50022e-10	-0.000513279
4.50064e-10	-0.000513576
4.50105e-10	-0.000513872
4.50147e-10	-0.000514169
4.50188e-10	-0.000514465
4.5023e-10	-0.000514761
4.50271e-10	-0.000515057
4.50313e-10	-0.000515353
4.50354e-10	-0.000515649
4.50396e-10	-0.000515944
4.50437e-10	-0.00051624
4.50479e-10	-0.000516535
4.5052e-10	-0.00051683
4.50562e-10	-0.000517125
4.50604e-10	-0.00051742
4.50645e-10	-0.000517715
4.50687e-10	-0.00051801
4.50728e-10	-0.000518304
4.5077e-10	-0.000518599
4.50811e-10	-0.000518893
4.50853e-10	-0.000519187
4.50894e-10	-0.000519481
4.50936e-10	-0.000519775
4.50977e-10	-0.000520068
4.51019e-10	-0.000520362
4.5106e-10	-0.000520655
4.51102e-10	-0.000520949
4.51143e-10	-0.000521242
4.51185e-10	-0.000521535
4.51226e-10	-0.000521827
4.51268e-10	-0.00052212
4.51309e-10	-0.000522413
4.51351e-10	-0.000522705
4.51393e-10	-0.000522997
4.51434e-10	-0.000523289
4.51476e-10	-0.000523581
4.51517e-10	-0.000523873
4.51559e-10	-0.000524165
4.516e-10	-0.000524457
4.51642e-10	-0.000524748
4.51683e-10	-0.000525039
4.51725e-10	-0.00052533
4.51766e-10	-0.000525621
4.51808e-10	-0.000525912
4.51849e-10	-0.000526203
4.51891e-10	-0.000526493
4.51932e-10	-0.000526784
4.51974e-10	-0.000527074
4.52015e-10	-0.000527364
4.52057e-10	-0.000527654
4.52099e-10	-0.000527944
4.5214e-10	-0.000528234
4.52182e-10	-0.000528523
4.52223e-10	-0.000528813
4.52265e-10	-0.000529102
4.52306e-10	-0.000529391
4.52348e-10	-0.00052968
4.52389e-10	-0.000529969
4.52431e-10	-0.000530257
4.52472e-10	-0.000530546
4.52514e-10	-0.000530834
4.52555e-10	-0.000531122
4.52597e-10	-0.00053141
4.52638e-10	-0.000531698
4.5268e-10	-0.000531986
4.52721e-10	-0.000532274
4.52763e-10	-0.000532561
4.52805e-10	-0.000532849
4.52846e-10	-0.000533136
4.52888e-10	-0.000533423
4.52929e-10	-0.00053371
4.52971e-10	-0.000533996
4.53012e-10	-0.000534283
4.53054e-10	-0.000534569
4.53095e-10	-0.000534856
4.53137e-10	-0.000535142
4.53178e-10	-0.000535428
4.5322e-10	-0.000535714
4.53261e-10	-0.000535999
4.53303e-10	-0.000536285
4.53344e-10	-0.00053657
4.53386e-10	-0.000536856
4.53427e-10	-0.000537141
4.53469e-10	-0.000537426
4.5351e-10	-0.000537711
4.53552e-10	-0.000537995
4.53594e-10	-0.00053828
4.53635e-10	-0.000538564
4.53677e-10	-0.000538848
4.53718e-10	-0.000539132
4.5376e-10	-0.000539416
4.53801e-10	-0.0005397
4.53843e-10	-0.000539984
4.53884e-10	-0.000540267
4.53926e-10	-0.00054055
4.53967e-10	-0.000540833
4.54009e-10	-0.000541116
4.5405e-10	-0.000541399
4.54092e-10	-0.000541682
4.54133e-10	-0.000541964
4.54175e-10	-0.000542247
4.54216e-10	-0.000542529
4.54258e-10	-0.000542811
4.543e-10	-0.000543093
4.54341e-10	-0.000543375
4.54383e-10	-0.000543656
4.54424e-10	-0.000543938
4.54466e-10	-0.000544219
4.54507e-10	-0.0005445
4.54549e-10	-0.000544781
4.5459e-10	-0.000545062
4.54632e-10	-0.000545343
4.54673e-10	-0.000545623
4.54715e-10	-0.000545904
4.54756e-10	-0.000546184
4.54798e-10	-0.000546464
4.54839e-10	-0.000546744
4.54881e-10	-0.000547023
4.54922e-10	-0.000547303
4.54964e-10	-0.000547583
4.55006e-10	-0.000547862
4.55047e-10	-0.000548141
4.55089e-10	-0.00054842
4.5513e-10	-0.000548699
4.55172e-10	-0.000548977
4.55213e-10	-0.000549256
4.55255e-10	-0.000549534
4.55296e-10	-0.000549812
4.55338e-10	-0.00055009
4.55379e-10	-0.000550368
4.55421e-10	-0.000550646
4.55462e-10	-0.000550923
4.55504e-10	-0.000551201
4.55545e-10	-0.000551478
4.55587e-10	-0.000551755
4.55628e-10	-0.000552032
4.5567e-10	-0.000552309
4.55711e-10	-0.000552585
4.55753e-10	-0.000552862
4.55795e-10	-0.000553138
4.55836e-10	-0.000553414
4.55878e-10	-0.00055369
4.55919e-10	-0.000553966
4.55961e-10	-0.000554242
4.56002e-10	-0.000554517
4.56044e-10	-0.000554792
4.56085e-10	-0.000555067
4.56127e-10	-0.000555342
4.56168e-10	-0.000555617
4.5621e-10	-0.000555892
4.56251e-10	-0.000556166
4.56293e-10	-0.000556441
4.56334e-10	-0.000556715
4.56376e-10	-0.000556989
4.56417e-10	-0.000557263
4.56459e-10	-0.000557537
4.56501e-10	-0.00055781
4.56542e-10	-0.000558084
4.56584e-10	-0.000558357
4.56625e-10	-0.00055863
4.56667e-10	-0.000558903
4.56708e-10	-0.000559175
4.5675e-10	-0.000559448
4.56791e-10	-0.00055972
4.56833e-10	-0.000559993
4.56874e-10	-0.000560265
4.56916e-10	-0.000560537
4.56957e-10	-0.000560808
4.56999e-10	-0.00056108
4.5704e-10	-0.000561351
4.57082e-10	-0.000561622
4.57123e-10	-0.000561894
4.57165e-10	-0.000562164
4.57207e-10	-0.000562435
4.57248e-10	-0.000562706
4.5729e-10	-0.000562976
4.57331e-10	-0.000563246
4.57373e-10	-0.000563517
4.57414e-10	-0.000563786
4.57456e-10	-0.000564056
4.57497e-10	-0.000564326
4.57539e-10	-0.000564595
4.5758e-10	-0.000564865
4.57622e-10	-0.000565134
4.57663e-10	-0.000565403
4.57705e-10	-0.000565671
4.57746e-10	-0.00056594
4.57788e-10	-0.000566208
4.57829e-10	-0.000566477
4.57871e-10	-0.000566745
4.57912e-10	-0.000567013
4.57954e-10	-0.00056728
4.57996e-10	-0.000567548
4.58037e-10	-0.000567815
4.58079e-10	-0.000568083
4.5812e-10	-0.00056835
4.58162e-10	-0.000568617
4.58203e-10	-0.000568883
4.58245e-10	-0.00056915
4.58286e-10	-0.000569416
4.58328e-10	-0.000569683
4.58369e-10	-0.000569949
4.58411e-10	-0.000570214
4.58452e-10	-0.00057048
4.58494e-10	-0.000570746
4.58535e-10	-0.000571011
4.58577e-10	-0.000571276
4.58618e-10	-0.000571541
4.5866e-10	-0.000571806
4.58702e-10	-0.000572071
4.58743e-10	-0.000572335
4.58785e-10	-0.0005726
4.58826e-10	-0.000572864
4.58868e-10	-0.000573128
4.58909e-10	-0.000573392
4.58951e-10	-0.000573656
4.58992e-10	-0.000573919
4.59034e-10	-0.000574182
4.59075e-10	-0.000574446
4.59117e-10	-0.000574709
4.59158e-10	-0.000574971
4.592e-10	-0.000575234
4.59241e-10	-0.000575496
4.59283e-10	-0.000575759
4.59324e-10	-0.000576021
4.59366e-10	-0.000576283
4.59408e-10	-0.000576544
4.59449e-10	-0.000576806
4.59491e-10	-0.000577067
4.59532e-10	-0.000577329
4.59574e-10	-0.00057759
4.59615e-10	-0.000577851
4.59657e-10	-0.000578111
4.59698e-10	-0.000578372
4.5974e-10	-0.000578632
4.59781e-10	-0.000578893
4.59823e-10	-0.000579153
4.59864e-10	-0.000579412
4.59906e-10	-0.000579672
4.59947e-10	-0.000579932
4.59989e-10	-0.000580191
4.6003e-10	-0.00058045
4.60072e-10	-0.000580709
4.60114e-10	-0.000580968
4.60155e-10	-0.000581226
4.60197e-10	-0.000581485
4.60238e-10	-0.000581743
4.6028e-10	-0.000582001
4.60321e-10	-0.000582259
4.60363e-10	-0.000582517
4.60404e-10	-0.000582774
4.60446e-10	-0.000583032
4.60487e-10	-0.000583289
4.60529e-10	-0.000583546
4.6057e-10	-0.000583803
4.60612e-10	-0.000584059
4.60653e-10	-0.000584316
4.60695e-10	-0.000584572
4.60736e-10	-0.000584828
4.60778e-10	-0.000585084
4.60819e-10	-0.00058534
4.60861e-10	-0.000585596
4.60903e-10	-0.000585851
4.60944e-10	-0.000586106
4.60986e-10	-0.000586361
4.61027e-10	-0.000586616
4.61069e-10	-0.000586871
4.6111e-10	-0.000587125
4.61152e-10	-0.00058738
4.61193e-10	-0.000587634
4.61235e-10	-0.000587888
4.61276e-10	-0.000588142
4.61318e-10	-0.000588395
4.61359e-10	-0.000588649
4.61401e-10	-0.000588902
4.61442e-10	-0.000589155
4.61484e-10	-0.000589408
4.61525e-10	-0.00058966
4.61567e-10	-0.000589913
4.61609e-10	-0.000590165
4.6165e-10	-0.000590417
4.61692e-10	-0.000590669
4.61733e-10	-0.000590921
4.61775e-10	-0.000591173
4.61816e-10	-0.000591424
4.61858e-10	-0.000591675
4.61899e-10	-0.000591927
4.61941e-10	-0.000592177
4.61982e-10	-0.000592428
4.62024e-10	-0.000592679
4.62065e-10	-0.000592929
4.62107e-10	-0.000593179
4.62148e-10	-0.000593429
4.6219e-10	-0.000593679
4.62231e-10	-0.000593928
4.62273e-10	-0.000594178
4.62315e-10	-0.000594427
4.62356e-10	-0.000594676
4.62398e-10	-0.000594925
4.62439e-10	-0.000595173
4.62481e-10	-0.000595422
4.62522e-10	-0.00059567
4.62564e-10	-0.000595918
4.62605e-10	-0.000596166
4.62647e-10	-0.000596414
4.62688e-10	-0.000596661
4.6273e-10	-0.000596909
4.62771e-10	-0.000597156
4.62813e-10	-0.000597403
4.62854e-10	-0.00059765
4.62896e-10	-0.000597896
4.62937e-10	-0.000598143
4.62979e-10	-0.000598389
4.6302e-10	-0.000598635
4.63062e-10	-0.000598881
4.63104e-10	-0.000599126
4.63145e-10	-0.000599372
4.63187e-10	-0.000599617
4.63228e-10	-0.000599862
4.6327e-10	-0.000600107
4.63311e-10	-0.000600352
4.63353e-10	-0.000600596
4.63394e-10	-0.000600841
4.63436e-10	-0.000601085
4.63477e-10	-0.000601329
4.63519e-10	-0.000601573
4.6356e-10	-0.000601816
4.63602e-10	-0.00060206
4.63643e-10	-0.000602303
4.63685e-10	-0.000602546
4.63726e-10	-0.000602789
4.63768e-10	-0.000603031
4.6381e-10	-0.000603274
4.63851e-10	-0.000603516
4.63893e-10	-0.000603758
4.63934e-10	-0.000604
4.63976e-10	-0.000604242
4.64017e-10	-0.000604483
4.64059e-10	-0.000604724
4.641e-10	-0.000604965
4.64142e-10	-0.000605206
4.64183e-10	-0.000605447
4.64225e-10	-0.000605687
4.64266e-10	-0.000605928
4.64308e-10	-0.000606168
4.64349e-10	-0.000606408
4.64391e-10	-0.000606648
4.64432e-10	-0.000606887
4.64474e-10	-0.000607127
4.64516e-10	-0.000607366
4.64557e-10	-0.000607605
4.64599e-10	-0.000607844
4.6464e-10	-0.000608082
4.64682e-10	-0.00060832
4.64723e-10	-0.000608559
4.64765e-10	-0.000608797
4.64806e-10	-0.000609034
4.64848e-10	-0.000609272
4.64889e-10	-0.00060951
4.64931e-10	-0.000609747
4.64972e-10	-0.000609984
4.65014e-10	-0.000610221
4.65055e-10	-0.000610457
4.65097e-10	-0.000610694
4.65138e-10	-0.00061093
4.6518e-10	-0.000611166
4.65221e-10	-0.000611402
4.65263e-10	-0.000611638
4.65305e-10	-0.000611873
4.65346e-10	-0.000612108
4.65388e-10	-0.000612343
4.65429e-10	-0.000612578
4.65471e-10	-0.000612813
4.65512e-10	-0.000613047
4.65554e-10	-0.000613282
4.65595e-10	-0.000613516
4.65637e-10	-0.00061375
4.65678e-10	-0.000613983
4.6572e-10	-0.000614217
4.65761e-10	-0.00061445
4.65803e-10	-0.000614683
4.65844e-10	-0.000614916
4.65886e-10	-0.000615149
4.65927e-10	-0.000615381
4.65969e-10	-0.000615614
4.66011e-10	-0.000615846
4.66052e-10	-0.000616078
4.66094e-10	-0.000616309
4.66135e-10	-0.000616541
4.66177e-10	-0.000616772
4.66218e-10	-0.000617003
4.6626e-10	-0.000617234
4.66301e-10	-0.000617465
4.66343e-10	-0.000617695
4.66384e-10	-0.000617926
4.66426e-10	-0.000618156
4.66467e-10	-0.000618386
4.66509e-10	-0.000618615
4.6655e-10	-0.000618845
4.66592e-10	-0.000619074
4.66633e-10	-0.000619303
4.66675e-10	-0.000619532
4.66717e-10	-0.000619761
4.66758e-10	-0.000619989
4.668e-10	-0.000620218
4.66841e-10	-0.000620446
4.66883e-10	-0.000620674
4.66924e-10	-0.000620901
4.66966e-10	-0.000621129
4.67007e-10	-0.000621356
4.67049e-10	-0.000621583
4.6709e-10	-0.00062181
4.67132e-10	-0.000622037
4.67173e-10	-0.000622263
4.67215e-10	-0.000622489
4.67256e-10	-0.000622715
4.67298e-10	-0.000622941
4.67339e-10	-0.000623167
4.67381e-10	-0.000623392
4.67422e-10	-0.000623618
4.67464e-10	-0.000623843
4.67506e-10	-0.000624067
4.67547e-10	-0.000624292
4.67589e-10	-0.000624517
4.6763e-10	-0.000624741
4.67672e-10	-0.000624965
4.67713e-10	-0.000625189
4.67755e-10	-0.000625412
4.67796e-10	-0.000625636
4.67838e-10	-0.000625859
4.67879e-10	-0.000626082
4.67921e-10	-0.000626304
4.67962e-10	-0.000626527
4.68004e-10	-0.000626749
4.68045e-10	-0.000626972
4.68087e-10	-0.000627194
4.68128e-10	-0.000627415
4.6817e-10	-0.000627637
4.68212e-10	-0.000627858
4.68253e-10	-0.000628079
4.68295e-10	-0.0006283
4.68336e-10	-0.000628521
4.68378e-10	-0.000628741
4.68419e-10	-0.000628962
4.68461e-10	-0.000629182
4.68502e-10	-0.000629402
4.68544e-10	-0.000629621
4.68585e-10	-0.000629841
4.68627e-10	-0.00063006
4.68668e-10	-0.000630279
4.6871e-10	-0.000630498
4.68751e-10	-0.000630716
4.68793e-10	-0.000630935
4.68834e-10	-0.000631153
4.68876e-10	-0.000631371
4.68918e-10	-0.000631589
4.68959e-10	-0.000631806
4.69001e-10	-0.000632024
4.69042e-10	-0.000632241
4.69084e-10	-0.000632458
4.69125e-10	-0.000632675
4.69167e-10	-0.000632891
4.69208e-10	-0.000633107
4.6925e-10	-0.000633323
4.69291e-10	-0.000633539
4.69333e-10	-0.000633755
4.69374e-10	-0.00063397
4.69416e-10	-0.000634186
4.69457e-10	-0.000634401
4.69499e-10	-0.000634616
4.6954e-10	-0.00063483
4.69582e-10	-0.000635045
4.69623e-10	-0.000635259
4.69665e-10	-0.000635473
4.69707e-10	-0.000635687
4.69748e-10	-0.0006359
4.6979e-10	-0.000636113
4.69831e-10	-0.000636326
4.69873e-10	-0.000636539
4.69914e-10	-0.000636752
4.69956e-10	-0.000636965
4.69997e-10	-0.000637177
4.70039e-10	-0.000637389
4.7008e-10	-0.000637601
4.70122e-10	-0.000637812
4.70163e-10	-0.000638024
4.70205e-10	-0.000638235
4.70246e-10	-0.000638446
4.70288e-10	-0.000638657
4.70329e-10	-0.000638867
4.70371e-10	-0.000639078
4.70413e-10	-0.000639288
4.70454e-10	-0.000639498
4.70496e-10	-0.000639707
4.70537e-10	-0.000639917
4.70579e-10	-0.000640126
4.7062e-10	-0.000640335
4.70662e-10	-0.000640544
4.70703e-10	-0.000640752
4.70745e-10	-0.000640961
4.70786e-10	-0.000641169
4.70828e-10	-0.000641377
4.70869e-10	-0.000641585
4.70911e-10	-0.000641792
4.70952e-10	-0.000642
4.70994e-10	-0.000642207
4.71035e-10	-0.000642414
4.71077e-10	-0.00064262
4.71119e-10	-0.000642827
4.7116e-10	-0.000643033
4.71202e-10	-0.000643239
4.71243e-10	-0.000643445
4.71285e-10	-0.00064365
4.71326e-10	-0.000643855
4.71368e-10	-0.000644061
4.71409e-10	-0.000644265
4.71451e-10	-0.00064447
4.71492e-10	-0.000644675
4.71534e-10	-0.000644879
4.71575e-10	-0.000645083
4.71617e-10	-0.000645287
4.71658e-10	-0.00064549
4.717e-10	-0.000645694
4.71741e-10	-0.000645897
4.71783e-10	-0.0006461
4.71825e-10	-0.000646302
4.71866e-10	-0.000646505
4.71908e-10	-0.000646707
4.71949e-10	-0.000646909
4.71991e-10	-0.000647111
4.72032e-10	-0.000647313
4.72074e-10	-0.000647514
4.72115e-10	-0.000647715
4.72157e-10	-0.000647916
4.72198e-10	-0.000648117
4.7224e-10	-0.000648317
4.72281e-10	-0.000648518
4.72323e-10	-0.000648718
4.72364e-10	-0.000648917
4.72406e-10	-0.000649117
4.72447e-10	-0.000649316
4.72489e-10	-0.000649516
4.7253e-10	-0.000649715
4.72572e-10	-0.000649913
4.72614e-10	-0.000650112
4.72655e-10	-0.00065031
4.72697e-10	-0.000650508
4.72738e-10	-0.000650706
4.7278e-10	-0.000650903
4.72821e-10	-0.000651101
4.72863e-10	-0.000651298
4.72904e-10	-0.000651495
4.72946e-10	-0.000651692
4.72987e-10	-0.000651888
4.73029e-10	-0.000652084
4.7307e-10	-0.00065228
4.73112e-10	-0.000652476
4.73153e-10	-0.000652672
4.73195e-10	-0.000652867
4.73236e-10	-0.000653062
4.73278e-10	-0.000653257
4.7332e-10	-0.000653452
4.73361e-10	-0.000653646
4.73403e-10	-0.00065384
4.73444e-10	-0.000654034
4.73486e-10	-0.000654228
4.73527e-10	-0.000654422
4.73569e-10	-0.000654615
4.7361e-10	-0.000654808
4.73652e-10	-0.000655001
4.73693e-10	-0.000655193
4.73735e-10	-0.000655386
4.73776e-10	-0.000655578
4.73818e-10	-0.00065577
4.73859e-10	-0.000655962
4.73901e-10	-0.000656153
4.73942e-10	-0.000656344
4.73984e-10	-0.000656535
4.74026e-10	-0.000656726
4.74067e-10	-0.000656917
4.74109e-10	-0.000657107
4.7415e-10	-0.000657297
4.74192e-10	-0.000657487
4.74233e-10	-0.000657677
4.74275e-10	-0.000657866
4.74316e-10	-0.000658055
4.74358e-10	-0.000658244
4.74399e-10	-0.000658433
4.74441e-10	-0.000658622
4.74482e-10	-0.00065881
4.74524e-10	-0.000658998
4.74565e-10	-0.000659186
4.74607e-10	-0.000659373
4.74648e-10	-0.000659561
4.7469e-10	-0.000659748
4.74731e-10	-0.000659935
4.74773e-10	-0.000660121
4.74815e-10	-0.000660308
4.74856e-10	-0.000660494
4.74898e-10	-0.00066068
4.74939e-10	-0.000660866
4.74981e-10	-0.000661051
4.75022e-10	-0.000661237
4.75064e-10	-0.000661422
4.75105e-10	-0.000661606
4.75147e-10	-0.000661791
4.75188e-10	-0.000661975
4.7523e-10	-0.000662159
4.75271e-10	-0.000662343
4.75313e-10	-0.000662527
4.75354e-10	-0.00066271
4.75396e-10	-0.000662894
4.75437e-10	-0.000663077
4.75479e-10	-0.000663259
4.75521e-10	-0.000663442
4.75562e-10	-0.000663624
4.75604e-10	-0.000663806
4.75645e-10	-0.000663988
4.75687e-10	-0.000664169
4.75728e-10	-0.000664351
4.7577e-10	-0.000664532
4.75811e-10	-0.000664713
4.75853e-10	-0.000664893
4.75894e-10	-0.000665074
4.75936e-10	-0.000665254
4.75977e-10	-0.000665434
4.76019e-10	-0.000665613
4.7606e-10	-0.000665793
4.76102e-10	-0.000665972
4.76143e-10	-0.000666151
4.76185e-10	-0.00066633
4.76227e-10	-0.000666508
4.76268e-10	-0.000666686
4.7631e-10	-0.000666864
4.76351e-10	-0.000667042
4.76393e-10	-0.00066722
4.76434e-10	-0.000667397
4.76476e-10	-0.000667574
4.76517e-10	-0.000667751
4.76559e-10	-0.000667927
4.766e-10	-0.000668104
4.76642e-10	-0.00066828
4.76683e-10	-0.000668456
4.76725e-10	-0.000668631
4.76766e-10	-0.000668807
4.76808e-10	-0.000668982
4.76849e-10	-0.000669157
4.76891e-10	-0.000669332
4.76932e-10	-0.000669506
4.76974e-10	-0.00066968
4.77016e-10	-0.000669854
4.77057e-10	-0.000670028
4.77099e-10	-0.000670201
4.7714e-10	-0.000670375
4.77182e-10	-0.000670548
4.77223e-10	-0.000670721
4.77265e-10	-0.000670893
4.77306e-10	-0.000671065
4.77348e-10	-0.000671237
4.77389e-10	-0.000671409
4.77431e-10	-0.000671581
4.77472e-10	-0.000671752
4.77514e-10	-0.000671923
4.77555e-10	-0.000672094
4.77597e-10	-0.000672265
4.77638e-10	-0.000672435
4.7768e-10	-0.000672605
4.77722e-10	-0.000672775
4.77763e-10	-0.000672945
4.77805e-10	-0.000673114
4.77846e-10	-0.000673283
4.77888e-10	-0.000673452
4.77929e-10	-0.000673621
4.77971e-10	-0.000673789
4.78012e-10	-0.000673958
4.78054e-10	-0.000674126
4.78095e-10	-0.000674293
4.78137e-10	-0.000674461
4.78178e-10	-0.000674628
4.7822e-10	-0.000674795
4.78261e-10	-0.000674962
4.78303e-10	-0.000675128
4.78344e-10	-0.000675294
4.78386e-10	-0.00067546
4.78428e-10	-0.000675626
4.78469e-10	-0.000675792
4.78511e-10	-0.000675957
4.78552e-10	-0.000676122
4.78594e-10	-0.000676287
4.78635e-10	-0.000676451
4.78677e-10	-0.000676616
4.78718e-10	-0.00067678
4.7876e-10	-0.000676944
4.78801e-10	-0.000677107
4.78843e-10	-0.00067727
4.78884e-10	-0.000677434
4.78926e-10	-0.000677596
4.78967e-10	-0.000677759
4.79009e-10	-0.000677921
4.7905e-10	-0.000678083
4.79092e-10	-0.000678245
4.79133e-10	-0.000678407
4.79175e-10	-0.000678568
4.79217e-10	-0.000678729
4.79258e-10	-0.00067889
4.793e-10	-0.000679051
4.79341e-10	-0.000679211
4.79383e-10	-0.000679371
4.79424e-10	-0.000679531
4.79466e-10	-0.000679691
4.79507e-10	-0.00067985
4.79549e-10	-0.000680009
4.7959e-10	-0.000680168
4.79632e-10	-0.000680327
4.79673e-10	-0.000680485
4.79715e-10	-0.000680643
4.79756e-10	-0.000680801
4.79798e-10	-0.000680959
4.79839e-10	-0.000681116
4.79881e-10	-0.000681274
4.79923e-10	-0.00068143
4.79964e-10	-0.000681587
4.80006e-10	-0.000681744
4.80047e-10	-0.0006819
4.80089e-10	-0.000682056
4.8013e-10	-0.000682211
4.80172e-10	-0.000682367
4.80213e-10	-0.000682522
4.80255e-10	-0.000682677
4.80296e-10	-0.000682831
4.80338e-10	-0.000682986
4.80379e-10	-0.00068314
4.80421e-10	-0.000683294
4.80462e-10	-0.000683448
4.80504e-10	-0.000683601
4.80545e-10	-0.000683754
4.80587e-10	-0.000683907
4.80629e-10	-0.00068406
4.8067e-10	-0.000684212
4.80712e-10	-0.000684364
4.80753e-10	-0.000684516
4.80795e-10	-0.000684668
4.80836e-10	-0.000684819
4.80878e-10	-0.00068497
4.80919e-10	-0.000685121
4.80961e-10	-0.000685272
4.81002e-10	-0.000685422
4.81044e-10	-0.000685572
4.81085e-10	-0.000685722
4.81127e-10	-0.000685872
4.81168e-10	-0.000686021
4.8121e-10	-0.00068617
4.81251e-10	-0.000686319
4.81293e-10	-0.000686468
4.81334e-10	-0.000686616
4.81376e-10	-0.000686764
4.81418e-10	-0.000686912
4.81459e-10	-0.00068706
4.81501e-10	-0.000687207
4.81542e-10	-0.000687354
4.81584e-10	-0.000687501
4.81625e-10	-0.000687648
4.81667e-10	-0.000687794
4.81708e-10	-0.00068794
4.8175e-10	-0.000688086
4.81791e-10	-0.000688232
4.81833e-10	-0.000688377
4.81874e-10	-0.000688522
4.81916e-10	-0.000688667
4.81957e-10	-0.000688811
4.81999e-10	-0.000688956
4.8204e-10	-0.0006891
4.82082e-10	-0.000689244
4.82124e-10	-0.000689387
4.82165e-10	-0.00068953
4.82207e-10	-0.000689673
4.82248e-10	-0.000689816
4.8229e-10	-0.000689959
4.82331e-10	-0.000690101
4.82373e-10	-0.000690243
4.82414e-10	-0.000690385
4.82456e-10	-0.000690526
4.82497e-10	-0.000690667
4.82539e-10	-0.000690808
4.8258e-10	-0.000690949
4.82622e-10	-0.000691089
4.82663e-10	-0.00069123
4.82705e-10	-0.00069137
4.82746e-10	-0.000691509
4.82788e-10	-0.000691649
4.8283e-10	-0.000691788
4.82871e-10	-0.000691927
4.82913e-10	-0.000692065
4.82954e-10	-0.000692204
4.82996e-10	-0.000692342
4.83037e-10	-0.00069248
4.83079e-10	-0.000692617
4.8312e-10	-0.000692755
4.83162e-10	-0.000692892
4.83203e-10	-0.000693029
4.83245e-10	-0.000693165
4.83286e-10	-0.000693302
4.83328e-10	-0.000693438
4.83369e-10	-0.000693573
4.83411e-10	-0.000693709
4.83452e-10	-0.000693844
4.83494e-10	-0.000693979
4.83535e-10	-0.000694114
4.83577e-10	-0.000694248
4.83619e-10	-0.000694383
4.8366e-10	-0.000694517
4.83702e-10	-0.00069465
4.83743e-10	-0.000694784
4.83785e-10	-0.000694917
4.83826e-10	-0.00069505
4.83868e-10	-0.000695183
4.83909e-10	-0.000695315
4.83951e-10	-0.000695447
4.83992e-10	-0.000695579
4.84034e-10	-0.000695711
4.84075e-10	-0.000695842
4.84117e-10	-0.000695973
4.84158e-10	-0.000696104
4.842e-10	-0.000696235
4.84241e-10	-0.000696365
4.84283e-10	-0.000696495
4.84325e-10	-0.000696625
4.84366e-10	-0.000696754
4.84408e-10	-0.000696883
4.84449e-10	-0.000697012
4.84491e-10	-0.000697141
4.84532e-10	-0.00069727
4.84574e-10	-0.000697398
4.84615e-10	-0.000697526
4.84657e-10	-0.000697654
4.84698e-10	-0.000697781
4.8474e-10	-0.000697908
4.84781e-10	-0.000698035
4.84823e-10	-0.000698162
4.84864e-10	-0.000698288
4.84906e-10	-0.000698414
4.84947e-10	-0.00069854
4.84989e-10	-0.000698665
4.85031e-10	-0.000698791
4.85072e-10	-0.000698916
4.85114e-10	-0.00069904
4.85155e-10	-0.000699165
4.85197e-10	-0.000699289
4.85238e-10	-0.000699413
4.8528e-10	-0.000699537
4.85321e-10	-0.00069966
4.85363e-10	-0.000699784
4.85404e-10	-0.000699906
4.85446e-10	-0.000700029
4.85487e-10	-0.000700151
4.85529e-10	-0.000700274
4.8557e-10	-0.000700395
4.85612e-10	-0.000700517
4.85653e-10	-0.000700638
4.85695e-10	-0.000700759
4.85737e-10	-0.00070088
4.85778e-10	-0.000701001
4.8582e-10	-0.000701121
4.85861e-10	-0.000701241
4.85903e-10	-0.00070136
4.85944e-10	-0.00070148
4.85986e-10	-0.000701599
4.86027e-10	-0.000701718
4.86069e-10	-0.000701837
4.8611e-10	-0.000701955
4.86152e-10	-0.000702073
4.86193e-10	-0.000702191
4.86235e-10	-0.000702308
4.86276e-10	-0.000702426
4.86318e-10	-0.000702543
4.86359e-10	-0.000702659
4.86401e-10	-0.000702776
4.86442e-10	-0.000702892
4.86484e-10	-0.000703008
4.86526e-10	-0.000703124
4.86567e-10	-0.000703239
4.86609e-10	-0.000703354
4.8665e-10	-0.000703469
4.86692e-10	-0.000703584
4.86733e-10	-0.000703698
4.86775e-10	-0.000703812
4.86816e-10	-0.000703926
4.86858e-10	-0.000704039
4.86899e-10	-0.000704153
4.86941e-10	-0.000704266
4.86982e-10	-0.000704378
4.87024e-10	-0.000704491
4.87065e-10	-0.000704603
4.87107e-10	-0.000704715
4.87148e-10	-0.000704826
4.8719e-10	-0.000704938
4.87232e-10	-0.000705049
4.87273e-10	-0.00070516
4.87315e-10	-0.00070527
4.87356e-10	-0.00070538
4.87398e-10	-0.00070549
4.87439e-10	-0.0007056
4.87481e-10	-0.00070571
4.87522e-10	-0.000705819
4.87564e-10	-0.000705928
4.87605e-10	-0.000706036
4.87647e-10	-0.000706145
4.87688e-10	-0.000706253
4.8773e-10	-0.00070636
4.87771e-10	-0.000706468
4.87813e-10	-0.000706575
4.87854e-10	-0.000706682
4.87896e-10	-0.000706789
4.87938e-10	-0.000706895
4.87979e-10	-0.000707001
4.88021e-10	-0.000707107
4.88062e-10	-0.000707213
4.88104e-10	-0.000707318
4.88145e-10	-0.000707423
4.88187e-10	-0.000707528
4.88228e-10	-0.000707633
4.8827e-10	-0.000707737
4.88311e-10	-0.000707841
4.88353e-10	-0.000707945
4.88394e-10	-0.000708048
4.88436e-10	-0.000708151
4.88477e-10	-0.000708254
4.88519e-10	-0.000708356
4.8856e-10	-0.000708459
4.88602e-10	-0.000708561
4.88643e-10	-0.000708663
4.88685e-10	-0.000708764
4.88727e-10	-0.000708865
4.88768e-10	-0.000708966
4.8881e-10	-0.000709067
4.88851e-10	-0.000709167
4.88893e-10	-0.000709267
4.88934e-10	-0.000709367
4.88976e-10	-0.000709467
4.89017e-10	-0.000709566
4.89059e-10	-0.000709665
4.891e-10	-0.000709764
4.89142e-10	-0.000709862
4.89183e-10	-0.00070996
4.89225e-10	-0.000710058
4.89266e-10	-0.000710156
4.89308e-10	-0.000710253
4.89349e-10	-0.00071035
4.89391e-10	-0.000710447
4.89433e-10	-0.000710543
4.89474e-10	-0.00071064
4.89516e-10	-0.000710736
4.89557e-10	-0.000710831
4.89599e-10	-0.000710927
4.8964e-10	-0.000711022
4.89682e-10	-0.000711116
4.89723e-10	-0.000711211
4.89765e-10	-0.000711305
4.89806e-10	-0.000711399
4.89848e-10	-0.000711493
4.89889e-10	-0.000711586
4.89931e-10	-0.00071168
4.89972e-10	-0.000711772
4.90014e-10	-0.000711865
4.90055e-10	-0.000711957
4.90097e-10	-0.000712049
4.90139e-10	-0.000712141
4.9018e-10	-0.000712233
4.90222e-10	-0.000712324
4.90263e-10	-0.000712415
4.90305e-10	-0.000712505
4.90346e-10	-0.000712596
4.90388e-10	-0.000712686
4.90429e-10	-0.000712775
4.90471e-10	-0.000712865
4.90512e-10	-0.000712954
4.90554e-10	-0.000713043
4.90595e-10	-0.000713132
4.90637e-10	-0.00071322
4.90678e-10	-0.000713308
4.9072e-10	-0.000713396
4.90761e-10	-0.000713484
4.90803e-10	-0.000713571
4.90844e-10	-0.000713658
4.90886e-10	-0.000713744
4.90928e-10	-0.000713831
4.90969e-10	-0.000713917
4.91011e-10	-0.000714003
4.91052e-10	-0.000714088
4.91094e-10	-0.000714174
4.91135e-10	-0.000714259
4.91177e-10	-0.000714343
4.91218e-10	-0.000714428
4.9126e-10	-0.000714512
4.91301e-10	-0.000714596
4.91343e-10	-0.000714679
4.91384e-10	-0.000714763
4.91426e-10	-0.000714845
4.91467e-10	-0.000714928
4.91509e-10	-0.000715011
4.9155e-10	-0.000715093
4.91592e-10	-0.000715175
4.91634e-10	-0.000715256
4.91675e-10	-0.000715338
4.91717e-10	-0.000715419
4.91758e-10	-0.000715499
4.918e-10	-0.00071558
4.91841e-10	-0.00071566
4.91883e-10	-0.00071574
4.91924e-10	-0.000715819
4.91966e-10	-0.000715899
4.92007e-10	-0.000715978
4.92049e-10	-0.000716056
4.9209e-10	-0.000716135
4.92132e-10	-0.000716213
4.92173e-10	-0.000716291
4.92215e-10	-0.000716368
4.92256e-10	-0.000716446
4.92298e-10	-0.000716523
4.9234e-10	-0.000716599
4.92381e-10	-0.000716676
4.92423e-10	-0.000716752
4.92464e-10	-0.000716828
4.92506e-10	-0.000716904
4.92547e-10	-0.000716979
4.92589e-10	-0.000717054
4.9263e-10	-0.000717129
4.92672e-10	-0.000717203
4.92713e-10	-0.000717277
4.92755e-10	-0.000717351
4.92796e-10	-0.000717425
4.92838e-10	-0.000717498
4.92879e-10	-0.000717571
4.92921e-10	-0.000717644
4.92962e-10	-0.000717716
4.93004e-10	-0.000717788
4.93045e-10	-0.00071786
4.93087e-10	-0.000717931
4.93129e-10	-0.000718003
4.9317e-10	-0.000718074
4.93212e-10	-0.000718144
4.93253e-10	-0.000718215
4.93295e-10	-0.000718285
4.93336e-10	-0.000718355
4.93378e-10	-0.000718424
4.93419e-10	-0.000718493
4.93461e-10	-0.000718562
4.93502e-10	-0.000718631
4.93544e-10	-0.000718699
4.93585e-10	-0.000718768
4.93627e-10	-0.000718835
4.93668e-10	-0.000718903
4.9371e-10	-0.00071897
4.93751e-10	-0.000719037
4.93793e-10	-0.000719104
4.93835e-10	-0.00071917
4.93876e-10	-0.000719236
4.93918e-10	-0.000719302
4.93959e-10	-0.000719367
4.94001e-10	-0.000719432
4.94042e-10	-0.000719497
4.94084e-10	-0.000719562
4.94125e-10	-0.000719626
4.94167e-10	-0.00071969
4.94208e-10	-0.000719754
4.9425e-10	-0.000719817
4.94291e-10	-0.000719881
4.94333e-10	-0.000719943
4.94374e-10	-0.000720006
4.94416e-10	-0.000720068
4.94457e-10	-0.00072013
4.94499e-10	-0.000720192
4.94541e-10	-0.000720253
4.94582e-10	-0.000720314
4.94624e-10	-0.000720375
4.94665e-10	-0.000720436
4.94707e-10	-0.000720496
4.94748e-10	-0.000720556
4.9479e-10	-0.000720615
4.94831e-10	-0.000720675
4.94873e-10	-0.000720734
4.94914e-10	-0.000720793
4.94956e-10	-0.000720851
4.94997e-10	-0.000720909
4.95039e-10	-0.000720967
4.9508e-10	-0.000721025
4.95122e-10	-0.000721082
4.95163e-10	-0.000721139
4.95205e-10	-0.000721196
4.95246e-10	-0.000721252
4.95288e-10	-0.000721308
4.9533e-10	-0.000721364
4.95371e-10	-0.00072142
4.95413e-10	-0.000721475
4.95454e-10	-0.00072153
4.95496e-10	-0.000721584
4.95537e-10	-0.000721639
4.95579e-10	-0.000721693
4.9562e-10	-0.000721747
4.95662e-10	-0.0007218
4.95703e-10	-0.000721853
4.95745e-10	-0.000721906
4.95786e-10	-0.000721959
4.95828e-10	-0.000722011
4.95869e-10	-0.000722063
4.95911e-10	-0.000722115
4.95952e-10	-0.000722166
4.95994e-10	-0.000722217
4.96036e-10	-0.000722268
4.96077e-10	-0.000722318
4.96119e-10	-0.000722369
4.9616e-10	-0.000722418
4.96202e-10	-0.000722468
4.96243e-10	-0.000722517
4.96285e-10	-0.000722566
4.96326e-10	-0.000722615
4.96368e-10	-0.000722664
4.96409e-10	-0.000722712
4.96451e-10	-0.00072276
4.96492e-10	-0.000722807
4.96534e-10	-0.000722854
4.96575e-10	-0.000722901
4.96617e-10	-0.000722948
4.96658e-10	-0.000722994
4.967e-10	-0.00072304
4.96742e-10	-0.000723086
4.96783e-10	-0.000723131
4.96825e-10	-0.000723177
4.96866e-10	-0.000723221
4.96908e-10	-0.000723266
4.96949e-10	-0.00072331
4.96991e-10	-0.000723354
4.97032e-10	-0.000723398
4.97074e-10	-0.000723441
4.97115e-10	-0.000723484
4.97157e-10	-0.000723527
4.97198e-10	-0.00072357
4.9724e-10	-0.000723612
4.97281e-10	-0.000723654
4.97323e-10	-0.000723695
4.97364e-10	-0.000723736
4.97406e-10	-0.000723777
4.97448e-10	-0.000723818
4.97489e-10	-0.000723858
4.97531e-10	-0.000723899
4.97572e-10	-0.000723938
4.97614e-10	-0.000723978
4.97655e-10	-0.000724017
4.97697e-10	-0.000724056
4.97738e-10	-0.000724094
4.9778e-10	-0.000724133
4.97821e-10	-0.000724171
4.97863e-10	-0.000724208
4.97904e-10	-0.000724246
4.97946e-10	-0.000724283
4.97987e-10	-0.00072432
4.98029e-10	-0.000724356
4.9807e-10	-0.000724392
4.98112e-10	-0.000724428
4.98153e-10	-0.000724464
4.98195e-10	-0.000724499
4.98237e-10	-0.000724534
4.98278e-10	-0.000724568
4.9832e-10	-0.000724603
4.98361e-10	-0.000724637
4.98403e-10	-0.000724671
4.98444e-10	-0.000724704
4.98486e-10	-0.000724737
4.98527e-10	-0.00072477
4.98569e-10	-0.000724803
4.9861e-10	-0.000724835
4.98652e-10	-0.000724867
4.98693e-10	-0.000724898
4.98735e-10	-0.00072493
4.98776e-10	-0.000724961
4.98818e-10	-0.000724992
4.98859e-10	-0.000725022
4.98901e-10	-0.000725052
4.98943e-10	-0.000725082
4.98984e-10	-0.000725111
4.99026e-10	-0.000725141
4.99067e-10	-0.00072517
4.99109e-10	-0.000725198
4.9915e-10	-0.000725226
4.99192e-10	-0.000725254
4.99233e-10	-0.000725282
4.99275e-10	-0.00072531
4.99316e-10	-0.000725337
4.99358e-10	-0.000725363
4.99399e-10	-0.00072539
4.99441e-10	-0.000725416
4.99482e-10	-0.000725442
4.99524e-10	-0.000725468
4.99565e-10	-0.000725493
4.99607e-10	-0.000725518
4.99649e-10	-0.000725542
4.9969e-10	-0.000725567
4.99732e-10	-0.000725591
4.99773e-10	-0.000725615
4.99815e-10	-0.000725638
4.99856e-10	-0.000725661
4.99898e-10	-0.000725684
4.99939e-10	-0.000725706
4.99981e-10	-0.000725729
5.00022e-10	-0.000725751
5.00064e-10	-0.000725772
5.00105e-10	-0.000725793
5.00147e-10	-0.000725814
5.00188e-10	-0.000725835
5.0023e-10	-0.000725855
5.00271e-10	-0.000725876
5.00313e-10	-0.000725895
5.00354e-10	-0.000725915
5.00396e-10	-0.000725934
5.00438e-10	-0.000725953
5.00479e-10	-0.000725971
5.00521e-10	-0.00072599
5.00562e-10	-0.000726007
5.00604e-10	-0.000726025
5.00645e-10	-0.000726042
5.00687e-10	-0.000726059
5.00728e-10	-0.000726076
5.0077e-10	-0.000726092
5.00811e-10	-0.000726108
5.00853e-10	-0.000726124
5.00894e-10	-0.00072614
5.00936e-10	-0.000726155
5.00977e-10	-0.00072617
5.01019e-10	-0.000726184
5.0106e-10	-0.000726199
5.01102e-10	-0.000726212
5.01144e-10	-0.000726226
5.01185e-10	-0.000726239
5.01227e-10	-0.000726252
5.01268e-10	-0.000726265
5.0131e-10	-0.000726277
5.01351e-10	-0.00072629
5.01393e-10	-0.000726301
5.01434e-10	-0.000726313
5.01476e-10	-0.000726324
5.01517e-10	-0.000726335
5.01559e-10	-0.000726345
5.016e-10	-0.000726355
5.01642e-10	-0.000726365
5.01683e-10	-0.000726375
5.01725e-10	-0.000726384
5.01766e-10	-0.000726393
5.01808e-10	-0.000726402
5.0185e-10	-0.00072641
5.01891e-10	-0.000726418
5.01933e-10	-0.000726426
5.01974e-10	-0.000726434
5.02016e-10	-0.000726441
5.02057e-10	-0.000726447
5.02099e-10	-0.000726454
5.0214e-10	-0.00072646
5.02182e-10	-0.000726466
5.02223e-10	-0.000726472
5.02265e-10	-0.000726477
5.02306e-10	-0.000726482
5.02348e-10	-0.000726486
5.02389e-10	-0.000726491
5.02431e-10	-0.000726495
5.02472e-10	-0.000726499
5.02514e-10	-0.000726502
5.02555e-10	-0.000726505
5.02597e-10	-0.000726508
5.02639e-10	-0.00072651
5.0268e-10	-0.000726512
5.02722e-10	-0.000726514
5.02763e-10	-0.000726516
5.02805e-10	-0.000726517
5.02846e-10	-0.000726518
5.02888e-10	-0.000726519
5.02929e-10	-0.000726519
5.02971e-10	-0.000726519
5.03012e-10	-0.000726518
5.03054e-10	-0.000726518
5.03095e-10	-0.000726517
5.03137e-10	-0.000726515
5.03178e-10	-0.000726514
5.0322e-10	-0.000726512
5.03261e-10	-0.00072651
5.03303e-10	-0.000726507
5.03345e-10	-0.000726504
5.03386e-10	-0.000726501
5.03428e-10	-0.000726498
5.03469e-10	-0.000726494
5.03511e-10	-0.00072649
5.03552e-10	-0.000726485
5.03594e-10	-0.000726481
5.03635e-10	-0.000726476
5.03677e-10	-0.00072647
5.03718e-10	-0.000726465
5.0376e-10	-0.000726459
5.03801e-10	-0.000726452
5.03843e-10	-0.000726446
5.03884e-10	-0.000726439
5.03926e-10	-0.000726432
5.03967e-10	-0.000726424
5.04009e-10	-0.000726416
5.04051e-10	-0.000726408
5.04092e-10	-0.0007264
5.04134e-10	-0.000726391
5.04175e-10	-0.000726382
5.04217e-10	-0.000726372
5.04258e-10	-0.000726362
5.043e-10	-0.000726352
5.04341e-10	-0.000726342
5.04383e-10	-0.000726331
5.04424e-10	-0.00072632
5.04466e-10	-0.000726309
5.04507e-10	-0.000726297
5.04549e-10	-0.000726285
5.0459e-10	-0.000726273
5.04632e-10	-0.000726261
5.04673e-10	-0.000726248
5.04715e-10	-0.000726234
5.04756e-10	-0.000726221
5.04798e-10	-0.000726207
5.0484e-10	-0.000726193
5.04881e-10	-0.000726178
5.04923e-10	-0.000726164
5.04964e-10	-0.000726148
5.05006e-10	-0.000726133
5.05047e-10	-0.000726117
5.05089e-10	-0.000726101
5.0513e-10	-0.000726085
5.05172e-10	-0.000726068
5.05213e-10	-0.000726051
5.05255e-10	-0.000726034
5.05296e-10	-0.000726016
5.05338e-10	-0.000725998
5.05379e-10	-0.00072598
5.05421e-10	-0.000725961
5.05462e-10	-0.000725942
5.05504e-10	-0.000725923
5.05546e-10	-0.000725904
5.05587e-10	-0.000725884
5.05629e-10	-0.000725864
5.0567e-10	-0.000725843
5.05712e-10	-0.000725822
5.05753e-10	-0.000725801
5.05795e-10	-0.00072578
5.05836e-10	-0.000725758
5.05878e-10	-0.000725736
5.05919e-10	-0.000725713
5.05961e-10	-0.000725691
5.06002e-10	-0.000725668
5.06044e-10	-0.000725644
5.06085e-10	-0.000725621
5.06127e-10	-0.000725597
5.06168e-10	-0.000725572
5.0621e-10	-0.000725548
5.06252e-10	-0.000725523
5.06293e-10	-0.000725497
5.06335e-10	-0.000725472
5.06376e-10	-0.000725446
5.06418e-10	-0.00072542
5.06459e-10	-0.000725393
5.06501e-10	-0.000725366
5.06542e-10	-0.000725339
5.06584e-10	-0.000725311
5.06625e-10	-0.000725284
5.06667e-10	-0.000725256
5.06708e-10	-0.000725227
5.0675e-10	-0.000725198
5.06791e-10	-0.000725169
5.06833e-10	-0.00072514
5.06874e-10	-0.00072511
5.06916e-10	-0.00072508
5.06957e-10	-0.00072505
5.06999e-10	-0.000725019
5.07041e-10	-0.000724988
5.07082e-10	-0.000724956
5.07124e-10	-0.000724925
5.07165e-10	-0.000724893
5.07207e-10	-0.000724861
5.07248e-10	-0.000724828
5.0729e-10	-0.000724795
5.07331e-10	-0.000724762
5.07373e-10	-0.000724728
5.07414e-10	-0.000724694
5.07456e-10	-0.00072466
5.07497e-10	-0.000724625
5.07539e-10	-0.00072459
5.0758e-10	-0.000724555
5.07622e-10	-0.00072452
5.07663e-10	-0.000724484
5.07705e-10	-0.000724448
5.07747e-10	-0.000724411
5.07788e-10	-0.000724374
5.0783e-10	-0.000724337
5.07871e-10	-0.0007243
5.07913e-10	-0.000724262
5.07954e-10	-0.000724224
5.07996e-10	-0.000724186
5.08037e-10	-0.000724147
5.08079e-10	-0.000724108
5.0812e-10	-0.000724069
5.08162e-10	-0.000724029
5.08203e-10	-0.000723989
5.08245e-10	-0.000723948
5.08286e-10	-0.000723908
5.08328e-10	-0.000723867
5.08369e-10	-0.000723826
5.08411e-10	-0.000723784
5.08453e-10	-0.000723742
5.08494e-10	-0.0007237
5.08536e-10	-0.000723657
5.08577e-10	-0.000723614
5.08619e-10	-0.000723571
5.0866e-10	-0.000723527
5.08702e-10	-0.000723483
5.08743e-10	-0.000723439
5.08785e-10	-0.000723395
5.08826e-10	-0.00072335
5.08868e-10	-0.000723305
5.08909e-10	-0.000723259
5.08951e-10	-0.000723213
5.08992e-10	-0.000723167
5.09034e-10	-0.000723121
5.09075e-10	-0.000723074
5.09117e-10	-0.000723027
5.09158e-10	-0.000722979
5.092e-10	-0.000722932
5.09242e-10	-0.000722883
5.09283e-10	-0.000722835
5.09325e-10	-0.000722786
5.09366e-10	-0.000722737
5.09408e-10	-0.000722688
5.09449e-10	-0.000722638
5.09491e-10	-0.000722588
5.09532e-10	-0.000722538
5.09574e-10	-0.000722487
5.09615e-10	-0.000722436
5.09657e-10	-0.000722385
5.09698e-10	-0.000722333
5.0974e-10	-0.000722281
5.09781e-10	-0.000722229
5.09823e-10	-0.000722176
5.09864e-10	-0.000722123
5.09906e-10	-0.00072207
5.09948e-10	-0.000722016
5.09989e-10	-0.000721962
5.10031e-10	-0.000721908
5.10072e-10	-0.000721853
5.10114e-10	-0.000721798
5.10155e-10	-0.000721743
5.10197e-10	-0.000721688
5.10238e-10	-0.000721632
5.1028e-10	-0.000721575
5.10321e-10	-0.000721519
5.10363e-10	-0.000721462
5.10404e-10	-0.000721405
5.10446e-10	-0.000721347
5.10487e-10	-0.000721289
5.10529e-10	-0.000721231
5.1057e-10	-0.000721173
5.10612e-10	-0.000721114
5.10654e-10	-0.000721055
5.10695e-10	-0.000720995
5.10737e-10	-0.000720936
5.10778e-10	-0.000720875
5.1082e-10	-0.000720815
5.10861e-10	-0.000720754
5.10903e-10	-0.000720693
5.10944e-10	-0.000720632
5.10986e-10	-0.00072057
5.11027e-10	-0.000720508
5.11069e-10	-0.000720445
5.1111e-10	-0.000720383
5.11152e-10	-0.00072032
5.11193e-10	-0.000720256
5.11235e-10	-0.000720192
5.11276e-10	-0.000720128
5.11318e-10	-0.000720064
5.1136e-10	-0.000719999
5.11401e-10	-0.000719934
5.11443e-10	-0.000719869
5.11484e-10	-0.000719803
5.11526e-10	-0.000719737
5.11567e-10	-0.000719671
5.11609e-10	-0.000719604
5.1165e-10	-0.000719537
5.11692e-10	-0.00071947
5.11733e-10	-0.000719402
5.11775e-10	-0.000719334
5.11816e-10	-0.000719266
5.11858e-10	-0.000719197
5.11899e-10	-0.000719128
5.11941e-10	-0.000719059
5.11982e-10	-0.000718989
5.12024e-10	-0.000718919
5.12065e-10	-0.000718849
5.12107e-10	-0.000718778
5.12149e-10	-0.000718707
5.1219e-10	-0.000718636
5.12232e-10	-0.000718565
5.12273e-10	-0.000718493
5.12315e-10	-0.00071842
5.12356e-10	-0.000718348
5.12398e-10	-0.000718275
5.12439e-10	-0.000718202
5.12481e-10	-0.000718128
5.12522e-10	-0.000718054
5.12564e-10	-0.00071798
5.12605e-10	-0.000717905
5.12647e-10	-0.00071783
5.12688e-10	-0.000717755
5.1273e-10	-0.00071768
5.12771e-10	-0.000717604
5.12813e-10	-0.000717528
5.12855e-10	-0.000717451
5.12896e-10	-0.000717374
5.12938e-10	-0.000717297
5.12979e-10	-0.00071722
5.13021e-10	-0.000717142
5.13062e-10	-0.000717063
5.13104e-10	-0.000716985
5.13145e-10	-0.000716906
5.13187e-10	-0.000716827
5.13228e-10	-0.000716747
5.1327e-10	-0.000716668
5.13311e-10	-0.000716587
5.13353e-10	-0.000716507
5.13394e-10	-0.000716426
5.13436e-10	-0.000716345
5.13477e-10	-0.000716263
5.13519e-10	-0.000716182
5.13561e-10	-0.0007161
5.13602e-10	-0.000716017
5.13644e-10	-0.000715934
5.13685e-10	-0.000715851
5.13727e-10	-0.000715768
5.13768e-10	-0.000715684
5.1381e-10	-0.0007156
5.13851e-10	-0.000715515
5.13893e-10	-0.00071543
5.13934e-10	-0.000715345
5.13976e-10	-0.00071526
5.14017e-10	-0.000715174
5.14059e-10	-0.000715088
5.141e-10	-0.000715001
5.14142e-10	-0.000714915
5.14183e-10	-0.000714828
5.14225e-10	-0.00071474
5.14266e-10	-0.000714652
5.14308e-10	-0.000714564
5.1435e-10	-0.000714476
5.14391e-10	-0.000714387
5.14433e-10	-0.000714298
5.14474e-10	-0.000714209
5.14516e-10	-0.000714119
5.14557e-10	-0.000714029
5.14599e-10	-0.000713938
5.1464e-10	-0.000713847
5.14682e-10	-0.000713756
5.14723e-10	-0.000713665
5.14765e-10	-0.000713573
5.14806e-10	-0.000713481
5.14848e-10	-0.000713389
5.14889e-10	-0.000713296
5.14931e-10	-0.000713203
5.14972e-10	-0.000713109
5.15014e-10	-0.000713016
5.15056e-10	-0.000712922
5.15097e-10	-0.000712827
5.15139e-10	-0.000712732
5.1518e-10	-0.000712637
5.15222e-10	-0.000712542
5.15263e-10	-0.000712446
5.15305e-10	-0.00071235
5.15346e-10	-0.000712254
5.15388e-10	-0.000712157
5.15429e-10	-0.00071206
5.15471e-10	-0.000711962
5.15512e-10	-0.000711865
5.15554e-10	-0.000711767
5.15595e-10	-0.000711668
5.15637e-10	-0.000711569
5.15678e-10	-0.00071147
5.1572e-10	-0.000711371
5.15762e-10	-0.000711271
5.15803e-10	-0.000711171
5.15845e-10	-0.000711071
5.15886e-10	-0.00071097
5.15928e-10	-0.000710869
5.15969e-10	-0.000710767
5.16011e-10	-0.000710666
5.16052e-10	-0.000710564
5.16094e-10	-0.000710461
5.16135e-10	-0.000710358
5.16177e-10	-0.000710255
5.16218e-10	-0.000710152
5.1626e-10	-0.000710048
5.16301e-10	-0.000709944
5.16343e-10	-0.00070984
5.16384e-10	-0.000709735
5.16426e-10	-0.00070963
5.16467e-10	-0.000709524
5.16509e-10	-0.000709419
5.16551e-10	-0.000709313
5.16592e-10	-0.000709206
5.16634e-10	-0.000709099
5.16675e-10	-0.000708992
5.16717e-10	-0.000708885
5.16758e-10	-0.000708777
5.168e-10	-0.000708669
5.16841e-10	-0.000708561
5.16883e-10	-0.000708452
5.16924e-10	-0.000708343
5.16966e-10	-0.000708233
5.17007e-10	-0.000708124
5.17049e-10	-0.000708013
5.1709e-10	-0.000707903
5.17132e-10	-0.000707792
5.17173e-10	-0.000707681
5.17215e-10	-0.00070757
5.17257e-10	-0.000707458
5.17298e-10	-0.000707346
5.1734e-10	-0.000707233
5.17381e-10	-0.000707121
5.17423e-10	-0.000707007
5.17464e-10	-0.000706894
5.17506e-10	-0.00070678
5.17547e-10	-0.000706666
5.17589e-10	-0.000706552
5.1763e-10	-0.000706437
5.17672e-10	-0.000706322
5.17713e-10	-0.000706206
5.17755e-10	-0.00070609
5.17796e-10	-0.000705974
5.17838e-10	-0.000705858
5.17879e-10	-0.000705741
5.17921e-10	-0.000705624
5.17963e-10	-0.000705506
5.18004e-10	-0.000705389
5.18046e-10	-0.00070527
5.18087e-10	-0.000705152
5.18129e-10	-0.000705033
5.1817e-10	-0.000704914
5.18212e-10	-0.000704794
5.18253e-10	-0.000704675
5.18295e-10	-0.000704554
5.18336e-10	-0.000704434
5.18378e-10	-0.000704313
5.18419e-10	-0.000704192
5.18461e-10	-0.00070407
5.18502e-10	-0.000703948
5.18544e-10	-0.000703826
5.18585e-10	-0.000703704
5.18627e-10	-0.000703581
5.18668e-10	-0.000703458
5.1871e-10	-0.000703334
5.18752e-10	-0.00070321
5.18793e-10	-0.000703086
5.18835e-10	-0.000702962
5.18876e-10	-0.000702837
5.18918e-10	-0.000702711
5.18959e-10	-0.000702586
5.19001e-10	-0.00070246
5.19042e-10	-0.000702334
5.19084e-10	-0.000702207
5.19125e-10	-0.00070208
5.19167e-10	-0.000701953
5.19208e-10	-0.000701825
5.1925e-10	-0.000701698
5.19291e-10	-0.000701569
5.19333e-10	-0.000701441
5.19374e-10	-0.000701312
5.19416e-10	-0.000701183
5.19458e-10	-0.000701053
5.19499e-10	-0.000700923
5.19541e-10	-0.000700793
5.19582e-10	-0.000700662
5.19624e-10	-0.000700531
5.19665e-10	-0.0007004
5.19707e-10	-0.000700268
5.19748e-10	-0.000700136
5.1979e-10	-0.000700004
5.19831e-10	-0.000699871
5.19873e-10	-0.000699738
5.19914e-10	-0.000699605
5.19956e-10	-0.000699471
5.19997e-10	-0.000699337
5.20039e-10	-0.000699203
5.2008e-10	-0.000699068
5.20122e-10	-0.000698933
5.20164e-10	-0.000698798
5.20205e-10	-0.000698662
5.20247e-10	-0.000698526
5.20288e-10	-0.00069839
5.2033e-10	-0.000698253
5.20371e-10	-0.000698116
5.20413e-10	-0.000697979
5.20454e-10	-0.000697841
5.20496e-10	-0.000697703
5.20537e-10	-0.000697565
5.20579e-10	-0.000697426
5.2062e-10	-0.000697287
5.20662e-10	-0.000697148
5.20703e-10	-0.000697008
5.20745e-10	-0.000696868
5.20786e-10	-0.000696727
5.20828e-10	-0.000696587
5.20869e-10	-0.000696446
5.20911e-10	-0.000696304
5.20953e-10	-0.000696162
5.20994e-10	-0.00069602
5.21036e-10	-0.000695878
5.21077e-10	-0.000695735
5.21119e-10	-0.000695592
5.2116e-10	-0.000695449
5.21202e-10	-0.000695305
5.21243e-10	-0.000695161
5.21285e-10	-0.000695016
5.21326e-10	-0.000694871
5.21368e-10	-0.000694726
5.21409e-10	-0.000694581
5.21451e-10	-0.000694435
5.21492e-10	-0.000694289
5.21534e-10	-0.000694142
5.21575e-10	-0.000693995
5.21617e-10	-0.000693848
5.21659e-10	-0.000693701
5.217e-10	-0.000693553
5.21742e-10	-0.000693405
5.21783e-10	-0.000693256
5.21825e-10	-0.000693107
5.21866e-10	-0.000692958
5.21908e-10	-0.000692808
5.21949e-10	-0.000692658
5.21991e-10	-0.000692508
5.22032e-10	-0.000692358
5.22074e-10	-0.000692207
5.22115e-10	-0.000692055
5.22157e-10	-0.000691904
5.22198e-10	-0.000691752
5.2224e-10	-0.0006916
5.22281e-10	-0.000691447
5.22323e-10	-0.000691294
5.22365e-10	-0.000691141
5.22406e-10	-0.000690987
5.22448e-10	-0.000690833
5.22489e-10	-0.000690679
5.22531e-10	-0.000690524
5.22572e-10	-0.000690369
5.22614e-10	-0.000690214
5.22655e-10	-0.000690058
5.22697e-10	-0.000689902
5.22738e-10	-0.000689746
5.2278e-10	-0.000689589
5.22821e-10	-0.000689432
5.22863e-10	-0.000689275
5.22904e-10	-0.000689117
5.22946e-10	-0.000688959
5.22987e-10	-0.000688801
5.23029e-10	-0.000688642
5.23071e-10	-0.000688483
5.23112e-10	-0.000688323
5.23154e-10	-0.000688164
5.23195e-10	-0.000688003
5.23237e-10	-0.000687843
5.23278e-10	-0.000687682
5.2332e-10	-0.000687521
5.23361e-10	-0.00068736
5.23403e-10	-0.000687198
5.23444e-10	-0.000687036
5.23486e-10	-0.000686873
5.23527e-10	-0.00068671
5.23569e-10	-0.000686547
5.2361e-10	-0.000686384
5.23652e-10	-0.00068622
5.23693e-10	-0.000686056
5.23735e-10	-0.000685891
5.23776e-10	-0.000685726
5.23818e-10	-0.000685561
5.2386e-10	-0.000685396
5.23901e-10	-0.00068523
5.23943e-10	-0.000685064
5.23984e-10	-0.000684897
5.24026e-10	-0.00068473
5.24067e-10	-0.000684563
5.24109e-10	-0.000684395
5.2415e-10	-0.000684227
5.24192e-10	-0.000684059
5.24233e-10	-0.000683891
5.24275e-10	-0.000683722
5.24316e-10	-0.000683552
5.24358e-10	-0.000683383
5.24399e-10	-0.000683213
5.24441e-10	-0.000683042
5.24482e-10	-0.000682872
5.24524e-10	-0.000682701
5.24566e-10	-0.000682529
5.24607e-10	-0.000682358
5.24649e-10	-0.000682186
5.2469e-10	-0.000682013
5.24732e-10	-0.000681841
5.24773e-10	-0.000681668
5.24815e-10	-0.000681494
5.24856e-10	-0.000681321
5.24898e-10	-0.000681147
5.24939e-10	-0.000680972
5.24981e-10	-0.000680797
5.25022e-10	-0.000680622
5.25064e-10	-0.000680447
5.25105e-10	-0.000680271
5.25147e-10	-0.000680095
5.25188e-10	-0.000679919
5.2523e-10	-0.000679742
5.25272e-10	-0.000679565
5.25313e-10	-0.000679387
5.25355e-10	-0.000679209
5.25396e-10	-0.000679031
5.25438e-10	-0.000678853
5.25479e-10	-0.000678674
5.25521e-10	-0.000678495
5.25562e-10	-0.000678315
5.25604e-10	-0.000678135
5.25645e-10	-0.000677955
5.25687e-10	-0.000677775
5.25728e-10	-0.000677594
5.2577e-10	-0.000677412
5.25811e-10	-0.000677231
5.25853e-10	-0.000677049
5.25894e-10	-0.000676867
5.25936e-10	-0.000676684
5.25977e-10	-0.000676501
5.26019e-10	-0.000676318
5.26061e-10	-0.000676134
5.26102e-10	-0.00067595
5.26144e-10	-0.000675766
5.26185e-10	-0.000675581
5.26227e-10	-0.000675396
5.26268e-10	-0.000675211
5.2631e-10	-0.000675025
5.26351e-10	-0.000674839
5.26393e-10	-0.000674653
5.26434e-10	-0.000674466
5.26476e-10	-0.000674279
5.26517e-10	-0.000674092
5.26559e-10	-0.000673904
5.266e-10	-0.000673716
5.26642e-10	-0.000673528
5.26683e-10	-0.000673339
5.26725e-10	-0.00067315
5.26767e-10	-0.000672961
5.26808e-10	-0.000672771
5.2685e-10	-0.000672581
5.26891e-10	-0.00067239
5.26933e-10	-0.000672199
5.26974e-10	-0.000672008
5.27016e-10	-0.000671817
5.27057e-10	-0.000671625
5.27099e-10	-0.000671433
5.2714e-10	-0.00067124
5.27182e-10	-0.000671047
5.27223e-10	-0.000670854
5.27265e-10	-0.000670661
5.27306e-10	-0.000670467
5.27348e-10	-0.000670273
5.27389e-10	-0.000670078
5.27431e-10	-0.000669883
5.27473e-10	-0.000669688
5.27514e-10	-0.000669492
5.27556e-10	-0.000669297
5.27597e-10	-0.0006691
5.27639e-10	-0.000668904
5.2768e-10	-0.000668707
5.27722e-10	-0.000668509
5.27763e-10	-0.000668312
5.27805e-10	-0.000668114
5.27846e-10	-0.000667916
5.27888e-10	-0.000667717
5.27929e-10	-0.000667518
5.27971e-10	-0.000667319
5.28012e-10	-0.000667119
5.28054e-10	-0.000666919
5.28095e-10	-0.000666718
5.28137e-10	-0.000666518
5.28178e-10	-0.000666317
5.2822e-10	-0.000666115
5.28262e-10	-0.000665914
5.28303e-10	-0.000665711
5.28345e-10	-0.000665509
5.28386e-10	-0.000665306
5.28428e-10	-0.000665103
5.28469e-10	-0.0006649
5.28511e-10	-0.000664696
5.28552e-10	-0.000664492
5.28594e-10	-0.000664287
5.28635e-10	-0.000664082
5.28677e-10	-0.000663877
5.28718e-10	-0.000663672
5.2876e-10	-0.000663466
5.28801e-10	-0.00066326
5.28843e-10	-0.000663053
5.28884e-10	-0.000662846
5.28926e-10	-0.000662639
5.28968e-10	-0.000662432
5.29009e-10	-0.000662224
5.29051e-10	-0.000662016
5.29092e-10	-0.000661807
5.29134e-10	-0.000661598
5.29175e-10	-0.000661389
5.29217e-10	-0.000661179
5.29258e-10	-0.000660969
5.293e-10	-0.000660759
5.29341e-10	-0.000660548
5.29383e-10	-0.000660337
5.29424e-10	-0.000660126
5.29466e-10	-0.000659914
5.29507e-10	-0.000659702
5.29549e-10	-0.00065949
5.2959e-10	-0.000659277
5.29632e-10	-0.000659064
5.29674e-10	-0.000658851
5.29715e-10	-0.000658637
5.29757e-10	-0.000658423
5.29798e-10	-0.000658209
5.2984e-10	-0.000657994
5.29881e-10	-0.000657779
5.29923e-10	-0.000657563
5.29964e-10	-0.000657348
5.30006e-10	-0.000657131
5.30047e-10	-0.000656915
5.30089e-10	-0.000656698
5.3013e-10	-0.000656481
5.30172e-10	-0.000656264
5.30213e-10	-0.000656046
5.30255e-10	-0.000655828
5.30296e-10	-0.000655609
5.30338e-10	-0.00065539
5.30379e-10	-0.000655171
5.30421e-10	-0.000654952
5.30463e-10	-0.000654732
5.30504e-10	-0.000654511
5.30546e-10	-0.000654291
5.30587e-10	-0.00065407
5.30629e-10	-0.000653849
5.3067e-10	-0.000653627
5.30712e-10	-0.000653405
5.30753e-10	-0.000653183
5.30795e-10	-0.00065296
5.30836e-10	-0.000652737
5.30878e-10	-0.000652514
5.30919e-10	-0.00065229
5.30961e-10	-0.000652066
5.31002e-10	-0.000651842
5.31044e-10	-0.000651617
5.31085e-10	-0.000651392
5.31127e-10	-0.000651167
5.31169e-10	-0.000650941
5.3121e-10	-0.000650715
5.31252e-10	-0.000650489
5.31293e-10	-0.000650262
5.31335e-10	-0.000650035
5.31376e-10	-0.000649808
5.31418e-10	-0.00064958
5.31459e-10	-0.000649352
5.31501e-10	-0.000649123
5.31542e-10	-0.000648895
5.31584e-10	-0.000648665
5.31625e-10	-0.000648436
5.31667e-10	-0.000648206
5.31708e-10	-0.000647976
5.3175e-10	-0.000647746
5.31791e-10	-0.000647515
5.31833e-10	-0.000647284
5.31875e-10	-0.000647052
5.31916e-10	-0.00064682
5.31958e-10	-0.000646588
5.31999e-10	-0.000646355
5.32041e-10	-0.000646122
5.32082e-10	-0.000645889
5.32124e-10	-0.000645656
5.32165e-10	-0.000645422
5.32207e-10	-0.000645188
5.32248e-10	-0.000644953
5.3229e-10	-0.000644718
5.32331e-10	-0.000644483
5.32373e-10	-0.000644247
5.32414e-10	-0.000644011
5.32456e-10	-0.000643775
5.32497e-10	-0.000643538
5.32539e-10	-0.000643301
5.3258e-10	-0.000643064
5.32622e-10	-0.000642826
5.32664e-10	-0.000642588
5.32705e-10	-0.00064235
5.32747e-10	-0.000642111
5.32788e-10	-0.000641872
5.3283e-10	-0.000641633
5.32871e-10	-0.000641393
5.32913e-10	-0.000641153
5.32954e-10	-0.000640912
5.32996e-10	-0.000640672
5.33037e-10	-0.00064043
5.33079e-10	-0.000640189
5.3312e-10	-0.000639947
5.33162e-10	-0.000639705
5.33203e-10	-0.000639463
5.33245e-10	-0.00063922
5.33286e-10	-0.000638977
5.33328e-10	-0.000638733
5.3337e-10	-0.000638489
5.33411e-10	-0.000638245
5.33453e-10	-0.000638001
5.33494e-10	-0.000637756
5.33536e-10	-0.000637511
5.33577e-10	-0.000637265
5.33619e-10	-0.000637019
5.3366e-10	-0.000636773
5.33702e-10	-0.000636526
5.33743e-10	-0.000636279
5.33785e-10	-0.000636032
5.33826e-10	-0.000635785
5.33868e-10	-0.000635537
5.33909e-10	-0.000635288
5.33951e-10	-0.00063504
5.33992e-10	-0.000634791
5.34034e-10	-0.000634541
5.34076e-10	-0.000634292
5.34117e-10	-0.000634042
5.34159e-10	-0.000633791
5.342e-10	-0.000633541
5.34242e-10	-0.00063329
5.34283e-10	-0.000633038
5.34325e-10	-0.000632787
5.34366e-10	-0.000632535
5.34408e-10	-0.000632282
5.34449e-10	-0.000632029
5.34491e-10	-0.000631776
5.34532e-10	-0.000631523
5.34574e-10	-0.000631269
5.34615e-10	-0.000631015
5.34657e-10	-0.000630761
5.34698e-10	-0.000630506
5.3474e-10	-0.000630251
5.34782e-10	-0.000629995
5.34823e-10	-0.00062974
5.34865e-10	-0.000629483
5.34906e-10	-0.000629227
5.34948e-10	-0.00062897
5.34989e-10	-0.000628713
5.35031e-10	-0.000628455
5.35072e-10	-0.000628198
5.35114e-10	-0.000627939
5.35155e-10	-0.000627681
5.35197e-10	-0.000627422
5.35238e-10	-0.000627163
5.3528e-10	-0.000626903
5.35321e-10	-0.000626643
5.35363e-10	-0.000626383
5.35404e-10	-0.000626122
5.35446e-10	-0.000625862
5.35487e-10	-0.0006256
5.35529e-10	-0.000625339
5.35571e-10	-0.000625077
5.35612e-10	-0.000624814
5.35654e-10	-0.000624552
5.35695e-10	-0.000624289
5.35737e-10	-0.000624026
5.35778e-10	-0.000623762
5.3582e-10	-0.000623498
5.35861e-10	-0.000623234
5.35903e-10	-0.000622969
5.35944e-10	-0.000622704
5.35986e-10	-0.000622438
5.36027e-10	-0.000622173
5.36069e-10	-0.000621907
5.3611e-10	-0.00062164
5.36152e-10	-0.000621374
5.36193e-10	-0.000621107
5.36235e-10	-0.000620839
5.36277e-10	-0.000620571
5.36318e-10	-0.000620303
5.3636e-10	-0.000620035
5.36401e-10	-0.000619766
5.36443e-10	-0.000619497
5.36484e-10	-0.000619228
5.36526e-10	-0.000618958
5.36567e-10	-0.000618688
5.36609e-10	-0.000618417
5.3665e-10	-0.000618146
5.36692e-10	-0.000617875
5.36733e-10	-0.000617604
5.36775e-10	-0.000617332
5.36816e-10	-0.00061706
5.36858e-10	-0.000616787
5.36899e-10	-0.000616514
5.36941e-10	-0.000616241
5.36983e-10	-0.000615968
5.37024e-10	-0.000615694
5.37066e-10	-0.000615419
5.37107e-10	-0.000615145
5.37149e-10	-0.00061487
5.3719e-10	-0.000614595
5.37232e-10	-0.000614319
5.37273e-10	-0.000614043
5.37315e-10	-0.000613767
5.37356e-10	-0.00061349
5.37398e-10	-0.000613213
5.37439e-10	-0.000612936
5.37481e-10	-0.000612659
5.37522e-10	-0.000612381
5.37564e-10	-0.000612102
5.37605e-10	-0.000611824
5.37647e-10	-0.000611545
5.37688e-10	-0.000611265
5.3773e-10	-0.000610986
5.37772e-10	-0.000610706
5.37813e-10	-0.000610425
5.37855e-10	-0.000610145
5.37896e-10	-0.000609864
5.37938e-10	-0.000609582
5.37979e-10	-0.000609301
5.38021e-10	-0.000609018
5.38062e-10	-0.000608736
5.38104e-10	-0.000608453
5.38145e-10	-0.00060817
5.38187e-10	-0.000607887
5.38228e-10	-0.000607603
5.3827e-10	-0.000607319
5.38311e-10	-0.000607035
5.38353e-10	-0.00060675
5.38394e-10	-0.000606465
5.38436e-10	-0.000606179
5.38478e-10	-0.000605894
5.38519e-10	-0.000605607
5.38561e-10	-0.000605321
5.38602e-10	-0.000605034
5.38644e-10	-0.000604747
5.38685e-10	-0.00060446
5.38727e-10	-0.000604172
5.38768e-10	-0.000603884
5.3881e-10	-0.000603595
5.38851e-10	-0.000603306
5.38893e-10	-0.000603017
5.38934e-10	-0.000602728
5.38976e-10	-0.000602438
5.39017e-10	-0.000602147
5.39059e-10	-0.000601857
5.391e-10	-0.000601566
5.39142e-10	-0.000601275
5.39184e-10	-0.000600983
5.39225e-10	-0.000600691
5.39267e-10	-0.000600399
5.39308e-10	-0.000600107
5.3935e-10	-0.000599814
5.39391e-10	-0.00059952
5.39433e-10	-0.000599227
5.39474e-10	-0.000598933
5.39516e-10	-0.000598639
5.39557e-10	-0.000598344
5.39599e-10	-0.000598049
5.3964e-10	-0.000597754
5.39682e-10	-0.000597458
5.39723e-10	-0.000597162
5.39765e-10	-0.000596866
5.39806e-10	-0.000596569
5.39848e-10	-0.000596272
5.39889e-10	-0.000595975
5.39931e-10	-0.000595677
5.39973e-10	-0.000595379
5.40014e-10	-0.000595081
5.40056e-10	-0.000594782
5.40097e-10	-0.000594483
5.40139e-10	-0.000594184
5.4018e-10	-0.000593884
5.40222e-10	-0.000593584
5.40263e-10	-0.000593284
5.40305e-10	-0.000592983
5.40346e-10	-0.000592682
5.40388e-10	-0.000592381
5.40429e-10	-0.000592079
5.40471e-10	-0.000591777
5.40512e-10	-0.000591475
5.40554e-10	-0.000591172
5.40595e-10	-0.000590869
5.40637e-10	-0.000590566
5.40679e-10	-0.000590262
5.4072e-10	-0.000589958
5.40762e-10	-0.000589653
5.40803e-10	-0.000589349
5.40845e-10	-0.000589044
5.40886e-10	-0.000588738
5.40928e-10	-0.000588432
5.40969e-10	-0.000588126
5.41011e-10	-0.00058782
5.41052e-10	-0.000587513
5.41094e-10	-0.000587206
5.41135e-10	-0.000586899
5.41177e-10	-0.000586591
5.41218e-10	-0.000586283
5.4126e-10	-0.000585974
5.41301e-10	-0.000585665
5.41343e-10	-0.000585356
5.41385e-10	-0.000585047
5.41426e-10	-0.000584737
5.41468e-10	-0.000584427
5.41509e-10	-0.000584116
5.41551e-10	-0.000583806
5.41592e-10	-0.000583494
5.41634e-10	-0.000583183
5.41675e-10	-0.000582871
5.41717e-10	-0.000582559
5.41758e-10	-0.000582246
5.418e-10	-0.000581934
5.41841e-10	-0.00058162
5.41883e-10	-0.000581307
5.41924e-10	-0.000580993
5.41966e-10	-0.000580679
5.42007e-10	-0.000580364
5.42049e-10	-0.000580049
5.4209e-10	-0.000579734
5.42132e-10	-0.000579419
5.42174e-10	-0.000579103
5.42215e-10	-0.000578787
5.42257e-10	-0.00057847
5.42298e-10	-0.000578153
5.4234e-10	-0.000577836
5.42381e-10	-0.000577518
5.42423e-10	-0.000577201
5.42464e-10	-0.000576882
5.42506e-10	-0.000576564
5.42547e-10	-0.000576245
5.42589e-10	-0.000575926
5.4263e-10	-0.000575606
5.42672e-10	-0.000575286
5.42713e-10	-0.000574966
5.42755e-10	-0.000574645
5.42796e-10	-0.000574324
5.42838e-10	-0.000574003
5.4288e-10	-0.000573682
5.42921e-10	-0.00057336
5.42963e-10	-0.000573037
5.43004e-10	-0.000572715
5.43046e-10	-0.000572392
5.43087e-10	-0.000572069
5.43129e-10	-0.000571745
5.4317e-10	-0.000571421
5.43212e-10	-0.000571097
5.43253e-10	-0.000570772
5.43295e-10	-0.000570447
5.43336e-10	-0.000570122
5.43378e-10	-0.000569796
5.43419e-10	-0.000569471
5.43461e-10	-0.000569144
5.43502e-10	-0.000568818
5.43544e-10	-0.000568491
5.43586e-10	-0.000568163
5.43627e-10	-0.000567836
5.43669e-10	-0.000567508
5.4371e-10	-0.00056718
5.43752e-10	-0.000566851
5.43793e-10	-0.000566522
5.43835e-10	-0.000566193
5.43876e-10	-0.000565863
5.43918e-10	-0.000565533
5.43959e-10	-0.000565203
5.44001e-10	-0.000564872
5.44042e-10	-0.000564541
5.44084e-10	-0.00056421
5.44125e-10	-0.000563878
5.44167e-10	-0.000563546
5.44208e-10	-0.000563214
5.4425e-10	-0.000562881
5.44291e-10	-0.000562548
5.44333e-10	-0.000562215
5.44375e-10	-0.000561882
5.44416e-10	-0.000561548
5.44458e-10	-0.000561213
5.44499e-10	-0.000560879
5.44541e-10	-0.000560544
5.44582e-10	-0.000560208
5.44624e-10	-0.000559873
5.44665e-10	-0.000559537
5.44707e-10	-0.0005592
5.44748e-10	-0.000558864
5.4479e-10	-0.000558527
5.44831e-10	-0.00055819
5.44873e-10	-0.000557852
5.44914e-10	-0.000557514
5.44956e-10	-0.000557176
5.44997e-10	-0.000556837
5.45039e-10	-0.000556498
5.45081e-10	-0.000556159
5.45122e-10	-0.000555819
5.45164e-10	-0.000555479
5.45205e-10	-0.000555139
5.45247e-10	-0.000554798
5.45288e-10	-0.000554457
5.4533e-10	-0.000554116
5.45371e-10	-0.000553774
5.45413e-10	-0.000553432
5.45454e-10	-0.00055309
5.45496e-10	-0.000552747
5.45537e-10	-0.000552404
5.45579e-10	-0.000552061
5.4562e-10	-0.000551718
5.45662e-10	-0.000551374
5.45703e-10	-0.000551029
5.45745e-10	-0.000550685
5.45787e-10	-0.00055034
5.45828e-10	-0.000549994
5.4587e-10	-0.000549649
5.45911e-10	-0.000549303
5.45953e-10	-0.000548957
5.45994e-10	-0.00054861
5.46036e-10	-0.000548263
5.46077e-10	-0.000547916
5.46119e-10	-0.000547568
5.4616e-10	-0.00054722
5.46202e-10	-0.000546872
5.46243e-10	-0.000546523
5.46285e-10	-0.000546174
5.46326e-10	-0.000545825
5.46368e-10	-0.000545476
5.46409e-10	-0.000545126
5.46451e-10	-0.000544775
5.46492e-10	-0.000544425
5.46534e-10	-0.000544074
5.46576e-10	-0.000543723
5.46617e-10	-0.000543371
5.46659e-10	-0.000543019
5.467e-10	-0.000542667
5.46742e-10	-0.000542314
5.46783e-10	-0.000541961
5.46825e-10	-0.000541608
5.46866e-10	-0.000541255
5.46908e-10	-0.000540901
5.46949e-10	-0.000540547
5.46991e-10	-0.000540192
5.47032e-10	-0.000539837
5.47074e-10	-0.000539482
5.47115e-10	-0.000539126
5.47157e-10	-0.00053877
5.47198e-10	-0.000538414
5.4724e-10	-0.000538058
5.47282e-10	-0.000537701
5.47323e-10	-0.000537344
5.47365e-10	-0.000536986
5.47406e-10	-0.000536628
5.47448e-10	-0.00053627
5.47489e-10	-0.000535912
5.47531e-10	-0.000535553
5.47572e-10	-0.000535194
5.47614e-10	-0.000534834
5.47655e-10	-0.000534474
5.47697e-10	-0.000534114
5.47738e-10	-0.000533754
5.4778e-10	-0.000533393
5.47821e-10	-0.000533032
5.47863e-10	-0.00053267
5.47904e-10	-0.000532308
5.47946e-10	-0.000531946
5.47988e-10	-0.000531584
5.48029e-10	-0.000531221
5.48071e-10	-0.000530858
5.48112e-10	-0.000530494
5.48154e-10	-0.000530131
5.48195e-10	-0.000529766
5.48237e-10	-0.000529402
5.48278e-10	-0.000529037
5.4832e-10	-0.000528672
5.48361e-10	-0.000528307
5.48403e-10	-0.000527941
5.48444e-10	-0.000527575
5.48486e-10	-0.000527209
5.48527e-10	-0.000526842
5.48569e-10	-0.000526475
5.4861e-10	-0.000526107
5.48652e-10	-0.00052574
5.48694e-10	-0.000525372
5.48735e-10	-0.000525003
5.48777e-10	-0.000524635
5.48818e-10	-0.000524266
5.4886e-10	-0.000523896
5.48901e-10	-0.000523527
5.48943e-10	-0.000523157
5.48984e-10	-0.000522786
5.49026e-10	-0.000522416
5.49067e-10	-0.000522045
5.49109e-10	-0.000521673
5.4915e-10	-0.000521302
5.49192e-10	-0.00052093
5.49233e-10	-0.000520557
5.49275e-10	-0.000520185
5.49316e-10	-0.000519812
5.49358e-10	-0.000519438
5.49399e-10	-0.000519065
5.49441e-10	-0.000518691
5.49483e-10	-0.000518317
5.49524e-10	-0.000517942
5.49566e-10	-0.000517567
5.49607e-10	-0.000517192
5.49649e-10	-0.000516816
5.4969e-10	-0.000516441
5.49732e-10	-0.000516064
5.49773e-10	-0.000515688
5.49815e-10	-0.000515311
5.49856e-10	-0.000514934
5.49898e-10	-0.000514556
5.49939e-10	-0.000514178
5.49981e-10	-0.0005138
5.50022e-10	-0.000513422
5.50064e-10	-0.000513043
5.50105e-10	-0.000512664
5.50147e-10	-0.000512284
5.50189e-10	-0.000511905
5.5023e-10	-0.000511524
5.50272e-10	-0.000511144
5.50313e-10	-0.000510763
5.50355e-10	-0.000510382
5.50396e-10	-0.000510001
5.50438e-10	-0.000509619
5.50479e-10	-0.000509237
5.50521e-10	-0.000508855
5.50562e-10	-0.000508472
5.50604e-10	-0.000508089
5.50645e-10	-0.000507705
5.50687e-10	-0.000507322
5.50728e-10	-0.000506938
5.5077e-10	-0.000506553
5.50811e-10	-0.000506169
5.50853e-10	-0.000505784
5.50895e-10	-0.000505398
5.50936e-10	-0.000505013
5.50978e-10	-0.000504627
5.51019e-10	-0.000504241
5.51061e-10	-0.000503854
5.51102e-10	-0.000503467
5.51144e-10	-0.00050308
5.51185e-10	-0.000502692
5.51227e-10	-0.000502304
5.51268e-10	-0.000501916
5.5131e-10	-0.000501528
5.51351e-10	-0.000501139
5.51393e-10	-0.00050075
5.51434e-10	-0.00050036
5.51476e-10	-0.00049997
5.51517e-10	-0.00049958
5.51559e-10	-0.00049919
5.516e-10	-0.000498799
5.51642e-10	-0.000498408
5.51684e-10	-0.000498016
5.51725e-10	-0.000497625
5.51767e-10	-0.000497232
5.51808e-10	-0.00049684
5.5185e-10	-0.000496447
5.51891e-10	-0.000496054
5.51933e-10	-0.000495661
5.51974e-10	-0.000495267
5.52016e-10	-0.000494873
5.52057e-10	-0.000494479
5.52099e-10	-0.000494084
5.5214e-10	-0.000493689
5.52182e-10	-0.000493294
5.52223e-10	-0.000492898
5.52265e-10	-0.000492502
5.52306e-10	-0.000492106
5.52348e-10	-0.00049171
5.5239e-10	-0.000491313
5.52431e-10	-0.000490915
5.52473e-10	-0.000490518
5.52514e-10	-0.00049012
5.52556e-10	-0.000489722
5.52597e-10	-0.000489323
5.52639e-10	-0.000488924
5.5268e-10	-0.000488525
5.52722e-10	-0.000488126
5.52763e-10	-0.000487726
5.52805e-10	-0.000487326
5.52846e-10	-0.000486925
5.52888e-10	-0.000486525
5.52929e-10	-0.000486124
5.52971e-10	-0.000485722
5.53012e-10	-0.000485321
5.53054e-10	-0.000484919
5.53096e-10	-0.000484516
5.53137e-10	-0.000484114
5.53179e-10	-0.000483711
5.5322e-10	-0.000483307
5.53262e-10	-0.000482904
5.53303e-10	-0.0004825
5.53345e-10	-0.000482095
5.53386e-10	-0.000481691
5.53428e-10	-0.000481286
5.53469e-10	-0.000480881
5.53511e-10	-0.000480475
5.53552e-10	-0.000480069
5.53594e-10	-0.000479663
5.53635e-10	-0.000479257
5.53677e-10	-0.00047885
5.53718e-10	-0.000478443
5.5376e-10	-0.000478035
5.53801e-10	-0.000477627
5.53843e-10	-0.000477219
5.53885e-10	-0.000476811
5.53926e-10	-0.000476402
5.53968e-10	-0.000475993
5.54009e-10	-0.000475584
5.54051e-10	-0.000475174
5.54092e-10	-0.000474764
5.54134e-10	-0.000474354
5.54175e-10	-0.000473943
5.54217e-10	-0.000473532
5.54258e-10	-0.000473121
5.543e-10	-0.000472709
5.54341e-10	-0.000472298
5.54383e-10	-0.000471885
5.54424e-10	-0.000471473
5.54466e-10	-0.00047106
5.54507e-10	-0.000470647
5.54549e-10	-0.000470233
5.54591e-10	-0.00046982
5.54632e-10	-0.000469405
5.54674e-10	-0.000468991
5.54715e-10	-0.000468576
5.54757e-10	-0.000468161
5.54798e-10	-0.000467746
5.5484e-10	-0.00046733
5.54881e-10	-0.000466914
5.54923e-10	-0.000466498
5.54964e-10	-0.000466081
5.55006e-10	-0.000465664
5.55047e-10	-0.000465247
5.55089e-10	-0.000464829
5.5513e-10	-0.000464412
5.55172e-10	-0.000463993
5.55213e-10	-0.000463575
5.55255e-10	-0.000463156
5.55297e-10	-0.000462737
5.55338e-10	-0.000462317
5.5538e-10	-0.000461898
5.55421e-10	-0.000461477
5.55463e-10	-0.000461057
5.55504e-10	-0.000460636
5.55546e-10	-0.000460215
5.55587e-10	-0.000459794
5.55629e-10	-0.000459372
5.5567e-10	-0.00045895
5.55712e-10	-0.000458528
5.55753e-10	-0.000458105
5.55795e-10	-0.000457682
5.55836e-10	-0.000457259
5.55878e-10	-0.000456836
5.55919e-10	-0.000456412
5.55961e-10	-0.000455988
5.56002e-10	-0.000455563
5.56044e-10	-0.000455138
5.56086e-10	-0.000454713
5.56127e-10	-0.000454288
5.56169e-10	-0.000453862
5.5621e-10	-0.000453436
5.56252e-10	-0.00045301
5.56293e-10	-0.000452583
5.56335e-10	-0.000452156
5.56376e-10	-0.000451729
5.56418e-10	-0.000451301
5.56459e-10	-0.000450873
5.56501e-10	-0.000450445
5.56542e-10	-0.000450016
5.56584e-10	-0.000449587
5.56625e-10	-0.000449158
5.56667e-10	-0.000448729
5.56708e-10	-0.000448299
5.5675e-10	-0.000447869
5.56792e-10	-0.000447438
5.56833e-10	-0.000447008
5.56875e-10	-0.000446577
5.56916e-10	-0.000446145
5.56958e-10	-0.000445714
5.56999e-10	-0.000445282
5.57041e-10	-0.000444849
5.57082e-10	-0.000444417
5.57124e-10	-0.000443984
5.57165e-10	-0.000443551
5.57207e-10	-0.000443117
5.57248e-10	-0.000442683
5.5729e-10	-0.000442249
5.57331e-10	-0.000441815
5.57373e-10	-0.00044138
5.57414e-10	-0.000440945
5.57456e-10	-0.000440509
5.57498e-10	-0.000440074
5.57539e-10	-0.000439638
5.57581e-10	-0.000439201
5.57622e-10	-0.000438765
5.57664e-10	-0.000438328
5.57705e-10	-0.000437891
5.57747e-10	-0.000437453
5.57788e-10	-0.000437015
5.5783e-10	-0.000436577
5.57871e-10	-0.000436139
5.57913e-10	-0.0004357
5.57954e-10	-0.000435261
5.57996e-10	-0.000434821
5.58037e-10	-0.000434382
5.58079e-10	-0.000433942
5.5812e-10	-0.000433501
5.58162e-10	-0.000433061
5.58203e-10	-0.00043262
5.58245e-10	-0.000432178
5.58287e-10	-0.000431737
5.58328e-10	-0.000431295
5.5837e-10	-0.000430853
5.58411e-10	-0.00043041
5.58453e-10	-0.000429968
5.58494e-10	-0.000429524
5.58536e-10	-0.000429081
5.58577e-10	-0.000428637
5.58619e-10	-0.000428193
5.5866e-10	-0.000427749
5.58702e-10	-0.000427304
5.58743e-10	-0.000426859
5.58785e-10	-0.000426414
5.58826e-10	-0.000425969
5.58868e-10	-0.000425523
5.58909e-10	-0.000425077
5.58951e-10	-0.00042463
5.58993e-10	-0.000424183
5.59034e-10	-0.000423736
5.59076e-10	-0.000423289
5.59117e-10	-0.000422841
5.59159e-10	-0.000422393
5.592e-10	-0.000421945
5.59242e-10	-0.000421496
5.59283e-10	-0.000421048
5.59325e-10	-0.000420598
5.59366e-10	-0.000420149
5.59408e-10	-0.000419699
5.59449e-10	-0.000419249
5.59491e-10	-0.000418798
5.59532e-10	-0.000418348
5.59574e-10	-0.000417897
5.59615e-10	-0.000417445
5.59657e-10	-0.000416994
5.59699e-10	-0.000416542
5.5974e-10	-0.000416089
5.59782e-10	-0.000415637
5.59823e-10	-0.000415184
5.59865e-10	-0.000414731
5.59906e-10	-0.000414277
5.59948e-10	-0.000413824
5.59989e-10	-0.00041337
5.60031e-10	-0.000412915
5.60072e-10	-0.000412461
5.60114e-10	-0.000412006
5.60155e-10	-0.00041155
5.60197e-10	-0.000411095
5.60238e-10	-0.000410639
5.6028e-10	-0.000410183
5.60321e-10	-0.000409726
5.60363e-10	-0.000409269
5.60405e-10	-0.000408812
5.60446e-10	-0.000408355
5.60488e-10	-0.000407897
5.60529e-10	-0.000407439
5.60571e-10	-0.000406981
5.60612e-10	-0.000406522
5.60654e-10	-0.000406063
5.60695e-10	-0.000405604
5.60737e-10	-0.000405145
5.60778e-10	-0.000404685
5.6082e-10	-0.000404225
5.60861e-10	-0.000403764
5.60903e-10	-0.000403304
5.60944e-10	-0.000402843
5.60986e-10	-0.000402381
5.61027e-10	-0.00040192
5.61069e-10	-0.000401458
5.6111e-10	-0.000400996
5.61152e-10	-0.000400533
5.61194e-10	-0.00040007
5.61235e-10	-0.000399607
5.61277e-10	-0.000399144
5.61318e-10	-0.00039868
5.6136e-10	-0.000398216
5.61401e-10	-0.000397752
5.61443e-10	-0.000397287
5.61484e-10	-0.000396822
5.61526e-10	-0.000396357
5.61567e-10	-0.000395891
5.61609e-10	-0.000395426
5.6165e-10	-0.00039496
5.61692e-10	-0.000394493
5.61733e-10	-0.000394026
5.61775e-10	-0.000393559
5.61816e-10	-0.000393092
5.61858e-10	-0.000392625
5.619e-10	-0.000392157
5.61941e-10	-0.000391688
5.61983e-10	-0.00039122
5.62024e-10	-0.000390751
5.62066e-10	-0.000390282
5.62107e-10	-0.000389813
5.62149e-10	-0.000389343
5.6219e-10	-0.000388873
5.62232e-10	-0.000388403
5.62273e-10	-0.000387932
5.62315e-10	-0.000387461
5.62356e-10	-0.00038699
5.62398e-10	-0.000386519
5.62439e-10	-0.000386047
5.62481e-10	-0.000385575
5.62522e-10	-0.000385103
5.62564e-10	-0.00038463
5.62606e-10	-0.000384157
5.62647e-10	-0.000383684
5.62689e-10	-0.00038321
5.6273e-10	-0.000382737
5.62772e-10	-0.000382262
5.62813e-10	-0.000381788
5.62855e-10	-0.000381313
5.62896e-10	-0.000380838
5.62938e-10	-0.000380363
5.62979e-10	-0.000379887
5.63021e-10	-0.000379412
5.63062e-10	-0.000378935
5.63104e-10	-0.000378459
5.63145e-10	-0.000377982
5.63187e-10	-0.000377505
5.63228e-10	-0.000377028
5.6327e-10	-0.00037655
5.63311e-10	-0.000376072
5.63353e-10	-0.000375594
5.63395e-10	-0.000375115
5.63436e-10	-0.000374637
5.63478e-10	-0.000374158
5.63519e-10	-0.000373678
5.63561e-10	-0.000373198
5.63602e-10	-0.000372718
5.63644e-10	-0.000372238
5.63685e-10	-0.000371758
5.63727e-10	-0.000371277
5.63768e-10	-0.000370796
5.6381e-10	-0.000370314
5.63851e-10	-0.000369832
5.63893e-10	-0.00036935
5.63934e-10	-0.000368868
5.63976e-10	-0.000368385
5.64017e-10	-0.000367902
5.64059e-10	-0.000367419
5.64101e-10	-0.000366936
5.64142e-10	-0.000366452
5.64184e-10	-0.000365968
5.64225e-10	-0.000365484
5.64267e-10	-0.000364999
5.64308e-10	-0.000364514
5.6435e-10	-0.000364029
5.64391e-10	-0.000363543
5.64433e-10	-0.000363057
5.64474e-10	-0.000362571
5.64516e-10	-0.000362085
5.64557e-10	-0.000361598
5.64599e-10	-0.000361111
5.6464e-10	-0.000360624
5.64682e-10	-0.000360136
5.64723e-10	-0.000359649
5.64765e-10	-0.00035916
5.64807e-10	-0.000358672
5.64848e-10	-0.000358183
5.6489e-10	-0.000357694
5.64931e-10	-0.000357205
5.64973e-10	-0.000356715
5.65014e-10	-0.000356226
5.65056e-10	-0.000355735
5.65097e-10	-0.000355245
5.65139e-10	-0.000354754
5.6518e-10	-0.000354263
5.65222e-10	-0.000353772
5.65263e-10	-0.00035328
5.65305e-10	-0.000352788
5.65346e-10	-0.000352296
5.65388e-10	-0.000351804
5.65429e-10	-0.000351311
5.65471e-10	-0.000350818
5.65512e-10	-0.000350325
5.65554e-10	-0.000349831
5.65596e-10	-0.000349337
5.65637e-10	-0.000348843
5.65679e-10	-0.000348349
5.6572e-10	-0.000347854
5.65762e-10	-0.000347359
5.65803e-10	-0.000346864
5.65845e-10	-0.000346368
5.65886e-10	-0.000345872
5.65928e-10	-0.000345376
5.65969e-10	-0.000344879
5.66011e-10	-0.000344383
5.66052e-10	-0.000343886
5.66094e-10	-0.000343388
5.66135e-10	-0.000342891
5.66177e-10	-0.000342393
5.66218e-10	-0.000341895
5.6626e-10	-0.000341396
5.66302e-10	-0.000340898
5.66343e-10	-0.000340399
5.66385e-10	-0.000339899
5.66426e-10	-0.0003394
5.66468e-10	-0.0003389
5.66509e-10	-0.0003384
5.66551e-10	-0.000337899
5.66592e-10	-0.000337398
5.66634e-10	-0.000336898
5.66675e-10	-0.000336396
5.66717e-10	-0.000335895
5.66758e-10	-0.000335393
5.668e-10	-0.000334891
5.66841e-10	-0.000334388
5.66883e-10	-0.000333886
5.66924e-10	-0.000333383
5.66966e-10	-0.000332879
5.67008e-10	-0.000332376
5.67049e-10	-0.000331872
5.67091e-10	-0.000331368
5.67132e-10	-0.000330863
5.67174e-10	-0.000330359
5.67215e-10	-0.000329854
5.67257e-10	-0.000329349
5.67298e-10	-0.000328843
5.6734e-10	-0.000328337
5.67381e-10	-0.000327831
5.67423e-10	-0.000327325
5.67464e-10	-0.000326818
5.67506e-10	-0.000326311
5.67547e-10	-0.000325804
5.67589e-10	-0.000325297
5.6763e-10	-0.000324789
5.67672e-10	-0.000324281
5.67713e-10	-0.000323773
5.67755e-10	-0.000323264
5.67797e-10	-0.000322755
5.67838e-10	-0.000322246
5.6788e-10	-0.000321737
5.67921e-10	-0.000321227
5.67963e-10	-0.000320717
5.68004e-10	-0.000320207
5.68046e-10	-0.000319696
5.68087e-10	-0.000319185
5.68129e-10	-0.000318674
5.6817e-10	-0.000318163
5.68212e-10	-0.000317651
5.68253e-10	-0.000317139
5.68295e-10	-0.000316627
5.68336e-10	-0.000316115
5.68378e-10	-0.000315602
5.68419e-10	-0.000315089
5.68461e-10	-0.000314575
5.68503e-10	-0.000314062
5.68544e-10	-0.000313548
5.68586e-10	-0.000313034
5.68627e-10	-0.000312519
5.68669e-10	-0.000312005
5.6871e-10	-0.00031149
5.68752e-10	-0.000310975
5.68793e-10	-0.000310459
5.68835e-10	-0.000309943
5.68876e-10	-0.000309427
5.68918e-10	-0.000308911
5.68959e-10	-0.000308394
5.69001e-10	-0.000307877
5.69042e-10	-0.00030736
5.69084e-10	-0.000306843
5.69125e-10	-0.000306325
5.69167e-10	-0.000305807
5.69209e-10	-0.000305289
5.6925e-10	-0.00030477
5.69292e-10	-0.000304251
5.69333e-10	-0.000303732
5.69375e-10	-0.000303213
5.69416e-10	-0.000302693
5.69458e-10	-0.000302173
5.69499e-10	-0.000301653
5.69541e-10	-0.000301133
5.69582e-10	-0.000300612
5.69624e-10	-0.000300091
5.69665e-10	-0.00029957
5.69707e-10	-0.000299048
5.69748e-10	-0.000298526
5.6979e-10	-0.000298004
5.69831e-10	-0.000297482
5.69873e-10	-0.000296959
5.69914e-10	-0.000296436
5.69956e-10	-0.000295913
5.69998e-10	-0.00029539
5.70039e-10	-0.000294866
5.70081e-10	-0.000294342
5.70122e-10	-0.000293818
5.70164e-10	-0.000293293
5.70205e-10	-0.000292768
5.70247e-10	-0.000292243
5.70288e-10	-0.000291718
5.7033e-10	-0.000291192
5.70371e-10	-0.000290666
5.70413e-10	-0.00029014
5.70454e-10	-0.000289614
5.70496e-10	-0.000289087
5.70537e-10	-0.00028856
5.70579e-10	-0.000288033
5.7062e-10	-0.000287505
5.70662e-10	-0.000286978
5.70704e-10	-0.00028645
5.70745e-10	-0.000285921
5.70787e-10	-0.000285393
5.70828e-10	-0.000284864
5.7087e-10	-0.000284335
5.70911e-10	-0.000283805
5.70953e-10	-0.000283276
5.70994e-10	-0.000282746
5.71036e-10	-0.000282216
5.71077e-10	-0.000281685
5.71119e-10	-0.000281155
5.7116e-10	-0.000280624
5.71202e-10	-0.000280092
5.71243e-10	-0.000279561
5.71285e-10	-0.000279029
5.71326e-10	-0.000278497
5.71368e-10	-0.000277965
5.7141e-10	-0.000277432
5.71451e-10	-0.000276899
5.71493e-10	-0.000276366
5.71534e-10	-0.000275833
5.71576e-10	-0.000275299
5.71617e-10	-0.000274765
5.71659e-10	-0.000274231
5.717e-10	-0.000273697
5.71742e-10	-0.000273162
5.71783e-10	-0.000272627
5.71825e-10	-0.000272092
5.71866e-10	-0.000271556
5.71908e-10	-0.00027102
5.71949e-10	-0.000270484
5.71991e-10	-0.000269948
5.72032e-10	-0.000269412
5.72074e-10	-0.000268875
5.72115e-10	-0.000268338
5.72157e-10	-0.0002678
5.72199e-10	-0.000267263
5.7224e-10	-0.000266725
5.72282e-10	-0.000266187
5.72323e-10	-0.000265648
5.72365e-10	-0.00026511
5.72406e-10	-0.000264571
5.72448e-10	-0.000264032
5.72489e-10	-0.000263492
5.72531e-10	-0.000262952
5.72572e-10	-0.000262413
5.72614e-10	-0.000261872
5.72655e-10	-0.000261332
5.72697e-10	-0.000260791
5.72738e-10	-0.00026025
5.7278e-10	-0.000259709
5.72821e-10	-0.000259167
5.72863e-10	-0.000258625
5.72905e-10	-0.000258083
5.72946e-10	-0.000257541
5.72988e-10	-0.000256998
5.73029e-10	-0.000256456
5.73071e-10	-0.000255913
5.73112e-10	-0.000255369
5.73154e-10	-0.000254826
5.73195e-10	-0.000254282
5.73237e-10	-0.000253738
5.73278e-10	-0.000253193
5.7332e-10	-0.000252649
5.73361e-10	-0.000252104
5.73403e-10	-0.000251559
5.73444e-10	-0.000251013
5.73486e-10	-0.000250467
5.73527e-10	-0.000249921
5.73569e-10	-0.000249375
5.73611e-10	-0.000248829
5.73652e-10	-0.000248282
5.73694e-10	-0.000247735
5.73735e-10	-0.000247188
5.73777e-10	-0.00024664
5.73818e-10	-0.000246093
5.7386e-10	-0.000245545
5.73901e-10	-0.000244996
5.73943e-10	-0.000244448
5.73984e-10	-0.000243899
5.74026e-10	-0.00024335
5.74067e-10	-0.000242801
5.74109e-10	-0.000242251
5.7415e-10	-0.000241702
5.74192e-10	-0.000241152
5.74233e-10	-0.000240601
5.74275e-10	-0.000240051
5.74317e-10	-0.0002395
5.74358e-10	-0.000238949
5.744e-10	-0.000238398
5.74441e-10	-0.000237846
5.74483e-10	-0.000237294
5.74524e-10	-0.000236742
5.74566e-10	-0.00023619
5.74607e-10	-0.000235637
5.74649e-10	-0.000235084
5.7469e-10	-0.000234531
5.74732e-10	-0.000233978
5.74773e-10	-0.000233424
5.74815e-10	-0.00023287
5.74856e-10	-0.000232316
5.74898e-10	-0.000231762
5.74939e-10	-0.000231207
5.74981e-10	-0.000230653
5.75022e-10	-0.000230097
5.75064e-10	-0.000229542
5.75106e-10	-0.000228986
5.75147e-10	-0.000228431
5.75189e-10	-0.000227875
5.7523e-10	-0.000227318
5.75272e-10	-0.000226762
5.75313e-10	-0.000226205
5.75355e-10	-0.000225648
5.75396e-10	-0.00022509
5.75438e-10	-0.000224533
5.75479e-10	-0.000223975
5.75521e-10	-0.000223417
5.75562e-10	-0.000222858
5.75604e-10	-0.0002223
5.75645e-10	-0.000221741
5.75687e-10	-0.000221182
5.75728e-10	-0.000220622
5.7577e-10	-0.000220063
5.75812e-10	-0.000219503
5.75853e-10	-0.000218943
5.75895e-10	-0.000218382
5.75936e-10	-0.000217822
5.75978e-10	-0.000217261
5.76019e-10	-0.0002167
5.76061e-10	-0.000216138
5.76102e-10	-0.000215577
5.76144e-10	-0.000215015
5.76185e-10	-0.000214453
5.76227e-10	-0.000213891
5.76268e-10	-0.000213328
5.7631e-10	-0.000212765
5.76351e-10	-0.000212202
5.76393e-10	-0.000211639
5.76434e-10	-0.000211075
5.76476e-10	-0.000210511
5.76518e-10	-0.000209947
5.76559e-10	-0.000209383
5.76601e-10	-0.000208819
5.76642e-10	-0.000208254
5.76684e-10	-0.000207689
5.76725e-10	-0.000207123
5.76767e-10	-0.000206558
5.76808e-10	-0.000205992
5.7685e-10	-0.000205426
5.76891e-10	-0.00020486
5.76933e-10	-0.000204293
5.76974e-10	-0.000203727
5.77016e-10	-0.00020316
5.77057e-10	-0.000202592
5.77099e-10	-0.000202025
5.7714e-10	-0.000201457
5.77182e-10	-0.000200889
5.77223e-10	-0.000200321
5.77265e-10	-0.000199753
5.77307e-10	-0.000199184
5.77348e-10	-0.000198615
5.7739e-10	-0.000198046
5.77431e-10	-0.000197476
5.77473e-10	-0.000196907
5.77514e-10	-0.000196337
5.77556e-10	-0.000195767
5.77597e-10	-0.000195196
5.77639e-10	-0.000194626
5.7768e-10	-0.000194055
5.77722e-10	-0.000193484
5.77763e-10	-0.000192912
5.77805e-10	-0.000192341
5.77846e-10	-0.000191769
5.77888e-10	-0.000191197
5.77929e-10	-0.000190625
5.77971e-10	-0.000190052
5.78013e-10	-0.000189479
5.78054e-10	-0.000188906
5.78096e-10	-0.000188333
5.78137e-10	-0.000187759
5.78179e-10	-0.000187186
5.7822e-10	-0.000186612
5.78262e-10	-0.000186038
5.78303e-10	-0.000185463
5.78345e-10	-0.000184888
5.78386e-10	-0.000184314
5.78428e-10	-0.000183738
5.78469e-10	-0.000183163
5.78511e-10	-0.000182587
5.78552e-10	-0.000182011
5.78594e-10	-0.000181435
5.78635e-10	-0.000180859
5.78677e-10	-0.000180282
5.78719e-10	-0.000179706
5.7876e-10	-0.000179129
5.78802e-10	-0.000178551
5.78843e-10	-0.000177974
5.78885e-10	-0.000177396
5.78926e-10	-0.000176818
5.78968e-10	-0.00017624
5.79009e-10	-0.000175661
5.79051e-10	-0.000175083
5.79092e-10	-0.000174504
5.79134e-10	-0.000173925
5.79175e-10	-0.000173345
5.79217e-10	-0.000172765
5.79258e-10	-0.000172186
5.793e-10	-0.000171605
5.79341e-10	-0.000171025
5.79383e-10	-0.000170445
5.79424e-10	-0.000169864
5.79466e-10	-0.000169283
5.79508e-10	-0.000168702
5.79549e-10	-0.00016812
5.79591e-10	-0.000167538
5.79632e-10	-0.000166956
5.79674e-10	-0.000166374
5.79715e-10	-0.000165792
5.79757e-10	-0.000165209
5.79798e-10	-0.000164626
5.7984e-10	-0.000164043
5.79881e-10	-0.00016346
5.79923e-10	-0.000162876
5.79964e-10	-0.000162292
5.80006e-10	-0.000161708
5.80047e-10	-0.000161124
5.80089e-10	-0.000160539
5.8013e-10	-0.000159955
5.80172e-10	-0.00015937
5.80214e-10	-0.000158785
5.80255e-10	-0.000158199
5.80297e-10	-0.000157614
5.80338e-10	-0.000157028
5.8038e-10	-0.000156442
5.80421e-10	-0.000155855
5.80463e-10	-0.000155269
5.80504e-10	-0.000154682
5.80546e-10	-0.000154095
5.80587e-10	-0.000153508
5.80629e-10	-0.00015292
5.8067e-10	-0.000152332
5.80712e-10	-0.000151745
5.80753e-10	-0.000151156
5.80795e-10	-0.000150568
5.80836e-10	-0.000149979
5.80878e-10	-0.000149391
5.8092e-10	-0.000148801
5.80961e-10	-0.000148212
5.81003e-10	-0.000147623
5.81044e-10	-0.000147033
5.81086e-10	-0.000146443
5.81127e-10	-0.000145853
5.81169e-10	-0.000145262
5.8121e-10	-0.000144672
5.81252e-10	-0.000144081
5.81293e-10	-0.00014349
5.81335e-10	-0.000142898
5.81376e-10	-0.000142307
5.81418e-10	-0.000141715
5.81459e-10	-0.000141123
5.81501e-10	-0.000140531
5.81542e-10	-0.000139939
5.81584e-10	-0.000139346
5.81625e-10	-0.000138753
5.81667e-10	-0.00013816
5.81709e-10	-0.000137567
5.8175e-10	-0.000136973
5.81792e-10	-0.000136379
5.81833e-10	-0.000135785
5.81875e-10	-0.000135191
5.81916e-10	-0.000134597
5.81958e-10	-0.000134002
5.81999e-10	-0.000133407
5.82041e-10	-0.000132812
5.82082e-10	-0.000132217
5.82124e-10	-0.000131621
5.82165e-10	-0.000131026
5.82207e-10	-0.00013043
5.82248e-10	-0.000129833
5.8229e-10	-0.000129237
5.82331e-10	-0.00012864
5.82373e-10	-0.000128044
5.82415e-10	-0.000127446
5.82456e-10	-0.000126849
5.82498e-10	-0.000126252
5.82539e-10	-0.000125654
5.82581e-10	-0.000125056
5.82622e-10	-0.000124458
5.82664e-10	-0.000123859
5.82705e-10	-0.000123261
5.82747e-10	-0.000122662
5.82788e-10	-0.000122063
5.8283e-10	-0.000121464
5.82871e-10	-0.000120864
5.82913e-10	-0.000120265
5.82954e-10	-0.000119665
5.82996e-10	-0.000119065
5.83037e-10	-0.000118464
5.83079e-10	-0.000117864
5.83121e-10	-0.000117263
5.83162e-10	-0.000116662
5.83204e-10	-0.000116061
5.83245e-10	-0.000115459
5.83287e-10	-0.000114858
5.83328e-10	-0.000114256
5.8337e-10	-0.000113654
5.83411e-10	-0.000113052
5.83453e-10	-0.000112449
5.83494e-10	-0.000111846
5.83536e-10	-0.000111244
5.83577e-10	-0.00011064
5.83619e-10	-0.000110037
5.8366e-10	-0.000109434
5.83702e-10	-0.00010883
5.83743e-10	-0.000108226
5.83785e-10	-0.000107622
5.83826e-10	-0.000107017
5.83868e-10	-0.000106413
5.8391e-10	-0.000105808
5.83951e-10	-0.000105203
5.83993e-10	-0.000104598
5.84034e-10	-0.000103992
5.84076e-10	-0.000103386
5.84117e-10	-0.000102781
5.84159e-10	-0.000102174
5.842e-10	-0.000101568
5.84242e-10	-0.000100962
5.84283e-10	-0.000100355
5.84325e-10	-9.9748e-05
5.84366e-10	-9.91409e-05
5.84408e-10	-9.85336e-05
5.84449e-10	-9.7926e-05
5.84491e-10	-9.73182e-05
5.84532e-10	-9.67103e-05
5.84574e-10	-9.61021e-05
5.84616e-10	-9.54937e-05
5.84657e-10	-9.48851e-05
5.84699e-10	-9.42763e-05
5.8474e-10	-9.36673e-05
5.84782e-10	-9.3058e-05
5.84823e-10	-9.24486e-05
5.84865e-10	-9.1839e-05
5.84906e-10	-9.12291e-05
5.84948e-10	-9.06191e-05
5.84989e-10	-9.00088e-05
5.85031e-10	-8.93984e-05
5.85072e-10	-8.87877e-05
5.85114e-10	-8.81768e-05
5.85155e-10	-8.75657e-05
5.85197e-10	-8.69545e-05
5.85238e-10	-8.6343e-05
5.8528e-10	-8.57313e-05
5.85322e-10	-8.51194e-05
5.85363e-10	-8.45073e-05
5.85405e-10	-8.3895e-05
5.85446e-10	-8.32825e-05
5.85488e-10	-8.26697e-05
5.85529e-10	-8.20568e-05
5.85571e-10	-8.14437e-05
5.85612e-10	-8.08304e-05
5.85654e-10	-8.02168e-05
5.85695e-10	-7.96031e-05
5.85737e-10	-7.89891e-05
5.85778e-10	-7.8375e-05
5.8582e-10	-7.77607e-05
5.85861e-10	-7.71461e-05
5.85903e-10	-7.65314e-05
5.85944e-10	-7.59164e-05
5.85986e-10	-7.53013e-05
5.86028e-10	-7.46859e-05
5.86069e-10	-7.40704e-05
5.86111e-10	-7.34546e-05
5.86152e-10	-7.28387e-05
5.86194e-10	-7.22225e-05
5.86235e-10	-7.16062e-05
5.86277e-10	-7.09896e-05
5.86318e-10	-7.03729e-05
5.8636e-10	-6.97559e-05
5.86401e-10	-6.91387e-05
5.86443e-10	-6.85214e-05
5.86484e-10	-6.79038e-05
5.86526e-10	-6.72861e-05
5.86567e-10	-6.66681e-05
5.86609e-10	-6.605e-05
5.8665e-10	-6.54316e-05
5.86692e-10	-6.48131e-05
5.86733e-10	-6.41944e-05
5.86775e-10	-6.35754e-05
5.86817e-10	-6.29563e-05
5.86858e-10	-6.2337e-05
5.869e-10	-6.17174e-05
5.86941e-10	-6.10977e-05
5.86983e-10	-6.04778e-05
5.87024e-10	-5.98577e-05
5.87066e-10	-5.92373e-05
5.87107e-10	-5.86168e-05
5.87149e-10	-5.79961e-05
5.8719e-10	-5.73752e-05
5.87232e-10	-5.67541e-05
5.87273e-10	-5.61328e-05
5.87315e-10	-5.55114e-05
5.87356e-10	-5.48897e-05
5.87398e-10	-5.42678e-05
5.87439e-10	-5.36457e-05
5.87481e-10	-5.30235e-05
5.87523e-10	-5.2401e-05
5.87564e-10	-5.17784e-05
5.87606e-10	-5.11555e-05
5.87647e-10	-5.05325e-05
5.87689e-10	-4.99092e-05
5.8773e-10	-4.92858e-05
5.87772e-10	-4.86622e-05
5.87813e-10	-4.80384e-05
5.87855e-10	-4.74144e-05
5.87896e-10	-4.67902e-05
5.87938e-10	-4.61658e-05
5.87979e-10	-4.55413e-05
5.88021e-10	-4.49165e-05
5.88062e-10	-4.42916e-05
5.88104e-10	-4.36664e-05
5.88145e-10	-4.30411e-05
5.88187e-10	-4.24155e-05
5.88229e-10	-4.17898e-05
5.8827e-10	-4.11639e-05
5.88312e-10	-4.05378e-05
5.88353e-10	-3.99115e-05
5.88395e-10	-3.92851e-05
5.88436e-10	-3.86584e-05
5.88478e-10	-3.80316e-05
5.88519e-10	-3.74045e-05
5.88561e-10	-3.67773e-05
5.88602e-10	-3.61499e-05
5.88644e-10	-3.55223e-05
5.88685e-10	-3.48945e-05
5.88727e-10	-3.42665e-05
5.88768e-10	-3.36383e-05
5.8881e-10	-3.301e-05
5.88851e-10	-3.23815e-05
5.88893e-10	-3.17527e-05
5.88934e-10	-3.11238e-05
5.88976e-10	-3.04947e-05
5.89018e-10	-2.98654e-05
5.89059e-10	-2.9236e-05
5.89101e-10	-2.86063e-05
5.89142e-10	-2.79765e-05
5.89184e-10	-2.73465e-05
5.89225e-10	-2.67162e-05
5.89267e-10	-2.60859e-05
5.89308e-10	-2.54553e-05
5.8935e-10	-2.48245e-05
5.89391e-10	-2.41936e-05
5.89433e-10	-2.35624e-05
5.89474e-10	-2.29311e-05
5.89516e-10	-2.22996e-05
5.89557e-10	-2.1668e-05
5.89599e-10	-2.10361e-05
5.8964e-10	-2.04041e-05
5.89682e-10	-1.97718e-05
5.89724e-10	-1.91394e-05
5.89765e-10	-1.85068e-05
5.89807e-10	-1.78741e-05
5.89848e-10	-1.72411e-05
5.8989e-10	-1.6608e-05
5.89931e-10	-1.59747e-05
5.89973e-10	-1.53412e-05
5.90014e-10	-1.47075e-05
5.90056e-10	-1.40736e-05
5.90097e-10	-1.34396e-05
5.90139e-10	-1.28054e-05
5.9018e-10	-1.2171e-05
5.90222e-10	-1.15364e-05
5.90263e-10	-1.09017e-05
5.90305e-10	-1.02667e-05
5.90346e-10	-9.63162e-06
5.90388e-10	-8.99633e-06
5.9043e-10	-8.36086e-06
5.90471e-10	-7.72522e-06
5.90513e-10	-7.08939e-06
5.90554e-10	-6.45339e-06
5.90596e-10	-5.81722e-06
5.90637e-10	-5.18086e-06
5.90679e-10	-4.54433e-06
5.9072e-10	-3.90762e-06
5.90762e-10	-3.27074e-06
5.90803e-10	-2.63367e-06
5.90845e-10	-1.99644e-06
5.90886e-10	-1.35902e-06
5.90928e-10	-7.21436e-07
5.90969e-10	-8.36729e-08
5.91011e-10	5.54266e-07
5.91052e-10	1.19238e-06
5.91094e-10	1.83067e-06
5.91135e-10	2.46913e-06
5.91177e-10	3.10777e-06
5.91219e-10	3.74658e-06
5.9126e-10	4.38556e-06
5.91302e-10	5.02472e-06
5.91343e-10	5.66405e-06
5.91385e-10	6.30355e-06
5.91426e-10	6.94323e-06
5.91468e-10	7.58308e-06
5.91509e-10	8.2231e-06
5.91551e-10	8.86329e-06
5.91592e-10	9.50366e-06
5.91634e-10	1.01442e-05
5.91675e-10	1.07849e-05
5.91717e-10	1.14258e-05
5.91758e-10	1.20668e-05
5.918e-10	1.27081e-05
5.91841e-10	1.33494e-05
5.91883e-10	1.3991e-05
5.91925e-10	1.46327e-05
5.91966e-10	1.52746e-05
5.92008e-10	1.59167e-05
5.92049e-10	1.65589e-05
5.92091e-10	1.72014e-05
5.92132e-10	1.78439e-05
5.92174e-10	1.84867e-05
5.92215e-10	1.91296e-05
5.92257e-10	1.97727e-05
5.92298e-10	2.04159e-05
5.9234e-10	2.10594e-05
5.92381e-10	2.17029e-05
5.92423e-10	2.23467e-05
5.92464e-10	2.29906e-05
5.92506e-10	2.36347e-05
5.92547e-10	2.4279e-05
5.92589e-10	2.49234e-05
5.92631e-10	2.5568e-05
5.92672e-10	2.62127e-05
5.92714e-10	2.68576e-05
5.92755e-10	2.75027e-05
5.92797e-10	2.8148e-05
5.92838e-10	2.87934e-05
5.9288e-10	2.9439e-05
5.92921e-10	3.00847e-05
5.92963e-10	3.07306e-05
5.93004e-10	3.13767e-05
5.93046e-10	3.20229e-05
5.93087e-10	3.26693e-05
5.93129e-10	3.33159e-05
5.9317e-10	3.39626e-05
5.93212e-10	3.46095e-05
5.93253e-10	3.52565e-05
5.93295e-10	3.59037e-05
5.93336e-10	3.65511e-05
5.93378e-10	3.71986e-05
5.9342e-10	3.78463e-05
5.93461e-10	3.84942e-05
5.93503e-10	3.91422e-05
5.93544e-10	3.97904e-05
5.93586e-10	4.04387e-05
5.93627e-10	4.10872e-05
5.93669e-10	4.17359e-05
5.9371e-10	4.23847e-05
5.93752e-10	4.30337e-05
5.93793e-10	4.36829e-05
5.93835e-10	4.43322e-05
5.93876e-10	4.49816e-05
5.93918e-10	4.56312e-05
5.93959e-10	4.6281e-05
5.94001e-10	4.69309e-05
5.94042e-10	4.7581e-05
5.94084e-10	4.82313e-05
5.94126e-10	4.88817e-05
5.94167e-10	4.95323e-05
5.94209e-10	5.0183e-05
5.9425e-10	5.08339e-05
5.94292e-10	5.14849e-05
5.94333e-10	5.21361e-05
5.94375e-10	5.27874e-05
5.94416e-10	5.3439e-05
5.94458e-10	5.40906e-05
5.94499e-10	5.47424e-05
5.94541e-10	5.53944e-05
5.94582e-10	5.60465e-05
5.94624e-10	5.66988e-05
5.94665e-10	5.73512e-05
5.94707e-10	5.80038e-05
5.94748e-10	5.86566e-05
5.9479e-10	5.93095e-05
5.94832e-10	5.99625e-05
5.94873e-10	6.06157e-05
5.94915e-10	6.12691e-05
5.94956e-10	6.19226e-05
5.94998e-10	6.25763e-05
5.95039e-10	6.32301e-05
5.95081e-10	6.38841e-05
5.95122e-10	6.45382e-05
5.95164e-10	6.51924e-05
5.95205e-10	6.58469e-05
5.95247e-10	6.65014e-05
5.95288e-10	6.71562e-05
5.9533e-10	6.7811e-05
5.95371e-10	6.84661e-05
5.95413e-10	6.91212e-05
5.95454e-10	6.97766e-05
5.95496e-10	7.0432e-05
5.95537e-10	7.10877e-05
5.95579e-10	7.17434e-05
5.95621e-10	7.23994e-05
5.95662e-10	7.30554e-05
5.95704e-10	7.37117e-05
5.95745e-10	7.4368e-05
5.95787e-10	7.50245e-05
5.95828e-10	7.56812e-05
5.9587e-10	7.6338e-05
5.95911e-10	7.6995e-05
5.95953e-10	7.76521e-05
5.95994e-10	7.83093e-05
5.96036e-10	7.89667e-05
5.96077e-10	7.96243e-05
5.96119e-10	8.0282e-05
5.9616e-10	8.09398e-05
5.96202e-10	8.15978e-05
5.96243e-10	8.22559e-05
5.96285e-10	8.29142e-05
5.96327e-10	8.35726e-05
5.96368e-10	8.42312e-05
5.9641e-10	8.48899e-05
5.96451e-10	8.55488e-05
5.96493e-10	8.62078e-05
5.96534e-10	8.68669e-05
5.96576e-10	8.75262e-05
5.96617e-10	8.81856e-05
5.96659e-10	8.88452e-05
5.967e-10	8.95049e-05
5.96742e-10	9.01647e-05
5.96783e-10	9.08247e-05
5.96825e-10	9.14849e-05
5.96866e-10	9.21451e-05
5.96908e-10	9.28056e-05
5.96949e-10	9.34661e-05
5.96991e-10	9.41268e-05
5.97033e-10	9.47877e-05
5.97074e-10	9.54487e-05
5.97116e-10	9.61098e-05
5.97157e-10	9.6771e-05
5.97199e-10	9.74325e-05
5.9724e-10	9.8094e-05
5.97282e-10	9.87557e-05
5.97323e-10	9.94175e-05
5.97365e-10	0.000100079
5.97406e-10	0.000100742
5.97448e-10	0.000101404
5.97489e-10	0.000102066
5.97531e-10	0.000102729
5.97572e-10	0.000103391
5.97614e-10	0.000104054
5.97655e-10	0.000104717
5.97697e-10	0.00010538
5.97738e-10	0.000106043
5.9778e-10	0.000106707
5.97822e-10	0.00010737
5.97863e-10	0.000108034
5.97905e-10	0.000108697
5.97946e-10	0.000109361
5.97988e-10	0.000110025
5.98029e-10	0.000110689
5.98071e-10	0.000111354
5.98112e-10	0.000112018
5.98154e-10	0.000112683
5.98195e-10	0.000113347
5.98237e-10	0.000114012
5.98278e-10	0.000114677
5.9832e-10	0.000115342
5.98361e-10	0.000116007
5.98403e-10	0.000116673
5.98444e-10	0.000117338
5.98486e-10	0.000118004
5.98528e-10	0.00011867
5.98569e-10	0.000119336
5.98611e-10	0.000120002
5.98652e-10	0.000120668
5.98694e-10	0.000121334
5.98735e-10	0.000122
5.98777e-10	0.000122667
5.98818e-10	0.000123334
5.9886e-10	0.000124
5.98901e-10	0.000124667
5.98943e-10	0.000125334
5.98984e-10	0.000126001
5.99026e-10	0.000126669
5.99067e-10	0.000127336
5.99109e-10	0.000128004
5.9915e-10	0.000128671
5.99192e-10	0.000129339
5.99234e-10	0.000130007
5.99275e-10	0.000130675
5.99317e-10	0.000131343
5.99358e-10	0.000132012
5.994e-10	0.00013268
5.99441e-10	0.000133349
5.99483e-10	0.000134017
5.99524e-10	0.000134686
5.99566e-10	0.000135355
5.99607e-10	0.000136024
5.99649e-10	0.000136694
5.9969e-10	0.000137363
5.99732e-10	0.000138032
5.99773e-10	0.000138702
5.99815e-10	0.000139372
5.99856e-10	0.000140041
5.99898e-10	0.000140711
5.9994e-10	0.000141381
5.99981e-10	0.000142052
6.00023e-10	0.000142722
6.00064e-10	0.000143392
6.00106e-10	0.000144063
6.00147e-10	0.000144734
6.00189e-10	0.000145404
6.0023e-10	0.000146075
6.00272e-10	0.000146746
6.00313e-10	0.000147418
6.00355e-10	0.000148089
6.00396e-10	0.00014876
6.00438e-10	0.000149432
6.00479e-10	0.000150103
6.00521e-10	0.000150775
6.00562e-10	0.000151447
6.00604e-10	0.000152119
6.00645e-10	0.000152791
6.00687e-10	0.000153463
6.00729e-10	0.000154136
6.0077e-10	0.000154808
6.00812e-10	0.000155481
6.00853e-10	0.000156154
6.00895e-10	0.000156826
6.00936e-10	0.000157499
6.00978e-10	0.000158172
6.01019e-10	0.000158846
6.01061e-10	0.000159519
6.01102e-10	0.000160192
6.01144e-10	0.000160866
6.01185e-10	0.00016154
6.01227e-10	0.000162213
6.01268e-10	0.000162887
6.0131e-10	0.000163561
6.01351e-10	0.000164235
6.01393e-10	0.000164909
6.01435e-10	0.000165584
6.01476e-10	0.000166258
6.01518e-10	0.000166933
6.01559e-10	0.000167607
6.01601e-10	0.000168282
6.01642e-10	0.000168957
6.01684e-10	0.000169632
6.01725e-10	0.000170307
6.01767e-10	0.000170983
6.01808e-10	0.000171658
6.0185e-10	0.000172333
6.01891e-10	0.000173009
6.01933e-10	0.000173685
6.01974e-10	0.00017436
6.02016e-10	0.000175036
6.02057e-10	0.000175712
6.02099e-10	0.000176388
6.02141e-10	0.000177065
6.02182e-10	0.000177741
6.02224e-10	0.000178417
6.02265e-10	0.000179094
6.02307e-10	0.000179771
6.02348e-10	0.000180447
6.0239e-10	0.000181124
6.02431e-10	0.000181801
6.02473e-10	0.000182478
6.02514e-10	0.000183156
6.02556e-10	0.000183833
6.02597e-10	0.00018451
6.02639e-10	0.000185188
6.0268e-10	0.000185865
6.02722e-10	0.000186543
6.02763e-10	0.000187221
6.02805e-10	0.000187899
6.02846e-10	0.000188577
6.02888e-10	0.000189255
6.0293e-10	0.000189933
6.02971e-10	0.000190612
6.03013e-10	0.00019129
6.03054e-10	0.000191969
6.03096e-10	0.000192647
6.03137e-10	0.000193326
6.03179e-10	0.000194005
6.0322e-10	0.000194684
6.03262e-10	0.000195363
6.03303e-10	0.000196042
6.03345e-10	0.000196722
6.03386e-10	0.000197401
6.03428e-10	0.00019808
6.03469e-10	0.00019876
6.03511e-10	0.00019944
6.03552e-10	0.000200119
6.03594e-10	0.000200799
6.03636e-10	0.000201479
6.03677e-10	0.000202159
6.03719e-10	0.00020284
6.0376e-10	0.00020352
6.03802e-10	0.0002042
6.03843e-10	0.000204881
6.03885e-10	0.000205561
6.03926e-10	0.000206242
6.03968e-10	0.000206923
6.04009e-10	0.000207604
6.04051e-10	0.000208285
6.04092e-10	0.000208966
6.04134e-10	0.000209647
6.04175e-10	0.000210328
6.04217e-10	0.00021101
6.04258e-10	0.000211691
6.043e-10	0.000212373
6.04342e-10	0.000213054
6.04383e-10	0.000213736
6.04425e-10	0.000214418
6.04466e-10	0.0002151
6.04508e-10	0.000215782
6.04549e-10	0.000216464
6.04591e-10	0.000217146
6.04632e-10	0.000217828
6.04674e-10	0.000218511
6.04715e-10	0.000219193
6.04757e-10	0.000219876
6.04798e-10	0.000220559
6.0484e-10	0.000221241
6.04881e-10	0.000221924
6.04923e-10	0.000222607
6.04964e-10	0.00022329
6.05006e-10	0.000223973
6.05047e-10	0.000224657
6.05089e-10	0.00022534
6.05131e-10	0.000226023
6.05172e-10	0.000226707
6.05214e-10	0.00022739
6.05255e-10	0.000228074
6.05297e-10	0.000228758
6.05338e-10	0.000229442
6.0538e-10	0.000230126
6.05421e-10	0.00023081
6.05463e-10	0.000231494
6.05504e-10	0.000232178
6.05546e-10	0.000232862
6.05587e-10	0.000233547
6.05629e-10	0.000234231
6.0567e-10	0.000234916
6.05712e-10	0.0002356
6.05753e-10	0.000236285
6.05795e-10	0.00023697
6.05837e-10	0.000237655
6.05878e-10	0.00023834
6.0592e-10	0.000239025
6.05961e-10	0.00023971
6.06003e-10	0.000240395
6.06044e-10	0.000241081
6.06086e-10	0.000241766
6.06127e-10	0.000242451
6.06169e-10	0.000243137
6.0621e-10	0.000243823
6.06252e-10	0.000244508
6.06293e-10	0.000245194
6.06335e-10	0.00024588
6.06376e-10	0.000246566
6.06418e-10	0.000247252
6.06459e-10	0.000247938
6.06501e-10	0.000248625
6.06543e-10	0.000249311
6.06584e-10	0.000249997
6.06626e-10	0.000250684
6.06667e-10	0.00025137
6.06709e-10	0.000252057
6.0675e-10	0.000252744
6.06792e-10	0.00025343
6.06833e-10	0.000254117
6.06875e-10	0.000254804
6.06916e-10	0.000255491
6.06958e-10	0.000256178
6.06999e-10	0.000256866
6.07041e-10	0.000257553
6.07082e-10	0.00025824
6.07124e-10	0.000258928
6.07165e-10	0.000259615
6.07207e-10	0.000260303
6.07248e-10	0.00026099
6.0729e-10	0.000261678
6.07332e-10	0.000262366
6.07373e-10	0.000263054
6.07415e-10	0.000263742
6.07456e-10	0.00026443
6.07498e-10	0.000265118
6.07539e-10	0.000265806
6.07581e-10	0.000266494
6.07622e-10	0.000267183
6.07664e-10	0.000267871
6.07705e-10	0.000268559
6.07747e-10	0.000269248
6.07788e-10	0.000269937
6.0783e-10	0.000270625
6.07871e-10	0.000271314
6.07913e-10	0.000272003
6.07954e-10	0.000272692
6.07996e-10	0.000273381
6.08038e-10	0.00027407
6.08079e-10	0.000274759
6.08121e-10	0.000275448
6.08162e-10	0.000276137
6.08204e-10	0.000276827
6.08245e-10	0.000277516
6.08287e-10	0.000278206
6.08328e-10	0.000278895
6.0837e-10	0.000279585
6.08411e-10	0.000280274
6.08453e-10	0.000280964
6.08494e-10	0.000281654
6.08536e-10	0.000282344
6.08577e-10	0.000283034
6.08619e-10	0.000283724
6.0866e-10	0.000284414
6.08702e-10	0.000285104
6.08744e-10	0.000285794
6.08785e-10	0.000286484
6.08827e-10	0.000287175
6.08868e-10	0.000287865
6.0891e-10	0.000288556
6.08951e-10	0.000289246
6.08993e-10	0.000289937
6.09034e-10	0.000290628
6.09076e-10	0.000291318
6.09117e-10	0.000292009
6.09159e-10	0.0002927
6.092e-10	0.000293391
6.09242e-10	0.000294082
6.09283e-10	0.000294773
6.09325e-10	0.000295464
6.09366e-10	0.000296155
6.09408e-10	0.000296846
6.09449e-10	0.000297538
6.09491e-10	0.000298229
6.09533e-10	0.00029892
6.09574e-10	0.000299612
6.09616e-10	0.000300303
6.09657e-10	0.000300995
6.09699e-10	0.000301687
6.0974e-10	0.000302378
6.09782e-10	0.00030307
6.09823e-10	0.000303762
6.09865e-10	0.000304454
6.09906e-10	0.000305146
6.09948e-10	0.000305838
6.09989e-10	0.00030653
6.10031e-10	0.000307222
6.10072e-10	0.000307914
6.10114e-10	0.000308607
6.10155e-10	0.000309299
6.10197e-10	0.000309991
6.10239e-10	0.000310684
6.1028e-10	0.000311376
6.10322e-10	0.000312069
6.10363e-10	0.000312761
6.10405e-10	0.000313454
6.10446e-10	0.000314147
6.10488e-10	0.000314839
6.10529e-10	0.000315532
6.10571e-10	0.000316225
6.10612e-10	0.000316918
6.10654e-10	0.000317611
6.10695e-10	0.000318304
6.10737e-10	0.000318997
6.10778e-10	0.00031969
6.1082e-10	0.000320383
6.10861e-10	0.000321076
6.10903e-10	0.00032177
6.10945e-10	0.000322463
6.10986e-10	0.000323156
6.11028e-10	0.00032385
6.11069e-10	0.000324543
6.11111e-10	0.000325237
6.11152e-10	0.00032593
6.11194e-10	0.000326624
6.11235e-10	0.000327318
6.11277e-10	0.000328011
6.11318e-10	0.000328705
6.1136e-10	0.000329399
6.11401e-10	0.000330093
6.11443e-10	0.000330787
6.11484e-10	0.000331481
6.11526e-10	0.000332175
6.11567e-10	0.000332869
6.11609e-10	0.000333563
6.11651e-10	0.000334257
6.11692e-10	0.000334951
6.11734e-10	0.000335646
6.11775e-10	0.00033634
6.11817e-10	0.000337034
6.11858e-10	0.000337729
6.119e-10	0.000338423
6.11941e-10	0.000339117
6.11983e-10	0.000339812
6.12024e-10	0.000340507
6.12066e-10	0.000341201
6.12107e-10	0.000341896
6.12149e-10	0.00034259
6.1219e-10	0.000343285
6.12232e-10	0.00034398
6.12273e-10	0.000344675
6.12315e-10	0.00034537
6.12356e-10	0.000346065
6.12398e-10	0.00034676
6.1244e-10	0.000347454
6.12481e-10	0.00034815
6.12523e-10	0.000348845
6.12564e-10	0.00034954
6.12606e-10	0.000350235
6.12647e-10	0.00035093
6.12689e-10	0.000351625
6.1273e-10	0.00035232
6.12772e-10	0.000353016
6.12813e-10	0.000353711
6.12855e-10	0.000354407
6.12896e-10	0.000355102
6.12938e-10	0.000355797
6.12979e-10	0.000356493
6.13021e-10	0.000357188
6.13062e-10	0.000357884
6.13104e-10	0.00035858
6.13146e-10	0.000359275
6.13187e-10	0.000359971
6.13229e-10	0.000360667
6.1327e-10	0.000361362
6.13312e-10	0.000362058
6.13353e-10	0.000362754
6.13395e-10	0.00036345
6.13436e-10	0.000364146
6.13478e-10	0.000364842
6.13519e-10	0.000365538
6.13561e-10	0.000366234
6.13602e-10	0.00036693
6.13644e-10	0.000367626
6.13685e-10	0.000368322
6.13727e-10	0.000369018
6.13768e-10	0.000369714
6.1381e-10	0.00037041
6.13852e-10	0.000371106
6.13893e-10	0.000371803
6.13935e-10	0.000372499
6.13976e-10	0.000373195
6.14018e-10	0.000373891
6.14059e-10	0.000374588
6.14101e-10	0.000375284
6.14142e-10	0.000375981
6.14184e-10	0.000376677
6.14225e-10	0.000377374
6.14267e-10	0.00037807
6.14308e-10	0.000378767
6.1435e-10	0.000379463
6.14391e-10	0.00038016
6.14433e-10	0.000380856
6.14474e-10	0.000381553
6.14516e-10	0.00038225
6.14557e-10	0.000382946
6.14599e-10	0.000383643
6.14641e-10	0.00038434
6.14682e-10	0.000385037
6.14724e-10	0.000385733
6.14765e-10	0.00038643
6.14807e-10	0.000387127
6.14848e-10	0.000387824
6.1489e-10	0.000388521
6.14931e-10	0.000389218
6.14973e-10	0.000389915
6.15014e-10	0.000390612
6.15056e-10	0.000391309
6.15097e-10	0.000392006
6.15139e-10	0.000392703
6.1518e-10	0.0003934
6.15222e-10	0.000394097
6.15263e-10	0.000394794
6.15305e-10	0.000395491
6.15347e-10	0.000396188
6.15388e-10	0.000396885
6.1543e-10	0.000397582
6.15471e-10	0.00039828
6.15513e-10	0.000398977
6.15554e-10	0.000399674
6.15596e-10	0.000400371
6.15637e-10	0.000401069
6.15679e-10	0.000401766
6.1572e-10	0.000402463
6.15762e-10	0.00040316
6.15803e-10	0.000403858
6.15845e-10	0.000404555
6.15886e-10	0.000405253
6.15928e-10	0.00040595
6.15969e-10	0.000406647
6.16011e-10	0.000407345
6.16053e-10	0.000408042
6.16094e-10	0.00040874
6.16136e-10	0.000409437
6.16177e-10	0.000410135
6.16219e-10	0.000410832
6.1626e-10	0.00041153
6.16302e-10	0.000412227
6.16343e-10	0.000412925
6.16385e-10	0.000413622
6.16426e-10	0.00041432
6.16468e-10	0.000415017
6.16509e-10	0.000415715
6.16551e-10	0.000416413
6.16592e-10	0.00041711
6.16634e-10	0.000417808
6.16675e-10	0.000418506
6.16717e-10	0.000419203
6.16758e-10	0.000419901
6.168e-10	0.000420599
6.16842e-10	0.000421296
6.16883e-10	0.000421994
6.16925e-10	0.000422692
6.16966e-10	0.000423389
6.17008e-10	0.000424087
6.17049e-10	0.000424785
6.17091e-10	0.000425482
6.17132e-10	0.00042618
6.17174e-10	0.000426878
6.17215e-10	0.000427576
6.17257e-10	0.000428273
6.17298e-10	0.000428971
6.1734e-10	0.000429669
6.17381e-10	0.000430367
6.17423e-10	0.000431065
6.17464e-10	0.000431762
6.17506e-10	0.00043246
6.17548e-10	0.000433158
6.17589e-10	0.000433856
6.17631e-10	0.000434554
6.17672e-10	0.000435251
6.17714e-10	0.000435949
6.17755e-10	0.000436647
6.17797e-10	0.000437345
6.17838e-10	0.000438043
6.1788e-10	0.000438741
6.17921e-10	0.000439438
6.17963e-10	0.000440136
6.18004e-10	0.000440834
6.18046e-10	0.000441532
6.18087e-10	0.00044223
6.18129e-10	0.000442928
6.1817e-10	0.000443625
6.18212e-10	0.000444323
6.18254e-10	0.000445021
6.18295e-10	0.000445719
6.18337e-10	0.000446417
6.18378e-10	0.000447115
6.1842e-10	0.000447812
6.18461e-10	0.00044851
6.18503e-10	0.000449208
6.18544e-10	0.000449906
6.18586e-10	0.000450604
6.18627e-10	0.000451302
6.18669e-10	0.000451999
6.1871e-10	0.000452697
6.18752e-10	0.000453395
6.18793e-10	0.000454093
6.18835e-10	0.000454791
6.18876e-10	0.000455489
6.18918e-10	0.000456186
6.18959e-10	0.000456884
6.19001e-10	0.000457582
6.19043e-10	0.00045828
6.19084e-10	0.000458977
6.19126e-10	0.000459675
6.19167e-10	0.000460373
6.19209e-10	0.000461071
6.1925e-10	0.000461768
6.19292e-10	0.000462466
6.19333e-10	0.000463164
6.19375e-10	0.000463862
6.19416e-10	0.000464559
6.19458e-10	0.000465257
6.19499e-10	0.000465955
6.19541e-10	0.000466652
6.19582e-10	0.00046735
6.19624e-10	0.000468048
6.19665e-10	0.000468745
6.19707e-10	0.000469443
6.19749e-10	0.000470141
6.1979e-10	0.000470838
6.19832e-10	0.000471536
6.19873e-10	0.000472234
6.19915e-10	0.000472931
6.19956e-10	0.000473629
6.19998e-10	0.000474326
6.20039e-10	0.000475024
6.20081e-10	0.000475721
6.20122e-10	0.000476419
6.20164e-10	0.000477116
6.20205e-10	0.000477814
6.20247e-10	0.000478511
6.20288e-10	0.000479209
6.2033e-10	0.000479906
6.20371e-10	0.000480604
6.20413e-10	0.000481301
6.20455e-10	0.000481998
6.20496e-10	0.000482696
6.20538e-10	0.000483393
6.20579e-10	0.000484091
6.20621e-10	0.000484788
6.20662e-10	0.000485485
6.20704e-10	0.000486182
6.20745e-10	0.00048688
6.20787e-10	0.000487577
6.20828e-10	0.000488274
6.2087e-10	0.000488971
6.20911e-10	0.000489669
6.20953e-10	0.000490366
6.20994e-10	0.000491063
6.21036e-10	0.00049176
6.21077e-10	0.000492457
6.21119e-10	0.000493154
6.2116e-10	0.000493851
6.21202e-10	0.000494548
6.21244e-10	0.000495245
6.21285e-10	0.000495942
6.21327e-10	0.000496639
6.21368e-10	0.000497336
6.2141e-10	0.000498033
6.21451e-10	0.00049873
6.21493e-10	0.000499427
6.21534e-10	0.000500124
6.21576e-10	0.000500821
6.21617e-10	0.000501518
6.21659e-10	0.000502214
6.217e-10	0.000502911
6.21742e-10	0.000503608
6.21783e-10	0.000504305
6.21825e-10	0.000505001
6.21866e-10	0.000505698
6.21908e-10	0.000506395
6.2195e-10	0.000507091
6.21991e-10	0.000507788
6.22033e-10	0.000508484
6.22074e-10	0.000509181
6.22116e-10	0.000509877
6.22157e-10	0.000510574
6.22199e-10	0.00051127
6.2224e-10	0.000511967
6.22282e-10	0.000512663
6.22323e-10	0.000513359
6.22365e-10	0.000514056
6.22406e-10	0.000514752
6.22448e-10	0.000515448
6.22489e-10	0.000516145
6.22531e-10	0.000516841
6.22572e-10	0.000517537
6.22614e-10	0.000518233
6.22656e-10	0.000518929
6.22697e-10	0.000519625
6.22739e-10	0.000520321
6.2278e-10	0.000521017
6.22822e-10	0.000521713
6.22863e-10	0.000522409
6.22905e-10	0.000523105
6.22946e-10	0.000523801
6.22988e-10	0.000524497
6.23029e-10	0.000525192
6.23071e-10	0.000525888
6.23112e-10	0.000526584
6.23154e-10	0.00052728
6.23195e-10	0.000527975
6.23237e-10	0.000528671
6.23278e-10	0.000529366
6.2332e-10	0.000530062
6.23361e-10	0.000530757
6.23403e-10	0.000531453
6.23445e-10	0.000532148
6.23486e-10	0.000532844
6.23528e-10	0.000533539
6.23569e-10	0.000534234
6.23611e-10	0.00053493
6.23652e-10	0.000535625
6.23694e-10	0.00053632
6.23735e-10	0.000537015
6.23777e-10	0.00053771
6.23818e-10	0.000538405
6.2386e-10	0.0005391
6.23901e-10	0.000539795
6.23943e-10	0.00054049
6.23984e-10	0.000541185
6.24026e-10	0.00054188
6.24067e-10	0.000542575
6.24109e-10	0.00054327
6.24151e-10	0.000543964
6.24192e-10	0.000544659
6.24234e-10	0.000545354
6.24275e-10	0.000546048
6.24317e-10	0.000546743
6.24358e-10	0.000547437
6.244e-10	0.000548132
6.24441e-10	0.000548826
6.24483e-10	0.00054952
6.24524e-10	0.000550215
6.24566e-10	0.000550909
6.24607e-10	0.000551603
6.24649e-10	0.000552297
6.2469e-10	0.000552991
6.24732e-10	0.000553685
6.24773e-10	0.000554379
6.24815e-10	0.000555073
6.24857e-10	0.000555767
6.24898e-10	0.000556461
6.2494e-10	0.000557155
6.24981e-10	0.000557849
6.25023e-10	0.000558543
6.25064e-10	0.000559236
6.25106e-10	0.00055993
6.25147e-10	0.000560623
6.25189e-10	0.000561317
6.2523e-10	0.00056201
6.25272e-10	0.000562704
6.25313e-10	0.000563397
6.25355e-10	0.000564091
6.25396e-10	0.000564784
6.25438e-10	0.000565477
6.25479e-10	0.00056617
6.25521e-10	0.000566863
6.25563e-10	0.000567556
6.25604e-10	0.000568249
6.25646e-10	0.000568942
6.25687e-10	0.000569635
6.25729e-10	0.000570328
6.2577e-10	0.000571021
6.25812e-10	0.000571713
6.25853e-10	0.000572406
6.25895e-10	0.000573099
6.25936e-10	0.000573791
6.25978e-10	0.000574484
6.26019e-10	0.000575176
6.26061e-10	0.000575868
6.26102e-10	0.000576561
6.26144e-10	0.000577253
6.26185e-10	0.000577945
6.26227e-10	0.000578637
6.26268e-10	0.000579329
6.2631e-10	0.000580021
6.26352e-10	0.000580713
6.26393e-10	0.000581405
6.26435e-10	0.000582097
6.26476e-10	0.000582789
6.26518e-10	0.000583481
6.26559e-10	0.000584172
6.26601e-10	0.000584864
6.26642e-10	0.000585555
6.26684e-10	0.000586247
6.26725e-10	0.000586938
6.26767e-10	0.00058763
6.26808e-10	0.000588321
6.2685e-10	0.000589012
6.26891e-10	0.000589703
6.26933e-10	0.000590394
6.26974e-10	0.000591085
6.27016e-10	0.000591776
6.27058e-10	0.000592467
6.27099e-10	0.000593158
6.27141e-10	0.000593849
6.27182e-10	0.000594539
6.27224e-10	0.00059523
6.27265e-10	0.00059592
6.27307e-10	0.000596611
6.27348e-10	0.000597301
6.2739e-10	0.000597992
6.27431e-10	0.000598682
6.27473e-10	0.000599372
6.27514e-10	0.000600062
6.27556e-10	0.000600752
6.27597e-10	0.000601442
6.27639e-10	0.000602132
6.2768e-10	0.000602822
6.27722e-10	0.000603512
6.27764e-10	0.000604202
6.27805e-10	0.000604891
6.27847e-10	0.000605581
6.27888e-10	0.00060627
6.2793e-10	0.00060696
6.27971e-10	0.000607649
6.28013e-10	0.000608338
6.28054e-10	0.000609028
6.28096e-10	0.000609717
6.28137e-10	0.000610406
6.28179e-10	0.000611095
6.2822e-10	0.000611784
6.28262e-10	0.000612473
6.28303e-10	0.000613161
6.28345e-10	0.00061385
6.28386e-10	0.000614539
6.28428e-10	0.000615227
6.28469e-10	0.000615916
6.28511e-10	0.000616604
6.28553e-10	0.000617292
6.28594e-10	0.00061798
6.28636e-10	0.000618669
6.28677e-10	0.000619357
6.28719e-10	0.000620045
6.2876e-10	0.000620733
6.28802e-10	0.00062142
6.28843e-10	0.000622108
6.28885e-10	0.000622796
6.28926e-10	0.000623484
6.28968e-10	0.000624171
6.29009e-10	0.000624858
6.29051e-10	0.000625546
6.29092e-10	0.000626233
6.29134e-10	0.00062692
6.29175e-10	0.000627607
6.29217e-10	0.000628294
6.29259e-10	0.000628981
6.293e-10	0.000629668
6.29342e-10	0.000630355
6.29383e-10	0.000631042
6.29425e-10	0.000631728
6.29466e-10	0.000632415
6.29508e-10	0.000633101
6.29549e-10	0.000633788
6.29591e-10	0.000634474
6.29632e-10	0.00063516
6.29674e-10	0.000635846
6.29715e-10	0.000636532
6.29757e-10	0.000637218
6.29798e-10	0.000637904
6.2984e-10	0.00063859
6.29881e-10	0.000639275
6.29923e-10	0.000639961
6.29965e-10	0.000640646
6.30006e-10	0.000641332
6.30048e-10	0.000642017
6.30089e-10	0.000642702
6.30131e-10	0.000643388
6.30172e-10	0.000644073
6.30214e-10	0.000644758
6.30255e-10	0.000645442
6.30297e-10	0.000646127
6.30338e-10	0.000646812
6.3038e-10	0.000647496
6.30421e-10	0.000648181
6.30463e-10	0.000648865
6.30504e-10	0.00064955
6.30546e-10	0.000650234
6.30587e-10	0.000650918
6.30629e-10	0.000651602
6.3067e-10	0.000652286
6.30712e-10	0.00065297
6.30754e-10	0.000653654
6.30795e-10	0.000654337
6.30837e-10	0.000655021
6.30878e-10	0.000655704
6.3092e-10	0.000656388
6.30961e-10	0.000657071
6.31003e-10	0.000657754
6.31044e-10	0.000658437
6.31086e-10	0.00065912
6.31127e-10	0.000659803
6.31169e-10	0.000660486
6.3121e-10	0.000661169
6.31252e-10	0.000661851
6.31293e-10	0.000662534
6.31335e-10	0.000663216
6.31376e-10	0.000663899
6.31418e-10	0.000664581
6.3146e-10	0.000665263
6.31501e-10	0.000665945
6.31543e-10	0.000666627
6.31584e-10	0.000667309
6.31626e-10	0.00066799
6.31667e-10	0.000668672
6.31709e-10	0.000669354
6.3175e-10	0.000670035
6.31792e-10	0.000670716
6.31833e-10	0.000671397
6.31875e-10	0.000672079
6.31916e-10	0.00067276
6.31958e-10	0.000673441
6.31999e-10	0.000674121
6.32041e-10	0.000674802
6.32082e-10	0.000675483
6.32124e-10	0.000676163
6.32166e-10	0.000676843
6.32207e-10	0.000677524
6.32249e-10	0.000678204
6.3229e-10	0.000678884
6.32332e-10	0.000679564
6.32373e-10	0.000680244
6.32415e-10	0.000680923
6.32456e-10	0.000681603
6.32498e-10	0.000682283
6.32539e-10	0.000682962
6.32581e-10	0.000683641
6.32622e-10	0.000684321
6.32664e-10	0.000685
6.32705e-10	0.000685679
6.32747e-10	0.000686357
6.32788e-10	0.000687036
6.3283e-10	0.000687715
6.32871e-10	0.000688393
6.32913e-10	0.000689072
6.32955e-10	0.00068975
6.32996e-10	0.000690428
6.33038e-10	0.000691107
6.33079e-10	0.000691785
6.33121e-10	0.000692462
6.33162e-10	0.00069314
6.33204e-10	0.000693818
6.33245e-10	0.000694495
6.33287e-10	0.000695173
6.33328e-10	0.00069585
6.3337e-10	0.000696527
6.33411e-10	0.000697204
6.33453e-10	0.000697881
6.33494e-10	0.000698558
6.33536e-10	0.000699235
6.33577e-10	0.000699912
6.33619e-10	0.000700588
6.33661e-10	0.000701264
6.33702e-10	0.000701941
6.33744e-10	0.000702617
6.33785e-10	0.000703293
6.33827e-10	0.000703969
6.33868e-10	0.000704645
6.3391e-10	0.00070532
6.33951e-10	0.000705996
6.33993e-10	0.000706671
6.34034e-10	0.000707347
6.34076e-10	0.000708022
6.34117e-10	0.000708697
6.34159e-10	0.000709372
6.342e-10	0.000710047
6.34242e-10	0.000710721
6.34283e-10	0.000711396
6.34325e-10	0.000712071
6.34367e-10	0.000712745
6.34408e-10	0.000713419
6.3445e-10	0.000714093
6.34491e-10	0.000714767
6.34533e-10	0.000715441
6.34574e-10	0.000716115
6.34616e-10	0.000716788
6.34657e-10	0.000717462
6.34699e-10	0.000718135
6.3474e-10	0.000718809
6.34782e-10	0.000719482
6.34823e-10	0.000720155
6.34865e-10	0.000720828
6.34906e-10	0.0007215
6.34948e-10	0.000722173
6.34989e-10	0.000722845
6.35031e-10	0.000723518
6.35072e-10	0.00072419
6.35114e-10	0.000724862
6.35156e-10	0.000725534
6.35197e-10	0.000726206
6.35239e-10	0.000726878
6.3528e-10	0.000727549
6.35322e-10	0.000728221
6.35363e-10	0.000728892
6.35405e-10	0.000729563
6.35446e-10	0.000730234
6.35488e-10	0.000730905
6.35529e-10	0.000731576
6.35571e-10	0.000732247
6.35612e-10	0.000732917
6.35654e-10	0.000733588
6.35695e-10	0.000734258
6.35737e-10	0.000734928
6.35778e-10	0.000735598
6.3582e-10	0.000736268
6.35862e-10	0.000736938
6.35903e-10	0.000737607
6.35945e-10	0.000738277
6.35986e-10	0.000738946
6.36028e-10	0.000739615
6.36069e-10	0.000740285
6.36111e-10	0.000740953
6.36152e-10	0.000741622
6.36194e-10	0.000742291
6.36235e-10	0.000742959
6.36277e-10	0.000743628
6.36318e-10	0.000744296
6.3636e-10	0.000744964
6.36401e-10	0.000745632
6.36443e-10	0.0007463
6.36484e-10	0.000746968
6.36526e-10	0.000747635
6.36568e-10	0.000748303
6.36609e-10	0.00074897
6.36651e-10	0.000749637
6.36692e-10	0.000750304
6.36734e-10	0.000750971
6.36775e-10	0.000751638
6.36817e-10	0.000752304
6.36858e-10	0.000752971
6.369e-10	0.000753637
6.36941e-10	0.000754303
6.36983e-10	0.000754969
6.37024e-10	0.000755635
6.37066e-10	0.000756301
6.37107e-10	0.000756966
6.37149e-10	0.000757632
6.3719e-10	0.000758297
6.37232e-10	0.000758962
6.37274e-10	0.000759627
6.37315e-10	0.000760292
6.37357e-10	0.000760957
6.37398e-10	0.000761622
6.3744e-10	0.000762286
6.37481e-10	0.00076295
6.37523e-10	0.000763614
6.37564e-10	0.000764278
6.37606e-10	0.000764942
6.37647e-10	0.000765606
6.37689e-10	0.00076627
6.3773e-10	0.000766933
6.37772e-10	0.000767596
6.37813e-10	0.000768259
6.37855e-10	0.000768922
6.37896e-10	0.000769585
6.37938e-10	0.000770248
6.37979e-10	0.00077091
6.38021e-10	0.000771573
6.38063e-10	0.000772235
6.38104e-10	0.000772897
6.38146e-10	0.000773559
6.38187e-10	0.00077422
6.38229e-10	0.000774882
6.3827e-10	0.000775543
6.38312e-10	0.000776205
6.38353e-10	0.000776866
6.38395e-10	0.000777527
6.38436e-10	0.000778188
6.38478e-10	0.000778848
6.38519e-10	0.000779509
6.38561e-10	0.000780169
6.38602e-10	0.000780829
6.38644e-10	0.000781489
6.38685e-10	0.000782149
6.38727e-10	0.000782809
6.38769e-10	0.000783469
6.3881e-10	0.000784128
6.38852e-10	0.000784787
6.38893e-10	0.000785446
6.38935e-10	0.000786105
6.38976e-10	0.000786764
6.39018e-10	0.000787423
6.39059e-10	0.000788081
6.39101e-10	0.00078874
6.39142e-10	0.000789398
6.39184e-10	0.000790056
6.39225e-10	0.000790714
6.39267e-10	0.000791371
6.39308e-10	0.000792029
6.3935e-10	0.000792686
6.39391e-10	0.000793343
6.39433e-10	0.000794001
6.39475e-10	0.000794657
6.39516e-10	0.000795314
6.39558e-10	0.000795971
6.39599e-10	0.000796627
6.39641e-10	0.000797283
6.39682e-10	0.000797939
6.39724e-10	0.000798595
6.39765e-10	0.000799251
6.39807e-10	0.000799906
6.39848e-10	0.000800562
6.3989e-10	0.000801217
6.39931e-10	0.000801872
6.39973e-10	0.000802527
6.40014e-10	0.000803182
6.40056e-10	0.000803836
6.40097e-10	0.000804491
6.40139e-10	0.000805145
6.4018e-10	0.000805799
6.40222e-10	0.000806453
6.40264e-10	0.000807107
6.40305e-10	0.00080776
6.40347e-10	0.000808414
6.40388e-10	0.000809067
6.4043e-10	0.00080972
6.40471e-10	0.000810373
6.40513e-10	0.000811026
6.40554e-10	0.000811678
6.40596e-10	0.000812331
6.40637e-10	0.000812983
6.40679e-10	0.000813635
6.4072e-10	0.000814287
6.40762e-10	0.000814938
6.40803e-10	0.00081559
6.40845e-10	0.000816241
6.40886e-10	0.000816892
6.40928e-10	0.000817543
6.4097e-10	0.000818194
6.41011e-10	0.000818845
6.41053e-10	0.000819495
6.41094e-10	0.000820146
6.41136e-10	0.000820796
6.41177e-10	0.000821446
6.41219e-10	0.000822095
6.4126e-10	0.000822745
6.41302e-10	0.000823395
6.41343e-10	0.000824044
6.41385e-10	0.000824693
6.41426e-10	0.000825342
6.41468e-10	0.00082599
6.41509e-10	0.000826639
6.41551e-10	0.000827287
6.41592e-10	0.000827936
6.41634e-10	0.000828584
6.41676e-10	0.000829231
6.41717e-10	0.000829879
6.41759e-10	0.000830526
6.418e-10	0.000831174
6.41842e-10	0.000831821
6.41883e-10	0.000832468
6.41925e-10	0.000833114
6.41966e-10	0.000833761
6.42008e-10	0.000834407
6.42049e-10	0.000835054
6.42091e-10	0.0008357
6.42132e-10	0.000836345
6.42174e-10	0.000836991
6.42215e-10	0.000837637
6.42257e-10	0.000838282
6.42298e-10	0.000838927
6.4234e-10	0.000839572
6.42381e-10	0.000840217
6.42423e-10	0.000840861
6.42465e-10	0.000841505
6.42506e-10	0.00084215
6.42548e-10	0.000842794
6.42589e-10	0.000843437
6.42631e-10	0.000844081
6.42672e-10	0.000844724
6.42714e-10	0.000845368
6.42755e-10	0.000846011
6.42797e-10	0.000846653
6.42838e-10	0.000847296
6.4288e-10	0.000847939
6.42921e-10	0.000848581
6.42963e-10	0.000849223
6.43004e-10	0.000849865
6.43046e-10	0.000850507
6.43087e-10	0.000851148
6.43129e-10	0.000851789
6.43171e-10	0.000852431
6.43212e-10	0.000853072
6.43254e-10	0.000853712
6.43295e-10	0.000854353
6.43337e-10	0.000854993
6.43378e-10	0.000855634
6.4342e-10	0.000856274
6.43461e-10	0.000856913
6.43503e-10	0.000857553
6.43544e-10	0.000858192
6.43586e-10	0.000858832
6.43627e-10	0.000859471
6.43669e-10	0.000860109
6.4371e-10	0.000860748
6.43752e-10	0.000861386
6.43793e-10	0.000862025
6.43835e-10	0.000862663
6.43877e-10	0.000863301
6.43918e-10	0.000863938
6.4396e-10	0.000864576
6.44001e-10	0.000865213
6.44043e-10	0.00086585
6.44084e-10	0.000866487
6.44126e-10	0.000867123
6.44167e-10	0.00086776
6.44209e-10	0.000868396
6.4425e-10	0.000869032
6.44292e-10	0.000869668
6.44333e-10	0.000870304
6.44375e-10	0.000870939
6.44416e-10	0.000871575
6.44458e-10	0.00087221
6.44499e-10	0.000872844
6.44541e-10	0.000873479
6.44582e-10	0.000874114
6.44624e-10	0.000874748
6.44666e-10	0.000875382
6.44707e-10	0.000876016
6.44749e-10	0.000876649
6.4479e-10	0.000877283
6.44832e-10	0.000877916
6.44873e-10	0.000878549
6.44915e-10	0.000879182
6.44956e-10	0.000879814
6.44998e-10	0.000880447
6.45039e-10	0.000881079
6.45081e-10	0.000881711
6.45122e-10	0.000882343
6.45164e-10	0.000882974
6.45205e-10	0.000883606
6.45247e-10	0.000884237
6.45288e-10	0.000884868
6.4533e-10	0.000885499
6.45372e-10	0.000886129
6.45413e-10	0.00088676
6.45455e-10	0.00088739
6.45496e-10	0.00088802
6.45538e-10	0.000888649
6.45579e-10	0.000889279
6.45621e-10	0.000889908
6.45662e-10	0.000890537
6.45704e-10	0.000891166
6.45745e-10	0.000891795
6.45787e-10	0.000892423
6.45828e-10	0.000893051
6.4587e-10	0.000893679
6.45911e-10	0.000894307
6.45953e-10	0.000894935
6.45994e-10	0.000895562
6.46036e-10	0.000896189
6.46078e-10	0.000896816
6.46119e-10	0.000897443
6.46161e-10	0.000898069
6.46202e-10	0.000898696
6.46244e-10	0.000899322
6.46285e-10	0.000899948
6.46327e-10	0.000900573
6.46368e-10	0.000901199
6.4641e-10	0.000901824
6.46451e-10	0.000902449
6.46493e-10	0.000903074
6.46534e-10	0.000903698
6.46576e-10	0.000904323
6.46617e-10	0.000904947
6.46659e-10	0.000905571
6.467e-10	0.000906195
6.46742e-10	0.000906818
6.46783e-10	0.000907441
6.46825e-10	0.000908064
6.46867e-10	0.000908687
6.46908e-10	0.00090931
6.4695e-10	0.000909932
6.46991e-10	0.000910554
6.47033e-10	0.000911176
6.47074e-10	0.000911798
6.47116e-10	0.000912419
6.47157e-10	0.000913041
6.47199e-10	0.000913662
6.4724e-10	0.000914283
6.47282e-10	0.000914903
6.47323e-10	0.000915523
6.47365e-10	0.000916144
6.47406e-10	0.000916764
6.47448e-10	0.000917383
6.47489e-10	0.000918003
6.47531e-10	0.000918622
6.47573e-10	0.000919241
6.47614e-10	0.00091986
6.47656e-10	0.000920478
6.47697e-10	0.000921097
6.47739e-10	0.000921715
6.4778e-10	0.000922333
6.47822e-10	0.00092295
6.47863e-10	0.000923568
6.47905e-10	0.000924185
6.47946e-10	0.000924802
6.47988e-10	0.000925419
6.48029e-10	0.000926035
6.48071e-10	0.000926652
6.48112e-10	0.000927268
6.48154e-10	0.000927883
6.48195e-10	0.000928499
6.48237e-10	0.000929114
6.48279e-10	0.000929729
6.4832e-10	0.000930344
6.48362e-10	0.000930959
6.48403e-10	0.000931573
6.48445e-10	0.000932188
6.48486e-10	0.000932802
6.48528e-10	0.000933415
6.48569e-10	0.000934029
6.48611e-10	0.000934642
6.48652e-10	0.000935255
6.48694e-10	0.000935868
6.48735e-10	0.000936481
6.48777e-10	0.000937093
6.48818e-10	0.000937705
6.4886e-10	0.000938317
6.48901e-10	0.000938928
6.48943e-10	0.00093954
6.48984e-10	0.000940151
6.49026e-10	0.000940762
6.49068e-10	0.000941373
6.49109e-10	0.000941983
6.49151e-10	0.000942593
6.49192e-10	0.000943203
6.49234e-10	0.000943813
6.49275e-10	0.000944422
6.49317e-10	0.000945032
6.49358e-10	0.000945641
6.494e-10	0.000946249
6.49441e-10	0.000946858
6.49483e-10	0.000947466
6.49524e-10	0.000948074
6.49566e-10	0.000948682
6.49607e-10	0.000949289
6.49649e-10	0.000949897
6.4969e-10	0.000950504
6.49732e-10	0.000951111
6.49774e-10	0.000951717
6.49815e-10	0.000952324
6.49857e-10	0.00095293
6.49898e-10	0.000953535
6.4994e-10	0.000954141
6.49981e-10	0.000954747
6.50023e-10	0.000955352
6.50064e-10	0.000955956
6.50106e-10	0.000956561
6.50147e-10	0.000957165
6.50189e-10	0.00095777
6.5023e-10	0.000958373
6.50272e-10	0.000958977
6.50313e-10	0.00095958
6.50355e-10	0.000960184
6.50396e-10	0.000960787
6.50438e-10	0.000961389
6.5048e-10	0.000961992
6.50521e-10	0.000962594
6.50563e-10	0.000963196
6.50604e-10	0.000963797
6.50646e-10	0.000964399
6.50687e-10	0.000965
6.50729e-10	0.000965601
6.5077e-10	0.000966201
6.50812e-10	0.000966802
6.50853e-10	0.000967402
6.50895e-10	0.000968002
6.50936e-10	0.000968601
6.50978e-10	0.000969201
6.51019e-10	0.0009698
6.51061e-10	0.000970399
6.51102e-10	0.000970997
6.51144e-10	0.000971596
6.51186e-10	0.000972194
6.51227e-10	0.000972792
6.51269e-10	0.000973389
6.5131e-10	0.000973987
6.51352e-10	0.000974584
6.51393e-10	0.000975181
6.51435e-10	0.000975777
6.51476e-10	0.000976373
6.51518e-10	0.00097697
6.51559e-10	0.000977565
6.51601e-10	0.000978161
6.51642e-10	0.000978756
6.51684e-10	0.000979351
6.51725e-10	0.000979946
6.51767e-10	0.000980541
6.51808e-10	0.000981135
6.5185e-10	0.000981729
6.51891e-10	0.000982322
6.51933e-10	0.000982916
6.51975e-10	0.000983509
6.52016e-10	0.000984102
6.52058e-10	0.000984695
6.52099e-10	0.000985287
6.52141e-10	0.000985879
6.52182e-10	0.000986471
6.52224e-10	0.000987063
6.52265e-10	0.000987654
6.52307e-10	0.000988246
6.52348e-10	0.000988836
6.5239e-10	0.000989427
6.52431e-10	0.000990017
6.52473e-10	0.000990607
6.52514e-10	0.000991197
6.52556e-10	0.000991787
6.52597e-10	0.000992376
6.52639e-10	0.000992965
6.52681e-10	0.000993554
6.52722e-10	0.000994142
6.52764e-10	0.00099473
6.52805e-10	0.000995318
6.52847e-10	0.000995906
6.52888e-10	0.000996494
6.5293e-10	0.000997081
6.52971e-10	0.000997667
6.53013e-10	0.000998254
6.53054e-10	0.00099884
6.53096e-10	0.000999426
6.53137e-10	0.00100001
6.53179e-10	0.0010006
6.5322e-10	0.00100118
6.53262e-10	0.00100177
6.53303e-10	0.00100235
6.53345e-10	0.00100294
6.53387e-10	0.00100352
6.53428e-10	0.00100411
6.5347e-10	0.00100469
6.53511e-10	0.00100527
6.53553e-10	0.00100586
6.53594e-10	0.00100644
6.53636e-10	0.00100702
6.53677e-10	0.0010076
6.53719e-10	0.00100818
6.5376e-10	0.00100877
6.53802e-10	0.00100935
6.53843e-10	0.00100993
6.53885e-10	0.00101051
6.53926e-10	0.00101109
6.53968e-10	0.00101167
6.54009e-10	0.00101225
6.54051e-10	0.00101283
6.54092e-10	0.00101341
6.54134e-10	0.00101399
6.54176e-10	0.00101457
6.54217e-10	0.00101515
6.54259e-10	0.00101573
6.543e-10	0.0010163
6.54342e-10	0.00101688
6.54383e-10	0.00101746
6.54425e-10	0.00101804
6.54466e-10	0.00101861
6.54508e-10	0.00101919
6.54549e-10	0.00101977
6.54591e-10	0.00102034
6.54632e-10	0.00102092
6.54674e-10	0.00102149
6.54715e-10	0.00102207
6.54757e-10	0.00102264
6.54798e-10	0.00102322
6.5484e-10	0.00102379
6.54882e-10	0.00102437
6.54923e-10	0.00102494
6.54965e-10	0.00102552
6.55006e-10	0.00102609
6.55048e-10	0.00102666
6.55089e-10	0.00102723
6.55131e-10	0.00102781
6.55172e-10	0.00102838
6.55214e-10	0.00102895
6.55255e-10	0.00102952
6.55297e-10	0.00103009
6.55338e-10	0.00103066
6.5538e-10	0.00103124
6.55421e-10	0.00103181
6.55463e-10	0.00103238
6.55504e-10	0.00103295
6.55546e-10	0.00103352
6.55588e-10	0.00103408
6.55629e-10	0.00103465
6.55671e-10	0.00103522
6.55712e-10	0.00103579
6.55754e-10	0.00103636
6.55795e-10	0.00103693
6.55837e-10	0.00103749
6.55878e-10	0.00103806
6.5592e-10	0.00103863
6.55961e-10	0.0010392
6.56003e-10	0.00103976
6.56044e-10	0.00104033
6.56086e-10	0.00104089
6.56127e-10	0.00104146
6.56169e-10	0.00104202
6.5621e-10	0.00104259
6.56252e-10	0.00104315
6.56293e-10	0.00104372
6.56335e-10	0.00104428
6.56377e-10	0.00104485
6.56418e-10	0.00104541
6.5646e-10	0.00104597
6.56501e-10	0.00104654
6.56543e-10	0.0010471
6.56584e-10	0.00104766
6.56626e-10	0.00104822
6.56667e-10	0.00104878
6.56709e-10	0.00104935
6.5675e-10	0.00104991
6.56792e-10	0.00105047
6.56833e-10	0.00105103
6.56875e-10	0.00105159
6.56916e-10	0.00105215
6.56958e-10	0.00105271
6.56999e-10	0.00105327
6.57041e-10	0.00105383
6.57083e-10	0.00105438
6.57124e-10	0.00105494
6.57166e-10	0.0010555
6.57207e-10	0.00105606
6.57249e-10	0.00105662
6.5729e-10	0.00105717
6.57332e-10	0.00105773
6.57373e-10	0.00105829
6.57415e-10	0.00105884
6.57456e-10	0.0010594
6.57498e-10	0.00105995
6.57539e-10	0.00106051
6.57581e-10	0.00106107
6.57622e-10	0.00106162
6.57664e-10	0.00106217
6.57705e-10	0.00106273
6.57747e-10	0.00106328
6.57789e-10	0.00106384
6.5783e-10	0.00106439
6.57872e-10	0.00106494
6.57913e-10	0.00106549
6.57955e-10	0.00106605
6.57996e-10	0.0010666
6.58038e-10	0.00106715
6.58079e-10	0.0010677
6.58121e-10	0.00106825
6.58162e-10	0.0010688
6.58204e-10	0.00106935
6.58245e-10	0.0010699
6.58287e-10	0.00107045
6.58328e-10	0.001071
6.5837e-10	0.00107155
6.58411e-10	0.0010721
6.58453e-10	0.00107265
6.58494e-10	0.0010732
6.58536e-10	0.00107375
6.58578e-10	0.00107429
6.58619e-10	0.00107484
6.58661e-10	0.00107539
6.58702e-10	0.00107594
6.58744e-10	0.00107648
6.58785e-10	0.00107703
6.58827e-10	0.00107757
6.58868e-10	0.00107812
6.5891e-10	0.00107866
6.58951e-10	0.00107921
6.58993e-10	0.00107975
6.59034e-10	0.0010803
6.59076e-10	0.00108084
6.59117e-10	0.00108139
6.59159e-10	0.00108193
6.592e-10	0.00108247
6.59242e-10	0.00108301
6.59284e-10	0.00108356
6.59325e-10	0.0010841
6.59367e-10	0.00108464
6.59408e-10	0.00108518
6.5945e-10	0.00108572
6.59491e-10	0.00108626
6.59533e-10	0.0010868
6.59574e-10	0.00108734
6.59616e-10	0.00108788
6.59657e-10	0.00108842
6.59699e-10	0.00108896
6.5974e-10	0.0010895
6.59782e-10	0.00109004
6.59823e-10	0.00109058
6.59865e-10	0.00109112
6.59906e-10	0.00109165
6.59948e-10	0.00109219
6.5999e-10	0.00109273
6.60031e-10	0.00109326
6.60073e-10	0.0010938
6.60114e-10	0.00109434
6.60156e-10	0.00109487
6.60197e-10	0.00109541
6.60239e-10	0.00109594
6.6028e-10	0.00109648
6.60322e-10	0.00109701
6.60363e-10	0.00109754
6.60405e-10	0.00109808
6.60446e-10	0.00109861
6.60488e-10	0.00109914
6.60529e-10	0.00109968
6.60571e-10	0.00110021
6.60612e-10	0.00110074
6.60654e-10	0.00110127
6.60695e-10	0.0011018
6.60737e-10	0.00110234
6.60779e-10	0.00110287
6.6082e-10	0.0011034
6.60862e-10	0.00110393
6.60903e-10	0.00110446
6.60945e-10	0.00110499
6.60986e-10	0.00110551
6.61028e-10	0.00110604
6.61069e-10	0.00110657
6.61111e-10	0.0011071
6.61152e-10	0.00110763
6.61194e-10	0.00110815
6.61235e-10	0.00110868
6.61277e-10	0.00110921
6.61318e-10	0.00110973
6.6136e-10	0.00111026
6.61401e-10	0.00111079
6.61443e-10	0.00111131
6.61485e-10	0.00111184
6.61526e-10	0.00111236
6.61568e-10	0.00111289
6.61609e-10	0.00111341
6.61651e-10	0.00111393
6.61692e-10	0.00111446
6.61734e-10	0.00111498
6.61775e-10	0.0011155
6.61817e-10	0.00111603
6.61858e-10	0.00111655
6.619e-10	0.00111707
6.61941e-10	0.00111759
6.61983e-10	0.00111811
6.62024e-10	0.00111863
6.62066e-10	0.00111915
6.62107e-10	0.00111967
6.62149e-10	0.00112019
6.62191e-10	0.00112071
6.62232e-10	0.00112123
6.62274e-10	0.00112175
6.62315e-10	0.00112227
6.62357e-10	0.00112278
6.62398e-10	0.0011233
6.6244e-10	0.00112382
6.62481e-10	0.00112434
6.62523e-10	0.00112485
6.62564e-10	0.00112537
6.62606e-10	0.00112589
6.62647e-10	0.0011264
6.62689e-10	0.00112692
6.6273e-10	0.00112743
6.62772e-10	0.00112795
6.62813e-10	0.00112846
6.62855e-10	0.00112897
6.62897e-10	0.00112949
6.62938e-10	0.00113
6.6298e-10	0.00113051
6.63021e-10	0.00113103
6.63063e-10	0.00113154
6.63104e-10	0.00113205
6.63146e-10	0.00113256
6.63187e-10	0.00113307
6.63229e-10	0.00113358
6.6327e-10	0.00113409
6.63312e-10	0.0011346
6.63353e-10	0.00113511
6.63395e-10	0.00113562
6.63436e-10	0.00113613
6.63478e-10	0.00113664
6.63519e-10	0.00113715
6.63561e-10	0.00113766
6.63602e-10	0.00113816
6.63644e-10	0.00113867
6.63686e-10	0.00113918
6.63727e-10	0.00113968
6.63769e-10	0.00114019
6.6381e-10	0.0011407
6.63852e-10	0.0011412
6.63893e-10	0.00114171
6.63935e-10	0.00114221
6.63976e-10	0.00114272
6.64018e-10	0.00114322
6.64059e-10	0.00114372
6.64101e-10	0.00114423
6.64142e-10	0.00114473
6.64184e-10	0.00114523
6.64225e-10	0.00114573
6.64267e-10	0.00114624
6.64308e-10	0.00114674
6.6435e-10	0.00114724
6.64392e-10	0.00114774
6.64433e-10	0.00114824
6.64475e-10	0.00114874
6.64516e-10	0.00114924
6.64558e-10	0.00114974
6.64599e-10	0.00115024
6.64641e-10	0.00115074
6.64682e-10	0.00115124
6.64724e-10	0.00115173
6.64765e-10	0.00115223
6.64807e-10	0.00115273
6.64848e-10	0.00115323
6.6489e-10	0.00115372
6.64931e-10	0.00115422
6.64973e-10	0.00115471
6.65014e-10	0.00115521
6.65056e-10	0.0011557
6.65098e-10	0.0011562
6.65139e-10	0.00115669
6.65181e-10	0.00115719
6.65222e-10	0.00115768
6.65264e-10	0.00115818
6.65305e-10	0.00115867
6.65347e-10	0.00115916
6.65388e-10	0.00115965
6.6543e-10	0.00116014
6.65471e-10	0.00116064
6.65513e-10	0.00116113
6.65554e-10	0.00116162
6.65596e-10	0.00116211
6.65637e-10	0.0011626
6.65679e-10	0.00116309
6.6572e-10	0.00116358
6.65762e-10	0.00116407
6.65803e-10	0.00116455
6.65845e-10	0.00116504
6.65887e-10	0.00116553
6.65928e-10	0.00116602
6.6597e-10	0.00116651
6.66011e-10	0.00116699
6.66053e-10	0.00116748
6.66094e-10	0.00116796
6.66136e-10	0.00116845
6.66177e-10	0.00116894
6.66219e-10	0.00116942
6.6626e-10	0.0011699
6.66302e-10	0.00117039
6.66343e-10	0.00117087
6.66385e-10	0.00117136
6.66426e-10	0.00117184
6.66468e-10	0.00117232
6.66509e-10	0.0011728
6.66551e-10	0.00117329
6.66593e-10	0.00117377
6.66634e-10	0.00117425
6.66676e-10	0.00117473
6.66717e-10	0.00117521
6.66759e-10	0.00117569
6.668e-10	0.00117617
6.66842e-10	0.00117665
6.66883e-10	0.00117713
6.66925e-10	0.00117761
6.66966e-10	0.00117808
6.67008e-10	0.00117856
6.67049e-10	0.00117904
6.67091e-10	0.00117952
6.67132e-10	0.00117999
6.67174e-10	0.00118047
6.67215e-10	0.00118095
6.67257e-10	0.00118142
6.67299e-10	0.0011819
6.6734e-10	0.00118237
6.67382e-10	0.00118285
6.67423e-10	0.00118332
6.67465e-10	0.00118379
6.67506e-10	0.00118427
6.67548e-10	0.00118474
6.67589e-10	0.00118521
6.67631e-10	0.00118568
6.67672e-10	0.00118616
6.67714e-10	0.00118663
6.67755e-10	0.0011871
6.67797e-10	0.00118757
6.67838e-10	0.00118804
6.6788e-10	0.00118851
6.67921e-10	0.00118898
6.67963e-10	0.00118945
6.68004e-10	0.00118992
6.68046e-10	0.00119038
6.68088e-10	0.00119085
6.68129e-10	0.00119132
6.68171e-10	0.00119179
6.68212e-10	0.00119225
6.68254e-10	0.00119272
6.68295e-10	0.00119319
6.68337e-10	0.00119365
6.68378e-10	0.00119412
6.6842e-10	0.00119458
6.68461e-10	0.00119505
6.68503e-10	0.00119551
6.68544e-10	0.00119597
6.68586e-10	0.00119644
6.68627e-10	0.0011969
6.68669e-10	0.00119736
6.6871e-10	0.00119782
6.68752e-10	0.00119829
6.68794e-10	0.00119875
6.68835e-10	0.00119921
6.68877e-10	0.00119967
6.68918e-10	0.00120013
6.6896e-10	0.00120059
6.69001e-10	0.00120105
6.69043e-10	0.00120151
6.69084e-10	0.00120197
6.69126e-10	0.00120242
6.69167e-10	0.00120288
6.69209e-10	0.00120334
6.6925e-10	0.0012038
6.69292e-10	0.00120425
6.69333e-10	0.00120471
6.69375e-10	0.00120517
6.69416e-10	0.00120562
6.69458e-10	0.00120608
6.695e-10	0.00120653
6.69541e-10	0.00120698
6.69583e-10	0.00120744
6.69624e-10	0.00120789
6.69666e-10	0.00120835
6.69707e-10	0.0012088
6.69749e-10	0.00120925
6.6979e-10	0.0012097
6.69832e-10	0.00121015
6.69873e-10	0.0012106
6.69915e-10	0.00121106
6.69956e-10	0.00121151
6.69998e-10	0.00121196
6.70039e-10	0.00121241
6.70081e-10	0.00121285
6.70122e-10	0.0012133
6.70164e-10	0.00121375
6.70205e-10	0.0012142
6.70247e-10	0.00121465
6.70289e-10	0.00121509
6.7033e-10	0.00121554
6.70372e-10	0.00121599
6.70413e-10	0.00121643
6.70455e-10	0.00121688
6.70496e-10	0.00121732
6.70538e-10	0.00121777
6.70579e-10	0.00121821
6.70621e-10	0.00121866
6.70662e-10	0.0012191
6.70704e-10	0.00121954
6.70745e-10	0.00121999
6.70787e-10	0.00122043
6.70828e-10	0.00122087
6.7087e-10	0.00122131
6.70911e-10	0.00122175
6.70953e-10	0.00122219
6.70995e-10	0.00122263
6.71036e-10	0.00122307
6.71078e-10	0.00122351
6.71119e-10	0.00122395
6.71161e-10	0.00122439
6.71202e-10	0.00122483
6.71244e-10	0.00122527
6.71285e-10	0.00122571
6.71327e-10	0.00122614
6.71368e-10	0.00122658
6.7141e-10	0.00122702
6.71451e-10	0.00122745
6.71493e-10	0.00122789
6.71534e-10	0.00122832
6.71576e-10	0.00122876
6.71617e-10	0.00122919
6.71659e-10	0.00122962
6.71701e-10	0.00123006
6.71742e-10	0.00123049
6.71784e-10	0.00123092
6.71825e-10	0.00123136
6.71867e-10	0.00123179
6.71908e-10	0.00123222
6.7195e-10	0.00123265
6.71991e-10	0.00123308
6.72033e-10	0.00123351
6.72074e-10	0.00123394
6.72116e-10	0.00123437
6.72157e-10	0.0012348
6.72199e-10	0.00123523
6.7224e-10	0.00123565
6.72282e-10	0.00123608
6.72323e-10	0.00123651
6.72365e-10	0.00123694
6.72406e-10	0.00123736
6.72448e-10	0.00123779
6.7249e-10	0.00123821
6.72531e-10	0.00123864
6.72573e-10	0.00123906
6.72614e-10	0.00123949
6.72656e-10	0.00123991
6.72697e-10	0.00124034
6.72739e-10	0.00124076
6.7278e-10	0.00124118
6.72822e-10	0.0012416
6.72863e-10	0.00124202
6.72905e-10	0.00124245
6.72946e-10	0.00124287
6.72988e-10	0.00124329
6.73029e-10	0.00124371
6.73071e-10	0.00124413
6.73112e-10	0.00124455
6.73154e-10	0.00124497
6.73196e-10	0.00124538
6.73237e-10	0.0012458
6.73279e-10	0.00124622
6.7332e-10	0.00124664
6.73362e-10	0.00124705
6.73403e-10	0.00124747
6.73445e-10	0.00124789
6.73486e-10	0.0012483
6.73528e-10	0.00124872
6.73569e-10	0.00124913
6.73611e-10	0.00124955
6.73652e-10	0.00124996
6.73694e-10	0.00125037
6.73735e-10	0.00125079
6.73777e-10	0.0012512
6.73818e-10	0.00125161
6.7386e-10	0.00125202
6.73902e-10	0.00125243
6.73943e-10	0.00125284
6.73985e-10	0.00125325
6.74026e-10	0.00125366
6.74068e-10	0.00125407
6.74109e-10	0.00125448
6.74151e-10	0.00125489
6.74192e-10	0.0012553
6.74234e-10	0.00125571
6.74275e-10	0.00125611
6.74317e-10	0.00125652
6.74358e-10	0.00125693
6.744e-10	0.00125733
6.74441e-10	0.00125774
6.74483e-10	0.00125815
6.74524e-10	0.00125855
6.74566e-10	0.00125895
6.74607e-10	0.00125936
6.74649e-10	0.00125976
6.74691e-10	0.00126017
6.74732e-10	0.00126057
6.74774e-10	0.00126097
6.74815e-10	0.00126137
6.74857e-10	0.00126177
6.74898e-10	0.00126217
6.7494e-10	0.00126257
6.74981e-10	0.00126297
6.75023e-10	0.00126337
6.75064e-10	0.00126377
6.75106e-10	0.00126417
6.75147e-10	0.00126457
6.75189e-10	0.00126497
6.7523e-10	0.00126537
6.75272e-10	0.00126576
6.75313e-10	0.00126616
6.75355e-10	0.00126656
6.75397e-10	0.00126695
6.75438e-10	0.00126735
6.7548e-10	0.00126774
6.75521e-10	0.00126814
6.75563e-10	0.00126853
6.75604e-10	0.00126892
6.75646e-10	0.00126932
6.75687e-10	0.00126971
6.75729e-10	0.0012701
6.7577e-10	0.00127049
6.75812e-10	0.00127089
6.75853e-10	0.00127128
6.75895e-10	0.00127167
6.75936e-10	0.00127206
6.75978e-10	0.00127245
6.76019e-10	0.00127284
6.76061e-10	0.00127322
6.76103e-10	0.00127361
6.76144e-10	0.001274
6.76186e-10	0.00127439
6.76227e-10	0.00127477
6.76269e-10	0.00127516
6.7631e-10	0.00127555
6.76352e-10	0.00127593
6.76393e-10	0.00127632
6.76435e-10	0.0012767
6.76476e-10	0.00127709
6.76518e-10	0.00127747
6.76559e-10	0.00127785
6.76601e-10	0.00127824
6.76642e-10	0.00127862
6.76684e-10	0.001279
6.76725e-10	0.00127938
6.76767e-10	0.00127976
6.76809e-10	0.00128015
6.7685e-10	0.00128053
6.76892e-10	0.00128091
6.76933e-10	0.00128129
6.76975e-10	0.00128166
6.77016e-10	0.00128204
6.77058e-10	0.00128242
6.77099e-10	0.0012828
6.77141e-10	0.00128318
6.77182e-10	0.00128355
6.77224e-10	0.00128393
6.77265e-10	0.0012843
6.77307e-10	0.00128468
6.77348e-10	0.00128505
6.7739e-10	0.00128543
6.77431e-10	0.0012858
6.77473e-10	0.00128618
6.77514e-10	0.00128655
6.77556e-10	0.00128692
6.77598e-10	0.00128729
6.77639e-10	0.00128767
6.77681e-10	0.00128804
6.77722e-10	0.00128841
6.77764e-10	0.00128878
6.77805e-10	0.00128915
6.77847e-10	0.00128952
6.77888e-10	0.00128989
6.7793e-10	0.00129026
6.77971e-10	0.00129062
6.78013e-10	0.00129099
6.78054e-10	0.00129136
6.78096e-10	0.00129173
6.78137e-10	0.00129209
6.78179e-10	0.00129246
6.7822e-10	0.00129282
6.78262e-10	0.00129319
6.78304e-10	0.00129355
6.78345e-10	0.00129392
6.78387e-10	0.00129428
6.78428e-10	0.00129464
6.7847e-10	0.00129501
6.78511e-10	0.00129537
6.78553e-10	0.00129573
6.78594e-10	0.00129609
6.78636e-10	0.00129645
6.78677e-10	0.00129681
6.78719e-10	0.00129717
6.7876e-10	0.00129753
6.78802e-10	0.00129789
6.78843e-10	0.00129825
6.78885e-10	0.00129861
6.78926e-10	0.00129897
6.78968e-10	0.00129932
6.7901e-10	0.00129968
6.79051e-10	0.00130004
6.79093e-10	0.00130039
6.79134e-10	0.00130075
6.79176e-10	0.0013011
6.79217e-10	0.00130146
6.79259e-10	0.00130181
6.793e-10	0.00130216
6.79342e-10	0.00130252
6.79383e-10	0.00130287
6.79425e-10	0.00130322
6.79466e-10	0.00130357
6.79508e-10	0.00130393
6.79549e-10	0.00130428
6.79591e-10	0.00130463
6.79632e-10	0.00130498
6.79674e-10	0.00130533
6.79715e-10	0.00130567
6.79757e-10	0.00130602
6.79799e-10	0.00130637
6.7984e-10	0.00130672
6.79882e-10	0.00130707
6.79923e-10	0.00130741
6.79965e-10	0.00130776
6.80006e-10	0.0013081
6.80048e-10	0.00130845
6.80089e-10	0.00130879
6.80131e-10	0.00130914
6.80172e-10	0.00130948
6.80214e-10	0.00130982
6.80255e-10	0.00131017
6.80297e-10	0.00131051
6.80338e-10	0.00131085
6.8038e-10	0.00131119
6.80421e-10	0.00131153
6.80463e-10	0.00131187
6.80505e-10	0.00131221
6.80546e-10	0.00131255
6.80588e-10	0.00131289
6.80629e-10	0.00131323
6.80671e-10	0.00131357
6.80712e-10	0.00131391
6.80754e-10	0.00131424
6.80795e-10	0.00131458
6.80837e-10	0.00131492
6.80878e-10	0.00131525
6.8092e-10	0.00131559
6.80961e-10	0.00131592
6.81003e-10	0.00131626
6.81044e-10	0.00131659
6.81086e-10	0.00131692
6.81127e-10	0.00131726
6.81169e-10	0.00131759
6.81211e-10	0.00131792
6.81252e-10	0.00131825
6.81294e-10	0.00131858
6.81335e-10	0.00131891
6.81377e-10	0.00131924
6.81418e-10	0.00131957
6.8146e-10	0.0013199
6.81501e-10	0.00132023
6.81543e-10	0.00132056
6.81584e-10	0.00132089
6.81626e-10	0.00132121
6.81667e-10	0.00132154
6.81709e-10	0.00132187
6.8175e-10	0.00132219
6.81792e-10	0.00132252
6.81833e-10	0.00132284
6.81875e-10	0.00132317
6.81916e-10	0.00132349
6.81958e-10	0.00132381
6.82e-10	0.00132414
6.82041e-10	0.00132446
6.82083e-10	0.00132478
6.82124e-10	0.0013251
6.82166e-10	0.00132542
6.82207e-10	0.00132575
6.82249e-10	0.00132607
6.8229e-10	0.00132638
6.82332e-10	0.0013267
6.82373e-10	0.00132702
6.82415e-10	0.00132734
6.82456e-10	0.00132766
6.82498e-10	0.00132797
6.82539e-10	0.00132829
6.82581e-10	0.00132861
6.82622e-10	0.00132892
6.82664e-10	0.00132924
6.82706e-10	0.00132955
6.82747e-10	0.00132987
6.82789e-10	0.00133018
6.8283e-10	0.00133049
6.82872e-10	0.00133081
6.82913e-10	0.00133112
6.82955e-10	0.00133143
6.82996e-10	0.00133174
6.83038e-10	0.00133205
6.83079e-10	0.00133236
6.83121e-10	0.00133267
6.83162e-10	0.00133298
6.83204e-10	0.00133329
6.83245e-10	0.0013336
6.83287e-10	0.00133391
6.83328e-10	0.00133421
6.8337e-10	0.00133452
6.83412e-10	0.00133483
6.83453e-10	0.00133513
6.83495e-10	0.00133544
6.83536e-10	0.00133574
6.83578e-10	0.00133605
6.83619e-10	0.00133635
6.83661e-10	0.00133666
6.83702e-10	0.00133696
6.83744e-10	0.00133726
6.83785e-10	0.00133756
6.83827e-10	0.00133787
6.83868e-10	0.00133817
6.8391e-10	0.00133847
6.83951e-10	0.00133877
6.83993e-10	0.00133907
6.84034e-10	0.00133937
6.84076e-10	0.00133966
6.84117e-10	0.00133996
6.84159e-10	0.00134026
6.84201e-10	0.00134056
6.84242e-10	0.00134085
6.84284e-10	0.00134115
6.84325e-10	0.00134144
6.84367e-10	0.00134174
6.84408e-10	0.00134203
6.8445e-10	0.00134233
6.84491e-10	0.00134262
6.84533e-10	0.00134292
6.84574e-10	0.00134321
6.84616e-10	0.0013435
6.84657e-10	0.00134379
6.84699e-10	0.00134408
6.8474e-10	0.00134437
6.84782e-10	0.00134466
6.84823e-10	0.00134495
6.84865e-10	0.00134524
6.84907e-10	0.00134553
6.84948e-10	0.00134582
6.8499e-10	0.00134611
6.85031e-10	0.00134639
6.85073e-10	0.00134668
6.85114e-10	0.00134697
6.85156e-10	0.00134725
6.85197e-10	0.00134754
6.85239e-10	0.00134782
6.8528e-10	0.00134811
6.85322e-10	0.00134839
6.85363e-10	0.00134867
6.85405e-10	0.00134896
6.85446e-10	0.00134924
6.85488e-10	0.00134952
6.85529e-10	0.0013498
6.85571e-10	0.00135008
6.85613e-10	0.00135036
6.85654e-10	0.00135064
6.85696e-10	0.00135092
6.85737e-10	0.0013512
6.85779e-10	0.00135148
6.8582e-10	0.00135175
6.85862e-10	0.00135203
6.85903e-10	0.00135231
6.85945e-10	0.00135258
6.85986e-10	0.00135286
6.86028e-10	0.00135313
6.86069e-10	0.00135341
6.86111e-10	0.00135368
6.86152e-10	0.00135396
6.86194e-10	0.00135423
6.86235e-10	0.0013545
6.86277e-10	0.00135477
6.86318e-10	0.00135505
6.8636e-10	0.00135532
6.86402e-10	0.00135559
6.86443e-10	0.00135586
6.86485e-10	0.00135613
6.86526e-10	0.0013564
6.86568e-10	0.00135666
6.86609e-10	0.00135693
6.86651e-10	0.0013572
6.86692e-10	0.00135747
6.86734e-10	0.00135773
6.86775e-10	0.001358
6.86817e-10	0.00135826
6.86858e-10	0.00135853
6.869e-10	0.00135879
6.86941e-10	0.00135906
6.86983e-10	0.00135932
6.87024e-10	0.00135958
6.87066e-10	0.00135985
6.87108e-10	0.00136011
6.87149e-10	0.00136037
6.87191e-10	0.00136063
6.87232e-10	0.00136089
6.87274e-10	0.00136115
6.87315e-10	0.00136141
6.87357e-10	0.00136167
6.87398e-10	0.00136193
6.8744e-10	0.00136218
6.87481e-10	0.00136244
6.87523e-10	0.0013627
6.87564e-10	0.00136295
6.87606e-10	0.00136321
6.87647e-10	0.00136347
6.87689e-10	0.00136372
6.8773e-10	0.00136397
6.87772e-10	0.00136423
6.87814e-10	0.00136448
6.87855e-10	0.00136473
6.87897e-10	0.00136499
6.87938e-10	0.00136524
6.8798e-10	0.00136549
6.88021e-10	0.00136574
6.88063e-10	0.00136599
6.88104e-10	0.00136624
6.88146e-10	0.00136649
6.88187e-10	0.00136674
6.88229e-10	0.00136698
6.8827e-10	0.00136723
6.88312e-10	0.00136748
6.88353e-10	0.00136772
6.88395e-10	0.00136797
6.88436e-10	0.00136822
6.88478e-10	0.00136846
6.8852e-10	0.0013687
6.88561e-10	0.00136895
6.88603e-10	0.00136919
6.88644e-10	0.00136943
6.88686e-10	0.00136968
6.88727e-10	0.00136992
6.88769e-10	0.00137016
6.8881e-10	0.0013704
6.88852e-10	0.00137064
6.88893e-10	0.00137088
6.88935e-10	0.00137112
6.88976e-10	0.00137136
6.89018e-10	0.0013716
6.89059e-10	0.00137183
6.89101e-10	0.00137207
6.89142e-10	0.00137231
6.89184e-10	0.00137254
6.89225e-10	0.00137278
6.89267e-10	0.00137301
6.89309e-10	0.00137325
6.8935e-10	0.00137348
6.89392e-10	0.00137371
6.89433e-10	0.00137395
6.89475e-10	0.00137418
6.89516e-10	0.00137441
6.89558e-10	0.00137464
6.89599e-10	0.00137487
6.89641e-10	0.0013751
6.89682e-10	0.00137533
6.89724e-10	0.00137556
6.89765e-10	0.00137579
6.89807e-10	0.00137602
6.89848e-10	0.00137625
6.8989e-10	0.00137647
6.89931e-10	0.0013767
6.89973e-10	0.00137693
6.90015e-10	0.00137715
6.90056e-10	0.00137738
6.90098e-10	0.0013776
6.90139e-10	0.00137782
6.90181e-10	0.00137805
6.90222e-10	0.00137827
6.90264e-10	0.00137849
6.90305e-10	0.00137871
6.90347e-10	0.00137893
6.90388e-10	0.00137916
6.9043e-10	0.00137938
6.90471e-10	0.0013796
6.90513e-10	0.00137981
6.90554e-10	0.00138003
6.90596e-10	0.00138025
6.90637e-10	0.00138047
6.90679e-10	0.00138069
6.90721e-10	0.0013809
6.90762e-10	0.00138112
6.90804e-10	0.00138133
6.90845e-10	0.00138155
6.90887e-10	0.00138176
6.90928e-10	0.00138198
6.9097e-10	0.00138219
6.91011e-10	0.0013824
6.91053e-10	0.00138261
6.91094e-10	0.00138282
6.91136e-10	0.00138304
6.91177e-10	0.00138325
6.91219e-10	0.00138346
6.9126e-10	0.00138367
6.91302e-10	0.00138387
6.91343e-10	0.00138408
6.91385e-10	0.00138429
6.91426e-10	0.0013845
6.91468e-10	0.0013847
6.9151e-10	0.00138491
6.91551e-10	0.00138512
6.91593e-10	0.00138532
6.91634e-10	0.00138553
6.91676e-10	0.00138573
6.91717e-10	0.00138593
6.91759e-10	0.00138614
6.918e-10	0.00138634
6.91842e-10	0.00138654
6.91883e-10	0.00138674
6.91925e-10	0.00138694
6.91966e-10	0.00138714
6.92008e-10	0.00138734
6.92049e-10	0.00138754
6.92091e-10	0.00138774
6.92132e-10	0.00138794
6.92174e-10	0.00138814
6.92216e-10	0.00138833
6.92257e-10	0.00138853
6.92299e-10	0.00138873
6.9234e-10	0.00138892
6.92382e-10	0.00138912
6.92423e-10	0.00138931
6.92465e-10	0.00138951
6.92506e-10	0.0013897
6.92548e-10	0.00138989
6.92589e-10	0.00139008
6.92631e-10	0.00139028
6.92672e-10	0.00139047
6.92714e-10	0.00139066
6.92755e-10	0.00139085
6.92797e-10	0.00139104
6.92838e-10	0.00139123
6.9288e-10	0.00139141
6.92922e-10	0.0013916
6.92963e-10	0.00139179
6.93005e-10	0.00139198
6.93046e-10	0.00139216
6.93088e-10	0.00139235
6.93129e-10	0.00139253
6.93171e-10	0.00139272
6.93212e-10	0.0013929
6.93254e-10	0.00139308
6.93295e-10	0.00139327
6.93337e-10	0.00139345
6.93378e-10	0.00139363
6.9342e-10	0.00139381
6.93461e-10	0.00139399
6.93503e-10	0.00139417
6.93544e-10	0.00139435
6.93586e-10	0.00139453
6.93627e-10	0.00139471
6.93669e-10	0.00139489
6.93711e-10	0.00139507
6.93752e-10	0.00139524
6.93794e-10	0.00139542
6.93835e-10	0.00139559
6.93877e-10	0.00139577
6.93918e-10	0.00139594
6.9396e-10	0.00139612
6.94001e-10	0.00139629
6.94043e-10	0.00139647
6.94084e-10	0.00139664
6.94126e-10	0.00139681
6.94167e-10	0.00139698
6.94209e-10	0.00139715
6.9425e-10	0.00139732
6.94292e-10	0.00139749
6.94333e-10	0.00139766
6.94375e-10	0.00139783
6.94417e-10	0.001398
6.94458e-10	0.00139816
6.945e-10	0.00139833
6.94541e-10	0.0013985
6.94583e-10	0.00139866
6.94624e-10	0.00139883
6.94666e-10	0.00139899
6.94707e-10	0.00139916
6.94749e-10	0.00139932
6.9479e-10	0.00139948
6.94832e-10	0.00139965
6.94873e-10	0.00139981
6.94915e-10	0.00139997
6.94956e-10	0.00140013
6.94998e-10	0.00140029
6.95039e-10	0.00140045
6.95081e-10	0.00140061
6.95123e-10	0.00140077
6.95164e-10	0.00140093
6.95206e-10	0.00140108
6.95247e-10	0.00140124
6.95289e-10	0.0014014
6.9533e-10	0.00140155
6.95372e-10	0.00140171
6.95413e-10	0.00140186
6.95455e-10	0.00140202
6.95496e-10	0.00140217
6.95538e-10	0.00140232
6.95579e-10	0.00140248
6.95621e-10	0.00140263
6.95662e-10	0.00140278
6.95704e-10	0.00140293
6.95745e-10	0.00140308
6.95787e-10	0.00140323
6.95828e-10	0.00140338
6.9587e-10	0.00140353
6.95912e-10	0.00140368
6.95953e-10	0.00140382
6.95995e-10	0.00140397
6.96036e-10	0.00140412
6.96078e-10	0.00140426
6.96119e-10	0.00140441
6.96161e-10	0.00140455
6.96202e-10	0.0014047
6.96244e-10	0.00140484
6.96285e-10	0.00140498
6.96327e-10	0.00140513
6.96368e-10	0.00140527
6.9641e-10	0.00140541
6.96451e-10	0.00140555
6.96493e-10	0.00140569
6.96534e-10	0.00140583
6.96576e-10	0.00140597
6.96618e-10	0.00140611
6.96659e-10	0.00140624
6.96701e-10	0.00140638
6.96742e-10	0.00140652
6.96784e-10	0.00140665
6.96825e-10	0.00140679
6.96867e-10	0.00140692
6.96908e-10	0.00140706
6.9695e-10	0.00140719
6.96991e-10	0.00140733
6.97033e-10	0.00140746
6.97074e-10	0.00140759
6.97116e-10	0.00140772
6.97157e-10	0.00140785
6.97199e-10	0.00140798
6.9724e-10	0.00140811
6.97282e-10	0.00140824
6.97324e-10	0.00140837
6.97365e-10	0.0014085
6.97407e-10	0.00140863
6.97448e-10	0.00140876
6.9749e-10	0.00140888
6.97531e-10	0.00140901
6.97573e-10	0.00140913
6.97614e-10	0.00140926
6.97656e-10	0.00140938
6.97697e-10	0.00140951
6.97739e-10	0.00140963
6.9778e-10	0.00140975
6.97822e-10	0.00140987
6.97863e-10	0.00140999
6.97905e-10	0.00141012
6.97946e-10	0.00141024
6.97988e-10	0.00141036
6.98029e-10	0.00141047
6.98071e-10	0.00141059
6.98113e-10	0.00141071
6.98154e-10	0.00141083
6.98196e-10	0.00141095
6.98237e-10	0.00141106
6.98279e-10	0.00141118
6.9832e-10	0.00141129
6.98362e-10	0.00141141
6.98403e-10	0.00141152
6.98445e-10	0.00141163
6.98486e-10	0.00141175
6.98528e-10	0.00141186
6.98569e-10	0.00141197
6.98611e-10	0.00141208
6.98652e-10	0.00141219
6.98694e-10	0.0014123
6.98735e-10	0.00141241
6.98777e-10	0.00141252
6.98819e-10	0.00141263
6.9886e-10	0.00141274
6.98902e-10	0.00141284
6.98943e-10	0.00141295
6.98985e-10	0.00141306
6.99026e-10	0.00141316
6.99068e-10	0.00141327
6.99109e-10	0.00141337
6.99151e-10	0.00141347
6.99192e-10	0.00141358
6.99234e-10	0.00141368
6.99275e-10	0.00141378
6.99317e-10	0.00141388
6.99358e-10	0.00141398
6.994e-10	0.00141408
6.99441e-10	0.00141418
6.99483e-10	0.00141428
6.99525e-10	0.00141438
6.99566e-10	0.00141448
6.99608e-10	0.00141457
6.99649e-10	0.00141467
6.99691e-10	0.00141477
6.99732e-10	0.00141486
6.99774e-10	0.00141496
6.99815e-10	0.00141505
6.99857e-10	0.00141515
6.99898e-10	0.00141524
6.9994e-10	0.00141533
6.99981e-10	0.00141542
7.00023e-10	0.00141551
7.00064e-10	0.00141561
7.00106e-10	0.0014157
7.00147e-10	0.00141579
7.00189e-10	0.00141587
7.0023e-10	0.00141596
7.00272e-10	0.00141605
7.00314e-10	0.00141614
7.00355e-10	0.00141623
7.00397e-10	0.00141631
7.00438e-10	0.0014164
7.0048e-10	0.00141648
7.00521e-10	0.00141657
7.00563e-10	0.00141665
7.00604e-10	0.00141673
7.00646e-10	0.00141682
7.00687e-10	0.0014169
7.00729e-10	0.00141698
7.0077e-10	0.00141706
7.00812e-10	0.00141714
7.00853e-10	0.00141722
7.00895e-10	0.0014173
7.00936e-10	0.00141738
7.00978e-10	0.00141746
7.0102e-10	0.00141753
7.01061e-10	0.00141761
7.01103e-10	0.00141769
7.01144e-10	0.00141776
7.01186e-10	0.00141784
7.01227e-10	0.00141791
7.01269e-10	0.00141799
7.0131e-10	0.00141806
7.01352e-10	0.00141813
7.01393e-10	0.0014182
7.01435e-10	0.00141828
7.01476e-10	0.00141835
7.01518e-10	0.00141842
7.01559e-10	0.00141849
7.01601e-10	0.00141856
7.01642e-10	0.00141862
7.01684e-10	0.00141869
7.01726e-10	0.00141876
7.01767e-10	0.00141883
7.01809e-10	0.00141889
7.0185e-10	0.00141896
7.01892e-10	0.00141902
7.01933e-10	0.00141909
7.01975e-10	0.00141915
7.02016e-10	0.00141922
7.02058e-10	0.00141928
7.02099e-10	0.00141934
7.02141e-10	0.0014194
7.02182e-10	0.00141946
7.02224e-10	0.00141952
7.02265e-10	0.00141958
7.02307e-10	0.00141964
7.02348e-10	0.0014197
7.0239e-10	0.00141976
7.02432e-10	0.00141982
7.02473e-10	0.00141987
7.02515e-10	0.00141993
7.02556e-10	0.00141998
7.02598e-10	0.00142004
7.02639e-10	0.00142009
7.02681e-10	0.00142015
7.02722e-10	0.0014202
7.02764e-10	0.00142025
7.02805e-10	0.00142031
7.02847e-10	0.00142036
7.02888e-10	0.00142041
7.0293e-10	0.00142046
7.02971e-10	0.00142051
7.03013e-10	0.00142056
7.03054e-10	0.00142061
7.03096e-10	0.00142065
7.03137e-10	0.0014207
7.03179e-10	0.00142075
7.03221e-10	0.00142079
7.03262e-10	0.00142084
7.03304e-10	0.00142088
7.03345e-10	0.00142093
7.03387e-10	0.00142097
7.03428e-10	0.00142102
7.0347e-10	0.00142106
7.03511e-10	0.0014211
7.03553e-10	0.00142114
7.03594e-10	0.00142118
7.03636e-10	0.00142122
7.03677e-10	0.00142126
7.03719e-10	0.0014213
7.0376e-10	0.00142134
7.03802e-10	0.00142138
7.03843e-10	0.00142141
7.03885e-10	0.00142145
7.03927e-10	0.00142149
7.03968e-10	0.00142152
7.0401e-10	0.00142156
7.04051e-10	0.00142159
7.04093e-10	0.00142162
7.04134e-10	0.00142166
7.04176e-10	0.00142169
7.04217e-10	0.00142172
7.04259e-10	0.00142175
7.043e-10	0.00142178
7.04342e-10	0.00142181
7.04383e-10	0.00142184
7.04425e-10	0.00142187
7.04466e-10	0.0014219
7.04508e-10	0.00142193
7.04549e-10	0.00142195
7.04591e-10	0.00142198
7.04633e-10	0.00142201
7.04674e-10	0.00142203
7.04716e-10	0.00142206
7.04757e-10	0.00142208
7.04799e-10	0.0014221
7.0484e-10	0.00142213
7.04882e-10	0.00142215
7.04923e-10	0.00142217
7.04965e-10	0.00142219
7.05006e-10	0.00142221
7.05048e-10	0.00142223
7.05089e-10	0.00142225
7.05131e-10	0.00142227
7.05172e-10	0.00142229
7.05214e-10	0.0014223
7.05255e-10	0.00142232
7.05297e-10	0.00142234
7.05338e-10	0.00142235
7.0538e-10	0.00142237
7.05422e-10	0.00142238
7.05463e-10	0.00142239
7.05505e-10	0.00142241
7.05546e-10	0.00142242
7.05588e-10	0.00142243
7.05629e-10	0.00142244
7.05671e-10	0.00142245
7.05712e-10	0.00142246
7.05754e-10	0.00142247
7.05795e-10	0.00142248
7.05837e-10	0.00142249
7.05878e-10	0.0014225
7.0592e-10	0.00142251
7.05961e-10	0.00142251
7.06003e-10	0.00142252
7.06044e-10	0.00142252
7.06086e-10	0.00142253
7.06128e-10	0.00142253
7.06169e-10	0.00142253
7.06211e-10	0.00142254
7.06252e-10	0.00142254
7.06294e-10	0.00142254
7.06335e-10	0.00142254
7.06377e-10	0.00142254
7.06418e-10	0.00142254
7.0646e-10	0.00142254
7.06501e-10	0.00142254
7.06543e-10	0.00142254
7.06584e-10	0.00142253
7.06626e-10	0.00142253
7.06667e-10	0.00142253
7.06709e-10	0.00142252
7.0675e-10	0.00142252
7.06792e-10	0.00142251
7.06834e-10	0.00142251
7.06875e-10	0.0014225
7.06917e-10	0.00142249
7.06958e-10	0.00142248
7.07e-10	0.00142247
7.07041e-10	0.00142246
7.07083e-10	0.00142245
7.07124e-10	0.00142244
7.07166e-10	0.00142243
7.07207e-10	0.00142242
7.07249e-10	0.00142241
7.0729e-10	0.0014224
7.07332e-10	0.00142238
7.07373e-10	0.00142237
7.07415e-10	0.00142235
7.07456e-10	0.00142234
7.07498e-10	0.00142232
7.07539e-10	0.0014223
7.07581e-10	0.00142229
7.07623e-10	0.00142227
7.07664e-10	0.00142225
7.07706e-10	0.00142223
7.07747e-10	0.00142221
7.07789e-10	0.00142219
7.0783e-10	0.00142217
7.07872e-10	0.00142215
7.07913e-10	0.00142213
7.07955e-10	0.0014221
7.07996e-10	0.00142208
7.08038e-10	0.00142206
7.08079e-10	0.00142203
7.08121e-10	0.001422
7.08162e-10	0.00142198
7.08204e-10	0.00142195
7.08245e-10	0.00142193
7.08287e-10	0.0014219
7.08329e-10	0.00142187
7.0837e-10	0.00142184
7.08412e-10	0.00142181
7.08453e-10	0.00142178
7.08495e-10	0.00142175
7.08536e-10	0.00142172
7.08578e-10	0.00142169
7.08619e-10	0.00142165
7.08661e-10	0.00142162
7.08702e-10	0.00142159
7.08744e-10	0.00142155
7.08785e-10	0.00142152
7.08827e-10	0.00142148
7.08868e-10	0.00142144
7.0891e-10	0.00142141
7.08951e-10	0.00142137
7.08993e-10	0.00142133
7.09035e-10	0.00142129
7.09076e-10	0.00142125
7.09118e-10	0.00142121
7.09159e-10	0.00142117
7.09201e-10	0.00142113
7.09242e-10	0.00142109
7.09284e-10	0.00142104
7.09325e-10	0.001421
7.09367e-10	0.00142096
7.09408e-10	0.00142091
7.0945e-10	0.00142087
7.09491e-10	0.00142082
7.09533e-10	0.00142078
7.09574e-10	0.00142073
7.09616e-10	0.00142068
7.09657e-10	0.00142063
7.09699e-10	0.00142058
7.0974e-10	0.00142053
7.09782e-10	0.00142048
7.09824e-10	0.00142043
7.09865e-10	0.00142038
7.09907e-10	0.00142033
7.09948e-10	0.00142028
7.0999e-10	0.00142022
7.10031e-10	0.00142017
7.10073e-10	0.00142012
7.10114e-10	0.00142006
7.10156e-10	0.00142001
7.10197e-10	0.00141995
7.10239e-10	0.00141989
7.1028e-10	0.00141984
7.10322e-10	0.00141978
7.10363e-10	0.00141972
7.10405e-10	0.00141966
7.10446e-10	0.0014196
7.10488e-10	0.00141954
7.1053e-10	0.00141948
7.10571e-10	0.00141941
7.10613e-10	0.00141935
7.10654e-10	0.00141929
7.10696e-10	0.00141923
7.10737e-10	0.00141916
7.10779e-10	0.0014191
7.1082e-10	0.00141903
7.10862e-10	0.00141896
7.10903e-10	0.0014189
7.10945e-10	0.00141883
7.10986e-10	0.00141876
7.11028e-10	0.00141869
7.11069e-10	0.00141862
7.11111e-10	0.00141855
7.11152e-10	0.00141848
7.11194e-10	0.00141841
7.11236e-10	0.00141834
7.11277e-10	0.00141827
7.11319e-10	0.00141819
7.1136e-10	0.00141812
7.11402e-10	0.00141805
7.11443e-10	0.00141797
7.11485e-10	0.00141789
7.11526e-10	0.00141782
7.11568e-10	0.00141774
7.11609e-10	0.00141766
7.11651e-10	0.00141759
7.11692e-10	0.00141751
7.11734e-10	0.00141743
7.11775e-10	0.00141735
7.11817e-10	0.00141727
7.11858e-10	0.00141719
7.119e-10	0.0014171
7.11941e-10	0.00141702
7.11983e-10	0.00141694
7.12025e-10	0.00141685
7.12066e-10	0.00141677
7.12108e-10	0.00141668
7.12149e-10	0.0014166
7.12191e-10	0.00141651
7.12232e-10	0.00141643
7.12274e-10	0.00141634
7.12315e-10	0.00141625
7.12357e-10	0.00141616
7.12398e-10	0.00141607
7.1244e-10	0.00141598
7.12481e-10	0.00141589
7.12523e-10	0.0014158
7.12564e-10	0.00141571
7.12606e-10	0.00141561
7.12647e-10	0.00141552
7.12689e-10	0.00141543
7.12731e-10	0.00141533
7.12772e-10	0.00141524
7.12814e-10	0.00141514
7.12855e-10	0.00141505
7.12897e-10	0.00141495
7.12938e-10	0.00141485
7.1298e-10	0.00141475
7.13021e-10	0.00141465
7.13063e-10	0.00141455
7.13104e-10	0.00141445
7.13146e-10	0.00141435
7.13187e-10	0.00141425
7.13229e-10	0.00141415
7.1327e-10	0.00141405
7.13312e-10	0.00141394
7.13353e-10	0.00141384
7.13395e-10	0.00141373
7.13437e-10	0.00141363
7.13478e-10	0.00141352
7.1352e-10	0.00141342
7.13561e-10	0.00141331
7.13603e-10	0.0014132
7.13644e-10	0.00141309
7.13686e-10	0.00141298
7.13727e-10	0.00141287
7.13769e-10	0.00141276
7.1381e-10	0.00141265
7.13852e-10	0.00141254
7.13893e-10	0.00141243
7.13935e-10	0.00141232
7.13976e-10	0.0014122
7.14018e-10	0.00141209
7.14059e-10	0.00141197
7.14101e-10	0.00141186
7.14143e-10	0.00141174
7.14184e-10	0.00141163
7.14226e-10	0.00141151
7.14267e-10	0.00141139
7.14309e-10	0.00141127
7.1435e-10	0.00141115
7.14392e-10	0.00141103
7.14433e-10	0.00141091
7.14475e-10	0.00141079
7.14516e-10	0.00141067
7.14558e-10	0.00141055
7.14599e-10	0.00141042
7.14641e-10	0.0014103
7.14682e-10	0.00141018
7.14724e-10	0.00141005
7.14765e-10	0.00140993
7.14807e-10	0.0014098
7.14848e-10	0.00140967
7.1489e-10	0.00140955
7.14932e-10	0.00140942
7.14973e-10	0.00140929
7.15015e-10	0.00140916
7.15056e-10	0.00140903
7.15098e-10	0.0014089
7.15139e-10	0.00140877
7.15181e-10	0.00140864
7.15222e-10	0.0014085
7.15264e-10	0.00140837
7.15305e-10	0.00140824
7.15347e-10	0.0014081
7.15388e-10	0.00140797
7.1543e-10	0.00140783
7.15471e-10	0.00140769
7.15513e-10	0.00140756
7.15554e-10	0.00140742
7.15596e-10	0.00140728
7.15638e-10	0.00140714
7.15679e-10	0.001407
7.15721e-10	0.00140686
7.15762e-10	0.00140672
7.15804e-10	0.00140658
7.15845e-10	0.00140644
7.15887e-10	0.00140629
7.15928e-10	0.00140615
7.1597e-10	0.00140601
7.16011e-10	0.00140586
7.16053e-10	0.00140572
7.16094e-10	0.00140557
7.16136e-10	0.00140542
7.16177e-10	0.00140528
7.16219e-10	0.00140513
7.1626e-10	0.00140498
7.16302e-10	0.00140483
7.16344e-10	0.00140468
7.16385e-10	0.00140453
7.16427e-10	0.00140438
7.16468e-10	0.00140423
7.1651e-10	0.00140408
7.16551e-10	0.00140392
7.16593e-10	0.00140377
7.16634e-10	0.00140361
7.16676e-10	0.00140346
7.16717e-10	0.0014033
7.16759e-10	0.00140315
7.168e-10	0.00140299
7.16842e-10	0.00140283
7.16883e-10	0.00140268
7.16925e-10	0.00140252
7.16966e-10	0.00140236
7.17008e-10	0.0014022
7.17049e-10	0.00140204
7.17091e-10	0.00140187
7.17133e-10	0.00140171
7.17174e-10	0.00140155
7.17216e-10	0.00140139
7.17257e-10	0.00140122
7.17299e-10	0.00140106
7.1734e-10	0.00140089
7.17382e-10	0.00140073
7.17423e-10	0.00140056
7.17465e-10	0.00140039
7.17506e-10	0.00140023
7.17548e-10	0.00140006
7.17589e-10	0.00139989
7.17631e-10	0.00139972
7.17672e-10	0.00139955
7.17714e-10	0.00139938
7.17755e-10	0.0013992
7.17797e-10	0.00139903
7.17839e-10	0.00139886
7.1788e-10	0.00139869
7.17922e-10	0.00139851
7.17963e-10	0.00139834
7.18005e-10	0.00139816
7.18046e-10	0.00139798
7.18088e-10	0.00139781
7.18129e-10	0.00139763
7.18171e-10	0.00139745
7.18212e-10	0.00139727
7.18254e-10	0.00139709
7.18295e-10	0.00139691
7.18337e-10	0.00139673
7.18378e-10	0.00139655
7.1842e-10	0.00139637
7.18461e-10	0.00139619
7.18503e-10	0.001396
7.18545e-10	0.00139582
7.18586e-10	0.00139564
7.18628e-10	0.00139545
7.18669e-10	0.00139526
7.18711e-10	0.00139508
7.18752e-10	0.00139489
7.18794e-10	0.0013947
7.18835e-10	0.00139451
7.18877e-10	0.00139433
7.18918e-10	0.00139414
7.1896e-10	0.00139395
7.19001e-10	0.00139375
7.19043e-10	0.00139356
7.19084e-10	0.00139337
7.19126e-10	0.00139318
7.19167e-10	0.00139298
7.19209e-10	0.00139279
7.1925e-10	0.00139259
7.19292e-10	0.0013924
7.19334e-10	0.0013922
7.19375e-10	0.00139201
7.19417e-10	0.00139181
7.19458e-10	0.00139161
7.195e-10	0.00139141
7.19541e-10	0.00139121
7.19583e-10	0.00139101
7.19624e-10	0.00139081
7.19666e-10	0.00139061
7.19707e-10	0.00139041
7.19749e-10	0.0013902
7.1979e-10	0.00139
7.19832e-10	0.0013898
7.19873e-10	0.00138959
7.19915e-10	0.00138939
7.19956e-10	0.00138918
7.19998e-10	0.00138897
7.2004e-10	0.00138877
7.20081e-10	0.00138856
7.20123e-10	0.00138835
7.20164e-10	0.00138814
7.20206e-10	0.00138793
7.20247e-10	0.00138772
7.20289e-10	0.00138751
7.2033e-10	0.0013873
7.20372e-10	0.00138709
7.20413e-10	0.00138687
7.20455e-10	0.00138666
7.20496e-10	0.00138644
7.20538e-10	0.00138623
7.20579e-10	0.00138601
7.20621e-10	0.0013858
7.20662e-10	0.00138558
7.20704e-10	0.00138536
7.20746e-10	0.00138514
7.20787e-10	0.00138493
7.20829e-10	0.00138471
7.2087e-10	0.00138449
7.20912e-10	0.00138426
7.20953e-10	0.00138404
7.20995e-10	0.00138382
7.21036e-10	0.0013836
7.21078e-10	0.00138337
7.21119e-10	0.00138315
7.21161e-10	0.00138293
7.21202e-10	0.0013827
7.21244e-10	0.00138247
7.21285e-10	0.00138225
7.21327e-10	0.00138202
7.21368e-10	0.00138179
7.2141e-10	0.00138156
7.21451e-10	0.00138133
7.21493e-10	0.0013811
7.21535e-10	0.00138087
7.21576e-10	0.00138064
7.21618e-10	0.00138041
7.21659e-10	0.00138018
7.21701e-10	0.00137994
7.21742e-10	0.00137971
7.21784e-10	0.00137947
7.21825e-10	0.00137924
7.21867e-10	0.001379
7.21908e-10	0.00137877
7.2195e-10	0.00137853
7.21991e-10	0.00137829
7.22033e-10	0.00137805
7.22074e-10	0.00137781
7.22116e-10	0.00137757
7.22157e-10	0.00137733
7.22199e-10	0.00137709
7.22241e-10	0.00137685
7.22282e-10	0.00137661
7.22324e-10	0.00137637
7.22365e-10	0.00137612
7.22407e-10	0.00137588
7.22448e-10	0.00137563
7.2249e-10	0.00137539
7.22531e-10	0.00137514
7.22573e-10	0.00137489
7.22614e-10	0.00137465
7.22656e-10	0.0013744
7.22697e-10	0.00137415
7.22739e-10	0.0013739
7.2278e-10	0.00137365
7.22822e-10	0.0013734
7.22863e-10	0.00137315
7.22905e-10	0.00137289
7.22947e-10	0.00137264
7.22988e-10	0.00137239
7.2303e-10	0.00137213
7.23071e-10	0.00137188
7.23113e-10	0.00137162
7.23154e-10	0.00137137
7.23196e-10	0.00137111
7.23237e-10	0.00137085
7.23279e-10	0.00137059
7.2332e-10	0.00137034
7.23362e-10	0.00137008
7.23403e-10	0.00136982
7.23445e-10	0.00136956
7.23486e-10	0.00136929
7.23528e-10	0.00136903
7.23569e-10	0.00136877
7.23611e-10	0.00136851
7.23652e-10	0.00136824
7.23694e-10	0.00136798
7.23736e-10	0.00136771
7.23777e-10	0.00136745
7.23819e-10	0.00136718
7.2386e-10	0.00136691
7.23902e-10	0.00136664
7.23943e-10	0.00136638
7.23985e-10	0.00136611
7.24026e-10	0.00136584
7.24068e-10	0.00136557
7.24109e-10	0.00136529
7.24151e-10	0.00136502
7.24192e-10	0.00136475
7.24234e-10	0.00136448
7.24275e-10	0.0013642
7.24317e-10	0.00136393
7.24358e-10	0.00136365
7.244e-10	0.00136338
7.24442e-10	0.0013631
7.24483e-10	0.00136282
7.24525e-10	0.00136255
7.24566e-10	0.00136227
7.24608e-10	0.00136199
7.24649e-10	0.00136171
7.24691e-10	0.00136143
7.24732e-10	0.00136115
7.24774e-10	0.00136087
7.24815e-10	0.00136058
7.24857e-10	0.0013603
7.24898e-10	0.00136002
7.2494e-10	0.00135973
7.24981e-10	0.00135945
7.25023e-10	0.00135916
7.25064e-10	0.00135887
7.25106e-10	0.00135859
7.25148e-10	0.0013583
7.25189e-10	0.00135801
7.25231e-10	0.00135772
7.25272e-10	0.00135743
7.25314e-10	0.00135714
7.25355e-10	0.00135685
7.25397e-10	0.00135656
7.25438e-10	0.00135627
7.2548e-10	0.00135598
7.25521e-10	0.00135568
7.25563e-10	0.00135539
7.25604e-10	0.00135509
7.25646e-10	0.0013548
7.25687e-10	0.0013545
7.25729e-10	0.0013542
7.2577e-10	0.00135391
7.25812e-10	0.00135361
7.25854e-10	0.00135331
7.25895e-10	0.00135301
7.25937e-10	0.00135271
7.25978e-10	0.00135241
7.2602e-10	0.00135211
7.26061e-10	0.00135181
7.26103e-10	0.0013515
7.26144e-10	0.0013512
7.26186e-10	0.00135089
7.26227e-10	0.00135059
7.26269e-10	0.00135028
7.2631e-10	0.00134998
7.26352e-10	0.00134967
7.26393e-10	0.00134936
7.26435e-10	0.00134906
7.26476e-10	0.00134875
7.26518e-10	0.00134844
7.26559e-10	0.00134813
7.26601e-10	0.00134782
7.26643e-10	0.00134751
7.26684e-10	0.00134719
7.26726e-10	0.00134688
7.26767e-10	0.00134657
7.26809e-10	0.00134625
7.2685e-10	0.00134594
7.26892e-10	0.00134562
7.26933e-10	0.00134531
7.26975e-10	0.00134499
7.27016e-10	0.00134467
7.27058e-10	0.00134436
7.27099e-10	0.00134404
7.27141e-10	0.00134372
7.27182e-10	0.0013434
7.27224e-10	0.00134308
7.27265e-10	0.00134276
7.27307e-10	0.00134244
7.27349e-10	0.00134211
7.2739e-10	0.00134179
7.27432e-10	0.00134147
7.27473e-10	0.00134114
7.27515e-10	0.00134082
7.27556e-10	0.00134049
7.27598e-10	0.00134016
7.27639e-10	0.00133984
7.27681e-10	0.00133951
7.27722e-10	0.00133918
7.27764e-10	0.00133885
7.27805e-10	0.00133852
7.27847e-10	0.00133819
7.27888e-10	0.00133786
7.2793e-10	0.00133753
7.27971e-10	0.00133719
7.28013e-10	0.00133686
7.28055e-10	0.00133653
7.28096e-10	0.00133619
7.28138e-10	0.00133586
7.28179e-10	0.00133552
7.28221e-10	0.00133519
7.28262e-10	0.00133485
7.28304e-10	0.00133451
7.28345e-10	0.00133417
7.28387e-10	0.00133383
7.28428e-10	0.00133349
7.2847e-10	0.00133315
7.28511e-10	0.00133281
7.28553e-10	0.00133247
7.28594e-10	0.00133213
7.28636e-10	0.00133179
7.28677e-10	0.00133144
7.28719e-10	0.0013311
7.2876e-10	0.00133075
7.28802e-10	0.00133041
7.28844e-10	0.00133006
7.28885e-10	0.00132971
7.28927e-10	0.00132937
7.28968e-10	0.00132902
7.2901e-10	0.00132867
7.29051e-10	0.00132832
7.29093e-10	0.00132797
7.29134e-10	0.00132762
7.29176e-10	0.00132727
7.29217e-10	0.00132691
7.29259e-10	0.00132656
7.293e-10	0.00132621
7.29342e-10	0.00132585
7.29383e-10	0.0013255
7.29425e-10	0.00132514
7.29466e-10	0.00132479
7.29508e-10	0.00132443
7.2955e-10	0.00132407
7.29591e-10	0.00132371
7.29633e-10	0.00132336
7.29674e-10	0.001323
7.29716e-10	0.00132264
7.29757e-10	0.00132227
7.29799e-10	0.00132191
7.2984e-10	0.00132155
7.29882e-10	0.00132119
7.29923e-10	0.00132082
7.29965e-10	0.00132046
7.30006e-10	0.0013201
7.30048e-10	0.00131973
7.30089e-10	0.00131936
7.30131e-10	0.001319
7.30172e-10	0.00131863
7.30214e-10	0.00131826
7.30256e-10	0.00131789
7.30297e-10	0.00131752
7.30339e-10	0.00131715
7.3038e-10	0.00131678
7.30422e-10	0.00131641
7.30463e-10	0.00131604
7.30505e-10	0.00131567
7.30546e-10	0.00131529
7.30588e-10	0.00131492
7.30629e-10	0.00131454
7.30671e-10	0.00131417
7.30712e-10	0.00131379
7.30754e-10	0.00131342
7.30795e-10	0.00131304
7.30837e-10	0.00131266
7.30878e-10	0.00131228
7.3092e-10	0.0013119
7.30961e-10	0.00131152
7.31003e-10	0.00131114
7.31045e-10	0.00131076
7.31086e-10	0.00131038
7.31128e-10	0.00130999
7.31169e-10	0.00130961
7.31211e-10	0.00130923
7.31252e-10	0.00130884
7.31294e-10	0.00130846
7.31335e-10	0.00130807
7.31377e-10	0.00130768
7.31418e-10	0.0013073
7.3146e-10	0.00130691
7.31501e-10	0.00130652
7.31543e-10	0.00130613
7.31584e-10	0.00130574
7.31626e-10	0.00130535
7.31667e-10	0.00130496
7.31709e-10	0.00130457
7.31751e-10	0.00130418
7.31792e-10	0.00130378
7.31834e-10	0.00130339
7.31875e-10	0.00130299
7.31917e-10	0.0013026
7.31958e-10	0.0013022
7.32e-10	0.00130181
7.32041e-10	0.00130141
7.32083e-10	0.00130101
7.32124e-10	0.00130061
7.32166e-10	0.00130021
7.32207e-10	0.00129981
7.32249e-10	0.00129941
7.3229e-10	0.00129901
7.32332e-10	0.00129861
7.32373e-10	0.00129821
7.32415e-10	0.0012978
7.32457e-10	0.0012974
7.32498e-10	0.00129699
7.3254e-10	0.00129659
7.32581e-10	0.00129618
7.32623e-10	0.00129578
7.32664e-10	0.00129537
7.32706e-10	0.00129496
7.32747e-10	0.00129455
7.32789e-10	0.00129414
7.3283e-10	0.00129373
7.32872e-10	0.00129332
7.32913e-10	0.00129291
7.32955e-10	0.0012925
7.32996e-10	0.00129209
7.33038e-10	0.00129168
7.33079e-10	0.00129126
7.33121e-10	0.00129085
7.33162e-10	0.00129043
7.33204e-10	0.00129002
7.33246e-10	0.0012896
7.33287e-10	0.00128918
7.33329e-10	0.00128876
7.3337e-10	0.00128835
7.33412e-10	0.00128793
7.33453e-10	0.00128751
7.33495e-10	0.00128709
7.33536e-10	0.00128667
7.33578e-10	0.00128624
7.33619e-10	0.00128582
7.33661e-10	0.0012854
7.33702e-10	0.00128497
7.33744e-10	0.00128455
7.33785e-10	0.00128413
7.33827e-10	0.0012837
7.33868e-10	0.00128327
7.3391e-10	0.00128285
7.33952e-10	0.00128242
7.33993e-10	0.00128199
7.34035e-10	0.00128156
7.34076e-10	0.00128113
7.34118e-10	0.0012807
7.34159e-10	0.00128027
7.34201e-10	0.00127984
7.34242e-10	0.00127941
7.34284e-10	0.00127897
7.34325e-10	0.00127854
7.34367e-10	0.00127811
7.34408e-10	0.00127767
7.3445e-10	0.00127723
7.34491e-10	0.0012768
7.34533e-10	0.00127636
7.34574e-10	0.00127592
7.34616e-10	0.00127549
7.34658e-10	0.00127505
7.34699e-10	0.00127461
7.34741e-10	0.00127417
7.34782e-10	0.00127373
7.34824e-10	0.00127328
7.34865e-10	0.00127284
7.34907e-10	0.0012724
7.34948e-10	0.00127196
7.3499e-10	0.00127151
7.35031e-10	0.00127107
7.35073e-10	0.00127062
7.35114e-10	0.00127017
7.35156e-10	0.00126973
7.35197e-10	0.00126928
7.35239e-10	0.00126883
7.3528e-10	0.00126838
7.35322e-10	0.00126793
7.35363e-10	0.00126748
7.35405e-10	0.00126703
7.35447e-10	0.00126658
7.35488e-10	0.00126613
7.3553e-10	0.00126568
7.35571e-10	0.00126522
7.35613e-10	0.00126477
7.35654e-10	0.00126431
7.35696e-10	0.00126386
7.35737e-10	0.0012634
7.35779e-10	0.00126294
7.3582e-10	0.00126249
7.35862e-10	0.00126203
7.35903e-10	0.00126157
7.35945e-10	0.00126111
7.35986e-10	0.00126065
7.36028e-10	0.00126019
7.36069e-10	0.00125973
7.36111e-10	0.00125927
7.36153e-10	0.0012588
7.36194e-10	0.00125834
7.36236e-10	0.00125788
7.36277e-10	0.00125741
7.36319e-10	0.00125695
7.3636e-10	0.00125648
7.36402e-10	0.00125601
7.36443e-10	0.00125555
7.36485e-10	0.00125508
7.36526e-10	0.00125461
7.36568e-10	0.00125414
7.36609e-10	0.00125367
7.36651e-10	0.0012532
7.36692e-10	0.00125273
7.36734e-10	0.00125226
7.36775e-10	0.00125178
7.36817e-10	0.00125131
7.36859e-10	0.00125084
7.369e-10	0.00125036
7.36942e-10	0.00124989
7.36983e-10	0.00124941
7.37025e-10	0.00124893
7.37066e-10	0.00124846
7.37108e-10	0.00124798
7.37149e-10	0.0012475
7.37191e-10	0.00124702
7.37232e-10	0.00124654
7.37274e-10	0.00124606
7.37315e-10	0.00124558
7.37357e-10	0.0012451
7.37398e-10	0.00124461
7.3744e-10	0.00124413
7.37481e-10	0.00124365
7.37523e-10	0.00124316
7.37564e-10	0.00124268
7.37606e-10	0.00124219
7.37648e-10	0.0012417
7.37689e-10	0.00124122
7.37731e-10	0.00124073
7.37772e-10	0.00124024
7.37814e-10	0.00123975
7.37855e-10	0.00123926
7.37897e-10	0.00123877
7.37938e-10	0.00123828
7.3798e-10	0.00123779
7.38021e-10	0.0012373
7.38063e-10	0.0012368
7.38104e-10	0.00123631
7.38146e-10	0.00123581
7.38187e-10	0.00123532
7.38229e-10	0.00123482
7.3827e-10	0.00123433
7.38312e-10	0.00123383
7.38354e-10	0.00123333
7.38395e-10	0.00123283
7.38437e-10	0.00123234
7.38478e-10	0.00123184
7.3852e-10	0.00123133
7.38561e-10	0.00123083
7.38603e-10	0.00123033
7.38644e-10	0.00122983
7.38686e-10	0.00122933
7.38727e-10	0.00122882
7.38769e-10	0.00122832
7.3881e-10	0.00122781
7.38852e-10	0.00122731
7.38893e-10	0.0012268
7.38935e-10	0.00122629
7.38976e-10	0.00122579
7.39018e-10	0.00122528
7.3906e-10	0.00122477
7.39101e-10	0.00122426
7.39143e-10	0.00122375
7.39184e-10	0.00122324
7.39226e-10	0.00122273
7.39267e-10	0.00122222
7.39309e-10	0.0012217
7.3935e-10	0.00122119
7.39392e-10	0.00122067
7.39433e-10	0.00122016
7.39475e-10	0.00121964
7.39516e-10	0.00121913
7.39558e-10	0.00121861
7.39599e-10	0.00121809
7.39641e-10	0.00121758
7.39682e-10	0.00121706
7.39724e-10	0.00121654
7.39766e-10	0.00121602
7.39807e-10	0.0012155
7.39849e-10	0.00121498
7.3989e-10	0.00121445
7.39932e-10	0.00121393
7.39973e-10	0.00121341
7.40015e-10	0.00121288
7.40056e-10	0.00121236
7.40098e-10	0.00121183
7.40139e-10	0.00121131
7.40181e-10	0.00121078
7.40222e-10	0.00121025
7.40264e-10	0.00120972
7.40305e-10	0.0012092
7.40347e-10	0.00120867
7.40388e-10	0.00120814
7.4043e-10	0.00120761
7.40471e-10	0.00120707
7.40513e-10	0.00120654
7.40555e-10	0.00120601
7.40596e-10	0.00120548
7.40638e-10	0.00120494
7.40679e-10	0.00120441
7.40721e-10	0.00120387
7.40762e-10	0.00120334
7.40804e-10	0.0012028
7.40845e-10	0.00120226
7.40887e-10	0.00120173
7.40928e-10	0.00120119
7.4097e-10	0.00120065
7.41011e-10	0.00120011
7.41053e-10	0.00119957
7.41094e-10	0.00119903
7.41136e-10	0.00119848
7.41177e-10	0.00119794
7.41219e-10	0.0011974
7.41261e-10	0.00119686
7.41302e-10	0.00119631
7.41344e-10	0.00119577
7.41385e-10	0.00119522
7.41427e-10	0.00119467
7.41468e-10	0.00119413
7.4151e-10	0.00119358
7.41551e-10	0.00119303
7.41593e-10	0.00119248
7.41634e-10	0.00119193
7.41676e-10	0.00119138
7.41717e-10	0.00119083
7.41759e-10	0.00119028
7.418e-10	0.00118973
7.41842e-10	0.00118917
7.41883e-10	0.00118862
7.41925e-10	0.00118807
7.41967e-10	0.00118751
7.42008e-10	0.00118696
7.4205e-10	0.0011864
7.42091e-10	0.00118584
7.42133e-10	0.00118528
7.42174e-10	0.00118473
7.42216e-10	0.00118417
7.42257e-10	0.00118361
7.42299e-10	0.00118305
7.4234e-10	0.00118249
7.42382e-10	0.00118193
7.42423e-10	0.00118136
7.42465e-10	0.0011808
7.42506e-10	0.00118024
7.42548e-10	0.00117967
7.42589e-10	0.00117911
7.42631e-10	0.00117854
7.42672e-10	0.00117798
7.42714e-10	0.00117741
7.42756e-10	0.00117684
7.42797e-10	0.00117628
7.42839e-10	0.00117571
7.4288e-10	0.00117514
7.42922e-10	0.00117457
7.42963e-10	0.001174
7.43005e-10	0.00117343
7.43046e-10	0.00117285
7.43088e-10	0.00117228
7.43129e-10	0.00117171
7.43171e-10	0.00117113
7.43212e-10	0.00117056
7.43254e-10	0.00116998
7.43295e-10	0.00116941
7.43337e-10	0.00116883
7.43378e-10	0.00116825
7.4342e-10	0.00116768
7.43462e-10	0.0011671
7.43503e-10	0.00116652
7.43545e-10	0.00116594
7.43586e-10	0.00116536
7.43628e-10	0.00116478
7.43669e-10	0.0011642
7.43711e-10	0.00116361
7.43752e-10	0.00116303
7.43794e-10	0.00116245
7.43835e-10	0.00116186
7.43877e-10	0.00116128
7.43918e-10	0.00116069
7.4396e-10	0.00116011
7.44001e-10	0.00115952
7.44043e-10	0.00115893
7.44084e-10	0.00115834
7.44126e-10	0.00115776
7.44168e-10	0.00115717
7.44209e-10	0.00115658
7.44251e-10	0.00115598
7.44292e-10	0.00115539
7.44334e-10	0.0011548
7.44375e-10	0.00115421
7.44417e-10	0.00115362
7.44458e-10	0.00115302
7.445e-10	0.00115243
7.44541e-10	0.00115183
7.44583e-10	0.00115123
7.44624e-10	0.00115064
7.44666e-10	0.00115004
7.44707e-10	0.00114944
7.44749e-10	0.00114884
7.4479e-10	0.00114825
7.44832e-10	0.00114765
7.44873e-10	0.00114704
7.44915e-10	0.00114644
7.44957e-10	0.00114584
7.44998e-10	0.00114524
7.4504e-10	0.00114464
7.45081e-10	0.00114403
7.45123e-10	0.00114343
7.45164e-10	0.00114282
7.45206e-10	0.00114222
7.45247e-10	0.00114161
7.45289e-10	0.001141
7.4533e-10	0.0011404
7.45372e-10	0.00113979
7.45413e-10	0.00113918
7.45455e-10	0.00113857
7.45496e-10	0.00113796
7.45538e-10	0.00113735
7.45579e-10	0.00113674
7.45621e-10	0.00113612
7.45663e-10	0.00113551
7.45704e-10	0.0011349
7.45746e-10	0.00113428
7.45787e-10	0.00113367
7.45829e-10	0.00113305
7.4587e-10	0.00113244
7.45912e-10	0.00113182
7.45953e-10	0.0011312
7.45995e-10	0.00113058
7.46036e-10	0.00112997
7.46078e-10	0.00112935
7.46119e-10	0.00112873
7.46161e-10	0.00112811
7.46202e-10	0.00112748
7.46244e-10	0.00112686
7.46285e-10	0.00112624
7.46327e-10	0.00112562
7.46369e-10	0.00112499
7.4641e-10	0.00112437
7.46452e-10	0.00112374
7.46493e-10	0.00112312
7.46535e-10	0.00112249
7.46576e-10	0.00112186
7.46618e-10	0.00112124
7.46659e-10	0.00112061
7.46701e-10	0.00111998
7.46742e-10	0.00111935
7.46784e-10	0.00111872
7.46825e-10	0.00111809
7.46867e-10	0.00111746
7.46908e-10	0.00111682
7.4695e-10	0.00111619
7.46991e-10	0.00111556
7.47033e-10	0.00111492
7.47074e-10	0.00111429
7.47116e-10	0.00111365
7.47158e-10	0.00111302
7.47199e-10	0.00111238
7.47241e-10	0.00111174
7.47282e-10	0.00111111
7.47324e-10	0.00111047
7.47365e-10	0.00110983
7.47407e-10	0.00110919
7.47448e-10	0.00110855
7.4749e-10	0.00110791
7.47531e-10	0.00110726
7.47573e-10	0.00110662
7.47614e-10	0.00110598
7.47656e-10	0.00110533
7.47697e-10	0.00110469
7.47739e-10	0.00110404
7.4778e-10	0.0011034
7.47822e-10	0.00110275
7.47864e-10	0.00110211
7.47905e-10	0.00110146
7.47947e-10	0.00110081
7.47988e-10	0.00110016
7.4803e-10	0.00109951
7.48071e-10	0.00109886
7.48113e-10	0.00109821
7.48154e-10	0.00109756
7.48196e-10	0.00109691
7.48237e-10	0.00109625
7.48279e-10	0.0010956
7.4832e-10	0.00109495
7.48362e-10	0.00109429
7.48403e-10	0.00109364
7.48445e-10	0.00109298
7.48486e-10	0.00109232
7.48528e-10	0.00109167
7.4857e-10	0.00109101
7.48611e-10	0.00109035
7.48653e-10	0.00108969
7.48694e-10	0.00108903
7.48736e-10	0.00108837
7.48777e-10	0.00108771
7.48819e-10	0.00108705
7.4886e-10	0.00108638
7.48902e-10	0.00108572
7.48943e-10	0.00108506
7.48985e-10	0.00108439
7.49026e-10	0.00108373
7.49068e-10	0.00108306
7.49109e-10	0.0010824
7.49151e-10	0.00108173
7.49192e-10	0.00108106
7.49234e-10	0.00108039
7.49275e-10	0.00107972
7.49317e-10	0.00107905
7.49359e-10	0.00107838
7.494e-10	0.00107771
7.49442e-10	0.00107704
7.49483e-10	0.00107637
7.49525e-10	0.0010757
7.49566e-10	0.00107502
7.49608e-10	0.00107435
7.49649e-10	0.00107368
7.49691e-10	0.001073
7.49732e-10	0.00107233
7.49774e-10	0.00107165
7.49815e-10	0.00107097
7.49857e-10	0.00107029
7.49898e-10	0.00106962
7.4994e-10	0.00106894
7.49981e-10	0.00106826
7.50023e-10	0.00106758
7.50065e-10	0.0010669
7.50106e-10	0.00106621
7.50148e-10	0.00106553
7.50189e-10	0.00106485
7.50231e-10	0.00106417
7.50272e-10	0.00106348
7.50314e-10	0.0010628
7.50355e-10	0.00106211
7.50397e-10	0.00106143
7.50438e-10	0.00106074
7.5048e-10	0.00106005
7.50521e-10	0.00105936
7.50563e-10	0.00105868
7.50604e-10	0.00105799
7.50646e-10	0.0010573
7.50687e-10	0.00105661
7.50729e-10	0.00105591
7.50771e-10	0.00105522
7.50812e-10	0.00105453
7.50854e-10	0.00105384
7.50895e-10	0.00105314
7.50937e-10	0.00105245
7.50978e-10	0.00105175
7.5102e-10	0.00105106
7.51061e-10	0.00105036
7.51103e-10	0.00104967
7.51144e-10	0.00104897
7.51186e-10	0.00104827
7.51227e-10	0.00104757
7.51269e-10	0.00104687
7.5131e-10	0.00104617
7.51352e-10	0.00104547
7.51393e-10	0.00104477
7.51435e-10	0.00104407
7.51477e-10	0.00104337
7.51518e-10	0.00104266
7.5156e-10	0.00104196
7.51601e-10	0.00104126
7.51643e-10	0.00104055
7.51684e-10	0.00103985
7.51726e-10	0.00103914
7.51767e-10	0.00103843
7.51809e-10	0.00103772
7.5185e-10	0.00103702
7.51892e-10	0.00103631
7.51933e-10	0.0010356
7.51975e-10	0.00103489
7.52016e-10	0.00103418
7.52058e-10	0.00103347
7.52099e-10	0.00103275
7.52141e-10	0.00103204
7.52182e-10	0.00103133
7.52224e-10	0.00103061
7.52266e-10	0.0010299
7.52307e-10	0.00102919
7.52349e-10	0.00102847
7.5239e-10	0.00102775
7.52432e-10	0.00102704
7.52473e-10	0.00102632
7.52515e-10	0.0010256
7.52556e-10	0.00102488
7.52598e-10	0.00102416
7.52639e-10	0.00102344
7.52681e-10	0.00102272
7.52722e-10	0.001022
7.52764e-10	0.00102128
7.52805e-10	0.00102056
7.52847e-10	0.00101983
7.52888e-10	0.00101911
7.5293e-10	0.00101838
7.52972e-10	0.00101766
7.53013e-10	0.00101693
7.53055e-10	0.00101621
7.53096e-10	0.00101548
7.53138e-10	0.00101475
7.53179e-10	0.00101402
7.53221e-10	0.0010133
7.53262e-10	0.00101257
7.53304e-10	0.00101184
7.53345e-10	0.0010111
7.53387e-10	0.00101037
7.53428e-10	0.00100964
7.5347e-10	0.00100891
7.53511e-10	0.00100818
7.53553e-10	0.00100744
7.53594e-10	0.00100671
7.53636e-10	0.00100597
7.53678e-10	0.00100524
7.53719e-10	0.0010045
7.53761e-10	0.00100376
7.53802e-10	0.00100303
7.53844e-10	0.00100229
7.53885e-10	0.00100155
7.53927e-10	0.00100081
7.53968e-10	0.00100007
7.5401e-10	0.000999328
7.54051e-10	0.000998587
7.54093e-10	0.000997845
7.54134e-10	0.000997102
7.54176e-10	0.000996359
7.54217e-10	0.000995615
7.54259e-10	0.000994871
7.543e-10	0.000994126
7.54342e-10	0.00099338
7.54383e-10	0.000992634
7.54425e-10	0.000991887
7.54467e-10	0.000991139
7.54508e-10	0.000990391
7.5455e-10	0.000989642
7.54591e-10	0.000988893
7.54633e-10	0.000988143
7.54674e-10	0.000987392
7.54716e-10	0.000986641
7.54757e-10	0.000985889
7.54799e-10	0.000985136
7.5484e-10	0.000984383
7.54882e-10	0.000983629
7.54923e-10	0.000982875
7.54965e-10	0.00098212
7.55006e-10	0.000981365
7.55048e-10	0.000980608
7.55089e-10	0.000979851
7.55131e-10	0.000979094
7.55173e-10	0.000978336
7.55214e-10	0.000977577
7.55256e-10	0.000976818
7.55297e-10	0.000976058
7.55339e-10	0.000975297
7.5538e-10	0.000974536
7.55422e-10	0.000973774
7.55463e-10	0.000973012
7.55505e-10	0.000972249
7.55546e-10	0.000971485
7.55588e-10	0.000970721
7.55629e-10	0.000969956
7.55671e-10	0.000969191
7.55712e-10	0.000968425
7.55754e-10	0.000967658
7.55795e-10	0.00096689
7.55837e-10	0.000966123
7.55879e-10	0.000965354
7.5592e-10	0.000964585
7.55962e-10	0.000963815
7.56003e-10	0.000963045
7.56045e-10	0.000962274
7.56086e-10	0.000961502
7.56128e-10	0.00096073
7.56169e-10	0.000959957
7.56211e-10	0.000959183
7.56252e-10	0.000958409
7.56294e-10	0.000957634
7.56335e-10	0.000956859
7.56377e-10	0.000956083
7.56418e-10	0.000955307
7.5646e-10	0.000954529
7.56501e-10	0.000953752
7.56543e-10	0.000952973
7.56584e-10	0.000952194
7.56626e-10	0.000951415
7.56668e-10	0.000950634
7.56709e-10	0.000949854
7.56751e-10	0.000949072
7.56792e-10	0.00094829
7.56834e-10	0.000947507
7.56875e-10	0.000946724
7.56917e-10	0.00094594
7.56958e-10	0.000945156
7.57e-10	0.000944371
7.57041e-10	0.000943585
7.57083e-10	0.000942798
7.57124e-10	0.000942011
7.57166e-10	0.000941224
7.57207e-10	0.000940436
7.57249e-10	0.000939647
7.5729e-10	0.000938858
7.57332e-10	0.000938068
7.57374e-10	0.000937277
7.57415e-10	0.000936486
7.57457e-10	0.000935694
7.57498e-10	0.000934901
7.5754e-10	0.000934108
7.57581e-10	0.000933315
7.57623e-10	0.00093252
7.57664e-10	0.000931726
7.57706e-10	0.00093093
7.57747e-10	0.000930134
7.57789e-10	0.000929337
7.5783e-10	0.00092854
7.57872e-10	0.000927742
7.57913e-10	0.000926944
7.57955e-10	0.000926144
7.57996e-10	0.000925345
7.58038e-10	0.000924544
7.5808e-10	0.000923743
7.58121e-10	0.000922942
7.58163e-10	0.00092214
7.58204e-10	0.000921337
7.58246e-10	0.000920534
7.58287e-10	0.00091973
7.58329e-10	0.000918925
7.5837e-10	0.00091812
7.58412e-10	0.000917314
7.58453e-10	0.000916508
7.58495e-10	0.000915701
7.58536e-10	0.000914893
7.58578e-10	0.000914085
7.58619e-10	0.000913276
7.58661e-10	0.000912467
7.58702e-10	0.000911657
7.58744e-10	0.000910846
7.58785e-10	0.000910035
7.58827e-10	0.000909223
7.58869e-10	0.000908411
7.5891e-10	0.000907598
7.58952e-10	0.000906784
7.58993e-10	0.00090597
7.59035e-10	0.000905155
7.59076e-10	0.00090434
7.59118e-10	0.000903524
7.59159e-10	0.000902707
7.59201e-10	0.00090189
7.59242e-10	0.000901072
7.59284e-10	0.000900253
7.59325e-10	0.000899434
7.59367e-10	0.000898615
7.59408e-10	0.000897795
7.5945e-10	0.000896974
7.59491e-10	0.000896152
7.59533e-10	0.00089533
7.59575e-10	0.000894508
7.59616e-10	0.000893684
7.59658e-10	0.000892861
7.59699e-10	0.000892036
7.59741e-10	0.000891211
7.59782e-10	0.000890385
7.59824e-10	0.000889559
7.59865e-10	0.000888732
7.59907e-10	0.000887905
7.59948e-10	0.000887077
7.5999e-10	0.000886248
7.60031e-10	0.000885419
7.60073e-10	0.000884589
7.60114e-10	0.000883759
7.60156e-10	0.000882928
7.60197e-10	0.000882096
7.60239e-10	0.000881264
7.60281e-10	0.000880431
7.60322e-10	0.000879598
7.60364e-10	0.000878764
7.60405e-10	0.000877929
7.60447e-10	0.000877094
7.60488e-10	0.000876259
7.6053e-10	0.000875422
7.60571e-10	0.000874585
7.60613e-10	0.000873748
7.60654e-10	0.00087291
7.60696e-10	0.000872071
7.60737e-10	0.000871231
7.60779e-10	0.000870392
7.6082e-10	0.000869551
7.60862e-10	0.00086871
7.60903e-10	0.000867868
7.60945e-10	0.000867026
7.60986e-10	0.000866183
7.61028e-10	0.00086534
7.6107e-10	0.000864496
7.61111e-10	0.000863651
7.61153e-10	0.000862806
7.61194e-10	0.00086196
7.61236e-10	0.000861113
7.61277e-10	0.000860266
7.61319e-10	0.000859419
7.6136e-10	0.00085857
7.61402e-10	0.000857722
7.61443e-10	0.000856872
7.61485e-10	0.000856022
7.61526e-10	0.000855172
7.61568e-10	0.000854321
7.61609e-10	0.000853469
7.61651e-10	0.000852617
7.61692e-10	0.000851764
7.61734e-10	0.00085091
7.61776e-10	0.000850056
7.61817e-10	0.000849201
7.61859e-10	0.000848346
7.619e-10	0.00084749
7.61942e-10	0.000846634
7.61983e-10	0.000845777
7.62025e-10	0.000844919
7.62066e-10	0.000844061
7.62108e-10	0.000843202
7.62149e-10	0.000842343
7.62191e-10	0.000841483
7.62232e-10	0.000840622
7.62274e-10	0.000839761
7.62315e-10	0.000838899
7.62357e-10	0.000838037
7.62398e-10	0.000837174
7.6244e-10	0.000836311
7.62482e-10	0.000835447
7.62523e-10	0.000834582
7.62565e-10	0.000833717
7.62606e-10	0.000832851
7.62648e-10	0.000831984
7.62689e-10	0.000831117
7.62731e-10	0.00083025
7.62772e-10	0.000829382
7.62814e-10	0.000828513
7.62855e-10	0.000827644
7.62897e-10	0.000826774
7.62938e-10	0.000825903
7.6298e-10	0.000825032
7.63021e-10	0.000824161
7.63063e-10	0.000823288
7.63104e-10	0.000822415
7.63146e-10	0.000821542
7.63187e-10	0.000820668
7.63229e-10	0.000819794
7.63271e-10	0.000818918
7.63312e-10	0.000818043
7.63354e-10	0.000817166
7.63395e-10	0.00081629
7.63437e-10	0.000815412
7.63478e-10	0.000814534
7.6352e-10	0.000813655
7.63561e-10	0.000812776
7.63603e-10	0.000811896
7.63644e-10	0.000811016
7.63686e-10	0.000810135
7.63727e-10	0.000809254
7.63769e-10	0.000808372
7.6381e-10	0.000807489
7.63852e-10	0.000806606
7.63893e-10	0.000805722
7.63935e-10	0.000804838
7.63977e-10	0.000803953
7.64018e-10	0.000803067
7.6406e-10	0.000802181
7.64101e-10	0.000801294
7.64143e-10	0.000800407
7.64184e-10	0.000799519
7.64226e-10	0.000798631
7.64267e-10	0.000797742
7.64309e-10	0.000796852
7.6435e-10	0.000795962
7.64392e-10	0.000795071
7.64433e-10	0.00079418
7.64475e-10	0.000793288
7.64516e-10	0.000792396
7.64558e-10	0.000791503
7.64599e-10	0.000790609
7.64641e-10	0.000789715
7.64683e-10	0.00078882
7.64724e-10	0.000787925
7.64766e-10	0.000787029
7.64807e-10	0.000786132
7.64849e-10	0.000785235
7.6489e-10	0.000784338
7.64932e-10	0.00078344
7.64973e-10	0.000782541
7.65015e-10	0.000781642
7.65056e-10	0.000780742
7.65098e-10	0.000779841
7.65139e-10	0.00077894
7.65181e-10	0.000778039
7.65222e-10	0.000777137
7.65264e-10	0.000776234
7.65305e-10	0.000775331
7.65347e-10	0.000774427
7.65389e-10	0.000773522
7.6543e-10	0.000772617
7.65472e-10	0.000771712
7.65513e-10	0.000770806
7.65555e-10	0.000769899
7.65596e-10	0.000768992
7.65638e-10	0.000768084
7.65679e-10	0.000767175
7.65721e-10	0.000766266
7.65762e-10	0.000765357
7.65804e-10	0.000764447
7.65845e-10	0.000763536
7.65887e-10	0.000762625
7.65928e-10	0.000761713
7.6597e-10	0.000760801
7.66011e-10	0.000759888
7.66053e-10	0.000758974
7.66094e-10	0.00075806
7.66136e-10	0.000757145
7.66178e-10	0.00075623
7.66219e-10	0.000755314
7.66261e-10	0.000754398
7.66302e-10	0.000753481
7.66344e-10	0.000752564
7.66385e-10	0.000751646
7.66427e-10	0.000750727
7.66468e-10	0.000749808
7.6651e-10	0.000748888
7.66551e-10	0.000747968
7.66593e-10	0.000747047
7.66634e-10	0.000746126
7.66676e-10	0.000745204
7.66717e-10	0.000744282
7.66759e-10	0.000743358
7.668e-10	0.000742435
7.66842e-10	0.000741511
7.66884e-10	0.000740586
7.66925e-10	0.000739661
7.66967e-10	0.000738735
7.67008e-10	0.000737808
7.6705e-10	0.000736881
7.67091e-10	0.000735954
7.67133e-10	0.000735026
7.67174e-10	0.000734097
7.67216e-10	0.000733168
7.67257e-10	0.000732238
7.67299e-10	0.000731308
7.6734e-10	0.000730377
7.67382e-10	0.000729445
7.67423e-10	0.000728513
7.67465e-10	0.000727581
7.67506e-10	0.000726648
7.67548e-10	0.000725714
7.6759e-10	0.00072478
7.67631e-10	0.000723845
7.67673e-10	0.00072291
7.67714e-10	0.000721974
7.67756e-10	0.000721037
7.67797e-10	0.0007201
7.67839e-10	0.000719163
7.6788e-10	0.000718225
7.67922e-10	0.000717286
7.67963e-10	0.000716347
7.68005e-10	0.000715407
7.68046e-10	0.000714467
7.68088e-10	0.000713526
7.68129e-10	0.000712585
7.68171e-10	0.000711643
7.68212e-10	0.0007107
7.68254e-10	0.000709757
7.68295e-10	0.000708813
7.68337e-10	0.000707869
7.68379e-10	0.000706924
7.6842e-10	0.000705979
7.68462e-10	0.000705033
7.68503e-10	0.000704087
7.68545e-10	0.00070314
7.68586e-10	0.000702192
7.68628e-10	0.000701244
7.68669e-10	0.000700296
7.68711e-10	0.000699347
7.68752e-10	0.000698397
7.68794e-10	0.000697447
7.68835e-10	0.000696496
7.68877e-10	0.000695545
7.68918e-10	0.000694593
7.6896e-10	0.000693641
7.69001e-10	0.000692688
7.69043e-10	0.000691734
7.69085e-10	0.00069078
7.69126e-10	0.000689825
7.69168e-10	0.00068887
7.69209e-10	0.000687915
7.69251e-10	0.000686958
7.69292e-10	0.000686002
7.69334e-10	0.000685044
7.69375e-10	0.000684086
7.69417e-10	0.000683128
7.69458e-10	0.000682169
7.695e-10	0.00068121
7.69541e-10	0.00068025
7.69583e-10	0.000679289
7.69624e-10	0.000678328
7.69666e-10	0.000677366
7.69707e-10	0.000676404
7.69749e-10	0.000675441
7.69791e-10	0.000674478
7.69832e-10	0.000673514
7.69874e-10	0.00067255
7.69915e-10	0.000671585
7.69957e-10	0.000670619
7.69998e-10	0.000669653
7.7004e-10	0.000668687
7.70081e-10	0.00066772
7.70123e-10	0.000666752
7.70164e-10	0.000665784
7.70206e-10	0.000664815
7.70247e-10	0.000663846
7.70289e-10	0.000662876
7.7033e-10	0.000661906
7.70372e-10	0.000660935
7.70413e-10	0.000659964
7.70455e-10	0.000658992
7.70496e-10	0.000658019
7.70538e-10	0.000657046
7.7058e-10	0.000656073
7.70621e-10	0.000655099
7.70663e-10	0.000654124
7.70704e-10	0.000653149
7.70746e-10	0.000652173
7.70787e-10	0.000651197
7.70829e-10	0.00065022
7.7087e-10	0.000649243
7.70912e-10	0.000648265
7.70953e-10	0.000647287
7.70995e-10	0.000646308
7.71036e-10	0.000645329
7.71078e-10	0.000644349
7.71119e-10	0.000643368
7.71161e-10	0.000642387
7.71202e-10	0.000641406
7.71244e-10	0.000640424
7.71286e-10	0.000639441
7.71327e-10	0.000638458
7.71369e-10	0.000637474
7.7141e-10	0.00063649
7.71452e-10	0.000635505
7.71493e-10	0.00063452
7.71535e-10	0.000633534
7.71576e-10	0.000632548
7.71618e-10	0.000631561
7.71659e-10	0.000630574
7.71701e-10	0.000629586
7.71742e-10	0.000628597
7.71784e-10	0.000627609
7.71825e-10	0.000626619
7.71867e-10	0.000625629
7.71908e-10	0.000624638
7.7195e-10	0.000623647
7.71992e-10	0.000622656
7.72033e-10	0.000621664
7.72075e-10	0.000620671
7.72116e-10	0.000619678
7.72158e-10	0.000618684
7.72199e-10	0.00061769
7.72241e-10	0.000616695
7.72282e-10	0.0006157
7.72324e-10	0.000614704
7.72365e-10	0.000613708
7.72407e-10	0.000612711
7.72448e-10	0.000611714
7.7249e-10	0.000610716
7.72531e-10	0.000609717
7.72573e-10	0.000608718
7.72614e-10	0.000607719
7.72656e-10	0.000606719
7.72697e-10	0.000605718
7.72739e-10	0.000604717
7.72781e-10	0.000603716
7.72822e-10	0.000602714
7.72864e-10	0.000601711
7.72905e-10	0.000600708
7.72947e-10	0.000599704
7.72988e-10	0.0005987
7.7303e-10	0.000597696
7.73071e-10	0.00059669
7.73113e-10	0.000595685
7.73154e-10	0.000594678
7.73196e-10	0.000593672
7.73237e-10	0.000592664
7.73279e-10	0.000591657
7.7332e-10	0.000590648
7.73362e-10	0.00058964
7.73403e-10	0.00058863
7.73445e-10	0.00058762
7.73487e-10	0.00058661
7.73528e-10	0.000585599
7.7357e-10	0.000584588
7.73611e-10	0.000583576
7.73653e-10	0.000582563
7.73694e-10	0.000581551
7.73736e-10	0.000580537
7.73777e-10	0.000579523
7.73819e-10	0.000578509
7.7386e-10	0.000577494
7.73902e-10	0.000576478
7.73943e-10	0.000575462
7.73985e-10	0.000574446
7.74026e-10	0.000573429
7.74068e-10	0.000572411
7.74109e-10	0.000571393
7.74151e-10	0.000570374
7.74193e-10	0.000569355
7.74234e-10	0.000568336
7.74276e-10	0.000567316
7.74317e-10	0.000566295
7.74359e-10	0.000565274
7.744e-10	0.000564252
7.74442e-10	0.00056323
7.74483e-10	0.000562207
7.74525e-10	0.000561184
7.74566e-10	0.00056016
7.74608e-10	0.000559136
7.74649e-10	0.000558112
7.74691e-10	0.000557086
7.74732e-10	0.000556061
7.74774e-10	0.000555034
7.74815e-10	0.000554008
7.74857e-10	0.000552981
7.74898e-10	0.000551953
7.7494e-10	0.000550925
7.74982e-10	0.000549896
7.75023e-10	0.000548867
7.75065e-10	0.000547837
7.75106e-10	0.000546807
7.75148e-10	0.000545776
7.75189e-10	0.000544745
7.75231e-10	0.000543713
7.75272e-10	0.000542681
7.75314e-10	0.000541648
7.75355e-10	0.000540615
7.75397e-10	0.000539581
7.75438e-10	0.000538546
7.7548e-10	0.000537512
7.75521e-10	0.000536476
7.75563e-10	0.000535441
7.75604e-10	0.000534404
7.75646e-10	0.000533368
7.75688e-10	0.00053233
7.75729e-10	0.000531293
7.75771e-10	0.000530254
7.75812e-10	0.000529215
7.75854e-10	0.000528176
7.75895e-10	0.000527136
7.75937e-10	0.000526096
7.75978e-10	0.000525055
7.7602e-10	0.000524014
7.76061e-10	0.000522972
7.76103e-10	0.00052193
7.76144e-10	0.000520887
7.76186e-10	0.000519844
7.76227e-10	0.0005188
7.76269e-10	0.000517756
7.7631e-10	0.000516711
7.76352e-10	0.000515666
7.76394e-10	0.00051462
7.76435e-10	0.000513574
7.76477e-10	0.000512527
7.76518e-10	0.00051148
7.7656e-10	0.000510433
7.76601e-10	0.000509384
7.76643e-10	0.000508336
7.76684e-10	0.000507286
7.76726e-10	0.000506237
7.76767e-10	0.000505187
7.76809e-10	0.000504136
7.7685e-10	0.000503085
7.76892e-10	0.000502033
7.76933e-10	0.000500981
7.76975e-10	0.000499928
7.77016e-10	0.000498875
7.77058e-10	0.000497822
7.771e-10	0.000496768
7.77141e-10	0.000495713
7.77183e-10	0.000494658
7.77224e-10	0.000493602
7.77266e-10	0.000492546
7.77307e-10	0.00049149
7.77349e-10	0.000490433
7.7739e-10	0.000489375
7.77432e-10	0.000488317
7.77473e-10	0.000487259
7.77515e-10	0.0004862
7.77556e-10	0.000485141
7.77598e-10	0.000484081
7.77639e-10	0.00048302
7.77681e-10	0.000481959
7.77722e-10	0.000480898
7.77764e-10	0.000479836
7.77805e-10	0.000478774
7.77847e-10	0.000477711
7.77889e-10	0.000476648
7.7793e-10	0.000475584
7.77972e-10	0.00047452
7.78013e-10	0.000473455
7.78055e-10	0.00047239
7.78096e-10	0.000471324
7.78138e-10	0.000470258
7.78179e-10	0.000469191
7.78221e-10	0.000468124
7.78262e-10	0.000467056
7.78304e-10	0.000465988
7.78345e-10	0.000464919
7.78387e-10	0.00046385
7.78428e-10	0.000462781
7.7847e-10	0.000461711
7.78511e-10	0.00046064
7.78553e-10	0.000459569
7.78595e-10	0.000458498
7.78636e-10	0.000457426
7.78678e-10	0.000456353
7.78719e-10	0.000455281
7.78761e-10	0.000454207
7.78802e-10	0.000453133
7.78844e-10	0.000452059
7.78885e-10	0.000450984
7.78927e-10	0.000449909
7.78968e-10	0.000448833
7.7901e-10	0.000447757
7.79051e-10	0.00044668
7.79093e-10	0.000445603
7.79134e-10	0.000444525
7.79176e-10	0.000443447
7.79217e-10	0.000442369
7.79259e-10	0.00044129
7.79301e-10	0.00044021
7.79342e-10	0.00043913
7.79384e-10	0.00043805
7.79425e-10	0.000436969
7.79467e-10	0.000435887
7.79508e-10	0.000434805
7.7955e-10	0.000433723
7.79591e-10	0.00043264
7.79633e-10	0.000431557
7.79674e-10	0.000430473
7.79716e-10	0.000429389
7.79757e-10	0.000428304
7.79799e-10	0.000427219
7.7984e-10	0.000426134
7.79882e-10	0.000425048
7.79923e-10	0.000423961
7.79965e-10	0.000422874
7.80006e-10	0.000421786
7.80048e-10	0.000420698
7.8009e-10	0.00041961
7.80131e-10	0.000418521
7.80173e-10	0.000417432
7.80214e-10	0.000416342
7.80256e-10	0.000415252
7.80297e-10	0.000414161
7.80339e-10	0.00041307
7.8038e-10	0.000411978
7.80422e-10	0.000410886
7.80463e-10	0.000409793
7.80505e-10	0.0004087
7.80546e-10	0.000407607
7.80588e-10	0.000406513
7.80629e-10	0.000405419
7.80671e-10	0.000404324
7.80712e-10	0.000403228
7.80754e-10	0.000402133
7.80796e-10	0.000401036
7.80837e-10	0.00039994
7.80879e-10	0.000398842
7.8092e-10	0.000397745
7.80962e-10	0.000396647
7.81003e-10	0.000395548
7.81045e-10	0.000394449
7.81086e-10	0.00039335
7.81128e-10	0.00039225
7.81169e-10	0.000391149
7.81211e-10	0.000390048
7.81252e-10	0.000388947
7.81294e-10	0.000387845
7.81335e-10	0.000386743
7.81377e-10	0.000385641
7.81418e-10	0.000384537
7.8146e-10	0.000383434
7.81502e-10	0.00038233
7.81543e-10	0.000381225
7.81585e-10	0.000380121
7.81626e-10	0.000379015
7.81668e-10	0.000377909
7.81709e-10	0.000376803
7.81751e-10	0.000375696
7.81792e-10	0.000374589
7.81834e-10	0.000373482
7.81875e-10	0.000372373
7.81917e-10	0.000371265
7.81958e-10	0.000370156
7.82e-10	0.000369047
7.82041e-10	0.000367937
7.82083e-10	0.000366826
7.82124e-10	0.000365716
7.82166e-10	0.000364604
7.82207e-10	0.000363493
7.82249e-10	0.000362381
7.82291e-10	0.000361268
7.82332e-10	0.000360155
7.82374e-10	0.000359042
7.82415e-10	0.000357928
7.82457e-10	0.000356813
7.82498e-10	0.000355699
7.8254e-10	0.000354584
7.82581e-10	0.000353468
7.82623e-10	0.000352352
7.82664e-10	0.000351235
7.82706e-10	0.000350118
7.82747e-10	0.000349001
7.82789e-10	0.000347883
7.8283e-10	0.000346765
7.82872e-10	0.000345646
7.82913e-10	0.000344527
7.82955e-10	0.000343407
7.82997e-10	0.000342287
7.83038e-10	0.000341166
7.8308e-10	0.000340045
7.83121e-10	0.000338924
7.83163e-10	0.000337802
7.83204e-10	0.00033668
7.83246e-10	0.000335557
7.83287e-10	0.000334434
7.83329e-10	0.000333311
7.8337e-10	0.000332187
7.83412e-10	0.000331062
7.83453e-10	0.000329937
7.83495e-10	0.000328812
7.83536e-10	0.000327686
7.83578e-10	0.00032656
7.83619e-10	0.000325433
7.83661e-10	0.000324306
7.83703e-10	0.000323179
7.83744e-10	0.000322051
7.83786e-10	0.000320922
7.83827e-10	0.000319794
7.83869e-10	0.000318664
7.8391e-10	0.000317535
7.83952e-10	0.000316405
7.83993e-10	0.000315274
7.84035e-10	0.000314143
7.84076e-10	0.000313012
7.84118e-10	0.00031188
7.84159e-10	0.000310748
7.84201e-10	0.000309615
7.84242e-10	0.000308482
7.84284e-10	0.000307349
7.84325e-10	0.000306215
7.84367e-10	0.00030508
7.84408e-10	0.000303945
7.8445e-10	0.00030281
7.84492e-10	0.000301675
7.84533e-10	0.000300538
7.84575e-10	0.000299402
7.84616e-10	0.000298265
7.84658e-10	0.000297128
7.84699e-10	0.00029599
7.84741e-10	0.000294852
7.84782e-10	0.000293713
7.84824e-10	0.000292574
7.84865e-10	0.000291434
7.84907e-10	0.000290295
7.84948e-10	0.000289154
7.8499e-10	0.000288013
7.85031e-10	0.000286872
7.85073e-10	0.000285731
7.85114e-10	0.000284589
7.85156e-10	0.000283446
7.85198e-10	0.000282303
7.85239e-10	0.00028116
7.85281e-10	0.000280016
7.85322e-10	0.000278872
7.85364e-10	0.000277728
7.85405e-10	0.000276583
7.85447e-10	0.000275437
7.85488e-10	0.000274292
7.8553e-10	0.000273145
7.85571e-10	0.000271999
7.85613e-10	0.000270852
7.85654e-10	0.000269704
7.85696e-10	0.000268557
7.85737e-10	0.000267408
7.85779e-10	0.00026626
7.8582e-10	0.00026511
7.85862e-10	0.000263961
7.85904e-10	0.000262811
7.85945e-10	0.000261661
7.85987e-10	0.00026051
7.86028e-10	0.000259359
7.8607e-10	0.000258207
7.86111e-10	0.000257055
7.86153e-10	0.000255903
7.86194e-10	0.00025475
7.86236e-10	0.000253597
7.86277e-10	0.000252443
7.86319e-10	0.000251289
7.8636e-10	0.000250135
7.86402e-10	0.00024898
7.86443e-10	0.000247824
7.86485e-10	0.000246669
7.86526e-10	0.000245513
7.86568e-10	0.000244356
7.86609e-10	0.000243199
7.86651e-10	0.000242042
7.86693e-10	0.000240884
7.86734e-10	0.000239726
7.86776e-10	0.000238568
7.86817e-10	0.000237409
7.86859e-10	0.000236249
7.869e-10	0.00023509
7.86942e-10	0.000233929
7.86983e-10	0.000232769
7.87025e-10	0.000231608
7.87066e-10	0.000230447
7.87108e-10	0.000229285
7.87149e-10	0.000228123
7.87191e-10	0.00022696
7.87232e-10	0.000225797
7.87274e-10	0.000224634
7.87315e-10	0.00022347
7.87357e-10	0.000222306
7.87399e-10	0.000221141
7.8744e-10	0.000219976
7.87482e-10	0.000218811
7.87523e-10	0.000217645
7.87565e-10	0.000216479
7.87606e-10	0.000215312
7.87648e-10	0.000214145
7.87689e-10	0.000212978
7.87731e-10	0.00021181
7.87772e-10	0.000210642
7.87814e-10	0.000209474
7.87855e-10	0.000208305
7.87897e-10	0.000207135
7.87938e-10	0.000205966
7.8798e-10	0.000204796
7.88021e-10	0.000203625
7.88063e-10	0.000202454
7.88105e-10	0.000201283
7.88146e-10	0.000200111
7.88188e-10	0.000198939
7.88229e-10	0.000197767
7.88271e-10	0.000196594
7.88312e-10	0.000195421
7.88354e-10	0.000194247
7.88395e-10	0.000193073
7.88437e-10	0.000191899
7.88478e-10	0.000190724
7.8852e-10	0.000189549
7.88561e-10	0.000188373
7.88603e-10	0.000187197
7.88644e-10	0.000186021
7.88686e-10	0.000184844
7.88727e-10	0.000183667
7.88769e-10	0.000182489
7.8881e-10	0.000181311
7.88852e-10	0.000180133
7.88894e-10	0.000178954
7.88935e-10	0.000177775
7.88977e-10	0.000176596
7.89018e-10	0.000175416
7.8906e-10	0.000174236
7.89101e-10	0.000173055
7.89143e-10	0.000171874
7.89184e-10	0.000170693
7.89226e-10	0.000169511
7.89267e-10	0.000168329
7.89309e-10	0.000167147
7.8935e-10	0.000165964
7.89392e-10	0.00016478
7.89433e-10	0.000163597
7.89475e-10	0.000162413
7.89516e-10	0.000161228
7.89558e-10	0.000160044
7.896e-10	0.000158858
7.89641e-10	0.000157673
7.89683e-10	0.000156487
7.89724e-10	0.000155301
7.89766e-10	0.000154114
7.89807e-10	0.000152927
7.89849e-10	0.00015174
7.8989e-10	0.000150552
7.89932e-10	0.000149364
7.89973e-10	0.000148175
7.90015e-10	0.000146986
7.90056e-10	0.000145797
7.90098e-10	0.000144607
7.90139e-10	0.000143417
7.90181e-10	0.000142227
7.90222e-10	0.000141036
7.90264e-10	0.000139845
7.90306e-10	0.000138653
7.90347e-10	0.000137461
7.90389e-10	0.000136269
7.9043e-10	0.000135077
7.90472e-10	0.000133884
7.90513e-10	0.00013269
7.90555e-10	0.000131496
7.90596e-10	0.000130302
7.90638e-10	0.000129108
7.90679e-10	0.000127913
7.90721e-10	0.000126718
7.90762e-10	0.000125522
7.90804e-10	0.000124326
7.90845e-10	0.00012313
7.90887e-10	0.000121933
7.90928e-10	0.000120736
7.9097e-10	0.000119539
7.91012e-10	0.000118341
7.91053e-10	0.000117143
7.91095e-10	0.000115944
7.91136e-10	0.000114746
7.91178e-10	0.000113546
7.91219e-10	0.000112347
7.91261e-10	0.000111147
7.91302e-10	0.000109947
7.91344e-10	0.000108746
7.91385e-10	0.000107545
7.91427e-10	0.000106344
7.91468e-10	0.000105142
7.9151e-10	0.00010394
7.91551e-10	0.000102737
7.91593e-10	0.000101534
7.91634e-10	0.000100331
7.91676e-10	9.91277e-05
7.91717e-10	9.79239e-05
7.91759e-10	9.67196e-05
7.91801e-10	9.5515e-05
7.91842e-10	9.43101e-05
7.91884e-10	9.31047e-05
7.91925e-10	9.18991e-05
7.91967e-10	9.06931e-05
7.92008e-10	8.94867e-05
7.9205e-10	8.828e-05
7.92091e-10	8.70729e-05
7.92133e-10	8.58655e-05
7.92174e-10	8.46577e-05
7.92216e-10	8.34496e-05
7.92257e-10	8.22411e-05
7.92299e-10	8.10322e-05
7.9234e-10	7.9823e-05
7.92382e-10	7.86135e-05
7.92423e-10	7.74036e-05
7.92465e-10	7.61934e-05
7.92507e-10	7.49828e-05
7.92548e-10	7.37719e-05
7.9259e-10	7.25606e-05
7.92631e-10	7.1349e-05
7.92673e-10	7.0137e-05
7.92714e-10	6.89247e-05
7.92756e-10	6.7712e-05
7.92797e-10	6.6499e-05
7.92839e-10	6.52856e-05
7.9288e-10	6.4072e-05
7.92922e-10	6.28579e-05
7.92963e-10	6.16435e-05
7.93005e-10	6.04288e-05
7.93046e-10	5.92137e-05
7.93088e-10	5.79983e-05
7.93129e-10	5.67825e-05
7.93171e-10	5.55664e-05
7.93213e-10	5.435e-05
7.93254e-10	5.31332e-05
7.93296e-10	5.19161e-05
7.93337e-10	5.06986e-05
7.93379e-10	4.94808e-05
7.9342e-10	4.82627e-05
7.93462e-10	4.70442e-05
7.93503e-10	4.58254e-05
7.93545e-10	4.46062e-05
7.93586e-10	4.33867e-05
7.93628e-10	4.21669e-05
7.93669e-10	4.09467e-05
7.93711e-10	3.97262e-05
7.93752e-10	3.85054e-05
7.93794e-10	3.72842e-05
7.93835e-10	3.60627e-05
7.93877e-10	3.48408e-05
7.93918e-10	3.36186e-05
7.9396e-10	3.23961e-05
7.94002e-10	3.11733e-05
7.94043e-10	2.99501e-05
7.94085e-10	2.87266e-05
7.94126e-10	2.75028e-05
7.94168e-10	2.62786e-05
7.94209e-10	2.50541e-05
7.94251e-10	2.38292e-05
7.94292e-10	2.26041e-05
7.94334e-10	2.13786e-05
7.94375e-10	2.01528e-05
7.94417e-10	1.89266e-05
7.94458e-10	1.77001e-05
7.945e-10	1.64733e-05
7.94541e-10	1.52462e-05
7.94583e-10	1.40187e-05
7.94624e-10	1.27909e-05
7.94666e-10	1.15628e-05
7.94708e-10	1.03344e-05
7.94749e-10	9.10562e-06
7.94791e-10	7.87653e-06
7.94832e-10	6.64711e-06
7.94874e-10	5.41738e-06
7.94915e-10	4.18732e-06
7.94957e-10	2.95693e-06
7.94998e-10	1.72623e-06
7.9504e-10	4.95199e-07
7.95081e-10	-7.36151e-07
7.95123e-10	-1.96782e-06
7.95164e-10	-3.19981e-06
7.95206e-10	-4.43212e-06
7.95247e-10	-5.66475e-06
7.95289e-10	-6.8977e-06
7.9533e-10	-8.13097e-06
7.95372e-10	-9.36456e-06
7.95414e-10	-1.05985e-05
7.95455e-10	-1.18327e-05
7.95497e-10	-1.30672e-05
7.95538e-10	-1.43021e-05
7.9558e-10	-1.55373e-05
7.95621e-10	-1.67727e-05
7.95663e-10	-1.80086e-05
7.95704e-10	-1.92447e-05
7.95746e-10	-2.04811e-05
7.95787e-10	-2.17178e-05
7.95829e-10	-2.29549e-05
7.9587e-10	-2.41923e-05
7.95912e-10	-2.543e-05
7.95953e-10	-2.6668e-05
7.95995e-10	-2.79063e-05
7.96036e-10	-2.91449e-05
7.96078e-10	-3.03838e-05
7.96119e-10	-3.16231e-05
7.96161e-10	-3.28626e-05
7.96203e-10	-3.41025e-05
7.96244e-10	-3.53427e-05
7.96286e-10	-3.65831e-05
7.96327e-10	-3.78239e-05
7.96369e-10	-3.9065e-05
7.9641e-10	-4.03064e-05
7.96452e-10	-4.15481e-05
7.96493e-10	-4.27901e-05
7.96535e-10	-4.40325e-05
7.96576e-10	-4.52751e-05
7.96618e-10	-4.6518e-05
7.96659e-10	-4.77613e-05
7.96701e-10	-4.90048e-05
7.96742e-10	-5.02486e-05
7.96784e-10	-5.14928e-05
7.96825e-10	-5.27372e-05
7.96867e-10	-5.3982e-05
7.96909e-10	-5.5227e-05
7.9695e-10	-5.64724e-05
7.96992e-10	-5.7718e-05
7.97033e-10	-5.8964e-05
7.97075e-10	-6.02102e-05
7.97116e-10	-6.14568e-05
7.97158e-10	-6.27036e-05
7.97199e-10	-6.39508e-05
7.97241e-10	-6.51982e-05
7.97282e-10	-6.6446e-05
7.97324e-10	-6.7694e-05
7.97365e-10	-6.89424e-05
7.97407e-10	-7.0191e-05
7.97448e-10	-7.144e-05
7.9749e-10	-7.26892e-05
7.97531e-10	-7.39387e-05
7.97573e-10	-7.51885e-05
7.97615e-10	-7.64386e-05
7.97656e-10	-7.7689e-05
7.97698e-10	-7.89397e-05
7.97739e-10	-8.01907e-05
7.97781e-10	-8.1442e-05
7.97822e-10	-8.26936e-05
7.97864e-10	-8.39454e-05
7.97905e-10	-8.51976e-05
7.97947e-10	-8.645e-05
7.97988e-10	-8.77028e-05
7.9803e-10	-8.89558e-05
7.98071e-10	-9.02091e-05
7.98113e-10	-9.14627e-05
7.98154e-10	-9.27166e-05
7.98196e-10	-9.39708e-05
7.98237e-10	-9.52252e-05
7.98279e-10	-9.648e-05
7.9832e-10	-9.7735e-05
7.98362e-10	-9.89903e-05
7.98404e-10	-0.000100246
7.98445e-10	-0.000101502
7.98487e-10	-0.000102758
7.98528e-10	-0.000104014
7.9857e-10	-0.000105271
7.98611e-10	-0.000106528
7.98653e-10	-0.000107786
7.98694e-10	-0.000109043
7.98736e-10	-0.000110301
7.98777e-10	-0.000111559
7.98819e-10	-0.000112818
7.9886e-10	-0.000114076
7.98902e-10	-0.000115335
7.98943e-10	-0.000116595
7.98985e-10	-0.000117854
7.99026e-10	-0.000119114
7.99068e-10	-0.000120374
7.9911e-10	-0.000121634
7.99151e-10	-0.000122895
7.99193e-10	-0.000124156
7.99234e-10	-0.000125417
7.99276e-10	-0.000126679
7.99317e-10	-0.00012794
7.99359e-10	-0.000129203
7.994e-10	-0.000130465
7.99442e-10	-0.000131727
7.99483e-10	-0.00013299
7.99525e-10	-0.000134253
7.99566e-10	-0.000135517
7.99608e-10	-0.00013678
7.99649e-10	-0.000138044
7.99691e-10	-0.000139309
7.99732e-10	-0.000140573
7.99774e-10	-0.000141838
7.99816e-10	-0.000143103
7.99857e-10	-0.000144368
7.99899e-10	-0.000145634
7.9994e-10	-0.0001469
7.99982e-10	-0.000148166
8.00023e-10	-0.000149432
8.00065e-10	-0.000150699
8.00106e-10	-0.000151966
8.00148e-10	-0.000153233
8.00189e-10	-0.0001545
8.00231e-10	-0.000155768
8.00272e-10	-0.000157036
8.00314e-10	-0.000158304
8.00355e-10	-0.000159572
8.00397e-10	-0.000160841
8.00438e-10	-0.00016211
8.0048e-10	-0.000163379
8.00521e-10	-0.000164649
8.00563e-10	-0.000165919
8.00605e-10	-0.000167189
8.00646e-10	-0.000168459
8.00688e-10	-0.00016973
8.00729e-10	-0.000171001
8.00771e-10	-0.000172272
8.00812e-10	-0.000173543
8.00854e-10	-0.000174815
8.00895e-10	-0.000176086
8.00937e-10	-0.000177358
8.00978e-10	-0.000178631
8.0102e-10	-0.000179903
8.01061e-10	-0.000181176
8.01103e-10	-0.000182449
8.01144e-10	-0.000183723
8.01186e-10	-0.000184996
8.01227e-10	-0.00018627
8.01269e-10	-0.000187545
8.01311e-10	-0.000188819
8.01352e-10	-0.000190094
8.01394e-10	-0.000191368
8.01435e-10	-0.000192644
8.01477e-10	-0.000193919
8.01518e-10	-0.000195195
8.0156e-10	-0.000196471
8.01601e-10	-0.000197747
8.01643e-10	-0.000199023
8.01684e-10	-0.0002003
8.01726e-10	-0.000201577
8.01767e-10	-0.000202854
8.01809e-10	-0.000204131
8.0185e-10	-0.000205409
8.01892e-10	-0.000206687
8.01933e-10	-0.000207965
8.01975e-10	-0.000209243
8.02017e-10	-0.000210522
8.02058e-10	-0.000211801
8.021e-10	-0.00021308
8.02141e-10	-0.000214359
8.02183e-10	-0.000215639
8.02224e-10	-0.000216918
8.02266e-10	-0.000218198
8.02307e-10	-0.000219479
8.02349e-10	-0.000220759
8.0239e-10	-0.00022204
8.02432e-10	-0.000223321
8.02473e-10	-0.000224602
8.02515e-10	-0.000225884
8.02556e-10	-0.000227165
8.02598e-10	-0.000228447
8.02639e-10	-0.00022973
8.02681e-10	-0.000231012
8.02723e-10	-0.000232295
8.02764e-10	-0.000233578
8.02806e-10	-0.000234861
8.02847e-10	-0.000236144
8.02889e-10	-0.000237428
8.0293e-10	-0.000238712
8.02972e-10	-0.000239996
8.03013e-10	-0.00024128
8.03055e-10	-0.000242565
8.03096e-10	-0.000243849
8.03138e-10	-0.000245134
8.03179e-10	-0.00024642
8.03221e-10	-0.000247705
8.03262e-10	-0.000248991
8.03304e-10	-0.000250277
8.03345e-10	-0.000251563
8.03387e-10	-0.000252849
8.03428e-10	-0.000254136
8.0347e-10	-0.000255423
8.03512e-10	-0.00025671
8.03553e-10	-0.000257997
8.03595e-10	-0.000259284
8.03636e-10	-0.000260572
8.03678e-10	-0.00026186
8.03719e-10	-0.000263148
8.03761e-10	-0.000264437
8.03802e-10	-0.000265725
8.03844e-10	-0.000267014
8.03885e-10	-0.000268303
8.03927e-10	-0.000269592
8.03968e-10	-0.000270882
8.0401e-10	-0.000272172
8.04051e-10	-0.000273462
8.04093e-10	-0.000274752
8.04134e-10	-0.000276042
8.04176e-10	-0.000277333
8.04218e-10	-0.000278624
8.04259e-10	-0.000279915
8.04301e-10	-0.000281206
8.04342e-10	-0.000282497
8.04384e-10	-0.000283789
8.04425e-10	-0.000285081
8.04467e-10	-0.000286373
8.04508e-10	-0.000287665
8.0455e-10	-0.000288958
8.04591e-10	-0.000290251
8.04633e-10	-0.000291544
8.04674e-10	-0.000292837
8.04716e-10	-0.00029413
8.04757e-10	-0.000295424
8.04799e-10	-0.000296718
8.0484e-10	-0.000298012
8.04882e-10	-0.000299306
8.04924e-10	-0.0003006
8.04965e-10	-0.000301895
8.05007e-10	-0.00030319
8.05048e-10	-0.000304485
8.0509e-10	-0.00030578
8.05131e-10	-0.000307076
8.05173e-10	-0.000308371
8.05214e-10	-0.000309667
8.05256e-10	-0.000310963
8.05297e-10	-0.00031226
8.05339e-10	-0.000313556
8.0538e-10	-0.000314853
8.05422e-10	-0.00031615
8.05463e-10	-0.000317447
8.05505e-10	-0.000318744
8.05546e-10	-0.000320042
8.05588e-10	-0.000321339
8.05629e-10	-0.000322637
8.05671e-10	-0.000323936
8.05713e-10	-0.000325234
8.05754e-10	-0.000326532
8.05796e-10	-0.000327831
8.05837e-10	-0.00032913
8.05879e-10	-0.000330429
8.0592e-10	-0.000331728
8.05962e-10	-0.000333028
8.06003e-10	-0.000334328
8.06045e-10	-0.000335628
8.06086e-10	-0.000336928
8.06128e-10	-0.000338228
8.06169e-10	-0.000339528
8.06211e-10	-0.000340829
8.06252e-10	-0.00034213
8.06294e-10	-0.000343431
8.06335e-10	-0.000344732
8.06377e-10	-0.000346034
8.06419e-10	-0.000347335
8.0646e-10	-0.000348637
8.06502e-10	-0.000349939
8.06543e-10	-0.000351241
8.06585e-10	-0.000352544
8.06626e-10	-0.000353846
8.06668e-10	-0.000355149
8.06709e-10	-0.000356452
8.06751e-10	-0.000357755
8.06792e-10	-0.000359059
8.06834e-10	-0.000360362
8.06875e-10	-0.000361666
8.06917e-10	-0.00036297
8.06958e-10	-0.000364274
8.07e-10	-0.000365578
8.07041e-10	-0.000366883
8.07083e-10	-0.000368187
8.07125e-10	-0.000369492
8.07166e-10	-0.000370797
8.07208e-10	-0.000372102
8.07249e-10	-0.000373407
8.07291e-10	-0.000374713
8.07332e-10	-0.000376019
8.07374e-10	-0.000377325
8.07415e-10	-0.000378631
8.07457e-10	-0.000379937
8.07498e-10	-0.000381243
8.0754e-10	-0.00038255
8.07581e-10	-0.000383857
8.07623e-10	-0.000385164
8.07664e-10	-0.000386471
8.07706e-10	-0.000387778
8.07747e-10	-0.000389086
8.07789e-10	-0.000390393
8.0783e-10	-0.000391701
8.07872e-10	-0.000393009
8.07914e-10	-0.000394317
8.07955e-10	-0.000395626
8.07997e-10	-0.000396934
8.08038e-10	-0.000398243
8.0808e-10	-0.000399552
8.08121e-10	-0.000400861
8.08163e-10	-0.00040217
8.08204e-10	-0.000403479
8.08246e-10	-0.000404789
8.08287e-10	-0.000406098
8.08329e-10	-0.000407408
8.0837e-10	-0.000408718
8.08412e-10	-0.000410029
8.08453e-10	-0.000411339
8.08495e-10	-0.000412649
8.08536e-10	-0.00041396
8.08578e-10	-0.000415271
8.0862e-10	-0.000416582
8.08661e-10	-0.000417893
8.08703e-10	-0.000419205
8.08744e-10	-0.000420516
8.08786e-10	-0.000421828
8.08827e-10	-0.00042314
8.08869e-10	-0.000424452
8.0891e-10	-0.000425764
8.08952e-10	-0.000427076
8.08993e-10	-0.000428388
8.09035e-10	-0.000429701
8.09076e-10	-0.000431014
8.09118e-10	-0.000432327
8.09159e-10	-0.00043364
8.09201e-10	-0.000434953
8.09242e-10	-0.000436267
8.09284e-10	-0.00043758
8.09326e-10	-0.000438894
8.09367e-10	-0.000440208
8.09409e-10	-0.000441522
8.0945e-10	-0.000442836
8.09492e-10	-0.00044415
8.09533e-10	-0.000445465
8.09575e-10	-0.00044678
8.09616e-10	-0.000448094
8.09658e-10	-0.000449409
8.09699e-10	-0.000450724
8.09741e-10	-0.00045204
8.09782e-10	-0.000453355
8.09824e-10	-0.000454671
8.09865e-10	-0.000455986
8.09907e-10	-0.000457302
8.09948e-10	-0.000458618
8.0999e-10	-0.000459934
8.10031e-10	-0.00046125
8.10073e-10	-0.000462567
8.10115e-10	-0.000463883
8.10156e-10	-0.0004652
8.10198e-10	-0.000466517
8.10239e-10	-0.000467834
8.10281e-10	-0.000469151
8.10322e-10	-0.000470468
8.10364e-10	-0.000471786
8.10405e-10	-0.000473103
8.10447e-10	-0.000474421
8.10488e-10	-0.000475739
8.1053e-10	-0.000477057
8.10571e-10	-0.000478375
8.10613e-10	-0.000479693
8.10654e-10	-0.000481012
8.10696e-10	-0.00048233
8.10737e-10	-0.000483649
8.10779e-10	-0.000484968
8.10821e-10	-0.000486287
8.10862e-10	-0.000487606
8.10904e-10	-0.000488925
8.10945e-10	-0.000490244
8.10987e-10	-0.000491564
8.11028e-10	-0.000492883
8.1107e-10	-0.000494203
8.11111e-10	-0.000495523
8.11153e-10	-0.000496843
8.11194e-10	-0.000498163
8.11236e-10	-0.000499484
8.11277e-10	-0.000500804
8.11319e-10	-0.000502124
8.1136e-10	-0.000503445
8.11402e-10	-0.000504766
8.11443e-10	-0.000506087
8.11485e-10	-0.000507408
8.11527e-10	-0.000508729
8.11568e-10	-0.00051005
8.1161e-10	-0.000511372
8.11651e-10	-0.000512693
8.11693e-10	-0.000514015
8.11734e-10	-0.000515337
8.11776e-10	-0.000516659
8.11817e-10	-0.000517981
8.11859e-10	-0.000519303
8.119e-10	-0.000520625
8.11942e-10	-0.000521948
8.11983e-10	-0.00052327
8.12025e-10	-0.000524593
8.12066e-10	-0.000525916
8.12108e-10	-0.000527239
8.12149e-10	-0.000528562
8.12191e-10	-0.000529885
8.12232e-10	-0.000531208
8.12274e-10	-0.000532531
8.12316e-10	-0.000533855
8.12357e-10	-0.000535178
8.12399e-10	-0.000536502
8.1244e-10	-0.000537826
8.12482e-10	-0.00053915
8.12523e-10	-0.000540474
8.12565e-10	-0.000541798
8.12606e-10	-0.000543122
8.12648e-10	-0.000544447
8.12689e-10	-0.000545771
8.12731e-10	-0.000547096
8.12772e-10	-0.000548421
8.12814e-10	-0.000549745
8.12855e-10	-0.00055107
8.12897e-10	-0.000552395
8.12938e-10	-0.000553721
8.1298e-10	-0.000555046
8.13022e-10	-0.000556371
8.13063e-10	-0.000557697
8.13105e-10	-0.000559022
8.13146e-10	-0.000560348
8.13188e-10	-0.000561674
8.13229e-10	-0.000563
8.13271e-10	-0.000564326
8.13312e-10	-0.000565652
8.13354e-10	-0.000566978
8.13395e-10	-0.000568304
8.13437e-10	-0.000569631
8.13478e-10	-0.000570957
8.1352e-10	-0.000572284
8.13561e-10	-0.000573611
8.13603e-10	-0.000574938
8.13644e-10	-0.000576265
8.13686e-10	-0.000577592
8.13728e-10	-0.000578919
8.13769e-10	-0.000580246
8.13811e-10	-0.000581573
8.13852e-10	-0.000582901
8.13894e-10	-0.000584228
8.13935e-10	-0.000585556
8.13977e-10	-0.000586883
8.14018e-10	-0.000588211
8.1406e-10	-0.000589539
8.14101e-10	-0.000590867
8.14143e-10	-0.000592195
8.14184e-10	-0.000593523
8.14226e-10	-0.000594852
8.14267e-10	-0.00059618
8.14309e-10	-0.000597508
8.1435e-10	-0.000598837
8.14392e-10	-0.000600166
8.14433e-10	-0.000601494
8.14475e-10	-0.000602823
8.14517e-10	-0.000604152
8.14558e-10	-0.000605481
8.146e-10	-0.00060681
8.14641e-10	-0.000608139
8.14683e-10	-0.000609468
8.14724e-10	-0.000610798
8.14766e-10	-0.000612127
8.14807e-10	-0.000613456
8.14849e-10	-0.000614786
8.1489e-10	-0.000616116
8.14932e-10	-0.000617445
8.14973e-10	-0.000618775
8.15015e-10	-0.000620105
8.15056e-10	-0.000621435
8.15098e-10	-0.000622765
8.15139e-10	-0.000624095
8.15181e-10	-0.000625425
8.15223e-10	-0.000626756
8.15264e-10	-0.000628086
8.15306e-10	-0.000629417
8.15347e-10	-0.000630747
8.15389e-10	-0.000632078
8.1543e-10	-0.000633408
8.15472e-10	-0.000634739
8.15513e-10	-0.00063607
8.15555e-10	-0.000637401
8.15596e-10	-0.000638732
8.15638e-10	-0.000640063
8.15679e-10	-0.000641394
8.15721e-10	-0.000642725
8.15762e-10	-0.000644056
8.15804e-10	-0.000645388
8.15845e-10	-0.000646719
8.15887e-10	-0.000648051
8.15929e-10	-0.000649382
8.1597e-10	-0.000650714
8.16012e-10	-0.000652045
8.16053e-10	-0.000653377
8.16095e-10	-0.000654709
8.16136e-10	-0.000656041
8.16178e-10	-0.000657373
8.16219e-10	-0.000658705
8.16261e-10	-0.000660037
8.16302e-10	-0.000661369
8.16344e-10	-0.000662701
8.16385e-10	-0.000664034
8.16427e-10	-0.000665366
8.16468e-10	-0.000666698
8.1651e-10	-0.000668031
8.16551e-10	-0.000669363
8.16593e-10	-0.000670696
8.16635e-10	-0.000672028
8.16676e-10	-0.000673361
8.16718e-10	-0.000674694
8.16759e-10	-0.000676027
8.16801e-10	-0.000677359
8.16842e-10	-0.000678692
8.16884e-10	-0.000680025
8.16925e-10	-0.000681358
8.16967e-10	-0.000682691
8.17008e-10	-0.000684025
8.1705e-10	-0.000685358
8.17091e-10	-0.000686691
8.17133e-10	-0.000688024
8.17174e-10	-0.000689358
8.17216e-10	-0.000690691
8.17257e-10	-0.000692025
8.17299e-10	-0.000693358
8.1734e-10	-0.000694692
8.17382e-10	-0.000696025
8.17424e-10	-0.000697359
8.17465e-10	-0.000698693
8.17507e-10	-0.000700026
8.17548e-10	-0.00070136
8.1759e-10	-0.000702694
8.17631e-10	-0.000704028
8.17673e-10	-0.000705362
8.17714e-10	-0.000706696
8.17756e-10	-0.00070803
8.17797e-10	-0.000709364
8.17839e-10	-0.000710698
8.1788e-10	-0.000712032
8.17922e-10	-0.000713366
8.17963e-10	-0.000714701
8.18005e-10	-0.000716035
8.18046e-10	-0.000717369
8.18088e-10	-0.000718704
8.1813e-10	-0.000720038
8.18171e-10	-0.000721372
8.18213e-10	-0.000722707
8.18254e-10	-0.000724041
8.18296e-10	-0.000725376
8.18337e-10	-0.000726711
8.18379e-10	-0.000728045
8.1842e-10	-0.00072938
8.18462e-10	-0.000730715
8.18503e-10	-0.000732049
8.18545e-10	-0.000733384
8.18586e-10	-0.000734719
8.18628e-10	-0.000736054
8.18669e-10	-0.000737389
8.18711e-10	-0.000738723
8.18752e-10	-0.000740058
8.18794e-10	-0.000741393
8.18836e-10	-0.000742728
8.18877e-10	-0.000744063
8.18919e-10	-0.000745398
8.1896e-10	-0.000746733
8.19002e-10	-0.000748069
8.19043e-10	-0.000749404
8.19085e-10	-0.000750739
8.19126e-10	-0.000752074
8.19168e-10	-0.000753409
8.19209e-10	-0.000754744
8.19251e-10	-0.00075608
8.19292e-10	-0.000757415
8.19334e-10	-0.00075875
8.19375e-10	-0.000760086
8.19417e-10	-0.000761421
8.19458e-10	-0.000762756
8.195e-10	-0.000764092
8.19541e-10	-0.000765427
8.19583e-10	-0.000766762
8.19625e-10	-0.000768098
8.19666e-10	-0.000769433
8.19708e-10	-0.000770769
8.19749e-10	-0.000772104
8.19791e-10	-0.00077344
8.19832e-10	-0.000774775
8.19874e-10	-0.000776111
8.19915e-10	-0.000777446
8.19957e-10	-0.000778782
8.19998e-10	-0.000780118
8.2004e-10	-0.000781453
8.20081e-10	-0.000782789
8.20123e-10	-0.000784125
8.20164e-10	-0.00078546
8.20206e-10	-0.000786796
8.20247e-10	-0.000788131
8.20289e-10	-0.000789467
8.20331e-10	-0.000790803
8.20372e-10	-0.000792139
8.20414e-10	-0.000793474
8.20455e-10	-0.00079481
8.20497e-10	-0.000796146
8.20538e-10	-0.000797481
8.2058e-10	-0.000798817
8.20621e-10	-0.000800153
8.20663e-10	-0.000801489
8.20704e-10	-0.000802824
8.20746e-10	-0.00080416
8.20787e-10	-0.000805496
8.20829e-10	-0.000806832
8.2087e-10	-0.000808167
8.20912e-10	-0.000809503
8.20953e-10	-0.000810839
8.20995e-10	-0.000812175
8.21037e-10	-0.00081351
8.21078e-10	-0.000814846
8.2112e-10	-0.000816182
8.21161e-10	-0.000817518
8.21203e-10	-0.000818853
8.21244e-10	-0.000820189
8.21286e-10	-0.000821525
8.21327e-10	-0.000822861
8.21369e-10	-0.000824196
8.2141e-10	-0.000825532
8.21452e-10	-0.000826868
8.21493e-10	-0.000828203
8.21535e-10	-0.000829539
8.21576e-10	-0.000830875
8.21618e-10	-0.00083221
8.21659e-10	-0.000833546
8.21701e-10	-0.000834882
8.21742e-10	-0.000836217
8.21784e-10	-0.000837553
8.21826e-10	-0.000838889
8.21867e-10	-0.000840224
8.21909e-10	-0.00084156
8.2195e-10	-0.000842896
8.21992e-10	-0.000844231
8.22033e-10	-0.000845567
8.22075e-10	-0.000846902
8.22116e-10	-0.000848238
8.22158e-10	-0.000849573
8.22199e-10	-0.000850909
8.22241e-10	-0.000852244
8.22282e-10	-0.00085358
8.22324e-10	-0.000854915
8.22365e-10	-0.000856251
8.22407e-10	-0.000857586
8.22448e-10	-0.000858922
8.2249e-10	-0.000860257
8.22532e-10	-0.000861592
8.22573e-10	-0.000862928
8.22615e-10	-0.000864263
8.22656e-10	-0.000865598
8.22698e-10	-0.000866934
8.22739e-10	-0.000868269
8.22781e-10	-0.000869604
8.22822e-10	-0.000870939
8.22864e-10	-0.000872274
8.22905e-10	-0.00087361
8.22947e-10	-0.000874945
8.22988e-10	-0.00087628
8.2303e-10	-0.000877615
8.23071e-10	-0.00087895
8.23113e-10	-0.000880285
8.23154e-10	-0.00088162
8.23196e-10	-0.000882955
8.23238e-10	-0.00088429
8.23279e-10	-0.000885625
8.23321e-10	-0.000886959
8.23362e-10	-0.000888294
8.23404e-10	-0.000889629
8.23445e-10	-0.000890964
8.23487e-10	-0.000892298
8.23528e-10	-0.000893633
8.2357e-10	-0.000894968
8.23611e-10	-0.000896302
8.23653e-10	-0.000897637
8.23694e-10	-0.000898971
8.23736e-10	-0.000900306
8.23777e-10	-0.00090164
8.23819e-10	-0.000902975
8.2386e-10	-0.000904309
8.23902e-10	-0.000905644
8.23943e-10	-0.000906978
8.23985e-10	-0.000908312
8.24027e-10	-0.000909646
8.24068e-10	-0.000910981
8.2411e-10	-0.000912315
8.24151e-10	-0.000913649
8.24193e-10	-0.000914983
8.24234e-10	-0.000916317
8.24276e-10	-0.000917651
8.24317e-10	-0.000918985
8.24359e-10	-0.000920318
8.244e-10	-0.000921652
8.24442e-10	-0.000922986
8.24483e-10	-0.00092432
8.24525e-10	-0.000925653
8.24566e-10	-0.000926987
8.24608e-10	-0.000928321
8.24649e-10	-0.000929654
8.24691e-10	-0.000930988
8.24733e-10	-0.000932321
8.24774e-10	-0.000933654
8.24816e-10	-0.000934988
8.24857e-10	-0.000936321
8.24899e-10	-0.000937654
8.2494e-10	-0.000938987
8.24982e-10	-0.00094032
8.25023e-10	-0.000941653
8.25065e-10	-0.000942986
8.25106e-10	-0.000944319
8.25148e-10	-0.000945652
8.25189e-10	-0.000946985
8.25231e-10	-0.000948318
8.25272e-10	-0.00094965
8.25314e-10	-0.000950983
8.25355e-10	-0.000952315
8.25397e-10	-0.000953648
8.25439e-10	-0.00095498
8.2548e-10	-0.000956313
8.25522e-10	-0.000957645
8.25563e-10	-0.000958977
8.25605e-10	-0.000960309
8.25646e-10	-0.000961642
8.25688e-10	-0.000962974
8.25729e-10	-0.000964306
8.25771e-10	-0.000965638
8.25812e-10	-0.000966969
8.25854e-10	-0.000968301
8.25895e-10	-0.000969633
8.25937e-10	-0.000970965
8.25978e-10	-0.000972296
8.2602e-10	-0.000973628
8.26061e-10	-0.000974959
8.26103e-10	-0.00097629
8.26144e-10	-0.000977622
8.26186e-10	-0.000978953
8.26228e-10	-0.000980284
8.26269e-10	-0.000981615
8.26311e-10	-0.000982946
8.26352e-10	-0.000984277
8.26394e-10	-0.000985608
8.26435e-10	-0.000986939
8.26477e-10	-0.000988269
8.26518e-10	-0.0009896
8.2656e-10	-0.000990931
8.26601e-10	-0.000992261
8.26643e-10	-0.000993591
8.26684e-10	-0.000994922
8.26726e-10	-0.000996252
8.26767e-10	-0.000997582
8.26809e-10	-0.000998912
8.2685e-10	-0.00100024
8.26892e-10	-0.00100157
8.26934e-10	-0.0010029
8.26975e-10	-0.00100423
8.27017e-10	-0.00100556
8.27058e-10	-0.00100689
8.271e-10	-0.00100822
8.27141e-10	-0.00100955
8.27183e-10	-0.00101088
8.27224e-10	-0.00101221
8.27266e-10	-0.00101354
8.27307e-10	-0.00101487
8.27349e-10	-0.0010162
8.2739e-10	-0.00101752
8.27432e-10	-0.00101885
8.27473e-10	-0.00102018
8.27515e-10	-0.00102151
8.27556e-10	-0.00102284
8.27598e-10	-0.00102417
8.2764e-10	-0.0010255
8.27681e-10	-0.00102682
8.27723e-10	-0.00102815
8.27764e-10	-0.00102948
8.27806e-10	-0.00103081
8.27847e-10	-0.00103214
8.27889e-10	-0.00103346
8.2793e-10	-0.00103479
8.27972e-10	-0.00103612
8.28013e-10	-0.00103745
8.28055e-10	-0.00103877
8.28096e-10	-0.0010401
8.28138e-10	-0.00104143
8.28179e-10	-0.00104275
8.28221e-10	-0.00104408
8.28262e-10	-0.00104541
8.28304e-10	-0.00104674
8.28346e-10	-0.00104806
8.28387e-10	-0.00104939
8.28429e-10	-0.00105071
8.2847e-10	-0.00105204
8.28512e-10	-0.00105337
8.28553e-10	-0.00105469
8.28595e-10	-0.00105602
8.28636e-10	-0.00105735
8.28678e-10	-0.00105867
8.28719e-10	-0.00106
8.28761e-10	-0.00106132
8.28802e-10	-0.00106265
8.28844e-10	-0.00106397
8.28885e-10	-0.0010653
8.28927e-10	-0.00106662
8.28968e-10	-0.00106795
8.2901e-10	-0.00106927
8.29051e-10	-0.0010706
8.29093e-10	-0.00107192
8.29135e-10	-0.00107325
8.29176e-10	-0.00107457
8.29218e-10	-0.0010759
8.29259e-10	-0.00107722
8.29301e-10	-0.00107854
8.29342e-10	-0.00107987
8.29384e-10	-0.00108119
8.29425e-10	-0.00108252
8.29467e-10	-0.00108384
8.29508e-10	-0.00108516
8.2955e-10	-0.00108649
8.29591e-10	-0.00108781
8.29633e-10	-0.00108913
8.29674e-10	-0.00109046
8.29716e-10	-0.00109178
8.29757e-10	-0.0010931
8.29799e-10	-0.00109442
8.29841e-10	-0.00109575
8.29882e-10	-0.00109707
8.29924e-10	-0.00109839
8.29965e-10	-0.00109971
8.30007e-10	-0.00110104
8.30048e-10	-0.00110236
8.3009e-10	-0.00110368
8.30131e-10	-0.001105
8.30173e-10	-0.00110632
8.30214e-10	-0.00110764
8.30256e-10	-0.00110896
8.30297e-10	-0.00111029
8.30339e-10	-0.00111161
8.3038e-10	-0.00111293
8.30422e-10	-0.00111425
8.30463e-10	-0.00111557
8.30505e-10	-0.00111689
8.30547e-10	-0.00111821
8.30588e-10	-0.00111953
8.3063e-10	-0.00112085
8.30671e-10	-0.00112217
8.30713e-10	-0.00112349
8.30754e-10	-0.00112481
8.30796e-10	-0.00112613
8.30837e-10	-0.00112745
8.30879e-10	-0.00112877
8.3092e-10	-0.00113009
8.30962e-10	-0.00113141
8.31003e-10	-0.00113272
8.31045e-10	-0.00113404
8.31086e-10	-0.00113536
8.31128e-10	-0.00113668
8.31169e-10	-0.001138
8.31211e-10	-0.00113932
8.31252e-10	-0.00114063
8.31294e-10	-0.00114195
8.31336e-10	-0.00114327
8.31377e-10	-0.00114459
8.31419e-10	-0.0011459
8.3146e-10	-0.00114722
8.31502e-10	-0.00114854
8.31543e-10	-0.00114985
8.31585e-10	-0.00115117
8.31626e-10	-0.00115249
8.31668e-10	-0.0011538
8.31709e-10	-0.00115512
8.31751e-10	-0.00115644
8.31792e-10	-0.00115775
8.31834e-10	-0.00115907
8.31875e-10	-0.00116038
8.31917e-10	-0.0011617
8.31958e-10	-0.00116302
8.32e-10	-0.00116433
8.32042e-10	-0.00116565
8.32083e-10	-0.00116696
8.32125e-10	-0.00116827
8.32166e-10	-0.00116959
8.32208e-10	-0.0011709
8.32249e-10	-0.00117222
8.32291e-10	-0.00117353
8.32332e-10	-0.00117485
8.32374e-10	-0.00117616
8.32415e-10	-0.00117747
8.32457e-10	-0.00117879
8.32498e-10	-0.0011801
8.3254e-10	-0.00118141
8.32581e-10	-0.00118273
8.32623e-10	-0.00118404
8.32664e-10	-0.00118535
8.32706e-10	-0.00118666
8.32748e-10	-0.00118798
8.32789e-10	-0.00118929
8.32831e-10	-0.0011906
8.32872e-10	-0.00119191
8.32914e-10	-0.00119322
8.32955e-10	-0.00119454
8.32997e-10	-0.00119585
8.33038e-10	-0.00119716
8.3308e-10	-0.00119847
8.33121e-10	-0.00119978
8.33163e-10	-0.00120109
8.33204e-10	-0.0012024
8.33246e-10	-0.00120371
8.33287e-10	-0.00120502
8.33329e-10	-0.00120633
8.3337e-10	-0.00120764
8.33412e-10	-0.00120895
8.33453e-10	-0.00121026
8.33495e-10	-0.00121157
8.33537e-10	-0.00121288
8.33578e-10	-0.00121419
8.3362e-10	-0.00121549
8.33661e-10	-0.0012168
8.33703e-10	-0.00121811
8.33744e-10	-0.00121942
8.33786e-10	-0.00122073
8.33827e-10	-0.00122203
8.33869e-10	-0.00122334
8.3391e-10	-0.00122465
8.33952e-10	-0.00122596
8.33993e-10	-0.00122726
8.34035e-10	-0.00122857
8.34076e-10	-0.00122988
8.34118e-10	-0.00123118
8.34159e-10	-0.00123249
8.34201e-10	-0.0012338
8.34243e-10	-0.0012351
8.34284e-10	-0.00123641
8.34326e-10	-0.00123771
8.34367e-10	-0.00123902
8.34409e-10	-0.00124032
8.3445e-10	-0.00124163
8.34492e-10	-0.00124293
8.34533e-10	-0.00124424
8.34575e-10	-0.00124554
8.34616e-10	-0.00124685
8.34658e-10	-0.00124815
8.34699e-10	-0.00124945
8.34741e-10	-0.00125076
8.34782e-10	-0.00125206
8.34824e-10	-0.00125336
8.34865e-10	-0.00125467
8.34907e-10	-0.00125597
8.34949e-10	-0.00125727
8.3499e-10	-0.00125857
8.35032e-10	-0.00125988
8.35073e-10	-0.00126118
8.35115e-10	-0.00126248
8.35156e-10	-0.00126378
8.35198e-10	-0.00126508
8.35239e-10	-0.00126638
8.35281e-10	-0.00126768
8.35322e-10	-0.00126899
8.35364e-10	-0.00127029
8.35405e-10	-0.00127159
8.35447e-10	-0.00127289
8.35488e-10	-0.00127419
8.3553e-10	-0.00127549
8.35571e-10	-0.00127679
8.35613e-10	-0.00127808
8.35654e-10	-0.00127938
8.35696e-10	-0.00128068
8.35738e-10	-0.00128198
8.35779e-10	-0.00128328
8.35821e-10	-0.00128458
8.35862e-10	-0.00128588
8.35904e-10	-0.00128717
8.35945e-10	-0.00128847
8.35987e-10	-0.00128977
8.36028e-10	-0.00129107
8.3607e-10	-0.00129236
8.36111e-10	-0.00129366
8.36153e-10	-0.00129496
8.36194e-10	-0.00129625
8.36236e-10	-0.00129755
8.36277e-10	-0.00129884
8.36319e-10	-0.00130014
8.3636e-10	-0.00130143
8.36402e-10	-0.00130273
8.36444e-10	-0.00130403
8.36485e-10	-0.00130532
8.36527e-10	-0.00130661
8.36568e-10	-0.00130791
8.3661e-10	-0.0013092
8.36651e-10	-0.0013105
8.36693e-10	-0.00131179
8.36734e-10	-0.00131308
8.36776e-10	-0.00131438
8.36817e-10	-0.00131567
8.36859e-10	-0.00131696
8.369e-10	-0.00131825
8.36942e-10	-0.00131955
8.36983e-10	-0.00132084
8.37025e-10	-0.00132213
8.37066e-10	-0.00132342
8.37108e-10	-0.00132471
8.3715e-10	-0.001326
8.37191e-10	-0.0013273
8.37233e-10	-0.00132859
8.37274e-10	-0.00132988
8.37316e-10	-0.00133117
8.37357e-10	-0.00133246
8.37399e-10	-0.00133375
8.3744e-10	-0.00133504
8.37482e-10	-0.00133633
8.37523e-10	-0.00133761
8.37565e-10	-0.0013389
8.37606e-10	-0.00134019
8.37648e-10	-0.00134148
8.37689e-10	-0.00134277
8.37731e-10	-0.00134406
8.37772e-10	-0.00134534
8.37814e-10	-0.00134663
8.37855e-10	-0.00134792
8.37897e-10	-0.0013492
8.37939e-10	-0.00135049
8.3798e-10	-0.00135178
8.38022e-10	-0.00135306
8.38063e-10	-0.00135435
8.38105e-10	-0.00135563
8.38146e-10	-0.00135692
8.38188e-10	-0.00135821
8.38229e-10	-0.00135949
8.38271e-10	-0.00136077
8.38312e-10	-0.00136206
8.38354e-10	-0.00136334
8.38395e-10	-0.00136463
8.38437e-10	-0.00136591
8.38478e-10	-0.00136719
8.3852e-10	-0.00136848
8.38561e-10	-0.00136976
8.38603e-10	-0.00137104
8.38645e-10	-0.00137232
8.38686e-10	-0.00137361
8.38728e-10	-0.00137489
8.38769e-10	-0.00137617
8.38811e-10	-0.00137745
8.38852e-10	-0.00137873
8.38894e-10	-0.00138001
8.38935e-10	-0.00138129
8.38977e-10	-0.00138257
8.39018e-10	-0.00138385
8.3906e-10	-0.00138513
8.39101e-10	-0.00138641
8.39143e-10	-0.00138769
8.39184e-10	-0.00138897
8.39226e-10	-0.00139025
8.39267e-10	-0.00139153
8.39309e-10	-0.00139281
8.39351e-10	-0.00139409
8.39392e-10	-0.00139536
8.39434e-10	-0.00139664
8.39475e-10	-0.00139792
8.39517e-10	-0.00139919
8.39558e-10	-0.00140047
8.396e-10	-0.00140175
8.39641e-10	-0.00140302
8.39683e-10	-0.0014043
8.39724e-10	-0.00140557
8.39766e-10	-0.00140685
8.39807e-10	-0.00140812
8.39849e-10	-0.0014094
8.3989e-10	-0.00141067
8.39932e-10	-0.00141195
8.39973e-10	-0.00141322
8.40015e-10	-0.0014145
8.40056e-10	-0.00141577
8.40098e-10	-0.00141704
8.4014e-10	-0.00141831
8.40181e-10	-0.00141959
8.40223e-10	-0.00142086
8.40264e-10	-0.00142213
8.40306e-10	-0.0014234
8.40347e-10	-0.00142467
8.40389e-10	-0.00142595
8.4043e-10	-0.00142722
8.40472e-10	-0.00142849
8.40513e-10	-0.00142976
8.40555e-10	-0.00143103
8.40596e-10	-0.0014323
8.40638e-10	-0.00143357
8.40679e-10	-0.00143484
8.40721e-10	-0.0014361
8.40762e-10	-0.00143737
8.40804e-10	-0.00143864
8.40846e-10	-0.00143991
8.40887e-10	-0.00144118
8.40929e-10	-0.00144244
8.4097e-10	-0.00144371
8.41012e-10	-0.00144498
8.41053e-10	-0.00144625
8.41095e-10	-0.00144751
8.41136e-10	-0.00144878
8.41178e-10	-0.00145004
8.41219e-10	-0.00145131
8.41261e-10	-0.00145257
8.41302e-10	-0.00145384
8.41344e-10	-0.0014551
8.41385e-10	-0.00145637
8.41427e-10	-0.00145763
8.41468e-10	-0.00145889
8.4151e-10	-0.00146016
8.41552e-10	-0.00146142
8.41593e-10	-0.00146268
8.41635e-10	-0.00146395
8.41676e-10	-0.00146521
8.41718e-10	-0.00146647
8.41759e-10	-0.00146773
8.41801e-10	-0.00146899
8.41842e-10	-0.00147025
8.41884e-10	-0.00147151
8.41925e-10	-0.00147277
8.41967e-10	-0.00147403
8.42008e-10	-0.00147529
8.4205e-10	-0.00147655
8.42091e-10	-0.00147781
8.42133e-10	-0.00147907
8.42174e-10	-0.00148033
8.42216e-10	-0.00148159
8.42258e-10	-0.00148285
8.42299e-10	-0.0014841
8.42341e-10	-0.00148536
8.42382e-10	-0.00148662
8.42424e-10	-0.00148787
8.42465e-10	-0.00148913
8.42507e-10	-0.00149039
8.42548e-10	-0.00149164
8.4259e-10	-0.0014929
8.42631e-10	-0.00149415
8.42673e-10	-0.00149541
8.42714e-10	-0.00149666
8.42756e-10	-0.00149792
8.42797e-10	-0.00149917
8.42839e-10	-0.00150042
8.4288e-10	-0.00150168
8.42922e-10	-0.00150293
8.42963e-10	-0.00150418
8.43005e-10	-0.00150543
8.43047e-10	-0.00150669
8.43088e-10	-0.00150794
8.4313e-10	-0.00150919
8.43171e-10	-0.00151044
8.43213e-10	-0.00151169
8.43254e-10	-0.00151294
8.43296e-10	-0.00151419
8.43337e-10	-0.00151544
8.43379e-10	-0.00151669
8.4342e-10	-0.00151794
8.43462e-10	-0.00151919
8.43503e-10	-0.00152044
8.43545e-10	-0.00152168
8.43586e-10	-0.00152293
8.43628e-10	-0.00152418
8.43669e-10	-0.00152543
8.43711e-10	-0.00152667
8.43753e-10	-0.00152792
8.43794e-10	-0.00152917
8.43836e-10	-0.00153041
8.43877e-10	-0.00153166
8.43919e-10	-0.0015329
8.4396e-10	-0.00153415
8.44002e-10	-0.00153539
8.44043e-10	-0.00153664
8.44085e-10	-0.00153788
8.44126e-10	-0.00153912
8.44168e-10	-0.00154037
8.44209e-10	-0.00154161
8.44251e-10	-0.00154285
8.44292e-10	-0.00154409
8.44334e-10	-0.00154533
8.44375e-10	-0.00154658
8.44417e-10	-0.00154782
8.44459e-10	-0.00154906
8.445e-10	-0.0015503
8.44542e-10	-0.00155154
8.44583e-10	-0.00155278
8.44625e-10	-0.00155402
8.44666e-10	-0.00155526
8.44708e-10	-0.00155649
8.44749e-10	-0.00155773
8.44791e-10	-0.00155897
8.44832e-10	-0.00156021
8.44874e-10	-0.00156145
8.44915e-10	-0.00156268
8.44957e-10	-0.00156392
8.44998e-10	-0.00156516
8.4504e-10	-0.00156639
8.45081e-10	-0.00156763
8.45123e-10	-0.00156886
8.45164e-10	-0.0015701
8.45206e-10	-0.00157133
8.45248e-10	-0.00157257
8.45289e-10	-0.0015738
8.45331e-10	-0.00157503
8.45372e-10	-0.00157627
8.45414e-10	-0.0015775
8.45455e-10	-0.00157873
8.45497e-10	-0.00157996
8.45538e-10	-0.00158119
8.4558e-10	-0.00158243
8.45621e-10	-0.00158366
8.45663e-10	-0.00158489
8.45704e-10	-0.00158612
8.45746e-10	-0.00158735
8.45787e-10	-0.00158858
8.45829e-10	-0.00158981
8.4587e-10	-0.00159103
8.45912e-10	-0.00159226
8.45954e-10	-0.00159349
8.45995e-10	-0.00159472
8.46037e-10	-0.00159595
8.46078e-10	-0.00159717
8.4612e-10	-0.0015984
8.46161e-10	-0.00159962
8.46203e-10	-0.00160085
8.46244e-10	-0.00160208
8.46286e-10	-0.0016033
8.46327e-10	-0.00160453
8.46369e-10	-0.00160575
8.4641e-10	-0.00160697
8.46452e-10	-0.0016082
8.46493e-10	-0.00160942
8.46535e-10	-0.00161064
8.46576e-10	-0.00161187
8.46618e-10	-0.00161309
8.4666e-10	-0.00161431
8.46701e-10	-0.00161553
8.46743e-10	-0.00161675
8.46784e-10	-0.00161797
8.46826e-10	-0.00161919
8.46867e-10	-0.00162041
8.46909e-10	-0.00162163
8.4695e-10	-0.00162285
8.46992e-10	-0.00162407
8.47033e-10	-0.00162529
8.47075e-10	-0.00162651
8.47116e-10	-0.00162772
8.47158e-10	-0.00162894
8.47199e-10	-0.00163016
8.47241e-10	-0.00163138
8.47282e-10	-0.00163259
8.47324e-10	-0.00163381
8.47365e-10	-0.00163502
8.47407e-10	-0.00163624
8.47449e-10	-0.00163745
8.4749e-10	-0.00163867
8.47532e-10	-0.00163988
8.47573e-10	-0.00164109
8.47615e-10	-0.00164231
8.47656e-10	-0.00164352
8.47698e-10	-0.00164473
8.47739e-10	-0.00164594
8.47781e-10	-0.00164715
8.47822e-10	-0.00164837
8.47864e-10	-0.00164958
8.47905e-10	-0.00165079
8.47947e-10	-0.001652
8.47988e-10	-0.00165321
8.4803e-10	-0.00165441
8.48071e-10	-0.00165562
8.48113e-10	-0.00165683
8.48155e-10	-0.00165804
8.48196e-10	-0.00165925
8.48238e-10	-0.00166045
8.48279e-10	-0.00166166
8.48321e-10	-0.00166287
8.48362e-10	-0.00166407
8.48404e-10	-0.00166528
8.48445e-10	-0.00166648
8.48487e-10	-0.00166769
8.48528e-10	-0.00166889
8.4857e-10	-0.0016701
8.48611e-10	-0.0016713
8.48653e-10	-0.0016725
8.48694e-10	-0.00167371
8.48736e-10	-0.00167491
8.48777e-10	-0.00167611
8.48819e-10	-0.00167731
8.48861e-10	-0.00167851
8.48902e-10	-0.00167971
8.48944e-10	-0.00168091
8.48985e-10	-0.00168211
8.49027e-10	-0.00168331
8.49068e-10	-0.00168451
8.4911e-10	-0.00168571
8.49151e-10	-0.00168691
8.49193e-10	-0.00168811
8.49234e-10	-0.0016893
8.49276e-10	-0.0016905
8.49317e-10	-0.0016917
8.49359e-10	-0.00169289
8.494e-10	-0.00169409
8.49442e-10	-0.00169528
8.49483e-10	-0.00169648
8.49525e-10	-0.00169767
8.49566e-10	-0.00169887
8.49608e-10	-0.00170006
8.4965e-10	-0.00170126
8.49691e-10	-0.00170245
8.49733e-10	-0.00170364
8.49774e-10	-0.00170483
8.49816e-10	-0.00170602
8.49857e-10	-0.00170721
8.49899e-10	-0.00170841
8.4994e-10	-0.0017096
8.49982e-10	-0.00171079
8.50023e-10	-0.00171198
8.50065e-10	-0.00171316
8.50106e-10	-0.00171435
8.50148e-10	-0.00171554
8.50189e-10	-0.00171673
8.50231e-10	-0.00171792
8.50272e-10	-0.0017191
8.50314e-10	-0.00172029
8.50356e-10	-0.00172148
8.50397e-10	-0.00172266
8.50439e-10	-0.00172385
8.5048e-10	-0.00172503
8.50522e-10	-0.00172622
8.50563e-10	-0.0017274
8.50605e-10	-0.00172858
8.50646e-10	-0.00172977
8.50688e-10	-0.00173095
8.50729e-10	-0.00173213
8.50771e-10	-0.00173331
8.50812e-10	-0.00173449
8.50854e-10	-0.00173567
8.50895e-10	-0.00173685
8.50937e-10	-0.00173803
8.50978e-10	-0.00173921
8.5102e-10	-0.00174039
8.51062e-10	-0.00174157
8.51103e-10	-0.00174275
8.51145e-10	-0.00174393
8.51186e-10	-0.00174511
8.51228e-10	-0.00174628
8.51269e-10	-0.00174746
8.51311e-10	-0.00174863
8.51352e-10	-0.00174981
8.51394e-10	-0.00175099
8.51435e-10	-0.00175216
8.51477e-10	-0.00175333
8.51518e-10	-0.00175451
8.5156e-10	-0.00175568
8.51601e-10	-0.00175685
8.51643e-10	-0.00175803
8.51684e-10	-0.0017592
8.51726e-10	-0.00176037
8.51767e-10	-0.00176154
8.51809e-10	-0.00176271
8.51851e-10	-0.00176388
8.51892e-10	-0.00176505
8.51934e-10	-0.00176622
8.51975e-10	-0.00176739
8.52017e-10	-0.00176856
8.52058e-10	-0.00176973
8.521e-10	-0.00177089
8.52141e-10	-0.00177206
8.52183e-10	-0.00177323
8.52224e-10	-0.00177439
8.52266e-10	-0.00177556
8.52307e-10	-0.00177672
8.52349e-10	-0.00177789
8.5239e-10	-0.00177905
8.52432e-10	-0.00178022
8.52473e-10	-0.00178138
8.52515e-10	-0.00178254
8.52557e-10	-0.00178371
8.52598e-10	-0.00178487
8.5264e-10	-0.00178603
8.52681e-10	-0.00178719
8.52723e-10	-0.00178835
8.52764e-10	-0.00178951
8.52806e-10	-0.00179067
8.52847e-10	-0.00179183
8.52889e-10	-0.00179299
8.5293e-10	-0.00179415
8.52972e-10	-0.0017953
8.53013e-10	-0.00179646
8.53055e-10	-0.00179762
8.53096e-10	-0.00179878
8.53138e-10	-0.00179993
8.53179e-10	-0.00180109
8.53221e-10	-0.00180224
8.53263e-10	-0.0018034
8.53304e-10	-0.00180455
8.53346e-10	-0.0018057
8.53387e-10	-0.00180686
8.53429e-10	-0.00180801
8.5347e-10	-0.00180916
8.53512e-10	-0.00181031
8.53553e-10	-0.00181146
8.53595e-10	-0.00181261
8.53636e-10	-0.00181377
8.53678e-10	-0.00181491
8.53719e-10	-0.00181606
8.53761e-10	-0.00181721
8.53802e-10	-0.00181836
8.53844e-10	-0.00181951
8.53885e-10	-0.00182066
8.53927e-10	-0.0018218
8.53969e-10	-0.00182295
8.5401e-10	-0.0018241
8.54052e-10	-0.00182524
8.54093e-10	-0.00182639
8.54135e-10	-0.00182753
8.54176e-10	-0.00182867
8.54218e-10	-0.00182982
8.54259e-10	-0.00183096
8.54301e-10	-0.0018321
8.54342e-10	-0.00183325
8.54384e-10	-0.00183439
8.54425e-10	-0.00183553
8.54467e-10	-0.00183667
8.54508e-10	-0.00183781
8.5455e-10	-0.00183895
8.54591e-10	-0.00184009
8.54633e-10	-0.00184123
8.54674e-10	-0.00184236
8.54716e-10	-0.0018435
8.54758e-10	-0.00184464
8.54799e-10	-0.00184578
8.54841e-10	-0.00184691
8.54882e-10	-0.00184805
8.54924e-10	-0.00184918
8.54965e-10	-0.00185032
8.55007e-10	-0.00185145
8.55048e-10	-0.00185258
8.5509e-10	-0.00185372
8.55131e-10	-0.00185485
8.55173e-10	-0.00185598
8.55214e-10	-0.00185711
8.55256e-10	-0.00185824
8.55297e-10	-0.00185938
8.55339e-10	-0.00186051
8.5538e-10	-0.00186164
8.55422e-10	-0.00186276
8.55464e-10	-0.00186389
8.55505e-10	-0.00186502
8.55547e-10	-0.00186615
8.55588e-10	-0.00186728
8.5563e-10	-0.0018684
8.55671e-10	-0.00186953
8.55713e-10	-0.00187065
8.55754e-10	-0.00187178
8.55796e-10	-0.0018729
8.55837e-10	-0.00187403
8.55879e-10	-0.00187515
8.5592e-10	-0.00187627
8.55962e-10	-0.0018774
8.56003e-10	-0.00187852
8.56045e-10	-0.00187964
8.56086e-10	-0.00188076
8.56128e-10	-0.00188188
8.5617e-10	-0.001883
8.56211e-10	-0.00188412
8.56253e-10	-0.00188524
8.56294e-10	-0.00188636
8.56336e-10	-0.00188748
8.56377e-10	-0.00188859
8.56419e-10	-0.00188971
8.5646e-10	-0.00189083
8.56502e-10	-0.00189194
8.56543e-10	-0.00189306
8.56585e-10	-0.00189417
8.56626e-10	-0.00189529
8.56668e-10	-0.0018964
8.56709e-10	-0.00189751
8.56751e-10	-0.00189863
8.56792e-10	-0.00189974
8.56834e-10	-0.00190085
8.56875e-10	-0.00190196
8.56917e-10	-0.00190307
8.56959e-10	-0.00190418
8.57e-10	-0.00190529
8.57042e-10	-0.0019064
8.57083e-10	-0.00190751
8.57125e-10	-0.00190862
8.57166e-10	-0.00190972
8.57208e-10	-0.00191083
8.57249e-10	-0.00191194
8.57291e-10	-0.00191304
8.57332e-10	-0.00191415
8.57374e-10	-0.00191525
8.57415e-10	-0.00191636
8.57457e-10	-0.00191746
8.57498e-10	-0.00191856
8.5754e-10	-0.00191967
8.57581e-10	-0.00192077
8.57623e-10	-0.00192187
8.57665e-10	-0.00192297
8.57706e-10	-0.00192407
8.57748e-10	-0.00192517
8.57789e-10	-0.00192627
8.57831e-10	-0.00192737
8.57872e-10	-0.00192847
8.57914e-10	-0.00192957
8.57955e-10	-0.00193066
8.57997e-10	-0.00193176
8.58038e-10	-0.00193286
8.5808e-10	-0.00193395
8.58121e-10	-0.00193505
8.58163e-10	-0.00193614
8.58204e-10	-0.00193724
8.58246e-10	-0.00193833
8.58287e-10	-0.00193942
8.58329e-10	-0.00194051
8.58371e-10	-0.00194161
8.58412e-10	-0.0019427
8.58454e-10	-0.00194379
8.58495e-10	-0.00194488
8.58537e-10	-0.00194597
8.58578e-10	-0.00194706
8.5862e-10	-0.00194814
8.58661e-10	-0.00194923
8.58703e-10	-0.00195032
8.58744e-10	-0.00195141
8.58786e-10	-0.00195249
8.58827e-10	-0.00195358
8.58869e-10	-0.00195466
8.5891e-10	-0.00195575
8.58952e-10	-0.00195683
8.58993e-10	-0.00195792
8.59035e-10	-0.001959
8.59076e-10	-0.00196008
8.59118e-10	-0.00196116
8.5916e-10	-0.00196224
8.59201e-10	-0.00196333
8.59243e-10	-0.00196441
8.59284e-10	-0.00196549
8.59326e-10	-0.00196656
8.59367e-10	-0.00196764
8.59409e-10	-0.00196872
8.5945e-10	-0.0019698
8.59492e-10	-0.00197087
8.59533e-10	-0.00197195
8.59575e-10	-0.00197303
8.59616e-10	-0.0019741
8.59658e-10	-0.00197518
8.59699e-10	-0.00197625
8.59741e-10	-0.00197732
8.59782e-10	-0.0019784
8.59824e-10	-0.00197947
8.59866e-10	-0.00198054
8.59907e-10	-0.00198161
8.59949e-10	-0.00198268
8.5999e-10	-0.00198375
8.60032e-10	-0.00198482
8.60073e-10	-0.00198589
8.60115e-10	-0.00198696
8.60156e-10	-0.00198803
8.60198e-10	-0.00198909
8.60239e-10	-0.00199016
8.60281e-10	-0.00199123
8.60322e-10	-0.00199229
8.60364e-10	-0.00199336
8.60405e-10	-0.00199442
8.60447e-10	-0.00199548
8.60488e-10	-0.00199655
8.6053e-10	-0.00199761
8.60572e-10	-0.00199867
8.60613e-10	-0.00199973
8.60655e-10	-0.00200079
8.60696e-10	-0.00200185
8.60738e-10	-0.00200291
8.60779e-10	-0.00200397
8.60821e-10	-0.00200503
8.60862e-10	-0.00200609
8.60904e-10	-0.00200715
8.60945e-10	-0.0020082
8.60987e-10	-0.00200926
8.61028e-10	-0.00201031
8.6107e-10	-0.00201137
8.61111e-10	-0.00201242
8.61153e-10	-0.00201348
8.61194e-10	-0.00201453
8.61236e-10	-0.00201558
8.61277e-10	-0.00201663
8.61319e-10	-0.00201769
8.61361e-10	-0.00201874
8.61402e-10	-0.00201979
8.61444e-10	-0.00202084
8.61485e-10	-0.00202189
8.61527e-10	-0.00202293
8.61568e-10	-0.00202398
8.6161e-10	-0.00202503
8.61651e-10	-0.00202608
8.61693e-10	-0.00202712
8.61734e-10	-0.00202817
8.61776e-10	-0.00202921
8.61817e-10	-0.00203026
8.61859e-10	-0.0020313
8.619e-10	-0.00203234
8.61942e-10	-0.00203338
8.61983e-10	-0.00203443
8.62025e-10	-0.00203547
8.62067e-10	-0.00203651
8.62108e-10	-0.00203755
8.6215e-10	-0.00203859
8.62191e-10	-0.00203963
8.62233e-10	-0.00204067
8.62274e-10	-0.0020417
8.62316e-10	-0.00204274
8.62357e-10	-0.00204378
8.62399e-10	-0.00204481
8.6244e-10	-0.00204585
8.62482e-10	-0.00204688
8.62523e-10	-0.00204792
8.62565e-10	-0.00204895
8.62606e-10	-0.00204998
8.62648e-10	-0.00205101
8.62689e-10	-0.00205205
8.62731e-10	-0.00205308
8.62773e-10	-0.00205411
8.62814e-10	-0.00205514
8.62856e-10	-0.00205617
8.62897e-10	-0.00205719
8.62939e-10	-0.00205822
8.6298e-10	-0.00205925
8.63022e-10	-0.00206028
8.63063e-10	-0.0020613
8.63105e-10	-0.00206233
8.63146e-10	-0.00206335
8.63188e-10	-0.00206438
8.63229e-10	-0.0020654
8.63271e-10	-0.00206642
8.63312e-10	-0.00206745
8.63354e-10	-0.00206847
8.63395e-10	-0.00206949
8.63437e-10	-0.00207051
8.63478e-10	-0.00207153
8.6352e-10	-0.00207255
8.63562e-10	-0.00207357
8.63603e-10	-0.00207458
8.63645e-10	-0.0020756
8.63686e-10	-0.00207662
8.63728e-10	-0.00207763
8.63769e-10	-0.00207865
8.63811e-10	-0.00207967
8.63852e-10	-0.00208068
8.63894e-10	-0.00208169
8.63935e-10	-0.00208271
8.63977e-10	-0.00208372
8.64018e-10	-0.00208473
8.6406e-10	-0.00208574
8.64101e-10	-0.00208675
8.64143e-10	-0.00208776
8.64184e-10	-0.00208877
8.64226e-10	-0.00208978
8.64268e-10	-0.00209079
8.64309e-10	-0.00209179
8.64351e-10	-0.0020928
8.64392e-10	-0.00209381
8.64434e-10	-0.00209481
8.64475e-10	-0.00209582
8.64517e-10	-0.00209682
8.64558e-10	-0.00209783
8.646e-10	-0.00209883
8.64641e-10	-0.00209983
8.64683e-10	-0.00210083
8.64724e-10	-0.00210183
8.64766e-10	-0.00210283
8.64807e-10	-0.00210383
8.64849e-10	-0.00210483
8.6489e-10	-0.00210583
8.64932e-10	-0.00210683
8.64974e-10	-0.00210782
8.65015e-10	-0.00210882
8.65057e-10	-0.00210982
8.65098e-10	-0.00211081
8.6514e-10	-0.00211181
8.65181e-10	-0.0021128
8.65223e-10	-0.00211379
8.65264e-10	-0.00211479
8.65306e-10	-0.00211578
8.65347e-10	-0.00211677
8.65389e-10	-0.00211776
8.6543e-10	-0.00211875
8.65472e-10	-0.00211974
8.65513e-10	-0.00212073
8.65555e-10	-0.00212172
8.65596e-10	-0.0021227
8.65638e-10	-0.00212369
8.65679e-10	-0.00212468
8.65721e-10	-0.00212566
8.65763e-10	-0.00212665
8.65804e-10	-0.00212763
8.65846e-10	-0.00212861
8.65887e-10	-0.0021296
8.65929e-10	-0.00213058
8.6597e-10	-0.00213156
8.66012e-10	-0.00213254
8.66053e-10	-0.00213352
8.66095e-10	-0.0021345
8.66136e-10	-0.00213548
8.66178e-10	-0.00213646
8.66219e-10	-0.00213744
8.66261e-10	-0.00213841
8.66302e-10	-0.00213939
8.66344e-10	-0.00214036
8.66385e-10	-0.00214134
8.66427e-10	-0.00214231
8.66469e-10	-0.00214329
8.6651e-10	-0.00214426
8.66552e-10	-0.00214523
8.66593e-10	-0.0021462
8.66635e-10	-0.00214717
8.66676e-10	-0.00214814
8.66718e-10	-0.00214911
8.66759e-10	-0.00215008
8.66801e-10	-0.00215105
8.66842e-10	-0.00215202
8.66884e-10	-0.00215299
8.66925e-10	-0.00215395
8.66967e-10	-0.00215492
8.67008e-10	-0.00215588
8.6705e-10	-0.00215685
8.67091e-10	-0.00215781
8.67133e-10	-0.00215877
8.67175e-10	-0.00215974
8.67216e-10	-0.0021607
8.67258e-10	-0.00216166
8.67299e-10	-0.00216262
8.67341e-10	-0.00216358
8.67382e-10	-0.00216454
8.67424e-10	-0.00216549
8.67465e-10	-0.00216645
8.67507e-10	-0.00216741
8.67548e-10	-0.00216836
8.6759e-10	-0.00216932
8.67631e-10	-0.00217027
8.67673e-10	-0.00217123
8.67714e-10	-0.00217218
8.67756e-10	-0.00217313
8.67797e-10	-0.00217409
8.67839e-10	-0.00217504
8.67881e-10	-0.00217599
8.67922e-10	-0.00217694
8.67964e-10	-0.00217789
8.68005e-10	-0.00217884
8.68047e-10	-0.00217978
8.68088e-10	-0.00218073
8.6813e-10	-0.00218168
8.68171e-10	-0.00218262
8.68213e-10	-0.00218357
8.68254e-10	-0.00218451
8.68296e-10	-0.00218546
8.68337e-10	-0.0021864
8.68379e-10	-0.00218734
8.6842e-10	-0.00218828
8.68462e-10	-0.00218923
8.68503e-10	-0.00219017
8.68545e-10	-0.00219111
8.68586e-10	-0.00219204
8.68628e-10	-0.00219298
8.6867e-10	-0.00219392
8.68711e-10	-0.00219486
8.68753e-10	-0.00219579
8.68794e-10	-0.00219673
8.68836e-10	-0.00219766
8.68877e-10	-0.0021986
8.68919e-10	-0.00219953
8.6896e-10	-0.00220046
8.69002e-10	-0.0022014
8.69043e-10	-0.00220233
8.69085e-10	-0.00220326
8.69126e-10	-0.00220419
8.69168e-10	-0.00220512
8.69209e-10	-0.00220604
8.69251e-10	-0.00220697
8.69292e-10	-0.0022079
8.69334e-10	-0.00220883
8.69376e-10	-0.00220975
8.69417e-10	-0.00221068
8.69459e-10	-0.0022116
8.695e-10	-0.00221252
8.69542e-10	-0.00221345
8.69583e-10	-0.00221437
8.69625e-10	-0.00221529
8.69666e-10	-0.00221621
8.69708e-10	-0.00221713
8.69749e-10	-0.00221805
8.69791e-10	-0.00221897
8.69832e-10	-0.00221989
8.69874e-10	-0.0022208
8.69915e-10	-0.00222172
8.69957e-10	-0.00222264
8.69998e-10	-0.00222355
8.7004e-10	-0.00222446
8.70082e-10	-0.00222538
8.70123e-10	-0.00222629
8.70165e-10	-0.0022272
8.70206e-10	-0.00222811
8.70248e-10	-0.00222903
8.70289e-10	-0.00222994
8.70331e-10	-0.00223084
8.70372e-10	-0.00223175
8.70414e-10	-0.00223266
8.70455e-10	-0.00223357
8.70497e-10	-0.00223447
8.70538e-10	-0.00223538
8.7058e-10	-0.00223629
8.70621e-10	-0.00223719
8.70663e-10	-0.00223809
8.70704e-10	-0.002239
8.70746e-10	-0.0022399
8.70787e-10	-0.0022408
8.70829e-10	-0.0022417
8.70871e-10	-0.0022426
8.70912e-10	-0.0022435
8.70954e-10	-0.0022444
8.70995e-10	-0.00224529
8.71037e-10	-0.00224619
8.71078e-10	-0.00224709
8.7112e-10	-0.00224798
8.71161e-10	-0.00224888
8.71203e-10	-0.00224977
8.71244e-10	-0.00225067
8.71286e-10	-0.00225156
8.71327e-10	-0.00225245
8.71369e-10	-0.00225334
8.7141e-10	-0.00225423
8.71452e-10	-0.00225512
8.71493e-10	-0.00225601
8.71535e-10	-0.0022569
8.71577e-10	-0.00225779
8.71618e-10	-0.00225867
8.7166e-10	-0.00225956
8.71701e-10	-0.00226044
8.71743e-10	-0.00226133
8.71784e-10	-0.00226221
8.71826e-10	-0.00226309
8.71867e-10	-0.00226398
8.71909e-10	-0.00226486
8.7195e-10	-0.00226574
8.71992e-10	-0.00226662
8.72033e-10	-0.0022675
8.72075e-10	-0.00226838
8.72116e-10	-0.00226926
8.72158e-10	-0.00227013
8.72199e-10	-0.00227101
8.72241e-10	-0.00227188
8.72283e-10	-0.00227276
8.72324e-10	-0.00227363
8.72366e-10	-0.00227451
8.72407e-10	-0.00227538
8.72449e-10	-0.00227625
8.7249e-10	-0.00227712
8.72532e-10	-0.00227799
8.72573e-10	-0.00227886
8.72615e-10	-0.00227973
8.72656e-10	-0.0022806
8.72698e-10	-0.00228147
8.72739e-10	-0.00228233
8.72781e-10	-0.0022832
8.72822e-10	-0.00228406
8.72864e-10	-0.00228493
8.72905e-10	-0.00228579
8.72947e-10	-0.00228666
8.72988e-10	-0.00228752
8.7303e-10	-0.00228838
8.73072e-10	-0.00228924
8.73113e-10	-0.0022901
8.73155e-10	-0.00229096
8.73196e-10	-0.00229182
8.73238e-10	-0.00229267
8.73279e-10	-0.00229353
8.73321e-10	-0.00229439
8.73362e-10	-0.00229524
8.73404e-10	-0.0022961
8.73445e-10	-0.00229695
8.73487e-10	-0.0022978
8.73528e-10	-0.00229866
8.7357e-10	-0.00229951
8.73611e-10	-0.00230036
8.73653e-10	-0.00230121
8.73694e-10	-0.00230206
8.73736e-10	-0.00230291
8.73778e-10	-0.00230375
8.73819e-10	-0.0023046
8.73861e-10	-0.00230545
8.73902e-10	-0.00230629
8.73944e-10	-0.00230714
8.73985e-10	-0.00230798
8.74027e-10	-0.00230882
8.74068e-10	-0.00230967
8.7411e-10	-0.00231051
8.74151e-10	-0.00231135
8.74193e-10	-0.00231219
8.74234e-10	-0.00231303
8.74276e-10	-0.00231387
8.74317e-10	-0.0023147
8.74359e-10	-0.00231554
8.744e-10	-0.00231638
8.74442e-10	-0.00231721
8.74484e-10	-0.00231805
8.74525e-10	-0.00231888
8.74567e-10	-0.00231971
8.74608e-10	-0.00232055
8.7465e-10	-0.00232138
8.74691e-10	-0.00232221
8.74733e-10	-0.00232304
8.74774e-10	-0.00232387
8.74816e-10	-0.0023247
8.74857e-10	-0.00232552
8.74899e-10	-0.00232635
8.7494e-10	-0.00232718
8.74982e-10	-0.002328
8.75023e-10	-0.00232883
8.75065e-10	-0.00232965
8.75106e-10	-0.00233047
8.75148e-10	-0.00233129
8.75189e-10	-0.00233212
8.75231e-10	-0.00233294
8.75273e-10	-0.00233376
8.75314e-10	-0.00233457
8.75356e-10	-0.00233539
8.75397e-10	-0.00233621
8.75439e-10	-0.00233703
8.7548e-10	-0.00233784
8.75522e-10	-0.00233866
8.75563e-10	-0.00233947
8.75605e-10	-0.00234029
8.75646e-10	-0.0023411
8.75688e-10	-0.00234191
8.75729e-10	-0.00234272
8.75771e-10	-0.00234353
8.75812e-10	-0.00234434
8.75854e-10	-0.00234515
8.75895e-10	-0.00234596
8.75937e-10	-0.00234677
8.75979e-10	-0.00234757
8.7602e-10	-0.00234838
8.76062e-10	-0.00234918
8.76103e-10	-0.00234999
8.76145e-10	-0.00235079
8.76186e-10	-0.00235159
8.76228e-10	-0.00235239
8.76269e-10	-0.00235319
8.76311e-10	-0.00235399
8.76352e-10	-0.00235479
8.76394e-10	-0.00235559
8.76435e-10	-0.00235639
8.76477e-10	-0.00235719
8.76518e-10	-0.00235798
8.7656e-10	-0.00235878
8.76601e-10	-0.00235957
8.76643e-10	-0.00236036
8.76685e-10	-0.00236116
8.76726e-10	-0.00236195
8.76768e-10	-0.00236274
8.76809e-10	-0.00236353
8.76851e-10	-0.00236432
8.76892e-10	-0.00236511
8.76934e-10	-0.0023659
8.76975e-10	-0.00236668
8.77017e-10	-0.00236747
8.77058e-10	-0.00236826
8.771e-10	-0.00236904
8.77141e-10	-0.00236982
8.77183e-10	-0.00237061
8.77224e-10	-0.00237139
8.77266e-10	-0.00237217
8.77307e-10	-0.00237295
8.77349e-10	-0.00237373
8.7739e-10	-0.00237451
8.77432e-10	-0.00237529
8.77474e-10	-0.00237607
8.77515e-10	-0.00237684
8.77557e-10	-0.00237762
8.77598e-10	-0.00237839
8.7764e-10	-0.00237917
8.77681e-10	-0.00237994
8.77723e-10	-0.00238071
8.77764e-10	-0.00238148
8.77806e-10	-0.00238226
8.77847e-10	-0.00238303
8.77889e-10	-0.00238379
8.7793e-10	-0.00238456
8.77972e-10	-0.00238533
8.78013e-10	-0.0023861
8.78055e-10	-0.00238686
8.78096e-10	-0.00238763
8.78138e-10	-0.00238839
8.7818e-10	-0.00238916
8.78221e-10	-0.00238992
8.78263e-10	-0.00239068
8.78304e-10	-0.00239144
8.78346e-10	-0.0023922
8.78387e-10	-0.00239296
8.78429e-10	-0.00239372
8.7847e-10	-0.00239448
8.78512e-10	-0.00239523
8.78553e-10	-0.00239599
8.78595e-10	-0.00239675
8.78636e-10	-0.0023975
8.78678e-10	-0.00239825
8.78719e-10	-0.00239901
8.78761e-10	-0.00239976
8.78802e-10	-0.00240051
8.78844e-10	-0.00240126
8.78886e-10	-0.00240201
8.78927e-10	-0.00240276
8.78969e-10	-0.0024035
8.7901e-10	-0.00240425
8.79052e-10	-0.002405
8.79093e-10	-0.00240574
8.79135e-10	-0.00240649
8.79176e-10	-0.00240723
8.79218e-10	-0.00240797
8.79259e-10	-0.00240872
8.79301e-10	-0.00240946
8.79342e-10	-0.0024102
8.79384e-10	-0.00241094
8.79425e-10	-0.00241167
8.79467e-10	-0.00241241
8.79508e-10	-0.00241315
8.7955e-10	-0.00241388
8.79592e-10	-0.00241462
8.79633e-10	-0.00241535
8.79675e-10	-0.00241609
8.79716e-10	-0.00241682
8.79758e-10	-0.00241755
8.79799e-10	-0.00241828
8.79841e-10	-0.00241901
8.79882e-10	-0.00241974
8.79924e-10	-0.00242047
8.79965e-10	-0.0024212
8.80007e-10	-0.00242193
8.80048e-10	-0.00242265
8.8009e-10	-0.00242338
8.80131e-10	-0.0024241
8.80173e-10	-0.00242482
8.80214e-10	-0.00242555
8.80256e-10	-0.00242627
8.80297e-10	-0.00242699
8.80339e-10	-0.00242771
8.80381e-10	-0.00242843
8.80422e-10	-0.00242915
8.80464e-10	-0.00242986
8.80505e-10	-0.00243058
8.80547e-10	-0.0024313
8.80588e-10	-0.00243201
8.8063e-10	-0.00243272
8.80671e-10	-0.00243344
8.80713e-10	-0.00243415
8.80754e-10	-0.00243486
8.80796e-10	-0.00243557
8.80837e-10	-0.00243628
8.80879e-10	-0.00243699
8.8092e-10	-0.0024377
8.80962e-10	-0.0024384
8.81003e-10	-0.00243911
8.81045e-10	-0.00243982
8.81087e-10	-0.00244052
8.81128e-10	-0.00244122
8.8117e-10	-0.00244193
8.81211e-10	-0.00244263
8.81253e-10	-0.00244333
8.81294e-10	-0.00244403
8.81336e-10	-0.00244473
8.81377e-10	-0.00244543
8.81419e-10	-0.00244613
8.8146e-10	-0.00244682
8.81502e-10	-0.00244752
8.81543e-10	-0.00244821
8.81585e-10	-0.00244891
8.81626e-10	-0.0024496
8.81668e-10	-0.00245029
8.81709e-10	-0.00245099
8.81751e-10	-0.00245168
8.81793e-10	-0.00245237
8.81834e-10	-0.00245305
8.81876e-10	-0.00245374
8.81917e-10	-0.00245443
8.81959e-10	-0.00245512
8.82e-10	-0.0024558
8.82042e-10	-0.00245649
8.82083e-10	-0.00245717
8.82125e-10	-0.00245785
8.82166e-10	-0.00245853
8.82208e-10	-0.00245922
8.82249e-10	-0.0024599
8.82291e-10	-0.00246058
8.82332e-10	-0.00246125
8.82374e-10	-0.00246193
8.82415e-10	-0.00246261
8.82457e-10	-0.00246328
8.82498e-10	-0.00246396
8.8254e-10	-0.00246463
8.82582e-10	-0.00246531
8.82623e-10	-0.00246598
8.82665e-10	-0.00246665
8.82706e-10	-0.00246732
8.82748e-10	-0.00246799
8.82789e-10	-0.00246866
8.82831e-10	-0.00246933
8.82872e-10	-0.00246999
8.82914e-10	-0.00247066
8.82955e-10	-0.00247133
8.82997e-10	-0.00247199
8.83038e-10	-0.00247265
8.8308e-10	-0.00247332
8.83121e-10	-0.00247398
8.83163e-10	-0.00247464
8.83204e-10	-0.0024753
8.83246e-10	-0.00247596
8.83288e-10	-0.00247662
8.83329e-10	-0.00247727
8.83371e-10	-0.00247793
8.83412e-10	-0.00247859
8.83454e-10	-0.00247924
8.83495e-10	-0.00247989
8.83537e-10	-0.00248055
8.83578e-10	-0.0024812
8.8362e-10	-0.00248185
8.83661e-10	-0.0024825
8.83703e-10	-0.00248315
8.83744e-10	-0.0024838
8.83786e-10	-0.00248444
8.83827e-10	-0.00248509
8.83869e-10	-0.00248574
8.8391e-10	-0.00248638
8.83952e-10	-0.00248703
8.83994e-10	-0.00248767
8.84035e-10	-0.00248831
8.84077e-10	-0.00248895
8.84118e-10	-0.00248959
8.8416e-10	-0.00249023
8.84201e-10	-0.00249087
8.84243e-10	-0.00249151
8.84284e-10	-0.00249214
8.84326e-10	-0.00249278
8.84367e-10	-0.00249342
8.84409e-10	-0.00249405
8.8445e-10	-0.00249468
8.84492e-10	-0.00249531
8.84533e-10	-0.00249595
8.84575e-10	-0.00249658
8.84616e-10	-0.00249721
8.84658e-10	-0.00249783
8.84699e-10	-0.00249846
8.84741e-10	-0.00249909
8.84783e-10	-0.00249972
8.84824e-10	-0.00250034
8.84866e-10	-0.00250096
8.84907e-10	-0.00250159
8.84949e-10	-0.00250221
8.8499e-10	-0.00250283
8.85032e-10	-0.00250345
8.85073e-10	-0.00250407
8.85115e-10	-0.00250469
8.85156e-10	-0.00250531
8.85198e-10	-0.00250592
8.85239e-10	-0.00250654
8.85281e-10	-0.00250716
8.85322e-10	-0.00250777
8.85364e-10	-0.00250838
8.85405e-10	-0.00250899
8.85447e-10	-0.00250961
8.85489e-10	-0.00251022
8.8553e-10	-0.00251083
8.85572e-10	-0.00251143
8.85613e-10	-0.00251204
8.85655e-10	-0.00251265
8.85696e-10	-0.00251325
8.85738e-10	-0.00251386
8.85779e-10	-0.00251446
8.85821e-10	-0.00251507
8.85862e-10	-0.00251567
8.85904e-10	-0.00251627
8.85945e-10	-0.00251687
8.85987e-10	-0.00251747
8.86028e-10	-0.00251807
8.8607e-10	-0.00251867
8.86111e-10	-0.00251926
8.86153e-10	-0.00251986
8.86195e-10	-0.00252045
8.86236e-10	-0.00252105
8.86278e-10	-0.00252164
8.86319e-10	-0.00252223
8.86361e-10	-0.00252282
8.86402e-10	-0.00252341
8.86444e-10	-0.002524
8.86485e-10	-0.00252459
8.86527e-10	-0.00252518
8.86568e-10	-0.00252577
8.8661e-10	-0.00252635
8.86651e-10	-0.00252694
8.86693e-10	-0.00252752
8.86734e-10	-0.0025281
8.86776e-10	-0.00252868
8.86817e-10	-0.00252926
8.86859e-10	-0.00252984
8.869e-10	-0.00253042
8.86942e-10	-0.002531
8.86984e-10	-0.00253158
8.87025e-10	-0.00253216
8.87067e-10	-0.00253273
8.87108e-10	-0.00253331
8.8715e-10	-0.00253388
8.87191e-10	-0.00253445
8.87233e-10	-0.00253502
8.87274e-10	-0.00253559
8.87316e-10	-0.00253616
8.87357e-10	-0.00253673
8.87399e-10	-0.0025373
8.8744e-10	-0.00253787
8.87482e-10	-0.00253843
8.87523e-10	-0.002539
8.87565e-10	-0.00253956
8.87606e-10	-0.00254013
8.87648e-10	-0.00254069
8.8769e-10	-0.00254125
8.87731e-10	-0.00254181
8.87773e-10	-0.00254237
8.87814e-10	-0.00254293
8.87856e-10	-0.00254348
8.87897e-10	-0.00254404
8.87939e-10	-0.0025446
8.8798e-10	-0.00254515
8.88022e-10	-0.0025457
8.88063e-10	-0.00254626
8.88105e-10	-0.00254681
8.88146e-10	-0.00254736
8.88188e-10	-0.00254791
8.88229e-10	-0.00254846
8.88271e-10	-0.00254901
8.88312e-10	-0.00254955
8.88354e-10	-0.0025501
8.88396e-10	-0.00255065
8.88437e-10	-0.00255119
8.88479e-10	-0.00255173
8.8852e-10	-0.00255228
8.88562e-10	-0.00255282
8.88603e-10	-0.00255336
8.88645e-10	-0.0025539
8.88686e-10	-0.00255444
8.88728e-10	-0.00255497
8.88769e-10	-0.00255551
8.88811e-10	-0.00255605
8.88852e-10	-0.00255658
8.88894e-10	-0.00255711
8.88935e-10	-0.00255765
8.88977e-10	-0.00255818
8.89018e-10	-0.00255871
8.8906e-10	-0.00255924
8.89101e-10	-0.00255977
8.89143e-10	-0.0025603
8.89185e-10	-0.00256082
8.89226e-10	-0.00256135
8.89268e-10	-0.00256188
8.89309e-10	-0.0025624
8.89351e-10	-0.00256292
8.89392e-10	-0.00256345
8.89434e-10	-0.00256397
8.89475e-10	-0.00256449
8.89517e-10	-0.00256501
8.89558e-10	-0.00256553
8.896e-10	-0.00256604
8.89641e-10	-0.00256656
8.89683e-10	-0.00256708
8.89724e-10	-0.00256759
8.89766e-10	-0.0025681
8.89807e-10	-0.00256862
8.89849e-10	-0.00256913
8.89891e-10	-0.00256964
8.89932e-10	-0.00257015
8.89974e-10	-0.00257066
8.90015e-10	-0.00257117
8.90057e-10	-0.00257167
8.90098e-10	-0.00257218
8.9014e-10	-0.00257268
8.90181e-10	-0.00257319
8.90223e-10	-0.00257369
8.90264e-10	-0.00257419
8.90306e-10	-0.00257469
8.90347e-10	-0.00257519
8.90389e-10	-0.00257569
8.9043e-10	-0.00257619
8.90472e-10	-0.00257669
8.90513e-10	-0.00257719
8.90555e-10	-0.00257768
8.90597e-10	-0.00257817
8.90638e-10	-0.00257867
8.9068e-10	-0.00257916
8.90721e-10	-0.00257965
8.90763e-10	-0.00258014
8.90804e-10	-0.00258063
8.90846e-10	-0.00258112
8.90887e-10	-0.00258161
8.90929e-10	-0.00258209
8.9097e-10	-0.00258258
8.91012e-10	-0.00258306
8.91053e-10	-0.00258355
8.91095e-10	-0.00258403
8.91136e-10	-0.00258451
8.91178e-10	-0.00258499
8.91219e-10	-0.00258547
8.91261e-10	-0.00258595
8.91303e-10	-0.00258643
8.91344e-10	-0.00258691
8.91386e-10	-0.00258738
8.91427e-10	-0.00258786
8.91469e-10	-0.00258833
8.9151e-10	-0.0025888
8.91552e-10	-0.00258927
8.91593e-10	-0.00258975
8.91635e-10	-0.00259022
8.91676e-10	-0.00259068
8.91718e-10	-0.00259115
8.91759e-10	-0.00259162
8.91801e-10	-0.00259208
8.91842e-10	-0.00259255
8.91884e-10	-0.00259301
8.91925e-10	-0.00259348
8.91967e-10	-0.00259394
8.92008e-10	-0.0025944
8.9205e-10	-0.00259486
8.92092e-10	-0.00259532
8.92133e-10	-0.00259578
8.92175e-10	-0.00259623
8.92216e-10	-0.00259669
8.92258e-10	-0.00259714
8.92299e-10	-0.0025976
8.92341e-10	-0.00259805
8.92382e-10	-0.0025985
8.92424e-10	-0.00259895
8.92465e-10	-0.0025994
8.92507e-10	-0.00259985
8.92548e-10	-0.0026003
8.9259e-10	-0.00260075
8.92631e-10	-0.0026012
8.92673e-10	-0.00260164
8.92714e-10	-0.00260208
8.92756e-10	-0.00260253
8.92798e-10	-0.00260297
8.92839e-10	-0.00260341
8.92881e-10	-0.00260385
8.92922e-10	-0.00260429
8.92964e-10	-0.00260473
8.93005e-10	-0.00260517
8.93047e-10	-0.0026056
8.93088e-10	-0.00260604
8.9313e-10	-0.00260647
8.93171e-10	-0.0026069
8.93213e-10	-0.00260734
8.93254e-10	-0.00260777
8.93296e-10	-0.0026082
8.93337e-10	-0.00260863
8.93379e-10	-0.00260905
8.9342e-10	-0.00260948
8.93462e-10	-0.00260991
8.93504e-10	-0.00261033
8.93545e-10	-0.00261076
8.93587e-10	-0.00261118
8.93628e-10	-0.0026116
8.9367e-10	-0.00261202
8.93711e-10	-0.00261244
8.93753e-10	-0.00261286
8.93794e-10	-0.00261328
8.93836e-10	-0.0026137
8.93877e-10	-0.00261411
8.93919e-10	-0.00261453
8.9396e-10	-0.00261494
8.94002e-10	-0.00261536
8.94043e-10	-0.00261577
8.94085e-10	-0.00261618
8.94126e-10	-0.00261659
8.94168e-10	-0.002617
8.94209e-10	-0.00261741
8.94251e-10	-0.00261781
8.94293e-10	-0.00261822
8.94334e-10	-0.00261862
8.94376e-10	-0.00261903
8.94417e-10	-0.00261943
8.94459e-10	-0.00261983
8.945e-10	-0.00262023
8.94542e-10	-0.00262063
8.94583e-10	-0.00262103
8.94625e-10	-0.00262143
8.94666e-10	-0.00262183
8.94708e-10	-0.00262222
8.94749e-10	-0.00262262
8.94791e-10	-0.00262301
8.94832e-10	-0.0026234
8.94874e-10	-0.0026238
8.94915e-10	-0.00262419
8.94957e-10	-0.00262458
8.94999e-10	-0.00262496
8.9504e-10	-0.00262535
8.95082e-10	-0.00262574
8.95123e-10	-0.00262612
8.95165e-10	-0.00262651
8.95206e-10	-0.00262689
8.95248e-10	-0.00262727
8.95289e-10	-0.00262766
8.95331e-10	-0.00262804
8.95372e-10	-0.00262842
8.95414e-10	-0.00262879
8.95455e-10	-0.00262917
8.95497e-10	-0.00262955
8.95538e-10	-0.00262992
8.9558e-10	-0.0026303
8.95621e-10	-0.00263067
8.95663e-10	-0.00263104
8.95705e-10	-0.00263142
8.95746e-10	-0.00263179
8.95788e-10	-0.00263215
8.95829e-10	-0.00263252
8.95871e-10	-0.00263289
8.95912e-10	-0.00263326
8.95954e-10	-0.00263362
8.95995e-10	-0.00263399
8.96037e-10	-0.00263435
8.96078e-10	-0.00263471
8.9612e-10	-0.00263507
8.96161e-10	-0.00263543
8.96203e-10	-0.00263579
8.96244e-10	-0.00263615
8.96286e-10	-0.00263651
8.96327e-10	-0.00263686
8.96369e-10	-0.00263722
8.9641e-10	-0.00263757
8.96452e-10	-0.00263792
8.96494e-10	-0.00263827
8.96535e-10	-0.00263862
8.96577e-10	-0.00263897
8.96618e-10	-0.00263932
8.9666e-10	-0.00263967
8.96701e-10	-0.00264002
8.96743e-10	-0.00264036
8.96784e-10	-0.00264071
8.96826e-10	-0.00264105
8.96867e-10	-0.00264139
8.96909e-10	-0.00264173
8.9695e-10	-0.00264207
8.96992e-10	-0.00264241
8.97033e-10	-0.00264275
8.97075e-10	-0.00264309
8.97116e-10	-0.00264342
8.97158e-10	-0.00264376
8.972e-10	-0.00264409
8.97241e-10	-0.00264443
8.97283e-10	-0.00264476
8.97324e-10	-0.00264509
8.97366e-10	-0.00264542
8.97407e-10	-0.00264575
8.97449e-10	-0.00264608
8.9749e-10	-0.0026464
8.97532e-10	-0.00264673
8.97573e-10	-0.00264705
8.97615e-10	-0.00264738
8.97656e-10	-0.0026477
8.97698e-10	-0.00264802
8.97739e-10	-0.00264834
8.97781e-10	-0.00264866
8.97822e-10	-0.00264898
8.97864e-10	-0.0026493
8.97906e-10	-0.00264961
8.97947e-10	-0.00264993
8.97989e-10	-0.00265024
8.9803e-10	-0.00265055
8.98072e-10	-0.00265087
8.98113e-10	-0.00265118
8.98155e-10	-0.00265149
8.98196e-10	-0.0026518
8.98238e-10	-0.0026521
8.98279e-10	-0.00265241
8.98321e-10	-0.00265272
8.98362e-10	-0.00265302
8.98404e-10	-0.00265333
8.98445e-10	-0.00265363
8.98487e-10	-0.00265393
8.98528e-10	-0.00265423
8.9857e-10	-0.00265453
8.98611e-10	-0.00265483
8.98653e-10	-0.00265513
8.98695e-10	-0.00265542
8.98736e-10	-0.00265572
8.98778e-10	-0.00265601
8.98819e-10	-0.0026563
8.98861e-10	-0.0026566
8.98902e-10	-0.00265689
8.98944e-10	-0.00265718
8.98985e-10	-0.00265747
8.99027e-10	-0.00265775
8.99068e-10	-0.00265804
8.9911e-10	-0.00265833
8.99151e-10	-0.00265861
8.99193e-10	-0.00265889
8.99234e-10	-0.00265918
8.99276e-10	-0.00265946
8.99317e-10	-0.00265974
8.99359e-10	-0.00266002
8.99401e-10	-0.0026603
8.99442e-10	-0.00266057
8.99484e-10	-0.00266085
8.99525e-10	-0.00266112
8.99567e-10	-0.0026614
8.99608e-10	-0.00266167
8.9965e-10	-0.00266194
8.99691e-10	-0.00266221
8.99733e-10	-0.00266248
8.99774e-10	-0.00266275
8.99816e-10	-0.00266302
8.99857e-10	-0.00266329
8.99899e-10	-0.00266355
8.9994e-10	-0.00266382
8.99982e-10	-0.00266408
9.00023e-10	-0.00266434
9.00065e-10	-0.0026646
9.00107e-10	-0.00266486
9.00148e-10	-0.00266512
9.0019e-10	-0.00266538
9.00231e-10	-0.00266564
9.00273e-10	-0.00266589
9.00314e-10	-0.00266615
9.00356e-10	-0.0026664
9.00397e-10	-0.00266665
9.00439e-10	-0.00266691
9.0048e-10	-0.00266716
9.00522e-10	-0.00266741
9.00563e-10	-0.00266765
9.00605e-10	-0.0026679
9.00646e-10	-0.00266815
9.00688e-10	-0.00266839
9.00729e-10	-0.00266864
9.00771e-10	-0.00266888
9.00812e-10	-0.00266912
9.00854e-10	-0.00266936
9.00896e-10	-0.0026696
9.00937e-10	-0.00266984
9.00979e-10	-0.00267008
9.0102e-10	-0.00267031
9.01062e-10	-0.00267055
9.01103e-10	-0.00267078
9.01145e-10	-0.00267102
9.01186e-10	-0.00267125
9.01228e-10	-0.00267148
9.01269e-10	-0.00267171
9.01311e-10	-0.00267194
9.01352e-10	-0.00267217
9.01394e-10	-0.00267239
9.01435e-10	-0.00267262
9.01477e-10	-0.00267284
9.01518e-10	-0.00267307
9.0156e-10	-0.00267329
9.01602e-10	-0.00267351
9.01643e-10	-0.00267373
9.01685e-10	-0.00267395
9.01726e-10	-0.00267417
9.01768e-10	-0.00267439
9.01809e-10	-0.0026746
9.01851e-10	-0.00267482
9.01892e-10	-0.00267503
9.01934e-10	-0.00267524
9.01975e-10	-0.00267546
9.02017e-10	-0.00267567
9.02058e-10	-0.00267588
9.021e-10	-0.00267608
9.02141e-10	-0.00267629
9.02183e-10	-0.0026765
9.02224e-10	-0.0026767
9.02266e-10	-0.00267691
9.02308e-10	-0.00267711
9.02349e-10	-0.00267731
9.02391e-10	-0.00267751
9.02432e-10	-0.00267771
9.02474e-10	-0.00267791
9.02515e-10	-0.00267811
9.02557e-10	-0.0026783
9.02598e-10	-0.0026785
9.0264e-10	-0.00267869
9.02681e-10	-0.00267889
9.02723e-10	-0.00267908
9.02764e-10	-0.00267927
9.02806e-10	-0.00267946
9.02847e-10	-0.00267965
9.02889e-10	-0.00267984
9.0293e-10	-0.00268002
9.02972e-10	-0.00268021
9.03013e-10	-0.00268039
9.03055e-10	-0.00268057
9.03097e-10	-0.00268076
9.03138e-10	-0.00268094
9.0318e-10	-0.00268112
9.03221e-10	-0.0026813
9.03263e-10	-0.00268147
9.03304e-10	-0.00268165
9.03346e-10	-0.00268183
9.03387e-10	-0.002682
9.03429e-10	-0.00268217
9.0347e-10	-0.00268235
9.03512e-10	-0.00268252
9.03553e-10	-0.00268269
9.03595e-10	-0.00268286
9.03636e-10	-0.00268302
9.03678e-10	-0.00268319
9.03719e-10	-0.00268336
9.03761e-10	-0.00268352
9.03803e-10	-0.00268369
9.03844e-10	-0.00268385
9.03886e-10	-0.00268401
9.03927e-10	-0.00268417
9.03969e-10	-0.00268433
9.0401e-10	-0.00268449
9.04052e-10	-0.00268464
9.04093e-10	-0.0026848
9.04135e-10	-0.00268495
9.04176e-10	-0.00268511
9.04218e-10	-0.00268526
9.04259e-10	-0.00268541
9.04301e-10	-0.00268556
9.04342e-10	-0.00268571
9.04384e-10	-0.00268586
9.04425e-10	-0.002686
9.04467e-10	-0.00268615
9.04509e-10	-0.00268629
9.0455e-10	-0.00268644
9.04592e-10	-0.00268658
9.04633e-10	-0.00268672
9.04675e-10	-0.00268686
9.04716e-10	-0.002687
9.04758e-10	-0.00268714
9.04799e-10	-0.00268728
9.04841e-10	-0.00268741
9.04882e-10	-0.00268755
9.04924e-10	-0.00268768
9.04965e-10	-0.00268781
9.05007e-10	-0.00268794
9.05048e-10	-0.00268807
9.0509e-10	-0.0026882
9.05131e-10	-0.00268833
9.05173e-10	-0.00268846
9.05215e-10	-0.00268858
9.05256e-10	-0.00268871
9.05298e-10	-0.00268883
9.05339e-10	-0.00268896
9.05381e-10	-0.00268908
9.05422e-10	-0.0026892
9.05464e-10	-0.00268932
9.05505e-10	-0.00268943
9.05547e-10	-0.00268955
9.05588e-10	-0.00268967
9.0563e-10	-0.00268978
9.05671e-10	-0.00268989
9.05713e-10	-0.00269001
9.05754e-10	-0.00269012
9.05796e-10	-0.00269023
9.05837e-10	-0.00269034
9.05879e-10	-0.00269045
9.0592e-10	-0.00269055
9.05962e-10	-0.00269066
9.06004e-10	-0.00269076
9.06045e-10	-0.00269087
9.06087e-10	-0.00269097
9.06128e-10	-0.00269107
9.0617e-10	-0.00269117
9.06211e-10	-0.00269127
9.06253e-10	-0.00269137
9.06294e-10	-0.00269146
9.06336e-10	-0.00269156
9.06377e-10	-0.00269165
9.06419e-10	-0.00269175
9.0646e-10	-0.00269184
9.06502e-10	-0.00269193
9.06543e-10	-0.00269202
9.06585e-10	-0.00269211
9.06626e-10	-0.0026922
9.06668e-10	-0.00269228
9.0671e-10	-0.00269237
9.06751e-10	-0.00269245
9.06793e-10	-0.00269254
9.06834e-10	-0.00269262
9.06876e-10	-0.0026927
9.06917e-10	-0.00269278
9.06959e-10	-0.00269286
9.07e-10	-0.00269294
9.07042e-10	-0.00269301
9.07083e-10	-0.00269309
9.07125e-10	-0.00269316
9.07166e-10	-0.00269323
9.07208e-10	-0.00269331
9.07249e-10	-0.00269338
9.07291e-10	-0.00269345
9.07332e-10	-0.00269352
9.07374e-10	-0.00269358
9.07416e-10	-0.00269365
9.07457e-10	-0.00269371
9.07499e-10	-0.00269378
9.0754e-10	-0.00269384
9.07582e-10	-0.0026939
9.07623e-10	-0.00269396
9.07665e-10	-0.00269402
9.07706e-10	-0.00269408
9.07748e-10	-0.00269414
9.07789e-10	-0.00269419
9.07831e-10	-0.00269425
9.07872e-10	-0.0026943
9.07914e-10	-0.00269436
9.07955e-10	-0.00269441
9.07997e-10	-0.00269446
9.08038e-10	-0.00269451
9.0808e-10	-0.00269456
9.08121e-10	-0.0026946
9.08163e-10	-0.00269465
9.08205e-10	-0.00269469
9.08246e-10	-0.00269474
9.08288e-10	-0.00269478
9.08329e-10	-0.00269482
9.08371e-10	-0.00269486
9.08412e-10	-0.0026949
9.08454e-10	-0.00269494
9.08495e-10	-0.00269497
9.08537e-10	-0.00269501
9.08578e-10	-0.00269504
9.0862e-10	-0.00269508
9.08661e-10	-0.00269511
9.08703e-10	-0.00269514
9.08744e-10	-0.00269517
9.08786e-10	-0.0026952
9.08827e-10	-0.00269523
9.08869e-10	-0.00269525
9.08911e-10	-0.00269528
9.08952e-10	-0.0026953
9.08994e-10	-0.00269533
9.09035e-10	-0.00269535
9.09077e-10	-0.00269537
9.09118e-10	-0.00269539
9.0916e-10	-0.00269541
9.09201e-10	-0.00269543
9.09243e-10	-0.00269544
9.09284e-10	-0.00269546
9.09326e-10	-0.00269547
9.09367e-10	-0.00269548
9.09409e-10	-0.0026955
9.0945e-10	-0.00269551
9.09492e-10	-0.00269551
9.09533e-10	-0.00269552
9.09575e-10	-0.00269553
9.09617e-10	-0.00269554
9.09658e-10	-0.00269554
9.097e-10	-0.00269554
9.09741e-10	-0.00269555
9.09783e-10	-0.00269555
9.09824e-10	-0.00269555
9.09866e-10	-0.00269555
9.09907e-10	-0.00269555
9.09949e-10	-0.00269554
9.0999e-10	-0.00269554
9.10032e-10	-0.00269553
9.10073e-10	-0.00269553
9.10115e-10	-0.00269552
9.10156e-10	-0.00269551
9.10198e-10	-0.0026955
9.10239e-10	-0.00269549
9.10281e-10	-0.00269547
9.10322e-10	-0.00269546
9.10364e-10	-0.00269545
9.10406e-10	-0.00269543
9.10447e-10	-0.00269541
9.10489e-10	-0.00269539
9.1053e-10	-0.00269538
9.10572e-10	-0.00269535
9.10613e-10	-0.00269533
9.10655e-10	-0.00269531
9.10696e-10	-0.00269529
9.10738e-10	-0.00269526
9.10779e-10	-0.00269523
9.10821e-10	-0.00269521
9.10862e-10	-0.00269518
9.10904e-10	-0.00269515
9.10945e-10	-0.00269512
9.10987e-10	-0.00269509
9.11028e-10	-0.00269505
9.1107e-10	-0.00269502
9.11112e-10	-0.00269498
9.11153e-10	-0.00269495
9.11195e-10	-0.00269491
9.11236e-10	-0.00269487
9.11278e-10	-0.00269483
9.11319e-10	-0.00269479
9.11361e-10	-0.00269475
9.11402e-10	-0.0026947
9.11444e-10	-0.00269466
9.11485e-10	-0.00269461
9.11527e-10	-0.00269456
9.11568e-10	-0.00269452
9.1161e-10	-0.00269447
9.11651e-10	-0.00269442
9.11693e-10	-0.00269436
9.11734e-10	-0.00269431
9.11776e-10	-0.00269426
9.11818e-10	-0.0026942
9.11859e-10	-0.00269414
9.11901e-10	-0.00269409
9.11942e-10	-0.00269403
9.11984e-10	-0.00269397
9.12025e-10	-0.00269391
9.12067e-10	-0.00269384
9.12108e-10	-0.00269378
9.1215e-10	-0.00269372
9.12191e-10	-0.00269365
9.12233e-10	-0.00269358
9.12274e-10	-0.00269352
9.12316e-10	-0.00269345
9.12357e-10	-0.00269338
9.12399e-10	-0.00269331
9.1244e-10	-0.00269323
9.12482e-10	-0.00269316
9.12523e-10	-0.00269308
9.12565e-10	-0.00269301
9.12607e-10	-0.00269293
9.12648e-10	-0.00269285
9.1269e-10	-0.00269277
9.12731e-10	-0.00269269
9.12773e-10	-0.00269261
9.12814e-10	-0.00269253
9.12856e-10	-0.00269244
9.12897e-10	-0.00269236
9.12939e-10	-0.00269227
9.1298e-10	-0.00269218
9.13022e-10	-0.00269209
9.13063e-10	-0.002692
9.13105e-10	-0.00269191
9.13146e-10	-0.00269182
9.13188e-10	-0.00269172
9.13229e-10	-0.00269163
9.13271e-10	-0.00269153
9.13313e-10	-0.00269143
9.13354e-10	-0.00269134
9.13396e-10	-0.00269124
9.13437e-10	-0.00269114
9.13479e-10	-0.00269103
9.1352e-10	-0.00269093
9.13562e-10	-0.00269083
9.13603e-10	-0.00269072
9.13645e-10	-0.00269061
9.13686e-10	-0.00269051
9.13728e-10	-0.0026904
9.13769e-10	-0.00269029
9.13811e-10	-0.00269018
9.13852e-10	-0.00269006
9.13894e-10	-0.00268995
9.13935e-10	-0.00268984
9.13977e-10	-0.00268972
9.14019e-10	-0.0026896
9.1406e-10	-0.00268948
9.14102e-10	-0.00268936
9.14143e-10	-0.00268924
9.14185e-10	-0.00268912
9.14226e-10	-0.002689
9.14268e-10	-0.00268887
9.14309e-10	-0.00268875
9.14351e-10	-0.00268862
9.14392e-10	-0.00268849
9.14434e-10	-0.00268836
9.14475e-10	-0.00268823
9.14517e-10	-0.0026881
9.14558e-10	-0.00268797
9.146e-10	-0.00268784
9.14641e-10	-0.0026877
9.14683e-10	-0.00268757
9.14724e-10	-0.00268743
9.14766e-10	-0.00268729
9.14808e-10	-0.00268715
9.14849e-10	-0.00268701
9.14891e-10	-0.00268687
9.14932e-10	-0.00268672
9.14974e-10	-0.00268658
9.15015e-10	-0.00268644
9.15057e-10	-0.00268629
9.15098e-10	-0.00268614
9.1514e-10	-0.00268599
9.15181e-10	-0.00268584
9.15223e-10	-0.00268569
9.15264e-10	-0.00268554
9.15306e-10	-0.00268538
9.15347e-10	-0.00268523
9.15389e-10	-0.00268507
9.1543e-10	-0.00268491
9.15472e-10	-0.00268476
9.15514e-10	-0.0026846
9.15555e-10	-0.00268444
9.15597e-10	-0.00268427
9.15638e-10	-0.00268411
9.1568e-10	-0.00268395
9.15721e-10	-0.00268378
9.15763e-10	-0.00268361
9.15804e-10	-0.00268345
9.15846e-10	-0.00268328
9.15887e-10	-0.00268311
9.15929e-10	-0.00268293
9.1597e-10	-0.00268276
9.16012e-10	-0.00268259
9.16053e-10	-0.00268241
9.16095e-10	-0.00268224
9.16136e-10	-0.00268206
9.16178e-10	-0.00268188
9.1622e-10	-0.0026817
9.16261e-10	-0.00268152
9.16303e-10	-0.00268134
9.16344e-10	-0.00268115
9.16386e-10	-0.00268097
9.16427e-10	-0.00268078
9.16469e-10	-0.0026806
9.1651e-10	-0.00268041
9.16552e-10	-0.00268022
9.16593e-10	-0.00268003
9.16635e-10	-0.00267984
9.16676e-10	-0.00267964
9.16718e-10	-0.00267945
9.16759e-10	-0.00267925
9.16801e-10	-0.00267906
9.16842e-10	-0.00267886
9.16884e-10	-0.00267866
9.16926e-10	-0.00267846
9.16967e-10	-0.00267826
9.17009e-10	-0.00267806
9.1705e-10	-0.00267785
9.17092e-10	-0.00267765
9.17133e-10	-0.00267744
9.17175e-10	-0.00267723
9.17216e-10	-0.00267703
9.17258e-10	-0.00267682
9.17299e-10	-0.00267661
9.17341e-10	-0.00267639
9.17382e-10	-0.00267618
9.17424e-10	-0.00267597
9.17465e-10	-0.00267575
9.17507e-10	-0.00267553
9.17548e-10	-0.00267532
9.1759e-10	-0.0026751
9.17631e-10	-0.00267488
9.17673e-10	-0.00267465
9.17715e-10	-0.00267443
9.17756e-10	-0.00267421
9.17798e-10	-0.00267398
9.17839e-10	-0.00267376
9.17881e-10	-0.00267353
9.17922e-10	-0.0026733
9.17964e-10	-0.00267307
9.18005e-10	-0.00267284
9.18047e-10	-0.00267261
9.18088e-10	-0.00267237
9.1813e-10	-0.00267214
9.18171e-10	-0.0026719
9.18213e-10	-0.00267167
9.18254e-10	-0.00267143
9.18296e-10	-0.00267119
9.18337e-10	-0.00267095
9.18379e-10	-0.0026707
9.18421e-10	-0.00267046
9.18462e-10	-0.00267022
9.18504e-10	-0.00266997
9.18545e-10	-0.00266972
9.18587e-10	-0.00266948
9.18628e-10	-0.00266923
9.1867e-10	-0.00266898
9.18711e-10	-0.00266873
9.18753e-10	-0.00266847
9.18794e-10	-0.00266822
9.18836e-10	-0.00266796
9.18877e-10	-0.00266771
9.18919e-10	-0.00266745
9.1896e-10	-0.00266719
9.19002e-10	-0.00266693
9.19043e-10	-0.00266667
9.19085e-10	-0.00266641
9.19127e-10	-0.00266614
9.19168e-10	-0.00266588
9.1921e-10	-0.00266561
9.19251e-10	-0.00266535
9.19293e-10	-0.00266508
9.19334e-10	-0.00266481
9.19376e-10	-0.00266454
9.19417e-10	-0.00266427
9.19459e-10	-0.00266399
9.195e-10	-0.00266372
9.19542e-10	-0.00266344
9.19583e-10	-0.00266317
9.19625e-10	-0.00266289
9.19666e-10	-0.00266261
9.19708e-10	-0.00266233
9.19749e-10	-0.00266205
9.19791e-10	-0.00266176
9.19832e-10	-0.00266148
9.19874e-10	-0.00266119
9.19916e-10	-0.00266091
9.19957e-10	-0.00266062
9.19999e-10	-0.00266033
9.2004e-10	-0.00266004
9.20082e-10	-0.00265975
9.20123e-10	-0.00265946
9.20165e-10	-0.00265916
9.20206e-10	-0.00265887
9.20248e-10	-0.00265857
9.20289e-10	-0.00265828
9.20331e-10	-0.00265798
9.20372e-10	-0.00265768
9.20414e-10	-0.00265738
9.20455e-10	-0.00265707
9.20497e-10	-0.00265677
9.20538e-10	-0.00265647
9.2058e-10	-0.00265616
9.20622e-10	-0.00265585
9.20663e-10	-0.00265555
9.20705e-10	-0.00265524
9.20746e-10	-0.00265493
9.20788e-10	-0.00265461
9.20829e-10	-0.0026543
9.20871e-10	-0.00265399
9.20912e-10	-0.00265367
9.20954e-10	-0.00265335
9.20995e-10	-0.00265304
9.21037e-10	-0.00265272
9.21078e-10	-0.0026524
9.2112e-10	-0.00265208
9.21161e-10	-0.00265175
9.21203e-10	-0.00265143
9.21244e-10	-0.0026511
9.21286e-10	-0.00265078
9.21328e-10	-0.00265045
9.21369e-10	-0.00265012
9.21411e-10	-0.00264979
9.21452e-10	-0.00264946
9.21494e-10	-0.00264913
9.21535e-10	-0.00264879
9.21577e-10	-0.00264846
9.21618e-10	-0.00264812
9.2166e-10	-0.00264779
9.21701e-10	-0.00264745
9.21743e-10	-0.00264711
9.21784e-10	-0.00264677
9.21826e-10	-0.00264643
9.21867e-10	-0.00264608
9.21909e-10	-0.00264574
9.2195e-10	-0.00264539
9.21992e-10	-0.00264504
9.22033e-10	-0.0026447
9.22075e-10	-0.00264435
9.22117e-10	-0.002644
9.22158e-10	-0.00264364
9.222e-10	-0.00264329
9.22241e-10	-0.00264294
9.22283e-10	-0.00264258
9.22324e-10	-0.00264223
9.22366e-10	-0.00264187
9.22407e-10	-0.00264151
9.22449e-10	-0.00264115
9.2249e-10	-0.00264079
9.22532e-10	-0.00264042
9.22573e-10	-0.00264006
9.22615e-10	-0.00263969
9.22656e-10	-0.00263933
9.22698e-10	-0.00263896
9.22739e-10	-0.00263859
9.22781e-10	-0.00263822
9.22823e-10	-0.00263785
9.22864e-10	-0.00263748
9.22906e-10	-0.0026371
9.22947e-10	-0.00263673
9.22989e-10	-0.00263635
9.2303e-10	-0.00263598
9.23072e-10	-0.0026356
9.23113e-10	-0.00263522
9.23155e-10	-0.00263484
9.23196e-10	-0.00263445
9.23238e-10	-0.00263407
9.23279e-10	-0.00263369
9.23321e-10	-0.0026333
9.23362e-10	-0.00263291
9.23404e-10	-0.00263252
9.23445e-10	-0.00263213
9.23487e-10	-0.00263174
9.23529e-10	-0.00263135
9.2357e-10	-0.00263096
9.23612e-10	-0.00263056
9.23653e-10	-0.00263017
9.23695e-10	-0.00262977
9.23736e-10	-0.00262937
9.23778e-10	-0.00262897
9.23819e-10	-0.00262857
9.23861e-10	-0.00262817
9.23902e-10	-0.00262777
9.23944e-10	-0.00262736
9.23985e-10	-0.00262696
9.24027e-10	-0.00262655
9.24068e-10	-0.00262614
9.2411e-10	-0.00262574
9.24151e-10	-0.00262533
9.24193e-10	-0.00262491
9.24234e-10	-0.0026245
9.24276e-10	-0.00262409
9.24318e-10	-0.00262367
9.24359e-10	-0.00262326
9.24401e-10	-0.00262284
9.24442e-10	-0.00262242
9.24484e-10	-0.002622
9.24525e-10	-0.00262158
9.24567e-10	-0.00262115
9.24608e-10	-0.00262073
9.2465e-10	-0.00262031
9.24691e-10	-0.00261988
9.24733e-10	-0.00261945
9.24774e-10	-0.00261902
9.24816e-10	-0.00261859
9.24857e-10	-0.00261816
9.24899e-10	-0.00261773
9.2494e-10	-0.0026173
9.24982e-10	-0.00261686
9.25024e-10	-0.00261643
9.25065e-10	-0.00261599
9.25107e-10	-0.00261555
9.25148e-10	-0.00261511
9.2519e-10	-0.00261467
9.25231e-10	-0.00261423
9.25273e-10	-0.00261378
9.25314e-10	-0.00261334
9.25356e-10	-0.00261289
9.25397e-10	-0.00261245
9.25439e-10	-0.002612
9.2548e-10	-0.00261155
9.25522e-10	-0.0026111
9.25563e-10	-0.00261065
9.25605e-10	-0.00261019
9.25646e-10	-0.00260974
9.25688e-10	-0.00260928
9.2573e-10	-0.00260883
9.25771e-10	-0.00260837
9.25813e-10	-0.00260791
9.25854e-10	-0.00260745
9.25896e-10	-0.00260699
9.25937e-10	-0.00260652
9.25979e-10	-0.00260606
9.2602e-10	-0.00260559
9.26062e-10	-0.00260513
9.26103e-10	-0.00260466
9.26145e-10	-0.00260419
9.26186e-10	-0.00260372
9.26228e-10	-0.00260325
9.26269e-10	-0.00260278
9.26311e-10	-0.0026023
9.26352e-10	-0.00260183
9.26394e-10	-0.00260135
9.26435e-10	-0.00260087
9.26477e-10	-0.00260039
9.26519e-10	-0.00259991
9.2656e-10	-0.00259943
9.26602e-10	-0.00259895
9.26643e-10	-0.00259847
9.26685e-10	-0.00259798
9.26726e-10	-0.00259749
9.26768e-10	-0.00259701
9.26809e-10	-0.00259652
9.26851e-10	-0.00259603
9.26892e-10	-0.00259554
9.26934e-10	-0.00259504
9.26975e-10	-0.00259455
9.27017e-10	-0.00259406
9.27058e-10	-0.00259356
9.271e-10	-0.00259306
9.27141e-10	-0.00259256
9.27183e-10	-0.00259206
9.27225e-10	-0.00259156
9.27266e-10	-0.00259106
9.27308e-10	-0.00259056
9.27349e-10	-0.00259005
9.27391e-10	-0.00258955
9.27432e-10	-0.00258904
9.27474e-10	-0.00258853
9.27515e-10	-0.00258802
9.27557e-10	-0.00258751
9.27598e-10	-0.002587
9.2764e-10	-0.00258648
9.27681e-10	-0.00258597
9.27723e-10	-0.00258545
9.27764e-10	-0.00258494
9.27806e-10	-0.00258442
9.27847e-10	-0.0025839
9.27889e-10	-0.00258338
9.27931e-10	-0.00258286
9.27972e-10	-0.00258233
9.28014e-10	-0.00258181
9.28055e-10	-0.00258128
9.28097e-10	-0.00258076
9.28138e-10	-0.00258023
9.2818e-10	-0.0025797
9.28221e-10	-0.00257917
9.28263e-10	-0.00257864
9.28304e-10	-0.0025781
9.28346e-10	-0.00257757
9.28387e-10	-0.00257703
9.28429e-10	-0.0025765
9.2847e-10	-0.00257596
9.28512e-10	-0.00257542
9.28553e-10	-0.00257488
9.28595e-10	-0.00257434
9.28636e-10	-0.00257379
9.28678e-10	-0.00257325
9.2872e-10	-0.0025727
9.28761e-10	-0.00257216
9.28803e-10	-0.00257161
9.28844e-10	-0.00257106
9.28886e-10	-0.00257051
9.28927e-10	-0.00256996
9.28969e-10	-0.00256941
9.2901e-10	-0.00256885
9.29052e-10	-0.0025683
9.29093e-10	-0.00256774
9.29135e-10	-0.00256718
9.29176e-10	-0.00256662
9.29218e-10	-0.00256606
9.29259e-10	-0.0025655
9.29301e-10	-0.00256494
9.29342e-10	-0.00256437
9.29384e-10	-0.00256381
9.29426e-10	-0.00256324
9.29467e-10	-0.00256268
9.29509e-10	-0.00256211
9.2955e-10	-0.00256154
9.29592e-10	-0.00256096
9.29633e-10	-0.00256039
9.29675e-10	-0.00255982
9.29716e-10	-0.00255924
9.29758e-10	-0.00255867
9.29799e-10	-0.00255809
9.29841e-10	-0.00255751
9.29882e-10	-0.00255693
9.29924e-10	-0.00255635
9.29965e-10	-0.00255577
9.30007e-10	-0.00255518
9.30048e-10	-0.0025546
9.3009e-10	-0.00255401
9.30132e-10	-0.00255342
9.30173e-10	-0.00255284
9.30215e-10	-0.00255225
9.30256e-10	-0.00255166
9.30298e-10	-0.00255106
9.30339e-10	-0.00255047
9.30381e-10	-0.00254987
9.30422e-10	-0.00254928
9.30464e-10	-0.00254868
9.30505e-10	-0.00254808
9.30547e-10	-0.00254748
9.30588e-10	-0.00254688
9.3063e-10	-0.00254628
9.30671e-10	-0.00254568
9.30713e-10	-0.00254507
9.30754e-10	-0.00254447
9.30796e-10	-0.00254386
9.30838e-10	-0.00254325
9.30879e-10	-0.00254264
9.30921e-10	-0.00254203
9.30962e-10	-0.00254142
9.31004e-10	-0.0025408
9.31045e-10	-0.00254019
9.31087e-10	-0.00253957
9.31128e-10	-0.00253896
9.3117e-10	-0.00253834
9.31211e-10	-0.00253772
9.31253e-10	-0.0025371
9.31294e-10	-0.00253648
9.31336e-10	-0.00253585
9.31377e-10	-0.00253523
9.31419e-10	-0.0025346
9.3146e-10	-0.00253398
9.31502e-10	-0.00253335
9.31543e-10	-0.00253272
9.31585e-10	-0.00253209
9.31627e-10	-0.00253145
9.31668e-10	-0.00253082
9.3171e-10	-0.00253019
9.31751e-10	-0.00252955
9.31793e-10	-0.00252891
9.31834e-10	-0.00252828
9.31876e-10	-0.00252764
9.31917e-10	-0.002527
9.31959e-10	-0.00252635
9.32e-10	-0.00252571
9.32042e-10	-0.00252507
9.32083e-10	-0.00252442
9.32125e-10	-0.00252378
9.32166e-10	-0.00252313
9.32208e-10	-0.00252248
9.32249e-10	-0.00252183
9.32291e-10	-0.00252118
9.32333e-10	-0.00252052
9.32374e-10	-0.00251987
9.32416e-10	-0.00251921
9.32457e-10	-0.00251856
9.32499e-10	-0.0025179
9.3254e-10	-0.00251724
9.32582e-10	-0.00251658
9.32623e-10	-0.00251592
9.32665e-10	-0.00251525
9.32706e-10	-0.00251459
9.32748e-10	-0.00251392
9.32789e-10	-0.00251326
9.32831e-10	-0.00251259
9.32872e-10	-0.00251192
9.32914e-10	-0.00251125
9.32955e-10	-0.00251058
9.32997e-10	-0.00250991
9.33039e-10	-0.00250923
9.3308e-10	-0.00250856
9.33122e-10	-0.00250788
9.33163e-10	-0.0025072
9.33205e-10	-0.00250652
9.33246e-10	-0.00250584
9.33288e-10	-0.00250516
9.33329e-10	-0.00250448
9.33371e-10	-0.0025038
9.33412e-10	-0.00250311
9.33454e-10	-0.00250242
9.33495e-10	-0.00250174
9.33537e-10	-0.00250105
9.33578e-10	-0.00250036
9.3362e-10	-0.00249967
9.33661e-10	-0.00249897
9.33703e-10	-0.00249828
9.33744e-10	-0.00249758
9.33786e-10	-0.00249689
9.33828e-10	-0.00249619
9.33869e-10	-0.00249549
9.33911e-10	-0.00249479
9.33952e-10	-0.00249409
9.33994e-10	-0.00249339
9.34035e-10	-0.00249268
9.34077e-10	-0.00249198
9.34118e-10	-0.00249127
9.3416e-10	-0.00249057
9.34201e-10	-0.00248986
9.34243e-10	-0.00248915
9.34284e-10	-0.00248844
9.34326e-10	-0.00248772
9.34367e-10	-0.00248701
9.34409e-10	-0.00248629
9.3445e-10	-0.00248558
9.34492e-10	-0.00248486
9.34534e-10	-0.00248414
9.34575e-10	-0.00248342
9.34617e-10	-0.0024827
9.34658e-10	-0.00248198
9.347e-10	-0.00248126
9.34741e-10	-0.00248053
9.34783e-10	-0.0024798
9.34824e-10	-0.00247908
9.34866e-10	-0.00247835
9.34907e-10	-0.00247762
9.34949e-10	-0.00247689
9.3499e-10	-0.00247616
9.35032e-10	-0.00247542
9.35073e-10	-0.00247469
9.35115e-10	-0.00247395
9.35156e-10	-0.00247321
9.35198e-10	-0.00247248
9.3524e-10	-0.00247174
9.35281e-10	-0.002471
9.35323e-10	-0.00247025
9.35364e-10	-0.00246951
9.35406e-10	-0.00246877
9.35447e-10	-0.00246802
9.35489e-10	-0.00246727
9.3553e-10	-0.00246652
9.35572e-10	-0.00246577
9.35613e-10	-0.00246502
9.35655e-10	-0.00246427
9.35696e-10	-0.00246352
9.35738e-10	-0.00246276
9.35779e-10	-0.00246201
9.35821e-10	-0.00246125
9.35862e-10	-0.00246049
9.35904e-10	-0.00245973
9.35945e-10	-0.00245897
9.35987e-10	-0.00245821
9.36029e-10	-0.00245745
9.3607e-10	-0.00245668
9.36112e-10	-0.00245592
9.36153e-10	-0.00245515
9.36195e-10	-0.00245438
9.36236e-10	-0.00245361
9.36278e-10	-0.00245284
9.36319e-10	-0.00245207
9.36361e-10	-0.0024513
9.36402e-10	-0.00245052
9.36444e-10	-0.00244975
9.36485e-10	-0.00244897
9.36527e-10	-0.00244819
9.36568e-10	-0.00244741
9.3661e-10	-0.00244663
9.36651e-10	-0.00244585
9.36693e-10	-0.00244507
9.36735e-10	-0.00244428
9.36776e-10	-0.0024435
9.36818e-10	-0.00244271
9.36859e-10	-0.00244192
9.36901e-10	-0.00244113
9.36942e-10	-0.00244034
9.36984e-10	-0.00243955
9.37025e-10	-0.00243876
9.37067e-10	-0.00243796
9.37108e-10	-0.00243717
9.3715e-10	-0.00243637
9.37191e-10	-0.00243557
9.37233e-10	-0.00243477
9.37274e-10	-0.00243397
9.37316e-10	-0.00243317
9.37357e-10	-0.00243237
9.37399e-10	-0.00243157
9.37441e-10	-0.00243076
9.37482e-10	-0.00242995
9.37524e-10	-0.00242915
9.37565e-10	-0.00242834
9.37607e-10	-0.00242753
9.37648e-10	-0.00242671
9.3769e-10	-0.0024259
9.37731e-10	-0.00242509
9.37773e-10	-0.00242427
9.37814e-10	-0.00242346
9.37856e-10	-0.00242264
9.37897e-10	-0.00242182
9.37939e-10	-0.002421
9.3798e-10	-0.00242018
9.38022e-10	-0.00241936
9.38063e-10	-0.00241853
9.38105e-10	-0.00241771
9.38146e-10	-0.00241688
9.38188e-10	-0.00241605
9.3823e-10	-0.00241522
9.38271e-10	-0.00241439
9.38313e-10	-0.00241356
9.38354e-10	-0.00241273
9.38396e-10	-0.0024119
9.38437e-10	-0.00241106
9.38479e-10	-0.00241022
9.3852e-10	-0.00240939
9.38562e-10	-0.00240855
9.38603e-10	-0.00240771
9.38645e-10	-0.00240687
9.38686e-10	-0.00240602
9.38728e-10	-0.00240518
9.38769e-10	-0.00240434
9.38811e-10	-0.00240349
9.38852e-10	-0.00240264
9.38894e-10	-0.00240179
9.38936e-10	-0.00240094
9.38977e-10	-0.00240009
9.39019e-10	-0.00239924
9.3906e-10	-0.00239839
9.39102e-10	-0.00239753
9.39143e-10	-0.00239668
9.39185e-10	-0.00239582
9.39226e-10	-0.00239496
9.39268e-10	-0.0023941
9.39309e-10	-0.00239324
9.39351e-10	-0.00239238
9.39392e-10	-0.00239151
9.39434e-10	-0.00239065
9.39475e-10	-0.00238978
9.39517e-10	-0.00238892
9.39558e-10	-0.00238805
9.396e-10	-0.00238718
9.39642e-10	-0.00238631
9.39683e-10	-0.00238543
9.39725e-10	-0.00238456
9.39766e-10	-0.00238369
9.39808e-10	-0.00238281
9.39849e-10	-0.00238193
9.39891e-10	-0.00238105
9.39932e-10	-0.00238018
9.39974e-10	-0.00237929
9.40015e-10	-0.00237841
9.40057e-10	-0.00237753
9.40098e-10	-0.00237664
9.4014e-10	-0.00237576
9.40181e-10	-0.00237487
9.40223e-10	-0.00237398
9.40264e-10	-0.00237309
9.40306e-10	-0.0023722
9.40347e-10	-0.00237131
9.40389e-10	-0.00237042
9.40431e-10	-0.00236952
9.40472e-10	-0.00236863
9.40514e-10	-0.00236773
9.40555e-10	-0.00236683
9.40597e-10	-0.00236593
9.40638e-10	-0.00236503
9.4068e-10	-0.00236413
9.40721e-10	-0.00236323
9.40763e-10	-0.00236233
9.40804e-10	-0.00236142
9.40846e-10	-0.00236051
9.40887e-10	-0.00235961
9.40929e-10	-0.0023587
9.4097e-10	-0.00235779
9.41012e-10	-0.00235687
9.41053e-10	-0.00235596
9.41095e-10	-0.00235505
9.41137e-10	-0.00235413
9.41178e-10	-0.00235322
9.4122e-10	-0.0023523
9.41261e-10	-0.00235138
9.41303e-10	-0.00235046
9.41344e-10	-0.00234954
9.41386e-10	-0.00234861
9.41427e-10	-0.00234769
9.41469e-10	-0.00234676
9.4151e-10	-0.00234584
9.41552e-10	-0.00234491
9.41593e-10	-0.00234398
9.41635e-10	-0.00234305
9.41676e-10	-0.00234212
9.41718e-10	-0.00234119
9.41759e-10	-0.00234025
9.41801e-10	-0.00233932
9.41843e-10	-0.00233838
9.41884e-10	-0.00233745
9.41926e-10	-0.00233651
9.41967e-10	-0.00233557
9.42009e-10	-0.00233463
9.4205e-10	-0.00233368
9.42092e-10	-0.00233274
9.42133e-10	-0.00233179
9.42175e-10	-0.00233085
9.42216e-10	-0.0023299
9.42258e-10	-0.00232895
9.42299e-10	-0.002328
9.42341e-10	-0.00232705
9.42382e-10	-0.0023261
9.42424e-10	-0.00232515
9.42465e-10	-0.00232419
9.42507e-10	-0.00232323
9.42549e-10	-0.00232228
9.4259e-10	-0.00232132
9.42632e-10	-0.00232036
9.42673e-10	-0.0023194
9.42715e-10	-0.00231844
9.42756e-10	-0.00231747
9.42798e-10	-0.00231651
9.42839e-10	-0.00231554
9.42881e-10	-0.00231458
9.42922e-10	-0.00231361
9.42964e-10	-0.00231264
9.43005e-10	-0.00231167
9.43047e-10	-0.0023107
9.43088e-10	-0.00230972
9.4313e-10	-0.00230875
9.43171e-10	-0.00230777
9.43213e-10	-0.0023068
9.43254e-10	-0.00230582
9.43296e-10	-0.00230484
9.43338e-10	-0.00230386
9.43379e-10	-0.00230288
9.43421e-10	-0.00230189
9.43462e-10	-0.00230091
9.43504e-10	-0.00229992
9.43545e-10	-0.00229894
9.43587e-10	-0.00229795
9.43628e-10	-0.00229696
9.4367e-10	-0.00229597
9.43711e-10	-0.00229498
9.43753e-10	-0.00229398
9.43794e-10	-0.00229299
9.43836e-10	-0.002292
9.43877e-10	-0.002291
9.43919e-10	-0.00229
9.4396e-10	-0.002289
9.44002e-10	-0.002288
9.44044e-10	-0.002287
9.44085e-10	-0.002286
9.44127e-10	-0.00228499
9.44168e-10	-0.00228399
9.4421e-10	-0.00228298
9.44251e-10	-0.00228198
9.44293e-10	-0.00228097
9.44334e-10	-0.00227996
9.44376e-10	-0.00227895
9.44417e-10	-0.00227793
9.44459e-10	-0.00227692
9.445e-10	-0.0022759
9.44542e-10	-0.00227489
9.44583e-10	-0.00227387
9.44625e-10	-0.00227285
9.44666e-10	-0.00227183
9.44708e-10	-0.00227081
9.4475e-10	-0.00226979
9.44791e-10	-0.00226877
9.44833e-10	-0.00226774
9.44874e-10	-0.00226672
9.44916e-10	-0.00226569
9.44957e-10	-0.00226466
9.44999e-10	-0.00226363
9.4504e-10	-0.0022626
9.45082e-10	-0.00226157
9.45123e-10	-0.00226054
9.45165e-10	-0.0022595
9.45206e-10	-0.00225846
9.45248e-10	-0.00225743
9.45289e-10	-0.00225639
9.45331e-10	-0.00225535
9.45372e-10	-0.00225431
9.45414e-10	-0.00225327
9.45455e-10	-0.00225223
9.45497e-10	-0.00225118
9.45539e-10	-0.00225014
9.4558e-10	-0.00224909
9.45622e-10	-0.00224804
9.45663e-10	-0.00224699
9.45705e-10	-0.00224594
9.45746e-10	-0.00224489
9.45788e-10	-0.00224384
9.45829e-10	-0.00224278
9.45871e-10	-0.00224173
9.45912e-10	-0.00224067
9.45954e-10	-0.00223961
9.45995e-10	-0.00223856
9.46037e-10	-0.0022375
9.46078e-10	-0.00223643
9.4612e-10	-0.00223537
9.46161e-10	-0.00223431
9.46203e-10	-0.00223324
9.46245e-10	-0.00223218
9.46286e-10	-0.00223111
9.46328e-10	-0.00223004
9.46369e-10	-0.00222897
9.46411e-10	-0.0022279
9.46452e-10	-0.00222683
9.46494e-10	-0.00222575
9.46535e-10	-0.00222468
9.46577e-10	-0.0022236
9.46618e-10	-0.00222253
9.4666e-10	-0.00222145
9.46701e-10	-0.00222037
9.46743e-10	-0.00221929
9.46784e-10	-0.00221821
9.46826e-10	-0.00221712
9.46867e-10	-0.00221604
9.46909e-10	-0.00221495
9.46951e-10	-0.00221387
9.46992e-10	-0.00221278
9.47034e-10	-0.00221169
9.47075e-10	-0.0022106
9.47117e-10	-0.00220951
9.47158e-10	-0.00220841
9.472e-10	-0.00220732
9.47241e-10	-0.00220622
9.47283e-10	-0.00220513
9.47324e-10	-0.00220403
9.47366e-10	-0.00220293
9.47407e-10	-0.00220183
9.47449e-10	-0.00220073
9.4749e-10	-0.00219963
9.47532e-10	-0.00219852
9.47573e-10	-0.00219742
9.47615e-10	-0.00219631
9.47656e-10	-0.0021952
9.47698e-10	-0.00219409
9.4774e-10	-0.00219298
9.47781e-10	-0.00219187
9.47823e-10	-0.00219076
9.47864e-10	-0.00218965
9.47906e-10	-0.00218853
9.47947e-10	-0.00218742
9.47989e-10	-0.0021863
9.4803e-10	-0.00218518
9.48072e-10	-0.00218406
9.48113e-10	-0.00218294
9.48155e-10	-0.00218182
9.48196e-10	-0.0021807
9.48238e-10	-0.00217957
9.48279e-10	-0.00217845
9.48321e-10	-0.00217732
9.48362e-10	-0.00217619
9.48404e-10	-0.00217506
9.48446e-10	-0.00217393
9.48487e-10	-0.0021728
9.48529e-10	-0.00217167
9.4857e-10	-0.00217053
9.48612e-10	-0.0021694
9.48653e-10	-0.00216826
9.48695e-10	-0.00216712
9.48736e-10	-0.00216598
9.48778e-10	-0.00216484
9.48819e-10	-0.0021637
9.48861e-10	-0.00216256
9.48902e-10	-0.00216142
9.48944e-10	-0.00216027
9.48985e-10	-0.00215912
9.49027e-10	-0.00215798
9.49068e-10	-0.00215683
9.4911e-10	-0.00215568
9.49152e-10	-0.00215453
9.49193e-10	-0.00215338
9.49235e-10	-0.00215222
9.49276e-10	-0.00215107
9.49318e-10	-0.00214991
9.49359e-10	-0.00214875
9.49401e-10	-0.0021476
9.49442e-10	-0.00214644
9.49484e-10	-0.00214528
9.49525e-10	-0.00214411
9.49567e-10	-0.00214295
9.49608e-10	-0.00214179
9.4965e-10	-0.00214062
9.49691e-10	-0.00213945
9.49733e-10	-0.00213829
9.49774e-10	-0.00213712
9.49816e-10	-0.00213595
9.49857e-10	-0.00213478
9.49899e-10	-0.0021336
9.49941e-10	-0.00213243
9.49982e-10	-0.00213125
9.50024e-10	-0.00213008
9.50065e-10	-0.0021289
9.50107e-10	-0.00212772
9.50148e-10	-0.00212654
9.5019e-10	-0.00212536
9.50231e-10	-0.00212418
9.50273e-10	-0.00212299
9.50314e-10	-0.00212181
9.50356e-10	-0.00212062
9.50397e-10	-0.00211944
9.50439e-10	-0.00211825
9.5048e-10	-0.00211706
9.50522e-10	-0.00211587
9.50563e-10	-0.00211468
9.50605e-10	-0.00211348
9.50647e-10	-0.00211229
9.50688e-10	-0.00211109
9.5073e-10	-0.0021099
9.50771e-10	-0.0021087
9.50813e-10	-0.0021075
9.50854e-10	-0.0021063
9.50896e-10	-0.0021051
9.50937e-10	-0.00210389
9.50979e-10	-0.00210269
9.5102e-10	-0.00210149
9.51062e-10	-0.00210028
9.51103e-10	-0.00209907
9.51145e-10	-0.00209786
9.51186e-10	-0.00209665
9.51228e-10	-0.00209544
9.51269e-10	-0.00209423
9.51311e-10	-0.00209302
9.51353e-10	-0.0020918
9.51394e-10	-0.00209059
9.51436e-10	-0.00208937
9.51477e-10	-0.00208815
9.51519e-10	-0.00208693
9.5156e-10	-0.00208571
9.51602e-10	-0.00208449
9.51643e-10	-0.00208326
9.51685e-10	-0.00208204
9.51726e-10	-0.00208082
9.51768e-10	-0.00207959
9.51809e-10	-0.00207836
9.51851e-10	-0.00207713
9.51892e-10	-0.0020759
9.51934e-10	-0.00207467
9.51975e-10	-0.00207344
9.52017e-10	-0.0020722
9.52058e-10	-0.00207097
9.521e-10	-0.00206973
9.52142e-10	-0.0020685
9.52183e-10	-0.00206726
9.52225e-10	-0.00206602
9.52266e-10	-0.00206478
9.52308e-10	-0.00206353
9.52349e-10	-0.00206229
9.52391e-10	-0.00206105
9.52432e-10	-0.0020598
9.52474e-10	-0.00205855
9.52515e-10	-0.00205731
9.52557e-10	-0.00205606
9.52598e-10	-0.00205481
9.5264e-10	-0.00205355
9.52681e-10	-0.0020523
9.52723e-10	-0.00205105
9.52764e-10	-0.00204979
9.52806e-10	-0.00204854
9.52848e-10	-0.00204728
9.52889e-10	-0.00204602
9.52931e-10	-0.00204476
9.52972e-10	-0.0020435
9.53014e-10	-0.00204224
9.53055e-10	-0.00204097
9.53097e-10	-0.00203971
9.53138e-10	-0.00203844
9.5318e-10	-0.00203717
9.53221e-10	-0.00203591
9.53263e-10	-0.00203464
9.53304e-10	-0.00203337
9.53346e-10	-0.00203209
9.53387e-10	-0.00203082
9.53429e-10	-0.00202955
9.5347e-10	-0.00202827
9.53512e-10	-0.002027
9.53554e-10	-0.00202572
9.53595e-10	-0.00202444
9.53637e-10	-0.00202316
9.53678e-10	-0.00202188
9.5372e-10	-0.00202059
9.53761e-10	-0.00201931
9.53803e-10	-0.00201803
9.53844e-10	-0.00201674
9.53886e-10	-0.00201545
9.53927e-10	-0.00201417
9.53969e-10	-0.00201288
9.5401e-10	-0.00201158
9.54052e-10	-0.00201029
9.54093e-10	-0.002009
9.54135e-10	-0.00200771
9.54176e-10	-0.00200641
9.54218e-10	-0.00200511
9.54259e-10	-0.00200382
9.54301e-10	-0.00200252
9.54343e-10	-0.00200122
9.54384e-10	-0.00199992
9.54426e-10	-0.00199861
9.54467e-10	-0.00199731
9.54509e-10	-0.001996
9.5455e-10	-0.0019947
9.54592e-10	-0.00199339
9.54633e-10	-0.00199208
9.54675e-10	-0.00199077
9.54716e-10	-0.00198946
9.54758e-10	-0.00198815
9.54799e-10	-0.00198684
9.54841e-10	-0.00198552
9.54882e-10	-0.00198421
9.54924e-10	-0.00198289
9.54965e-10	-0.00198157
9.55007e-10	-0.00198025
9.55049e-10	-0.00197893
9.5509e-10	-0.00197761
9.55132e-10	-0.00197629
9.55173e-10	-0.00197497
9.55215e-10	-0.00197364
9.55256e-10	-0.00197232
9.55298e-10	-0.00197099
9.55339e-10	-0.00196966
9.55381e-10	-0.00196833
9.55422e-10	-0.001967
9.55464e-10	-0.00196567
9.55505e-10	-0.00196433
9.55547e-10	-0.001963
9.55588e-10	-0.00196167
9.5563e-10	-0.00196033
9.55671e-10	-0.00195899
9.55713e-10	-0.00195765
9.55755e-10	-0.00195631
9.55796e-10	-0.00195497
9.55838e-10	-0.00195363
9.55879e-10	-0.00195229
9.55921e-10	-0.00195094
9.55962e-10	-0.00194959
9.56004e-10	-0.00194825
9.56045e-10	-0.0019469
9.56087e-10	-0.00194555
9.56128e-10	-0.0019442
9.5617e-10	-0.00194285
9.56211e-10	-0.00194149
9.56253e-10	-0.00194014
9.56294e-10	-0.00193879
9.56336e-10	-0.00193743
9.56377e-10	-0.00193607
9.56419e-10	-0.00193471
9.56461e-10	-0.00193335
9.56502e-10	-0.00193199
9.56544e-10	-0.00193063
9.56585e-10	-0.00192927
9.56627e-10	-0.0019279
9.56668e-10	-0.00192654
9.5671e-10	-0.00192517
9.56751e-10	-0.0019238
9.56793e-10	-0.00192243
9.56834e-10	-0.00192106
9.56876e-10	-0.00191969
9.56917e-10	-0.00191832
9.56959e-10	-0.00191694
9.57e-10	-0.00191557
9.57042e-10	-0.00191419
9.57083e-10	-0.00191282
9.57125e-10	-0.00191144
9.57166e-10	-0.00191006
9.57208e-10	-0.00190868
9.5725e-10	-0.00190729
9.57291e-10	-0.00190591
9.57333e-10	-0.00190453
9.57374e-10	-0.00190314
9.57416e-10	-0.00190175
9.57457e-10	-0.00190037
9.57499e-10	-0.00189898
9.5754e-10	-0.00189759
9.57582e-10	-0.0018962
9.57623e-10	-0.0018948
9.57665e-10	-0.00189341
9.57706e-10	-0.00189202
9.57748e-10	-0.00189062
9.57789e-10	-0.00188922
9.57831e-10	-0.00188783
9.57872e-10	-0.00188643
9.57914e-10	-0.00188503
9.57956e-10	-0.00188362
9.57997e-10	-0.00188222
9.58039e-10	-0.00188082
9.5808e-10	-0.00187941
9.58122e-10	-0.00187801
9.58163e-10	-0.0018766
9.58205e-10	-0.00187519
9.58246e-10	-0.00187378
9.58288e-10	-0.00187237
9.58329e-10	-0.00187096
9.58371e-10	-0.00186955
9.58412e-10	-0.00186813
9.58454e-10	-0.00186672
9.58495e-10	-0.0018653
9.58537e-10	-0.00186388
9.58578e-10	-0.00186246
9.5862e-10	-0.00186104
9.58662e-10	-0.00185962
9.58703e-10	-0.0018582
9.58745e-10	-0.00185678
9.58786e-10	-0.00185535
9.58828e-10	-0.00185393
9.58869e-10	-0.0018525
9.58911e-10	-0.00185107
9.58952e-10	-0.00184964
9.58994e-10	-0.00184821
9.59035e-10	-0.00184678
9.59077e-10	-0.00184535
9.59118e-10	-0.00184391
9.5916e-10	-0.00184248
9.59201e-10	-0.00184104
9.59243e-10	-0.00183961
9.59284e-10	-0.00183817
9.59326e-10	-0.00183673
9.59367e-10	-0.00183529
9.59409e-10	-0.00183385
9.59451e-10	-0.0018324
9.59492e-10	-0.00183096
9.59534e-10	-0.00182951
9.59575e-10	-0.00182807
9.59617e-10	-0.00182662
9.59658e-10	-0.00182517
9.597e-10	-0.00182372
9.59741e-10	-0.00182227
9.59783e-10	-0.00182082
9.59824e-10	-0.00181937
9.59866e-10	-0.00181791
9.59907e-10	-0.00181646
9.59949e-10	-0.001815
9.5999e-10	-0.00181354
9.60032e-10	-0.00181208
9.60073e-10	-0.00181062
9.60115e-10	-0.00180916
9.60157e-10	-0.0018077
9.60198e-10	-0.00180624
9.6024e-10	-0.00180477
9.60281e-10	-0.00180331
9.60323e-10	-0.00180184
9.60364e-10	-0.00180037
9.60406e-10	-0.0017989
9.60447e-10	-0.00179743
9.60489e-10	-0.00179596
9.6053e-10	-0.00179449
9.60572e-10	-0.00179301
9.60613e-10	-0.00179154
9.60655e-10	-0.00179006
9.60696e-10	-0.00178859
9.60738e-10	-0.00178711
9.60779e-10	-0.00178563
9.60821e-10	-0.00178415
9.60863e-10	-0.00178267
9.60904e-10	-0.00178118
9.60946e-10	-0.0017797
9.60987e-10	-0.00177822
9.61029e-10	-0.00177673
9.6107e-10	-0.00177524
9.61112e-10	-0.00177375
9.61153e-10	-0.00177227
9.61195e-10	-0.00177077
9.61236e-10	-0.00176928
9.61278e-10	-0.00176779
9.61319e-10	-0.0017663
9.61361e-10	-0.0017648
9.61402e-10	-0.00176331
9.61444e-10	-0.00176181
9.61485e-10	-0.00176031
9.61527e-10	-0.00175881
9.61568e-10	-0.00175731
9.6161e-10	-0.00175581
9.61652e-10	-0.0017543
9.61693e-10	-0.0017528
9.61735e-10	-0.0017513
9.61776e-10	-0.00174979
9.61818e-10	-0.00174828
9.61859e-10	-0.00174677
9.61901e-10	-0.00174526
9.61942e-10	-0.00174375
9.61984e-10	-0.00174224
9.62025e-10	-0.00174073
9.62067e-10	-0.00173921
9.62108e-10	-0.0017377
9.6215e-10	-0.00173618
9.62191e-10	-0.00173467
9.62233e-10	-0.00173315
9.62274e-10	-0.00173163
9.62316e-10	-0.00173011
9.62358e-10	-0.00172858
9.62399e-10	-0.00172706
9.62441e-10	-0.00172554
9.62482e-10	-0.00172401
9.62524e-10	-0.00172249
9.62565e-10	-0.00172096
9.62607e-10	-0.00171943
9.62648e-10	-0.0017179
9.6269e-10	-0.00171637
9.62731e-10	-0.00171484
9.62773e-10	-0.0017133
9.62814e-10	-0.00171177
9.62856e-10	-0.00171023
9.62897e-10	-0.0017087
9.62939e-10	-0.00170716
9.6298e-10	-0.00170562
9.63022e-10	-0.00170408
9.63064e-10	-0.00170254
9.63105e-10	-0.001701
9.63147e-10	-0.00169946
9.63188e-10	-0.00169791
9.6323e-10	-0.00169637
9.63271e-10	-0.00169482
9.63313e-10	-0.00169327
9.63354e-10	-0.00169172
9.63396e-10	-0.00169017
9.63437e-10	-0.00168862
9.63479e-10	-0.00168707
9.6352e-10	-0.00168552
9.63562e-10	-0.00168396
9.63603e-10	-0.00168241
9.63645e-10	-0.00168085
9.63686e-10	-0.0016793
9.63728e-10	-0.00167774
9.63769e-10	-0.00167618
9.63811e-10	-0.00167462
9.63853e-10	-0.00167305
9.63894e-10	-0.00167149
9.63936e-10	-0.00166993
9.63977e-10	-0.00166836
9.64019e-10	-0.0016668
9.6406e-10	-0.00166523
9.64102e-10	-0.00166366
9.64143e-10	-0.00166209
9.64185e-10	-0.00166052
9.64226e-10	-0.00165895
9.64268e-10	-0.00165738
9.64309e-10	-0.0016558
9.64351e-10	-0.00165423
9.64392e-10	-0.00165265
9.64434e-10	-0.00165107
9.64475e-10	-0.00164949
9.64517e-10	-0.00164791
9.64559e-10	-0.00164633
9.646e-10	-0.00164475
9.64642e-10	-0.00164317
9.64683e-10	-0.00164159
9.64725e-10	-0.00164
9.64766e-10	-0.00163841
9.64808e-10	-0.00163683
9.64849e-10	-0.00163524
9.64891e-10	-0.00163365
9.64932e-10	-0.00163206
9.64974e-10	-0.00163047
9.65015e-10	-0.00162888
9.65057e-10	-0.00162728
9.65098e-10	-0.00162569
9.6514e-10	-0.00162409
9.65181e-10	-0.00162249
9.65223e-10	-0.0016209
9.65265e-10	-0.0016193
9.65306e-10	-0.0016177
9.65348e-10	-0.0016161
9.65389e-10	-0.00161449
9.65431e-10	-0.00161289
9.65472e-10	-0.00161129
9.65514e-10	-0.00160968
9.65555e-10	-0.00160807
9.65597e-10	-0.00160646
9.65638e-10	-0.00160486
9.6568e-10	-0.00160325
9.65721e-10	-0.00160163
9.65763e-10	-0.00160002
9.65804e-10	-0.00159841
9.65846e-10	-0.00159679
9.65887e-10	-0.00159518
9.65929e-10	-0.00159356
9.6597e-10	-0.00159195
9.66012e-10	-0.00159033
9.66054e-10	-0.00158871
9.66095e-10	-0.00158709
9.66137e-10	-0.00158546
9.66178e-10	-0.00158384
9.6622e-10	-0.00158222
9.66261e-10	-0.00158059
9.66303e-10	-0.00157897
9.66344e-10	-0.00157734
9.66386e-10	-0.00157571
9.66427e-10	-0.00157408
9.66469e-10	-0.00157245
9.6651e-10	-0.00157082
9.66552e-10	-0.00156919
9.66593e-10	-0.00156755
9.66635e-10	-0.00156592
9.66676e-10	-0.00156428
9.66718e-10	-0.00156264
9.6676e-10	-0.00156101
9.66801e-10	-0.00155937
9.66843e-10	-0.00155773
9.66884e-10	-0.00155609
9.66926e-10	-0.00155444
9.66967e-10	-0.0015528
9.67009e-10	-0.00155116
9.6705e-10	-0.00154951
9.67092e-10	-0.00154786
9.67133e-10	-0.00154622
9.67175e-10	-0.00154457
9.67216e-10	-0.00154292
9.67258e-10	-0.00154127
9.67299e-10	-0.00153961
9.67341e-10	-0.00153796
9.67382e-10	-0.00153631
9.67424e-10	-0.00153465
9.67466e-10	-0.00153299
9.67507e-10	-0.00153134
9.67549e-10	-0.00152968
9.6759e-10	-0.00152802
9.67632e-10	-0.00152636
9.67673e-10	-0.0015247
9.67715e-10	-0.00152303
9.67756e-10	-0.00152137
9.67798e-10	-0.00151971
9.67839e-10	-0.00151804
9.67881e-10	-0.00151637
9.67922e-10	-0.00151471
9.67964e-10	-0.00151304
9.68005e-10	-0.00151137
9.68047e-10	-0.0015097
9.68088e-10	-0.00150802
9.6813e-10	-0.00150635
9.68172e-10	-0.00150468
9.68213e-10	-0.001503
9.68255e-10	-0.00150132
9.68296e-10	-0.00149965
9.68338e-10	-0.00149797
9.68379e-10	-0.00149629
9.68421e-10	-0.00149461
9.68462e-10	-0.00149293
9.68504e-10	-0.00149124
9.68545e-10	-0.00148956
9.68587e-10	-0.00148787
9.68628e-10	-0.00148619
9.6867e-10	-0.0014845
9.68711e-10	-0.00148281
9.68753e-10	-0.00148112
9.68794e-10	-0.00147943
9.68836e-10	-0.00147774
9.68877e-10	-0.00147605
9.68919e-10	-0.00147436
9.68961e-10	-0.00147266
9.69002e-10	-0.00147097
9.69044e-10	-0.00146927
9.69085e-10	-0.00146757
9.69127e-10	-0.00146587
9.69168e-10	-0.00146418
9.6921e-10	-0.00146247
9.69251e-10	-0.00146077
9.69293e-10	-0.00145907
9.69334e-10	-0.00145737
9.69376e-10	-0.00145566
9.69417e-10	-0.00145396
9.69459e-10	-0.00145225
9.695e-10	-0.00145054
9.69542e-10	-0.00144883
9.69583e-10	-0.00144712
9.69625e-10	-0.00144541
9.69667e-10	-0.0014437
9.69708e-10	-0.00144198
9.6975e-10	-0.00144027
9.69791e-10	-0.00143856
9.69833e-10	-0.00143684
9.69874e-10	-0.00143512
9.69916e-10	-0.0014334
9.69957e-10	-0.00143168
9.69999e-10	-0.00142996
9.7004e-10	-0.00142824
9.70082e-10	-0.00142652
9.70123e-10	-0.0014248
9.70165e-10	-0.00142307
9.70206e-10	-0.00142135
9.70248e-10	-0.00141962
9.70289e-10	-0.00141789
9.70331e-10	-0.00141616
9.70373e-10	-0.00141443
9.70414e-10	-0.0014127
9.70456e-10	-0.00141097
9.70497e-10	-0.00140924
9.70539e-10	-0.0014075
9.7058e-10	-0.00140577
9.70622e-10	-0.00140403
9.70663e-10	-0.0014023
9.70705e-10	-0.00140056
9.70746e-10	-0.00139882
9.70788e-10	-0.00139708
9.70829e-10	-0.00139534
9.70871e-10	-0.00139359
9.70912e-10	-0.00139185
9.70954e-10	-0.00139011
9.70995e-10	-0.00138836
9.71037e-10	-0.00138662
9.71078e-10	-0.00138487
9.7112e-10	-0.00138312
9.71162e-10	-0.00138137
9.71203e-10	-0.00137962
9.71245e-10	-0.00137787
9.71286e-10	-0.00137612
9.71328e-10	-0.00137436
9.71369e-10	-0.00137261
9.71411e-10	-0.00137085
9.71452e-10	-0.0013691
9.71494e-10	-0.00136734
9.71535e-10	-0.00136558
9.71577e-10	-0.00136382
9.71618e-10	-0.00136206
9.7166e-10	-0.0013603
9.71701e-10	-0.00135854
9.71743e-10	-0.00135677
9.71784e-10	-0.00135501
9.71826e-10	-0.00135324
9.71868e-10	-0.00135148
9.71909e-10	-0.00134971
9.71951e-10	-0.00134794
9.71992e-10	-0.00134617
9.72034e-10	-0.0013444
9.72075e-10	-0.00134263
9.72117e-10	-0.00134085
9.72158e-10	-0.00133908
9.722e-10	-0.00133731
9.72241e-10	-0.00133553
9.72283e-10	-0.00133375
9.72324e-10	-0.00133197
9.72366e-10	-0.0013302
9.72407e-10	-0.00132842
9.72449e-10	-0.00132664
9.7249e-10	-0.00132485
9.72532e-10	-0.00132307
9.72574e-10	-0.00132129
9.72615e-10	-0.0013195
9.72657e-10	-0.00131772
9.72698e-10	-0.00131593
9.7274e-10	-0.00131414
9.72781e-10	-0.00131235
9.72823e-10	-0.00131056
9.72864e-10	-0.00130877
9.72906e-10	-0.00130698
9.72947e-10	-0.00130519
9.72989e-10	-0.00130339
9.7303e-10	-0.0013016
9.73072e-10	-0.0012998
9.73113e-10	-0.001298
9.73155e-10	-0.00129621
9.73196e-10	-0.00129441
9.73238e-10	-0.00129261
9.73279e-10	-0.00129081
9.73321e-10	-0.001289
9.73363e-10	-0.0012872
9.73404e-10	-0.0012854
9.73446e-10	-0.00128359
9.73487e-10	-0.00128179
9.73529e-10	-0.00127998
9.7357e-10	-0.00127817
9.73612e-10	-0.00127636
9.73653e-10	-0.00127455
9.73695e-10	-0.00127274
9.73736e-10	-0.00127093
9.73778e-10	-0.00126912
9.73819e-10	-0.0012673
9.73861e-10	-0.00126549
9.73902e-10	-0.00126367
9.73944e-10	-0.00126186
9.73985e-10	-0.00126004
9.74027e-10	-0.00125822
9.74069e-10	-0.0012564
9.7411e-10	-0.00125458
9.74152e-10	-0.00125276
9.74193e-10	-0.00125093
9.74235e-10	-0.00124911
9.74276e-10	-0.00124729
9.74318e-10	-0.00124546
9.74359e-10	-0.00124363
9.74401e-10	-0.00124181
9.74442e-10	-0.00123998
9.74484e-10	-0.00123815
9.74525e-10	-0.00123632
9.74567e-10	-0.00123448
9.74608e-10	-0.00123265
9.7465e-10	-0.00123082
9.74691e-10	-0.00122898
9.74733e-10	-0.00122715
9.74775e-10	-0.00122531
9.74816e-10	-0.00122347
9.74858e-10	-0.00122164
9.74899e-10	-0.0012198
9.74941e-10	-0.00121796
9.74982e-10	-0.00121611
9.75024e-10	-0.00121427
9.75065e-10	-0.00121243
9.75107e-10	-0.00121058
9.75148e-10	-0.00120874
9.7519e-10	-0.00120689
9.75231e-10	-0.00120504
9.75273e-10	-0.0012032
9.75314e-10	-0.00120135
9.75356e-10	-0.0011995
9.75397e-10	-0.00119765
9.75439e-10	-0.00119579
9.7548e-10	-0.00119394
9.75522e-10	-0.00119209
9.75564e-10	-0.00119023
9.75605e-10	-0.00118838
9.75647e-10	-0.00118652
9.75688e-10	-0.00118466
9.7573e-10	-0.0011828
9.75771e-10	-0.00118094
9.75813e-10	-0.00117908
9.75854e-10	-0.00117722
9.75896e-10	-0.00117536
9.75937e-10	-0.00117349
9.75979e-10	-0.00117163
9.7602e-10	-0.00116976
9.76062e-10	-0.0011679
9.76103e-10	-0.00116603
9.76145e-10	-0.00116416
9.76186e-10	-0.00116229
9.76228e-10	-0.00116042
9.7627e-10	-0.00115855
9.76311e-10	-0.00115668
9.76353e-10	-0.0011548
9.76394e-10	-0.00115293
9.76436e-10	-0.00115105
9.76477e-10	-0.00114918
9.76519e-10	-0.0011473
9.7656e-10	-0.00114542
9.76602e-10	-0.00114354
9.76643e-10	-0.00114166
9.76685e-10	-0.00113978
9.76726e-10	-0.0011379
9.76768e-10	-0.00113602
9.76809e-10	-0.00113413
9.76851e-10	-0.00113225
9.76892e-10	-0.00113036
9.76934e-10	-0.00112847
9.76976e-10	-0.00112659
9.77017e-10	-0.0011247
9.77059e-10	-0.00112281
9.771e-10	-0.00112092
9.77142e-10	-0.00111903
9.77183e-10	-0.00111713
9.77225e-10	-0.00111524
9.77266e-10	-0.00111335
9.77308e-10	-0.00111145
9.77349e-10	-0.00110955
9.77391e-10	-0.00110766
9.77432e-10	-0.00110576
9.77474e-10	-0.00110386
9.77515e-10	-0.00110196
9.77557e-10	-0.00110006
9.77598e-10	-0.00109816
9.7764e-10	-0.00109625
9.77681e-10	-0.00109435
9.77723e-10	-0.00109245
9.77765e-10	-0.00109054
9.77806e-10	-0.00108863
9.77848e-10	-0.00108673
9.77889e-10	-0.00108482
9.77931e-10	-0.00108291
9.77972e-10	-0.001081
9.78014e-10	-0.00107909
9.78055e-10	-0.00107717
9.78097e-10	-0.00107526
9.78138e-10	-0.00107335
9.7818e-10	-0.00107143
9.78221e-10	-0.00106952
9.78263e-10	-0.0010676
9.78304e-10	-0.00106568
9.78346e-10	-0.00106376
9.78387e-10	-0.00106184
9.78429e-10	-0.00105992
9.78471e-10	-0.001058
9.78512e-10	-0.00105608
9.78554e-10	-0.00105416
9.78595e-10	-0.00105223
9.78637e-10	-0.00105031
9.78678e-10	-0.00104838
9.7872e-10	-0.00104645
9.78761e-10	-0.00104452
9.78803e-10	-0.0010426
9.78844e-10	-0.00104067
9.78886e-10	-0.00103874
9.78927e-10	-0.0010368
9.78969e-10	-0.00103487
9.7901e-10	-0.00103294
9.79052e-10	-0.001031
9.79093e-10	-0.00102907
9.79135e-10	-0.00102713
9.79177e-10	-0.00102519
9.79218e-10	-0.00102326
9.7926e-10	-0.00102132
9.79301e-10	-0.00101938
9.79343e-10	-0.00101744
9.79384e-10	-0.00101549
9.79426e-10	-0.00101355
9.79467e-10	-0.00101161
9.79509e-10	-0.00100966
9.7955e-10	-0.00100772
9.79592e-10	-0.00100577
9.79633e-10	-0.00100382
9.79675e-10	-0.00100188
9.79716e-10	-0.000999926
9.79758e-10	-0.000997977
9.79799e-10	-0.000996026
9.79841e-10	-0.000994074
9.79882e-10	-0.000992121
9.79924e-10	-0.000990167
9.79966e-10	-0.000988213
9.80007e-10	-0.000986257
9.80049e-10	-0.000984301
9.8009e-10	-0.000982343
9.80132e-10	-0.000980385
9.80173e-10	-0.000978426
9.80215e-10	-0.000976466
9.80256e-10	-0.000974505
9.80298e-10	-0.000972543
9.80339e-10	-0.000970581
9.80381e-10	-0.000968617
9.80422e-10	-0.000966653
9.80464e-10	-0.000964687
9.80505e-10	-0.000962721
9.80547e-10	-0.000960754
9.80588e-10	-0.000958786
9.8063e-10	-0.000956817
9.80672e-10	-0.000954847
9.80713e-10	-0.000952876
9.80755e-10	-0.000950904
9.80796e-10	-0.000948931
9.80838e-10	-0.000946958
9.80879e-10	-0.000944984
9.80921e-10	-0.000943008
9.80962e-10	-0.000941032
9.81004e-10	-0.000939055
9.81045e-10	-0.000937077
9.81087e-10	-0.000935098
9.81128e-10	-0.000933119
9.8117e-10	-0.000931138
9.81211e-10	-0.000929156
9.81253e-10	-0.000927174
9.81294e-10	-0.000925191
9.81336e-10	-0.000923207
9.81378e-10	-0.000921221
9.81419e-10	-0.000919236
9.81461e-10	-0.000917249
9.81502e-10	-0.000915261
9.81544e-10	-0.000913272
9.81585e-10	-0.000911283
9.81627e-10	-0.000909292
9.81668e-10	-0.000907301
9.8171e-10	-0.000905309
9.81751e-10	-0.000903316
9.81793e-10	-0.000901322
9.81834e-10	-0.000899327
9.81876e-10	-0.000897332
9.81917e-10	-0.000895335
9.81959e-10	-0.000893338
9.82e-10	-0.000891339
9.82042e-10	-0.00088934
9.82084e-10	-0.00088734
9.82125e-10	-0.000885339
9.82167e-10	-0.000883338
9.82208e-10	-0.000881335
9.8225e-10	-0.000879331
9.82291e-10	-0.000877327
9.82333e-10	-0.000875322
9.82374e-10	-0.000873316
9.82416e-10	-0.000871308
9.82457e-10	-0.000869301
9.82499e-10	-0.000867292
9.8254e-10	-0.000865282
9.82582e-10	-0.000863272
9.82623e-10	-0.00086126
9.82665e-10	-0.000859248
9.82706e-10	-0.000857235
9.82748e-10	-0.000855221
9.82789e-10	-0.000853206
9.82831e-10	-0.000851191
9.82873e-10	-0.000849174
9.82914e-10	-0.000847157
9.82956e-10	-0.000845138
9.82997e-10	-0.000843119
9.83039e-10	-0.000841099
9.8308e-10	-0.000839078
9.83122e-10	-0.000837056
9.83163e-10	-0.000835034
9.83205e-10	-0.00083301
9.83246e-10	-0.000830986
9.83288e-10	-0.000828961
9.83329e-10	-0.000826935
9.83371e-10	-0.000824908
9.83412e-10	-0.00082288
9.83454e-10	-0.000820852
9.83495e-10	-0.000818822
9.83537e-10	-0.000816792
9.83579e-10	-0.000814761
9.8362e-10	-0.000812729
9.83662e-10	-0.000810696
9.83703e-10	-0.000808662
9.83745e-10	-0.000806628
9.83786e-10	-0.000804593
9.83828e-10	-0.000802556
9.83869e-10	-0.000800519
9.83911e-10	-0.000798481
9.83952e-10	-0.000796443
9.83994e-10	-0.000794403
9.84035e-10	-0.000792362
9.84077e-10	-0.000790321
9.84118e-10	-0.000788279
9.8416e-10	-0.000786236
9.84201e-10	-0.000784192
9.84243e-10	-0.000782147
9.84285e-10	-0.000780102
9.84326e-10	-0.000778055
9.84368e-10	-0.000776008
9.84409e-10	-0.00077396
9.84451e-10	-0.000771911
9.84492e-10	-0.000769862
9.84534e-10	-0.000767811
9.84575e-10	-0.00076576
9.84617e-10	-0.000763707
9.84658e-10	-0.000761654
9.847e-10	-0.0007596
9.84741e-10	-0.000757546
9.84783e-10	-0.00075549
9.84824e-10	-0.000753434
9.84866e-10	-0.000751377
9.84907e-10	-0.000749318
9.84949e-10	-0.00074726
9.8499e-10	-0.0007452
9.85032e-10	-0.000743139
9.85074e-10	-0.000741078
9.85115e-10	-0.000739016
9.85157e-10	-0.000736953
9.85198e-10	-0.000734889
9.8524e-10	-0.000732824
9.85281e-10	-0.000730759
9.85323e-10	-0.000728692
9.85364e-10	-0.000726625
9.85406e-10	-0.000724557
9.85447e-10	-0.000722488
9.85489e-10	-0.000720419
9.8553e-10	-0.000718348
9.85572e-10	-0.000716277
9.85613e-10	-0.000714205
9.85655e-10	-0.000712132
9.85696e-10	-0.000710058
9.85738e-10	-0.000707984
9.8578e-10	-0.000705908
9.85821e-10	-0.000703832
9.85863e-10	-0.000701755
9.85904e-10	-0.000699677
9.85946e-10	-0.000697599
9.85987e-10	-0.000695519
9.86029e-10	-0.000693439
9.8607e-10	-0.000691358
9.86112e-10	-0.000689276
9.86153e-10	-0.000687193
9.86195e-10	-0.00068511
9.86236e-10	-0.000683026
9.86278e-10	-0.00068094
9.86319e-10	-0.000678855
9.86361e-10	-0.000676768
9.86402e-10	-0.00067468
9.86444e-10	-0.000672592
9.86486e-10	-0.000670503
9.86527e-10	-0.000668413
9.86569e-10	-0.000666322
9.8661e-10	-0.000664231
9.86652e-10	-0.000662138
9.86693e-10	-0.000660045
9.86735e-10	-0.000657951
9.86776e-10	-0.000655856
9.86818e-10	-0.000653761
9.86859e-10	-0.000651664
9.86901e-10	-0.000649567
9.86942e-10	-0.000647469
9.86984e-10	-0.000645371
9.87025e-10	-0.000643271
9.87067e-10	-0.000641171
9.87108e-10	-0.00063907
9.8715e-10	-0.000636968
9.87191e-10	-0.000634865
9.87233e-10	-0.000632761
9.87275e-10	-0.000630657
9.87316e-10	-0.000628552
9.87358e-10	-0.000626446
9.87399e-10	-0.000624339
9.87441e-10	-0.000622232
9.87482e-10	-0.000620124
9.87524e-10	-0.000618015
9.87565e-10	-0.000615905
9.87607e-10	-0.000613794
9.87648e-10	-0.000611683
9.8769e-10	-0.000609571
9.87731e-10	-0.000607458
9.87773e-10	-0.000605344
9.87814e-10	-0.000603229
9.87856e-10	-0.000601114
9.87897e-10	-0.000598998
9.87939e-10	-0.000596881
9.87981e-10	-0.000594763
9.88022e-10	-0.000592645
9.88064e-10	-0.000590526
9.88105e-10	-0.000588406
9.88147e-10	-0.000586285
9.88188e-10	-0.000584163
9.8823e-10	-0.000582041
9.88271e-10	-0.000579918
9.88313e-10	-0.000577794
9.88354e-10	-0.00057567
9.88396e-10	-0.000573544
9.88437e-10	-0.000571418
9.88479e-10	-0.000569291
9.8852e-10	-0.000567163
9.88562e-10	-0.000565035
9.88603e-10	-0.000562906
9.88645e-10	-0.000560775
9.88687e-10	-0.000558645
9.88728e-10	-0.000556513
9.8877e-10	-0.000554381
9.88811e-10	-0.000552248
9.88853e-10	-0.000550114
9.88894e-10	-0.000547979
9.88936e-10	-0.000545844
9.88977e-10	-0.000543708
9.89019e-10	-0.000541571
9.8906e-10	-0.000539433
9.89102e-10	-0.000537295
9.89143e-10	-0.000535155
9.89185e-10	-0.000533015
9.89226e-10	-0.000530875
9.89268e-10	-0.000528733
9.89309e-10	-0.000526591
9.89351e-10	-0.000524448
9.89392e-10	-0.000522304
9.89434e-10	-0.00052016
9.89476e-10	-0.000518015
9.89517e-10	-0.000515869
9.89559e-10	-0.000513722
9.896e-10	-0.000511574
9.89642e-10	-0.000509426
9.89683e-10	-0.000507277
9.89725e-10	-0.000505127
9.89766e-10	-0.000502977
9.89808e-10	-0.000500826
9.89849e-10	-0.000498674
9.89891e-10	-0.000496521
9.89932e-10	-0.000494367
9.89974e-10	-0.000492213
9.90015e-10	-0.000490058
9.90057e-10	-0.000487902
9.90098e-10	-0.000485746
9.9014e-10	-0.000483589
9.90182e-10	-0.000481431
9.90223e-10	-0.000479272
9.90265e-10	-0.000477113
9.90306e-10	-0.000474952
9.90348e-10	-0.000472792
9.90389e-10	-0.00047063
9.90431e-10	-0.000468468
9.90472e-10	-0.000466304
9.90514e-10	-0.000464141
9.90555e-10	-0.000461976
9.90597e-10	-0.000459811
9.90638e-10	-0.000457645
9.9068e-10	-0.000455478
9.90721e-10	-0.00045331
9.90763e-10	-0.000451142
9.90804e-10	-0.000448973
9.90846e-10	-0.000446803
9.90888e-10	-0.000444633
9.90929e-10	-0.000442462
9.90971e-10	-0.00044029
9.91012e-10	-0.000438117
9.91054e-10	-0.000435944
9.91095e-10	-0.00043377
9.91137e-10	-0.000431595
9.91178e-10	-0.00042942
9.9122e-10	-0.000427243
9.91261e-10	-0.000425066
9.91303e-10	-0.000422889
9.91344e-10	-0.00042071
9.91386e-10	-0.000418531
9.91427e-10	-0.000416351
9.91469e-10	-0.000414171
9.9151e-10	-0.000411989
9.91552e-10	-0.000409807
9.91593e-10	-0.000407625
9.91635e-10	-0.000405441
9.91677e-10	-0.000403257
9.91718e-10	-0.000401072
9.9176e-10	-0.000398887
9.91801e-10	-0.0003967
9.91843e-10	-0.000394514
9.91884e-10	-0.000392326
9.91926e-10	-0.000390137
9.91967e-10	-0.000387948
9.92009e-10	-0.000385758
9.9205e-10	-0.000383568
9.92092e-10	-0.000381377
9.92133e-10	-0.000379185
9.92175e-10	-0.000376992
9.92216e-10	-0.000374799
9.92258e-10	-0.000372605
9.92299e-10	-0.00037041
9.92341e-10	-0.000368214
9.92383e-10	-0.000366018
9.92424e-10	-0.000363821
9.92466e-10	-0.000361624
9.92507e-10	-0.000359426
9.92549e-10	-0.000357227
9.9259e-10	-0.000355027
9.92632e-10	-0.000352827
9.92673e-10	-0.000350626
9.92715e-10	-0.000348424
9.92756e-10	-0.000346221
9.92798e-10	-0.000344018
9.92839e-10	-0.000341814
9.92881e-10	-0.00033961
9.92922e-10	-0.000337405
9.92964e-10	-0.000335199
9.93005e-10	-0.000332992
9.93047e-10	-0.000330785
9.93089e-10	-0.000328577
9.9313e-10	-0.000326368
9.93172e-10	-0.000324159
9.93213e-10	-0.000321949
9.93255e-10	-0.000319738
9.93296e-10	-0.000317527
9.93338e-10	-0.000315315
9.93379e-10	-0.000313102
9.93421e-10	-0.000310889
9.93462e-10	-0.000308674
9.93504e-10	-0.00030646
9.93545e-10	-0.000304244
9.93587e-10	-0.000302028
9.93628e-10	-0.000299811
9.9367e-10	-0.000297594
9.93711e-10	-0.000295375
9.93753e-10	-0.000293157
9.93795e-10	-0.000290937
9.93836e-10	-0.000288717
9.93878e-10	-0.000286496
9.93919e-10	-0.000284274
9.93961e-10	-0.000282052
9.94002e-10	-0.000279829
9.94044e-10	-0.000277606
9.94085e-10	-0.000275381
9.94127e-10	-0.000273156
9.94168e-10	-0.000270931
9.9421e-10	-0.000268705
9.94251e-10	-0.000266478
9.94293e-10	-0.00026425
9.94334e-10	-0.000262022
9.94376e-10	-0.000259793
9.94417e-10	-0.000257563
9.94459e-10	-0.000255333
9.945e-10	-0.000253102
9.94542e-10	-0.000250871
9.94584e-10	-0.000248638
9.94625e-10	-0.000246406
9.94667e-10	-0.000244172
9.94708e-10	-0.000241938
9.9475e-10	-0.000239703
9.94791e-10	-0.000237467
9.94833e-10	-0.000235231
9.94874e-10	-0.000232995
9.94916e-10	-0.000230757
9.94957e-10	-0.000228519
9.94999e-10	-0.00022628
9.9504e-10	-0.000224041
9.95082e-10	-0.000221801
9.95123e-10	-0.00021956
9.95165e-10	-0.000217319
9.95206e-10	-0.000215076
9.95248e-10	-0.000212834
9.9529e-10	-0.000210591
9.95331e-10	-0.000208347
9.95373e-10	-0.000206102
9.95414e-10	-0.000203857
9.95456e-10	-0.000201611
9.95497e-10	-0.000199364
9.95539e-10	-0.000197117
9.9558e-10	-0.000194869
9.95622e-10	-0.000192621
9.95663e-10	-0.000190372
9.95705e-10	-0.000188122
9.95746e-10	-0.000185872
9.95788e-10	-0.000183621
9.95829e-10	-0.000181369
9.95871e-10	-0.000179117
9.95912e-10	-0.000176864
9.95954e-10	-0.00017461
9.95996e-10	-0.000172356
9.96037e-10	-0.000170101
9.96079e-10	-0.000167846
9.9612e-10	-0.00016559
9.96162e-10	-0.000163333
9.96203e-10	-0.000161076
9.96245e-10	-0.000158818
9.96286e-10	-0.000156559
9.96328e-10	-0.0001543
9.96369e-10	-0.00015204
9.96411e-10	-0.000149779
9.96452e-10	-0.000147518
9.96494e-10	-0.000145257
9.96535e-10	-0.000142994
9.96577e-10	-0.000140731
9.96618e-10	-0.000138468
9.9666e-10	-0.000136204
9.96701e-10	-0.000133939
9.96743e-10	-0.000131673
9.96785e-10	-0.000129407
9.96826e-10	-0.000127141
9.96868e-10	-0.000124873
9.96909e-10	-0.000122605
9.96951e-10	-0.000120337
9.96992e-10	-0.000118068
9.97034e-10	-0.000115798
9.97075e-10	-0.000113528
9.97117e-10	-0.000111257
9.97158e-10	-0.000108985
9.972e-10	-0.000106713
9.97241e-10	-0.00010444
9.97283e-10	-0.000102167
9.97324e-10	-9.98927e-05
9.97366e-10	-9.76181e-05
9.97407e-10	-9.53429e-05
9.97449e-10	-9.3067e-05
9.97491e-10	-9.07906e-05
9.97532e-10	-8.85136e-05
9.97574e-10	-8.6236e-05
9.97615e-10	-8.39577e-05
9.97657e-10	-8.16789e-05
9.97698e-10	-7.93995e-05
9.9774e-10	-7.71194e-05
9.97781e-10	-7.48388e-05
9.97823e-10	-7.25576e-05
9.97864e-10	-7.02758e-05
9.97906e-10	-6.79934e-05
9.97947e-10	-6.57104e-05
9.97989e-10	-6.34267e-05
9.9803e-10	-6.11426e-05
9.98072e-10	-5.88578e-05
9.98113e-10	-5.65724e-05
9.98155e-10	-5.42864e-05
9.98197e-10	-5.19999e-05
9.98238e-10	-4.97127e-05
9.9828e-10	-4.7425e-05
9.98321e-10	-4.51367e-05
9.98363e-10	-4.28478e-05
9.98404e-10	-4.05583e-05
9.98446e-10	-3.82682e-05
9.98487e-10	-3.59775e-05
9.98529e-10	-3.36863e-05
9.9857e-10	-3.13945e-05
9.98612e-10	-2.91021e-05
9.98653e-10	-2.68091e-05
9.98695e-10	-2.45155e-05
9.98736e-10	-2.22214e-05
9.98778e-10	-1.99267e-05
9.98819e-10	-1.76314e-05
9.98861e-10	-1.53355e-05
9.98902e-10	-1.30391e-05
9.98944e-10	-1.0742e-05
9.98986e-10	-8.44444e-06
9.99027e-10	-6.14627e-06
9.99069e-10	-3.84754e-06
9.9911e-10	-1.54823e-06
9.99152e-10	7.51653e-07
9.99193e-10	3.0521e-06
9.99235e-10	5.35312e-06
9.99276e-10	7.6547e-06
9.99318e-10	9.95686e-06
9.99359e-10	1.22596e-05
9.99401e-10	1.45629e-05
9.99442e-10	1.68667e-05
9.99484e-10	1.91711e-05
9.99525e-10	2.14761e-05
9.99567e-10	2.37816e-05
9.99608e-10	2.60877e-05
9.9965e-10	2.83944e-05
9.99692e-10	3.07016e-05
9.99733e-10	3.30093e-05
9.99775e-10	3.53177e-05
9.99816e-10	3.76266e-05
9.99858e-10	3.9936e-05
9.99899e-10	4.2246e-05
9.99941e-10	4.45565e-05
9.99982e-10	4.68676e-05
1.00002e-09	4.91793e-05
1.00007e-09	5.14915e-05
1.00011e-09	5.38043e-05
1.00015e-09	5.61176e-05
1.00019e-09	5.84314e-05
1.00023e-09	6.07458e-05
1.00027e-09	6.30608e-05
1.00031e-09	6.53763e-05
1.00036e-09	6.76923e-05
1.0004e-09	7.00089e-05
1.00044e-09	7.2326e-05
1.00048e-09	7.46437e-05
1.00052e-09	7.69619e-05
1.00056e-09	7.92807e-05
1.00061e-09	8.16e-05
1.00065e-09	8.39198e-05
1.00069e-09	8.62402e-05
1.00073e-09	8.85611e-05
1.00077e-09	9.08825e-05
1.00081e-09	9.32045e-05
1.00085e-09	9.5527e-05
1.0009e-09	9.78501e-05
1.00094e-09	0.000100174
1.00098e-09	0.000102498
1.00102e-09	0.000104822
1.00106e-09	0.000107148
1.0011e-09	0.000109473
1.00115e-09	0.0001118
1.00119e-09	0.000114126
1.00123e-09	0.000116454
1.00127e-09	0.000118781
1.00131e-09	0.00012111
1.00135e-09	0.000123439
1.00139e-09	0.000125768
1.00144e-09	0.000128098
1.00148e-09	0.000130428
1.00152e-09	0.000132759
1.00156e-09	0.000135091
1.0016e-09	0.000137423
1.00164e-09	0.000139755
1.00168e-09	0.000142088
1.00173e-09	0.000144422
1.00177e-09	0.000146756
1.00181e-09	0.000149091
1.00185e-09	0.000151426
1.00189e-09	0.000153761
1.00193e-09	0.000156098
1.00198e-09	0.000158434
1.00202e-09	0.000160771
1.00206e-09	0.000163109
1.0021e-09	0.000165447
1.00214e-09	0.000167786
1.00218e-09	0.000170125
1.00222e-09	0.000172465
1.00227e-09	0.000174805
1.00231e-09	0.000177146
1.00235e-09	0.000179487
1.00239e-09	0.000181829
1.00243e-09	0.000184171
1.00247e-09	0.000186513
1.00252e-09	0.000188857
1.00256e-09	0.0001912
1.0026e-09	0.000193545
1.00264e-09	0.000195889
1.00268e-09	0.000198234
1.00272e-09	0.00020058
1.00276e-09	0.000202926
1.00281e-09	0.000205273
1.00285e-09	0.00020762
1.00289e-09	0.000209968
1.00293e-09	0.000212316
1.00297e-09	0.000214665
1.00301e-09	0.000217014
1.00306e-09	0.000219364
1.0031e-09	0.000221714
1.00314e-09	0.000224064
1.00318e-09	0.000226415
1.00322e-09	0.000228767
1.00326e-09	0.000231119
1.0033e-09	0.000233472
1.00335e-09	0.000235825
1.00339e-09	0.000238178
1.00343e-09	0.000240532
1.00347e-09	0.000242887
1.00351e-09	0.000245241
1.00355e-09	0.000247597
1.0036e-09	0.000249953
1.00364e-09	0.000252309
1.00368e-09	0.000254666
1.00372e-09	0.000257023
1.00376e-09	0.000259381
1.0038e-09	0.000261739
1.00384e-09	0.000264098
1.00389e-09	0.000266457
1.00393e-09	0.000268817
1.00397e-09	0.000271177
1.00401e-09	0.000273538
1.00405e-09	0.000275899
1.00409e-09	0.000278261
1.00414e-09	0.000280623
1.00418e-09	0.000282985
1.00422e-09	0.000285348
1.00426e-09	0.000287712
1.0043e-09	0.000290075
1.00434e-09	0.00029244
1.00438e-09	0.000294805
1.00443e-09	0.00029717
1.00447e-09	0.000299536
1.00451e-09	0.000301902
1.00455e-09	0.000304268
1.00459e-09	0.000306635
1.00463e-09	0.000309003
1.00467e-09	0.000311371
1.00472e-09	0.000313739
1.00476e-09	0.000316108
1.0048e-09	0.000318478
1.00484e-09	0.000320848
1.00488e-09	0.000323218
1.00492e-09	0.000325589
1.00497e-09	0.00032796
1.00501e-09	0.000330331
1.00505e-09	0.000332703
1.00509e-09	0.000335076
1.00513e-09	0.000337449
1.00517e-09	0.000339822
1.00521e-09	0.000342196
1.00526e-09	0.00034457
1.0053e-09	0.000346945
1.00534e-09	0.00034932
1.00538e-09	0.000351696
1.00542e-09	0.000354072
1.00546e-09	0.000356448
1.00551e-09	0.000358825
1.00555e-09	0.000361202
1.00559e-09	0.00036358
1.00563e-09	0.000365958
1.00567e-09	0.000368337
1.00571e-09	0.000370716
1.00575e-09	0.000373095
1.0058e-09	0.000375475
1.00584e-09	0.000377856
1.00588e-09	0.000380237
1.00592e-09	0.000382618
1.00596e-09	0.000384999
1.006e-09	0.000387381
1.00605e-09	0.000389764
1.00609e-09	0.000392147
1.00613e-09	0.00039453
1.00617e-09	0.000396914
1.00621e-09	0.000399298
1.00625e-09	0.000401683
1.00629e-09	0.000404068
1.00634e-09	0.000406453
1.00638e-09	0.000408839
1.00642e-09	0.000411225
1.00646e-09	0.000413612
1.0065e-09	0.000415999
1.00654e-09	0.000418386
1.00659e-09	0.000420774
1.00663e-09	0.000423163
1.00667e-09	0.000425551
1.00671e-09	0.00042794
1.00675e-09	0.00043033
1.00679e-09	0.00043272
1.00683e-09	0.00043511
1.00688e-09	0.000437501
1.00692e-09	0.000439892
1.00696e-09	0.000442284
1.007e-09	0.000444676
1.00704e-09	0.000447068
1.00708e-09	0.000449461
1.00713e-09	0.000451854
1.00717e-09	0.000454248
1.00721e-09	0.000456642
1.00725e-09	0.000459036
1.00729e-09	0.000461431
1.00733e-09	0.000463826
1.00737e-09	0.000466221
1.00742e-09	0.000468617
1.00746e-09	0.000471014
1.0075e-09	0.00047341
1.00754e-09	0.000475808
1.00758e-09	0.000478205
1.00762e-09	0.000480603
1.00766e-09	0.000483001
1.00771e-09	0.0004854
1.00775e-09	0.000487799
1.00779e-09	0.000490199
1.00783e-09	0.000492598
1.00787e-09	0.000494999
1.00791e-09	0.000497399
1.00796e-09	0.0004998
1.008e-09	0.000502202
1.00804e-09	0.000504603
1.00808e-09	0.000507005
1.00812e-09	0.000509408
1.00816e-09	0.000511811
1.0082e-09	0.000514214
1.00825e-09	0.000516618
1.00829e-09	0.000519022
1.00833e-09	0.000521426
1.00837e-09	0.000523831
1.00841e-09	0.000526236
1.00845e-09	0.000528641
1.0085e-09	0.000531047
1.00854e-09	0.000533453
1.00858e-09	0.00053586
1.00862e-09	0.000538267
1.00866e-09	0.000540674
1.0087e-09	0.000543082
1.00874e-09	0.00054549
1.00879e-09	0.000547899
1.00883e-09	0.000550307
1.00887e-09	0.000552716
1.00891e-09	0.000555126
1.00895e-09	0.000557536
1.00899e-09	0.000559946
1.00904e-09	0.000562357
1.00908e-09	0.000564768
1.00912e-09	0.000567179
1.00916e-09	0.00056959
1.0092e-09	0.000572002
1.00924e-09	0.000574415
1.00928e-09	0.000576828
1.00933e-09	0.000579241
1.00937e-09	0.000581654
1.00941e-09	0.000584068
1.00945e-09	0.000586482
1.00949e-09	0.000588896
1.00953e-09	0.000591311
1.00958e-09	0.000593726
1.00962e-09	0.000596142
1.00966e-09	0.000598557
1.0097e-09	0.000600974
1.00974e-09	0.00060339
1.00978e-09	0.000605807
1.00982e-09	0.000608224
1.00987e-09	0.000610642
1.00991e-09	0.000613059
1.00995e-09	0.000615478
1.00999e-09	0.000617896
1.01003e-09	0.000620315
1.01007e-09	0.000622734
1.01012e-09	0.000625154
1.01016e-09	0.000627574
1.0102e-09	0.000629994
1.01024e-09	0.000632414
1.01028e-09	0.000634835
1.01032e-09	0.000637256
1.01036e-09	0.000639678
1.01041e-09	0.0006421
1.01045e-09	0.000644522
1.01049e-09	0.000646944
1.01053e-09	0.000649367
1.01057e-09	0.00065179
1.01061e-09	0.000654214
1.01066e-09	0.000656637
1.0107e-09	0.000659062
1.01074e-09	0.000661486
1.01078e-09	0.000663911
1.01082e-09	0.000666336
1.01086e-09	0.000668761
1.0109e-09	0.000671187
1.01095e-09	0.000673613
1.01099e-09	0.000676039
1.01103e-09	0.000678466
1.01107e-09	0.000680892
1.01111e-09	0.00068332
1.01115e-09	0.000685747
1.01119e-09	0.000688175
1.01124e-09	0.000690603
1.01128e-09	0.000693032
1.01132e-09	0.00069546
1.01136e-09	0.000697889
1.0114e-09	0.000700319
1.01144e-09	0.000702748
1.01149e-09	0.000705178
1.01153e-09	0.000707609
1.01157e-09	0.000710039
1.01161e-09	0.00071247
1.01165e-09	0.000714901
1.01169e-09	0.000717333
1.01173e-09	0.000719764
1.01178e-09	0.000722196
1.01182e-09	0.000724629
1.01186e-09	0.000727061
1.0119e-09	0.000729494
1.01194e-09	0.000731928
1.01198e-09	0.000734361
1.01203e-09	0.000736795
1.01207e-09	0.000739229
1.01211e-09	0.000741663
1.01215e-09	0.000744098
1.01219e-09	0.000746533
1.01223e-09	0.000748968
1.01227e-09	0.000751404
1.01232e-09	0.000753839
1.01236e-09	0.000756275
1.0124e-09	0.000758712
1.01244e-09	0.000761148
1.01248e-09	0.000763585
1.01252e-09	0.000766022
1.01257e-09	0.00076846
1.01261e-09	0.000770897
1.01265e-09	0.000773335
1.01269e-09	0.000775774
1.01273e-09	0.000778212
1.01277e-09	0.000780651
1.01281e-09	0.00078309
1.01286e-09	0.000785529
1.0129e-09	0.000787969
1.01294e-09	0.000790409
1.01298e-09	0.000792849
1.01302e-09	0.00079529
1.01306e-09	0.00079773
1.01311e-09	0.000800171
1.01315e-09	0.000802612
1.01319e-09	0.000805054
1.01323e-09	0.000807495
1.01327e-09	0.000809937
1.01331e-09	0.00081238
1.01335e-09	0.000814822
1.0134e-09	0.000817265
1.01344e-09	0.000819708
1.01348e-09	0.000822151
1.01352e-09	0.000824595
1.01356e-09	0.000827038
1.0136e-09	0.000829483
1.01365e-09	0.000831927
1.01369e-09	0.000834371
1.01373e-09	0.000836816
1.01377e-09	0.000839261
1.01381e-09	0.000841706
1.01385e-09	0.000844152
1.01389e-09	0.000846598
1.01394e-09	0.000849044
1.01398e-09	0.00085149
1.01402e-09	0.000853936
1.01406e-09	0.000856383
1.0141e-09	0.00085883
1.01414e-09	0.000861277
1.01418e-09	0.000863725
1.01423e-09	0.000866172
1.01427e-09	0.00086862
1.01431e-09	0.000871068
1.01435e-09	0.000873517
1.01439e-09	0.000875965
1.01443e-09	0.000878414
1.01448e-09	0.000880863
1.01452e-09	0.000883312
1.01456e-09	0.000885762
1.0146e-09	0.000888212
1.01464e-09	0.000890662
1.01468e-09	0.000893112
1.01472e-09	0.000895562
1.01477e-09	0.000898013
1.01481e-09	0.000900464
1.01485e-09	0.000902915
1.01489e-09	0.000905366
1.01493e-09	0.000907818
1.01497e-09	0.000910269
1.01502e-09	0.000912721
1.01506e-09	0.000915173
1.0151e-09	0.000917626
1.01514e-09	0.000920078
1.01518e-09	0.000922531
1.01522e-09	0.000924984
1.01526e-09	0.000927438
1.01531e-09	0.000929891
1.01535e-09	0.000932345
1.01539e-09	0.000934799
1.01543e-09	0.000937253
1.01547e-09	0.000939707
1.01551e-09	0.000942161
1.01556e-09	0.000944616
1.0156e-09	0.000947071
1.01564e-09	0.000949526
1.01568e-09	0.000951981
1.01572e-09	0.000954437
1.01576e-09	0.000956893
1.0158e-09	0.000959349
1.01585e-09	0.000961805
1.01589e-09	0.000964261
1.01593e-09	0.000966717
1.01597e-09	0.000969174
1.01601e-09	0.000971631
1.01605e-09	0.000974088
1.0161e-09	0.000976545
1.01614e-09	0.000979003
1.01618e-09	0.00098146
1.01622e-09	0.000983918
1.01626e-09	0.000986376
1.0163e-09	0.000988835
1.01634e-09	0.000991293
1.01639e-09	0.000993751
1.01643e-09	0.00099621
1.01647e-09	0.000998669
1.01651e-09	0.00100113
1.01655e-09	0.00100359
1.01659e-09	0.00100605
1.01664e-09	0.00100851
1.01668e-09	0.00101097
1.01672e-09	0.00101343
1.01676e-09	0.00101589
1.0168e-09	0.00101835
1.01684e-09	0.00102081
1.01688e-09	0.00102327
1.01693e-09	0.00102573
1.01697e-09	0.00102819
1.01701e-09	0.00103065
1.01705e-09	0.00103311
1.01709e-09	0.00103557
1.01713e-09	0.00103804
1.01717e-09	0.0010405
1.01722e-09	0.00104296
1.01726e-09	0.00104542
1.0173e-09	0.00104788
1.01734e-09	0.00105035
1.01738e-09	0.00105281
1.01742e-09	0.00105527
1.01747e-09	0.00105774
1.01751e-09	0.0010602
1.01755e-09	0.00106266
1.01759e-09	0.00106513
1.01763e-09	0.00106759
1.01767e-09	0.00107005
1.01771e-09	0.00107252
1.01776e-09	0.00107498
1.0178e-09	0.00107745
1.01784e-09	0.00107991
1.01788e-09	0.00108237
1.01792e-09	0.00108484
1.01796e-09	0.0010873
1.01801e-09	0.00108977
1.01805e-09	0.00109223
1.01809e-09	0.0010947
1.01813e-09	0.00109716
1.01817e-09	0.00109963
1.01821e-09	0.0011021
1.01825e-09	0.00110456
1.0183e-09	0.00110703
1.01834e-09	0.00110949
1.01838e-09	0.00111196
1.01842e-09	0.00111443
1.01846e-09	0.00111689
1.0185e-09	0.00111936
1.01855e-09	0.00112183
1.01859e-09	0.00112429
1.01863e-09	0.00112676
1.01867e-09	0.00112923
1.01871e-09	0.00113169
1.01875e-09	0.00113416
1.01879e-09	0.00113663
1.01884e-09	0.0011391
1.01888e-09	0.00114157
1.01892e-09	0.00114403
1.01896e-09	0.0011465
1.019e-09	0.00114897
1.01904e-09	0.00115144
1.01909e-09	0.00115391
1.01913e-09	0.00115637
1.01917e-09	0.00115884
1.01921e-09	0.00116131
1.01925e-09	0.00116378
1.01929e-09	0.00116625
1.01933e-09	0.00116872
1.01938e-09	0.00117119
1.01942e-09	0.00117366
1.01946e-09	0.00117613
1.0195e-09	0.0011786
1.01954e-09	0.00118107
1.01958e-09	0.00118354
1.01963e-09	0.00118601
1.01967e-09	0.00118848
1.01971e-09	0.00119095
1.01975e-09	0.00119342
1.01979e-09	0.00119589
1.01983e-09	0.00119836
1.01987e-09	0.00120083
1.01992e-09	0.0012033
1.01996e-09	0.00120577
1.02e-09	0.00120824
1.02004e-09	0.00121071
1.02008e-09	0.00121318
1.02012e-09	0.00121565
1.02017e-09	0.00121812
1.02021e-09	0.00122059
1.02025e-09	0.00122306
1.02029e-09	0.00122554
1.02033e-09	0.00122801
1.02037e-09	0.00123048
1.02041e-09	0.00123295
1.02046e-09	0.00123542
1.0205e-09	0.00123789
1.02054e-09	0.00124037
1.02058e-09	0.00124284
1.02062e-09	0.00124531
1.02066e-09	0.00124778
1.0207e-09	0.00125025
1.02075e-09	0.00125273
1.02079e-09	0.0012552
1.02083e-09	0.00125767
1.02087e-09	0.00126014
1.02091e-09	0.00126262
1.02095e-09	0.00126509
1.021e-09	0.00126756
1.02104e-09	0.00127003
1.02108e-09	0.00127251
1.02112e-09	0.00127498
1.02116e-09	0.00127745
1.0212e-09	0.00127993
1.02124e-09	0.0012824
1.02129e-09	0.00128487
1.02133e-09	0.00128735
1.02137e-09	0.00128982
1.02141e-09	0.00129229
1.02145e-09	0.00129477
1.02149e-09	0.00129724
1.02154e-09	0.00129971
1.02158e-09	0.00130219
1.02162e-09	0.00130466
1.02166e-09	0.00130713
1.0217e-09	0.00130961
1.02174e-09	0.00131208
1.02178e-09	0.00131456
1.02183e-09	0.00131703
1.02187e-09	0.0013195
1.02191e-09	0.00132198
1.02195e-09	0.00132445
1.02199e-09	0.00132693
1.02203e-09	0.0013294
1.02208e-09	0.00133187
1.02212e-09	0.00133435
1.02216e-09	0.00133682
1.0222e-09	0.0013393
1.02224e-09	0.00134177
1.02228e-09	0.00134425
1.02232e-09	0.00134672
1.02237e-09	0.00134919
1.02241e-09	0.00135167
1.02245e-09	0.00135414
1.02249e-09	0.00135662
1.02253e-09	0.00135909
1.02257e-09	0.00136157
1.02262e-09	0.00136404
1.02266e-09	0.00136652
1.0227e-09	0.00136899
1.02274e-09	0.00137147
1.02278e-09	0.00137394
1.02282e-09	0.00137642
1.02286e-09	0.00137889
1.02291e-09	0.00138137
1.02295e-09	0.00138384
1.02299e-09	0.00138632
1.02303e-09	0.00138879
1.02307e-09	0.00139127
1.02311e-09	0.00139374
1.02316e-09	0.00139621
1.0232e-09	0.00139869
1.02324e-09	0.00140116
1.02328e-09	0.00140364
1.02332e-09	0.00140611
1.02336e-09	0.00140859
1.0234e-09	0.00141106
1.02345e-09	0.00141354
1.02349e-09	0.00141602
1.02353e-09	0.00141849
1.02357e-09	0.00142097
1.02361e-09	0.00142344
1.02365e-09	0.00142592
1.02369e-09	0.00142839
1.02374e-09	0.00143087
1.02378e-09	0.00143334
1.02382e-09	0.00143582
1.02386e-09	0.00143829
1.0239e-09	0.00144077
1.02394e-09	0.00144324
1.02399e-09	0.00144572
1.02403e-09	0.00144819
1.02407e-09	0.00145067
1.02411e-09	0.00145314
1.02415e-09	0.00145562
1.02419e-09	0.00145809
1.02423e-09	0.00146057
1.02428e-09	0.00146304
1.02432e-09	0.00146552
1.02436e-09	0.00146799
1.0244e-09	0.00147047
1.02444e-09	0.00147294
1.02448e-09	0.00147542
1.02453e-09	0.00147789
1.02457e-09	0.00148037
1.02461e-09	0.00148284
1.02465e-09	0.00148532
1.02469e-09	0.00148779
1.02473e-09	0.00149027
1.02477e-09	0.00149274
1.02482e-09	0.00149521
1.02486e-09	0.00149769
1.0249e-09	0.00150016
1.02494e-09	0.00150264
1.02498e-09	0.00150511
1.02502e-09	0.00150759
1.02507e-09	0.00151006
1.02511e-09	0.00151254
1.02515e-09	0.00151501
1.02519e-09	0.00151749
1.02523e-09	0.00151996
1.02527e-09	0.00152243
1.02531e-09	0.00152491
1.02536e-09	0.00152738
1.0254e-09	0.00152986
1.02544e-09	0.00153233
1.02548e-09	0.00153481
1.02552e-09	0.00153728
1.02556e-09	0.00153975
1.02561e-09	0.00154223
1.02565e-09	0.0015447
1.02569e-09	0.00154718
1.02573e-09	0.00154965
1.02577e-09	0.00155212
1.02581e-09	0.0015546
1.02585e-09	0.00155707
1.0259e-09	0.00155955
1.02594e-09	0.00156202
1.02598e-09	0.00156449
1.02602e-09	0.00156697
1.02606e-09	0.00156944
1.0261e-09	0.00157191
1.02615e-09	0.00157439
1.02619e-09	0.00157686
1.02623e-09	0.00157933
1.02627e-09	0.00158181
1.02631e-09	0.00158428
1.02635e-09	0.00158675
1.02639e-09	0.00158922
1.02644e-09	0.0015917
1.02648e-09	0.00159417
1.02652e-09	0.00159664
1.02656e-09	0.00159912
1.0266e-09	0.00160159
1.02664e-09	0.00160406
1.02668e-09	0.00160653
1.02673e-09	0.00160901
1.02677e-09	0.00161148
1.02681e-09	0.00161395
1.02685e-09	0.00161642
1.02689e-09	0.00161889
1.02693e-09	0.00162137
1.02698e-09	0.00162384
1.02702e-09	0.00162631
1.02706e-09	0.00162878
1.0271e-09	0.00163125
1.02714e-09	0.00163373
1.02718e-09	0.0016362
1.02722e-09	0.00163867
1.02727e-09	0.00164114
1.02731e-09	0.00164361
1.02735e-09	0.00164608
1.02739e-09	0.00164855
1.02743e-09	0.00165102
1.02747e-09	0.00165349
1.02752e-09	0.00165597
1.02756e-09	0.00165844
1.0276e-09	0.00166091
1.02764e-09	0.00166338
1.02768e-09	0.00166585
1.02772e-09	0.00166832
1.02776e-09	0.00167079
1.02781e-09	0.00167326
1.02785e-09	0.00167573
1.02789e-09	0.0016782
1.02793e-09	0.00168067
1.02797e-09	0.00168314
1.02801e-09	0.00168561
1.02806e-09	0.00168808
1.0281e-09	0.00169055
1.02814e-09	0.00169301
1.02818e-09	0.00169548
1.02822e-09	0.00169795
1.02826e-09	0.00170042
1.0283e-09	0.00170289
1.02835e-09	0.00170536
1.02839e-09	0.00170783
1.02843e-09	0.0017103
1.02847e-09	0.00171276
1.02851e-09	0.00171523
1.02855e-09	0.0017177
1.0286e-09	0.00172017
1.02864e-09	0.00172264
1.02868e-09	0.0017251
1.02872e-09	0.00172757
1.02876e-09	0.00173004
1.0288e-09	0.00173251
1.02884e-09	0.00173497
1.02889e-09	0.00173744
1.02893e-09	0.00173991
1.02897e-09	0.00174237
1.02901e-09	0.00174484
1.02905e-09	0.00174731
1.02909e-09	0.00174977
1.02914e-09	0.00175224
1.02918e-09	0.0017547
1.02922e-09	0.00175717
1.02926e-09	0.00175964
1.0293e-09	0.0017621
1.02934e-09	0.00176457
1.02938e-09	0.00176703
1.02943e-09	0.0017695
1.02947e-09	0.00177196
1.02951e-09	0.00177443
1.02955e-09	0.00177689
1.02959e-09	0.00177936
1.02963e-09	0.00178182
1.02968e-09	0.00178429
1.02972e-09	0.00178675
1.02976e-09	0.00178921
1.0298e-09	0.00179168
1.02984e-09	0.00179414
1.02988e-09	0.0017966
1.02992e-09	0.00179907
1.02997e-09	0.00180153
1.03001e-09	0.00180399
1.03005e-09	0.00180646
1.03009e-09	0.00180892
1.03013e-09	0.00181138
1.03017e-09	0.00181385
1.03021e-09	0.00181631
1.03026e-09	0.00181877
1.0303e-09	0.00182123
1.03034e-09	0.00182369
1.03038e-09	0.00182615
1.03042e-09	0.00182862
1.03046e-09	0.00183108
1.03051e-09	0.00183354
1.03055e-09	0.001836
1.03059e-09	0.00183846
1.03063e-09	0.00184092
1.03067e-09	0.00184338
1.03071e-09	0.00184584
1.03075e-09	0.0018483
1.0308e-09	0.00185076
1.03084e-09	0.00185322
1.03088e-09	0.00185568
1.03092e-09	0.00185814
1.03096e-09	0.0018606
1.031e-09	0.00186306
1.03105e-09	0.00186551
1.03109e-09	0.00186797
1.03113e-09	0.00187043
1.03117e-09	0.00187289
1.03121e-09	0.00187535
1.03125e-09	0.0018778
1.03129e-09	0.00188026
1.03134e-09	0.00188272
1.03138e-09	0.00188518
1.03142e-09	0.00188763
1.03146e-09	0.00189009
1.0315e-09	0.00189255
1.03154e-09	0.001895
1.03159e-09	0.00189746
1.03163e-09	0.00189992
1.03167e-09	0.00190237
1.03171e-09	0.00190483
1.03175e-09	0.00190728
1.03179e-09	0.00190974
1.03183e-09	0.00191219
1.03188e-09	0.00191465
1.03192e-09	0.0019171
1.03196e-09	0.00191955
1.032e-09	0.00192201
1.03204e-09	0.00192446
1.03208e-09	0.00192692
1.03213e-09	0.00192937
1.03217e-09	0.00193182
1.03221e-09	0.00193428
1.03225e-09	0.00193673
1.03229e-09	0.00193918
1.03233e-09	0.00194163
1.03237e-09	0.00194408
1.03242e-09	0.00194654
1.03246e-09	0.00194899
1.0325e-09	0.00195144
1.03254e-09	0.00195389
1.03258e-09	0.00195634
1.03262e-09	0.00195879
1.03267e-09	0.00196124
1.03271e-09	0.00196369
1.03275e-09	0.00196614
1.03279e-09	0.00196859
1.03283e-09	0.00197104
1.03287e-09	0.00197349
1.03291e-09	0.00197594
1.03296e-09	0.00197839
1.033e-09	0.00198084
1.03304e-09	0.00198329
1.03308e-09	0.00198573
1.03312e-09	0.00198818
1.03316e-09	0.00199063
1.0332e-09	0.00199308
1.03325e-09	0.00199552
1.03329e-09	0.00199797
1.03333e-09	0.00200042
1.03337e-09	0.00200286
1.03341e-09	0.00200531
1.03345e-09	0.00200776
1.0335e-09	0.0020102
1.03354e-09	0.00201265
1.03358e-09	0.00201509
1.03362e-09	0.00201754
1.03366e-09	0.00201998
1.0337e-09	0.00202243
1.03374e-09	0.00202487
1.03379e-09	0.00202731
1.03383e-09	0.00202976
1.03387e-09	0.0020322
1.03391e-09	0.00203464
1.03395e-09	0.00203709
1.03399e-09	0.00203953
1.03404e-09	0.00204197
1.03408e-09	0.00204441
1.03412e-09	0.00204685
1.03416e-09	0.00204929
1.0342e-09	0.00205174
1.03424e-09	0.00205418
1.03428e-09	0.00205662
1.03433e-09	0.00205906
1.03437e-09	0.0020615
1.03441e-09	0.00206394
1.03445e-09	0.00206638
1.03449e-09	0.00206882
1.03453e-09	0.00207126
1.03458e-09	0.00207369
1.03462e-09	0.00207613
1.03466e-09	0.00207857
1.0347e-09	0.00208101
1.03474e-09	0.00208345
1.03478e-09	0.00208588
1.03482e-09	0.00208832
1.03487e-09	0.00209076
1.03491e-09	0.00209319
1.03495e-09	0.00209563
1.03499e-09	0.00209806
1.03503e-09	0.0021005
1.03507e-09	0.00210293
1.03512e-09	0.00210537
1.03516e-09	0.0021078
1.0352e-09	0.00211024
1.03524e-09	0.00211267
1.03528e-09	0.00211511
1.03532e-09	0.00211754
1.03536e-09	0.00211997
1.03541e-09	0.0021224
1.03545e-09	0.00212484
1.03549e-09	0.00212727
1.03553e-09	0.0021297
1.03557e-09	0.00213213
1.03561e-09	0.00213456
1.03566e-09	0.00213699
1.0357e-09	0.00213942
1.03574e-09	0.00214186
1.03578e-09	0.00214429
1.03582e-09	0.00214671
1.03586e-09	0.00214914
1.0359e-09	0.00215157
1.03595e-09	0.002154
1.03599e-09	0.00215643
1.03603e-09	0.00215886
1.03607e-09	0.00216129
1.03611e-09	0.00216371
1.03615e-09	0.00216614
1.03619e-09	0.00216857
1.03624e-09	0.00217099
1.03628e-09	0.00217342
1.03632e-09	0.00217585
1.03636e-09	0.00217827
1.0364e-09	0.0021807
1.03644e-09	0.00218312
1.03649e-09	0.00218554
1.03653e-09	0.00218797
1.03657e-09	0.00219039
1.03661e-09	0.00219282
1.03665e-09	0.00219524
1.03669e-09	0.00219766
1.03673e-09	0.00220008
1.03678e-09	0.00220251
1.03682e-09	0.00220493
1.03686e-09	0.00220735
1.0369e-09	0.00220977
1.03694e-09	0.00221219
1.03698e-09	0.00221461
1.03703e-09	0.00221703
1.03707e-09	0.00221945
1.03711e-09	0.00222187
1.03715e-09	0.00222429
1.03719e-09	0.00222671
1.03723e-09	0.00222913
1.03727e-09	0.00223154
1.03732e-09	0.00223396
1.03736e-09	0.00223638
1.0374e-09	0.0022388
1.03744e-09	0.00224121
1.03748e-09	0.00224363
1.03752e-09	0.00224604
1.03757e-09	0.00224846
1.03761e-09	0.00225087
1.03765e-09	0.00225329
1.03769e-09	0.0022557
1.03773e-09	0.00225812
1.03777e-09	0.00226053
1.03781e-09	0.00226294
1.03786e-09	0.00226536
1.0379e-09	0.00226777
1.03794e-09	0.00227018
1.03798e-09	0.00227259
1.03802e-09	0.002275
1.03806e-09	0.00227741
1.03811e-09	0.00227982
1.03815e-09	0.00228223
1.03819e-09	0.00228464
1.03823e-09	0.00228705
1.03827e-09	0.00228946
1.03831e-09	0.00229187
1.03835e-09	0.00229428
1.0384e-09	0.00229669
1.03844e-09	0.0022991
1.03848e-09	0.0023015
1.03852e-09	0.00230391
1.03856e-09	0.00230632
1.0386e-09	0.00230872
1.03865e-09	0.00231113
1.03869e-09	0.00231353
1.03873e-09	0.00231594
1.03877e-09	0.00231834
1.03881e-09	0.00232074
1.03885e-09	0.00232315
1.03889e-09	0.00232555
1.03894e-09	0.00232795
1.03898e-09	0.00233036
1.03902e-09	0.00233276
1.03906e-09	0.00233516
1.0391e-09	0.00233756
1.03914e-09	0.00233996
1.03919e-09	0.00234236
1.03923e-09	0.00234476
1.03927e-09	0.00234716
1.03931e-09	0.00234956
1.03935e-09	0.00235196
1.03939e-09	0.00235436
1.03943e-09	0.00235676
1.03948e-09	0.00235915
1.03952e-09	0.00236155
1.03956e-09	0.00236395
1.0396e-09	0.00236634
1.03964e-09	0.00236874
1.03968e-09	0.00237113
1.03972e-09	0.00237353
1.03977e-09	0.00237592
1.03981e-09	0.00237832
1.03985e-09	0.00238071
1.03989e-09	0.0023831
1.03993e-09	0.0023855
1.03997e-09	0.00238789
1.04002e-09	0.00239028
1.04006e-09	0.00239267
1.0401e-09	0.00239506
1.04014e-09	0.00239745
1.04018e-09	0.00239984
1.04022e-09	0.00240223
1.04026e-09	0.00240462
1.04031e-09	0.00240701
1.04035e-09	0.0024094
1.04039e-09	0.00241179
1.04043e-09	0.00241418
1.04047e-09	0.00241656
1.04051e-09	0.00241895
1.04056e-09	0.00242134
1.0406e-09	0.00242372
1.04064e-09	0.00242611
1.04068e-09	0.00242849
1.04072e-09	0.00243088
1.04076e-09	0.00243326
1.0408e-09	0.00243565
1.04085e-09	0.00243803
1.04089e-09	0.00244041
1.04093e-09	0.00244279
1.04097e-09	0.00244518
1.04101e-09	0.00244756
1.04105e-09	0.00244994
1.0411e-09	0.00245232
1.04114e-09	0.0024547
1.04118e-09	0.00245708
1.04122e-09	0.00245946
1.04126e-09	0.00246183
1.0413e-09	0.00246421
1.04134e-09	0.00246659
1.04139e-09	0.00246897
1.04143e-09	0.00247134
1.04147e-09	0.00247372
1.04151e-09	0.0024761
1.04155e-09	0.00247847
1.04159e-09	0.00248085
1.04164e-09	0.00248322
1.04168e-09	0.00248559
1.04172e-09	0.00248797
1.04176e-09	0.00249034
1.0418e-09	0.00249271
1.04184e-09	0.00249509
1.04188e-09	0.00249746
1.04193e-09	0.00249983
1.04197e-09	0.0025022
1.04201e-09	0.00250457
1.04205e-09	0.00250694
1.04209e-09	0.00250931
1.04213e-09	0.00251168
1.04218e-09	0.00251404
1.04222e-09	0.00251641
1.04226e-09	0.00251878
1.0423e-09	0.00252114
1.04234e-09	0.00252351
1.04238e-09	0.00252588
1.04242e-09	0.00252824
1.04247e-09	0.00253061
1.04251e-09	0.00253297
1.04255e-09	0.00253533
1.04259e-09	0.0025377
1.04263e-09	0.00254006
1.04267e-09	0.00254242
1.04271e-09	0.00254478
1.04276e-09	0.00254715
1.0428e-09	0.00254951
1.04284e-09	0.00255187
1.04288e-09	0.00255423
1.04292e-09	0.00255658
1.04296e-09	0.00255894
1.04301e-09	0.0025613
1.04305e-09	0.00256366
1.04309e-09	0.00256602
1.04313e-09	0.00256837
1.04317e-09	0.00257073
1.04321e-09	0.00257308
1.04325e-09	0.00257544
1.0433e-09	0.00257779
1.04334e-09	0.00258015
1.04338e-09	0.0025825
1.04342e-09	0.00258485
1.04346e-09	0.00258721
1.0435e-09	0.00258956
1.04355e-09	0.00259191
1.04359e-09	0.00259426
1.04363e-09	0.00259661
1.04367e-09	0.00259896
1.04371e-09	0.00260131
1.04375e-09	0.00260366
1.04379e-09	0.00260601
1.04384e-09	0.00260835
1.04388e-09	0.0026107
1.04392e-09	0.00261305
1.04396e-09	0.00261539
1.044e-09	0.00261774
1.04404e-09	0.00262008
1.04409e-09	0.00262243
1.04413e-09	0.00262477
1.04417e-09	0.00262712
1.04421e-09	0.00262946
1.04425e-09	0.0026318
1.04429e-09	0.00263414
1.04433e-09	0.00263648
1.04438e-09	0.00263882
1.04442e-09	0.00264116
1.04446e-09	0.0026435
1.0445e-09	0.00264584
1.04454e-09	0.00264818
1.04458e-09	0.00265052
1.04463e-09	0.00265286
1.04467e-09	0.00265519
1.04471e-09	0.00265753
1.04475e-09	0.00265987
1.04479e-09	0.0026622
1.04483e-09	0.00266453
1.04487e-09	0.00266687
1.04492e-09	0.0026692
1.04496e-09	0.00267153
1.045e-09	0.00267387
1.04504e-09	0.0026762
1.04508e-09	0.00267853
1.04512e-09	0.00268086
1.04517e-09	0.00268319
1.04521e-09	0.00268552
1.04525e-09	0.00268785
1.04529e-09	0.00269018
1.04533e-09	0.0026925
1.04537e-09	0.00269483
1.04541e-09	0.00269716
1.04546e-09	0.00269948
1.0455e-09	0.00270181
1.04554e-09	0.00270413
1.04558e-09	0.00270646
1.04562e-09	0.00270878
1.04566e-09	0.00271111
1.0457e-09	0.00271343
1.04575e-09	0.00271575
1.04579e-09	0.00271807
1.04583e-09	0.00272039
1.04587e-09	0.00272271
1.04591e-09	0.00272503
1.04595e-09	0.00272735
1.046e-09	0.00272967
1.04604e-09	0.00273199
1.04608e-09	0.0027343
1.04612e-09	0.00273662
1.04616e-09	0.00273894
1.0462e-09	0.00274125
1.04624e-09	0.00274357
1.04629e-09	0.00274588
1.04633e-09	0.00274819
1.04637e-09	0.00275051
1.04641e-09	0.00275282
1.04645e-09	0.00275513
1.04649e-09	0.00275744
1.04654e-09	0.00275975
1.04658e-09	0.00276206
1.04662e-09	0.00276437
1.04666e-09	0.00276668
1.0467e-09	0.00276899
1.04674e-09	0.0027713
1.04678e-09	0.0027736
1.04683e-09	0.00277591
1.04687e-09	0.00277822
1.04691e-09	0.00278052
1.04695e-09	0.00278283
1.04699e-09	0.00278513
1.04703e-09	0.00278743
1.04708e-09	0.00278973
1.04712e-09	0.00279204
1.04716e-09	0.00279434
1.0472e-09	0.00279664
1.04724e-09	0.00279894
1.04728e-09	0.00280124
1.04732e-09	0.00280354
1.04737e-09	0.00280584
1.04741e-09	0.00280813
1.04745e-09	0.00281043
1.04749e-09	0.00281273
1.04753e-09	0.00281502
1.04757e-09	0.00281732
1.04762e-09	0.00281961
1.04766e-09	0.0028219
1.0477e-09	0.0028242
1.04774e-09	0.00282649
1.04778e-09	0.00282878
1.04782e-09	0.00283107
1.04786e-09	0.00283336
1.04791e-09	0.00283565
1.04795e-09	0.00283794
1.04799e-09	0.00284023
1.04803e-09	0.00284252
1.04807e-09	0.00284481
1.04811e-09	0.00284709
1.04816e-09	0.00284938
1.0482e-09	0.00285167
1.04824e-09	0.00285395
1.04828e-09	0.00285623
1.04832e-09	0.00285852
1.04836e-09	0.0028608
1.0484e-09	0.00286308
1.04845e-09	0.00286536
1.04849e-09	0.00286764
1.04853e-09	0.00286992
1.04857e-09	0.0028722
1.04861e-09	0.00287448
1.04865e-09	0.00287676
1.04869e-09	0.00287904
1.04874e-09	0.00288131
1.04878e-09	0.00288359
1.04882e-09	0.00288587
1.04886e-09	0.00288814
1.0489e-09	0.00289042
1.04894e-09	0.00289269
1.04899e-09	0.00289496
1.04903e-09	0.00289723
1.04907e-09	0.0028995
1.04911e-09	0.00290178
1.04915e-09	0.00290405
1.04919e-09	0.00290631
1.04923e-09	0.00290858
1.04928e-09	0.00291085
1.04932e-09	0.00291312
1.04936e-09	0.00291539
1.0494e-09	0.00291765
1.04944e-09	0.00291992
1.04948e-09	0.00292218
1.04953e-09	0.00292445
1.04957e-09	0.00292671
1.04961e-09	0.00292897
1.04965e-09	0.00293123
1.04969e-09	0.00293349
1.04973e-09	0.00293575
1.04977e-09	0.00293801
1.04982e-09	0.00294027
1.04986e-09	0.00294253
1.0499e-09	0.00294479
1.04994e-09	0.00294705
1.04998e-09	0.0029493
1.05002e-09	0.00295156
1.05007e-09	0.00295381
1.05011e-09	0.00295607
1.05015e-09	0.00295832
1.05019e-09	0.00296057
1.05023e-09	0.00296282
1.05027e-09	0.00296508
1.05031e-09	0.00296733
1.05036e-09	0.00296958
1.0504e-09	0.00297183
1.05044e-09	0.00297407
1.05048e-09	0.00297632
1.05052e-09	0.00297857
1.05056e-09	0.00298082
1.05061e-09	0.00298306
1.05065e-09	0.00298531
1.05069e-09	0.00298755
1.05073e-09	0.00298979
1.05077e-09	0.00299204
1.05081e-09	0.00299428
1.05085e-09	0.00299652
1.0509e-09	0.00299876
1.05094e-09	0.003001
1.05098e-09	0.00300324
1.05102e-09	0.00300548
1.05106e-09	0.00300771
1.0511e-09	0.00300995
1.05115e-09	0.00301219
1.05119e-09	0.00301442
1.05123e-09	0.00301666
1.05127e-09	0.00301889
1.05131e-09	0.00302112
1.05135e-09	0.00302336
1.05139e-09	0.00302559
1.05144e-09	0.00302782
1.05148e-09	0.00303005
1.05152e-09	0.00303228
1.05156e-09	0.00303451
1.0516e-09	0.00303674
1.05164e-09	0.00303896
1.05169e-09	0.00304119
1.05173e-09	0.00304342
1.05177e-09	0.00304564
1.05181e-09	0.00304786
1.05185e-09	0.00305009
1.05189e-09	0.00305231
1.05193e-09	0.00305453
1.05198e-09	0.00305675
1.05202e-09	0.00305897
1.05206e-09	0.00306119
1.0521e-09	0.00306341
1.05214e-09	0.00306563
1.05218e-09	0.00306785
1.05222e-09	0.00307007
1.05227e-09	0.00307228
1.05231e-09	0.0030745
1.05235e-09	0.00307671
1.05239e-09	0.00307892
1.05243e-09	0.00308114
1.05247e-09	0.00308335
1.05252e-09	0.00308556
1.05256e-09	0.00308777
1.0526e-09	0.00308998
1.05264e-09	0.00309219
1.05268e-09	0.0030944
1.05272e-09	0.00309661
1.05276e-09	0.00309881
1.05281e-09	0.00310102
1.05285e-09	0.00310322
1.05289e-09	0.00310543
1.05293e-09	0.00310763
1.05297e-09	0.00310983
1.05301e-09	0.00311204
1.05306e-09	0.00311424
1.0531e-09	0.00311644
1.05314e-09	0.00311864
1.05318e-09	0.00312084
1.05322e-09	0.00312303
1.05326e-09	0.00312523
1.0533e-09	0.00312743
1.05335e-09	0.00312962
1.05339e-09	0.00313182
1.05343e-09	0.00313401
1.05347e-09	0.00313621
1.05351e-09	0.0031384
1.05355e-09	0.00314059
1.0536e-09	0.00314278
1.05364e-09	0.00314497
1.05368e-09	0.00314716
1.05372e-09	0.00314935
1.05376e-09	0.00315154
1.0538e-09	0.00315372
1.05384e-09	0.00315591
1.05389e-09	0.00315809
1.05393e-09	0.00316028
1.05397e-09	0.00316246
1.05401e-09	0.00316465
1.05405e-09	0.00316683
1.05409e-09	0.00316901
1.05414e-09	0.00317119
1.05418e-09	0.00317337
1.05422e-09	0.00317555
1.05426e-09	0.00317773
1.0543e-09	0.0031799
1.05434e-09	0.00318208
1.05438e-09	0.00318425
1.05443e-09	0.00318643
1.05447e-09	0.0031886
1.05451e-09	0.00319078
1.05455e-09	0.00319295
1.05459e-09	0.00319512
1.05463e-09	0.00319729
1.05468e-09	0.00319946
1.05472e-09	0.00320163
1.05476e-09	0.0032038
1.0548e-09	0.00320596
1.05484e-09	0.00320813
1.05488e-09	0.0032103
1.05492e-09	0.00321246
1.05497e-09	0.00321462
1.05501e-09	0.00321679
1.05505e-09	0.00321895
1.05509e-09	0.00322111
1.05513e-09	0.00322327
1.05517e-09	0.00322543
1.05521e-09	0.00322759
1.05526e-09	0.00322975
1.0553e-09	0.0032319
1.05534e-09	0.00323406
1.05538e-09	0.00323622
1.05542e-09	0.00323837
1.05546e-09	0.00324052
1.05551e-09	0.00324268
1.05555e-09	0.00324483
1.05559e-09	0.00324698
1.05563e-09	0.00324913
1.05567e-09	0.00325128
1.05571e-09	0.00325343
1.05575e-09	0.00325558
1.0558e-09	0.00325772
1.05584e-09	0.00325987
1.05588e-09	0.00326201
1.05592e-09	0.00326416
1.05596e-09	0.0032663
1.056e-09	0.00326845
1.05605e-09	0.00327059
1.05609e-09	0.00327273
1.05613e-09	0.00327487
1.05617e-09	0.00327701
1.05621e-09	0.00327914
1.05625e-09	0.00328128
1.05629e-09	0.00328342
1.05634e-09	0.00328555
1.05638e-09	0.00328769
1.05642e-09	0.00328982
1.05646e-09	0.00329196
1.0565e-09	0.00329409
1.05654e-09	0.00329622
1.05659e-09	0.00329835
1.05663e-09	0.00330048
1.05667e-09	0.00330261
1.05671e-09	0.00330474
1.05675e-09	0.00330686
1.05679e-09	0.00330899
1.05683e-09	0.00331111
1.05688e-09	0.00331324
1.05692e-09	0.00331536
1.05696e-09	0.00331748
1.057e-09	0.0033196
1.05704e-09	0.00332172
1.05708e-09	0.00332384
1.05713e-09	0.00332596
1.05717e-09	0.00332808
1.05721e-09	0.0033302
1.05725e-09	0.00333231
1.05729e-09	0.00333443
1.05733e-09	0.00333654
1.05737e-09	0.00333866
1.05742e-09	0.00334077
1.05746e-09	0.00334288
1.0575e-09	0.00334499
1.05754e-09	0.0033471
1.05758e-09	0.00334921
1.05762e-09	0.00335132
1.05767e-09	0.00335343
1.05771e-09	0.00335553
1.05775e-09	0.00335764
1.05779e-09	0.00335974
1.05783e-09	0.00336184
1.05787e-09	0.00336395
1.05791e-09	0.00336605
1.05796e-09	0.00336815
1.058e-09	0.00337025
1.05804e-09	0.00337235
1.05808e-09	0.00337445
1.05812e-09	0.00337654
1.05816e-09	0.00337864
1.0582e-09	0.00338073
1.05825e-09	0.00338283
1.05829e-09	0.00338492
1.05833e-09	0.00338701
1.05837e-09	0.0033891
1.05841e-09	0.00339119
1.05845e-09	0.00339328
1.0585e-09	0.00339537
1.05854e-09	0.00339746
1.05858e-09	0.00339955
1.05862e-09	0.00340163
1.05866e-09	0.00340372
1.0587e-09	0.0034058
1.05874e-09	0.00340788
1.05879e-09	0.00340997
1.05883e-09	0.00341205
1.05887e-09	0.00341413
1.05891e-09	0.00341621
1.05895e-09	0.00341829
1.05899e-09	0.00342036
1.05904e-09	0.00342244
1.05908e-09	0.00342451
1.05912e-09	0.00342659
1.05916e-09	0.00342866
1.0592e-09	0.00343074
1.05924e-09	0.00343281
1.05928e-09	0.00343488
1.05933e-09	0.00343695
1.05937e-09	0.00343902
1.05941e-09	0.00344108
1.05945e-09	0.00344315
1.05949e-09	0.00344522
1.05953e-09	0.00344728
1.05958e-09	0.00344935
1.05962e-09	0.00345141
1.05966e-09	0.00345347
1.0597e-09	0.00345553
1.05974e-09	0.00345759
1.05978e-09	0.00345965
1.05982e-09	0.00346171
1.05987e-09	0.00346377
1.05991e-09	0.00346582
1.05995e-09	0.00346788
1.05999e-09	0.00346993
1.06003e-09	0.00347198
1.06007e-09	0.00347404
1.06012e-09	0.00347609
1.06016e-09	0.00347814
1.0602e-09	0.00348019
1.06024e-09	0.00348224
1.06028e-09	0.00348428
1.06032e-09	0.00348633
1.06036e-09	0.00348838
1.06041e-09	0.00349042
1.06045e-09	0.00349246
1.06049e-09	0.00349451
1.06053e-09	0.00349655
1.06057e-09	0.00349859
1.06061e-09	0.00350063
1.06066e-09	0.00350267
1.0607e-09	0.0035047
1.06074e-09	0.00350674
1.06078e-09	0.00350878
1.06082e-09	0.00351081
1.06086e-09	0.00351284
1.0609e-09	0.00351488
1.06095e-09	0.00351691
1.06099e-09	0.00351894
1.06103e-09	0.00352097
1.06107e-09	0.003523
1.06111e-09	0.00352503
1.06115e-09	0.00352705
1.0612e-09	0.00352908
1.06124e-09	0.0035311
1.06128e-09	0.00353313
1.06132e-09	0.00353515
1.06136e-09	0.00353717
1.0614e-09	0.00353919
1.06144e-09	0.00354121
1.06149e-09	0.00354323
1.06153e-09	0.00354525
1.06157e-09	0.00354726
1.06161e-09	0.00354928
1.06165e-09	0.00355129
1.06169e-09	0.00355331
1.06173e-09	0.00355532
1.06178e-09	0.00355733
1.06182e-09	0.00355934
1.06186e-09	0.00356135
1.0619e-09	0.00356336
1.06194e-09	0.00356536
1.06198e-09	0.00356737
1.06203e-09	0.00356938
1.06207e-09	0.00357138
1.06211e-09	0.00357338
1.06215e-09	0.00357539
1.06219e-09	0.00357739
1.06223e-09	0.00357939
1.06227e-09	0.00358139
1.06232e-09	0.00358338
1.06236e-09	0.00358538
1.0624e-09	0.00358738
1.06244e-09	0.00358937
1.06248e-09	0.00359137
1.06252e-09	0.00359336
1.06257e-09	0.00359535
1.06261e-09	0.00359734
1.06265e-09	0.00359933
1.06269e-09	0.00360132
1.06273e-09	0.00360331
1.06277e-09	0.00360529
1.06281e-09	0.00360728
1.06286e-09	0.00360926
1.0629e-09	0.00361125
1.06294e-09	0.00361323
1.06298e-09	0.00361521
1.06302e-09	0.00361719
1.06306e-09	0.00361917
1.06311e-09	0.00362115
1.06315e-09	0.00362312
1.06319e-09	0.0036251
1.06323e-09	0.00362708
1.06327e-09	0.00362905
1.06331e-09	0.00363102
1.06335e-09	0.00363299
1.0634e-09	0.00363497
1.06344e-09	0.00363693
1.06348e-09	0.0036389
1.06352e-09	0.00364087
1.06356e-09	0.00364284
1.0636e-09	0.0036448
1.06365e-09	0.00364677
1.06369e-09	0.00364873
1.06373e-09	0.00365069
1.06377e-09	0.00365265
1.06381e-09	0.00365461
1.06385e-09	0.00365657
1.06389e-09	0.00365853
1.06394e-09	0.00366049
1.06398e-09	0.00366244
1.06402e-09	0.0036644
1.06406e-09	0.00366635
1.0641e-09	0.0036683
1.06414e-09	0.00367025
1.06419e-09	0.00367221
1.06423e-09	0.00367415
1.06427e-09	0.0036761
1.06431e-09	0.00367805
1.06435e-09	0.00368
1.06439e-09	0.00368194
1.06443e-09	0.00368388
1.06448e-09	0.00368583
1.06452e-09	0.00368777
1.06456e-09	0.00368971
1.0646e-09	0.00369165
1.06464e-09	0.00369359
1.06468e-09	0.00369552
1.06472e-09	0.00369746
1.06477e-09	0.0036994
1.06481e-09	0.00370133
1.06485e-09	0.00370326
1.06489e-09	0.00370519
1.06493e-09	0.00370712
1.06497e-09	0.00370905
1.06502e-09	0.00371098
1.06506e-09	0.00371291
1.0651e-09	0.00371484
1.06514e-09	0.00371676
1.06518e-09	0.00371868
1.06522e-09	0.00372061
1.06526e-09	0.00372253
1.06531e-09	0.00372445
1.06535e-09	0.00372637
1.06539e-09	0.00372829
1.06543e-09	0.0037302
1.06547e-09	0.00373212
1.06551e-09	0.00373404
1.06556e-09	0.00373595
1.0656e-09	0.00373786
1.06564e-09	0.00373977
1.06568e-09	0.00374168
1.06572e-09	0.00374359
1.06576e-09	0.0037455
1.0658e-09	0.00374741
1.06585e-09	0.00374932
1.06589e-09	0.00375122
1.06593e-09	0.00375312
1.06597e-09	0.00375503
1.06601e-09	0.00375693
1.06605e-09	0.00375883
1.0661e-09	0.00376073
1.06614e-09	0.00376263
1.06618e-09	0.00376452
1.06622e-09	0.00376642
1.06626e-09	0.00376831
1.0663e-09	0.00377021
1.06634e-09	0.0037721
1.06639e-09	0.00377399
1.06643e-09	0.00377588
1.06647e-09	0.00377777
1.06651e-09	0.00377966
1.06655e-09	0.00378154
1.06659e-09	0.00378343
1.06664e-09	0.00378531
1.06668e-09	0.0037872
1.06672e-09	0.00378908
1.06676e-09	0.00379096
1.0668e-09	0.00379284
1.06684e-09	0.00379472
1.06688e-09	0.0037966
1.06693e-09	0.00379847
1.06697e-09	0.00380035
1.06701e-09	0.00380222
1.06705e-09	0.00380409
1.06709e-09	0.00380597
1.06713e-09	0.00380784
1.06718e-09	0.00380971
1.06722e-09	0.00381157
1.06726e-09	0.00381344
1.0673e-09	0.00381531
1.06734e-09	0.00381717
1.06738e-09	0.00381903
1.06742e-09	0.0038209
1.06747e-09	0.00382276
1.06751e-09	0.00382462
1.06755e-09	0.00382648
1.06759e-09	0.00382833
1.06763e-09	0.00383019
1.06767e-09	0.00383205
1.06771e-09	0.0038339
1.06776e-09	0.00383575
1.0678e-09	0.00383761
1.06784e-09	0.00383946
1.06788e-09	0.00384131
1.06792e-09	0.00384315
1.06796e-09	0.003845
1.06801e-09	0.00384685
1.06805e-09	0.00384869
1.06809e-09	0.00385053
1.06813e-09	0.00385238
1.06817e-09	0.00385422
1.06821e-09	0.00385606
1.06825e-09	0.0038579
1.0683e-09	0.00385973
1.06834e-09	0.00386157
1.06838e-09	0.00386341
1.06842e-09	0.00386524
1.06846e-09	0.00386707
1.0685e-09	0.0038689
1.06855e-09	0.00387073
1.06859e-09	0.00387256
1.06863e-09	0.00387439
1.06867e-09	0.00387622
1.06871e-09	0.00387804
1.06875e-09	0.00387987
1.06879e-09	0.00388169
1.06884e-09	0.00388351
1.06888e-09	0.00388533
1.06892e-09	0.00388715
1.06896e-09	0.00388897
1.069e-09	0.00389079
1.06904e-09	0.0038926
1.06909e-09	0.00389442
1.06913e-09	0.00389623
1.06917e-09	0.00389805
1.06921e-09	0.00389986
1.06925e-09	0.00390167
1.06929e-09	0.00390347
1.06933e-09	0.00390528
1.06938e-09	0.00390709
1.06942e-09	0.00390889
1.06946e-09	0.0039107
1.0695e-09	0.0039125
1.06954e-09	0.0039143
1.06958e-09	0.0039161
1.06963e-09	0.0039179
1.06967e-09	0.0039197
1.06971e-09	0.00392149
1.06975e-09	0.00392329
1.06979e-09	0.00392508
1.06983e-09	0.00392688
1.06987e-09	0.00392867
1.06992e-09	0.00393046
1.06996e-09	0.00393225
1.07e-09	0.00393403
1.07004e-09	0.00393582
1.07008e-09	0.00393761
1.07012e-09	0.00393939
1.07017e-09	0.00394117
1.07021e-09	0.00394295
1.07025e-09	0.00394473
1.07029e-09	0.00394651
1.07033e-09	0.00394829
1.07037e-09	0.00395007
1.07041e-09	0.00395184
1.07046e-09	0.00395362
1.0705e-09	0.00395539
1.07054e-09	0.00395716
1.07058e-09	0.00395893
1.07062e-09	0.0039607
1.07066e-09	0.00396247
1.07071e-09	0.00396423
1.07075e-09	0.003966
1.07079e-09	0.00396776
1.07083e-09	0.00396953
1.07087e-09	0.00397129
1.07091e-09	0.00397305
1.07095e-09	0.00397481
1.071e-09	0.00397657
1.07104e-09	0.00397832
1.07108e-09	0.00398008
1.07112e-09	0.00398183
1.07116e-09	0.00398358
1.0712e-09	0.00398534
1.07124e-09	0.00398709
1.07129e-09	0.00398883
1.07133e-09	0.00399058
1.07137e-09	0.00399233
1.07141e-09	0.00399407
1.07145e-09	0.00399582
1.07149e-09	0.00399756
1.07154e-09	0.0039993
1.07158e-09	0.00400104
1.07162e-09	0.00400278
1.07166e-09	0.00400452
1.0717e-09	0.00400625
1.07174e-09	0.00400799
1.07178e-09	0.00400972
1.07183e-09	0.00401145
1.07187e-09	0.00401318
1.07191e-09	0.00401491
1.07195e-09	0.00401664
1.07199e-09	0.00401837
1.07203e-09	0.0040201
1.07208e-09	0.00402182
1.07212e-09	0.00402354
1.07216e-09	0.00402527
1.0722e-09	0.00402699
1.07224e-09	0.00402871
1.07228e-09	0.00403042
1.07232e-09	0.00403214
1.07237e-09	0.00403386
1.07241e-09	0.00403557
1.07245e-09	0.00403728
1.07249e-09	0.004039
1.07253e-09	0.00404071
1.07257e-09	0.00404241
1.07262e-09	0.00404412
1.07266e-09	0.00404583
1.0727e-09	0.00404753
1.07274e-09	0.00404924
1.07278e-09	0.00405094
1.07282e-09	0.00405264
1.07286e-09	0.00405434
1.07291e-09	0.00405604
1.07295e-09	0.00405774
1.07299e-09	0.00405943
1.07303e-09	0.00406113
1.07307e-09	0.00406282
1.07311e-09	0.00406451
1.07316e-09	0.0040662
1.0732e-09	0.00406789
1.07324e-09	0.00406958
1.07328e-09	0.00407127
1.07332e-09	0.00407295
1.07336e-09	0.00407464
1.0734e-09	0.00407632
1.07345e-09	0.004078
1.07349e-09	0.00407968
1.07353e-09	0.00408136
1.07357e-09	0.00408304
1.07361e-09	0.00408472
1.07365e-09	0.00408639
1.0737e-09	0.00408806
1.07374e-09	0.00408974
1.07378e-09	0.00409141
1.07382e-09	0.00409308
1.07386e-09	0.00409474
1.0739e-09	0.00409641
1.07394e-09	0.00409808
1.07399e-09	0.00409974
1.07403e-09	0.0041014
1.07407e-09	0.00410307
1.07411e-09	0.00410473
1.07415e-09	0.00410638
1.07419e-09	0.00410804
1.07423e-09	0.0041097
1.07428e-09	0.00411135
1.07432e-09	0.00411301
1.07436e-09	0.00411466
1.0744e-09	0.00411631
1.07444e-09	0.00411796
1.07448e-09	0.00411961
1.07453e-09	0.00412125
1.07457e-09	0.0041229
1.07461e-09	0.00412454
1.07465e-09	0.00412618
1.07469e-09	0.00412783
1.07473e-09	0.00412947
1.07477e-09	0.0041311
1.07482e-09	0.00413274
1.07486e-09	0.00413438
1.0749e-09	0.00413601
1.07494e-09	0.00413765
1.07498e-09	0.00413928
1.07502e-09	0.00414091
1.07507e-09	0.00414254
1.07511e-09	0.00414416
1.07515e-09	0.00414579
1.07519e-09	0.00414742
1.07523e-09	0.00414904
1.07527e-09	0.00415066
1.07531e-09	0.00415228
1.07536e-09	0.0041539
1.0754e-09	0.00415552
1.07544e-09	0.00415714
1.07548e-09	0.00415875
1.07552e-09	0.00416037
1.07556e-09	0.00416198
1.07561e-09	0.00416359
1.07565e-09	0.0041652
1.07569e-09	0.00416681
1.07573e-09	0.00416842
1.07577e-09	0.00417002
1.07581e-09	0.00417163
1.07585e-09	0.00417323
1.0759e-09	0.00417483
1.07594e-09	0.00417643
1.07598e-09	0.00417803
1.07602e-09	0.00417963
1.07606e-09	0.00418122
1.0761e-09	0.00418282
1.07615e-09	0.00418441
1.07619e-09	0.004186
1.07623e-09	0.00418759
1.07627e-09	0.00418918
1.07631e-09	0.00419077
1.07635e-09	0.00419236
1.07639e-09	0.00419394
1.07644e-09	0.00419552
1.07648e-09	0.00419711
1.07652e-09	0.00419869
1.07656e-09	0.00420027
1.0766e-09	0.00420184
1.07664e-09	0.00420342
1.07669e-09	0.004205
1.07673e-09	0.00420657
1.07677e-09	0.00420814
1.07681e-09	0.00420971
1.07685e-09	0.00421128
1.07689e-09	0.00421285
1.07693e-09	0.00421442
1.07698e-09	0.00421598
1.07702e-09	0.00421755
1.07706e-09	0.00421911
1.0771e-09	0.00422067
1.07714e-09	0.00422223
1.07718e-09	0.00422379
1.07722e-09	0.00422534
1.07727e-09	0.0042269
1.07731e-09	0.00422845
1.07735e-09	0.00423001
1.07739e-09	0.00423156
1.07743e-09	0.00423311
1.07747e-09	0.00423465
1.07752e-09	0.0042362
1.07756e-09	0.00423775
1.0776e-09	0.00423929
1.07764e-09	0.00424083
1.07768e-09	0.00424237
1.07772e-09	0.00424391
1.07776e-09	0.00424545
1.07781e-09	0.00424699
1.07785e-09	0.00424852
1.07789e-09	0.00425006
1.07793e-09	0.00425159
1.07797e-09	0.00425312
1.07801e-09	0.00425465
1.07806e-09	0.00425618
1.0781e-09	0.00425771
1.07814e-09	0.00425923
1.07818e-09	0.00426076
1.07822e-09	0.00426228
1.07826e-09	0.0042638
1.0783e-09	0.00426532
1.07835e-09	0.00426684
1.07839e-09	0.00426835
1.07843e-09	0.00426987
1.07847e-09	0.00427138
1.07851e-09	0.00427289
1.07855e-09	0.00427441
1.0786e-09	0.00427592
1.07864e-09	0.00427742
1.07868e-09	0.00427893
1.07872e-09	0.00428043
1.07876e-09	0.00428194
1.0788e-09	0.00428344
1.07884e-09	0.00428494
1.07889e-09	0.00428644
1.07893e-09	0.00428794
1.07897e-09	0.00428943
1.07901e-09	0.00429093
1.07905e-09	0.00429242
1.07909e-09	0.00429392
1.07914e-09	0.00429541
1.07918e-09	0.00429689
1.07922e-09	0.00429838
1.07926e-09	0.00429987
1.0793e-09	0.00430135
1.07934e-09	0.00430284
1.07938e-09	0.00430432
1.07943e-09	0.0043058
1.07947e-09	0.00430728
1.07951e-09	0.00430875
1.07955e-09	0.00431023
1.07959e-09	0.0043117
1.07963e-09	0.00431318
1.07968e-09	0.00431465
1.07972e-09	0.00431612
1.07976e-09	0.00431759
1.0798e-09	0.00431905
1.07984e-09	0.00432052
1.07988e-09	0.00432198
1.07992e-09	0.00432345
1.07997e-09	0.00432491
1.08001e-09	0.00432637
1.08005e-09	0.00432783
1.08009e-09	0.00432928
1.08013e-09	0.00433074
1.08017e-09	0.00433219
1.08022e-09	0.00433364
1.08026e-09	0.00433509
1.0803e-09	0.00433654
1.08034e-09	0.00433799
1.08038e-09	0.00433944
1.08042e-09	0.00434088
1.08046e-09	0.00434232
1.08051e-09	0.00434377
1.08055e-09	0.00434521
1.08059e-09	0.00434664
1.08063e-09	0.00434808
1.08067e-09	0.00434952
1.08071e-09	0.00435095
1.08075e-09	0.00435238
1.0808e-09	0.00435382
1.08084e-09	0.00435525
1.08088e-09	0.00435667
1.08092e-09	0.0043581
1.08096e-09	0.00435953
1.081e-09	0.00436095
1.08105e-09	0.00436237
1.08109e-09	0.00436379
1.08113e-09	0.00436521
1.08117e-09	0.00436663
1.08121e-09	0.00436805
1.08125e-09	0.00436946
1.08129e-09	0.00437087
1.08134e-09	0.00437228
1.08138e-09	0.00437369
1.08142e-09	0.0043751
1.08146e-09	0.00437651
1.0815e-09	0.00437792
1.08154e-09	0.00437932
1.08159e-09	0.00438072
1.08163e-09	0.00438212
1.08167e-09	0.00438352
1.08171e-09	0.00438492
1.08175e-09	0.00438632
1.08179e-09	0.00438771
1.08183e-09	0.00438911
1.08188e-09	0.0043905
1.08192e-09	0.00439189
1.08196e-09	0.00439328
1.082e-09	0.00439466
1.08204e-09	0.00439605
1.08208e-09	0.00439743
1.08213e-09	0.00439882
1.08217e-09	0.0044002
1.08221e-09	0.00440158
1.08225e-09	0.00440296
1.08229e-09	0.00440433
1.08233e-09	0.00440571
1.08237e-09	0.00440708
1.08242e-09	0.00440845
1.08246e-09	0.00440982
1.0825e-09	0.00441119
1.08254e-09	0.00441256
1.08258e-09	0.00441392
1.08262e-09	0.00441529
1.08267e-09	0.00441665
1.08271e-09	0.00441801
1.08275e-09	0.00441937
1.08279e-09	0.00442073
1.08283e-09	0.00442209
1.08287e-09	0.00442344
1.08291e-09	0.00442479
1.08296e-09	0.00442615
1.083e-09	0.0044275
1.08304e-09	0.00442884
1.08308e-09	0.00443019
1.08312e-09	0.00443154
1.08316e-09	0.00443288
1.08321e-09	0.00443422
1.08325e-09	0.00443557
1.08329e-09	0.0044369
1.08333e-09	0.00443824
1.08337e-09	0.00443958
1.08341e-09	0.00444091
1.08345e-09	0.00444225
1.0835e-09	0.00444358
1.08354e-09	0.00444491
1.08358e-09	0.00444624
1.08362e-09	0.00444756
1.08366e-09	0.00444889
1.0837e-09	0.00445021
1.08374e-09	0.00445153
1.08379e-09	0.00445285
1.08383e-09	0.00445417
1.08387e-09	0.00445549
1.08391e-09	0.00445681
1.08395e-09	0.00445812
1.08399e-09	0.00445943
1.08404e-09	0.00446075
1.08408e-09	0.00446205
1.08412e-09	0.00446336
1.08416e-09	0.00446467
1.0842e-09	0.00446597
1.08424e-09	0.00446728
1.08428e-09	0.00446858
1.08433e-09	0.00446988
1.08437e-09	0.00447118
1.08441e-09	0.00447247
1.08445e-09	0.00447377
1.08449e-09	0.00447506
1.08453e-09	0.00447636
1.08458e-09	0.00447765
1.08462e-09	0.00447893
1.08466e-09	0.00448022
1.0847e-09	0.00448151
1.08474e-09	0.00448279
1.08478e-09	0.00448407
1.08482e-09	0.00448536
1.08487e-09	0.00448664
1.08491e-09	0.00448791
1.08495e-09	0.00448919
1.08499e-09	0.00449046
1.08503e-09	0.00449174
1.08507e-09	0.00449301
1.08512e-09	0.00449428
1.08516e-09	0.00449555
1.0852e-09	0.00449681
1.08524e-09	0.00449808
1.08528e-09	0.00449934
1.08532e-09	0.0045006
1.08536e-09	0.00450186
1.08541e-09	0.00450312
1.08545e-09	0.00450438
1.08549e-09	0.00450563
1.08553e-09	0.00450689
1.08557e-09	0.00450814
1.08561e-09	0.00450939
1.08566e-09	0.00451064
1.0857e-09	0.00451189
1.08574e-09	0.00451313
1.08578e-09	0.00451438
1.08582e-09	0.00451562
1.08586e-09	0.00451686
1.0859e-09	0.0045181
1.08595e-09	0.00451934
1.08599e-09	0.00452057
1.08603e-09	0.00452181
1.08607e-09	0.00452304
1.08611e-09	0.00452427
1.08615e-09	0.0045255
1.0862e-09	0.00452673
1.08624e-09	0.00452795
1.08628e-09	0.00452918
1.08632e-09	0.0045304
1.08636e-09	0.00453162
1.0864e-09	0.00453284
1.08644e-09	0.00453406
1.08649e-09	0.00453528
1.08653e-09	0.00453649
1.08657e-09	0.00453771
1.08661e-09	0.00453892
1.08665e-09	0.00454013
1.08669e-09	0.00454134
1.08673e-09	0.00454254
1.08678e-09	0.00454375
1.08682e-09	0.00454495
1.08686e-09	0.00454615
1.0869e-09	0.00454735
1.08694e-09	0.00454855
1.08698e-09	0.00454975
1.08703e-09	0.00455094
1.08707e-09	0.00455214
1.08711e-09	0.00455333
1.08715e-09	0.00455452
1.08719e-09	0.00455571
1.08723e-09	0.00455689
1.08727e-09	0.00455808
1.08732e-09	0.00455926
1.08736e-09	0.00456045
1.0874e-09	0.00456163
1.08744e-09	0.0045628
1.08748e-09	0.00456398
1.08752e-09	0.00456516
1.08757e-09	0.00456633
1.08761e-09	0.0045675
1.08765e-09	0.00456867
1.08769e-09	0.00456984
1.08773e-09	0.00457101
1.08777e-09	0.00457217
1.08781e-09	0.00457334
1.08786e-09	0.0045745
1.0879e-09	0.00457566
1.08794e-09	0.00457682
1.08798e-09	0.00457798
1.08802e-09	0.00457913
1.08806e-09	0.00458029
1.08811e-09	0.00458144
1.08815e-09	0.00458259
1.08819e-09	0.00458374
1.08823e-09	0.00458488
1.08827e-09	0.00458603
1.08831e-09	0.00458717
1.08835e-09	0.00458832
1.0884e-09	0.00458946
1.08844e-09	0.0045906
1.08848e-09	0.00459173
1.08852e-09	0.00459287
1.08856e-09	0.004594
1.0886e-09	0.00459513
1.08865e-09	0.00459626
1.08869e-09	0.00459739
1.08873e-09	0.00459852
1.08877e-09	0.00459965
1.08881e-09	0.00460077
1.08885e-09	0.00460189
1.08889e-09	0.00460301
1.08894e-09	0.00460413
1.08898e-09	0.00460525
1.08902e-09	0.00460636
1.08906e-09	0.00460748
1.0891e-09	0.00460859
1.08914e-09	0.0046097
1.08919e-09	0.00461081
1.08923e-09	0.00461191
1.08927e-09	0.00461302
1.08931e-09	0.00461412
1.08935e-09	0.00461522
1.08939e-09	0.00461632
1.08943e-09	0.00461742
1.08948e-09	0.00461852
1.08952e-09	0.00461961
1.08956e-09	0.00462071
1.0896e-09	0.0046218
1.08964e-09	0.00462289
1.08968e-09	0.00462398
1.08973e-09	0.00462506
1.08977e-09	0.00462615
1.08981e-09	0.00462723
1.08985e-09	0.00462831
1.08989e-09	0.00462939
1.08993e-09	0.00463047
1.08997e-09	0.00463155
1.09002e-09	0.00463262
1.09006e-09	0.00463369
1.0901e-09	0.00463476
1.09014e-09	0.00463583
1.09018e-09	0.0046369
1.09022e-09	0.00463797
1.09026e-09	0.00463903
1.09031e-09	0.00464009
1.09035e-09	0.00464116
1.09039e-09	0.00464221
1.09043e-09	0.00464327
1.09047e-09	0.00464433
1.09051e-09	0.00464538
1.09056e-09	0.00464643
1.0906e-09	0.00464748
1.09064e-09	0.00464853
1.09068e-09	0.00464958
1.09072e-09	0.00465063
1.09076e-09	0.00465167
1.0908e-09	0.00465271
1.09085e-09	0.00465375
1.09089e-09	0.00465479
1.09093e-09	0.00465583
1.09097e-09	0.00465686
1.09101e-09	0.0046579
1.09105e-09	0.00465893
1.0911e-09	0.00465996
1.09114e-09	0.00466098
1.09118e-09	0.00466201
1.09122e-09	0.00466304
1.09126e-09	0.00466406
1.0913e-09	0.00466508
1.09134e-09	0.0046661
1.09139e-09	0.00466712
1.09143e-09	0.00466813
1.09147e-09	0.00466915
1.09151e-09	0.00467016
1.09155e-09	0.00467117
1.09159e-09	0.00467218
1.09164e-09	0.00467319
1.09168e-09	0.00467419
1.09172e-09	0.0046752
1.09176e-09	0.0046762
1.0918e-09	0.0046772
1.09184e-09	0.0046782
1.09188e-09	0.00467919
1.09193e-09	0.00468019
1.09197e-09	0.00468118
1.09201e-09	0.00468217
1.09205e-09	0.00468316
1.09209e-09	0.00468415
1.09213e-09	0.00468514
1.09218e-09	0.00468612
1.09222e-09	0.00468711
1.09226e-09	0.00468809
1.0923e-09	0.00468907
1.09234e-09	0.00469004
1.09238e-09	0.00469102
1.09242e-09	0.00469199
1.09247e-09	0.00469297
1.09251e-09	0.00469394
1.09255e-09	0.00469491
1.09259e-09	0.00469587
1.09263e-09	0.00469684
1.09267e-09	0.0046978
1.09272e-09	0.00469876
1.09276e-09	0.00469972
1.0928e-09	0.00470068
1.09284e-09	0.00470164
1.09288e-09	0.00470259
1.09292e-09	0.00470355
1.09296e-09	0.0047045
1.09301e-09	0.00470545
1.09305e-09	0.00470639
1.09309e-09	0.00470734
1.09313e-09	0.00470828
1.09317e-09	0.00470923
1.09321e-09	0.00471017
1.09325e-09	0.00471111
1.0933e-09	0.00471204
1.09334e-09	0.00471298
1.09338e-09	0.00471391
1.09342e-09	0.00471484
1.09346e-09	0.00471577
1.0935e-09	0.0047167
1.09355e-09	0.00471763
1.09359e-09	0.00471855
1.09363e-09	0.00471947
1.09367e-09	0.0047204
1.09371e-09	0.00472131
1.09375e-09	0.00472223
1.09379e-09	0.00472315
1.09384e-09	0.00472406
1.09388e-09	0.00472497
1.09392e-09	0.00472588
1.09396e-09	0.00472679
1.094e-09	0.0047277
1.09404e-09	0.0047286
1.09409e-09	0.00472951
1.09413e-09	0.00473041
1.09417e-09	0.00473131
1.09421e-09	0.00473221
1.09425e-09	0.0047331
1.09429e-09	0.004734
1.09433e-09	0.00473489
1.09438e-09	0.00473578
1.09442e-09	0.00473667
1.09446e-09	0.00473756
1.0945e-09	0.00473844
1.09454e-09	0.00473932
1.09458e-09	0.00474021
1.09463e-09	0.00474108
1.09467e-09	0.00474196
1.09471e-09	0.00474284
1.09475e-09	0.00474371
1.09479e-09	0.00474459
1.09483e-09	0.00474546
1.09487e-09	0.00474633
1.09492e-09	0.00474719
1.09496e-09	0.00474806
1.095e-09	0.00474892
1.09504e-09	0.00474978
1.09508e-09	0.00475064
1.09512e-09	0.0047515
1.09517e-09	0.00475236
1.09521e-09	0.00475321
1.09525e-09	0.00475407
1.09529e-09	0.00475492
1.09533e-09	0.00475577
1.09537e-09	0.00475661
1.09541e-09	0.00475746
1.09546e-09	0.0047583
1.0955e-09	0.00475914
1.09554e-09	0.00475998
1.09558e-09	0.00476082
1.09562e-09	0.00476166
1.09566e-09	0.00476249
1.09571e-09	0.00476333
1.09575e-09	0.00476416
1.09579e-09	0.00476499
1.09583e-09	0.00476581
1.09587e-09	0.00476664
1.09591e-09	0.00476746
1.09595e-09	0.00476828
1.096e-09	0.0047691
1.09604e-09	0.00476992
1.09608e-09	0.00477074
1.09612e-09	0.00477155
1.09616e-09	0.00477236
1.0962e-09	0.00477318
1.09624e-09	0.00477398
1.09629e-09	0.00477479
1.09633e-09	0.0047756
1.09637e-09	0.0047764
1.09641e-09	0.0047772
1.09645e-09	0.004778
1.09649e-09	0.0047788
1.09654e-09	0.0047796
1.09658e-09	0.00478039
1.09662e-09	0.00478118
1.09666e-09	0.00478197
1.0967e-09	0.00478276
1.09674e-09	0.00478355
1.09678e-09	0.00478433
1.09683e-09	0.00478512
1.09687e-09	0.0047859
1.09691e-09	0.00478668
1.09695e-09	0.00478746
1.09699e-09	0.00478823
1.09703e-09	0.00478901
1.09708e-09	0.00478978
1.09712e-09	0.00479055
1.09716e-09	0.00479132
1.0972e-09	0.00479208
1.09724e-09	0.00479285
1.09728e-09	0.00479361
1.09732e-09	0.00479437
1.09737e-09	0.00479513
1.09741e-09	0.00479589
1.09745e-09	0.00479664
1.09749e-09	0.0047974
1.09753e-09	0.00479815
1.09757e-09	0.0047989
1.09762e-09	0.00479965
1.09766e-09	0.00480039
1.0977e-09	0.00480114
1.09774e-09	0.00480188
1.09778e-09	0.00480262
1.09782e-09	0.00480336
1.09786e-09	0.0048041
1.09791e-09	0.00480483
1.09795e-09	0.00480557
1.09799e-09	0.0048063
1.09803e-09	0.00480703
1.09807e-09	0.00480775
1.09811e-09	0.00480848
1.09816e-09	0.0048092
1.0982e-09	0.00480993
1.09824e-09	0.00481065
1.09828e-09	0.00481136
1.09832e-09	0.00481208
1.09836e-09	0.0048128
1.0984e-09	0.00481351
1.09845e-09	0.00481422
1.09849e-09	0.00481493
1.09853e-09	0.00481563
1.09857e-09	0.00481634
1.09861e-09	0.00481704
1.09865e-09	0.00481774
1.0987e-09	0.00481844
1.09874e-09	0.00481914
1.09878e-09	0.00481984
1.09882e-09	0.00482053
1.09886e-09	0.00482122
1.0989e-09	0.00482191
1.09894e-09	0.0048226
1.09899e-09	0.00482329
1.09903e-09	0.00482397
1.09907e-09	0.00482466
1.09911e-09	0.00482534
1.09915e-09	0.00482601
1.09919e-09	0.00482669
1.09924e-09	0.00482737
1.09928e-09	0.00482804
1.09932e-09	0.00482871
1.09936e-09	0.00482938
1.0994e-09	0.00483005
1.09944e-09	0.00483071
1.09948e-09	0.00483138
1.09953e-09	0.00483204
1.09957e-09	0.0048327
1.09961e-09	0.00483336
1.09965e-09	0.00483401
1.09969e-09	0.00483467
1.09973e-09	0.00483532
1.09977e-09	0.00483597
1.09982e-09	0.00483662
1.09986e-09	0.00483727
1.0999e-09	0.00483791
1.09994e-09	0.00483855
1.09998e-09	0.0048392
1.10002e-09	0.00483983
1.10007e-09	0.00484047
1.10011e-09	0.00484111
1.10015e-09	0.00484174
1.10019e-09	0.00484237
1.10023e-09	0.004843
1.10027e-09	0.00484363
1.10031e-09	0.00484425
1.10036e-09	0.00484488
1.1004e-09	0.0048455
1.10044e-09	0.00484612
1.10048e-09	0.00484674
1.10052e-09	0.00484736
1.10056e-09	0.00484797
1.10061e-09	0.00484858
1.10065e-09	0.00484919
1.10069e-09	0.0048498
1.10073e-09	0.00485041
1.10077e-09	0.00485101
1.10081e-09	0.00485162
1.10085e-09	0.00485222
1.1009e-09	0.00485282
1.10094e-09	0.00485341
1.10098e-09	0.00485401
1.10102e-09	0.0048546
1.10106e-09	0.00485519
1.1011e-09	0.00485578
1.10115e-09	0.00485637
1.10119e-09	0.00485695
1.10123e-09	0.00485754
1.10127e-09	0.00485812
1.10131e-09	0.0048587
1.10135e-09	0.00485928
1.10139e-09	0.00485985
1.10144e-09	0.00486043
1.10148e-09	0.004861
1.10152e-09	0.00486157
1.10156e-09	0.00486214
1.1016e-09	0.00486271
1.10164e-09	0.00486327
1.10169e-09	0.00486383
1.10173e-09	0.00486439
1.10177e-09	0.00486495
1.10181e-09	0.00486551
1.10185e-09	0.00486606
1.10189e-09	0.00486662
1.10193e-09	0.00486717
1.10198e-09	0.00486772
1.10202e-09	0.00486826
1.10206e-09	0.00486881
1.1021e-09	0.00486935
1.10214e-09	0.00486989
1.10218e-09	0.00487043
1.10223e-09	0.00487097
1.10227e-09	0.0048715
1.10231e-09	0.00487204
1.10235e-09	0.00487257
1.10239e-09	0.0048731
1.10243e-09	0.00487363
1.10247e-09	0.00487415
1.10252e-09	0.00487468
1.10256e-09	0.0048752
1.1026e-09	0.00487572
1.10264e-09	0.00487624
1.10268e-09	0.00487675
1.10272e-09	0.00487727
1.10276e-09	0.00487778
1.10281e-09	0.00487829
1.10285e-09	0.0048788
1.10289e-09	0.0048793
1.10293e-09	0.00487981
1.10297e-09	0.00488031
1.10301e-09	0.00488081
1.10306e-09	0.00488131
1.1031e-09	0.0048818
1.10314e-09	0.0048823
1.10318e-09	0.00488279
1.10322e-09	0.00488328
1.10326e-09	0.00488377
1.1033e-09	0.00488426
1.10335e-09	0.00488474
1.10339e-09	0.00488523
1.10343e-09	0.00488571
1.10347e-09	0.00488619
1.10351e-09	0.00488666
1.10355e-09	0.00488714
1.1036e-09	0.00488761
1.10364e-09	0.00488808
1.10368e-09	0.00488855
1.10372e-09	0.00488902
1.10376e-09	0.00488948
1.1038e-09	0.00488995
1.10384e-09	0.00489041
1.10389e-09	0.00489087
1.10393e-09	0.00489132
1.10397e-09	0.00489178
1.10401e-09	0.00489223
1.10405e-09	0.00489268
1.10409e-09	0.00489313
1.10414e-09	0.00489358
1.10418e-09	0.00489403
1.10422e-09	0.00489447
1.10426e-09	0.00489491
1.1043e-09	0.00489535
1.10434e-09	0.00489579
1.10438e-09	0.00489622
1.10443e-09	0.00489666
1.10447e-09	0.00489709
1.10451e-09	0.00489752
1.10455e-09	0.00489795
1.10459e-09	0.00489837
1.10463e-09	0.0048988
1.10468e-09	0.00489922
1.10472e-09	0.00489964
1.10476e-09	0.00490006
1.1048e-09	0.00490047
1.10484e-09	0.00490089
1.10488e-09	0.0049013
1.10492e-09	0.00490171
1.10497e-09	0.00490212
1.10501e-09	0.00490252
1.10505e-09	0.00490293
1.10509e-09	0.00490333
1.10513e-09	0.00490373
1.10517e-09	0.00490413
1.10522e-09	0.00490452
1.10526e-09	0.00490492
1.1053e-09	0.00490531
1.10534e-09	0.0049057
1.10538e-09	0.00490609
1.10542e-09	0.00490647
1.10546e-09	0.00490686
1.10551e-09	0.00490724
1.10555e-09	0.00490762
1.10559e-09	0.004908
1.10563e-09	0.00490837
1.10567e-09	0.00490875
1.10571e-09	0.00490912
1.10575e-09	0.00490949
1.1058e-09	0.00490986
1.10584e-09	0.00491022
1.10588e-09	0.00491059
1.10592e-09	0.00491095
1.10596e-09	0.00491131
1.106e-09	0.00491167
1.10605e-09	0.00491202
1.10609e-09	0.00491238
1.10613e-09	0.00491273
1.10617e-09	0.00491308
1.10621e-09	0.00491343
1.10625e-09	0.00491378
1.10629e-09	0.00491412
1.10634e-09	0.00491446
1.10638e-09	0.0049148
1.10642e-09	0.00491514
1.10646e-09	0.00491548
1.1065e-09	0.00491581
1.10654e-09	0.00491614
1.10659e-09	0.00491647
1.10663e-09	0.0049168
1.10667e-09	0.00491713
1.10671e-09	0.00491745
1.10675e-09	0.00491777
1.10679e-09	0.00491809
1.10683e-09	0.00491841
1.10688e-09	0.00491873
1.10692e-09	0.00491904
1.10696e-09	0.00491935
1.107e-09	0.00491966
1.10704e-09	0.00491997
1.10708e-09	0.00492028
1.10713e-09	0.00492058
1.10717e-09	0.00492088
1.10721e-09	0.00492118
1.10725e-09	0.00492148
1.10729e-09	0.00492178
1.10733e-09	0.00492207
1.10737e-09	0.00492236
1.10742e-09	0.00492265
1.10746e-09	0.00492294
1.1075e-09	0.00492323
1.10754e-09	0.00492351
1.10758e-09	0.00492379
1.10762e-09	0.00492407
1.10767e-09	0.00492435
1.10771e-09	0.00492463
1.10775e-09	0.0049249
1.10779e-09	0.00492517
1.10783e-09	0.00492544
1.10787e-09	0.00492571
1.10791e-09	0.00492597
1.10796e-09	0.00492624
1.108e-09	0.0049265
1.10804e-09	0.00492676
1.10808e-09	0.00492702
1.10812e-09	0.00492727
1.10816e-09	0.00492752
1.10821e-09	0.00492778
1.10825e-09	0.00492802
1.10829e-09	0.00492827
1.10833e-09	0.00492852
1.10837e-09	0.00492876
1.10841e-09	0.004929
1.10845e-09	0.00492924
1.1085e-09	0.00492948
1.10854e-09	0.00492971
1.10858e-09	0.00492995
1.10862e-09	0.00493018
1.10866e-09	0.00493041
1.1087e-09	0.00493063
1.10875e-09	0.00493086
1.10879e-09	0.00493108
1.10883e-09	0.0049313
1.10887e-09	0.00493152
1.10891e-09	0.00493174
1.10895e-09	0.00493195
1.10899e-09	0.00493216
1.10904e-09	0.00493238
1.10908e-09	0.00493258
1.10912e-09	0.00493279
1.10916e-09	0.00493299
1.1092e-09	0.0049332
1.10924e-09	0.0049334
1.10928e-09	0.0049336
1.10933e-09	0.00493379
1.10937e-09	0.00493399
1.10941e-09	0.00493418
1.10945e-09	0.00493437
1.10949e-09	0.00493456
1.10953e-09	0.00493474
1.10958e-09	0.00493493
1.10962e-09	0.00493511
1.10966e-09	0.00493529
1.1097e-09	0.00493547
1.10974e-09	0.00493564
1.10978e-09	0.00493582
1.10982e-09	0.00493599
1.10987e-09	0.00493616
1.10991e-09	0.00493633
1.10995e-09	0.00493649
1.10999e-09	0.00493665
1.11003e-09	0.00493682
1.11007e-09	0.00493698
1.11012e-09	0.00493713
1.11016e-09	0.00493729
1.1102e-09	0.00493744
1.11024e-09	0.00493759
1.11028e-09	0.00493774
1.11032e-09	0.00493789
1.11036e-09	0.00493803
1.11041e-09	0.00493818
1.11045e-09	0.00493832
1.11049e-09	0.00493846
1.11053e-09	0.00493859
1.11057e-09	0.00493873
1.11061e-09	0.00493886
1.11066e-09	0.00493899
1.1107e-09	0.00493912
1.11074e-09	0.00493925
1.11078e-09	0.00493937
1.11082e-09	0.00493949
1.11086e-09	0.00493961
1.1109e-09	0.00493973
1.11095e-09	0.00493985
1.11099e-09	0.00493996
1.11103e-09	0.00494007
1.11107e-09	0.00494018
1.11111e-09	0.00494029
1.11115e-09	0.0049404
1.1112e-09	0.0049405
1.11124e-09	0.0049406
1.11128e-09	0.0049407
1.11132e-09	0.0049408
1.11136e-09	0.00494089
1.1114e-09	0.00494099
1.11144e-09	0.00494108
1.11149e-09	0.00494117
1.11153e-09	0.00494125
1.11157e-09	0.00494134
1.11161e-09	0.00494142
1.11165e-09	0.0049415
1.11169e-09	0.00494158
1.11174e-09	0.00494166
1.11178e-09	0.00494173
1.11182e-09	0.0049418
1.11186e-09	0.00494187
1.1119e-09	0.00494194
1.11194e-09	0.00494201
1.11198e-09	0.00494207
1.11203e-09	0.00494214
1.11207e-09	0.0049422
1.11211e-09	0.00494225
1.11215e-09	0.00494231
1.11219e-09	0.00494236
1.11223e-09	0.00494241
1.11227e-09	0.00494246
1.11232e-09	0.00494251
1.11236e-09	0.00494256
1.1124e-09	0.0049426
1.11244e-09	0.00494264
1.11248e-09	0.00494268
1.11252e-09	0.00494272
1.11257e-09	0.00494275
1.11261e-09	0.00494279
1.11265e-09	0.00494282
1.11269e-09	0.00494285
1.11273e-09	0.00494287
1.11277e-09	0.0049429
1.11281e-09	0.00494292
1.11286e-09	0.00494294
1.1129e-09	0.00494296
1.11294e-09	0.00494297
1.11298e-09	0.00494299
1.11302e-09	0.004943
1.11306e-09	0.00494301
1.11311e-09	0.00494302
1.11315e-09	0.00494302
1.11319e-09	0.00494303
1.11323e-09	0.00494303
1.11327e-09	0.00494303
1.11331e-09	0.00494302
1.11335e-09	0.00494302
1.1134e-09	0.00494301
1.11344e-09	0.004943
1.11348e-09	0.00494299
1.11352e-09	0.00494298
1.11356e-09	0.00494296
1.1136e-09	0.00494295
1.11365e-09	0.00494293
1.11369e-09	0.0049429
1.11373e-09	0.00494288
1.11377e-09	0.00494286
1.11381e-09	0.00494283
1.11385e-09	0.0049428
1.11389e-09	0.00494276
1.11394e-09	0.00494273
1.11398e-09	0.00494269
1.11402e-09	0.00494266
1.11406e-09	0.00494262
1.1141e-09	0.00494257
1.11414e-09	0.00494253
1.11419e-09	0.00494248
1.11423e-09	0.00494243
1.11427e-09	0.00494238
1.11431e-09	0.00494233
1.11435e-09	0.00494227
1.11439e-09	0.00494221
1.11443e-09	0.00494215
1.11448e-09	0.00494209
1.11452e-09	0.00494203
1.11456e-09	0.00494196
1.1146e-09	0.0049419
1.11464e-09	0.00494183
1.11468e-09	0.00494175
1.11473e-09	0.00494168
1.11477e-09	0.0049416
1.11481e-09	0.00494152
1.11485e-09	0.00494144
1.11489e-09	0.00494136
1.11493e-09	0.00494127
1.11497e-09	0.00494119
1.11502e-09	0.0049411
1.11506e-09	0.00494101
1.1151e-09	0.00494091
1.11514e-09	0.00494082
1.11518e-09	0.00494072
1.11522e-09	0.00494062
1.11526e-09	0.00494052
1.11531e-09	0.00494041
1.11535e-09	0.00494031
1.11539e-09	0.0049402
1.11543e-09	0.00494009
1.11547e-09	0.00493998
1.11551e-09	0.00493986
1.11556e-09	0.00493975
1.1156e-09	0.00493963
1.11564e-09	0.00493951
1.11568e-09	0.00493938
1.11572e-09	0.00493926
1.11576e-09	0.00493913
1.1158e-09	0.004939
1.11585e-09	0.00493887
1.11589e-09	0.00493874
1.11593e-09	0.0049386
1.11597e-09	0.00493846
1.11601e-09	0.00493832
1.11605e-09	0.00493818
1.1161e-09	0.00493803
1.11614e-09	0.00493789
1.11618e-09	0.00493774
1.11622e-09	0.00493759
1.11626e-09	0.00493744
1.1163e-09	0.00493728
1.11634e-09	0.00493712
1.11639e-09	0.00493696
1.11643e-09	0.0049368
1.11647e-09	0.00493664
1.11651e-09	0.00493647
1.11655e-09	0.0049363
1.11659e-09	0.00493613
1.11664e-09	0.00493596
1.11668e-09	0.00493579
1.11672e-09	0.00493561
1.11676e-09	0.00493543
1.1168e-09	0.00493525
1.11684e-09	0.00493507
1.11688e-09	0.00493488
1.11693e-09	0.0049347
1.11697e-09	0.00493451
1.11701e-09	0.00493432
1.11705e-09	0.00493412
1.11709e-09	0.00493393
1.11713e-09	0.00493373
1.11718e-09	0.00493353
1.11722e-09	0.00493333
1.11726e-09	0.00493312
1.1173e-09	0.00493292
1.11734e-09	0.00493271
1.11738e-09	0.0049325
1.11742e-09	0.00493228
1.11747e-09	0.00493207
1.11751e-09	0.00493185
1.11755e-09	0.00493163
1.11759e-09	0.00493141
1.11763e-09	0.00493119
1.11767e-09	0.00493096
1.11772e-09	0.00493073
1.11776e-09	0.0049305
1.1178e-09	0.00493027
1.11784e-09	0.00493004
1.11788e-09	0.0049298
1.11792e-09	0.00492956
1.11796e-09	0.00492932
1.11801e-09	0.00492908
1.11805e-09	0.00492883
1.11809e-09	0.00492859
1.11813e-09	0.00492834
1.11817e-09	0.00492809
1.11821e-09	0.00492783
1.11826e-09	0.00492758
1.1183e-09	0.00492732
1.11834e-09	0.00492706
1.11838e-09	0.0049268
1.11842e-09	0.00492653
1.11846e-09	0.00492627
1.1185e-09	0.004926
1.11855e-09	0.00492573
1.11859e-09	0.00492545
1.11863e-09	0.00492518
1.11867e-09	0.0049249
1.11871e-09	0.00492462
1.11875e-09	0.00492434
1.11879e-09	0.00492405
1.11884e-09	0.00492377
1.11888e-09	0.00492348
1.11892e-09	0.00492319
1.11896e-09	0.0049229
1.119e-09	0.0049226
1.11904e-09	0.00492231
1.11909e-09	0.00492201
1.11913e-09	0.00492171
1.11917e-09	0.0049214
1.11921e-09	0.0049211
1.11925e-09	0.00492079
1.11929e-09	0.00492048
1.11933e-09	0.00492017
1.11938e-09	0.00491985
1.11942e-09	0.00491954
1.11946e-09	0.00491922
1.1195e-09	0.0049189
1.11954e-09	0.00491858
1.11958e-09	0.00491825
1.11963e-09	0.00491792
1.11967e-09	0.0049176
1.11971e-09	0.00491726
1.11975e-09	0.00491693
1.11979e-09	0.00491659
1.11983e-09	0.00491626
1.11987e-09	0.00491592
1.11992e-09	0.00491557
1.11996e-09	0.00491523
1.12e-09	0.00491488
1.12004e-09	0.00491453
1.12008e-09	0.00491418
1.12012e-09	0.00491383
1.12017e-09	0.00491348
1.12021e-09	0.00491312
1.12025e-09	0.00491276
1.12029e-09	0.0049124
1.12033e-09	0.00491203
1.12037e-09	0.00491167
1.12041e-09	0.0049113
1.12046e-09	0.00491093
1.1205e-09	0.00491055
1.12054e-09	0.00491018
1.12058e-09	0.0049098
1.12062e-09	0.00490942
1.12066e-09	0.00490904
1.12071e-09	0.00490866
1.12075e-09	0.00490827
1.12079e-09	0.00490789
1.12083e-09	0.0049075
1.12087e-09	0.0049071
1.12091e-09	0.00490671
1.12095e-09	0.00490631
1.121e-09	0.00490591
1.12104e-09	0.00490551
1.12108e-09	0.00490511
1.12112e-09	0.0049047
1.12116e-09	0.0049043
1.1212e-09	0.00490389
1.12125e-09	0.00490348
1.12129e-09	0.00490306
1.12133e-09	0.00490265
1.12137e-09	0.00490223
1.12141e-09	0.00490181
1.12145e-09	0.00490138
1.12149e-09	0.00490096
1.12154e-09	0.00490053
1.12158e-09	0.0049001
1.12162e-09	0.00489967
1.12166e-09	0.00489924
1.1217e-09	0.0048988
1.12174e-09	0.00489836
1.12178e-09	0.00489792
1.12183e-09	0.00489748
1.12187e-09	0.00489704
1.12191e-09	0.00489659
1.12195e-09	0.00489614
1.12199e-09	0.00489569
1.12203e-09	0.00489524
1.12208e-09	0.00489478
1.12212e-09	0.00489432
1.12216e-09	0.00489386
1.1222e-09	0.0048934
1.12224e-09	0.00489294
1.12228e-09	0.00489247
1.12232e-09	0.004892
1.12237e-09	0.00489153
1.12241e-09	0.00489106
1.12245e-09	0.00489058
1.12249e-09	0.00489011
1.12253e-09	0.00488963
1.12257e-09	0.00488914
1.12262e-09	0.00488866
1.12266e-09	0.00488817
1.1227e-09	0.00488769
1.12274e-09	0.0048872
1.12278e-09	0.0048867
1.12282e-09	0.00488621
1.12286e-09	0.00488571
1.12291e-09	0.00488521
1.12295e-09	0.00488471
1.12299e-09	0.00488421
1.12303e-09	0.0048837
1.12307e-09	0.00488319
1.12311e-09	0.00488268
1.12316e-09	0.00488217
1.1232e-09	0.00488166
1.12324e-09	0.00488114
1.12328e-09	0.00488062
1.12332e-09	0.0048801
1.12336e-09	0.00487957
1.1234e-09	0.00487905
1.12345e-09	0.00487852
1.12349e-09	0.00487799
1.12353e-09	0.00487746
1.12357e-09	0.00487693
1.12361e-09	0.00487639
1.12365e-09	0.00487585
1.1237e-09	0.00487531
1.12374e-09	0.00487477
1.12378e-09	0.00487422
1.12382e-09	0.00487367
1.12386e-09	0.00487312
1.1239e-09	0.00487257
1.12394e-09	0.00487202
1.12399e-09	0.00487146
1.12403e-09	0.0048709
1.12407e-09	0.00487034
1.12411e-09	0.00486978
1.12415e-09	0.00486921
1.12419e-09	0.00486865
1.12424e-09	0.00486808
1.12428e-09	0.0048675
1.12432e-09	0.00486693
1.12436e-09	0.00486635
1.1244e-09	0.00486578
1.12444e-09	0.00486519
1.12448e-09	0.00486461
1.12453e-09	0.00486403
1.12457e-09	0.00486344
1.12461e-09	0.00486285
1.12465e-09	0.00486226
1.12469e-09	0.00486166
1.12473e-09	0.00486107
1.12477e-09	0.00486047
1.12482e-09	0.00485987
1.12486e-09	0.00485927
1.1249e-09	0.00485866
1.12494e-09	0.00485806
1.12498e-09	0.00485745
1.12502e-09	0.00485683
1.12507e-09	0.00485622
1.12511e-09	0.0048556
1.12515e-09	0.00485499
1.12519e-09	0.00485437
1.12523e-09	0.00485374
1.12527e-09	0.00485312
1.12531e-09	0.00485249
1.12536e-09	0.00485186
1.1254e-09	0.00485123
1.12544e-09	0.0048506
1.12548e-09	0.00484996
1.12552e-09	0.00484932
1.12556e-09	0.00484868
1.12561e-09	0.00484804
1.12565e-09	0.0048474
1.12569e-09	0.00484675
1.12573e-09	0.0048461
1.12577e-09	0.00484545
1.12581e-09	0.0048448
1.12585e-09	0.00484414
1.1259e-09	0.00484348
1.12594e-09	0.00484282
1.12598e-09	0.00484216
1.12602e-09	0.0048415
1.12606e-09	0.00484083
1.1261e-09	0.00484016
1.12615e-09	0.00483949
1.12619e-09	0.00483882
1.12623e-09	0.00483814
1.12627e-09	0.00483746
1.12631e-09	0.00483678
1.12635e-09	0.0048361
1.12639e-09	0.00483542
1.12644e-09	0.00483473
1.12648e-09	0.00483404
1.12652e-09	0.00483335
1.12656e-09	0.00483266
1.1266e-09	0.00483196
1.12664e-09	0.00483126
1.12669e-09	0.00483056
1.12673e-09	0.00482986
1.12677e-09	0.00482916
1.12681e-09	0.00482845
1.12685e-09	0.00482774
1.12689e-09	0.00482703
1.12693e-09	0.00482632
1.12698e-09	0.0048256
1.12702e-09	0.00482488
1.12706e-09	0.00482416
1.1271e-09	0.00482344
1.12714e-09	0.00482272
1.12718e-09	0.00482199
1.12723e-09	0.00482126
1.12727e-09	0.00482053
1.12731e-09	0.0048198
1.12735e-09	0.00481906
1.12739e-09	0.00481832
1.12743e-09	0.00481758
1.12747e-09	0.00481684
1.12752e-09	0.0048161
1.12756e-09	0.00481535
1.1276e-09	0.0048146
1.12764e-09	0.00481385
1.12768e-09	0.0048131
1.12772e-09	0.00481234
1.12777e-09	0.00481158
1.12781e-09	0.00481082
1.12785e-09	0.00481006
1.12789e-09	0.0048093
1.12793e-09	0.00480853
1.12797e-09	0.00480776
1.12801e-09	0.00480699
1.12806e-09	0.00480622
1.1281e-09	0.00480544
1.12814e-09	0.00480466
1.12818e-09	0.00480388
1.12822e-09	0.0048031
1.12826e-09	0.00480232
1.1283e-09	0.00480153
1.12835e-09	0.00480074
1.12839e-09	0.00479995
1.12843e-09	0.00479916
1.12847e-09	0.00479836
1.12851e-09	0.00479756
1.12855e-09	0.00479676
1.1286e-09	0.00479596
1.12864e-09	0.00479516
1.12868e-09	0.00479435
1.12872e-09	0.00479354
1.12876e-09	0.00479273
1.1288e-09	0.00479192
1.12884e-09	0.0047911
1.12889e-09	0.00479028
1.12893e-09	0.00478946
1.12897e-09	0.00478864
1.12901e-09	0.00478782
1.12905e-09	0.00478699
1.12909e-09	0.00478616
1.12914e-09	0.00478533
1.12918e-09	0.0047845
1.12922e-09	0.00478366
1.12926e-09	0.00478282
1.1293e-09	0.00478198
1.12934e-09	0.00478114
1.12938e-09	0.0047803
1.12943e-09	0.00477945
1.12947e-09	0.0047786
1.12951e-09	0.00477775
1.12955e-09	0.0047769
1.12959e-09	0.00477604
1.12963e-09	0.00477518
1.12968e-09	0.00477432
1.12972e-09	0.00477346
1.12976e-09	0.00477259
1.1298e-09	0.00477173
1.12984e-09	0.00477086
1.12988e-09	0.00476999
1.12992e-09	0.00476911
1.12997e-09	0.00476824
1.13001e-09	0.00476736
1.13005e-09	0.00476648
1.13009e-09	0.0047656
1.13013e-09	0.00476471
1.13017e-09	0.00476382
1.13022e-09	0.00476294
1.13026e-09	0.00476204
1.1303e-09	0.00476115
1.13034e-09	0.00476025
1.13038e-09	0.00475936
1.13042e-09	0.00475846
1.13046e-09	0.00475755
1.13051e-09	0.00475665
1.13055e-09	0.00475574
1.13059e-09	0.00475483
1.13063e-09	0.00475392
1.13067e-09	0.00475301
1.13071e-09	0.00475209
1.13076e-09	0.00475117
1.1308e-09	0.00475025
1.13084e-09	0.00474933
1.13088e-09	0.0047484
1.13092e-09	0.00474748
1.13096e-09	0.00474655
1.131e-09	0.00474562
1.13105e-09	0.00474468
1.13109e-09	0.00474375
1.13113e-09	0.00474281
1.13117e-09	0.00474187
1.13121e-09	0.00474092
1.13125e-09	0.00473998
1.13129e-09	0.00473903
1.13134e-09	0.00473808
1.13138e-09	0.00473713
1.13142e-09	0.00473618
1.13146e-09	0.00473522
1.1315e-09	0.00473426
1.13154e-09	0.0047333
1.13159e-09	0.00473234
1.13163e-09	0.00473137
1.13167e-09	0.0047304
1.13171e-09	0.00472943
1.13175e-09	0.00472846
1.13179e-09	0.00472749
1.13183e-09	0.00472651
1.13188e-09	0.00472553
1.13192e-09	0.00472455
1.13196e-09	0.00472357
1.132e-09	0.00472258
1.13204e-09	0.0047216
1.13208e-09	0.00472061
1.13213e-09	0.00471961
1.13217e-09	0.00471862
1.13221e-09	0.00471762
1.13225e-09	0.00471662
1.13229e-09	0.00471562
1.13233e-09	0.00471462
1.13237e-09	0.00471361
1.13242e-09	0.00471261
1.13246e-09	0.0047116
1.1325e-09	0.00471058
1.13254e-09	0.00470957
1.13258e-09	0.00470855
1.13262e-09	0.00470753
1.13267e-09	0.00470651
1.13271e-09	0.00470549
1.13275e-09	0.00470446
1.13279e-09	0.00470344
1.13283e-09	0.00470241
1.13287e-09	0.00470137
1.13291e-09	0.00470034
1.13296e-09	0.0046993
1.133e-09	0.00469826
1.13304e-09	0.00469722
1.13308e-09	0.00469618
1.13312e-09	0.00469513
1.13316e-09	0.00469408
1.13321e-09	0.00469303
1.13325e-09	0.00469198
1.13329e-09	0.00469093
1.13333e-09	0.00468987
1.13337e-09	0.00468881
1.13341e-09	0.00468775
1.13345e-09	0.00468668
1.1335e-09	0.00468562
1.13354e-09	0.00468455
1.13358e-09	0.00468348
1.13362e-09	0.00468241
1.13366e-09	0.00468133
1.1337e-09	0.00468025
1.13375e-09	0.00467917
1.13379e-09	0.00467809
1.13383e-09	0.00467701
1.13387e-09	0.00467592
1.13391e-09	0.00467483
1.13395e-09	0.00467374
1.13399e-09	0.00467265
1.13404e-09	0.00467155
1.13408e-09	0.00467046
1.13412e-09	0.00466936
1.13416e-09	0.00466826
1.1342e-09	0.00466715
1.13424e-09	0.00466604
1.13428e-09	0.00466494
1.13433e-09	0.00466383
1.13437e-09	0.00466271
1.13441e-09	0.0046616
1.13445e-09	0.00466048
1.13449e-09	0.00465936
1.13453e-09	0.00465824
1.13458e-09	0.00465711
1.13462e-09	0.00465599
1.13466e-09	0.00465486
1.1347e-09	0.00465373
1.13474e-09	0.00465259
1.13478e-09	0.00465146
1.13482e-09	0.00465032
1.13487e-09	0.00464918
1.13491e-09	0.00464804
1.13495e-09	0.00464689
1.13499e-09	0.00464574
1.13503e-09	0.0046446
1.13507e-09	0.00464344
1.13512e-09	0.00464229
1.13516e-09	0.00464113
1.1352e-09	0.00463998
1.13524e-09	0.00463882
1.13528e-09	0.00463765
1.13532e-09	0.00463649
1.13536e-09	0.00463532
1.13541e-09	0.00463415
1.13545e-09	0.00463298
1.13549e-09	0.00463181
1.13553e-09	0.00463063
1.13557e-09	0.00462945
1.13561e-09	0.00462827
1.13566e-09	0.00462709
1.1357e-09	0.0046259
1.13574e-09	0.00462472
1.13578e-09	0.00462353
1.13582e-09	0.00462234
1.13586e-09	0.00462114
1.1359e-09	0.00461995
1.13595e-09	0.00461875
1.13599e-09	0.00461755
1.13603e-09	0.00461634
1.13607e-09	0.00461514
1.13611e-09	0.00461393
1.13615e-09	0.00461272
1.1362e-09	0.00461151
1.13624e-09	0.00461029
1.13628e-09	0.00460908
1.13632e-09	0.00460786
1.13636e-09	0.00460664
1.1364e-09	0.00460541
1.13644e-09	0.00460419
1.13649e-09	0.00460296
1.13653e-09	0.00460173
1.13657e-09	0.0046005
1.13661e-09	0.00459927
1.13665e-09	0.00459803
1.13669e-09	0.00459679
1.13674e-09	0.00459555
1.13678e-09	0.00459431
1.13682e-09	0.00459306
1.13686e-09	0.00459181
1.1369e-09	0.00459056
1.13694e-09	0.00458931
1.13698e-09	0.00458805
1.13703e-09	0.0045868
1.13707e-09	0.00458554
1.13711e-09	0.00458428
1.13715e-09	0.00458301
1.13719e-09	0.00458175
1.13723e-09	0.00458048
1.13727e-09	0.00457921
1.13732e-09	0.00457794
1.13736e-09	0.00457666
1.1374e-09	0.00457538
1.13744e-09	0.0045741
1.13748e-09	0.00457282
1.13752e-09	0.00457154
1.13757e-09	0.00457025
1.13761e-09	0.00456896
1.13765e-09	0.00456767
1.13769e-09	0.00456638
1.13773e-09	0.00456509
1.13777e-09	0.00456379
1.13781e-09	0.00456249
1.13786e-09	0.00456119
1.1379e-09	0.00455988
1.13794e-09	0.00455858
1.13798e-09	0.00455727
1.13802e-09	0.00455596
1.13806e-09	0.00455464
1.13811e-09	0.00455333
1.13815e-09	0.00455201
1.13819e-09	0.00455069
1.13823e-09	0.00454937
1.13827e-09	0.00454805
1.13831e-09	0.00454672
1.13835e-09	0.00454539
1.1384e-09	0.00454406
1.13844e-09	0.00454273
1.13848e-09	0.00454139
1.13852e-09	0.00454005
1.13856e-09	0.00453871
1.1386e-09	0.00453737
1.13865e-09	0.00453603
1.13869e-09	0.00453468
1.13873e-09	0.00453333
1.13877e-09	0.00453198
1.13881e-09	0.00453063
1.13885e-09	0.00452927
1.13889e-09	0.00452791
1.13894e-09	0.00452655
1.13898e-09	0.00452519
1.13902e-09	0.00452382
1.13906e-09	0.00452246
1.1391e-09	0.00452109
1.13914e-09	0.00451972
1.13919e-09	0.00451834
1.13923e-09	0.00451697
1.13927e-09	0.00451559
1.13931e-09	0.00451421
1.13935e-09	0.00451283
1.13939e-09	0.00451144
1.13943e-09	0.00451005
1.13948e-09	0.00450866
1.13952e-09	0.00450727
1.13956e-09	0.00450588
1.1396e-09	0.00450448
1.13964e-09	0.00450308
1.13968e-09	0.00450168
1.13973e-09	0.00450028
1.13977e-09	0.00449888
1.13981e-09	0.00449747
1.13985e-09	0.00449606
1.13989e-09	0.00449465
1.13993e-09	0.00449323
1.13997e-09	0.00449182
1.14002e-09	0.0044904
1.14006e-09	0.00448898
1.1401e-09	0.00448755
1.14014e-09	0.00448613
1.14018e-09	0.0044847
1.14022e-09	0.00448327
1.14027e-09	0.00448184
1.14031e-09	0.00448041
1.14035e-09	0.00447897
1.14039e-09	0.00447753
1.14043e-09	0.00447609
1.14047e-09	0.00447465
1.14051e-09	0.0044732
1.14056e-09	0.00447175
1.1406e-09	0.0044703
1.14064e-09	0.00446885
1.14068e-09	0.0044674
1.14072e-09	0.00446594
1.14076e-09	0.00446448
1.1408e-09	0.00446302
1.14085e-09	0.00446156
1.14089e-09	0.00446009
1.14093e-09	0.00445862
1.14097e-09	0.00445715
1.14101e-09	0.00445568
1.14105e-09	0.0044542
1.1411e-09	0.00445273
1.14114e-09	0.00445125
1.14118e-09	0.00444977
1.14122e-09	0.00444828
1.14126e-09	0.0044468
1.1413e-09	0.00444531
1.14134e-09	0.00444382
1.14139e-09	0.00444233
1.14143e-09	0.00444083
1.14147e-09	0.00443934
1.14151e-09	0.00443784
1.14155e-09	0.00443633
1.14159e-09	0.00443483
1.14164e-09	0.00443333
1.14168e-09	0.00443182
1.14172e-09	0.00443031
1.14176e-09	0.00442879
1.1418e-09	0.00442728
1.14184e-09	0.00442576
1.14188e-09	0.00442424
1.14193e-09	0.00442272
1.14197e-09	0.0044212
1.14201e-09	0.00441967
1.14205e-09	0.00441814
1.14209e-09	0.00441661
1.14213e-09	0.00441508
1.14218e-09	0.00441354
1.14222e-09	0.00441201
1.14226e-09	0.00441047
1.1423e-09	0.00440892
1.14234e-09	0.00440738
1.14238e-09	0.00440583
1.14242e-09	0.00440429
1.14247e-09	0.00440273
1.14251e-09	0.00440118
1.14255e-09	0.00439963
1.14259e-09	0.00439807
1.14263e-09	0.00439651
1.14267e-09	0.00439495
1.14272e-09	0.00439338
1.14276e-09	0.00439182
1.1428e-09	0.00439025
1.14284e-09	0.00438868
1.14288e-09	0.0043871
1.14292e-09	0.00438553
1.14296e-09	0.00438395
1.14301e-09	0.00438237
1.14305e-09	0.00438079
1.14309e-09	0.0043792
1.14313e-09	0.00437762
1.14317e-09	0.00437603
1.14321e-09	0.00437444
1.14326e-09	0.00437284
1.1433e-09	0.00437125
1.14334e-09	0.00436965
1.14338e-09	0.00436805
1.14342e-09	0.00436645
1.14346e-09	0.00436485
1.1435e-09	0.00436324
1.14355e-09	0.00436163
1.14359e-09	0.00436002
1.14363e-09	0.00435841
1.14367e-09	0.00435679
1.14371e-09	0.00435517
1.14375e-09	0.00435355
1.14379e-09	0.00435193
1.14384e-09	0.00435031
1.14388e-09	0.00434868
1.14392e-09	0.00434705
1.14396e-09	0.00434542
1.144e-09	0.00434378
1.14404e-09	0.00434215
1.14409e-09	0.00434051
1.14413e-09	0.00433887
1.14417e-09	0.00433723
1.14421e-09	0.00433558
1.14425e-09	0.00433394
1.14429e-09	0.00433229
1.14433e-09	0.00433064
1.14438e-09	0.00432898
1.14442e-09	0.00432733
1.14446e-09	0.00432567
1.1445e-09	0.00432401
1.14454e-09	0.00432235
1.14458e-09	0.00432068
1.14463e-09	0.00431901
1.14467e-09	0.00431735
1.14471e-09	0.00431567
1.14475e-09	0.004314
1.14479e-09	0.00431232
1.14483e-09	0.00431065
1.14487e-09	0.00430897
1.14492e-09	0.00430728
1.14496e-09	0.0043056
1.145e-09	0.00430391
1.14504e-09	0.00430222
1.14508e-09	0.00430053
1.14512e-09	0.00429884
1.14517e-09	0.00429714
1.14521e-09	0.00429544
1.14525e-09	0.00429374
1.14529e-09	0.00429204
1.14533e-09	0.00429034
1.14537e-09	0.00428863
1.14541e-09	0.00428692
1.14546e-09	0.00428521
1.1455e-09	0.00428349
1.14554e-09	0.00428178
1.14558e-09	0.00428006
1.14562e-09	0.00427834
1.14566e-09	0.00427662
1.14571e-09	0.00427489
1.14575e-09	0.00427317
1.14579e-09	0.00427144
1.14583e-09	0.00426971
1.14587e-09	0.00426797
1.14591e-09	0.00426624
1.14595e-09	0.0042645
1.146e-09	0.00426276
1.14604e-09	0.00426101
1.14608e-09	0.00425927
1.14612e-09	0.00425752
1.14616e-09	0.00425577
1.1462e-09	0.00425402
1.14625e-09	0.00425227
1.14629e-09	0.00425051
1.14633e-09	0.00424875
1.14637e-09	0.00424699
1.14641e-09	0.00424523
1.14645e-09	0.00424347
1.14649e-09	0.0042417
1.14654e-09	0.00423993
1.14658e-09	0.00423816
1.14662e-09	0.00423638
1.14666e-09	0.00423461
1.1467e-09	0.00423283
1.14674e-09	0.00423105
1.14678e-09	0.00422927
1.14683e-09	0.00422748
1.14687e-09	0.0042257
1.14691e-09	0.00422391
1.14695e-09	0.00422212
1.14699e-09	0.00422032
1.14703e-09	0.00421853
1.14708e-09	0.00421673
1.14712e-09	0.00421493
1.14716e-09	0.00421312
1.1472e-09	0.00421132
1.14724e-09	0.00420951
1.14728e-09	0.0042077
1.14732e-09	0.00420589
1.14737e-09	0.00420408
1.14741e-09	0.00420226
1.14745e-09	0.00420045
1.14749e-09	0.00419862
1.14753e-09	0.0041968
1.14757e-09	0.00419498
1.14762e-09	0.00419315
1.14766e-09	0.00419132
1.1477e-09	0.00418949
1.14774e-09	0.00418766
1.14778e-09	0.00418582
1.14782e-09	0.00418398
1.14786e-09	0.00418214
1.14791e-09	0.0041803
1.14795e-09	0.00417846
1.14799e-09	0.00417661
1.14803e-09	0.00417476
1.14807e-09	0.00417291
1.14811e-09	0.00417106
1.14816e-09	0.0041692
1.1482e-09	0.00416734
1.14824e-09	0.00416548
1.14828e-09	0.00416362
1.14832e-09	0.00416176
1.14836e-09	0.00415989
1.1484e-09	0.00415802
1.14845e-09	0.00415615
1.14849e-09	0.00415428
1.14853e-09	0.0041524
1.14857e-09	0.00415052
1.14861e-09	0.00414864
1.14865e-09	0.00414676
1.1487e-09	0.00414488
1.14874e-09	0.00414299
1.14878e-09	0.0041411
1.14882e-09	0.00413921
1.14886e-09	0.00413732
1.1489e-09	0.00413542
1.14894e-09	0.00413352
1.14899e-09	0.00413162
1.14903e-09	0.00412972
1.14907e-09	0.00412782
1.14911e-09	0.00412591
1.14915e-09	0.004124
1.14919e-09	0.00412209
1.14924e-09	0.00412018
1.14928e-09	0.00411826
1.14932e-09	0.00411635
1.14936e-09	0.00411443
1.1494e-09	0.0041125
1.14944e-09	0.00411058
1.14948e-09	0.00410865
1.14953e-09	0.00410673
1.14957e-09	0.00410479
1.14961e-09	0.00410286
1.14965e-09	0.00410093
1.14969e-09	0.00409899
1.14973e-09	0.00409705
1.14978e-09	0.00409511
1.14982e-09	0.00409316
1.14986e-09	0.00409122
1.1499e-09	0.00408927
1.14994e-09	0.00408732
1.14998e-09	0.00408537
1.15002e-09	0.00408341
1.15007e-09	0.00408146
1.15011e-09	0.0040795
1.15015e-09	0.00407753
1.15019e-09	0.00407557
1.15023e-09	0.00407361
1.15027e-09	0.00407164
1.15031e-09	0.00406967
1.15036e-09	0.00406769
1.1504e-09	0.00406572
1.15044e-09	0.00406374
1.15048e-09	0.00406176
1.15052e-09	0.00405978
1.15056e-09	0.0040578
1.15061e-09	0.00405581
1.15065e-09	0.00405383
1.15069e-09	0.00405184
1.15073e-09	0.00404984
1.15077e-09	0.00404785
1.15081e-09	0.00404585
1.15085e-09	0.00404386
1.1509e-09	0.00404185
1.15094e-09	0.00403985
1.15098e-09	0.00403785
1.15102e-09	0.00403584
1.15106e-09	0.00403383
1.1511e-09	0.00403182
1.15115e-09	0.0040298
1.15119e-09	0.00402779
1.15123e-09	0.00402577
1.15127e-09	0.00402375
1.15131e-09	0.00402173
1.15135e-09	0.0040197
1.15139e-09	0.00401767
1.15144e-09	0.00401564
1.15148e-09	0.00401361
1.15152e-09	0.00401158
1.15156e-09	0.00400954
1.1516e-09	0.0040075
1.15164e-09	0.00400546
1.15169e-09	0.00400342
1.15173e-09	0.00400138
1.15177e-09	0.00399933
1.15181e-09	0.00399728
1.15185e-09	0.00399523
1.15189e-09	0.00399318
1.15193e-09	0.00399112
1.15198e-09	0.00398906
1.15202e-09	0.003987
1.15206e-09	0.00398494
1.1521e-09	0.00398288
1.15214e-09	0.00398081
1.15218e-09	0.00397874
1.15223e-09	0.00397667
1.15227e-09	0.0039746
1.15231e-09	0.00397252
1.15235e-09	0.00397045
1.15239e-09	0.00396837
1.15243e-09	0.00396628
1.15247e-09	0.0039642
1.15252e-09	0.00396211
1.15256e-09	0.00396003
1.1526e-09	0.00395794
1.15264e-09	0.00395584
1.15268e-09	0.00395375
1.15272e-09	0.00395165
1.15277e-09	0.00394955
1.15281e-09	0.00394745
1.15285e-09	0.00394535
1.15289e-09	0.00394324
1.15293e-09	0.00394113
1.15297e-09	0.00393902
1.15301e-09	0.00393691
1.15306e-09	0.0039348
1.1531e-09	0.00393268
1.15314e-09	0.00393056
1.15318e-09	0.00392844
1.15322e-09	0.00392632
1.15326e-09	0.00392419
1.1533e-09	0.00392207
1.15335e-09	0.00391994
1.15339e-09	0.00391781
1.15343e-09	0.00391567
1.15347e-09	0.00391354
1.15351e-09	0.0039114
1.15355e-09	0.00390926
1.1536e-09	0.00390711
1.15364e-09	0.00390497
1.15368e-09	0.00390282
1.15372e-09	0.00390067
1.15376e-09	0.00389852
1.1538e-09	0.00389637
1.15384e-09	0.00389421
1.15389e-09	0.00389206
1.15393e-09	0.0038899
1.15397e-09	0.00388773
1.15401e-09	0.00388557
1.15405e-09	0.0038834
1.15409e-09	0.00388124
1.15414e-09	0.00387906
1.15418e-09	0.00387689
1.15422e-09	0.00387472
1.15426e-09	0.00387254
1.1543e-09	0.00387036
1.15434e-09	0.00386818
1.15438e-09	0.003866
1.15443e-09	0.00386381
1.15447e-09	0.00386162
1.15451e-09	0.00385943
1.15455e-09	0.00385724
1.15459e-09	0.00385505
1.15463e-09	0.00385285
1.15468e-09	0.00385065
1.15472e-09	0.00384845
1.15476e-09	0.00384625
1.1548e-09	0.00384404
1.15484e-09	0.00384183
1.15488e-09	0.00383962
1.15492e-09	0.00383741
1.15497e-09	0.0038352
1.15501e-09	0.00383298
1.15505e-09	0.00383077
1.15509e-09	0.00382854
1.15513e-09	0.00382632
1.15517e-09	0.0038241
1.15522e-09	0.00382187
1.15526e-09	0.00381964
1.1553e-09	0.00381741
1.15534e-09	0.00381518
1.15538e-09	0.00381294
1.15542e-09	0.00381071
1.15546e-09	0.00380847
1.15551e-09	0.00380622
1.15555e-09	0.00380398
1.15559e-09	0.00380173
1.15563e-09	0.00379949
1.15567e-09	0.00379724
1.15571e-09	0.00379498
1.15576e-09	0.00379273
1.1558e-09	0.00379047
1.15584e-09	0.00378821
1.15588e-09	0.00378595
1.15592e-09	0.00378369
1.15596e-09	0.00378142
1.156e-09	0.00377916
1.15605e-09	0.00377689
1.15609e-09	0.00377462
1.15613e-09	0.00377234
1.15617e-09	0.00377007
1.15621e-09	0.00376779
1.15625e-09	0.00376551
1.15629e-09	0.00376322
1.15634e-09	0.00376094
1.15638e-09	0.00375865
1.15642e-09	0.00375636
1.15646e-09	0.00375407
1.1565e-09	0.00375178
1.15654e-09	0.00374948
1.15659e-09	0.00374719
1.15663e-09	0.00374489
1.15667e-09	0.00374259
1.15671e-09	0.00374028
1.15675e-09	0.00373798
1.15679e-09	0.00373567
1.15683e-09	0.00373336
1.15688e-09	0.00373105
1.15692e-09	0.00372873
1.15696e-09	0.00372642
1.157e-09	0.0037241
1.15704e-09	0.00372178
1.15708e-09	0.00371945
1.15713e-09	0.00371713
1.15717e-09	0.0037148
1.15721e-09	0.00371247
1.15725e-09	0.00371014
1.15729e-09	0.00370781
1.15733e-09	0.00370547
1.15737e-09	0.00370313
1.15742e-09	0.00370079
1.15746e-09	0.00369845
1.1575e-09	0.00369611
1.15754e-09	0.00369376
1.15758e-09	0.00369141
1.15762e-09	0.00368906
1.15767e-09	0.00368671
1.15771e-09	0.00368435
1.15775e-09	0.003682
1.15779e-09	0.00367964
1.15783e-09	0.00367728
1.15787e-09	0.00367491
1.15791e-09	0.00367255
1.15796e-09	0.00367018
1.158e-09	0.00366781
1.15804e-09	0.00366544
1.15808e-09	0.00366306
1.15812e-09	0.00366069
1.15816e-09	0.00365831
1.15821e-09	0.00365593
1.15825e-09	0.00365355
1.15829e-09	0.00365116
1.15833e-09	0.00364878
1.15837e-09	0.00364639
1.15841e-09	0.003644
1.15845e-09	0.0036416
1.1585e-09	0.00363921
1.15854e-09	0.00363681
1.15858e-09	0.00363441
1.15862e-09	0.00363201
1.15866e-09	0.00362961
1.1587e-09	0.0036272
1.15875e-09	0.00362479
1.15879e-09	0.00362238
1.15883e-09	0.00361997
1.15887e-09	0.00361756
1.15891e-09	0.00361514
1.15895e-09	0.00361272
1.15899e-09	0.0036103
1.15904e-09	0.00360788
1.15908e-09	0.00360546
1.15912e-09	0.00360303
1.15916e-09	0.0036006
1.1592e-09	0.00359817
1.15924e-09	0.00359574
1.15929e-09	0.0035933
1.15933e-09	0.00359086
1.15937e-09	0.00358842
1.15941e-09	0.00358598
1.15945e-09	0.00358354
1.15949e-09	0.00358109
1.15953e-09	0.00357865
1.15958e-09	0.0035762
1.15962e-09	0.00357375
1.15966e-09	0.00357129
1.1597e-09	0.00356884
1.15974e-09	0.00356638
1.15978e-09	0.00356392
1.15982e-09	0.00356145
1.15987e-09	0.00355899
1.15991e-09	0.00355652
1.15995e-09	0.00355405
1.15999e-09	0.00355158
1.16003e-09	0.00354911
1.16007e-09	0.00354664
1.16012e-09	0.00354416
1.16016e-09	0.00354168
1.1602e-09	0.0035392
1.16024e-09	0.00353672
1.16028e-09	0.00353423
1.16032e-09	0.00353174
1.16036e-09	0.00352925
1.16041e-09	0.00352676
1.16045e-09	0.00352427
1.16049e-09	0.00352177
1.16053e-09	0.00351927
1.16057e-09	0.00351677
1.16061e-09	0.00351427
1.16066e-09	0.00351177
1.1607e-09	0.00350926
1.16074e-09	0.00350675
1.16078e-09	0.00350424
1.16082e-09	0.00350173
1.16086e-09	0.00349922
1.1609e-09	0.0034967
1.16095e-09	0.00349418
1.16099e-09	0.00349166
1.16103e-09	0.00348914
1.16107e-09	0.00348661
1.16111e-09	0.00348408
1.16115e-09	0.00348156
1.1612e-09	0.00347902
1.16124e-09	0.00347649
1.16128e-09	0.00347396
1.16132e-09	0.00347142
1.16136e-09	0.00346888
1.1614e-09	0.00346634
1.16144e-09	0.00346379
1.16149e-09	0.00346125
1.16153e-09	0.0034587
1.16157e-09	0.00345615
1.16161e-09	0.0034536
1.16165e-09	0.00345104
1.16169e-09	0.00344849
1.16174e-09	0.00344593
1.16178e-09	0.00344337
1.16182e-09	0.00344081
1.16186e-09	0.00343824
1.1619e-09	0.00343568
1.16194e-09	0.00343311
1.16198e-09	0.00343054
1.16203e-09	0.00342797
1.16207e-09	0.00342539
1.16211e-09	0.00342281
1.16215e-09	0.00342024
1.16219e-09	0.00341765
1.16223e-09	0.00341507
1.16228e-09	0.00341249
1.16232e-09	0.0034099
1.16236e-09	0.00340731
1.1624e-09	0.00340472
1.16244e-09	0.00340213
1.16248e-09	0.00339953
1.16252e-09	0.00339693
1.16257e-09	0.00339433
1.16261e-09	0.00339173
1.16265e-09	0.00338913
1.16269e-09	0.00338652
1.16273e-09	0.00338392
1.16277e-09	0.00338131
1.16281e-09	0.0033787
1.16286e-09	0.00337608
1.1629e-09	0.00337347
1.16294e-09	0.00337085
1.16298e-09	0.00336823
1.16302e-09	0.00336561
1.16306e-09	0.00336298
1.16311e-09	0.00336036
1.16315e-09	0.00335773
1.16319e-09	0.0033551
1.16323e-09	0.00335247
1.16327e-09	0.00334983
1.16331e-09	0.0033472
1.16335e-09	0.00334456
1.1634e-09	0.00334192
1.16344e-09	0.00333927
1.16348e-09	0.00333663
1.16352e-09	0.00333398
1.16356e-09	0.00333134
1.1636e-09	0.00332868
1.16365e-09	0.00332603
1.16369e-09	0.00332338
1.16373e-09	0.00332072
1.16377e-09	0.00331806
1.16381e-09	0.0033154
1.16385e-09	0.00331274
1.16389e-09	0.00331007
1.16394e-09	0.00330741
1.16398e-09	0.00330474
1.16402e-09	0.00330207
1.16406e-09	0.00329939
1.1641e-09	0.00329672
1.16414e-09	0.00329404
1.16419e-09	0.00329136
1.16423e-09	0.00328868
1.16427e-09	0.003286
1.16431e-09	0.00328331
1.16435e-09	0.00328063
1.16439e-09	0.00327794
1.16443e-09	0.00327525
1.16448e-09	0.00327255
1.16452e-09	0.00326986
1.16456e-09	0.00326716
1.1646e-09	0.00326446
1.16464e-09	0.00326176
1.16468e-09	0.00325906
1.16473e-09	0.00325635
1.16477e-09	0.00325364
1.16481e-09	0.00325093
1.16485e-09	0.00324822
1.16489e-09	0.00324551
1.16493e-09	0.00324279
1.16497e-09	0.00324008
1.16502e-09	0.00323736
1.16506e-09	0.00323463
1.1651e-09	0.00323191
1.16514e-09	0.00322919
1.16518e-09	0.00322646
1.16522e-09	0.00322373
1.16527e-09	0.003221
1.16531e-09	0.00321826
1.16535e-09	0.00321553
1.16539e-09	0.00321279
1.16543e-09	0.00321005
1.16547e-09	0.00320731
1.16551e-09	0.00320457
1.16556e-09	0.00320182
1.1656e-09	0.00319907
1.16564e-09	0.00319632
1.16568e-09	0.00319357
1.16572e-09	0.00319082
1.16576e-09	0.00318806
1.1658e-09	0.0031853
1.16585e-09	0.00318254
1.16589e-09	0.00317978
1.16593e-09	0.00317702
1.16597e-09	0.00317425
1.16601e-09	0.00317148
1.16605e-09	0.00316871
1.1661e-09	0.00316594
1.16614e-09	0.00316317
1.16618e-09	0.00316039
1.16622e-09	0.00315762
1.16626e-09	0.00315484
1.1663e-09	0.00315205
1.16634e-09	0.00314927
1.16639e-09	0.00314648
1.16643e-09	0.0031437
1.16647e-09	0.00314091
1.16651e-09	0.00313812
1.16655e-09	0.00313532
1.16659e-09	0.00313253
1.16664e-09	0.00312973
1.16668e-09	0.00312693
1.16672e-09	0.00312413
1.16676e-09	0.00312132
1.1668e-09	0.00311852
1.16684e-09	0.00311571
1.16688e-09	0.0031129
1.16693e-09	0.00311009
1.16697e-09	0.00310728
1.16701e-09	0.00310446
1.16705e-09	0.00310164
1.16709e-09	0.00309882
1.16713e-09	0.003096
1.16718e-09	0.00309318
1.16722e-09	0.00309035
1.16726e-09	0.00308753
1.1673e-09	0.0030847
1.16734e-09	0.00308186
1.16738e-09	0.00307903
1.16742e-09	0.0030762
1.16747e-09	0.00307336
1.16751e-09	0.00307052
1.16755e-09	0.00306768
1.16759e-09	0.00306483
1.16763e-09	0.00306199
1.16767e-09	0.00305914
1.16772e-09	0.00305629
1.16776e-09	0.00305344
1.1678e-09	0.00305059
1.16784e-09	0.00304773
1.16788e-09	0.00304488
1.16792e-09	0.00304202
1.16796e-09	0.00303916
1.16801e-09	0.00303629
1.16805e-09	0.00303343
1.16809e-09	0.00303056
1.16813e-09	0.00302769
1.16817e-09	0.00302482
1.16821e-09	0.00302195
1.16826e-09	0.00301908
1.1683e-09	0.0030162
1.16834e-09	0.00301332
1.16838e-09	0.00301044
1.16842e-09	0.00300756
1.16846e-09	0.00300467
1.1685e-09	0.00300179
1.16855e-09	0.0029989
1.16859e-09	0.00299601
1.16863e-09	0.00299312
1.16867e-09	0.00299022
1.16871e-09	0.00298732
1.16875e-09	0.00298443
1.1688e-09	0.00298153
1.16884e-09	0.00297862
1.16888e-09	0.00297572
1.16892e-09	0.00297281
1.16896e-09	0.00296991
1.169e-09	0.002967
1.16904e-09	0.00296408
1.16909e-09	0.00296117
1.16913e-09	0.00295826
1.16917e-09	0.00295534
1.16921e-09	0.00295242
1.16925e-09	0.0029495
1.16929e-09	0.00294657
1.16933e-09	0.00294365
1.16938e-09	0.00294072
1.16942e-09	0.00293779
1.16946e-09	0.00293486
1.1695e-09	0.00293193
1.16954e-09	0.00292899
1.16958e-09	0.00292605
1.16963e-09	0.00292312
1.16967e-09	0.00292017
1.16971e-09	0.00291723
1.16975e-09	0.00291429
1.16979e-09	0.00291134
1.16983e-09	0.00290839
1.16987e-09	0.00290544
1.16992e-09	0.00290249
1.16996e-09	0.00289953
1.17e-09	0.00289658
1.17004e-09	0.00289362
1.17008e-09	0.00289066
1.17012e-09	0.0028877
1.17017e-09	0.00288473
1.17021e-09	0.00288177
1.17025e-09	0.0028788
1.17029e-09	0.00287583
1.17033e-09	0.00287286
1.17037e-09	0.00286988
1.17041e-09	0.00286691
1.17046e-09	0.00286393
1.1705e-09	0.00286095
1.17054e-09	0.00285797
1.17058e-09	0.00285499
1.17062e-09	0.002852
1.17066e-09	0.00284901
1.17071e-09	0.00284603
1.17075e-09	0.00284303
1.17079e-09	0.00284004
1.17083e-09	0.00283705
1.17087e-09	0.00283405
1.17091e-09	0.00283105
1.17095e-09	0.00282805
1.171e-09	0.00282505
1.17104e-09	0.00282204
1.17108e-09	0.00281904
1.17112e-09	0.00281603
1.17116e-09	0.00281302
1.1712e-09	0.00281001
1.17125e-09	0.00280699
1.17129e-09	0.00280398
1.17133e-09	0.00280096
1.17137e-09	0.00279794
1.17141e-09	0.00279492
1.17145e-09	0.0027919
1.17149e-09	0.00278887
1.17154e-09	0.00278584
1.17158e-09	0.00278282
1.17162e-09	0.00277978
1.17166e-09	0.00277675
1.1717e-09	0.00277372
1.17174e-09	0.00277068
1.17179e-09	0.00276764
1.17183e-09	0.0027646
1.17187e-09	0.00276156
1.17191e-09	0.00275852
1.17195e-09	0.00275547
1.17199e-09	0.00275242
1.17203e-09	0.00274937
1.17208e-09	0.00274632
1.17212e-09	0.00274327
1.17216e-09	0.00274021
1.1722e-09	0.00273715
1.17224e-09	0.00273409
1.17228e-09	0.00273103
1.17232e-09	0.00272797
1.17237e-09	0.00272491
1.17241e-09	0.00272184
1.17245e-09	0.00271877
1.17249e-09	0.0027157
1.17253e-09	0.00271263
1.17257e-09	0.00270955
1.17262e-09	0.00270648
1.17266e-09	0.0027034
1.1727e-09	0.00270032
1.17274e-09	0.00269724
1.17278e-09	0.00269415
1.17282e-09	0.00269107
1.17286e-09	0.00268798
1.17291e-09	0.00268489
1.17295e-09	0.0026818
1.17299e-09	0.00267871
1.17303e-09	0.00267561
1.17307e-09	0.00267251
1.17311e-09	0.00266942
1.17316e-09	0.00266632
1.1732e-09	0.00266321
1.17324e-09	0.00266011
1.17328e-09	0.002657
1.17332e-09	0.0026539
1.17336e-09	0.00265079
1.1734e-09	0.00264767
1.17345e-09	0.00264456
1.17349e-09	0.00264145
1.17353e-09	0.00263833
1.17357e-09	0.00263521
1.17361e-09	0.00263209
1.17365e-09	0.00262897
1.1737e-09	0.00262584
1.17374e-09	0.00262271
1.17378e-09	0.00261959
1.17382e-09	0.00261646
1.17386e-09	0.00261332
1.1739e-09	0.00261019
1.17394e-09	0.00260705
1.17399e-09	0.00260392
1.17403e-09	0.00260078
1.17407e-09	0.00259764
1.17411e-09	0.00259449
1.17415e-09	0.00259135
1.17419e-09	0.0025882
1.17424e-09	0.00258505
1.17428e-09	0.0025819
1.17432e-09	0.00257875
1.17436e-09	0.0025756
1.1744e-09	0.00257244
1.17444e-09	0.00256928
1.17448e-09	0.00256612
1.17453e-09	0.00256296
1.17457e-09	0.0025598
1.17461e-09	0.00255663
1.17465e-09	0.00255347
1.17469e-09	0.0025503
1.17473e-09	0.00254713
1.17478e-09	0.00254395
1.17482e-09	0.00254078
1.17486e-09	0.0025376
1.1749e-09	0.00253443
1.17494e-09	0.00253125
1.17498e-09	0.00252806
1.17502e-09	0.00252488
1.17507e-09	0.0025217
1.17511e-09	0.00251851
1.17515e-09	0.00251532
1.17519e-09	0.00251213
1.17523e-09	0.00250894
1.17527e-09	0.00250574
1.17531e-09	0.00250255
1.17536e-09	0.00249935
1.1754e-09	0.00249615
1.17544e-09	0.00249295
1.17548e-09	0.00248974
1.17552e-09	0.00248654
1.17556e-09	0.00248333
1.17561e-09	0.00248012
1.17565e-09	0.00247691
1.17569e-09	0.0024737
1.17573e-09	0.00247048
1.17577e-09	0.00246727
1.17581e-09	0.00246405
1.17585e-09	0.00246083
1.1759e-09	0.00245761
1.17594e-09	0.00245439
1.17598e-09	0.00245116
1.17602e-09	0.00244793
1.17606e-09	0.00244471
1.1761e-09	0.00244148
1.17615e-09	0.00243824
1.17619e-09	0.00243501
1.17623e-09	0.00243177
1.17627e-09	0.00242854
1.17631e-09	0.0024253
1.17635e-09	0.00242205
1.17639e-09	0.00241881
1.17644e-09	0.00241557
1.17648e-09	0.00241232
1.17652e-09	0.00240907
1.17656e-09	0.00240582
1.1766e-09	0.00240257
1.17664e-09	0.00239932
1.17669e-09	0.00239606
1.17673e-09	0.0023928
1.17677e-09	0.00238954
1.17681e-09	0.00238628
1.17685e-09	0.00238302
1.17689e-09	0.00237976
1.17693e-09	0.00237649
1.17698e-09	0.00237322
1.17702e-09	0.00236995
1.17706e-09	0.00236668
1.1771e-09	0.00236341
1.17714e-09	0.00236013
1.17718e-09	0.00235686
1.17723e-09	0.00235358
1.17727e-09	0.0023503
1.17731e-09	0.00234701
1.17735e-09	0.00234373
1.17739e-09	0.00234044
1.17743e-09	0.00233716
1.17747e-09	0.00233387
1.17752e-09	0.00233058
1.17756e-09	0.00232728
1.1776e-09	0.00232399
1.17764e-09	0.00232069
1.17768e-09	0.00231739
1.17772e-09	0.00231409
1.17777e-09	0.00231079
1.17781e-09	0.00230749
1.17785e-09	0.00230418
1.17789e-09	0.00230088
1.17793e-09	0.00229757
1.17797e-09	0.00229426
1.17801e-09	0.00229095
1.17806e-09	0.00228763
1.1781e-09	0.00228432
1.17814e-09	0.002281
1.17818e-09	0.00227768
1.17822e-09	0.00227436
1.17826e-09	0.00227104
1.17831e-09	0.00226771
1.17835e-09	0.00226439
1.17839e-09	0.00226106
1.17843e-09	0.00225773
1.17847e-09	0.0022544
1.17851e-09	0.00225106
1.17855e-09	0.00224773
1.1786e-09	0.00224439
1.17864e-09	0.00224105
1.17868e-09	0.00223771
1.17872e-09	0.00223437
1.17876e-09	0.00223103
1.1788e-09	0.00222768
1.17884e-09	0.00222434
1.17889e-09	0.00222099
1.17893e-09	0.00221764
1.17897e-09	0.00221429
1.17901e-09	0.00221093
1.17905e-09	0.00220758
1.17909e-09	0.00220422
1.17914e-09	0.00220086
1.17918e-09	0.0021975
1.17922e-09	0.00219414
1.17926e-09	0.00219077
1.1793e-09	0.00218741
1.17934e-09	0.00218404
1.17938e-09	0.00218067
1.17943e-09	0.0021773
1.17947e-09	0.00217392
1.17951e-09	0.00217055
1.17955e-09	0.00216717
1.17959e-09	0.00216379
1.17963e-09	0.00216042
1.17968e-09	0.00215703
1.17972e-09	0.00215365
1.17976e-09	0.00215027
1.1798e-09	0.00214688
1.17984e-09	0.00214349
1.17988e-09	0.0021401
1.17992e-09	0.00213671
1.17997e-09	0.00213332
1.18001e-09	0.00212992
1.18005e-09	0.00212652
1.18009e-09	0.00212312
1.18013e-09	0.00211972
1.18017e-09	0.00211632
1.18022e-09	0.00211292
1.18026e-09	0.00210951
1.1803e-09	0.00210611
1.18034e-09	0.0021027
1.18038e-09	0.00209929
1.18042e-09	0.00209588
1.18046e-09	0.00209246
1.18051e-09	0.00208905
1.18055e-09	0.00208563
1.18059e-09	0.00208221
1.18063e-09	0.00207879
1.18067e-09	0.00207537
1.18071e-09	0.00207194
1.18076e-09	0.00206852
1.1808e-09	0.00206509
1.18084e-09	0.00206166
1.18088e-09	0.00205823
1.18092e-09	0.0020548
1.18096e-09	0.00205136
1.181e-09	0.00204793
1.18105e-09	0.00204449
1.18109e-09	0.00204105
1.18113e-09	0.00203761
1.18117e-09	0.00203417
1.18121e-09	0.00203072
1.18125e-09	0.00202728
1.1813e-09	0.00202383
1.18134e-09	0.00202038
1.18138e-09	0.00201693
1.18142e-09	0.00201348
1.18146e-09	0.00201002
1.1815e-09	0.00200657
1.18154e-09	0.00200311
1.18159e-09	0.00199965
1.18163e-09	0.00199619
1.18167e-09	0.00199273
1.18171e-09	0.00198926
1.18175e-09	0.0019858
1.18179e-09	0.00198233
1.18183e-09	0.00197886
1.18188e-09	0.00197539
1.18192e-09	0.00197192
1.18196e-09	0.00196845
1.182e-09	0.00196497
1.18204e-09	0.00196149
1.18208e-09	0.00195801
1.18213e-09	0.00195453
1.18217e-09	0.00195105
1.18221e-09	0.00194757
1.18225e-09	0.00194408
1.18229e-09	0.00194059
1.18233e-09	0.0019371
1.18237e-09	0.00193361
1.18242e-09	0.00193012
1.18246e-09	0.00192663
1.1825e-09	0.00192313
1.18254e-09	0.00191964
1.18258e-09	0.00191614
1.18262e-09	0.00191264
1.18267e-09	0.00190913
1.18271e-09	0.00190563
1.18275e-09	0.00190213
1.18279e-09	0.00189862
1.18283e-09	0.00189511
1.18287e-09	0.0018916
1.18291e-09	0.00188809
1.18296e-09	0.00188457
1.183e-09	0.00188106
1.18304e-09	0.00187754
1.18308e-09	0.00187402
1.18312e-09	0.0018705
1.18316e-09	0.00186698
1.18321e-09	0.00186346
1.18325e-09	0.00185994
1.18329e-09	0.00185641
1.18333e-09	0.00185288
1.18337e-09	0.00184935
1.18341e-09	0.00184582
1.18345e-09	0.00184229
1.1835e-09	0.00183875
1.18354e-09	0.00183522
1.18358e-09	0.00183168
1.18362e-09	0.00182814
1.18366e-09	0.0018246
1.1837e-09	0.00182106
1.18375e-09	0.00181751
1.18379e-09	0.00181397
1.18383e-09	0.00181042
1.18387e-09	0.00180687
1.18391e-09	0.00180332
1.18395e-09	0.00179977
1.18399e-09	0.00179621
1.18404e-09	0.00179266
1.18408e-09	0.0017891
1.18412e-09	0.00178554
1.18416e-09	0.00178198
1.1842e-09	0.00177842
1.18424e-09	0.00177486
1.18429e-09	0.00177129
1.18433e-09	0.00176773
1.18437e-09	0.00176416
1.18441e-09	0.00176059
1.18445e-09	0.00175702
1.18449e-09	0.00175344
1.18453e-09	0.00174987
1.18458e-09	0.00174629
1.18462e-09	0.00174272
1.18466e-09	0.00173914
1.1847e-09	0.00173556
1.18474e-09	0.00173197
1.18478e-09	0.00172839
1.18482e-09	0.0017248
1.18487e-09	0.00172122
1.18491e-09	0.00171763
1.18495e-09	0.00171404
1.18499e-09	0.00171045
1.18503e-09	0.00170685
1.18507e-09	0.00170326
1.18512e-09	0.00169966
1.18516e-09	0.00169606
1.1852e-09	0.00169246
1.18524e-09	0.00168886
1.18528e-09	0.00168526
1.18532e-09	0.00168166
1.18536e-09	0.00167805
1.18541e-09	0.00167444
1.18545e-09	0.00167083
1.18549e-09	0.00166722
1.18553e-09	0.00166361
1.18557e-09	0.00166
1.18561e-09	0.00165638
1.18566e-09	0.00165276
1.1857e-09	0.00164915
1.18574e-09	0.00164553
1.18578e-09	0.00164191
1.18582e-09	0.00163828
1.18586e-09	0.00163466
1.1859e-09	0.00163103
1.18595e-09	0.0016274
1.18599e-09	0.00162377
1.18603e-09	0.00162014
1.18607e-09	0.00161651
1.18611e-09	0.00161288
1.18615e-09	0.00160924
1.1862e-09	0.00160561
1.18624e-09	0.00160197
1.18628e-09	0.00159833
1.18632e-09	0.00159469
1.18636e-09	0.00159104
1.1864e-09	0.0015874
1.18644e-09	0.00158375
1.18649e-09	0.0015801
1.18653e-09	0.00157646
1.18657e-09	0.0015728
1.18661e-09	0.00156915
1.18665e-09	0.0015655
1.18669e-09	0.00156184
1.18674e-09	0.00155819
1.18678e-09	0.00155453
1.18682e-09	0.00155087
1.18686e-09	0.00154721
1.1869e-09	0.00154354
1.18694e-09	0.00153988
1.18698e-09	0.00153621
1.18703e-09	0.00153255
1.18707e-09	0.00152888
1.18711e-09	0.00152521
1.18715e-09	0.00152154
1.18719e-09	0.00151786
1.18723e-09	0.00151419
1.18728e-09	0.00151051
1.18732e-09	0.00150683
1.18736e-09	0.00150315
1.1874e-09	0.00149947
1.18744e-09	0.00149579
1.18748e-09	0.00149211
1.18752e-09	0.00148842
1.18757e-09	0.00148473
1.18761e-09	0.00148105
1.18765e-09	0.00147736
1.18769e-09	0.00147366
1.18773e-09	0.00146997
1.18777e-09	0.00146628
1.18782e-09	0.00146258
1.18786e-09	0.00145888
1.1879e-09	0.00145518
1.18794e-09	0.00145148
1.18798e-09	0.00144778
1.18802e-09	0.00144408
1.18806e-09	0.00144037
1.18811e-09	0.00143667
1.18815e-09	0.00143296
1.18819e-09	0.00142925
1.18823e-09	0.00142554
1.18827e-09	0.00142183
1.18831e-09	0.00141811
1.18835e-09	0.0014144
1.1884e-09	0.00141068
1.18844e-09	0.00140696
1.18848e-09	0.00140324
1.18852e-09	0.00139952
1.18856e-09	0.0013958
1.1886e-09	0.00139208
1.18865e-09	0.00138835
1.18869e-09	0.00138462
1.18873e-09	0.0013809
1.18877e-09	0.00137717
1.18881e-09	0.00137343
1.18885e-09	0.0013697
1.18889e-09	0.00136597
1.18894e-09	0.00136223
1.18898e-09	0.00135849
1.18902e-09	0.00135476
1.18906e-09	0.00135102
1.1891e-09	0.00134727
1.18914e-09	0.00134353
1.18919e-09	0.00133979
1.18923e-09	0.00133604
1.18927e-09	0.00133229
1.18931e-09	0.00132855
1.18935e-09	0.0013248
1.18939e-09	0.00132104
1.18943e-09	0.00131729
1.18948e-09	0.00131354
1.18952e-09	0.00130978
1.18956e-09	0.00130602
1.1896e-09	0.00130226
1.18964e-09	0.0012985
1.18968e-09	0.00129474
1.18973e-09	0.00129098
1.18977e-09	0.00128721
1.18981e-09	0.00128345
1.18985e-09	0.00127968
1.18989e-09	0.00127591
1.18993e-09	0.00127214
1.18997e-09	0.00126837
1.19002e-09	0.0012646
1.19006e-09	0.00126082
1.1901e-09	0.00125705
1.19014e-09	0.00125327
1.19018e-09	0.00124949
1.19022e-09	0.00124571
1.19027e-09	0.00124193
1.19031e-09	0.00123814
1.19035e-09	0.00123436
1.19039e-09	0.00123057
1.19043e-09	0.00122679
1.19047e-09	0.001223
1.19051e-09	0.00121921
1.19056e-09	0.00121542
1.1906e-09	0.00121162
1.19064e-09	0.00120783
1.19068e-09	0.00120403
1.19072e-09	0.00120024
1.19076e-09	0.00119644
1.19081e-09	0.00119264
1.19085e-09	0.00118884
1.19089e-09	0.00118503
1.19093e-09	0.00118123
1.19097e-09	0.00117742
1.19101e-09	0.00117362
1.19105e-09	0.00116981
1.1911e-09	0.001166
1.19114e-09	0.00116219
1.19118e-09	0.00115838
1.19122e-09	0.00115456
1.19126e-09	0.00115075
1.1913e-09	0.00114693
1.19134e-09	0.00114311
1.19139e-09	0.00113929
1.19143e-09	0.00113547
1.19147e-09	0.00113165
1.19151e-09	0.00112783
1.19155e-09	0.001124
1.19159e-09	0.00112017
1.19164e-09	0.00111635
1.19168e-09	0.00111252
1.19172e-09	0.00110869
1.19176e-09	0.00110486
1.1918e-09	0.00110102
1.19184e-09	0.00109719
1.19188e-09	0.00109335
1.19193e-09	0.00108951
1.19197e-09	0.00108568
1.19201e-09	0.00108184
1.19205e-09	0.00107799
1.19209e-09	0.00107415
1.19213e-09	0.00107031
1.19218e-09	0.00106646
1.19222e-09	0.00106262
1.19226e-09	0.00105877
1.1923e-09	0.00105492
1.19234e-09	0.00105107
1.19238e-09	0.00104721
1.19242e-09	0.00104336
1.19247e-09	0.00103951
1.19251e-09	0.00103565
1.19255e-09	0.00103179
1.19259e-09	0.00102793
1.19263e-09	0.00102407
1.19267e-09	0.00102021
1.19272e-09	0.00101635
1.19276e-09	0.00101248
1.1928e-09	0.00100862
1.19284e-09	0.00100475
1.19288e-09	0.00100088
1.19292e-09	0.000997014
1.19296e-09	0.000993143
1.19301e-09	0.000989271
1.19305e-09	0.000985397
1.19309e-09	0.000981522
1.19313e-09	0.000977646
1.19317e-09	0.000973768
1.19321e-09	0.000969889
1.19326e-09	0.000966009
1.1933e-09	0.000962128
1.19334e-09	0.000958245
1.19338e-09	0.00095436
1.19342e-09	0.000950475
1.19346e-09	0.000946588
1.1935e-09	0.0009427
1.19355e-09	0.00093881
1.19359e-09	0.00093492
1.19363e-09	0.000931028
1.19367e-09	0.000927134
1.19371e-09	0.00092324
1.19375e-09	0.000919343
1.1938e-09	0.000915446
1.19384e-09	0.000911548
1.19388e-09	0.000907648
1.19392e-09	0.000903746
1.19396e-09	0.000899844
1.194e-09	0.00089594
1.19404e-09	0.000892035
1.19409e-09	0.000888129
1.19413e-09	0.000884221
1.19417e-09	0.000880312
1.19421e-09	0.000876402
1.19425e-09	0.00087249
1.19429e-09	0.000868577
1.19433e-09	0.000864663
1.19438e-09	0.000860748
1.19442e-09	0.000856831
1.19446e-09	0.000852913
1.1945e-09	0.000848994
1.19454e-09	0.000845073
1.19458e-09	0.000841151
1.19463e-09	0.000837228
1.19467e-09	0.000833304
1.19471e-09	0.000829378
1.19475e-09	0.000825451
1.19479e-09	0.000821523
1.19483e-09	0.000817593
1.19487e-09	0.000813663
1.19492e-09	0.00080973
1.19496e-09	0.000805797
1.195e-09	0.000801863
1.19504e-09	0.000797927
1.19508e-09	0.00079399
1.19512e-09	0.000790051
1.19517e-09	0.000786112
1.19521e-09	0.000782171
1.19525e-09	0.000778229
1.19529e-09	0.000774285
1.19533e-09	0.000770341
1.19537e-09	0.000766395
1.19541e-09	0.000762448
1.19546e-09	0.000758499
1.1955e-09	0.00075455
1.19554e-09	0.000750599
1.19558e-09	0.000746647
1.19562e-09	0.000742693
1.19566e-09	0.000738739
1.19571e-09	0.000734783
1.19575e-09	0.000730826
1.19579e-09	0.000726868
1.19583e-09	0.000722908
1.19587e-09	0.000718947
1.19591e-09	0.000714985
1.19595e-09	0.000711022
1.196e-09	0.000707057
1.19604e-09	0.000703092
1.19608e-09	0.000699125
1.19612e-09	0.000695157
1.19616e-09	0.000691187
1.1962e-09	0.000687216
1.19625e-09	0.000683245
1.19629e-09	0.000679272
1.19633e-09	0.000675297
1.19637e-09	0.000671322
1.19641e-09	0.000667345
1.19645e-09	0.000663367
1.19649e-09	0.000659388
1.19654e-09	0.000655407
1.19658e-09	0.000651426
1.19662e-09	0.000647443
1.19666e-09	0.000643459
1.1967e-09	0.000639474
1.19674e-09	0.000635487
1.19679e-09	0.0006315
1.19683e-09	0.000627511
1.19687e-09	0.000623521
1.19691e-09	0.00061953
1.19695e-09	0.000615537
1.19699e-09	0.000611544
1.19703e-09	0.000607549
1.19708e-09	0.000603553
1.19712e-09	0.000599555
1.19716e-09	0.000595557
1.1972e-09	0.000591557
1.19724e-09	0.000587557
1.19728e-09	0.000583555
1.19733e-09	0.000579552
1.19737e-09	0.000575547
1.19741e-09	0.000571542
1.19745e-09	0.000567535
1.19749e-09	0.000563527
1.19753e-09	0.000559518
1.19757e-09	0.000555508
1.19762e-09	0.000551496
1.19766e-09	0.000547484
1.1977e-09	0.00054347
1.19774e-09	0.000539455
1.19778e-09	0.000535439
1.19782e-09	0.000531422
1.19786e-09	0.000527403
1.19791e-09	0.000523383
1.19795e-09	0.000519363
1.19799e-09	0.000515341
1.19803e-09	0.000511318
1.19807e-09	0.000507293
1.19811e-09	0.000503268
1.19816e-09	0.000499241
1.1982e-09	0.000495214
1.19824e-09	0.000491185
1.19828e-09	0.000487155
1.19832e-09	0.000483123
1.19836e-09	0.000479091
1.1984e-09	0.000475057
1.19845e-09	0.000471023
1.19849e-09	0.000466987
1.19853e-09	0.00046295
1.19857e-09	0.000458912
1.19861e-09	0.000454873
1.19865e-09	0.000450832
1.1987e-09	0.000446791
1.19874e-09	0.000442748
1.19878e-09	0.000438704
1.19882e-09	0.00043466
1.19886e-09	0.000430614
1.1989e-09	0.000426566
1.19894e-09	0.000422518
1.19899e-09	0.000418469
1.19903e-09	0.000414418
1.19907e-09	0.000410366
1.19911e-09	0.000406314
1.19915e-09	0.00040226
1.19919e-09	0.000398205
1.19924e-09	0.000394148
1.19928e-09	0.000390091
1.19932e-09	0.000386033
1.19936e-09	0.000381973
1.1994e-09	0.000377912
1.19944e-09	0.000373851
1.19948e-09	0.000369788
1.19953e-09	0.000365724
1.19957e-09	0.000361659
1.19961e-09	0.000357593
1.19965e-09	0.000353525
1.19969e-09	0.000349457
1.19973e-09	0.000345387
1.19978e-09	0.000341317
1.19982e-09	0.000337245
1.19986e-09	0.000333172
1.1999e-09	0.000329098
1.19994e-09	0.000325023
1.19998e-09	0.000320947
1.20002e-09	0.00031687
1.20007e-09	0.000312792
1.20011e-09	0.000308713
1.20015e-09	0.000304632
1.20019e-09	0.000300551
1.20023e-09	0.000296468
1.20027e-09	0.000292384
1.20032e-09	0.0002883
1.20036e-09	0.000284214
1.2004e-09	0.000280127
1.20044e-09	0.000276039
1.20048e-09	0.00027195
1.20052e-09	0.000267859
1.20056e-09	0.000263768
1.20061e-09	0.000259676
1.20065e-09	0.000255583
1.20069e-09	0.000251488
1.20073e-09	0.000247393
1.20077e-09	0.000243296
1.20081e-09	0.000239198
1.20085e-09	0.0002351
1.2009e-09	0.000231
1.20094e-09	0.000226899
1.20098e-09	0.000222797
1.20102e-09	0.000218694
1.20106e-09	0.00021459
1.2011e-09	0.000210485
1.20115e-09	0.000206379
1.20119e-09	0.000202272
1.20123e-09	0.000198164
1.20127e-09	0.000194055
1.20131e-09	0.000189944
1.20135e-09	0.000185833
1.20139e-09	0.000181721
1.20144e-09	0.000177607
1.20148e-09	0.000173493
1.20152e-09	0.000169377
1.20156e-09	0.000165261
1.2016e-09	0.000161143
1.20164e-09	0.000157025
1.20169e-09	0.000152905
1.20173e-09	0.000148785
1.20177e-09	0.000144663
1.20181e-09	0.00014054
1.20185e-09	0.000136416
1.20189e-09	0.000132292
1.20193e-09	0.000128166
1.20198e-09	0.000124039
1.20202e-09	0.000119911
1.20206e-09	0.000115783
1.2021e-09	0.000111653
1.20214e-09	0.000107522
1.20218e-09	0.00010339
1.20223e-09	9.9257e-05
1.20227e-09	9.51231e-05
1.20231e-09	9.09882e-05
1.20235e-09	8.68523e-05
1.20239e-09	8.27154e-05
1.20243e-09	7.85775e-05
1.20247e-09	7.44385e-05
1.20252e-09	7.02986e-05
1.20256e-09	6.61577e-05
1.2026e-09	6.20157e-05
1.20264e-09	5.78728e-05
1.20268e-09	5.37289e-05
1.20272e-09	4.9584e-05
1.20277e-09	4.54381e-05
1.20281e-09	4.12912e-05
1.20285e-09	3.71433e-05
1.20289e-09	3.29944e-05
1.20293e-09	2.88446e-05
1.20297e-09	2.46937e-05
1.20301e-09	2.05419e-05
1.20306e-09	1.63891e-05
1.2031e-09	1.22353e-05
1.20314e-09	8.08056e-06
1.20318e-09	3.92482e-06
1.20322e-09	-2.31895e-07
1.20326e-09	-4.38958e-06
1.20331e-09	-8.54825e-06
1.20335e-09	-1.27079e-05
1.20339e-09	-1.68685e-05
1.20343e-09	-2.103e-05
1.20347e-09	-2.51926e-05
1.20351e-09	-2.93561e-05
1.20355e-09	-3.35205e-05
1.2036e-09	-3.7686e-05
1.20364e-09	-4.18523e-05
1.20368e-09	-4.60197e-05
1.20372e-09	-5.0188e-05
1.20376e-09	-5.43572e-05
1.2038e-09	-5.85274e-05
1.20384e-09	-6.26986e-05
1.20389e-09	-6.68707e-05
1.20393e-09	-7.10437e-05
1.20397e-09	-7.52178e-05
1.20401e-09	-7.93927e-05
1.20405e-09	-8.35686e-05
1.20409e-09	-8.77454e-05
1.20414e-09	-9.19232e-05
1.20418e-09	-9.61019e-05
1.20422e-09	-0.000100282
1.20426e-09	-0.000104462
1.2043e-09	-0.000108644
1.20434e-09	-0.000112826
1.20438e-09	-0.00011701
1.20443e-09	-0.000121194
1.20447e-09	-0.000125379
1.20451e-09	-0.000129565
1.20455e-09	-0.000133752
1.20459e-09	-0.00013794
1.20463e-09	-0.000142129
1.20468e-09	-0.000146319
1.20472e-09	-0.00015051
1.20476e-09	-0.000154702
1.2048e-09	-0.000158894
1.20484e-09	-0.000163088
1.20488e-09	-0.000167282
1.20492e-09	-0.000171478
1.20497e-09	-0.000175674
1.20501e-09	-0.000179871
1.20505e-09	-0.000184069
1.20509e-09	-0.000188268
1.20513e-09	-0.000192468
1.20517e-09	-0.000196669
1.20522e-09	-0.000200871
1.20526e-09	-0.000205073
1.2053e-09	-0.000209277
1.20534e-09	-0.000213481
1.20538e-09	-0.000217686
1.20542e-09	-0.000221892
1.20546e-09	-0.000226099
1.20551e-09	-0.000230307
1.20555e-09	-0.000234516
1.20559e-09	-0.000238726
1.20563e-09	-0.000242937
1.20567e-09	-0.000247148
1.20571e-09	-0.00025136
1.20576e-09	-0.000255574
1.2058e-09	-0.000259788
1.20584e-09	-0.000264003
1.20588e-09	-0.000268219
1.20592e-09	-0.000272435
1.20596e-09	-0.000276653
1.206e-09	-0.000280872
1.20605e-09	-0.000285091
1.20609e-09	-0.000289311
1.20613e-09	-0.000293532
1.20617e-09	-0.000297754
1.20621e-09	-0.000301977
1.20625e-09	-0.000306201
1.2063e-09	-0.000310425
1.20634e-09	-0.000314651
1.20638e-09	-0.000318877
1.20642e-09	-0.000323104
1.20646e-09	-0.000327332
1.2065e-09	-0.000331561
1.20654e-09	-0.00033579
1.20659e-09	-0.000340021
1.20663e-09	-0.000344252
1.20667e-09	-0.000348484
1.20671e-09	-0.000352717
1.20675e-09	-0.000356951
1.20679e-09	-0.000361186
1.20684e-09	-0.000365422
1.20688e-09	-0.000369658
1.20692e-09	-0.000373895
1.20696e-09	-0.000378133
1.207e-09	-0.000382372
1.20704e-09	-0.000386612
1.20708e-09	-0.000390852
1.20713e-09	-0.000395094
1.20717e-09	-0.000399336
1.20721e-09	-0.000403579
1.20725e-09	-0.000407823
1.20729e-09	-0.000412067
1.20733e-09	-0.000416313
1.20737e-09	-0.000420559
1.20742e-09	-0.000424806
1.20746e-09	-0.000429054
1.2075e-09	-0.000433303
1.20754e-09	-0.000437553
1.20758e-09	-0.000441803
1.20762e-09	-0.000446054
1.20767e-09	-0.000450306
1.20771e-09	-0.000454559
1.20775e-09	-0.000458812
1.20779e-09	-0.000463067
1.20783e-09	-0.000467322
1.20787e-09	-0.000471578
1.20791e-09	-0.000475835
1.20796e-09	-0.000480092
1.208e-09	-0.000484351
1.20804e-09	-0.00048861
1.20808e-09	-0.00049287
1.20812e-09	-0.000497131
1.20816e-09	-0.000501392
1.20821e-09	-0.000505654
1.20825e-09	-0.000509917
1.20829e-09	-0.000514181
1.20833e-09	-0.000518446
1.20837e-09	-0.000522711
1.20841e-09	-0.000526977
1.20845e-09	-0.000531244
1.2085e-09	-0.000535512
1.20854e-09	-0.000539781
1.20858e-09	-0.00054405
1.20862e-09	-0.00054832
1.20866e-09	-0.000552591
1.2087e-09	-0.000556862
1.20875e-09	-0.000561135
1.20879e-09	-0.000565408
1.20883e-09	-0.000569682
1.20887e-09	-0.000573956
1.20891e-09	-0.000578232
1.20895e-09	-0.000582508
1.20899e-09	-0.000586785
1.20904e-09	-0.000591062
1.20908e-09	-0.000595341
1.20912e-09	-0.00059962
1.20916e-09	-0.0006039
1.2092e-09	-0.00060818
1.20924e-09	-0.000612462
1.20929e-09	-0.000616744
1.20933e-09	-0.000621027
1.20937e-09	-0.00062531
1.20941e-09	-0.000629595
1.20945e-09	-0.00063388
1.20949e-09	-0.000638166
1.20953e-09	-0.000642452
1.20958e-09	-0.000646739
1.20962e-09	-0.000651027
1.20966e-09	-0.000655316
1.2097e-09	-0.000659605
1.20974e-09	-0.000663896
1.20978e-09	-0.000668187
1.20983e-09	-0.000672478
1.20987e-09	-0.00067677
1.20991e-09	-0.000681063
1.20995e-09	-0.000685357
1.20999e-09	-0.000689652
1.21003e-09	-0.000693947
1.21007e-09	-0.000698243
1.21012e-09	-0.000702539
1.21016e-09	-0.000706837
1.2102e-09	-0.000711135
1.21024e-09	-0.000715433
1.21028e-09	-0.000719733
1.21032e-09	-0.000724033
1.21036e-09	-0.000728334
1.21041e-09	-0.000732635
1.21045e-09	-0.000736937
1.21049e-09	-0.00074124
1.21053e-09	-0.000745544
1.21057e-09	-0.000749848
1.21061e-09	-0.000754153
1.21066e-09	-0.000758459
1.2107e-09	-0.000762765
1.21074e-09	-0.000767072
1.21078e-09	-0.00077138
1.21082e-09	-0.000775688
1.21086e-09	-0.000779997
1.2109e-09	-0.000784307
1.21095e-09	-0.000788617
1.21099e-09	-0.000792929
1.21103e-09	-0.00079724
1.21107e-09	-0.000801553
1.21111e-09	-0.000805866
1.21115e-09	-0.00081018
1.2112e-09	-0.000814494
1.21124e-09	-0.000818809
1.21128e-09	-0.000823125
1.21132e-09	-0.000827441
1.21136e-09	-0.000831758
1.2114e-09	-0.000836076
1.21144e-09	-0.000840395
1.21149e-09	-0.000844714
1.21153e-09	-0.000849033
1.21157e-09	-0.000853354
1.21161e-09	-0.000857675
1.21165e-09	-0.000861996
1.21169e-09	-0.000866318
1.21174e-09	-0.000870641
1.21178e-09	-0.000874965
1.21182e-09	-0.000879289
1.21186e-09	-0.000883614
1.2119e-09	-0.000887939
1.21194e-09	-0.000892266
1.21198e-09	-0.000896592
1.21203e-09	-0.00090092
1.21207e-09	-0.000905248
1.21211e-09	-0.000909576
1.21215e-09	-0.000913906
1.21219e-09	-0.000918235
1.21223e-09	-0.000922566
1.21228e-09	-0.000926897
1.21232e-09	-0.000931229
1.21236e-09	-0.000935561
1.2124e-09	-0.000939894
1.21244e-09	-0.000944228
1.21248e-09	-0.000948562
1.21252e-09	-0.000952897
1.21257e-09	-0.000957232
1.21261e-09	-0.000961568
1.21265e-09	-0.000965905
1.21269e-09	-0.000970242
1.21273e-09	-0.00097458
1.21277e-09	-0.000978918
1.21282e-09	-0.000983257
1.21286e-09	-0.000987597
1.2129e-09	-0.000991937
1.21294e-09	-0.000996278
1.21298e-09	-0.00100062
1.21302e-09	-0.00100496
1.21306e-09	-0.0010093
1.21311e-09	-0.00101365
1.21315e-09	-0.00101799
1.21319e-09	-0.00102234
1.21323e-09	-0.00102668
1.21327e-09	-0.00103103
1.21331e-09	-0.00103537
1.21335e-09	-0.00103972
1.2134e-09	-0.00104407
1.21344e-09	-0.00104841
1.21348e-09	-0.00105276
1.21352e-09	-0.00105711
1.21356e-09	-0.00106146
1.2136e-09	-0.00106581
1.21365e-09	-0.00107016
1.21369e-09	-0.00107451
1.21373e-09	-0.00107886
1.21377e-09	-0.00108322
1.21381e-09	-0.00108757
1.21385e-09	-0.00109192
1.21389e-09	-0.00109628
1.21394e-09	-0.00110063
1.21398e-09	-0.00110499
1.21402e-09	-0.00110934
1.21406e-09	-0.0011137
1.2141e-09	-0.00111806
1.21414e-09	-0.00112241
1.21419e-09	-0.00112677
1.21423e-09	-0.00113113
1.21427e-09	-0.00113549
1.21431e-09	-0.00113985
1.21435e-09	-0.00114421
1.21439e-09	-0.00114857
1.21443e-09	-0.00115293
1.21448e-09	-0.00115729
1.21452e-09	-0.00116165
1.21456e-09	-0.00116602
1.2146e-09	-0.00117038
1.21464e-09	-0.00117474
1.21468e-09	-0.00117911
1.21473e-09	-0.00118347
1.21477e-09	-0.00118784
1.21481e-09	-0.0011922
1.21485e-09	-0.00119657
1.21489e-09	-0.00120093
1.21493e-09	-0.0012053
1.21497e-09	-0.00120967
1.21502e-09	-0.00121404
1.21506e-09	-0.00121841
1.2151e-09	-0.00122278
1.21514e-09	-0.00122715
1.21518e-09	-0.00123152
1.21522e-09	-0.00123589
1.21527e-09	-0.00124026
1.21531e-09	-0.00124463
1.21535e-09	-0.001249
1.21539e-09	-0.00125338
1.21543e-09	-0.00125775
1.21547e-09	-0.00126212
1.21551e-09	-0.0012665
1.21556e-09	-0.00127087
1.2156e-09	-0.00127525
1.21564e-09	-0.00127962
1.21568e-09	-0.001284
1.21572e-09	-0.00128838
1.21576e-09	-0.00129275
1.21581e-09	-0.00129713
1.21585e-09	-0.00130151
1.21589e-09	-0.00130589
1.21593e-09	-0.00131027
1.21597e-09	-0.00131465
1.21601e-09	-0.00131903
1.21605e-09	-0.00132341
1.2161e-09	-0.00132779
1.21614e-09	-0.00133217
1.21618e-09	-0.00133655
1.21622e-09	-0.00134093
1.21626e-09	-0.00134531
1.2163e-09	-0.0013497
1.21635e-09	-0.00135408
1.21639e-09	-0.00135847
1.21643e-09	-0.00136285
1.21647e-09	-0.00136723
1.21651e-09	-0.00137162
1.21655e-09	-0.00137601
1.21659e-09	-0.00138039
1.21664e-09	-0.00138478
1.21668e-09	-0.00138917
1.21672e-09	-0.00139355
1.21676e-09	-0.00139794
1.2168e-09	-0.00140233
1.21684e-09	-0.00140672
1.21688e-09	-0.00141111
1.21693e-09	-0.0014155
1.21697e-09	-0.00141989
1.21701e-09	-0.00142428
1.21705e-09	-0.00142867
1.21709e-09	-0.00143306
1.21713e-09	-0.00143745
1.21718e-09	-0.00144185
1.21722e-09	-0.00144624
1.21726e-09	-0.00145063
1.2173e-09	-0.00145503
1.21734e-09	-0.00145942
1.21738e-09	-0.00146381
1.21742e-09	-0.00146821
1.21747e-09	-0.0014726
1.21751e-09	-0.001477
1.21755e-09	-0.00148139
1.21759e-09	-0.00148579
1.21763e-09	-0.00149019
1.21767e-09	-0.00149458
1.21772e-09	-0.00149898
1.21776e-09	-0.00150338
1.2178e-09	-0.00150778
1.21784e-09	-0.00151218
1.21788e-09	-0.00151658
1.21792e-09	-0.00152098
1.21796e-09	-0.00152538
1.21801e-09	-0.00152978
1.21805e-09	-0.00153418
1.21809e-09	-0.00153858
1.21813e-09	-0.00154298
1.21817e-09	-0.00154738
1.21821e-09	-0.00155178
1.21826e-09	-0.00155618
1.2183e-09	-0.00156059
1.21834e-09	-0.00156499
1.21838e-09	-0.00156939
1.21842e-09	-0.0015738
1.21846e-09	-0.0015782
1.2185e-09	-0.00158261
1.21855e-09	-0.00158701
1.21859e-09	-0.00159142
1.21863e-09	-0.00159582
1.21867e-09	-0.00160023
1.21871e-09	-0.00160464
1.21875e-09	-0.00160904
1.2188e-09	-0.00161345
1.21884e-09	-0.00161786
1.21888e-09	-0.00162226
1.21892e-09	-0.00162667
1.21896e-09	-0.00163108
1.219e-09	-0.00163549
1.21904e-09	-0.0016399
1.21909e-09	-0.00164431
1.21913e-09	-0.00164872
1.21917e-09	-0.00165313
1.21921e-09	-0.00165754
1.21925e-09	-0.00166195
1.21929e-09	-0.00166636
1.21934e-09	-0.00167077
1.21938e-09	-0.00167518
1.21942e-09	-0.0016796
1.21946e-09	-0.00168401
1.2195e-09	-0.00168842
1.21954e-09	-0.00169283
1.21958e-09	-0.00169725
1.21963e-09	-0.00170166
1.21967e-09	-0.00170607
1.21971e-09	-0.00171049
1.21975e-09	-0.0017149
1.21979e-09	-0.00171932
1.21983e-09	-0.00172373
1.21987e-09	-0.00172815
1.21992e-09	-0.00173256
1.21996e-09	-0.00173698
1.22e-09	-0.0017414
1.22004e-09	-0.00174581
1.22008e-09	-0.00175023
1.22012e-09	-0.00175465
1.22017e-09	-0.00175907
1.22021e-09	-0.00176348
1.22025e-09	-0.0017679
1.22029e-09	-0.00177232
1.22033e-09	-0.00177674
1.22037e-09	-0.00178116
1.22041e-09	-0.00178558
1.22046e-09	-0.00179
1.2205e-09	-0.00179442
1.22054e-09	-0.00179884
1.22058e-09	-0.00180326
1.22062e-09	-0.00180768
1.22066e-09	-0.0018121
1.22071e-09	-0.00181652
1.22075e-09	-0.00182094
1.22079e-09	-0.00182536
1.22083e-09	-0.00182978
1.22087e-09	-0.00183421
1.22091e-09	-0.00183863
1.22095e-09	-0.00184305
1.221e-09	-0.00184747
1.22104e-09	-0.0018519
1.22108e-09	-0.00185632
1.22112e-09	-0.00186074
1.22116e-09	-0.00186517
1.2212e-09	-0.00186959
1.22125e-09	-0.00187401
1.22129e-09	-0.00187844
1.22133e-09	-0.00188286
1.22137e-09	-0.00188729
1.22141e-09	-0.00189171
1.22145e-09	-0.00189614
1.22149e-09	-0.00190057
1.22154e-09	-0.00190499
1.22158e-09	-0.00190942
1.22162e-09	-0.00191384
1.22166e-09	-0.00191827
1.2217e-09	-0.0019227
1.22174e-09	-0.00192712
1.22179e-09	-0.00193155
1.22183e-09	-0.00193598
1.22187e-09	-0.00194041
1.22191e-09	-0.00194483
1.22195e-09	-0.00194926
1.22199e-09	-0.00195369
1.22203e-09	-0.00195812
1.22208e-09	-0.00196255
1.22212e-09	-0.00196698
1.22216e-09	-0.00197141
1.2222e-09	-0.00197584
1.22224e-09	-0.00198026
1.22228e-09	-0.00198469
1.22233e-09	-0.00198912
1.22237e-09	-0.00199355
1.22241e-09	-0.00199798
1.22245e-09	-0.00200242
1.22249e-09	-0.00200685
1.22253e-09	-0.00201128
1.22257e-09	-0.00201571
1.22262e-09	-0.00202014
1.22266e-09	-0.00202457
1.2227e-09	-0.002029
1.22274e-09	-0.00203343
1.22278e-09	-0.00203787
1.22282e-09	-0.0020423
1.22286e-09	-0.00204673
1.22291e-09	-0.00205116
1.22295e-09	-0.00205559
1.22299e-09	-0.00206003
1.22303e-09	-0.00206446
1.22307e-09	-0.00206889
1.22311e-09	-0.00207333
1.22316e-09	-0.00207776
1.2232e-09	-0.00208219
1.22324e-09	-0.00208663
1.22328e-09	-0.00209106
1.22332e-09	-0.00209549
1.22336e-09	-0.00209993
1.2234e-09	-0.00210436
1.22345e-09	-0.0021088
1.22349e-09	-0.00211323
1.22353e-09	-0.00211767
1.22357e-09	-0.0021221
1.22361e-09	-0.00212654
1.22365e-09	-0.00213097
1.2237e-09	-0.00213541
1.22374e-09	-0.00213984
1.22378e-09	-0.00214428
1.22382e-09	-0.00214871
1.22386e-09	-0.00215315
1.2239e-09	-0.00215758
1.22394e-09	-0.00216202
1.22399e-09	-0.00216645
1.22403e-09	-0.00217089
1.22407e-09	-0.00217533
1.22411e-09	-0.00217976
1.22415e-09	-0.0021842
1.22419e-09	-0.00218864
1.22424e-09	-0.00219307
1.22428e-09	-0.00219751
1.22432e-09	-0.00220195
1.22436e-09	-0.00220638
1.2244e-09	-0.00221082
1.22444e-09	-0.00221526
1.22448e-09	-0.0022197
1.22453e-09	-0.00222413
1.22457e-09	-0.00222857
1.22461e-09	-0.00223301
1.22465e-09	-0.00223745
1.22469e-09	-0.00224188
1.22473e-09	-0.00224632
1.22478e-09	-0.00225076
1.22482e-09	-0.0022552
1.22486e-09	-0.00225963
1.2249e-09	-0.00226407
1.22494e-09	-0.00226851
1.22498e-09	-0.00227295
1.22502e-09	-0.00227739
1.22507e-09	-0.00228183
1.22511e-09	-0.00228626
1.22515e-09	-0.0022907
1.22519e-09	-0.00229514
1.22523e-09	-0.00229958
1.22527e-09	-0.00230402
1.22532e-09	-0.00230846
1.22536e-09	-0.0023129
1.2254e-09	-0.00231734
1.22544e-09	-0.00232177
1.22548e-09	-0.00232621
1.22552e-09	-0.00233065
1.22556e-09	-0.00233509
1.22561e-09	-0.00233953
1.22565e-09	-0.00234397
1.22569e-09	-0.00234841
1.22573e-09	-0.00235285
1.22577e-09	-0.00235729
1.22581e-09	-0.00236173
1.22585e-09	-0.00236617
1.2259e-09	-0.00237061
1.22594e-09	-0.00237504
1.22598e-09	-0.00237948
1.22602e-09	-0.00238392
1.22606e-09	-0.00238836
1.2261e-09	-0.0023928
1.22615e-09	-0.00239724
1.22619e-09	-0.00240168
1.22623e-09	-0.00240612
1.22627e-09	-0.00241056
1.22631e-09	-0.002415
1.22635e-09	-0.00241944
1.22639e-09	-0.00242388
1.22644e-09	-0.00242832
1.22648e-09	-0.00243276
1.22652e-09	-0.0024372
1.22656e-09	-0.00244164
1.2266e-09	-0.00244608
1.22664e-09	-0.00245052
1.22669e-09	-0.00245496
1.22673e-09	-0.0024594
1.22677e-09	-0.00246384
1.22681e-09	-0.00246828
1.22685e-09	-0.00247271
1.22689e-09	-0.00247715
1.22693e-09	-0.00248159
1.22698e-09	-0.00248603
1.22702e-09	-0.00249047
1.22706e-09	-0.00249491
1.2271e-09	-0.00249935
1.22714e-09	-0.00250379
1.22718e-09	-0.00250823
1.22723e-09	-0.00251267
1.22727e-09	-0.00251711
1.22731e-09	-0.00252155
1.22735e-09	-0.00252599
1.22739e-09	-0.00253043
1.22743e-09	-0.00253487
1.22747e-09	-0.00253931
1.22752e-09	-0.00254374
1.22756e-09	-0.00254818
1.2276e-09	-0.00255262
1.22764e-09	-0.00255706
1.22768e-09	-0.0025615
1.22772e-09	-0.00256594
1.22777e-09	-0.00257038
1.22781e-09	-0.00257482
1.22785e-09	-0.00257926
1.22789e-09	-0.00258369
1.22793e-09	-0.00258813
1.22797e-09	-0.00259257
1.22801e-09	-0.00259701
1.22806e-09	-0.00260145
1.2281e-09	-0.00260589
1.22814e-09	-0.00261032
1.22818e-09	-0.00261476
1.22822e-09	-0.0026192
1.22826e-09	-0.00262364
1.22831e-09	-0.00262808
1.22835e-09	-0.00263251
1.22839e-09	-0.00263695
1.22843e-09	-0.00264139
1.22847e-09	-0.00264583
1.22851e-09	-0.00265026
1.22855e-09	-0.0026547
1.2286e-09	-0.00265914
1.22864e-09	-0.00266358
1.22868e-09	-0.00266801
1.22872e-09	-0.00267245
1.22876e-09	-0.00267689
1.2288e-09	-0.00268132
1.22885e-09	-0.00268576
1.22889e-09	-0.0026902
1.22893e-09	-0.00269463
1.22897e-09	-0.00269907
1.22901e-09	-0.00270351
1.22905e-09	-0.00270794
1.22909e-09	-0.00271238
1.22914e-09	-0.00271682
1.22918e-09	-0.00272125
1.22922e-09	-0.00272569
1.22926e-09	-0.00273012
1.2293e-09	-0.00273456
1.22934e-09	-0.00273899
1.22938e-09	-0.00274343
1.22943e-09	-0.00274786
1.22947e-09	-0.0027523
1.22951e-09	-0.00275673
1.22955e-09	-0.00276117
1.22959e-09	-0.0027656
1.22963e-09	-0.00277004
1.22968e-09	-0.00277447
1.22972e-09	-0.0027789
1.22976e-09	-0.00278334
1.2298e-09	-0.00278777
1.22984e-09	-0.00279221
1.22988e-09	-0.00279664
1.22992e-09	-0.00280107
1.22997e-09	-0.00280551
1.23001e-09	-0.00280994
1.23005e-09	-0.00281437
1.23009e-09	-0.0028188
1.23013e-09	-0.00282324
1.23017e-09	-0.00282767
1.23022e-09	-0.0028321
1.23026e-09	-0.00283653
1.2303e-09	-0.00284097
1.23034e-09	-0.0028454
1.23038e-09	-0.00284983
1.23042e-09	-0.00285426
1.23046e-09	-0.00285869
1.23051e-09	-0.00286312
1.23055e-09	-0.00286755
1.23059e-09	-0.00287198
1.23063e-09	-0.00287641
1.23067e-09	-0.00288084
1.23071e-09	-0.00288527
1.23076e-09	-0.0028897
1.2308e-09	-0.00289413
1.23084e-09	-0.00289856
1.23088e-09	-0.00290299
1.23092e-09	-0.00290742
1.23096e-09	-0.00291185
1.231e-09	-0.00291628
1.23105e-09	-0.00292071
1.23109e-09	-0.00292514
1.23113e-09	-0.00292956
1.23117e-09	-0.00293399
1.23121e-09	-0.00293842
1.23125e-09	-0.00294285
1.2313e-09	-0.00294727
1.23134e-09	-0.0029517
1.23138e-09	-0.00295613
1.23142e-09	-0.00296055
1.23146e-09	-0.00296498
1.2315e-09	-0.00296941
1.23154e-09	-0.00297383
1.23159e-09	-0.00297826
1.23163e-09	-0.00298268
1.23167e-09	-0.00298711
1.23171e-09	-0.00299153
1.23175e-09	-0.00299596
1.23179e-09	-0.00300038
1.23184e-09	-0.00300481
1.23188e-09	-0.00300923
1.23192e-09	-0.00301365
1.23196e-09	-0.00301808
1.232e-09	-0.0030225
1.23204e-09	-0.00302692
1.23208e-09	-0.00303135
1.23213e-09	-0.00303577
1.23217e-09	-0.00304019
1.23221e-09	-0.00304461
1.23225e-09	-0.00304903
1.23229e-09	-0.00305346
1.23233e-09	-0.00305788
1.23237e-09	-0.0030623
1.23242e-09	-0.00306672
1.23246e-09	-0.00307114
1.2325e-09	-0.00307556
1.23254e-09	-0.00307998
1.23258e-09	-0.0030844
1.23262e-09	-0.00308882
1.23267e-09	-0.00309324
1.23271e-09	-0.00309766
1.23275e-09	-0.00310207
1.23279e-09	-0.00310649
1.23283e-09	-0.00311091
1.23287e-09	-0.00311533
1.23291e-09	-0.00311974
1.23296e-09	-0.00312416
1.233e-09	-0.00312858
1.23304e-09	-0.00313299
1.23308e-09	-0.00313741
1.23312e-09	-0.00314183
1.23316e-09	-0.00314624
1.23321e-09	-0.00315066
1.23325e-09	-0.00315507
1.23329e-09	-0.00315948
1.23333e-09	-0.0031639
1.23337e-09	-0.00316831
1.23341e-09	-0.00317273
1.23345e-09	-0.00317714
1.2335e-09	-0.00318155
1.23354e-09	-0.00318596
1.23358e-09	-0.00319038
1.23362e-09	-0.00319479
1.23366e-09	-0.0031992
1.2337e-09	-0.00320361
1.23375e-09	-0.00320802
1.23379e-09	-0.00321243
1.23383e-09	-0.00321684
1.23387e-09	-0.00322125
1.23391e-09	-0.00322566
1.23395e-09	-0.00323007
1.23399e-09	-0.00323448
1.23404e-09	-0.00323889
1.23408e-09	-0.0032433
1.23412e-09	-0.00324771
1.23416e-09	-0.00325211
1.2342e-09	-0.00325652
1.23424e-09	-0.00326093
1.23429e-09	-0.00326533
1.23433e-09	-0.00326974
1.23437e-09	-0.00327414
1.23441e-09	-0.00327855
1.23445e-09	-0.00328296
1.23449e-09	-0.00328736
1.23453e-09	-0.00329176
1.23458e-09	-0.00329617
1.23462e-09	-0.00330057
1.23466e-09	-0.00330497
1.2347e-09	-0.00330938
1.23474e-09	-0.00331378
1.23478e-09	-0.00331818
1.23483e-09	-0.00332258
1.23487e-09	-0.00332698
1.23491e-09	-0.00333138
1.23495e-09	-0.00333579
1.23499e-09	-0.00334019
1.23503e-09	-0.00334458
1.23507e-09	-0.00334898
1.23512e-09	-0.00335338
1.23516e-09	-0.00335778
1.2352e-09	-0.00336218
1.23524e-09	-0.00336658
1.23528e-09	-0.00337097
1.23532e-09	-0.00337537
1.23536e-09	-0.00337977
1.23541e-09	-0.00338416
1.23545e-09	-0.00338856
1.23549e-09	-0.00339295
1.23553e-09	-0.00339735
1.23557e-09	-0.00340174
1.23561e-09	-0.00340614
1.23566e-09	-0.00341053
1.2357e-09	-0.00341492
1.23574e-09	-0.00341932
1.23578e-09	-0.00342371
1.23582e-09	-0.0034281
1.23586e-09	-0.00343249
1.2359e-09	-0.00343688
1.23595e-09	-0.00344127
1.23599e-09	-0.00344566
1.23603e-09	-0.00345005
1.23607e-09	-0.00345444
1.23611e-09	-0.00345883
1.23615e-09	-0.00346322
1.2362e-09	-0.00346761
1.23624e-09	-0.00347199
1.23628e-09	-0.00347638
1.23632e-09	-0.00348077
1.23636e-09	-0.00348515
1.2364e-09	-0.00348954
1.23644e-09	-0.00349392
1.23649e-09	-0.00349831
1.23653e-09	-0.00350269
1.23657e-09	-0.00350708
1.23661e-09	-0.00351146
1.23665e-09	-0.00351584
1.23669e-09	-0.00352022
1.23674e-09	-0.00352461
1.23678e-09	-0.00352899
1.23682e-09	-0.00353337
1.23686e-09	-0.00353775
1.2369e-09	-0.00354213
1.23694e-09	-0.00354651
1.23698e-09	-0.00355089
1.23703e-09	-0.00355527
1.23707e-09	-0.00355964
1.23711e-09	-0.00356402
1.23715e-09	-0.0035684
1.23719e-09	-0.00357277
1.23723e-09	-0.00357715
1.23728e-09	-0.00358153
1.23732e-09	-0.0035859
1.23736e-09	-0.00359027
1.2374e-09	-0.00359465
1.23744e-09	-0.00359902
1.23748e-09	-0.0036034
1.23752e-09	-0.00360777
1.23757e-09	-0.00361214
1.23761e-09	-0.00361651
1.23765e-09	-0.00362088
1.23769e-09	-0.00362525
1.23773e-09	-0.00362962
1.23777e-09	-0.00363399
1.23782e-09	-0.00363836
1.23786e-09	-0.00364273
1.2379e-09	-0.0036471
1.23794e-09	-0.00365146
1.23798e-09	-0.00365583
1.23802e-09	-0.0036602
1.23806e-09	-0.00366456
1.23811e-09	-0.00366893
1.23815e-09	-0.00367329
1.23819e-09	-0.00367766
1.23823e-09	-0.00368202
1.23827e-09	-0.00368638
1.23831e-09	-0.00369074
1.23836e-09	-0.00369511
1.2384e-09	-0.00369947
1.23844e-09	-0.00370383
1.23848e-09	-0.00370819
1.23852e-09	-0.00371255
1.23856e-09	-0.00371691
1.2386e-09	-0.00372126
1.23865e-09	-0.00372562
1.23869e-09	-0.00372998
1.23873e-09	-0.00373434
1.23877e-09	-0.00373869
1.23881e-09	-0.00374305
1.23885e-09	-0.0037474
1.23889e-09	-0.00375176
1.23894e-09	-0.00375611
1.23898e-09	-0.00376046
1.23902e-09	-0.00376482
1.23906e-09	-0.00376917
1.2391e-09	-0.00377352
1.23914e-09	-0.00377787
1.23919e-09	-0.00378222
1.23923e-09	-0.00378657
1.23927e-09	-0.00379092
1.23931e-09	-0.00379527
1.23935e-09	-0.00379962
1.23939e-09	-0.00380396
1.23943e-09	-0.00380831
1.23948e-09	-0.00381266
1.23952e-09	-0.003817
1.23956e-09	-0.00382135
1.2396e-09	-0.00382569
1.23964e-09	-0.00383004
1.23968e-09	-0.00383438
1.23973e-09	-0.00383872
1.23977e-09	-0.00384306
1.23981e-09	-0.0038474
1.23985e-09	-0.00385174
1.23989e-09	-0.00385608
1.23993e-09	-0.00386042
1.23997e-09	-0.00386476
1.24002e-09	-0.0038691
1.24006e-09	-0.00387344
1.2401e-09	-0.00387778
1.24014e-09	-0.00388211
1.24018e-09	-0.00388645
1.24022e-09	-0.00389078
1.24027e-09	-0.00389512
1.24031e-09	-0.00389945
1.24035e-09	-0.00390378
1.24039e-09	-0.00390811
1.24043e-09	-0.00391245
1.24047e-09	-0.00391678
1.24051e-09	-0.00392111
1.24056e-09	-0.00392544
1.2406e-09	-0.00392977
1.24064e-09	-0.0039341
1.24068e-09	-0.00393842
1.24072e-09	-0.00394275
1.24076e-09	-0.00394708
1.24081e-09	-0.0039514
1.24085e-09	-0.00395573
1.24089e-09	-0.00396005
1.24093e-09	-0.00396437
1.24097e-09	-0.0039687
1.24101e-09	-0.00397302
1.24105e-09	-0.00397734
1.2411e-09	-0.00398166
1.24114e-09	-0.00398598
1.24118e-09	-0.0039903
1.24122e-09	-0.00399462
1.24126e-09	-0.00399894
1.2413e-09	-0.00400326
1.24135e-09	-0.00400757
1.24139e-09	-0.00401189
1.24143e-09	-0.00401621
1.24147e-09	-0.00402052
1.24151e-09	-0.00402483
1.24155e-09	-0.00402915
1.24159e-09	-0.00403346
1.24164e-09	-0.00403777
1.24168e-09	-0.00404208
1.24172e-09	-0.00404639
1.24176e-09	-0.0040507
1.2418e-09	-0.00405501
1.24184e-09	-0.00405932
1.24188e-09	-0.00406363
1.24193e-09	-0.00406794
1.24197e-09	-0.00407224
1.24201e-09	-0.00407655
1.24205e-09	-0.00408085
1.24209e-09	-0.00408516
1.24213e-09	-0.00408946
1.24218e-09	-0.00409376
1.24222e-09	-0.00409806
1.24226e-09	-0.00410236
1.2423e-09	-0.00410667
1.24234e-09	-0.00411096
1.24238e-09	-0.00411526
1.24242e-09	-0.00411956
1.24247e-09	-0.00412386
1.24251e-09	-0.00412816
1.24255e-09	-0.00413245
1.24259e-09	-0.00413675
1.24263e-09	-0.00414104
1.24267e-09	-0.00414533
1.24272e-09	-0.00414963
1.24276e-09	-0.00415392
1.2428e-09	-0.00415821
1.24284e-09	-0.0041625
1.24288e-09	-0.00416679
1.24292e-09	-0.00417108
1.24296e-09	-0.00417537
1.24301e-09	-0.00417965
1.24305e-09	-0.00418394
1.24309e-09	-0.00418823
1.24313e-09	-0.00419251
1.24317e-09	-0.0041968
1.24321e-09	-0.00420108
1.24326e-09	-0.00420536
1.2433e-09	-0.00420964
1.24334e-09	-0.00421393
1.24338e-09	-0.00421821
1.24342e-09	-0.00422249
1.24346e-09	-0.00422676
1.2435e-09	-0.00423104
1.24355e-09	-0.00423532
1.24359e-09	-0.0042396
1.24363e-09	-0.00424387
1.24367e-09	-0.00424815
1.24371e-09	-0.00425242
1.24375e-09	-0.00425669
1.2438e-09	-0.00426097
1.24384e-09	-0.00426524
1.24388e-09	-0.00426951
1.24392e-09	-0.00427378
1.24396e-09	-0.00427805
1.244e-09	-0.00428231
1.24404e-09	-0.00428658
1.24409e-09	-0.00429085
1.24413e-09	-0.00429511
1.24417e-09	-0.00429938
1.24421e-09	-0.00430364
1.24425e-09	-0.00430791
1.24429e-09	-0.00431217
1.24434e-09	-0.00431643
1.24438e-09	-0.00432069
1.24442e-09	-0.00432495
1.24446e-09	-0.00432921
1.2445e-09	-0.00433347
1.24454e-09	-0.00433773
1.24458e-09	-0.00434198
1.24463e-09	-0.00434624
1.24467e-09	-0.00435049
1.24471e-09	-0.00435475
1.24475e-09	-0.004359
1.24479e-09	-0.00436325
1.24483e-09	-0.0043675
1.24487e-09	-0.00437175
1.24492e-09	-0.004376
1.24496e-09	-0.00438025
1.245e-09	-0.0043845
1.24504e-09	-0.00438875
1.24508e-09	-0.00439299
1.24512e-09	-0.00439724
1.24517e-09	-0.00440148
1.24521e-09	-0.00440572
1.24525e-09	-0.00440997
1.24529e-09	-0.00441421
1.24533e-09	-0.00441845
1.24537e-09	-0.00442269
1.24541e-09	-0.00442693
1.24546e-09	-0.00443117
1.2455e-09	-0.0044354
1.24554e-09	-0.00443964
1.24558e-09	-0.00444388
1.24562e-09	-0.00444811
1.24566e-09	-0.00445234
1.24571e-09	-0.00445658
1.24575e-09	-0.00446081
1.24579e-09	-0.00446504
1.24583e-09	-0.00446927
