0	0
5.64259e-13	0.000122147
1.12852e-12	0.000122617
1.69278e-12	0.000123079
2.25704e-12	0.000123533
2.82129e-12	0.00012398
3.38555e-12	0.000124418
3.94981e-12	0.000124849
4.51407e-12	0.000125271
5.07833e-12	0.000125685
5.64259e-12	0.000126091
6.20685e-12	0.000126488
6.77111e-12	0.000126878
7.33537e-12	0.000127258
7.89963e-12	0.00012763
8.46388e-12	0.000127994
9.02814e-12	0.000128348
9.5924e-12	0.000128694
1.01567e-11	0.000129032
1.07209e-11	0.00012936
1.12852e-11	0.000129679
1.18494e-11	0.000129989
1.24137e-11	0.00013029
1.2978e-11	0.000130582
1.35422e-11	0.000130864
1.41065e-11	0.000131137
1.46707e-11	0.000131401
1.5235e-11	0.000131655
1.57993e-11	0.0001319
1.63635e-11	0.000132135
1.69278e-11	0.000132361
1.7492e-11	0.000132576
1.80563e-11	0.000132782
1.86205e-11	0.000132978
1.91848e-11	0.000133164
1.97491e-11	0.00013334
2.03133e-11	0.000133506
2.08776e-11	0.000133662
2.14418e-11	0.000133807
2.20061e-11	0.000133943
2.25704e-11	0.000134068
2.31346e-11	0.000134182
2.36989e-11	0.000134287
2.42631e-11	0.00013438
2.48274e-11	0.000134463
2.53917e-11	0.000134536
2.59559e-11	0.000134598
2.65202e-11	0.000134649
2.70844e-11	0.000134689
2.76487e-11	0.000134718
2.82129e-11	0.000134737
2.87772e-11	0.000134744
2.93415e-11	0.000134741
2.99057e-11	0.000134726
3.047e-11	0.000134701
3.10342e-11	0.000134664
3.15985e-11	0.000134616
3.21628e-11	0.000134556
3.2727e-11	0.000134485
3.32913e-11	0.000134403
3.38555e-11	0.00013431
3.44198e-11	0.000134205
3.49841e-11	0.000134088
3.55483e-11	0.00013396
3.61126e-11	0.00013382
3.66768e-11	0.000133669
3.72411e-11	0.000133506
3.78054e-11	0.000133331
3.83696e-11	0.000133144
3.89339e-11	0.000132946
3.94981e-11	0.000132735
4.00624e-11	0.000132513
4.06266e-11	0.000132279
4.11909e-11	0.000132032
4.17552e-11	0.000131774
4.23194e-11	0.000131503
4.28837e-11	0.000131221
4.34479e-11	0.000130926
4.40122e-11	0.000130619
4.45765e-11	0.0001303
4.51407e-11	0.000129969
4.5705e-11	0.000129625
4.62692e-11	0.000129269
4.68335e-11	0.000128901
4.73978e-11	0.00012852
4.7962e-11	0.000128127
4.85263e-11	0.000127721
4.90905e-11	0.000127303
4.96548e-11	0.000126873
5.02191e-11	0.000126429
5.07833e-11	0.000125974
5.13476e-11	0.000125506
5.19118e-11	0.000125025
5.24761e-11	0.000124532
5.30403e-11	0.000124025
5.36046e-11	0.000123507
5.41689e-11	0.000122975
5.47331e-11	0.000122431
5.52974e-11	0.000121875
5.58616e-11	0.000121305
5.64259e-11	0.000120723
5.69902e-11	0.000120128
5.75544e-11	0.00011952
5.81187e-11	0.0001189
5.86829e-11	0.000118266
5.92472e-11	0.00011762
5.98115e-11	0.000116961
6.03757e-11	0.00011629
6.094e-11	0.000115605
6.15042e-11	0.000114908
6.20685e-11	0.000114198
6.26327e-11	0.000113474
6.3197e-11	0.000112739
6.37613e-11	0.00011199
6.43255e-11	0.000111228
6.48898e-11	0.000110454
6.5454e-11	0.000109666
6.60183e-11	0.000108866
6.65826e-11	0.000108053
6.71468e-11	0.000107228
6.77111e-11	0.000106389
6.82753e-11	0.000105537
6.88396e-11	0.000104673
6.94039e-11	0.000103796
6.99681e-11	0.000102906
7.05324e-11	0.000102004
7.10966e-11	0.000101088
7.16609e-11	0.00010016
7.22252e-11	9.9219e-05
7.27894e-11	9.82654e-05
7.33537e-11	9.7299e-05
7.39179e-11	9.63199e-05
7.44822e-11	9.53282e-05
7.50464e-11	9.43238e-05
7.56107e-11	9.33068e-05
7.6175e-11	9.22771e-05
7.67392e-11	9.12349e-05
7.73035e-11	9.01801e-05
7.78677e-11	8.91128e-05
7.8432e-11	8.8033e-05
7.89963e-11	8.69407e-05
7.95605e-11	8.58359e-05
8.01248e-11	8.47187e-05
8.0689e-11	8.35891e-05
8.12533e-11	8.24472e-05
8.18176e-11	8.12929e-05
8.23818e-11	8.01264e-05
8.29461e-11	7.89476e-05
8.35103e-11	7.77566e-05
8.40746e-11	7.65534e-05
8.46388e-11	7.53381e-05
8.52031e-11	7.41107e-05
8.57674e-11	7.28713e-05
8.63316e-11	7.16198e-05
8.68959e-11	7.03564e-05
8.74601e-11	6.90811e-05
8.80244e-11	6.77939e-05
8.85887e-11	6.64949e-05
8.91529e-11	6.51841e-05
8.97172e-11	6.38616e-05
9.02814e-11	6.25274e-05
9.08457e-11	6.11817e-05
9.141e-11	5.98243e-05
9.19742e-11	5.84555e-05
9.25385e-11	5.70752e-05
9.31027e-11	5.56836e-05
9.3667e-11	5.42806e-05
9.42313e-11	5.28663e-05
9.47955e-11	5.14409e-05
9.53598e-11	5.00043e-05
9.5924e-11	4.85566e-05
9.64883e-11	4.70979e-05
9.70525e-11	4.56283e-05
9.76168e-11	4.41478e-05
9.81811e-11	4.26565e-05
9.87453e-11	4.11545e-05
9.93096e-11	3.96418e-05
9.98738e-11	3.81185e-05
1.00438e-10	3.65847e-05
1.01002e-10	3.50405e-05
1.01567e-10	3.34859e-05
1.02131e-10	3.1921e-05
1.02695e-10	3.0346e-05
1.03259e-10	2.87607e-05
1.03824e-10	2.71655e-05
1.04388e-10	2.55603e-05
1.04952e-10	2.39452e-05
1.05516e-10	2.23203e-05
1.06081e-10	2.06858e-05
1.06645e-10	1.90416e-05
1.07209e-10	1.73879e-05
1.07773e-10	1.57247e-05
1.08338e-10	1.40522e-05
1.08902e-10	1.23705e-05
1.09466e-10	1.06796e-05
1.10031e-10	8.97961e-06
1.10595e-10	7.27068e-06
1.11159e-10	5.55288e-06
1.11723e-10	3.82631e-06
1.12288e-10	2.09108e-06
1.12852e-10	3.47277e-07
1.13416e-10	-1.40499e-06
1.1398e-10	-3.16562e-06
1.14545e-10	-4.93451e-06
1.15109e-10	-6.71155e-06
1.15673e-10	-8.49663e-06
1.16237e-10	-1.02896e-05
1.16802e-10	-1.20905e-05
1.17366e-10	-1.3899e-05
1.1793e-10	-1.57152e-05
1.18494e-10	-1.75389e-05
1.19059e-10	-1.93699e-05
1.19623e-10	-2.12082e-05
1.20187e-10	-2.30536e-05
1.20751e-10	-2.49061e-05
1.21316e-10	-2.67654e-05
1.2188e-10	-2.86316e-05
1.22444e-10	-3.05044e-05
1.23008e-10	-3.23838e-05
1.23573e-10	-3.42696e-05
1.24137e-10	-3.61617e-05
1.24701e-10	-3.80599e-05
1.25265e-10	-3.99642e-05
1.2583e-10	-4.18744e-05
1.26394e-10	-4.37905e-05
1.26958e-10	-4.57121e-05
1.27523e-10	-4.76393e-05
1.28087e-10	-4.95719e-05
1.28651e-10	-5.15097e-05
1.29215e-10	-5.34527e-05
1.2978e-10	-5.54007e-05
1.30344e-10	-5.73535e-05
1.30908e-10	-5.9311e-05
1.31472e-10	-6.12732e-05
1.32037e-10	-6.32397e-05
1.32601e-10	-6.52106e-05
1.33165e-10	-6.71856e-05
1.33729e-10	-6.91646e-05
1.34294e-10	-7.11475e-05
1.34858e-10	-7.31341e-05
1.35422e-10	-7.51243e-05
1.35986e-10	-7.7118e-05
1.36551e-10	-7.91149e-05
1.37115e-10	-8.11149e-05
1.37679e-10	-8.3118e-05
1.38243e-10	-8.51239e-05
1.38808e-10	-8.71324e-05
1.39372e-10	-8.91435e-05
1.39936e-10	-9.1157e-05
1.405e-10	-9.31727e-05
1.41065e-10	-9.51905e-05
1.41629e-10	-9.72102e-05
1.42193e-10	-9.92316e-05
1.42758e-10	-0.000101255
1.43322e-10	-0.000103279
1.43886e-10	-0.000105305
1.4445e-10	-0.000107332
1.45015e-10	-0.00010936
1.45579e-10	-0.000111388
1.46143e-10	-0.000113418
1.46707e-10	-0.000115447
1.47272e-10	-0.000117477
1.47836e-10	-0.000119507
1.484e-10	-0.000121538
1.48964e-10	-0.000123568
1.49529e-10	-0.000125597
1.50093e-10	-0.000127626
1.50657e-10	-0.000129655
1.51221e-10	-0.000131682
1.51786e-10	-0.000133709
1.5235e-10	-0.000135734
1.52914e-10	-0.000137758
1.53478e-10	-0.00013978
1.54043e-10	-0.0001418
1.54607e-10	-0.000143819
1.55171e-10	-0.000145836
1.55735e-10	-0.00014785
1.563e-10	-0.000149862
1.56864e-10	-0.000151871
1.57428e-10	-0.000153877
1.57993e-10	-0.000155881
1.58557e-10	-0.000157881
1.59121e-10	-0.000159878
1.59685e-10	-0.000161872
1.6025e-10	-0.000163861
1.60814e-10	-0.000165847
1.61378e-10	-0.000167829
1.61942e-10	-0.000169807
1.62507e-10	-0.00017178
1.63071e-10	-0.000173749
1.63635e-10	-0.000175713
1.64199e-10	-0.000177672
1.64764e-10	-0.000179625
1.65328e-10	-0.000181574
1.65892e-10	-0.000183516
1.66456e-10	-0.000185454
1.67021e-10	-0.000187385
1.67585e-10	-0.00018931
1.68149e-10	-0.000191229
1.68713e-10	-0.000193141
1.69278e-10	-0.000195047
1.69842e-10	-0.000196946
1.70406e-10	-0.000198838
1.7097e-10	-0.000200723
1.71535e-10	-0.0002026
1.72099e-10	-0.00020447
1.72663e-10	-0.000206332
1.73228e-10	-0.000208186
1.73792e-10	-0.000210032
1.74356e-10	-0.000211869
1.7492e-10	-0.000213698
1.75485e-10	-0.000215518
1.76049e-10	-0.000217329
1.76613e-10	-0.000219132
1.77177e-10	-0.000220924
1.77742e-10	-0.000222708
1.78306e-10	-0.000224481
1.7887e-10	-0.000226245
1.79434e-10	-0.000227999
1.79999e-10	-0.000229742
1.80563e-10	-0.000231475
1.81127e-10	-0.000233198
1.81691e-10	-0.000234909
1.82256e-10	-0.00023661
1.8282e-10	-0.000238299
1.83384e-10	-0.000239977
1.83948e-10	-0.000241643
1.84513e-10	-0.000243297
1.85077e-10	-0.00024494
1.85641e-10	-0.00024657
1.86205e-10	-0.000248188
1.8677e-10	-0.000249793
1.87334e-10	-0.000251385
1.87898e-10	-0.000252965
1.88463e-10	-0.000254531
1.89027e-10	-0.000256085
1.89591e-10	-0.000257624
1.90155e-10	-0.00025915
1.9072e-10	-0.000260662
1.91284e-10	-0.00026216
1.91848e-10	-0.000263643
1.92412e-10	-0.000265112
1.92977e-10	-0.000266567
1.93541e-10	-0.000268006
1.94105e-10	-0.000269431
1.94669e-10	-0.00027084
1.95234e-10	-0.000272234
1.95798e-10	-0.000273613
1.96362e-10	-0.000274975
1.96926e-10	-0.000276322
1.97491e-10	-0.000277652
1.98055e-10	-0.000278966
1.98619e-10	-0.000280264
1.99183e-10	-0.000281544
1.99748e-10	-0.000282808
2.00312e-10	-0.000284055
2.00876e-10	-0.000285285
2.0144e-10	-0.000286497
2.02005e-10	-0.000287691
2.02569e-10	-0.000288868
2.03133e-10	-0.000290027
2.03697e-10	-0.000291167
2.04262e-10	-0.000292289
2.04826e-10	-0.000293393
2.0539e-10	-0.000294478
2.05955e-10	-0.000295544
2.06519e-10	-0.000296591
2.07083e-10	-0.000297619
2.07647e-10	-0.000298627
2.08212e-10	-0.000299616
2.08776e-10	-0.000300585
2.0934e-10	-0.000301534
2.09904e-10	-0.000302463
2.10469e-10	-0.000303371
2.11033e-10	-0.000304259
2.11597e-10	-0.000305127
2.12161e-10	-0.000305974
2.12726e-10	-0.0003068
2.1329e-10	-0.000307604
2.13854e-10	-0.000308388
2.14418e-10	-0.00030915
2.14983e-10	-0.00030989
2.15547e-10	-0.000310609
2.16111e-10	-0.000311306
2.16675e-10	-0.000311981
2.1724e-10	-0.000312633
2.17804e-10	-0.000313263
2.18368e-10	-0.00031387
2.18932e-10	-0.000314455
2.19497e-10	-0.000315017
2.20061e-10	-0.000315556
2.20625e-10	-0.000316071
2.2119e-10	-0.000316564
2.21754e-10	-0.000317032
2.22318e-10	-0.000317478
2.22882e-10	-0.000317899
2.23447e-10	-0.000318296
2.24011e-10	-0.00031867
2.24575e-10	-0.000319019
2.25139e-10	-0.000319344
2.25704e-10	-0.000319644
2.26268e-10	-0.00031992
2.26832e-10	-0.000320171
2.27396e-10	-0.000320397
2.27961e-10	-0.000320598
2.28525e-10	-0.000320774
2.29089e-10	-0.000320924
2.29653e-10	-0.00032105
2.30218e-10	-0.000321149
2.30782e-10	-0.000321223
2.31346e-10	-0.000321271
2.3191e-10	-0.000321293
2.32475e-10	-0.000321289
2.33039e-10	-0.000321259
2.33603e-10	-0.000321202
2.34167e-10	-0.000321119
2.34732e-10	-0.00032101
2.35296e-10	-0.000320874
2.3586e-10	-0.000320711
2.36425e-10	-0.000320521
2.36989e-10	-0.000320304
2.37553e-10	-0.00032006
2.38117e-10	-0.000319789
2.38682e-10	-0.000319491
2.39246e-10	-0.000319165
2.3981e-10	-0.000318811
2.40374e-10	-0.00031843
2.40939e-10	-0.000318022
2.41503e-10	-0.000317585
2.42067e-10	-0.000317121
2.42631e-10	-0.000316628
2.43196e-10	-0.000316108
2.4376e-10	-0.000315559
2.44324e-10	-0.000314982
2.44888e-10	-0.000314377
2.45453e-10	-0.000313743
2.46017e-10	-0.000313081
2.46581e-10	-0.00031239
2.47145e-10	-0.000311671
2.4771e-10	-0.000310923
2.48274e-10	-0.000310145
2.48838e-10	-0.00030934
2.49402e-10	-0.000308505
2.49967e-10	-0.000307641
2.50531e-10	-0.000306748
2.51095e-10	-0.000305826
2.5166e-10	-0.000304874
2.52224e-10	-0.000303894
2.52788e-10	-0.000302884
2.53352e-10	-0.000301845
2.53917e-10	-0.000300776
2.54481e-10	-0.000299678
2.55045e-10	-0.00029855
2.55609e-10	-0.000297393
2.56174e-10	-0.000296206
2.56738e-10	-0.00029499
2.57302e-10	-0.000293744
2.57866e-10	-0.000292468
2.58431e-10	-0.000291162
2.58995e-10	-0.000289827
2.59559e-10	-0.000288462
2.60123e-10	-0.000287067
2.60688e-10	-0.000285642
2.61252e-10	-0.000284187
2.61816e-10	-0.000282702
2.6238e-10	-0.000281188
2.62945e-10	-0.000279643
2.63509e-10	-0.000278069
2.64073e-10	-0.000276464
2.64637e-10	-0.00027483
2.65202e-10	-0.000273165
2.65766e-10	-0.000271471
2.6633e-10	-0.000269747
2.66895e-10	-0.000267993
2.67459e-10	-0.000266208
2.68023e-10	-0.000264394
2.68587e-10	-0.00026255
2.69152e-10	-0.000260676
2.69716e-10	-0.000258772
2.7028e-10	-0.000256838
2.70844e-10	-0.000254874
2.71409e-10	-0.000252881
2.71973e-10	-0.000250857
2.72537e-10	-0.000248804
2.73101e-10	-0.000246721
2.73666e-10	-0.000244608
2.7423e-10	-0.000242466
2.74794e-10	-0.000240294
2.75358e-10	-0.000238092
2.75923e-10	-0.00023586
2.76487e-10	-0.0002336
2.77051e-10	-0.000231309
2.77615e-10	-0.000228989
2.7818e-10	-0.00022664
2.78744e-10	-0.000224262
2.79308e-10	-0.000221854
2.79872e-10	-0.000219417
2.80437e-10	-0.000216951
2.81001e-10	-0.000214456
2.81565e-10	-0.000211931
2.82129e-10	-0.000209378
2.82694e-10	-0.000206796
2.83258e-10	-0.000204186
2.83822e-10	-0.000201546
2.84387e-10	-0.000198878
2.84951e-10	-0.000196182
2.85515e-10	-0.000193457
2.86079e-10	-0.000190703
2.86644e-10	-0.000187922
2.87208e-10	-0.000185112
2.87772e-10	-0.000182274
2.88336e-10	-0.000179408
2.88901e-10	-0.000176515
2.89465e-10	-0.000173594
2.90029e-10	-0.000170645
2.90593e-10	-0.000167668
2.91158e-10	-0.000164664
2.91722e-10	-0.000161633
2.92286e-10	-0.000158575
2.9285e-10	-0.00015549
2.93415e-10	-0.000152378
2.93979e-10	-0.000149239
2.94543e-10	-0.000146073
2.95107e-10	-0.000142881
2.95672e-10	-0.000139663
2.96236e-10	-0.000136419
2.968e-10	-0.000133148
2.97364e-10	-0.000129851
2.97929e-10	-0.000126529
2.98493e-10	-0.000123181
2.99057e-10	-0.000119808
2.99622e-10	-0.000116409
3.00186e-10	-0.000112985
3.0075e-10	-0.000109537
3.01314e-10	-0.000106063
3.01879e-10	-0.000102565
3.02443e-10	-9.90425e-05
3.03007e-10	-9.54956e-05
3.03571e-10	-9.19246e-05
3.04136e-10	-8.83297e-05
3.047e-10	-8.47111e-05
3.05264e-10	-8.10689e-05
3.05828e-10	-7.74034e-05
3.06393e-10	-7.37147e-05
3.06957e-10	-7.00031e-05
3.07521e-10	-6.62686e-05
3.08085e-10	-6.25116e-05
3.0865e-10	-5.87323e-05
3.09214e-10	-5.49308e-05
3.09778e-10	-5.11073e-05
3.10342e-10	-4.72621e-05
3.10907e-10	-4.33954e-05
3.11471e-10	-3.95074e-05
3.12035e-10	-3.55983e-05
3.12599e-10	-3.16684e-05
3.13164e-10	-2.77178e-05
3.13728e-10	-2.37468e-05
3.14292e-10	-1.97557e-05
3.14857e-10	-1.57446e-05
3.15421e-10	-1.17138e-05
3.15985e-10	-7.66361e-06
3.16549e-10	-3.59416e-06
3.17114e-10	4.94261e-07
3.17678e-10	4.60141e-06
3.18242e-10	8.72702e-06
3.18806e-10	1.28709e-05
3.19371e-10	1.70327e-05
3.19935e-10	2.12122e-05
3.20499e-10	2.54091e-05
3.21063e-10	2.96233e-05
3.21628e-10	3.38543e-05
3.22192e-10	3.8102e-05
3.22756e-10	4.23661e-05
3.2332e-10	4.66462e-05
3.23885e-10	5.09422e-05
3.24449e-10	5.52537e-05
3.25013e-10	5.95805e-05
3.25577e-10	6.39223e-05
3.26142e-10	6.82788e-05
3.26706e-10	7.26496e-05
3.2727e-10	7.70346e-05
3.27834e-10	8.14334e-05
3.28399e-10	8.58457e-05
3.28963e-10	9.02713e-05
3.29527e-10	9.47097e-05
3.30092e-10	9.91608e-05
3.30656e-10	0.000103624
3.3122e-10	0.0001081
3.31784e-10	0.000112587
3.32349e-10	0.000117085
3.32913e-10	0.000121594
3.33477e-10	0.000126115
3.34041e-10	0.000130645
3.34606e-10	0.000135186
3.3517e-10	0.000139737
3.35734e-10	0.000144297
3.36298e-10	0.000148866
3.36863e-10	0.000153443
3.37427e-10	0.00015803
3.37991e-10	0.000162624
3.38555e-10	0.000167226
3.3912e-10	0.000171836
3.39684e-10	0.000176453
3.40248e-10	0.000181076
3.40812e-10	0.000185706
3.41377e-10	0.000190342
3.41941e-10	0.000194983
3.42505e-10	0.00019963
3.43069e-10	0.000204282
3.43634e-10	0.000208939
3.44198e-10	0.000213599
3.44762e-10	0.000218264
3.45327e-10	0.000222932
3.45891e-10	0.000227604
3.46455e-10	0.000232278
3.47019e-10	0.000236954
3.47584e-10	0.000241633
3.48148e-10	0.000246313
3.48712e-10	0.000250995
3.49276e-10	0.000255678
3.49841e-10	0.000260361
3.50405e-10	0.000265045
3.50969e-10	0.000269728
3.51533e-10	0.00027441
3.52098e-10	0.000279092
3.52662e-10	0.000283772
3.53226e-10	0.000288451
3.5379e-10	0.000293127
3.54355e-10	0.000297801
3.54919e-10	0.000302472
3.55483e-10	0.00030714
3.56047e-10	0.000311804
3.56612e-10	0.000316464
3.57176e-10	0.000321119
3.5774e-10	0.00032577
3.58304e-10	0.000330415
3.58869e-10	0.000335054
3.59433e-10	0.000339688
3.59997e-10	0.000344314
3.60561e-10	0.000348934
3.61126e-10	0.000353547
3.6169e-10	0.000358152
3.62254e-10	0.000362748
3.62819e-10	0.000367336
3.63383e-10	0.000371915
3.63947e-10	0.000376485
3.64511e-10	0.000381045
3.65076e-10	0.000385594
3.6564e-10	0.000390133
3.66204e-10	0.000394661
3.66768e-10	0.000399178
3.67333e-10	0.000403682
3.67897e-10	0.000408174
3.68461e-10	0.000412654
3.69025e-10	0.00041712
3.6959e-10	0.000421573
3.70154e-10	0.000426011
3.70718e-10	0.000430435
3.71282e-10	0.000434845
3.71847e-10	0.000439239
3.72411e-10	0.000443617
3.72975e-10	0.000447979
3.73539e-10	0.000452324
3.74104e-10	0.000456653
3.74668e-10	0.000460964
3.75232e-10	0.000465257
3.75796e-10	0.000469532
3.76361e-10	0.000473788
3.76925e-10	0.000478025
3.77489e-10	0.000482242
3.78054e-10	0.000486439
3.78618e-10	0.000490616
3.79182e-10	0.000494772
3.79746e-10	0.000498907
3.80311e-10	0.000503019
3.80875e-10	0.00050711
3.81439e-10	0.000511178
3.82003e-10	0.000515223
3.82568e-10	0.000519244
3.83132e-10	0.000523241
3.83696e-10	0.000527214
3.8426e-10	0.000531163
3.84825e-10	0.000535086
3.85389e-10	0.000538983
3.85953e-10	0.000542854
3.86517e-10	0.000546699
3.87082e-10	0.000550516
3.87646e-10	0.000554307
3.8821e-10	0.000558069
3.88774e-10	0.000561803
3.89339e-10	0.000565509
3.89903e-10	0.000569185
3.90467e-10	0.000572832
3.91031e-10	0.000576449
3.91596e-10	0.000580035
3.9216e-10	0.00058359
3.92724e-10	0.000587114
3.93289e-10	0.000590607
3.93853e-10	0.000594067
3.94417e-10	0.000597495
3.94981e-10	0.00060089
3.95546e-10	0.000604251
3.9611e-10	0.000607579
3.96674e-10	0.000610872
3.97238e-10	0.000614131
3.97803e-10	0.000617354
3.98367e-10	0.000620542
3.98931e-10	0.000623694
3.99495e-10	0.00062681
4.0006e-10	0.000629889
4.00624e-10	0.00063293
4.01188e-10	0.000635934
4.01752e-10	0.0006389
4.02317e-10	0.000641828
4.02881e-10	0.000644717
4.03445e-10	0.000647566
4.04009e-10	0.000650376
4.04574e-10	0.000653146
4.05138e-10	0.000655876
4.05702e-10	0.000658564
4.06266e-10	0.000661211
4.06831e-10	0.000663817
4.07395e-10	0.00066638
4.07959e-10	0.000668901
4.08524e-10	0.000671379
4.09088e-10	0.000673814
4.09652e-10	0.000676205
4.10216e-10	0.000678552
4.10781e-10	0.000680855
4.11345e-10	0.000683113
4.11909e-10	0.000685326
4.12473e-10	0.000687493
4.13038e-10	0.000689614
4.13602e-10	0.000691689
4.14166e-10	0.000693717
4.1473e-10	0.000695698
4.15295e-10	0.000697632
4.15859e-10	0.000699518
4.16423e-10	0.000701355
4.16987e-10	0.000703144
4.17552e-10	0.000704884
4.18116e-10	0.000706575
4.1868e-10	0.000708216
4.19244e-10	0.000709808
4.19809e-10	0.000711348
4.20373e-10	0.000712839
4.20937e-10	0.000714278
4.21501e-10	0.000715666
4.22066e-10	0.000717002
4.2263e-10	0.000718286
4.23194e-10	0.000719517
4.23759e-10	0.000720696
4.24323e-10	0.000721822
4.24887e-10	0.000722894
4.25451e-10	0.000723913
4.26016e-10	0.000724877
4.2658e-10	0.000725788
4.27144e-10	0.000726643
4.27708e-10	0.000727444
4.28273e-10	0.000728189
4.28837e-10	0.000728879
4.29401e-10	0.000729513
4.29965e-10	0.000730091
4.3053e-10	0.000730612
4.31094e-10	0.000731076
4.31658e-10	0.000731483
4.32222e-10	0.000731833
4.32787e-10	0.000732126
4.33351e-10	0.00073236
4.33915e-10	0.000732536
4.34479e-10	0.000732654
4.35044e-10	0.000732713
4.35608e-10	0.000732713
4.36172e-10	0.000732654
4.36736e-10	0.000732535
4.37301e-10	0.000732356
4.37865e-10	0.000732117
4.38429e-10	0.000731818
4.38993e-10	0.000731459
4.39558e-10	0.000731039
4.40122e-10	0.000730558
4.40686e-10	0.000730015
4.41251e-10	0.000729411
4.41815e-10	0.000728746
4.42379e-10	0.000728019
4.42943e-10	0.000727229
4.43508e-10	0.000726377
4.44072e-10	0.000725463
4.44636e-10	0.000724486
4.452e-10	0.000723446
4.45765e-10	0.000722343
4.46329e-10	0.000721176
4.46893e-10	0.000719947
4.47457e-10	0.000718653
4.48022e-10	0.000717296
4.48586e-10	0.000715874
4.4915e-10	0.000714389
4.49714e-10	0.000712839
4.50279e-10	0.000711225
4.50843e-10	0.000709546
4.51407e-10	0.000707802
4.51971e-10	0.000705993
4.52536e-10	0.000704119
4.531e-10	0.00070218
4.53664e-10	0.000700176
4.54228e-10	0.000698106
4.54793e-10	0.00069597
4.55357e-10	0.000693769
4.55921e-10	0.000691502
4.56486e-10	0.00068917
4.5705e-10	0.000686771
4.57614e-10	0.000684306
4.58178e-10	0.000681774
4.58743e-10	0.000679177
4.59307e-10	0.000676513
4.59871e-10	0.000673783
4.60435e-10	0.000670986
4.61e-10	0.000668123
4.61564e-10	0.000665193
4.62128e-10	0.000662196
4.62692e-10	0.000659133
4.63257e-10	0.000656002
4.63821e-10	0.000652805
4.64385e-10	0.000649542
4.64949e-10	0.000646211
4.65514e-10	0.000642813
4.66078e-10	0.000639348
4.66642e-10	0.000635817
4.67206e-10	0.000632218
4.67771e-10	0.000628553
4.68335e-10	0.000624821
4.68899e-10	0.000621021
4.69463e-10	0.000617155
4.70028e-10	0.000613222
4.70592e-10	0.000609222
4.71156e-10	0.000605156
4.71721e-10	0.000601022
4.72285e-10	0.000596822
4.72849e-10	0.000592555
4.73413e-10	0.000588221
4.73978e-10	0.000583821
4.74542e-10	0.000579354
4.75106e-10	0.000574821
4.7567e-10	0.000570221
4.76235e-10	0.000565556
4.76799e-10	0.000560824
4.77363e-10	0.000556026
4.77927e-10	0.000551161
4.78492e-10	0.000546231
4.79056e-10	0.000541236
4.7962e-10	0.000536174
4.80184e-10	0.000531047
4.80749e-10	0.000525855
4.81313e-10	0.000520597
4.81877e-10	0.000515275
4.82441e-10	0.000509887
4.83006e-10	0.000504434
4.8357e-10	0.000498917
4.84134e-10	0.000493335
4.84698e-10	0.000487689
4.85263e-10	0.000481979
4.85827e-10	0.000476205
4.86391e-10	0.000470367
4.86956e-10	0.000464466
4.8752e-10	0.000458501
4.88084e-10	0.000452473
4.88648e-10	0.000446382
4.89213e-10	0.000440229
4.89777e-10	0.000434012
4.90341e-10	0.000427734
4.90905e-10	0.000421394
4.9147e-10	0.000414991
4.92034e-10	0.000408528
4.92598e-10	0.000402003
4.93162e-10	0.000395417
4.93727e-10	0.00038877
4.94291e-10	0.000382063
4.94855e-10	0.000375295
4.95419e-10	0.000368468
4.95984e-10	0.000361581
4.96548e-10	0.000354635
4.97112e-10	0.00034763
4.97676e-10	0.000340566
4.98241e-10	0.000333444
4.98805e-10	0.000326264
4.99369e-10	0.000319026
4.99933e-10	0.000311731
5.00498e-10	0.000304379
5.01062e-10	0.00029697
5.01626e-10	0.000289504
5.02191e-10	0.000281983
5.02755e-10	0.000274406
5.03319e-10	0.000266774
5.03883e-10	0.000259088
5.04448e-10	0.000251346
5.05012e-10	0.000243551
5.05576e-10	0.000235702
5.0614e-10	0.0002278
5.06705e-10	0.000219845
5.07269e-10	0.000211838
5.07833e-10	0.000203778
5.08397e-10	0.000195667
5.08962e-10	0.000187505
5.09526e-10	0.000179293
5.1009e-10	0.00017103
5.10654e-10	0.000162717
5.11219e-10	0.000154355
5.11783e-10	0.000145944
5.12347e-10	0.000137485
5.12911e-10	0.000128977
5.13476e-10	0.000120423
5.1404e-10	0.000111821
5.14604e-10	0.000103173
5.15168e-10	9.44792e-05
5.15733e-10	8.57399e-05
5.16297e-10	7.69556e-05
5.16861e-10	6.8127e-05
5.17425e-10	5.92545e-05
5.1799e-10	5.03386e-05
5.18554e-10	4.138e-05
5.19118e-10	3.23791e-05
5.19683e-10	2.33365e-05
5.20247e-10	1.42527e-05
5.20811e-10	5.12837e-06
5.21375e-10	-4.036e-06
5.2194e-10	-1.32398e-05
5.22504e-10	-2.24825e-05
5.23068e-10	-3.17635e-05
5.23632e-10	-4.10822e-05
5.24197e-10	-5.0438e-05
5.24761e-10	-5.98303e-05
5.25325e-10	-6.92586e-05
5.25889e-10	-7.87221e-05
5.26454e-10	-8.82203e-05
5.27018e-10	-9.77525e-05
5.27582e-10	-0.000107318
5.28146e-10	-0.000116917
5.28711e-10	-0.000126547
5.29275e-10	-0.000136209
5.29839e-10	-0.000145902
5.30403e-10	-0.000155626
5.30968e-10	-0.000165378
5.31532e-10	-0.00017516
5.32096e-10	-0.00018497
5.3266e-10	-0.000194807
5.33225e-10	-0.000204671
5.33789e-10	-0.000214562
5.34353e-10	-0.000224478
5.34918e-10	-0.000234418
5.35482e-10	-0.000244383
5.36046e-10	-0.000254371
5.3661e-10	-0.000264382
5.37175e-10	-0.000274415
5.37739e-10	-0.000284469
5.38303e-10	-0.000294544
5.38867e-10	-0.000304638
5.39432e-10	-0.000314751
5.39996e-10	-0.000324883
5.4056e-10	-0.000335032
5.41124e-10	-0.000345198
5.41689e-10	-0.00035538
5.42253e-10	-0.000365577
5.42817e-10	-0.000375789
5.43381e-10	-0.000386015
5.43946e-10	-0.000396254
5.4451e-10	-0.000406505
5.45074e-10	-0.000416767
5.45638e-10	-0.00042704
5.46203e-10	-0.000437323
5.46767e-10	-0.000447615
5.47331e-10	-0.000457915
5.47895e-10	-0.000468223
5.4846e-10	-0.000478537
5.49024e-10	-0.000488858
5.49588e-10	-0.000499183
5.50153e-10	-0.000509512
5.50717e-10	-0.000519845
5.51281e-10	-0.000530181
5.51845e-10	-0.000540518
5.5241e-10	-0.000550857
5.52974e-10	-0.000561195
5.53538e-10	-0.000571533
5.54102e-10	-0.000581869
5.54667e-10	-0.000592202
5.55231e-10	-0.000602533
5.55795e-10	-0.000612859
5.56359e-10	-0.00062318
5.56924e-10	-0.000633496
5.57488e-10	-0.000643804
5.58052e-10	-0.000654106
5.58616e-10	-0.000664398
5.59181e-10	-0.000674682
5.59745e-10	-0.000684955
5.60309e-10	-0.000695217
5.60873e-10	-0.000705467
5.61438e-10	-0.000715704
5.62002e-10	-0.000725928
5.62566e-10	-0.000736137
5.6313e-10	-0.000746331
5.63695e-10	-0.000756508
5.64259e-10	-0.000766668
5.64823e-10	-0.000776809
5.65388e-10	-0.000786932
5.65952e-10	-0.000797035
5.66516e-10	-0.000807117
5.6708e-10	-0.000817176
5.67645e-10	-0.000827214
5.68209e-10	-0.000837227
5.68773e-10	-0.000847217
5.69337e-10	-0.00085718
5.69902e-10	-0.000867118
5.70466e-10	-0.000877028
5.7103e-10	-0.000886909
5.71594e-10	-0.000896762
5.72159e-10	-0.000906585
5.72723e-10	-0.000916377
5.73287e-10	-0.000926136
5.73851e-10	-0.000935863
5.74416e-10	-0.000945557
5.7498e-10	-0.000955215
5.75544e-10	-0.000964838
5.76108e-10	-0.000974424
5.76673e-10	-0.000983973
5.77237e-10	-0.000993484
5.77801e-10	-0.00100296
5.78365e-10	-0.00101239
5.7893e-10	-0.00102178
5.79494e-10	-0.00103112
5.80058e-10	-0.00104043
5.80623e-10	-0.00104969
5.81187e-10	-0.0010589
5.81751e-10	-0.00106807
5.82315e-10	-0.0010772
5.8288e-10	-0.00108627
5.83444e-10	-0.0010953
5.84008e-10	-0.00110427
5.84572e-10	-0.0011132
5.85137e-10	-0.00112207
5.85701e-10	-0.0011309
5.86265e-10	-0.00113966
5.86829e-10	-0.00114838
5.87394e-10	-0.00115704
5.87958e-10	-0.00116564
5.88522e-10	-0.00117418
5.89086e-10	-0.00118267
5.89651e-10	-0.0011911
5.90215e-10	-0.00119947
5.90779e-10	-0.00120778
5.91343e-10	-0.00121602
5.91908e-10	-0.0012242
5.92472e-10	-0.00123232
5.93036e-10	-0.00124038
5.936e-10	-0.00124837
5.94165e-10	-0.00125629
5.94729e-10	-0.00126414
5.95293e-10	-0.00127193
5.95857e-10	-0.00127965
5.96422e-10	-0.0012873
5.96986e-10	-0.00129487
5.9755e-10	-0.00130238
5.98115e-10	-0.00130981
5.98679e-10	-0.00131717
5.99243e-10	-0.00132445
5.99807e-10	-0.00133166
6.00372e-10	-0.00133879
6.00936e-10	-0.00134584
6.015e-10	-0.00135281
6.02064e-10	-0.00135971
6.02629e-10	-0.00136653
6.03193e-10	-0.00137326
6.03757e-10	-0.00137991
6.04321e-10	-0.00138648
6.04886e-10	-0.00139297
6.0545e-10	-0.00139937
6.06014e-10	-0.00140569
6.06578e-10	-0.00141192
6.07143e-10	-0.00141806
6.07707e-10	-0.00142411
6.08271e-10	-0.00143008
6.08835e-10	-0.00143596
6.094e-10	-0.00144174
6.09964e-10	-0.00144744
6.10528e-10	-0.00145304
6.11092e-10	-0.00145855
6.11657e-10	-0.00146396
6.12221e-10	-0.00146928
6.12785e-10	-0.0014745
6.1335e-10	-0.00147963
6.13914e-10	-0.00148466
6.14478e-10	-0.00148959
6.15042e-10	-0.00149443
6.15607e-10	-0.00149916
6.16171e-10	-0.0015038
6.16735e-10	-0.00150833
6.17299e-10	-0.00151276
6.17864e-10	-0.00151708
6.18428e-10	-0.00152131
6.18992e-10	-0.00152542
6.19556e-10	-0.00152944
6.20121e-10	-0.00153335
6.20685e-10	-0.00153715
6.21249e-10	-0.00154084
6.21813e-10	-0.00154442
6.22378e-10	-0.0015479
6.22942e-10	-0.00155126
6.23506e-10	-0.00155452
6.2407e-10	-0.00155766
6.24635e-10	-0.0015607
6.25199e-10	-0.00156362
6.25763e-10	-0.00156642
6.26327e-10	-0.00156911
6.26892e-10	-0.00157169
6.27456e-10	-0.00157415
6.2802e-10	-0.0015765
6.28585e-10	-0.00157873
6.29149e-10	-0.00158084
6.29713e-10	-0.00158283
6.30277e-10	-0.00158471
6.30842e-10	-0.00158646
6.31406e-10	-0.0015881
6.3197e-10	-0.00158961
6.32534e-10	-0.001591
6.33099e-10	-0.00159227
6.33663e-10	-0.00159342
6.34227e-10	-0.00159445
6.34791e-10	-0.00159535
6.35356e-10	-0.00159612
6.3592e-10	-0.00159677
6.36484e-10	-0.0015973
6.37048e-10	-0.0015977
6.37613e-10	-0.00159797
6.38177e-10	-0.00159812
6.38741e-10	-0.00159814
6.39305e-10	-0.00159803
6.3987e-10	-0.00159779
6.40434e-10	-0.00159742
6.40998e-10	-0.00159692
6.41562e-10	-0.00159629
6.42127e-10	-0.00159553
6.42691e-10	-0.00159464
6.43255e-10	-0.00159362
6.4382e-10	-0.00159246
6.44384e-10	-0.00159118
6.44948e-10	-0.00158976
6.45512e-10	-0.0015882
6.46077e-10	-0.00158651
6.46641e-10	-0.00158469
6.47205e-10	-0.00158273
6.47769e-10	-0.00158064
6.48334e-10	-0.00157841
6.48898e-10	-0.00157604
6.49462e-10	-0.00157354
6.50026e-10	-0.0015709
6.50591e-10	-0.00156813
6.51155e-10	-0.00156521
6.51719e-10	-0.00156216
6.52283e-10	-0.00155897
6.52848e-10	-0.00155564
6.53412e-10	-0.00155218
6.53976e-10	-0.00154857
6.5454e-10	-0.00154482
6.55105e-10	-0.00154094
6.55669e-10	-0.00153691
6.56233e-10	-0.00153275
6.56797e-10	-0.00152844
6.57362e-10	-0.001524
6.57926e-10	-0.00151941
6.5849e-10	-0.00151468
6.59055e-10	-0.00150981
6.59619e-10	-0.0015048
6.60183e-10	-0.00149964
6.60747e-10	-0.00149435
6.61312e-10	-0.00148891
6.61876e-10	-0.00148333
6.6244e-10	-0.00147761
6.63004e-10	-0.00147175
6.63569e-10	-0.00146574
6.64133e-10	-0.00145959
6.64697e-10	-0.0014533
6.65261e-10	-0.00144686
6.65826e-10	-0.00144028
6.6639e-10	-0.00143356
6.66954e-10	-0.0014267
6.67518e-10	-0.00141969
6.68083e-10	-0.00141254
6.68647e-10	-0.00140525
6.69211e-10	-0.00139781
6.69775e-10	-0.00139023
6.7034e-10	-0.0013825
6.70904e-10	-0.00137464
6.71468e-10	-0.00136663
6.72032e-10	-0.00135848
6.72597e-10	-0.00135018
6.73161e-10	-0.00134174
6.73725e-10	-0.00133316
6.74289e-10	-0.00132444
6.74854e-10	-0.00131557
6.75418e-10	-0.00130657
6.75982e-10	-0.00129741
6.76547e-10	-0.00128812
6.77111e-10	-0.00127869
6.77675e-10	-0.00126911
6.78239e-10	-0.00125939
6.78804e-10	-0.00124953
6.79368e-10	-0.00123953
6.79932e-10	-0.00122939
6.80496e-10	-0.00121911
6.81061e-10	-0.00120869
6.81625e-10	-0.00119812
6.82189e-10	-0.00118742
6.82753e-10	-0.00117658
6.83318e-10	-0.0011656
6.83882e-10	-0.00115448
6.84446e-10	-0.00114322
6.8501e-10	-0.00113182
6.85575e-10	-0.00112028
6.86139e-10	-0.00110861
6.86703e-10	-0.0010968
6.87267e-10	-0.00108485
6.87832e-10	-0.00107277
6.88396e-10	-0.00106055
6.8896e-10	-0.00104819
6.89524e-10	-0.0010357
6.90089e-10	-0.00102307
6.90653e-10	-0.00101031
6.91217e-10	-0.00099742
6.91782e-10	-0.000984393
6.92346e-10	-0.000971233
6.9291e-10	-0.000957941
6.93474e-10	-0.000944517
6.94039e-10	-0.000930962
6.94603e-10	-0.000917276
6.95167e-10	-0.00090346
6.95731e-10	-0.000889515
6.96296e-10	-0.000875441
6.9686e-10	-0.000861238
6.97424e-10	-0.000846908
6.97988e-10	-0.000832451
6.98553e-10	-0.000817867
6.99117e-10	-0.000803158
6.99681e-10	-0.000788323
7.00245e-10	-0.000773365
7.0081e-10	-0.000758282
7.01374e-10	-0.000743077
7.01938e-10	-0.000727749
7.02502e-10	-0.0007123
7.03067e-10	-0.00069673
7.03631e-10	-0.00068104
7.04195e-10	-0.00066523
7.04759e-10	-0.000649303
7.05324e-10	-0.000633257
7.05888e-10	-0.000617095
7.06452e-10	-0.000600817
7.07017e-10	-0.000584424
7.07581e-10	-0.000567916
7.08145e-10	-0.000551295
7.08709e-10	-0.000534562
7.09274e-10	-0.000517716
7.09838e-10	-0.00050076
7.10402e-10	-0.000483694
7.10966e-10	-0.00046652
7.11531e-10	-0.000449237
7.12095e-10	-0.000431847
7.12659e-10	-0.000414351
7.13223e-10	-0.00039675
7.13788e-10	-0.000379045
7.14352e-10	-0.000361237
7.14916e-10	-0.000343327
7.1548e-10	-0.000325316
7.16045e-10	-0.000307205
7.16609e-10	-0.000288995
7.17173e-10	-0.000270687
7.17737e-10	-0.000252282
7.18302e-10	-0.000233781
7.18866e-10	-0.000215186
7.1943e-10	-0.000196498
7.19994e-10	-0.000177717
7.20559e-10	-0.000158845
7.21123e-10	-0.000139882
7.21687e-10	-0.000120831
7.22252e-10	-0.000101692
7.22816e-10	-8.2467e-05
7.2338e-10	-6.31563e-05
7.23944e-10	-4.37614e-05
7.24509e-10	-2.42837e-05
7.25073e-10	-4.72422e-06
7.25637e-10	1.49156e-05
7.26201e-10	3.46347e-05
7.26766e-10	5.44316e-05
7.2733e-10	7.43051e-05
7.27894e-10	9.4254e-05
7.28458e-10	0.000114277
7.29023e-10	0.000134372
7.29587e-10	0.000154539
7.30151e-10	0.000174776
7.30715e-10	0.000195082
7.3128e-10	0.000215455
7.31844e-10	0.000235894
7.32408e-10	0.000256398
7.32972e-10	0.000276965
7.33537e-10	0.000297593
7.34101e-10	0.000318282
7.34665e-10	0.00033903
7.35229e-10	0.000359835
7.35794e-10	0.000380697
7.36358e-10	0.000401613
7.36922e-10	0.000422582
7.37487e-10	0.000443603
7.38051e-10	0.000464674
7.38615e-10	0.000485794
7.39179e-10	0.00050696
7.39744e-10	0.000528173
7.40308e-10	0.00054943
7.40872e-10	0.000570729
7.41436e-10	0.000592069
7.42001e-10	0.000613449
7.42565e-10	0.000634867
7.43129e-10	0.000656321
7.43693e-10	0.00067781
7.44258e-10	0.000699332
7.44822e-10	0.000720886
7.45386e-10	0.000742469
7.4595e-10	0.000764081
7.46515e-10	0.00078572
7.47079e-10	0.000807384
7.47643e-10	0.000829071
7.48207e-10	0.00085078
7.48772e-10	0.000872509
7.49336e-10	0.000894256
7.499e-10	0.000916021
7.50464e-10	0.0009378
7.51029e-10	0.000959593
7.51593e-10	0.000981397
7.52157e-10	0.00100321
7.52721e-10	0.00102503
7.53286e-10	0.00104686
7.5385e-10	0.0010687
7.54414e-10	0.00109053
7.54979e-10	0.00111237
7.55543e-10	0.00113421
7.56107e-10	0.00115605
7.56671e-10	0.00117788
7.57236e-10	0.0011997
7.578e-10	0.00122152
7.58364e-10	0.00124333
7.58928e-10	0.00126513
7.59493e-10	0.00128691
7.60057e-10	0.00130868
7.60621e-10	0.00133044
7.61185e-10	0.00135217
7.6175e-10	0.00137389
7.62314e-10	0.00139558
7.62878e-10	0.00141725
7.63442e-10	0.00143889
7.64007e-10	0.00146051
7.64571e-10	0.00148209
7.65135e-10	0.00150365
7.65699e-10	0.00152517
7.66264e-10	0.00154666
7.66828e-10	0.0015681
7.67392e-10	0.00158952
7.67956e-10	0.00161089
7.68521e-10	0.00163221
7.69085e-10	0.0016535
7.69649e-10	0.00167473
7.70214e-10	0.00169592
7.70778e-10	0.00171706
7.71342e-10	0.00173815
7.71906e-10	0.00175918
7.72471e-10	0.00178016
7.73035e-10	0.00180108
7.73599e-10	0.00182193
7.74163e-10	0.00184273
7.74728e-10	0.00186347
7.75292e-10	0.00188413
7.75856e-10	0.00190474
7.7642e-10	0.00192527
7.76985e-10	0.00194573
7.77549e-10	0.00196612
7.78113e-10	0.00198643
7.78677e-10	0.00200666
7.79242e-10	0.00202682
7.79806e-10	0.00204689
7.8037e-10	0.00206689
7.80934e-10	0.00208679
7.81499e-10	0.00210661
7.82063e-10	0.00212635
7.82627e-10	0.00214599
7.83191e-10	0.00216553
7.83756e-10	0.00218499
7.8432e-10	0.00220435
7.84884e-10	0.0022236
7.85449e-10	0.00224276
7.86013e-10	0.00226182
7.86577e-10	0.00228077
7.87141e-10	0.00229962
7.87706e-10	0.00231835
7.8827e-10	0.00233698
7.88834e-10	0.0023555
7.89398e-10	0.0023739
7.89963e-10	0.00239218
7.90527e-10	0.00241035
7.91091e-10	0.0024284
7.91655e-10	0.00244632
7.9222e-10	0.00246413
7.92784e-10	0.0024818
7.93348e-10	0.00249935
7.93912e-10	0.00251677
7.94477e-10	0.00253406
7.95041e-10	0.00255121
7.95605e-10	0.00256823
7.96169e-10	0.00258511
7.96734e-10	0.00260186
7.97298e-10	0.00261846
7.97862e-10	0.00263492
7.98426e-10	0.00265123
7.98991e-10	0.0026674
7.99555e-10	0.00268342
8.00119e-10	0.00269929
8.00684e-10	0.00271501
8.01248e-10	0.00273057
8.01812e-10	0.00274598
8.02376e-10	0.00276123
8.02941e-10	0.00277632
8.03505e-10	0.00279124
8.04069e-10	0.00280601
8.04633e-10	0.00282061
8.05198e-10	0.00283504
8.05762e-10	0.0028493
8.06326e-10	0.00286339
8.0689e-10	0.00287731
8.07455e-10	0.00289106
8.08019e-10	0.00290463
8.08583e-10	0.00291802
8.09147e-10	0.00293123
8.09712e-10	0.00294426
8.10276e-10	0.00295711
8.1084e-10	0.00296977
8.11404e-10	0.00298224
8.11969e-10	0.00299453
8.12533e-10	0.00300662
8.13097e-10	0.00301853
8.13661e-10	0.00303024
8.14226e-10	0.00304175
8.1479e-10	0.00305307
8.15354e-10	0.00306419
8.15918e-10	0.0030751
8.16483e-10	0.00308582
8.17047e-10	0.00309633
8.17611e-10	0.00310664
8.18176e-10	0.00311674
8.1874e-10	0.00312663
8.19304e-10	0.00313631
8.19868e-10	0.00314578
8.20433e-10	0.00315503
8.20997e-10	0.00316407
8.21561e-10	0.00317289
8.22125e-10	0.00318149
8.2269e-10	0.00318988
8.23254e-10	0.00319804
8.23818e-10	0.00320598
8.24382e-10	0.00321369
8.24947e-10	0.00322118
8.25511e-10	0.00322844
8.26075e-10	0.00323548
8.26639e-10	0.00324228
8.27204e-10	0.00324885
8.27768e-10	0.00325518
8.28332e-10	0.00326128
8.28896e-10	0.00326715
8.29461e-10	0.00327278
8.30025e-10	0.00327816
8.30589e-10	0.00328331
8.31153e-10	0.00328822
8.31718e-10	0.00329288
8.32282e-10	0.0032973
8.32846e-10	0.00330147
8.33411e-10	0.0033054
8.33975e-10	0.00330907
8.34539e-10	0.0033125
8.35103e-10	0.00331568
8.35668e-10	0.0033186
8.36232e-10	0.00332127
8.36796e-10	0.00332369
8.3736e-10	0.00332585
8.37925e-10	0.00332775
8.38489e-10	0.0033294
8.39053e-10	0.00333078
8.39617e-10	0.00333191
8.40182e-10	0.00333277
8.40746e-10	0.00333338
8.4131e-10	0.00333371
8.41874e-10	0.00333379
8.42439e-10	0.00333359
8.43003e-10	0.00333313
8.43567e-10	0.0033324
8.44131e-10	0.00333141
8.44696e-10	0.00333014
8.4526e-10	0.0033286
8.45824e-10	0.00332679
8.46388e-10	0.00332471
8.46953e-10	0.00332236
8.47517e-10	0.00331973
8.48081e-10	0.00331682
8.48646e-10	0.00331364
8.4921e-10	0.00331018
8.49774e-10	0.00330644
8.50338e-10	0.00330243
8.50903e-10	0.00329813
8.51467e-10	0.00329356
8.52031e-10	0.0032887
8.52595e-10	0.00328357
8.5316e-10	0.00327815
8.53724e-10	0.00327244
8.54288e-10	0.00326646
8.54852e-10	0.00326019
8.55417e-10	0.00325363
8.55981e-10	0.00324679
8.56545e-10	0.00323967
8.57109e-10	0.00323225
8.57674e-10	0.00322455
8.58238e-10	0.00321657
8.58802e-10	0.00320829
8.59366e-10	0.00319973
8.59931e-10	0.00319087
8.60495e-10	0.00318173
8.61059e-10	0.0031723
8.61623e-10	0.00316258
8.62188e-10	0.00315256
8.62752e-10	0.00314226
8.63316e-10	0.00313166
8.63881e-10	0.00312078
8.64445e-10	0.0031096
8.65009e-10	0.00309813
8.65573e-10	0.00308637
8.66138e-10	0.00307431
8.66702e-10	0.00306197
8.67266e-10	0.00304933
8.6783e-10	0.0030364
8.68395e-10	0.00302317
8.68959e-10	0.00300965
8.69523e-10	0.00299584
8.70087e-10	0.00298174
8.70652e-10	0.00296734
8.71216e-10	0.00295265
8.7178e-10	0.00293767
8.72344e-10	0.00292239
8.72909e-10	0.00290682
8.73473e-10	0.00289096
8.74037e-10	0.0028748
8.74601e-10	0.00285836
8.75166e-10	0.00284162
8.7573e-10	0.00282459
8.76294e-10	0.00280726
8.76858e-10	0.00278965
8.77423e-10	0.00277174
8.77987e-10	0.00275354
8.78551e-10	0.00273506
8.79116e-10	0.00271628
8.7968e-10	0.00269721
8.80244e-10	0.00267785
8.80808e-10	0.00265821
8.81373e-10	0.00263827
8.81937e-10	0.00261805
8.82501e-10	0.00259754
8.83065e-10	0.00257674
8.8363e-10	0.00255565
8.84194e-10	0.00253428
8.84758e-10	0.00251263
8.85322e-10	0.00249069
8.85887e-10	0.00246846
8.86451e-10	0.00244595
8.87015e-10	0.00242316
8.87579e-10	0.00240009
8.88144e-10	0.00237673
8.88708e-10	0.0023531
8.89272e-10	0.00232918
8.89836e-10	0.00230499
8.90401e-10	0.00228052
8.90965e-10	0.00225577
8.91529e-10	0.00223075
8.92093e-10	0.00220545
8.92658e-10	0.00217988
8.93222e-10	0.00215403
8.93786e-10	0.00212791
8.9435e-10	0.00210152
8.94915e-10	0.00207486
8.95479e-10	0.00204793
8.96043e-10	0.00202074
8.96608e-10	0.00199327
8.97172e-10	0.00196554
8.97736e-10	0.00193755
8.983e-10	0.00190929
8.98865e-10	0.00188078
8.99429e-10	0.001852
8.99993e-10	0.00182296
9.00557e-10	0.00179366
9.01122e-10	0.00176411
9.01686e-10	0.0017343
9.0225e-10	0.00170424
9.02814e-10	0.00167393
9.03379e-10	0.00164336
9.03943e-10	0.00161255
9.04507e-10	0.00158149
9.05071e-10	0.00155018
9.05636e-10	0.00151862
9.062e-10	0.00148683
9.06764e-10	0.00145479
9.07328e-10	0.00142251
9.07893e-10	0.00139
9.08457e-10	0.00135724
9.09021e-10	0.00132426
9.09585e-10	0.00129104
9.1015e-10	0.00125758
9.10714e-10	0.0012239
9.11278e-10	0.00118999
9.11843e-10	0.00115586
9.12407e-10	0.0011215
9.12971e-10	0.00108692
9.13535e-10	0.00105212
9.141e-10	0.0010171
9.14664e-10	0.00098186
9.15228e-10	0.000946409
9.15792e-10	0.000910747
9.16357e-10	0.000874874
9.16921e-10	0.000838793
9.17485e-10	0.000802506
9.18049e-10	0.000766015
9.18614e-10	0.000729322
9.19178e-10	0.00069243
9.19742e-10	0.000655341
9.20306e-10	0.000618056
9.20871e-10	0.000580578
9.21435e-10	0.000542909
9.21999e-10	0.000505052
9.22563e-10	0.000467009
9.23128e-10	0.000428783
9.23692e-10	0.000390375
9.24256e-10	0.000351788
9.2482e-10	0.000313024
9.25385e-10	0.000274086
9.25949e-10	0.000234977
9.26513e-10	0.000195698
9.27078e-10	0.000156253
9.27642e-10	0.000116643
9.28206e-10	7.68723e-05
9.2877e-10	3.69421e-05
9.29335e-10	-3.14451e-06
9.29899e-10	-4.3385e-05
9.30463e-10	-8.37766e-05
9.31027e-10	-0.000124317
9.31592e-10	-0.000165003
9.32156e-10	-0.000205832
9.3272e-10	-0.000246802
9.33284e-10	-0.000287909
9.33849e-10	-0.000329151
9.34413e-10	-0.000370525
9.34977e-10	-0.000412028
9.35541e-10	-0.000453658
9.36106e-10	-0.000495412
9.3667e-10	-0.000537286
9.37234e-10	-0.000579278
9.37798e-10	-0.000621385
9.38363e-10	-0.000663604
9.38927e-10	-0.000705932
9.39491e-10	-0.000748366
9.40055e-10	-0.000790903
9.4062e-10	-0.000833539
9.41184e-10	-0.000876273
9.41748e-10	-0.000919101
9.42313e-10	-0.00096202
9.42877e-10	-0.00100503
9.43441e-10	-0.00104812
9.44005e-10	-0.00109129
9.4457e-10	-0.00113454
9.45134e-10	-0.00117787
9.45698e-10	-0.00122126
9.46262e-10	-0.00126473
9.46827e-10	-0.00130826
9.47391e-10	-0.00135186
9.47955e-10	-0.00139551
9.48519e-10	-0.00143922
9.49084e-10	-0.00148298
9.49648e-10	-0.00152679
9.50212e-10	-0.00157065
9.50776e-10	-0.00161455
9.51341e-10	-0.00165848
9.51905e-10	-0.00170246
9.52469e-10	-0.00174646
9.53033e-10	-0.0017905
9.53598e-10	-0.00183456
9.54162e-10	-0.00187864
9.54726e-10	-0.00192275
9.5529e-10	-0.00196686
9.55855e-10	-0.00201099
9.56419e-10	-0.00205513
9.56983e-10	-0.00209927
9.57548e-10	-0.00214341
9.58112e-10	-0.00218755
9.58676e-10	-0.00223168
9.5924e-10	-0.00227581
9.59805e-10	-0.00231992
9.60369e-10	-0.00236402
9.60933e-10	-0.00240809
9.61497e-10	-0.00245214
9.62062e-10	-0.00249616
9.62626e-10	-0.00254016
9.6319e-10	-0.00258411
9.63754e-10	-0.00262803
9.64319e-10	-0.00267191
9.64883e-10	-0.00271574
9.65447e-10	-0.00275952
9.66011e-10	-0.00280325
9.66576e-10	-0.00284693
9.6714e-10	-0.00289054
9.67704e-10	-0.00293408
9.68268e-10	-0.00297756
9.68833e-10	-0.00302097
9.69397e-10	-0.0030643
9.69961e-10	-0.00310755
9.70525e-10	-0.00315072
9.7109e-10	-0.00319381
9.71654e-10	-0.0032368
9.72218e-10	-0.0032797
9.72782e-10	-0.0033225
9.73347e-10	-0.0033652
9.73911e-10	-0.00340779
9.74475e-10	-0.00345027
9.7504e-10	-0.00349264
9.75604e-10	-0.00353489
9.76168e-10	-0.00357702
9.76732e-10	-0.00361903
9.77297e-10	-0.00366091
9.77861e-10	-0.00370265
9.78425e-10	-0.00374426
9.78989e-10	-0.00378573
9.79554e-10	-0.00382705
9.80118e-10	-0.00386823
9.80682e-10	-0.00390925
9.81246e-10	-0.00395012
9.81811e-10	-0.00399083
9.82375e-10	-0.00403137
9.82939e-10	-0.00407175
9.83503e-10	-0.00411196
9.84068e-10	-0.00415199
9.84632e-10	-0.00419185
9.85196e-10	-0.00423152
9.8576e-10	-0.004271
9.86325e-10	-0.00431029
9.86889e-10	-0.00434939
9.87453e-10	-0.0043883
9.88017e-10	-0.00442699
9.88582e-10	-0.00446549
9.89146e-10	-0.00450377
9.8971e-10	-0.00454184
9.90275e-10	-0.00457969
9.90839e-10	-0.00461733
9.91403e-10	-0.00465473
9.91967e-10	-0.00469191
9.92532e-10	-0.00472885
9.93096e-10	-0.00476556
9.9366e-10	-0.00480203
9.94224e-10	-0.00483825
9.94789e-10	-0.00487423
9.95353e-10	-0.00490995
9.95917e-10	-0.00494542
9.96481e-10	-0.00498062
9.97046e-10	-0.00501557
9.9761e-10	-0.00505024
9.98174e-10	-0.00508465
9.98738e-10	-0.00511878
9.99303e-10	-0.00515264
9.99867e-10	-0.00518621
1.00043e-09	-0.00521949
1.001e-09	-0.00525249
1.00156e-09	-0.00528519
1.00212e-09	-0.00531759
1.00269e-09	-0.0053497
1.00325e-09	-0.0053815
1.00382e-09	-0.00541299
1.00438e-09	-0.00544417
1.00495e-09	-0.00547503
1.00551e-09	-0.00550558
1.00607e-09	-0.0055358
1.00664e-09	-0.00556569
1.0072e-09	-0.00559526
1.00777e-09	-0.00562449
1.00833e-09	-0.00565339
1.0089e-09	-0.00568194
1.00946e-09	-0.00571015
1.01002e-09	-0.00573801
1.01059e-09	-0.00576552
1.01115e-09	-0.00579268
1.01172e-09	-0.00581947
1.01228e-09	-0.00584591
1.01284e-09	-0.00587198
1.01341e-09	-0.00589768
1.01397e-09	-0.00592301
1.01454e-09	-0.00594796
1.0151e-09	-0.00597253
1.01567e-09	-0.00599673
1.01623e-09	-0.00602053
1.01679e-09	-0.00604395
1.01736e-09	-0.00606697
1.01792e-09	-0.0060896
1.01849e-09	-0.00611183
1.01905e-09	-0.00613366
1.01962e-09	-0.00615508
1.02018e-09	-0.00617609
1.02074e-09	-0.00619669
1.02131e-09	-0.00621687
1.02187e-09	-0.00623664
1.02244e-09	-0.00625599
1.023e-09	-0.00627491
1.02357e-09	-0.0062934
1.02413e-09	-0.00631146
1.02469e-09	-0.00632909
1.02526e-09	-0.00634628
1.02582e-09	-0.00636303
1.02639e-09	-0.00637934
1.02695e-09	-0.00639521
1.02752e-09	-0.00641062
1.02808e-09	-0.00642559
1.02864e-09	-0.00644009
1.02921e-09	-0.00645415
1.02977e-09	-0.00646774
1.03034e-09	-0.00648087
1.0309e-09	-0.00649353
1.03147e-09	-0.00650572
1.03203e-09	-0.00651745
1.03259e-09	-0.0065287
1.03316e-09	-0.00653947
1.03372e-09	-0.00654976
1.03429e-09	-0.00655958
1.03485e-09	-0.00656891
1.03542e-09	-0.00657775
1.03598e-09	-0.0065861
1.03654e-09	-0.00659396
1.03711e-09	-0.00660133
1.03767e-09	-0.0066082
1.03824e-09	-0.00661457
1.0388e-09	-0.00662044
1.03937e-09	-0.0066258
1.03993e-09	-0.00663066
1.04049e-09	-0.00663501
1.04106e-09	-0.00663886
1.04162e-09	-0.00664219
1.04219e-09	-0.006645
1.04275e-09	-0.0066473
1.04331e-09	-0.00664907
1.04388e-09	-0.00665033
1.04444e-09	-0.00665106
1.04501e-09	-0.00665127
1.04557e-09	-0.00665096
1.04614e-09	-0.00665011
1.0467e-09	-0.00664873
1.04726e-09	-0.00664682
1.04783e-09	-0.00664437
1.04839e-09	-0.00664139
1.04896e-09	-0.00663787
1.04952e-09	-0.00663382
1.05009e-09	-0.00662922
1.05065e-09	-0.00662407
1.05121e-09	-0.00661838
1.05178e-09	-0.00661215
1.05234e-09	-0.00660537
1.05291e-09	-0.00659804
1.05347e-09	-0.00659016
1.05404e-09	-0.00658172
1.0546e-09	-0.00657274
1.05516e-09	-0.0065632
1.05573e-09	-0.0065531
1.05629e-09	-0.00654245
1.05686e-09	-0.00653123
1.05742e-09	-0.00651946
1.05799e-09	-0.00650713
1.05855e-09	-0.00649424
1.05911e-09	-0.00648078
1.05968e-09	-0.00646676
1.06024e-09	-0.00645217
1.06081e-09	-0.00643702
1.06137e-09	-0.00642131
1.06194e-09	-0.00640502
1.0625e-09	-0.00638817
1.06306e-09	-0.00637075
1.06363e-09	-0.00635276
1.06419e-09	-0.0063342
1.06476e-09	-0.00631507
1.06532e-09	-0.00629537
1.06589e-09	-0.0062751
1.06645e-09	-0.00625425
1.06701e-09	-0.00623283
1.06758e-09	-0.00621084
1.06814e-09	-0.00618828
1.06871e-09	-0.00616514
1.06927e-09	-0.00614143
1.06984e-09	-0.00611714
1.0704e-09	-0.00609228
1.07096e-09	-0.00606685
1.07153e-09	-0.00604084
1.07209e-09	-0.00601425
1.07266e-09	-0.00598709
1.07322e-09	-0.00595936
1.07378e-09	-0.00593106
1.07435e-09	-0.00590217
1.07491e-09	-0.00587272
1.07548e-09	-0.00584269
1.07604e-09	-0.00581209
1.07661e-09	-0.00578092
1.07717e-09	-0.00574917
1.07773e-09	-0.00571685
1.0783e-09	-0.00568396
1.07886e-09	-0.0056505
1.07943e-09	-0.00561646
1.07999e-09	-0.00558186
1.08056e-09	-0.00554669
1.08112e-09	-0.00551095
1.08168e-09	-0.00547464
1.08225e-09	-0.00543777
1.08281e-09	-0.00540033
1.08338e-09	-0.00536232
1.08394e-09	-0.00532376
1.08451e-09	-0.00528462
1.08507e-09	-0.00524493
1.08563e-09	-0.00520468
1.0862e-09	-0.00516386
1.08676e-09	-0.00512249
1.08733e-09	-0.00508056
1.08789e-09	-0.00503807
1.08846e-09	-0.00499503
1.08902e-09	-0.00495144
1.08958e-09	-0.0049073
1.09015e-09	-0.0048626
1.09071e-09	-0.00481736
1.09128e-09	-0.00477157
1.09184e-09	-0.00472524
1.09241e-09	-0.00467836
1.09297e-09	-0.00463094
1.09353e-09	-0.00458298
1.0941e-09	-0.00453448
1.09466e-09	-0.00448545
1.09523e-09	-0.00443588
1.09579e-09	-0.00438578
1.09636e-09	-0.00433515
1.09692e-09	-0.004284
1.09748e-09	-0.00423231
1.09805e-09	-0.00418011
1.09861e-09	-0.00412738
1.09918e-09	-0.00407413
1.09974e-09	-0.00402037
1.10031e-09	-0.0039661
1.10087e-09	-0.00391131
1.10143e-09	-0.00385601
1.102e-09	-0.00380021
1.10256e-09	-0.0037439
1.10313e-09	-0.00368709
1.10369e-09	-0.00362979
1.10425e-09	-0.00357198
1.10482e-09	-0.00351369
1.10538e-09	-0.0034549
1.10595e-09	-0.00339563
1.10651e-09	-0.00333587
1.10708e-09	-0.00327564
1.10764e-09	-0.00321492
1.1082e-09	-0.00315373
1.10877e-09	-0.00309207
1.10933e-09	-0.00302994
1.1099e-09	-0.00296734
1.11046e-09	-0.00290429
1.11103e-09	-0.00284077
1.11159e-09	-0.0027768
1.11215e-09	-0.00271238
1.11272e-09	-0.0026475
1.11328e-09	-0.00258219
1.11385e-09	-0.00251643
1.11441e-09	-0.00245024
1.11498e-09	-0.00238361
1.11554e-09	-0.00231656
1.1161e-09	-0.00224907
1.11667e-09	-0.00218117
1.11723e-09	-0.00211284
1.1178e-09	-0.00204411
1.11836e-09	-0.00197496
1.11893e-09	-0.00190541
1.11949e-09	-0.00183545
1.12005e-09	-0.00176509
1.12062e-09	-0.00169435
1.12118e-09	-0.00162321
1.12175e-09	-0.00155169
1.12231e-09	-0.00147978
1.12288e-09	-0.0014075
1.12344e-09	-0.00133485
1.124e-09	-0.00126183
1.12457e-09	-0.00118844
1.12513e-09	-0.0011147
1.1257e-09	-0.0010406
1.12626e-09	-0.000966156
1.12683e-09	-0.000891365
1.12739e-09	-0.000816234
1.12795e-09	-0.000740767
1.12852e-09	-0.00066497
1.12908e-09	-0.000588847
1.12965e-09	-0.000512404
1.13021e-09	-0.000435645
1.13078e-09	-0.000358575
1.13134e-09	-0.000281199
1.1319e-09	-0.000203523
1.13247e-09	-0.000125551
1.13303e-09	-4.72892e-05
1.1336e-09	3.12581e-05
1.13416e-09	0.000110085
1.13472e-09	0.000189187
1.13529e-09	0.000268558
1.13585e-09	0.000348193
1.13642e-09	0.000428087
1.13698e-09	0.000508233
1.13755e-09	0.000588628
1.13811e-09	0.000669264
1.13867e-09	0.000750137
1.13924e-09	0.00083124
1.1398e-09	0.000912569
1.14037e-09	0.000994118
1.14093e-09	0.00107588
1.1415e-09	0.00115785
1.14206e-09	0.00124002
1.14262e-09	0.00132239
1.14319e-09	0.00140495
1.14375e-09	0.0014877
1.14432e-09	0.00157062
1.14488e-09	0.00165371
1.14545e-09	0.00173698
1.14601e-09	0.0018204
1.14657e-09	0.00190398
1.14714e-09	0.0019877
1.1477e-09	0.00207157
1.14827e-09	0.00215558
1.14883e-09	0.00223971
1.1494e-09	0.00232397
1.14996e-09	0.00240835
1.15052e-09	0.00249283
1.15109e-09	0.00257743
1.15165e-09	0.00266212
1.15222e-09	0.0027469
1.15278e-09	0.00283177
1.15335e-09	0.00291671
1.15391e-09	0.00300173
1.15447e-09	0.00308682
1.15504e-09	0.00317196
1.1556e-09	0.00325716
1.15617e-09	0.00334241
1.15673e-09	0.00342769
1.1573e-09	0.00351301
1.15786e-09	0.00359835
1.15842e-09	0.00368372
1.15899e-09	0.00376909
1.15955e-09	0.00385447
1.16012e-09	0.00393986
1.16068e-09	0.00402523
1.16125e-09	0.00411059
1.16181e-09	0.00419593
1.16237e-09	0.00428124
1.16294e-09	0.00436652
1.1635e-09	0.00445175
1.16407e-09	0.00453694
1.16463e-09	0.00462207
1.16519e-09	0.00470714
1.16576e-09	0.00479213
1.16632e-09	0.00487705
1.16689e-09	0.00496189
1.16745e-09	0.00504664
1.16802e-09	0.00513129
1.16858e-09	0.00521583
1.16914e-09	0.00530026
1.16971e-09	0.00538457
1.17027e-09	0.00546876
1.17084e-09	0.00555281
1.1714e-09	0.00563672
1.17197e-09	0.00572049
1.17253e-09	0.0058041
1.17309e-09	0.00588754
1.17366e-09	0.00597082
1.17422e-09	0.00605392
1.17479e-09	0.00613684
1.17535e-09	0.00621956
1.17592e-09	0.00630209
1.17648e-09	0.00638441
1.17704e-09	0.00646652
1.17761e-09	0.0065484
1.17817e-09	0.00663006
1.17874e-09	0.00671149
1.1793e-09	0.00679267
1.17987e-09	0.0068736
1.18043e-09	0.00695428
1.18099e-09	0.00703469
1.18156e-09	0.00711483
1.18212e-09	0.00719469
1.18269e-09	0.00727426
1.18325e-09	0.00735354
1.18382e-09	0.00743252
1.18438e-09	0.0075112
1.18494e-09	0.00758955
1.18551e-09	0.00766758
1.18607e-09	0.00774529
1.18664e-09	0.00782265
1.1872e-09	0.00789967
1.18777e-09	0.00797634
1.18833e-09	0.00805265
1.18889e-09	0.00812859
1.18946e-09	0.00820415
1.19002e-09	0.00827933
1.19059e-09	0.00835413
1.19115e-09	0.00842853
1.19171e-09	0.00850252
1.19228e-09	0.0085761
1.19284e-09	0.00864927
1.19341e-09	0.00872201
1.19397e-09	0.00879431
1.19454e-09	0.00886618
1.1951e-09	0.0089376
1.19566e-09	0.00900856
1.19623e-09	0.00907906
1.19679e-09	0.00914909
1.19736e-09	0.00921865
1.19792e-09	0.00928772
1.19849e-09	0.0093563
1.19905e-09	0.00942438
1.19961e-09	0.00949196
1.20018e-09	0.00955903
1.20074e-09	0.00962557
1.20131e-09	0.00969159
1.20187e-09	0.00975708
1.20244e-09	0.00982202
1.203e-09	0.00988642
1.20356e-09	0.00995026
1.20413e-09	0.0100135
1.20469e-09	0.0100762
1.20526e-09	0.0101384
1.20582e-09	0.0101999
1.20639e-09	0.0102609
1.20695e-09	0.0103213
1.20751e-09	0.010381
1.20808e-09	0.0104402
1.20864e-09	0.0104987
1.20921e-09	0.0105566
1.20977e-09	0.0106139
1.21034e-09	0.0106705
1.2109e-09	0.0107265
1.21146e-09	0.0107819
1.21203e-09	0.0108366
1.21259e-09	0.0108906
1.21316e-09	0.0109439
1.21372e-09	0.0109966
1.21429e-09	0.0110486
1.21485e-09	0.0110999
1.21541e-09	0.0111505
1.21598e-09	0.0112004
1.21654e-09	0.0112496
1.21711e-09	0.0112981
1.21767e-09	0.0113458
1.21824e-09	0.0113928
1.2188e-09	0.0114391
1.21936e-09	0.0114847
1.21993e-09	0.0115295
1.22049e-09	0.0115735
1.22106e-09	0.0116168
1.22162e-09	0.0116593
1.22218e-09	0.011701
1.22275e-09	0.011742
1.22331e-09	0.0117822
1.22388e-09	0.0118216
1.22444e-09	0.0118602
1.22501e-09	0.0118979
1.22557e-09	0.0119349
1.22613e-09	0.0119711
1.2267e-09	0.0120064
1.22726e-09	0.012041
1.22783e-09	0.0120747
1.22839e-09	0.0121075
1.22896e-09	0.0121395
1.22952e-09	0.0121707
1.23008e-09	0.012201
1.23065e-09	0.0122305
1.23121e-09	0.0122591
1.23178e-09	0.0122868
1.23234e-09	0.0123137
1.23291e-09	0.0123397
1.23347e-09	0.0123648
1.23403e-09	0.012389
1.2346e-09	0.0124123
1.23516e-09	0.0124347
1.23573e-09	0.0124562
1.23629e-09	0.0124768
1.23686e-09	0.0124965
1.23742e-09	0.0125152
1.23798e-09	0.0125331
1.23855e-09	0.01255
1.23911e-09	0.012566
1.23968e-09	0.0125811
1.24024e-09	0.0125952
1.24081e-09	0.0126083
1.24137e-09	0.0126205
1.24193e-09	0.0126318
1.2425e-09	0.0126421
1.24306e-09	0.0126515
1.24363e-09	0.0126598
1.24419e-09	0.0126672
1.24476e-09	0.0126737
1.24532e-09	0.0126791
1.24588e-09	0.0126836
1.24645e-09	0.0126871
1.24701e-09	0.0126896
1.24758e-09	0.0126911
1.24814e-09	0.0126916
1.24871e-09	0.0126911
1.24927e-09	0.0126896
1.24983e-09	0.0126871
1.2504e-09	0.0126836
1.25096e-09	0.0126791
1.25153e-09	0.0126736
1.25209e-09	0.012667
1.25265e-09	0.0126594
1.25322e-09	0.0126508
1.25378e-09	0.0126412
1.25435e-09	0.0126305
1.25491e-09	0.0126188
1.25548e-09	0.0126061
1.25604e-09	0.0125923
1.2566e-09	0.0125775
1.25717e-09	0.0125617
1.25773e-09	0.0125448
1.2583e-09	0.0125268
1.25886e-09	0.0125078
1.25943e-09	0.0124878
1.25999e-09	0.0124667
1.26055e-09	0.0124445
1.26112e-09	0.0124213
1.26168e-09	0.012397
1.26225e-09	0.0123717
1.26281e-09	0.0123453
1.26338e-09	0.0123178
1.26394e-09	0.0122893
1.2645e-09	0.0122597
1.26507e-09	0.012229
1.26563e-09	0.0121973
1.2662e-09	0.0121645
1.26676e-09	0.0121306
1.26733e-09	0.0120957
1.26789e-09	0.0120596
1.26845e-09	0.0120225
1.26902e-09	0.0119844
1.26958e-09	0.0119451
1.27015e-09	0.0119048
1.27071e-09	0.0118634
1.27128e-09	0.0118209
1.27184e-09	0.0117774
1.2724e-09	0.0117327
1.27297e-09	0.011687
1.27353e-09	0.0116402
1.2741e-09	0.0115923
1.27466e-09	0.0115434
1.27523e-09	0.0114934
1.27579e-09	0.0114423
1.27635e-09	0.0113901
1.27692e-09	0.0113368
1.27748e-09	0.0112825
1.27805e-09	0.0112271
1.27861e-09	0.0111706
1.27918e-09	0.011113
1.27974e-09	0.0110544
1.2803e-09	0.0109947
1.28087e-09	0.0109339
1.28143e-09	0.0108721
1.282e-09	0.0108092
1.28256e-09	0.0107452
1.28312e-09	0.0106802
1.28369e-09	0.010614
1.28425e-09	0.0105469
1.28482e-09	0.0104786
1.28538e-09	0.0104094
1.28595e-09	0.010339
1.28651e-09	0.0102676
1.28707e-09	0.0101952
1.28764e-09	0.0101217
1.2882e-09	0.0100471
1.28877e-09	0.00997151
1.28933e-09	0.00989487
1.2899e-09	0.00981719
1.29046e-09	0.00973847
1.29102e-09	0.00965871
1.29159e-09	0.00957793
1.29215e-09	0.00949611
1.29272e-09	0.00941326
1.29328e-09	0.0093294
1.29385e-09	0.00924451
1.29441e-09	0.0091586
1.29497e-09	0.00907168
1.29554e-09	0.00898375
1.2961e-09	0.00889482
1.29667e-09	0.00880488
1.29723e-09	0.00871394
1.2978e-09	0.00862201
1.29836e-09	0.00852908
1.29892e-09	0.00843517
1.29949e-09	0.00834027
1.30005e-09	0.0082444
1.30062e-09	0.00814755
1.30118e-09	0.00804973
1.30175e-09	0.00795094
1.30231e-09	0.00785119
1.30287e-09	0.00775049
1.30344e-09	0.00764883
1.304e-09	0.00754623
1.30457e-09	0.00744268
1.30513e-09	0.0073382
1.3057e-09	0.00723278
1.30626e-09	0.00712644
1.30682e-09	0.00701918
1.30739e-09	0.006911
1.30795e-09	0.00680191
1.30852e-09	0.00669192
1.30908e-09	0.00658103
1.30965e-09	0.00646924
1.31021e-09	0.00635657
1.31077e-09	0.00624301
1.31134e-09	0.00612858
1.3119e-09	0.00601328
1.31247e-09	0.00589711
1.31303e-09	0.00578009
1.31359e-09	0.00566222
1.31416e-09	0.00554351
1.31472e-09	0.00542396
1.31529e-09	0.00530357
1.31585e-09	0.00518237
1.31642e-09	0.00506034
1.31698e-09	0.00493751
1.31754e-09	0.00481387
1.31811e-09	0.00468944
1.31867e-09	0.00456422
1.31924e-09	0.00443822
1.3198e-09	0.00431144
1.32037e-09	0.0041839
1.32093e-09	0.0040556
1.32149e-09	0.00392654
1.32206e-09	0.00379674
1.32262e-09	0.00366621
1.32319e-09	0.00353495
1.32375e-09	0.00340297
1.32432e-09	0.00327028
1.32488e-09	0.00313688
1.32544e-09	0.00300279
1.32601e-09	0.00286801
1.32657e-09	0.00273255
1.32714e-09	0.00259642
1.3277e-09	0.00245963
1.32827e-09	0.00232219
1.32883e-09	0.0021841
1.32939e-09	0.00204538
1.32996e-09	0.00190603
1.33052e-09	0.00176606
1.33109e-09	0.00162548
1.33165e-09	0.00148431
1.33222e-09	0.00134254
1.33278e-09	0.00120019
1.33334e-09	0.00105727
1.33391e-09	0.000913791
1.33447e-09	0.000769756
1.33504e-09	0.000625179
1.3356e-09	0.000480068
1.33617e-09	0.000334433
1.33673e-09	0.000188284
1.33729e-09	4.16311e-05
1.33786e-09	-0.000105516
1.33842e-09	-0.000253147
1.33899e-09	-0.000401253
1.33955e-09	-0.000549822
1.34012e-09	-0.000698844
1.34068e-09	-0.00084831
1.34124e-09	-0.000998209
1.34181e-09	-0.00114853
1.34237e-09	-0.00129926
1.34294e-09	-0.0014504
1.3435e-09	-0.00160192
1.34406e-09	-0.00175383
1.34463e-09	-0.0019061
1.34519e-09	-0.00205874
1.34576e-09	-0.00221172
1.34632e-09	-0.00236503
1.34689e-09	-0.00251868
1.34745e-09	-0.00267263
1.34801e-09	-0.00282689
1.34858e-09	-0.00298144
1.34914e-09	-0.00313627
1.34971e-09	-0.00329138
1.35027e-09	-0.00344673
1.35084e-09	-0.00360234
1.3514e-09	-0.00375818
1.35196e-09	-0.00391424
1.35253e-09	-0.00407052
1.35309e-09	-0.00422699
1.35366e-09	-0.00438366
1.35422e-09	-0.0045405
1.35479e-09	-0.0046975
1.35535e-09	-0.00485466
1.35591e-09	-0.00501195
1.35648e-09	-0.00516938
1.35704e-09	-0.00532692
1.35761e-09	-0.00548457
1.35817e-09	-0.00564231
1.35874e-09	-0.00580013
1.3593e-09	-0.00595801
1.35986e-09	-0.00611596
1.36043e-09	-0.00627394
1.36099e-09	-0.00643196
1.36156e-09	-0.00658999
1.36212e-09	-0.00674803
1.36269e-09	-0.00690607
1.36325e-09	-0.00706408
1.36381e-09	-0.00722207
1.36438e-09	-0.00738001
1.36494e-09	-0.00753789
1.36551e-09	-0.0076957
1.36607e-09	-0.00785343
1.36664e-09	-0.00801106
1.3672e-09	-0.00816859
1.36776e-09	-0.008326
1.36833e-09	-0.00848327
1.36889e-09	-0.00864039
1.36946e-09	-0.00879736
1.37002e-09	-0.00895415
1.37059e-09	-0.00911076
1.37115e-09	-0.00926717
1.37171e-09	-0.00942336
1.37228e-09	-0.00957934
1.37284e-09	-0.00973507
1.37341e-09	-0.00989055
1.37397e-09	-0.0100458
1.37453e-09	-0.0102007
1.3751e-09	-0.0103554
1.37566e-09	-0.0105097
1.37623e-09	-0.0106637
1.37679e-09	-0.0108174
1.37736e-09	-0.0109708
1.37792e-09	-0.0111238
1.37848e-09	-0.0112764
1.37905e-09	-0.0114287
1.37961e-09	-0.0115805
1.38018e-09	-0.011732
1.38074e-09	-0.011883
1.38131e-09	-0.0120336
1.38187e-09	-0.0121837
1.38243e-09	-0.0123333
1.383e-09	-0.0124825
1.38356e-09	-0.0126312
1.38413e-09	-0.0127794
1.38469e-09	-0.0129271
1.38526e-09	-0.0130743
1.38582e-09	-0.0132209
1.38638e-09	-0.0133669
1.38695e-09	-0.0135124
1.38751e-09	-0.0136573
1.38808e-09	-0.0138016
1.38864e-09	-0.0139452
1.38921e-09	-0.0140883
1.38977e-09	-0.0142307
1.39033e-09	-0.0143725
1.3909e-09	-0.0145136
1.39146e-09	-0.014654
1.39203e-09	-0.0147938
1.39259e-09	-0.0149328
1.39316e-09	-0.0150711
1.39372e-09	-0.0152087
1.39428e-09	-0.0153455
1.39485e-09	-0.0154816
1.39541e-09	-0.0156169
1.39598e-09	-0.0157515
1.39654e-09	-0.0158852
1.39711e-09	-0.0160181
1.39767e-09	-0.0161502
1.39823e-09	-0.0162815
1.3988e-09	-0.0164119
1.39936e-09	-0.0165414
1.39993e-09	-0.0166701
1.40049e-09	-0.0167979
1.40106e-09	-0.0169247
1.40162e-09	-0.0170507
1.40218e-09	-0.0171757
1.40275e-09	-0.0172998
1.40331e-09	-0.017423
1.40388e-09	-0.0175452
1.40444e-09	-0.0176663
1.405e-09	-0.0177865
1.40557e-09	-0.0179057
1.40613e-09	-0.0180239
1.4067e-09	-0.0181411
1.40726e-09	-0.0182572
1.40783e-09	-0.0183722
1.40839e-09	-0.0184862
1.40895e-09	-0.0185991
1.40952e-09	-0.0187109
1.41008e-09	-0.0188216
1.41065e-09	-0.0189312
1.41121e-09	-0.0190397
1.41178e-09	-0.019147
1.41234e-09	-0.0192531
1.4129e-09	-0.0193581
1.41347e-09	-0.0194619
1.41403e-09	-0.0195645
1.4146e-09	-0.019666
1.41516e-09	-0.0197662
1.41573e-09	-0.0198651
1.41629e-09	-0.0199629
1.41685e-09	-0.0200594
1.41742e-09	-0.0201546
1.41798e-09	-0.0202485
1.41855e-09	-0.0203412
1.41911e-09	-0.0204326
1.41968e-09	-0.0205226
1.42024e-09	-0.0206114
1.4208e-09	-0.0206988
1.42137e-09	-0.0207848
1.42193e-09	-0.0208695
1.4225e-09	-0.0209529
1.42306e-09	-0.0210349
1.42363e-09	-0.0211155
1.42419e-09	-0.0211947
1.42475e-09	-0.0212724
1.42532e-09	-0.0213488
1.42588e-09	-0.0214237
1.42645e-09	-0.0214972
1.42701e-09	-0.0215693
1.42758e-09	-0.0216399
1.42814e-09	-0.021709
1.4287e-09	-0.0217766
1.42927e-09	-0.0218428
1.42983e-09	-0.0219074
1.4304e-09	-0.0219705
1.43096e-09	-0.0220321
1.43153e-09	-0.0220922
1.43209e-09	-0.0221508
1.43265e-09	-0.0222077
1.43322e-09	-0.0222632
1.43378e-09	-0.022317
1.43435e-09	-0.0223693
1.43491e-09	-0.02242
1.43547e-09	-0.0224691
1.43604e-09	-0.0225166
1.4366e-09	-0.0225625
1.43717e-09	-0.0226067
1.43773e-09	-0.0226493
1.4383e-09	-0.0226903
1.43886e-09	-0.0227297
1.43942e-09	-0.0227673
1.43999e-09	-0.0228033
1.44055e-09	-0.0228377
1.44112e-09	-0.0228703
1.44168e-09	-0.0229013
1.44225e-09	-0.0229305
1.44281e-09	-0.0229581
1.44337e-09	-0.0229839
1.44394e-09	-0.0230081
1.4445e-09	-0.0230305
1.44507e-09	-0.0230511
1.44563e-09	-0.02307
1.4462e-09	-0.0230872
1.44676e-09	-0.0231026
1.44732e-09	-0.0231163
1.44789e-09	-0.0231281
1.44845e-09	-0.0231382
1.44902e-09	-0.0231465
1.44958e-09	-0.0231531
1.45015e-09	-0.0231578
1.45071e-09	-0.0231607
1.45127e-09	-0.0231618
1.45184e-09	-0.0231611
1.4524e-09	-0.0231586
1.45297e-09	-0.0231543
1.45353e-09	-0.0231481
1.4541e-09	-0.0231401
1.45466e-09	-0.0231302
1.45522e-09	-0.0231185
1.45579e-09	-0.023105
1.45635e-09	-0.0230896
1.45692e-09	-0.0230723
1.45748e-09	-0.0230532
1.45805e-09	-0.0230322
1.45861e-09	-0.0230093
1.45917e-09	-0.0229845
1.45974e-09	-0.0229579
1.4603e-09	-0.0229294
1.46087e-09	-0.022899
1.46143e-09	-0.0228667
1.462e-09	-0.0228324
1.46256e-09	-0.0227963
1.46312e-09	-0.0227583
1.46369e-09	-0.0227184
1.46425e-09	-0.0226766
1.46482e-09	-0.0226328
1.46538e-09	-0.0225872
1.46594e-09	-0.0225396
1.46651e-09	-0.0224901
1.46707e-09	-0.0224387
1.46764e-09	-0.0223854
1.4682e-09	-0.0223301
1.46877e-09	-0.0222729
1.46933e-09	-0.0222138
1.46989e-09	-0.0221527
1.47046e-09	-0.0220897
1.47102e-09	-0.0220248
1.47159e-09	-0.0219579
1.47215e-09	-0.0218892
1.47272e-09	-0.0218184
1.47328e-09	-0.0217458
1.47384e-09	-0.0216712
1.47441e-09	-0.0215946
1.47497e-09	-0.0215161
1.47554e-09	-0.0214357
1.4761e-09	-0.0213534
1.47667e-09	-0.0212691
1.47723e-09	-0.0211829
1.47779e-09	-0.0210947
1.47836e-09	-0.0210046
1.47892e-09	-0.0209126
1.47949e-09	-0.0208187
1.48005e-09	-0.0207228
1.48062e-09	-0.0206249
1.48118e-09	-0.0205252
1.48174e-09	-0.0204235
1.48231e-09	-0.0203199
1.48287e-09	-0.0202144
1.48344e-09	-0.020107
1.484e-09	-0.0199976
1.48457e-09	-0.0198864
1.48513e-09	-0.0197732
1.48569e-09	-0.0196581
1.48626e-09	-0.0195411
1.48682e-09	-0.0194222
1.48739e-09	-0.0193014
1.48795e-09	-0.0191787
1.48852e-09	-0.0190541
1.48908e-09	-0.0189277
1.48964e-09	-0.0187993
1.49021e-09	-0.0186691
1.49077e-09	-0.0185369
1.49134e-09	-0.018403
1.4919e-09	-0.0182671
1.49247e-09	-0.0181294
1.49303e-09	-0.0179898
1.49359e-09	-0.0178484
1.49416e-09	-0.0177052
1.49472e-09	-0.01756
1.49529e-09	-0.0174131
1.49585e-09	-0.0172643
1.49641e-09	-0.0171138
1.49698e-09	-0.0169613
1.49754e-09	-0.0168071
1.49811e-09	-0.0166511
1.49867e-09	-0.0164933
1.49924e-09	-0.0163337
1.4998e-09	-0.0161723
1.50036e-09	-0.0160091
1.50093e-09	-0.0158442
1.50149e-09	-0.0156775
1.50206e-09	-0.0155091
1.50262e-09	-0.0153389
1.50319e-09	-0.0151669
1.50375e-09	-0.0149933
1.50431e-09	-0.0148179
1.50488e-09	-0.0146408
1.50544e-09	-0.014462
1.50601e-09	-0.0142815
1.50657e-09	-0.0140993
1.50714e-09	-0.0139154
1.5077e-09	-0.0137299
1.50826e-09	-0.0135427
1.50883e-09	-0.0133539
1.50939e-09	-0.0131634
1.50996e-09	-0.0129713
1.51052e-09	-0.0127776
1.51109e-09	-0.0125823
1.51165e-09	-0.0123853
1.51221e-09	-0.0121868
1.51278e-09	-0.0119867
1.51334e-09	-0.0117851
1.51391e-09	-0.0115819
1.51447e-09	-0.0113771
1.51504e-09	-0.0111708
1.5156e-09	-0.010963
1.51616e-09	-0.0107537
1.51673e-09	-0.0105428
1.51729e-09	-0.0103305
1.51786e-09	-0.0101167
1.51842e-09	-0.00990151
1.51899e-09	-0.00968482
1.51955e-09	-0.00946669
1.52011e-09	-0.00924714
1.52068e-09	-0.00902618
1.52124e-09	-0.00880382
1.52181e-09	-0.00858008
1.52237e-09	-0.00835496
1.52294e-09	-0.00812849
1.5235e-09	-0.00790068
1.52406e-09	-0.00767154
1.52463e-09	-0.00744108
1.52519e-09	-0.00720931
1.52576e-09	-0.00697626
1.52632e-09	-0.00674194
1.52688e-09	-0.00650636
1.52745e-09	-0.00626954
1.52801e-09	-0.00603148
1.52858e-09	-0.00579221
1.52914e-09	-0.00555175
1.52971e-09	-0.0053101
1.53027e-09	-0.00506728
1.53083e-09	-0.00482331
1.5314e-09	-0.0045782
1.53196e-09	-0.00433197
1.53253e-09	-0.00408464
1.53309e-09	-0.00383621
1.53366e-09	-0.00358672
1.53422e-09	-0.00333616
1.53478e-09	-0.00308457
1.53535e-09	-0.00283195
1.53591e-09	-0.00257833
1.53648e-09	-0.00232372
1.53704e-09	-0.00206814
1.53761e-09	-0.0018116
1.53817e-09	-0.00155412
1.53873e-09	-0.00129572
1.5393e-09	-0.00103642
1.53986e-09	-0.000776232
1.54043e-09	-0.000515178
1.54099e-09	-0.000253274
1.54156e-09	9.46183e-06
1.54212e-09	0.000273011
1.54268e-09	0.000537355
1.54325e-09	0.000802475
1.54381e-09	0.00106835
1.54438e-09	0.00133497
1.54494e-09	0.00160231
1.54551e-09	0.00187035
1.54607e-09	0.00213908
1.54663e-09	0.00240846
1.5472e-09	0.00267849
1.54776e-09	0.00294915
1.54833e-09	0.00322041
1.54889e-09	0.00349226
1.54946e-09	0.00376468
1.55002e-09	0.00403764
1.55058e-09	0.00431113
1.55115e-09	0.00458513
1.55171e-09	0.00485961
1.55228e-09	0.00513456
1.55284e-09	0.00540996
1.55341e-09	0.00568578
1.55397e-09	0.00596201
1.55453e-09	0.00623862
1.5551e-09	0.0065156
1.55566e-09	0.00679292
1.55623e-09	0.00707056
1.55679e-09	0.00734851
1.55735e-09	0.00762673
1.55792e-09	0.00790522
1.55848e-09	0.00818394
1.55905e-09	0.00846289
1.55961e-09	0.00874203
1.56018e-09	0.00902134
1.56074e-09	0.0093008
1.5613e-09	0.0095804
1.56187e-09	0.00986011
1.56243e-09	0.0101399
1.563e-09	0.0104198
1.56356e-09	0.0106997
1.56413e-09	0.0109796
1.56469e-09	0.0112595
1.56525e-09	0.0115394
1.56582e-09	0.0118193
1.56638e-09	0.0120991
1.56695e-09	0.0123788
1.56751e-09	0.0126584
1.56808e-09	0.0129379
1.56864e-09	0.0132172
1.5692e-09	0.0134963
1.56977e-09	0.0137752
1.57033e-09	0.014054
1.5709e-09	0.0143324
1.57146e-09	0.0146106
1.57203e-09	0.0148885
1.57259e-09	0.0151661
1.57315e-09	0.0154434
1.57372e-09	0.0157203
1.57428e-09	0.0159968
1.57485e-09	0.0162729
1.57541e-09	0.0165485
1.57598e-09	0.0168238
1.57654e-09	0.0170985
1.5771e-09	0.0173728
1.57767e-09	0.0176465
1.57823e-09	0.0179197
1.5788e-09	0.0181923
1.57936e-09	0.0184643
1.57993e-09	0.0187357
1.58049e-09	0.0190065
1.58105e-09	0.0192766
1.58162e-09	0.019546
1.58218e-09	0.0198148
1.58275e-09	0.0200828
1.58331e-09	0.02035
1.58387e-09	0.0206165
1.58444e-09	0.0208821
1.585e-09	0.0211469
1.58557e-09	0.0214109
1.58613e-09	0.0216741
1.5867e-09	0.0219363
1.58726e-09	0.0221976
1.58782e-09	0.0224579
1.58839e-09	0.0227173
1.58895e-09	0.0229758
1.58952e-09	0.0232332
1.59008e-09	0.0234895
1.59065e-09	0.0237448
1.59121e-09	0.0239991
1.59177e-09	0.0242522
1.59234e-09	0.0245042
1.5929e-09	0.024755
1.59347e-09	0.0250047
1.59403e-09	0.0252532
1.5946e-09	0.0255004
1.59516e-09	0.0257464
1.59572e-09	0.0259912
1.59629e-09	0.0262346
1.59685e-09	0.0264767
1.59742e-09	0.0267175
1.59798e-09	0.026957
1.59855e-09	0.027195
1.59911e-09	0.0274317
1.59967e-09	0.0276669
1.60024e-09	0.0279007
1.6008e-09	0.028133
1.60137e-09	0.0283638
1.60193e-09	0.0285931
1.6025e-09	0.0288208
1.60306e-09	0.029047
1.60362e-09	0.0292716
1.60419e-09	0.0294946
1.60475e-09	0.0297159
1.60532e-09	0.0299356
1.60588e-09	0.0301536
1.60645e-09	0.0303699
1.60701e-09	0.0305845
1.60757e-09	0.0307974
1.60814e-09	0.0310085
1.6087e-09	0.0312178
1.60927e-09	0.0314252
1.60983e-09	0.0316309
1.6104e-09	0.0318347
1.61096e-09	0.0320367
1.61152e-09	0.0322367
1.61209e-09	0.0324348
1.61265e-09	0.032631
1.61322e-09	0.0328252
1.61378e-09	0.0330175
1.61434e-09	0.0332077
1.61491e-09	0.0333959
1.61547e-09	0.0335821
1.61604e-09	0.0337662
1.6166e-09	0.0339482
1.61717e-09	0.0341281
1.61773e-09	0.0343059
1.61829e-09	0.0344816
1.61886e-09	0.034655
1.61942e-09	0.0348263
1.61999e-09	0.0349954
1.62055e-09	0.0351623
1.62112e-09	0.0353269
1.62168e-09	0.0354892
1.62224e-09	0.0356493
1.62281e-09	0.035807
1.62337e-09	0.0359624
1.62394e-09	0.0361155
1.6245e-09	0.0362662
1.62507e-09	0.0364146
1.62563e-09	0.0365605
1.62619e-09	0.036704
1.62676e-09	0.0368451
1.62732e-09	0.0369837
1.62789e-09	0.0371198
1.62845e-09	0.0372535
1.62902e-09	0.0373846
1.62958e-09	0.0375132
1.63014e-09	0.0376393
1.63071e-09	0.0377628
1.63127e-09	0.0378837
1.63184e-09	0.038002
1.6324e-09	0.0381177
1.63297e-09	0.0382308
1.63353e-09	0.0383412
1.63409e-09	0.038449
1.63466e-09	0.0385541
1.63522e-09	0.0386564
1.63579e-09	0.0387561
1.63635e-09	0.038853
1.63692e-09	0.0389472
1.63748e-09	0.0390386
1.63804e-09	0.0391273
1.63861e-09	0.0392131
1.63917e-09	0.0392962
1.63974e-09	0.0393764
1.6403e-09	0.0394538
1.64087e-09	0.0395283
1.64143e-09	0.0396
1.64199e-09	0.0396688
1.64256e-09	0.0397347
1.64312e-09	0.0397977
1.64369e-09	0.0398577
1.64425e-09	0.0399149
1.64481e-09	0.039969
1.64538e-09	0.0400203
1.64594e-09	0.0400685
1.64651e-09	0.0401138
1.64707e-09	0.040156
1.64764e-09	0.0401953
1.6482e-09	0.0402315
1.64876e-09	0.0402647
1.64933e-09	0.0402949
1.64989e-09	0.040322
1.65046e-09	0.040346
1.65102e-09	0.0403669
1.65159e-09	0.0403848
1.65215e-09	0.0403995
1.65271e-09	0.0404112
1.65328e-09	0.0404197
1.65384e-09	0.0404251
1.65441e-09	0.0404273
1.65497e-09	0.0404264
1.65554e-09	0.0404224
1.6561e-09	0.0404151
1.65666e-09	0.0404047
1.65723e-09	0.0403911
1.65779e-09	0.0403743
1.65836e-09	0.0403543
1.65892e-09	0.0403311
1.65949e-09	0.0403047
1.66005e-09	0.0402751
1.66061e-09	0.0402422
1.66118e-09	0.0402061
1.66174e-09	0.0401667
1.66231e-09	0.0401241
1.66287e-09	0.0400782
1.66344e-09	0.0400291
1.664e-09	0.0399767
1.66456e-09	0.039921
1.66513e-09	0.0398621
1.66569e-09	0.0397998
1.66626e-09	0.0397343
1.66682e-09	0.0396654
1.66739e-09	0.0395933
1.66795e-09	0.0395179
1.66851e-09	0.0394391
1.66908e-09	0.0393571
1.66964e-09	0.0392717
1.67021e-09	0.039183
1.67077e-09	0.039091
1.67134e-09	0.0389957
1.6719e-09	0.038897
1.67246e-09	0.038795
1.67303e-09	0.0386897
1.67359e-09	0.0385811
1.67416e-09	0.0384691
1.67472e-09	0.0383538
1.67528e-09	0.0382352
1.67585e-09	0.0381132
1.67641e-09	0.0379879
1.67698e-09	0.0378593
1.67754e-09	0.0377273
1.67811e-09	0.037592
1.67867e-09	0.0374534
1.67923e-09	0.0373115
1.6798e-09	0.0371662
1.68036e-09	0.0370176
1.68093e-09	0.0368656
1.68149e-09	0.0367104
1.68206e-09	0.0365518
1.68262e-09	0.0363899
1.68318e-09	0.0362247
1.68375e-09	0.0360562
1.68431e-09	0.0358844
1.68488e-09	0.0357092
1.68544e-09	0.0355308
1.68601e-09	0.0353491
1.68657e-09	0.0351641
1.68713e-09	0.0349758
1.6877e-09	0.0347842
1.68826e-09	0.0345894
1.68883e-09	0.0343913
1.68939e-09	0.0341899
1.68996e-09	0.0339853
1.69052e-09	0.0337774
1.69108e-09	0.0335663
1.69165e-09	0.0333519
1.69221e-09	0.0331343
1.69278e-09	0.0329135
1.69334e-09	0.0326895
1.69391e-09	0.0324623
1.69447e-09	0.0322319
1.69503e-09	0.0319983
1.6956e-09	0.0317615
1.69616e-09	0.0315216
1.69673e-09	0.0312785
1.69729e-09	0.0310322
1.69786e-09	0.0307828
1.69842e-09	0.0305303
1.69898e-09	0.0302747
1.69955e-09	0.030016
1.70011e-09	0.0297541
1.70068e-09	0.0294892
1.70124e-09	0.0292213
1.70181e-09	0.0289502
1.70237e-09	0.0286761
1.70293e-09	0.028399
1.7035e-09	0.0281189
1.70406e-09	0.0278358
1.70463e-09	0.0275496
1.70519e-09	0.0272605
1.70575e-09	0.0269684
1.70632e-09	0.0266734
1.70688e-09	0.0263755
1.70745e-09	0.0260746
1.70801e-09	0.0257708
1.70858e-09	0.0254641
1.70914e-09	0.0251546
1.7097e-09	0.0248422
1.71027e-09	0.0245269
1.71083e-09	0.0242088
1.7114e-09	0.0238879
1.71196e-09	0.0235643
1.71253e-09	0.0232378
1.71309e-09	0.0229086
1.71365e-09	0.0225767
1.71422e-09	0.022242
1.71478e-09	0.0219047
1.71535e-09	0.0215646
1.71591e-09	0.0212219
1.71648e-09	0.0208766
1.71704e-09	0.0205286
1.7176e-09	0.020178
1.71817e-09	0.0198248
1.71873e-09	0.0194691
1.7193e-09	0.0191108
1.71986e-09	0.01875
1.72043e-09	0.0183867
1.72099e-09	0.018021
1.72155e-09	0.0176527
1.72212e-09	0.0172821
1.72268e-09	0.016909
1.72325e-09	0.0165335
1.72381e-09	0.0161556
1.72438e-09	0.0157754
1.72494e-09	0.0153929
1.7255e-09	0.0150081
1.72607e-09	0.014621
1.72663e-09	0.0142317
1.7272e-09	0.0138401
1.72776e-09	0.0134463
1.72833e-09	0.0130503
1.72889e-09	0.0126522
1.72945e-09	0.012252
1.73002e-09	0.0118496
1.73058e-09	0.0114452
1.73115e-09	0.0110387
1.73171e-09	0.0106302
1.73228e-09	0.0102197
1.73284e-09	0.00980723
1.7334e-09	0.00939281
1.73397e-09	0.00897646
1.73453e-09	0.00855822
1.7351e-09	0.00813812
1.73566e-09	0.00771618
1.73622e-09	0.00729244
1.73679e-09	0.00686691
1.73735e-09	0.00643962
1.73792e-09	0.00601062
1.73848e-09	0.00557992
1.73905e-09	0.00514755
1.73961e-09	0.00471354
1.74017e-09	0.00427793
1.74074e-09	0.00384074
1.7413e-09	0.003402
1.74187e-09	0.00296175
1.74243e-09	0.00252
1.743e-09	0.0020768
1.74356e-09	0.00163217
1.74412e-09	0.00118615
1.74469e-09	0.00073876
1.74525e-09	0.000290039
1.74582e-09	-0.000159985
1.74638e-09	-0.000611279
1.74695e-09	-0.00106381
1.74751e-09	-0.00151755
1.74807e-09	-0.00197246
1.74864e-09	-0.00242852
1.7492e-09	-0.00288568
1.74977e-09	-0.00334392
1.75033e-09	-0.0038032
1.7509e-09	-0.00426349
1.75146e-09	-0.00472476
1.75202e-09	-0.00518698
1.75259e-09	-0.0056501
1.75315e-09	-0.0061141
1.75372e-09	-0.00657894
1.75428e-09	-0.00704459
1.75485e-09	-0.00751101
1.75541e-09	-0.00797817
1.75597e-09	-0.00844604
1.75654e-09	-0.00891457
1.7571e-09	-0.00938375
1.75767e-09	-0.00985352
1.75823e-09	-0.0103239
1.7588e-09	-0.0107947
1.75936e-09	-0.0112661
1.75992e-09	-0.0117379
1.76049e-09	-0.0122101
1.76105e-09	-0.0126827
1.76162e-09	-0.0131557
1.76218e-09	-0.013629
1.76275e-09	-0.0141026
1.76331e-09	-0.0145764
1.76387e-09	-0.0150504
1.76444e-09	-0.0155246
1.765e-09	-0.0159989
1.76557e-09	-0.0164733
1.76613e-09	-0.0169478
1.76669e-09	-0.0174223
1.76726e-09	-0.0178967
1.76782e-09	-0.0183711
1.76839e-09	-0.0188455
1.76895e-09	-0.0193197
1.76952e-09	-0.0197937
1.77008e-09	-0.0202675
1.77064e-09	-0.0207411
1.77121e-09	-0.0212144
1.77177e-09	-0.0216874
1.77234e-09	-0.02216
1.7729e-09	-0.0226322
1.77347e-09	-0.023104
1.77403e-09	-0.0235754
1.77459e-09	-0.0240462
1.77516e-09	-0.0245165
1.77572e-09	-0.0249862
1.77629e-09	-0.0254552
1.77685e-09	-0.0259236
1.77742e-09	-0.0263913
1.77798e-09	-0.0268583
1.77854e-09	-0.0273245
1.77911e-09	-0.0277898
1.77967e-09	-0.0282544
1.78024e-09	-0.028718
1.7808e-09	-0.0291807
1.78137e-09	-0.0296424
1.78193e-09	-0.0301031
1.78249e-09	-0.0305627
1.78306e-09	-0.0310213
1.78362e-09	-0.0314787
1.78419e-09	-0.0319349
1.78475e-09	-0.03239
1.78532e-09	-0.0328438
1.78588e-09	-0.0332963
1.78644e-09	-0.0337475
1.78701e-09	-0.0341973
1.78757e-09	-0.0346458
1.78814e-09	-0.0350927
1.7887e-09	-0.0355382
1.78927e-09	-0.0359822
1.78983e-09	-0.0364247
1.79039e-09	-0.0368655
1.79096e-09	-0.0373047
1.79152e-09	-0.0377422
1.79209e-09	-0.038178
1.79265e-09	-0.038612
1.79322e-09	-0.0390443
1.79378e-09	-0.0394747
1.79434e-09	-0.0399032
1.79491e-09	-0.0403299
1.79547e-09	-0.0407546
1.79604e-09	-0.0411773
1.7966e-09	-0.0415979
1.79716e-09	-0.0420165
1.79773e-09	-0.042433
1.79829e-09	-0.0428474
1.79886e-09	-0.0432596
1.79942e-09	-0.0436696
1.79999e-09	-0.0440773
1.80055e-09	-0.0444827
1.80111e-09	-0.0448857
1.80168e-09	-0.0452865
1.80224e-09	-0.0456848
1.80281e-09	-0.0460806
1.80337e-09	-0.046474
1.80394e-09	-0.0468648
1.8045e-09	-0.0472531
1.80506e-09	-0.0476388
1.80563e-09	-0.0480218
1.80619e-09	-0.0484022
1.80676e-09	-0.0487798
1.80732e-09	-0.0491548
1.80789e-09	-0.0495269
1.80845e-09	-0.0498962
1.80901e-09	-0.0502626
1.80958e-09	-0.0506262
1.81014e-09	-0.0509868
1.81071e-09	-0.0513445
1.81127e-09	-0.0516991
1.81184e-09	-0.0520507
1.8124e-09	-0.0523993
1.81296e-09	-0.0527447
1.81353e-09	-0.053087
1.81409e-09	-0.0534261
1.81466e-09	-0.0537619
1.81522e-09	-0.0540946
1.81579e-09	-0.0544239
1.81635e-09	-0.0547499
1.81691e-09	-0.0550726
1.81748e-09	-0.0553918
1.81804e-09	-0.0557076
1.81861e-09	-0.05602
1.81917e-09	-0.0563289
1.81974e-09	-0.0566342
1.8203e-09	-0.056936
1.82086e-09	-0.0572342
1.82143e-09	-0.0575287
1.82199e-09	-0.0578196
1.82256e-09	-0.0581068
1.82312e-09	-0.0583903
1.82369e-09	-0.05867
1.82425e-09	-0.0589459
1.82481e-09	-0.059218
1.82538e-09	-0.0594862
1.82594e-09	-0.0597505
1.82651e-09	-0.060011
1.82707e-09	-0.0602674
1.82763e-09	-0.0605199
1.8282e-09	-0.0607684
1.82876e-09	-0.0610128
1.82933e-09	-0.0612532
1.82989e-09	-0.0614894
1.83046e-09	-0.0617216
1.83102e-09	-0.0619495
1.83158e-09	-0.0621733
1.83215e-09	-0.0623928
1.83271e-09	-0.0626081
1.83328e-09	-0.0628191
1.83384e-09	-0.0630258
1.83441e-09	-0.0632282
1.83497e-09	-0.0634262
1.83553e-09	-0.0636198
1.8361e-09	-0.0638091
1.83666e-09	-0.0639938
1.83723e-09	-0.0641741
1.83779e-09	-0.0643499
1.83836e-09	-0.0645212
1.83892e-09	-0.0646879
1.83948e-09	-0.06485
1.84005e-09	-0.0650076
1.84061e-09	-0.0651605
1.84118e-09	-0.0653088
1.84174e-09	-0.0654524
1.84231e-09	-0.0655913
1.84287e-09	-0.0657255
1.84343e-09	-0.0658549
1.844e-09	-0.0659796
1.84456e-09	-0.0660995
1.84513e-09	-0.0662146
1.84569e-09	-0.0663248
1.84626e-09	-0.0664302
1.84682e-09	-0.0665307
1.84738e-09	-0.0666263
1.84795e-09	-0.066717
1.84851e-09	-0.0668027
1.84908e-09	-0.0668835
1.84964e-09	-0.0669593
1.85021e-09	-0.0670301
1.85077e-09	-0.0670959
1.85133e-09	-0.0671567
1.8519e-09	-0.0672124
1.85246e-09	-0.067263
1.85303e-09	-0.0673085
1.85359e-09	-0.0673489
1.85416e-09	-0.0673842
1.85472e-09	-0.0674144
1.85528e-09	-0.0674394
1.85585e-09	-0.0674592
1.85641e-09	-0.0674738
1.85698e-09	-0.0674833
1.85754e-09	-0.0674875
1.8581e-09	-0.0674864
1.85867e-09	-0.0674802
1.85923e-09	-0.0674686
1.8598e-09	-0.0674518
1.86036e-09	-0.0674297
1.86093e-09	-0.0674023
1.86149e-09	-0.0673696
1.86205e-09	-0.0673315
1.86262e-09	-0.0672881
1.86318e-09	-0.0672394
1.86375e-09	-0.0671853
1.86431e-09	-0.0671259
1.86488e-09	-0.0670611
1.86544e-09	-0.0669908
1.866e-09	-0.0669152
1.86657e-09	-0.0668342
1.86713e-09	-0.0667478
1.8677e-09	-0.0666559
1.86826e-09	-0.0665586
1.86883e-09	-0.0664559
1.86939e-09	-0.0663478
1.86995e-09	-0.0662341
1.87052e-09	-0.0661151
1.87108e-09	-0.0659906
1.87165e-09	-0.0658606
1.87221e-09	-0.0657251
1.87278e-09	-0.0655842
1.87334e-09	-0.0654378
1.8739e-09	-0.0652859
1.87447e-09	-0.0651286
1.87503e-09	-0.0649657
1.8756e-09	-0.0647974
1.87616e-09	-0.0646236
1.87673e-09	-0.0644442
1.87729e-09	-0.0642594
1.87785e-09	-0.0640692
1.87842e-09	-0.0638734
1.87898e-09	-0.0636721
1.87955e-09	-0.0634653
1.88011e-09	-0.0632531
1.88068e-09	-0.0630354
1.88124e-09	-0.0628122
1.8818e-09	-0.0625835
1.88237e-09	-0.0623493
1.88293e-09	-0.0621097
1.8835e-09	-0.0618646
1.88406e-09	-0.061614
1.88463e-09	-0.0613579
1.88519e-09	-0.0610965
1.88575e-09	-0.0608295
1.88632e-09	-0.0605572
1.88688e-09	-0.0602794
1.88745e-09	-0.0599961
1.88801e-09	-0.0597075
1.88857e-09	-0.0594134
1.88914e-09	-0.0591139
1.8897e-09	-0.0588091
1.89027e-09	-0.0584988
1.89083e-09	-0.0581832
1.8914e-09	-0.0578622
1.89196e-09	-0.0575359
1.89252e-09	-0.0572042
1.89309e-09	-0.0568672
1.89365e-09	-0.0565249
1.89422e-09	-0.0561773
1.89478e-09	-0.0558244
1.89535e-09	-0.0554662
1.89591e-09	-0.0551027
1.89647e-09	-0.054734
1.89704e-09	-0.0543601
1.8976e-09	-0.0539809
1.89817e-09	-0.0535966
1.89873e-09	-0.053207
1.8993e-09	-0.0528123
1.89986e-09	-0.0524124
1.90042e-09	-0.0520074
1.90099e-09	-0.0515973
1.90155e-09	-0.0511821
1.90212e-09	-0.0507618
1.90268e-09	-0.0503364
1.90325e-09	-0.049906
1.90381e-09	-0.0494706
1.90437e-09	-0.0490301
1.90494e-09	-0.0485847
1.9055e-09	-0.0481344
1.90607e-09	-0.0476791
1.90663e-09	-0.0472189
1.9072e-09	-0.0467538
1.90776e-09	-0.0462839
1.90832e-09	-0.0458091
1.90889e-09	-0.0453295
1.90945e-09	-0.044845
1.91002e-09	-0.0443559
1.91058e-09	-0.043862
1.91115e-09	-0.0433633
1.91171e-09	-0.04286
1.91227e-09	-0.0423521
1.91284e-09	-0.0418395
1.9134e-09	-0.0413222
1.91397e-09	-0.0408005
1.91453e-09	-0.0402741
1.9151e-09	-0.0397433
1.91566e-09	-0.0392079
1.91622e-09	-0.0386681
1.91679e-09	-0.0381239
1.91735e-09	-0.0375753
1.91792e-09	-0.0370223
1.91848e-09	-0.0364649
1.91904e-09	-0.0359033
1.91961e-09	-0.0353374
1.92017e-09	-0.0347673
1.92074e-09	-0.0341929
1.9213e-09	-0.0336144
1.92187e-09	-0.0330318
1.92243e-09	-0.032445
1.92299e-09	-0.0318542
1.92356e-09	-0.0312594
1.92412e-09	-0.0306605
1.92469e-09	-0.0300578
1.92525e-09	-0.029451
1.92582e-09	-0.0288405
1.92638e-09	-0.028226
1.92694e-09	-0.0276078
1.92751e-09	-0.0269858
1.92807e-09	-0.02636
1.92864e-09	-0.0257306
1.9292e-09	-0.0250975
1.92977e-09	-0.0244608
1.93033e-09	-0.0238205
1.93089e-09	-0.0231767
1.93146e-09	-0.0225294
1.93202e-09	-0.0218787
1.93259e-09	-0.0212246
1.93315e-09	-0.0205671
1.93372e-09	-0.0199063
1.93428e-09	-0.0192422
1.93484e-09	-0.0185748
1.93541e-09	-0.0179043
1.93597e-09	-0.0172306
1.93654e-09	-0.0165539
1.9371e-09	-0.015874
1.93767e-09	-0.0151912
1.93823e-09	-0.0145054
1.93879e-09	-0.0138167
1.93936e-09	-0.0131251
1.93992e-09	-0.0124306
1.94049e-09	-0.0117334
1.94105e-09	-0.0110335
1.94162e-09	-0.0103309
1.94218e-09	-0.00962563
1.94274e-09	-0.00891778
1.94331e-09	-0.0082074
1.94387e-09	-0.00749452
1.94444e-09	-0.0067792
1.945e-09	-0.00606149
1.94556e-09	-0.00534144
1.94613e-09	-0.00461909
1.94669e-09	-0.0038945
1.94726e-09	-0.00316773
1.94782e-09	-0.00243881
1.94839e-09	-0.00170781
1.94895e-09	-0.00097477
1.94951e-09	-0.000239746
1.95008e-09	0.000497208
1.95064e-09	0.00123604
1.95121e-09	0.0019767
1.95177e-09	0.00271913
1.95234e-09	0.00346328
1.9529e-09	0.0042091
1.95346e-09	0.00495653
1.95403e-09	0.00570551
1.95459e-09	0.006456
1.95516e-09	0.00720794
1.95572e-09	0.00796127
1.95629e-09	0.00871593
1.95685e-09	0.00947188
1.95741e-09	0.0102291
1.95798e-09	0.0109874
1.95854e-09	0.0117468
1.95911e-09	0.0125074
1.95967e-09	0.0132689
1.96024e-09	0.0140313
1.9608e-09	0.0147947
1.96136e-09	0.0155588
1.96193e-09	0.0163238
1.96249e-09	0.0170894
1.96306e-09	0.0178558
1.96362e-09	0.0186227
1.96419e-09	0.0193901
1.96475e-09	0.020158
1.96531e-09	0.0209264
1.96588e-09	0.0216951
1.96644e-09	0.0224641
1.96701e-09	0.0232334
1.96757e-09	0.0240028
1.96814e-09	0.0247724
1.9687e-09	0.025542
1.96926e-09	0.0263116
1.96983e-09	0.0270812
1.97039e-09	0.0278506
1.97096e-09	0.0286199
1.97152e-09	0.029389
1.97209e-09	0.0301577
1.97265e-09	0.0309261
1.97321e-09	0.0316941
1.97378e-09	0.0324616
1.97434e-09	0.0332285
1.97491e-09	0.0339948
1.97547e-09	0.0347605
1.97603e-09	0.0355255
1.9766e-09	0.0362896
1.97716e-09	0.0370529
1.97773e-09	0.0378153
1.97829e-09	0.0385768
1.97886e-09	0.0393371
1.97942e-09	0.0400964
1.97998e-09	0.0408546
1.98055e-09	0.0416115
1.98111e-09	0.0423671
1.98168e-09	0.0431214
1.98224e-09	0.0438742
1.98281e-09	0.0446256
1.98337e-09	0.0453755
1.98393e-09	0.0461237
1.9845e-09	0.0468704
1.98506e-09	0.0476152
1.98563e-09	0.0483583
1.98619e-09	0.0490996
1.98676e-09	0.0498389
1.98732e-09	0.0505763
1.98788e-09	0.0513116
1.98845e-09	0.0520448
1.98901e-09	0.0527759
1.98958e-09	0.0535047
1.99014e-09	0.0542313
1.99071e-09	0.0549555
1.99127e-09	0.0556773
1.99183e-09	0.0563966
1.9924e-09	0.0571134
1.99296e-09	0.0578276
1.99353e-09	0.0585391
1.99409e-09	0.059248
1.99466e-09	0.059954
1.99522e-09	0.0606571
1.99578e-09	0.0613574
1.99635e-09	0.0620547
1.99691e-09	0.062749
1.99748e-09	0.0634401
1.99804e-09	0.0641281
1.99861e-09	0.0648129
1.99917e-09	0.0654944
1.99973e-09	0.0661725
2.0003e-09	0.0668473
2.00086e-09	0.0675186
2.00143e-09	0.0681863
2.00199e-09	0.0688505
2.00256e-09	0.069511
2.00312e-09	0.0701678
2.00368e-09	0.0708209
2.00425e-09	0.0714701
2.00481e-09	0.0721154
2.00538e-09	0.0727567
2.00594e-09	0.0733941
2.0065e-09	0.0740274
2.00707e-09	0.0746565
2.00763e-09	0.0752815
2.0082e-09	0.0759022
2.00876e-09	0.0765186
2.00933e-09	0.0771306
2.00989e-09	0.0777382
2.01045e-09	0.0783413
2.01102e-09	0.0789398
2.01158e-09	0.0795338
2.01215e-09	0.0801231
2.01271e-09	0.0807077
2.01328e-09	0.0812875
2.01384e-09	0.0818624
2.0144e-09	0.0824325
2.01497e-09	0.0829976
2.01553e-09	0.0835578
2.0161e-09	0.0841128
2.01666e-09	0.0846628
2.01723e-09	0.0852075
2.01779e-09	0.0857471
2.01835e-09	0.0862814
2.01892e-09	0.0868103
2.01948e-09	0.0873338
2.02005e-09	0.0878519
2.02061e-09	0.0883645
2.02118e-09	0.0888715
2.02174e-09	0.0893729
2.0223e-09	0.0898687
2.02287e-09	0.0903587
2.02343e-09	0.090843
2.024e-09	0.0913214
2.02456e-09	0.091794
2.02513e-09	0.0922607
2.02569e-09	0.0927213
2.02625e-09	0.093176
2.02682e-09	0.0936246
2.02738e-09	0.094067
2.02795e-09	0.0945033
2.02851e-09	0.0949334
2.02908e-09	0.0953571
2.02964e-09	0.0957746
2.0302e-09	0.0961857
2.03077e-09	0.0965903
2.03133e-09	0.0969885
2.0319e-09	0.0973802
2.03246e-09	0.0977653
2.03303e-09	0.0981438
2.03359e-09	0.0985157
2.03415e-09	0.0988808
2.03472e-09	0.0992392
2.03528e-09	0.0995908
2.03585e-09	0.0999356
2.03641e-09	0.100274
2.03697e-09	0.100605
2.03754e-09	0.100929
2.0381e-09	0.101246
2.03867e-09	0.101555
2.03923e-09	0.101858
2.0398e-09	0.102154
2.04036e-09	0.102443
2.04092e-09	0.102724
2.04149e-09	0.102998
2.04205e-09	0.103265
2.04262e-09	0.103524
2.04318e-09	0.103776
2.04375e-09	0.104021
2.04431e-09	0.104258
2.04487e-09	0.104488
2.04544e-09	0.10471
2.046e-09	0.104925
2.04657e-09	0.105132
2.04713e-09	0.105332
2.0477e-09	0.105524
2.04826e-09	0.105708
2.04882e-09	0.105884
2.04939e-09	0.106053
2.04995e-09	0.106214
2.05052e-09	0.106367
2.05108e-09	0.106512
2.05165e-09	0.106649
2.05221e-09	0.106778
2.05277e-09	0.1069
2.05334e-09	0.107013
2.0539e-09	0.107119
2.05447e-09	0.107216
2.05503e-09	0.107305
2.0556e-09	0.107387
2.05616e-09	0.10746
2.05672e-09	0.107525
2.05729e-09	0.107582
2.05785e-09	0.10763
2.05842e-09	0.107671
2.05898e-09	0.107703
2.05955e-09	0.107727
2.06011e-09	0.107743
2.06067e-09	0.10775
2.06124e-09	0.107749
2.0618e-09	0.10774
2.06237e-09	0.107722
2.06293e-09	0.107696
2.0635e-09	0.107662
2.06406e-09	0.107619
2.06462e-09	0.107568
2.06519e-09	0.107508
2.06575e-09	0.10744
2.06632e-09	0.107363
2.06688e-09	0.107278
2.06744e-09	0.107184
2.06801e-09	0.107082
2.06857e-09	0.106971
2.06914e-09	0.106852
2.0697e-09	0.106724
2.07027e-09	0.106588
2.07083e-09	0.106442
2.07139e-09	0.106289
2.07196e-09	0.106127
2.07252e-09	0.105956
2.07309e-09	0.105776
2.07365e-09	0.105588
2.07422e-09	0.105392
2.07478e-09	0.105186
2.07534e-09	0.104972
2.07591e-09	0.10475
2.07647e-09	0.104518
2.07704e-09	0.104278
2.0776e-09	0.10403
2.07817e-09	0.103773
2.07873e-09	0.103507
2.07929e-09	0.103232
2.07986e-09	0.102949
2.08042e-09	0.102657
2.08099e-09	0.102356
2.08155e-09	0.102047
2.08212e-09	0.101729
2.08268e-09	0.101403
2.08324e-09	0.101068
2.08381e-09	0.100724
2.08437e-09	0.100371
2.08494e-09	0.10001
2.0855e-09	0.0996408
2.08607e-09	0.0992625
2.08663e-09	0.0988757
2.08719e-09	0.0984802
2.08776e-09	0.0980762
2.08832e-09	0.0976636
2.08889e-09	0.0972424
2.08945e-09	0.0968127
2.09002e-09	0.0963744
2.09058e-09	0.0959277
2.09114e-09	0.0954724
2.09171e-09	0.0950086
2.09227e-09	0.0945364
2.09284e-09	0.0940557
2.0934e-09	0.0935665
2.09397e-09	0.093069
2.09453e-09	0.092563
2.09509e-09	0.0920486
2.09566e-09	0.0915259
2.09622e-09	0.0909948
2.09679e-09	0.0904554
2.09735e-09	0.0899077
2.09791e-09	0.0893517
2.09848e-09	0.0887875
2.09904e-09	0.088215
2.09961e-09	0.0876343
2.10017e-09	0.0870454
2.10074e-09	0.0864484
2.1013e-09	0.0858432
2.10186e-09	0.08523
2.10243e-09	0.0846086
2.10299e-09	0.0839792
2.10356e-09	0.0833418
2.10412e-09	0.0826965
2.10469e-09	0.0820431
2.10525e-09	0.0813819
2.10581e-09	0.0807127
2.10638e-09	0.0800357
2.10694e-09	0.0793509
2.10751e-09	0.0786583
2.10807e-09	0.0779579
2.10864e-09	0.0772498
2.1092e-09	0.0765341
2.10976e-09	0.0758107
2.11033e-09	0.0750796
2.11089e-09	0.0743411
2.11146e-09	0.073595
2.11202e-09	0.0728414
2.11259e-09	0.0720804
2.11315e-09	0.0713119
2.11371e-09	0.0705361
2.11428e-09	0.069753
2.11484e-09	0.0689626
2.11541e-09	0.068165
2.11597e-09	0.0673602
2.11654e-09	0.0665483
2.1171e-09	0.0657292
2.11766e-09	0.0649032
2.11823e-09	0.0640701
2.11879e-09	0.0632301
2.11936e-09	0.0623831
2.11992e-09	0.0615293
2.12049e-09	0.0606687
2.12105e-09	0.0598014
2.12161e-09	0.0589274
2.12218e-09	0.0580467
2.12274e-09	0.0571594
2.12331e-09	0.0562656
2.12387e-09	0.0553653
2.12444e-09	0.0544585
2.125e-09	0.0535454
2.12556e-09	0.052626
2.12613e-09	0.0517003
2.12669e-09	0.0507683
2.12726e-09	0.0498303
2.12782e-09	0.0488861
2.12838e-09	0.047936
2.12895e-09	0.0469798
2.12951e-09	0.0460177
2.13008e-09	0.0450498
2.13064e-09	0.0440761
2.13121e-09	0.0430967
2.13177e-09	0.0421116
2.13233e-09	0.0411209
2.1329e-09	0.0401247
2.13346e-09	0.039123
2.13403e-09	0.0381159
2.13459e-09	0.0371034
2.13516e-09	0.0360857
2.13572e-09	0.0350627
2.13628e-09	0.0340347
2.13685e-09	0.0330015
2.13741e-09	0.0319634
2.13798e-09	0.0309203
2.13854e-09	0.0298723
2.13911e-09	0.0288196
2.13967e-09	0.0277621
2.14023e-09	0.0267
2.1408e-09	0.0256333
2.14136e-09	0.0245621
2.14193e-09	0.0234864
2.14249e-09	0.0224064
2.14306e-09	0.0213221
2.14362e-09	0.0202336
2.14418e-09	0.0191409
2.14475e-09	0.0180442
2.14531e-09	0.0169435
2.14588e-09	0.0158389
2.14644e-09	0.0147304
2.14701e-09	0.0136182
2.14757e-09	0.0125023
2.14813e-09	0.0113828
2.1487e-09	0.0102598
2.14926e-09	0.00913335
2.14983e-09	0.00800353
2.15039e-09	0.00687042
2.15096e-09	0.00573411
2.15152e-09	0.00459467
2.15208e-09	0.0034522
2.15265e-09	0.00230677
2.15321e-09	0.00115846
2.15378e-09	7.3601e-06
2.15434e-09	-0.00114645
2.15491e-09	-0.00230289
2.15547e-09	-0.00346187
2.15603e-09	-0.00462331
2.1566e-09	-0.00578713
2.15716e-09	-0.00695323
2.15773e-09	-0.00812154
2.15829e-09	-0.00929196
2.15885e-09	-0.0104644
2.15942e-09	-0.0116388
2.15998e-09	-0.0128151
2.16055e-09	-0.0139931
2.16111e-09	-0.0151728
2.16168e-09	-0.0163541
2.16224e-09	-0.0175369
2.1628e-09	-0.0187211
2.16337e-09	-0.0199067
2.16393e-09	-0.0210935
2.1645e-09	-0.0222814
2.16506e-09	-0.0234704
2.16563e-09	-0.0246604
2.16619e-09	-0.0258513
2.16675e-09	-0.0270429
2.16732e-09	-0.0282353
2.16788e-09	-0.0294282
2.16845e-09	-0.0306217
2.16901e-09	-0.0318156
2.16958e-09	-0.0330098
2.17014e-09	-0.0342042
2.1707e-09	-0.0353988
2.17127e-09	-0.0365935
2.17183e-09	-0.0377881
2.1724e-09	-0.0389826
2.17296e-09	-0.0401768
2.17353e-09	-0.0413708
2.17409e-09	-0.0425643
2.17465e-09	-0.0437573
2.17522e-09	-0.0449497
2.17578e-09	-0.0461414
2.17635e-09	-0.0473324
2.17691e-09	-0.0485224
2.17748e-09	-0.0497115
2.17804e-09	-0.0508995
2.1786e-09	-0.0520863
2.17917e-09	-0.0532719
2.17973e-09	-0.0544561
2.1803e-09	-0.0556388
2.18086e-09	-0.05682
2.18143e-09	-0.0579995
2.18199e-09	-0.0591773
2.18255e-09	-0.0603533
2.18312e-09	-0.0615273
2.18368e-09	-0.0626993
2.18425e-09	-0.0638692
2.18481e-09	-0.0650369
2.18538e-09	-0.0662022
2.18594e-09	-0.0673652
2.1865e-09	-0.0685256
2.18707e-09	-0.0696834
2.18763e-09	-0.0708385
2.1882e-09	-0.0719908
2.18876e-09	-0.0731402
2.18932e-09	-0.0742867
2.18989e-09	-0.07543
2.19045e-09	-0.0765702
2.19102e-09	-0.0777071
2.19158e-09	-0.0788406
2.19215e-09	-0.0799706
2.19271e-09	-0.0810971
2.19327e-09	-0.0822199
2.19384e-09	-0.0833389
2.1944e-09	-0.0844541
2.19497e-09	-0.0855654
2.19553e-09	-0.0866726
2.1961e-09	-0.0877756
2.19666e-09	-0.0888744
2.19722e-09	-0.0899689
2.19779e-09	-0.091059
2.19835e-09	-0.0921445
2.19892e-09	-0.0932255
2.19948e-09	-0.0943017
2.20005e-09	-0.0953731
2.20061e-09	-0.0964396
2.20117e-09	-0.0975011
2.20174e-09	-0.0985575
2.2023e-09	-0.0996088
2.20287e-09	-0.100655
2.20343e-09	-0.101695
2.204e-09	-0.10273
2.20456e-09	-0.10376
2.20512e-09	-0.104784
2.20569e-09	-0.105802
2.20625e-09	-0.106814
2.20682e-09	-0.107821
2.20738e-09	-0.108821
2.20795e-09	-0.109816
2.20851e-09	-0.110804
2.20907e-09	-0.111786
2.20964e-09	-0.112761
2.2102e-09	-0.11373
2.21077e-09	-0.114692
2.21133e-09	-0.115648
2.2119e-09	-0.116597
2.21246e-09	-0.117539
2.21302e-09	-0.118474
2.21359e-09	-0.119403
2.21415e-09	-0.120324
2.21472e-09	-0.121238
2.21528e-09	-0.122144
2.21585e-09	-0.123044
2.21641e-09	-0.123936
2.21697e-09	-0.12482
2.21754e-09	-0.125697
2.2181e-09	-0.126566
2.21867e-09	-0.127427
2.21923e-09	-0.12828
2.21979e-09	-0.129126
2.22036e-09	-0.129963
2.22092e-09	-0.130792
2.22149e-09	-0.131613
2.22205e-09	-0.132426
2.22262e-09	-0.13323
2.22318e-09	-0.134026
2.22374e-09	-0.134814
2.22431e-09	-0.135592
2.22487e-09	-0.136362
2.22544e-09	-0.137124
2.226e-09	-0.137876
2.22657e-09	-0.13862
2.22713e-09	-0.139354
2.22769e-09	-0.140079
2.22826e-09	-0.140796
2.22882e-09	-0.141503
2.22939e-09	-0.1422
2.22995e-09	-0.142889
2.23052e-09	-0.143567
2.23108e-09	-0.144237
2.23164e-09	-0.144896
2.23221e-09	-0.145546
2.23277e-09	-0.146186
2.23334e-09	-0.146817
2.2339e-09	-0.147437
2.23447e-09	-0.148048
2.23503e-09	-0.148648
2.23559e-09	-0.149238
2.23616e-09	-0.149819
2.23672e-09	-0.150389
2.23729e-09	-0.150948
2.23785e-09	-0.151497
2.23842e-09	-0.152036
2.23898e-09	-0.152564
2.23954e-09	-0.153082
2.24011e-09	-0.153589
2.24067e-09	-0.154085
2.24124e-09	-0.154571
2.2418e-09	-0.155045
2.24237e-09	-0.155509
2.24293e-09	-0.155962
2.24349e-09	-0.156404
2.24406e-09	-0.156835
2.24462e-09	-0.157254
2.24519e-09	-0.157663
2.24575e-09	-0.15806
2.24632e-09	-0.158446
2.24688e-09	-0.15882
2.24744e-09	-0.159184
2.24801e-09	-0.159535
2.24857e-09	-0.159875
2.24914e-09	-0.160204
2.2497e-09	-0.160521
2.25026e-09	-0.160826
2.25083e-09	-0.16112
2.25139e-09	-0.161402
2.25196e-09	-0.161672
2.25252e-09	-0.16193
2.25309e-09	-0.162176
2.25365e-09	-0.16241
2.25421e-09	-0.162632
2.25478e-09	-0.162843
2.25534e-09	-0.163041
2.25591e-09	-0.163227
2.25647e-09	-0.163401
2.25704e-09	-0.163562
2.2576e-09	-0.163712
2.25816e-09	-0.163849
2.25873e-09	-0.163973
2.25929e-09	-0.164086
2.25986e-09	-0.164186
2.26042e-09	-0.164273
2.26099e-09	-0.164348
2.26155e-09	-0.164411
2.26211e-09	-0.164461
2.26268e-09	-0.164498
2.26324e-09	-0.164523
2.26381e-09	-0.164535
2.26437e-09	-0.164535
2.26494e-09	-0.164522
2.2655e-09	-0.164496
2.26606e-09	-0.164457
2.26663e-09	-0.164406
2.26719e-09	-0.164342
2.26776e-09	-0.164265
2.26832e-09	-0.164175
2.26889e-09	-0.164072
2.26945e-09	-0.163957
2.27001e-09	-0.163828
2.27058e-09	-0.163687
2.27114e-09	-0.163533
2.27171e-09	-0.163365
2.27227e-09	-0.163185
2.27284e-09	-0.162992
2.2734e-09	-0.162786
2.27396e-09	-0.162567
2.27453e-09	-0.162334
2.27509e-09	-0.162089
2.27566e-09	-0.161831
2.27622e-09	-0.16156
2.27679e-09	-0.161275
2.27735e-09	-0.160978
2.27791e-09	-0.160667
2.27848e-09	-0.160344
2.27904e-09	-0.160007
2.27961e-09	-0.159658
2.28017e-09	-0.159295
2.28073e-09	-0.158919
2.2813e-09	-0.15853
2.28186e-09	-0.158128
2.28243e-09	-0.157713
2.28299e-09	-0.157285
2.28356e-09	-0.156844
2.28412e-09	-0.156389
2.28468e-09	-0.155922
2.28525e-09	-0.155442
2.28581e-09	-0.154948
2.28638e-09	-0.154442
2.28694e-09	-0.153923
2.28751e-09	-0.15339
2.28807e-09	-0.152845
2.28863e-09	-0.152286
2.2892e-09	-0.151715
2.28976e-09	-0.151131
2.29033e-09	-0.150533
2.29089e-09	-0.149923
2.29146e-09	-0.1493
2.29202e-09	-0.148664
2.29258e-09	-0.148016
2.29315e-09	-0.147354
2.29371e-09	-0.14668
2.29428e-09	-0.145993
2.29484e-09	-0.145293
2.29541e-09	-0.14458
2.29597e-09	-0.143855
2.29653e-09	-0.143117
2.2971e-09	-0.142366
2.29766e-09	-0.141603
2.29823e-09	-0.140827
2.29879e-09	-0.140039
2.29936e-09	-0.139238
2.29992e-09	-0.138425
2.30048e-09	-0.137599
2.30105e-09	-0.136761
2.30161e-09	-0.13591
2.30218e-09	-0.135048
2.30274e-09	-0.134172
2.30331e-09	-0.133285
2.30387e-09	-0.132385
2.30443e-09	-0.131474
2.305e-09	-0.13055
2.30556e-09	-0.129614
2.30613e-09	-0.128666
2.30669e-09	-0.127706
2.30726e-09	-0.126735
2.30782e-09	-0.125751
2.30838e-09	-0.124755
2.30895e-09	-0.123748
2.30951e-09	-0.122729
2.31008e-09	-0.121699
2.31064e-09	-0.120656
2.3112e-09	-0.119603
2.31177e-09	-0.118537
2.31233e-09	-0.117461
2.3129e-09	-0.116372
2.31346e-09	-0.115273
2.31403e-09	-0.114162
2.31459e-09	-0.113041
2.31515e-09	-0.111908
2.31572e-09	-0.110764
2.31628e-09	-0.109609
2.31685e-09	-0.108443
2.31741e-09	-0.107266
2.31798e-09	-0.106078
2.31854e-09	-0.10488
2.3191e-09	-0.103671
2.31967e-09	-0.102451
2.32023e-09	-0.101221
2.3208e-09	-0.0999803
2.32136e-09	-0.0987293
2.32193e-09	-0.0974681
2.32249e-09	-0.0961966
2.32305e-09	-0.094915
2.32362e-09	-0.0936233
2.32418e-09	-0.0923217
2.32475e-09	-0.0910101
2.32531e-09	-0.0896887
2.32588e-09	-0.0883576
2.32644e-09	-0.0870168
2.327e-09	-0.0856664
2.32757e-09	-0.0843066
2.32813e-09	-0.0829373
2.3287e-09	-0.0815587
2.32926e-09	-0.0801709
2.32983e-09	-0.0787739
2.33039e-09	-0.0773679
2.33095e-09	-0.0759529
2.33152e-09	-0.074529
2.33208e-09	-0.0730964
2.33265e-09	-0.071655
2.33321e-09	-0.0702051
2.33378e-09	-0.0687466
2.33434e-09	-0.0672798
2.3349e-09	-0.0658046
2.33547e-09	-0.0643212
2.33603e-09	-0.0628297
2.3366e-09	-0.0613302
2.33716e-09	-0.0598228
2.33772e-09	-0.0583075
2.33829e-09	-0.0567845
2.33885e-09	-0.0552539
2.33942e-09	-0.0537158
2.33998e-09	-0.0521703
2.34055e-09	-0.0506175
2.34111e-09	-0.0490575
2.34167e-09	-0.0474904
2.34224e-09	-0.0459163
2.3428e-09	-0.0443353
2.34337e-09	-0.0427475
2.34393e-09	-0.0411531
2.3445e-09	-0.0395521
2.34506e-09	-0.0379447
2.34562e-09	-0.0363309
2.34619e-09	-0.034711
2.34675e-09	-0.0330849
2.34732e-09	-0.0314528
2.34788e-09	-0.0298149
2.34845e-09	-0.0281712
2.34901e-09	-0.0265218
2.34957e-09	-0.0248669
2.35014e-09	-0.0232066
2.3507e-09	-0.021541
2.35127e-09	-0.0198702
2.35183e-09	-0.0181943
2.3524e-09	-0.0165135
2.35296e-09	-0.0148279
2.35352e-09	-0.0131376
2.35409e-09	-0.0114427
2.35465e-09	-0.00974332
2.35522e-09	-0.00803962
2.35578e-09	-0.00633171
2.35635e-09	-0.00461972
2.35691e-09	-0.00290375
2.35747e-09	-0.00118395
2.35804e-09	0.000539562
2.3586e-09	0.00226667
2.35917e-09	0.00399723
2.35973e-09	0.00573113
2.3603e-09	0.00746823
2.36086e-09	0.00920842
2.36142e-09	0.0109516
2.36199e-09	0.0126975
2.36255e-09	0.0144462
2.36312e-09	0.0161974
2.36368e-09	0.017951
2.36425e-09	0.0197069
2.36481e-09	0.021465
2.36537e-09	0.0232252
2.36594e-09	0.0249872
2.3665e-09	0.026751
2.36707e-09	0.0285165
2.36763e-09	0.0302834
2.36819e-09	0.0320518
2.36876e-09	0.0338213
2.36932e-09	0.035592
2.36989e-09	0.0373636
2.37045e-09	0.039136
2.37102e-09	0.0409092
2.37158e-09	0.0426829
2.37214e-09	0.044457
2.37271e-09	0.0462314
2.37327e-09	0.048006
2.37384e-09	0.0497806
2.3744e-09	0.051555
2.37497e-09	0.0533292
2.37553e-09	0.0551029
2.37609e-09	0.0568762
2.37666e-09	0.0586487
2.37722e-09	0.0604204
2.37779e-09	0.0621912
2.37835e-09	0.0639609
2.37892e-09	0.0657293
2.37948e-09	0.0674963
2.38004e-09	0.0692619
2.38061e-09	0.0710257
2.38117e-09	0.0727878
2.38174e-09	0.0745479
2.3823e-09	0.076306
2.38287e-09	0.0780618
2.38343e-09	0.0798153
2.38399e-09	0.0815663
2.38456e-09	0.0833146
2.38512e-09	0.0850601
2.38569e-09	0.0868027
2.38625e-09	0.0885423
2.38682e-09	0.0902786
2.38738e-09	0.0920116
2.38794e-09	0.0937411
2.38851e-09	0.0954669
2.38907e-09	0.097189
2.38964e-09	0.0989072
2.3902e-09	0.100621
2.39077e-09	0.102331
2.39133e-09	0.104037
2.39189e-09	0.105738
2.39246e-09	0.107434
2.39302e-09	0.109126
2.39359e-09	0.110813
2.39415e-09	0.112495
2.39472e-09	0.114171
2.39528e-09	0.115842
2.39584e-09	0.117508
2.39641e-09	0.119168
2.39697e-09	0.120823
2.39754e-09	0.122471
2.3981e-09	0.124114
2.39866e-09	0.12575
2.39923e-09	0.12738
2.39979e-09	0.129004
2.40036e-09	0.130621
2.40092e-09	0.132231
2.40149e-09	0.133834
2.40205e-09	0.135431
2.40261e-09	0.13702
2.40318e-09	0.138602
2.40374e-09	0.140177
2.40431e-09	0.141744
2.40487e-09	0.143303
2.40544e-09	0.144854
2.406e-09	0.146398
2.40656e-09	0.147933
2.40713e-09	0.14946
2.40769e-09	0.150979
2.40826e-09	0.15249
2.40882e-09	0.153991
2.40939e-09	0.155484
2.40995e-09	0.156968
2.41051e-09	0.158443
2.41108e-09	0.159909
2.41164e-09	0.161365
2.41221e-09	0.162812
2.41277e-09	0.16425
2.41334e-09	0.165678
2.4139e-09	0.167096
2.41446e-09	0.168504
2.41503e-09	0.169901
2.41559e-09	0.171289
2.41616e-09	0.172666
2.41672e-09	0.174033
2.41729e-09	0.175389
2.41785e-09	0.176735
2.41841e-09	0.17807
2.41898e-09	0.179393
2.41954e-09	0.180706
2.42011e-09	0.182007
2.42067e-09	0.183297
2.42124e-09	0.184576
2.4218e-09	0.185843
2.42236e-09	0.187098
2.42293e-09	0.188341
2.42349e-09	0.189573
2.42406e-09	0.190792
2.42462e-09	0.191999
2.42519e-09	0.193194
2.42575e-09	0.194376
2.42631e-09	0.195546
2.42688e-09	0.196703
2.42744e-09	0.197847
2.42801e-09	0.198979
2.42857e-09	0.200097
2.42913e-09	0.201203
2.4297e-09	0.202295
2.43026e-09	0.203373
2.43083e-09	0.204439
2.43139e-09	0.20549
2.43196e-09	0.206528
2.43252e-09	0.207553
2.43308e-09	0.208563
2.43365e-09	0.209559
2.43421e-09	0.210541
2.43478e-09	0.211509
2.43534e-09	0.212463
2.43591e-09	0.213402
2.43647e-09	0.214327
2.43703e-09	0.215237
2.4376e-09	0.216133
2.43816e-09	0.217013
2.43873e-09	0.217879
2.43929e-09	0.21873
2.43986e-09	0.219566
2.44042e-09	0.220386
2.44098e-09	0.221191
2.44155e-09	0.221981
2.44211e-09	0.222755
2.44268e-09	0.223514
2.44324e-09	0.224257
2.44381e-09	0.224984
2.44437e-09	0.225695
2.44493e-09	0.226391
2.4455e-09	0.22707
2.44606e-09	0.227734
2.44663e-09	0.228381
2.44719e-09	0.229012
2.44776e-09	0.229626
2.44832e-09	0.230225
2.44888e-09	0.230806
2.44945e-09	0.231371
2.45001e-09	0.23192
2.45058e-09	0.232452
2.45114e-09	0.232966
2.45171e-09	0.233464
2.45227e-09	0.233946
2.45283e-09	0.23441
2.4534e-09	0.234857
2.45396e-09	0.235286
2.45453e-09	0.235699
2.45509e-09	0.236094
2.45566e-09	0.236472
2.45622e-09	0.236833
2.45678e-09	0.237176
2.45735e-09	0.237501
2.45791e-09	0.237809
2.45848e-09	0.238099
2.45904e-09	0.238372
2.4596e-09	0.238626
2.46017e-09	0.238863
2.46073e-09	0.239082
2.4613e-09	0.239283
2.46186e-09	0.239466
2.46243e-09	0.239631
2.46299e-09	0.239778
2.46355e-09	0.239907
2.46412e-09	0.240018
2.46468e-09	0.24011
2.46525e-09	0.240184
2.46581e-09	0.24024
2.46638e-09	0.240277
2.46694e-09	0.240296
2.4675e-09	0.240297
2.46807e-09	0.240279
2.46863e-09	0.240243
2.4692e-09	0.240188
2.46976e-09	0.240115
2.47033e-09	0.240023
2.47089e-09	0.239912
2.47145e-09	0.239783
2.47202e-09	0.239635
2.47258e-09	0.239468
2.47315e-09	0.239283
2.47371e-09	0.239079
2.47428e-09	0.238856
2.47484e-09	0.238614
2.4754e-09	0.238354
2.47597e-09	0.238074
2.47653e-09	0.237776
2.4771e-09	0.237459
2.47766e-09	0.237123
2.47823e-09	0.236769
2.47879e-09	0.236395
2.47935e-09	0.236002
2.47992e-09	0.235591
2.48048e-09	0.235161
2.48105e-09	0.234711
2.48161e-09	0.234243
2.48218e-09	0.233756
2.48274e-09	0.23325
2.4833e-09	0.232725
2.48387e-09	0.232182
2.48443e-09	0.231619
2.485e-09	0.231037
2.48556e-09	0.230437
2.48613e-09	0.229818
2.48669e-09	0.229179
2.48725e-09	0.228522
2.48782e-09	0.227847
2.48838e-09	0.227152
2.48895e-09	0.226438
2.48951e-09	0.225706
2.49007e-09	0.224955
2.49064e-09	0.224185
2.4912e-09	0.223397
2.49177e-09	0.22259
2.49233e-09	0.221764
2.4929e-09	0.220919
2.49346e-09	0.220056
2.49402e-09	0.219175
2.49459e-09	0.218275
2.49515e-09	0.217356
2.49572e-09	0.216419
2.49628e-09	0.215463
2.49685e-09	0.214489
2.49741e-09	0.213497
2.49797e-09	0.212486
2.49854e-09	0.211457
2.4991e-09	0.21041
2.49967e-09	0.209344
2.50023e-09	0.208261
2.5008e-09	0.207159
2.50136e-09	0.20604
2.50192e-09	0.204902
2.50249e-09	0.203746
2.50305e-09	0.202573
2.50362e-09	0.201382
2.50418e-09	0.200173
2.50475e-09	0.198946
2.50531e-09	0.197702
2.50587e-09	0.19644
2.50644e-09	0.19516
2.507e-09	0.193863
2.50757e-09	0.192549
2.50813e-09	0.191217
2.5087e-09	0.189868
2.50926e-09	0.188502
2.50982e-09	0.187119
2.51039e-09	0.185719
2.51095e-09	0.184302
2.51152e-09	0.182868
2.51208e-09	0.181417
2.51265e-09	0.17995
2.51321e-09	0.178466
2.51377e-09	0.176965
2.51434e-09	0.175448
2.5149e-09	0.173914
2.51547e-09	0.172365
2.51603e-09	0.170799
2.5166e-09	0.169216
2.51716e-09	0.167618
2.51772e-09	0.166004
2.51829e-09	0.164374
2.51885e-09	0.162729
2.51942e-09	0.161068
2.51998e-09	0.159391
2.52054e-09	0.157698
2.52111e-09	0.155991
2.52167e-09	0.154268
2.52224e-09	0.15253
2.5228e-09	0.150777
2.52337e-09	0.149009
2.52393e-09	0.147227
2.52449e-09	0.145429
2.52506e-09	0.143617
2.52562e-09	0.141791
2.52619e-09	0.13995
2.52675e-09	0.138095
2.52732e-09	0.136226
2.52788e-09	0.134343
2.52844e-09	0.132446
2.52901e-09	0.130535
2.52957e-09	0.12861
2.53014e-09	0.126672
2.5307e-09	0.124721
2.53127e-09	0.122756
2.53183e-09	0.120779
2.53239e-09	0.118788
2.53296e-09	0.116784
2.53352e-09	0.114768
2.53409e-09	0.112738
2.53465e-09	0.110697
2.53522e-09	0.108643
2.53578e-09	0.106577
2.53634e-09	0.104498
2.53691e-09	0.102408
2.53747e-09	0.100306
2.53804e-09	0.0981926
2.5386e-09	0.0960674
2.53917e-09	0.0939308
2.53973e-09	0.0917829
2.54029e-09	0.089624
2.54086e-09	0.0874542
2.54142e-09	0.0852735
2.54199e-09	0.0830822
2.54255e-09	0.0808804
2.54312e-09	0.0786682
2.54368e-09	0.0764458
2.54424e-09	0.0742134
2.54481e-09	0.0719711
2.54537e-09	0.0697191
2.54594e-09	0.0674575
2.5465e-09	0.0651864
2.54707e-09	0.0629061
2.54763e-09	0.0606167
2.54819e-09	0.0583183
2.54876e-09	0.0560112
2.54932e-09	0.0536954
2.54989e-09	0.0513712
2.55045e-09	0.0490387
2.55101e-09	0.046698
2.55158e-09	0.0443494
2.55214e-09	0.041993
2.55271e-09	0.039629
2.55327e-09	0.0372575
2.55384e-09	0.0348787
2.5544e-09	0.0324928
2.55496e-09	0.0301
2.55553e-09	0.0277003
2.55609e-09	0.0252941
2.55666e-09	0.0228814
2.55722e-09	0.0204625
2.55779e-09	0.0180375
2.55835e-09	0.0156066
2.55891e-09	0.01317
2.55948e-09	0.0107278
2.56004e-09	0.00828029
2.56061e-09	0.00582757
2.56117e-09	0.00336984
2.56174e-09	0.000907277
2.5623e-09	-0.00155993
2.56286e-09	-0.0040316
2.56343e-09	-0.00650755
2.56399e-09	-0.0089876
2.56456e-09	-0.0114716
2.56512e-09	-0.0139592
2.56569e-09	-0.0164505
2.56625e-09	-0.0189451
2.56681e-09	-0.0214428
2.56738e-09	-0.0239435
2.56794e-09	-0.0264471
2.56851e-09	-0.0289532
2.56907e-09	-0.0314617
2.56964e-09	-0.0339725
2.5702e-09	-0.0364853
2.57076e-09	-0.039
2.57133e-09	-0.0415163
2.57189e-09	-0.0440341
2.57246e-09	-0.0465531
2.57302e-09	-0.0490732
2.57359e-09	-0.0515942
2.57415e-09	-0.0541159
2.57471e-09	-0.0566381
2.57528e-09	-0.0591606
2.57584e-09	-0.0616832
2.57641e-09	-0.0642057
2.57697e-09	-0.0667279
2.57754e-09	-0.0692497
2.5781e-09	-0.0717707
2.57866e-09	-0.0742909
2.57923e-09	-0.0768101
2.57979e-09	-0.079328
2.58036e-09	-0.0818444
2.58092e-09	-0.0843591
2.58148e-09	-0.086872
2.58205e-09	-0.0893829
2.58261e-09	-0.0918915
2.58318e-09	-0.0943976
2.58374e-09	-0.0969011
2.58431e-09	-0.0994018
2.58487e-09	-0.101899
2.58543e-09	-0.104394
2.586e-09	-0.106885
2.58656e-09	-0.109372
2.58713e-09	-0.111855
2.58769e-09	-0.114335
2.58826e-09	-0.11681
2.58882e-09	-0.119281
2.58938e-09	-0.121747
2.58995e-09	-0.124208
2.59051e-09	-0.126664
2.59108e-09	-0.129115
2.59164e-09	-0.131561
2.59221e-09	-0.134001
2.59277e-09	-0.136435
2.59333e-09	-0.138863
2.5939e-09	-0.141285
2.59446e-09	-0.1437
2.59503e-09	-0.146109
2.59559e-09	-0.148511
2.59616e-09	-0.150905
2.59672e-09	-0.153293
2.59728e-09	-0.155673
2.59785e-09	-0.158046
2.59841e-09	-0.160411
2.59898e-09	-0.162768
2.59954e-09	-0.165116
2.60011e-09	-0.167457
2.60067e-09	-0.169788
2.60123e-09	-0.172111
2.6018e-09	-0.174425
2.60236e-09	-0.176729
2.60293e-09	-0.179025
2.60349e-09	-0.18131
2.60406e-09	-0.183586
2.60462e-09	-0.185852
2.60518e-09	-0.188108
2.60575e-09	-0.190353
2.60631e-09	-0.192588
2.60688e-09	-0.194813
2.60744e-09	-0.197026
2.60801e-09	-0.199228
2.60857e-09	-0.201419
2.60913e-09	-0.203598
2.6097e-09	-0.205766
2.61026e-09	-0.207921
2.61083e-09	-0.210065
2.61139e-09	-0.212197
2.61195e-09	-0.214316
2.61252e-09	-0.216422
2.61308e-09	-0.218515
2.61365e-09	-0.220596
2.61421e-09	-0.222663
2.61478e-09	-0.224718
2.61534e-09	-0.226758
2.6159e-09	-0.228785
2.61647e-09	-0.230798
2.61703e-09	-0.232797
2.6176e-09	-0.234781
2.61816e-09	-0.236751
2.61873e-09	-0.238707
2.61929e-09	-0.240647
2.61985e-09	-0.242573
2.62042e-09	-0.244483
2.62098e-09	-0.246379
2.62155e-09	-0.248258
2.62211e-09	-0.250122
2.62268e-09	-0.251971
2.62324e-09	-0.253803
2.6238e-09	-0.255619
2.62437e-09	-0.257418
2.62493e-09	-0.259201
2.6255e-09	-0.260968
2.62606e-09	-0.262717
2.62663e-09	-0.26445
2.62719e-09	-0.266165
2.62775e-09	-0.267863
2.62832e-09	-0.269544
2.62888e-09	-0.271207
2.62945e-09	-0.272852
2.63001e-09	-0.274479
2.63058e-09	-0.276087
2.63114e-09	-0.277678
2.6317e-09	-0.27925
2.63227e-09	-0.280803
2.63283e-09	-0.282338
2.6334e-09	-0.283854
2.63396e-09	-0.285351
2.63453e-09	-0.286828
2.63509e-09	-0.288286
2.63565e-09	-0.289725
2.63622e-09	-0.291144
2.63678e-09	-0.292543
2.63735e-09	-0.293922
2.63791e-09	-0.295281
2.63848e-09	-0.29662
2.63904e-09	-0.297939
2.6396e-09	-0.299237
2.64017e-09	-0.300514
2.64073e-09	-0.30177
2.6413e-09	-0.303006
2.64186e-09	-0.304221
2.64242e-09	-0.305414
2.64299e-09	-0.306586
2.64355e-09	-0.307737
2.64412e-09	-0.308866
2.64468e-09	-0.309974
2.64525e-09	-0.311059
2.64581e-09	-0.312123
2.64637e-09	-0.313165
2.64694e-09	-0.314184
2.6475e-09	-0.315182
2.64807e-09	-0.316156
2.64863e-09	-0.317109
2.6492e-09	-0.318038
2.64976e-09	-0.318945
2.65032e-09	-0.319829
2.65089e-09	-0.320691
2.65145e-09	-0.321529
2.65202e-09	-0.322344
2.65258e-09	-0.323135
2.65315e-09	-0.323904
2.65371e-09	-0.324648
2.65427e-09	-0.32537
2.65484e-09	-0.326067
2.6554e-09	-0.326741
2.65597e-09	-0.327391
2.65653e-09	-0.328017
2.6571e-09	-0.328619
2.65766e-09	-0.329196
2.65822e-09	-0.32975
2.65879e-09	-0.330279
2.65935e-09	-0.330784
2.65992e-09	-0.331265
2.66048e-09	-0.331721
2.66105e-09	-0.332152
2.66161e-09	-0.332558
2.66217e-09	-0.33294
2.66274e-09	-0.333297
2.6633e-09	-0.333629
2.66387e-09	-0.333936
2.66443e-09	-0.334218
2.665e-09	-0.334475
2.66556e-09	-0.334707
2.66612e-09	-0.334914
2.66669e-09	-0.335095
2.66725e-09	-0.335251
2.66782e-09	-0.335381
2.66838e-09	-0.335486
2.66895e-09	-0.335565
2.66951e-09	-0.335619
2.67007e-09	-0.335648
2.67064e-09	-0.33565
2.6712e-09	-0.335627
2.67177e-09	-0.335578
2.67233e-09	-0.335504
2.67289e-09	-0.335403
2.67346e-09	-0.335277
2.67402e-09	-0.335124
2.67459e-09	-0.334946
2.67515e-09	-0.334742
2.67572e-09	-0.334512
2.67628e-09	-0.334256
2.67684e-09	-0.333974
2.67741e-09	-0.333666
2.67797e-09	-0.333331
2.67854e-09	-0.332971
2.6791e-09	-0.332584
2.67967e-09	-0.332171
2.68023e-09	-0.331733
2.68079e-09	-0.331268
2.68136e-09	-0.330777
2.68192e-09	-0.330259
2.68249e-09	-0.329716
2.68305e-09	-0.329146
2.68362e-09	-0.32855
2.68418e-09	-0.327928
2.68474e-09	-0.32728
2.68531e-09	-0.326605
2.68587e-09	-0.325905
2.68644e-09	-0.325178
2.687e-09	-0.324425
2.68757e-09	-0.323646
2.68813e-09	-0.322841
2.68869e-09	-0.32201
2.68926e-09	-0.321153
2.68982e-09	-0.320269
2.69039e-09	-0.31936
2.69095e-09	-0.318424
2.69152e-09	-0.317463
2.69208e-09	-0.316476
2.69264e-09	-0.315463
2.69321e-09	-0.314423
2.69377e-09	-0.313359
2.69434e-09	-0.312268
2.6949e-09	-0.311151
2.69547e-09	-0.310009
2.69603e-09	-0.308841
2.69659e-09	-0.307648
2.69716e-09	-0.306429
2.69772e-09	-0.305184
2.69829e-09	-0.303914
2.69885e-09	-0.302618
2.69942e-09	-0.301297
2.69998e-09	-0.299951
2.70054e-09	-0.29858
2.70111e-09	-0.297183
2.70167e-09	-0.295761
2.70224e-09	-0.294315
2.7028e-09	-0.292843
2.70336e-09	-0.291346
2.70393e-09	-0.289825
2.70449e-09	-0.288279
2.70506e-09	-0.286708
2.70562e-09	-0.285112
2.70619e-09	-0.283492
2.70675e-09	-0.281848
2.70731e-09	-0.280179
2.70788e-09	-0.278486
2.70844e-09	-0.276769
2.70901e-09	-0.275027
2.70957e-09	-0.273262
2.71014e-09	-0.271473
2.7107e-09	-0.26966
2.71126e-09	-0.267823
2.71183e-09	-0.265963
2.71239e-09	-0.264079
2.71296e-09	-0.262172
2.71352e-09	-0.260242
2.71409e-09	-0.258288
2.71465e-09	-0.256312
2.71521e-09	-0.254312
2.71578e-09	-0.25229
2.71634e-09	-0.250245
2.71691e-09	-0.248178
2.71747e-09	-0.246088
2.71804e-09	-0.243975
2.7186e-09	-0.241841
2.71916e-09	-0.239684
2.71973e-09	-0.237506
2.72029e-09	-0.235306
2.72086e-09	-0.233084
2.72142e-09	-0.23084
2.72199e-09	-0.228575
2.72255e-09	-0.226289
2.72311e-09	-0.223981
2.72368e-09	-0.221653
2.72424e-09	-0.219304
2.72481e-09	-0.216934
2.72537e-09	-0.214544
2.72594e-09	-0.212133
2.7265e-09	-0.209702
2.72706e-09	-0.207251
2.72763e-09	-0.20478
2.72819e-09	-0.202289
2.72876e-09	-0.199779
2.72932e-09	-0.197249
2.72988e-09	-0.1947
2.73045e-09	-0.192132
2.73101e-09	-0.189544
2.73158e-09	-0.186939
2.73214e-09	-0.184314
2.73271e-09	-0.181671
2.73327e-09	-0.17901
2.73383e-09	-0.17633
2.7344e-09	-0.173633
2.73496e-09	-0.170918
2.73553e-09	-0.168185
2.73609e-09	-0.165435
2.73666e-09	-0.162668
2.73722e-09	-0.159884
2.73778e-09	-0.157083
2.73835e-09	-0.154266
2.73891e-09	-0.151432
2.73948e-09	-0.148581
2.74004e-09	-0.145715
2.74061e-09	-0.142833
2.74117e-09	-0.139935
2.74173e-09	-0.137022
2.7423e-09	-0.134093
2.74286e-09	-0.13115
2.74343e-09	-0.128191
2.74399e-09	-0.125218
2.74456e-09	-0.12223
2.74512e-09	-0.119229
2.74568e-09	-0.116213
2.74625e-09	-0.113183
2.74681e-09	-0.11014
2.74738e-09	-0.107083
2.74794e-09	-0.104013
2.74851e-09	-0.10093
2.74907e-09	-0.0978348
2.74963e-09	-0.0947267
2.7502e-09	-0.0916062
2.75076e-09	-0.0884737
2.75133e-09	-0.0853293
2.75189e-09	-0.0821733
2.75246e-09	-0.0790058
2.75302e-09	-0.0758271
2.75358e-09	-0.0726375
2.75415e-09	-0.0694371
2.75471e-09	-0.0662262
2.75528e-09	-0.063005
2.75584e-09	-0.0597738
2.75641e-09	-0.0565327
2.75697e-09	-0.0532821
2.75753e-09	-0.0500222
2.7581e-09	-0.0467531
2.75866e-09	-0.0434751
2.75923e-09	-0.0401885
2.75979e-09	-0.0368936
2.76035e-09	-0.0335904
2.76092e-09	-0.0302794
2.76148e-09	-0.0269607
2.76205e-09	-0.0236346
2.76261e-09	-0.0203012
2.76318e-09	-0.016961
2.76374e-09	-0.0136141
2.7643e-09	-0.0102607
2.76487e-09	-0.00690113
2.76543e-09	-0.00353562
2.766e-09	-0.000164424
2.76656e-09	0.00321222
2.76713e-09	0.00659404
2.76769e-09	0.00998081
2.76825e-09	0.0133723
2.76882e-09	0.0167681
2.76938e-09	0.0201682
2.76995e-09	0.0235721
2.77051e-09	0.0269798
2.77108e-09	0.0303908
2.77164e-09	0.033805
2.7722e-09	0.0372221
2.77277e-09	0.0406418
2.77333e-09	0.0440638
2.7739e-09	0.047488
2.77446e-09	0.050914
2.77503e-09	0.0543416
2.77559e-09	0.0577706
2.77615e-09	0.0612006
2.77672e-09	0.0646314
2.77728e-09	0.0680627
2.77785e-09	0.0714943
2.77841e-09	0.0749259
2.77898e-09	0.0783573
2.77954e-09	0.0817881
2.7801e-09	0.0852181
2.78067e-09	0.0886471
2.78123e-09	0.0920748
2.7818e-09	0.0955009
2.78236e-09	0.0989251
2.78293e-09	0.102347
2.78349e-09	0.105767
2.78405e-09	0.109184
2.78462e-09	0.112598
2.78518e-09	0.116009
2.78575e-09	0.119417
2.78631e-09	0.12282
2.78688e-09	0.12622
2.78744e-09	0.129616
2.788e-09	0.133007
2.78857e-09	0.136393
2.78913e-09	0.139774
2.7897e-09	0.14315
2.79026e-09	0.14652
2.79082e-09	0.149884
2.79139e-09	0.153242
2.79195e-09	0.156594
2.79252e-09	0.159939
2.79308e-09	0.163277
2.79365e-09	0.166608
2.79421e-09	0.169931
2.79477e-09	0.173247
2.79534e-09	0.176554
2.7959e-09	0.179854
2.79647e-09	0.183144
2.79703e-09	0.186426
2.7976e-09	0.189699
2.79816e-09	0.192963
2.79872e-09	0.196216
2.79929e-09	0.19946
2.79985e-09	0.202694
2.80042e-09	0.205917
2.80098e-09	0.20913
2.80155e-09	0.212332
2.80211e-09	0.215522
2.80267e-09	0.218701
2.80324e-09	0.221868
2.8038e-09	0.225024
2.80437e-09	0.228167
2.80493e-09	0.231297
2.8055e-09	0.234415
2.80606e-09	0.237519
2.80662e-09	0.240611
2.80719e-09	0.243688
2.80775e-09	0.246752
2.80832e-09	0.249802
2.80888e-09	0.252837
2.80945e-09	0.255858
2.81001e-09	0.258864
2.81057e-09	0.261855
2.81114e-09	0.26483
2.8117e-09	0.26779
2.81227e-09	0.270734
2.81283e-09	0.273662
2.8134e-09	0.276574
2.81396e-09	0.279469
2.81452e-09	0.282347
2.81509e-09	0.285208
2.81565e-09	0.288051
2.81622e-09	0.290877
2.81678e-09	0.293685
2.81735e-09	0.296475
2.81791e-09	0.299247
2.81847e-09	0.302
2.81904e-09	0.304734
2.8196e-09	0.307449
2.82017e-09	0.310145
2.82073e-09	0.312821
2.82129e-09	0.315478
2.82186e-09	0.318114
2.82242e-09	0.32073
2.82299e-09	0.323326
2.82355e-09	0.325901
2.82412e-09	0.328455
2.82468e-09	0.330988
2.82524e-09	0.3335
2.82581e-09	0.335989
2.82637e-09	0.338457
2.82694e-09	0.340903
2.8275e-09	0.343327
2.82807e-09	0.345728
2.82863e-09	0.348106
2.82919e-09	0.350462
2.82976e-09	0.352794
2.83032e-09	0.355103
2.83089e-09	0.357388
2.83145e-09	0.35965
2.83202e-09	0.361887
2.83258e-09	0.3641
2.83314e-09	0.366289
2.83371e-09	0.368453
2.83427e-09	0.370592
2.83484e-09	0.372706
2.8354e-09	0.374795
2.83597e-09	0.376859
2.83653e-09	0.378896
2.83709e-09	0.380908
2.83766e-09	0.382894
2.83822e-09	0.384854
2.83879e-09	0.386787
2.83935e-09	0.388694
2.83992e-09	0.390573
2.84048e-09	0.392426
2.84104e-09	0.394252
2.84161e-09	0.39605
2.84217e-09	0.397821
2.84274e-09	0.399564
2.8433e-09	0.401279
2.84387e-09	0.402966
2.84443e-09	0.404625
2.84499e-09	0.406255
2.84556e-09	0.407857
2.84612e-09	0.40943
2.84669e-09	0.410974
2.84725e-09	0.412489
2.84782e-09	0.413975
2.84838e-09	0.415432
2.84894e-09	0.416859
2.84951e-09	0.418256
2.85007e-09	0.419623
2.85064e-09	0.420961
2.8512e-09	0.422268
2.85176e-09	0.423545
2.85233e-09	0.424791
2.85289e-09	0.426007
2.85346e-09	0.427192
2.85402e-09	0.428347
2.85459e-09	0.42947
2.85515e-09	0.430562
2.85571e-09	0.431623
2.85628e-09	0.432653
2.85684e-09	0.433651
2.85741e-09	0.434617
2.85797e-09	0.435552
2.85854e-09	0.436455
2.8591e-09	0.437325
2.85966e-09	0.438164
2.86023e-09	0.43897
2.86079e-09	0.439745
2.86136e-09	0.440486
2.86192e-09	0.441195
2.86249e-09	0.441872
2.86305e-09	0.442515
2.86361e-09	0.443126
2.86418e-09	0.443704
2.86474e-09	0.444249
2.86531e-09	0.444761
2.86587e-09	0.445239
2.86644e-09	0.445685
2.867e-09	0.446097
2.86756e-09	0.446475
2.86813e-09	0.44682
2.86869e-09	0.447131
2.86926e-09	0.447408
2.86982e-09	0.447652
2.87039e-09	0.447862
2.87095e-09	0.448038
2.87151e-09	0.44818
2.87208e-09	0.448288
2.87264e-09	0.448362
2.87321e-09	0.448402
2.87377e-09	0.448407
2.87434e-09	0.448379
2.8749e-09	0.448316
2.87546e-09	0.448218
2.87603e-09	0.448087
2.87659e-09	0.447921
2.87716e-09	0.44772
2.87772e-09	0.447485
2.87829e-09	0.447215
2.87885e-09	0.446911
2.87941e-09	0.446572
2.87998e-09	0.446199
2.88054e-09	0.445791
2.88111e-09	0.445348
2.88167e-09	0.444871
2.88223e-09	0.444359
2.8828e-09	0.443812
2.88336e-09	0.443231
2.88393e-09	0.442615
2.88449e-09	0.441964
2.88506e-09	0.441279
2.88562e-09	0.440558
2.88618e-09	0.439803
2.88675e-09	0.439014
2.88731e-09	0.438189
2.88788e-09	0.43733
2.88844e-09	0.436437
2.88901e-09	0.435508
2.88957e-09	0.434545
2.89013e-09	0.433548
2.8907e-09	0.432516
2.89126e-09	0.431449
2.89183e-09	0.430348
2.89239e-09	0.429212
2.89296e-09	0.428042
2.89352e-09	0.426838
2.89408e-09	0.425599
2.89465e-09	0.424326
2.89521e-09	0.423019
2.89578e-09	0.421677
2.89634e-09	0.420301
2.89691e-09	0.418892
2.89747e-09	0.417448
2.89803e-09	0.41597
2.8986e-09	0.414458
2.89916e-09	0.412913
2.89973e-09	0.411333
2.90029e-09	0.40972
2.90086e-09	0.408074
2.90142e-09	0.406393
2.90198e-09	0.40468
2.90255e-09	0.402933
2.90311e-09	0.401152
2.90368e-09	0.399339
2.90424e-09	0.397492
2.90481e-09	0.395612
2.90537e-09	0.3937
2.90593e-09	0.391754
2.9065e-09	0.389776
2.90706e-09	0.387765
2.90763e-09	0.385722
2.90819e-09	0.383646
2.90876e-09	0.381539
2.90932e-09	0.379398
2.90988e-09	0.377226
2.91045e-09	0.375022
2.91101e-09	0.372786
2.91158e-09	0.370519
2.91214e-09	0.36822
2.9127e-09	0.365889
2.91327e-09	0.363528
2.91383e-09	0.361135
2.9144e-09	0.358711
2.91496e-09	0.356256
2.91553e-09	0.353771
2.91609e-09	0.351255
2.91665e-09	0.348708
2.91722e-09	0.346131
2.91778e-09	0.343525
2.91835e-09	0.340888
2.91891e-09	0.338221
2.91948e-09	0.335525
2.92004e-09	0.3328
2.9206e-09	0.330045
2.92117e-09	0.327261
2.92173e-09	0.324448
2.9223e-09	0.321606
2.92286e-09	0.318736
2.92343e-09	0.315837
2.92399e-09	0.31291
2.92455e-09	0.309955
2.92512e-09	0.306972
2.92568e-09	0.303962
2.92625e-09	0.300924
2.92681e-09	0.297858
2.92738e-09	0.294766
2.92794e-09	0.291647
2.9285e-09	0.288501
2.92907e-09	0.285329
2.92963e-09	0.28213
2.9302e-09	0.278906
2.93076e-09	0.275655
2.93133e-09	0.272379
2.93189e-09	0.269077
2.93245e-09	0.265751
2.93302e-09	0.262399
2.93358e-09	0.259022
2.93415e-09	0.255622
2.93471e-09	0.252196
2.93528e-09	0.248747
2.93584e-09	0.245274
2.9364e-09	0.241777
2.93697e-09	0.238257
2.93753e-09	0.234714
2.9381e-09	0.231148
2.93866e-09	0.227559
2.93923e-09	0.223948
2.93979e-09	0.220314
2.94035e-09	0.216659
2.94092e-09	0.212982
2.94148e-09	0.209284
2.94205e-09	0.205565
2.94261e-09	0.201824
2.94317e-09	0.198063
2.94374e-09	0.194282
2.9443e-09	0.190481
2.94487e-09	0.186659
2.94543e-09	0.182819
2.946e-09	0.178959
2.94656e-09	0.175079
2.94712e-09	0.171182
2.94769e-09	0.167265
2.94825e-09	0.163331
2.94882e-09	0.159378
2.94938e-09	0.155408
2.94995e-09	0.151421
2.95051e-09	0.147416
2.95107e-09	0.143395
2.95164e-09	0.139357
2.9522e-09	0.135302
2.95277e-09	0.131232
2.95333e-09	0.127147
2.9539e-09	0.123046
2.95446e-09	0.118929
2.95502e-09	0.114799
2.95559e-09	0.110653
2.95615e-09	0.106494
2.95672e-09	0.10232
2.95728e-09	0.0981333
2.95785e-09	0.093933
2.95841e-09	0.0897199
2.95897e-09	0.0854941
2.95954e-09	0.0812559
2.9601e-09	0.0770057
2.96067e-09	0.0727438
2.96123e-09	0.0684705
2.9618e-09	0.0641861
2.96236e-09	0.059891
2.96292e-09	0.0555853
2.96349e-09	0.0512695
2.96405e-09	0.0469439
2.96462e-09	0.0426088
2.96518e-09	0.0382645
2.96575e-09	0.0339113
2.96631e-09	0.0295496
2.96687e-09	0.0251797
2.96744e-09	0.0208019
2.968e-09	0.0164165
2.96857e-09	0.0120239
2.96913e-09	0.00762438
2.9697e-09	0.00321827
2.97026e-09	-0.00119408
2.97082e-09	-0.00561236
2.97139e-09	-0.0100362
2.97195e-09	-0.0144653
2.97252e-09	-0.0188994
2.97308e-09	-0.023338
2.97364e-09	-0.0277809
2.97421e-09	-0.0322276
2.97477e-09	-0.036678
2.97534e-09	-0.0411316
2.9759e-09	-0.0455881
2.97647e-09	-0.0500472
2.97703e-09	-0.0545084
2.97759e-09	-0.0589716
2.97816e-09	-0.0634363
2.97872e-09	-0.0679022
2.97929e-09	-0.072369
2.97985e-09	-0.0768362
2.98042e-09	-0.0813037
2.98098e-09	-0.0857709
2.98154e-09	-0.0902377
2.98211e-09	-0.0947036
2.98267e-09	-0.0991683
2.98324e-09	-0.103631
2.9838e-09	-0.108093
2.98437e-09	-0.112552
2.98493e-09	-0.117008
2.98549e-09	-0.121461
2.98606e-09	-0.125912
2.98662e-09	-0.130358
2.98719e-09	-0.134801
2.98775e-09	-0.139239
2.98832e-09	-0.143673
2.98888e-09	-0.148101
2.98944e-09	-0.152524
2.99001e-09	-0.156942
2.99057e-09	-0.161353
2.99114e-09	-0.165758
2.9917e-09	-0.170156
2.99227e-09	-0.174548
2.99283e-09	-0.178931
2.99339e-09	-0.183307
2.99396e-09	-0.187675
2.99452e-09	-0.192034
2.99509e-09	-0.196385
2.99565e-09	-0.200726
2.99622e-09	-0.205058
2.99678e-09	-0.209379
2.99734e-09	-0.213691
2.99791e-09	-0.217992
2.99847e-09	-0.222282
2.99904e-09	-0.226561
2.9996e-09	-0.230828
3.00017e-09	-0.235083
3.00073e-09	-0.239326
3.00129e-09	-0.243557
3.00186e-09	-0.247774
3.00242e-09	-0.251978
3.00299e-09	-0.256169
3.00355e-09	-0.260345
3.00411e-09	-0.264507
3.00468e-09	-0.268655
3.00524e-09	-0.272787
3.00581e-09	-0.276904
3.00637e-09	-0.281005
3.00694e-09	-0.285091
3.0075e-09	-0.28916
3.00806e-09	-0.293212
3.00863e-09	-0.297247
3.00919e-09	-0.301265
3.00976e-09	-0.305265
3.01032e-09	-0.309247
3.01089e-09	-0.313211
3.01145e-09	-0.317156
3.01201e-09	-0.321082
3.01258e-09	-0.324989
3.01314e-09	-0.328876
3.01371e-09	-0.332743
3.01427e-09	-0.33659
3.01484e-09	-0.340416
3.0154e-09	-0.344221
3.01596e-09	-0.348005
3.01653e-09	-0.351767
3.01709e-09	-0.355508
3.01766e-09	-0.359226
3.01822e-09	-0.362922
3.01879e-09	-0.366594
3.01935e-09	-0.370244
3.01991e-09	-0.37387
3.02048e-09	-0.377472
3.02104e-09	-0.381051
3.02161e-09	-0.384604
3.02217e-09	-0.388133
3.02274e-09	-0.391638
3.0233e-09	-0.395116
3.02386e-09	-0.398569
3.02443e-09	-0.401997
3.02499e-09	-0.405398
3.02556e-09	-0.408772
3.02612e-09	-0.41212
3.02669e-09	-0.41544
3.02725e-09	-0.418734
3.02781e-09	-0.421999
3.02838e-09	-0.425237
3.02894e-09	-0.428446
3.02951e-09	-0.431627
3.03007e-09	-0.434779
3.03064e-09	-0.437902
3.0312e-09	-0.440995
3.03176e-09	-0.444059
3.03233e-09	-0.447093
3.03289e-09	-0.450097
3.03346e-09	-0.45307
3.03402e-09	-0.456013
3.03458e-09	-0.458925
3.03515e-09	-0.461805
3.03571e-09	-0.464654
3.03628e-09	-0.467471
3.03684e-09	-0.470256
3.03741e-09	-0.473009
3.03797e-09	-0.475729
3.03853e-09	-0.478416
3.0391e-09	-0.481071
3.03966e-09	-0.483692
3.04023e-09	-0.486279
3.04079e-09	-0.488833
3.04136e-09	-0.491353
3.04192e-09	-0.493839
3.04248e-09	-0.49629
3.04305e-09	-0.498706
3.04361e-09	-0.501087
3.04418e-09	-0.503434
3.04474e-09	-0.505744
3.04531e-09	-0.50802
3.04587e-09	-0.510259
3.04643e-09	-0.512462
3.047e-09	-0.514629
3.04756e-09	-0.51676
3.04813e-09	-0.518854
3.04869e-09	-0.520911
3.04926e-09	-0.52293
3.04982e-09	-0.524913
3.05038e-09	-0.526858
3.05095e-09	-0.528765
3.05151e-09	-0.530635
3.05208e-09	-0.532466
3.05264e-09	-0.534259
3.05321e-09	-0.536014
3.05377e-09	-0.53773
3.05433e-09	-0.539407
3.0549e-09	-0.541045
3.05546e-09	-0.542644
3.05603e-09	-0.544203
3.05659e-09	-0.545723
3.05716e-09	-0.547203
3.05772e-09	-0.548644
3.05828e-09	-0.550044
3.05885e-09	-0.551405
3.05941e-09	-0.552725
3.05998e-09	-0.554004
3.06054e-09	-0.555243
3.06111e-09	-0.556441
3.06167e-09	-0.557598
3.06223e-09	-0.558714
3.0628e-09	-0.559789
3.06336e-09	-0.560823
3.06393e-09	-0.561815
3.06449e-09	-0.562765
3.06505e-09	-0.563674
3.06562e-09	-0.564541
3.06618e-09	-0.565366
3.06675e-09	-0.566149
3.06731e-09	-0.56689
3.06788e-09	-0.567589
3.06844e-09	-0.568245
3.069e-09	-0.568858
3.06957e-09	-0.569429
3.07013e-09	-0.569958
3.0707e-09	-0.570443
3.07126e-09	-0.570886
3.07183e-09	-0.571285
3.07239e-09	-0.571642
3.07295e-09	-0.571956
3.07352e-09	-0.572226
3.07408e-09	-0.572453
3.07465e-09	-0.572637
3.07521e-09	-0.572777
3.07578e-09	-0.572874
3.07634e-09	-0.572927
3.0769e-09	-0.572936
3.07747e-09	-0.572902
3.07803e-09	-0.572825
3.0786e-09	-0.572703
3.07916e-09	-0.572538
3.07973e-09	-0.572329
3.08029e-09	-0.572076
3.08085e-09	-0.571779
3.08142e-09	-0.571438
3.08198e-09	-0.571053
3.08255e-09	-0.570624
3.08311e-09	-0.570152
3.08368e-09	-0.569635
3.08424e-09	-0.569074
3.0848e-09	-0.568469
3.08537e-09	-0.56782
3.08593e-09	-0.567127
3.0865e-09	-0.56639
3.08706e-09	-0.565608
3.08763e-09	-0.564783
3.08819e-09	-0.563914
3.08875e-09	-0.563
3.08932e-09	-0.562043
3.08988e-09	-0.561042
3.09045e-09	-0.559996
3.09101e-09	-0.558907
3.09158e-09	-0.557774
3.09214e-09	-0.556597
3.0927e-09	-0.555376
3.09327e-09	-0.554111
3.09383e-09	-0.552803
3.0944e-09	-0.55145
3.09496e-09	-0.550054
3.09552e-09	-0.548615
3.09609e-09	-0.547132
3.09665e-09	-0.545605
3.09722e-09	-0.544035
3.09778e-09	-0.542422
3.09835e-09	-0.540766
3.09891e-09	-0.539066
3.09947e-09	-0.537323
3.10004e-09	-0.535537
3.1006e-09	-0.533708
3.10117e-09	-0.531836
3.10173e-09	-0.529922
3.1023e-09	-0.527965
3.10286e-09	-0.525965
3.10342e-09	-0.523923
3.10399e-09	-0.521838
3.10455e-09	-0.519711
3.10512e-09	-0.517542
3.10568e-09	-0.515331
3.10625e-09	-0.513078
3.10681e-09	-0.510783
3.10737e-09	-0.508447
3.10794e-09	-0.506069
3.1085e-09	-0.503649
3.10907e-09	-0.501189
3.10963e-09	-0.498687
3.1102e-09	-0.496144
3.11076e-09	-0.493561
3.11132e-09	-0.490936
3.11189e-09	-0.488272
3.11245e-09	-0.485566
3.11302e-09	-0.482821
3.11358e-09	-0.480036
3.11415e-09	-0.47721
3.11471e-09	-0.474345
3.11527e-09	-0.471441
3.11584e-09	-0.468497
3.1164e-09	-0.465514
3.11697e-09	-0.462492
3.11753e-09	-0.459431
3.1181e-09	-0.456331
3.11866e-09	-0.453193
3.11922e-09	-0.450017
3.11979e-09	-0.446803
3.12035e-09	-0.443551
3.12092e-09	-0.440261
3.12148e-09	-0.436934
3.12204e-09	-0.433569
3.12261e-09	-0.430168
3.12317e-09	-0.42673
3.12374e-09	-0.423255
3.1243e-09	-0.419744
3.12487e-09	-0.416197
3.12543e-09	-0.412614
3.12599e-09	-0.408996
3.12656e-09	-0.405342
3.12712e-09	-0.401653
3.12769e-09	-0.397929
3.12825e-09	-0.39417
3.12882e-09	-0.390377
3.12938e-09	-0.386549
3.12994e-09	-0.382688
3.13051e-09	-0.378793
3.13107e-09	-0.374865
3.13164e-09	-0.370903
3.1322e-09	-0.366909
3.13277e-09	-0.362882
3.13333e-09	-0.358823
3.13389e-09	-0.354732
3.13446e-09	-0.350608
3.13502e-09	-0.346454
3.13559e-09	-0.342268
3.13615e-09	-0.338051
3.13672e-09	-0.333804
3.13728e-09	-0.329526
3.13784e-09	-0.325218
3.13841e-09	-0.320881
3.13897e-09	-0.316514
3.13954e-09	-0.312118
3.1401e-09	-0.307692
3.14067e-09	-0.303239
3.14123e-09	-0.298757
3.14179e-09	-0.294247
3.14236e-09	-0.28971
3.14292e-09	-0.285145
3.14349e-09	-0.280553
3.14405e-09	-0.275935
3.14462e-09	-0.271291
3.14518e-09	-0.26662
3.14574e-09	-0.261924
3.14631e-09	-0.257202
3.14687e-09	-0.252455
3.14744e-09	-0.247684
3.148e-09	-0.242888
3.14857e-09	-0.238068
3.14913e-09	-0.233225
3.14969e-09	-0.228358
3.15026e-09	-0.223469
3.15082e-09	-0.218557
3.15139e-09	-0.213622
3.15195e-09	-0.208666
3.15251e-09	-0.203688
3.15308e-09	-0.198689
3.15364e-09	-0.193669
3.15421e-09	-0.188628
3.15477e-09	-0.183568
3.15534e-09	-0.178487
3.1559e-09	-0.173388
3.15646e-09	-0.168269
3.15703e-09	-0.163132
3.15759e-09	-0.157976
3.15816e-09	-0.152803
3.15872e-09	-0.147612
3.15929e-09	-0.142404
3.15985e-09	-0.137179
3.16041e-09	-0.131938
3.16098e-09	-0.126681
3.16154e-09	-0.121408
3.16211e-09	-0.11612
3.16267e-09	-0.110818
3.16324e-09	-0.1055
3.1638e-09	-0.100169
3.16436e-09	-0.0948244
3.16493e-09	-0.0894663
3.16549e-09	-0.0840954
3.16606e-09	-0.0787121
3.16662e-09	-0.0733167
3.16719e-09	-0.0679097
3.16775e-09	-0.0624914
3.16831e-09	-0.0570623
3.16888e-09	-0.0516227
3.16944e-09	-0.0461731
3.17001e-09	-0.0407139
3.17057e-09	-0.0352455
3.17114e-09	-0.0297683
3.1717e-09	-0.0242827
3.17226e-09	-0.0187891
3.17283e-09	-0.013288
3.17339e-09	-0.00777968
3.17396e-09	-0.00226464
3.17452e-09	0.00325671
3.17509e-09	0.00878397
3.17565e-09	0.0143167
3.17621e-09	0.0198545
3.17678e-09	0.025397
3.17734e-09	0.0309437
3.17791e-09	0.0364942
3.17847e-09	0.042048
3.17904e-09	0.0476048
3.1796e-09	0.0531642
3.18016e-09	0.0587257
3.18073e-09	0.0642888
3.18129e-09	0.0698533
3.18186e-09	0.0754185
3.18242e-09	0.0809842
3.18298e-09	0.0865498
3.18355e-09	0.092115
3.18411e-09	0.0976793
3.18468e-09	0.103242
3.18524e-09	0.108804
3.18581e-09	0.114363
3.18637e-09	0.119919
3.18693e-09	0.125473
3.1875e-09	0.131023
3.18806e-09	0.136569
3.18863e-09	0.142111
3.18919e-09	0.147648
3.18976e-09	0.15318
3.19032e-09	0.158706
3.19088e-09	0.164227
3.19145e-09	0.169741
3.19201e-09	0.175248
3.19258e-09	0.180747
3.19314e-09	0.186239
3.19371e-09	0.191723
3.19427e-09	0.197198
3.19483e-09	0.202664
3.1954e-09	0.208121
3.19596e-09	0.213567
3.19653e-09	0.219004
3.19709e-09	0.224429
3.19766e-09	0.229844
3.19822e-09	0.235246
3.19878e-09	0.240637
3.19935e-09	0.246015
3.19991e-09	0.251381
3.20048e-09	0.256733
3.20104e-09	0.262071
3.20161e-09	0.267395
3.20217e-09	0.272705
3.20273e-09	0.277999
3.2033e-09	0.283278
3.20386e-09	0.288541
3.20443e-09	0.293788
3.20499e-09	0.299019
3.20556e-09	0.304232
3.20612e-09	0.309427
3.20668e-09	0.314605
3.20725e-09	0.319764
3.20781e-09	0.324904
3.20838e-09	0.330025
3.20894e-09	0.335127
3.20951e-09	0.340208
3.21007e-09	0.345269
3.21063e-09	0.35031
3.2112e-09	0.355328
3.21176e-09	0.360326
3.21233e-09	0.365301
3.21289e-09	0.370254
3.21345e-09	0.375183
3.21402e-09	0.38009
3.21458e-09	0.384972
3.21515e-09	0.389831
3.21571e-09	0.394665
3.21628e-09	0.399475
3.21684e-09	0.404259
3.2174e-09	0.409017
3.21797e-09	0.413749
3.21853e-09	0.418455
3.2191e-09	0.423134
3.21966e-09	0.427785
3.22023e-09	0.432409
3.22079e-09	0.437005
3.22135e-09	0.441573
3.22192e-09	0.446112
3.22248e-09	0.450621
3.22305e-09	0.455101
3.22361e-09	0.459552
3.22418e-09	0.463972
3.22474e-09	0.468361
3.2253e-09	0.472719
3.22587e-09	0.477046
3.22643e-09	0.481341
3.227e-09	0.485604
3.22756e-09	0.489835
3.22813e-09	0.494032
3.22869e-09	0.498197
3.22925e-09	0.502328
3.22982e-09	0.506425
3.23038e-09	0.510487
3.23095e-09	0.514516
3.23151e-09	0.518509
3.23208e-09	0.522467
3.23264e-09	0.526389
3.2332e-09	0.530275
3.23377e-09	0.534125
3.23433e-09	0.537939
3.2349e-09	0.541715
3.23546e-09	0.545454
3.23603e-09	0.549156
3.23659e-09	0.552819
3.23715e-09	0.556445
3.23772e-09	0.560032
3.23828e-09	0.563579
3.23885e-09	0.567088
3.23941e-09	0.570557
3.23998e-09	0.573986
3.24054e-09	0.577376
3.2411e-09	0.580724
3.24167e-09	0.584032
3.24223e-09	0.587299
3.2428e-09	0.590525
3.24336e-09	0.593709
3.24392e-09	0.596851
3.24449e-09	0.599951
3.24505e-09	0.603008
3.24562e-09	0.606023
3.24618e-09	0.608995
3.24675e-09	0.611923
3.24731e-09	0.614808
3.24787e-09	0.617649
3.24844e-09	0.620446
3.249e-09	0.623199
3.24957e-09	0.625907
3.25013e-09	0.62857
3.2507e-09	0.631188
3.25126e-09	0.633761
3.25182e-09	0.636288
3.25239e-09	0.638769
3.25295e-09	0.641205
3.25352e-09	0.643594
3.25408e-09	0.645936
3.25465e-09	0.648232
3.25521e-09	0.65048
3.25577e-09	0.652682
3.25634e-09	0.654836
3.2569e-09	0.656942
3.25747e-09	0.659
3.25803e-09	0.661011
3.2586e-09	0.662973
3.25916e-09	0.664887
3.25972e-09	0.666752
3.26029e-09	0.668568
3.26085e-09	0.670335
3.26142e-09	0.672053
3.26198e-09	0.673722
3.26255e-09	0.675341
3.26311e-09	0.67691
3.26367e-09	0.67843
3.26424e-09	0.679899
3.2648e-09	0.681318
3.26537e-09	0.682686
3.26593e-09	0.684004
3.2665e-09	0.685272
3.26706e-09	0.686488
3.26762e-09	0.687654
3.26819e-09	0.688768
3.26875e-09	0.689831
3.26932e-09	0.690843
3.26988e-09	0.691803
3.27045e-09	0.692711
3.27101e-09	0.693568
3.27157e-09	0.694372
3.27214e-09	0.695125
3.2727e-09	0.695825
3.27327e-09	0.696474
3.27383e-09	0.69707
3.27439e-09	0.697613
3.27496e-09	0.698104
3.27552e-09	0.698542
3.27609e-09	0.698928
3.27665e-09	0.699261
3.27722e-09	0.699541
3.27778e-09	0.699768
3.27834e-09	0.699942
3.27891e-09	0.700063
3.27947e-09	0.700131
3.28004e-09	0.700146
3.2806e-09	0.700107
3.28117e-09	0.700015
3.28173e-09	0.69987
3.28229e-09	0.699671
3.28286e-09	0.699419
3.28342e-09	0.699114
3.28399e-09	0.698755
3.28455e-09	0.698342
3.28512e-09	0.697876
3.28568e-09	0.697357
3.28624e-09	0.696784
3.28681e-09	0.696157
3.28737e-09	0.695477
3.28794e-09	0.694743
3.2885e-09	0.693956
3.28907e-09	0.693115
3.28963e-09	0.69222
3.29019e-09	0.691272
3.29076e-09	0.690271
3.29132e-09	0.689216
3.29189e-09	0.688107
3.29245e-09	0.686946
3.29302e-09	0.68573
3.29358e-09	0.684462
3.29414e-09	0.68314
3.29471e-09	0.681765
3.29527e-09	0.680337
3.29584e-09	0.678855
3.2964e-09	0.677321
3.29697e-09	0.675734
3.29753e-09	0.674093
3.29809e-09	0.6724
3.29866e-09	0.670654
3.29922e-09	0.668855
3.29979e-09	0.667004
3.30035e-09	0.6651
3.30092e-09	0.663144
3.30148e-09	0.661135
3.30204e-09	0.659075
3.30261e-09	0.656962
3.30317e-09	0.654797
3.30374e-09	0.65258
3.3043e-09	0.650312
3.30486e-09	0.647992
3.30543e-09	0.64562
3.30599e-09	0.643197
3.30656e-09	0.640723
3.30712e-09	0.638198
3.30769e-09	0.635621
3.30825e-09	0.632994
3.30881e-09	0.630317
3.30938e-09	0.627589
3.30994e-09	0.62481
3.31051e-09	0.621981
3.31107e-09	0.619103
3.31164e-09	0.616174
3.3122e-09	0.613196
3.31276e-09	0.610169
3.31333e-09	0.607092
3.31389e-09	0.603966
3.31446e-09	0.600792
3.31502e-09	0.597568
3.31559e-09	0.594296
3.31615e-09	0.590976
3.31671e-09	0.587608
3.31728e-09	0.584192
3.31784e-09	0.580728
3.31841e-09	0.577217
3.31897e-09	0.573658
3.31954e-09	0.570053
3.3201e-09	0.566401
3.32066e-09	0.562702
3.32123e-09	0.558958
3.32179e-09	0.555167
3.32236e-09	0.55133
3.32292e-09	0.547448
3.32349e-09	0.543521
3.32405e-09	0.539548
3.32461e-09	0.535531
3.32518e-09	0.53147
3.32574e-09	0.527364
3.32631e-09	0.523214
3.32687e-09	0.519021
3.32744e-09	0.514784
3.328e-09	0.510505
3.32856e-09	0.506182
3.32913e-09	0.501817
3.32969e-09	0.49741
3.33026e-09	0.492961
3.33082e-09	0.48847
3.33139e-09	0.483938
3.33195e-09	0.479365
3.33251e-09	0.474751
3.33308e-09	0.470097
3.33364e-09	0.465403
3.33421e-09	0.460669
3.33477e-09	0.455896
3.33533e-09	0.451084
3.3359e-09	0.446233
3.33646e-09	0.441344
3.33703e-09	0.436416
3.33759e-09	0.431451
3.33816e-09	0.426449
3.33872e-09	0.421409
3.33928e-09	0.416333
3.33985e-09	0.411221
3.34041e-09	0.406073
3.34098e-09	0.400889
3.34154e-09	0.39567
3.34211e-09	0.390416
3.34267e-09	0.385127
3.34323e-09	0.379805
3.3438e-09	0.374449
3.34436e-09	0.369059
3.34493e-09	0.363637
3.34549e-09	0.358182
3.34606e-09	0.352694
3.34662e-09	0.347175
3.34718e-09	0.341625
3.34775e-09	0.336044
3.34831e-09	0.330432
3.34888e-09	0.324789
3.34944e-09	0.319117
3.35001e-09	0.313416
3.35057e-09	0.307686
3.35113e-09	0.301927
3.3517e-09	0.29614
3.35226e-09	0.290325
3.35283e-09	0.284483
3.35339e-09	0.278614
3.35396e-09	0.272719
3.35452e-09	0.266798
3.35508e-09	0.260851
3.35565e-09	0.254879
3.35621e-09	0.248882
3.35678e-09	0.242861
3.35734e-09	0.236816
3.35791e-09	0.230748
3.35847e-09	0.224656
3.35903e-09	0.218543
3.3596e-09	0.212407
3.36016e-09	0.206249
3.36073e-09	0.200071
3.36129e-09	0.193871
3.36186e-09	0.187652
3.36242e-09	0.181413
3.36298e-09	0.175154
3.36355e-09	0.168877
3.36411e-09	0.162581
3.36468e-09	0.156267
3.36524e-09	0.149936
3.3658e-09	0.143588
3.36637e-09	0.137223
3.36693e-09	0.130842
3.3675e-09	0.124446
3.36806e-09	0.118034
3.36863e-09	0.111608
3.36919e-09	0.105168
3.36975e-09	0.0987143
3.37032e-09	0.0922474
3.37088e-09	0.0857677
3.37145e-09	0.0792759
3.37201e-09	0.0727723
3.37258e-09	0.0662576
3.37314e-09	0.0597321
3.3737e-09	0.0531964
3.37427e-09	0.0466509
3.37483e-09	0.0400962
3.3754e-09	0.0335327
3.37596e-09	0.026961
3.37653e-09	0.0203815
3.37709e-09	0.0137947
3.37765e-09	0.00720118
3.37822e-09	0.000601379
3.37878e-09	-0.00600418
3.37935e-09	-0.012615
3.37991e-09	-0.0192306
3.38048e-09	-0.0258504
3.38104e-09	-0.032474
3.3816e-09	-0.0391009
3.38217e-09	-0.0457305
3.38273e-09	-0.0523623
3.3833e-09	-0.0589959
3.38386e-09	-0.0656307
3.38443e-09	-0.0722662
3.38499e-09	-0.0789019
3.38555e-09	-0.0855373
3.38612e-09	-0.0921719
3.38668e-09	-0.0988052
3.38725e-09	-0.105437
3.38781e-09	-0.112066
3.38838e-09	-0.118692
3.38894e-09	-0.125315
3.3895e-09	-0.131934
3.39007e-09	-0.138549
3.39063e-09	-0.145158
3.3912e-09	-0.151763
3.39176e-09	-0.158361
3.39233e-09	-0.164953
3.39289e-09	-0.171538
3.39345e-09	-0.178116
3.39402e-09	-0.184686
3.39458e-09	-0.191247
3.39515e-09	-0.197799
3.39571e-09	-0.204342
3.39627e-09	-0.210875
3.39684e-09	-0.217397
3.3974e-09	-0.223908
3.39797e-09	-0.230408
3.39853e-09	-0.236896
3.3991e-09	-0.243371
3.39966e-09	-0.249833
3.40022e-09	-0.256281
3.40079e-09	-0.262716
3.40135e-09	-0.269136
3.40192e-09	-0.27554
3.40248e-09	-0.28193
3.40305e-09	-0.288303
3.40361e-09	-0.294659
3.40417e-09	-0.300999
3.40474e-09	-0.307321
3.4053e-09	-0.313625
3.40587e-09	-0.31991
3.40643e-09	-0.326176
3.407e-09	-0.332423
3.40756e-09	-0.33865
3.40812e-09	-0.344856
3.40869e-09	-0.35104
3.40925e-09	-0.357204
3.40982e-09	-0.363345
3.41038e-09	-0.369464
3.41095e-09	-0.37556
3.41151e-09	-0.381632
3.41207e-09	-0.387681
3.41264e-09	-0.393705
3.4132e-09	-0.399704
3.41377e-09	-0.405677
3.41433e-09	-0.411625
3.4149e-09	-0.417546
3.41546e-09	-0.42344
3.41602e-09	-0.429307
3.41659e-09	-0.435147
3.41715e-09	-0.440957
3.41772e-09	-0.44674
3.41828e-09	-0.452493
3.41885e-09	-0.458216
3.41941e-09	-0.463909
3.41997e-09	-0.469572
3.42054e-09	-0.475203
3.4211e-09	-0.480803
3.42167e-09	-0.486371
3.42223e-09	-0.491907
3.4228e-09	-0.49741
3.42336e-09	-0.502879
3.42392e-09	-0.508315
3.42449e-09	-0.513716
3.42505e-09	-0.519083
3.42562e-09	-0.524414
3.42618e-09	-0.52971
3.42674e-09	-0.534971
3.42731e-09	-0.540194
3.42787e-09	-0.545381
3.42844e-09	-0.550531
3.429e-09	-0.555643
3.42957e-09	-0.560717
3.43013e-09	-0.565752
3.43069e-09	-0.570749
3.43126e-09	-0.575706
3.43182e-09	-0.580623
3.43239e-09	-0.5855
3.43295e-09	-0.590337
3.43352e-09	-0.595132
3.43408e-09	-0.599886
3.43464e-09	-0.604599
3.43521e-09	-0.609269
3.43577e-09	-0.613897
3.43634e-09	-0.618481
3.4369e-09	-0.623023
3.43747e-09	-0.62752
3.43803e-09	-0.631974
3.43859e-09	-0.636383
3.43916e-09	-0.640747
3.43972e-09	-0.645066
3.44029e-09	-0.64934
3.44085e-09	-0.653567
3.44142e-09	-0.657748
3.44198e-09	-0.661883
3.44254e-09	-0.66597
3.44311e-09	-0.67001
3.44367e-09	-0.674002
3.44424e-09	-0.677947
3.4448e-09	-0.681843
3.44537e-09	-0.68569
3.44593e-09	-0.689488
3.44649e-09	-0.693236
3.44706e-09	-0.696935
3.44762e-09	-0.700584
3.44819e-09	-0.704183
3.44875e-09	-0.707731
3.44932e-09	-0.711227
3.44988e-09	-0.714673
3.45044e-09	-0.718067
3.45101e-09	-0.721409
3.45157e-09	-0.724699
3.45214e-09	-0.727936
3.4527e-09	-0.73112
3.45327e-09	-0.734252
3.45383e-09	-0.73733
3.45439e-09	-0.740354
3.45496e-09	-0.743325
3.45552e-09	-0.746241
3.45609e-09	-0.749103
3.45665e-09	-0.751911
3.45721e-09	-0.754663
3.45778e-09	-0.75736
3.45834e-09	-0.760002
3.45891e-09	-0.762587
3.45947e-09	-0.765117
3.46004e-09	-0.767591
3.4606e-09	-0.770009
3.46116e-09	-0.772369
3.46173e-09	-0.774673
3.46229e-09	-0.77692
3.46286e-09	-0.77911
3.46342e-09	-0.781242
3.46399e-09	-0.783316
3.46455e-09	-0.785332
3.46511e-09	-0.78729
3.46568e-09	-0.78919
3.46624e-09	-0.791032
3.46681e-09	-0.792814
3.46737e-09	-0.794538
3.46794e-09	-0.796203
3.4685e-09	-0.797809
3.46906e-09	-0.799355
3.46963e-09	-0.800842
3.47019e-09	-0.802269
3.47076e-09	-0.803636
3.47132e-09	-0.804943
3.47189e-09	-0.80619
3.47245e-09	-0.807376
3.47301e-09	-0.808502
3.47358e-09	-0.809568
3.47414e-09	-0.810573
3.47471e-09	-0.811517
3.47527e-09	-0.8124
3.47584e-09	-0.813222
3.4764e-09	-0.813983
3.47696e-09	-0.814683
3.47753e-09	-0.815321
3.47809e-09	-0.815898
3.47866e-09	-0.816413
3.47922e-09	-0.816867
3.47979e-09	-0.817259
3.48035e-09	-0.817589
3.48091e-09	-0.817858
3.48148e-09	-0.818064
3.48204e-09	-0.818208
3.48261e-09	-0.818291
3.48317e-09	-0.818311
3.48374e-09	-0.818269
3.4843e-09	-0.818165
3.48486e-09	-0.817999
3.48543e-09	-0.817771
3.48599e-09	-0.81748
3.48656e-09	-0.817127
3.48712e-09	-0.816711
3.48768e-09	-0.816234
3.48825e-09	-0.815694
3.48881e-09	-0.815091
3.48938e-09	-0.814427
3.48994e-09	-0.813699
3.49051e-09	-0.81291
3.49107e-09	-0.812058
3.49163e-09	-0.811144
3.4922e-09	-0.810168
3.49276e-09	-0.809129
3.49333e-09	-0.808029
3.49389e-09	-0.806866
3.49446e-09	-0.805641
3.49502e-09	-0.804353
3.49558e-09	-0.803004
3.49615e-09	-0.801593
3.49671e-09	-0.80012
3.49728e-09	-0.798585
3.49784e-09	-0.796989
3.49841e-09	-0.79533
3.49897e-09	-0.79361
3.49953e-09	-0.791829
3.5001e-09	-0.789986
3.50066e-09	-0.788082
3.50123e-09	-0.786117
3.50179e-09	-0.78409
3.50236e-09	-0.782003
3.50292e-09	-0.779854
3.50348e-09	-0.777645
3.50405e-09	-0.775375
3.50461e-09	-0.773045
3.50518e-09	-0.770654
3.50574e-09	-0.768203
3.50631e-09	-0.765692
3.50687e-09	-0.763122
3.50743e-09	-0.760491
3.508e-09	-0.757801
3.50856e-09	-0.755051
3.50913e-09	-0.752242
3.50969e-09	-0.749374
3.51026e-09	-0.746447
3.51082e-09	-0.743461
3.51138e-09	-0.740416
3.51195e-09	-0.737314
3.51251e-09	-0.734152
3.51308e-09	-0.730934
3.51364e-09	-0.727657
3.5142e-09	-0.724323
3.51477e-09	-0.720931
3.51533e-09	-0.717482
3.5159e-09	-0.713977
3.51646e-09	-0.710414
3.51703e-09	-0.706795
3.51759e-09	-0.703121
3.51815e-09	-0.69939
3.51872e-09	-0.695603
3.51928e-09	-0.691761
3.51985e-09	-0.687864
3.52041e-09	-0.683911
3.52098e-09	-0.679905
3.52154e-09	-0.675843
3.5221e-09	-0.671728
3.52267e-09	-0.667558
3.52323e-09	-0.663336
3.5238e-09	-0.659059
3.52436e-09	-0.65473
3.52493e-09	-0.650348
3.52549e-09	-0.645914
3.52605e-09	-0.641428
3.52662e-09	-0.63689
3.52718e-09	-0.6323
3.52775e-09	-0.627659
3.52831e-09	-0.622968
3.52888e-09	-0.618225
3.52944e-09	-0.613433
3.53e-09	-0.608591
3.53057e-09	-0.603699
3.53113e-09	-0.598758
3.5317e-09	-0.593769
3.53226e-09	-0.58873
3.53283e-09	-0.583644
3.53339e-09	-0.57851
3.53395e-09	-0.573329
3.53452e-09	-0.5681
3.53508e-09	-0.562825
3.53565e-09	-0.557503
3.53621e-09	-0.552136
3.53678e-09	-0.546723
3.53734e-09	-0.541265
3.5379e-09	-0.535762
3.53847e-09	-0.530214
3.53903e-09	-0.524623
3.5396e-09	-0.518988
3.54016e-09	-0.51331
3.54073e-09	-0.507589
3.54129e-09	-0.501826
3.54185e-09	-0.496021
3.54242e-09	-0.490174
3.54298e-09	-0.484286
3.54355e-09	-0.478358
3.54411e-09	-0.472389
3.54467e-09	-0.46638
3.54524e-09	-0.460332
3.5458e-09	-0.454245
3.54637e-09	-0.44812
3.54693e-09	-0.441956
3.5475e-09	-0.435755
3.54806e-09	-0.429517
3.54862e-09	-0.423241
3.54919e-09	-0.41693
3.54975e-09	-0.410583
3.55032e-09	-0.4042
3.55088e-09	-0.397783
3.55145e-09	-0.391331
3.55201e-09	-0.384845
3.55257e-09	-0.378325
3.55314e-09	-0.371773
3.5537e-09	-0.365188
3.55427e-09	-0.358571
3.55483e-09	-0.351923
3.5554e-09	-0.345244
3.55596e-09	-0.338534
3.55652e-09	-0.331793
3.55709e-09	-0.325024
3.55765e-09	-0.318225
3.55822e-09	-0.311398
3.55878e-09	-0.304542
3.55935e-09	-0.297659
3.55991e-09	-0.290749
3.56047e-09	-0.283813
3.56104e-09	-0.27685
3.5616e-09	-0.269862
3.56217e-09	-0.262849
3.56273e-09	-0.255812
3.5633e-09	-0.24875
3.56386e-09	-0.241665
3.56442e-09	-0.234557
3.56499e-09	-0.227427
3.56555e-09	-0.220275
3.56612e-09	-0.213102
3.56668e-09	-0.205908
3.56725e-09	-0.198694
3.56781e-09	-0.19146
3.56837e-09	-0.184207
3.56894e-09	-0.176935
3.5695e-09	-0.169645
3.57007e-09	-0.162338
3.57063e-09	-0.155014
3.5712e-09	-0.147673
3.57176e-09	-0.140317
3.57232e-09	-0.132945
3.57289e-09	-0.125559
3.57345e-09	-0.118158
3.57402e-09	-0.110744
3.57458e-09	-0.103316
3.57514e-09	-0.0958765
3.57571e-09	-0.0884246
3.57627e-09	-0.0809614
3.57684e-09	-0.0734874
3.5774e-09	-0.0660031
3.57797e-09	-0.0585091
3.57853e-09	-0.051006
3.57909e-09	-0.0434944
3.57966e-09	-0.0359747
3.58022e-09	-0.0284477
3.58079e-09	-0.0209138
3.58135e-09	-0.0133737
3.58192e-09	-0.00582784
3.58248e-09	0.00172311
3.58304e-09	0.0092786
3.58361e-09	0.0168381
3.58417e-09	0.0244009
3.58474e-09	0.0319666
3.5853e-09	0.0395345
3.58587e-09	0.047104
3.58643e-09	0.0546746
3.58699e-09	0.0622458
3.58756e-09	0.0698168
3.58812e-09	0.0773872
3.58869e-09	0.0849563
3.58925e-09	0.0925237
3.58982e-09	0.100089
3.59038e-09	0.107651
3.59094e-09	0.115209
3.59151e-09	0.122763
3.59207e-09	0.130313
3.59264e-09	0.137857
3.5932e-09	0.145395
3.59377e-09	0.152927
3.59433e-09	0.160452
3.59489e-09	0.167969
3.59546e-09	0.175478
3.59602e-09	0.182978
3.59659e-09	0.190469
3.59715e-09	0.19795
3.59772e-09	0.20542
3.59828e-09	0.212879
3.59884e-09	0.220327
3.59941e-09	0.227762
3.59997e-09	0.235184
3.60054e-09	0.242593
3.6011e-09	0.249988
3.60167e-09	0.257369
3.60223e-09	0.264734
3.60279e-09	0.272084
3.60336e-09	0.279417
3.60392e-09	0.286733
3.60449e-09	0.294032
3.60505e-09	0.301313
3.60561e-09	0.308576
3.60618e-09	0.315819
3.60674e-09	0.323043
3.60731e-09	0.330246
3.60787e-09	0.337429
3.60844e-09	0.34459
3.609e-09	0.351729
3.60956e-09	0.358846
3.61013e-09	0.365939
3.61069e-09	0.373009
3.61126e-09	0.380055
3.61182e-09	0.387076
3.61239e-09	0.394072
3.61295e-09	0.401042
3.61351e-09	0.407986
3.61408e-09	0.414902
3.61464e-09	0.421792
3.61521e-09	0.428653
3.61577e-09	0.435485
3.61634e-09	0.442289
3.6169e-09	0.449063
3.61746e-09	0.455807
3.61803e-09	0.46252
3.61859e-09	0.469201
3.61916e-09	0.475851
3.61972e-09	0.482469
3.62029e-09	0.489054
3.62085e-09	0.495606
3.62141e-09	0.502123
3.62198e-09	0.508607
3.62254e-09	0.515055
3.62311e-09	0.521468
3.62367e-09	0.527845
3.62424e-09	0.534186
3.6248e-09	0.540489
3.62536e-09	0.546756
3.62593e-09	0.552984
3.62649e-09	0.559174
3.62706e-09	0.565325
3.62762e-09	0.571436
3.62819e-09	0.577508
3.62875e-09	0.583539
3.62931e-09	0.589529
3.62988e-09	0.595478
3.63044e-09	0.601385
3.63101e-09	0.60725
3.63157e-09	0.613072
3.63214e-09	0.618851
3.6327e-09	0.624586
3.63326e-09	0.630276
3.63383e-09	0.635922
3.63439e-09	0.641523
3.63496e-09	0.647079
3.63552e-09	0.652588
3.63608e-09	0.658051
3.63665e-09	0.663467
3.63721e-09	0.668836
3.63778e-09	0.674156
3.63834e-09	0.679429
3.63891e-09	0.684653
3.63947e-09	0.689828
3.64003e-09	0.694953
3.6406e-09	0.700029
3.64116e-09	0.705054
3.64173e-09	0.710028
3.64229e-09	0.714951
3.64286e-09	0.719823
3.64342e-09	0.724643
3.64398e-09	0.72941
3.64455e-09	0.734124
3.64511e-09	0.738786
3.64568e-09	0.743394
3.64624e-09	0.747948
3.64681e-09	0.752447
3.64737e-09	0.756892
3.64793e-09	0.761282
3.6485e-09	0.765617
3.64906e-09	0.769896
3.64963e-09	0.774118
3.65019e-09	0.778284
3.65076e-09	0.782394
3.65132e-09	0.786446
3.65188e-09	0.790441
3.65245e-09	0.794378
3.65301e-09	0.798256
3.65358e-09	0.802077
3.65414e-09	0.805838
3.65471e-09	0.80954
3.65527e-09	0.813183
3.65583e-09	0.816766
3.6564e-09	0.820289
3.65696e-09	0.823751
3.65753e-09	0.827153
3.65809e-09	0.830494
3.65866e-09	0.833774
3.65922e-09	0.836992
3.65978e-09	0.840148
3.66035e-09	0.843242
3.66091e-09	0.846274
3.66148e-09	0.849243
3.66204e-09	0.852149
3.66261e-09	0.854993
3.66317e-09	0.857772
3.66373e-09	0.860488
3.6643e-09	0.863141
3.66486e-09	0.865729
3.66543e-09	0.868253
3.66599e-09	0.870712
3.66655e-09	0.873106
3.66712e-09	0.875436
3.66768e-09	0.8777
3.66825e-09	0.879899
3.66881e-09	0.882032
3.66938e-09	0.884099
3.66994e-09	0.8861
3.6705e-09	0.888035
3.67107e-09	0.889904
3.67163e-09	0.891706
3.6722e-09	0.893441
3.67276e-09	0.89511
3.67333e-09	0.896711
3.67389e-09	0.898246
3.67445e-09	0.899712
3.67502e-09	0.901112
3.67558e-09	0.902443
3.67615e-09	0.903707
3.67671e-09	0.904903
3.67728e-09	0.906031
3.67784e-09	0.907091
3.6784e-09	0.908082
3.67897e-09	0.909005
3.67953e-09	0.909859
3.6801e-09	0.910645
3.68066e-09	0.911362
3.68123e-09	0.912011
3.68179e-09	0.91259
3.68235e-09	0.913101
3.68292e-09	0.913543
3.68348e-09	0.913915
3.68405e-09	0.914218
3.68461e-09	0.914452
3.68518e-09	0.914617
3.68574e-09	0.914713
3.6863e-09	0.914739
3.68687e-09	0.914696
3.68743e-09	0.914583
3.688e-09	0.914401
3.68856e-09	0.914149
3.68913e-09	0.913828
3.68969e-09	0.913438
3.69025e-09	0.912978
3.69082e-09	0.912448
3.69138e-09	0.911849
3.69195e-09	0.911181
3.69251e-09	0.910443
3.69308e-09	0.909636
3.69364e-09	0.908759
3.6942e-09	0.907813
3.69477e-09	0.906797
3.69533e-09	0.905713
3.6959e-09	0.904559
3.69646e-09	0.903335
3.69702e-09	0.902043
3.69759e-09	0.900682
3.69815e-09	0.899252
3.69872e-09	0.897752
3.69928e-09	0.896184
3.69985e-09	0.894548
3.70041e-09	0.892842
3.70097e-09	0.891068
3.70154e-09	0.889226
3.7021e-09	0.887315
3.70267e-09	0.885336
3.70323e-09	0.883289
3.7038e-09	0.881174
3.70436e-09	0.878991
3.70492e-09	0.876741
3.70549e-09	0.874422
3.70605e-09	0.872037
3.70662e-09	0.869584
3.70718e-09	0.867064
3.70775e-09	0.864477
3.70831e-09	0.861823
3.70887e-09	0.859103
3.70944e-09	0.856316
3.71e-09	0.853463
3.71057e-09	0.850544
3.71113e-09	0.847559
3.7117e-09	0.844508
3.71226e-09	0.841392
3.71282e-09	0.838211
3.71339e-09	0.834965
3.71395e-09	0.831653
3.71452e-09	0.828277
3.71508e-09	0.824837
3.71565e-09	0.821333
3.71621e-09	0.817764
3.71677e-09	0.814132
3.71734e-09	0.810437
3.7179e-09	0.806678
3.71847e-09	0.802857
3.71903e-09	0.798973
3.7196e-09	0.795026
3.72016e-09	0.791018
3.72072e-09	0.786947
3.72129e-09	0.782815
3.72185e-09	0.778622
3.72242e-09	0.774368
3.72298e-09	0.770053
3.72355e-09	0.765678
3.72411e-09	0.761243
3.72467e-09	0.756748
3.72524e-09	0.752194
3.7258e-09	0.747581
3.72637e-09	0.742908
3.72693e-09	0.738178
3.72749e-09	0.733389
3.72806e-09	0.728543
3.72862e-09	0.723639
3.72919e-09	0.718678
3.72975e-09	0.713661
3.73032e-09	0.708587
3.73088e-09	0.703457
3.73144e-09	0.698271
3.73201e-09	0.69303
3.73257e-09	0.687735
3.73314e-09	0.682385
3.7337e-09	0.676981
3.73427e-09	0.671523
3.73483e-09	0.666012
3.73539e-09	0.660447
3.73596e-09	0.654831
3.73652e-09	0.649162
3.73709e-09	0.643442
3.73765e-09	0.63767
3.73822e-09	0.631847
3.73878e-09	0.625974
3.73934e-09	0.620052
3.73991e-09	0.614079
3.74047e-09	0.608057
3.74104e-09	0.601987
3.7416e-09	0.595868
3.74217e-09	0.589702
3.74273e-09	0.583488
3.74329e-09	0.577227
3.74386e-09	0.57092
3.74442e-09	0.564567
3.74499e-09	0.558169
3.74555e-09	0.551725
3.74612e-09	0.545237
3.74668e-09	0.538705
3.74724e-09	0.532129
3.74781e-09	0.52551
3.74837e-09	0.518848
3.74894e-09	0.512145
3.7495e-09	0.505399
3.75007e-09	0.498613
3.75063e-09	0.491785
3.75119e-09	0.484918
3.75176e-09	0.478011
3.75232e-09	0.471065
3.75289e-09	0.464081
3.75345e-09	0.457058
3.75402e-09	0.449998
3.75458e-09	0.4429
3.75514e-09	0.435767
3.75571e-09	0.428597
3.75627e-09	0.421392
3.75684e-09	0.414152
3.7574e-09	0.406877
3.75796e-09	0.399569
3.75853e-09	0.392227
3.75909e-09	0.384853
3.75966e-09	0.377447
3.76022e-09	0.370008
3.76079e-09	0.362539
3.76135e-09	0.35504
3.76191e-09	0.34751
3.76248e-09	0.339951
3.76304e-09	0.332363
3.76361e-09	0.324747
3.76417e-09	0.317104
3.76474e-09	0.309433
3.7653e-09	0.301736
3.76586e-09	0.294013
3.76643e-09	0.286264
3.76699e-09	0.278491
3.76756e-09	0.270693
3.76812e-09	0.262872
3.76869e-09	0.255028
3.76925e-09	0.247161
3.76981e-09	0.239273
3.77038e-09	0.231363
3.77094e-09	0.223433
3.77151e-09	0.215482
3.77207e-09	0.207513
3.77264e-09	0.199524
3.7732e-09	0.191517
3.77376e-09	0.183493
3.77433e-09	0.175451
3.77489e-09	0.167393
3.77546e-09	0.15932
3.77602e-09	0.151231
3.77659e-09	0.143127
3.77715e-09	0.13501
3.77771e-09	0.126879
3.77828e-09	0.118736
3.77884e-09	0.11058
3.77941e-09	0.102413
3.77997e-09	0.0942348
3.78054e-09	0.0860466
3.7811e-09	0.0778488
3.78166e-09	0.0696419
3.78223e-09	0.0614267
3.78279e-09	0.0532037
3.78336e-09	0.0449736
3.78392e-09	0.0367371
3.78449e-09	0.0284946
3.78505e-09	0.0202469
3.78561e-09	0.0119946
3.78618e-09	0.00373827
3.78674e-09	-0.00452138
3.78731e-09	-0.0127838
3.78787e-09	-0.0210482
3.78843e-09	-0.0293141
3.789e-09	-0.0375809
3.78956e-09	-0.0458478
3.79013e-09	-0.0541143
3.79069e-09	-0.0623798
3.79126e-09	-0.0706435
3.79182e-09	-0.0789049
3.79238e-09	-0.0871633
3.79295e-09	-0.0954181
3.79351e-09	-0.103669
3.79408e-09	-0.111914
3.79464e-09	-0.120155
3.79521e-09	-0.128389
3.79577e-09	-0.136616
3.79633e-09	-0.144836
3.7969e-09	-0.153048
3.79746e-09	-0.161251
3.79803e-09	-0.169445
3.79859e-09	-0.177629
3.79916e-09	-0.185802
3.79972e-09	-0.193965
3.80028e-09	-0.202115
3.80085e-09	-0.210253
3.80141e-09	-0.218378
3.80198e-09	-0.226489
3.80254e-09	-0.234586
3.80311e-09	-0.242668
3.80367e-09	-0.250735
3.80423e-09	-0.258785
3.8048e-09	-0.266818
3.80536e-09	-0.274834
3.80593e-09	-0.282832
3.80649e-09	-0.290812
3.80706e-09	-0.298772
3.80762e-09	-0.306712
3.80818e-09	-0.314631
3.80875e-09	-0.32253
3.80931e-09	-0.330407
3.80988e-09	-0.338261
3.81044e-09	-0.346093
3.81101e-09	-0.3539
3.81157e-09	-0.361684
3.81213e-09	-0.369443
3.8127e-09	-0.377177
3.81326e-09	-0.384884
3.81383e-09	-0.392565
3.81439e-09	-0.400219
3.81496e-09	-0.407845
3.81552e-09	-0.415443
3.81608e-09	-0.423011
3.81665e-09	-0.430551
3.81721e-09	-0.43806
3.81778e-09	-0.445538
3.81834e-09	-0.452985
3.8189e-09	-0.4604
3.81947e-09	-0.467783
3.82003e-09	-0.475133
3.8206e-09	-0.482449
3.82116e-09	-0.489731
3.82173e-09	-0.496978
3.82229e-09	-0.50419
3.82285e-09	-0.511366
3.82342e-09	-0.518506
3.82398e-09	-0.525608
3.82455e-09	-0.532673
3.82511e-09	-0.5397
3.82568e-09	-0.546689
3.82624e-09	-0.553638
3.8268e-09	-0.560547
3.82737e-09	-0.567416
3.82793e-09	-0.574245
3.8285e-09	-0.581032
3.82906e-09	-0.587777
3.82963e-09	-0.59448
3.83019e-09	-0.601139
3.83075e-09	-0.607755
3.83132e-09	-0.614328
3.83188e-09	-0.620856
3.83245e-09	-0.627338
3.83301e-09	-0.633776
3.83358e-09	-0.640167
3.83414e-09	-0.646511
3.8347e-09	-0.652809
3.83527e-09	-0.659059
3.83583e-09	-0.665261
3.8364e-09	-0.671415
3.83696e-09	-0.67752
3.83753e-09	-0.683575
3.83809e-09	-0.68958
3.83865e-09	-0.695535
3.83922e-09	-0.701438
3.83978e-09	-0.707291
3.84035e-09	-0.713091
3.84091e-09	-0.71884
3.84148e-09	-0.724535
3.84204e-09	-0.730178
3.8426e-09	-0.735766
3.84317e-09	-0.741301
3.84373e-09	-0.746781
3.8443e-09	-0.752206
3.84486e-09	-0.757576
3.84543e-09	-0.76289
3.84599e-09	-0.768147
3.84655e-09	-0.773348
3.84712e-09	-0.778492
3.84768e-09	-0.783578
3.84825e-09	-0.788607
3.84881e-09	-0.793577
3.84937e-09	-0.798488
3.84994e-09	-0.803341
3.8505e-09	-0.808134
3.85107e-09	-0.812867
3.85163e-09	-0.817539
3.8522e-09	-0.822152
3.85276e-09	-0.826703
3.85332e-09	-0.831193
3.85389e-09	-0.835621
3.85445e-09	-0.839987
3.85502e-09	-0.84429
3.85558e-09	-0.848531
3.85615e-09	-0.852709
3.85671e-09	-0.856823
3.85727e-09	-0.860873
3.85784e-09	-0.86486
3.8584e-09	-0.868781
3.85897e-09	-0.872639
3.85953e-09	-0.876431
3.8601e-09	-0.880157
3.86066e-09	-0.883818
3.86122e-09	-0.887413
3.86179e-09	-0.890942
3.86235e-09	-0.894404
3.86292e-09	-0.897799
3.86348e-09	-0.901128
3.86405e-09	-0.904388
3.86461e-09	-0.907582
3.86517e-09	-0.910707
3.86574e-09	-0.913764
3.8663e-09	-0.916752
3.86687e-09	-0.919672
3.86743e-09	-0.922523
3.868e-09	-0.925305
3.86856e-09	-0.928017
3.86912e-09	-0.93066
3.86969e-09	-0.933233
3.87025e-09	-0.935736
3.87082e-09	-0.938168
3.87138e-09	-0.940531
3.87195e-09	-0.942822
3.87251e-09	-0.945042
3.87307e-09	-0.947192
3.87364e-09	-0.94927
3.8742e-09	-0.951277
3.87477e-09	-0.953212
3.87533e-09	-0.955076
3.8759e-09	-0.956867
3.87646e-09	-0.958587
3.87702e-09	-0.960234
3.87759e-09	-0.961809
3.87815e-09	-0.963311
3.87872e-09	-0.964741
3.87928e-09	-0.966098
3.87984e-09	-0.967382
3.88041e-09	-0.968593
3.88097e-09	-0.969731
3.88154e-09	-0.970796
3.8821e-09	-0.971787
3.88267e-09	-0.972705
3.88323e-09	-0.97355
3.88379e-09	-0.974321
3.88436e-09	-0.975018
3.88492e-09	-0.975641
3.88549e-09	-0.976191
3.88605e-09	-0.976667
3.88662e-09	-0.977068
3.88718e-09	-0.977396
3.88774e-09	-0.97765
3.88831e-09	-0.97783
3.88887e-09	-0.977936
3.88944e-09	-0.977967
3.89e-09	-0.977925
3.89057e-09	-0.977808
3.89113e-09	-0.977617
3.89169e-09	-0.977352
3.89226e-09	-0.977013
3.89282e-09	-0.976599
3.89339e-09	-0.976112
3.89395e-09	-0.97555
3.89452e-09	-0.974914
3.89508e-09	-0.974205
3.89564e-09	-0.973421
3.89621e-09	-0.972563
3.89677e-09	-0.971631
3.89734e-09	-0.970626
3.8979e-09	-0.969546
3.89847e-09	-0.968393
3.89903e-09	-0.967166
3.89959e-09	-0.965866
3.90016e-09	-0.964492
3.90072e-09	-0.963044
3.90129e-09	-0.961523
3.90185e-09	-0.959929
3.90242e-09	-0.958262
3.90298e-09	-0.956522
3.90354e-09	-0.954709
3.90411e-09	-0.952823
3.90467e-09	-0.950864
3.90524e-09	-0.948833
3.9058e-09	-0.946729
3.90636e-09	-0.944554
3.90693e-09	-0.942306
3.90749e-09	-0.939986
3.90806e-09	-0.937594
3.90862e-09	-0.935131
3.90919e-09	-0.932596
3.90975e-09	-0.929991
3.91031e-09	-0.927314
3.91088e-09	-0.924566
3.91144e-09	-0.921747
3.91201e-09	-0.918858
3.91257e-09	-0.915899
3.91314e-09	-0.912869
3.9137e-09	-0.90977
3.91426e-09	-0.906601
3.91483e-09	-0.903362
3.91539e-09	-0.900055
3.91596e-09	-0.896678
3.91652e-09	-0.893233
3.91709e-09	-0.889719
3.91765e-09	-0.886137
3.91821e-09	-0.882488
3.91878e-09	-0.87877
3.91934e-09	-0.874985
3.91991e-09	-0.871133
3.92047e-09	-0.867214
3.92104e-09	-0.863229
3.9216e-09	-0.859177
3.92216e-09	-0.85506
3.92273e-09	-0.850876
3.92329e-09	-0.846628
3.92386e-09	-0.842314
3.92442e-09	-0.837935
3.92499e-09	-0.833493
3.92555e-09	-0.828986
3.92611e-09	-0.824415
3.92668e-09	-0.819781
3.92724e-09	-0.815083
3.92781e-09	-0.810323
3.92837e-09	-0.805501
3.92894e-09	-0.800617
3.9295e-09	-0.795671
3.93006e-09	-0.790663
3.93063e-09	-0.785595
3.93119e-09	-0.780466
3.93176e-09	-0.775277
3.93232e-09	-0.770028
3.93289e-09	-0.76472
3.93345e-09	-0.759353
3.93401e-09	-0.753927
3.93458e-09	-0.748443
3.93514e-09	-0.742902
3.93571e-09	-0.737303
3.93627e-09	-0.731647
3.93683e-09	-0.725934
3.9374e-09	-0.720165
3.93796e-09	-0.714341
3.93853e-09	-0.708461
3.93909e-09	-0.702527
3.93966e-09	-0.696538
3.94022e-09	-0.690495
3.94078e-09	-0.684399
3.94135e-09	-0.67825
3.94191e-09	-0.672048
3.94248e-09	-0.665794
3.94304e-09	-0.659489
3.94361e-09	-0.653132
3.94417e-09	-0.646725
3.94473e-09	-0.640268
3.9453e-09	-0.633761
3.94586e-09	-0.627205
3.94643e-09	-0.6206
3.94699e-09	-0.613946
3.94756e-09	-0.607246
3.94812e-09	-0.600497
3.94868e-09	-0.593703
3.94925e-09	-0.586862
3.94981e-09	-0.579975
3.95038e-09	-0.573043
3.95094e-09	-0.566067
3.95151e-09	-0.559046
3.95207e-09	-0.551982
3.95263e-09	-0.544875
3.9532e-09	-0.537725
3.95376e-09	-0.530533
3.95433e-09	-0.5233
3.95489e-09	-0.516026
3.95546e-09	-0.508712
3.95602e-09	-0.501358
3.95658e-09	-0.493964
3.95715e-09	-0.486532
3.95771e-09	-0.479062
3.95828e-09	-0.471554
3.95884e-09	-0.46401
3.95941e-09	-0.456429
3.95997e-09	-0.448812
3.96053e-09	-0.44116
3.9611e-09	-0.433473
3.96166e-09	-0.425752
3.96223e-09	-0.417998
3.96279e-09	-0.410211
3.96336e-09	-0.402391
3.96392e-09	-0.39454
3.96448e-09	-0.386658
3.96505e-09	-0.378745
3.96561e-09	-0.370802
3.96618e-09	-0.36283
3.96674e-09	-0.354829
3.9673e-09	-0.3468
3.96787e-09	-0.338743
3.96843e-09	-0.33066
3.969e-09	-0.32255
3.96956e-09	-0.314415
3.97013e-09	-0.306254
3.97069e-09	-0.298069
3.97125e-09	-0.289861
3.97182e-09	-0.281629
3.97238e-09	-0.273374
3.97295e-09	-0.265098
3.97351e-09	-0.2568
3.97408e-09	-0.248482
3.97464e-09	-0.240144
3.9752e-09	-0.231786
3.97577e-09	-0.22341
3.97633e-09	-0.215015
3.9769e-09	-0.206603
3.97746e-09	-0.198174
3.97803e-09	-0.189729
3.97859e-09	-0.181268
3.97915e-09	-0.172793
3.97972e-09	-0.164303
3.98028e-09	-0.155799
3.98085e-09	-0.147283
3.98141e-09	-0.138754
3.98198e-09	-0.130214
3.98254e-09	-0.121662
3.9831e-09	-0.1131
3.98367e-09	-0.104529
3.98423e-09	-0.0959484
3.9848e-09	-0.0873594
3.98536e-09	-0.0787627
3.98593e-09	-0.0701589
3.98649e-09	-0.0615487
3.98705e-09	-0.0529327
3.98762e-09	-0.0443116
3.98818e-09	-0.0356861
3.98875e-09	-0.0270567
3.98931e-09	-0.0184242
3.98988e-09	-0.00978923
3.99044e-09	-0.00115243
3.991e-09	0.00748552
3.99157e-09	0.016124
3.99213e-09	0.0247622
3.9927e-09	0.0333997
3.99326e-09	0.0420357
3.99383e-09	0.0506695
3.99439e-09	0.0593005
3.99495e-09	0.0679281
3.99552e-09	0.0765515
3.99608e-09	0.0851701
3.99665e-09	0.0937833
3.99721e-09	0.10239
3.99777e-09	0.110991
3.99834e-09	0.119584
3.9989e-09	0.128168
3.99947e-09	0.136744
4.00003e-09	0.145311
4.0006e-09	0.153868
4.00116e-09	0.162414
4.00172e-09	0.170948
4.00229e-09	0.179471
4.00285e-09	0.187981
4.00342e-09	0.196477
4.00398e-09	0.20496
4.00455e-09	0.213428
4.00511e-09	0.22188
4.00567e-09	0.230317
4.00624e-09	0.238737
4.0068e-09	0.24714
4.00737e-09	0.255525
4.00793e-09	0.263892
4.0085e-09	0.272239
4.00906e-09	0.280567
4.00962e-09	0.288874
4.01019e-09	0.297161
4.01075e-09	0.305425
4.01132e-09	0.313667
4.01188e-09	0.321886
4.01245e-09	0.330082
4.01301e-09	0.338253
4.01357e-09	0.3464
4.01414e-09	0.354521
4.0147e-09	0.362616
4.01527e-09	0.370684
4.01583e-09	0.378725
4.0164e-09	0.386738
4.01696e-09	0.394722
4.01752e-09	0.402678
4.01809e-09	0.410603
4.01865e-09	0.418498
4.01922e-09	0.426362
4.01978e-09	0.434194
4.02035e-09	0.441995
4.02091e-09	0.449762
4.02147e-09	0.457496
4.02204e-09	0.465196
4.0226e-09	0.472861
4.02317e-09	0.480491
4.02373e-09	0.488085
4.0243e-09	0.495643
4.02486e-09	0.503164
4.02542e-09	0.510648
4.02599e-09	0.518093
4.02655e-09	0.5255
4.02712e-09	0.532868
4.02768e-09	0.540195
4.02824e-09	0.547483
4.02881e-09	0.554729
4.02937e-09	0.561934
4.02994e-09	0.569097
4.0305e-09	0.576217
4.03107e-09	0.583294
4.03163e-09	0.590328
4.03219e-09	0.597317
4.03276e-09	0.604262
4.03332e-09	0.611161
4.03389e-09	0.618014
4.03445e-09	0.624821
4.03502e-09	0.631581
4.03558e-09	0.638294
4.03614e-09	0.644959
4.03671e-09	0.651575
4.03727e-09	0.658143
4.03784e-09	0.664661
4.0384e-09	0.671129
4.03897e-09	0.677546
4.03953e-09	0.683913
4.04009e-09	0.690228
4.04066e-09	0.696492
4.04122e-09	0.702703
4.04179e-09	0.708861
4.04235e-09	0.714965
4.04292e-09	0.721016
4.04348e-09	0.727013
4.04404e-09	0.732955
4.04461e-09	0.738842
4.04517e-09	0.744673
4.04574e-09	0.750448
4.0463e-09	0.756166
4.04687e-09	0.761827
4.04743e-09	0.767431
4.04799e-09	0.772977
4.04856e-09	0.778465
4.04912e-09	0.783894
4.04969e-09	0.789264
4.05025e-09	0.794575
4.05082e-09	0.799825
4.05138e-09	0.805015
4.05194e-09	0.810145
4.05251e-09	0.815213
4.05307e-09	0.82022
4.05364e-09	0.825164
4.0542e-09	0.830047
4.05477e-09	0.834867
4.05533e-09	0.839623
4.05589e-09	0.844316
4.05646e-09	0.848946
4.05702e-09	0.853511
4.05759e-09	0.858012
4.05815e-09	0.862448
4.05871e-09	0.866819
4.05928e-09	0.871124
4.05984e-09	0.875364
4.06041e-09	0.879537
4.06097e-09	0.883644
4.06154e-09	0.887684
4.0621e-09	0.891657
4.06266e-09	0.895562
4.06323e-09	0.8994
4.06379e-09	0.90317
4.06436e-09	0.906871
4.06492e-09	0.910504
4.06549e-09	0.914068
4.06605e-09	0.917562
4.06661e-09	0.920988
4.06718e-09	0.924343
4.06774e-09	0.927629
4.06831e-09	0.930844
4.06887e-09	0.933989
4.06944e-09	0.937063
4.07e-09	0.940067
4.07056e-09	0.942999
4.07113e-09	0.945859
4.07169e-09	0.948649
4.07226e-09	0.951366
4.07282e-09	0.954011
4.07339e-09	0.956584
4.07395e-09	0.959085
4.07451e-09	0.961513
4.07508e-09	0.963868
4.07564e-09	0.96615
4.07621e-09	0.968359
4.07677e-09	0.970495
4.07734e-09	0.972557
4.0779e-09	0.974545
4.07846e-09	0.97646
4.07903e-09	0.9783
4.07959e-09	0.980067
4.08016e-09	0.981759
4.08072e-09	0.983377
4.08129e-09	0.98492
4.08185e-09	0.986389
4.08241e-09	0.987783
4.08298e-09	0.989102
4.08354e-09	0.990346
4.08411e-09	0.991516
4.08467e-09	0.99261
4.08524e-09	0.993628
4.0858e-09	0.994572
4.08636e-09	0.99544
4.08693e-09	0.996233
4.08749e-09	0.99695
4.08806e-09	0.997592
4.08862e-09	0.998158
4.08918e-09	0.998648
4.08975e-09	0.999063
4.09031e-09	0.999402
4.09088e-09	0.999665
4.09144e-09	0.999852
4.09201e-09	0.999964
4.09257e-09	1
4.09313e-09	0.99996
4.0937e-09	0.999844
4.09426e-09	0.999653
4.09483e-09	0.999386
4.09539e-09	0.999043
4.09596e-09	0.998624
4.09652e-09	0.99813
4.09708e-09	0.99756
4.09765e-09	0.996914
4.09821e-09	0.996193
4.09878e-09	0.995396
4.09934e-09	0.994524
4.09991e-09	0.993577
4.10047e-09	0.992554
4.10103e-09	0.991456
4.1016e-09	0.990283
4.10216e-09	0.989035
4.10273e-09	0.987712
4.10329e-09	0.986314
4.10386e-09	0.984841
4.10442e-09	0.983294
4.10498e-09	0.981672
4.10555e-09	0.979976
4.10611e-09	0.978206
4.10668e-09	0.976361
4.10724e-09	0.974443
4.10781e-09	0.972451
4.10837e-09	0.970385
4.10893e-09	0.968245
4.1095e-09	0.966032
4.11006e-09	0.963746
4.11063e-09	0.961387
4.11119e-09	0.958956
4.11176e-09	0.956451
4.11232e-09	0.953874
4.11288e-09	0.951225
4.11345e-09	0.948504
4.11401e-09	0.945711
4.11458e-09	0.942847
4.11514e-09	0.939911
4.11571e-09	0.936904
4.11627e-09	0.933826
4.11683e-09	0.930677
4.1174e-09	0.927458
4.11796e-09	0.924169
4.11853e-09	0.92081
4.11909e-09	0.917381
4.11965e-09	0.913883
4.12022e-09	0.910315
4.12078e-09	0.906679
4.12135e-09	0.902974
4.12191e-09	0.899201
4.12248e-09	0.895359
4.12304e-09	0.89145
4.1236e-09	0.887474
4.12417e-09	0.883431
4.12473e-09	0.87932
4.1253e-09	0.875144
4.12586e-09	0.870901
4.12643e-09	0.866592
4.12699e-09	0.862218
4.12755e-09	0.857778
4.12812e-09	0.853274
4.12868e-09	0.848705
4.12925e-09	0.844072
4.12981e-09	0.839376
4.13038e-09	0.834616
4.13094e-09	0.829793
4.1315e-09	0.824907
4.13207e-09	0.819959
4.13263e-09	0.814949
4.1332e-09	0.809878
4.13376e-09	0.804745
4.13433e-09	0.799552
4.13489e-09	0.794298
4.13545e-09	0.788984
4.13602e-09	0.783611
4.13658e-09	0.778179
4.13715e-09	0.772688
4.13771e-09	0.767139
4.13828e-09	0.761532
4.13884e-09	0.755868
4.1394e-09	0.750146
4.13997e-09	0.744369
4.14053e-09	0.738535
4.1411e-09	0.732645
4.14166e-09	0.7267
4.14223e-09	0.720701
4.14279e-09	0.714647
4.14335e-09	0.708539
4.14392e-09	0.702379
4.14448e-09	0.696165
4.14505e-09	0.689899
4.14561e-09	0.683581
4.14618e-09	0.677211
4.14674e-09	0.670791
4.1473e-09	0.664321
4.14787e-09	0.6578
4.14843e-09	0.65123
4.149e-09	0.644611
4.14956e-09	0.637944
4.15012e-09	0.631228
4.15069e-09	0.624466
4.15125e-09	0.617656
4.15182e-09	0.610801
4.15238e-09	0.603899
4.15295e-09	0.596952
4.15351e-09	0.58996
4.15407e-09	0.582925
4.15464e-09	0.575845
4.1552e-09	0.568723
4.15577e-09	0.561558
4.15633e-09	0.55435
4.1569e-09	0.547102
4.15746e-09	0.539813
4.15802e-09	0.532483
4.15859e-09	0.525113
4.15915e-09	0.517704
4.15972e-09	0.510257
4.16028e-09	0.502771
4.16085e-09	0.495248
4.16141e-09	0.487689
4.16197e-09	0.480092
4.16254e-09	0.47246
4.1631e-09	0.464793
4.16367e-09	0.457092
4.16423e-09	0.449356
4.1648e-09	0.441587
4.16536e-09	0.433785
4.16592e-09	0.425951
4.16649e-09	0.418085
4.16705e-09	0.410189
4.16762e-09	0.402262
4.16818e-09	0.394305
4.16875e-09	0.386319
4.16931e-09	0.378305
4.16987e-09	0.370262
4.17044e-09	0.362193
4.171e-09	0.354096
4.17157e-09	0.345974
4.17213e-09	0.337826
4.1727e-09	0.329653
4.17326e-09	0.321457
4.17382e-09	0.313236
4.17439e-09	0.304993
4.17495e-09	0.296727
4.17552e-09	0.28844
4.17608e-09	0.280131
4.17665e-09	0.271803
4.17721e-09	0.263454
4.17777e-09	0.255087
4.17834e-09	0.246701
4.1789e-09	0.238297
4.17947e-09	0.229876
4.18003e-09	0.221438
4.18059e-09	0.212985
4.18116e-09	0.204516
4.18172e-09	0.196033
4.18229e-09	0.187535
4.18285e-09	0.179025
4.18342e-09	0.170502
4.18398e-09	0.161966
4.18454e-09	0.15342
4.18511e-09	0.144863
4.18567e-09	0.136296
4.18624e-09	0.127719
4.1868e-09	0.119134
4.18737e-09	0.11054
4.18793e-09	0.10194
4.18849e-09	0.0933323
4.18906e-09	0.0847188
4.18962e-09	0.0760999
4.19019e-09	0.0674763
4.19075e-09	0.0588485
4.19132e-09	0.0502174
4.19188e-09	0.0415834
4.19244e-09	0.0329473
4.19301e-09	0.0243098
4.19357e-09	0.0156715
4.19414e-09	0.00703308
4.1947e-09	-0.00160483
4.19527e-09	-0.0102415
4.19583e-09	-0.0188764
4.19639e-09	-0.0275088
4.19696e-09	-0.0361379
4.19752e-09	-0.0447633
4.19809e-09	-0.0533841
4.19865e-09	-0.0619998
4.19922e-09	-0.0706097
4.19978e-09	-0.0792132
4.20034e-09	-0.0878095
4.20091e-09	-0.096398
4.20147e-09	-0.104978
4.20204e-09	-0.113549
4.2026e-09	-0.12211
4.20317e-09	-0.130661
4.20373e-09	-0.139201
4.20429e-09	-0.147729
4.20486e-09	-0.156245
4.20542e-09	-0.164748
4.20599e-09	-0.173237
4.20655e-09	-0.181712
4.20712e-09	-0.190172
4.20768e-09	-0.198616
4.20824e-09	-0.207044
4.20881e-09	-0.215455
4.20937e-09	-0.223849
4.20994e-09	-0.232224
4.2105e-09	-0.240581
4.21106e-09	-0.248918
4.21163e-09	-0.257235
4.21219e-09	-0.265532
4.21276e-09	-0.273807
4.21332e-09	-0.28206
4.21389e-09	-0.290291
4.21445e-09	-0.298498
4.21501e-09	-0.306682
4.21558e-09	-0.314841
4.21614e-09	-0.322975
4.21671e-09	-0.331084
4.21727e-09	-0.339166
4.21784e-09	-0.347221
4.2184e-09	-0.355248
4.21896e-09	-0.363248
4.21953e-09	-0.371219
4.22009e-09	-0.37916
4.22066e-09	-0.387071
4.22122e-09	-0.394952
4.22179e-09	-0.402802
4.22235e-09	-0.41062
4.22291e-09	-0.418405
4.22348e-09	-0.426158
4.22404e-09	-0.433877
4.22461e-09	-0.441562
4.22517e-09	-0.449212
4.22574e-09	-0.456827
4.2263e-09	-0.464406
4.22686e-09	-0.471949
4.22743e-09	-0.479454
4.22799e-09	-0.486922
4.22856e-09	-0.494352
4.22912e-09	-0.501744
4.22969e-09	-0.509096
4.23025e-09	-0.516408
4.23081e-09	-0.52368
4.23138e-09	-0.530911
4.23194e-09	-0.5381
4.23251e-09	-0.545248
4.23307e-09	-0.552353
4.23364e-09	-0.559415
4.2342e-09	-0.566433
4.23476e-09	-0.573407
4.23533e-09	-0.580337
4.23589e-09	-0.587221
4.23646e-09	-0.59406
4.23702e-09	-0.600852
4.23759e-09	-0.607598
4.23815e-09	-0.614296
4.23871e-09	-0.620947
4.23928e-09	-0.627549
4.23984e-09	-0.634103
4.24041e-09	-0.640607
4.24097e-09	-0.647062
4.24153e-09	-0.653467
4.2421e-09	-0.659821
4.24266e-09	-0.666123
4.24323e-09	-0.672374
4.24379e-09	-0.678573
4.24436e-09	-0.68472
4.24492e-09	-0.690813
4.24548e-09	-0.696853
4.24605e-09	-0.702839
4.24661e-09	-0.708771
4.24718e-09	-0.714647
4.24774e-09	-0.720469
4.24831e-09	-0.726235
4.24887e-09	-0.731944
4.24943e-09	-0.737597
4.25e-09	-0.743193
4.25056e-09	-0.748732
4.25113e-09	-0.754213
4.25169e-09	-0.759636
4.25226e-09	-0.765
4.25282e-09	-0.770305
4.25338e-09	-0.77555
4.25395e-09	-0.780736
4.25451e-09	-0.785862
4.25508e-09	-0.790927
4.25564e-09	-0.795931
4.25621e-09	-0.800874
4.25677e-09	-0.805755
4.25733e-09	-0.810574
4.2579e-09	-0.815331
4.25846e-09	-0.820025
4.25903e-09	-0.824656
4.25959e-09	-0.829223
4.26016e-09	-0.833727
4.26072e-09	-0.838166
4.26128e-09	-0.842541
4.26185e-09	-0.846852
4.26241e-09	-0.851097
4.26298e-09	-0.855277
4.26354e-09	-0.859391
4.26411e-09	-0.863439
4.26467e-09	-0.867421
4.26523e-09	-0.871337
4.2658e-09	-0.875185
4.26636e-09	-0.878967
4.26693e-09	-0.88268
4.26749e-09	-0.886327
4.26806e-09	-0.889905
4.26862e-09	-0.893415
4.26918e-09	-0.896857
4.26975e-09	-0.90023
4.27031e-09	-0.903534
4.27088e-09	-0.906768
4.27144e-09	-0.909934
4.272e-09	-0.913029
4.27257e-09	-0.916055
4.27313e-09	-0.919011
4.2737e-09	-0.921896
4.27426e-09	-0.924711
4.27483e-09	-0.927455
4.27539e-09	-0.930129
4.27595e-09	-0.932731
4.27652e-09	-0.935262
4.27708e-09	-0.937721
4.27765e-09	-0.940109
4.27821e-09	-0.942425
4.27878e-09	-0.944669
4.27934e-09	-0.946841
4.2799e-09	-0.948941
4.28047e-09	-0.950969
4.28103e-09	-0.952923
4.2816e-09	-0.954805
4.28216e-09	-0.956615
4.28273e-09	-0.958351
4.28329e-09	-0.960015
4.28385e-09	-0.961605
4.28442e-09	-0.963122
4.28498e-09	-0.964565
4.28555e-09	-0.965936
4.28611e-09	-0.967232
4.28668e-09	-0.968455
4.28724e-09	-0.969605
4.2878e-09	-0.97068
4.28837e-09	-0.971682
4.28893e-09	-0.97261
4.2895e-09	-0.973464
4.29006e-09	-0.974244
4.29063e-09	-0.97495
4.29119e-09	-0.975581
4.29175e-09	-0.976139
4.29232e-09	-0.976623
4.29288e-09	-0.977032
4.29345e-09	-0.977368
4.29401e-09	-0.977629
4.29458e-09	-0.977816
4.29514e-09	-0.977929
4.2957e-09	-0.977967
4.29627e-09	-0.977932
4.29683e-09	-0.977822
4.2974e-09	-0.977639
4.29796e-09	-0.977381
4.29852e-09	-0.977049
4.29909e-09	-0.976644
4.29965e-09	-0.976164
4.30022e-09	-0.97561
4.30078e-09	-0.974983
4.30135e-09	-0.974282
4.30191e-09	-0.973507
4.30247e-09	-0.972659
4.30304e-09	-0.971737
4.3036e-09	-0.970742
4.30417e-09	-0.969674
4.30473e-09	-0.968532
4.3053e-09	-0.967317
4.30586e-09	-0.966029
4.30642e-09	-0.964668
4.30699e-09	-0.963235
4.30755e-09	-0.961728
4.30812e-09	-0.96015
4.30868e-09	-0.958499
4.30925e-09	-0.956775
4.30981e-09	-0.95498
4.31037e-09	-0.953113
4.31094e-09	-0.951174
4.3115e-09	-0.949163
4.31207e-09	-0.947081
4.31263e-09	-0.944928
4.3132e-09	-0.942704
4.31376e-09	-0.940409
4.31432e-09	-0.938043
4.31489e-09	-0.935606
4.31545e-09	-0.9331
4.31602e-09	-0.930523
4.31658e-09	-0.927877
4.31715e-09	-0.925161
4.31771e-09	-0.922376
4.31827e-09	-0.919521
4.31884e-09	-0.916597
4.3194e-09	-0.913605
4.31997e-09	-0.910545
4.32053e-09	-0.907416
4.3211e-09	-0.904219
4.32166e-09	-0.900955
4.32222e-09	-0.897623
4.32279e-09	-0.894224
4.32335e-09	-0.890759
4.32392e-09	-0.887227
4.32448e-09	-0.883628
4.32505e-09	-0.879964
4.32561e-09	-0.876234
4.32617e-09	-0.872438
4.32674e-09	-0.868578
4.3273e-09	-0.864652
4.32787e-09	-0.860663
4.32843e-09	-0.856609
4.32899e-09	-0.852491
4.32956e-09	-0.84831
4.33012e-09	-0.844066
4.33069e-09	-0.839759
4.33125e-09	-0.83539
4.33182e-09	-0.830959
4.33238e-09	-0.826466
4.33294e-09	-0.821912
4.33351e-09	-0.817296
4.33407e-09	-0.81262
4.33464e-09	-0.807884
4.3352e-09	-0.803088
4.33577e-09	-0.798233
4.33633e-09	-0.793318
4.33689e-09	-0.788345
4.33746e-09	-0.783313
4.33802e-09	-0.778224
4.33859e-09	-0.773077
4.33915e-09	-0.767873
4.33972e-09	-0.762613
4.34028e-09	-0.757296
4.34084e-09	-0.751923
4.34141e-09	-0.746495
4.34197e-09	-0.741012
4.34254e-09	-0.735475
4.3431e-09	-0.729883
4.34367e-09	-0.724238
4.34423e-09	-0.71854
4.34479e-09	-0.712789
4.34536e-09	-0.706986
4.34592e-09	-0.70113
4.34649e-09	-0.695224
4.34705e-09	-0.689267
4.34762e-09	-0.683259
4.34818e-09	-0.677201
4.34874e-09	-0.671094
4.34931e-09	-0.664938
4.34987e-09	-0.658733
4.35044e-09	-0.65248
4.351e-09	-0.64618
4.35157e-09	-0.639833
4.35213e-09	-0.63344
4.35269e-09	-0.627
4.35326e-09	-0.620515
4.35382e-09	-0.613985
4.35439e-09	-0.60741
4.35495e-09	-0.600792
4.35552e-09	-0.59413
4.35608e-09	-0.587425
4.35664e-09	-0.580677
4.35721e-09	-0.573888
4.35777e-09	-0.567058
4.35834e-09	-0.560186
4.3589e-09	-0.553275
4.35946e-09	-0.546324
4.36003e-09	-0.539333
4.36059e-09	-0.532304
4.36116e-09	-0.525237
4.36172e-09	-0.518133
4.36229e-09	-0.510991
4.36285e-09	-0.503813
4.36341e-09	-0.496599
4.36398e-09	-0.48935
4.36454e-09	-0.482067
4.36511e-09	-0.474749
4.36567e-09	-0.467397
4.36624e-09	-0.460013
4.3668e-09	-0.452596
4.36736e-09	-0.445147
4.36793e-09	-0.437667
4.36849e-09	-0.430156
4.36906e-09	-0.422616
4.36962e-09	-0.415045
4.37019e-09	-0.407446
4.37075e-09	-0.399819
4.37131e-09	-0.392163
4.37188e-09	-0.384481
4.37244e-09	-0.376772
4.37301e-09	-0.369037
4.37357e-09	-0.361277
4.37414e-09	-0.353492
4.3747e-09	-0.345683
4.37526e-09	-0.33785
4.37583e-09	-0.329995
4.37639e-09	-0.322117
4.37696e-09	-0.314217
4.37752e-09	-0.306297
4.37809e-09	-0.298355
4.37865e-09	-0.290394
4.37921e-09	-0.282414
4.37978e-09	-0.274415
4.38034e-09	-0.266398
4.38091e-09	-0.258364
4.38147e-09	-0.250313
4.38204e-09	-0.242245
4.3826e-09	-0.234163
4.38316e-09	-0.226065
4.38373e-09	-0.217953
4.38429e-09	-0.209827
4.38486e-09	-0.201689
4.38542e-09	-0.193537
4.38599e-09	-0.185375
4.38655e-09	-0.177201
4.38711e-09	-0.169016
4.38768e-09	-0.160822
4.38824e-09	-0.152618
4.38881e-09	-0.144406
4.38937e-09	-0.136185
4.38993e-09	-0.127958
4.3905e-09	-0.119723
4.39106e-09	-0.111483
4.39163e-09	-0.103237
4.39219e-09	-0.0949859
4.39276e-09	-0.0867308
4.39332e-09	-0.0784722
4.39388e-09	-0.0702107
4.39445e-09	-0.0619469
4.39501e-09	-0.0536814
4.39558e-09	-0.0454148
4.39614e-09	-0.0371479
4.39671e-09	-0.0288812
4.39727e-09	-0.0206153
4.39783e-09	-0.012351
4.3984e-09	-0.0040887
4.39896e-09	0.00417079
4.39953e-09	0.0124269
4.40009e-09	0.020679
4.40066e-09	0.0289264
4.40122e-09	0.0371686
4.40178e-09	0.0454049
4.40235e-09	0.0536346
4.40291e-09	0.0618572
4.40348e-09	0.070072
4.40404e-09	0.0782784
4.40461e-09	0.0864757
4.40517e-09	0.0946634
4.40573e-09	0.102841
4.4063e-09	0.111007
4.40686e-09	0.119162
4.40743e-09	0.127305
4.40799e-09	0.135435
4.40856e-09	0.143552
4.40912e-09	0.151655
4.40968e-09	0.159743
4.41025e-09	0.167816
4.41081e-09	0.175873
4.41138e-09	0.183913
4.41194e-09	0.191937
4.41251e-09	0.199943
4.41307e-09	0.207931
4.41363e-09	0.215899
4.4142e-09	0.223849
4.41476e-09	0.231778
4.41533e-09	0.239686
4.41589e-09	0.247574
4.41646e-09	0.255439
4.41702e-09	0.263282
4.41758e-09	0.271102
4.41815e-09	0.278898
4.41871e-09	0.28667
4.41928e-09	0.294418
4.41984e-09	0.30214
4.4204e-09	0.309835
4.42097e-09	0.317505
4.42153e-09	0.325147
4.4221e-09	0.332762
4.42266e-09	0.340348
4.42323e-09	0.347905
4.42379e-09	0.355433
4.42435e-09	0.362931
4.42492e-09	0.370399
4.42548e-09	0.377835
4.42605e-09	0.38524
4.42661e-09	0.392613
4.42718e-09	0.399952
4.42774e-09	0.407259
4.4283e-09	0.414532
4.42887e-09	0.42177
4.42943e-09	0.428973
4.43e-09	0.436141
4.43056e-09	0.443273
4.43113e-09	0.450368
4.43169e-09	0.457427
4.43225e-09	0.464447
4.43282e-09	0.47143
4.43338e-09	0.478374
4.43395e-09	0.485279
4.43451e-09	0.492144
4.43508e-09	0.498969
4.43564e-09	0.505753
4.4362e-09	0.512497
4.43677e-09	0.519198
4.43733e-09	0.525858
4.4379e-09	0.532474
4.43846e-09	0.539048
4.43903e-09	0.545578
4.43959e-09	0.552064
4.44015e-09	0.558505
4.44072e-09	0.564901
4.44128e-09	0.571252
4.44185e-09	0.577557
4.44241e-09	0.583815
4.44298e-09	0.590026
4.44354e-09	0.59619
4.4441e-09	0.602306
4.44467e-09	0.608374
4.44523e-09	0.614393
4.4458e-09	0.620363
4.44636e-09	0.626283
4.44693e-09	0.632154
4.44749e-09	0.637974
4.44805e-09	0.643743
4.44862e-09	0.64946
4.44918e-09	0.655126
4.44975e-09	0.66074
4.45031e-09	0.666301
4.45087e-09	0.67181
4.45144e-09	0.677265
4.452e-09	0.682666
4.45257e-09	0.688014
4.45313e-09	0.693306
4.4537e-09	0.698544
4.45426e-09	0.703727
4.45482e-09	0.708854
4.45539e-09	0.713925
4.45595e-09	0.718939
4.45652e-09	0.723897
4.45708e-09	0.728798
4.45765e-09	0.733642
4.45821e-09	0.738427
4.45877e-09	0.743155
4.45934e-09	0.747824
4.4599e-09	0.752434
4.46047e-09	0.756985
4.46103e-09	0.761477
4.4616e-09	0.765909
4.46216e-09	0.770281
4.46272e-09	0.774593
4.46329e-09	0.778843
4.46385e-09	0.783033
4.46442e-09	0.787162
4.46498e-09	0.791229
4.46555e-09	0.795235
4.46611e-09	0.799178
4.46667e-09	0.803059
4.46724e-09	0.806877
4.4678e-09	0.810632
4.46837e-09	0.814324
4.46893e-09	0.817953
4.4695e-09	0.821518
4.47006e-09	0.825019
4.47062e-09	0.828456
4.47119e-09	0.831828
4.47175e-09	0.835136
4.47232e-09	0.838379
4.47288e-09	0.841557
4.47345e-09	0.84467
4.47401e-09	0.847717
4.47457e-09	0.850699
4.47514e-09	0.853614
4.4757e-09	0.856464
4.47627e-09	0.859247
4.47683e-09	0.861964
4.4774e-09	0.864614
4.47796e-09	0.867198
4.47852e-09	0.869714
4.47909e-09	0.872163
4.47965e-09	0.874546
4.48022e-09	0.87686
4.48078e-09	0.879107
4.48134e-09	0.881287
4.48191e-09	0.883398
4.48247e-09	0.885441
4.48304e-09	0.887417
4.4836e-09	0.889324
4.48417e-09	0.891163
4.48473e-09	0.892933
4.48529e-09	0.894635
4.48586e-09	0.896268
4.48642e-09	0.897833
4.48699e-09	0.899328
4.48755e-09	0.900755
4.48812e-09	0.902113
4.48868e-09	0.903401
4.48924e-09	0.904621
4.48981e-09	0.905771
4.49037e-09	0.906852
4.49094e-09	0.907864
4.4915e-09	0.908807
4.49207e-09	0.90968
4.49263e-09	0.910483
4.49319e-09	0.911218
4.49376e-09	0.911882
4.49432e-09	0.912478
4.49489e-09	0.913004
4.49545e-09	0.91346
4.49602e-09	0.913847
4.49658e-09	0.914164
4.49714e-09	0.914412
4.49771e-09	0.914591
4.49827e-09	0.9147
4.49884e-09	0.914739
4.4994e-09	0.914709
4.49997e-09	0.91461
4.50053e-09	0.914442
4.50109e-09	0.914204
4.50166e-09	0.913897
4.50222e-09	0.913521
4.50279e-09	0.913076
4.50335e-09	0.912562
4.50392e-09	0.911979
4.50448e-09	0.911327
4.50504e-09	0.910606
4.50561e-09	0.909816
4.50617e-09	0.908958
4.50674e-09	0.908032
4.5073e-09	0.907037
4.50787e-09	0.905973
4.50843e-09	0.904842
4.50899e-09	0.903643
4.50956e-09	0.902375
4.51012e-09	0.90104
4.51069e-09	0.899637
4.51125e-09	0.898167
4.51181e-09	0.896629
4.51238e-09	0.895024
4.51294e-09	0.893352
4.51351e-09	0.891613
4.51407e-09	0.889808
4.51464e-09	0.887936
4.5152e-09	0.885997
4.51576e-09	0.883992
4.51633e-09	0.881922
4.51689e-09	0.879785
4.51746e-09	0.877583
4.51802e-09	0.875315
4.51859e-09	0.872982
4.51915e-09	0.870585
4.51971e-09	0.868122
4.52028e-09	0.865595
4.52084e-09	0.863003
4.52141e-09	0.860348
4.52197e-09	0.857628
4.52254e-09	0.854845
4.5231e-09	0.851999
4.52366e-09	0.849089
4.52423e-09	0.846117
4.52479e-09	0.843082
4.52536e-09	0.839984
4.52592e-09	0.836825
4.52649e-09	0.833603
4.52705e-09	0.830321
4.52761e-09	0.826976
4.52818e-09	0.823571
4.52874e-09	0.820106
4.52931e-09	0.81658
4.52987e-09	0.812994
4.53044e-09	0.809348
4.531e-09	0.805642
4.53156e-09	0.801878
4.53213e-09	0.798055
4.53269e-09	0.794173
4.53326e-09	0.790233
4.53382e-09	0.786235
4.53439e-09	0.78218
4.53495e-09	0.778068
4.53551e-09	0.773899
4.53608e-09	0.769673
4.53664e-09	0.765391
4.53721e-09	0.761054
4.53777e-09	0.756661
4.53834e-09	0.752213
4.5389e-09	0.74771
4.53946e-09	0.743154
4.54003e-09	0.738543
4.54059e-09	0.733879
4.54116e-09	0.729162
4.54172e-09	0.724391
4.54228e-09	0.719569
4.54285e-09	0.714695
4.54341e-09	0.709769
4.54398e-09	0.704792
4.54454e-09	0.699764
4.54511e-09	0.694686
4.54567e-09	0.689558
4.54623e-09	0.684381
4.5468e-09	0.679154
4.54736e-09	0.673879
4.54793e-09	0.668555
4.54849e-09	0.663184
4.54906e-09	0.657766
4.54962e-09	0.652301
4.55018e-09	0.646789
4.55075e-09	0.641231
4.55131e-09	0.635628
4.55188e-09	0.629979
4.55244e-09	0.624286
4.55301e-09	0.618549
4.55357e-09	0.612768
4.55413e-09	0.606944
4.5547e-09	0.601077
4.55526e-09	0.595168
4.55583e-09	0.589217
4.55639e-09	0.583224
4.55696e-09	0.577191
4.55752e-09	0.571117
4.55808e-09	0.565004
4.55865e-09	0.558851
4.55921e-09	0.552659
4.55978e-09	0.546428
4.56034e-09	0.54016
4.56091e-09	0.533854
4.56147e-09	0.527512
4.56203e-09	0.521133
4.5626e-09	0.514718
4.56316e-09	0.508268
4.56373e-09	0.501783
4.56429e-09	0.495263
4.56486e-09	0.48871
4.56542e-09	0.482123
4.56598e-09	0.475504
4.56655e-09	0.468852
4.56711e-09	0.462169
4.56768e-09	0.455454
4.56824e-09	0.448709
4.56881e-09	0.441933
4.56937e-09	0.435128
4.56993e-09	0.428294
4.5705e-09	0.421432
4.57106e-09	0.414541
4.57163e-09	0.407623
4.57219e-09	0.400678
4.57275e-09	0.393706
4.57332e-09	0.386709
4.57388e-09	0.379687
4.57445e-09	0.37264
4.57501e-09	0.365568
4.57558e-09	0.358474
4.57614e-09	0.351356
4.5767e-09	0.344215
4.57727e-09	0.337053
4.57783e-09	0.329869
4.5784e-09	0.322665
4.57896e-09	0.31544
4.57953e-09	0.308196
4.58009e-09	0.300932
4.58065e-09	0.29365
4.58122e-09	0.286351
4.58178e-09	0.279033
4.58235e-09	0.271699
4.58291e-09	0.264349
4.58348e-09	0.256983
4.58404e-09	0.249601
4.5846e-09	0.242206
4.58517e-09	0.234796
4.58573e-09	0.227373
4.5863e-09	0.219937
4.58686e-09	0.212489
4.58743e-09	0.205029
4.58799e-09	0.197558
4.58855e-09	0.190077
4.58912e-09	0.182585
4.58968e-09	0.175085
4.59025e-09	0.167575
4.59081e-09	0.160058
4.59138e-09	0.152533
4.59194e-09	0.145
4.5925e-09	0.137462
4.59307e-09	0.129917
4.59363e-09	0.122368
4.5942e-09	0.114813
4.59476e-09	0.107255
4.59533e-09	0.0996924
4.59589e-09	0.0921274
4.59645e-09	0.08456
4.59702e-09	0.0769907
4.59758e-09	0.0694203
4.59815e-09	0.0618492
4.59871e-09	0.0542781
4.59928e-09	0.0467075
4.59984e-09	0.039138
4.6004e-09	0.0315703
4.60097e-09	0.0240047
4.60153e-09	0.016442
4.6021e-09	0.00888278
4.60266e-09	0.00132751
4.60322e-09	-0.00622319
4.60379e-09	-0.0137687
4.60435e-09	-0.0213086
4.60492e-09	-0.0288421
4.60548e-09	-0.0363688
4.60605e-09	-0.043888
4.60661e-09	-0.0513992
4.60717e-09	-0.0589019
4.60774e-09	-0.0663953
4.6083e-09	-0.0738791
4.60887e-09	-0.0813526
4.60943e-09	-0.0888152
4.61e-09	-0.0962664
4.61056e-09	-0.103706
4.61112e-09	-0.111132
4.61169e-09	-0.118546
4.61225e-09	-0.125946
4.61282e-09	-0.133332
4.61338e-09	-0.140703
4.61395e-09	-0.148058
4.61451e-09	-0.155398
4.61507e-09	-0.162721
4.61564e-09	-0.170028
4.6162e-09	-0.177316
4.61677e-09	-0.184587
4.61733e-09	-0.191839
4.6179e-09	-0.199072
4.61846e-09	-0.206285
4.61902e-09	-0.213478
4.61959e-09	-0.22065
4.62015e-09	-0.227801
4.62072e-09	-0.23493
4.62128e-09	-0.242037
4.62185e-09	-0.24912
4.62241e-09	-0.256181
4.62297e-09	-0.263217
4.62354e-09	-0.270229
4.6241e-09	-0.277216
4.62467e-09	-0.284177
4.62523e-09	-0.291112
4.6258e-09	-0.29802
4.62636e-09	-0.304902
4.62692e-09	-0.311756
4.62749e-09	-0.318582
4.62805e-09	-0.325379
4.62862e-09	-0.332147
4.62918e-09	-0.338886
4.62975e-09	-0.345594
4.63031e-09	-0.352272
4.63087e-09	-0.358919
4.63144e-09	-0.365534
4.632e-09	-0.372117
4.63257e-09	-0.378668
4.63313e-09	-0.385185
4.63369e-09	-0.391669
4.63426e-09	-0.39812
4.63482e-09	-0.404535
4.63539e-09	-0.410916
4.63595e-09	-0.417261
4.63652e-09	-0.423571
4.63708e-09	-0.429844
4.63764e-09	-0.436081
4.63821e-09	-0.44228
4.63877e-09	-0.448442
4.63934e-09	-0.454565
4.6399e-09	-0.46065
4.64047e-09	-0.466696
4.64103e-09	-0.472703
4.64159e-09	-0.478669
4.64216e-09	-0.484596
4.64272e-09	-0.490482
4.64329e-09	-0.496326
4.64385e-09	-0.502129
4.64442e-09	-0.50789
4.64498e-09	-0.513609
4.64554e-09	-0.519284
4.64611e-09	-0.524917
4.64667e-09	-0.530506
4.64724e-09	-0.536051
4.6478e-09	-0.541552
4.64837e-09	-0.547008
4.64893e-09	-0.552418
4.64949e-09	-0.557783
4.65006e-09	-0.563102
4.65062e-09	-0.568375
4.65119e-09	-0.573601
4.65175e-09	-0.57878
4.65232e-09	-0.583912
4.65288e-09	-0.588996
4.65344e-09	-0.594031
4.65401e-09	-0.599018
4.65457e-09	-0.603957
4.65514e-09	-0.608846
4.6557e-09	-0.613685
4.65627e-09	-0.618475
4.65683e-09	-0.623215
4.65739e-09	-0.627904
4.65796e-09	-0.632542
4.65852e-09	-0.637129
4.65909e-09	-0.641664
4.65965e-09	-0.646148
4.66022e-09	-0.650579
4.66078e-09	-0.654958
4.66134e-09	-0.659285
4.66191e-09	-0.663558
4.66247e-09	-0.667778
4.66304e-09	-0.671945
4.6636e-09	-0.676057
4.66416e-09	-0.680116
4.66473e-09	-0.68412
4.66529e-09	-0.688069
4.66586e-09	-0.691963
4.66642e-09	-0.695803
4.66699e-09	-0.699586
4.66755e-09	-0.703314
4.66811e-09	-0.706986
4.66868e-09	-0.710602
4.66924e-09	-0.714162
4.66981e-09	-0.717664
4.67037e-09	-0.72111
4.67094e-09	-0.724499
4.6715e-09	-0.72783
4.67206e-09	-0.731104
4.67263e-09	-0.73432
4.67319e-09	-0.737477
4.67376e-09	-0.740577
4.67432e-09	-0.743619
4.67489e-09	-0.746601
4.67545e-09	-0.749525
4.67601e-09	-0.75239
4.67658e-09	-0.755196
4.67714e-09	-0.757943
4.67771e-09	-0.76063
4.67827e-09	-0.763258
4.67884e-09	-0.765826
4.6794e-09	-0.768333
4.67996e-09	-0.770781
4.68053e-09	-0.773169
4.68109e-09	-0.775496
4.68166e-09	-0.777762
4.68222e-09	-0.779968
4.68279e-09	-0.782113
4.68335e-09	-0.784198
4.68391e-09	-0.786221
4.68448e-09	-0.788183
4.68504e-09	-0.790084
4.68561e-09	-0.791924
4.68617e-09	-0.793702
4.68674e-09	-0.795419
4.6873e-09	-0.797074
4.68786e-09	-0.798667
4.68843e-09	-0.800199
4.68899e-09	-0.801669
4.68956e-09	-0.803076
4.69012e-09	-0.804422
4.69068e-09	-0.805706
4.69125e-09	-0.806928
4.69181e-09	-0.808088
4.69238e-09	-0.809185
4.69294e-09	-0.810221
4.69351e-09	-0.811194
4.69407e-09	-0.812104
4.69463e-09	-0.812953
4.6952e-09	-0.813739
4.69576e-09	-0.814463
4.69633e-09	-0.815124
4.69689e-09	-0.815724
4.69746e-09	-0.81626
4.69802e-09	-0.816735
4.69858e-09	-0.817147
4.69915e-09	-0.817497
4.69971e-09	-0.817784
4.70028e-09	-0.818009
4.70084e-09	-0.818172
4.70141e-09	-0.818273
4.70197e-09	-0.818312
4.70253e-09	-0.818288
4.7031e-09	-0.818202
4.70366e-09	-0.818055
4.70423e-09	-0.817845
4.70479e-09	-0.817573
4.70536e-09	-0.81724
4.70592e-09	-0.816845
4.70648e-09	-0.816388
4.70705e-09	-0.815869
4.70761e-09	-0.815289
4.70818e-09	-0.814648
4.70874e-09	-0.813945
4.70931e-09	-0.813181
4.70987e-09	-0.812355
4.71043e-09	-0.811469
4.711e-09	-0.810522
4.71156e-09	-0.809514
4.71213e-09	-0.808445
4.71269e-09	-0.807315
4.71326e-09	-0.806126
4.71382e-09	-0.804876
4.71438e-09	-0.803565
4.71495e-09	-0.802195
4.71551e-09	-0.800765
4.71608e-09	-0.799275
4.71664e-09	-0.797726
4.71721e-09	-0.796117
4.71777e-09	-0.79445
4.71833e-09	-0.792723
4.7189e-09	-0.790937
4.71946e-09	-0.789092
4.72003e-09	-0.787189
4.72059e-09	-0.785228
4.72115e-09	-0.783209
4.72172e-09	-0.781131
4.72228e-09	-0.778996
4.72285e-09	-0.776804
4.72341e-09	-0.774554
4.72398e-09	-0.772247
4.72454e-09	-0.769883
4.7251e-09	-0.767463
4.72567e-09	-0.764986
4.72623e-09	-0.762453
4.7268e-09	-0.759865
4.72736e-09	-0.75722
4.72793e-09	-0.75452
4.72849e-09	-0.751765
4.72905e-09	-0.748955
4.72962e-09	-0.74609
4.73018e-09	-0.743171
4.73075e-09	-0.740197
4.73131e-09	-0.73717
4.73188e-09	-0.734089
4.73244e-09	-0.730955
4.733e-09	-0.727768
4.73357e-09	-0.724528
4.73413e-09	-0.721235
4.7347e-09	-0.71789
4.73526e-09	-0.714494
4.73583e-09	-0.711045
4.73639e-09	-0.707546
4.73695e-09	-0.703995
4.73752e-09	-0.700394
4.73808e-09	-0.696743
4.73865e-09	-0.693041
4.73921e-09	-0.68929
4.73978e-09	-0.685489
4.74034e-09	-0.68164
4.7409e-09	-0.677741
4.74147e-09	-0.673795
4.74203e-09	-0.6698
4.7426e-09	-0.665757
4.74316e-09	-0.661667
4.74373e-09	-0.65753
4.74429e-09	-0.653347
4.74485e-09	-0.649117
4.74542e-09	-0.644841
4.74598e-09	-0.64052
4.74655e-09	-0.636153
4.74711e-09	-0.631742
4.74768e-09	-0.627286
4.74824e-09	-0.622786
4.7488e-09	-0.618242
4.74937e-09	-0.613655
4.74993e-09	-0.609025
4.7505e-09	-0.604353
4.75106e-09	-0.599638
4.75162e-09	-0.594882
4.75219e-09	-0.590084
4.75275e-09	-0.585246
4.75332e-09	-0.580366
4.75388e-09	-0.575447
4.75445e-09	-0.570488
4.75501e-09	-0.565489
4.75557e-09	-0.560452
4.75614e-09	-0.555376
4.7567e-09	-0.550262
4.75727e-09	-0.545111
4.75783e-09	-0.539922
4.7584e-09	-0.534696
4.75896e-09	-0.529434
4.75952e-09	-0.524136
4.76009e-09	-0.518802
4.76065e-09	-0.513434
4.76122e-09	-0.508031
4.76178e-09	-0.502593
4.76235e-09	-0.497122
4.76291e-09	-0.491618
4.76347e-09	-0.48608
4.76404e-09	-0.480511
4.7646e-09	-0.474909
4.76517e-09	-0.469276
4.76573e-09	-0.463612
4.7663e-09	-0.457917
4.76686e-09	-0.452192
4.76742e-09	-0.446438
4.76799e-09	-0.440654
4.76855e-09	-0.434841
4.76912e-09	-0.429001
4.76968e-09	-0.423132
4.77025e-09	-0.417236
4.77081e-09	-0.411314
4.77137e-09	-0.405365
4.77194e-09	-0.39939
4.7725e-09	-0.39339
4.77307e-09	-0.387365
4.77363e-09	-0.381315
4.7742e-09	-0.375241
4.77476e-09	-0.369144
4.77532e-09	-0.363024
4.77589e-09	-0.356882
4.77645e-09	-0.350717
4.77702e-09	-0.344531
4.77758e-09	-0.338324
4.77815e-09	-0.332096
4.77871e-09	-0.325849
4.77927e-09	-0.319581
4.77984e-09	-0.313295
4.7804e-09	-0.30699
4.78097e-09	-0.300667
4.78153e-09	-0.294327
4.78209e-09	-0.287969
4.78266e-09	-0.281595
4.78322e-09	-0.275205
4.78379e-09	-0.2688
4.78435e-09	-0.262379
4.78492e-09	-0.255944
4.78548e-09	-0.249495
4.78604e-09	-0.243032
4.78661e-09	-0.236556
4.78717e-09	-0.230068
4.78774e-09	-0.223567
4.7883e-09	-0.217056
4.78887e-09	-0.210533
4.78943e-09	-0.203999
4.78999e-09	-0.197456
4.79056e-09	-0.190903
4.79112e-09	-0.184342
4.79169e-09	-0.177772
4.79225e-09	-0.171194
4.79282e-09	-0.164608
4.79338e-09	-0.158016
4.79394e-09	-0.151417
4.79451e-09	-0.144812
4.79507e-09	-0.138202
4.79564e-09	-0.131587
4.7962e-09	-0.124968
4.79677e-09	-0.118345
4.79733e-09	-0.111719
4.79789e-09	-0.105089
4.79846e-09	-0.0984578
4.79902e-09	-0.0918245
4.79959e-09	-0.0851898
4.80015e-09	-0.0785544
4.80072e-09	-0.0719187
4.80128e-09	-0.0652832
4.80184e-09	-0.0586484
4.80241e-09	-0.0520149
4.80297e-09	-0.0453832
4.80354e-09	-0.0387537
4.8041e-09	-0.032127
4.80467e-09	-0.0255036
4.80523e-09	-0.018884
4.80579e-09	-0.0122686
4.80636e-09	-0.00565808
4.80692e-09	0.000947196
4.80749e-09	0.00754668
4.80805e-09	0.0141399
4.80862e-09	0.0207263
4.80918e-09	0.0273054
4.80974e-09	0.0338767
4.81031e-09	0.0404397
4.81087e-09	0.046994
4.81144e-09	0.0535389
4.812e-09	0.0600741
4.81256e-09	0.0665991
4.81313e-09	0.0731132
4.81369e-09	0.0796162
4.81426e-09	0.0861074
4.81482e-09	0.0925864
4.81539e-09	0.0990527
4.81595e-09	0.105506
4.81651e-09	0.111945
4.81708e-09	0.11837
4.81764e-09	0.124781
4.81821e-09	0.131177
4.81877e-09	0.137557
4.81934e-09	0.14392
4.8199e-09	0.150268
4.82046e-09	0.156598
4.82103e-09	0.162911
4.82159e-09	0.169206
4.82216e-09	0.175482
4.82272e-09	0.18174
4.82329e-09	0.187978
4.82385e-09	0.194197
4.82441e-09	0.200395
4.82498e-09	0.206572
4.82554e-09	0.212729
4.82611e-09	0.218863
4.82667e-09	0.224976
4.82724e-09	0.231066
4.8278e-09	0.237133
4.82836e-09	0.243177
4.82893e-09	0.249197
4.82949e-09	0.255192
4.83006e-09	0.261163
4.83062e-09	0.267108
4.83119e-09	0.273028
4.83175e-09	0.278922
4.83231e-09	0.28479
4.83288e-09	0.29063
4.83344e-09	0.296444
4.83401e-09	0.302229
4.83457e-09	0.307987
4.83514e-09	0.313715
4.8357e-09	0.319415
4.83626e-09	0.325086
4.83683e-09	0.330726
4.83739e-09	0.336337
4.83796e-09	0.341916
4.83852e-09	0.347465
4.83909e-09	0.352983
4.83965e-09	0.358468
4.84021e-09	0.363921
4.84078e-09	0.369342
4.84134e-09	0.37473
4.84191e-09	0.380084
4.84247e-09	0.385405
4.84303e-09	0.390692
4.8436e-09	0.395944
4.84416e-09	0.401161
4.84473e-09	0.406343
4.84529e-09	0.41149
4.84586e-09	0.4166
4.84642e-09	0.421674
4.84698e-09	0.426712
4.84755e-09	0.431712
4.84811e-09	0.436675
4.84868e-09	0.441601
4.84924e-09	0.446488
4.84981e-09	0.451337
4.85037e-09	0.456147
4.85093e-09	0.460918
4.8515e-09	0.46565
4.85206e-09	0.470342
4.85263e-09	0.474994
4.85319e-09	0.479605
4.85376e-09	0.484176
4.85432e-09	0.488706
4.85488e-09	0.493195
4.85545e-09	0.497642
4.85601e-09	0.502047
4.85658e-09	0.506409
4.85714e-09	0.51073
4.85771e-09	0.515007
4.85827e-09	0.519242
4.85883e-09	0.523433
4.8594e-09	0.52758
4.85996e-09	0.531684
4.86053e-09	0.535743
4.86109e-09	0.539757
4.86166e-09	0.543727
4.86222e-09	0.547652
4.86278e-09	0.551532
4.86335e-09	0.555366
4.86391e-09	0.559155
4.86448e-09	0.562897
4.86504e-09	0.566593
4.86561e-09	0.570243
4.86617e-09	0.573846
4.86673e-09	0.577402
4.8673e-09	0.58091
4.86786e-09	0.584372
4.86843e-09	0.587785
4.86899e-09	0.591151
4.86956e-09	0.594469
4.87012e-09	0.597738
4.87068e-09	0.600959
4.87125e-09	0.604131
4.87181e-09	0.607254
4.87238e-09	0.610329
4.87294e-09	0.613354
4.8735e-09	0.616329
4.87407e-09	0.619255
4.87463e-09	0.622131
4.8752e-09	0.624957
4.87576e-09	0.627733
4.87633e-09	0.630458
4.87689e-09	0.633133
4.87745e-09	0.635758
4.87802e-09	0.638331
4.87858e-09	0.640854
4.87915e-09	0.643325
4.87971e-09	0.645746
4.88028e-09	0.648114
4.88084e-09	0.650432
4.8814e-09	0.652698
4.88197e-09	0.654912
4.88253e-09	0.657074
4.8831e-09	0.659184
4.88366e-09	0.661242
4.88423e-09	0.663248
4.88479e-09	0.665201
4.88535e-09	0.667102
4.88592e-09	0.668951
4.88648e-09	0.670747
4.88705e-09	0.67249
4.88761e-09	0.67418
4.88818e-09	0.675818
4.88874e-09	0.677403
4.8893e-09	0.678934
4.88987e-09	0.680413
4.89043e-09	0.681838
4.891e-09	0.683211
4.89156e-09	0.68453
4.89213e-09	0.685795
4.89269e-09	0.687008
4.89325e-09	0.688167
4.89382e-09	0.689272
4.89438e-09	0.690325
4.89495e-09	0.691323
4.89551e-09	0.692268
4.89608e-09	0.69316
4.89664e-09	0.693998
4.8972e-09	0.694783
4.89777e-09	0.695514
4.89833e-09	0.696191
4.8989e-09	0.696815
4.89946e-09	0.697385
4.90003e-09	0.697902
4.90059e-09	0.698365
4.90115e-09	0.698775
4.90172e-09	0.699131
4.90228e-09	0.699434
4.90285e-09	0.699683
4.90341e-09	0.699879
4.90397e-09	0.700021
4.90454e-09	0.70011
4.9051e-09	0.700146
4.90567e-09	0.700129
4.90623e-09	0.700058
4.9068e-09	0.699934
4.90736e-09	0.699757
4.90792e-09	0.699528
4.90849e-09	0.699245
4.90905e-09	0.698909
4.90962e-09	0.698521
4.91018e-09	0.69808
4.91075e-09	0.697586
4.91131e-09	0.69704
4.91187e-09	0.696441
4.91244e-09	0.69579
4.913e-09	0.695087
4.91357e-09	0.694331
4.91413e-09	0.693524
4.9147e-09	0.692665
4.91526e-09	0.691754
4.91582e-09	0.690791
4.91639e-09	0.689777
4.91695e-09	0.688711
4.91752e-09	0.687594
4.91808e-09	0.686426
4.91865e-09	0.685207
4.91921e-09	0.683937
4.91977e-09	0.682616
4.92034e-09	0.681245
4.9209e-09	0.679823
4.92147e-09	0.678351
4.92203e-09	0.676829
4.9226e-09	0.675257
4.92316e-09	0.673636
4.92372e-09	0.671965
4.92429e-09	0.670244
4.92485e-09	0.668474
4.92542e-09	0.666655
4.92598e-09	0.664788
4.92655e-09	0.662872
4.92711e-09	0.660907
4.92767e-09	0.658894
4.92824e-09	0.656833
4.9288e-09	0.654724
4.92937e-09	0.652567
4.92993e-09	0.650364
4.9305e-09	0.648112
4.93106e-09	0.645814
4.93162e-09	0.64347
4.93219e-09	0.641078
4.93275e-09	0.638641
4.93332e-09	0.636157
4.93388e-09	0.633627
4.93444e-09	0.631052
4.93501e-09	0.628432
4.93557e-09	0.625766
4.93614e-09	0.623056
4.9367e-09	0.620301
4.93727e-09	0.617502
4.93783e-09	0.614658
4.93839e-09	0.611771
4.93896e-09	0.60884
4.93952e-09	0.605866
4.94009e-09	0.602849
4.94065e-09	0.59979
4.94122e-09	0.596687
4.94178e-09	0.593543
4.94234e-09	0.590357
4.94291e-09	0.587129
4.94347e-09	0.58386
4.94404e-09	0.58055
4.9446e-09	0.577199
4.94517e-09	0.573808
4.94573e-09	0.570376
4.94629e-09	0.566905
4.94686e-09	0.563394
4.94742e-09	0.559845
4.94799e-09	0.556256
4.94855e-09	0.552629
4.94912e-09	0.548963
4.94968e-09	0.545259
4.95024e-09	0.541518
4.95081e-09	0.53774
4.95137e-09	0.533925
4.95194e-09	0.530073
4.9525e-09	0.526184
4.95307e-09	0.52226
4.95363e-09	0.5183
4.95419e-09	0.514305
4.95476e-09	0.510275
4.95532e-09	0.506211
4.95589e-09	0.502112
4.95645e-09	0.497979
4.95702e-09	0.493813
4.95758e-09	0.489614
4.95814e-09	0.485382
4.95871e-09	0.481117
4.95927e-09	0.47682
4.95984e-09	0.472492
4.9604e-09	0.468132
4.96097e-09	0.463741
4.96153e-09	0.459319
4.96209e-09	0.454868
4.96266e-09	0.450386
4.96322e-09	0.445875
4.96379e-09	0.441334
4.96435e-09	0.436765
4.96491e-09	0.432168
4.96548e-09	0.427542
4.96604e-09	0.422889
4.96661e-09	0.418209
4.96717e-09	0.413502
4.96774e-09	0.408768
4.9683e-09	0.404009
4.96886e-09	0.399223
4.96943e-09	0.394413
4.96999e-09	0.389577
4.97056e-09	0.384717
4.97112e-09	0.379833
4.97169e-09	0.374926
4.97225e-09	0.369995
4.97281e-09	0.365041
4.97338e-09	0.360065
4.97394e-09	0.355066
4.97451e-09	0.350046
4.97507e-09	0.345005
4.97564e-09	0.339943
4.9762e-09	0.33486
4.97676e-09	0.329758
4.97733e-09	0.324635
4.97789e-09	0.319494
4.97846e-09	0.314334
4.97902e-09	0.309155
4.97959e-09	0.303959
4.98015e-09	0.298745
4.98071e-09	0.293514
4.98128e-09	0.288266
4.98184e-09	0.283002
4.98241e-09	0.277722
4.98297e-09	0.272427
4.98354e-09	0.267117
4.9841e-09	0.261792
4.98466e-09	0.256453
4.98523e-09	0.2511
4.98579e-09	0.245734
4.98636e-09	0.240355
4.98692e-09	0.234964
4.98749e-09	0.22956
4.98805e-09	0.224145
4.98861e-09	0.218719
4.98918e-09	0.213282
4.98974e-09	0.207835
4.99031e-09	0.202378
4.99087e-09	0.196911
4.99144e-09	0.191436
4.992e-09	0.185952
4.99256e-09	0.180459
4.99313e-09	0.174959
4.99369e-09	0.169452
4.99426e-09	0.163938
4.99482e-09	0.158417
4.99538e-09	0.15289
4.99595e-09	0.147358
4.99651e-09	0.141821
4.99708e-09	0.136279
4.99764e-09	0.130732
4.99821e-09	0.125182
4.99877e-09	0.119628
4.99933e-09	0.114072
4.9999e-09	0.108512
5.00046e-09	0.102951
5.00103e-09	0.0973879
5.00159e-09	0.0918235
5.00216e-09	0.0862583
5.00272e-09	0.0806927
5.00328e-09	0.075127
5.00385e-09	0.0695618
5.00441e-09	0.0639974
5.00498e-09	0.0584343
5.00554e-09	0.052873
5.00611e-09	0.0473137
5.00667e-09	0.0417571
5.00723e-09	0.0362034
5.0078e-09	0.0306531
5.00836e-09	0.0251066
5.00893e-09	0.0195644
5.00949e-09	0.0140268
5.01006e-09	0.00849434
5.01062e-09	0.00296738
5.01118e-09	-0.00255366
5.01175e-09	-0.00806835
5.01231e-09	-0.0135763
5.01288e-09	-0.019077
5.01344e-09	-0.0245702
5.01401e-09	-0.0300554
5.01457e-09	-0.0355322
5.01513e-09	-0.0410001
5.0157e-09	-0.0464588
5.01626e-09	-0.0519079
5.01683e-09	-0.0573469
5.01739e-09	-0.0627754
5.01796e-09	-0.0681931
5.01852e-09	-0.0735996
5.01908e-09	-0.0789943
5.01965e-09	-0.084377
5.02021e-09	-0.0897473
5.02078e-09	-0.0951046
5.02134e-09	-0.100449
5.02191e-09	-0.105779
5.02247e-09	-0.111096
5.02303e-09	-0.116398
5.0236e-09	-0.121685
5.02416e-09	-0.126957
5.02473e-09	-0.132213
5.02529e-09	-0.137453
5.02585e-09	-0.142677
5.02642e-09	-0.147884
5.02698e-09	-0.153074
5.02755e-09	-0.158247
5.02811e-09	-0.163401
5.02868e-09	-0.168538
5.02924e-09	-0.173655
5.0298e-09	-0.178754
5.03037e-09	-0.183833
5.03093e-09	-0.188893
5.0315e-09	-0.193932
5.03206e-09	-0.198951
5.03263e-09	-0.203949
5.03319e-09	-0.208926
5.03375e-09	-0.213881
5.03432e-09	-0.218814
5.03488e-09	-0.223725
5.03545e-09	-0.228614
5.03601e-09	-0.233479
5.03658e-09	-0.238321
5.03714e-09	-0.24314
5.0377e-09	-0.247934
5.03827e-09	-0.252704
5.03883e-09	-0.25745
5.0394e-09	-0.26217
5.03996e-09	-0.266865
5.04053e-09	-0.271534
5.04109e-09	-0.276178
5.04165e-09	-0.280795
5.04222e-09	-0.285385
5.04278e-09	-0.289948
5.04335e-09	-0.294484
5.04391e-09	-0.298992
5.04448e-09	-0.303473
5.04504e-09	-0.307925
5.0456e-09	-0.312348
5.04617e-09	-0.316743
5.04673e-09	-0.321109
5.0473e-09	-0.325445
5.04786e-09	-0.329751
5.04843e-09	-0.334027
5.04899e-09	-0.338273
5.04955e-09	-0.342488
5.05012e-09	-0.346672
5.05068e-09	-0.350825
5.05125e-09	-0.354947
5.05181e-09	-0.359036
5.05237e-09	-0.363094
5.05294e-09	-0.367119
5.0535e-09	-0.371112
5.05407e-09	-0.375071
5.05463e-09	-0.378998
5.0552e-09	-0.382891
5.05576e-09	-0.386751
5.05632e-09	-0.390576
5.05689e-09	-0.394368
5.05745e-09	-0.398124
5.05802e-09	-0.401847
5.05858e-09	-0.405534
5.05915e-09	-0.409186
5.05971e-09	-0.412803
5.06027e-09	-0.416384
5.06084e-09	-0.419929
5.0614e-09	-0.423438
5.06197e-09	-0.426911
5.06253e-09	-0.430347
5.0631e-09	-0.433747
5.06366e-09	-0.437109
5.06422e-09	-0.440434
5.06479e-09	-0.443722
5.06535e-09	-0.446972
5.06592e-09	-0.450184
5.06648e-09	-0.453358
5.06705e-09	-0.456494
5.06761e-09	-0.459592
5.06817e-09	-0.462651
5.06874e-09	-0.465671
5.0693e-09	-0.468652
5.06987e-09	-0.471594
5.07043e-09	-0.474496
5.071e-09	-0.477359
5.07156e-09	-0.480182
5.07212e-09	-0.482966
5.07269e-09	-0.485709
5.07325e-09	-0.488412
5.07382e-09	-0.491075
5.07438e-09	-0.493697
5.07495e-09	-0.496278
5.07551e-09	-0.498819
5.07607e-09	-0.501319
5.07664e-09	-0.503777
5.0772e-09	-0.506194
5.07777e-09	-0.50857
5.07833e-09	-0.510904
5.0789e-09	-0.513197
5.07946e-09	-0.515448
5.08002e-09	-0.517657
5.08059e-09	-0.519824
5.08115e-09	-0.521948
5.08172e-09	-0.524031
5.08228e-09	-0.526071
5.08284e-09	-0.528068
5.08341e-09	-0.530023
5.08397e-09	-0.531936
5.08454e-09	-0.533805
5.0851e-09	-0.535632
5.08567e-09	-0.537415
5.08623e-09	-0.539156
5.08679e-09	-0.540854
5.08736e-09	-0.542508
5.08792e-09	-0.544119
5.08849e-09	-0.545686
5.08905e-09	-0.547211
5.08962e-09	-0.548691
5.09018e-09	-0.550129
5.09074e-09	-0.551522
5.09131e-09	-0.552872
5.09187e-09	-0.554178
5.09244e-09	-0.555441
5.093e-09	-0.556659
5.09357e-09	-0.557834
5.09413e-09	-0.558965
5.09469e-09	-0.560052
5.09526e-09	-0.561095
5.09582e-09	-0.562094
5.09639e-09	-0.563049
5.09695e-09	-0.56396
5.09752e-09	-0.564827
5.09808e-09	-0.56565
5.09864e-09	-0.566429
5.09921e-09	-0.567164
5.09977e-09	-0.567855
5.10034e-09	-0.568502
5.1009e-09	-0.569104
5.10147e-09	-0.569663
5.10203e-09	-0.570177
5.10259e-09	-0.570648
5.10316e-09	-0.571074
5.10372e-09	-0.571457
5.10429e-09	-0.571796
5.10485e-09	-0.57209
5.10542e-09	-0.572341
5.10598e-09	-0.572548
5.10654e-09	-0.572711
5.10711e-09	-0.57283
5.10767e-09	-0.572905
5.10824e-09	-0.572937
5.1088e-09	-0.572925
5.10937e-09	-0.57287
5.10993e-09	-0.572771
5.11049e-09	-0.572628
5.11106e-09	-0.572442
5.11162e-09	-0.572213
5.11219e-09	-0.57194
5.11275e-09	-0.571624
5.11331e-09	-0.571266
5.11388e-09	-0.570864
5.11444e-09	-0.570419
5.11501e-09	-0.569931
5.11557e-09	-0.5694
5.11614e-09	-0.568827
5.1167e-09	-0.568211
5.11726e-09	-0.567553
5.11783e-09	-0.566852
5.11839e-09	-0.566109
5.11896e-09	-0.565324
5.11952e-09	-0.564497
5.12009e-09	-0.563628
5.12065e-09	-0.562717
5.12121e-09	-0.561764
5.12178e-09	-0.56077
5.12234e-09	-0.559734
5.12291e-09	-0.558657
5.12347e-09	-0.557539
5.12404e-09	-0.556379
5.1246e-09	-0.555179
5.12516e-09	-0.553938
5.12573e-09	-0.552656
5.12629e-09	-0.551334
5.12686e-09	-0.549972
5.12742e-09	-0.54857
5.12799e-09	-0.547127
5.12855e-09	-0.545645
5.12911e-09	-0.544122
5.12968e-09	-0.542561
5.13024e-09	-0.54096
5.13081e-09	-0.53932
5.13137e-09	-0.537641
5.13194e-09	-0.535923
5.1325e-09	-0.534166
5.13306e-09	-0.532371
5.13363e-09	-0.530538
5.13419e-09	-0.528666
5.13476e-09	-0.526757
5.13532e-09	-0.52481
5.13589e-09	-0.522826
5.13645e-09	-0.520804
5.13701e-09	-0.518745
5.13758e-09	-0.516649
5.13814e-09	-0.514517
5.13871e-09	-0.512348
5.13927e-09	-0.510143
5.13984e-09	-0.507901
5.1404e-09	-0.505624
5.14096e-09	-0.503312
5.14153e-09	-0.500964
5.14209e-09	-0.49858
5.14266e-09	-0.496162
5.14322e-09	-0.493709
5.14378e-09	-0.491222
5.14435e-09	-0.4887
5.14491e-09	-0.486145
5.14548e-09	-0.483555
5.14604e-09	-0.480933
5.14661e-09	-0.478276
5.14717e-09	-0.475587
5.14773e-09	-0.472865
5.1483e-09	-0.470111
5.14886e-09	-0.467324
5.14943e-09	-0.464505
5.14999e-09	-0.461655
5.15056e-09	-0.458773
5.15112e-09	-0.45586
5.15168e-09	-0.452915
5.15225e-09	-0.449941
5.15281e-09	-0.446935
5.15338e-09	-0.4439
5.15394e-09	-0.440834
5.15451e-09	-0.437739
5.15507e-09	-0.434615
5.15563e-09	-0.431461
5.1562e-09	-0.428279
5.15676e-09	-0.425068
5.15733e-09	-0.421829
5.15789e-09	-0.418562
5.15846e-09	-0.415267
5.15902e-09	-0.411945
5.15958e-09	-0.408596
5.16015e-09	-0.40522
5.16071e-09	-0.401818
5.16128e-09	-0.398389
5.16184e-09	-0.394935
5.16241e-09	-0.391455
5.16297e-09	-0.387949
5.16353e-09	-0.384419
5.1641e-09	-0.380864
5.16466e-09	-0.377284
5.16523e-09	-0.373681
5.16579e-09	-0.370053
5.16636e-09	-0.366403
5.16692e-09	-0.362729
5.16748e-09	-0.359032
5.16805e-09	-0.355312
5.16861e-09	-0.351571
5.16918e-09	-0.347807
5.16974e-09	-0.344022
5.17031e-09	-0.340216
5.17087e-09	-0.336389
5.17143e-09	-0.332541
5.172e-09	-0.328673
5.17256e-09	-0.324785
5.17313e-09	-0.320877
5.17369e-09	-0.31695
5.17425e-09	-0.313004
5.17482e-09	-0.309039
5.17538e-09	-0.305056
5.17595e-09	-0.301055
5.17651e-09	-0.297036
5.17708e-09	-0.293
5.17764e-09	-0.288947
5.1782e-09	-0.284877
5.17877e-09	-0.280791
5.17933e-09	-0.276689
5.1799e-09	-0.272571
5.18046e-09	-0.268438
5.18103e-09	-0.26429
5.18159e-09	-0.260127
5.18215e-09	-0.25595
5.18272e-09	-0.251758
5.18328e-09	-0.247554
5.18385e-09	-0.243336
5.18441e-09	-0.239104
5.18498e-09	-0.234861
5.18554e-09	-0.230605
5.1861e-09	-0.226337
5.18667e-09	-0.222058
5.18723e-09	-0.217767
5.1878e-09	-0.213465
5.18836e-09	-0.209153
5.18893e-09	-0.204831
5.18949e-09	-0.200499
5.19005e-09	-0.196157
5.19062e-09	-0.191806
5.19118e-09	-0.187446
5.19175e-09	-0.183078
5.19231e-09	-0.178702
5.19288e-09	-0.174318
5.19344e-09	-0.169926
5.194e-09	-0.165528
5.19457e-09	-0.161122
5.19513e-09	-0.156711
5.1957e-09	-0.152293
5.19626e-09	-0.147869
5.19683e-09	-0.14344
5.19739e-09	-0.139007
5.19795e-09	-0.134568
5.19852e-09	-0.130125
5.19908e-09	-0.125679
5.19965e-09	-0.121228
5.20021e-09	-0.116775
5.20078e-09	-0.112318
5.20134e-09	-0.107859
5.2019e-09	-0.103398
5.20247e-09	-0.0989345
5.20303e-09	-0.0944697
5.2036e-09	-0.0900038
5.20416e-09	-0.085537
5.20472e-09	-0.0810697
5.20529e-09	-0.0766023
5.20585e-09	-0.072135
5.20642e-09	-0.0676683
5.20698e-09	-0.0632024
5.20755e-09	-0.0587378
5.20811e-09	-0.0542747
5.20867e-09	-0.0498136
5.20924e-09	-0.0453546
5.2098e-09	-0.0408983
5.21037e-09	-0.0364448
5.21093e-09	-0.0319947
5.2115e-09	-0.0275481
5.21206e-09	-0.0231054
5.21262e-09	-0.018667
5.21319e-09	-0.0142332
5.21375e-09	-0.00980438
5.21432e-09	-0.00538081
5.21488e-09	-0.000962833
5.21545e-09	0.0034492
5.21601e-09	0.00785497
5.21657e-09	0.0122541
5.21714e-09	0.0166464
5.2177e-09	0.0210314
5.21827e-09	0.0254088
5.21883e-09	0.0297783
5.2194e-09	0.0341396
5.21996e-09	0.0384923
5.22052e-09	0.0428361
5.22109e-09	0.0471707
5.22165e-09	0.0514958
5.22222e-09	0.0558111
5.22278e-09	0.0601162
5.22335e-09	0.0644108
5.22391e-09	0.0686946
5.22447e-09	0.0729673
5.22504e-09	0.0772286
5.2256e-09	0.0814782
5.22617e-09	0.0857157
5.22673e-09	0.0899409
5.2273e-09	0.0941534
5.22786e-09	0.0983529
5.22842e-09	0.102539
5.22899e-09	0.106712
5.22955e-09	0.110871
5.23012e-09	0.115015
5.23068e-09	0.119145
5.23125e-09	0.123261
5.23181e-09	0.127361
5.23237e-09	0.131446
5.23294e-09	0.135515
5.2335e-09	0.139568
5.23407e-09	0.143606
5.23463e-09	0.147626
5.23519e-09	0.15163
5.23576e-09	0.155616
5.23632e-09	0.159586
5.23689e-09	0.163537
5.23745e-09	0.167471
5.23802e-09	0.171386
5.23858e-09	0.175283
5.23914e-09	0.179161
5.23971e-09	0.18302
5.24027e-09	0.18686
5.24084e-09	0.19068
5.2414e-09	0.194481
5.24197e-09	0.198261
5.24253e-09	0.202021
5.24309e-09	0.20576
5.24366e-09	0.209478
5.24422e-09	0.213175
5.24479e-09	0.216851
5.24535e-09	0.220505
5.24592e-09	0.224137
5.24648e-09	0.227747
5.24704e-09	0.231335
5.24761e-09	0.2349
5.24817e-09	0.238442
5.24874e-09	0.241961
5.2493e-09	0.245456
5.24987e-09	0.248928
5.25043e-09	0.252376
5.25099e-09	0.2558
5.25156e-09	0.2592
5.25212e-09	0.262575
5.25269e-09	0.265925
5.25325e-09	0.269251
5.25382e-09	0.272551
5.25438e-09	0.275826
5.25494e-09	0.279075
5.25551e-09	0.282298
5.25607e-09	0.285496
5.25664e-09	0.288667
5.2572e-09	0.291811
5.25777e-09	0.294929
5.25833e-09	0.29802
5.25889e-09	0.301084
5.25946e-09	0.30412
5.26002e-09	0.307129
5.26059e-09	0.310111
5.26115e-09	0.313064
5.26172e-09	0.315989
5.26228e-09	0.318887
5.26284e-09	0.321756
5.26341e-09	0.324596
5.26397e-09	0.327407
5.26454e-09	0.33019
5.2651e-09	0.332943
5.26566e-09	0.335667
5.26623e-09	0.338362
5.26679e-09	0.341027
5.26736e-09	0.343662
5.26792e-09	0.346267
5.26849e-09	0.348842
5.26905e-09	0.351387
5.26961e-09	0.353902
5.27018e-09	0.356385
5.27074e-09	0.358838
5.27131e-09	0.361261
5.27187e-09	0.363652
5.27244e-09	0.366012
5.273e-09	0.368341
5.27356e-09	0.370638
5.27413e-09	0.372904
5.27469e-09	0.375138
5.27526e-09	0.377341
5.27582e-09	0.379511
5.27639e-09	0.38165
5.27695e-09	0.383756
5.27751e-09	0.38583
5.27808e-09	0.387872
5.27864e-09	0.389881
5.27921e-09	0.391857
5.27977e-09	0.393801
5.28034e-09	0.395712
5.2809e-09	0.39759
5.28146e-09	0.399435
5.28203e-09	0.401246
5.28259e-09	0.403025
5.28316e-09	0.40477
5.28372e-09	0.406482
5.28429e-09	0.408161
5.28485e-09	0.409806
5.28541e-09	0.411417
5.28598e-09	0.412994
5.28654e-09	0.414538
5.28711e-09	0.416048
5.28767e-09	0.417524
5.28824e-09	0.418966
5.2888e-09	0.420374
5.28936e-09	0.421748
5.28993e-09	0.423088
5.29049e-09	0.424394
5.29106e-09	0.425665
5.29162e-09	0.426902
5.29219e-09	0.428105
5.29275e-09	0.429273
5.29331e-09	0.430407
5.29388e-09	0.431506
5.29444e-09	0.432571
5.29501e-09	0.433601
5.29557e-09	0.434597
5.29613e-09	0.435558
5.2967e-09	0.436484
5.29726e-09	0.437376
5.29783e-09	0.438233
5.29839e-09	0.439056
5.29896e-09	0.439844
5.29952e-09	0.440597
5.30008e-09	0.441315
5.30065e-09	0.441999
5.30121e-09	0.442648
5.30178e-09	0.443262
5.30234e-09	0.443842
5.30291e-09	0.444387
5.30347e-09	0.444897
5.30403e-09	0.445372
5.3046e-09	0.445813
5.30516e-09	0.446219
5.30573e-09	0.446591
5.30629e-09	0.446928
5.30686e-09	0.44723
5.30742e-09	0.447498
5.30798e-09	0.447731
5.30855e-09	0.44793
5.30911e-09	0.448094
5.30968e-09	0.448224
5.31024e-09	0.44832
5.31081e-09	0.448381
5.31137e-09	0.448408
5.31193e-09	0.4484
5.3125e-09	0.448359
5.31306e-09	0.448283
5.31363e-09	0.448173
5.31419e-09	0.44803
5.31476e-09	0.447852
5.31532e-09	0.44764
5.31588e-09	0.447395
5.31645e-09	0.447115
5.31701e-09	0.446802
5.31758e-09	0.446456
5.31814e-09	0.446076
5.31871e-09	0.445662
5.31927e-09	0.445215
5.31983e-09	0.444735
5.3204e-09	0.444221
5.32096e-09	0.443675
5.32153e-09	0.443095
5.32209e-09	0.442483
5.32266e-09	0.441837
5.32322e-09	0.441159
5.32378e-09	0.440448
5.32435e-09	0.439705
5.32491e-09	0.438929
5.32548e-09	0.438121
5.32604e-09	0.437281
5.3266e-09	0.436408
5.32717e-09	0.435504
5.32773e-09	0.434567
5.3283e-09	0.433599
5.32886e-09	0.4326
5.32943e-09	0.431568
5.32999e-09	0.430506
5.33055e-09	0.429412
5.33112e-09	0.428287
5.33168e-09	0.427131
5.33225e-09	0.425944
5.33281e-09	0.424727
5.33338e-09	0.423479
5.33394e-09	0.4222
5.3345e-09	0.420891
5.33507e-09	0.419552
5.33563e-09	0.418184
5.3362e-09	0.416785
5.33676e-09	0.415356
5.33733e-09	0.413898
5.33789e-09	0.412411
5.33845e-09	0.410894
5.33902e-09	0.409348
5.33958e-09	0.407774
5.34015e-09	0.406171
5.34071e-09	0.404539
5.34128e-09	0.402878
5.34184e-09	0.40119
5.3424e-09	0.399473
5.34297e-09	0.397729
5.34353e-09	0.395957
5.3441e-09	0.394157
5.34466e-09	0.39233
5.34523e-09	0.390476
5.34579e-09	0.388594
5.34635e-09	0.386686
5.34692e-09	0.384752
5.34748e-09	0.382791
5.34805e-09	0.380804
5.34861e-09	0.37879
5.34918e-09	0.376751
5.34974e-09	0.374686
5.3503e-09	0.372596
5.35087e-09	0.370481
5.35143e-09	0.36834
5.352e-09	0.366175
5.35256e-09	0.363985
5.35313e-09	0.36177
5.35369e-09	0.359532
5.35425e-09	0.357269
5.35482e-09	0.354983
5.35538e-09	0.352673
5.35595e-09	0.350339
5.35651e-09	0.347982
5.35707e-09	0.345603
5.35764e-09	0.343201
5.3582e-09	0.340776
5.35877e-09	0.338329
5.35933e-09	0.33586
5.3599e-09	0.333369
5.36046e-09	0.330856
5.36102e-09	0.328322
5.36159e-09	0.325767
5.36215e-09	0.323191
5.36272e-09	0.320594
5.36328e-09	0.317977
5.36385e-09	0.315339
5.36441e-09	0.312681
5.36497e-09	0.310004
5.36554e-09	0.307307
5.3661e-09	0.304591
5.36667e-09	0.301856
5.36723e-09	0.299102
5.3678e-09	0.296329
5.36836e-09	0.293539
5.36892e-09	0.29073
5.36949e-09	0.287903
5.37005e-09	0.285058
5.37062e-09	0.282196
5.37118e-09	0.279317
5.37175e-09	0.276422
5.37231e-09	0.273509
5.37287e-09	0.270581
5.37344e-09	0.267636
5.374e-09	0.264675
5.37457e-09	0.261699
5.37513e-09	0.258707
5.3757e-09	0.2557
5.37626e-09	0.252679
5.37682e-09	0.249642
5.37739e-09	0.246592
5.37795e-09	0.243527
5.37852e-09	0.240449
5.37908e-09	0.237357
5.37965e-09	0.234252
5.38021e-09	0.231133
5.38077e-09	0.228002
5.38134e-09	0.224859
5.3819e-09	0.221703
5.38247e-09	0.218535
5.38303e-09	0.215355
5.3836e-09	0.212164
5.38416e-09	0.208962
5.38472e-09	0.205749
5.38529e-09	0.202525
5.38585e-09	0.199291
5.38642e-09	0.196046
5.38698e-09	0.192792
5.38754e-09	0.189528
5.38811e-09	0.186255
5.38867e-09	0.182972
5.38924e-09	0.179681
5.3898e-09	0.176381
5.39037e-09	0.173073
5.39093e-09	0.169757
5.39149e-09	0.166434
5.39206e-09	0.163102
5.39262e-09	0.159764
5.39319e-09	0.156418
5.39375e-09	0.153066
5.39432e-09	0.149708
5.39488e-09	0.146343
5.39544e-09	0.142973
5.39601e-09	0.139597
5.39657e-09	0.136216
5.39714e-09	0.132829
5.3977e-09	0.129438
5.39827e-09	0.126042
5.39883e-09	0.122642
5.39939e-09	0.119238
5.39996e-09	0.115831
5.40052e-09	0.112419
5.40109e-09	0.109005
5.40165e-09	0.105588
5.40222e-09	0.102168
5.40278e-09	0.0987458
5.40334e-09	0.0953215
5.40391e-09	0.0918953
5.40447e-09	0.0884676
5.40504e-09	0.0850385
5.4056e-09	0.0816084
5.40617e-09	0.0781775
5.40673e-09	0.0747462
5.40729e-09	0.0713146
5.40786e-09	0.067883
5.40842e-09	0.0644516
5.40899e-09	0.0610209
5.40955e-09	0.0575909
5.41012e-09	0.0541621
5.41068e-09	0.0507345
5.41124e-09	0.0473086
5.41181e-09	0.0438845
5.41237e-09	0.0404626
5.41294e-09	0.037043
5.4135e-09	0.0336261
5.41407e-09	0.0302121
5.41463e-09	0.0268012
5.41519e-09	0.0233938
5.41576e-09	0.01999
5.41632e-09	0.0165902
5.41689e-09	0.0131945
5.41745e-09	0.0098033
5.41801e-09	0.00641679
5.41858e-09	0.00303523
5.41914e-09	-0.00034113
5.41971e-09	-0.00371204
5.42027e-09	-0.00707724
5.42084e-09	-0.0104365
5.4214e-09	-0.0137895
5.42196e-09	-0.0171361
5.42253e-09	-0.020476
5.42309e-09	-0.0238089
5.42366e-09	-0.0271347
5.42422e-09	-0.030453
5.42479e-09	-0.0337636
5.42535e-09	-0.0370664
5.42591e-09	-0.0403609
5.42648e-09	-0.043647
5.42704e-09	-0.0469245
5.42761e-09	-0.0501931
5.42817e-09	-0.0534526
5.42874e-09	-0.0567027
5.4293e-09	-0.0599433
5.42986e-09	-0.063174
5.43043e-09	-0.0663946
5.43099e-09	-0.069605
5.43156e-09	-0.0728048
5.43212e-09	-0.0759939
5.43269e-09	-0.079172
5.43325e-09	-0.0823388
5.43381e-09	-0.0854943
5.43438e-09	-0.0886381
5.43494e-09	-0.09177
5.43551e-09	-0.0948898
5.43607e-09	-0.0979972
5.43664e-09	-0.101092
5.4372e-09	-0.104174
5.43776e-09	-0.107244
5.43833e-09	-0.110299
5.43889e-09	-0.113342
5.43946e-09	-0.116371
5.44002e-09	-0.119386
5.44059e-09	-0.122387
5.44115e-09	-0.125374
5.44171e-09	-0.128346
5.44228e-09	-0.131304
5.44284e-09	-0.134247
5.44341e-09	-0.137175
5.44397e-09	-0.140087
5.44453e-09	-0.142984
5.4451e-09	-0.145866
5.44566e-09	-0.148731
5.44623e-09	-0.15158
5.44679e-09	-0.154414
5.44736e-09	-0.15723
5.44792e-09	-0.16003
5.44848e-09	-0.162814
5.44905e-09	-0.16558
5.44961e-09	-0.168329
5.45018e-09	-0.171061
5.45074e-09	-0.173775
5.45131e-09	-0.176471
5.45187e-09	-0.179149
5.45243e-09	-0.18181
5.453e-09	-0.184452
5.45356e-09	-0.187075
5.45413e-09	-0.18968
5.45469e-09	-0.192267
5.45526e-09	-0.194834
5.45582e-09	-0.197382
5.45638e-09	-0.199911
5.45695e-09	-0.20242
5.45751e-09	-0.20491
5.45808e-09	-0.20738
5.45864e-09	-0.20983
5.45921e-09	-0.21226
5.45977e-09	-0.21467
5.46033e-09	-0.217059
5.4609e-09	-0.219428
5.46146e-09	-0.221776
5.46203e-09	-0.224103
5.46259e-09	-0.226409
5.46316e-09	-0.228694
5.46372e-09	-0.230958
5.46428e-09	-0.2332
5.46485e-09	-0.235421
5.46541e-09	-0.237621
5.46598e-09	-0.239798
5.46654e-09	-0.241953
5.46711e-09	-0.244087
5.46767e-09	-0.246198
5.46823e-09	-0.248287
5.4688e-09	-0.250353
5.46936e-09	-0.252397
5.46993e-09	-0.254418
5.47049e-09	-0.256416
5.47106e-09	-0.258391
5.47162e-09	-0.260344
5.47218e-09	-0.262273
5.47275e-09	-0.264179
5.47331e-09	-0.266061
5.47388e-09	-0.26792
5.47444e-09	-0.269755
5.475e-09	-0.271567
5.47557e-09	-0.273355
5.47613e-09	-0.275119
5.4767e-09	-0.276859
5.47726e-09	-0.278575
5.47783e-09	-0.280267
5.47839e-09	-0.281934
5.47895e-09	-0.283578
5.47952e-09	-0.285196
5.48008e-09	-0.28679
5.48065e-09	-0.28836
5.48121e-09	-0.289905
5.48178e-09	-0.291425
5.48234e-09	-0.292921
5.4829e-09	-0.294391
5.48347e-09	-0.295836
5.48403e-09	-0.297257
5.4846e-09	-0.298652
5.48516e-09	-0.300022
5.48573e-09	-0.301367
5.48629e-09	-0.302687
5.48685e-09	-0.303981
5.48742e-09	-0.30525
5.48798e-09	-0.306493
5.48855e-09	-0.307711
5.48911e-09	-0.308903
5.48968e-09	-0.31007
5.49024e-09	-0.31121
5.4908e-09	-0.312326
5.49137e-09	-0.313415
5.49193e-09	-0.314479
5.4925e-09	-0.315516
5.49306e-09	-0.316528
5.49363e-09	-0.317514
5.49419e-09	-0.318474
5.49475e-09	-0.319408
5.49532e-09	-0.320316
5.49588e-09	-0.321198
5.49645e-09	-0.322054
5.49701e-09	-0.322884
5.49758e-09	-0.323688
5.49814e-09	-0.324465
5.4987e-09	-0.325217
5.49927e-09	-0.325942
5.49983e-09	-0.326641
5.5004e-09	-0.327314
5.50096e-09	-0.327961
5.50153e-09	-0.328582
5.50209e-09	-0.329176
5.50265e-09	-0.329745
5.50322e-09	-0.330287
5.50378e-09	-0.330803
5.50435e-09	-0.331293
5.50491e-09	-0.331756
5.50547e-09	-0.332194
5.50604e-09	-0.332605
5.5066e-09	-0.33299
5.50717e-09	-0.333349
5.50773e-09	-0.333682
5.5083e-09	-0.333989
5.50886e-09	-0.33427
5.50942e-09	-0.334525
5.50999e-09	-0.334754
5.51055e-09	-0.334956
5.51112e-09	-0.335133
5.51168e-09	-0.335284
5.51225e-09	-0.335409
5.51281e-09	-0.335508
5.51337e-09	-0.335581
5.51394e-09	-0.335629
5.5145e-09	-0.335651
5.51507e-09	-0.335647
5.51563e-09	-0.335617
5.5162e-09	-0.335562
5.51676e-09	-0.335481
5.51732e-09	-0.335375
5.51789e-09	-0.335243
5.51845e-09	-0.335086
5.51902e-09	-0.334903
5.51958e-09	-0.334696
5.52015e-09	-0.334462
5.52071e-09	-0.334204
5.52127e-09	-0.333921
5.52184e-09	-0.333613
5.5224e-09	-0.333279
5.52297e-09	-0.332921
5.52353e-09	-0.332538
5.5241e-09	-0.33213
5.52466e-09	-0.331697
5.52522e-09	-0.33124
5.52579e-09	-0.330758
5.52635e-09	-0.330252
5.52692e-09	-0.329722
5.52748e-09	-0.329167
5.52805e-09	-0.328588
5.52861e-09	-0.327985
5.52917e-09	-0.327357
5.52974e-09	-0.326706
5.5303e-09	-0.326031
5.53087e-09	-0.325332
5.53143e-09	-0.32461
5.532e-09	-0.323864
5.53256e-09	-0.323094
5.53312e-09	-0.322302
5.53369e-09	-0.321485
5.53425e-09	-0.320646
5.53482e-09	-0.319784
5.53538e-09	-0.318898
5.53594e-09	-0.31799
5.53651e-09	-0.317059
5.53707e-09	-0.316106
5.53764e-09	-0.31513
5.5382e-09	-0.314131
5.53877e-09	-0.313111
5.53933e-09	-0.312068
5.53989e-09	-0.311003
5.54046e-09	-0.309916
5.54102e-09	-0.308808
5.54159e-09	-0.307677
5.54215e-09	-0.306526
5.54272e-09	-0.305352
5.54328e-09	-0.304158
5.54384e-09	-0.302942
5.54441e-09	-0.301705
5.54497e-09	-0.300448
5.54554e-09	-0.299169
5.5461e-09	-0.29787
5.54667e-09	-0.29655
5.54723e-09	-0.295211
5.54779e-09	-0.29385
5.54836e-09	-0.29247
5.54892e-09	-0.29107
5.54949e-09	-0.28965
5.55005e-09	-0.28821
5.55062e-09	-0.286751
5.55118e-09	-0.285273
5.55174e-09	-0.283775
5.55231e-09	-0.282258
5.55287e-09	-0.280723
5.55344e-09	-0.279168
5.554e-09	-0.277595
5.55457e-09	-0.276004
5.55513e-09	-0.274394
5.55569e-09	-0.272766
5.55626e-09	-0.27112
5.55682e-09	-0.269456
5.55739e-09	-0.267775
5.55795e-09	-0.266076
5.55852e-09	-0.26436
5.55908e-09	-0.262626
5.55964e-09	-0.260876
5.56021e-09	-0.259108
5.56077e-09	-0.257325
5.56134e-09	-0.255524
5.5619e-09	-0.253707
5.56247e-09	-0.251874
5.56303e-09	-0.250025
5.56359e-09	-0.24816
5.56416e-09	-0.24628
5.56472e-09	-0.244384
5.56529e-09	-0.242472
5.56585e-09	-0.240546
5.56641e-09	-0.238605
5.56698e-09	-0.236648
5.56754e-09	-0.234677
5.56811e-09	-0.232692
5.56867e-09	-0.230693
5.56924e-09	-0.228679
5.5698e-09	-0.226652
5.57036e-09	-0.22461
5.57093e-09	-0.222556
5.57149e-09	-0.220487
5.57206e-09	-0.218406
5.57262e-09	-0.216312
5.57319e-09	-0.214205
5.57375e-09	-0.212085
5.57431e-09	-0.209953
5.57488e-09	-0.207809
5.57544e-09	-0.205652
5.57601e-09	-0.203484
5.57657e-09	-0.201304
5.57714e-09	-0.199113
5.5777e-09	-0.19691
5.57826e-09	-0.194696
5.57883e-09	-0.192472
5.57939e-09	-0.190236
5.57996e-09	-0.18799
5.58052e-09	-0.185734
5.58109e-09	-0.183467
5.58165e-09	-0.181191
5.58221e-09	-0.178905
5.58278e-09	-0.176609
5.58334e-09	-0.174304
5.58391e-09	-0.17199
5.58447e-09	-0.169666
5.58504e-09	-0.167334
5.5856e-09	-0.164994
5.58616e-09	-0.162645
5.58673e-09	-0.160287
5.58729e-09	-0.157922
5.58786e-09	-0.155549
5.58842e-09	-0.153168
5.58899e-09	-0.15078
5.58955e-09	-0.148385
5.59011e-09	-0.145983
5.59068e-09	-0.143574
5.59124e-09	-0.141158
5.59181e-09	-0.138736
5.59237e-09	-0.136307
5.59294e-09	-0.133873
5.5935e-09	-0.131433
5.59406e-09	-0.128987
5.59463e-09	-0.126536
5.59519e-09	-0.124079
5.59576e-09	-0.121618
5.59632e-09	-0.119151
5.59688e-09	-0.11668
5.59745e-09	-0.114205
5.59801e-09	-0.111725
5.59858e-09	-0.109242
5.59914e-09	-0.106754
5.59971e-09	-0.104263
5.60027e-09	-0.101769
5.60083e-09	-0.0992709
5.6014e-09	-0.0967701
5.60196e-09	-0.0942664
5.60253e-09	-0.0917602
5.60309e-09	-0.0892514
5.60366e-09	-0.0867405
5.60422e-09	-0.0842275
5.60478e-09	-0.0817126
5.60535e-09	-0.0791961
5.60591e-09	-0.0766782
5.60648e-09	-0.074159
5.60704e-09	-0.0716387
5.60761e-09	-0.0691176
5.60817e-09	-0.0665958
5.60873e-09	-0.0640736
5.6093e-09	-0.061551
5.60986e-09	-0.0590285
5.61043e-09	-0.056506
5.61099e-09	-0.0539838
5.61156e-09	-0.0514621
5.61212e-09	-0.0489412
5.61268e-09	-0.0464211
5.61325e-09	-0.0439022
5.61381e-09	-0.0413845
5.61438e-09	-0.0388682
5.61494e-09	-0.0363537
5.61551e-09	-0.033841
5.61607e-09	-0.0313303
5.61663e-09	-0.0288219
5.6172e-09	-0.0263159
5.61776e-09	-0.0238125
5.61833e-09	-0.0213119
5.61889e-09	-0.0188143
5.61946e-09	-0.0163199
5.62002e-09	-0.0138289
5.62058e-09	-0.0113414
5.62115e-09	-0.0088576
5.62171e-09	-0.00637777
5.62228e-09	-0.00390204
5.62284e-09	-0.0014306
5.62341e-09	0.00103637
5.62397e-09	0.00349868
5.62453e-09	0.00595616
5.6251e-09	0.00840862
5.62566e-09	0.0108559
5.62623e-09	0.0132978
5.62679e-09	0.0157341
5.62735e-09	0.0181647
5.62792e-09	0.0205894
5.62848e-09	0.0230079
5.62905e-09	0.0254203
5.62961e-09	0.0278262
5.63018e-09	0.0302254
5.63074e-09	0.0326179
5.6313e-09	0.0350035
5.63187e-09	0.0373819
5.63243e-09	0.039753
5.633e-09	0.0421166
5.63356e-09	0.0444726
5.63413e-09	0.0468208
5.63469e-09	0.0491611
5.63525e-09	0.0514931
5.63582e-09	0.0538169
5.63638e-09	0.0561322
5.63695e-09	0.0584389
5.63751e-09	0.0607368
5.63808e-09	0.0630258
5.63864e-09	0.0653056
5.6392e-09	0.0675761
5.63977e-09	0.0698373
5.64033e-09	0.0720888
5.6409e-09	0.0743306
5.64146e-09	0.0765625
5.64203e-09	0.0787843
5.64259e-09	0.0809959
5.64315e-09	0.0831972
5.64372e-09	0.085388
5.64428e-09	0.0875681
5.64485e-09	0.0897374
5.64541e-09	0.0918957
5.64598e-09	0.094043
5.64654e-09	0.096179
5.6471e-09	0.0983036
5.64767e-09	0.100417
5.64823e-09	0.102518
5.6488e-09	0.104608
5.64936e-09	0.106685
5.64993e-09	0.108751
5.65049e-09	0.110804
5.65105e-09	0.112845
5.65162e-09	0.114873
5.65218e-09	0.116889
5.65275e-09	0.118892
5.65331e-09	0.120883
5.65388e-09	0.12286
5.65444e-09	0.124824
5.655e-09	0.126774
5.65557e-09	0.128712
5.65613e-09	0.130635
5.6567e-09	0.132545
5.65726e-09	0.134442
5.65782e-09	0.136324
5.65839e-09	0.138193
5.65895e-09	0.140047
5.65952e-09	0.141887
5.66008e-09	0.143713
5.66065e-09	0.145524
5.66121e-09	0.14732
5.66177e-09	0.149102
5.66234e-09	0.150869
5.6629e-09	0.152622
5.66347e-09	0.154359
5.66403e-09	0.156081
5.6646e-09	0.157788
5.66516e-09	0.159479
5.66572e-09	0.161155
5.66629e-09	0.162815
5.66685e-09	0.16446
5.66742e-09	0.166089
5.66798e-09	0.167702
5.66855e-09	0.1693
5.66911e-09	0.170881
5.66967e-09	0.172446
5.67024e-09	0.173995
5.6708e-09	0.175528
5.67137e-09	0.177044
5.67193e-09	0.178544
5.6725e-09	0.180027
5.67306e-09	0.181494
5.67362e-09	0.182944
5.67419e-09	0.184377
5.67475e-09	0.185793
5.67532e-09	0.187192
5.67588e-09	0.188574
5.67645e-09	0.189939
5.67701e-09	0.191287
5.67757e-09	0.192618
5.67814e-09	0.193932
5.6787e-09	0.195228
5.67927e-09	0.196506
5.67983e-09	0.197767
5.6804e-09	0.199011
5.68096e-09	0.200236
5.68152e-09	0.201445
5.68209e-09	0.202635
5.68265e-09	0.203807
5.68322e-09	0.204962
5.68378e-09	0.206099
5.68435e-09	0.207217
5.68491e-09	0.208318
5.68547e-09	0.209401
5.68604e-09	0.210465
5.6866e-09	0.211511
5.68717e-09	0.212539
5.68773e-09	0.213549
5.68829e-09	0.21454
5.68886e-09	0.215514
5.68942e-09	0.216468
5.68999e-09	0.217404
5.69055e-09	0.218322
5.69112e-09	0.219221
5.69168e-09	0.220102
5.69224e-09	0.220964
5.69281e-09	0.221808
5.69337e-09	0.222633
5.69394e-09	0.223439
5.6945e-09	0.224226
5.69507e-09	0.224995
5.69563e-09	0.225745
5.69619e-09	0.226476
5.69676e-09	0.227189
5.69732e-09	0.227882
5.69789e-09	0.228557
5.69845e-09	0.229213
5.69902e-09	0.229851
5.69958e-09	0.230469
5.70014e-09	0.231068
5.70071e-09	0.231649
5.70127e-09	0.232211
5.70184e-09	0.232753
5.7024e-09	0.233277
5.70297e-09	0.233782
5.70353e-09	0.234268
5.70409e-09	0.234735
5.70466e-09	0.235184
5.70522e-09	0.235613
5.70579e-09	0.236023
5.70635e-09	0.236415
5.70692e-09	0.236788
5.70748e-09	0.237141
5.70804e-09	0.237476
5.70861e-09	0.237792
5.70917e-09	0.238089
5.70974e-09	0.238368
5.7103e-09	0.238627
5.71087e-09	0.238868
5.71143e-09	0.23909
5.71199e-09	0.239293
5.71256e-09	0.239477
5.71312e-09	0.239643
5.71369e-09	0.23979
5.71425e-09	0.239918
5.71482e-09	0.240028
5.71538e-09	0.240119
5.71594e-09	0.240191
5.71651e-09	0.240245
5.71707e-09	0.240281
5.71764e-09	0.240298
5.7182e-09	0.240296
5.71876e-09	0.240276
5.71933e-09	0.240237
5.71989e-09	0.240181
5.72046e-09	0.240106
5.72102e-09	0.240012
5.72159e-09	0.239901
5.72215e-09	0.239771
5.72271e-09	0.239623
5.72328e-09	0.239457
5.72384e-09	0.239273
5.72441e-09	0.239071
5.72497e-09	0.238851
5.72554e-09	0.238613
5.7261e-09	0.238358
5.72666e-09	0.238084
5.72723e-09	0.237793
5.72779e-09	0.237484
5.72836e-09	0.237158
5.72892e-09	0.236814
5.72949e-09	0.236453
5.73005e-09	0.236074
5.73061e-09	0.235678
5.73118e-09	0.235264
5.73174e-09	0.234834
5.73231e-09	0.234386
5.73287e-09	0.233921
5.73344e-09	0.233439
5.734e-09	0.23294
5.73456e-09	0.232424
5.73513e-09	0.231891
5.73569e-09	0.231342
5.73626e-09	0.230776
5.73682e-09	0.230194
5.73739e-09	0.229595
5.73795e-09	0.228979
5.73851e-09	0.228347
5.73908e-09	0.227699
5.73964e-09	0.227035
5.74021e-09	0.226355
5.74077e-09	0.225658
5.74134e-09	0.224946
5.7419e-09	0.224218
5.74246e-09	0.223474
5.74303e-09	0.222715
5.74359e-09	0.22194
5.74416e-09	0.221149
5.74472e-09	0.220343
5.74529e-09	0.219522
5.74585e-09	0.218686
5.74641e-09	0.217834
5.74698e-09	0.216968
5.74754e-09	0.216086
5.74811e-09	0.21519
5.74867e-09	0.214279
5.74923e-09	0.213354
5.7498e-09	0.212414
5.75036e-09	0.211459
5.75093e-09	0.21049
5.75149e-09	0.209507
5.75206e-09	0.20851
5.75262e-09	0.207499
5.75318e-09	0.206474
5.75375e-09	0.205436
5.75431e-09	0.204383
5.75488e-09	0.203317
5.75544e-09	0.202238
5.75601e-09	0.201145
5.75657e-09	0.200039
5.75713e-09	0.19892
5.7577e-09	0.197788
5.75826e-09	0.196643
5.75883e-09	0.195485
5.75939e-09	0.194314
5.75996e-09	0.193131
5.76052e-09	0.191936
5.76108e-09	0.190728
5.76165e-09	0.189508
5.76221e-09	0.188276
5.76278e-09	0.187032
5.76334e-09	0.185777
5.76391e-09	0.184509
5.76447e-09	0.18323
5.76503e-09	0.181939
5.7656e-09	0.180637
5.76616e-09	0.179324
5.76673e-09	0.178
5.76729e-09	0.176665
5.76786e-09	0.175319
5.76842e-09	0.173962
5.76898e-09	0.172595
5.76955e-09	0.171217
5.77011e-09	0.169828
5.77068e-09	0.16843
5.77124e-09	0.167022
5.77181e-09	0.165603
5.77237e-09	0.164175
5.77293e-09	0.162737
5.7735e-09	0.161289
5.77406e-09	0.159832
5.77463e-09	0.158366
5.77519e-09	0.156891
5.77576e-09	0.155406
5.77632e-09	0.153913
5.77688e-09	0.152411
5.77745e-09	0.1509
5.77801e-09	0.149381
5.77858e-09	0.147853
5.77914e-09	0.146317
5.7797e-09	0.144773
5.78027e-09	0.143221
5.78083e-09	0.141662
5.7814e-09	0.140094
5.78196e-09	0.138519
5.78253e-09	0.136937
5.78309e-09	0.135347
5.78365e-09	0.133751
5.78422e-09	0.132147
5.78478e-09	0.130536
5.78535e-09	0.128919
5.78591e-09	0.127295
5.78648e-09	0.125665
5.78704e-09	0.124028
5.7876e-09	0.122385
5.78817e-09	0.120736
5.78873e-09	0.119082
5.7893e-09	0.117421
5.78986e-09	0.115755
5.79043e-09	0.114083
5.79099e-09	0.112407
5.79155e-09	0.110725
5.79212e-09	0.109038
5.79268e-09	0.107346
5.79325e-09	0.105649
5.79381e-09	0.103948
5.79438e-09	0.102242
5.79494e-09	0.100532
5.7955e-09	0.0988173
5.79607e-09	0.0970989
5.79663e-09	0.0953766
5.7972e-09	0.0936506
5.79776e-09	0.0919209
5.79833e-09	0.0901877
5.79889e-09	0.0884512
5.79945e-09	0.0867115
5.80002e-09	0.0849688
5.80058e-09	0.0832231
5.80115e-09	0.0814746
5.80171e-09	0.0797235
5.80228e-09	0.0779699
5.80284e-09	0.076214
5.8034e-09	0.0744558
5.80397e-09	0.0726956
5.80453e-09	0.0709334
5.8051e-09	0.0691694
5.80566e-09	0.0674038
5.80623e-09	0.0656367
5.80679e-09	0.0638682
5.80735e-09	0.0620985
5.80792e-09	0.0603277
5.80848e-09	0.0585559
5.80905e-09	0.0567833
5.80961e-09	0.0550101
5.81017e-09	0.0532363
5.81074e-09	0.0514621
5.8113e-09	0.0496876
5.81187e-09	0.0479131
5.81243e-09	0.0461385
5.813e-09	0.0443641
5.81356e-09	0.04259
5.81412e-09	0.0408163
5.81469e-09	0.0390432
5.81525e-09	0.0372708
5.81582e-09	0.0354992
5.81638e-09	0.0337286
5.81695e-09	0.0319591
5.81751e-09	0.0301908
5.81807e-09	0.028424
5.81864e-09	0.0266586
5.8192e-09	0.0248949
5.81977e-09	0.0231329
5.82033e-09	0.0213729
5.8209e-09	0.0196149
5.82146e-09	0.0178591
5.82202e-09	0.0161056
5.82259e-09	0.0143545
5.82315e-09	0.012606
5.82372e-09	0.0108602
5.82428e-09	0.0091172
5.82485e-09	0.00737717
5.82541e-09	0.00564023
5.82597e-09	0.00390651
5.82654e-09	0.00217612
5.8271e-09	0.000449202
5.82767e-09	-0.00127412
5.82823e-09	-0.00299373
5.8288e-09	-0.00470948
5.82936e-09	-0.00642127
5.82992e-09	-0.00812896
5.83049e-09	-0.00983243
5.83105e-09	-0.0115316
5.83162e-09	-0.0132262
5.83218e-09	-0.0149163
5.83275e-09	-0.0166017
5.83331e-09	-0.0182822
5.83387e-09	-0.0199578
5.83444e-09	-0.0216283
5.835e-09	-0.0232937
5.83557e-09	-0.0249537
5.83613e-09	-0.0266083
5.83669e-09	-0.0282574
5.83726e-09	-0.0299008
5.83782e-09	-0.0315385
5.83839e-09	-0.0331702
5.83895e-09	-0.034796
5.83952e-09	-0.0364156
5.84008e-09	-0.038029
5.84064e-09	-0.0396361
5.84121e-09	-0.0412368
5.84177e-09	-0.0428308
5.84234e-09	-0.0444182
5.8429e-09	-0.0459989
5.84347e-09	-0.0475726
5.84403e-09	-0.0491394
5.84459e-09	-0.050699
5.84516e-09	-0.0522514
5.84572e-09	-0.0537966
5.84629e-09	-0.0553343
5.84685e-09	-0.0568645
5.84742e-09	-0.0583871
5.84798e-09	-0.0599019
5.84854e-09	-0.0614089
5.84911e-09	-0.062908
5.84967e-09	-0.0643991
5.85024e-09	-0.0658821
5.8508e-09	-0.0673568
5.85137e-09	-0.0688232
5.85193e-09	-0.0702812
5.85249e-09	-0.0717307
5.85306e-09	-0.0731716
5.85362e-09	-0.0746038
5.85419e-09	-0.0760272
5.85475e-09	-0.0774417
5.85532e-09	-0.0788473
5.85588e-09	-0.0802438
5.85644e-09	-0.0816311
5.85701e-09	-0.0830092
5.85757e-09	-0.084378
5.85814e-09	-0.0857374
5.8587e-09	-0.0870873
5.85927e-09	-0.0884275
5.85983e-09	-0.0897582
5.86039e-09	-0.091079
5.86096e-09	-0.0923901
5.86152e-09	-0.0936912
5.86209e-09	-0.0949824
5.86265e-09	-0.0962635
5.86322e-09	-0.0975344
5.86378e-09	-0.0987951
5.86434e-09	-0.100046
5.86491e-09	-0.101286
5.86547e-09	-0.102515
5.86604e-09	-0.103734
5.8666e-09	-0.104943
5.86716e-09	-0.106141
5.86773e-09	-0.107328
5.86829e-09	-0.108504
5.86886e-09	-0.109669
5.86942e-09	-0.110824
5.86999e-09	-0.111967
5.87055e-09	-0.1131
5.87111e-09	-0.114221
5.87168e-09	-0.115331
5.87224e-09	-0.11643
5.87281e-09	-0.117517
5.87337e-09	-0.118593
5.87394e-09	-0.119658
5.8745e-09	-0.120711
5.87506e-09	-0.121753
5.87563e-09	-0.122783
5.87619e-09	-0.123801
5.87676e-09	-0.124808
5.87732e-09	-0.125803
5.87789e-09	-0.126786
5.87845e-09	-0.127757
5.87901e-09	-0.128716
5.87958e-09	-0.129663
5.88014e-09	-0.130599
5.88071e-09	-0.131522
5.88127e-09	-0.132433
5.88184e-09	-0.133332
5.8824e-09	-0.134219
5.88296e-09	-0.135093
5.88353e-09	-0.135955
5.88409e-09	-0.136805
5.88466e-09	-0.137643
5.88522e-09	-0.138468
5.88579e-09	-0.13928
5.88635e-09	-0.140081
5.88691e-09	-0.140868
5.88748e-09	-0.141643
5.88804e-09	-0.142406
5.88861e-09	-0.143156
5.88917e-09	-0.143893
5.88974e-09	-0.144618
5.8903e-09	-0.14533
5.89086e-09	-0.146029
5.89143e-09	-0.146715
5.89199e-09	-0.147389
5.89256e-09	-0.14805
5.89312e-09	-0.148698
5.89369e-09	-0.149333
5.89425e-09	-0.149956
5.89481e-09	-0.150565
5.89538e-09	-0.151162
5.89594e-09	-0.151745
5.89651e-09	-0.152316
5.89707e-09	-0.152874
5.89763e-09	-0.153418
5.8982e-09	-0.15395
5.89876e-09	-0.154469
5.89933e-09	-0.154975
5.89989e-09	-0.155467
5.90046e-09	-0.155947
5.90102e-09	-0.156414
5.90158e-09	-0.156867
5.90215e-09	-0.157308
5.90271e-09	-0.157735
5.90328e-09	-0.15815
5.90384e-09	-0.158551
5.90441e-09	-0.158939
5.90497e-09	-0.159314
5.90553e-09	-0.159676
5.9061e-09	-0.160025
5.90666e-09	-0.160361
5.90723e-09	-0.160684
5.90779e-09	-0.160994
5.90836e-09	-0.161291
5.90892e-09	-0.161574
5.90948e-09	-0.161845
5.91005e-09	-0.162102
5.91061e-09	-0.162347
5.91118e-09	-0.162578
5.91174e-09	-0.162797
5.91231e-09	-0.163002
5.91287e-09	-0.163195
5.91343e-09	-0.163374
5.914e-09	-0.163541
5.91456e-09	-0.163695
5.91513e-09	-0.163835
5.91569e-09	-0.163963
5.91626e-09	-0.164078
5.91682e-09	-0.16418
5.91738e-09	-0.164269
5.91795e-09	-0.164345
5.91851e-09	-0.164409
5.91908e-09	-0.164459
5.91964e-09	-0.164497
5.92021e-09	-0.164523
5.92077e-09	-0.164535
5.92133e-09	-0.164535
5.9219e-09	-0.164522
5.92246e-09	-0.164497
5.92303e-09	-0.164458
5.92359e-09	-0.164408
5.92416e-09	-0.164345
5.92472e-09	-0.164269
5.92528e-09	-0.164181
5.92585e-09	-0.16408
5.92641e-09	-0.163967
5.92698e-09	-0.163842
5.92754e-09	-0.163704
5.9281e-09	-0.163554
5.92867e-09	-0.163392
5.92923e-09	-0.163217
5.9298e-09	-0.163031
5.93036e-09	-0.162832
5.93093e-09	-0.162621
5.93149e-09	-0.162398
5.93205e-09	-0.162163
5.93262e-09	-0.161917
5.93318e-09	-0.161658
5.93375e-09	-0.161387
5.93431e-09	-0.161105
5.93488e-09	-0.160811
5.93544e-09	-0.160505
5.936e-09	-0.160187
5.93657e-09	-0.159858
5.93713e-09	-0.159517
5.9377e-09	-0.159165
5.93826e-09	-0.158801
5.93883e-09	-0.158426
5.93939e-09	-0.158039
5.93995e-09	-0.157642
5.94052e-09	-0.157233
5.94108e-09	-0.156812
5.94165e-09	-0.156381
5.94221e-09	-0.155939
5.94278e-09	-0.155485
5.94334e-09	-0.155021
5.9439e-09	-0.154546
5.94447e-09	-0.154059
5.94503e-09	-0.153563
5.9456e-09	-0.153055
5.94616e-09	-0.152537
5.94673e-09	-0.152008
5.94729e-09	-0.151469
5.94785e-09	-0.150919
5.94842e-09	-0.150359
5.94898e-09	-0.149788
5.94955e-09	-0.149208
5.95011e-09	-0.148617
5.95068e-09	-0.148016
5.95124e-09	-0.147405
5.9518e-09	-0.146784
5.95237e-09	-0.146153
5.95293e-09	-0.145512
5.9535e-09	-0.144862
5.95406e-09	-0.144202
5.95463e-09	-0.143532
5.95519e-09	-0.142853
5.95575e-09	-0.142164
5.95632e-09	-0.141466
5.95688e-09	-0.140758
5.95745e-09	-0.140042
5.95801e-09	-0.139316
5.95857e-09	-0.138581
5.95914e-09	-0.137837
5.9597e-09	-0.137084
5.96027e-09	-0.136322
5.96083e-09	-0.135552
5.9614e-09	-0.134772
5.96196e-09	-0.133985
5.96252e-09	-0.133188
5.96309e-09	-0.132384
5.96365e-09	-0.13157
5.96422e-09	-0.130749
5.96478e-09	-0.129919
5.96535e-09	-0.129082
5.96591e-09	-0.128236
5.96647e-09	-0.127382
5.96704e-09	-0.12652
5.9676e-09	-0.125651
5.96817e-09	-0.124774
5.96873e-09	-0.123889
5.9693e-09	-0.122997
5.96986e-09	-0.122097
5.97042e-09	-0.12119
5.97099e-09	-0.120276
5.97155e-09	-0.119354
5.97212e-09	-0.118426
5.97268e-09	-0.11749
5.97325e-09	-0.116547
5.97381e-09	-0.115598
5.97437e-09	-0.114642
5.97494e-09	-0.113679
5.9755e-09	-0.11271
5.97607e-09	-0.111734
5.97663e-09	-0.110752
5.9772e-09	-0.109764
5.97776e-09	-0.108769
5.97832e-09	-0.107768
5.97889e-09	-0.106762
5.97945e-09	-0.105749
5.98002e-09	-0.10473
5.98058e-09	-0.103706
5.98115e-09	-0.102676
5.98171e-09	-0.101641
5.98227e-09	-0.1006
5.98284e-09	-0.0995538
5.9834e-09	-0.0985023
5.98397e-09	-0.0974456
5.98453e-09	-0.0963838
5.9851e-09	-0.0953171
5.98566e-09	-0.0942454
5.98622e-09	-0.093169
5.98679e-09	-0.0920878
5.98735e-09	-0.091002
5.98792e-09	-0.0899117
5.98848e-09	-0.088817
5.98904e-09	-0.0877179
5.98961e-09	-0.0866147
5.99017e-09	-0.0855073
5.99074e-09	-0.0843958
5.9913e-09	-0.0832804
5.99187e-09	-0.0821612
5.99243e-09	-0.0810382
5.99299e-09	-0.0799115
5.99356e-09	-0.0787813
5.99412e-09	-0.0776476
5.99469e-09	-0.0765105
5.99525e-09	-0.0753702
5.99582e-09	-0.0742267
5.99638e-09	-0.0730801
5.99694e-09	-0.0719305
5.99751e-09	-0.0707781
5.99807e-09	-0.0696228
5.99864e-09	-0.0684649
5.9992e-09	-0.0673043
5.99977e-09	-0.0661413
6.00033e-09	-0.0649758
6.00089e-09	-0.063808
6.00146e-09	-0.062638
6.00202e-09	-0.0614659
6.00259e-09	-0.0602918
6.00315e-09	-0.0591157
6.00372e-09	-0.0579378
6.00428e-09	-0.0567582
6.00484e-09	-0.0555769
6.00541e-09	-0.0543941
6.00597e-09	-0.0532098
6.00654e-09	-0.0520242
6.0071e-09	-0.0508373
6.00767e-09	-0.0496492
6.00823e-09	-0.0484601
6.00879e-09	-0.04727
6.00936e-09	-0.046079
6.00992e-09	-0.0448873
6.01049e-09	-0.0436948
6.01105e-09	-0.0425018
6.01162e-09	-0.0413082
6.01218e-09	-0.0401143
6.01274e-09	-0.03892
6.01331e-09	-0.0377255
6.01387e-09	-0.0365309
6.01444e-09	-0.0353363
6.015e-09	-0.0341417
6.01557e-09	-0.0329472
6.01613e-09	-0.031753
6.01669e-09	-0.0305591
6.01726e-09	-0.0293657
6.01782e-09	-0.0281728
6.01839e-09	-0.0269805
6.01895e-09	-0.0257889
6.01951e-09	-0.0245981
6.02008e-09	-0.0234081
6.02064e-09	-0.0222192
6.02121e-09	-0.0210313
6.02177e-09	-0.0198446
6.02234e-09	-0.0186591
6.0229e-09	-0.0174749
6.02346e-09	-0.0162922
6.02403e-09	-0.015111
6.02459e-09	-0.0139314
6.02516e-09	-0.0127534
6.02572e-09	-0.0115773
6.02629e-09	-0.010403
6.02685e-09	-0.00923061
6.02741e-09	-0.00806029
6.02798e-09	-0.0068921
6.02854e-09	-0.00572611
6.02911e-09	-0.00456242
6.02967e-09	-0.00340111
6.03024e-09	-0.00224226
6.0308e-09	-0.00108595
6.03136e-09	6.77179e-05
6.03193e-09	0.00121868
6.03249e-09	0.00236683
6.03306e-09	0.00351211
6.03362e-09	0.00465443
6.03419e-09	0.0057937
6.03475e-09	0.00692985
6.03531e-09	0.00806278
6.03588e-09	0.00919243
6.03644e-09	0.0103187
6.03701e-09	0.0114416
6.03757e-09	0.0125609
6.03814e-09	0.0136766
6.0387e-09	0.0147886
6.03926e-09	0.0158968
6.03983e-09	0.0170013
6.04039e-09	0.0181018
6.04096e-09	0.0191983
6.04152e-09	0.0202907
6.04209e-09	0.021379
6.04265e-09	0.0224631
6.04321e-09	0.0235429
6.04378e-09	0.0246183
6.04434e-09	0.0256893
6.04491e-09	0.0267557
6.04547e-09	0.0278176
6.04604e-09	0.0288748
6.0466e-09	0.0299273
6.04716e-09	0.030975
6.04773e-09	0.0320179
6.04829e-09	0.0330558
6.04886e-09	0.0340886
6.04942e-09	0.0351164
6.04998e-09	0.0361391
6.05055e-09	0.0371566
6.05111e-09	0.0381687
6.05168e-09	0.0391756
6.05224e-09	0.040177
6.05281e-09	0.0411729
6.05337e-09	0.0421633
6.05393e-09	0.0431481
6.0545e-09	0.0441273
6.05506e-09	0.0451007
6.05563e-09	0.0460683
6.05619e-09	0.04703
6.05676e-09	0.0479859
6.05732e-09	0.0489357
6.05788e-09	0.0498796
6.05845e-09	0.0508173
6.05901e-09	0.0517489
6.05958e-09	0.0526743
6.06014e-09	0.0535934
6.06071e-09	0.0545062
6.06127e-09	0.0554126
6.06183e-09	0.0563125
6.0624e-09	0.057206
6.06296e-09	0.058093
6.06353e-09	0.0589733
6.06409e-09	0.059847
6.06466e-09	0.060714
6.06522e-09	0.0615742
6.06578e-09	0.0624276
6.06635e-09	0.0632742
6.06691e-09	0.0641139
6.06748e-09	0.0649466
6.06804e-09	0.0657723
6.06861e-09	0.066591
6.06917e-09	0.0674025
6.06973e-09	0.068207
6.0703e-09	0.0690042
6.07086e-09	0.0697942
6.07143e-09	0.070577
6.07199e-09	0.0713524
6.07256e-09	0.0721204
6.07312e-09	0.0728811
6.07368e-09	0.0736342
6.07425e-09	0.07438
6.07481e-09	0.0751181
6.07538e-09	0.0758487
6.07594e-09	0.0765717
6.07651e-09	0.0772871
6.07707e-09	0.0779948
6.07763e-09	0.0786947
6.0782e-09	0.0793869
6.07876e-09	0.0800714
6.07933e-09	0.080748
6.07989e-09	0.0814167
6.08045e-09	0.0820775
6.08102e-09	0.0827305
6.08158e-09	0.0833754
6.08215e-09	0.0840124
6.08271e-09	0.0846414
6.08328e-09	0.0852623
6.08384e-09	0.0858751
6.0844e-09	0.0864799
6.08497e-09	0.0870765
6.08553e-09	0.0876649
6.0861e-09	0.0882452
6.08666e-09	0.0888172
6.08723e-09	0.089381
6.08779e-09	0.0899366
6.08835e-09	0.0904839
6.08892e-09	0.0910228
6.08948e-09	0.0915535
6.09005e-09	0.0920758
6.09061e-09	0.0925897
6.09118e-09	0.0930952
6.09174e-09	0.0935924
6.0923e-09	0.0940811
6.09287e-09	0.0945613
6.09343e-09	0.0950331
6.094e-09	0.0954965
6.09456e-09	0.0959513
6.09513e-09	0.0963976
6.09569e-09	0.0968354
6.09625e-09	0.0972647
6.09682e-09	0.0976854
6.09738e-09	0.0980975
6.09795e-09	0.0985011
6.09851e-09	0.0988961
6.09908e-09	0.0992825
6.09964e-09	0.0996604
6.1002e-09	0.10003
6.10077e-09	0.10039
6.10133e-09	0.100742
6.1019e-09	0.101085
6.10246e-09	0.10142
6.10303e-09	0.101746
6.10359e-09	0.102064
6.10415e-09	0.102372
6.10472e-09	0.102672
6.10528e-09	0.102964
6.10585e-09	0.103247
6.10641e-09	0.103521
6.10698e-09	0.103786
6.10754e-09	0.104043
6.1081e-09	0.104291
6.10867e-09	0.104531
6.10923e-09	0.104761
6.1098e-09	0.104984
6.11036e-09	0.105197
6.11092e-09	0.105402
6.11149e-09	0.105598
6.11205e-09	0.105786
6.11262e-09	0.105965
6.11318e-09	0.106135
6.11375e-09	0.106297
6.11431e-09	0.10645
6.11487e-09	0.106595
6.11544e-09	0.106731
6.116e-09	0.106858
6.11657e-09	0.106977
6.11713e-09	0.107087
6.1177e-09	0.107189
6.11826e-09	0.107282
6.11882e-09	0.107367
6.11939e-09	0.107443
6.11995e-09	0.107511
6.12052e-09	0.107571
6.12108e-09	0.107621
6.12165e-09	0.107664
6.12221e-09	0.107698
6.12277e-09	0.107723
6.12334e-09	0.107741
6.1239e-09	0.107749
6.12447e-09	0.10775
6.12503e-09	0.107742
6.1256e-09	0.107726
6.12616e-09	0.107702
6.12672e-09	0.107669
6.12729e-09	0.107628
6.12785e-09	0.107579
6.12842e-09	0.107522
6.12898e-09	0.107456
6.12955e-09	0.107383
6.13011e-09	0.107301
6.13067e-09	0.107211
6.13124e-09	0.107113
6.1318e-09	0.107008
6.13237e-09	0.106894
6.13293e-09	0.106772
6.1335e-09	0.106642
6.13406e-09	0.106504
6.13462e-09	0.106359
6.13519e-09	0.106205
6.13575e-09	0.106044
6.13632e-09	0.105875
6.13688e-09	0.105698
6.13745e-09	0.105514
6.13801e-09	0.105321
6.13857e-09	0.105122
6.13914e-09	0.104914
6.1397e-09	0.104699
6.14027e-09	0.104476
6.14083e-09	0.104246
6.14139e-09	0.104009
6.14196e-09	0.103763
6.14252e-09	0.103511
6.14309e-09	0.103251
6.14365e-09	0.102984
6.14422e-09	0.102709
6.14478e-09	0.102428
6.14534e-09	0.102139
6.14591e-09	0.101843
6.14647e-09	0.101539
6.14704e-09	0.101229
6.1476e-09	0.100912
6.14817e-09	0.100587
6.14873e-09	0.100256
6.14929e-09	0.0999177
6.14986e-09	0.0995726
6.15042e-09	0.0992206
6.15099e-09	0.0988619
6.15155e-09	0.0984963
6.15212e-09	0.0981241
6.15268e-09	0.0977453
6.15324e-09	0.0973598
6.15381e-09	0.0969678
6.15437e-09	0.0965693
6.15494e-09	0.0961643
6.1555e-09	0.0957529
6.15607e-09	0.0953351
6.15663e-09	0.094911
6.15719e-09	0.0944806
6.15776e-09	0.094044
6.15832e-09	0.0936012
6.15889e-09	0.0931523
6.15945e-09	0.0926974
6.16002e-09	0.0922364
6.16058e-09	0.0917694
6.16114e-09	0.0912965
6.16171e-09	0.0908178
6.16227e-09	0.0903332
6.16284e-09	0.0898428
6.1634e-09	0.0893468
6.16397e-09	0.0888451
6.16453e-09	0.0883378
6.16509e-09	0.0878249
6.16566e-09	0.0873065
6.16622e-09	0.0867827
6.16679e-09	0.0862535
6.16735e-09	0.085719
6.16792e-09	0.0851791
6.16848e-09	0.0846341
6.16904e-09	0.0840839
6.16961e-09	0.0835285
6.17017e-09	0.0829682
6.17074e-09	0.0824028
6.1713e-09	0.0818324
6.17186e-09	0.0812572
6.17243e-09	0.0806772
6.17299e-09	0.0800923
6.17356e-09	0.0795028
6.17412e-09	0.0789086
6.17469e-09	0.0783098
6.17525e-09	0.0777064
6.17581e-09	0.0770986
6.17638e-09	0.0764864
6.17694e-09	0.0758698
6.17751e-09	0.0752488
6.17807e-09	0.0746237
6.17864e-09	0.0739943
6.1792e-09	0.0733608
6.17976e-09	0.0727232
6.18033e-09	0.0720817
6.18089e-09	0.0714362
6.18146e-09	0.0707867
6.18202e-09	0.0701335
6.18259e-09	0.0694765
6.18315e-09	0.0688158
6.18371e-09	0.0681514
6.18428e-09	0.0674835
6.18484e-09	0.066812
6.18541e-09	0.0661371
6.18597e-09	0.0654588
6.18654e-09	0.0647771
6.1871e-09	0.0640922
6.18766e-09	0.063404
6.18823e-09	0.0627127
6.18879e-09	0.0620183
6.18936e-09	0.0613208
6.18992e-09	0.0606204
6.19049e-09	0.0599171
6.19105e-09	0.0592109
6.19161e-09	0.058502
6.19218e-09	0.0577903
6.19274e-09	0.057076
6.19331e-09	0.056359
6.19387e-09	0.0556396
6.19444e-09	0.0549176
6.195e-09	0.0541933
6.19556e-09	0.0534666
6.19613e-09	0.0527377
6.19669e-09	0.0520065
6.19726e-09	0.0512731
6.19782e-09	0.0505377
6.19839e-09	0.0498002
6.19895e-09	0.0490608
6.19951e-09	0.0483194
6.20008e-09	0.0475763
6.20064e-09	0.0468313
6.20121e-09	0.0460846
6.20177e-09	0.0453363
6.20233e-09	0.0445863
6.2029e-09	0.0438348
6.20346e-09	0.0430819
6.20403e-09	0.0423276
6.20459e-09	0.0415719
6.20516e-09	0.0408149
6.20572e-09	0.0400567
6.20628e-09	0.0392973
6.20685e-09	0.0385369
6.20741e-09	0.0377754
6.20798e-09	0.037013
6.20854e-09	0.0362496
6.20911e-09	0.0354854
6.20967e-09	0.0347204
6.21023e-09	0.0339547
6.2108e-09	0.0331884
6.21136e-09	0.0324214
6.21193e-09	0.0316539
6.21249e-09	0.0308859
6.21306e-09	0.0301175
6.21362e-09	0.0293487
6.21418e-09	0.0285796
6.21475e-09	0.0278103
6.21531e-09	0.0270409
6.21588e-09	0.0262713
6.21644e-09	0.0255017
6.21701e-09	0.024732
6.21757e-09	0.0239625
6.21813e-09	0.0231931
6.2187e-09	0.0224238
6.21926e-09	0.0216548
6.21983e-09	0.0208861
6.22039e-09	0.0201178
6.22096e-09	0.0193499
6.22152e-09	0.0185825
6.22208e-09	0.0178156
6.22265e-09	0.0170493
6.22321e-09	0.0162837
6.22378e-09	0.0155188
6.22434e-09	0.0147547
6.22491e-09	0.0139914
6.22547e-09	0.013229
6.22603e-09	0.0124675
6.2266e-09	0.011707
6.22716e-09	0.0109476
6.22773e-09	0.0101894
6.22829e-09	0.00943225
6.22885e-09	0.00867637
6.22942e-09	0.00792178
6.22998e-09	0.00716852
6.23055e-09	0.00641666
6.23111e-09	0.00566625
6.23168e-09	0.00491734
6.23224e-09	0.00417
6.2328e-09	0.00342427
6.23337e-09	0.0026802
6.23393e-09	0.00193786
6.2345e-09	0.0011973
6.23506e-09	0.000458563
6.23563e-09	-0.000278292
6.23619e-09	-0.00101321
6.23675e-09	-0.00174615
6.23732e-09	-0.00247704
6.23788e-09	-0.00320585
6.23845e-09	-0.00393251
6.23901e-09	-0.00465698
6.23958e-09	-0.00537921
6.24014e-09	-0.00609914
6.2407e-09	-0.00681673
6.24127e-09	-0.00753192
6.24183e-09	-0.00824467
6.2424e-09	-0.00895492
6.24296e-09	-0.00966263
6.24353e-09	-0.0103678
6.24409e-09	-0.0110702
6.24465e-09	-0.01177
6.24522e-09	-0.0124671
6.24578e-09	-0.0131614
6.24635e-09	-0.0138528
6.24691e-09	-0.0145414
6.24748e-09	-0.015227
6.24804e-09	-0.0159097
6.2486e-09	-0.0165894
6.24917e-09	-0.017266
6.24973e-09	-0.0179395
6.2503e-09	-0.0186099
6.25086e-09	-0.019277
6.25143e-09	-0.0199409
6.25199e-09	-0.0206016
6.25255e-09	-0.0212589
6.25312e-09	-0.0219129
6.25368e-09	-0.0225634
6.25425e-09	-0.0232105
6.25481e-09	-0.0238542
6.25538e-09	-0.0244942
6.25594e-09	-0.0251307
6.2565e-09	-0.0257636
6.25707e-09	-0.0263929
6.25763e-09	-0.0270184
6.2582e-09	-0.0276402
6.25876e-09	-0.0282583
6.25932e-09	-0.0288725
6.25989e-09	-0.0294829
6.26045e-09	-0.0300894
6.26102e-09	-0.030692
6.26158e-09	-0.0312906
6.26215e-09	-0.0318853
6.26271e-09	-0.0324759
6.26327e-09	-0.0330624
6.26384e-09	-0.0336448
6.2644e-09	-0.0342231
6.26497e-09	-0.0347972
6.26553e-09	-0.0353671
6.2661e-09	-0.0359328
6.26666e-09	-0.0364942
6.26722e-09	-0.0370513
6.26779e-09	-0.0376041
6.26835e-09	-0.0381525
6.26892e-09	-0.0386965
6.26948e-09	-0.0392361
6.27005e-09	-0.0397712
6.27061e-09	-0.0403018
6.27117e-09	-0.0408279
6.27174e-09	-0.0413495
6.2723e-09	-0.0418664
6.27287e-09	-0.0423788
6.27343e-09	-0.0428865
6.274e-09	-0.0433896
6.27456e-09	-0.043888
6.27512e-09	-0.0443816
6.27569e-09	-0.0448705
6.27625e-09	-0.0453547
6.27682e-09	-0.045834
6.27738e-09	-0.0463086
6.27795e-09	-0.0467783
6.27851e-09	-0.0472431
6.27907e-09	-0.0477031
6.27964e-09	-0.0481581
6.2802e-09	-0.0486082
6.28077e-09	-0.0490533
6.28133e-09	-0.0494935
6.2819e-09	-0.0499287
6.28246e-09	-0.0503588
6.28302e-09	-0.0507839
6.28359e-09	-0.0512039
6.28415e-09	-0.0516189
6.28472e-09	-0.0520287
6.28528e-09	-0.0524335
6.28585e-09	-0.0528331
6.28641e-09	-0.0532275
6.28697e-09	-0.0536168
6.28754e-09	-0.0540009
6.2881e-09	-0.0543798
6.28867e-09	-0.0547535
6.28923e-09	-0.0551219
6.28979e-09	-0.0554851
6.29036e-09	-0.055843
6.29092e-09	-0.0561956
6.29149e-09	-0.056543
6.29205e-09	-0.056885
6.29262e-09	-0.0572217
6.29318e-09	-0.0575531
6.29374e-09	-0.0578792
6.29431e-09	-0.0581999
6.29487e-09	-0.0585152
6.29544e-09	-0.0588252
6.296e-09	-0.0591298
6.29657e-09	-0.0594289
6.29713e-09	-0.0597227
6.29769e-09	-0.0600111
6.29826e-09	-0.060294
6.29882e-09	-0.0605716
6.29939e-09	-0.0608436
6.29995e-09	-0.0611103
6.30052e-09	-0.0613715
6.30108e-09	-0.0616272
6.30164e-09	-0.0618775
6.30221e-09	-0.0621223
6.30277e-09	-0.0623617
6.30334e-09	-0.0625956
6.3039e-09	-0.062824
6.30447e-09	-0.0630469
6.30503e-09	-0.0632644
6.30559e-09	-0.0634763
6.30616e-09	-0.0636828
6.30672e-09	-0.0638838
6.30729e-09	-0.0640793
6.30785e-09	-0.0642693
6.30842e-09	-0.0644538
6.30898e-09	-0.0646328
6.30954e-09	-0.0648063
6.31011e-09	-0.0649744
6.31067e-09	-0.0651369
6.31124e-09	-0.065294
6.3118e-09	-0.0654456
6.31237e-09	-0.0655917
6.31293e-09	-0.0657324
6.31349e-09	-0.0658675
6.31406e-09	-0.0659972
6.31462e-09	-0.0661215
6.31519e-09	-0.0662402
6.31575e-09	-0.0663536
6.31632e-09	-0.0664614
6.31688e-09	-0.0665639
6.31744e-09	-0.0666609
6.31801e-09	-0.0667524
6.31857e-09	-0.0668386
6.31914e-09	-0.0669193
6.3197e-09	-0.0669946
6.32026e-09	-0.0670646
6.32083e-09	-0.0671291
6.32139e-09	-0.0671883
6.32196e-09	-0.0672421
6.32252e-09	-0.0672906
6.32309e-09	-0.0673337
6.32365e-09	-0.0673714
6.32421e-09	-0.0674039
6.32478e-09	-0.067431
6.32534e-09	-0.0674528
6.32591e-09	-0.0674694
6.32647e-09	-0.0674806
6.32704e-09	-0.0674866
6.3276e-09	-0.0674874
6.32816e-09	-0.0674829
6.32873e-09	-0.0674732
6.32929e-09	-0.0674583
6.32986e-09	-0.0674382
6.33042e-09	-0.0674129
6.33099e-09	-0.0673825
6.33155e-09	-0.0673469
6.33211e-09	-0.0673063
6.33268e-09	-0.0672605
6.33324e-09	-0.0672096
6.33381e-09	-0.0671536
6.33437e-09	-0.0670926
6.33494e-09	-0.0670265
6.3355e-09	-0.0669555
6.33606e-09	-0.0668794
6.33663e-09	-0.0667983
6.33719e-09	-0.0667123
6.33776e-09	-0.0666214
6.33832e-09	-0.0665255
6.33889e-09	-0.0664248
6.33945e-09	-0.0663191
6.34001e-09	-0.0662086
6.34058e-09	-0.0660933
6.34114e-09	-0.0659732
6.34171e-09	-0.0658483
6.34227e-09	-0.0657186
6.34284e-09	-0.0655841
6.3434e-09	-0.065445
6.34396e-09	-0.0653011
6.34453e-09	-0.0651526
6.34509e-09	-0.0649994
6.34566e-09	-0.0648417
6.34622e-09	-0.0646793
6.34679e-09	-0.0645123
6.34735e-09	-0.0643408
6.34791e-09	-0.0641648
6.34848e-09	-0.0639842
6.34904e-09	-0.0637992
6.34961e-09	-0.0636098
6.35017e-09	-0.063416
6.35073e-09	-0.0632177
6.3513e-09	-0.0630151
6.35186e-09	-0.0628082
6.35243e-09	-0.0625969
6.35299e-09	-0.0623814
6.35356e-09	-0.0621617
6.35412e-09	-0.0619377
6.35468e-09	-0.0617095
6.35525e-09	-0.0614772
6.35581e-09	-0.0612407
6.35638e-09	-0.0610001
6.35694e-09	-0.0607555
6.35751e-09	-0.0605068
6.35807e-09	-0.0602541
6.35863e-09	-0.0599974
6.3592e-09	-0.0597368
6.35976e-09	-0.0594723
6.36033e-09	-0.0592038
6.36089e-09	-0.0589315
6.36146e-09	-0.0586554
6.36202e-09	-0.0583755
6.36258e-09	-0.0580919
6.36315e-09	-0.0578045
6.36371e-09	-0.0575134
6.36428e-09	-0.0572187
6.36484e-09	-0.0569203
6.36541e-09	-0.0566183
6.36597e-09	-0.0563128
6.36653e-09	-0.0560037
6.3671e-09	-0.0556912
6.36766e-09	-0.0553752
6.36823e-09	-0.0550557
6.36879e-09	-0.0547329
6.36936e-09	-0.0544067
6.36992e-09	-0.0540772
6.37048e-09	-0.0537444
6.37105e-09	-0.0534084
6.37161e-09	-0.0530691
6.37218e-09	-0.0527267
6.37274e-09	-0.0523811
6.37331e-09	-0.0520324
6.37387e-09	-0.0516806
6.37443e-09	-0.0513258
6.375e-09	-0.050968
6.37556e-09	-0.0506072
6.37613e-09	-0.0502435
6.37669e-09	-0.0498769
6.37726e-09	-0.0495075
6.37782e-09	-0.0491352
6.37838e-09	-0.0487601
6.37895e-09	-0.0483823
6.37951e-09	-0.0480018
6.38008e-09	-0.0476186
6.38064e-09	-0.0472328
6.3812e-09	-0.0468444
6.38177e-09	-0.0464534
6.38233e-09	-0.0460599
6.3829e-09	-0.045664
6.38346e-09	-0.0452655
6.38403e-09	-0.0448647
6.38459e-09	-0.0444615
6.38515e-09	-0.044056
6.38572e-09	-0.0436481
6.38628e-09	-0.0432381
6.38685e-09	-0.0428258
6.38741e-09	-0.0424113
6.38798e-09	-0.0419947
6.38854e-09	-0.0415759
6.3891e-09	-0.0411552
6.38967e-09	-0.0407324
6.39023e-09	-0.0403076
6.3908e-09	-0.0398808
6.39136e-09	-0.0394522
6.39193e-09	-0.0390217
6.39249e-09	-0.0385893
6.39305e-09	-0.0381552
6.39362e-09	-0.0377193
6.39418e-09	-0.0372817
6.39475e-09	-0.0368424
6.39531e-09	-0.0364015
6.39588e-09	-0.035959
6.39644e-09	-0.0355149
6.397e-09	-0.0350694
6.39757e-09	-0.0346223
6.39813e-09	-0.0341738
6.3987e-09	-0.0337239
6.39926e-09	-0.0332726
6.39983e-09	-0.0328201
6.40039e-09	-0.0323662
6.40095e-09	-0.0319111
6.40152e-09	-0.0314547
6.40208e-09	-0.0309973
6.40265e-09	-0.0305387
6.40321e-09	-0.030079
6.40378e-09	-0.0296182
6.40434e-09	-0.0291564
6.4049e-09	-0.0286937
6.40547e-09	-0.0282301
6.40603e-09	-0.0277655
6.4066e-09	-0.0273001
6.40716e-09	-0.0268339
6.40773e-09	-0.0263669
6.40829e-09	-0.0258991
6.40885e-09	-0.0254307
6.40942e-09	-0.0249616
6.40998e-09	-0.0244919
6.41055e-09	-0.0240216
6.41111e-09	-0.0235507
6.41167e-09	-0.0230793
6.41224e-09	-0.0226075
6.4128e-09	-0.0221353
6.41337e-09	-0.0216626
6.41393e-09	-0.0211896
6.4145e-09	-0.0207163
6.41506e-09	-0.0202427
6.41562e-09	-0.0197689
6.41619e-09	-0.0192948
6.41675e-09	-0.0188206
6.41732e-09	-0.0183463
6.41788e-09	-0.0178719
6.41845e-09	-0.0173974
6.41901e-09	-0.0169229
6.41957e-09	-0.0164485
6.42014e-09	-0.0159741
6.4207e-09	-0.0154997
6.42127e-09	-0.0150256
6.42183e-09	-0.0145516
6.4224e-09	-0.0140778
6.42296e-09	-0.0136042
6.42352e-09	-0.0131309
6.42409e-09	-0.012658
6.42465e-09	-0.0121854
6.42522e-09	-0.0117132
6.42578e-09	-0.0112414
6.42635e-09	-0.01077
6.42691e-09	-0.0102992
6.42747e-09	-0.0098289
6.42804e-09	-0.00935916
6.4286e-09	-0.00889002
6.42917e-09	-0.00842152
6.42973e-09	-0.00795369
6.4303e-09	-0.00748656
6.43086e-09	-0.00702018
6.43142e-09	-0.00655457
6.43199e-09	-0.00608978
6.43255e-09	-0.00562582
6.43312e-09	-0.00516275
6.43368e-09	-0.00470058
6.43425e-09	-0.00423936
6.43481e-09	-0.00377912
6.43537e-09	-0.00331989
6.43594e-09	-0.00286171
6.4365e-09	-0.0024046
6.43707e-09	-0.00194861
6.43763e-09	-0.00149376
6.4382e-09	-0.00104008
6.43876e-09	-0.000587611
6.43932e-09	-0.000136383
6.43989e-09	0.000313573
6.44045e-09	0.000762226
6.44102e-09	0.00120954
6.44158e-09	0.0016555
6.44214e-09	0.00210005
6.44271e-09	0.00254318
6.44327e-09	0.00298484
6.44384e-09	0.00342502
6.4444e-09	0.00386368
6.44497e-09	0.00430079
6.44553e-09	0.00473632
6.44609e-09	0.00517024
6.44666e-09	0.00560252
6.44722e-09	0.00603313
6.44779e-09	0.00646205
6.44835e-09	0.00688924
6.44892e-09	0.00731467
6.44948e-09	0.00773833
6.45004e-09	0.00816017
6.45061e-09	0.00858018
6.45117e-09	0.00899831
6.45174e-09	0.00941456
6.4523e-09	0.00982888
6.45287e-09	0.0102413
6.45343e-09	0.0106517
6.45399e-09	0.0110601
6.45456e-09	0.0114664
6.45512e-09	0.0118707
6.45569e-09	0.012273
6.45625e-09	0.0126731
6.45682e-09	0.0130711
6.45738e-09	0.013467
6.45794e-09	0.0138606
6.45851e-09	0.0142521
6.45907e-09	0.0146413
6.45964e-09	0.0150283
6.4602e-09	0.015413
6.46077e-09	0.0157954
6.46133e-09	0.0161755
6.46189e-09	0.0165532
6.46246e-09	0.0169286
6.46302e-09	0.0173015
6.46359e-09	0.0176721
6.46415e-09	0.0180402
6.46472e-09	0.0184058
6.46528e-09	0.018769
6.46584e-09	0.0191297
6.46641e-09	0.0194878
6.46697e-09	0.0198434
6.46754e-09	0.0201964
6.4681e-09	0.0205469
6.46867e-09	0.0208947
6.46923e-09	0.0212399
6.46979e-09	0.0215825
6.47036e-09	0.0219224
6.47092e-09	0.0222596
6.47149e-09	0.0225941
6.47205e-09	0.0229259
6.47261e-09	0.023255
6.47318e-09	0.0235813
6.47374e-09	0.0239048
6.47431e-09	0.0242256
6.47487e-09	0.0245435
6.47544e-09	0.0248586
6.476e-09	0.0251708
6.47656e-09	0.0254802
6.47713e-09	0.0257868
6.47769e-09	0.0260904
6.47826e-09	0.0263911
6.47882e-09	0.0266889
6.47939e-09	0.0269838
6.47995e-09	0.0272757
6.48051e-09	0.0275647
6.48108e-09	0.0278507
6.48164e-09	0.0281336
6.48221e-09	0.0284136
6.48277e-09	0.0286906
6.48334e-09	0.0289645
6.4839e-09	0.0292354
6.48446e-09	0.0295032
6.48503e-09	0.0297679
6.48559e-09	0.0300296
6.48616e-09	0.0302882
6.48672e-09	0.0305436
6.48729e-09	0.030796
6.48785e-09	0.0310452
6.48841e-09	0.0312913
6.48898e-09	0.0315342
6.48954e-09	0.031774
6.49011e-09	0.0320106
6.49067e-09	0.032244
6.49124e-09	0.0324743
6.4918e-09	0.0327013
6.49236e-09	0.0329252
6.49293e-09	0.0331458
6.49349e-09	0.0333632
6.49406e-09	0.0335774
6.49462e-09	0.0337884
6.49519e-09	0.0339961
6.49575e-09	0.0342005
6.49631e-09	0.0344017
6.49688e-09	0.0345997
6.49744e-09	0.0347943
6.49801e-09	0.0349857
6.49857e-09	0.0351739
6.49914e-09	0.0353587
6.4997e-09	0.0355402
6.50026e-09	0.0357185
6.50083e-09	0.0358935
6.50139e-09	0.0360651
6.50196e-09	0.0362334
6.50252e-09	0.0363985
6.50308e-09	0.0365602
6.50365e-09	0.0367186
6.50421e-09	0.0368737
6.50478e-09	0.0370254
6.50534e-09	0.0371739
6.50591e-09	0.037319
6.50647e-09	0.0374608
6.50703e-09	0.0375992
6.5076e-09	0.0377343
6.50816e-09	0.0378661
6.50873e-09	0.0379946
6.50929e-09	0.0381197
6.50986e-09	0.0382415
6.51042e-09	0.0383599
6.51098e-09	0.0384751
6.51155e-09	0.0385869
6.51211e-09	0.0386953
6.51268e-09	0.0388004
6.51324e-09	0.0389023
6.51381e-09	0.0390007
6.51437e-09	0.0390959
6.51493e-09	0.0391877
6.5155e-09	0.0392762
6.51606e-09	0.0393614
6.51663e-09	0.0394433
6.51719e-09	0.0395219
6.51776e-09	0.0395971
6.51832e-09	0.0396691
6.51888e-09	0.0397378
6.51945e-09	0.0398031
6.52001e-09	0.0398652
6.52058e-09	0.039924
6.52114e-09	0.0399795
6.52171e-09	0.0400318
6.52227e-09	0.0400807
6.52283e-09	0.0401264
6.5234e-09	0.0401689
6.52396e-09	0.0402081
6.52453e-09	0.040244
6.52509e-09	0.0402767
6.52566e-09	0.0403062
6.52622e-09	0.0403324
6.52678e-09	0.0403555
6.52735e-09	0.0403753
6.52791e-09	0.0403919
6.52848e-09	0.0404053
6.52904e-09	0.0404156
6.52961e-09	0.0404227
6.53017e-09	0.0404265
6.53073e-09	0.0404273
6.5313e-09	0.0404249
6.53186e-09	0.0404193
6.53243e-09	0.0404106
6.53299e-09	0.0403988
6.53355e-09	0.0403839
6.53412e-09	0.0403659
6.53468e-09	0.0403448
6.53525e-09	0.0403206
6.53581e-09	0.0402934
6.53638e-09	0.0402631
6.53694e-09	0.0402297
6.5375e-09	0.0401933
6.53807e-09	0.0401539
6.53863e-09	0.0401115
6.5392e-09	0.0400661
6.53976e-09	0.0400177
6.54033e-09	0.0399663
6.54089e-09	0.0399119
6.54145e-09	0.0398547
6.54202e-09	0.0397944
6.54258e-09	0.0397313
6.54315e-09	0.0396652
6.54371e-09	0.0395963
6.54428e-09	0.0395245
6.54484e-09	0.0394498
6.5454e-09	0.0393723
6.54597e-09	0.0392919
6.54653e-09	0.0392087
6.5471e-09	0.0391227
6.54766e-09	0.0390339
6.54823e-09	0.0389423
6.54879e-09	0.038848
6.54935e-09	0.0387509
6.54992e-09	0.0386511
6.55048e-09	0.0385486
6.55105e-09	0.0384434
6.55161e-09	0.0383355
6.55218e-09	0.038225
6.55274e-09	0.0381117
6.5533e-09	0.0379959
6.55387e-09	0.0378774
6.55443e-09	0.0377564
6.555e-09	0.0376328
6.55556e-09	0.0375066
6.55613e-09	0.0373778
6.55669e-09	0.0372465
6.55725e-09	0.0371128
6.55782e-09	0.0369765
6.55838e-09	0.0368377
6.55895e-09	0.0366965
6.55951e-09	0.0365529
6.56008e-09	0.0364069
6.56064e-09	0.0362584
6.5612e-09	0.0361076
6.56177e-09	0.0359544
6.56233e-09	0.0357988
6.5629e-09	0.0356409
6.56346e-09	0.0354808
6.56402e-09	0.0353183
6.56459e-09	0.0351536
6.56515e-09	0.0349866
6.56572e-09	0.0348174
6.56628e-09	0.034646
6.56685e-09	0.0344724
6.56741e-09	0.0342967
6.56797e-09	0.0341188
6.56854e-09	0.0339387
6.5691e-09	0.0337566
6.56967e-09	0.0335724
6.57023e-09	0.0333861
6.5708e-09	0.0331978
6.57136e-09	0.0330074
6.57192e-09	0.0328151
6.57249e-09	0.0326208
6.57305e-09	0.0324245
6.57362e-09	0.0322263
6.57418e-09	0.0320261
6.57475e-09	0.0318241
6.57531e-09	0.0316202
6.57587e-09	0.0314144
6.57644e-09	0.0312068
6.577e-09	0.0309974
6.57757e-09	0.0307863
6.57813e-09	0.0305733
6.5787e-09	0.0303586
6.57926e-09	0.0301422
6.57982e-09	0.0299241
6.58039e-09	0.0297043
6.58095e-09	0.0294829
6.58152e-09	0.0292598
6.58208e-09	0.0290352
6.58265e-09	0.0288089
6.58321e-09	0.0285811
6.58377e-09	0.0283517
6.58434e-09	0.0281209
6.5849e-09	0.0278885
6.58547e-09	0.0276546
6.58603e-09	0.0274193
6.5866e-09	0.0271826
6.58716e-09	0.0269445
6.58772e-09	0.026705
6.58829e-09	0.0264641
6.58885e-09	0.0262219
6.58942e-09	0.0259784
6.58998e-09	0.0257336
6.59055e-09	0.0254875
6.59111e-09	0.0252402
6.59167e-09	0.0249916
6.59224e-09	0.0247419
6.5928e-09	0.024491
6.59337e-09	0.0242389
6.59393e-09	0.0239858
6.59449e-09	0.0237315
6.59506e-09	0.0234761
6.59562e-09	0.0232197
6.59619e-09	0.0229622
6.59675e-09	0.0227038
6.59732e-09	0.0224443
6.59788e-09	0.0221839
6.59844e-09	0.0219226
6.59901e-09	0.0216603
6.59957e-09	0.0213971
6.60014e-09	0.0211331
6.6007e-09	0.0208682
6.60127e-09	0.0206025
6.60183e-09	0.020336
6.60239e-09	0.0200687
6.60296e-09	0.0198007
6.60352e-09	0.0195319
6.60409e-09	0.0192625
6.60465e-09	0.0189923
6.60522e-09	0.0187215
6.60578e-09	0.0184501
6.60634e-09	0.018178
6.60691e-09	0.0179054
6.60747e-09	0.0176322
6.60804e-09	0.0173584
6.6086e-09	0.0170841
6.60917e-09	0.0168094
6.60973e-09	0.0165341
6.61029e-09	0.0162584
6.61086e-09	0.0159823
6.61142e-09	0.0157058
6.61199e-09	0.0154288
6.61255e-09	0.0151516
6.61312e-09	0.014874
6.61368e-09	0.0145961
6.61424e-09	0.0143178
6.61481e-09	0.0140394
6.61537e-09	0.0137606
6.61594e-09	0.0134817
6.6165e-09	0.0132026
6.61707e-09	0.0129232
6.61763e-09	0.0126438
6.61819e-09	0.0123642
6.61876e-09	0.0120844
6.61932e-09	0.0118046
6.61989e-09	0.0115248
6.62045e-09	0.0112449
6.62101e-09	0.0109649
6.62158e-09	0.010685
6.62214e-09	0.0104051
6.62271e-09	0.0101252
6.62327e-09	0.00984546
6.62384e-09	0.00956576
6.6244e-09	0.00928616
6.62496e-09	0.00900671
6.62553e-09	0.0087274
6.62609e-09	0.00844827
6.62666e-09	0.00816934
6.62722e-09	0.00789063
6.62779e-09	0.00761215
6.62835e-09	0.00733394
6.62891e-09	0.00705601
6.62948e-09	0.00677838
6.63004e-09	0.00650108
6.63061e-09	0.00622412
6.63117e-09	0.00594753
6.63174e-09	0.00567132
6.6323e-09	0.00539552
6.63286e-09	0.00512015
6.63343e-09	0.00484522
6.63399e-09	0.00457076
6.63456e-09	0.00429679
6.63512e-09	0.00402333
6.63569e-09	0.0037504
6.63625e-09	0.00347801
6.63681e-09	0.00320619
6.63738e-09	0.00293496
6.63794e-09	0.00266434
6.63851e-09	0.00239434
6.63907e-09	0.00212498
6.63964e-09	0.0018563
6.6402e-09	0.00158829
6.64076e-09	0.00132099
6.64133e-09	0.00105441
6.64189e-09	0.00078857
6.64246e-09	0.00052349
6.64302e-09	0.000259187
6.64359e-09	-4.31948e-06
6.64415e-09	-0.000267012
6.64471e-09	-0.000528872
6.64528e-09	-0.000789881
6.64584e-09	-0.00105002
6.64641e-09	-0.00130928
6.64697e-09	-0.00156763
6.64754e-09	-0.00182506
6.6481e-09	-0.00208155
6.64866e-09	-0.00233708
6.64923e-09	-0.00259164
6.64979e-09	-0.00284521
6.65036e-09	-0.00309777
6.65092e-09	-0.00334931
6.65148e-09	-0.00359981
6.65205e-09	-0.00384925
6.65261e-09	-0.00409762
6.65318e-09	-0.00434489
6.65374e-09	-0.00459106
6.65431e-09	-0.00483611
6.65487e-09	-0.00508003
6.65543e-09	-0.00532278
6.656e-09	-0.00556437
6.65656e-09	-0.00580478
6.65713e-09	-0.00604398
6.65769e-09	-0.00628197
6.65826e-09	-0.00651873
6.65882e-09	-0.00675425
6.65938e-09	-0.0069885
6.65995e-09	-0.00722148
6.66051e-09	-0.00745318
6.66108e-09	-0.00768357
6.66164e-09	-0.00791265
6.66221e-09	-0.00814039
6.66277e-09	-0.00836679
6.66333e-09	-0.00859183
6.6639e-09	-0.0088155
6.66446e-09	-0.00903779
6.66503e-09	-0.00925867
6.66559e-09	-0.00947815
6.66616e-09	-0.0096962
6.66672e-09	-0.00991282
6.66728e-09	-0.010128
6.66785e-09	-0.0103417
6.66841e-09	-0.0105539
6.66898e-09	-0.0107647
6.66954e-09	-0.0109739
6.67011e-09	-0.0111816
6.67067e-09	-0.0113879
6.67123e-09	-0.0115925
6.6718e-09	-0.0117957
6.67236e-09	-0.0119972
6.67293e-09	-0.0121973
6.67349e-09	-0.0123957
6.67406e-09	-0.0125925
6.67462e-09	-0.0127878
6.67518e-09	-0.0129814
6.67575e-09	-0.0131734
6.67631e-09	-0.0133638
6.67688e-09	-0.0135526
6.67744e-09	-0.0137397
6.67801e-09	-0.0139251
6.67857e-09	-0.0141089
6.67913e-09	-0.014291
6.6797e-09	-0.0144714
6.68026e-09	-0.0146501
6.68083e-09	-0.0148271
6.68139e-09	-0.0150024
6.68195e-09	-0.015176
6.68252e-09	-0.0153478
6.68308e-09	-0.0155179
6.68365e-09	-0.0156863
6.68421e-09	-0.0158529
6.68478e-09	-0.0160177
6.68534e-09	-0.0161808
6.6859e-09	-0.0163421
6.68647e-09	-0.0165016
6.68703e-09	-0.0166593
6.6876e-09	-0.0168153
6.68816e-09	-0.0169694
6.68873e-09	-0.0171217
6.68929e-09	-0.0172722
6.68985e-09	-0.0174209
6.69042e-09	-0.0175677
6.69098e-09	-0.0177127
6.69155e-09	-0.0178559
6.69211e-09	-0.0179972
6.69268e-09	-0.0181367
6.69324e-09	-0.0182743
6.6938e-09	-0.01841
6.69437e-09	-0.0185439
6.69493e-09	-0.0186759
6.6955e-09	-0.0188061
6.69606e-09	-0.0189343
6.69663e-09	-0.0190607
6.69719e-09	-0.0191852
6.69775e-09	-0.0193078
6.69832e-09	-0.0194285
6.69888e-09	-0.0195473
6.69945e-09	-0.0196642
6.70001e-09	-0.0197792
6.70058e-09	-0.0198922
6.70114e-09	-0.0200034
6.7017e-09	-0.0201127
6.70227e-09	-0.02022
6.70283e-09	-0.0203254
6.7034e-09	-0.0204289
6.70396e-09	-0.0205305
6.70453e-09	-0.0206301
6.70509e-09	-0.0207278
6.70565e-09	-0.0208236
6.70622e-09	-0.0209175
6.70678e-09	-0.0210094
6.70735e-09	-0.0210994
6.70791e-09	-0.0211874
6.70848e-09	-0.0212736
6.70904e-09	-0.0213577
6.7096e-09	-0.02144
6.71017e-09	-0.0215203
6.71073e-09	-0.0215987
6.7113e-09	-0.0216751
6.71186e-09	-0.0217496
6.71242e-09	-0.0218222
6.71299e-09	-0.0218928
6.71355e-09	-0.0219615
6.71412e-09	-0.0220282
6.71468e-09	-0.0220931
6.71525e-09	-0.022156
6.71581e-09	-0.0222169
6.71637e-09	-0.0222759
6.71694e-09	-0.022333
6.7175e-09	-0.0223882
6.71807e-09	-0.0224414
6.71863e-09	-0.0224928
6.7192e-09	-0.0225421
6.71976e-09	-0.0225896
6.72032e-09	-0.0226352
6.72089e-09	-0.0226788
6.72145e-09	-0.0227205
6.72202e-09	-0.0227604
6.72258e-09	-0.0227983
6.72315e-09	-0.0228343
6.72371e-09	-0.0228684
6.72427e-09	-0.0229006
6.72484e-09	-0.0229309
6.7254e-09	-0.0229594
6.72597e-09	-0.0229859
6.72653e-09	-0.0230106
6.7271e-09	-0.0230333
6.72766e-09	-0.0230542
6.72822e-09	-0.0230733
6.72879e-09	-0.0230904
6.72935e-09	-0.0231057
6.72992e-09	-0.0231192
6.73048e-09	-0.0231308
6.73105e-09	-0.0231406
6.73161e-09	-0.0231485
6.73217e-09	-0.0231546
6.73274e-09	-0.0231588
6.7333e-09	-0.0231612
6.73387e-09	-0.0231618
6.73443e-09	-0.0231606
6.735e-09	-0.0231576
6.73556e-09	-0.0231528
6.73612e-09	-0.0231462
6.73669e-09	-0.0231377
6.73725e-09	-0.0231276
6.73782e-09	-0.0231156
6.73838e-09	-0.0231018
6.73895e-09	-0.0230863
6.73951e-09	-0.0230691
6.74007e-09	-0.0230501
6.74064e-09	-0.0230293
6.7412e-09	-0.0230068
6.74177e-09	-0.0229826
6.74233e-09	-0.0229567
6.74289e-09	-0.0229291
6.74346e-09	-0.0228997
6.74402e-09	-0.0228687
6.74459e-09	-0.0228359
6.74515e-09	-0.0228015
6.74572e-09	-0.0227654
6.74628e-09	-0.0227276
6.74684e-09	-0.0226882
6.74741e-09	-0.0226471
6.74797e-09	-0.0226044
6.74854e-09	-0.0225601
6.7491e-09	-0.0225141
6.74967e-09	-0.0224666
6.75023e-09	-0.0224174
6.75079e-09	-0.0223666
6.75136e-09	-0.0223142
6.75192e-09	-0.0222603
6.75249e-09	-0.0222048
6.75305e-09	-0.0221477
6.75362e-09	-0.0220891
6.75418e-09	-0.0220289
6.75474e-09	-0.0219673
6.75531e-09	-0.021904
6.75587e-09	-0.0218393
6.75644e-09	-0.0217731
6.757e-09	-0.0217054
6.75757e-09	-0.0216362
6.75813e-09	-0.0215655
6.75869e-09	-0.0214934
6.75926e-09	-0.0214198
6.75982e-09	-0.0213448
6.76039e-09	-0.0212684
6.76095e-09	-0.0211905
6.76152e-09	-0.0211113
6.76208e-09	-0.0210306
6.76264e-09	-0.0209486
6.76321e-09	-0.0208651
6.76377e-09	-0.0207804
6.76434e-09	-0.0206942
6.7649e-09	-0.0206067
6.76547e-09	-0.0205179
6.76603e-09	-0.0204278
6.76659e-09	-0.0203364
6.76716e-09	-0.0202436
6.76772e-09	-0.0201496
6.76829e-09	-0.0200543
6.76885e-09	-0.0199578
6.76942e-09	-0.01986
6.76998e-09	-0.0197609
6.77054e-09	-0.0196607
6.77111e-09	-0.0195592
6.77167e-09	-0.0194565
6.77224e-09	-0.0193526
6.7728e-09	-0.0192476
6.77336e-09	-0.0191414
6.77393e-09	-0.019034
6.77449e-09	-0.0189255
6.77506e-09	-0.0188158
6.77562e-09	-0.0187051
6.77619e-09	-0.0185932
6.77675e-09	-0.0184803
6.77731e-09	-0.0183662
6.77788e-09	-0.0182511
6.77844e-09	-0.018135
6.77901e-09	-0.0180178
6.77957e-09	-0.0178995
6.78014e-09	-0.0177803
6.7807e-09	-0.01766
6.78126e-09	-0.0175388
6.78183e-09	-0.0174165
6.78239e-09	-0.0172934
6.78296e-09	-0.0171692
6.78352e-09	-0.0170441
6.78409e-09	-0.0169181
6.78465e-09	-0.0167912
6.78521e-09	-0.0166634
6.78578e-09	-0.0165347
6.78634e-09	-0.0164051
6.78691e-09	-0.0162746
6.78747e-09	-0.0161433
6.78804e-09	-0.0160112
6.7886e-09	-0.0158782
6.78916e-09	-0.0157444
6.78973e-09	-0.0156099
6.79029e-09	-0.0154745
6.79086e-09	-0.0153384
6.79142e-09	-0.0152015
6.79199e-09	-0.0150639
6.79255e-09	-0.0149255
6.79311e-09	-0.0147865
6.79368e-09	-0.0146467
6.79424e-09	-0.0145062
6.79481e-09	-0.0143651
6.79537e-09	-0.0142233
6.79594e-09	-0.0140808
6.7965e-09	-0.0139377
6.79706e-09	-0.013794
6.79763e-09	-0.0136497
6.79819e-09	-0.0135048
6.79876e-09	-0.0133593
6.79932e-09	-0.0132132
6.79989e-09	-0.0130666
6.80045e-09	-0.0129194
6.80101e-09	-0.0127717
6.80158e-09	-0.0126235
6.80214e-09	-0.0124747
6.80271e-09	-0.0123255
6.80327e-09	-0.0121758
6.80383e-09	-0.0120257
6.8044e-09	-0.0118751
6.80496e-09	-0.011724
6.80553e-09	-0.0115726
6.80609e-09	-0.0114207
6.80666e-09	-0.0112684
6.80722e-09	-0.0111158
6.80778e-09	-0.0109628
6.80835e-09	-0.0108094
6.80891e-09	-0.0106557
6.80948e-09	-0.0105016
6.81004e-09	-0.0103473
6.81061e-09	-0.0101926
6.81117e-09	-0.0100376
6.81173e-09	-0.00988241
6.8123e-09	-0.00972692
6.81286e-09	-0.00957117
6.81343e-09	-0.00941519
6.81399e-09	-0.00925898
6.81456e-09	-0.00910256
6.81512e-09	-0.00894594
6.81568e-09	-0.00878914
6.81625e-09	-0.00863217
6.81681e-09	-0.00847503
6.81738e-09	-0.00831776
6.81794e-09	-0.00816034
6.81851e-09	-0.00800281
6.81907e-09	-0.00784517
6.81963e-09	-0.00768744
6.8202e-09	-0.00752962
6.82076e-09	-0.00737173
6.82133e-09	-0.00721379
6.82189e-09	-0.00705581
6.82246e-09	-0.00689779
6.82302e-09	-0.00673976
6.82358e-09	-0.00658172
6.82415e-09	-0.00642368
6.82471e-09	-0.00626567
6.82528e-09	-0.00610768
6.82584e-09	-0.00594974
6.82641e-09	-0.00579186
6.82697e-09	-0.00563404
6.82753e-09	-0.00547631
6.8281e-09	-0.00531867
6.82866e-09	-0.00516113
6.82923e-09	-0.00500371
6.82979e-09	-0.00484642
6.83036e-09	-0.00468927
6.83092e-09	-0.00453228
6.83148e-09	-0.00437545
6.83205e-09	-0.00421879
6.83261e-09	-0.00406233
6.83318e-09	-0.00390606
6.83374e-09	-0.00375001
6.8343e-09	-0.00359418
6.83487e-09	-0.00343859
6.83543e-09	-0.00328325
6.836e-09	-0.00312816
6.83656e-09	-0.00297334
6.83713e-09	-0.0028188
6.83769e-09	-0.00266456
6.83825e-09	-0.00251062
6.83882e-09	-0.002357
6.83938e-09	-0.0022037
6.83995e-09	-0.00205073
6.84051e-09	-0.00189812
6.84108e-09	-0.00174586
6.84164e-09	-0.00159398
6.8422e-09	-0.00144247
6.84277e-09	-0.00129136
6.84333e-09	-0.00114065
6.8439e-09	-0.000990348
6.84446e-09	-0.000840471
6.84503e-09	-0.000691028
6.84559e-09	-0.000542029
6.84615e-09	-0.000393484
6.84672e-09	-0.000245403
6.84728e-09	-9.7797e-05
6.84785e-09	4.93245e-05
6.84841e-09	0.000195951
6.84898e-09	0.000342074
6.84954e-09	0.000487681
6.8501e-09	0.000632765
6.85067e-09	0.000777314
6.85123e-09	0.000921319
6.8518e-09	0.00106477
6.85236e-09	0.00120766
6.85293e-09	0.00134998
6.85349e-09	0.00149171
6.85405e-09	0.00163286
6.85462e-09	0.0017734
6.85518e-09	0.00191334
6.85575e-09	0.00205266
6.85631e-09	0.00219135
6.85688e-09	0.0023294
6.85744e-09	0.00246681
6.858e-09	0.00260357
6.85857e-09	0.00273966
6.85913e-09	0.00287508
6.8597e-09	0.00300983
6.86026e-09	0.00314388
6.86083e-09	0.00327724
6.86139e-09	0.0034099
6.86195e-09	0.00354184
6.86252e-09	0.00367307
6.86308e-09	0.00380356
6.86365e-09	0.00393332
6.86421e-09	0.00406233
6.86477e-09	0.0041906
6.86534e-09	0.0043181
6.8659e-09	0.00444484
6.86647e-09	0.0045708
6.86703e-09	0.00469598
6.8676e-09	0.00482037
6.86816e-09	0.00494396
6.86872e-09	0.00506676
6.86929e-09	0.00518874
6.86985e-09	0.0053099
6.87042e-09	0.00543024
6.87098e-09	0.00554975
6.87155e-09	0.00566842
6.87211e-09	0.00578624
6.87267e-09	0.00590322
6.87324e-09	0.00601934
6.8738e-09	0.00613459
6.87437e-09	0.00624898
6.87493e-09	0.00636249
6.8755e-09	0.00647512
6.87606e-09	0.00658686
6.87662e-09	0.0066977
6.87719e-09	0.00680765
6.87775e-09	0.00691669
6.87832e-09	0.00702482
6.87888e-09	0.00713204
6.87945e-09	0.00723833
6.88001e-09	0.0073437
6.88057e-09	0.00744813
6.88114e-09	0.00755163
6.8817e-09	0.00765418
6.88227e-09	0.00775579
6.88283e-09	0.00785644
6.8834e-09	0.00795614
6.88396e-09	0.00805487
6.88452e-09	0.00815264
6.88509e-09	0.00824944
6.88565e-09	0.00834527
6.88622e-09	0.00844011
6.88678e-09	0.00853397
6.88735e-09	0.00862685
6.88791e-09	0.00871873
6.88847e-09	0.00880961
6.88904e-09	0.0088995
6.8896e-09	0.00898839
6.89017e-09	0.00907626
6.89073e-09	0.00916313
6.8913e-09	0.00924898
6.89186e-09	0.00933381
6.89242e-09	0.00941763
6.89299e-09	0.00950042
6.89355e-09	0.00958218
6.89412e-09	0.00966292
6.89468e-09	0.00974262
6.89524e-09	0.00982128
6.89581e-09	0.00989891
6.89637e-09	0.00997549
6.89694e-09	0.010051
6.8975e-09	0.0101255
6.89807e-09	0.010199
6.89863e-09	0.0102714
6.89919e-09	0.0103427
6.89976e-09	0.010413
6.90032e-09	0.0104822
6.90089e-09	0.0105504
6.90145e-09	0.0106175
6.90202e-09	0.0106836
6.90258e-09	0.0107486
6.90314e-09	0.0108125
6.90371e-09	0.0108753
6.90427e-09	0.0109371
6.90484e-09	0.0109979
6.9054e-09	0.0110575
6.90597e-09	0.0111161
6.90653e-09	0.0111736
6.90709e-09	0.01123
6.90766e-09	0.0112854
6.90822e-09	0.0113396
6.90879e-09	0.0113928
6.90935e-09	0.011445
6.90992e-09	0.011496
6.91048e-09	0.011546
6.91104e-09	0.0115949
6.91161e-09	0.0116427
6.91217e-09	0.0116894
6.91274e-09	0.0117351
6.9133e-09	0.0117797
6.91387e-09	0.0118232
6.91443e-09	0.0118656
6.91499e-09	0.0119069
6.91556e-09	0.0119472
6.91612e-09	0.0119864
6.91669e-09	0.0120245
6.91725e-09	0.0120616
6.91782e-09	0.0120975
6.91838e-09	0.0121324
6.91894e-09	0.0121662
6.91951e-09	0.012199
6.92007e-09	0.0122307
6.92064e-09	0.0122613
6.9212e-09	0.0122908
6.92177e-09	0.0123193
6.92233e-09	0.0123467
6.92289e-09	0.012373
6.92346e-09	0.0123983
6.92402e-09	0.0124225
6.92459e-09	0.0124457
6.92515e-09	0.0124678
6.92571e-09	0.0124889
6.92628e-09	0.0125088
6.92684e-09	0.0125278
6.92741e-09	0.0125457
6.92797e-09	0.0125625
6.92854e-09	0.0125783
6.9291e-09	0.0125931
6.92966e-09	0.0126068
6.93023e-09	0.0126195
6.93079e-09	0.0126311
6.93136e-09	0.0126417
6.93192e-09	0.0126513
6.93249e-09	0.0126598
6.93305e-09	0.0126674
6.93361e-09	0.0126739
6.93418e-09	0.0126794
6.93474e-09	0.0126838
6.93531e-09	0.0126873
6.93587e-09	0.0126897
6.93644e-09	0.0126912
6.937e-09	0.0126916
6.93756e-09	0.012691
6.93813e-09	0.0126895
6.93869e-09	0.0126869
6.93926e-09	0.0126834
6.93982e-09	0.0126789
6.94039e-09	0.0126734
6.94095e-09	0.0126669
6.94151e-09	0.0126594
6.94208e-09	0.012651
6.94264e-09	0.0126416
6.94321e-09	0.0126312
6.94377e-09	0.0126199
6.94434e-09	0.0126077
6.9449e-09	0.0125944
6.94546e-09	0.0125803
6.94603e-09	0.0125652
6.94659e-09	0.0125492
6.94716e-09	0.0125322
6.94772e-09	0.0125143
6.94829e-09	0.0124955
6.94885e-09	0.0124757
6.94941e-09	0.0124551
6.94998e-09	0.0124335
6.95054e-09	0.0124111
6.95111e-09	0.0123877
6.95167e-09	0.0123635
6.95224e-09	0.0123383
6.9528e-09	0.0123123
6.95336e-09	0.0122854
6.95393e-09	0.0122576
6.95449e-09	0.012229
6.95506e-09	0.0121995
6.95562e-09	0.0121691
6.95618e-09	0.0121379
6.95675e-09	0.0121058
6.95731e-09	0.0120729
6.95788e-09	0.0120392
6.95844e-09	0.0120046
6.95901e-09	0.0119692
6.95957e-09	0.011933
6.96013e-09	0.011896
6.9607e-09	0.0118582
6.96126e-09	0.0118195
6.96183e-09	0.0117801
6.96239e-09	0.0117399
6.96296e-09	0.0116989
6.96352e-09	0.0116571
6.96408e-09	0.0116145
6.96465e-09	0.0115712
6.96521e-09	0.0115271
6.96578e-09	0.0114823
6.96634e-09	0.0114367
6.96691e-09	0.0113904
6.96747e-09	0.0113433
6.96803e-09	0.0112955
6.9686e-09	0.011247
6.96916e-09	0.0111978
6.96973e-09	0.0111479
6.97029e-09	0.0110972
6.97086e-09	0.0110459
6.97142e-09	0.0109939
6.97198e-09	0.0109412
6.97255e-09	0.0108878
6.97311e-09	0.0108337
6.97368e-09	0.010779
6.97424e-09	0.0107236
6.97481e-09	0.0106676
6.97537e-09	0.0106109
6.97593e-09	0.0105536
6.9765e-09	0.0104957
6.97706e-09	0.0104371
6.97763e-09	0.0103779
6.97819e-09	0.0103181
6.97876e-09	0.0102577
6.97932e-09	0.0101967
6.97988e-09	0.0101351
6.98045e-09	0.010073
6.98101e-09	0.0100102
6.98158e-09	0.00994693
6.98214e-09	0.00988306
6.98271e-09	0.00981863
6.98327e-09	0.00975366
6.98383e-09	0.00968815
6.9844e-09	0.0096221
6.98496e-09	0.00955553
6.98553e-09	0.00948844
6.98609e-09	0.00942083
6.98665e-09	0.00935272
6.98722e-09	0.00928412
6.98778e-09	0.00921502
6.98835e-09	0.00914544
6.98891e-09	0.00907538
6.98948e-09	0.00900486
6.99004e-09	0.00893387
6.9906e-09	0.00886243
6.99117e-09	0.00879054
6.99173e-09	0.00871821
6.9923e-09	0.00864545
6.99286e-09	0.00857226
6.99343e-09	0.00849866
6.99399e-09	0.00842464
6.99455e-09	0.00835022
6.99512e-09	0.00827541
6.99568e-09	0.0082002
6.99625e-09	0.00812462
6.99681e-09	0.00804866
6.99738e-09	0.00797233
6.99794e-09	0.00789565
6.9985e-09	0.00781861
6.99907e-09	0.00774123
6.99963e-09	0.00766351
7.0002e-09	0.00758546
7.00076e-09	0.00750708
7.00133e-09	0.0074284
7.00189e-09	0.0073494
7.00245e-09	0.0072701
7.00302e-09	0.00719051
7.00358e-09	0.00711064
7.00415e-09	0.00703048
7.00471e-09	0.00695006
7.00528e-09	0.00686937
7.00584e-09	0.00678842
7.0064e-09	0.00670723
7.00697e-09	0.00662579
7.00753e-09	0.00654412
7.0081e-09	0.00646222
7.00866e-09	0.0063801
7.00923e-09	0.00629777
7.00979e-09	0.00621523
7.01035e-09	0.0061325
7.01092e-09	0.00604957
7.01148e-09	0.00596646
7.01205e-09	0.00588318
7.01261e-09	0.00579972
7.01317e-09	0.0057161
7.01374e-09	0.00563233
7.0143e-09	0.00554841
7.01487e-09	0.00546435
7.01543e-09	0.00538016
7.016e-09	0.00529584
7.01656e-09	0.0052114
7.01712e-09	0.00512686
7.01769e-09	0.0050422
7.01825e-09	0.00495745
7.01882e-09	0.00487261
7.01938e-09	0.00478768
7.01995e-09	0.00470268
7.02051e-09	0.00461761
7.02107e-09	0.00453248
7.02164e-09	0.00444729
7.0222e-09	0.00436205
7.02277e-09	0.00427677
7.02333e-09	0.00419146
7.0239e-09	0.00410612
7.02446e-09	0.00402076
7.02502e-09	0.00393539
7.02559e-09	0.00385
7.02615e-09	0.00376462
7.02672e-09	0.00367924
7.02728e-09	0.00359388
7.02785e-09	0.00350854
7.02841e-09	0.00342322
7.02897e-09	0.00333794
7.02954e-09	0.0032527
7.0301e-09	0.0031675
7.03067e-09	0.00308236
7.03123e-09	0.00299728
7.0318e-09	0.00291226
7.03236e-09	0.00282732
7.03292e-09	0.00274246
7.03349e-09	0.00265768
7.03405e-09	0.00257299
7.03462e-09	0.00248841
7.03518e-09	0.00240393
7.03575e-09	0.00231956
7.03631e-09	0.0022353
7.03687e-09	0.00215117
7.03744e-09	0.00206718
7.038e-09	0.00198332
7.03857e-09	0.0018996
7.03913e-09	0.00181603
7.0397e-09	0.00173261
7.04026e-09	0.00164936
7.04082e-09	0.00156627
7.04139e-09	0.00148336
7.04195e-09	0.00140062
7.04252e-09	0.00131807
7.04308e-09	0.00123571
7.04364e-09	0.00115355
7.04421e-09	0.00107159
7.04477e-09	0.000989841
7.04534e-09	0.000908304
7.0459e-09	0.000826987
7.04647e-09	0.000745895
7.04703e-09	0.000665035
7.04759e-09	0.000584411
7.04816e-09	0.00050403
7.04872e-09	0.000423896
7.04929e-09	0.000344016
7.04985e-09	0.000264395
7.05042e-09	0.000185037
7.05098e-09	0.00010595
7.05154e-09	2.71371e-05
7.05211e-09	-5.13954e-05
7.05267e-09	-0.000129642
7.05324e-09	-0.000207599
7.0538e-09	-0.000285259
7.05437e-09	-0.000362619
7.05493e-09	-0.000439673
7.05549e-09	-0.000516416
7.05606e-09	-0.000592842
7.05662e-09	-0.000668948
7.05719e-09	-0.000744728
7.05775e-09	-0.000820177
7.05832e-09	-0.000895291
7.05888e-09	-0.000970064
7.05944e-09	-0.00104449
7.06001e-09	-0.00111857
7.06057e-09	-0.00119229
7.06114e-09	-0.00126566
7.0617e-09	-0.00133866
7.06227e-09	-0.0014113
7.06283e-09	-0.00148356
7.06339e-09	-0.00155544
7.06396e-09	-0.00162694
7.06452e-09	-0.00169806
7.06509e-09	-0.00176879
7.06565e-09	-0.00183912
7.06622e-09	-0.00190906
7.06678e-09	-0.00197859
7.06734e-09	-0.00204772
7.06791e-09	-0.00211643
7.06847e-09	-0.00218474
7.06904e-09	-0.00225262
7.0696e-09	-0.00232008
7.07017e-09	-0.00238711
7.07073e-09	-0.00245372
7.07129e-09	-0.00251989
7.07186e-09	-0.00258562
7.07242e-09	-0.00265091
7.07299e-09	-0.00271576
7.07355e-09	-0.00278016
7.07411e-09	-0.00284411
7.07468e-09	-0.0029076
7.07524e-09	-0.00297063
7.07581e-09	-0.0030332
7.07637e-09	-0.00309531
7.07694e-09	-0.00315695
7.0775e-09	-0.00321811
7.07806e-09	-0.0032788
7.07863e-09	-0.00333902
7.07919e-09	-0.00339875
7.07976e-09	-0.00345799
7.08032e-09	-0.00351675
7.08089e-09	-0.00357502
7.08145e-09	-0.0036328
7.08201e-09	-0.00369008
7.08258e-09	-0.00374686
7.08314e-09	-0.00380314
7.08371e-09	-0.00385892
7.08427e-09	-0.00391419
7.08484e-09	-0.00396895
7.0854e-09	-0.0040232
7.08596e-09	-0.00407694
7.08653e-09	-0.00413016
7.08709e-09	-0.00418286
7.08766e-09	-0.00423503
7.08822e-09	-0.00428669
7.08879e-09	-0.00433782
7.08935e-09	-0.00438842
7.08991e-09	-0.00443849
7.09048e-09	-0.00448803
7.09104e-09	-0.00453704
7.09161e-09	-0.0045855
7.09217e-09	-0.00463344
7.09274e-09	-0.00468083
7.0933e-09	-0.00472768
7.09386e-09	-0.00477398
7.09443e-09	-0.00481974
7.09499e-09	-0.00486496
7.09556e-09	-0.00490962
7.09612e-09	-0.00495374
7.09669e-09	-0.0049973
7.09725e-09	-0.00504031
7.09781e-09	-0.00508277
7.09838e-09	-0.00512467
7.09894e-09	-0.00516601
7.09951e-09	-0.0052068
7.10007e-09	-0.00524702
7.10064e-09	-0.00528669
7.1012e-09	-0.00532579
7.10176e-09	-0.00536433
7.10233e-09	-0.0054023
7.10289e-09	-0.00543971
7.10346e-09	-0.00547656
7.10402e-09	-0.00551284
7.10458e-09	-0.00554855
7.10515e-09	-0.00558369
7.10571e-09	-0.00561826
7.10628e-09	-0.00565226
7.10684e-09	-0.00568569
7.10741e-09	-0.00571856
7.10797e-09	-0.00575085
7.10853e-09	-0.00578256
7.1091e-09	-0.00581371
7.10966e-09	-0.00584428
7.11023e-09	-0.00587428
7.11079e-09	-0.0059037
7.11136e-09	-0.00593255
7.11192e-09	-0.00596083
7.11248e-09	-0.00598853
7.11305e-09	-0.00601566
7.11361e-09	-0.00604221
7.11418e-09	-0.00606819
7.11474e-09	-0.0060936
7.11531e-09	-0.00611843
7.11587e-09	-0.00614268
7.11643e-09	-0.00616637
7.117e-09	-0.00618947
7.11756e-09	-0.00621201
7.11813e-09	-0.00623397
7.11869e-09	-0.00625536
7.11926e-09	-0.00627617
7.11982e-09	-0.00629642
7.12038e-09	-0.00631609
7.12095e-09	-0.00633519
7.12151e-09	-0.00635372
7.12208e-09	-0.00637168
7.12264e-09	-0.00638907
7.12321e-09	-0.00640589
7.12377e-09	-0.00642215
7.12433e-09	-0.00643783
7.1249e-09	-0.00645295
7.12546e-09	-0.00646751
7.12603e-09	-0.0064815
7.12659e-09	-0.00649493
7.12716e-09	-0.00650779
7.12772e-09	-0.00652009
7.12828e-09	-0.00653183
7.12885e-09	-0.00654302
7.12941e-09	-0.00655364
7.12998e-09	-0.00656371
7.13054e-09	-0.00657322
7.13111e-09	-0.00658218
7.13167e-09	-0.00659058
7.13223e-09	-0.00659844
7.1328e-09	-0.00660574
7.13336e-09	-0.00661249
7.13393e-09	-0.0066187
7.13449e-09	-0.00662435
7.13505e-09	-0.00662947
7.13562e-09	-0.00663404
7.13618e-09	-0.00663807
7.13675e-09	-0.00664156
7.13731e-09	-0.00664452
7.13788e-09	-0.00664693
7.13844e-09	-0.00664882
7.139e-09	-0.00665017
7.13957e-09	-0.00665099
7.14013e-09	-0.00665128
7.1407e-09	-0.00665104
7.14126e-09	-0.00665028
7.14183e-09	-0.00664899
7.14239e-09	-0.00664719
7.14295e-09	-0.00664486
7.14352e-09	-0.00664202
7.14408e-09	-0.00663867
7.14465e-09	-0.0066348
7.14521e-09	-0.00663042
7.14578e-09	-0.00662553
7.14634e-09	-0.00662014
7.1469e-09	-0.00661425
7.14747e-09	-0.00660785
7.14803e-09	-0.00660095
7.1486e-09	-0.00659356
7.14916e-09	-0.00658567
7.14973e-09	-0.0065773
7.15029e-09	-0.00656843
7.15085e-09	-0.00655907
7.15142e-09	-0.00654924
7.15198e-09	-0.00653892
7.15255e-09	-0.00652812
7.15311e-09	-0.00651684
7.15368e-09	-0.0065051
7.15424e-09	-0.00649288
7.1548e-09	-0.00648019
7.15537e-09	-0.00646704
7.15593e-09	-0.00645342
7.1565e-09	-0.00643935
7.15706e-09	-0.00642481
7.15763e-09	-0.00640983
7.15819e-09	-0.00639439
7.15875e-09	-0.0063785
7.15932e-09	-0.00636217
7.15988e-09	-0.00634539
7.16045e-09	-0.00632818
7.16101e-09	-0.00631053
7.16158e-09	-0.00629244
7.16214e-09	-0.00627393
7.1627e-09	-0.00625498
7.16327e-09	-0.00623562
7.16383e-09	-0.00621583
7.1644e-09	-0.00619562
7.16496e-09	-0.006175
7.16552e-09	-0.00615396
7.16609e-09	-0.00613252
7.16665e-09	-0.00611067
7.16722e-09	-0.00608842
7.16778e-09	-0.00606578
7.16835e-09	-0.00604273
7.16891e-09	-0.00601929
7.16947e-09	-0.00599547
7.17004e-09	-0.00597126
7.1706e-09	-0.00594666
7.17117e-09	-0.00592169
7.17173e-09	-0.00589634
7.1723e-09	-0.00587062
7.17286e-09	-0.00584453
7.17342e-09	-0.00581808
7.17399e-09	-0.00579126
7.17455e-09	-0.00576409
7.17512e-09	-0.00573656
7.17568e-09	-0.00570868
7.17625e-09	-0.00568045
7.17681e-09	-0.00565188
7.17737e-09	-0.00562297
7.17794e-09	-0.00559372
7.1785e-09	-0.00556414
7.17907e-09	-0.00553422
7.17963e-09	-0.00550399
7.1802e-09	-0.00547342
7.18076e-09	-0.00544254
7.18132e-09	-0.00541135
7.18189e-09	-0.00537984
7.18245e-09	-0.00534802
7.18302e-09	-0.0053159
7.18358e-09	-0.00528348
7.18415e-09	-0.00525077
7.18471e-09	-0.00521776
7.18527e-09	-0.00518445
7.18584e-09	-0.00515087
7.1864e-09	-0.005117
7.18697e-09	-0.00508286
7.18753e-09	-0.00504843
7.1881e-09	-0.00501374
7.18866e-09	-0.00497879
7.18922e-09	-0.00494356
7.18979e-09	-0.00490808
7.19035e-09	-0.00487235
7.19092e-09	-0.00483636
7.19148e-09	-0.00480012
7.19205e-09	-0.00476364
7.19261e-09	-0.00472692
7.19317e-09	-0.00468997
7.19374e-09	-0.00465278
7.1943e-09	-0.00461536
7.19487e-09	-0.00457772
7.19543e-09	-0.00453985
7.19599e-09	-0.00450177
7.19656e-09	-0.00446348
7.19712e-09	-0.00442497
7.19769e-09	-0.00438626
7.19825e-09	-0.00434735
7.19882e-09	-0.00430824
7.19938e-09	-0.00426894
7.19994e-09	-0.00422944
7.20051e-09	-0.00418976
7.20107e-09	-0.0041499
7.20164e-09	-0.00410986
7.2022e-09	-0.00406964
7.20277e-09	-0.00402925
7.20333e-09	-0.0039887
7.20389e-09	-0.00394798
7.20446e-09	-0.00390711
7.20502e-09	-0.00386607
7.20559e-09	-0.00382489
7.20615e-09	-0.00378356
7.20672e-09	-0.00374208
7.20728e-09	-0.00370047
7.20784e-09	-0.00365872
7.20841e-09	-0.00361683
7.20897e-09	-0.00357482
7.20954e-09	-0.00353268
7.2101e-09	-0.00349042
7.21067e-09	-0.00344805
7.21123e-09	-0.00340556
7.21179e-09	-0.00336296
7.21236e-09	-0.00332026
7.21292e-09	-0.00327745
7.21349e-09	-0.00323455
7.21405e-09	-0.00319155
7.21462e-09	-0.00314847
7.21518e-09	-0.00310529
7.21574e-09	-0.00306203
7.21631e-09	-0.0030187
7.21687e-09	-0.00297529
7.21744e-09	-0.0029318
7.218e-09	-0.00288825
7.21857e-09	-0.00284464
7.21913e-09	-0.00280096
7.21969e-09	-0.00275723
7.22026e-09	-0.00271345
7.22082e-09	-0.00266961
7.22139e-09	-0.00262573
7.22195e-09	-0.00258181
7.22252e-09	-0.00253785
7.22308e-09	-0.00249386
7.22364e-09	-0.00244983
7.22421e-09	-0.00240578
7.22477e-09	-0.00236171
7.22534e-09	-0.00231761
7.2259e-09	-0.0022735
7.22646e-09	-0.00222937
7.22703e-09	-0.00218524
7.22759e-09	-0.0021411
7.22816e-09	-0.00209696
7.22872e-09	-0.00205281
7.22929e-09	-0.00200868
7.22985e-09	-0.00196455
7.23041e-09	-0.00192043
7.23098e-09	-0.00187633
7.23154e-09	-0.00183225
7.23211e-09	-0.00178819
7.23267e-09	-0.00174416
7.23324e-09	-0.00170015
7.2338e-09	-0.00165618
7.23436e-09	-0.00161225
7.23493e-09	-0.00156835
7.23549e-09	-0.0015245
7.23606e-09	-0.00148069
7.23662e-09	-0.00143693
7.23719e-09	-0.00139322
7.23775e-09	-0.00134957
7.23831e-09	-0.00130598
7.23888e-09	-0.00126245
7.23944e-09	-0.00121899
7.24001e-09	-0.00117559
7.24057e-09	-0.00113227
7.24114e-09	-0.00108903
7.2417e-09	-0.00104586
7.24226e-09	-0.00100277
7.24283e-09	-0.000959769
7.24339e-09	-0.000916856
7.24396e-09	-0.000874033
7.24452e-09	-0.000831304
7.24509e-09	-0.000788672
7.24565e-09	-0.000746141
7.24621e-09	-0.000703712
7.24678e-09	-0.00066139
7.24734e-09	-0.000619177
7.24791e-09	-0.000577076
7.24847e-09	-0.00053509
7.24904e-09	-0.000493222
7.2496e-09	-0.000451475
7.25016e-09	-0.000409852
7.25073e-09	-0.000368355
7.25129e-09	-0.000326987
7.25186e-09	-0.000285752
7.25242e-09	-0.000244652
7.25299e-09	-0.00020369
7.25355e-09	-0.000162868
7.25411e-09	-0.00012219
7.25468e-09	-8.16574e-05
7.25524e-09	-4.12736e-05
7.25581e-09	-1.04111e-06
7.25637e-09	3.90374e-05
7.25693e-09	7.89593e-05
7.2575e-09	0.000118722
7.25806e-09	0.000158323
7.25863e-09	0.00019776
7.25919e-09	0.000237029
7.25976e-09	0.00027613
7.26032e-09	0.000315059
7.26088e-09	0.000353813
7.26145e-09	0.000392391
7.26201e-09	0.000430789
7.26258e-09	0.000469007
7.26314e-09	0.00050704
7.26371e-09	0.000544887
7.26427e-09	0.000582546
7.26483e-09	0.000620013
7.2654e-09	0.000657288
7.26596e-09	0.000694367
7.26653e-09	0.000731249
7.26709e-09	0.000767931
7.26766e-09	0.000804412
7.26822e-09	0.000840688
7.26878e-09	0.000876758
7.26935e-09	0.00091262
7.26991e-09	0.000948271
7.27048e-09	0.000983711
7.27104e-09	0.00101894
7.27161e-09	0.00105394
7.27217e-09	0.00108873
7.27273e-09	0.0011233
7.2733e-09	0.00115765
7.27386e-09	0.00119177
7.27443e-09	0.00122567
7.27499e-09	0.00125934
7.27556e-09	0.00129278
7.27612e-09	0.00132599
7.27668e-09	0.00135897
7.27725e-09	0.00139171
7.27781e-09	0.00142421
7.27838e-09	0.00145647
7.27894e-09	0.0014885
7.27951e-09	0.00152028
7.28007e-09	0.00155182
7.28063e-09	0.00158312
7.2812e-09	0.00161417
7.28176e-09	0.00164497
7.28233e-09	0.00167552
7.28289e-09	0.00170582
7.28346e-09	0.00173587
7.28402e-09	0.00176566
7.28458e-09	0.0017952
7.28515e-09	0.00182449
7.28571e-09	0.00185351
7.28628e-09	0.00188228
7.28684e-09	0.00191078
7.2874e-09	0.00193902
7.28797e-09	0.001967
7.28853e-09	0.00199472
7.2891e-09	0.00202217
7.28966e-09	0.00204935
7.29023e-09	0.00207626
7.29079e-09	0.00210291
7.29135e-09	0.00212929
7.29192e-09	0.00215539
7.29248e-09	0.00218122
7.29305e-09	0.00220678
7.29361e-09	0.00223207
7.29418e-09	0.00225708
7.29474e-09	0.00228181
7.2953e-09	0.00230627
7.29587e-09	0.00233044
7.29643e-09	0.00235434
7.297e-09	0.00237796
7.29756e-09	0.0024013
7.29813e-09	0.00242436
7.29869e-09	0.00244714
7.29925e-09	0.00246963
7.29982e-09	0.00249184
7.30038e-09	0.00251377
7.30095e-09	0.00253541
7.30151e-09	0.00255676
7.30208e-09	0.00257783
7.30264e-09	0.00259862
7.3032e-09	0.00261911
7.30377e-09	0.00263932
7.30433e-09	0.00265924
7.3049e-09	0.00267887
7.30546e-09	0.00269822
7.30603e-09	0.00271727
7.30659e-09	0.00273603
7.30715e-09	0.0027545
7.30772e-09	0.00277269
7.30828e-09	0.00279058
7.30885e-09	0.00280818
7.30941e-09	0.00282548
7.30998e-09	0.0028425
7.31054e-09	0.00285922
7.3111e-09	0.00287566
7.31167e-09	0.0028918
7.31223e-09	0.00290764
7.3128e-09	0.0029232
7.31336e-09	0.00293846
7.31393e-09	0.00295343
7.31449e-09	0.0029681
7.31505e-09	0.00298248
7.31562e-09	0.00299657
7.31618e-09	0.00301037
7.31675e-09	0.00302387
7.31731e-09	0.00303708
7.31787e-09	0.00305
7.31844e-09	0.00306262
7.319e-09	0.00307495
7.31957e-09	0.00308699
7.32013e-09	0.00309874
7.3207e-09	0.00311019
7.32126e-09	0.00312136
7.32182e-09	0.00313223
7.32239e-09	0.00314281
7.32295e-09	0.0031531
7.32352e-09	0.00316309
7.32408e-09	0.0031728
7.32465e-09	0.00318222
7.32521e-09	0.00319134
7.32577e-09	0.00320018
7.32634e-09	0.00320873
7.3269e-09	0.00321699
7.32747e-09	0.00322496
7.32803e-09	0.00323265
7.3286e-09	0.00324005
7.32916e-09	0.00324716
7.32972e-09	0.00325398
7.33029e-09	0.00326052
7.33085e-09	0.00326678
7.33142e-09	0.00327275
7.33198e-09	0.00327844
7.33255e-09	0.00328384
7.33311e-09	0.00328896
7.33367e-09	0.00329381
7.33424e-09	0.00329837
7.3348e-09	0.00330265
7.33537e-09	0.00330665
7.33593e-09	0.00331037
7.3365e-09	0.00331381
7.33706e-09	0.00331698
7.33762e-09	0.00331987
7.33819e-09	0.00332249
7.33875e-09	0.00332483
7.33932e-09	0.0033269
7.33988e-09	0.00332869
7.34045e-09	0.00333021
7.34101e-09	0.00333147
7.34157e-09	0.00333245
7.34214e-09	0.00333316
7.3427e-09	0.00333361
7.34327e-09	0.00333379
7.34383e-09	0.0033337
7.3444e-09	0.00333335
7.34496e-09	0.00333274
7.34552e-09	0.00333186
7.34609e-09	0.00333072
7.34665e-09	0.00332932
7.34722e-09	0.00332766
7.34778e-09	0.00332574
7.34834e-09	0.00332357
7.34891e-09	0.00332114
7.34947e-09	0.00331846
7.35004e-09	0.00331552
7.3506e-09	0.00331233
7.35117e-09	0.00330889
7.35173e-09	0.0033052
7.35229e-09	0.00330126
7.35286e-09	0.00329707
7.35342e-09	0.00329264
7.35399e-09	0.00328797
7.35455e-09	0.00328305
7.35512e-09	0.00327789
7.35568e-09	0.00327249
7.35624e-09	0.00326685
7.35681e-09	0.00326097
7.35737e-09	0.00325486
7.35794e-09	0.00324851
7.3585e-09	0.00324193
7.35907e-09	0.00323511
7.35963e-09	0.00322807
7.36019e-09	0.0032208
7.36076e-09	0.0032133
7.36132e-09	0.00320557
7.36189e-09	0.00319762
7.36245e-09	0.00318944
7.36302e-09	0.00318105
7.36358e-09	0.00317243
7.36414e-09	0.0031636
7.36471e-09	0.00315455
7.36527e-09	0.00314528
7.36584e-09	0.00313581
7.3664e-09	0.00312611
7.36697e-09	0.00311621
7.36753e-09	0.0031061
7.36809e-09	0.00309579
7.36866e-09	0.00308526
7.36922e-09	0.00307454
7.36979e-09	0.00306361
7.37035e-09	0.00305248
7.37092e-09	0.00304115
7.37148e-09	0.00302963
7.37204e-09	0.00301791
7.37261e-09	0.00300599
7.37317e-09	0.00299389
7.37374e-09	0.00298159
7.3743e-09	0.00296911
7.37487e-09	0.00295644
7.37543e-09	0.00294358
7.37599e-09	0.00293054
7.37656e-09	0.00291732
7.37712e-09	0.00290392
7.37769e-09	0.00289034
7.37825e-09	0.00287659
7.37881e-09	0.00286266
7.37938e-09	0.00284856
7.37994e-09	0.00283429
7.38051e-09	0.00281985
7.38107e-09	0.00280524
7.38164e-09	0.00279047
7.3822e-09	0.00277553
7.38276e-09	0.00276043
7.38333e-09	0.00274517
7.38389e-09	0.00272976
7.38446e-09	0.00271419
7.38502e-09	0.00269846
7.38559e-09	0.00268259
7.38615e-09	0.00266656
7.38671e-09	0.00265038
7.38728e-09	0.00263406
7.38784e-09	0.00261759
7.38841e-09	0.00260098
7.38897e-09	0.00258423
7.38954e-09	0.00256734
7.3901e-09	0.00255032
7.39066e-09	0.00253316
7.39123e-09	0.00251586
7.39179e-09	0.00249843
7.39236e-09	0.00248088
7.39292e-09	0.0024632
7.39349e-09	0.00244539
7.39405e-09	0.00242746
7.39461e-09	0.0024094
7.39518e-09	0.00239123
7.39574e-09	0.00237294
7.39631e-09	0.00235453
7.39687e-09	0.00233601
7.39744e-09	0.00231738
7.398e-09	0.00229863
7.39856e-09	0.00227978
7.39913e-09	0.00226082
7.39969e-09	0.00224176
7.40026e-09	0.0022226
7.40082e-09	0.00220333
7.40139e-09	0.00218397
7.40195e-09	0.00216451
7.40251e-09	0.00214496
7.40308e-09	0.00212531
7.40364e-09	0.00210558
7.40421e-09	0.00208575
7.40477e-09	0.00206584
7.40533e-09	0.00204584
7.4059e-09	0.00202576
7.40646e-09	0.0020056
7.40703e-09	0.00198537
7.40759e-09	0.00196505
7.40816e-09	0.00194466
7.40872e-09	0.00192419
7.40928e-09	0.00190366
7.40985e-09	0.00188305
7.41041e-09	0.00186238
7.41098e-09	0.00184164
7.41154e-09	0.00182084
7.41211e-09	0.00179998
7.41267e-09	0.00177906
7.41323e-09	0.00175808
7.4138e-09	0.00173704
7.41436e-09	0.00171596
7.41493e-09	0.00169481
7.41549e-09	0.00167362
7.41606e-09	0.00165238
7.41662e-09	0.0016311
7.41718e-09	0.00160977
7.41775e-09	0.0015884
7.41831e-09	0.00156698
7.41888e-09	0.00154553
7.41944e-09	0.00152404
7.42001e-09	0.00150252
7.42057e-09	0.00148096
7.42113e-09	0.00145937
7.4217e-09	0.00143776
7.42226e-09	0.00141611
7.42283e-09	0.00139444
7.42339e-09	0.00137275
7.42396e-09	0.00135103
7.42452e-09	0.0013293
7.42508e-09	0.00130754
7.42565e-09	0.00128577
7.42621e-09	0.00126399
7.42678e-09	0.00124219
7.42734e-09	0.00122038
7.42791e-09	0.00119856
7.42847e-09	0.00117673
7.42903e-09	0.0011549
7.4296e-09	0.00113307
7.43016e-09	0.00111123
7.43073e-09	0.00108939
7.43129e-09	0.00106755
7.43186e-09	0.00104572
7.43242e-09	0.00102389
7.43298e-09	0.00100207
7.43355e-09	0.000980255
7.43411e-09	0.000958451
7.43468e-09	0.000936659
7.43524e-09	0.00091488
7.4358e-09	0.000893117
7.43637e-09	0.00087137
7.43693e-09	0.000849642
7.4375e-09	0.000827934
7.43806e-09	0.000806248
7.43863e-09	0.000784586
7.43919e-09	0.000762949
7.43975e-09	0.000741338
7.44032e-09	0.000719756
7.44088e-09	0.000698204
7.44145e-09	0.000676684
7.44201e-09	0.000655197
7.44258e-09	0.000633744
7.44314e-09	0.000612328
7.4437e-09	0.000590951
7.44427e-09	0.000569612
7.44483e-09	0.000548315
7.4454e-09	0.000527061
7.44596e-09	0.000505851
7.44653e-09	0.000484686
7.44709e-09	0.000463569
7.44765e-09	0.000442501
7.44822e-09	0.000421482
7.44878e-09	0.000400516
7.44935e-09	0.000379603
7.44991e-09	0.000358744
7.45048e-09	0.000337942
7.45104e-09	0.000317197
7.4516e-09	0.000296511
7.45217e-09	0.000275886
7.45273e-09	0.000255322
7.4533e-09	0.000234822
7.45386e-09	0.000214386
7.45443e-09	0.000194017
7.45499e-09	0.000173715
7.45555e-09	0.000153481
7.45612e-09	0.000133318
7.45668e-09	0.000113226
7.45725e-09	9.32073e-05
7.45781e-09	7.32624e-05
7.45838e-09	5.33928e-05
7.45894e-09	3.35999e-05
7.4595e-09	1.3885e-05
7.46007e-09	-5.75067e-06
7.46063e-09	-2.53059e-05
7.4612e-09	-4.47793e-05
7.46176e-09	-6.41698e-05
7.46233e-09	-8.34761e-05
7.46289e-09	-0.000102697
7.46345e-09	-0.000121831
7.46402e-09	-0.000140878
7.46458e-09	-0.000159835
7.46515e-09	-0.000178703
7.46571e-09	-0.000197479
7.46627e-09	-0.000216163
7.46684e-09	-0.000234753
7.4674e-09	-0.000253248
7.46797e-09	-0.000271648
7.46853e-09	-0.000289951
7.4691e-09	-0.000308156
7.46966e-09	-0.000326262
7.47022e-09	-0.000344268
7.47079e-09	-0.000362173
7.47135e-09	-0.000379975
7.47192e-09	-0.000397675
7.47248e-09	-0.00041527
7.47305e-09	-0.000432761
7.47361e-09	-0.000450145
7.47417e-09	-0.000467422
7.47474e-09	-0.000484591
7.4753e-09	-0.000501651
7.47587e-09	-0.000518601
7.47643e-09	-0.000535441
7.477e-09	-0.000552169
7.47756e-09	-0.000568784
7.47812e-09	-0.000585285
7.47869e-09	-0.000601673
7.47925e-09	-0.000617945
7.47982e-09	-0.000634101
7.48038e-09	-0.00065014
7.48095e-09	-0.000666061
7.48151e-09	-0.000681864
7.48207e-09	-0.000697548
7.48264e-09	-0.000713112
7.4832e-09	-0.000728555
7.48377e-09	-0.000743876
7.48433e-09	-0.000759075
7.4849e-09	-0.000774151
7.48546e-09	-0.000789104
7.48602e-09	-0.000803931
7.48659e-09	-0.000818634
7.48715e-09	-0.000833211
7.48772e-09	-0.000847662
7.48828e-09	-0.000861985
7.48885e-09	-0.000876181
7.48941e-09	-0.000890249
7.48997e-09	-0.000904187
7.49054e-09	-0.000917996
7.4911e-09	-0.000931675
7.49167e-09	-0.000945223
7.49223e-09	-0.00095864
7.4928e-09	-0.000971926
7.49336e-09	-0.000985079
7.49392e-09	-0.000998099
7.49449e-09	-0.00101099
7.49505e-09	-0.00102374
7.49562e-09	-0.00103636
7.49618e-09	-0.00104884
7.49674e-09	-0.00106119
7.49731e-09	-0.0010734
7.49787e-09	-0.00108548
7.49844e-09	-0.00109742
7.499e-09	-0.00110922
7.49957e-09	-0.00112089
7.50013e-09	-0.00113242
7.50069e-09	-0.00114381
7.50126e-09	-0.00115506
7.50182e-09	-0.00116617
7.50239e-09	-0.00117715
7.50295e-09	-0.00118798
7.50352e-09	-0.00119868
7.50408e-09	-0.00120924
7.50464e-09	-0.00121965
7.50521e-09	-0.00122993
7.50577e-09	-0.00124006
7.50634e-09	-0.00125005
7.5069e-09	-0.00125991
7.50747e-09	-0.00126962
7.50803e-09	-0.00127918
7.50859e-09	-0.00128861
7.50916e-09	-0.0012979
7.50972e-09	-0.00130704
7.51029e-09	-0.00131604
7.51085e-09	-0.0013249
7.51142e-09	-0.00133362
7.51198e-09	-0.00134219
7.51254e-09	-0.00135062
7.51311e-09	-0.00135891
7.51367e-09	-0.00136705
7.51424e-09	-0.00137505
7.5148e-09	-0.00138291
7.51537e-09	-0.00139063
7.51593e-09	-0.0013982
7.51649e-09	-0.00140563
7.51706e-09	-0.00141292
7.51762e-09	-0.00142006
7.51819e-09	-0.00142706
7.51875e-09	-0.00143392
7.51932e-09	-0.00144063
7.51988e-09	-0.0014472
7.52044e-09	-0.00145363
7.52101e-09	-0.00145991
7.52157e-09	-0.00146606
7.52214e-09	-0.00147206
7.5227e-09	-0.00147791
7.52327e-09	-0.00148363
7.52383e-09	-0.0014892
7.52439e-09	-0.00149463
7.52496e-09	-0.00149992
7.52552e-09	-0.00150506
7.52609e-09	-0.00151007
7.52665e-09	-0.00151493
7.52721e-09	-0.00151965
7.52778e-09	-0.00152423
7.52834e-09	-0.00152867
7.52891e-09	-0.00153297
7.52947e-09	-0.00153713
7.53004e-09	-0.00154115
7.5306e-09	-0.00154502
7.53116e-09	-0.00154876
7.53173e-09	-0.00155236
7.53229e-09	-0.00155582
7.53286e-09	-0.00155914
7.53342e-09	-0.00156232
7.53399e-09	-0.00156537
7.53455e-09	-0.00156827
7.53511e-09	-0.00157104
7.53568e-09	-0.00157367
7.53624e-09	-0.00157617
7.53681e-09	-0.00157853
7.53737e-09	-0.00158075
7.53794e-09	-0.00158284
7.5385e-09	-0.00158479
7.53906e-09	-0.0015866
7.53963e-09	-0.00158829
7.54019e-09	-0.00158983
7.54076e-09	-0.00159125
7.54132e-09	-0.00159253
7.54189e-09	-0.00159368
7.54245e-09	-0.00159469
7.54301e-09	-0.00159558
7.54358e-09	-0.00159633
7.54414e-09	-0.00159695
7.54471e-09	-0.00159744
7.54527e-09	-0.0015978
7.54584e-09	-0.00159804
7.5464e-09	-0.00159814
7.54696e-09	-0.00159811
7.54753e-09	-0.00159796
7.54809e-09	-0.00159768
7.54866e-09	-0.00159728
7.54922e-09	-0.00159674
7.54979e-09	-0.00159609
7.55035e-09	-0.0015953
7.55091e-09	-0.00159439
7.55148e-09	-0.00159336
7.55204e-09	-0.00159221
7.55261e-09	-0.00159093
7.55317e-09	-0.00158953
7.55374e-09	-0.00158801
7.5543e-09	-0.00158637
7.55486e-09	-0.00158461
7.55543e-09	-0.00158273
7.55599e-09	-0.00158073
7.55656e-09	-0.00157861
7.55712e-09	-0.00157638
7.55768e-09	-0.00157403
7.55825e-09	-0.00157156
7.55881e-09	-0.00156898
7.55938e-09	-0.00156628
7.55994e-09	-0.00156347
7.56051e-09	-0.00156054
7.56107e-09	-0.0015575
7.56163e-09	-0.00155435
7.5622e-09	-0.00155109
7.56276e-09	-0.00154772
7.56333e-09	-0.00154424
7.56389e-09	-0.00154065
7.56446e-09	-0.00153695
7.56502e-09	-0.00153314
7.56558e-09	-0.00152923
7.56615e-09	-0.00152521
7.56671e-09	-0.00152109
7.56728e-09	-0.00151686
7.56784e-09	-0.00151253
7.56841e-09	-0.00150809
7.56897e-09	-0.00150355
7.56953e-09	-0.00149892
7.5701e-09	-0.00149418
7.57066e-09	-0.00148934
7.57123e-09	-0.0014844
7.57179e-09	-0.00147937
7.57236e-09	-0.00147423
7.57292e-09	-0.001469
7.57348e-09	-0.00146368
7.57405e-09	-0.00145826
7.57461e-09	-0.00145275
7.57518e-09	-0.00144714
7.57574e-09	-0.00144144
7.57631e-09	-0.00143565
7.57687e-09	-0.00142977
7.57743e-09	-0.0014238
7.578e-09	-0.00141774
7.57856e-09	-0.00141159
7.57913e-09	-0.00140536
7.57969e-09	-0.00139904
7.58026e-09	-0.00139263
7.58082e-09	-0.00138614
7.58138e-09	-0.00137957
7.58195e-09	-0.00137291
7.58251e-09	-0.00136617
7.58308e-09	-0.00135935
7.58364e-09	-0.00135245
7.58421e-09	-0.00134547
7.58477e-09	-0.00133841
7.58533e-09	-0.00133128
7.5859e-09	-0.00132407
7.58646e-09	-0.00131678
7.58703e-09	-0.00130942
7.58759e-09	-0.00130199
7.58815e-09	-0.00129448
7.58872e-09	-0.0012869
7.58928e-09	-0.00127925
7.58985e-09	-0.00127152
7.59041e-09	-0.00126373
7.59098e-09	-0.00125588
7.59154e-09	-0.00124795
7.5921e-09	-0.00123996
7.59267e-09	-0.0012319
7.59323e-09	-0.00122378
7.5938e-09	-0.00121559
7.59436e-09	-0.00120734
7.59493e-09	-0.00119903
7.59549e-09	-0.00119066
7.59605e-09	-0.00118223
7.59662e-09	-0.00117374
7.59718e-09	-0.00116519
7.59775e-09	-0.00115658
7.59831e-09	-0.00114792
7.59888e-09	-0.00113921
7.59944e-09	-0.00113043
7.6e-09	-0.00112161
7.60057e-09	-0.00111273
7.60113e-09	-0.0011038
7.6017e-09	-0.00109482
7.60226e-09	-0.0010858
7.60283e-09	-0.00107672
7.60339e-09	-0.00106759
7.60395e-09	-0.00105842
7.60452e-09	-0.0010492
7.60508e-09	-0.00103994
7.60565e-09	-0.00103063
7.60621e-09	-0.00102128
7.60678e-09	-0.00101189
7.60734e-09	-0.00100246
7.6079e-09	-0.000992987
7.60847e-09	-0.000983474
7.60903e-09	-0.000973923
7.6096e-09	-0.000964335
7.61016e-09	-0.00095471
7.61073e-09	-0.00094505
7.61129e-09	-0.000935355
7.61185e-09	-0.000925626
7.61242e-09	-0.000915864
7.61298e-09	-0.000906071
7.61355e-09	-0.000896247
7.61411e-09	-0.000886393
7.61468e-09	-0.000876509
7.61524e-09	-0.000866598
7.6158e-09	-0.000856659
7.61637e-09	-0.000846694
7.61693e-09	-0.000836704
7.6175e-09	-0.000826689
7.61806e-09	-0.00081665
7.61862e-09	-0.000806589
7.61919e-09	-0.000796506
7.61975e-09	-0.000786402
7.62032e-09	-0.000776279
7.62088e-09	-0.000766136
7.62145e-09	-0.000755975
7.62201e-09	-0.000745797
7.62257e-09	-0.000735603
7.62314e-09	-0.000725393
7.6237e-09	-0.000715169
7.62427e-09	-0.000704931
7.62483e-09	-0.00069468
7.6254e-09	-0.000684417
7.62596e-09	-0.000674143
7.62652e-09	-0.000663859
7.62709e-09	-0.000653566
7.62765e-09	-0.000643265
7.62822e-09	-0.000632956
7.62878e-09	-0.00062264
7.62935e-09	-0.000612318
7.62991e-09	-0.000601992
7.63047e-09	-0.000591661
7.63104e-09	-0.000581327
7.6316e-09	-0.000570991
7.63217e-09	-0.000560654
7.63273e-09	-0.000550315
7.6333e-09	-0.000539977
7.63386e-09	-0.00052964
7.63442e-09	-0.000519304
7.63499e-09	-0.000508971
7.63555e-09	-0.000498642
7.63612e-09	-0.000488317
7.63668e-09	-0.000477997
7.63725e-09	-0.000467683
7.63781e-09	-0.000457375
7.63837e-09	-0.000447076
7.63894e-09	-0.000436784
7.6395e-09	-0.000426502
7.64007e-09	-0.000416229
7.64063e-09	-0.000405967
7.6412e-09	-0.000395717
7.64176e-09	-0.000385479
7.64232e-09	-0.000375254
7.64289e-09	-0.000365043
7.64345e-09	-0.000354846
7.64402e-09	-0.000344665
7.64458e-09	-0.0003345
7.64515e-09	-0.000324352
7.64571e-09	-0.000314221
7.64627e-09	-0.000304109
7.64684e-09	-0.000294015
7.6474e-09	-0.000283942
7.64797e-09	-0.000273889
7.64853e-09	-0.000263857
7.64909e-09	-0.000253848
7.64966e-09	-0.000243861
7.65022e-09	-0.000233897
7.65079e-09	-0.000223958
7.65135e-09	-0.000214043
7.65192e-09	-0.000204154
7.65248e-09	-0.000194291
7.65304e-09	-0.000184455
7.65361e-09	-0.000174647
7.65417e-09	-0.000164867
7.65474e-09	-0.000155116
7.6553e-09	-0.000145394
7.65587e-09	-0.000135703
7.65643e-09	-0.000126042
7.65699e-09	-0.000116413
7.65756e-09	-0.000106816
7.65812e-09	-9.72524e-05
7.65869e-09	-8.77219e-05
7.65925e-09	-7.82255e-05
7.65982e-09	-6.87639e-05
7.66038e-09	-5.93375e-05
7.66094e-09	-4.99471e-05
7.66151e-09	-4.05932e-05
7.66207e-09	-3.12765e-05
7.66264e-09	-2.19975e-05
7.6632e-09	-1.27568e-05
7.66377e-09	-3.55502e-06
7.66433e-09	5.60727e-06
7.66489e-09	1.47295e-05
7.66546e-09	2.38111e-05
7.66602e-09	3.28515e-05
7.66659e-09	4.18502e-05
7.66715e-09	5.08067e-05
7.66772e-09	5.97203e-05
7.66828e-09	6.85905e-05
7.66884e-09	7.74168e-05
7.66941e-09	8.61988e-05
7.66997e-09	9.49357e-05
7.67054e-09	0.000103627
7.6711e-09	0.000112273
7.67167e-09	0.000120872
7.67223e-09	0.000129424
7.67279e-09	0.000137929
7.67336e-09	0.000146386
7.67392e-09	0.000154794
7.67449e-09	0.000163153
7.67505e-09	0.000171464
7.67562e-09	0.000179724
7.67618e-09	0.000187934
7.67674e-09	0.000196094
7.67731e-09	0.000204202
7.67787e-09	0.000212258
7.67844e-09	0.000220263
7.679e-09	0.000228215
7.67956e-09	0.000236115
7.68013e-09	0.000243961
7.68069e-09	0.000251753
7.68126e-09	0.000259492
7.68182e-09	0.000267176
7.68239e-09	0.000274805
7.68295e-09	0.000282379
7.68351e-09	0.000289897
7.68408e-09	0.000297359
7.68464e-09	0.000304765
7.68521e-09	0.000312114
7.68577e-09	0.000319407
7.68634e-09	0.000326641
7.6869e-09	0.000333819
7.68746e-09	0.000340938
7.68803e-09	0.000347998
7.68859e-09	0.000355
7.68916e-09	0.000361944
7.68972e-09	0.000368827
7.69029e-09	0.000375651
7.69085e-09	0.000382416
7.69141e-09	0.00038912
7.69198e-09	0.000395763
7.69254e-09	0.000402346
7.69311e-09	0.000408868
7.69367e-09	0.000415328
7.69424e-09	0.000421727
7.6948e-09	0.000428064
7.69536e-09	0.00043434
7.69593e-09	0.000440552
7.69649e-09	0.000446703
7.69706e-09	0.00045279
7.69762e-09	0.000458815
7.69819e-09	0.000464777
7.69875e-09	0.000470675
7.69931e-09	0.000476509
7.69988e-09	0.00048228
7.70044e-09	0.000487987
7.70101e-09	0.000493629
7.70157e-09	0.000499208
7.70214e-09	0.000504721
7.7027e-09	0.000510171
7.70326e-09	0.000515555
7.70383e-09	0.000520874
7.70439e-09	0.000526129
7.70496e-09	0.000531317
7.70552e-09	0.000536441
7.70609e-09	0.000541499
7.70665e-09	0.000546491
7.70721e-09	0.000551418
7.70778e-09	0.000556278
7.70834e-09	0.000561073
7.70891e-09	0.000565802
7.70947e-09	0.000570464
7.71003e-09	0.00057506
7.7106e-09	0.00057959
7.71116e-09	0.000584053
7.71173e-09	0.00058845
7.71229e-09	0.00059278
7.71286e-09	0.000597043
7.71342e-09	0.00060124
7.71398e-09	0.00060537
7.71455e-09	0.000609433
7.71511e-09	0.00061343
7.71568e-09	0.000617359
7.71624e-09	0.000621222
7.71681e-09	0.000625018
7.71737e-09	0.000628747
7.71793e-09	0.000632409
7.7185e-09	0.000636004
7.71906e-09	0.000639532
7.71963e-09	0.000642993
7.72019e-09	0.000646387
7.72076e-09	0.000649714
7.72132e-09	0.000652974
7.72188e-09	0.000656168
7.72245e-09	0.000659295
7.72301e-09	0.000662355
7.72358e-09	0.000665348
7.72414e-09	0.000668274
7.72471e-09	0.000671134
7.72527e-09	0.000673928
7.72583e-09	0.000676654
7.7264e-09	0.000679315
7.72696e-09	0.000681909
7.72753e-09	0.000684436
7.72809e-09	0.000686898
7.72866e-09	0.000689293
7.72922e-09	0.000691623
7.72978e-09	0.000693886
7.73035e-09	0.000696084
7.73091e-09	0.000698216
7.73148e-09	0.000700282
7.73204e-09	0.000702283
7.73261e-09	0.000704219
7.73317e-09	0.000706089
7.73373e-09	0.000707895
7.7343e-09	0.000709635
7.73486e-09	0.000711311
7.73543e-09	0.000712922
7.73599e-09	0.000714468
7.73656e-09	0.00071595
7.73712e-09	0.000717368
7.73768e-09	0.000718722
7.73825e-09	0.000720013
7.73881e-09	0.000721239
7.73938e-09	0.000722402
7.73994e-09	0.000723502
7.7405e-09	0.000724539
7.74107e-09	0.000725512
7.74163e-09	0.000726423
7.7422e-09	0.000727272
7.74276e-09	0.000728058
7.74333e-09	0.000728782
7.74389e-09	0.000729445
7.74445e-09	0.000730045
7.74502e-09	0.000730584
7.74558e-09	0.000731062
7.74615e-09	0.000731479
7.74671e-09	0.000731836
7.74728e-09	0.000732131
7.74784e-09	0.000732367
7.7484e-09	0.000732542
7.74897e-09	0.000732658
7.74953e-09	0.000732714
7.7501e-09	0.000732711
7.75066e-09	0.000732649
7.75123e-09	0.000732528
7.75179e-09	0.000732349
7.75235e-09	0.000732112
7.75292e-09	0.000731817
7.75348e-09	0.000731464
7.75405e-09	0.000731053
7.75461e-09	0.000730586
7.75518e-09	0.000730062
7.75574e-09	0.000729481
7.7563e-09	0.000728844
7.75687e-09	0.000728152
7.75743e-09	0.000727403
7.758e-09	0.0007266
7.75856e-09	0.000725741
7.75913e-09	0.000724828
7.75969e-09	0.000723861
7.76025e-09	0.000722839
7.76082e-09	0.000721764
7.76138e-09	0.000720636
7.76195e-09	0.000719454
7.76251e-09	0.00071822
7.76308e-09	0.000716933
7.76364e-09	0.000715594
7.7642e-09	0.000714204
7.76477e-09	0.000712762
7.76533e-09	0.000711269
7.7659e-09	0.000709725
7.76646e-09	0.000708132
7.76703e-09	0.000706488
7.76759e-09	0.000704794
7.76815e-09	0.000703052
7.76872e-09	0.00070126
7.76928e-09	0.00069942
7.76985e-09	0.000697532
7.77041e-09	0.000695596
7.77097e-09	0.000693612
7.77154e-09	0.000691582
7.7721e-09	0.000689504
7.77267e-09	0.000687381
7.77323e-09	0.000685211
7.7738e-09	0.000682996
7.77436e-09	0.000680736
7.77492e-09	0.000678431
7.77549e-09	0.000676081
7.77605e-09	0.000673688
7.77662e-09	0.000671251
7.77718e-09	0.00066877
7.77775e-09	0.000666247
7.77831e-09	0.000663681
7.77887e-09	0.000661074
7.77944e-09	0.000658424
7.78e-09	0.000655734
7.78057e-09	0.000653002
7.78113e-09	0.00065023
7.7817e-09	0.000647418
7.78226e-09	0.000644567
7.78282e-09	0.000641676
7.78339e-09	0.000638746
7.78395e-09	0.000635778
7.78452e-09	0.000632772
7.78508e-09	0.000629728
7.78565e-09	0.000626647
7.78621e-09	0.00062353
7.78677e-09	0.000620376
7.78734e-09	0.000617186
7.7879e-09	0.000613961
7.78847e-09	0.0006107
7.78903e-09	0.000607405
7.7896e-09	0.000604076
7.79016e-09	0.000600713
7.79072e-09	0.000597316
7.79129e-09	0.000593887
7.79185e-09	0.000590425
7.79242e-09	0.000586931
7.79298e-09	0.000583405
7.79355e-09	0.000579848
7.79411e-09	0.00057626
7.79467e-09	0.000572641
7.79524e-09	0.000568993
7.7958e-09	0.000565315
7.79637e-09	0.000561608
7.79693e-09	0.000557873
7.79749e-09	0.000554109
7.79806e-09	0.000550317
7.79862e-09	0.000546498
7.79919e-09	0.000542652
7.79975e-09	0.000538779
7.80032e-09	0.000534881
7.80088e-09	0.000530957
7.80144e-09	0.000527007
7.80201e-09	0.000523033
7.80257e-09	0.000519034
7.80314e-09	0.000515011
7.8037e-09	0.000510965
7.80427e-09	0.000506896
7.80483e-09	0.000502805
7.80539e-09	0.000498691
7.80596e-09	0.000494555
7.80652e-09	0.000490398
7.80709e-09	0.00048622
7.80765e-09	0.000482022
7.80822e-09	0.000477803
7.80878e-09	0.000473566
7.80934e-09	0.000469308
7.80991e-09	0.000465033
7.81047e-09	0.000460739
7.81104e-09	0.000456427
7.8116e-09	0.000452097
7.81217e-09	0.000447751
7.81273e-09	0.000443388
7.81329e-09	0.000439009
7.81386e-09	0.000434614
7.81442e-09	0.000430204
7.81499e-09	0.000425779
7.81555e-09	0.00042134
7.81612e-09	0.000416886
7.81668e-09	0.00041242
7.81724e-09	0.000407939
7.81781e-09	0.000403447
7.81837e-09	0.000398941
7.81894e-09	0.000394424
7.8195e-09	0.000389896
7.82007e-09	0.000385356
7.82063e-09	0.000380806
7.82119e-09	0.000376246
7.82176e-09	0.000371676
7.82232e-09	0.000367096
7.82289e-09	0.000362508
7.82345e-09	0.000357911
7.82402e-09	0.000353305
7.82458e-09	0.000348692
7.82514e-09	0.000344072
7.82571e-09	0.000339445
7.82627e-09	0.000334811
7.82684e-09	0.000330172
7.8274e-09	0.000325526
7.82796e-09	0.000320875
7.82853e-09	0.00031622
7.82909e-09	0.00031156
7.82966e-09	0.000306896
7.83022e-09	0.000302228
7.83079e-09	0.000297557
7.83135e-09	0.000292882
7.83191e-09	0.000288206
7.83248e-09	0.000283527
7.83304e-09	0.000278847
7.83361e-09	0.000274165
7.83417e-09	0.000269482
7.83474e-09	0.000264799
7.8353e-09	0.000260116
7.83586e-09	0.000255433
7.83643e-09	0.00025075
7.83699e-09	0.000246068
7.83756e-09	0.000241388
7.83812e-09	0.000236709
7.83869e-09	0.000232033
7.83925e-09	0.000227359
7.83981e-09	0.000222688
7.84038e-09	0.00021802
7.84094e-09	0.000213355
7.84151e-09	0.000208695
7.84207e-09	0.000204038
7.84264e-09	0.000199387
7.8432e-09	0.00019474
7.84376e-09	0.000190099
7.84433e-09	0.000185463
7.84489e-09	0.000180834
7.84546e-09	0.000176211
7.84602e-09	0.000171594
7.84659e-09	0.000166985
7.84715e-09	0.000162383
7.84771e-09	0.000157789
7.84828e-09	0.000153203
7.84884e-09	0.000148626
7.84941e-09	0.000144057
7.84997e-09	0.000139498
7.85054e-09	0.000134948
7.8511e-09	0.000130408
7.85166e-09	0.000125878
7.85223e-09	0.000121358
7.85279e-09	0.000116849
7.85336e-09	0.000112351
7.85392e-09	0.000107865
7.85449e-09	0.00010339
7.85505e-09	9.89273e-05
7.85561e-09	9.44769e-05
7.85618e-09	9.00391e-05
7.85674e-09	8.56143e-05
7.85731e-09	8.12027e-05
7.85787e-09	7.68046e-05
7.85843e-09	7.24204e-05
7.859e-09	6.80502e-05
7.85956e-09	6.36945e-05
7.86013e-09	5.93535e-05
7.86069e-09	5.50275e-05
7.86126e-09	5.07168e-05
7.86182e-09	4.64217e-05
7.86238e-09	4.21423e-05
7.86295e-09	3.78791e-05
7.86351e-09	3.36323e-05
7.86408e-09	2.94021e-05
7.86464e-09	2.51889e-05
7.86521e-09	2.09928e-05
7.86577e-09	1.68142e-05
7.86633e-09	1.26534e-05
7.8669e-09	8.51049e-06
7.86746e-09	4.38583e-06
7.86803e-09	2.7966e-07
7.86859e-09	-3.80777e-06
7.86916e-09	-7.87623e-06
7.86972e-09	-1.19254e-05
7.87028e-09	-1.59552e-05
7.87085e-09	-1.99652e-05
7.87141e-09	-2.39553e-05
7.87198e-09	-2.79252e-05
7.87254e-09	-3.18747e-05
7.87311e-09	-3.58036e-05
7.87367e-09	-3.97116e-05
7.87423e-09	-4.35985e-05
7.8748e-09	-4.74641e-05
7.87536e-09	-5.13081e-05
7.87593e-09	-5.51304e-05
7.87649e-09	-5.89308e-05
7.87706e-09	-6.2709e-05
7.87762e-09	-6.64648e-05
7.87818e-09	-7.0198e-05
7.87875e-09	-7.39085e-05
7.87931e-09	-7.7596e-05
7.87988e-09	-8.12603e-05
7.88044e-09	-8.49012e-05
7.88101e-09	-8.85186e-05
7.88157e-09	-9.21123e-05
7.88213e-09	-9.5682e-05
7.8827e-09	-9.92276e-05
7.88326e-09	-0.000102749
7.88383e-09	-0.000106246
7.88439e-09	-0.000109718
7.88496e-09	-0.000113165
7.88552e-09	-0.000116588
7.88608e-09	-0.000119985
7.88665e-09	-0.000123357
7.88721e-09	-0.000126704
7.88778e-09	-0.000130025
7.88834e-09	-0.00013332
7.8889e-09	-0.000136589
7.88947e-09	-0.000139832
7.89003e-09	-0.000143049
7.8906e-09	-0.00014624
7.89116e-09	-0.000149404
7.89173e-09	-0.000152541
7.89229e-09	-0.000155652
7.89285e-09	-0.000158736
7.89342e-09	-0.000161793
7.89398e-09	-0.000164822
7.89455e-09	-0.000167825
7.89511e-09	-0.0001708
7.89568e-09	-0.000173747
7.89624e-09	-0.000176667
7.8968e-09	-0.000179559
7.89737e-09	-0.000182423
7.89793e-09	-0.00018526
7.8985e-09	-0.000188068
7.89906e-09	-0.000190848
7.89963e-09	-0.0001936
7.90019e-09	-0.000196323
7.90075e-09	-0.000199019
7.90132e-09	-0.000201685
7.90188e-09	-0.000204323
7.90245e-09	-0.000206932
7.90301e-09	-0.000209513
7.90358e-09	-0.000212064
7.90414e-09	-0.000214587
7.9047e-09	-0.000217081
7.90527e-09	-0.000219545
7.90583e-09	-0.000221981
7.9064e-09	-0.000224387
7.90696e-09	-0.000226764
7.90753e-09	-0.000229112
7.90809e-09	-0.00023143
7.90865e-09	-0.000233719
7.90922e-09	-0.000235978
7.90978e-09	-0.000238208
7.91035e-09	-0.000240408
7.91091e-09	-0.000242579
7.91148e-09	-0.00024472
7.91204e-09	-0.000246831
7.9126e-09	-0.000248912
7.91317e-09	-0.000250964
7.91373e-09	-0.000252986
7.9143e-09	-0.000254978
7.91486e-09	-0.00025694
7.91543e-09	-0.000258872
7.91599e-09	-0.000260775
7.91655e-09	-0.000262647
7.91712e-09	-0.00026449
7.91768e-09	-0.000266302
7.91825e-09	-0.000268085
7.91881e-09	-0.000269838
7.91937e-09	-0.000271561
7.91994e-09	-0.000273253
7.9205e-09	-0.000274916
7.92107e-09	-0.000276549
7.92163e-09	-0.000278152
7.9222e-09	-0.000279725
7.92276e-09	-0.000281268
7.92332e-09	-0.000282781
7.92389e-09	-0.000284264
7.92445e-09	-0.000285717
7.92502e-09	-0.00028714
7.92558e-09	-0.000288534
7.92615e-09	-0.000289898
7.92671e-09	-0.000291231
7.92727e-09	-0.000292535
7.92784e-09	-0.00029381
7.9284e-09	-0.000295054
7.92897e-09	-0.000296269
7.92953e-09	-0.000297454
7.9301e-09	-0.00029861
7.93066e-09	-0.000299736
7.93122e-09	-0.000300833
7.93179e-09	-0.0003019
7.93235e-09	-0.000302938
7.93292e-09	-0.000303946
7.93348e-09	-0.000304925
7.93405e-09	-0.000305875
7.93461e-09	-0.000306795
7.93517e-09	-0.000307687
7.93574e-09	-0.000308549
7.9363e-09	-0.000309383
7.93687e-09	-0.000310187
7.93743e-09	-0.000310962
7.938e-09	-0.000311709
7.93856e-09	-0.000312427
7.93912e-09	-0.000313116
7.93969e-09	-0.000313777
7.94025e-09	-0.000314409
7.94082e-09	-0.000315013
7.94138e-09	-0.000315589
7.94195e-09	-0.000316136
7.94251e-09	-0.000316655
7.94307e-09	-0.000317146
7.94364e-09	-0.000317609
7.9442e-09	-0.000318044
7.94477e-09	-0.000318451
7.94533e-09	-0.000318831
7.9459e-09	-0.000319183
7.94646e-09	-0.000319507
7.94702e-09	-0.000319804
7.94759e-09	-0.000320074
7.94815e-09	-0.000320316
7.94872e-09	-0.000320532
7.94928e-09	-0.00032072
7.94984e-09	-0.000320881
7.95041e-09	-0.000321016
7.95097e-09	-0.000321124
7.95154e-09	-0.000321206
7.9521e-09	-0.000321261
7.95267e-09	-0.00032129
7.95323e-09	-0.000321292
7.95379e-09	-0.000321269
7.95436e-09	-0.00032122
7.95492e-09	-0.000321145
7.95549e-09	-0.000321044
7.95605e-09	-0.000320917
7.95662e-09	-0.000320765
7.95718e-09	-0.000320588
7.95774e-09	-0.000320386
7.95831e-09	-0.000320159
7.95887e-09	-0.000319906
7.95944e-09	-0.000319629
7.96e-09	-0.000319328
7.96057e-09	-0.000319001
7.96113e-09	-0.000318651
7.96169e-09	-0.000318276
7.96226e-09	-0.000317878
7.96282e-09	-0.000317455
7.96339e-09	-0.000317008
7.96395e-09	-0.000316538
7.96452e-09	-0.000316045
7.96508e-09	-0.000315528
7.96564e-09	-0.000314988
7.96621e-09	-0.000314425
7.96677e-09	-0.000313839
7.96734e-09	-0.00031323
7.9679e-09	-0.000312599
7.96847e-09	-0.000311946
7.96903e-09	-0.00031127
7.96959e-09	-0.000310572
7.97016e-09	-0.000309852
7.97072e-09	-0.000309111
7.97129e-09	-0.000308347
7.97185e-09	-0.000307563
7.97242e-09	-0.000306757
7.97298e-09	-0.00030593
7.97354e-09	-0.000305082
7.97411e-09	-0.000304213
7.97467e-09	-0.000303324
7.97524e-09	-0.000302414
7.9758e-09	-0.000301484
7.97637e-09	-0.000300534
7.97693e-09	-0.000299564
7.97749e-09	-0.000298575
7.97806e-09	-0.000297565
7.97862e-09	-0.000296536
7.97919e-09	-0.000295488
7.97975e-09	-0.000294421
7.98031e-09	-0.000293336
7.98088e-09	-0.000292231
7.98144e-09	-0.000291108
7.98201e-09	-0.000289966
7.98257e-09	-0.000288807
7.98314e-09	-0.000287629
7.9837e-09	-0.000286434
7.98426e-09	-0.000285221
7.98483e-09	-0.00028399
7.98539e-09	-0.000282743
7.98596e-09	-0.000281478
7.98652e-09	-0.000280196
7.98709e-09	-0.000278898
7.98765e-09	-0.000277583
7.98821e-09	-0.000276252
7.98878e-09	-0.000274904
7.98934e-09	-0.000273541
7.98991e-09	-0.000272162
7.99047e-09	-0.000270767
7.99104e-09	-0.000269357
7.9916e-09	-0.000267931
7.99216e-09	-0.000266491
7.99273e-09	-0.000265036
7.99329e-09	-0.000263566
7.99386e-09	-0.000262082
7.99442e-09	-0.000260583
7.99499e-09	-0.00025907
7.99555e-09	-0.000257544
7.99611e-09	-0.000256004
7.99668e-09	-0.00025445
7.99724e-09	-0.000252883
7.99781e-09	-0.000251302
7.99837e-09	-0.000249709
7.99894e-09	-0.000248103
7.9995e-09	-0.000246485
8.00006e-09	-0.000244854
8.00063e-09	-0.000243211
8.00119e-09	-0.000241556
8.00176e-09	-0.000239889
8.00232e-09	-0.000238211
8.00289e-09	-0.000236521
8.00345e-09	-0.00023482
8.00401e-09	-0.000233108
8.00458e-09	-0.000231385
8.00514e-09	-0.000229651
8.00571e-09	-0.000227907
8.00627e-09	-0.000226153
8.00684e-09	-0.000224389
8.0074e-09	-0.000222615
8.00796e-09	-0.000220831
8.00853e-09	-0.000219037
8.00909e-09	-0.000217235
8.00966e-09	-0.000215423
8.01022e-09	-0.000213602
8.01078e-09	-0.000211773
8.01135e-09	-0.000209935
8.01191e-09	-0.000208089
8.01248e-09	-0.000206234
8.01304e-09	-0.000204372
8.01361e-09	-0.000202502
8.01417e-09	-0.000200624
8.01473e-09	-0.000198739
8.0153e-09	-0.000196847
8.01586e-09	-0.000194948
8.01643e-09	-0.000193041
8.01699e-09	-0.000191129
8.01756e-09	-0.000189209
8.01812e-09	-0.000187284
8.01868e-09	-0.000185352
8.01925e-09	-0.000183415
8.01981e-09	-0.000181472
8.02038e-09	-0.000179523
8.02094e-09	-0.000177569
8.02151e-09	-0.00017561
8.02207e-09	-0.000173646
8.02263e-09	-0.000171677
8.0232e-09	-0.000169703
8.02376e-09	-0.000167726
8.02433e-09	-0.000165744
8.02489e-09	-0.000163757
8.02546e-09	-0.000161767
8.02602e-09	-0.000159774
8.02658e-09	-0.000157777
8.02715e-09	-0.000155776
8.02771e-09	-0.000153772
8.02828e-09	-0.000151766
8.02884e-09	-0.000149756
8.02941e-09	-0.000147744
8.02997e-09	-0.00014573
8.03053e-09	-0.000143713
8.0311e-09	-0.000141695
8.03166e-09	-0.000139674
8.03223e-09	-0.000137652
8.03279e-09	-0.000135628
8.03336e-09	-0.000133602
8.03392e-09	-0.000131576
8.03448e-09	-0.000129548
8.03505e-09	-0.00012752
8.03561e-09	-0.000125491
8.03618e-09	-0.000123461
8.03674e-09	-0.000121431
8.03731e-09	-0.000119401
8.03787e-09	-0.000117371
8.03843e-09	-0.000115341
8.039e-09	-0.000113311
8.03956e-09	-0.000111282
8.04013e-09	-0.000109253
8.04069e-09	-0.000107226
8.04125e-09	-0.000105199
8.04182e-09	-0.000103173
8.04238e-09	-0.000101149
8.04295e-09	-9.91257e-05
8.04351e-09	-9.71044e-05
8.04408e-09	-9.50848e-05
8.04464e-09	-9.30671e-05
8.0452e-09	-9.10515e-05
8.04577e-09	-8.90381e-05
8.04633e-09	-8.70272e-05
8.0469e-09	-8.50187e-05
8.04746e-09	-8.3013e-05
8.04803e-09	-8.10101e-05
8.04859e-09	-7.90102e-05
8.04915e-09	-7.70135e-05
8.04972e-09	-7.502e-05
8.05028e-09	-7.303e-05
8.05085e-09	-7.10435e-05
8.05141e-09	-6.90609e-05
8.05198e-09	-6.7082e-05
8.05254e-09	-6.51072e-05
8.0531e-09	-6.31366e-05
8.05367e-09	-6.11703e-05
8.05423e-09	-5.92084e-05
8.0548e-09	-5.72511e-05
8.05536e-09	-5.52985e-05
8.05593e-09	-5.33508e-05
8.05649e-09	-5.14081e-05
8.05705e-09	-4.94705e-05
8.05762e-09	-4.75382e-05
8.05818e-09	-4.56113e-05
8.05875e-09	-4.369e-05
8.05931e-09	-4.17743e-05
8.05988e-09	-3.98643e-05
8.06044e-09	-3.79604e-05
8.061e-09	-3.60624e-05
8.06157e-09	-3.41707e-05
8.06213e-09	-3.22852e-05
8.0627e-09	-3.04062e-05
8.06326e-09	-2.85337e-05
8.06383e-09	-2.66679e-05
8.06439e-09	-2.48089e-05
8.06495e-09	-2.29568e-05
8.06552e-09	-2.11117e-05
8.06608e-09	-1.92738e-05
8.06665e-09	-1.74432e-05
8.06721e-09	-1.56199e-05
8.06778e-09	-1.38041e-05
8.06834e-09	-1.1996e-05
8.0689e-09	-1.01955e-05
8.06947e-09	-8.40294e-06
8.07003e-09	-6.61827e-06
8.0706e-09	-4.84166e-06
8.07116e-09	-3.0732e-06
8.07172e-09	-1.31301e-06
8.07229e-09	4.38821e-07
8.07285e-09	2.18218e-06
8.07342e-09	3.91696e-06
8.07398e-09	5.64307e-06
8.07455e-09	7.3604e-06
8.07511e-09	9.06887e-06
8.07567e-09	1.07684e-05
8.07624e-09	1.24588e-05
8.0768e-09	1.414e-05
8.07737e-09	1.58121e-05
8.07793e-09	1.74747e-05
8.0785e-09	1.91279e-05
8.07906e-09	2.07716e-05
8.07962e-09	2.24057e-05
8.08019e-09	2.403e-05
8.08075e-09	2.56446e-05
8.08132e-09	2.72493e-05
8.08188e-09	2.8844e-05
8.08245e-09	3.04287e-05
8.08301e-09	3.20033e-05
8.08357e-09	3.35676e-05
8.08414e-09	3.51216e-05
8.0847e-09	3.66653e-05
8.08527e-09	3.81986e-05
8.08583e-09	3.97213e-05
8.0864e-09	4.12334e-05
8.08696e-09	4.27349e-05
8.08752e-09	4.42256e-05
8.08809e-09	4.57056e-05
8.08865e-09	4.71746e-05
8.08922e-09	4.86327e-05
8.08978e-09	5.00798e-05
8.09035e-09	5.15158e-05
8.09091e-09	5.29407e-05
8.09147e-09	5.43544e-05
8.09204e-09	5.57567e-05
8.0926e-09	5.71478e-05
8.09317e-09	5.85275e-05
8.09373e-09	5.98957e-05
8.0943e-09	6.12524e-05
8.09486e-09	6.25976e-05
8.09542e-09	6.39312e-05
8.09599e-09	6.52531e-05
8.09655e-09	6.65632e-05
8.09712e-09	6.78616e-05
8.09768e-09	6.91482e-05
8.09825e-09	7.04229e-05
8.09881e-09	7.16857e-05
8.09937e-09	7.29365e-05
8.09994e-09	7.41753e-05
8.1005e-09	7.54021e-05
8.10107e-09	7.66168e-05
8.10163e-09	7.78193e-05
8.10219e-09	7.90097e-05
8.10276e-09	8.01878e-05
8.10332e-09	8.13537e-05
8.10389e-09	8.25073e-05
8.10445e-09	8.36486e-05
8.10502e-09	8.47775e-05
8.10558e-09	8.58941e-05
8.10614e-09	8.69982e-05
8.10671e-09	8.80898e-05
8.10727e-09	8.9169e-05
8.10784e-09	9.02357e-05
8.1084e-09	9.12898e-05
8.10897e-09	9.23314e-05
8.10953e-09	9.33604e-05
8.11009e-09	9.43767e-05
8.11066e-09	9.53804e-05
8.11122e-09	9.63715e-05
8.11179e-09	9.73499e-05
8.11235e-09	9.83156e-05
8.11292e-09	9.92686e-05
8.11348e-09	0.000100209
8.11404e-09	0.000101136
8.11461e-09	0.000102051
8.11517e-09	0.000102953
8.11574e-09	0.000103842
8.1163e-09	0.000104719
8.11687e-09	0.000105582
8.11743e-09	0.000106433
8.11799e-09	0.000107271
8.11856e-09	0.000108096
8.11912e-09	0.000108909
8.11969e-09	0.000109708
8.12025e-09	0.000110495
8.12082e-09	0.000111268
8.12138e-09	0.000112029
8.12194e-09	0.000112777
8.12251e-09	0.000113513
8.12307e-09	0.000114235
8.12364e-09	0.000114945
8.1242e-09	0.000115641
8.12477e-09	0.000116325
8.12533e-09	0.000116996
8.12589e-09	0.000117654
8.12646e-09	0.0001183
8.12702e-09	0.000118933
8.12759e-09	0.000119552
8.12815e-09	0.000120159
8.12872e-09	0.000120754
8.12928e-09	0.000121335
8.12984e-09	0.000121904
8.13041e-09	0.00012246
8.13097e-09	0.000123004
8.13154e-09	0.000123534
8.1321e-09	0.000124052
8.13266e-09	0.000124558
8.13323e-09	0.00012505
8.13379e-09	0.000125531
8.13436e-09	0.000125998
8.13492e-09	0.000126453
8.13549e-09	0.000126895
8.13605e-09	0.000127325
8.13661e-09	0.000127743
8.13718e-09	0.000128148
8.13774e-09	0.00012854
8.13831e-09	0.00012892
8.13887e-09	0.000129288
8.13944e-09	0.000129643
8.14e-09	0.000129986
8.14056e-09	0.000130317
8.14113e-09	0.000130636
8.14169e-09	0.000130942
8.14226e-09	0.000131236
8.14282e-09	0.000131518
8.14339e-09	0.000131788
8.14395e-09	0.000132045
8.14451e-09	0.000132291
8.14508e-09	0.000132525
8.14564e-09	0.000132746
8.14621e-09	0.000132956
8.14677e-09	0.000133154
8.14734e-09	0.00013334
8.1479e-09	0.000133515
8.14846e-09	0.000133677
8.14903e-09	0.000133828
8.14959e-09	0.000133967
8.15016e-09	0.000134095
8.15072e-09	0.000134211
8.15129e-09	0.000134315
8.15185e-09	0.000134408
8.15241e-09	0.000134489
8.15298e-09	0.00013456
8.15354e-09	0.000134618
8.15411e-09	0.000134666
8.15467e-09	0.000134702
8.15524e-09	0.000134727
8.1558e-09	0.000134741
8.15636e-09	0.000134744
8.15693e-09	0.000134736
8.15749e-09	0.000134717
8.15806e-09	0.000134687
8.15862e-09	0.000134646
8.15918e-09	0.000134595
8.15975e-09	0.000134532
8.16031e-09	0.000134459
8.16088e-09	0.000134376
8.16144e-09	0.000134281
8.16201e-09	0.000134177
8.16257e-09	0.000134062
8.16313e-09	0.000133936
8.1637e-09	0.0001338
8.16426e-09	0.000133654
8.16483e-09	0.000133498
8.16539e-09	0.000133331
8.16596e-09	0.000133155
8.16652e-09	0.000132968
8.16708e-09	0.000132772
8.16765e-09	0.000132565
8.16821e-09	0.000132349
8.16878e-09	0.000132123
8.16934e-09	0.000131888
8.16991e-09	0.000131642
8.17047e-09	0.000131388
8.17103e-09	0.000131123
8.1716e-09	0.00013085
8.17216e-09	0.000130567
8.17273e-09	0.000130274
8.17329e-09	0.000129973
8.17386e-09	0.000129662
8.17442e-09	0.000129343
8.17498e-09	0.000129014
8.17555e-09	0.000128677
8.17611e-09	0.00012833
8.17668e-09	0.000127975
8.17724e-09	0.000127611
8.17781e-09	0.000127239
8.17837e-09	0.000126857
8.17893e-09	0.000126468
8.1795e-09	0.00012607
8.18006e-09	0.000125664
8.18063e-09	0.000125249
8.18119e-09	0.000124826
8.18176e-09	0.000124395
8.18232e-09	0.000123956
8.18288e-09	0.00012351
8.18345e-09	0.000123055
8.18401e-09	0.000122592
8.18458e-09	0.000122122
