2.82129e-13	0
8.46388e-13	0.000122383
1.41065e-12	0.000122849
1.97491e-12	0.000123307
2.53917e-12	0.000123757
3.10342e-12	0.0001242
3.66768e-12	0.000124634
4.23194e-12	0.000125061
4.7962e-12	0.000125479
5.36046e-12	0.000125889
5.92472e-12	0.000126291
6.48898e-12	0.000126684
7.05324e-12	0.000127069
7.6175e-12	0.000127445
8.18176e-12	0.000127813
8.74601e-12	0.000128172
9.31027e-12	0.000128523
9.87453e-12	0.000128864
1.04388e-11	0.000129197
1.10031e-11	0.00012952
1.15673e-11	0.000129835
1.21316e-11	0.000130141
1.26958e-11	0.000130437
1.32601e-11	0.000130724
1.38243e-11	0.000131002
1.43886e-11	0.00013127
1.49529e-11	0.000131529
1.55171e-11	0.000131779
1.60814e-11	0.000132019
1.66456e-11	0.000132249
1.72099e-11	0.00013247
1.77742e-11	0.00013268
1.83384e-11	0.000132881
1.89027e-11	0.000133072
1.94669e-11	0.000133253
2.00312e-11	0.000133424
2.05955e-11	0.000133585
2.11597e-11	0.000133736
2.1724e-11	0.000133876
2.22882e-11	0.000134007
2.28525e-11	0.000134126
2.34167e-11	0.000134236
2.3981e-11	0.000134335
2.45453e-11	0.000134423
2.51095e-11	0.000134501
2.56738e-11	0.000134568
2.6238e-11	0.000134625
2.68023e-11	0.00013467
2.73666e-11	0.000134705
2.79308e-11	0.000134729
2.84951e-11	0.000134742
2.90593e-11	0.000134744
2.96236e-11	0.000134735
3.01879e-11	0.000134715
3.07521e-11	0.000134684
3.13164e-11	0.000134641
3.18806e-11	0.000134587
3.24449e-11	0.000134522
3.30092e-11	0.000134446
3.35734e-11	0.000134358
3.41377e-11	0.000134259
3.47019e-11	0.000134148
3.52662e-11	0.000134026
3.58304e-11	0.000133892
3.63947e-11	0.000133746
3.6959e-11	0.000133589
3.75232e-11	0.00013342
3.80875e-11	0.000133239
3.86517e-11	0.000133046
3.9216e-11	0.000132842
3.97803e-11	0.000132626
4.03445e-11	0.000132397
4.09088e-11	0.000132157
4.1473e-11	0.000131905
4.20373e-11	0.00013164
4.26016e-11	0.000131364
4.31658e-11	0.000131075
4.37301e-11	0.000130774
4.42943e-11	0.000130461
4.48586e-11	0.000130136
4.54228e-11	0.000129798
4.59871e-11	0.000129449
4.65514e-11	0.000129086
4.71156e-11	0.000128712
4.76799e-11	0.000128325
4.82441e-11	0.000127926
4.88084e-11	0.000127514
4.93727e-11	0.000127089
4.99369e-11	0.000126653
5.05012e-11	0.000126203
5.10654e-11	0.000125741
5.16297e-11	0.000125267
5.2194e-11	0.00012478
5.27582e-11	0.00012428
5.33225e-11	0.000123768
5.38867e-11	0.000123243
5.4451e-11	0.000122705
5.50153e-11	0.000122155
5.55795e-11	0.000121592
5.61438e-11	0.000121016
5.6708e-11	0.000120427
5.72723e-11	0.000119826
5.78365e-11	0.000119212
5.84008e-11	0.000118585
5.89651e-11	0.000117945
5.95293e-11	0.000117292
6.00936e-11	0.000116627
6.06578e-11	0.000115949
6.12221e-11	0.000115258
6.17864e-11	0.000114554
6.23506e-11	0.000113838
6.29149e-11	0.000113108
6.34791e-11	0.000112366
6.40434e-11	0.000111611
6.46077e-11	0.000110843
6.51719e-11	0.000110062
6.57362e-11	0.000109268
6.63004e-11	0.000108461
6.68647e-11	0.000107642
6.74289e-11	0.00010681
6.79932e-11	0.000105965
6.85575e-11	0.000105107
6.91217e-11	0.000104236
6.9686e-11	0.000103353
7.02502e-11	0.000102456
7.08145e-11	0.000101547
7.13788e-11	0.000100626
7.1943e-11	9.96911e-05
7.25073e-11	9.87438e-05
7.30715e-11	9.77838e-05
7.36358e-11	9.6811e-05
7.42001e-11	9.58256e-05
7.47643e-11	9.48276e-05
7.53286e-11	9.38169e-05
7.58928e-11	9.27935e-05
7.64571e-11	9.17576e-05
7.70214e-11	9.07091e-05
7.75856e-11	8.9648e-05
7.81499e-11	8.85744e-05
7.87141e-11	8.74884e-05
7.92784e-11	8.63898e-05
7.98426e-11	8.52789e-05
8.04069e-11	8.41555e-05
8.09712e-11	8.30197e-05
8.15354e-11	8.18716e-05
8.20997e-11	8.07112e-05
8.26639e-11	7.95385e-05
8.32282e-11	7.83536e-05
8.37925e-11	7.71565e-05
8.43567e-11	7.59473e-05
8.4921e-11	7.47259e-05
8.54852e-11	7.34925e-05
8.60495e-11	7.22471e-05
8.66138e-11	7.09896e-05
8.7178e-11	6.97202e-05
8.77423e-11	6.8439e-05
8.83065e-11	6.71459e-05
8.88708e-11	6.5841e-05
8.9435e-11	6.45243e-05
8.99993e-11	6.3196e-05
9.05636e-11	6.1856e-05
9.11278e-11	6.05044e-05
9.16921e-11	5.91414e-05
9.22563e-11	5.77668e-05
9.28206e-11	5.63808e-05
9.33849e-11	5.49835e-05
9.39491e-11	5.35749e-05
9.45134e-11	5.2155e-05
9.50776e-11	5.0724e-05
9.56419e-11	4.92818e-05
9.62062e-11	4.78287e-05
9.67704e-11	4.63645e-05
9.73347e-11	4.48894e-05
9.78989e-11	4.34035e-05
9.84632e-11	4.19069e-05
9.90275e-11	4.03995e-05
9.95917e-11	3.88815e-05
1.00156e-10	3.7353e-05
1.0072e-10	3.58139e-05
1.01284e-10	3.42645e-05
1.01849e-10	3.27048e-05
1.02413e-10	3.11348e-05
1.02977e-10	2.95546e-05
1.03542e-10	2.79644e-05
1.04106e-10	2.63641e-05
1.0467e-10	2.4754e-05
1.05234e-10	2.3134e-05
1.05799e-10	2.15043e-05
1.06363e-10	1.98649e-05
1.06927e-10	1.82159e-05
1.07491e-10	1.65575e-05
1.08056e-10	1.48896e-05
1.0862e-10	1.32125e-05
1.09184e-10	1.15262e-05
1.09748e-10	9.83071e-06
1.10313e-10	8.12626e-06
1.10877e-10	6.41288e-06
1.11441e-10	4.69069e-06
1.12005e-10	2.95977e-06
1.1257e-10	1.22024e-06
1.13134e-10	-5.27805e-07
1.13698e-10	-2.28427e-06
1.14262e-10	-4.04904e-06
1.14827e-10	-5.82201e-06
1.15391e-10	-7.60309e-06
1.15955e-10	-9.39215e-06
1.16519e-10	-1.11891e-05
1.17084e-10	-1.29938e-05
1.17648e-10	-1.48062e-05
1.18212e-10	-1.66261e-05
1.18777e-10	-1.84535e-05
1.19341e-10	-2.02881e-05
1.19905e-10	-2.213e-05
1.20469e-10	-2.3979e-05
1.21034e-10	-2.58349e-05
1.21598e-10	-2.76977e-05
1.22162e-10	-2.95672e-05
1.22726e-10	-3.14433e-05
1.23291e-10	-3.33259e-05
1.23855e-10	-3.52148e-05
1.24419e-10	-3.711e-05
1.24983e-10	-3.90113e-05
1.25548e-10	-4.09186e-05
1.26112e-10	-4.28317e-05
1.26676e-10	-4.47506e-05
1.2724e-10	-4.6675e-05
1.27805e-10	-4.86049e-05
1.28369e-10	-5.05402e-05
1.28933e-10	-5.24806e-05
1.29497e-10	-5.44261e-05
1.30062e-10	-5.63765e-05
1.30626e-10	-5.83317e-05
1.3119e-10	-6.02915e-05
1.31754e-10	-6.22559e-05
1.32319e-10	-6.42246e-05
1.32883e-10	-6.61976e-05
1.33447e-10	-6.81746e-05
1.34012e-10	-7.01556e-05
1.34576e-10	-7.21403e-05
1.3514e-10	-7.41288e-05
1.35704e-10	-7.61207e-05
1.36269e-10	-7.8116e-05
1.36833e-10	-8.01145e-05
1.37397e-10	-8.21161e-05
1.37961e-10	-8.41206e-05
1.38526e-10	-8.61278e-05
1.3909e-10	-8.81377e-05
1.39654e-10	-9.015e-05
1.40218e-10	-9.21646e-05
1.40783e-10	-9.41814e-05
1.41347e-10	-9.62001e-05
1.41911e-10	-9.82207e-05
1.42475e-10	-0.000100243
1.4304e-10	-0.000102267
1.43604e-10	-0.000104292
1.44168e-10	-0.000106318
1.44732e-10	-0.000108346
1.45297e-10	-0.000110374
1.45861e-10	-0.000112403
1.46425e-10	-0.000114432
1.46989e-10	-0.000116462
1.47554e-10	-0.000118492
1.48118e-10	-0.000120523
1.48682e-10	-0.000122553
1.49247e-10	-0.000124582
1.49811e-10	-0.000126612
1.50375e-10	-0.000128641
1.50939e-10	-0.000130668
1.51504e-10	-0.000132695
1.52068e-10	-0.000134721
1.52632e-10	-0.000136746
1.53196e-10	-0.000138769
1.53761e-10	-0.00014079
1.54325e-10	-0.00014281
1.54889e-10	-0.000144828
1.55453e-10	-0.000146843
1.56018e-10	-0.000148856
1.56582e-10	-0.000150867
1.57146e-10	-0.000152875
1.5771e-10	-0.00015488
1.58275e-10	-0.000156881
1.58839e-10	-0.00015888
1.59403e-10	-0.000160875
1.59967e-10	-0.000162867
1.60532e-10	-0.000164855
1.61096e-10	-0.000166839
1.6166e-10	-0.000168819
1.62224e-10	-0.000170794
1.62789e-10	-0.000172765
1.63353e-10	-0.000174731
1.63917e-10	-0.000176693
1.64481e-10	-0.000178649
1.65046e-10	-0.0001806
1.6561e-10	-0.000182546
1.66174e-10	-0.000184486
1.66739e-10	-0.00018642
1.67303e-10	-0.000188348
1.67867e-10	-0.00019027
1.68431e-10	-0.000192186
1.68996e-10	-0.000194095
1.6956e-10	-0.000195998
1.70124e-10	-0.000197893
1.70688e-10	-0.000199781
1.71253e-10	-0.000201662
1.71817e-10	-0.000203536
1.72381e-10	-0.000205402
1.72945e-10	-0.00020726
1.7351e-10	-0.00020911
1.74074e-10	-0.000210951
1.74638e-10	-0.000212785
1.75202e-10	-0.000214609
1.75767e-10	-0.000216425
1.76331e-10	-0.000218232
1.76895e-10	-0.000220029
1.77459e-10	-0.000221817
1.78024e-10	-0.000223596
1.78588e-10	-0.000225365
1.79152e-10	-0.000227123
1.79716e-10	-0.000228872
1.80281e-10	-0.00023061
1.80845e-10	-0.000232338
1.81409e-10	-0.000234055
1.81974e-10	-0.000235761
1.82538e-10	-0.000237456
1.83102e-10	-0.000239139
1.83666e-10	-0.000240811
1.84231e-10	-0.000242471
1.84795e-10	-0.00024412
1.85359e-10	-0.000245756
1.85923e-10	-0.00024738
1.86488e-10	-0.000248992
1.87052e-10	-0.000250591
1.87616e-10	-0.000252177
1.8818e-10	-0.00025375
1.88745e-10	-0.00025531
1.89309e-10	-0.000256856
1.89873e-10	-0.000258389
1.90437e-10	-0.000259908
1.91002e-10	-0.000261413
1.91566e-10	-0.000262903
1.9213e-10	-0.00026438
1.92694e-10	-0.000265842
1.93259e-10	-0.000267289
1.93823e-10	-0.000268721
1.94387e-10	-0.000270138
1.94951e-10	-0.000271539
1.95516e-10	-0.000272925
1.9608e-10	-0.000274296
1.96644e-10	-0.00027565
1.97209e-10	-0.000276989
1.97773e-10	-0.000278311
1.98337e-10	-0.000279617
1.98901e-10	-0.000280906
1.99466e-10	-0.000282179
2.0003e-10	-0.000283434
2.00594e-10	-0.000284672
2.01158e-10	-0.000285893
2.01723e-10	-0.000287096
2.02287e-10	-0.000288282
2.02851e-10	-0.00028945
2.03415e-10	-0.000290599
2.0398e-10	-0.000291731
2.04544e-10	-0.000292843
2.05108e-10	-0.000293938
2.05672e-10	-0.000295013
2.06237e-10	-0.00029607
2.06801e-10	-0.000297107
2.07365e-10	-0.000298125
2.07929e-10	-0.000299124
2.08494e-10	-0.000300103
2.09058e-10	-0.000301062
2.09622e-10	-0.000302001
2.10186e-10	-0.000302919
2.10751e-10	-0.000303818
2.11315e-10	-0.000304696
2.11879e-10	-0.000305553
2.12444e-10	-0.000306389
2.13008e-10	-0.000307205
2.13572e-10	-0.000307999
2.14136e-10	-0.000308772
2.14701e-10	-0.000309523
2.15265e-10	-0.000310253
2.15829e-10	-0.00031096
2.16393e-10	-0.000311646
2.16958e-10	-0.00031231
2.17522e-10	-0.000312951
2.18086e-10	-0.000313569
2.1865e-10	-0.000314166
2.19215e-10	-0.000314739
2.19779e-10	-0.000315289
2.20343e-10	-0.000315816
2.20907e-10	-0.00031632
2.21472e-10	-0.000316801
2.22036e-10	-0.000317258
2.226e-10	-0.000317691
2.23164e-10	-0.000318101
2.23729e-10	-0.000318486
2.24293e-10	-0.000318848
2.24857e-10	-0.000319185
2.25421e-10	-0.000319497
2.25986e-10	-0.000319785
2.2655e-10	-0.000320049
2.27114e-10	-0.000320287
2.27679e-10	-0.000320501
2.28243e-10	-0.000320689
2.28807e-10	-0.000320852
2.29371e-10	-0.00032099
2.29936e-10	-0.000321103
2.305e-10	-0.000321189
2.31064e-10	-0.00032125
2.31628e-10	-0.000321285
2.32193e-10	-0.000321294
2.32757e-10	-0.000321277
2.33321e-10	-0.000321234
2.33885e-10	-0.000321164
2.3445e-10	-0.000321068
2.35014e-10	-0.000320945
2.35578e-10	-0.000320796
2.36142e-10	-0.000320619
2.36707e-10	-0.000320416
2.37271e-10	-0.000320186
2.37835e-10	-0.000319928
2.38399e-10	-0.000319643
2.38964e-10	-0.000319331
2.39528e-10	-0.000318992
2.40092e-10	-0.000318624
2.40656e-10	-0.00031823
2.41221e-10	-0.000317807
2.41785e-10	-0.000317357
2.42349e-10	-0.000316878
2.42913e-10	-0.000316372
2.43478e-10	-0.000315837
2.44042e-10	-0.000315274
2.44606e-10	-0.000314683
2.45171e-10	-0.000314064
2.45735e-10	-0.000313416
2.46299e-10	-0.000312739
2.46863e-10	-0.000312034
2.47428e-10	-0.0003113
2.47992e-10	-0.000310538
2.48556e-10	-0.000309746
2.4912e-10	-0.000308926
2.49685e-10	-0.000308076
2.50249e-10	-0.000307198
2.50813e-10	-0.00030629
2.51377e-10	-0.000305354
2.51942e-10	-0.000304388
2.52506e-10	-0.000303393
2.5307e-10	-0.000302368
2.53634e-10	-0.000301314
2.54199e-10	-0.000300231
2.54763e-10	-0.000299118
2.55327e-10	-0.000297975
2.55891e-10	-0.000296803
2.56456e-10	-0.000295602
2.5702e-10	-0.00029437
2.57584e-10	-0.000293109
2.58148e-10	-0.000291819
2.58713e-10	-0.000290498
2.59277e-10	-0.000289148
2.59841e-10	-0.000287768
2.60406e-10	-0.000286358
2.6097e-10	-0.000284918
2.61534e-10	-0.000283448
2.62098e-10	-0.000281949
2.62663e-10	-0.000280419
2.63227e-10	-0.00027886
2.63791e-10	-0.00027727
2.64355e-10	-0.000275651
2.6492e-10	-0.000274001
2.65484e-10	-0.000272322
2.66048e-10	-0.000270613
2.66612e-10	-0.000268873
2.67177e-10	-0.000267104
2.67741e-10	-0.000265305
2.68305e-10	-0.000263476
2.68869e-10	-0.000261617
2.69434e-10	-0.000259728
2.69998e-10	-0.000257809
2.70562e-10	-0.00025586
2.71126e-10	-0.000253881
2.71691e-10	-0.000251873
2.72255e-10	-0.000249834
2.72819e-10	-0.000247766
2.73383e-10	-0.000245668
2.73948e-10	-0.000243541
2.74512e-10	-0.000241383
2.75076e-10	-0.000239196
2.75641e-10	-0.00023698
2.76205e-10	-0.000234734
2.76769e-10	-0.000232458
2.77333e-10	-0.000230153
2.77898e-10	-0.000227818
2.78462e-10	-0.000225455
2.79026e-10	-0.000223061
2.7959e-10	-0.000220639
2.80155e-10	-0.000218188
2.80719e-10	-0.000215707
2.81283e-10	-0.000213197
2.81847e-10	-0.000210658
2.82412e-10	-0.000208091
2.82976e-10	-0.000205495
2.8354e-10	-0.000202869
2.84104e-10	-0.000200216
2.84669e-10	-0.000197533
2.85233e-10	-0.000194823
2.85797e-10	-0.000192083
2.86361e-10	-0.000189316
2.86926e-10	-0.00018652
2.8749e-10	-0.000183696
2.88054e-10	-0.000180845
2.88618e-10	-0.000177965
2.89183e-10	-0.000175058
2.89747e-10	-0.000172122
2.90311e-10	-0.00016916
2.90876e-10	-0.00016617
2.9144e-10	-0.000163152
2.92004e-10	-0.000160108
2.92568e-10	-0.000157036
2.93133e-10	-0.000153937
2.93697e-10	-0.000150812
2.94261e-10	-0.000147659
2.94825e-10	-0.000144481
2.9539e-10	-0.000141276
2.95954e-10	-0.000138044
2.96518e-10	-0.000134786
2.97082e-10	-0.000131503
2.97647e-10	-0.000128193
2.98211e-10	-0.000124858
2.98775e-10	-0.000121498
2.99339e-10	-0.000118112
2.99904e-10	-0.000114701
3.00468e-10	-0.000111264
3.01032e-10	-0.000107803
3.01596e-10	-0.000104317
3.02161e-10	-0.000100807
3.02725e-10	-9.72721e-05
3.03289e-10	-9.37131e-05
3.03853e-10	-9.01302e-05
3.04418e-10	-8.65234e-05
3.04982e-10	-8.28929e-05
3.05546e-10	-7.92391e-05
3.06111e-10	-7.55619e-05
3.06675e-10	-7.18617e-05
3.07239e-10	-6.81387e-05
3.07803e-10	-6.43929e-05
3.08368e-10	-6.06247e-05
3.08932e-10	-5.68343e-05
3.09496e-10	-5.30218e-05
3.1006e-10	-4.91874e-05
3.10625e-10	-4.53315e-05
3.11189e-10	-4.14541e-05
3.11753e-10	-3.75555e-05
3.12317e-10	-3.3636e-05
3.12882e-10	-2.96957e-05
3.13446e-10	-2.57349e-05
3.1401e-10	-2.17538e-05
3.14574e-10	-1.77526e-05
3.15139e-10	-1.37317e-05
3.15703e-10	-9.69115e-06
3.16267e-10	-5.63127e-06
3.16831e-10	-1.55231e-06
3.17396e-10	2.54551e-06
3.1796e-10	6.66192e-06
3.18524e-10	1.07967e-05
3.19088e-10	1.49495e-05
3.19653e-10	1.91202e-05
3.20217e-10	2.33085e-05
3.20781e-10	2.75141e-05
3.21345e-10	3.17367e-05
3.2191e-10	3.59761e-05
3.22474e-10	4.0232e-05
3.23038e-10	4.45041e-05
3.23603e-10	4.87923e-05
3.24167e-10	5.3096e-05
3.24731e-10	5.74153e-05
3.25295e-10	6.17496e-05
3.2586e-10	6.60987e-05
3.26424e-10	7.04624e-05
3.26988e-10	7.48404e-05
3.27552e-10	7.92323e-05
3.28117e-10	8.36379e-05
3.28681e-10	8.80569e-05
3.29245e-10	9.24889e-05
3.29809e-10	9.69337e-05
3.30374e-10	0.000101391
3.30938e-10	0.00010586
3.31502e-10	0.000110342
3.32066e-10	0.000114834
3.32631e-10	0.000119338
3.33195e-10	0.000123853
3.33759e-10	0.000128379
3.34323e-10	0.000132914
3.34888e-10	0.00013746
3.35452e-10	0.000142015
3.36016e-10	0.00014658
3.3658e-10	0.000151153
3.37145e-10	0.000155736
3.37709e-10	0.000160326
3.38273e-10	0.000164924
3.38838e-10	0.00016953
3.39402e-10	0.000174143
3.39966e-10	0.000178763
3.4053e-10	0.00018339
3.41095e-10	0.000188023
3.41659e-10	0.000192662
3.42223e-10	0.000197306
3.42787e-10	0.000201955
3.43352e-10	0.00020661
3.43916e-10	0.000211268
3.4448e-10	0.000215931
3.45044e-10	0.000220598
3.45609e-10	0.000225267
3.46173e-10	0.00022994
3.46737e-10	0.000234616
3.47301e-10	0.000239294
3.47866e-10	0.000243973
3.4843e-10	0.000248654
3.48994e-10	0.000253336
3.49558e-10	0.000258019
3.50123e-10	0.000262703
3.50687e-10	0.000267386
3.51251e-10	0.000272069
3.51815e-10	0.000276751
3.5238e-10	0.000281432
3.52944e-10	0.000286112
3.53508e-10	0.000290789
3.54073e-10	0.000295465
3.54637e-10	0.000300137
3.55201e-10	0.000304807
3.55765e-10	0.000309472
3.5633e-10	0.000314134
3.56894e-10	0.000318792
3.57458e-10	0.000323445
3.58022e-10	0.000328093
3.58587e-10	0.000332735
3.59151e-10	0.000337372
3.59715e-10	0.000342002
3.60279e-10	0.000346625
3.60844e-10	0.000351241
3.61408e-10	0.00035585
3.61972e-10	0.000360451
3.62536e-10	0.000365043
3.63101e-10	0.000369627
3.63665e-10	0.000374201
3.64229e-10	0.000378766
3.64793e-10	0.000383321
3.65358e-10	0.000387865
3.65922e-10	0.000392399
3.66486e-10	0.000396921
3.6705e-10	0.000401432
3.67615e-10	0.00040593
3.68179e-10	0.000410416
3.68743e-10	0.000414889
3.69308e-10	0.000419348
3.69872e-10	0.000423794
3.70436e-10	0.000428225
3.71e-10	0.000432642
3.71565e-10	0.000437044
3.72129e-10	0.00044143
3.72693e-10	0.0004458
3.73257e-10	0.000450154
3.73822e-10	0.000454491
3.74386e-10	0.000458811
3.7495e-10	0.000463113
3.75514e-10	0.000467397
3.76079e-10	0.000471662
3.76643e-10	0.000475909
3.77207e-10	0.000480136
3.77771e-10	0.000484343
3.78336e-10	0.00048853
3.789e-10	0.000492697
3.79464e-10	0.000496842
3.80028e-10	0.000500966
3.80593e-10	0.000505067
3.81157e-10	0.000509147
3.81721e-10	0.000513203
3.82285e-10	0.000517236
3.8285e-10	0.000521246
3.83414e-10	0.000525231
3.83978e-10	0.000529192
3.84543e-10	0.000533127
3.85107e-10	0.000537038
3.85671e-10	0.000540922
3.86235e-10	0.00054478
3.868e-10	0.000548611
3.87364e-10	0.000552415
3.87928e-10	0.000556191
3.88492e-10	0.00055994
3.89057e-10	0.00056366
3.89621e-10	0.000567351
3.90185e-10	0.000571012
3.90749e-10	0.000574644
3.91314e-10	0.000578245
3.91878e-10	0.000581816
3.92442e-10	0.000585356
3.93006e-10	0.000588865
3.93571e-10	0.000592341
3.94135e-10	0.000595785
3.94699e-10	0.000599197
3.95263e-10	0.000602575
3.95828e-10	0.000605919
3.96392e-10	0.00060923
3.96956e-10	0.000612506
3.9752e-10	0.000615747
3.98085e-10	0.000618953
3.98649e-10	0.000622123
3.99213e-10	0.000625257
3.99777e-10	0.000628354
4.00342e-10	0.000631414
4.00906e-10	0.000634437
4.0147e-10	0.000637422
4.02035e-10	0.000640369
4.02599e-10	0.000643277
4.03163e-10	0.000646147
4.03727e-10	0.000648976
4.04292e-10	0.000651766
4.04856e-10	0.000654516
4.0542e-10	0.000657225
4.05984e-10	0.000659893
4.06549e-10	0.000662519
4.07113e-10	0.000665104
4.07677e-10	0.000667646
4.08241e-10	0.000670146
4.08806e-10	0.000672602
4.0937e-10	0.000675015
4.09934e-10	0.000677384
4.10498e-10	0.000679709
4.11063e-10	0.00068199
4.11627e-10	0.000684225
4.12191e-10	0.000686415
4.12755e-10	0.000688559
4.1332e-10	0.000690657
4.13884e-10	0.000692709
4.14448e-10	0.000694714
4.15012e-10	0.000696671
4.15577e-10	0.000698581
4.16141e-10	0.000700442
4.16705e-10	0.000702256
4.1727e-10	0.00070402
4.17834e-10	0.000705736
4.18398e-10	0.000707402
4.18962e-10	0.000709018
4.19527e-10	0.000710584
4.20091e-10	0.0007121
4.20655e-10	0.000713565
4.21219e-10	0.000714978
4.21784e-10	0.00071634
4.22348e-10	0.00071765
4.22912e-10	0.000718908
4.23476e-10	0.000720113
4.24041e-10	0.000721266
4.24605e-10	0.000722365
4.25169e-10	0.00072341
4.25733e-10	0.000724402
4.26298e-10	0.000725339
4.26862e-10	0.000726222
4.27426e-10	0.000727051
4.2799e-10	0.000727824
4.28555e-10	0.000728541
4.29119e-10	0.000729203
4.29683e-10	0.000729809
4.30247e-10	0.000730358
4.30812e-10	0.000730851
4.31376e-10	0.000731287
4.3194e-10	0.000731666
4.32505e-10	0.000731987
4.33069e-10	0.00073225
4.33633e-10	0.000732455
4.34197e-10	0.000732602
4.34762e-10	0.000732691
4.35326e-10	0.00073272
4.3589e-10	0.000732691
4.36454e-10	0.000732602
4.37019e-10	0.000732453
4.37583e-10	0.000732244
4.38147e-10	0.000731975
4.38711e-10	0.000731646
4.39276e-10	0.000731257
4.3984e-10	0.000730806
4.40404e-10	0.000730294
4.40968e-10	0.000729721
4.41533e-10	0.000729086
4.42097e-10	0.00072839
4.42661e-10	0.000727632
4.43225e-10	0.000726811
4.4379e-10	0.000725928
4.44354e-10	0.000724982
4.44918e-10	0.000723974
4.45482e-10	0.000722902
4.46047e-10	0.000721767
4.46611e-10	0.000720569
4.47175e-10	0.000719308
4.4774e-10	0.000717982
4.48304e-10	0.000716593
4.48868e-10	0.00071514
4.49432e-10	0.000713622
4.49997e-10	0.00071204
4.50561e-10	0.000710393
4.51125e-10	0.000708682
4.51689e-10	0.000706905
4.52254e-10	0.000705064
4.52818e-10	0.000703158
4.53382e-10	0.000701186
4.53946e-10	0.000699149
4.54511e-10	0.000697046
4.55075e-10	0.000694878
4.55639e-10	0.000692644
4.56203e-10	0.000690344
4.56768e-10	0.000687978
4.57332e-10	0.000685546
4.57896e-10	0.000683048
4.5846e-10	0.000680484
4.59025e-10	0.000677853
4.59589e-10	0.000675156
4.60153e-10	0.000672393
4.60717e-10	0.000669563
4.61282e-10	0.000666666
4.61846e-10	0.000663703
4.6241e-10	0.000660673
4.62975e-10	0.000657576
4.63539e-10	0.000654412
4.64103e-10	0.000651182
4.64667e-10	0.000647885
4.65232e-10	0.00064452
4.65796e-10	0.000641089
4.6636e-10	0.000637591
4.66924e-10	0.000634026
4.67489e-10	0.000630394
4.68053e-10	0.000626695
4.68617e-10	0.000622929
4.69181e-10	0.000619097
4.69746e-10	0.000615197
4.7031e-10	0.000611231
4.70874e-10	0.000607197
4.71438e-10	0.000603097
4.72003e-10	0.00059893
4.72567e-10	0.000594697
4.73131e-10	0.000590396
4.73695e-10	0.000586029
4.7426e-10	0.000581596
4.74824e-10	0.000577096
4.75388e-10	0.00057253
4.75952e-10	0.000567897
4.76517e-10	0.000563198
4.77081e-10	0.000558433
4.77645e-10	0.000553602
4.78209e-10	0.000548705
4.78774e-10	0.000543742
4.79338e-10	0.000538713
4.79902e-10	0.000533619
4.80467e-10	0.000528459
4.81031e-10	0.000523234
4.81595e-10	0.000517944
4.82159e-10	0.000512589
4.82724e-10	0.000507169
4.83288e-10	0.000501684
4.83852e-10	0.000496134
4.84416e-10	0.00049052
4.84981e-10	0.000484842
4.85545e-10	0.0004791
4.86109e-10	0.000473294
4.86673e-10	0.000467424
4.87238e-10	0.000461491
4.87802e-10	0.000455495
4.88366e-10	0.000449435
4.8893e-10	0.000443313
4.89495e-10	0.000437128
4.90059e-10	0.000430881
4.90623e-10	0.000424572
4.91187e-10	0.0004182
4.91752e-10	0.000411767
4.92316e-10	0.000405273
4.9288e-10	0.000398717
4.93444e-10	0.000392101
4.94009e-10	0.000385424
4.94573e-10	0.000378687
4.95137e-10	0.000371889
4.95702e-10	0.000365032
4.96266e-10	0.000358116
4.9683e-10	0.00035114
4.97394e-10	0.000344105
4.97959e-10	0.000337012
4.98523e-10	0.000329861
4.99087e-10	0.000322652
4.99651e-10	0.000315386
5.00216e-10	0.000308062
5.0078e-10	0.000300681
5.01344e-10	0.000293244
5.01908e-10	0.000285751
5.02473e-10	0.000278202
5.03037e-10	0.000270597
5.03601e-10	0.000262938
5.04165e-10	0.000255224
5.0473e-10	0.000247456
5.05294e-10	0.000239633
5.05858e-10	0.000231758
5.06422e-10	0.000223829
5.06987e-10	0.000215848
5.07551e-10	0.000207815
5.08115e-10	0.000199729
5.08679e-10	0.000191593
5.09244e-10	0.000183405
5.09808e-10	0.000175167
5.10372e-10	0.000166879
5.10937e-10	0.000158542
5.11501e-10	0.000150155
5.12065e-10	0.00014172
5.12629e-10	0.000133237
5.13194e-10	0.000124706
5.13758e-10	0.000116128
5.14322e-10	0.000107503
5.14886e-10	9.88319e-05
5.15451e-10	9.01152e-05
5.16015e-10	8.13534e-05
5.16579e-10	7.25468e-05
5.17143e-10	6.36962e-05
5.17708e-10	5.48019e-05
5.18272e-10	4.58646e-05
5.18836e-10	3.68848e-05
5.194e-10	2.7863e-05
5.19965e-10	1.87997e-05
5.20529e-10	9.69558e-06
5.21093e-10	5.51154e-07
5.21657e-10	-8.63302e-06
5.22222e-10	-1.78563e-05
5.22786e-10	-2.71183e-05
5.2335e-10	-3.64182e-05
5.23914e-10	-4.57555e-05
5.24479e-10	-5.51296e-05
5.25043e-10	-6.454e-05
5.25607e-10	-7.39859e-05
5.26172e-10	-8.34669e-05
5.26736e-10	-9.29822e-05
5.273e-10	-0.000102531
5.27864e-10	-0.000112113
5.28429e-10	-0.000121728
5.28993e-10	-0.000131374
5.29557e-10	-0.000141052
5.30121e-10	-0.00015076
5.30686e-10	-0.000160498
5.3125e-10	-0.000170266
5.31814e-10	-0.000180061
5.32378e-10	-0.000189885
5.32943e-10	-0.000199736
5.33507e-10	-0.000209613
5.34071e-10	-0.000219517
5.34635e-10	-0.000229445
5.352e-10	-0.000239398
5.35764e-10	-0.000249374
5.36328e-10	-0.000259374
5.36892e-10	-0.000269396
5.37457e-10	-0.000279439
5.38021e-10	-0.000289504
5.38585e-10	-0.000299588
5.39149e-10	-0.000309692
5.39714e-10	-0.000319815
5.40278e-10	-0.000329955
5.40842e-10	-0.000340113
5.41407e-10	-0.000350287
5.41971e-10	-0.000360477
5.42535e-10	-0.000370682
5.43099e-10	-0.000380901
5.43664e-10	-0.000391133
5.44228e-10	-0.000401378
5.44792e-10	-0.000411634
5.45356e-10	-0.000421902
5.45921e-10	-0.00043218
5.46485e-10	-0.000442468
5.47049e-10	-0.000452764
5.47613e-10	-0.000463068
5.48178e-10	-0.000473379
5.48742e-10	-0.000483697
5.49306e-10	-0.00049402
5.4987e-10	-0.000504347
5.50435e-10	-0.000514679
5.50999e-10	-0.000525013
5.51563e-10	-0.00053535
5.52127e-10	-0.000545687
5.52692e-10	-0.000556026
5.53256e-10	-0.000566364
5.5382e-10	-0.000576701
5.54384e-10	-0.000587036
5.54949e-10	-0.000597368
5.55513e-10	-0.000607696
5.56077e-10	-0.00061802
5.56641e-10	-0.000628339
5.57206e-10	-0.000638651
5.5777e-10	-0.000648956
5.58334e-10	-0.000659253
5.58899e-10	-0.000669541
5.59463e-10	-0.000679819
5.60027e-10	-0.000690087
5.60591e-10	-0.000700344
5.61156e-10	-0.000710587
5.6172e-10	-0.000720818
5.62284e-10	-0.000731034
5.62848e-10	-0.000741236
5.63413e-10	-0.000751421
5.63977e-10	-0.00076159
5.64541e-10	-0.000771741
5.65105e-10	-0.000781873
5.6567e-10	-0.000791986
5.66234e-10	-0.000802078
5.66798e-10	-0.000812149
5.67362e-10	-0.000822198
5.67927e-10	-0.000832224
5.68491e-10	-0.000842225
5.69055e-10	-0.000852202
5.69619e-10	-0.000862152
5.70184e-10	-0.000872076
5.70748e-10	-0.000881972
5.71312e-10	-0.000891839
5.71876e-10	-0.000901677
5.72441e-10	-0.000911485
5.73005e-10	-0.00092126
5.73569e-10	-0.000931004
5.74134e-10	-0.000940714
5.74698e-10	-0.00095039
5.75262e-10	-0.000960031
5.75826e-10	-0.000969636
5.76391e-10	-0.000979204
5.76955e-10	-0.000988733
5.77519e-10	-0.000998224
5.78083e-10	-0.00100768
5.78648e-10	-0.00101709
5.79212e-10	-0.00102645
5.79776e-10	-0.00103578
5.8034e-10	-0.00104506
5.80905e-10	-0.0010543
5.81469e-10	-0.00106349
5.82033e-10	-0.00107264
5.82597e-10	-0.00108174
5.83162e-10	-0.00109079
5.83726e-10	-0.00109979
5.8429e-10	-0.00110874
5.84854e-10	-0.00111764
5.85419e-10	-0.00112649
5.85983e-10	-0.00113529
5.86547e-10	-0.00114403
5.87111e-10	-0.00115271
5.87676e-10	-0.00116134
5.8824e-10	-0.00116992
5.88804e-10	-0.00117844
5.89369e-10	-0.00118689
5.89933e-10	-0.00119529
5.90497e-10	-0.00120363
5.91061e-10	-0.00121191
5.91626e-10	-0.00122012
5.9219e-10	-0.00122827
5.92754e-10	-0.00123636
5.93318e-10	-0.00124438
5.93883e-10	-0.00125234
5.94447e-10	-0.00126022
5.95011e-10	-0.00126805
5.95575e-10	-0.0012758
5.9614e-10	-0.00128348
5.96704e-10	-0.00129109
5.97268e-10	-0.00129863
5.97832e-10	-0.0013061
5.98397e-10	-0.0013135
5.98961e-10	-0.00132082
5.99525e-10	-0.00132806
6.00089e-10	-0.00133523
6.00654e-10	-0.00134232
6.01218e-10	-0.00134934
6.01782e-10	-0.00135627
6.02346e-10	-0.00136313
6.02911e-10	-0.0013699
6.03475e-10	-0.0013766
6.04039e-10	-0.00138321
6.04604e-10	-0.00138974
6.05168e-10	-0.00139618
6.05732e-10	-0.00140254
6.06296e-10	-0.00140881
6.06861e-10	-0.001415
6.07425e-10	-0.0014211
6.07989e-10	-0.00142711
6.08553e-10	-0.00143303
6.09118e-10	-0.00143886
6.09682e-10	-0.0014446
6.10246e-10	-0.00145025
6.1081e-10	-0.0014558
6.11375e-10	-0.00146127
6.11939e-10	-0.00146663
6.12503e-10	-0.0014719
6.13067e-10	-0.00147708
6.13632e-10	-0.00148216
6.14196e-10	-0.00148714
6.1476e-10	-0.00149202
6.15324e-10	-0.00149681
6.15889e-10	-0.00150149
6.16453e-10	-0.00150607
6.17017e-10	-0.00151055
6.17581e-10	-0.00151493
6.18146e-10	-0.00151921
6.1871e-10	-0.00152338
6.19274e-10	-0.00152744
6.19839e-10	-0.0015314
6.20403e-10	-0.00153526
6.20967e-10	-0.00153901
6.21531e-10	-0.00154264
6.22096e-10	-0.00154617
6.2266e-10	-0.0015496
6.23224e-10	-0.00155291
6.23788e-10	-0.00155611
6.24353e-10	-0.00155919
6.24917e-10	-0.00156217
6.25481e-10	-0.00156503
6.26045e-10	-0.00156778
6.2661e-10	-0.00157042
6.27174e-10	-0.00157294
6.27738e-10	-0.00157534
6.28302e-10	-0.00157763
6.28867e-10	-0.0015798
6.29431e-10	-0.00158185
6.29995e-10	-0.00158378
6.30559e-10	-0.0015856
6.31124e-10	-0.00158729
6.31688e-10	-0.00158887
6.32252e-10	-0.00159032
6.32816e-10	-0.00159165
6.33381e-10	-0.00159286
6.33945e-10	-0.00159395
6.34509e-10	-0.00159491
6.35073e-10	-0.00159575
6.35638e-10	-0.00159646
6.36202e-10	-0.00159705
6.36766e-10	-0.00159752
6.37331e-10	-0.00159785
6.37895e-10	-0.00159806
6.38459e-10	-0.00159814
6.39023e-10	-0.0015981
6.39588e-10	-0.00159792
6.40152e-10	-0.00159762
6.40716e-10	-0.00159719
6.4128e-10	-0.00159662
6.41845e-10	-0.00159593
6.42409e-10	-0.0015951
6.42973e-10	-0.00159415
6.43537e-10	-0.00159306
6.44102e-10	-0.00159184
6.44666e-10	-0.00159048
6.4523e-10	-0.00158899
6.45794e-10	-0.00158737
6.46359e-10	-0.00158562
6.46923e-10	-0.00158373
6.47487e-10	-0.0015817
6.48051e-10	-0.00157954
6.48616e-10	-0.00157724
6.4918e-10	-0.00157481
6.49744e-10	-0.00157224
6.50308e-10	-0.00156953
6.50873e-10	-0.00156669
6.51437e-10	-0.0015637
6.52001e-10	-0.00156058
6.52566e-10	-0.00155732
6.5313e-10	-0.00155393
6.53694e-10	-0.00155039
6.54258e-10	-0.00154671
6.54823e-10	-0.0015429
6.55387e-10	-0.00153894
6.55951e-10	-0.00153485
6.56515e-10	-0.00153061
6.5708e-10	-0.00152624
6.57644e-10	-0.00152172
6.58208e-10	-0.00151706
6.58772e-10	-0.00151226
6.59337e-10	-0.00150732
6.59901e-10	-0.00150224
6.60465e-10	-0.00149701
6.61029e-10	-0.00149165
6.61594e-10	-0.00148614
6.62158e-10	-0.00148049
6.62722e-10	-0.0014747
6.63286e-10	-0.00146876
6.63851e-10	-0.00146268
6.64415e-10	-0.00145646
6.64979e-10	-0.0014501
6.65543e-10	-0.00144359
6.66108e-10	-0.00143694
6.66672e-10	-0.00143015
6.67236e-10	-0.00142321
6.67801e-10	-0.00141613
6.68365e-10	-0.00140891
6.68929e-10	-0.00140154
6.69493e-10	-0.00139404
6.70058e-10	-0.00138638
6.70622e-10	-0.00137859
6.71186e-10	-0.00137065
6.7175e-10	-0.00136257
6.72315e-10	-0.00135435
6.72879e-10	-0.00134598
6.73443e-10	-0.00133747
6.74007e-10	-0.00132882
6.74572e-10	-0.00132002
6.75136e-10	-0.00131109
6.757e-10	-0.00130201
6.76264e-10	-0.00129279
6.76829e-10	-0.00128342
6.77393e-10	-0.00127392
6.77957e-10	-0.00126427
6.78521e-10	-0.00125448
6.79086e-10	-0.00124455
6.7965e-10	-0.00123448
6.80214e-10	-0.00122427
6.80778e-10	-0.00121391
6.81343e-10	-0.00120342
6.81907e-10	-0.00119279
6.82471e-10	-0.00118202
6.83036e-10	-0.0011711
6.836e-10	-0.00116005
6.84164e-10	-0.00114886
6.84728e-10	-0.00113753
6.85293e-10	-0.00112607
6.85857e-10	-0.00111446
6.86421e-10	-0.00110272
6.86985e-10	-0.00109084
6.8755e-10	-0.00107883
6.88114e-10	-0.00106667
6.88678e-10	-0.00105439
6.89242e-10	-0.00104196
6.89807e-10	-0.0010294
6.90371e-10	-0.00101671
6.90935e-10	-0.00100388
6.91499e-10	-0.000990923
6.92064e-10	-0.00097783
6.92628e-10	-0.000964604
6.93192e-10	-0.000951246
6.93756e-10	-0.000937756
6.94321e-10	-0.000924136
6.94885e-10	-0.000910385
6.95449e-10	-0.000896504
6.96013e-10	-0.000882494
6.96578e-10	-0.000868356
6.97142e-10	-0.000854089
6.97706e-10	-0.000839695
6.98271e-10	-0.000825175
6.98835e-10	-0.000810528
6.99399e-10	-0.000795756
6.99963e-10	-0.00078086
7.00528e-10	-0.000765839
7.01092e-10	-0.000750695
7.01656e-10	-0.000735428
7.0222e-10	-0.000720039
7.02785e-10	-0.00070453
7.03349e-10	-0.0006889
7.03913e-10	-0.00067315
7.04477e-10	-0.000657281
7.05042e-10	-0.000641295
7.05606e-10	-0.000625191
7.0617e-10	-0.000608971
7.06734e-10	-0.000592635
7.07299e-10	-0.000576184
7.07863e-10	-0.00055962
7.08427e-10	-0.000542942
7.08991e-10	-0.000526153
7.09556e-10	-0.000509252
7.1012e-10	-0.000492241
7.10684e-10	-0.000475121
7.11248e-10	-0.000457892
7.11813e-10	-0.000440555
7.12377e-10	-0.000423112
7.12941e-10	-0.000405564
7.13505e-10	-0.000387911
7.1407e-10	-0.000370154
7.14634e-10	-0.000352295
7.15198e-10	-0.000334334
7.15763e-10	-0.000316273
7.16327e-10	-0.000298112
7.16891e-10	-0.000279853
7.17455e-10	-0.000261496
7.1802e-10	-0.000243043
7.18584e-10	-0.000224496
7.19148e-10	-0.000205854
7.19712e-10	-0.000187119
7.20277e-10	-0.000168292
7.20841e-10	-0.000149375
7.21405e-10	-0.000130368
7.21969e-10	-0.000111273
7.22534e-10	-9.20904e-05
7.23098e-10	-7.28222e-05
7.23662e-10	-5.34693e-05
7.24226e-10	-3.40328e-05
7.24791e-10	-1.45141e-05
7.25355e-10	5.08573e-06
7.25919e-10	2.47653e-05
7.26483e-10	4.45235e-05
7.27048e-10	6.43589e-05
7.27612e-10	8.42702e-05
7.28176e-10	0.000104256
7.2874e-10	0.000124316
7.29305e-10	0.000144447
7.29869e-10	0.000164649
7.30433e-10	0.000184921
7.30998e-10	0.00020526
7.31562e-10	0.000225667
7.32126e-10	0.000246138
7.3269e-10	0.000266673
7.33255e-10	0.000287271
7.33819e-10	0.00030793
7.34383e-10	0.000328649
7.34947e-10	0.000349425
7.35512e-10	0.000370259
7.36076e-10	0.000391148
7.3664e-10	0.000412091
7.37204e-10	0.000433086
7.37769e-10	0.000454132
7.38333e-10	0.000475228
7.38897e-10	0.000496371
7.39461e-10	0.000517561
7.40026e-10	0.000538796
7.4059e-10	0.000560074
7.41154e-10	0.000581394
7.41718e-10	0.000602754
7.42283e-10	0.000624153
7.42847e-10	0.00064559
7.43411e-10	0.000667061
7.43975e-10	0.000688567
7.4454e-10	0.000710105
7.45104e-10	0.000731674
7.45668e-10	0.000753272
7.46233e-10	0.000774897
7.46797e-10	0.000796549
7.47361e-10	0.000818225
7.47925e-10	0.000839923
7.4849e-10	0.000861642
7.49054e-10	0.000883381
7.49618e-10	0.000905137
7.50182e-10	0.000926909
7.50747e-10	0.000948695
7.51311e-10	0.000970494
7.51875e-10	0.000992303
7.52439e-10	0.00101412
7.53004e-10	0.00103595
7.53568e-10	0.00105778
7.54132e-10	0.00107962
7.54696e-10	0.00110145
7.55261e-10	0.00112329
7.55825e-10	0.00114513
7.56389e-10	0.00116696
7.56953e-10	0.00118879
7.57518e-10	0.00121061
7.58082e-10	0.00123243
7.58646e-10	0.00125423
7.5921e-10	0.00127602
7.59775e-10	0.0012978
7.60339e-10	0.00131956
7.60903e-10	0.00134131
7.61468e-10	0.00136303
7.62032e-10	0.00138474
7.62596e-10	0.00140642
7.6316e-10	0.00142807
7.63725e-10	0.0014497
7.64289e-10	0.0014713
7.64853e-10	0.00149287
7.65417e-10	0.00151441
7.65982e-10	0.00153592
7.66546e-10	0.00155738
7.6711e-10	0.00157882
7.67674e-10	0.00160021
7.68239e-10	0.00162156
7.68803e-10	0.00164286
7.69367e-10	0.00166412
7.69931e-10	0.00168533
7.70496e-10	0.0017065
7.7106e-10	0.00172761
7.71624e-10	0.00174867
7.72188e-10	0.00176968
7.72753e-10	0.00179062
7.73317e-10	0.00181151
7.73881e-10	0.00183234
7.74445e-10	0.00185311
7.7501e-10	0.00187381
7.75574e-10	0.00189444
7.76138e-10	0.00191501
7.76703e-10	0.00193551
7.77267e-10	0.00195593
7.77831e-10	0.00197628
7.78395e-10	0.00199655
7.7896e-10	0.00201675
7.79524e-10	0.00203687
7.80088e-10	0.0020569
7.80652e-10	0.00207685
7.81217e-10	0.00209671
7.81781e-10	0.00211649
7.82345e-10	0.00213618
7.82909e-10	0.00215577
7.83474e-10	0.00217527
7.84038e-10	0.00219468
7.84602e-10	0.00221399
7.85166e-10	0.0022332
7.85731e-10	0.0022523
7.86295e-10	0.00227131
7.86859e-10	0.00229021
7.87423e-10	0.002309
7.87988e-10	0.00232768
7.88552e-10	0.00234625
7.89116e-10	0.00236471
7.8968e-10	0.00238306
7.90245e-10	0.00240128
7.90809e-10	0.00241939
7.91373e-10	0.00243738
7.91937e-10	0.00245524
7.92502e-10	0.00247298
7.93066e-10	0.00249059
7.9363e-10	0.00250808
7.94195e-10	0.00252543
7.94759e-10	0.00254265
7.95323e-10	0.00255974
7.95887e-10	0.00257669
7.96452e-10	0.0025935
7.97016e-10	0.00261018
7.9758e-10	0.00262671
7.98144e-10	0.0026431
7.98709e-10	0.00265934
7.99273e-10	0.00267543
7.99837e-10	0.00269138
8.00401e-10	0.00270717
8.00966e-10	0.00272281
8.0153e-10	0.00273829
8.02094e-10	0.00275362
8.02658e-10	0.00276879
8.03223e-10	0.0027838
8.03787e-10	0.00279865
8.04351e-10	0.00281333
8.04915e-10	0.00282784
8.0548e-10	0.00284219
8.06044e-10	0.00285637
8.06608e-10	0.00287037
8.07172e-10	0.00288421
8.07737e-10	0.00289786
8.08301e-10	0.00291134
8.08865e-10	0.00292465
8.0943e-10	0.00293777
8.09994e-10	0.00295071
8.10558e-10	0.00296346
8.11122e-10	0.00297603
8.11687e-10	0.00298841
8.12251e-10	0.0030006
8.12815e-10	0.0030126
8.13379e-10	0.00302441
8.13944e-10	0.00303602
8.14508e-10	0.00304743
8.15072e-10	0.00305865
8.15636e-10	0.00306967
8.16201e-10	0.00308049
8.16765e-10	0.0030911
8.17329e-10	0.00310151
8.17893e-10	0.00311171
8.18458e-10	0.00312171
8.19022e-10	0.00313149
8.19586e-10	0.00314107
8.2015e-10	0.00315043
8.20715e-10	0.00315958
8.21279e-10	0.00316851
8.21843e-10	0.00317722
8.22407e-10	0.00318571
8.22972e-10	0.00319399
8.23536e-10	0.00320204
8.241e-10	0.00320986
8.24665e-10	0.00321747
8.25229e-10	0.00322484
8.25793e-10	0.00323199
8.26357e-10	0.0032389
8.26922e-10	0.00324559
8.27486e-10	0.00325204
8.2805e-10	0.00325826
8.28614e-10	0.00326425
8.29179e-10	0.00326999
8.29743e-10	0.0032755
8.30307e-10	0.00328077
8.30871e-10	0.00328579
8.31436e-10	0.00329058
8.32e-10	0.00329512
8.32564e-10	0.00329942
8.33128e-10	0.00330347
8.33693e-10	0.00330727
8.34257e-10	0.00331082
8.34821e-10	0.00331412
8.35385e-10	0.00331717
8.3595e-10	0.00331997
8.36514e-10	0.00332251
8.37078e-10	0.0033248
8.37642e-10	0.00332683
8.38207e-10	0.00332861
8.38771e-10	0.00333012
8.39335e-10	0.00333138
8.399e-10	0.00333237
8.40464e-10	0.00333311
8.41028e-10	0.00333358
8.41592e-10	0.00333378
8.42157e-10	0.00333372
8.42721e-10	0.0033334
8.43285e-10	0.0033328
8.43849e-10	0.00333194
8.44414e-10	0.00333081
8.44978e-10	0.00332941
8.45542e-10	0.00332773
8.46106e-10	0.00332579
8.46671e-10	0.00332357
8.47235e-10	0.00332108
8.47799e-10	0.00331831
8.48363e-10	0.00331526
8.48928e-10	0.00331194
8.49492e-10	0.00330835
8.50056e-10	0.00330447
8.5062e-10	0.00330032
8.51185e-10	0.00329588
8.51749e-10	0.00329117
8.52313e-10	0.00328617
8.52877e-10	0.00328089
8.53442e-10	0.00327533
8.54006e-10	0.00326949
8.5457e-10	0.00326336
8.55134e-10	0.00325695
8.55699e-10	0.00325025
8.56263e-10	0.00324327
8.56827e-10	0.003236
8.57392e-10	0.00322844
8.57956e-10	0.0032206
8.5852e-10	0.00321246
8.59084e-10	0.00320404
8.59649e-10	0.00319534
8.60213e-10	0.00318634
8.60777e-10	0.00317705
8.61341e-10	0.00316747
8.61906e-10	0.00315761
8.6247e-10	0.00314745
8.63034e-10	0.003137
8.63598e-10	0.00312626
8.64163e-10	0.00311523
8.64727e-10	0.0031039
8.65291e-10	0.00309229
8.65855e-10	0.00308038
8.6642e-10	0.00306818
8.66984e-10	0.00305568
8.67548e-10	0.0030429
8.68112e-10	0.00302982
8.68677e-10	0.00301645
8.69241e-10	0.00300278
8.69805e-10	0.00298883
8.70369e-10	0.00297457
8.70934e-10	0.00296003
8.71498e-10	0.00294519
8.72062e-10	0.00293006
8.72627e-10	0.00291464
8.73191e-10	0.00289893
8.73755e-10	0.00288292
8.74319e-10	0.00286662
8.74884e-10	0.00285002
8.75448e-10	0.00283314
8.76012e-10	0.00281596
8.76576e-10	0.00279849
8.77141e-10	0.00278073
8.77705e-10	0.00276268
8.78269e-10	0.00274434
8.78833e-10	0.0027257
8.79398e-10	0.00270678
8.79962e-10	0.00268757
8.80526e-10	0.00266807
8.8109e-10	0.00264827
8.81655e-10	0.00262819
8.82219e-10	0.00260783
8.82783e-10	0.00258717
8.83347e-10	0.00256623
8.83912e-10	0.002545
8.84476e-10	0.00252349
8.8504e-10	0.00250169
8.85604e-10	0.00247961
8.86169e-10	0.00245724
8.86733e-10	0.00243459
8.87297e-10	0.00241166
8.87862e-10	0.00238845
8.88426e-10	0.00236495
8.8899e-10	0.00234118
8.89554e-10	0.00231712
8.90119e-10	0.00229279
8.90683e-10	0.00226818
8.91247e-10	0.0022433
8.91811e-10	0.00221813
8.92376e-10	0.0021927
8.9294e-10	0.00216699
8.93504e-10	0.002141
8.94068e-10	0.00211475
8.94633e-10	0.00208822
8.95197e-10	0.00206143
8.95761e-10	0.00203437
8.96325e-10	0.00200704
8.9689e-10	0.00197944
8.97454e-10	0.00195158
8.98018e-10	0.00192345
8.98582e-10	0.00189507
8.99147e-10	0.00186642
8.99711e-10	0.00183751
9.00275e-10	0.00180834
9.00839e-10	0.00177892
9.01404e-10	0.00174924
9.01968e-10	0.0017193
9.02532e-10	0.00168912
9.03097e-10	0.00165868
9.03661e-10	0.00162799
9.04225e-10	0.00159705
9.04789e-10	0.00156586
9.05354e-10	0.00153443
9.05918e-10	0.00150276
9.06482e-10	0.00147084
9.07046e-10	0.00143868
9.07611e-10	0.00140628
9.08175e-10	0.00137365
9.08739e-10	0.00134078
9.09303e-10	0.00130768
9.09868e-10	0.00127434
9.10432e-10	0.00124077
9.10996e-10	0.00120698
9.1156e-10	0.00117295
9.12125e-10	0.00113871
9.12689e-10	0.00110424
9.13253e-10	0.00106954
9.13817e-10	0.00103463
9.14382e-10	0.000999505
9.14946e-10	0.000964161
9.1551e-10	0.000928604
9.16074e-10	0.000892837
9.16639e-10	0.000856859
9.17203e-10	0.000820675
9.17767e-10	0.000784286
9.18332e-10	0.000747694
9.18896e-10	0.000710901
9.1946e-10	0.00067391
9.20024e-10	0.000636722
9.20589e-10	0.000599341
9.21153e-10	0.000561767
9.21717e-10	0.000524004
9.22281e-10	0.000486054
9.22846e-10	0.000447919
9.2341e-10	0.000409601
9.23974e-10	0.000371103
9.24538e-10	0.000332428
9.25103e-10	0.000293577
9.25667e-10	0.000254553
9.26231e-10	0.000215359
9.26795e-10	0.000175996
9.2736e-10	0.000136469
9.27924e-10	9.67779e-05
9.28488e-10	5.69269e-05
9.29052e-10	1.69182e-05
9.29617e-10	-2.32457e-05
9.30181e-10	-6.3562e-05
9.30745e-10	-0.000104028
9.31309e-10	-0.000144642
9.31874e-10	-0.0001854
9.32438e-10	-0.000226299
9.33002e-10	-0.000267338
9.33566e-10	-0.000308513
9.34131e-10	-0.000349822
9.34695e-10	-0.000391261
9.35259e-10	-0.000432828
9.35824e-10	-0.00047452
9.36388e-10	-0.000516334
9.36952e-10	-0.000558268
9.37516e-10	-0.000600317
9.38081e-10	-0.000642481
9.38645e-10	-0.000684754
9.39209e-10	-0.000727136
9.39773e-10	-0.000769621
9.40338e-10	-0.000812209
9.40902e-10	-0.000854894
9.41466e-10	-0.000897676
9.4203e-10	-0.000940549
9.42595e-10	-0.000983512
9.43159e-10	-0.00102656
9.43723e-10	-0.00106969
9.44287e-10	-0.0011129
9.44852e-10	-0.00115619
9.45416e-10	-0.00119956
9.4598e-10	-0.00124299
9.46544e-10	-0.00128649
9.47109e-10	-0.00133005
9.47673e-10	-0.00137368
9.48237e-10	-0.00141736
9.48801e-10	-0.00146109
9.49366e-10	-0.00150488
9.4993e-10	-0.00154871
9.50494e-10	-0.00159259
9.51059e-10	-0.00163651
9.51623e-10	-0.00168047
9.52187e-10	-0.00172446
9.52751e-10	-0.00176848
9.53316e-10	-0.00181253
9.5388e-10	-0.0018566
9.54444e-10	-0.00190069
9.55008e-10	-0.0019448
9.55573e-10	-0.00198892
9.56137e-10	-0.00203306
9.56701e-10	-0.0020772
9.57265e-10	-0.00212134
9.5783e-10	-0.00216548
9.58394e-10	-0.00220962
9.58958e-10	-0.00225375
9.59522e-10	-0.00229787
9.60087e-10	-0.00234197
9.60651e-10	-0.00238606
9.61215e-10	-0.00243012
9.61779e-10	-0.00247416
9.62344e-10	-0.00251816
9.62908e-10	-0.00256214
9.63472e-10	-0.00260608
9.64036e-10	-0.00264998
9.64601e-10	-0.00269383
9.65165e-10	-0.00273764
9.65729e-10	-0.0027814
9.66294e-10	-0.0028251
9.66858e-10	-0.00286874
9.67422e-10	-0.00291232
9.67986e-10	-0.00295583
9.68551e-10	-0.00299928
9.69115e-10	-0.00304265
9.69679e-10	-0.00308594
9.70243e-10	-0.00312915
9.70808e-10	-0.00317228
9.71372e-10	-0.00321532
9.71936e-10	-0.00325826
9.725e-10	-0.00330111
9.73065e-10	-0.00334386
9.73629e-10	-0.00338651
9.74193e-10	-0.00342904
9.74757e-10	-0.00347147
9.75322e-10	-0.00351378
9.75886e-10	-0.00355597
9.7645e-10	-0.00359804
9.77014e-10	-0.00363998
9.77579e-10	-0.00368179
9.78143e-10	-0.00372347
9.78707e-10	-0.00376501
9.79271e-10	-0.00380641
9.79836e-10	-0.00384766
9.804e-10	-0.00388876
9.80964e-10	-0.00392971
9.81529e-10	-0.00397049
9.82093e-10	-0.00401112
9.82657e-10	-0.00405158
9.83221e-10	-0.00409188
9.83786e-10	-0.004132
9.8435e-10	-0.00417194
9.84914e-10	-0.0042117
9.85478e-10	-0.00425128
9.86043e-10	-0.00429067
9.86607e-10	-0.00432987
9.87171e-10	-0.00436887
9.87735e-10	-0.00440767
9.883e-10	-0.00444627
9.88864e-10	-0.00448466
9.89428e-10	-0.00452283
9.89992e-10	-0.0045608
9.90557e-10	-0.00459854
9.91121e-10	-0.00463606
9.91685e-10	-0.00467335
9.92249e-10	-0.00471041
9.92814e-10	-0.00474724
9.93378e-10	-0.00478382
9.93942e-10	-0.00482017
9.94506e-10	-0.00485627
9.95071e-10	-0.00489212
9.95635e-10	-0.00492771
9.96199e-10	-0.00496305
9.96764e-10	-0.00499813
9.97328e-10	-0.00503294
9.97892e-10	-0.00506748
9.98456e-10	-0.00510175
9.99021e-10	-0.00513574
9.99585e-10	-0.00516946
1.00015e-09	-0.00520288
1.00071e-09	-0.00523603
1.00128e-09	-0.00526887
1.00184e-09	-0.00530143
1.00241e-09	-0.00533368
1.00297e-09	-0.00536564
1.00353e-09	-0.00539728
1.0041e-09	-0.00542862
1.00466e-09	-0.00545964
1.00523e-09	-0.00549034
1.00579e-09	-0.00552073
1.00636e-09	-0.00555079
1.00692e-09	-0.00558052
1.00748e-09	-0.00560992
1.00805e-09	-0.00563898
1.00861e-09	-0.00566771
1.00918e-09	-0.00569609
1.00974e-09	-0.00572413
1.01031e-09	-0.00575181
1.01087e-09	-0.00577914
1.01143e-09	-0.00580612
1.012e-09	-0.00583274
1.01256e-09	-0.00585899
1.01313e-09	-0.00588488
1.01369e-09	-0.00591039
1.01426e-09	-0.00593553
1.01482e-09	-0.0059603
1.01538e-09	-0.00598468
1.01595e-09	-0.00600868
1.01651e-09	-0.00603229
1.01708e-09	-0.00605551
1.01764e-09	-0.00607834
1.01821e-09	-0.00610076
1.01877e-09	-0.00612279
1.01933e-09	-0.00614442
1.0199e-09	-0.00616563
1.02046e-09	-0.00618644
1.02103e-09	-0.00620683
1.02159e-09	-0.00622681
1.02216e-09	-0.00624637
1.02272e-09	-0.0062655
1.02328e-09	-0.00628421
1.02385e-09	-0.00630249
1.02441e-09	-0.00632033
1.02498e-09	-0.00633774
1.02554e-09	-0.00635471
1.0261e-09	-0.00637124
1.02667e-09	-0.00638733
1.02723e-09	-0.00640297
1.0278e-09	-0.00641816
1.02836e-09	-0.0064329
1.02893e-09	-0.00644718
1.02949e-09	-0.006461
1.03005e-09	-0.00647436
1.03062e-09	-0.00648726
1.03118e-09	-0.00649968
1.03175e-09	-0.00651164
1.03231e-09	-0.00652313
1.03288e-09	-0.00653414
1.03344e-09	-0.00654468
1.034e-09	-0.00655473
1.03457e-09	-0.0065643
1.03513e-09	-0.00657339
1.0357e-09	-0.00658198
1.03626e-09	-0.00659009
1.03683e-09	-0.00659771
1.03739e-09	-0.00660482
1.03795e-09	-0.00661144
1.03852e-09	-0.00661757
1.03908e-09	-0.00662318
1.03965e-09	-0.0066283
1.04021e-09	-0.0066329
1.04078e-09	-0.006637
1.04134e-09	-0.00664058
1.0419e-09	-0.00664366
1.04247e-09	-0.00664621
1.04303e-09	-0.00664825
1.0436e-09	-0.00664977
1.04416e-09	-0.00665076
1.04473e-09	-0.00665124
1.04529e-09	-0.00665118
1.04585e-09	-0.0066506
1.04642e-09	-0.00664949
1.04698e-09	-0.00664784
1.04755e-09	-0.00664566
1.04811e-09	-0.00664295
1.04868e-09	-0.0066397
1.04924e-09	-0.00663591
1.0498e-09	-0.00663158
1.05037e-09	-0.00662671
1.05093e-09	-0.0066213
1.0515e-09	-0.00661534
1.05206e-09	-0.00660883
1.05263e-09	-0.00660177
1.05319e-09	-0.00659417
1.05375e-09	-0.00658601
1.05432e-09	-0.0065773
1.05488e-09	-0.00656804
1.05545e-09	-0.00655822
1.05601e-09	-0.00654784
1.05657e-09	-0.00653691
1.05714e-09	-0.00652542
1.0577e-09	-0.00651337
1.05827e-09	-0.00650075
1.05883e-09	-0.00648758
1.0594e-09	-0.00647384
1.05996e-09	-0.00645954
1.06052e-09	-0.00644467
1.06109e-09	-0.00642924
1.06165e-09	-0.00641324
1.06222e-09	-0.00639667
1.06278e-09	-0.00637953
1.06335e-09	-0.00636183
1.06391e-09	-0.00634355
1.06447e-09	-0.00632471
1.06504e-09	-0.00630529
1.0656e-09	-0.00628531
1.06617e-09	-0.00626475
1.06673e-09	-0.00624361
1.0673e-09	-0.00622191
1.06786e-09	-0.00619963
1.06842e-09	-0.00617678
1.06899e-09	-0.00615335
1.06955e-09	-0.00612936
1.07012e-09	-0.00610478
1.07068e-09	-0.00607964
1.07125e-09	-0.00605391
1.07181e-09	-0.00602762
1.07237e-09	-0.00600075
1.07294e-09	-0.0059733
1.0735e-09	-0.00594528
1.07407e-09	-0.00591669
1.07463e-09	-0.00588752
1.0752e-09	-0.00585778
1.07576e-09	-0.00582746
1.07632e-09	-0.00579657
1.07689e-09	-0.00576511
1.07745e-09	-0.00573308
1.07802e-09	-0.00570048
1.07858e-09	-0.0056673
1.07915e-09	-0.00563355
1.07971e-09	-0.00559923
1.08027e-09	-0.00556435
1.08084e-09	-0.00552889
1.0814e-09	-0.00549287
1.08197e-09	-0.00545628
1.08253e-09	-0.00541912
1.0831e-09	-0.0053814
1.08366e-09	-0.00534311
1.08422e-09	-0.00530426
1.08479e-09	-0.00526485
1.08535e-09	-0.00522487
1.08592e-09	-0.00518434
1.08648e-09	-0.00514324
1.08704e-09	-0.00510159
1.08761e-09	-0.00505939
1.08817e-09	-0.00501662
1.08874e-09	-0.00497331
1.0893e-09	-0.00492944
1.08987e-09	-0.00488502
1.09043e-09	-0.00484005
1.09099e-09	-0.00479453
1.09156e-09	-0.00474847
1.09212e-09	-0.00470186
1.09269e-09	-0.00465472
1.09325e-09	-0.00460703
1.09382e-09	-0.0045588
1.09438e-09	-0.00451003
1.09494e-09	-0.00446073
1.09551e-09	-0.0044109
1.09607e-09	-0.00436053
1.09664e-09	-0.00430964
1.0972e-09	-0.00425822
1.09777e-09	-0.00420628
1.09833e-09	-0.00415381
1.09889e-09	-0.00410082
1.09946e-09	-0.00404732
1.10002e-09	-0.0039933
1.10059e-09	-0.00393877
1.10115e-09	-0.00388372
1.10172e-09	-0.00382817
1.10228e-09	-0.00377212
1.10284e-09	-0.00371556
1.10341e-09	-0.0036585
1.10397e-09	-0.00360095
1.10454e-09	-0.0035429
1.1051e-09	-0.00348436
1.10567e-09	-0.00342533
1.10623e-09	-0.00336581
1.10679e-09	-0.00330581
1.10736e-09	-0.00324534
1.10792e-09	-0.00318438
1.10849e-09	-0.00312296
1.10905e-09	-0.00306106
1.10962e-09	-0.0029987
1.11018e-09	-0.00293587
1.11074e-09	-0.00287258
1.11131e-09	-0.00280884
1.11187e-09	-0.00274464
1.11244e-09	-0.00268
1.113e-09	-0.0026149
1.11357e-09	-0.00254937
1.11413e-09	-0.00248339
1.11469e-09	-0.00241698
1.11526e-09	-0.00235014
1.11582e-09	-0.00228287
1.11639e-09	-0.00221517
1.11695e-09	-0.00214706
1.11751e-09	-0.00207853
1.11808e-09	-0.00200958
1.11864e-09	-0.00194023
1.11921e-09	-0.00187048
1.11977e-09	-0.00180032
1.12034e-09	-0.00172977
1.1209e-09	-0.00165883
1.12146e-09	-0.00158749
1.12203e-09	-0.00151578
1.12259e-09	-0.00144369
1.12316e-09	-0.00137122
1.12372e-09	-0.00129838
1.12429e-09	-0.00122518
1.12485e-09	-0.00115162
1.12541e-09	-0.0010777
1.12598e-09	-0.00100342
1.12654e-09	-0.000928803
1.12711e-09	-0.000853841
1.12767e-09	-0.000778542
1.12824e-09	-0.00070291
1.1288e-09	-0.000626949
1.12936e-09	-0.000550665
1.12993e-09	-0.000474064
1.13049e-09	-0.000397148
1.13106e-09	-0.000319925
1.13162e-09	-0.000242398
1.13219e-09	-0.000164574
1.13275e-09	-8.64562e-05
1.13331e-09	-8.05087e-06
1.13388e-09	7.0637e-05
1.13444e-09	0.000149602
1.13501e-09	0.000228839
1.13557e-09	0.000308343
1.13614e-09	0.000388108
1.1367e-09	0.000468129
1.13726e-09	0.0005484
1.13783e-09	0.000628916
1.13839e-09	0.000709671
1.13896e-09	0.00079066
1.13952e-09	0.000871877
1.14009e-09	0.000953316
1.14065e-09	0.00103497
1.14121e-09	0.00111684
1.14178e-09	0.00119891
1.14234e-09	0.00128118
1.14291e-09	0.00136365
1.14347e-09	0.0014463
1.14404e-09	0.00152914
1.1446e-09	0.00161215
1.14516e-09	0.00169533
1.14573e-09	0.00177867
1.14629e-09	0.00186217
1.14686e-09	0.00194582
1.14742e-09	0.00202962
1.14798e-09	0.00211356
1.14855e-09	0.00219763
1.14911e-09	0.00228183
1.14968e-09	0.00236615
1.15024e-09	0.00245058
1.15081e-09	0.00253512
1.15137e-09	0.00261976
1.15193e-09	0.0027045
1.1525e-09	0.00278932
1.15306e-09	0.00287423
1.15363e-09	0.00295921
1.15419e-09	0.00304427
1.15476e-09	0.00312938
1.15532e-09	0.00321456
1.15588e-09	0.00329978
1.15645e-09	0.00338504
1.15701e-09	0.00347035
1.15758e-09	0.00355568
1.15814e-09	0.00364103
1.15871e-09	0.0037264
1.15927e-09	0.00381178
1.15983e-09	0.00389717
1.1604e-09	0.00398255
1.16096e-09	0.00406791
1.16153e-09	0.00415326
1.16209e-09	0.00423859
1.16266e-09	0.00432388
1.16322e-09	0.00440914
1.16378e-09	0.00449435
1.16435e-09	0.00457951
1.16491e-09	0.00466461
1.16548e-09	0.00474964
1.16604e-09	0.0048346
1.16661e-09	0.00491948
1.16717e-09	0.00500428
1.16773e-09	0.00508898
1.1683e-09	0.00517357
1.16886e-09	0.00525806
1.16943e-09	0.00534243
1.16999e-09	0.00542668
1.17056e-09	0.0055108
1.17112e-09	0.00559479
1.17168e-09	0.00567862
1.17225e-09	0.00576231
1.17281e-09	0.00584584
1.17338e-09	0.0059292
1.17394e-09	0.00601239
1.17451e-09	0.0060954
1.17507e-09	0.00617822
1.17563e-09	0.00626085
1.1762e-09	0.00634327
1.17676e-09	0.00642549
1.17733e-09	0.00650749
1.17789e-09	0.00658926
1.17845e-09	0.0066708
1.17902e-09	0.00675211
1.17958e-09	0.00683317
1.18015e-09	0.00691397
1.18071e-09	0.00699452
1.18128e-09	0.00707479
1.18184e-09	0.00715479
1.1824e-09	0.00723451
1.18297e-09	0.00731394
1.18353e-09	0.00739307
1.1841e-09	0.0074719
1.18466e-09	0.00755041
1.18523e-09	0.00762861
1.18579e-09	0.00770648
1.18635e-09	0.00778401
1.18692e-09	0.0078612
1.18748e-09	0.00793805
1.18805e-09	0.00801454
1.18861e-09	0.00809066
1.18918e-09	0.00816641
1.18974e-09	0.00824179
1.1903e-09	0.00831678
1.19087e-09	0.00839138
1.19143e-09	0.00846558
1.192e-09	0.00853936
1.19256e-09	0.00861274
1.19313e-09	0.00868569
1.19369e-09	0.00875822
1.19425e-09	0.0088303
1.19482e-09	0.00890194
1.19538e-09	0.00897314
1.19595e-09	0.00904387
1.19651e-09	0.00911414
1.19708e-09	0.00918393
1.19764e-09	0.00925325
1.1982e-09	0.00932207
1.19877e-09	0.00939041
1.19933e-09	0.00945824
1.1999e-09	0.00952556
1.20046e-09	0.00959237
1.20103e-09	0.00965865
1.20159e-09	0.0097244
1.20215e-09	0.00978962
1.20272e-09	0.00985429
1.20328e-09	0.00991841
1.20385e-09	0.00998197
1.20441e-09	0.010045
1.20498e-09	0.0101074
1.20554e-09	0.0101692
1.2061e-09	0.0102305
1.20667e-09	0.0102912
1.20723e-09	0.0103512
1.2078e-09	0.0104107
1.20836e-09	0.0104695
1.20892e-09	0.0105277
1.20949e-09	0.0105853
1.21005e-09	0.0106423
1.21062e-09	0.0106986
1.21118e-09	0.0107543
1.21175e-09	0.0108093
1.21231e-09	0.0108637
1.21287e-09	0.0109173
1.21344e-09	0.0109704
1.214e-09	0.0110227
1.21457e-09	0.0110743
1.21513e-09	0.0111253
1.2157e-09	0.0111755
1.21626e-09	0.0112251
1.21682e-09	0.0112739
1.21739e-09	0.011322
1.21795e-09	0.0113694
1.21852e-09	0.0114161
1.21908e-09	0.011462
1.21965e-09	0.0115071
1.22021e-09	0.0115516
1.22077e-09	0.0115952
1.22134e-09	0.0116381
1.2219e-09	0.0116803
1.22247e-09	0.0117216
1.22303e-09	0.0117622
1.2236e-09	0.011802
1.22416e-09	0.011841
1.22472e-09	0.0118792
1.22529e-09	0.0119165
1.22585e-09	0.0119531
1.22642e-09	0.0119889
1.22698e-09	0.0120238
1.22755e-09	0.0120579
1.22811e-09	0.0120912
1.22867e-09	0.0121236
1.22924e-09	0.0121552
1.2298e-09	0.012186
1.23037e-09	0.0122159
1.23093e-09	0.0122449
1.2315e-09	0.0122731
1.23206e-09	0.0123004
1.23262e-09	0.0123268
1.23319e-09	0.0123523
1.23375e-09	0.012377
1.23432e-09	0.0124007
1.23488e-09	0.0124236
1.23545e-09	0.0124456
1.23601e-09	0.0124666
1.23657e-09	0.0124868
1.23714e-09	0.012506
1.2377e-09	0.0125243
1.23827e-09	0.0125417
1.23883e-09	0.0125581
1.23939e-09	0.0125736
1.23996e-09	0.0125882
1.24052e-09	0.0126019
1.24109e-09	0.0126146
1.24165e-09	0.0126263
1.24222e-09	0.0126371
1.24278e-09	0.0126469
1.24334e-09	0.0126558
1.24391e-09	0.0126637
1.24447e-09	0.0126706
1.24504e-09	0.0126765
1.2456e-09	0.0126815
1.24617e-09	0.0126855
1.24673e-09	0.0126885
1.24729e-09	0.0126905
1.24786e-09	0.0126915
1.24842e-09	0.0126915
1.24899e-09	0.0126905
1.24955e-09	0.0126885
1.25012e-09	0.0126855
1.25068e-09	0.0126815
1.25124e-09	0.0126764
1.25181e-09	0.0126704
1.25237e-09	0.0126633
1.25294e-09	0.0126552
1.2535e-09	0.0126461
1.25407e-09	0.012636
1.25463e-09	0.0126248
1.25519e-09	0.0126126
1.25576e-09	0.0125993
1.25632e-09	0.0125851
1.25689e-09	0.0125697
1.25745e-09	0.0125534
1.25802e-09	0.0125359
1.25858e-09	0.0125175
1.25914e-09	0.0124979
1.25971e-09	0.0124774
1.26027e-09	0.0124557
1.26084e-09	0.012433
1.2614e-09	0.0124093
1.26197e-09	0.0123845
1.26253e-09	0.0123586
1.26309e-09	0.0123317
1.26366e-09	0.0123037
1.26422e-09	0.0122746
1.26479e-09	0.0122445
1.26535e-09	0.0122133
1.26592e-09	0.012181
1.26648e-09	0.0121477
1.26704e-09	0.0121133
1.26761e-09	0.0120778
1.26817e-09	0.0120412
1.26874e-09	0.0120036
1.2693e-09	0.0119649
1.26986e-09	0.0119251
1.27043e-09	0.0118842
1.27099e-09	0.0118423
1.27156e-09	0.0117993
1.27212e-09	0.0117552
1.27269e-09	0.01171
1.27325e-09	0.0116637
1.27381e-09	0.0116164
1.27438e-09	0.011568
1.27494e-09	0.0115185
1.27551e-09	0.0114679
1.27607e-09	0.0114163
1.27664e-09	0.0113636
1.2772e-09	0.0113098
1.27776e-09	0.0112549
1.27833e-09	0.011199
1.27889e-09	0.0111419
1.27946e-09	0.0110838
1.28002e-09	0.0110247
1.28059e-09	0.0109644
1.28115e-09	0.0109031
1.28171e-09	0.0108408
1.28228e-09	0.0107773
1.28284e-09	0.0107128
1.28341e-09	0.0106472
1.28397e-09	0.0105806
1.28454e-09	0.0105129
1.2851e-09	0.0104441
1.28566e-09	0.0103743
1.28623e-09	0.0103034
1.28679e-09	0.0102315
1.28736e-09	0.0101585
1.28792e-09	0.0100845
1.28849e-09	0.0100094
1.28905e-09	0.00993332
1.28961e-09	0.00985616
1.29018e-09	0.00977796
1.29074e-09	0.00969872
1.29131e-09	0.00961845
1.29187e-09	0.00953715
1.29244e-09	0.00945481
1.293e-09	0.00937146
1.29356e-09	0.00928708
1.29413e-09	0.00920168
1.29469e-09	0.00911527
1.29526e-09	0.00902785
1.29582e-09	0.00893941
1.29639e-09	0.00884997
1.29695e-09	0.00875953
1.29751e-09	0.0086681
1.29808e-09	0.00857567
1.29864e-09	0.00848225
1.29921e-09	0.00838784
1.29977e-09	0.00829246
1.30033e-09	0.00819609
1.3009e-09	0.00809876
1.30146e-09	0.00800045
1.30203e-09	0.00790119
1.30259e-09	0.00780096
1.30316e-09	0.00769978
1.30372e-09	0.00759765
1.30428e-09	0.00749457
1.30485e-09	0.00739056
1.30541e-09	0.00728561
1.30598e-09	0.00717973
1.30654e-09	0.00707293
1.30711e-09	0.00696521
1.30767e-09	0.00685657
1.30823e-09	0.00674703
1.3088e-09	0.00663658
1.30936e-09	0.00652524
1.30993e-09	0.00641301
1.31049e-09	0.0062999
1.31106e-09	0.0061859
1.31162e-09	0.00607104
1.31218e-09	0.0059553
1.31275e-09	0.00583871
1.31331e-09	0.00572126
1.31388e-09	0.00560297
1.31444e-09	0.00548384
1.31501e-09	0.00536387
1.31557e-09	0.00524307
1.31613e-09	0.00512146
1.3167e-09	0.00499903
1.31726e-09	0.00487579
1.31783e-09	0.00475176
1.31839e-09	0.00462693
1.31896e-09	0.00450132
1.31952e-09	0.00437493
1.32008e-09	0.00424776
1.32065e-09	0.00411984
1.32121e-09	0.00399116
1.32178e-09	0.00386174
1.32234e-09	0.00373157
1.32291e-09	0.00360067
1.32347e-09	0.00346905
1.32403e-09	0.00333671
1.3246e-09	0.00320366
1.32516e-09	0.00306992
1.32573e-09	0.00293548
1.32629e-09	0.00280036
1.32686e-09	0.00266457
1.32742e-09	0.00252811
1.32798e-09	0.00239099
1.32855e-09	0.00225322
1.32911e-09	0.00211482
1.32968e-09	0.00197578
1.33024e-09	0.00183612
1.3308e-09	0.00169585
1.33137e-09	0.00155497
1.33193e-09	0.0014135
1.3325e-09	0.00127144
1.33306e-09	0.0011288
1.33363e-09	0.000985601
1.33419e-09	0.000841842
1.33475e-09	0.000697535
1.33532e-09	0.000552689
1.33588e-09	0.000407315
1.33645e-09	0.000261422
1.33701e-09	0.00011502
1.33758e-09	-3.18813e-05
1.33814e-09	-0.000179272
1.3387e-09	-0.000327141
1.33927e-09	-0.00047548
1.33983e-09	-0.000624277
1.3404e-09	-0.000773523
1.34096e-09	-0.000923206
1.34153e-09	-0.00107332
1.34209e-09	-0.00122385
1.34265e-09	-0.00137478
1.34322e-09	-0.00152611
1.34378e-09	-0.00167783
1.34435e-09	-0.00182992
1.34491e-09	-0.00198238
1.34548e-09	-0.00213518
1.34604e-09	-0.00228833
1.3466e-09	-0.00244181
1.34717e-09	-0.00259562
1.34773e-09	-0.00274972
1.3483e-09	-0.00290413
1.34886e-09	-0.00305882
1.34943e-09	-0.00321379
1.34999e-09	-0.00336902
1.35055e-09	-0.00352451
1.35112e-09	-0.00368023
1.35168e-09	-0.00383618
1.35225e-09	-0.00399235
1.35281e-09	-0.00414873
1.35338e-09	-0.0043053
1.35394e-09	-0.00446205
1.3545e-09	-0.00461898
1.35507e-09	-0.00477606
1.35563e-09	-0.00493329
1.3562e-09	-0.00509065
1.35676e-09	-0.00524814
1.35733e-09	-0.00540573
1.35789e-09	-0.00556343
1.35845e-09	-0.00572121
1.35902e-09	-0.00587906
1.35958e-09	-0.00603698
1.36015e-09	-0.00619494
1.36071e-09	-0.00635295
1.36127e-09	-0.00651097
1.36184e-09	-0.00666901
1.3624e-09	-0.00682705
1.36297e-09	-0.00698508
1.36353e-09	-0.00714308
1.3641e-09	-0.00730104
1.36466e-09	-0.00745895
1.36522e-09	-0.0076168
1.36579e-09	-0.00777458
1.36635e-09	-0.00793226
1.36692e-09	-0.00808984
1.36748e-09	-0.00824731
1.36805e-09	-0.00840465
1.36861e-09	-0.00856185
1.36917e-09	-0.0087189
1.36974e-09	-0.00887578
1.3703e-09	-0.00903248
1.37087e-09	-0.00918899
1.37143e-09	-0.00934529
1.372e-09	-0.00950138
1.37256e-09	-0.00965723
1.37312e-09	-0.00981284
1.37369e-09	-0.0099682
1.37425e-09	-0.0101233
1.37482e-09	-0.0102781
1.37538e-09	-0.0104326
1.37595e-09	-0.0105868
1.37651e-09	-0.0107406
1.37707e-09	-0.0108942
1.37764e-09	-0.0110473
1.3782e-09	-0.0112002
1.37877e-09	-0.0113526
1.37933e-09	-0.0115046
1.3799e-09	-0.0116563
1.38046e-09	-0.0118075
1.38102e-09	-0.0119583
1.38159e-09	-0.0121087
1.38215e-09	-0.0122586
1.38272e-09	-0.012408
1.38328e-09	-0.0125569
1.38385e-09	-0.0127054
1.38441e-09	-0.0128533
1.38497e-09	-0.0130007
1.38554e-09	-0.0131476
1.3861e-09	-0.013294
1.38667e-09	-0.0134397
1.38723e-09	-0.0135849
1.38779e-09	-0.0137295
1.38836e-09	-0.0138735
1.38892e-09	-0.0140169
1.38949e-09	-0.0141596
1.39005e-09	-0.0143017
1.39062e-09	-0.0144431
1.39118e-09	-0.0145839
1.39174e-09	-0.014724
1.39231e-09	-0.0148634
1.39287e-09	-0.015002
1.39344e-09	-0.01514
1.394e-09	-0.0152772
1.39457e-09	-0.0154137
1.39513e-09	-0.0155494
1.39569e-09	-0.0156843
1.39626e-09	-0.0158184
1.39682e-09	-0.0159517
1.39739e-09	-0.0160843
1.39795e-09	-0.0162159
1.39852e-09	-0.0163468
1.39908e-09	-0.0164767
1.39964e-09	-0.0166059
1.40021e-09	-0.0167341
1.40077e-09	-0.0168614
1.40134e-09	-0.0169878
1.4019e-09	-0.0171133
1.40247e-09	-0.0172379
1.40303e-09	-0.0173615
1.40359e-09	-0.0174842
1.40416e-09	-0.0176059
1.40472e-09	-0.0177266
1.40529e-09	-0.0178463
1.40585e-09	-0.017965
1.40642e-09	-0.0180826
1.40698e-09	-0.0181993
1.40754e-09	-0.0183148
1.40811e-09	-0.0184293
1.40867e-09	-0.0185428
1.40924e-09	-0.0186551
1.4098e-09	-0.0187664
1.41037e-09	-0.0188765
1.41093e-09	-0.0189856
1.41149e-09	-0.0190935
1.41206e-09	-0.0192002
1.41262e-09	-0.0193058
1.41319e-09	-0.0194102
1.41375e-09	-0.0195134
1.41432e-09	-0.0196154
1.41488e-09	-0.0197162
1.41544e-09	-0.0198158
1.41601e-09	-0.0199142
1.41657e-09	-0.0200113
1.41714e-09	-0.0201071
1.4177e-09	-0.0202017
1.41826e-09	-0.020295
1.41883e-09	-0.020387
1.41939e-09	-0.0204778
1.41996e-09	-0.0205672
1.42052e-09	-0.0206552
1.42109e-09	-0.020742
1.42165e-09	-0.0208274
1.42221e-09	-0.0209114
1.42278e-09	-0.0209941
1.42334e-09	-0.0210753
1.42391e-09	-0.0211552
1.42447e-09	-0.0212337
1.42504e-09	-0.0213108
1.4256e-09	-0.0213864
1.42616e-09	-0.0214607
1.42673e-09	-0.0215334
1.42729e-09	-0.0216048
1.42786e-09	-0.0216746
1.42842e-09	-0.021743
1.42899e-09	-0.0218099
1.42955e-09	-0.0218753
1.43011e-09	-0.0219392
1.43068e-09	-0.0220015
1.43124e-09	-0.0220624
1.43181e-09	-0.0221217
1.43237e-09	-0.0221794
1.43294e-09	-0.0222356
1.4335e-09	-0.0222903
1.43406e-09	-0.0223434
1.43463e-09	-0.0223949
1.43519e-09	-0.0224447
1.43576e-09	-0.022493
1.43632e-09	-0.0225397
1.43689e-09	-0.0225848
1.43745e-09	-0.0226282
1.43801e-09	-0.02267
1.43858e-09	-0.0227102
1.43914e-09	-0.0227487
1.43971e-09	-0.0227855
1.44027e-09	-0.0228207
1.44084e-09	-0.0228542
1.4414e-09	-0.022886
1.44196e-09	-0.0229161
1.44253e-09	-0.0229445
1.44309e-09	-0.0229712
1.44366e-09	-0.0229962
1.44422e-09	-0.0230195
1.44479e-09	-0.023041
1.44535e-09	-0.0230608
1.44591e-09	-0.0230788
1.44648e-09	-0.0230951
1.44704e-09	-0.0231097
1.44761e-09	-0.0231224
1.44817e-09	-0.0231334
1.44873e-09	-0.0231426
1.4493e-09	-0.02315
1.44986e-09	-0.0231557
1.45043e-09	-0.0231595
1.45099e-09	-0.0231615
1.45156e-09	-0.0231617
1.45212e-09	-0.0231601
1.45268e-09	-0.0231567
1.45325e-09	-0.0231514
1.45381e-09	-0.0231443
1.45438e-09	-0.0231354
1.45494e-09	-0.0231246
1.45551e-09	-0.023112
1.45607e-09	-0.0230975
1.45663e-09	-0.0230812
1.4572e-09	-0.023063
1.45776e-09	-0.0230429
1.45833e-09	-0.023021
1.45889e-09	-0.0229972
1.45946e-09	-0.0229715
1.46002e-09	-0.0229439
1.46058e-09	-0.0229144
1.46115e-09	-0.0228831
1.46171e-09	-0.0228498
1.46228e-09	-0.0228146
1.46284e-09	-0.0227776
1.46341e-09	-0.0227386
1.46397e-09	-0.0226977
1.46453e-09	-0.0226549
1.4651e-09	-0.0226103
1.46566e-09	-0.0225636
1.46623e-09	-0.0225151
1.46679e-09	-0.0224646
1.46736e-09	-0.0224123
1.46792e-09	-0.022358
1.46848e-09	-0.0223017
1.46905e-09	-0.0222436
1.46961e-09	-0.0221835
1.47018e-09	-0.0221215
1.47074e-09	-0.0220575
1.47131e-09	-0.0219916
1.47187e-09	-0.0219238
1.47243e-09	-0.021854
1.473e-09	-0.0217823
1.47356e-09	-0.0217087
1.47413e-09	-0.0216331
1.47469e-09	-0.0215556
1.47526e-09	-0.0214762
1.47582e-09	-0.0213948
1.47638e-09	-0.0213115
1.47695e-09	-0.0212262
1.47751e-09	-0.021139
1.47808e-09	-0.0210499
1.47864e-09	-0.0209589
1.4792e-09	-0.0208659
1.47977e-09	-0.020771
1.48033e-09	-0.0206741
1.4809e-09	-0.0205753
1.48146e-09	-0.0204746
1.48203e-09	-0.020372
1.48259e-09	-0.0202674
1.48315e-09	-0.0201609
1.48372e-09	-0.0200525
1.48428e-09	-0.0199422
1.48485e-09	-0.01983
1.48541e-09	-0.0197159
1.48598e-09	-0.0195998
1.48654e-09	-0.0194819
1.4871e-09	-0.019362
1.48767e-09	-0.0192403
1.48823e-09	-0.0191167
1.4888e-09	-0.0189911
1.48936e-09	-0.0188637
1.48993e-09	-0.0187344
1.49049e-09	-0.0186032
1.49105e-09	-0.0184702
1.49162e-09	-0.0183353
1.49218e-09	-0.0181985
1.49275e-09	-0.0180598
1.49331e-09	-0.0179194
1.49388e-09	-0.017777
1.49444e-09	-0.0176328
1.495e-09	-0.0174868
1.49557e-09	-0.017339
1.49613e-09	-0.0171893
1.4967e-09	-0.0170378
1.49726e-09	-0.0168845
1.49783e-09	-0.0167293
1.49839e-09	-0.0165724
1.49895e-09	-0.0164137
1.49952e-09	-0.0162532
1.50008e-09	-0.0160909
1.50065e-09	-0.0159269
1.50121e-09	-0.0157611
1.50178e-09	-0.0155935
1.50234e-09	-0.0154242
1.5029e-09	-0.0152531
1.50347e-09	-0.0150803
1.50403e-09	-0.0149058
1.5046e-09	-0.0147295
1.50516e-09	-0.0145516
1.50573e-09	-0.0143719
1.50629e-09	-0.0141906
1.50685e-09	-0.0140076
1.50742e-09	-0.0138229
1.50798e-09	-0.0136365
1.50855e-09	-0.0134485
1.50911e-09	-0.0132589
1.50967e-09	-0.0130676
1.51024e-09	-0.0128747
1.5108e-09	-0.0126801
1.51137e-09	-0.012484
1.51193e-09	-0.0122863
1.5125e-09	-0.012087
1.51306e-09	-0.0118861
1.51362e-09	-0.0116837
1.51419e-09	-0.0114797
1.51475e-09	-0.0112741
1.51532e-09	-0.0110671
1.51588e-09	-0.0108585
1.51645e-09	-0.0106484
1.51701e-09	-0.0104369
1.51757e-09	-0.0102238
1.51814e-09	-0.0100093
1.5187e-09	-0.00979334
1.51927e-09	-0.00957593
1.51983e-09	-0.00935709
1.5204e-09	-0.00913684
1.52096e-09	-0.00891517
1.52152e-09	-0.00869212
1.52209e-09	-0.00846769
1.52265e-09	-0.0082419
1.52322e-09	-0.00801475
1.52378e-09	-0.00778627
1.52435e-09	-0.00755647
1.52491e-09	-0.00732536
1.52547e-09	-0.00709295
1.52604e-09	-0.00685926
1.5266e-09	-0.00662431
1.52717e-09	-0.0063881
1.52773e-09	-0.00615066
1.5283e-09	-0.005912
1.52886e-09	-0.00567213
1.52942e-09	-0.00543107
1.52999e-09	-0.00518883
1.53055e-09	-0.00494544
1.53112e-09	-0.00470089
1.53168e-09	-0.00445522
1.53225e-09	-0.00420844
1.53281e-09	-0.00396056
1.53337e-09	-0.0037116
1.53394e-09	-0.00346157
1.5345e-09	-0.0032105
1.53507e-09	-0.00295839
1.53563e-09	-0.00270527
1.5362e-09	-0.00245115
1.53676e-09	-0.00219605
1.53732e-09	-0.00193998
1.53789e-09	-0.00168297
1.53845e-09	-0.00142503
1.53902e-09	-0.00116618
1.53958e-09	-0.000906435
1.54014e-09	-0.000645812
1.54071e-09	-0.000384331
1.54127e-09	-0.000122009
1.54184e-09	0.000141136
1.5424e-09	0.000405084
1.54297e-09	0.000669819
1.54353e-09	0.000935321
1.54409e-09	0.00120157
1.54466e-09	0.00146855
1.54522e-09	0.00173625
1.54579e-09	0.00200463
1.54635e-09	0.00227369
1.54692e-09	0.0025434
1.54748e-09	0.00281375
1.54804e-09	0.00308471
1.54861e-09	0.00335627
1.54917e-09	0.0036284
1.54974e-09	0.00390109
1.5503e-09	0.00417432
1.55087e-09	0.00444807
1.55143e-09	0.00472231
1.55199e-09	0.00499703
1.55256e-09	0.0052722
1.55312e-09	0.00554782
1.55369e-09	0.00582384
1.55425e-09	0.00610027
1.55482e-09	0.00637706
1.55538e-09	0.00665422
1.55594e-09	0.0069317
1.55651e-09	0.0072095
1.55707e-09	0.00748759
1.55764e-09	0.00776595
1.5582e-09	0.00804455
1.55877e-09	0.00832339
1.55933e-09	0.00860243
1.55989e-09	0.00888166
1.56046e-09	0.00916105
1.56102e-09	0.00944059
1.56159e-09	0.00972024
1.56215e-09	0.01
1.56272e-09	0.0102798
1.56328e-09	0.0105597
1.56384e-09	0.0108396
1.56441e-09	0.0111196
1.56497e-09	0.0113995
1.56554e-09	0.0116794
1.5661e-09	0.0119592
1.56667e-09	0.012239
1.56723e-09	0.0125186
1.56779e-09	0.0127982
1.56836e-09	0.0130776
1.56892e-09	0.0133568
1.56949e-09	0.0136358
1.57005e-09	0.0139146
1.57061e-09	0.0141932
1.57118e-09	0.0144716
1.57174e-09	0.0147496
1.57231e-09	0.0150274
1.57287e-09	0.0153048
1.57344e-09	0.0155819
1.574e-09	0.0158586
1.57456e-09	0.0161349
1.57513e-09	0.0164108
1.57569e-09	0.0166862
1.57626e-09	0.0169612
1.57682e-09	0.0172357
1.57739e-09	0.0175097
1.57795e-09	0.0177831
1.57851e-09	0.0180561
1.57908e-09	0.0183284
1.57964e-09	0.0186001
1.58021e-09	0.0188712
1.58077e-09	0.0191416
1.58134e-09	0.0194114
1.5819e-09	0.0196805
1.58246e-09	0.0199489
1.58303e-09	0.0202165
1.58359e-09	0.0204833
1.58416e-09	0.0207494
1.58472e-09	0.0210146
1.58529e-09	0.021279
1.58585e-09	0.0215426
1.58641e-09	0.0218053
1.58698e-09	0.022067
1.58754e-09	0.0223279
1.58811e-09	0.0225878
1.58867e-09	0.0228467
1.58924e-09	0.0231046
1.5898e-09	0.0233615
1.59036e-09	0.0236173
1.59093e-09	0.0238721
1.59149e-09	0.0241258
1.59206e-09	0.0243783
1.59262e-09	0.0246297
1.59319e-09	0.02488
1.59375e-09	0.0251291
1.59431e-09	0.0253769
1.59488e-09	0.0256236
1.59544e-09	0.0258689
1.59601e-09	0.026113
1.59657e-09	0.0263558
1.59714e-09	0.0265973
1.5977e-09	0.0268374
1.59826e-09	0.0270762
1.59883e-09	0.0273135
1.59939e-09	0.0275495
1.59996e-09	0.027784
1.60052e-09	0.028017
1.60108e-09	0.0282486
1.60165e-09	0.0284786
1.60221e-09	0.0287071
1.60278e-09	0.0289341
1.60334e-09	0.0291595
1.60391e-09	0.0293833
1.60447e-09	0.0296054
1.60503e-09	0.029826
1.6056e-09	0.0300448
1.60616e-09	0.030262
1.60673e-09	0.0304774
1.60729e-09	0.0306912
1.60786e-09	0.0309031
1.60842e-09	0.0311133
1.60898e-09	0.0313217
1.60955e-09	0.0315283
1.61011e-09	0.031733
1.61068e-09	0.0319359
1.61124e-09	0.0321369
1.61181e-09	0.032336
1.61237e-09	0.0325331
1.61293e-09	0.0327284
1.6135e-09	0.0329216
1.61406e-09	0.0331128
1.61463e-09	0.0333021
1.61519e-09	0.0334893
1.61576e-09	0.0336744
1.61632e-09	0.0338575
1.61688e-09	0.0340384
1.61745e-09	0.0342173
1.61801e-09	0.034394
1.61858e-09	0.0345686
1.61914e-09	0.034741
1.61971e-09	0.0349111
1.62027e-09	0.0350791
1.62083e-09	0.0352448
1.6214e-09	0.0354083
1.62196e-09	0.0355695
1.62253e-09	0.0357284
1.62309e-09	0.035885
1.62366e-09	0.0360393
1.62422e-09	0.0361912
1.62478e-09	0.0363407
1.62535e-09	0.0364878
1.62591e-09	0.0366326
1.62648e-09	0.0367748
1.62704e-09	0.0369147
1.62761e-09	0.0370521
1.62817e-09	0.037187
1.62873e-09	0.0373194
1.6293e-09	0.0374492
1.62986e-09	0.0375766
1.63043e-09	0.0377014
1.63099e-09	0.0378236
1.63155e-09	0.0379432
1.63212e-09	0.0380602
1.63268e-09	0.0381746
1.63325e-09	0.0382864
1.63381e-09	0.0383954
1.63438e-09	0.0385019
1.63494e-09	0.0386056
1.6355e-09	0.0387066
1.63607e-09	0.0388049
1.63663e-09	0.0389005
1.6372e-09	0.0389933
1.63776e-09	0.0390833
1.63833e-09	0.0391706
1.63889e-09	0.039255
1.63945e-09	0.0393366
1.64002e-09	0.0394154
1.64058e-09	0.0394914
1.64115e-09	0.0395645
1.64171e-09	0.0396347
1.64228e-09	0.0397021
1.64284e-09	0.0397665
1.6434e-09	0.0398281
1.64397e-09	0.0398867
1.64453e-09	0.0399423
1.6451e-09	0.039995
1.64566e-09	0.0400448
1.64623e-09	0.0400915
1.64679e-09	0.0401353
1.64735e-09	0.040176
1.64792e-09	0.0402138
1.64848e-09	0.0402485
1.64905e-09	0.0402802
1.64961e-09	0.0403088
1.65018e-09	0.0403344
1.65074e-09	0.0403568
1.6513e-09	0.0403762
1.65187e-09	0.0403925
1.65243e-09	0.0404057
1.653e-09	0.0404158
1.65356e-09	0.0404228
1.65413e-09	0.0404266
1.65469e-09	0.0404273
1.65525e-09	0.0404248
1.65582e-09	0.0404191
1.65638e-09	0.0404103
1.65695e-09	0.0403983
1.65751e-09	0.0403831
1.65808e-09	0.0403647
1.65864e-09	0.0403431
1.6592e-09	0.0403183
1.65977e-09	0.0402903
1.66033e-09	0.040259
1.6609e-09	0.0402246
1.66146e-09	0.0401868
1.66202e-09	0.0401458
1.66259e-09	0.0401016
1.66315e-09	0.0400541
1.66372e-09	0.0400033
1.66428e-09	0.0399493
1.66485e-09	0.0398919
1.66541e-09	0.0398313
1.66597e-09	0.0397674
1.66654e-09	0.0397003
1.6671e-09	0.0396298
1.66767e-09	0.039556
1.66823e-09	0.0394789
1.6688e-09	0.0393985
1.66936e-09	0.0393148
1.66992e-09	0.0392278
1.67049e-09	0.0391374
1.67105e-09	0.0390437
1.67162e-09	0.0389467
1.67218e-09	0.0388464
1.67275e-09	0.0387428
1.67331e-09	0.0386358
1.67387e-09	0.0385255
1.67444e-09	0.0384119
1.675e-09	0.0382949
1.67557e-09	0.0381746
1.67613e-09	0.038051
1.6767e-09	0.037924
1.67726e-09	0.0377937
1.67782e-09	0.0376601
1.67839e-09	0.0375231
1.67895e-09	0.0373828
1.67952e-09	0.0372392
1.68008e-09	0.0370923
1.68065e-09	0.036942
1.68121e-09	0.0367884
1.68177e-09	0.0366315
1.68234e-09	0.0364713
1.6829e-09	0.0363077
1.68347e-09	0.0361409
1.68403e-09	0.0359707
1.6846e-09	0.0357972
1.68516e-09	0.0356204
1.68572e-09	0.0354404
1.68629e-09	0.035257
1.68685e-09	0.0350704
1.68742e-09	0.0348804
1.68798e-09	0.0346872
1.68855e-09	0.0344907
1.68911e-09	0.034291
1.68967e-09	0.034088
1.69024e-09	0.0338817
1.6908e-09	0.0336722
1.69137e-09	0.0334595
1.69193e-09	0.0332435
1.69249e-09	0.0330243
1.69306e-09	0.0328019
1.69362e-09	0.0325763
1.69419e-09	0.0323475
1.69475e-09	0.0321155
1.69532e-09	0.0318803
1.69588e-09	0.0316419
1.69644e-09	0.0314004
1.69701e-09	0.0311557
1.69757e-09	0.0309079
1.69814e-09	0.030657
1.6987e-09	0.0304029
1.69927e-09	0.0301457
1.69983e-09	0.0298854
1.70039e-09	0.0296221
1.70096e-09	0.0293556
1.70152e-09	0.0290861
1.70209e-09	0.0288136
1.70265e-09	0.028538
1.70322e-09	0.0282593
1.70378e-09	0.0279777
1.70434e-09	0.0276931
1.70491e-09	0.0274054
1.70547e-09	0.0271148
1.70604e-09	0.0268213
1.7066e-09	0.0265248
1.70717e-09	0.0262254
1.70773e-09	0.025923
1.70829e-09	0.0256178
1.70886e-09	0.0253097
1.70942e-09	0.0249987
1.70999e-09	0.0246849
1.71055e-09	0.0243682
1.71112e-09	0.0240487
1.71168e-09	0.0237265
1.71224e-09	0.0234014
1.71281e-09	0.0230736
1.71337e-09	0.022743
1.71394e-09	0.0224097
1.7145e-09	0.0220737
1.71507e-09	0.021735
1.71563e-09	0.0213936
1.71619e-09	0.0210496
1.71676e-09	0.0207029
1.71732e-09	0.0203536
1.71789e-09	0.0200017
1.71845e-09	0.0196473
1.71902e-09	0.0192903
1.71958e-09	0.0189307
1.72014e-09	0.0185687
1.72071e-09	0.0182042
1.72127e-09	0.0178372
1.72184e-09	0.0174677
1.7224e-09	0.0170958
1.72296e-09	0.0167215
1.72353e-09	0.0163449
1.72409e-09	0.0159658
1.72466e-09	0.0155845
1.72522e-09	0.0152008
1.72579e-09	0.0148148
1.72635e-09	0.0144266
1.72691e-09	0.0140361
1.72748e-09	0.0136435
1.72804e-09	0.0132486
1.72861e-09	0.0128515
1.72917e-09	0.0124524
1.72974e-09	0.0120511
1.7303e-09	0.0116477
1.73086e-09	0.0112422
1.73143e-09	0.0108347
1.73199e-09	0.0104252
1.73256e-09	0.0100137
1.73312e-09	0.00960026
1.73369e-09	0.00918487
1.73425e-09	0.00876758
1.73481e-09	0.00834841
1.73538e-09	0.00792738
1.73594e-09	0.00750453
1.73651e-09	0.00707989
1.73707e-09	0.00665348
1.73764e-09	0.00622534
1.7382e-09	0.00579548
1.73876e-09	0.00536394
1.73933e-09	0.00493075
1.73989e-09	0.00449594
1.74046e-09	0.00405953
1.74102e-09	0.00362156
1.74159e-09	0.00318206
1.74215e-09	0.00274106
1.74271e-09	0.00229858
1.74328e-09	0.00185466
1.74384e-09	0.00140933
1.74441e-09	0.000962623
1.74497e-09	0.000514564
1.74554e-09	6.51874e-05
1.7461e-09	-0.000385475
1.74666e-09	-0.000837392
1.74723e-09	-0.00129053
1.74779e-09	-0.00174486
1.74836e-09	-0.00220035
1.74892e-09	-0.00265696
1.74948e-09	-0.00311467
1.75005e-09	-0.00357343
1.75061e-09	-0.00403322
1.75118e-09	-0.00449401
1.75174e-09	-0.00495576
1.75231e-09	-0.00541843
1.75287e-09	-0.00588199
1.75343e-09	-0.00634642
1.754e-09	-0.00681167
1.75456e-09	-0.00727771
1.75513e-09	-0.0077445
1.75569e-09	-0.00821202
1.75626e-09	-0.00868023
1.75682e-09	-0.00914908
1.75738e-09	-0.00961856
1.75795e-09	-0.0100886
1.75851e-09	-0.0105592
1.75908e-09	-0.0110303
1.75964e-09	-0.0115019
1.76021e-09	-0.011974
1.76077e-09	-0.0124464
1.76133e-09	-0.0129192
1.7619e-09	-0.0133923
1.76246e-09	-0.0138658
1.76303e-09	-0.0143395
1.76359e-09	-0.0148134
1.76416e-09	-0.0152875
1.76472e-09	-0.0157617
1.76528e-09	-0.0162361
1.76585e-09	-0.0167105
1.76641e-09	-0.017185
1.76698e-09	-0.0176595
1.76754e-09	-0.0181339
1.76811e-09	-0.0186083
1.76867e-09	-0.0190826
1.76923e-09	-0.0195567
1.7698e-09	-0.0200306
1.77036e-09	-0.0205043
1.77093e-09	-0.0209778
1.77149e-09	-0.0214509
1.77206e-09	-0.0219237
1.77262e-09	-0.0223962
1.77318e-09	-0.0228682
1.77375e-09	-0.0233398
1.77431e-09	-0.0238109
1.77488e-09	-0.0242814
1.77544e-09	-0.0247514
1.77601e-09	-0.0252208
1.77657e-09	-0.0256895
1.77713e-09	-0.0261576
1.7777e-09	-0.0266249
1.77826e-09	-0.0270915
1.77883e-09	-0.0275573
1.77939e-09	-0.0280222
1.77995e-09	-0.0284863
1.78052e-09	-0.0289494
1.78108e-09	-0.0294116
1.78165e-09	-0.0298728
1.78221e-09	-0.030333
1.78278e-09	-0.0307921
1.78334e-09	-0.0312501
1.7839e-09	-0.031707
1.78447e-09	-0.0321626
1.78503e-09	-0.032617
1.7856e-09	-0.0330702
1.78616e-09	-0.0335221
1.78673e-09	-0.0339726
1.78729e-09	-0.0344217
1.78785e-09	-0.0348694
1.78842e-09	-0.0353157
1.78898e-09	-0.0357604
1.78955e-09	-0.0362036
1.79011e-09	-0.0366453
1.79068e-09	-0.0370853
1.79124e-09	-0.0375236
1.7918e-09	-0.0379603
1.79237e-09	-0.0383952
1.79293e-09	-0.0388284
1.7935e-09	-0.0392597
1.79406e-09	-0.0396892
1.79463e-09	-0.0401168
1.79519e-09	-0.0405425
1.79575e-09	-0.0409662
1.79632e-09	-0.0413878
1.79688e-09	-0.0418075
1.79745e-09	-0.0422251
1.79801e-09	-0.0426405
1.79858e-09	-0.0430538
1.79914e-09	-0.0434649
1.7997e-09	-0.0438737
1.80027e-09	-0.0442803
1.80083e-09	-0.0446845
1.8014e-09	-0.0450864
1.80196e-09	-0.0454859
1.80253e-09	-0.045883
1.80309e-09	-0.0462776
1.80365e-09	-0.0466697
1.80422e-09	-0.0470593
1.80478e-09	-0.0474463
1.80535e-09	-0.0478306
1.80591e-09	-0.0482123
1.80648e-09	-0.0485914
1.80704e-09	-0.0489676
1.8076e-09	-0.0493412
1.80817e-09	-0.0497119
1.80873e-09	-0.0500798
1.8093e-09	-0.0504448
1.80986e-09	-0.0508069
1.81042e-09	-0.051166
1.81099e-09	-0.0515222
1.81155e-09	-0.0518753
1.81212e-09	-0.0522254
1.81268e-09	-0.0525724
1.81325e-09	-0.0529162
1.81381e-09	-0.0532569
1.81437e-09	-0.0535944
1.81494e-09	-0.0539287
1.8155e-09	-0.0542596
1.81607e-09	-0.0545873
1.81663e-09	-0.0549117
1.8172e-09	-0.0552326
1.81776e-09	-0.0555502
1.81832e-09	-0.0558643
1.81889e-09	-0.0561749
1.81945e-09	-0.056482
1.82002e-09	-0.0567856
1.82058e-09	-0.0570855
1.82115e-09	-0.0573819
1.82171e-09	-0.0576746
1.82227e-09	-0.0579637
1.82284e-09	-0.058249
1.8234e-09	-0.0585306
1.82397e-09	-0.0588084
1.82453e-09	-0.0590824
1.8251e-09	-0.0593526
1.82566e-09	-0.0596189
1.82622e-09	-0.0598813
1.82679e-09	-0.0601397
1.82735e-09	-0.0603942
1.82792e-09	-0.0606447
1.82848e-09	-0.0608911
1.82905e-09	-0.0611335
1.82961e-09	-0.0613718
1.83017e-09	-0.061606
1.83074e-09	-0.0618361
1.8313e-09	-0.0620619
1.83187e-09	-0.0622836
1.83243e-09	-0.062501
1.833e-09	-0.0627142
1.83356e-09	-0.062923
1.83412e-09	-0.0631276
1.83469e-09	-0.0633278
1.83525e-09	-0.0635236
1.83582e-09	-0.063715
1.83638e-09	-0.063902
1.83695e-09	-0.0640845
1.83751e-09	-0.0642626
1.83807e-09	-0.0644361
1.83864e-09	-0.0646051
1.8392e-09	-0.0647695
1.83977e-09	-0.0649294
1.84033e-09	-0.0650846
1.84089e-09	-0.0652352
1.84146e-09	-0.0653812
1.84202e-09	-0.0655224
1.84259e-09	-0.065659
1.84315e-09	-0.0657908
1.84372e-09	-0.0659179
1.84428e-09	-0.0660401
1.84484e-09	-0.0661576
1.84541e-09	-0.0662703
1.84597e-09	-0.0663781
1.84654e-09	-0.066481
1.8471e-09	-0.0665791
1.84767e-09	-0.0666722
1.84823e-09	-0.0667605
1.84879e-09	-0.0668437
1.84936e-09	-0.066922
1.84992e-09	-0.0669953
1.85049e-09	-0.0670636
1.85105e-09	-0.0671269
1.85162e-09	-0.0671851
1.85218e-09	-0.0672383
1.85274e-09	-0.0672864
1.85331e-09	-0.0673294
1.85387e-09	-0.0673672
1.85444e-09	-0.0673999
1.855e-09	-0.0674275
1.85557e-09	-0.0674499
1.85613e-09	-0.0674672
1.85669e-09	-0.0674792
1.85726e-09	-0.067486
1.85782e-09	-0.0674876
1.85839e-09	-0.0674839
1.85895e-09	-0.067475
1.85952e-09	-0.0674609
1.86008e-09	-0.0674414
1.86064e-09	-0.0674167
1.86121e-09	-0.0673866
1.86177e-09	-0.0673512
1.86234e-09	-0.0673105
1.8629e-09	-0.0672645
1.86347e-09	-0.0672131
1.86403e-09	-0.0671563
1.86459e-09	-0.0670941
1.86516e-09	-0.0670266
1.86572e-09	-0.0669537
1.86629e-09	-0.0668754
1.86685e-09	-0.0667917
1.86742e-09	-0.0667025
1.86798e-09	-0.066608
1.86854e-09	-0.066508
1.86911e-09	-0.0664025
1.86967e-09	-0.0662916
1.87024e-09	-0.0661753
1.8708e-09	-0.0660535
1.87136e-09	-0.0659263
1.87193e-09	-0.0657935
1.87249e-09	-0.0656554
1.87306e-09	-0.0655117
1.87362e-09	-0.0653626
1.87419e-09	-0.0652079
1.87475e-09	-0.0650478
1.87531e-09	-0.0648822
1.87588e-09	-0.0647112
1.87644e-09	-0.0645346
1.87701e-09	-0.0643525
1.87757e-09	-0.064165
1.87814e-09	-0.063972
1.8787e-09	-0.0637734
1.87926e-09	-0.0635694
1.87983e-09	-0.0633599
1.88039e-09	-0.0631449
1.88096e-09	-0.0629245
1.88152e-09	-0.0626985
1.88209e-09	-0.0624671
1.88265e-09	-0.0622302
1.88321e-09	-0.0619878
1.88378e-09	-0.0617399
1.88434e-09	-0.0614866
1.88491e-09	-0.0612279
1.88547e-09	-0.0609637
1.88604e-09	-0.060694
1.8866e-09	-0.0604189
1.88716e-09	-0.0601384
1.88773e-09	-0.0598525
1.88829e-09	-0.0595611
1.88886e-09	-0.0592643
1.88942e-09	-0.0589622
1.88999e-09	-0.0586546
1.89055e-09	-0.0583417
1.89111e-09	-0.0580234
1.89168e-09	-0.0576997
1.89224e-09	-0.0573707
1.89281e-09	-0.0570364
1.89337e-09	-0.0566967
1.89394e-09	-0.0563518
1.8945e-09	-0.0560015
1.89506e-09	-0.0556459
1.89563e-09	-0.0552851
1.89619e-09	-0.054919
1.89676e-09	-0.0545477
1.89732e-09	-0.0541711
1.89789e-09	-0.0537894
1.89845e-09	-0.0534024
1.89901e-09	-0.0530103
1.89958e-09	-0.052613
1.90014e-09	-0.0522106
1.90071e-09	-0.051803
1.90127e-09	-0.0513903
1.90183e-09	-0.0509725
1.9024e-09	-0.0505497
1.90296e-09	-0.0501218
1.90353e-09	-0.0496889
1.90409e-09	-0.049251
1.90466e-09	-0.0488081
1.90522e-09	-0.0483602
1.90578e-09	-0.0479074
1.90635e-09	-0.0474496
1.90691e-09	-0.046987
1.90748e-09	-0.0465194
1.90804e-09	-0.0460471
1.90861e-09	-0.0455699
1.90917e-09	-0.0450878
1.90973e-09	-0.0446011
1.9103e-09	-0.0441095
1.91086e-09	-0.0436132
1.91143e-09	-0.0431123
1.91199e-09	-0.0426066
1.91256e-09	-0.0420963
1.91312e-09	-0.0415814
1.91368e-09	-0.0410619
1.91425e-09	-0.0405379
1.91481e-09	-0.0400093
1.91538e-09	-0.0394762
1.91594e-09	-0.0389386
1.91651e-09	-0.0383966
1.91707e-09	-0.0378501
1.91763e-09	-0.0372993
1.9182e-09	-0.0367441
1.91876e-09	-0.0361847
1.91933e-09	-0.0356209
1.91989e-09	-0.0350529
1.92046e-09	-0.0344806
1.92102e-09	-0.0339042
1.92158e-09	-0.0333236
1.92215e-09	-0.0327389
1.92271e-09	-0.0321501
1.92328e-09	-0.0315573
1.92384e-09	-0.0309605
1.92441e-09	-0.0303596
1.92497e-09	-0.0297549
1.92553e-09	-0.0291462
1.9261e-09	-0.0285337
1.92666e-09	-0.0279174
1.92723e-09	-0.0272972
1.92779e-09	-0.0266733
1.92836e-09	-0.0260458
1.92892e-09	-0.0254145
1.92948e-09	-0.0247796
1.93005e-09	-0.0241411
1.93061e-09	-0.0234991
1.93118e-09	-0.0228535
1.93174e-09	-0.0222045
1.9323e-09	-0.0215521
1.93287e-09	-0.0208962
1.93343e-09	-0.0202371
1.934e-09	-0.0195746
1.93456e-09	-0.0189089
1.93513e-09	-0.01824
1.93569e-09	-0.0175679
1.93625e-09	-0.0168926
1.93682e-09	-0.0162143
1.93738e-09	-0.015533
1.93795e-09	-0.0148487
1.93851e-09	-0.0141614
1.93908e-09	-0.0134712
1.93964e-09	-0.0127782
1.9402e-09	-0.0120824
1.94077e-09	-0.0113838
1.94133e-09	-0.0106825
1.9419e-09	-0.00997859
1.94246e-09	-0.00927203
1.94303e-09	-0.0085629
1.94359e-09	-0.00785127
1.94415e-09	-0.00713716
1.94472e-09	-0.00642064
1.94528e-09	-0.00570175
1.94585e-09	-0.00498055
1.94641e-09	-0.00425708
1.94698e-09	-0.00353139
1.94754e-09	-0.00280353
1.9481e-09	-0.00207357
1.94867e-09	-0.00134154
1.94923e-09	-0.000607503
1.9498e-09	0.000128493
1.95036e-09	0.000866394
1.95093e-09	0.00160615
1.95149e-09	0.0023477
1.95205e-09	0.003091
1.95262e-09	0.00383599
1.95318e-09	0.00458262
1.95375e-09	0.00533083
1.95431e-09	0.00608057
1.95488e-09	0.00683179
1.95544e-09	0.00758443
1.956e-09	0.00833843
1.95657e-09	0.00909375
1.95713e-09	0.00985031
1.9577e-09	0.0106081
1.95826e-09	0.011367
1.95883e-09	0.012127
1.95939e-09	0.012888
1.95995e-09	0.01365
1.96052e-09	0.0144129
1.96108e-09	0.0151767
1.96165e-09	0.0159412
1.96221e-09	0.0167065
1.96277e-09	0.0174725
1.96334e-09	0.0182391
1.9639e-09	0.0190063
1.96447e-09	0.019774
1.96503e-09	0.0205422
1.9656e-09	0.0213107
1.96616e-09	0.0220796
1.96672e-09	0.0228487
1.96729e-09	0.0236181
1.96785e-09	0.0243876
1.96842e-09	0.0251572
1.96898e-09	0.0259268
1.96955e-09	0.0266964
1.97011e-09	0.0274659
1.97067e-09	0.0282353
1.97124e-09	0.0290045
1.9718e-09	0.0297734
1.97237e-09	0.030542
1.97293e-09	0.0313101
1.9735e-09	0.0320779
1.97406e-09	0.0328451
1.97462e-09	0.0336118
1.97519e-09	0.0343778
1.97575e-09	0.0351431
1.97632e-09	0.0359077
1.97688e-09	0.0366714
1.97745e-09	0.0374343
1.97801e-09	0.0381962
1.97857e-09	0.0389571
1.97914e-09	0.0397169
1.9797e-09	0.0404757
1.98027e-09	0.0412332
1.98083e-09	0.0419894
1.9814e-09	0.0427444
1.98196e-09	0.043498
1.98252e-09	0.0442501
1.98309e-09	0.0450008
1.98365e-09	0.0457498
1.98422e-09	0.0464973
1.98478e-09	0.047243
1.98535e-09	0.047987
1.98591e-09	0.0487292
1.98647e-09	0.0494695
1.98704e-09	0.0502078
1.9876e-09	0.0509442
1.98817e-09	0.0516785
1.98873e-09	0.0524106
1.9893e-09	0.0531406
1.98986e-09	0.0538683
1.99042e-09	0.0545937
1.99099e-09	0.0553167
1.99155e-09	0.0560373
1.99212e-09	0.0567554
1.99268e-09	0.0574709
1.99324e-09	0.0581837
1.99381e-09	0.0588939
1.99437e-09	0.0596013
1.99494e-09	0.0603059
1.9955e-09	0.0610076
1.99607e-09	0.0617064
1.99663e-09	0.0624022
1.99719e-09	0.0630949
1.99776e-09	0.0637845
1.99832e-09	0.0644709
1.99889e-09	0.0651541
1.99945e-09	0.0658339
2.00002e-09	0.0665103
2.00058e-09	0.0671834
2.00114e-09	0.0678529
2.00171e-09	0.0685189
2.00227e-09	0.0691812
2.00284e-09	0.0698399
2.0034e-09	0.0704948
2.00397e-09	0.0711459
2.00453e-09	0.0717932
2.00509e-09	0.0724365
2.00566e-09	0.0730759
2.00622e-09	0.0737112
2.00679e-09	0.0743425
2.00735e-09	0.0749695
2.00792e-09	0.0755923
2.00848e-09	0.0762109
2.00904e-09	0.0768251
2.00961e-09	0.0774349
2.01017e-09	0.0780403
2.01074e-09	0.0786411
2.0113e-09	0.0792374
2.01187e-09	0.079829
2.01243e-09	0.080416
2.01299e-09	0.0809982
2.01356e-09	0.0815756
2.01412e-09	0.0821481
2.01469e-09	0.0827157
2.01525e-09	0.0832783
2.01582e-09	0.0838359
2.01638e-09	0.0843884
2.01694e-09	0.0849358
2.01751e-09	0.085478
2.01807e-09	0.0860149
2.01864e-09	0.0865465
2.0192e-09	0.0870727
2.01977e-09	0.0875935
2.02033e-09	0.0881089
2.02089e-09	0.0886187
2.02146e-09	0.0891229
2.02202e-09	0.0896215
2.02259e-09	0.0901144
2.02315e-09	0.0906016
2.02371e-09	0.0910829
2.02428e-09	0.0915585
2.02484e-09	0.0920281
2.02541e-09	0.0924918
2.02597e-09	0.0929494
2.02654e-09	0.0934011
2.0271e-09	0.0938466
2.02766e-09	0.0942859
2.02823e-09	0.0947191
2.02879e-09	0.095146
2.02936e-09	0.0955667
2.02992e-09	0.0959809
2.03049e-09	0.0963888
2.03105e-09	0.0967902
2.03161e-09	0.0971852
2.03218e-09	0.0975736
2.03274e-09	0.0979554
2.03331e-09	0.0983306
2.03387e-09	0.0986991
2.03444e-09	0.0990609
2.035e-09	0.0994159
2.03556e-09	0.0997641
2.03613e-09	0.100105
2.03669e-09	0.10044
2.03726e-09	0.100767
2.03782e-09	0.101088
2.03839e-09	0.101401
2.03895e-09	0.101708
2.03951e-09	0.102007
2.04008e-09	0.102299
2.04064e-09	0.102584
2.04121e-09	0.102862
2.04177e-09	0.103132
2.04234e-09	0.103396
2.0429e-09	0.103651
2.04346e-09	0.1039
2.04403e-09	0.104141
2.04459e-09	0.104374
2.04516e-09	0.1046
2.04572e-09	0.104819
2.04629e-09	0.10503
2.04685e-09	0.105233
2.04741e-09	0.105429
2.04798e-09	0.105617
2.04854e-09	0.105797
2.04911e-09	0.105969
2.04967e-09	0.106134
2.05024e-09	0.106291
2.0508e-09	0.10644
2.05136e-09	0.106581
2.05193e-09	0.106715
2.05249e-09	0.10684
2.05306e-09	0.106958
2.05362e-09	0.107067
2.05418e-09	0.107168
2.05475e-09	0.107262
2.05531e-09	0.107347
2.05588e-09	0.107424
2.05644e-09	0.107493
2.05701e-09	0.107554
2.05757e-09	0.107607
2.05813e-09	0.107652
2.0587e-09	0.107688
2.05926e-09	0.107716
2.05983e-09	0.107736
2.06039e-09	0.107747
2.06096e-09	0.107751
2.06152e-09	0.107746
2.06208e-09	0.107732
2.06265e-09	0.10771
2.06321e-09	0.10768
2.06378e-09	0.107641
2.06434e-09	0.107594
2.06491e-09	0.107539
2.06547e-09	0.107475
2.06603e-09	0.107402
2.0666e-09	0.107321
2.06716e-09	0.107232
2.06773e-09	0.107134
2.06829e-09	0.107028
2.06886e-09	0.106913
2.06942e-09	0.106789
2.06998e-09	0.106657
2.07055e-09	0.106516
2.07111e-09	0.106367
2.07168e-09	0.106209
2.07224e-09	0.106042
2.07281e-09	0.105867
2.07337e-09	0.105683
2.07393e-09	0.105491
2.0745e-09	0.10529
2.07506e-09	0.10508
2.07563e-09	0.104862
2.07619e-09	0.104635
2.07676e-09	0.104399
2.07732e-09	0.104155
2.07788e-09	0.103902
2.07845e-09	0.103641
2.07901e-09	0.10337
2.07958e-09	0.103091
2.08014e-09	0.102804
2.08071e-09	0.102508
2.08127e-09	0.102203
2.08183e-09	0.101889
2.0824e-09	0.101567
2.08296e-09	0.101236
2.08353e-09	0.100897
2.08409e-09	0.100549
2.08465e-09	0.100192
2.08522e-09	0.0998267
2.08578e-09	0.0994527
2.08635e-09	0.0990702
2.08691e-09	0.098679
2.08748e-09	0.0982793
2.08804e-09	0.0978709
2.0886e-09	0.0974541
2.08917e-09	0.0970286
2.08973e-09	0.0965946
2.0903e-09	0.0961521
2.09086e-09	0.0957011
2.09143e-09	0.0952416
2.09199e-09	0.0947736
2.09255e-09	0.0942971
2.09312e-09	0.0938122
2.09368e-09	0.0933188
2.09425e-09	0.092817
2.09481e-09	0.0923069
2.09538e-09	0.0917883
2.09594e-09	0.0912614
2.0965e-09	0.0907262
2.09707e-09	0.0901826
2.09763e-09	0.0896307
2.0982e-09	0.0890706
2.09876e-09	0.0885023
2.09933e-09	0.0879257
2.09989e-09	0.0873409
2.10045e-09	0.0867479
2.10102e-09	0.0861468
2.10158e-09	0.0855376
2.10215e-09	0.0849203
2.10271e-09	0.0842949
2.10328e-09	0.0836615
2.10384e-09	0.0830202
2.1044e-09	0.0823708
2.10497e-09	0.0817135
2.10553e-09	0.0810483
2.1061e-09	0.0803752
2.10666e-09	0.0796943
2.10723e-09	0.0790056
2.10779e-09	0.0783091
2.10835e-09	0.0776048
2.10892e-09	0.0768929
2.10948e-09	0.0761733
2.11005e-09	0.0754461
2.11061e-09	0.0747113
2.11118e-09	0.073969
2.11174e-09	0.0732191
2.1123e-09	0.0724618
2.11287e-09	0.0716971
2.11343e-09	0.070925
2.114e-09	0.0701455
2.11456e-09	0.0693587
2.11512e-09	0.0685647
2.11569e-09	0.0677635
2.11625e-09	0.0669551
2.11682e-09	0.0661396
2.11738e-09	0.0653171
2.11795e-09	0.0644875
2.11851e-09	0.0636509
2.11907e-09	0.0628074
2.11964e-09	0.0619571
2.1202e-09	0.0610999
2.12077e-09	0.0602359
2.12133e-09	0.0593652
2.1219e-09	0.0584878
2.12246e-09	0.0576039
2.12302e-09	0.0567133
2.12359e-09	0.0558162
2.12415e-09	0.0549127
2.12472e-09	0.0540028
2.12528e-09	0.0530865
2.12585e-09	0.0521639
2.12641e-09	0.0512351
2.12697e-09	0.0503001
2.12754e-09	0.049359
2.1281e-09	0.0484118
2.12867e-09	0.0474586
2.12923e-09	0.0464995
2.1298e-09	0.0455345
2.13036e-09	0.0445637
2.13092e-09	0.0435871
2.13149e-09	0.0426048
2.13205e-09	0.0416169
2.13262e-09	0.0406235
2.13318e-09	0.0396245
2.13375e-09	0.0386201
2.13431e-09	0.0376103
2.13487e-09	0.0365952
2.13544e-09	0.0355749
2.136e-09	0.0345493
2.13657e-09	0.0335187
2.13713e-09	0.0324831
2.1377e-09	0.0314424
2.13826e-09	0.0303969
2.13882e-09	0.0293466
2.13939e-09	0.0282914
2.13995e-09	0.0272316
2.14052e-09	0.0261672
2.14108e-09	0.0250982
2.14164e-09	0.0240248
2.14221e-09	0.022947
2.14277e-09	0.0218648
2.14334e-09	0.0207784
2.1439e-09	0.0196878
2.14447e-09	0.0185931
2.14503e-09	0.0174944
2.14559e-09	0.0163917
2.14616e-09	0.0152851
2.14672e-09	0.0141748
2.14729e-09	0.0130607
2.14785e-09	0.011943
2.14842e-09	0.0108218
2.14898e-09	0.00969701
2.14954e-09	0.00856885
2.15011e-09	0.00743738
2.15067e-09	0.00630266
2.15124e-09	0.00516478
2.1518e-09	0.00402381
2.15237e-09	0.00287985
2.15293e-09	0.00173297
2.15349e-09	0.000583255
2.15406e-09	-0.000569212
2.15462e-09	-0.00172435
2.15519e-09	-0.00288207
2.15575e-09	-0.00404229
2.15632e-09	-0.00520493
2.15688e-09	-0.0063699
2.15744e-09	-0.00753711
2.15801e-09	-0.00870649
2.15857e-09	-0.00987794
2.15914e-09	-0.0110514
2.1597e-09	-0.0122267
2.16027e-09	-0.0134039
2.16083e-09	-0.0145827
2.16139e-09	-0.0157633
2.16196e-09	-0.0169453
2.16252e-09	-0.0181289
2.16309e-09	-0.0193138
2.16365e-09	-0.0205
2.16422e-09	-0.0216873
2.16478e-09	-0.0228758
2.16534e-09	-0.0240653
2.16591e-09	-0.0252557
2.16647e-09	-0.026447
2.16704e-09	-0.027639
2.1676e-09	-0.0288317
2.16817e-09	-0.0300249
2.16873e-09	-0.0312186
2.16929e-09	-0.0324126
2.16986e-09	-0.033607
2.17042e-09	-0.0348015
2.17099e-09	-0.0359961
2.17155e-09	-0.0371908
2.17211e-09	-0.0383854
2.17268e-09	-0.0395797
2.17324e-09	-0.0407738
2.17381e-09	-0.0419676
2.17437e-09	-0.0431609
2.17494e-09	-0.0443536
2.1755e-09	-0.0455457
2.17606e-09	-0.046737
2.17663e-09	-0.0479275
2.17719e-09	-0.0491171
2.17776e-09	-0.0503056
2.17832e-09	-0.051493
2.17889e-09	-0.0526792
2.17945e-09	-0.0538641
2.18001e-09	-0.0550476
2.18058e-09	-0.0562296
2.18114e-09	-0.05741
2.18171e-09	-0.0585887
2.18227e-09	-0.0597656
2.18284e-09	-0.0609406
2.1834e-09	-0.0621136
2.18396e-09	-0.0632846
2.18453e-09	-0.0644533
2.18509e-09	-0.0656199
2.18566e-09	-0.066784
2.18622e-09	-0.0679457
2.18679e-09	-0.0691048
2.18735e-09	-0.0702613
2.18791e-09	-0.071415
2.18848e-09	-0.0725659
2.18904e-09	-0.0737138
2.18961e-09	-0.0748587
2.19017e-09	-0.0760005
2.19074e-09	-0.077139
2.1913e-09	-0.0782742
2.19186e-09	-0.079406
2.19243e-09	-0.0805343
2.19299e-09	-0.0816589
2.19356e-09	-0.0827799
2.19412e-09	-0.083897
2.19469e-09	-0.0850102
2.19525e-09	-0.0861195
2.19581e-09	-0.0872246
2.19638e-09	-0.0883256
2.19694e-09	-0.0894222
2.19751e-09	-0.0905145
2.19807e-09	-0.0916023
2.19864e-09	-0.0926856
2.1992e-09	-0.0937642
2.19976e-09	-0.094838
2.20033e-09	-0.0959069
2.20089e-09	-0.096971
2.20146e-09	-0.0980299
2.20202e-09	-0.0990838
2.20258e-09	-0.100132
2.20315e-09	-0.101176
2.20371e-09	-0.102214
2.20428e-09	-0.103246
2.20484e-09	-0.104273
2.20541e-09	-0.105294
2.20597e-09	-0.106309
2.20653e-09	-0.107318
2.2071e-09	-0.108322
2.20766e-09	-0.109319
2.20823e-09	-0.11031
2.20879e-09	-0.111295
2.20936e-09	-0.112274
2.20992e-09	-0.113246
2.21048e-09	-0.114212
2.21105e-09	-0.115171
2.21161e-09	-0.116123
2.21218e-09	-0.117069
2.21274e-09	-0.118008
2.21331e-09	-0.118939
2.21387e-09	-0.119864
2.21443e-09	-0.120782
2.215e-09	-0.121692
2.21556e-09	-0.122595
2.21613e-09	-0.123491
2.21669e-09	-0.124379
2.21726e-09	-0.125259
2.21782e-09	-0.126132
2.21838e-09	-0.126997
2.21895e-09	-0.127855
2.21951e-09	-0.128704
2.22008e-09	-0.129545
2.22064e-09	-0.130379
2.22121e-09	-0.131204
2.22177e-09	-0.132021
2.22233e-09	-0.132829
2.2229e-09	-0.133629
2.22346e-09	-0.134421
2.22403e-09	-0.135204
2.22459e-09	-0.135978
2.22516e-09	-0.136744
2.22572e-09	-0.137501
2.22628e-09	-0.138249
2.22685e-09	-0.138988
2.22741e-09	-0.139718
2.22798e-09	-0.140439
2.22854e-09	-0.14115
2.22911e-09	-0.141853
2.22967e-09	-0.142546
2.23023e-09	-0.143229
2.2308e-09	-0.143903
2.23136e-09	-0.144568
2.23193e-09	-0.145222
2.23249e-09	-0.145867
2.23305e-09	-0.146503
2.23362e-09	-0.147128
2.23418e-09	-0.147744
2.23475e-09	-0.148349
2.23531e-09	-0.148945
2.23588e-09	-0.14953
2.23644e-09	-0.150105
2.237e-09	-0.15067
2.23757e-09	-0.151224
2.23813e-09	-0.151768
2.2387e-09	-0.152301
2.23926e-09	-0.152824
2.23983e-09	-0.153337
2.24039e-09	-0.153838
2.24095e-09	-0.154329
2.24152e-09	-0.154809
2.24208e-09	-0.155279
2.24265e-09	-0.155737
2.24321e-09	-0.156184
2.24378e-09	-0.156621
2.24434e-09	-0.157046
2.2449e-09	-0.15746
2.24547e-09	-0.157863
2.24603e-09	-0.158254
2.2466e-09	-0.158635
2.24716e-09	-0.159003
2.24773e-09	-0.159361
2.24829e-09	-0.159707
2.24885e-09	-0.160041
2.24942e-09	-0.160364
2.24998e-09	-0.160675
2.25055e-09	-0.160975
2.25111e-09	-0.161262
2.25168e-09	-0.161538
2.25224e-09	-0.161802
2.2528e-09	-0.162054
2.25337e-09	-0.162295
2.25393e-09	-0.162523
2.2545e-09	-0.162739
2.25506e-09	-0.162943
2.25563e-09	-0.163135
2.25619e-09	-0.163315
2.25675e-09	-0.163483
2.25732e-09	-0.163638
2.25788e-09	-0.163782
2.25845e-09	-0.163913
2.25901e-09	-0.164031
2.25958e-09	-0.164137
2.26014e-09	-0.164231
2.2607e-09	-0.164312
2.26127e-09	-0.164381
2.26183e-09	-0.164437
2.2624e-09	-0.164481
2.26296e-09	-0.164512
2.26352e-09	-0.164531
2.26409e-09	-0.164537
2.26465e-09	-0.16453
2.26522e-09	-0.16451
2.26578e-09	-0.164478
2.26635e-09	-0.164433
2.26691e-09	-0.164375
2.26747e-09	-0.164305
2.26804e-09	-0.164221
2.2686e-09	-0.164125
2.26917e-09	-0.164016
2.26973e-09	-0.163894
2.2703e-09	-0.163759
2.27086e-09	-0.163611
2.27142e-09	-0.163451
2.27199e-09	-0.163277
2.27255e-09	-0.16309
2.27312e-09	-0.162891
2.27368e-09	-0.162678
2.27425e-09	-0.162452
2.27481e-09	-0.162214
2.27537e-09	-0.161962
2.27594e-09	-0.161697
2.2765e-09	-0.161419
2.27707e-09	-0.161128
2.27763e-09	-0.160824
2.2782e-09	-0.160507
2.27876e-09	-0.160177
2.27932e-09	-0.159834
2.27989e-09	-0.159478
2.28045e-09	-0.159109
2.28102e-09	-0.158726
2.28158e-09	-0.158331
2.28215e-09	-0.157922
2.28271e-09	-0.157501
2.28327e-09	-0.157066
2.28384e-09	-0.156618
2.2844e-09	-0.156157
2.28497e-09	-0.155684
2.28553e-09	-0.155197
2.2861e-09	-0.154697
2.28666e-09	-0.154184
2.28722e-09	-0.153658
2.28779e-09	-0.153119
2.28835e-09	-0.152567
2.28892e-09	-0.152002
2.28948e-09	-0.151424
2.29005e-09	-0.150834
2.29061e-09	-0.15023
2.29117e-09	-0.149613
2.29174e-09	-0.148984
2.2923e-09	-0.148342
2.29287e-09	-0.147687
2.29343e-09	-0.147019
2.29399e-09	-0.146338
2.29456e-09	-0.145644
2.29512e-09	-0.144938
2.29569e-09	-0.144219
2.29625e-09	-0.143487
2.29682e-09	-0.142743
2.29738e-09	-0.141986
2.29794e-09	-0.141217
2.29851e-09	-0.140435
2.29907e-09	-0.13964
2.29964e-09	-0.138833
2.3002e-09	-0.138013
2.30077e-09	-0.137181
2.30133e-09	-0.136337
2.30189e-09	-0.13548
2.30246e-09	-0.134611
2.30302e-09	-0.13373
2.30359e-09	-0.132837
2.30415e-09	-0.131931
2.30472e-09	-0.131013
2.30528e-09	-0.130084
2.30584e-09	-0.129142
2.30641e-09	-0.128188
2.30697e-09	-0.127222
2.30754e-09	-0.126244
2.3081e-09	-0.125255
2.30867e-09	-0.124253
2.30923e-09	-0.12324
2.30979e-09	-0.122215
2.31036e-09	-0.121179
2.31092e-09	-0.120131
2.31149e-09	-0.119071
2.31205e-09	-0.118
2.31262e-09	-0.116918
2.31318e-09	-0.115824
2.31374e-09	-0.114719
2.31431e-09	-0.113603
2.31487e-09	-0.112475
2.31544e-09	-0.111337
2.316e-09	-0.110187
2.31657e-09	-0.109027
2.31713e-09	-0.107855
2.31769e-09	-0.106673
2.31826e-09	-0.10548
2.31882e-09	-0.104276
2.31939e-09	-0.103062
2.31995e-09	-0.101837
2.32052e-09	-0.100602
2.32108e-09	-0.0993561
2.32164e-09	-0.0981
2.32221e-09	-0.0968336
2.32277e-09	-0.0955571
2.32334e-09	-0.0942704
2.3239e-09	-0.0929737
2.32446e-09	-0.0916671
2.32503e-09	-0.0903506
2.32559e-09	-0.0890244
2.32616e-09	-0.0876884
2.32672e-09	-0.0863428
2.32729e-09	-0.0849877
2.32785e-09	-0.0836231
2.32841e-09	-0.0822491
2.32898e-09	-0.0808659
2.32954e-09	-0.0794735
2.33011e-09	-0.078072
2.33067e-09	-0.0766615
2.33124e-09	-0.075242
2.3318e-09	-0.0738138
2.33236e-09	-0.0723768
2.33293e-09	-0.0709311
2.33349e-09	-0.0694769
2.33406e-09	-0.0680142
2.33462e-09	-0.0665432
2.33519e-09	-0.0650639
2.33575e-09	-0.0635765
2.33631e-09	-0.062081
2.33688e-09	-0.0605775
2.33744e-09	-0.0590661
2.33801e-09	-0.057547
2.33857e-09	-0.0560202
2.33914e-09	-0.0544858
2.3397e-09	-0.052944
2.34026e-09	-0.0513948
2.34083e-09	-0.0498384
2.34139e-09	-0.0482748
2.34196e-09	-0.0467042
2.34252e-09	-0.0451266
2.34309e-09	-0.0435422
2.34365e-09	-0.0419511
2.34421e-09	-0.0403534
2.34478e-09	-0.0387492
2.34534e-09	-0.0371386
2.34591e-09	-0.0355217
2.34647e-09	-0.0338987
2.34704e-09	-0.0322696
2.3476e-09	-0.0306346
2.34816e-09	-0.0289937
2.34873e-09	-0.0273472
2.34929e-09	-0.025695
2.34986e-09	-0.0240374
2.35042e-09	-0.0223744
2.35099e-09	-0.0207062
2.35155e-09	-0.0190329
2.35211e-09	-0.0173545
2.35268e-09	-0.0156713
2.35324e-09	-0.0139833
2.35381e-09	-0.0122907
2.35437e-09	-0.0105935
2.35493e-09	-0.00889201
2.3555e-09	-0.00718619
2.35606e-09	-0.00547622
2.35663e-09	-0.00376222
2.35719e-09	-0.00204433
2.35776e-09	-0.000322652
2.35832e-09	0.00140267
2.35888e-09	0.00313152
2.35945e-09	0.00486377
2.36001e-09	0.00659929
2.36058e-09	0.00833795
2.36114e-09	0.0100796
2.36171e-09	0.0118242
2.36227e-09	0.0135715
2.36283e-09	0.0153214
2.3634e-09	0.0170739
2.36396e-09	0.0188287
2.36453e-09	0.0205857
2.36509e-09	0.0223449
2.36566e-09	0.024106
2.36622e-09	0.0258689
2.36678e-09	0.0276336
2.36735e-09	0.0293998
2.36791e-09	0.0311674
2.36848e-09	0.0329364
2.36904e-09	0.0347065
2.36961e-09	0.0364777
2.37017e-09	0.0382497
2.37073e-09	0.0400225
2.3713e-09	0.041796
2.37186e-09	0.0435699
2.37243e-09	0.0453442
2.37299e-09	0.0471187
2.37356e-09	0.0488933
2.37412e-09	0.0506678
2.37468e-09	0.0524421
2.37525e-09	0.0542161
2.37581e-09	0.0559896
2.37638e-09	0.0577625
2.37694e-09	0.0595347
2.37751e-09	0.061306
2.37807e-09	0.0630762
2.37863e-09	0.0648452
2.3792e-09	0.066613
2.37976e-09	0.0683793
2.38033e-09	0.070144
2.38089e-09	0.071907
2.38146e-09	0.0736681
2.38202e-09	0.0754272
2.38258e-09	0.0771842
2.38315e-09	0.0789389
2.38371e-09	0.0806911
2.38428e-09	0.0824408
2.38484e-09	0.0841877
2.3854e-09	0.0859318
2.38597e-09	0.0876729
2.38653e-09	0.0894108
2.3871e-09	0.0911455
2.38766e-09	0.0928768
2.38823e-09	0.0946045
2.38879e-09	0.0963285
2.38935e-09	0.0980486
2.38992e-09	0.0997648
2.39048e-09	0.101477
2.39105e-09	0.103185
2.39161e-09	0.104888
2.39218e-09	0.106587
2.39274e-09	0.108281
2.3933e-09	0.10997
2.39387e-09	0.111654
2.39443e-09	0.113334
2.395e-09	0.115007
2.39556e-09	0.116676
2.39613e-09	0.118339
2.39669e-09	0.119996
2.39725e-09	0.121648
2.39782e-09	0.123293
2.39838e-09	0.124933
2.39895e-09	0.126566
2.39951e-09	0.128193
2.40008e-09	0.129813
2.40064e-09	0.131427
2.4012e-09	0.133034
2.40177e-09	0.134633
2.40233e-09	0.136226
2.4029e-09	0.137812
2.40346e-09	0.13939
2.40403e-09	0.140961
2.40459e-09	0.142524
2.40515e-09	0.14408
2.40572e-09	0.145627
2.40628e-09	0.147167
2.40685e-09	0.148698
2.40741e-09	0.150221
2.40798e-09	0.151736
2.40854e-09	0.153242
2.4091e-09	0.154739
2.40967e-09	0.156227
2.41023e-09	0.157707
2.4108e-09	0.159177
2.41136e-09	0.160638
2.41193e-09	0.16209
2.41249e-09	0.163532
2.41305e-09	0.164965
2.41362e-09	0.166388
2.41418e-09	0.167801
2.41475e-09	0.169204
2.41531e-09	0.170597
2.41587e-09	0.171979
2.41644e-09	0.173351
2.417e-09	0.174713
2.41757e-09	0.176064
2.41813e-09	0.177404
2.4187e-09	0.178733
2.41926e-09	0.180051
2.41982e-09	0.181358
2.42039e-09	0.182654
2.42095e-09	0.183938
2.42152e-09	0.185211
2.42208e-09	0.186472
2.42265e-09	0.187721
2.42321e-09	0.188958
2.42377e-09	0.190184
2.42434e-09	0.191397
2.4249e-09	0.192598
2.42547e-09	0.193786
2.42603e-09	0.194963
2.4266e-09	0.196126
2.42716e-09	0.197277
2.42772e-09	0.198415
2.42829e-09	0.19954
2.42885e-09	0.200652
2.42942e-09	0.20175
2.42998e-09	0.202836
2.43055e-09	0.203908
2.43111e-09	0.204966
2.43167e-09	0.206011
2.43224e-09	0.207042
2.4328e-09	0.208059
2.43337e-09	0.209063
2.43393e-09	0.210052
2.4345e-09	0.211027
2.43506e-09	0.211988
2.43562e-09	0.212935
2.43619e-09	0.213867
2.43675e-09	0.214784
2.43732e-09	0.215687
2.43788e-09	0.216575
2.43845e-09	0.217448
2.43901e-09	0.218306
2.43957e-09	0.21915
2.44014e-09	0.219978
2.4407e-09	0.22079
2.44127e-09	0.221588
2.44183e-09	0.22237
2.4424e-09	0.223136
2.44296e-09	0.223887
2.44352e-09	0.224622
2.44409e-09	0.225342
2.44465e-09	0.226045
2.44522e-09	0.226733
2.44578e-09	0.227404
2.44634e-09	0.228059
2.44691e-09	0.228698
2.44747e-09	0.229321
2.44804e-09	0.229928
2.4486e-09	0.230517
2.44917e-09	0.231091
2.44973e-09	0.231648
2.45029e-09	0.232188
2.45086e-09	0.232711
2.45142e-09	0.233218
2.45199e-09	0.233707
2.45255e-09	0.23418
2.45312e-09	0.234635
2.45368e-09	0.235074
2.45424e-09	0.235495
2.45481e-09	0.235899
2.45537e-09	0.236285
2.45594e-09	0.236655
2.4565e-09	0.237006
2.45707e-09	0.237341
2.45763e-09	0.237657
2.45819e-09	0.237956
2.45876e-09	0.238238
2.45932e-09	0.238501
2.45989e-09	0.238747
2.46045e-09	0.238975
2.46102e-09	0.239185
2.46158e-09	0.239377
2.46214e-09	0.239551
2.46271e-09	0.239707
2.46327e-09	0.239845
2.46384e-09	0.239965
2.4644e-09	0.240066
2.46497e-09	0.240149
2.46553e-09	0.240214
2.46609e-09	0.240261
2.46666e-09	0.240289
2.46722e-09	0.240299
2.46779e-09	0.240291
2.46835e-09	0.240263
2.46892e-09	0.240218
2.46948e-09	0.240154
2.47004e-09	0.240071
2.47061e-09	0.23997
2.47117e-09	0.23985
2.47174e-09	0.239711
2.4723e-09	0.239554
2.47287e-09	0.239378
2.47343e-09	0.239183
2.47399e-09	0.23897
2.47456e-09	0.238737
2.47512e-09	0.238486
2.47569e-09	0.238216
2.47625e-09	0.237928
2.47681e-09	0.23762
2.47738e-09	0.237294
2.47794e-09	0.236948
2.47851e-09	0.236584
2.47907e-09	0.236201
2.47964e-09	0.235799
2.4802e-09	0.235378
2.48076e-09	0.234938
2.48133e-09	0.23448
2.48189e-09	0.234002
2.48246e-09	0.233506
2.48302e-09	0.23299
2.48359e-09	0.232456
2.48415e-09	0.231903
2.48471e-09	0.231331
2.48528e-09	0.23074
2.48584e-09	0.23013
2.48641e-09	0.229501
2.48697e-09	0.228853
2.48754e-09	0.228187
2.4881e-09	0.227502
2.48866e-09	0.226798
2.48923e-09	0.226075
2.48979e-09	0.225333
2.49036e-09	0.224573
2.49092e-09	0.223794
2.49149e-09	0.222996
2.49205e-09	0.222179
2.49261e-09	0.221344
2.49318e-09	0.22049
2.49374e-09	0.219618
2.49431e-09	0.218727
2.49487e-09	0.217818
2.49544e-09	0.21689
2.496e-09	0.215943
2.49656e-09	0.214978
2.49713e-09	0.213995
2.49769e-09	0.212994
2.49826e-09	0.211974
2.49882e-09	0.210936
2.49939e-09	0.209879
2.49995e-09	0.208805
2.50051e-09	0.207712
2.50108e-09	0.206602
2.50164e-09	0.205473
2.50221e-09	0.204326
2.50277e-09	0.203162
2.50334e-09	0.20198
2.5039e-09	0.200779
2.50446e-09	0.199561
2.50503e-09	0.198326
2.50559e-09	0.197073
2.50616e-09	0.195802
2.50672e-09	0.194514
2.50728e-09	0.193208
2.50785e-09	0.191885
2.50841e-09	0.190545
2.50898e-09	0.189188
2.50954e-09	0.187813
2.51011e-09	0.186421
2.51067e-09	0.185013
2.51123e-09	0.183587
2.5118e-09	0.182145
2.51236e-09	0.180686
2.51293e-09	0.17921
2.51349e-09	0.177717
2.51406e-09	0.176208
2.51462e-09	0.174683
2.51518e-09	0.173141
2.51575e-09	0.171584
2.51631e-09	0.17001
2.51688e-09	0.168419
2.51744e-09	0.166813
2.51801e-09	0.165191
2.51857e-09	0.163554
2.51913e-09	0.1619
2.5197e-09	0.160231
2.52026e-09	0.158547
2.52083e-09	0.156847
2.52139e-09	0.155131
2.52196e-09	0.153401
2.52252e-09	0.151656
2.52308e-09	0.149895
2.52365e-09	0.14812
2.52421e-09	0.14633
2.52478e-09	0.144525
2.52534e-09	0.142706
2.52591e-09	0.140872
2.52647e-09	0.139024
2.52703e-09	0.137162
2.5276e-09	0.135286
2.52816e-09	0.133396
2.52873e-09	0.131492
2.52929e-09	0.129574
2.52986e-09	0.127643
2.53042e-09	0.125698
2.53098e-09	0.12374
2.53155e-09	0.121769
2.53211e-09	0.119785
2.53268e-09	0.117788
2.53324e-09	0.115777
2.5338e-09	0.113755
2.53437e-09	0.111719
2.53493e-09	0.109671
2.5355e-09	0.107611
2.53606e-09	0.105539
2.53663e-09	0.103455
2.53719e-09	0.101359
2.53775e-09	0.0992509
2.53832e-09	0.0971314
2.53888e-09	0.0950005
2.53945e-09	0.0928583
2.54001e-09	0.0907049
2.54058e-09	0.0885405
2.54114e-09	0.0863652
2.5417e-09	0.0841792
2.54227e-09	0.0819826
2.54283e-09	0.0797756
2.5434e-09	0.0775583
2.54396e-09	0.0753309
2.54453e-09	0.0730935
2.54509e-09	0.0708463
2.54565e-09	0.0685895
2.54622e-09	0.0663231
2.54678e-09	0.0640474
2.54735e-09	0.0617625
2.54791e-09	0.0594686
2.54848e-09	0.0571659
2.54904e-09	0.0548544
2.5496e-09	0.0525344
2.55017e-09	0.050206
2.55073e-09	0.0478694
2.5513e-09	0.0455247
2.55186e-09	0.0431722
2.55243e-09	0.040812
2.55299e-09	0.0384442
2.55355e-09	0.036069
2.55412e-09	0.0336866
2.55468e-09	0.0312972
2.55525e-09	0.028901
2.55581e-09	0.026498
2.55638e-09	0.0240885
2.55694e-09	0.0216727
2.5575e-09	0.0192508
2.55807e-09	0.0168228
2.55863e-09	0.014389
2.5592e-09	0.0119496
2.55976e-09	0.00950472
2.56033e-09	0.00705457
2.56089e-09	0.00459932
2.56145e-09	0.00213915
2.56202e-09	-0.000325757
2.56258e-09	-0.00279522
2.56315e-09	-0.00526905
2.56371e-09	-0.00774707
2.56427e-09	-0.0102291
2.56484e-09	-0.0127149
2.5654e-09	-0.0152044
2.56597e-09	-0.0176974
2.56653e-09	-0.0201935
2.5671e-09	-0.0226928
2.56766e-09	-0.025195
2.56822e-09	-0.0276998
2.56879e-09	-0.0302072
2.56935e-09	-0.0327169
2.56992e-09	-0.0352287
2.57048e-09	-0.0377424
2.57105e-09	-0.0402579
2.57161e-09	-0.042775
2.57217e-09	-0.0452934
2.57274e-09	-0.047813
2.5733e-09	-0.0503336
2.57387e-09	-0.052855
2.57443e-09	-0.0553769
2.575e-09	-0.0578993
2.57556e-09	-0.0604219
2.57612e-09	-0.0629444
2.57669e-09	-0.0654668
2.57725e-09	-0.0679889
2.57782e-09	-0.0705103
2.57838e-09	-0.073031
2.57895e-09	-0.0755507
2.57951e-09	-0.0780692
2.58007e-09	-0.0805864
2.58064e-09	-0.083102
2.5812e-09	-0.0856158
2.58177e-09	-0.0881277
2.58233e-09	-0.0906375
2.5829e-09	-0.0931449
2.58346e-09	-0.0956497
2.58402e-09	-0.0981518
2.58459e-09	-0.100651
2.58515e-09	-0.103147
2.58572e-09	-0.10564
2.58628e-09	-0.108129
2.58685e-09	-0.110614
2.58741e-09	-0.113096
2.58797e-09	-0.115573
2.58854e-09	-0.118046
2.5891e-09	-0.120514
2.58967e-09	-0.122978
2.59023e-09	-0.125437
2.5908e-09	-0.12789
2.59136e-09	-0.130339
2.59192e-09	-0.132781
2.59249e-09	-0.135218
2.59305e-09	-0.137649
2.59362e-09	-0.140074
2.59418e-09	-0.142493
2.59474e-09	-0.144905
2.59531e-09	-0.14731
2.59587e-09	-0.149709
2.59644e-09	-0.1521
2.597e-09	-0.154484
2.59757e-09	-0.156861
2.59813e-09	-0.159229
2.59869e-09	-0.16159
2.59926e-09	-0.163943
2.59982e-09	-0.166288
2.60039e-09	-0.168623
2.60095e-09	-0.170951
2.60152e-09	-0.173269
2.60208e-09	-0.175578
2.60264e-09	-0.177878
2.60321e-09	-0.180169
2.60377e-09	-0.18245
2.60434e-09	-0.184721
2.6049e-09	-0.186981
2.60547e-09	-0.189232
2.60603e-09	-0.191472
2.60659e-09	-0.193702
2.60716e-09	-0.19592
2.60772e-09	-0.198128
2.60829e-09	-0.200325
2.60885e-09	-0.20251
2.60942e-09	-0.204683
2.60998e-09	-0.206845
2.61054e-09	-0.208995
2.61111e-09	-0.211132
2.61167e-09	-0.213258
2.61224e-09	-0.21537
2.6128e-09	-0.21747
2.61337e-09	-0.219557
2.61393e-09	-0.221631
2.61449e-09	-0.223692
2.61506e-09	-0.22574
2.61562e-09	-0.227773
2.61619e-09	-0.229793
2.61675e-09	-0.231799
2.61732e-09	-0.233791
2.61788e-09	-0.235768
2.61844e-09	-0.237731
2.61901e-09	-0.239679
2.61957e-09	-0.241612
2.62014e-09	-0.24353
2.6207e-09	-0.245433
2.62127e-09	-0.24732
2.62183e-09	-0.249192
2.62239e-09	-0.251048
2.62296e-09	-0.252889
2.62352e-09	-0.254713
2.62409e-09	-0.256521
2.62465e-09	-0.258312
2.62521e-09	-0.260087
2.62578e-09	-0.261845
2.62634e-09	-0.263586
2.62691e-09	-0.26531
2.62747e-09	-0.267017
2.62804e-09	-0.268706
2.6286e-09	-0.270377
2.62916e-09	-0.272031
2.62973e-09	-0.273667
2.63029e-09	-0.275285
2.63086e-09	-0.276885
2.63142e-09	-0.278466
2.63199e-09	-0.280029
2.63255e-09	-0.281573
2.63311e-09	-0.283098
2.63368e-09	-0.284605
2.63424e-09	-0.286092
2.63481e-09	-0.28756
2.63537e-09	-0.289008
2.63594e-09	-0.290437
2.6365e-09	-0.291846
2.63706e-09	-0.293235
2.63763e-09	-0.294604
2.63819e-09	-0.295953
2.63876e-09	-0.297282
2.63932e-09	-0.29859
2.63989e-09	-0.299878
2.64045e-09	-0.301145
2.64101e-09	-0.302391
2.64158e-09	-0.303616
2.64214e-09	-0.30482
2.64271e-09	-0.306003
2.64327e-09	-0.307164
2.64384e-09	-0.308304
2.6444e-09	-0.309423
2.64496e-09	-0.310519
2.64553e-09	-0.311594
2.64609e-09	-0.312647
2.64666e-09	-0.313677
2.64722e-09	-0.314686
2.64779e-09	-0.315672
2.64835e-09	-0.316635
2.64891e-09	-0.317576
2.64948e-09	-0.318495
2.65004e-09	-0.31939
2.65061e-09	-0.320263
2.65117e-09	-0.321113
2.65174e-09	-0.321939
2.6523e-09	-0.322742
2.65286e-09	-0.323522
2.65343e-09	-0.324279
2.65399e-09	-0.325012
2.65456e-09	-0.325721
2.65512e-09	-0.326407
2.65568e-09	-0.327069
2.65625e-09	-0.327707
2.65681e-09	-0.328321
2.65738e-09	-0.328911
2.65794e-09	-0.329476
2.65851e-09	-0.330018
2.65907e-09	-0.330535
2.65963e-09	-0.331028
2.6602e-09	-0.331496
2.66076e-09	-0.331939
2.66133e-09	-0.332358
2.66189e-09	-0.332752
2.66246e-09	-0.333122
2.66302e-09	-0.333466
2.66358e-09	-0.333786
2.66415e-09	-0.334081
2.66471e-09	-0.33435
2.66528e-09	-0.334594
2.66584e-09	-0.334813
2.66641e-09	-0.335007
2.66697e-09	-0.335176
2.66753e-09	-0.335319
2.6681e-09	-0.335437
2.66866e-09	-0.335529
2.66923e-09	-0.335596
2.66979e-09	-0.335637
2.67036e-09	-0.335652
2.67092e-09	-0.335642
2.67148e-09	-0.335606
2.67205e-09	-0.335544
2.67261e-09	-0.335457
2.67318e-09	-0.335343
2.67374e-09	-0.335204
2.67431e-09	-0.335039
2.67487e-09	-0.334847
2.67543e-09	-0.33463
2.676e-09	-0.334387
2.67656e-09	-0.334118
2.67713e-09	-0.333823
2.67769e-09	-0.333502
2.67826e-09	-0.333154
2.67882e-09	-0.332781
2.67938e-09	-0.332381
2.67995e-09	-0.331955
2.68051e-09	-0.331503
2.68108e-09	-0.331025
2.68164e-09	-0.330521
2.68221e-09	-0.329991
2.68277e-09	-0.329434
2.68333e-09	-0.328851
2.6839e-09	-0.328242
2.68446e-09	-0.327607
2.68503e-09	-0.326946
2.68559e-09	-0.326258
2.68615e-09	-0.325545
2.68672e-09	-0.324805
2.68728e-09	-0.324039
2.68785e-09	-0.323247
2.68841e-09	-0.322429
2.68898e-09	-0.321584
2.68954e-09	-0.320714
2.6901e-09	-0.319818
2.69067e-09	-0.318895
2.69123e-09	-0.317947
2.6918e-09	-0.316973
2.69236e-09	-0.315972
2.69293e-09	-0.314946
2.69349e-09	-0.313894
2.69405e-09	-0.312816
2.69462e-09	-0.311713
2.69518e-09	-0.310583
2.69575e-09	-0.309428
2.69631e-09	-0.308248
2.69688e-09	-0.307041
2.69744e-09	-0.305809
2.698e-09	-0.304552
2.69857e-09	-0.303269
2.69913e-09	-0.301961
2.6997e-09	-0.300627
2.70026e-09	-0.299269
2.70083e-09	-0.297885
2.70139e-09	-0.296475
2.70195e-09	-0.295041
2.70252e-09	-0.293582
2.70308e-09	-0.292098
2.70365e-09	-0.290589
2.70421e-09	-0.289055
2.70478e-09	-0.287496
2.70534e-09	-0.285913
2.7059e-09	-0.284305
2.70647e-09	-0.282673
2.70703e-09	-0.281016
2.7076e-09	-0.279335
2.70816e-09	-0.27763
2.70873e-09	-0.275901
2.70929e-09	-0.274148
2.70985e-09	-0.27237
2.71042e-09	-0.270569
2.71098e-09	-0.268744
2.71155e-09	-0.266896
2.71211e-09	-0.265024
2.71268e-09	-0.263129
2.71324e-09	-0.26121
2.7138e-09	-0.259268
2.71437e-09	-0.257303
2.71493e-09	-0.255315
2.7155e-09	-0.253304
2.71606e-09	-0.251271
2.71662e-09	-0.249214
2.71719e-09	-0.247136
2.71775e-09	-0.245034
2.71832e-09	-0.242911
2.71888e-09	-0.240765
2.71945e-09	-0.238598
2.72001e-09	-0.236408
2.72057e-09	-0.234197
2.72114e-09	-0.231964
2.7217e-09	-0.22971
2.72227e-09	-0.227435
2.72283e-09	-0.225138
2.7234e-09	-0.22282
2.72396e-09	-0.220481
2.72452e-09	-0.218122
2.72509e-09	-0.215742
2.72565e-09	-0.213341
2.72622e-09	-0.21092
2.72678e-09	-0.208479
2.72735e-09	-0.206018
2.72791e-09	-0.203537
2.72847e-09	-0.201036
2.72904e-09	-0.198516
2.7296e-09	-0.195977
2.73017e-09	-0.193418
2.73073e-09	-0.19084
2.7313e-09	-0.188244
2.73186e-09	-0.185629
2.73242e-09	-0.182995
2.73299e-09	-0.180343
2.73355e-09	-0.177672
2.73412e-09	-0.174984
2.73468e-09	-0.172278
2.73525e-09	-0.169554
2.73581e-09	-0.166813
2.73637e-09	-0.164054
2.73694e-09	-0.161278
2.7375e-09	-0.158486
2.73807e-09	-0.155676
2.73863e-09	-0.152851
2.7392e-09	-0.150008
2.73976e-09	-0.14715
2.74032e-09	-0.144276
2.74089e-09	-0.141386
2.74145e-09	-0.13848
2.74202e-09	-0.135559
2.74258e-09	-0.132623
2.74315e-09	-0.129672
2.74371e-09	-0.126706
2.74427e-09	-0.123726
2.74484e-09	-0.120731
2.7454e-09	-0.117722
2.74597e-09	-0.1147
2.74653e-09	-0.111663
2.74709e-09	-0.108613
2.74766e-09	-0.10555
2.74822e-09	-0.102473
2.74879e-09	-0.0993842
2.74935e-09	-0.0962823
2.74992e-09	-0.093168
2.75048e-09	-0.0900415
2.75104e-09	-0.086903
2.75161e-09	-0.0837527
2.75217e-09	-0.0805909
2.75274e-09	-0.0774178
2.7533e-09	-0.0742336
2.75387e-09	-0.0710386
2.75443e-09	-0.0678329
2.75499e-09	-0.0646169
2.75556e-09	-0.0613906
2.75612e-09	-0.0581545
2.75669e-09	-0.0549086
2.75725e-09	-0.0516533
2.75782e-09	-0.0483887
2.75838e-09	-0.0451152
2.75894e-09	-0.0418329
2.75951e-09	-0.0385421
2.76007e-09	-0.035243
2.76064e-09	-0.0319359
2.7612e-09	-0.028621
2.76177e-09	-0.0252985
2.76233e-09	-0.0219688
2.76289e-09	-0.018632
2.76346e-09	-0.0152884
2.76402e-09	-0.0119382
2.76459e-09	-0.00858167
2.76515e-09	-0.0052191
2.76572e-09	-0.00185072
2.76628e-09	0.00152323
2.76684e-09	0.0049025
2.76741e-09	0.00828682
2.76797e-09	0.011676
2.76854e-09	0.0150697
2.7691e-09	0.0184676
2.76967e-09	0.0218697
2.77023e-09	0.0252755
2.77079e-09	0.0286849
2.77136e-09	0.0320975
2.77192e-09	0.0355132
2.77249e-09	0.0389316
2.77305e-09	0.0423525
2.77362e-09	0.0457757
2.77418e-09	0.0492008
2.77474e-09	0.0526276
2.77531e-09	0.0560559
2.77587e-09	0.0594854
2.77644e-09	0.0629159
2.777e-09	0.066347
2.77756e-09	0.0697785
2.77813e-09	0.0732101
2.77869e-09	0.0766416
2.77926e-09	0.0800728
2.77982e-09	0.0835032
2.78039e-09	0.0869328
2.78095e-09	0.0903611
2.78151e-09	0.0937881
2.78208e-09	0.0972132
2.78264e-09	0.100636
2.78321e-09	0.104057
2.78377e-09	0.107476
2.78434e-09	0.110891
2.7849e-09	0.114304
2.78546e-09	0.117713
2.78603e-09	0.121119
2.78659e-09	0.124521
2.78716e-09	0.127918
2.78772e-09	0.131312
2.78829e-09	0.1347
2.78885e-09	0.138084
2.78941e-09	0.141462
2.78998e-09	0.144835
2.79054e-09	0.148203
2.79111e-09	0.151564
2.79167e-09	0.154919
2.79224e-09	0.158267
2.7928e-09	0.161609
2.79336e-09	0.164943
2.79393e-09	0.16827
2.79449e-09	0.17159
2.79506e-09	0.174902
2.79562e-09	0.178205
2.79619e-09	0.1815
2.79675e-09	0.184786
2.79731e-09	0.188064
2.79788e-09	0.191332
2.79844e-09	0.194591
2.79901e-09	0.19784
2.79957e-09	0.201078
2.80014e-09	0.204307
2.8007e-09	0.207525
2.80126e-09	0.210732
2.80183e-09	0.213928
2.80239e-09	0.217113
2.80296e-09	0.220286
2.80352e-09	0.223448
2.80409e-09	0.226597
2.80465e-09	0.229733
2.80521e-09	0.232857
2.80578e-09	0.235969
2.80634e-09	0.239067
2.80691e-09	0.242151
2.80747e-09	0.245222
2.80803e-09	0.248279
2.8086e-09	0.251321
2.80916e-09	0.25435
2.80973e-09	0.257363
2.81029e-09	0.260361
2.81086e-09	0.263345
2.81142e-09	0.266312
2.81198e-09	0.269264
2.81255e-09	0.2722
2.81311e-09	0.27512
2.81368e-09	0.278023
2.81424e-09	0.28091
2.81481e-09	0.283779
2.81537e-09	0.286632
2.81593e-09	0.289466
2.8165e-09	0.292283
2.81706e-09	0.295082
2.81763e-09	0.297863
2.81819e-09	0.300626
2.81876e-09	0.303369
2.81932e-09	0.306094
2.81988e-09	0.308799
2.82045e-09	0.311485
2.82101e-09	0.314152
2.82158e-09	0.316798
2.82214e-09	0.319425
2.82271e-09	0.322031
2.82327e-09	0.324616
2.82383e-09	0.327181
2.8244e-09	0.329724
2.82496e-09	0.332246
2.82553e-09	0.334747
2.82609e-09	0.337226
2.82666e-09	0.339683
2.82722e-09	0.342118
2.82778e-09	0.34453
2.82835e-09	0.34692
2.82891e-09	0.349287
2.82948e-09	0.351631
2.83004e-09	0.353951
2.83061e-09	0.356248
2.83117e-09	0.358522
2.83173e-09	0.360771
2.8323e-09	0.362997
2.83286e-09	0.365198
2.83343e-09	0.367374
2.83399e-09	0.369526
2.83456e-09	0.371652
2.83512e-09	0.373754
2.83568e-09	0.37583
2.83625e-09	0.377881
2.83681e-09	0.379906
2.83738e-09	0.381905
2.83794e-09	0.383877
2.8385e-09	0.385824
2.83907e-09	0.387744
2.83963e-09	0.389637
2.8402e-09	0.391503
2.84076e-09	0.393342
2.84133e-09	0.395154
2.84189e-09	0.396939
2.84245e-09	0.398696
2.84302e-09	0.400425
2.84358e-09	0.402126
2.84415e-09	0.403799
2.84471e-09	0.405444
2.84528e-09	0.40706
2.84584e-09	0.408647
2.8464e-09	0.410206
2.84697e-09	0.411736
2.84753e-09	0.413236
2.8481e-09	0.414707
2.84866e-09	0.416149
2.84923e-09	0.417561
2.84979e-09	0.418943
2.85035e-09	0.420296
2.85092e-09	0.421618
2.85148e-09	0.42291
2.85205e-09	0.424172
2.85261e-09	0.425403
2.85318e-09	0.426604
2.85374e-09	0.427773
2.8543e-09	0.428912
2.85487e-09	0.43002
2.85543e-09	0.431097
2.856e-09	0.432142
2.85656e-09	0.433156
2.85713e-09	0.434138
2.85769e-09	0.435089
2.85825e-09	0.436007
2.85882e-09	0.436894
2.85938e-09	0.437749
2.85995e-09	0.438571
2.86051e-09	0.439362
2.86108e-09	0.440119
2.86164e-09	0.440845
2.8622e-09	0.441538
2.86277e-09	0.442198
2.86333e-09	0.442825
2.8639e-09	0.443419
2.86446e-09	0.443981
2.86503e-09	0.444509
2.86559e-09	0.445004
2.86615e-09	0.445466
2.86672e-09	0.445895
2.86728e-09	0.44629
2.86785e-09	0.446651
2.86841e-09	0.446979
2.86897e-09	0.447274
2.86954e-09	0.447535
2.8701e-09	0.447761
2.87067e-09	0.447954
2.87123e-09	0.448113
2.8718e-09	0.448238
2.87236e-09	0.448329
2.87292e-09	0.448386
2.87349e-09	0.448409
2.87405e-09	0.448397
2.87462e-09	0.448351
2.87518e-09	0.448271
2.87575e-09	0.448157
2.87631e-09	0.448008
2.87687e-09	0.447825
2.87744e-09	0.447607
2.878e-09	0.447354
2.87857e-09	0.447068
2.87913e-09	0.446746
2.8797e-09	0.44639
2.88026e-09	0.445999
2.88082e-09	0.445574
2.88139e-09	0.445114
2.88195e-09	0.444619
2.88252e-09	0.44409
2.88308e-09	0.443526
2.88365e-09	0.442927
2.88421e-09	0.442294
2.88477e-09	0.441626
2.88534e-09	0.440923
2.8859e-09	0.440185
2.88647e-09	0.439413
2.88703e-09	0.438606
2.8876e-09	0.437764
2.88816e-09	0.436888
2.88872e-09	0.435977
2.88929e-09	0.435031
2.88985e-09	0.434051
2.89042e-09	0.433036
2.89098e-09	0.431987
2.89155e-09	0.430903
2.89211e-09	0.429785
2.89267e-09	0.428632
2.89324e-09	0.427444
2.8938e-09	0.426223
2.89437e-09	0.424967
2.89493e-09	0.423677
2.8955e-09	0.422352
2.89606e-09	0.420994
2.89662e-09	0.419601
2.89719e-09	0.418174
2.89775e-09	0.416713
2.89832e-09	0.415218
2.89888e-09	0.41369
2.89944e-09	0.412127
2.90001e-09	0.410531
2.90057e-09	0.408901
2.90114e-09	0.407238
2.9017e-09	0.405541
2.90227e-09	0.40381
2.90283e-09	0.402047
2.90339e-09	0.40025
2.90396e-09	0.398419
2.90452e-09	0.396556
2.90509e-09	0.39466
2.90565e-09	0.392731
2.90622e-09	0.390769
2.90678e-09	0.388775
2.90734e-09	0.386748
2.90791e-09	0.384688
2.90847e-09	0.382597
2.90904e-09	0.380473
2.9096e-09	0.378316
2.91017e-09	0.376128
2.91073e-09	0.373908
2.91129e-09	0.371657
2.91186e-09	0.369373
2.91242e-09	0.367058
2.91299e-09	0.364712
2.91355e-09	0.362335
2.91412e-09	0.359927
2.91468e-09	0.357487
2.91524e-09	0.355017
2.91581e-09	0.352516
2.91637e-09	0.349985
2.91694e-09	0.347424
2.9175e-09	0.344832
2.91807e-09	0.34221
2.91863e-09	0.339558
2.91919e-09	0.336877
2.91976e-09	0.334166
2.92032e-09	0.331426
2.92089e-09	0.328656
2.92145e-09	0.325858
2.92202e-09	0.32303
2.92258e-09	0.320174
2.92314e-09	0.31729
2.92371e-09	0.314377
2.92427e-09	0.311436
2.92484e-09	0.308467
2.9254e-09	0.30547
2.92596e-09	0.302446
2.92653e-09	0.299395
2.92709e-09	0.296316
2.92766e-09	0.29321
2.92822e-09	0.290077
2.92879e-09	0.286918
2.92935e-09	0.283733
2.92991e-09	0.280521
2.93048e-09	0.277283
2.93104e-09	0.27402
2.93161e-09	0.270731
2.93217e-09	0.267417
2.93274e-09	0.264078
2.9333e-09	0.260714
2.93386e-09	0.257325
2.93443e-09	0.253912
2.93499e-09	0.250475
2.93556e-09	0.247013
2.93612e-09	0.243528
2.93669e-09	0.24002
2.93725e-09	0.236488
2.93781e-09	0.232933
2.93838e-09	0.229356
2.93894e-09	0.225756
2.93951e-09	0.222134
2.94007e-09	0.218489
2.94064e-09	0.214823
2.9412e-09	0.211136
2.94176e-09	0.207427
2.94233e-09	0.203697
2.94289e-09	0.199946
2.94346e-09	0.196175
2.94402e-09	0.192384
2.94459e-09	0.188573
2.94515e-09	0.184741
2.94571e-09	0.180891
2.94628e-09	0.177021
2.94684e-09	0.173133
2.94741e-09	0.169226
2.94797e-09	0.1653
2.94854e-09	0.161357
2.9491e-09	0.157395
2.94966e-09	0.153416
2.95023e-09	0.14942
2.95079e-09	0.145407
2.95136e-09	0.141378
2.95192e-09	0.137332
2.95249e-09	0.133269
2.95305e-09	0.129191
2.95361e-09	0.125098
2.95418e-09	0.120989
2.95474e-09	0.116866
2.95531e-09	0.112728
2.95587e-09	0.108575
2.95643e-09	0.104409
2.957e-09	0.100228
2.95756e-09	0.0960348
2.95813e-09	0.0918281
2.95869e-09	0.0876085
2.95926e-09	0.0833765
2.95982e-09	0.0791323
2.96038e-09	0.0748762
2.96095e-09	0.0706086
2.96151e-09	0.0663297
2.96208e-09	0.0620399
2.96264e-09	0.0577394
2.96321e-09	0.0534287
2.96377e-09	0.0491079
2.96433e-09	0.0447775
2.9649e-09	0.0404378
2.96546e-09	0.036089
2.96603e-09	0.0317315
2.96659e-09	0.0273657
2.96716e-09	0.0229918
2.96772e-09	0.0186101
2.96828e-09	0.0142211
2.96885e-09	0.00982499
2.96941e-09	0.00542213
2.96998e-09	0.00101286
2.97054e-09	-0.0034025
2.97111e-09	-0.00782361
2.97167e-09	-0.0122501
2.97223e-09	-0.0166818
2.9728e-09	-0.0211181
2.97336e-09	-0.0255589
2.97393e-09	-0.0300038
2.97449e-09	-0.0344524
2.97506e-09	-0.0389044
2.97562e-09	-0.0433595
2.97618e-09	-0.0478173
2.97675e-09	-0.0522775
2.97731e-09	-0.0567398
2.97788e-09	-0.0612038
2.97844e-09	-0.0656691
2.97901e-09	-0.0701355
2.97957e-09	-0.0746026
2.98013e-09	-0.07907
2.9807e-09	-0.0835374
2.98126e-09	-0.0880044
2.98183e-09	-0.0924708
2.98239e-09	-0.0969361
2.98296e-09	-0.1014
2.98352e-09	-0.105862
2.98408e-09	-0.110322
2.98465e-09	-0.11478
2.98521e-09	-0.119235
2.98578e-09	-0.123687
2.98634e-09	-0.128135
2.9869e-09	-0.13258
2.98747e-09	-0.13702
2.98803e-09	-0.141456
2.9886e-09	-0.145888
2.98916e-09	-0.150313
2.98973e-09	-0.154734
2.99029e-09	-0.159148
2.99085e-09	-0.163557
2.99142e-09	-0.167958
2.99198e-09	-0.172353
2.99255e-09	-0.17674
2.99311e-09	-0.18112
2.99368e-09	-0.185492
2.99424e-09	-0.189856
2.9948e-09	-0.194211
2.99537e-09	-0.198556
2.99593e-09	-0.202893
2.9965e-09	-0.20722
2.99706e-09	-0.211536
2.99763e-09	-0.215843
2.99819e-09	-0.220138
2.99875e-09	-0.224423
2.99932e-09	-0.228696
2.99988e-09	-0.232957
3.00045e-09	-0.237206
3.00101e-09	-0.241443
3.00158e-09	-0.245667
3.00214e-09	-0.249878
3.0027e-09	-0.254075
3.00327e-09	-0.258259
3.00383e-09	-0.262428
3.0044e-09	-0.266583
3.00496e-09	-0.270723
3.00553e-09	-0.274847
3.00609e-09	-0.278957
3.00665e-09	-0.28305
3.00722e-09	-0.287127
3.00778e-09	-0.291188
3.00835e-09	-0.295232
3.00891e-09	-0.299258
3.00948e-09	-0.303267
3.01004e-09	-0.307258
3.0106e-09	-0.311231
3.01117e-09	-0.315186
3.01173e-09	-0.319122
3.0123e-09	-0.323038
3.01286e-09	-0.326935
3.01343e-09	-0.330812
3.01399e-09	-0.334669
3.01455e-09	-0.338506
3.01512e-09	-0.342321
3.01568e-09	-0.346116
3.01625e-09	-0.349889
3.01681e-09	-0.35364
3.01737e-09	-0.35737
3.01794e-09	-0.361077
3.0185e-09	-0.364761
3.01907e-09	-0.368422
3.01963e-09	-0.37206
3.0202e-09	-0.375674
3.02076e-09	-0.379264
3.02132e-09	-0.382831
3.02189e-09	-0.386372
3.02245e-09	-0.389889
3.02302e-09	-0.39338
3.02358e-09	-0.396846
3.02415e-09	-0.400286
3.02471e-09	-0.4037
3.02527e-09	-0.407088
3.02584e-09	-0.410449
3.0264e-09	-0.413784
3.02697e-09	-0.417091
3.02753e-09	-0.42037
3.0281e-09	-0.423622
3.02866e-09	-0.426845
3.02922e-09	-0.43004
3.02979e-09	-0.433207
3.03035e-09	-0.436344
3.03092e-09	-0.439452
3.03148e-09	-0.442531
3.03205e-09	-0.44558
3.03261e-09	-0.448599
3.03317e-09	-0.451588
3.03374e-09	-0.454546
3.0343e-09	-0.457473
3.03487e-09	-0.460369
3.03543e-09	-0.463233
3.036e-09	-0.466066
3.03656e-09	-0.468868
3.03712e-09	-0.471636
3.03769e-09	-0.474373
3.03825e-09	-0.477077
3.03882e-09	-0.479748
3.03938e-09	-0.482386
3.03995e-09	-0.48499
3.04051e-09	-0.487561
3.04107e-09	-0.490097
3.04164e-09	-0.4926
3.0422e-09	-0.495068
3.04277e-09	-0.497502
3.04333e-09	-0.499901
3.0439e-09	-0.502265
3.04446e-09	-0.504593
3.04502e-09	-0.506886
3.04559e-09	-0.509144
3.04615e-09	-0.511365
3.04672e-09	-0.51355
3.04728e-09	-0.515699
3.04784e-09	-0.517811
3.04841e-09	-0.519887
3.04897e-09	-0.521925
3.04954e-09	-0.523926
3.0501e-09	-0.52589
3.05067e-09	-0.527816
3.05123e-09	-0.529705
3.05179e-09	-0.531555
3.05236e-09	-0.533367
3.05292e-09	-0.535141
3.05349e-09	-0.536876
3.05405e-09	-0.538573
3.05462e-09	-0.540231
3.05518e-09	-0.541849
3.05574e-09	-0.543428
3.05631e-09	-0.544968
3.05687e-09	-0.546468
3.05744e-09	-0.547929
3.058e-09	-0.549349
3.05857e-09	-0.55073
3.05913e-09	-0.55207
3.05969e-09	-0.553369
3.06026e-09	-0.554629
3.06082e-09	-0.555847
3.06139e-09	-0.557025
3.06195e-09	-0.558161
3.06252e-09	-0.559257
3.06308e-09	-0.560311
3.06364e-09	-0.561324
3.06421e-09	-0.562295
3.06477e-09	-0.563225
3.06534e-09	-0.564113
3.0659e-09	-0.564959
3.06647e-09	-0.565763
3.06703e-09	-0.566525
3.06759e-09	-0.567245
3.06816e-09	-0.567922
3.06872e-09	-0.568557
3.06929e-09	-0.569149
3.06985e-09	-0.569699
3.07042e-09	-0.570206
3.07098e-09	-0.57067
3.07154e-09	-0.571091
3.07211e-09	-0.571469
3.07267e-09	-0.571804
3.07324e-09	-0.572096
3.0738e-09	-0.572345
3.07437e-09	-0.57255
3.07493e-09	-0.572712
3.07549e-09	-0.572831
3.07606e-09	-0.572906
3.07662e-09	-0.572937
3.07719e-09	-0.572925
3.07775e-09	-0.572869
3.07831e-09	-0.572769
3.07888e-09	-0.572626
3.07944e-09	-0.572439
3.08001e-09	-0.572208
3.08057e-09	-0.571933
3.08114e-09	-0.571614
3.0817e-09	-0.571251
3.08226e-09	-0.570844
3.08283e-09	-0.570393
3.08339e-09	-0.569899
3.08396e-09	-0.56936
3.08452e-09	-0.568777
3.08509e-09	-0.56815
3.08565e-09	-0.567479
3.08621e-09	-0.566764
3.08678e-09	-0.566004
3.08734e-09	-0.565201
3.08791e-09	-0.564354
3.08847e-09	-0.563463
3.08904e-09	-0.562527
3.0896e-09	-0.561548
3.09016e-09	-0.560524
3.09073e-09	-0.559457
3.09129e-09	-0.558346
3.09186e-09	-0.557191
3.09242e-09	-0.555992
3.09299e-09	-0.554749
3.09355e-09	-0.553462
3.09411e-09	-0.552132
3.09468e-09	-0.550758
3.09524e-09	-0.54934
3.09581e-09	-0.547879
3.09637e-09	-0.546374
3.09694e-09	-0.544826
3.0975e-09	-0.543234
3.09806e-09	-0.541599
3.09863e-09	-0.539921
3.09919e-09	-0.5382
3.09976e-09	-0.536435
3.10032e-09	-0.534628
3.10089e-09	-0.532778
3.10145e-09	-0.530885
3.10201e-09	-0.528949
3.10258e-09	-0.52697
3.10314e-09	-0.524949
3.10371e-09	-0.522886
3.10427e-09	-0.52078
3.10484e-09	-0.518632
3.1054e-09	-0.516442
3.10596e-09	-0.51421
3.10653e-09	-0.511936
3.10709e-09	-0.50962
3.10766e-09	-0.507263
3.10822e-09	-0.504864
3.10878e-09	-0.502424
3.10935e-09	-0.499943
3.10991e-09	-0.497421
3.11048e-09	-0.494857
3.11104e-09	-0.492254
3.11161e-09	-0.489609
3.11217e-09	-0.486924
3.11273e-09	-0.484199
3.1133e-09	-0.481433
3.11386e-09	-0.478628
3.11443e-09	-0.475783
3.11499e-09	-0.472898
3.11556e-09	-0.469974
3.11612e-09	-0.46701
3.11668e-09	-0.464007
3.11725e-09	-0.460966
3.11781e-09	-0.457886
3.11838e-09	-0.454767
3.11894e-09	-0.45161
3.11951e-09	-0.448415
3.12007e-09	-0.445181
3.12063e-09	-0.44191
3.1212e-09	-0.438602
3.12176e-09	-0.435256
3.12233e-09	-0.431873
3.12289e-09	-0.428454
3.12346e-09	-0.424997
3.12402e-09	-0.421504
3.12458e-09	-0.417975
3.12515e-09	-0.41441
3.12571e-09	-0.41081
3.12628e-09	-0.407173
3.12684e-09	-0.403502
3.12741e-09	-0.399795
3.12797e-09	-0.396054
3.12853e-09	-0.392278
3.1291e-09	-0.388467
3.12966e-09	-0.384623
3.13023e-09	-0.380745
3.13079e-09	-0.376833
3.13136e-09	-0.372888
3.13192e-09	-0.36891
3.13248e-09	-0.3649
3.13305e-09	-0.360857
3.13361e-09	-0.356781
3.13418e-09	-0.352674
3.13474e-09	-0.348535
3.13531e-09	-0.344365
3.13587e-09	-0.340163
3.13643e-09	-0.335931
3.137e-09	-0.331669
3.13756e-09	-0.327376
3.13813e-09	-0.323053
3.13869e-09	-0.318701
3.13925e-09	-0.314319
3.13982e-09	-0.309909
3.14038e-09	-0.305469
3.14095e-09	-0.301001
3.14151e-09	-0.296506
3.14208e-09	-0.291982
3.14264e-09	-0.287431
3.1432e-09	-0.282853
3.14377e-09	-0.278248
3.14433e-09	-0.273616
3.1449e-09	-0.268958
3.14546e-09	-0.264275
3.14603e-09	-0.259566
3.14659e-09	-0.254832
3.14715e-09	-0.250073
3.14772e-09	-0.245289
3.14828e-09	-0.240481
3.14885e-09	-0.23565
3.14941e-09	-0.230795
3.14998e-09	-0.225916
3.15054e-09	-0.221015
3.1511e-09	-0.216092
3.15167e-09	-0.211147
3.15223e-09	-0.206179
3.1528e-09	-0.201191
3.15336e-09	-0.196181
3.15393e-09	-0.191151
3.15449e-09	-0.1861
3.15505e-09	-0.18103
3.15562e-09	-0.17594
3.15618e-09	-0.170831
3.15675e-09	-0.165703
3.15731e-09	-0.160556
3.15788e-09	-0.155392
3.15844e-09	-0.15021
3.159e-09	-0.14501
3.15957e-09	-0.139794
3.16013e-09	-0.134561
3.1607e-09	-0.129311
3.16126e-09	-0.124046
3.16183e-09	-0.118766
3.16239e-09	-0.113471
3.16295e-09	-0.108161
3.16352e-09	-0.102837
3.16408e-09	-0.0974985
3.16465e-09	-0.092147
3.16521e-09	-0.0867825
3.16578e-09	-0.0814053
3.16634e-09	-0.0760159
3.1669e-09	-0.0706146
3.16747e-09	-0.0652019
3.16803e-09	-0.0597782
3.1686e-09	-0.0543438
3.16916e-09	-0.0488992
3.16972e-09	-0.0434447
3.17029e-09	-0.0379809
3.17085e-09	-0.032508
3.17142e-09	-0.0270265
3.17198e-09	-0.0215369
3.17255e-09	-0.0160395
3.17311e-09	-0.0105347
3.17367e-09	-0.00502298
3.17424e-09	0.000495272
3.1748e-09	0.00601963
3.17537e-09	0.0115497
3.17593e-09	0.017085
3.1765e-09	0.0226252
3.17706e-09	0.0281698
3.17762e-09	0.0337185
3.17819e-09	0.0392707
3.17875e-09	0.0448261
3.17932e-09	0.0503842
3.17988e-09	0.0559447
3.18045e-09	0.0615071
3.18101e-09	0.0670709
3.18157e-09	0.0726358
3.18214e-09	0.0782013
3.1827e-09	0.083767
3.18327e-09	0.0893325
3.18383e-09	0.0948973
3.1844e-09	0.100461
3.18496e-09	0.106023
3.18552e-09	0.111584
3.18609e-09	0.117141
3.18665e-09	0.122696
3.18722e-09	0.128248
3.18778e-09	0.133796
3.18835e-09	0.139341
3.18891e-09	0.14488
3.18947e-09	0.150415
3.19004e-09	0.155944
3.1906e-09	0.161467
3.19117e-09	0.166985
3.19173e-09	0.172495
3.1923e-09	0.177998
3.19286e-09	0.183494
3.19342e-09	0.188982
3.19399e-09	0.194462
3.19455e-09	0.199932
3.19512e-09	0.205394
3.19568e-09	0.210845
3.19625e-09	0.216287
3.19681e-09	0.221718
3.19737e-09	0.227138
3.19794e-09	0.232547
3.1985e-09	0.237943
3.19907e-09	0.243328
3.19963e-09	0.2487
3.20019e-09	0.254058
3.20076e-09	0.259404
3.20132e-09	0.264735
3.20189e-09	0.270052
3.20245e-09	0.275354
3.20302e-09	0.280641
3.20358e-09	0.285912
3.20414e-09	0.291167
3.20471e-09	0.296406
3.20527e-09	0.301627
3.20584e-09	0.306832
3.2064e-09	0.312018
3.20697e-09	0.317187
3.20753e-09	0.322336
3.20809e-09	0.327467
3.20866e-09	0.332579
3.20922e-09	0.33767
3.20979e-09	0.342741
3.21035e-09	0.347792
3.21092e-09	0.352822
3.21148e-09	0.35783
3.21204e-09	0.362816
3.21261e-09	0.36778
3.21317e-09	0.372721
3.21374e-09	0.377639
3.2143e-09	0.382534
3.21487e-09	0.387405
3.21543e-09	0.392251
3.21599e-09	0.397073
3.21656e-09	0.40187
3.21712e-09	0.406641
3.21769e-09	0.411386
3.21825e-09	0.416105
3.21882e-09	0.420798
3.21938e-09	0.425463
3.21994e-09	0.430101
3.22051e-09	0.434711
3.22107e-09	0.439293
3.22164e-09	0.443846
3.2222e-09	0.44837
3.22277e-09	0.452865
3.22333e-09	0.45733
3.22389e-09	0.461765
3.22446e-09	0.46617
3.22502e-09	0.470544
3.22559e-09	0.474886
3.22615e-09	0.479197
3.22672e-09	0.483477
3.22728e-09	0.487723
3.22784e-09	0.491937
3.22841e-09	0.496119
3.22897e-09	0.500266
3.22954e-09	0.50438
3.2301e-09	0.50846
3.23066e-09	0.512506
3.23123e-09	0.516517
3.23179e-09	0.520492
3.23236e-09	0.524432
3.23292e-09	0.528337
3.23349e-09	0.532205
3.23405e-09	0.536037
3.23461e-09	0.539832
3.23518e-09	0.543589
3.23574e-09	0.54731
3.23631e-09	0.550992
3.23687e-09	0.554637
3.23744e-09	0.558243
3.238e-09	0.56181
3.23856e-09	0.565339
3.23913e-09	0.568828
3.23969e-09	0.572277
3.24026e-09	0.575686
3.24082e-09	0.579055
3.24139e-09	0.582383
3.24195e-09	0.585671
3.24251e-09	0.588917
3.24308e-09	0.592122
3.24364e-09	0.595285
3.24421e-09	0.598406
3.24477e-09	0.601485
3.24534e-09	0.604521
3.2459e-09	0.607515
3.24646e-09	0.610465
3.24703e-09	0.613371
3.24759e-09	0.616234
3.24816e-09	0.619053
3.24872e-09	0.621828
3.24929e-09	0.624559
3.24985e-09	0.627244
3.25041e-09	0.629885
3.25098e-09	0.63248
3.25154e-09	0.63503
3.25211e-09	0.637535
3.25267e-09	0.639993
3.25324e-09	0.642405
3.2538e-09	0.644771
3.25436e-09	0.64709
3.25493e-09	0.649362
3.25549e-09	0.651587
3.25606e-09	0.653765
3.25662e-09	0.655895
3.25719e-09	0.657977
3.25775e-09	0.660012
3.25831e-09	0.661998
3.25888e-09	0.663936
3.25944e-09	0.665825
3.26001e-09	0.667666
3.26057e-09	0.669458
3.26113e-09	0.671201
3.2617e-09	0.672894
3.26226e-09	0.674538
3.26283e-09	0.676132
3.26339e-09	0.677676
3.26396e-09	0.67917
3.26452e-09	0.680615
3.26508e-09	0.682008
3.26565e-09	0.683352
3.26621e-09	0.684645
3.26678e-09	0.685886
3.26734e-09	0.687077
3.26791e-09	0.688217
3.26847e-09	0.689306
3.26903e-09	0.690343
3.2696e-09	0.691329
3.27016e-09	0.692263
3.27073e-09	0.693146
3.27129e-09	0.693976
3.27186e-09	0.694755
3.27242e-09	0.695482
3.27298e-09	0.696156
3.27355e-09	0.696778
3.27411e-09	0.697348
3.27468e-09	0.697865
3.27524e-09	0.69833
3.27581e-09	0.698742
3.27637e-09	0.699101
3.27693e-09	0.699408
3.2775e-09	0.699661
3.27806e-09	0.699862
3.27863e-09	0.700009
3.27919e-09	0.700104
3.27976e-09	0.700145
3.28032e-09	0.700133
3.28088e-09	0.700068
3.28145e-09	0.699949
3.28201e-09	0.699777
3.28258e-09	0.699552
3.28314e-09	0.699273
3.28371e-09	0.698941
3.28427e-09	0.698555
3.28483e-09	0.698116
3.2854e-09	0.697623
3.28596e-09	0.697077
3.28653e-09	0.696477
3.28709e-09	0.695824
3.28766e-09	0.695117
3.28822e-09	0.694356
3.28878e-09	0.693542
3.28935e-09	0.692674
3.28991e-09	0.691753
3.29048e-09	0.690778
3.29104e-09	0.68975
3.2916e-09	0.688668
3.29217e-09	0.687533
3.29273e-09	0.686345
3.2933e-09	0.685103
3.29386e-09	0.683808
3.29443e-09	0.682459
3.29499e-09	0.681058
3.29555e-09	0.679603
3.29612e-09	0.678095
3.29668e-09	0.676534
3.29725e-09	0.67492
3.29781e-09	0.673253
3.29838e-09	0.671534
3.29894e-09	0.669761
3.2995e-09	0.667936
3.30007e-09	0.666059
3.30063e-09	0.664129
3.3012e-09	0.662146
3.30176e-09	0.660112
3.30233e-09	0.658025
3.30289e-09	0.655886
3.30345e-09	0.653695
3.30402e-09	0.651452
3.30458e-09	0.649158
3.30515e-09	0.646812
3.30571e-09	0.644415
3.30628e-09	0.641966
3.30684e-09	0.639467
3.3074e-09	0.636916
3.30797e-09	0.634314
3.30853e-09	0.631662
3.3091e-09	0.628959
3.30966e-09	0.626206
3.31023e-09	0.623402
3.31079e-09	0.620548
3.31135e-09	0.617645
3.31192e-09	0.614692
3.31248e-09	0.611689
3.31305e-09	0.608637
3.31361e-09	0.605535
3.31418e-09	0.602385
3.31474e-09	0.599186
3.3153e-09	0.595938
3.31587e-09	0.592642
3.31643e-09	0.589298
3.317e-09	0.585906
3.31756e-09	0.582466
3.31812e-09	0.578978
3.31869e-09	0.575443
3.31925e-09	0.571861
3.31982e-09	0.568233
3.32038e-09	0.564557
3.32095e-09	0.560836
3.32151e-09	0.557068
3.32207e-09	0.553254
3.32264e-09	0.549395
3.3232e-09	0.54549
3.32377e-09	0.54154
3.32433e-09	0.537545
3.3249e-09	0.533506
3.32546e-09	0.529422
3.32602e-09	0.525295
3.32659e-09	0.521123
3.32715e-09	0.516908
3.32772e-09	0.51265
3.32828e-09	0.508349
3.32885e-09	0.504005
3.32941e-09	0.499619
3.32997e-09	0.49519
3.33054e-09	0.49072
3.3311e-09	0.486209
3.33167e-09	0.481656
3.33223e-09	0.477063
3.3328e-09	0.472429
3.33336e-09	0.467755
3.33392e-09	0.463041
3.33449e-09	0.458288
3.33505e-09	0.453495
3.33562e-09	0.448663
3.33618e-09	0.443793
3.33675e-09	0.438885
3.33731e-09	0.433938
3.33787e-09	0.428955
3.33844e-09	0.423934
3.339e-09	0.418876
3.33957e-09	0.413782
3.34013e-09	0.408651
3.3407e-09	0.403485
3.34126e-09	0.398284
3.34182e-09	0.393047
3.34239e-09	0.387776
3.34295e-09	0.38247
3.34352e-09	0.377131
3.34408e-09	0.371758
3.34465e-09	0.366352
3.34521e-09	0.360913
3.34577e-09	0.355442
3.34634e-09	0.349939
3.3469e-09	0.344404
3.34747e-09	0.338838
3.34803e-09	0.333241
3.34859e-09	0.327614
3.34916e-09	0.321957
3.34972e-09	0.31627
3.35029e-09	0.310554
3.35085e-09	0.30481
3.35142e-09	0.299037
3.35198e-09	0.293236
3.35254e-09	0.287408
3.35311e-09	0.281552
3.35367e-09	0.27567
3.35424e-09	0.269762
3.3548e-09	0.263827
3.35537e-09	0.257868
3.35593e-09	0.251883
3.35649e-09	0.245874
3.35706e-09	0.239841
3.35762e-09	0.233785
3.35819e-09	0.227705
3.35875e-09	0.221602
3.35932e-09	0.215477
3.35988e-09	0.209331
3.36044e-09	0.203163
3.36101e-09	0.196974
3.36157e-09	0.190764
3.36214e-09	0.184535
3.3627e-09	0.178286
3.36327e-09	0.172018
3.36383e-09	0.165731
3.36439e-09	0.159426
3.36496e-09	0.153104
3.36552e-09	0.146764
3.36609e-09	0.140407
3.36665e-09	0.134034
3.36722e-09	0.127646
3.36778e-09	0.121242
3.36834e-09	0.114823
3.36891e-09	0.10839
3.36947e-09	0.101943
3.37004e-09	0.0954825
3.3706e-09	0.0890091
3.37117e-09	0.0825233
3.37173e-09	0.0760255
3.37229e-09	0.0695163
3.37286e-09	0.0629961
3.37342e-09	0.0564655
3.37399e-09	0.0499248
3.37455e-09	0.0433747
3.37512e-09	0.0368155
3.37568e-09	0.0302478
3.37624e-09	0.0236722
3.37681e-09	0.017089
3.37737e-09	0.0104988
3.37794e-09	0.00390203
3.3785e-09	-0.00270071
3.37906e-09	-0.00930897
3.37963e-09	-0.0159222
3.38019e-09	-0.02254
3.38076e-09	-0.0291618
3.38132e-09	-0.0357871
3.38189e-09	-0.0424154
3.38245e-09	-0.0490462
3.38301e-09	-0.0556789
3.38358e-09	-0.0623132
3.38414e-09	-0.0689484
3.38471e-09	-0.0755841
3.38527e-09	-0.0822197
3.38584e-09	-0.0888548
3.3864e-09	-0.0954888
3.38696e-09	-0.102121
3.38753e-09	-0.108752
3.38809e-09	-0.115379
3.38866e-09	-0.122004
3.38922e-09	-0.128625
3.38979e-09	-0.135242
3.39035e-09	-0.141854
3.39091e-09	-0.148461
3.39148e-09	-0.155063
3.39204e-09	-0.161658
3.39261e-09	-0.168247
3.39317e-09	-0.174828
3.39374e-09	-0.181402
3.3943e-09	-0.187967
3.39486e-09	-0.194524
3.39543e-09	-0.201072
3.39599e-09	-0.20761
3.39656e-09	-0.214137
3.39712e-09	-0.220654
3.39769e-09	-0.227159
3.39825e-09	-0.233653
3.39881e-09	-0.240135
3.39938e-09	-0.246603
3.39994e-09	-0.253059
3.40051e-09	-0.2595
3.40107e-09	-0.265927
3.40164e-09	-0.27234
3.4022e-09	-0.278737
3.40276e-09	-0.285118
3.40333e-09	-0.291483
3.40389e-09	-0.297831
3.40446e-09	-0.304162
3.40502e-09	-0.310475
3.40559e-09	-0.31677
3.40615e-09	-0.323046
3.40671e-09	-0.329302
3.40728e-09	-0.335539
3.40784e-09	-0.341755
3.40841e-09	-0.347951
3.40897e-09	-0.354125
3.40953e-09	-0.360277
3.4101e-09	-0.366408
3.41066e-09	-0.372515
3.41123e-09	-0.378599
3.41179e-09	-0.38466
3.41236e-09	-0.390696
3.41292e-09	-0.396707
3.41348e-09	-0.402694
3.41405e-09	-0.408654
3.41461e-09	-0.414589
3.41518e-09	-0.420496
3.41574e-09	-0.426377
3.41631e-09	-0.43223
3.41687e-09	-0.438056
3.41743e-09	-0.443852
3.418e-09	-0.44962
3.41856e-09	-0.455358
3.41913e-09	-0.461066
3.41969e-09	-0.466744
3.42026e-09	-0.472391
3.42082e-09	-0.478007
3.42138e-09	-0.483591
3.42195e-09	-0.489143
3.42251e-09	-0.494662
3.42308e-09	-0.500148
3.42364e-09	-0.505601
3.42421e-09	-0.51102
3.42477e-09	-0.516404
3.42533e-09	-0.521753
3.4259e-09	-0.527067
3.42646e-09	-0.532345
3.42703e-09	-0.537587
3.42759e-09	-0.542792
3.42816e-09	-0.547961
3.42872e-09	-0.553092
3.42928e-09	-0.558185
3.42985e-09	-0.563239
3.43041e-09	-0.568255
3.43098e-09	-0.573232
3.43154e-09	-0.578169
3.43211e-09	-0.583067
3.43267e-09	-0.587923
3.43323e-09	-0.59274
3.4338e-09	-0.597515
3.43436e-09	-0.602248
3.43493e-09	-0.606939
3.43549e-09	-0.611588
3.43606e-09	-0.616194
3.43662e-09	-0.620758
3.43718e-09	-0.625277
3.43775e-09	-0.629753
3.43831e-09	-0.634184
3.43888e-09	-0.638571
3.43944e-09	-0.642912
3.44e-09	-0.647209
3.44057e-09	-0.651459
3.44113e-09	-0.655663
3.4417e-09	-0.659821
3.44226e-09	-0.663932
3.44283e-09	-0.667996
3.44339e-09	-0.672012
3.44395e-09	-0.675981
3.44452e-09	-0.679901
3.44508e-09	-0.683772
3.44565e-09	-0.687595
3.44621e-09	-0.691368
3.44678e-09	-0.695092
3.44734e-09	-0.698766
3.4479e-09	-0.70239
3.44847e-09	-0.705963
3.44903e-09	-0.709485
3.4496e-09	-0.712957
3.45016e-09	-0.716376
3.45073e-09	-0.719744
3.45129e-09	-0.72306
3.45185e-09	-0.726324
3.45242e-09	-0.729535
3.45298e-09	-0.732693
3.45355e-09	-0.735798
3.45411e-09	-0.738849
3.45468e-09	-0.741846
3.45524e-09	-0.74479
3.4558e-09	-0.747679
3.45637e-09	-0.750514
3.45693e-09	-0.753294
3.4575e-09	-0.756018
3.45806e-09	-0.758688
3.45863e-09	-0.761301
3.45919e-09	-0.763859
3.45975e-09	-0.766361
3.46032e-09	-0.768807
3.46088e-09	-0.771196
3.46145e-09	-0.773528
3.46201e-09	-0.775804
3.46258e-09	-0.778022
3.46314e-09	-0.780183
3.4637e-09	-0.782286
3.46427e-09	-0.784331
3.46483e-09	-0.786319
3.4654e-09	-0.788248
3.46596e-09	-0.790118
3.46653e-09	-0.79193
3.46709e-09	-0.793684
3.46765e-09	-0.795378
3.46822e-09	-0.797013
3.46878e-09	-0.798589
3.46935e-09	-0.800106
3.46991e-09	-0.801562
3.47047e-09	-0.80296
3.47104e-09	-0.804297
3.4716e-09	-0.805574
3.47217e-09	-0.80679
3.47273e-09	-0.807947
3.4733e-09	-0.809043
3.47386e-09	-0.810078
3.47442e-09	-0.811052
3.47499e-09	-0.811966
3.47555e-09	-0.812819
3.47612e-09	-0.81361
3.47668e-09	-0.814341
3.47725e-09	-0.81501
3.47781e-09	-0.815617
3.47837e-09	-0.816163
3.47894e-09	-0.816648
3.4795e-09	-0.817071
3.48007e-09	-0.817432
3.48063e-09	-0.817731
3.4812e-09	-0.817969
3.48176e-09	-0.818144
3.48232e-09	-0.818257
3.48289e-09	-0.818309
3.48345e-09	-0.818298
3.48402e-09	-0.818225
3.48458e-09	-0.81809
3.48515e-09	-0.817893
3.48571e-09	-0.817633
3.48627e-09	-0.817311
3.48684e-09	-0.816927
3.4874e-09	-0.81648
3.48797e-09	-0.815972
3.48853e-09	-0.8154
3.4891e-09	-0.814767
3.48966e-09	-0.814071
3.49022e-09	-0.813313
3.49079e-09	-0.812492
3.49135e-09	-0.811609
3.49192e-09	-0.810664
3.49248e-09	-0.809656
3.49305e-09	-0.808587
3.49361e-09	-0.807455
3.49417e-09	-0.806261
3.49474e-09	-0.805005
3.4953e-09	-0.803687
3.49587e-09	-0.802306
3.49643e-09	-0.800864
3.497e-09	-0.79936
3.49756e-09	-0.797795
3.49812e-09	-0.796167
3.49869e-09	-0.794478
3.49925e-09	-0.792727
3.49982e-09	-0.790915
3.50038e-09	-0.789042
3.50094e-09	-0.787107
3.50151e-09	-0.785111
3.50207e-09	-0.783054
3.50264e-09	-0.780936
3.5032e-09	-0.778757
3.50377e-09	-0.776518
3.50433e-09	-0.774218
3.50489e-09	-0.771857
3.50546e-09	-0.769436
3.50602e-09	-0.766955
3.50659e-09	-0.764415
3.50715e-09	-0.761814
3.50772e-09	-0.759153
3.50828e-09	-0.756433
3.50884e-09	-0.753654
3.50941e-09	-0.750815
3.50997e-09	-0.747917
3.51054e-09	-0.744961
3.5111e-09	-0.741946
3.51167e-09	-0.738872
3.51223e-09	-0.73574
3.51279e-09	-0.73255
3.51336e-09	-0.729302
3.51392e-09	-0.725997
3.51449e-09	-0.722634
3.51505e-09	-0.719214
3.51562e-09	-0.715736
3.51618e-09	-0.712202
3.51674e-09	-0.708612
3.51731e-09	-0.704965
3.51787e-09	-0.701262
3.51844e-09	-0.697503
3.519e-09	-0.693689
3.51957e-09	-0.689819
3.52013e-09	-0.685894
3.52069e-09	-0.681915
3.52126e-09	-0.677881
3.52182e-09	-0.673792
3.52239e-09	-0.66965
3.52295e-09	-0.665454
3.52352e-09	-0.661204
3.52408e-09	-0.656901
3.52464e-09	-0.652546
3.52521e-09	-0.648138
3.52577e-09	-0.643677
3.52634e-09	-0.639165
3.5269e-09	-0.634601
3.52747e-09	-0.629986
3.52803e-09	-0.62532
3.52859e-09	-0.620603
3.52916e-09	-0.615835
3.52972e-09	-0.611018
3.53029e-09	-0.606151
3.53085e-09	-0.601235
3.53141e-09	-0.59627
3.53198e-09	-0.591256
3.53254e-09	-0.586193
3.53311e-09	-0.581083
3.53367e-09	-0.575925
3.53424e-09	-0.57072
3.5348e-09	-0.565468
3.53536e-09	-0.56017
3.53593e-09	-0.554825
3.53649e-09	-0.549435
3.53706e-09	-0.543999
3.53762e-09	-0.538519
3.53819e-09	-0.532994
3.53875e-09	-0.527424
3.53931e-09	-0.521811
3.53988e-09	-0.516155
3.54044e-09	-0.510455
3.54101e-09	-0.504713
3.54157e-09	-0.498929
3.54214e-09	-0.493103
3.5427e-09	-0.487235
3.54326e-09	-0.481327
3.54383e-09	-0.475379
3.54439e-09	-0.46939
3.54496e-09	-0.463361
3.54552e-09	-0.457294
3.54609e-09	-0.451187
3.54665e-09	-0.445043
3.54721e-09	-0.43886
3.54778e-09	-0.43264
3.54834e-09	-0.426384
3.54891e-09	-0.42009
3.54947e-09	-0.413761
3.55004e-09	-0.407396
3.5506e-09	-0.400996
3.55116e-09	-0.394561
3.55173e-09	-0.388092
3.55229e-09	-0.381589
3.55286e-09	-0.375053
3.55342e-09	-0.368485
3.55399e-09	-0.361884
3.55455e-09	-0.355251
3.55511e-09	-0.348587
3.55568e-09	-0.341892
3.55624e-09	-0.335167
3.55681e-09	-0.328412
3.55737e-09	-0.321628
3.55794e-09	-0.314815
3.5585e-09	-0.307973
3.55906e-09	-0.301104
3.55963e-09	-0.294208
3.56019e-09	-0.287284
3.56076e-09	-0.280335
3.56132e-09	-0.273359
3.56188e-09	-0.266359
3.56245e-09	-0.259333
3.56301e-09	-0.252284
3.56358e-09	-0.24521
3.56414e-09	-0.238114
3.56471e-09	-0.230995
3.56527e-09	-0.223854
3.56583e-09	-0.216691
3.5664e-09	-0.209508
3.56696e-09	-0.202303
3.56753e-09	-0.195079
3.56809e-09	-0.187836
3.56866e-09	-0.180573
3.56922e-09	-0.173292
3.56978e-09	-0.165994
3.57035e-09	-0.158678
3.57091e-09	-0.151346
3.57148e-09	-0.143997
3.57204e-09	-0.136633
3.57261e-09	-0.129254
3.57317e-09	-0.12186
3.57373e-09	-0.114453
3.5743e-09	-0.107032
3.57486e-09	-0.0995979
3.57543e-09	-0.092152
3.57599e-09	-0.0846944
3.57656e-09	-0.0772257
3.57712e-09	-0.0697465
3.57768e-09	-0.0622573
3.57825e-09	-0.0547587
3.57881e-09	-0.0472512
3.57938e-09	-0.0397355
3.57994e-09	-0.0322121
3.58051e-09	-0.0246816
3.58107e-09	-0.0171445
3.58163e-09	-0.00960143
3.5822e-09	-0.00205297
3.58276e-09	0.00550033
3.58333e-09	0.0130579
3.58389e-09	0.0206191
3.58446e-09	0.0281834
3.58502e-09	0.0357503
3.58558e-09	0.0433191
3.58615e-09	0.0508892
3.58671e-09	0.0584602
3.58728e-09	0.0660313
3.58784e-09	0.0736021
3.58841e-09	0.081172
3.58897e-09	0.0887403
3.58953e-09	0.0963065
3.5901e-09	0.10387
3.59066e-09	0.11143
3.59123e-09	0.118987
3.59179e-09	0.126539
3.59235e-09	0.134085
3.59292e-09	0.141627
3.59348e-09	0.149162
3.59405e-09	0.15669
3.59461e-09	0.164211
3.59518e-09	0.171724
3.59574e-09	0.179229
3.5963e-09	0.186725
3.59687e-09	0.19421
3.59743e-09	0.201686
3.598e-09	0.209151
3.59856e-09	0.216604
3.59913e-09	0.224046
3.59969e-09	0.231475
3.60025e-09	0.23889
3.60082e-09	0.246293
3.60138e-09	0.25368
3.60195e-09	0.261053
3.60251e-09	0.268411
3.60308e-09	0.275752
3.60364e-09	0.283077
3.6042e-09	0.290385
3.60477e-09	0.297675
3.60533e-09	0.304947
3.6059e-09	0.3122
3.60646e-09	0.319433
3.60703e-09	0.326647
3.60759e-09	0.33384
3.60815e-09	0.341012
3.60872e-09	0.348162
3.60928e-09	0.35529
3.60985e-09	0.362395
3.61041e-09	0.369477
3.61098e-09	0.376535
3.61154e-09	0.383569
3.6121e-09	0.390577
3.61267e-09	0.39756
3.61323e-09	0.404517
3.6138e-09	0.411448
3.61436e-09	0.418351
3.61493e-09	0.425226
3.61549e-09	0.432073
3.61605e-09	0.438891
3.61662e-09	0.44568
3.61718e-09	0.452439
3.61775e-09	0.459167
3.61831e-09	0.465864
3.61888e-09	0.47253
3.61944e-09	0.479164
3.62e-09	0.485766
3.62057e-09	0.492334
3.62113e-09	0.498869
3.6217e-09	0.505369
3.62226e-09	0.511835
3.62282e-09	0.518266
3.62339e-09	0.524661
3.62395e-09	0.53102
3.62452e-09	0.537342
3.62508e-09	0.543627
3.62565e-09	0.549875
3.62621e-09	0.556084
3.62677e-09	0.562254
3.62734e-09	0.568385
3.6279e-09	0.574477
3.62847e-09	0.580528
3.62903e-09	0.586539
3.6296e-09	0.592509
3.63016e-09	0.598437
3.63072e-09	0.604323
3.63129e-09	0.610166
3.63185e-09	0.615967
3.63242e-09	0.621724
3.63298e-09	0.627436
3.63355e-09	0.633105
3.63411e-09	0.638728
3.63467e-09	0.644307
3.63524e-09	0.649839
3.6358e-09	0.655325
3.63637e-09	0.660765
3.63693e-09	0.666157
3.6375e-09	0.671502
3.63806e-09	0.676799
3.63862e-09	0.682047
3.63919e-09	0.687247
3.63975e-09	0.692397
3.64032e-09	0.697497
3.64088e-09	0.702547
3.64145e-09	0.707547
3.64201e-09	0.712496
3.64257e-09	0.717394
3.64314e-09	0.722239
3.6437e-09	0.727033
3.64427e-09	0.731774
3.64483e-09	0.736462
3.6454e-09	0.741096
3.64596e-09	0.745677
3.64652e-09	0.750204
3.64709e-09	0.754677
3.64765e-09	0.759094
3.64822e-09	0.763456
3.64878e-09	0.767763
3.64935e-09	0.772014
3.64991e-09	0.776208
3.65047e-09	0.780346
3.65104e-09	0.784427
3.6516e-09	0.788451
3.65217e-09	0.792417
3.65273e-09	0.796324
3.65329e-09	0.800174
3.65386e-09	0.803965
3.65442e-09	0.807696
3.65499e-09	0.811369
3.65555e-09	0.814982
3.65612e-09	0.818535
3.65668e-09	0.822028
3.65724e-09	0.82546
3.65781e-09	0.828831
3.65837e-09	0.832141
3.65894e-09	0.83539
3.6595e-09	0.838578
3.66007e-09	0.841703
3.66063e-09	0.844766
3.66119e-09	0.847766
3.66176e-09	0.850704
3.66232e-09	0.853579
3.66289e-09	0.85639
3.66345e-09	0.859138
3.66402e-09	0.861823
3.66458e-09	0.864443
3.66514e-09	0.866999
3.66571e-09	0.86949
3.66627e-09	0.871917
3.66684e-09	0.874279
3.6674e-09	0.876576
3.66797e-09	0.878807
3.66853e-09	0.880973
3.66909e-09	0.883074
3.66966e-09	0.885108
3.67022e-09	0.887076
3.67079e-09	0.888978
3.67135e-09	0.890813
3.67192e-09	0.892582
3.67248e-09	0.894284
3.67304e-09	0.895919
3.67361e-09	0.897487
3.67417e-09	0.898987
3.67474e-09	0.90042
3.6753e-09	0.901786
3.67587e-09	0.903084
3.67643e-09	0.904314
3.67699e-09	0.905475
3.67756e-09	0.906569
3.67812e-09	0.907595
3.67869e-09	0.908552
3.67925e-09	0.909441
3.67982e-09	0.910261
3.68038e-09	0.911012
3.68094e-09	0.911695
3.68151e-09	0.912309
3.68207e-09	0.912854
3.68264e-09	0.91333
3.6832e-09	0.913737
3.68376e-09	0.914075
3.68433e-09	0.914344
3.68489e-09	0.914543
3.68546e-09	0.914674
3.68602e-09	0.914734
3.68659e-09	0.914726
3.68715e-09	0.914648
3.68771e-09	0.914501
3.68828e-09	0.914284
3.68884e-09	0.913997
3.68941e-09	0.913642
3.68997e-09	0.913216
3.69054e-09	0.912722
3.6911e-09	0.912157
3.69166e-09	0.911524
3.69223e-09	0.910821
3.69279e-09	0.910048
3.69336e-09	0.909206
3.69392e-09	0.908294
3.69449e-09	0.907314
3.69505e-09	0.906264
3.69561e-09	0.905144
3.69618e-09	0.903956
3.69674e-09	0.902698
3.69731e-09	0.901371
3.69787e-09	0.899975
3.69844e-09	0.898511
3.699e-09	0.896977
3.69956e-09	0.895375
3.70013e-09	0.893703
3.70069e-09	0.891964
3.70126e-09	0.890156
3.70182e-09	0.888279
3.70239e-09	0.886334
3.70295e-09	0.884321
3.70351e-09	0.88224
3.70408e-09	0.880091
3.70464e-09	0.877874
3.70521e-09	0.87559
3.70577e-09	0.873238
3.70634e-09	0.870819
3.7069e-09	0.868332
3.70746e-09	0.865779
3.70803e-09	0.863159
3.70859e-09	0.860471
3.70916e-09	0.857718
3.70972e-09	0.854898
3.71028e-09	0.852012
3.71085e-09	0.84906
3.71141e-09	0.846042
3.71198e-09	0.842959
3.71254e-09	0.83981
3.71311e-09	0.836596
3.71367e-09	0.833317
3.71423e-09	0.829973
3.7148e-09	0.826565
3.71536e-09	0.823093
3.71593e-09	0.819556
3.71649e-09	0.815956
3.71706e-09	0.812293
3.71762e-09	0.808566
3.71818e-09	0.804775
3.71875e-09	0.800923
3.71931e-09	0.797007
3.71988e-09	0.79303
3.72044e-09	0.78899
3.72101e-09	0.784889
3.72157e-09	0.780727
3.72213e-09	0.776503
3.7227e-09	0.772218
3.72326e-09	0.767873
3.72383e-09	0.763468
3.72439e-09	0.759003
3.72496e-09	0.754479
3.72552e-09	0.749895
3.72608e-09	0.745252
3.72665e-09	0.740551
3.72721e-09	0.735791
3.72778e-09	0.730973
3.72834e-09	0.726098
3.72891e-09	0.721166
3.72947e-09	0.716176
3.73003e-09	0.711131
3.7306e-09	0.706029
3.73116e-09	0.700871
3.73173e-09	0.695658
3.73229e-09	0.69039
3.73286e-09	0.685067
3.73342e-09	0.679689
3.73398e-09	0.674258
3.73455e-09	0.668774
3.73511e-09	0.663236
3.73568e-09	0.657646
3.73624e-09	0.652003
3.73681e-09	0.646308
3.73737e-09	0.640562
3.73793e-09	0.634765
3.7385e-09	0.628917
3.73906e-09	0.623019
3.73963e-09	0.617071
3.74019e-09	0.611074
3.74075e-09	0.605028
3.74132e-09	0.598934
3.74188e-09	0.592791
3.74245e-09	0.586601
3.74301e-09	0.580364
3.74358e-09	0.57408
3.74414e-09	0.56775
3.7447e-09	0.561374
3.74527e-09	0.554953
3.74583e-09	0.548487
3.7464e-09	0.541976
3.74696e-09	0.535422
3.74753e-09	0.528825
3.74809e-09	0.522184
3.74865e-09	0.515502
3.74922e-09	0.508777
3.74978e-09	0.502011
3.75035e-09	0.495204
3.75091e-09	0.488357
3.75148e-09	0.48147
3.75204e-09	0.474543
3.7526e-09	0.467578
3.75317e-09	0.460574
3.75373e-09	0.453532
3.7543e-09	0.446454
3.75486e-09	0.439338
3.75543e-09	0.432186
3.75599e-09	0.424999
3.75655e-09	0.417776
3.75712e-09	0.410519
3.75768e-09	0.403227
3.75825e-09	0.395902
3.75881e-09	0.388544
3.75938e-09	0.381154
3.75994e-09	0.373731
3.7605e-09	0.366278
3.76107e-09	0.358793
3.76163e-09	0.351279
3.7622e-09	0.343734
3.76276e-09	0.336161
3.76333e-09	0.328559
3.76389e-09	0.320929
3.76445e-09	0.313272
3.76502e-09	0.305588
3.76558e-09	0.297877
3.76615e-09	0.290141
3.76671e-09	0.28238
3.76728e-09	0.274595
3.76784e-09	0.266785
3.7684e-09	0.258953
3.76897e-09	0.251097
3.76953e-09	0.24322
3.7701e-09	0.23532
3.77066e-09	0.2274
3.77122e-09	0.21946
3.77179e-09	0.2115
3.77235e-09	0.203521
3.77292e-09	0.195523
3.77348e-09	0.187507
3.77405e-09	0.179474
3.77461e-09	0.171424
3.77517e-09	0.163358
3.77574e-09	0.155277
3.7763e-09	0.147181
3.77687e-09	0.13907
3.77743e-09	0.130946
3.778e-09	0.122809
3.77856e-09	0.114659
3.77912e-09	0.106498
3.77969e-09	0.0983251
3.78025e-09	0.090142
3.78082e-09	0.0819489
3.78138e-09	0.0737464
3.78195e-09	0.0655353
3.78251e-09	0.0573162
3.78307e-09	0.0490895
3.78364e-09	0.0408561
3.7842e-09	0.0326165
3.78477e-09	0.0243714
3.78533e-09	0.0161213
3.7859e-09	0.00786688
3.78646e-09	-0.000391178
3.78702e-09	-0.00865227
3.78759e-09	-0.0169158
3.78815e-09	-0.025181
3.78872e-09	-0.0334474
3.78928e-09	-0.0417144
3.78985e-09	-0.0499812
3.79041e-09	-0.0582472
3.79097e-09	-0.0665119
3.79154e-09	-0.0747745
3.7921e-09	-0.0830345
3.79267e-09	-0.0912912
3.79323e-09	-0.099544
3.7938e-09	-0.107792
3.79436e-09	-0.116035
3.79492e-09	-0.124272
3.79549e-09	-0.132503
3.79605e-09	-0.140727
3.79662e-09	-0.148943
3.79718e-09	-0.157151
3.79775e-09	-0.165349
3.79831e-09	-0.173538
3.79887e-09	-0.181717
3.79944e-09	-0.189885
3.8e-09	-0.198041
3.80057e-09	-0.206186
3.80113e-09	-0.214317
3.80169e-09	-0.222435
3.80226e-09	-0.23054
3.80282e-09	-0.238629
3.80339e-09	-0.246704
3.80395e-09	-0.254762
3.80452e-09	-0.262804
3.80508e-09	-0.270829
3.80564e-09	-0.278836
3.80621e-09	-0.286824
3.80677e-09	-0.294794
3.80734e-09	-0.302744
3.8079e-09	-0.310674
3.80847e-09	-0.318583
3.80903e-09	-0.326471
3.80959e-09	-0.334337
3.81016e-09	-0.34218
3.81072e-09	-0.349999
3.81129e-09	-0.357795
3.81185e-09	-0.365567
3.81242e-09	-0.373313
3.81298e-09	-0.381034
3.81354e-09	-0.388728
3.81411e-09	-0.396395
3.81467e-09	-0.404035
3.81524e-09	-0.411647
3.8158e-09	-0.419231
3.81637e-09	-0.426785
3.81693e-09	-0.434309
3.81749e-09	-0.441803
3.81806e-09	-0.449266
3.81862e-09	-0.456697
3.81919e-09	-0.464096
3.81975e-09	-0.471462
3.82032e-09	-0.478795
3.82088e-09	-0.486094
3.82144e-09	-0.493359
3.82201e-09	-0.500589
3.82257e-09	-0.507783
3.82314e-09	-0.51494
3.8237e-09	-0.522062
3.82427e-09	-0.529146
3.82483e-09	-0.536192
3.82539e-09	-0.543199
3.82596e-09	-0.550168
3.82652e-09	-0.557098
3.82709e-09	-0.563987
3.82765e-09	-0.570836
3.82822e-09	-0.577643
3.82878e-09	-0.58441
3.82934e-09	-0.591133
3.82991e-09	-0.597815
3.83047e-09	-0.604453
3.83104e-09	-0.611047
3.8316e-09	-0.617597
3.83216e-09	-0.624103
3.83273e-09	-0.630563
3.83329e-09	-0.636977
3.83386e-09	-0.643345
3.83442e-09	-0.649666
3.83499e-09	-0.65594
3.83555e-09	-0.662166
3.83611e-09	-0.668344
3.83668e-09	-0.674473
3.83724e-09	-0.680553
3.83781e-09	-0.686584
3.83837e-09	-0.692563
3.83894e-09	-0.698493
3.8395e-09	-0.704371
3.84006e-09	-0.710198
3.84063e-09	-0.715972
3.84119e-09	-0.721694
3.84176e-09	-0.727363
3.84232e-09	-0.732979
3.84289e-09	-0.73854
3.84345e-09	-0.744048
3.84401e-09	-0.7495
3.84458e-09	-0.754898
3.84514e-09	-0.76024
3.84571e-09	-0.765525
3.84627e-09	-0.770755
3.84684e-09	-0.775927
3.8474e-09	-0.781042
3.84796e-09	-0.7861
3.84853e-09	-0.791099
3.84909e-09	-0.79604
3.84966e-09	-0.800922
3.85022e-09	-0.805745
3.85079e-09	-0.810508
3.85135e-09	-0.815211
3.85191e-09	-0.819853
3.85248e-09	-0.824435
3.85304e-09	-0.828955
3.85361e-09	-0.833414
3.85417e-09	-0.837811
3.85474e-09	-0.842146
3.8553e-09	-0.846418
3.85586e-09	-0.850628
3.85643e-09	-0.854774
3.85699e-09	-0.858856
3.85756e-09	-0.862874
3.85812e-09	-0.866829
3.85869e-09	-0.870718
3.85925e-09	-0.874543
3.85981e-09	-0.878302
3.86038e-09	-0.881996
3.86094e-09	-0.885624
3.86151e-09	-0.889186
3.86207e-09	-0.892681
3.86263e-09	-0.89611
3.8632e-09	-0.899472
3.86376e-09	-0.902766
3.86433e-09	-0.905993
3.86489e-09	-0.909153
3.86546e-09	-0.912244
3.86602e-09	-0.915267
3.86658e-09	-0.918221
3.86715e-09	-0.921106
3.86771e-09	-0.923923
3.86828e-09	-0.92667
3.86884e-09	-0.929347
3.86941e-09	-0.931955
3.86997e-09	-0.934493
3.87053e-09	-0.936961
3.8711e-09	-0.939358
3.87166e-09	-0.941685
3.87223e-09	-0.943941
3.87279e-09	-0.946126
3.87336e-09	-0.94824
3.87392e-09	-0.950283
3.87448e-09	-0.952254
3.87505e-09	-0.954153
3.87561e-09	-0.955981
3.87618e-09	-0.957736
3.87674e-09	-0.95942
3.87731e-09	-0.961031
3.87787e-09	-0.962569
3.87843e-09	-0.964035
3.879e-09	-0.965429
3.87956e-09	-0.966749
3.88013e-09	-0.967997
3.88069e-09	-0.969171
3.88126e-09	-0.970273
3.88182e-09	-0.971301
3.88238e-09	-0.972256
3.88295e-09	-0.973137
3.88351e-09	-0.973944
3.88408e-09	-0.974678
3.88464e-09	-0.975339
3.88521e-09	-0.975925
3.88577e-09	-0.976438
3.88633e-09	-0.976877
3.8869e-09	-0.977242
3.88746e-09	-0.977532
3.88803e-09	-0.977749
3.88859e-09	-0.977892
3.88916e-09	-0.977961
3.88972e-09	-0.977955
3.89028e-09	-0.977875
3.89085e-09	-0.977722
3.89141e-09	-0.977494
3.89198e-09	-0.977192
3.89254e-09	-0.976815
3.8931e-09	-0.976365
3.89367e-09	-0.97584
3.89423e-09	-0.975242
3.8948e-09	-0.974569
3.89536e-09	-0.973822
3.89593e-09	-0.973001
3.89649e-09	-0.972106
3.89705e-09	-0.971138
3.89762e-09	-0.970095
3.89818e-09	-0.968979
3.89875e-09	-0.967789
3.89931e-09	-0.966525
3.89988e-09	-0.965188
3.90044e-09	-0.963777
3.901e-09	-0.962293
3.90157e-09	-0.960735
3.90213e-09	-0.959105
3.9027e-09	-0.957401
3.90326e-09	-0.955624
3.90383e-09	-0.953775
3.90439e-09	-0.951853
3.90495e-09	-0.949858
3.90552e-09	-0.94779
3.90608e-09	-0.945651
3.90665e-09	-0.943439
3.90721e-09	-0.941155
3.90778e-09	-0.938799
3.90834e-09	-0.936372
3.9089e-09	-0.933873
3.90947e-09	-0.931302
3.91003e-09	-0.928661
3.9106e-09	-0.925948
3.91116e-09	-0.923165
3.91173e-09	-0.920311
3.91229e-09	-0.917387
3.91285e-09	-0.914392
3.91342e-09	-0.911328
3.91398e-09	-0.908194
3.91455e-09	-0.90499
3.91511e-09	-0.901717
3.91568e-09	-0.898375
3.91624e-09	-0.894964
3.9168e-09	-0.891485
3.91737e-09	-0.887937
3.91793e-09	-0.884321
3.9185e-09	-0.880637
3.91906e-09	-0.876886
3.91963e-09	-0.873068
3.92019e-09	-0.869182
3.92075e-09	-0.86523
3.92132e-09	-0.861211
3.92188e-09	-0.857127
3.92245e-09	-0.852976
3.92301e-09	-0.84876
3.92357e-09	-0.844479
3.92414e-09	-0.840133
3.9247e-09	-0.835722
3.92527e-09	-0.831247
3.92583e-09	-0.826708
3.9264e-09	-0.822106
3.92696e-09	-0.81744
3.92752e-09	-0.812711
3.92809e-09	-0.80792
3.92865e-09	-0.803067
3.92922e-09	-0.798151
3.92978e-09	-0.793175
3.93035e-09	-0.788137
3.93091e-09	-0.783038
3.93147e-09	-0.777879
3.93204e-09	-0.77266
3.9326e-09	-0.767382
3.93317e-09	-0.762044
3.93373e-09	-0.756648
3.9343e-09	-0.751193
3.93486e-09	-0.74568
3.93542e-09	-0.740109
3.93599e-09	-0.734482
3.93655e-09	-0.728797
3.93712e-09	-0.723057
3.93768e-09	-0.71726
3.93825e-09	-0.711408
3.93881e-09	-0.705501
3.93937e-09	-0.699539
3.93994e-09	-0.693523
3.9405e-09	-0.687454
3.94107e-09	-0.681331
3.94163e-09	-0.675156
3.9422e-09	-0.668928
3.94276e-09	-0.662648
3.94332e-09	-0.656317
3.94389e-09	-0.649935
3.94445e-09	-0.643503
3.94502e-09	-0.637021
3.94558e-09	-0.630489
3.94615e-09	-0.623908
3.94671e-09	-0.617279
3.94727e-09	-0.610602
3.94784e-09	-0.603877
3.9484e-09	-0.597106
3.94897e-09	-0.590288
3.94953e-09	-0.583424
3.9501e-09	-0.576515
3.95066e-09	-0.56956
3.95122e-09	-0.562562
3.95179e-09	-0.555519
3.95235e-09	-0.548433
3.95292e-09	-0.541305
3.95348e-09	-0.534134
3.95404e-09	-0.526922
3.95461e-09	-0.519668
3.95517e-09	-0.512374
3.95574e-09	-0.50504
3.9563e-09	-0.497666
3.95687e-09	-0.490253
3.95743e-09	-0.482802
3.95799e-09	-0.475313
3.95856e-09	-0.467787
3.95912e-09	-0.460224
3.95969e-09	-0.452625
3.96025e-09	-0.44499
3.96082e-09	-0.437321
3.96138e-09	-0.429617
3.96194e-09	-0.421879
3.96251e-09	-0.414109
3.96307e-09	-0.406305
3.96364e-09	-0.39847
3.9642e-09	-0.390603
3.96477e-09	-0.382705
3.96533e-09	-0.374777
3.96589e-09	-0.366819
3.96646e-09	-0.358833
3.96702e-09	-0.350818
3.96759e-09	-0.342775
3.96815e-09	-0.334705
3.96872e-09	-0.326608
3.96928e-09	-0.318485
3.96984e-09	-0.310337
3.97041e-09	-0.302165
3.97097e-09	-0.293968
3.97154e-09	-0.285747
3.9721e-09	-0.277504
3.97267e-09	-0.269239
3.97323e-09	-0.260952
3.97379e-09	-0.252644
3.97436e-09	-0.244315
3.97492e-09	-0.235967
3.97549e-09	-0.2276
3.97605e-09	-0.219214
3.97662e-09	-0.210811
3.97718e-09	-0.20239
3.97774e-09	-0.193953
3.97831e-09	-0.1855
3.97887e-09	-0.177032
3.97944e-09	-0.168549
3.98e-09	-0.160053
3.98057e-09	-0.151543
3.98113e-09	-0.14302
3.98169e-09	-0.134485
3.98226e-09	-0.125939
3.98282e-09	-0.117383
3.98339e-09	-0.108816
3.98395e-09	-0.10024
3.98451e-09	-0.0916549
3.98508e-09	-0.083062
3.98564e-09	-0.0744617
3.98621e-09	-0.0658546
3.98677e-09	-0.0572414
3.98734e-09	-0.0486228
3.9879e-09	-0.0399994
3.98846e-09	-0.0313718
3.98903e-09	-0.0227408
3.98959e-09	-0.014107
3.99016e-09	-0.00547102
3.99072e-09	0.00316644
3.99129e-09	0.0118047
3.99185e-09	0.0204432
3.99241e-09	0.0290811
3.99298e-09	0.0377179
3.99354e-09	0.0463529
3.99411e-09	0.0549854
3.99467e-09	0.0636148
3.99524e-09	0.0722403
3.9958e-09	0.0808614
3.99636e-09	0.0894774
3.99693e-09	0.0980877
3.99749e-09	0.106691
3.99806e-09	0.115288
3.99862e-09	0.123877
3.99919e-09	0.132458
3.99975e-09	0.141029
4.00031e-09	0.149591
4.00088e-09	0.158142
4.00144e-09	0.166682
4.00201e-09	0.175211
4.00257e-09	0.183727
4.00314e-09	0.192231
4.0037e-09	0.20072
4.00426e-09	0.209196
4.00483e-09	0.217656
4.00539e-09	0.226101
4.00596e-09	0.234529
4.00652e-09	0.242941
4.00709e-09	0.251335
4.00765e-09	0.259711
4.00821e-09	0.268068
4.00878e-09	0.276406
4.00934e-09	0.284723
4.00991e-09	0.29302
4.01047e-09	0.301296
4.01104e-09	0.309549
4.0116e-09	0.31778
4.01216e-09	0.325987
4.01273e-09	0.334171
4.01329e-09	0.34233
4.01386e-09	0.350464
4.01442e-09	0.358572
4.01498e-09	0.366654
4.01555e-09	0.374708
4.01611e-09	0.382735
4.01668e-09	0.390734
4.01724e-09	0.398704
4.01781e-09	0.406644
4.01837e-09	0.414554
4.01893e-09	0.422434
4.0195e-09	0.430282
4.02006e-09	0.438099
4.02063e-09	0.445882
4.02119e-09	0.453633
4.02176e-09	0.46135
4.02232e-09	0.469033
4.02288e-09	0.47668
4.02345e-09	0.484293
4.02401e-09	0.491869
4.02458e-09	0.499409
4.02514e-09	0.506911
4.02571e-09	0.514375
4.02627e-09	0.521802
4.02683e-09	0.529189
4.0274e-09	0.536536
4.02796e-09	0.543844
4.02853e-09	0.551111
4.02909e-09	0.558337
4.02966e-09	0.565521
4.03022e-09	0.572662
4.03078e-09	0.579761
4.03135e-09	0.586817
4.03191e-09	0.593828
4.03248e-09	0.600795
4.03304e-09	0.607717
4.03361e-09	0.614593
4.03417e-09	0.621423
4.03473e-09	0.628207
4.0353e-09	0.634944
4.03586e-09	0.641632
4.03643e-09	0.648273
4.03699e-09	0.654865
4.03756e-09	0.661408
4.03812e-09	0.667901
4.03868e-09	0.674344
4.03925e-09	0.680736
4.03981e-09	0.687077
4.04038e-09	0.693367
4.04094e-09	0.699604
4.04151e-09	0.705788
4.04207e-09	0.71192
4.04263e-09	0.717998
4.0432e-09	0.724021
4.04376e-09	0.729991
4.04433e-09	0.735905
4.04489e-09	0.741764
4.04545e-09	0.747567
4.04602e-09	0.753314
4.04658e-09	0.759004
4.04715e-09	0.764636
4.04771e-09	0.770212
4.04828e-09	0.775729
4.04884e-09	0.781187
4.0494e-09	0.786587
4.04997e-09	0.791927
4.05053e-09	0.797207
4.0511e-09	0.802428
4.05166e-09	0.807588
4.05223e-09	0.812686
4.05279e-09	0.817724
4.05335e-09	0.8227
4.05392e-09	0.827613
4.05448e-09	0.832465
4.05505e-09	0.837253
4.05561e-09	0.841978
4.05618e-09	0.846639
4.05674e-09	0.851237
4.0573e-09	0.85577
4.05787e-09	0.860238
4.05843e-09	0.864642
4.059e-09	0.86898
4.05956e-09	0.873252
4.06013e-09	0.877459
4.06069e-09	0.881599
4.06125e-09	0.885672
4.06182e-09	0.889679
4.06238e-09	0.893618
4.06295e-09	0.89749
4.06351e-09	0.901293
4.06408e-09	0.905029
4.06464e-09	0.908696
4.0652e-09	0.912294
4.06577e-09	0.915824
4.06633e-09	0.919284
4.0669e-09	0.922674
4.06746e-09	0.925995
4.06803e-09	0.929245
4.06859e-09	0.932425
4.06915e-09	0.935535
4.06972e-09	0.938574
4.07028e-09	0.941542
4.07085e-09	0.944438
4.07141e-09	0.947263
4.07198e-09	0.950016
4.07254e-09	0.952698
4.0731e-09	0.955307
4.07367e-09	0.957844
4.07423e-09	0.960308
4.0748e-09	0.962699
4.07536e-09	0.965018
4.07592e-09	0.967264
4.07649e-09	0.969436
4.07705e-09	0.971535
4.07762e-09	0.97356
4.07818e-09	0.975512
4.07875e-09	0.977389
4.07931e-09	0.979193
4.07987e-09	0.980922
4.08044e-09	0.982577
4.081e-09	0.984158
4.08157e-09	0.985664
4.08213e-09	0.987095
4.0827e-09	0.988452
4.08326e-09	0.989734
4.08382e-09	0.99094
4.08439e-09	0.992072
4.08495e-09	0.993128
4.08552e-09	0.99411
4.08608e-09	0.995015
4.08665e-09	0.995846
4.08721e-09	0.996601
4.08777e-09	0.99728
4.08834e-09	0.997884
4.0889e-09	0.998412
4.08947e-09	0.998865
4.09003e-09	0.999242
4.0906e-09	0.999543
4.09116e-09	0.999768
4.09172e-09	0.999918
4.09229e-09	0.999991
4.09285e-09	0.99999
4.09342e-09	0.999912
4.09398e-09	0.999758
4.09455e-09	0.999529
4.09511e-09	0.999224
4.09567e-09	0.998843
4.09624e-09	0.998386
4.0968e-09	0.997854
4.09737e-09	0.997246
4.09793e-09	0.996563
4.0985e-09	0.995804
4.09906e-09	0.99497
4.09962e-09	0.99406
4.10019e-09	0.993075
4.10075e-09	0.992015
4.10132e-09	0.990879
4.10188e-09	0.989668
4.10244e-09	0.988383
4.10301e-09	0.987022
4.10357e-09	0.985587
4.10414e-09	0.984077
4.1047e-09	0.982493
4.10527e-09	0.980834
4.10583e-09	0.9791
4.10639e-09	0.977293
4.10696e-09	0.975411
4.10752e-09	0.973456
4.10809e-09	0.971427
4.10865e-09	0.969324
4.10922e-09	0.967148
4.10978e-09	0.964899
4.11034e-09	0.962576
4.11091e-09	0.960181
4.11147e-09	0.957713
4.11204e-09	0.955172
4.1126e-09	0.952559
4.11317e-09	0.949874
4.11373e-09	0.947117
4.11429e-09	0.944288
4.11486e-09	0.941388
4.11542e-09	0.938416
4.11599e-09	0.935374
4.11655e-09	0.932261
4.11712e-09	0.929077
4.11768e-09	0.925822
4.11824e-09	0.922498
4.11881e-09	0.919104
4.11937e-09	0.91564
4.11994e-09	0.912108
4.1205e-09	0.908506
4.12107e-09	0.904835
4.12163e-09	0.901096
4.12219e-09	0.897289
4.12276e-09	0.893413
4.12332e-09	0.889471
4.12389e-09	0.885461
4.12445e-09	0.881384
4.12502e-09	0.87724
4.12558e-09	0.87303
4.12614e-09	0.868754
4.12671e-09	0.864413
4.12727e-09	0.860006
4.12784e-09	0.855534
4.1284e-09	0.850998
4.12897e-09	0.846397
4.12953e-09	0.841732
4.13009e-09	0.837004
4.13066e-09	0.832212
4.13122e-09	0.827358
4.13179e-09	0.822441
4.13235e-09	0.817462
4.13291e-09	0.812421
4.13348e-09	0.807319
4.13404e-09	0.802156
4.13461e-09	0.796932
4.13517e-09	0.791649
4.13574e-09	0.786305
4.1363e-09	0.780903
4.13686e-09	0.775441
4.13743e-09	0.769921
4.13799e-09	0.764343
4.13856e-09	0.758707
4.13912e-09	0.753014
4.13969e-09	0.747265
4.14025e-09	0.741459
4.14081e-09	0.735597
4.14138e-09	0.72968
4.14194e-09	0.723707
4.14251e-09	0.717681
4.14307e-09	0.7116
4.14364e-09	0.705466
4.1442e-09	0.699278
4.14476e-09	0.693038
4.14533e-09	0.686746
4.14589e-09	0.680403
4.14646e-09	0.674008
4.14702e-09	0.667562
4.14759e-09	0.661066
4.14815e-09	0.654521
4.14871e-09	0.647926
4.14928e-09	0.641283
4.14984e-09	0.634592
4.15041e-09	0.627853
4.15097e-09	0.621067
4.15154e-09	0.614234
4.1521e-09	0.607355
4.15266e-09	0.600431
4.15323e-09	0.593462
4.15379e-09	0.586448
4.15436e-09	0.57939
4.15492e-09	0.572289
4.15549e-09	0.565145
4.15605e-09	0.557959
4.15661e-09	0.550731
4.15718e-09	0.543462
4.15774e-09	0.536153
4.15831e-09	0.528803
4.15887e-09	0.521414
4.15944e-09	0.513985
4.16e-09	0.506519
4.16056e-09	0.499015
4.16113e-09	0.491473
4.16169e-09	0.483895
4.16226e-09	0.476281
4.16282e-09	0.468631
4.16338e-09	0.460947
4.16395e-09	0.453228
4.16451e-09	0.445475
4.16508e-09	0.43769
4.16564e-09	0.429872
4.16621e-09	0.422022
4.16677e-09	0.414141
4.16733e-09	0.406229
4.1679e-09	0.398287
4.16846e-09	0.390316
4.16903e-09	0.382315
4.16959e-09	0.374287
4.17016e-09	0.366231
4.17072e-09	0.358148
4.17128e-09	0.350038
4.17185e-09	0.341903
4.17241e-09	0.333743
4.17298e-09	0.325558
4.17354e-09	0.317349
4.17411e-09	0.309117
4.17467e-09	0.300863
4.17523e-09	0.292586
4.1758e-09	0.284288
4.17636e-09	0.27597
4.17693e-09	0.267631
4.17749e-09	0.259273
4.17806e-09	0.250896
4.17862e-09	0.242501
4.17918e-09	0.234088
4.17975e-09	0.225659
4.18031e-09	0.217213
4.18088e-09	0.208752
4.18144e-09	0.200276
4.18201e-09	0.191786
4.18257e-09	0.183282
4.18313e-09	0.174765
4.1837e-09	0.166235
4.18426e-09	0.157695
4.18483e-09	0.149143
4.18539e-09	0.14058
4.18596e-09	0.132008
4.18652e-09	0.123427
4.18708e-09	0.114838
4.18765e-09	0.106241
4.18821e-09	0.0976368
4.18878e-09	0.0890263
4.18934e-09	0.08041
4.18991e-09	0.0717887
4.19047e-09	0.0631629
4.19103e-09	0.0545333
4.1916e-09	0.0459007
4.19216e-09	0.0372656
4.19273e-09	0.0286287
4.19329e-09	0.0199907
4.19385e-09	0.0113523
4.19442e-09	0.00271402
4.19498e-09	-0.00592337
4.19555e-09	-0.0145592
4.19611e-09	-0.0231929
4.19668e-09	-0.0318238
4.19724e-09	-0.0404511
4.1978e-09	-0.0490743
4.19837e-09	-0.0576927
4.19893e-09	-0.0663055
4.1995e-09	-0.0749123
4.20006e-09	-0.0835123
4.20063e-09	-0.0921048
4.20119e-09	-0.100689
4.20175e-09	-0.109265
4.20232e-09	-0.117831
4.20288e-09	-0.126387
4.20345e-09	-0.134933
4.20401e-09	-0.143467
4.20458e-09	-0.151989
4.20514e-09	-0.160498
4.2057e-09	-0.168994
4.20627e-09	-0.177476
4.20683e-09	-0.185943
4.2074e-09	-0.194396
4.20796e-09	-0.202832
4.20853e-09	-0.211252
4.20909e-09	-0.219654
4.20965e-09	-0.228039
4.21022e-09	-0.236405
4.21078e-09	-0.244752
4.21135e-09	-0.253079
4.21191e-09	-0.261386
4.21248e-09	-0.269672
4.21304e-09	-0.277937
4.2136e-09	-0.286179
4.21417e-09	-0.294398
4.21473e-09	-0.302593
4.2153e-09	-0.310765
4.21586e-09	-0.318911
4.21643e-09	-0.327033
4.21699e-09	-0.335128
4.21755e-09	-0.343197
4.21812e-09	-0.351238
4.21868e-09	-0.359252
4.21925e-09	-0.367237
4.21981e-09	-0.375193
4.22038e-09	-0.383119
4.22094e-09	-0.391016
4.2215e-09	-0.398881
4.22207e-09	-0.406715
4.22263e-09	-0.414516
4.2232e-09	-0.422286
4.22376e-09	-0.430021
4.22432e-09	-0.437723
4.22489e-09	-0.445391
4.22545e-09	-0.453024
4.22602e-09	-0.460621
4.22658e-09	-0.468182
4.22715e-09	-0.475706
4.22771e-09	-0.483193
4.22827e-09	-0.490642
4.22884e-09	-0.498053
4.2294e-09	-0.505425
4.22997e-09	-0.512757
4.23053e-09	-0.520049
4.2311e-09	-0.5273
4.23166e-09	-0.534511
4.23222e-09	-0.541679
4.23279e-09	-0.548806
4.23335e-09	-0.555889
4.23392e-09	-0.562929
4.23448e-09	-0.569926
4.23505e-09	-0.576878
4.23561e-09	-0.583785
4.23617e-09	-0.590646
4.23674e-09	-0.597462
4.2373e-09	-0.604231
4.23787e-09	-0.610953
4.23843e-09	-0.617627
4.239e-09	-0.624254
4.23956e-09	-0.630832
4.24012e-09	-0.637361
4.24069e-09	-0.643841
4.24125e-09	-0.650271
4.24182e-09	-0.65665
4.24238e-09	-0.662978
4.24295e-09	-0.669255
4.24351e-09	-0.67548
4.24407e-09	-0.681653
4.24464e-09	-0.687773
4.2452e-09	-0.69384
4.24577e-09	-0.699853
4.24633e-09	-0.705812
4.2469e-09	-0.711716
4.24746e-09	-0.717565
4.24802e-09	-0.723359
4.24859e-09	-0.729096
4.24915e-09	-0.734778
4.24972e-09	-0.740403
4.25028e-09	-0.74597
4.25085e-09	-0.75148
4.25141e-09	-0.756932
4.25197e-09	-0.762325
4.25254e-09	-0.76766
4.2531e-09	-0.772935
4.25367e-09	-0.778151
4.25423e-09	-0.783307
4.25479e-09	-0.788402
4.25536e-09	-0.793437
4.25592e-09	-0.79841
4.25649e-09	-0.803322
4.25705e-09	-0.808172
4.25762e-09	-0.81296
4.25818e-09	-0.817686
4.25874e-09	-0.822348
4.25931e-09	-0.826947
4.25987e-09	-0.831483
4.26044e-09	-0.835955
4.261e-09	-0.840362
4.26157e-09	-0.844705
4.26213e-09	-0.848983
4.26269e-09	-0.853195
4.26326e-09	-0.857342
4.26382e-09	-0.861424
4.26439e-09	-0.865439
4.26495e-09	-0.869387
4.26552e-09	-0.873269
4.26608e-09	-0.877084
4.26664e-09	-0.880832
4.26721e-09	-0.884512
4.26777e-09	-0.888124
4.26834e-09	-0.891669
4.2689e-09	-0.895145
4.26947e-09	-0.898552
4.27003e-09	-0.90189
4.27059e-09	-0.90516
4.27116e-09	-0.90836
4.27172e-09	-0.91149
4.27229e-09	-0.914551
4.27285e-09	-0.917542
4.27342e-09	-0.920462
4.27398e-09	-0.923313
4.27454e-09	-0.926092
4.27511e-09	-0.928801
4.27567e-09	-0.931439
4.27624e-09	-0.934005
4.2768e-09	-0.936501
4.27737e-09	-0.938924
4.27793e-09	-0.941276
4.27849e-09	-0.943556
4.27906e-09	-0.945764
4.27962e-09	-0.9479
4.28019e-09	-0.949964
4.28075e-09	-0.951955
4.28132e-09	-0.953874
4.28188e-09	-0.955719
4.28244e-09	-0.957492
4.28301e-09	-0.959192
4.28357e-09	-0.960819
4.28414e-09	-0.962373
4.2847e-09	-0.963853
4.28526e-09	-0.96526
4.28583e-09	-0.966593
4.28639e-09	-0.967853
4.28696e-09	-0.969039
4.28752e-09	-0.970152
4.28809e-09	-0.97119
4.28865e-09	-0.972155
4.28921e-09	-0.973046
4.28978e-09	-0.973863
4.29034e-09	-0.974606
4.29091e-09	-0.975275
4.29147e-09	-0.97587
4.29204e-09	-0.97639
4.2926e-09	-0.976837
4.29316e-09	-0.977209
4.29373e-09	-0.977507
4.29429e-09	-0.977732
4.29486e-09	-0.977881
4.29542e-09	-0.977957
4.29599e-09	-0.977959
4.29655e-09	-0.977886
4.29711e-09	-0.97774
4.29768e-09	-0.977519
4.29824e-09	-0.977224
4.29881e-09	-0.976856
4.29937e-09	-0.976413
4.29994e-09	-0.975896
4.3005e-09	-0.975306
4.30106e-09	-0.974642
4.30163e-09	-0.973904
4.30219e-09	-0.973092
4.30276e-09	-0.972207
4.30332e-09	-0.971249
4.30389e-09	-0.970217
4.30445e-09	-0.969112
4.30501e-09	-0.967933
4.30558e-09	-0.966682
4.30614e-09	-0.965358
4.30671e-09	-0.96396
4.30727e-09	-0.962491
4.30784e-09	-0.960948
4.3084e-09	-0.959333
4.30896e-09	-0.957646
4.30953e-09	-0.955887
4.31009e-09	-0.954055
4.31066e-09	-0.952152
4.31122e-09	-0.950177
4.31179e-09	-0.948131
4.31235e-09	-0.946013
4.31291e-09	-0.943825
4.31348e-09	-0.941565
4.31404e-09	-0.939234
4.31461e-09	-0.936833
4.31517e-09	-0.934362
4.31573e-09	-0.93182
4.3163e-09	-0.929209
4.31686e-09	-0.926528
4.31743e-09	-0.923777
4.31799e-09	-0.920957
4.31856e-09	-0.918068
4.31912e-09	-0.91511
4.31968e-09	-0.912084
4.32025e-09	-0.908989
4.32081e-09	-0.905826
4.32138e-09	-0.902596
4.32194e-09	-0.899298
4.32251e-09	-0.895932
4.32307e-09	-0.8925
4.32363e-09	-0.889001
4.3242e-09	-0.885436
4.32476e-09	-0.881804
4.32533e-09	-0.878107
4.32589e-09	-0.874344
4.32646e-09	-0.870516
4.32702e-09	-0.866623
4.32758e-09	-0.862666
4.32815e-09	-0.858644
4.32871e-09	-0.854558
4.32928e-09	-0.850409
4.32984e-09	-0.846196
4.33041e-09	-0.841921
4.33097e-09	-0.837583
4.33153e-09	-0.833182
4.3321e-09	-0.82872
4.33266e-09	-0.824196
4.33323e-09	-0.819611
4.33379e-09	-0.814966
4.33436e-09	-0.81026
4.33492e-09	-0.805494
4.33548e-09	-0.800668
4.33605e-09	-0.795783
4.33661e-09	-0.790839
4.33718e-09	-0.785836
4.33774e-09	-0.780776
4.33831e-09	-0.775658
4.33887e-09	-0.770482
4.33943e-09	-0.76525
4.34e-09	-0.759961
4.34056e-09	-0.754616
4.34113e-09	-0.749216
4.34169e-09	-0.743761
4.34226e-09	-0.73825
4.34282e-09	-0.732686
4.34338e-09	-0.727067
4.34395e-09	-0.721396
4.34451e-09	-0.715671
4.34508e-09	-0.709894
4.34564e-09	-0.704064
4.3462e-09	-0.698184
4.34677e-09	-0.692252
4.34733e-09	-0.686269
4.3479e-09	-0.680236
4.34846e-09	-0.674154
4.34903e-09	-0.668022
4.34959e-09	-0.661841
4.35015e-09	-0.655613
4.35072e-09	-0.649336
4.35128e-09	-0.643013
4.35185e-09	-0.636642
4.35241e-09	-0.630225
4.35298e-09	-0.623763
4.35354e-09	-0.617255
4.3541e-09	-0.610703
4.35467e-09	-0.604106
4.35523e-09	-0.597466
4.3558e-09	-0.590782
4.35636e-09	-0.584056
4.35693e-09	-0.577288
4.35749e-09	-0.570478
4.35805e-09	-0.563627
4.35862e-09	-0.556736
4.35918e-09	-0.549804
4.35975e-09	-0.542833
4.36031e-09	-0.535824
4.36088e-09	-0.528776
4.36144e-09	-0.52169
4.362e-09	-0.514566
4.36257e-09	-0.507407
4.36313e-09	-0.500211
4.3637e-09	-0.492979
4.36426e-09	-0.485713
4.36483e-09	-0.478412
4.36539e-09	-0.471077
4.36595e-09	-0.463709
4.36652e-09	-0.456308
4.36708e-09	-0.448875
4.36765e-09	-0.441411
4.36821e-09	-0.433916
4.36878e-09	-0.42639
4.36934e-09	-0.418834
4.3699e-09	-0.411249
4.37047e-09	-0.403636
4.37103e-09	-0.395995
4.3716e-09	-0.388326
4.37216e-09	-0.38063
4.37273e-09	-0.372908
4.37329e-09	-0.36516
4.37385e-09	-0.357388
4.37442e-09	-0.34959
4.37498e-09	-0.341769
4.37555e-09	-0.333925
4.37611e-09	-0.326059
4.37667e-09	-0.31817
4.37724e-09	-0.310259
4.3778e-09	-0.302328
4.37837e-09	-0.294377
4.37893e-09	-0.286407
4.3795e-09	-0.278417
4.38006e-09	-0.270409
4.38062e-09	-0.262383
4.38119e-09	-0.25434
4.38175e-09	-0.246281
4.38232e-09	-0.238206
4.38288e-09	-0.230116
4.38345e-09	-0.222011
4.38401e-09	-0.213892
4.38457e-09	-0.205759
4.38514e-09	-0.197614
4.3857e-09	-0.189457
4.38627e-09	-0.181289
4.38683e-09	-0.17311
4.3874e-09	-0.16492
4.38796e-09	-0.156721
4.38852e-09	-0.148513
4.38909e-09	-0.140296
4.38965e-09	-0.132072
4.39022e-09	-0.123841
4.39078e-09	-0.115604
4.39135e-09	-0.10736
4.39191e-09	-0.0991118
4.39247e-09	-0.0908588
4.39304e-09	-0.0826019
4.3936e-09	-0.0743418
4.39417e-09	-0.0660791
4.39473e-09	-0.0578143
4.3953e-09	-0.0495482
4.39586e-09	-0.0412814
4.39642e-09	-0.0330145
4.39699e-09	-0.0247481
4.39755e-09	-0.0164829
4.39812e-09	-0.00821952
4.39868e-09	4.14246e-05
4.39925e-09	0.0082993
4.39981e-09	0.0165535
4.40037e-09	0.0248033
4.40094e-09	0.0330482
4.4015e-09	0.0412875
4.40207e-09	0.0495206
4.40263e-09	0.0577468
4.4032e-09	0.0659656
4.40376e-09	0.0741763
4.40432e-09	0.0823782
4.40489e-09	0.0905708
4.40545e-09	0.0987535
4.40602e-09	0.106926
4.40658e-09	0.115086
4.40714e-09	0.123235
4.40771e-09	0.131372
4.40827e-09	0.139495
4.40884e-09	0.147605
4.4094e-09	0.155701
4.40997e-09	0.163781
4.41053e-09	0.171846
4.41109e-09	0.179895
4.41166e-09	0.187927
4.41222e-09	0.195942
4.41279e-09	0.203939
4.41335e-09	0.211917
4.41392e-09	0.219876
4.41448e-09	0.227816
4.41504e-09	0.235735
4.41561e-09	0.243633
4.41617e-09	0.251509
4.41674e-09	0.259363
4.4173e-09	0.267195
4.41787e-09	0.275003
4.41843e-09	0.282787
4.41899e-09	0.290547
4.41956e-09	0.298282
4.42012e-09	0.305991
4.42069e-09	0.313673
4.42125e-09	0.321329
4.42182e-09	0.328958
4.42238e-09	0.336558
4.42294e-09	0.34413
4.42351e-09	0.351673
4.42407e-09	0.359186
4.42464e-09	0.366669
4.4252e-09	0.374121
4.42577e-09	0.381542
4.42633e-09	0.38893
4.42689e-09	0.396287
4.42746e-09	0.40361
4.42802e-09	0.4109
4.42859e-09	0.418155
4.42915e-09	0.425376
4.42972e-09	0.432562
4.43028e-09	0.439712
4.43084e-09	0.446825
4.43141e-09	0.453902
4.43197e-09	0.460942
4.43254e-09	0.467943
4.4331e-09	0.474907
4.43367e-09	0.481831
4.43423e-09	0.488716
4.43479e-09	0.495562
4.43536e-09	0.502366
4.43592e-09	0.50913
4.43649e-09	0.515853
4.43705e-09	0.522533
4.43761e-09	0.529171
4.43818e-09	0.535767
4.43874e-09	0.542318
4.43931e-09	0.548826
4.43987e-09	0.55529
4.44044e-09	0.561709
4.441e-09	0.568082
4.44156e-09	0.57441
4.44213e-09	0.580691
4.44269e-09	0.586926
4.44326e-09	0.593114
4.44382e-09	0.599254
4.44439e-09	0.605346
4.44495e-09	0.61139
4.44551e-09	0.617384
4.44608e-09	0.623329
4.44664e-09	0.629225
4.44721e-09	0.63507
4.44777e-09	0.640864
4.44834e-09	0.646608
4.4489e-09	0.6523
4.44946e-09	0.65794
4.45003e-09	0.663527
4.45059e-09	0.669062
4.45116e-09	0.674544
4.45172e-09	0.679972
4.45229e-09	0.685347
4.45285e-09	0.690667
4.45341e-09	0.695932
4.45398e-09	0.701142
4.45454e-09	0.706297
4.45511e-09	0.711396
4.45567e-09	0.716439
4.45624e-09	0.721425
4.4568e-09	0.726355
4.45736e-09	0.731227
4.45793e-09	0.736042
4.45849e-09	0.740798
4.45906e-09	0.745497
4.45962e-09	0.750136
4.46019e-09	0.754717
4.46075e-09	0.759239
4.46131e-09	0.7637
4.46188e-09	0.768102
4.46244e-09	0.772444
4.46301e-09	0.776726
4.46357e-09	0.780946
4.46414e-09	0.785105
4.4647e-09	0.789203
4.46526e-09	0.79324
4.46583e-09	0.797214
4.46639e-09	0.801126
4.46696e-09	0.804976
4.46752e-09	0.808762
4.46808e-09	0.812486
4.46865e-09	0.816146
4.46921e-09	0.819743
4.46978e-09	0.823276
4.47034e-09	0.826745
4.47091e-09	0.83015
4.47147e-09	0.83349
4.47203e-09	0.836766
4.4726e-09	0.839976
4.47316e-09	0.843122
4.47373e-09	0.846202
4.47429e-09	0.849216
4.47486e-09	0.852165
4.47542e-09	0.855047
4.47598e-09	0.857864
4.47655e-09	0.860614
4.47711e-09	0.863297
4.47768e-09	0.865914
4.47824e-09	0.868464
4.47881e-09	0.870947
4.47937e-09	0.873363
4.47993e-09	0.875711
4.4805e-09	0.877992
4.48106e-09	0.880205
4.48163e-09	0.882351
4.48219e-09	0.884428
4.48276e-09	0.886438
4.48332e-09	0.888379
4.48388e-09	0.890252
4.48445e-09	0.892057
4.48501e-09	0.893793
4.48558e-09	0.89546
4.48614e-09	0.897059
4.48671e-09	0.898589
4.48727e-09	0.90005
4.48783e-09	0.901442
4.4884e-09	0.902766
4.48896e-09	0.90402
4.48953e-09	0.905205
4.49009e-09	0.90632
4.49066e-09	0.907367
4.49122e-09	0.908344
4.49178e-09	0.909252
4.49235e-09	0.91009
4.49291e-09	0.910859
4.49348e-09	0.911559
4.49404e-09	0.912189
4.4946e-09	0.912749
4.49517e-09	0.91324
4.49573e-09	0.913662
4.4963e-09	0.914014
4.49686e-09	0.914297
4.49743e-09	0.91451
4.49799e-09	0.914654
4.49855e-09	0.914728
4.49912e-09	0.914733
4.49968e-09	0.914669
4.50025e-09	0.914535
4.50081e-09	0.914332
4.50138e-09	0.914059
4.50194e-09	0.913718
4.5025e-09	0.913307
4.50307e-09	0.912827
4.50363e-09	0.912279
4.5042e-09	0.911661
4.50476e-09	0.910975
4.50533e-09	0.91022
4.50589e-09	0.909396
4.50645e-09	0.908504
4.50702e-09	0.907543
4.50758e-09	0.906514
4.50815e-09	0.905416
4.50871e-09	0.904251
4.50928e-09	0.903017
4.50984e-09	0.901716
4.5104e-09	0.900347
4.51097e-09	0.89891
4.51153e-09	0.897406
4.5121e-09	0.895835
4.51266e-09	0.894197
4.51323e-09	0.892491
4.51379e-09	0.890719
4.51435e-09	0.88888
4.51492e-09	0.886975
4.51548e-09	0.885003
4.51605e-09	0.882965
4.51661e-09	0.880862
4.51718e-09	0.878692
4.51774e-09	0.876457
4.5183e-09	0.874157
4.51887e-09	0.871792
4.51943e-09	0.869361
4.52e-09	0.866866
4.52056e-09	0.864307
4.52113e-09	0.861684
4.52169e-09	0.858996
4.52225e-09	0.856245
4.52282e-09	0.85343
4.52338e-09	0.850552
4.52395e-09	0.847611
4.52451e-09	0.844607
4.52507e-09	0.841541
4.52564e-09	0.838412
4.5262e-09	0.835222
4.52677e-09	0.83197
4.52733e-09	0.828656
4.5279e-09	0.825282
4.52846e-09	0.821846
4.52902e-09	0.81835
4.52959e-09	0.814794
4.53015e-09	0.811178
4.53072e-09	0.807502
4.53128e-09	0.803768
4.53185e-09	0.799974
4.53241e-09	0.796121
4.53297e-09	0.79221
4.53354e-09	0.788241
4.5341e-09	0.784215
4.53467e-09	0.780131
4.53523e-09	0.77599
4.5358e-09	0.771793
4.53636e-09	0.767539
4.53692e-09	0.763229
4.53749e-09	0.758864
4.53805e-09	0.754444
4.53862e-09	0.749969
4.53918e-09	0.745439
4.53975e-09	0.740855
4.54031e-09	0.736218
4.54087e-09	0.731527
4.54144e-09	0.726783
4.542e-09	0.721987
4.54257e-09	0.717138
4.54313e-09	0.712238
4.5437e-09	0.707287
4.54426e-09	0.702284
4.54482e-09	0.697231
4.54539e-09	0.692128
4.54595e-09	0.686975
4.54652e-09	0.681773
4.54708e-09	0.676522
4.54765e-09	0.671223
4.54821e-09	0.665876
4.54877e-09	0.660481
4.54934e-09	0.655039
4.5499e-09	0.64955
4.55047e-09	0.644016
4.55103e-09	0.638435
4.5516e-09	0.632809
4.55216e-09	0.627138
4.55272e-09	0.621423
4.55329e-09	0.615664
4.55385e-09	0.609861
4.55442e-09	0.604016
4.55498e-09	0.598128
4.55554e-09	0.592197
4.55611e-09	0.586225
4.55667e-09	0.580213
4.55724e-09	0.574159
4.5578e-09	0.568065
4.55837e-09	0.561932
4.55893e-09	0.555759
4.55949e-09	0.549548
4.56006e-09	0.543299
4.56062e-09	0.537012
4.56119e-09	0.530688
4.56175e-09	0.524327
4.56232e-09	0.51793
4.56288e-09	0.511497
4.56344e-09	0.50503
4.56401e-09	0.498527
4.56457e-09	0.491991
4.56514e-09	0.485421
4.5657e-09	0.478818
4.56627e-09	0.472182
4.56683e-09	0.465514
4.56739e-09	0.458815
4.56796e-09	0.452085
4.56852e-09	0.445325
4.56909e-09	0.438535
4.56965e-09	0.431715
4.57022e-09	0.424866
4.57078e-09	0.41799
4.57134e-09	0.411085
4.57191e-09	0.404154
4.57247e-09	0.397195
4.57304e-09	0.390211
4.5736e-09	0.383201
4.57417e-09	0.376166
4.57473e-09	0.369107
4.57529e-09	0.362024
4.57586e-09	0.354917
4.57642e-09	0.347788
4.57699e-09	0.340637
4.57755e-09	0.333464
4.57812e-09	0.32627
4.57868e-09	0.319055
4.57924e-09	0.311821
4.57981e-09	0.304567
4.58037e-09	0.297294
4.58094e-09	0.290003
4.5815e-09	0.282694
4.58207e-09	0.275368
4.58263e-09	0.268026
4.58319e-09	0.260667
4.58376e-09	0.253294
4.58432e-09	0.245905
4.58489e-09	0.238502
4.58545e-09	0.231086
4.58601e-09	0.223656
4.58658e-09	0.216214
4.58714e-09	0.20876
4.58771e-09	0.201295
4.58827e-09	0.193819
4.58884e-09	0.186332
4.5894e-09	0.178836
4.58996e-09	0.171331
4.59053e-09	0.163818
4.59109e-09	0.156296
4.59166e-09	0.148767
4.59222e-09	0.141232
4.59279e-09	0.13369
4.59335e-09	0.126143
4.59391e-09	0.118591
4.59448e-09	0.111034
4.59504e-09	0.103474
4.59561e-09	0.0959102
4.59617e-09	0.0883439
4.59674e-09	0.0807755
4.5973e-09	0.0732056
4.59786e-09	0.0656348
4.59843e-09	0.0580636
4.59899e-09	0.0504927
4.59956e-09	0.0429226
4.60012e-09	0.0353539
4.60069e-09	0.0277872
4.60125e-09	0.020223
4.60181e-09	0.0126619
4.60238e-09	0.00510461
4.60294e-09	-0.00244845
4.60351e-09	-0.00999665
4.60407e-09	-0.0175394
4.60464e-09	-0.0250762
4.6052e-09	-0.0326063
4.60576e-09	-0.0401294
4.60633e-09	-0.0476446
4.60689e-09	-0.0551516
4.60746e-09	-0.0626498
4.60802e-09	-0.0701385
4.60859e-09	-0.0776172
4.60915e-09	-0.0850853
4.60971e-09	-0.0925423
4.61028e-09	-0.0999876
4.61084e-09	-0.107421
4.61141e-09	-0.114841
4.61197e-09	-0.122248
4.61254e-09	-0.129641
4.6131e-09	-0.137019
4.61366e-09	-0.144382
4.61423e-09	-0.15173
4.61479e-09	-0.159062
4.61536e-09	-0.166377
4.61592e-09	-0.173674
4.61648e-09	-0.180954
4.61705e-09	-0.188215
4.61761e-09	-0.195458
4.61818e-09	-0.202681
4.61874e-09	-0.209884
4.61931e-09	-0.217067
4.61987e-09	-0.224229
4.62043e-09	-0.231368
4.621e-09	-0.238486
4.62156e-09	-0.245582
4.62213e-09	-0.252654
4.62269e-09	-0.259702
4.62326e-09	-0.266726
4.62382e-09	-0.273725
4.62438e-09	-0.280699
4.62495e-09	-0.287648
4.62551e-09	-0.29457
4.62608e-09	-0.301465
4.62664e-09	-0.308332
4.62721e-09	-0.315172
4.62777e-09	-0.321984
4.62833e-09	-0.328767
4.6289e-09	-0.33552
4.62946e-09	-0.342244
4.63003e-09	-0.348937
4.63059e-09	-0.355599
4.63116e-09	-0.36223
4.63172e-09	-0.36883
4.63228e-09	-0.375397
4.63285e-09	-0.381931
4.63341e-09	-0.388432
4.63398e-09	-0.394899
4.63454e-09	-0.401332
4.63511e-09	-0.40773
4.63567e-09	-0.414093
4.63623e-09	-0.420421
4.6368e-09	-0.426712
4.63736e-09	-0.432967
4.63793e-09	-0.439185
4.63849e-09	-0.445366
4.63906e-09	-0.451508
4.63962e-09	-0.457613
4.64018e-09	-0.463678
4.64075e-09	-0.469704
4.64131e-09	-0.475691
4.64188e-09	-0.481638
4.64244e-09	-0.487544
4.64301e-09	-0.493409
4.64357e-09	-0.499233
4.64413e-09	-0.505015
4.6447e-09	-0.510755
4.64526e-09	-0.516452
4.64583e-09	-0.522106
4.64639e-09	-0.527717
4.64695e-09	-0.533284
4.64752e-09	-0.538807
4.64808e-09	-0.544285
4.64865e-09	-0.549718
4.64921e-09	-0.555106
4.64978e-09	-0.560448
4.65034e-09	-0.565744
4.6509e-09	-0.570994
4.65147e-09	-0.576197
4.65203e-09	-0.581352
4.6526e-09	-0.58646
4.65316e-09	-0.591519
4.65373e-09	-0.596531
4.65429e-09	-0.601494
4.65485e-09	-0.606407
4.65542e-09	-0.611272
4.65598e-09	-0.616086
4.65655e-09	-0.620851
4.65711e-09	-0.625565
4.65768e-09	-0.630229
4.65824e-09	-0.634842
4.6588e-09	-0.639403
4.65937e-09	-0.643912
4.65993e-09	-0.64837
4.6605e-09	-0.652775
4.66106e-09	-0.657128
4.66163e-09	-0.661428
4.66219e-09	-0.665675
4.66275e-09	-0.669868
4.66332e-09	-0.674008
4.66388e-09	-0.678093
4.66445e-09	-0.682125
4.66501e-09	-0.686101
4.66558e-09	-0.690023
4.66614e-09	-0.69389
4.6667e-09	-0.697702
4.66727e-09	-0.701457
4.66783e-09	-0.705157
4.6684e-09	-0.708801
4.66896e-09	-0.712389
4.66953e-09	-0.71592
4.67009e-09	-0.719394
4.67065e-09	-0.722811
4.67122e-09	-0.726171
4.67178e-09	-0.729474
4.67235e-09	-0.732719
4.67291e-09	-0.735906
4.67348e-09	-0.739035
4.67404e-09	-0.742105
4.6746e-09	-0.745117
4.67517e-09	-0.748071
4.67573e-09	-0.750965
4.6763e-09	-0.753801
4.67686e-09	-0.756577
4.67742e-09	-0.759294
4.67799e-09	-0.761951
4.67855e-09	-0.764549
4.67912e-09	-0.767087
4.67968e-09	-0.769565
4.68025e-09	-0.771982
4.68081e-09	-0.77434
4.68137e-09	-0.776637
4.68194e-09	-0.778873
4.6825e-09	-0.781048
4.68307e-09	-0.783163
4.68363e-09	-0.785217
4.6842e-09	-0.78721
4.68476e-09	-0.789141
4.68532e-09	-0.791012
4.68589e-09	-0.792821
4.68645e-09	-0.794568
4.68702e-09	-0.796254
4.68758e-09	-0.797878
4.68815e-09	-0.799441
4.68871e-09	-0.800941
4.68927e-09	-0.80238
4.68984e-09	-0.803757
4.6904e-09	-0.805072
4.69097e-09	-0.806325
4.69153e-09	-0.807516
4.6921e-09	-0.808644
4.69266e-09	-0.809711
4.69322e-09	-0.810715
4.69379e-09	-0.811657
4.69435e-09	-0.812536
4.69492e-09	-0.813354
4.69548e-09	-0.814109
4.69605e-09	-0.814801
4.69661e-09	-0.815432
4.69717e-09	-0.816
4.69774e-09	-0.816505
4.6983e-09	-0.816949
4.69887e-09	-0.81733
4.69943e-09	-0.817648
4.7e-09	-0.817905
4.70056e-09	-0.818099
4.70112e-09	-0.818231
4.70169e-09	-0.8183
4.70225e-09	-0.818308
4.70282e-09	-0.818253
4.70338e-09	-0.818136
4.70395e-09	-0.817958
4.70451e-09	-0.817717
4.70507e-09	-0.817414
4.70564e-09	-0.81705
4.7062e-09	-0.816624
4.70677e-09	-0.816136
4.70733e-09	-0.815587
4.70789e-09	-0.814976
4.70846e-09	-0.814304
4.70902e-09	-0.81357
4.70959e-09	-0.812776
4.71015e-09	-0.81192
4.71072e-09	-0.811003
4.71128e-09	-0.810025
4.71184e-09	-0.808987
4.71241e-09	-0.807888
4.71297e-09	-0.806728
4.71354e-09	-0.805508
4.7141e-09	-0.804228
4.71467e-09	-0.802888
4.71523e-09	-0.801488
4.71579e-09	-0.800028
4.71636e-09	-0.798508
4.71692e-09	-0.796929
4.71749e-09	-0.795291
4.71805e-09	-0.793593
4.71862e-09	-0.791837
4.71918e-09	-0.790022
4.71974e-09	-0.788148
4.72031e-09	-0.786216
4.72087e-09	-0.784226
4.72144e-09	-0.782177
4.722e-09	-0.780071
4.72257e-09	-0.777907
4.72313e-09	-0.775686
4.72369e-09	-0.773408
4.72426e-09	-0.771072
4.72482e-09	-0.76868
4.72539e-09	-0.766232
4.72595e-09	-0.763727
4.72652e-09	-0.761166
4.72708e-09	-0.758549
4.72764e-09	-0.755877
4.72821e-09	-0.753149
4.72877e-09	-0.750367
4.72934e-09	-0.747529
4.7299e-09	-0.744637
4.73047e-09	-0.741691
4.73103e-09	-0.73869
4.73159e-09	-0.735636
4.73216e-09	-0.732529
4.73272e-09	-0.729368
4.73329e-09	-0.726154
4.73385e-09	-0.722888
4.73442e-09	-0.719569
4.73498e-09	-0.716198
4.73554e-09	-0.712776
4.73611e-09	-0.709302
4.73667e-09	-0.705777
4.73724e-09	-0.702201
4.7378e-09	-0.698575
4.73836e-09	-0.694898
4.73893e-09	-0.691172
4.73949e-09	-0.687396
4.74006e-09	-0.683571
4.74062e-09	-0.679697
4.74119e-09	-0.675774
4.74175e-09	-0.671803
4.74231e-09	-0.667784
4.74288e-09	-0.663718
4.74344e-09	-0.659605
4.74401e-09	-0.655444
4.74457e-09	-0.651238
4.74514e-09	-0.646985
4.7457e-09	-0.642686
4.74626e-09	-0.638342
4.74683e-09	-0.633953
4.74739e-09	-0.629519
4.74796e-09	-0.625041
4.74852e-09	-0.62052
4.74909e-09	-0.615954
4.74965e-09	-0.611346
4.75021e-09	-0.606695
4.75078e-09	-0.602001
4.75134e-09	-0.597265
4.75191e-09	-0.592488
4.75247e-09	-0.58767
4.75304e-09	-0.582811
4.7536e-09	-0.577912
4.75416e-09	-0.572972
4.75473e-09	-0.567994
4.75529e-09	-0.562976
4.75586e-09	-0.557919
4.75642e-09	-0.552824
4.75699e-09	-0.547691
4.75755e-09	-0.542521
4.75811e-09	-0.537313
4.75868e-09	-0.53207
4.75924e-09	-0.526789
4.75981e-09	-0.521474
4.76037e-09	-0.516123
4.76094e-09	-0.510737
4.7615e-09	-0.505316
4.76206e-09	-0.499862
4.76263e-09	-0.494374
4.76319e-09	-0.488853
4.76376e-09	-0.4833
4.76432e-09	-0.477714
4.76489e-09	-0.472096
4.76545e-09	-0.466448
4.76601e-09	-0.460768
4.76658e-09	-0.455058
4.76714e-09	-0.449318
4.76771e-09	-0.443549
4.76827e-09	-0.437751
4.76883e-09	-0.431925
4.7694e-09	-0.42607
4.76996e-09	-0.420188
4.77053e-09	-0.414278
4.77109e-09	-0.408343
4.77166e-09	-0.402381
4.77222e-09	-0.396393
4.77278e-09	-0.39038
4.77335e-09	-0.384343
4.77391e-09	-0.378281
4.77448e-09	-0.372196
4.77504e-09	-0.366087
4.77561e-09	-0.359956
4.77617e-09	-0.353802
4.77673e-09	-0.347627
4.7773e-09	-0.34143
4.77786e-09	-0.335213
4.77843e-09	-0.328975
4.77899e-09	-0.322717
4.77956e-09	-0.316441
4.78012e-09	-0.310145
4.78068e-09	-0.303831
4.78125e-09	-0.297499
4.78181e-09	-0.29115
4.78238e-09	-0.284784
4.78294e-09	-0.278402
4.78351e-09	-0.272004
4.78407e-09	-0.265591
4.78463e-09	-0.259163
4.7852e-09	-0.252721
4.78576e-09	-0.246265
4.78633e-09	-0.239796
4.78689e-09	-0.233313
4.78746e-09	-0.226819
4.78802e-09	-0.220313
4.78858e-09	-0.213796
4.78915e-09	-0.207267
4.78971e-09	-0.200729
4.79028e-09	-0.194181
4.79084e-09	-0.187624
4.79141e-09	-0.181058
4.79197e-09	-0.174484
4.79253e-09	-0.167902
4.7931e-09	-0.161313
4.79366e-09	-0.154717
4.79423e-09	-0.148115
4.79479e-09	-0.141508
4.79536e-09	-0.134895
4.79592e-09	-0.128278
4.79648e-09	-0.121657
4.79705e-09	-0.115032
4.79761e-09	-0.108404
4.79818e-09	-0.101774
4.79874e-09	-0.0951414
4.7993e-09	-0.0885073
4.79987e-09	-0.0818722
4.80043e-09	-0.0752365
4.801e-09	-0.0686008
4.80156e-09	-0.0619657
4.80213e-09	-0.0553315
4.80269e-09	-0.0486988
4.80325e-09	-0.0420682
4.80382e-09	-0.03544
4.80438e-09	-0.0288149
4.80495e-09	-0.0221933
4.80551e-09	-0.0155758
4.80608e-09	-0.00896273
4.80664e-09	-0.00235475
4.8072e-09	0.00424769
4.80777e-09	0.0108441
4.80833e-09	0.0174339
4.8089e-09	0.0240168
4.80946e-09	0.030592
4.81003e-09	0.0371593
4.81059e-09	0.043718
4.81115e-09	0.0502676
4.81172e-09	0.0568078
4.81228e-09	0.0633379
4.81285e-09	0.0698575
4.81341e-09	0.0763662
4.81398e-09	0.0828633
4.81454e-09	0.0893485
4.8151e-09	0.0958212
4.81567e-09	0.102281
4.81623e-09	0.108727
4.8168e-09	0.11516
4.81736e-09	0.121578
4.81793e-09	0.127981
4.81849e-09	0.134369
4.81905e-09	0.140741
4.81962e-09	0.147096
4.82018e-09	0.153435
4.82075e-09	0.159757
4.82131e-09	0.166061
4.82188e-09	0.172346
4.82244e-09	0.178614
4.823e-09	0.184862
4.82357e-09	0.19109
4.82413e-09	0.197298
4.8247e-09	0.203486
4.82526e-09	0.209653
4.82583e-09	0.215799
4.82639e-09	0.221922
4.82695e-09	0.228024
4.82752e-09	0.234102
4.82808e-09	0.240158
4.82865e-09	0.24619
4.82921e-09	0.252197
4.82977e-09	0.258181
4.83034e-09	0.264139
4.8309e-09	0.270072
4.83147e-09	0.275979
4.83203e-09	0.281859
4.8326e-09	0.287713
4.83316e-09	0.29354
4.83372e-09	0.29934
4.83429e-09	0.305111
4.83485e-09	0.310855
4.83542e-09	0.316569
4.83598e-09	0.322254
4.83655e-09	0.32791
4.83711e-09	0.333535
4.83767e-09	0.33913
4.83824e-09	0.344695
4.8388e-09	0.350228
4.83937e-09	0.355729
4.83993e-09	0.361199
4.8405e-09	0.366636
4.84106e-09	0.37204
4.84162e-09	0.377411
4.84219e-09	0.382749
4.84275e-09	0.388053
4.84332e-09	0.393322
4.84388e-09	0.398557
4.84445e-09	0.403757
4.84501e-09	0.408921
4.84557e-09	0.414049
4.84614e-09	0.419142
4.8467e-09	0.424198
4.84727e-09	0.429217
4.84783e-09	0.434198
4.8484e-09	0.439143
4.84896e-09	0.444049
4.84952e-09	0.448917
4.85009e-09	0.453747
4.85065e-09	0.458537
4.85122e-09	0.463289
4.85178e-09	0.468001
4.85235e-09	0.472673
4.85291e-09	0.477305
4.85347e-09	0.481896
4.85404e-09	0.486446
4.8546e-09	0.490956
4.85517e-09	0.495423
4.85573e-09	0.499849
4.85629e-09	0.504233
4.85686e-09	0.508575
4.85742e-09	0.512874
4.85799e-09	0.51713
4.85855e-09	0.521343
4.85912e-09	0.525512
4.85968e-09	0.529637
4.86024e-09	0.533719
4.86081e-09	0.537756
4.86137e-09	0.541748
4.86194e-09	0.545696
4.8625e-09	0.549598
4.86307e-09	0.553455
4.86363e-09	0.557266
4.86419e-09	0.561032
4.86476e-09	0.564751
4.86532e-09	0.568424
4.86589e-09	0.57205
4.86645e-09	0.57563
4.86702e-09	0.579162
4.86758e-09	0.582647
4.86814e-09	0.586084
4.86871e-09	0.589474
4.86927e-09	0.592816
4.86984e-09	0.596109
4.8704e-09	0.599355
4.87097e-09	0.602551
4.87153e-09	0.605699
4.87209e-09	0.608798
4.87266e-09	0.611847
4.87322e-09	0.614847
4.87379e-09	0.617798
4.87435e-09	0.620699
4.87492e-09	0.62355
4.87548e-09	0.626351
4.87604e-09	0.629102
4.87661e-09	0.631802
4.87717e-09	0.634452
4.87774e-09	0.637051
4.8783e-09	0.639599
4.87887e-09	0.642096
4.87943e-09	0.644542
4.87999e-09	0.646936
4.88056e-09	0.64928
4.88112e-09	0.651571
4.88169e-09	0.653811
4.88225e-09	0.655999
4.88282e-09	0.658135
4.88338e-09	0.660219
4.88394e-09	0.662251
4.88451e-09	0.664231
4.88507e-09	0.666158
4.88564e-09	0.668033
4.8862e-09	0.669855
4.88676e-09	0.671625
4.88733e-09	0.673342
4.88789e-09	0.675006
4.88846e-09	0.676617
4.88902e-09	0.678175
4.88959e-09	0.67968
4.89015e-09	0.681132
4.89071e-09	0.682531
4.89128e-09	0.683877
4.89184e-09	0.685169
4.89241e-09	0.686408
4.89297e-09	0.687594
4.89354e-09	0.688726
4.8941e-09	0.689805
4.89466e-09	0.690831
4.89523e-09	0.691803
4.89579e-09	0.692721
4.89636e-09	0.693586
4.89692e-09	0.694397
4.89749e-09	0.695155
4.89805e-09	0.695859
4.89861e-09	0.69651
4.89918e-09	0.697107
4.89974e-09	0.69765
4.90031e-09	0.69814
4.90087e-09	0.698577
4.90144e-09	0.69896
4.902e-09	0.699289
4.90256e-09	0.699565
4.90313e-09	0.699787
4.90369e-09	0.699957
4.90426e-09	0.700072
4.90482e-09	0.700135
4.90539e-09	0.700144
4.90595e-09	0.7001
4.90651e-09	0.700003
4.90708e-09	0.699853
4.90764e-09	0.699649
4.90821e-09	0.699393
4.90877e-09	0.699084
4.90934e-09	0.698722
4.9099e-09	0.698307
4.91046e-09	0.697839
4.91103e-09	0.697319
4.91159e-09	0.696747
4.91216e-09	0.696122
4.91272e-09	0.695445
4.91329e-09	0.694716
4.91385e-09	0.693934
4.91441e-09	0.693101
4.91498e-09	0.692216
4.91554e-09	0.691279
4.91611e-09	0.69029
4.91667e-09	0.68925
4.91723e-09	0.688159
4.9178e-09	0.687016
4.91836e-09	0.685823
4.91893e-09	0.684578
4.91949e-09	0.683283
4.92006e-09	0.681937
4.92062e-09	0.68054
4.92118e-09	0.679093
4.92175e-09	0.677597
4.92231e-09	0.67605
4.92288e-09	0.674453
4.92344e-09	0.672806
4.92401e-09	0.67111
4.92457e-09	0.669365
4.92513e-09	0.667571
4.9257e-09	0.665728
4.92626e-09	0.663836
4.92683e-09	0.661895
4.92739e-09	0.659906
4.92796e-09	0.657869
4.92852e-09	0.655784
4.92908e-09	0.653652
4.92965e-09	0.651471
4.93021e-09	0.649244
4.93078e-09	0.646969
4.93134e-09	0.644648
4.93191e-09	0.64228
4.93247e-09	0.639865
4.93303e-09	0.637405
4.9336e-09	0.634898
4.93416e-09	0.632346
4.93473e-09	0.629748
4.93529e-09	0.627105
4.93586e-09	0.624417
4.93642e-09	0.621684
4.93698e-09	0.618907
4.93755e-09	0.616085
4.93811e-09	0.61322
4.93868e-09	0.610311
4.93924e-09	0.607359
4.93981e-09	0.604363
4.94037e-09	0.601325
4.94093e-09	0.598244
4.9415e-09	0.595121
4.94206e-09	0.591955
4.94263e-09	0.588748
4.94319e-09	0.5855
4.94376e-09	0.58221
4.94432e-09	0.57888
4.94488e-09	0.575508
4.94545e-09	0.572097
4.94601e-09	0.568646
4.94658e-09	0.565155
4.94714e-09	0.561624
4.9477e-09	0.558055
4.94827e-09	0.554447
4.94883e-09	0.550801
4.9494e-09	0.547116
4.94996e-09	0.543394
4.95053e-09	0.539634
4.95109e-09	0.535837
4.95165e-09	0.532003
4.95222e-09	0.528133
4.95278e-09	0.524227
4.95335e-09	0.520285
4.95391e-09	0.516307
4.95448e-09	0.512295
4.95504e-09	0.508247
4.9556e-09	0.504166
4.95617e-09	0.50005
4.95673e-09	0.4959
4.9573e-09	0.491718
4.95786e-09	0.487502
4.95843e-09	0.483253
4.95899e-09	0.478972
4.95955e-09	0.47466
4.96012e-09	0.470316
4.96068e-09	0.46594
4.96125e-09	0.461534
4.96181e-09	0.457097
4.96238e-09	0.45263
4.96294e-09	0.448134
4.9635e-09	0.443608
4.96407e-09	0.439053
4.96463e-09	0.43447
4.9652e-09	0.429859
4.96576e-09	0.425219
4.96633e-09	0.420552
4.96689e-09	0.415859
4.96745e-09	0.411138
4.96802e-09	0.406392
4.96858e-09	0.401619
4.96915e-09	0.396821
4.96971e-09	0.391998
4.97028e-09	0.38715
4.97084e-09	0.382278
4.9714e-09	0.377382
4.97197e-09	0.372463
4.97253e-09	0.367521
4.9731e-09	0.362555
4.97366e-09	0.357568
4.97423e-09	0.352559
4.97479e-09	0.347528
4.97535e-09	0.342476
4.97592e-09	0.337404
4.97648e-09	0.332311
4.97705e-09	0.327199
4.97761e-09	0.322067
4.97817e-09	0.316916
4.97874e-09	0.311747
4.9793e-09	0.306559
4.97987e-09	0.301354
4.98043e-09	0.296132
4.981e-09	0.290892
4.98156e-09	0.285636
4.98212e-09	0.280364
4.98269e-09	0.275077
4.98325e-09	0.269774
4.98382e-09	0.264456
4.98438e-09	0.259124
4.98495e-09	0.253778
4.98551e-09	0.248419
4.98607e-09	0.243046
4.98664e-09	0.237661
4.9872e-09	0.232264
4.98777e-09	0.226854
4.98833e-09	0.221434
4.9889e-09	0.216002
4.98946e-09	0.21056
4.99002e-09	0.205108
4.99059e-09	0.199646
4.99115e-09	0.194175
4.99172e-09	0.188695
4.99228e-09	0.183207
4.99285e-09	0.17771
4.99341e-09	0.172207
4.99397e-09	0.166696
4.99454e-09	0.161178
4.9951e-09	0.155655
4.99567e-09	0.150125
4.99623e-09	0.14459
4.9968e-09	0.13905
4.99736e-09	0.133506
4.99792e-09	0.127958
4.99849e-09	0.122406
4.99905e-09	0.11685
4.99962e-09	0.111292
5.00018e-09	0.105732
5.00075e-09	0.10017
5.00131e-09	0.0946059
5.00187e-09	0.089041
5.00244e-09	0.0834755
5.003e-09	0.0779098
5.00357e-09	0.0723443
5.00413e-09	0.0667795
5.0047e-09	0.0612157
5.00526e-09	0.0556534
5.00582e-09	0.0500931
5.00639e-09	0.044535
5.00695e-09	0.0389798
5.00752e-09	0.0334278
5.00808e-09	0.0278793
5.00864e-09	0.0223349
5.00921e-09	0.016795
5.00977e-09	0.0112599
5.01034e-09	0.00573014
5.0109e-09	0.000206095
5.01147e-09	-0.00531182
5.01203e-09	-0.0108232
5.01259e-09	-0.0163276
5.01316e-09	-0.0218246
5.01372e-09	-0.0273138
5.01429e-09	-0.0327949
5.01485e-09	-0.0382673
5.01542e-09	-0.0437306
5.01598e-09	-0.0491846
5.01654e-09	-0.0546287
5.01711e-09	-0.0600625
5.01767e-09	-0.0654857
5.01824e-09	-0.0708978
5.0188e-09	-0.0762984
5.01937e-09	-0.0816872
5.01993e-09	-0.0870637
5.02049e-09	-0.0924276
5.02106e-09	-0.0977784
5.02162e-09	-0.103116
5.02219e-09	-0.108439
5.02275e-09	-0.113748
5.02332e-09	-0.119043
5.02388e-09	-0.124323
5.02444e-09	-0.129587
5.02501e-09	-0.134835
5.02557e-09	-0.140067
5.02614e-09	-0.145283
5.0267e-09	-0.150481
5.02727e-09	-0.155663
5.02783e-09	-0.160826
5.02839e-09	-0.165972
5.02896e-09	-0.171099
5.02952e-09	-0.176207
5.03009e-09	-0.181296
5.03065e-09	-0.186365
5.03122e-09	-0.191415
5.03178e-09	-0.196444
5.03234e-09	-0.201453
5.03291e-09	-0.20644
5.03347e-09	-0.211406
5.03404e-09	-0.21635
5.0346e-09	-0.221273
5.03517e-09	-0.226172
5.03573e-09	-0.231049
5.03629e-09	-0.235903
5.03686e-09	-0.240734
5.03742e-09	-0.24554
5.03799e-09	-0.250322
5.03855e-09	-0.25508
5.03911e-09	-0.259813
5.03968e-09	-0.264521
5.04024e-09	-0.269203
5.04081e-09	-0.273859
5.04137e-09	-0.27849
5.04194e-09	-0.283093
5.0425e-09	-0.28767
5.04306e-09	-0.29222
5.04363e-09	-0.296742
5.04419e-09	-0.301236
5.04476e-09	-0.305702
5.04532e-09	-0.31014
5.04589e-09	-0.314549
5.04645e-09	-0.31893
5.04701e-09	-0.32328
5.04758e-09	-0.327602
5.04814e-09	-0.331893
5.04871e-09	-0.336154
5.04927e-09	-0.340384
5.04984e-09	-0.344584
5.0504e-09	-0.348753
5.05096e-09	-0.35289
5.05153e-09	-0.356995
5.05209e-09	-0.361069
5.05266e-09	-0.365111
5.05322e-09	-0.369119
5.05379e-09	-0.373096
5.05435e-09	-0.377039
5.05491e-09	-0.380949
5.05548e-09	-0.384825
5.05604e-09	-0.388668
5.05661e-09	-0.392476
5.05717e-09	-0.39625
5.05774e-09	-0.39999
5.0583e-09	-0.403695
5.05886e-09	-0.407365
5.05943e-09	-0.410999
5.05999e-09	-0.414598
5.06056e-09	-0.418161
5.06112e-09	-0.421688
5.06169e-09	-0.425179
5.06225e-09	-0.428634
5.06281e-09	-0.432051
5.06338e-09	-0.435432
5.06394e-09	-0.438776
5.06451e-09	-0.442083
5.06507e-09	-0.445352
5.06564e-09	-0.448583
5.0662e-09	-0.451776
5.06676e-09	-0.454931
5.06733e-09	-0.458048
5.06789e-09	-0.461126
5.06846e-09	-0.464166
5.06902e-09	-0.467166
5.06958e-09	-0.470128
5.07015e-09	-0.47305
5.07071e-09	-0.475933
5.07128e-09	-0.478776
5.07184e-09	-0.481579
5.07241e-09	-0.484342
5.07297e-09	-0.487066
5.07353e-09	-0.489748
5.0741e-09	-0.492391
5.07466e-09	-0.494993
5.07523e-09	-0.497554
5.07579e-09	-0.500074
5.07636e-09	-0.502553
5.07692e-09	-0.504991
5.07748e-09	-0.507387
5.07805e-09	-0.509742
5.07861e-09	-0.512056
5.07918e-09	-0.514328
5.07974e-09	-0.516558
5.08031e-09	-0.518745
5.08087e-09	-0.520891
5.08143e-09	-0.522995
5.082e-09	-0.525056
5.08256e-09	-0.527075
5.08313e-09	-0.529051
5.08369e-09	-0.530985
5.08426e-09	-0.532876
5.08482e-09	-0.534724
5.08538e-09	-0.536529
5.08595e-09	-0.538291
5.08651e-09	-0.54001
5.08708e-09	-0.541686
5.08764e-09	-0.543319
5.08821e-09	-0.544908
5.08877e-09	-0.546454
5.08933e-09	-0.547957
5.0899e-09	-0.549415
5.09046e-09	-0.550831
5.09103e-09	-0.552203
5.09159e-09	-0.553531
5.09216e-09	-0.554815
5.09272e-09	-0.556056
5.09328e-09	-0.557252
5.09385e-09	-0.558405
5.09441e-09	-0.559514
5.09498e-09	-0.560579
5.09554e-09	-0.5616
5.09611e-09	-0.562577
5.09667e-09	-0.56351
5.09723e-09	-0.564399
5.0978e-09	-0.565244
5.09836e-09	-0.566045
5.09893e-09	-0.566802
5.09949e-09	-0.567515
5.10005e-09	-0.568184
5.10062e-09	-0.568808
5.10118e-09	-0.569389
5.10175e-09	-0.569926
5.10231e-09	-0.570418
5.10288e-09	-0.570867
5.10344e-09	-0.571271
5.104e-09	-0.571632
5.10457e-09	-0.571948
5.10513e-09	-0.572221
5.1057e-09	-0.57245
5.10626e-09	-0.572635
5.10683e-09	-0.572776
5.10739e-09	-0.572873
5.10795e-09	-0.572927
5.10852e-09	-0.572937
5.10908e-09	-0.572903
5.10965e-09	-0.572825
5.11021e-09	-0.572705
5.11078e-09	-0.57254
5.11134e-09	-0.572333
5.1119e-09	-0.572082
5.11247e-09	-0.571788
5.11303e-09	-0.57145
5.1136e-09	-0.57107
5.11416e-09	-0.570647
5.11473e-09	-0.57018
5.11529e-09	-0.569671
5.11585e-09	-0.569119
5.11642e-09	-0.568525
5.11698e-09	-0.567887
5.11755e-09	-0.567208
5.11811e-09	-0.566486
5.11868e-09	-0.565722
5.11924e-09	-0.564916
5.1198e-09	-0.564067
5.12037e-09	-0.563177
5.12093e-09	-0.562245
5.1215e-09	-0.561272
5.12206e-09	-0.560257
5.12263e-09	-0.559201
5.12319e-09	-0.558103
5.12375e-09	-0.556964
5.12432e-09	-0.555784
5.12488e-09	-0.554564
5.12545e-09	-0.553302
5.12601e-09	-0.552001
5.12658e-09	-0.550658
5.12714e-09	-0.549276
5.1277e-09	-0.547853
5.12827e-09	-0.546391
5.12883e-09	-0.544888
5.1294e-09	-0.543347
5.12996e-09	-0.541765
5.13052e-09	-0.540145
5.13109e-09	-0.538485
5.13165e-09	-0.536786
5.13222e-09	-0.535049
5.13278e-09	-0.533273
5.13335e-09	-0.531459
5.13391e-09	-0.529607
5.13447e-09	-0.527716
5.13504e-09	-0.525788
5.1356e-09	-0.523822
5.13617e-09	-0.521819
5.13673e-09	-0.519779
5.1373e-09	-0.517702
5.13786e-09	-0.515587
5.13842e-09	-0.513437
5.13899e-09	-0.51125
5.13955e-09	-0.509026
5.14012e-09	-0.506767
5.14068e-09	-0.504472
5.14125e-09	-0.502142
5.14181e-09	-0.499776
5.14237e-09	-0.497376
5.14294e-09	-0.49494
5.1435e-09	-0.49247
5.14407e-09	-0.489965
5.14463e-09	-0.487427
5.1452e-09	-0.484854
5.14576e-09	-0.482248
5.14632e-09	-0.479609
5.14689e-09	-0.476936
5.14745e-09	-0.47423
5.14802e-09	-0.471492
5.14858e-09	-0.468722
5.14915e-09	-0.465919
5.14971e-09	-0.463084
5.15027e-09	-0.460218
5.15084e-09	-0.45732
5.1514e-09	-0.454391
5.15197e-09	-0.451432
5.15253e-09	-0.448442
5.1531e-09	-0.445421
5.15366e-09	-0.442371
5.15422e-09	-0.43929
5.15479e-09	-0.43618
5.15535e-09	-0.433041
5.15592e-09	-0.429873
5.15648e-09	-0.426677
5.15705e-09	-0.423452
5.15761e-09	-0.420199
5.15817e-09	-0.416918
5.15874e-09	-0.41361
5.1593e-09	-0.410274
5.15987e-09	-0.406911
5.16043e-09	-0.403522
5.16099e-09	-0.400107
5.16156e-09	-0.396665
5.16212e-09	-0.393198
5.16269e-09	-0.389705
5.16325e-09	-0.386187
5.16382e-09	-0.382644
5.16438e-09	-0.379077
5.16494e-09	-0.375485
5.16551e-09	-0.37187
5.16607e-09	-0.368231
5.16664e-09	-0.364568
5.1672e-09	-0.360883
5.16777e-09	-0.357175
5.16833e-09	-0.353444
5.16889e-09	-0.349692
5.16946e-09	-0.345918
5.17002e-09	-0.342122
5.17059e-09	-0.338305
5.17115e-09	-0.334468
5.17172e-09	-0.33061
5.17228e-09	-0.326731
5.17284e-09	-0.322833
5.17341e-09	-0.318916
5.17397e-09	-0.314979
5.17454e-09	-0.311024
5.1751e-09	-0.30705
5.17567e-09	-0.303058
5.17623e-09	-0.299048
5.17679e-09	-0.29502
5.17736e-09	-0.290976
5.17792e-09	-0.286914
5.17849e-09	-0.282836
5.17905e-09	-0.278742
5.17962e-09	-0.274632
5.18018e-09	-0.270506
5.18074e-09	-0.266365
5.18131e-09	-0.26221
5.18187e-09	-0.25804
5.18244e-09	-0.253856
5.183e-09	-0.249658
5.18357e-09	-0.245446
5.18413e-09	-0.241222
5.18469e-09	-0.236984
5.18526e-09	-0.232734
5.18582e-09	-0.228472
5.18639e-09	-0.224199
5.18695e-09	-0.219914
5.18752e-09	-0.215617
5.18808e-09	-0.211311
5.18864e-09	-0.206993
5.18921e-09	-0.202666
5.18977e-09	-0.198329
5.19034e-09	-0.193983
5.1909e-09	-0.189627
5.19146e-09	-0.185263
5.19203e-09	-0.180891
5.19259e-09	-0.176511
5.19316e-09	-0.172123
5.19372e-09	-0.167728
5.19429e-09	-0.163326
5.19485e-09	-0.158917
5.19541e-09	-0.154502
5.19598e-09	-0.150082
5.19654e-09	-0.145656
5.19711e-09	-0.141224
5.19767e-09	-0.136788
5.19824e-09	-0.132347
5.1988e-09	-0.127902
5.19936e-09	-0.123454
5.19993e-09	-0.119002
5.20049e-09	-0.114547
5.20106e-09	-0.110089
5.20162e-09	-0.105629
5.20219e-09	-0.101166
5.20275e-09	-0.0967022
5.20331e-09	-0.0922369
5.20388e-09	-0.0877705
5.20444e-09	-0.0833034
5.20501e-09	-0.078836
5.20557e-09	-0.0743686
5.20614e-09	-0.0699016
5.2067e-09	-0.0654352
5.20726e-09	-0.0609699
5.20783e-09	-0.0565061
5.20839e-09	-0.0520439
5.20896e-09	-0.0475838
5.20952e-09	-0.0431261
5.21009e-09	-0.0386712
5.21065e-09	-0.0342193
5.21121e-09	-0.0297709
5.21178e-09	-0.0253262
5.21234e-09	-0.0208857
5.21291e-09	-0.0164495
5.21347e-09	-0.0120182
5.21404e-09	-0.00759192
5.2146e-09	-0.0031711
5.21516e-09	0.00124395
5.21573e-09	0.00565289
5.21629e-09	0.0100554
5.21686e-09	0.0144512
5.21742e-09	0.0188398
5.21799e-09	0.0232211
5.21855e-09	0.0275946
5.21911e-09	0.03196
5.21968e-09	0.036317
5.22024e-09	0.0406653
5.22081e-09	0.0450046
5.22137e-09	0.0493345
5.22193e-09	0.0536547
5.2225e-09	0.0579649
5.22306e-09	0.0622648
5.22363e-09	0.0665541
5.22419e-09	0.0708324
5.22476e-09	0.0750994
5.22532e-09	0.0793549
5.22588e-09	0.0835985
5.22645e-09	0.0878298
5.22701e-09	0.0920487
5.22758e-09	0.0962548
5.22814e-09	0.100448
5.22871e-09	0.104627
5.22927e-09	0.108793
5.22983e-09	0.112945
5.2304e-09	0.117082
5.23096e-09	0.121205
5.23153e-09	0.125313
5.23209e-09	0.129405
5.23266e-09	0.133483
5.23322e-09	0.137544
5.23378e-09	0.141589
5.23435e-09	0.145618
5.23491e-09	0.14963
5.23548e-09	0.153625
5.23604e-09	0.157603
5.23661e-09	0.161564
5.23717e-09	0.165506
5.23773e-09	0.169431
5.2383e-09	0.173337
5.23886e-09	0.177225
5.23943e-09	0.181093
5.23999e-09	0.184943
5.24056e-09	0.188773
5.24112e-09	0.192583
5.24168e-09	0.196373
5.24225e-09	0.200143
5.24281e-09	0.203893
5.24338e-09	0.207622
5.24394e-09	0.211329
5.24451e-09	0.215016
5.24507e-09	0.218681
5.24563e-09	0.222324
5.2462e-09	0.225945
5.24676e-09	0.229544
5.24733e-09	0.23312
5.24789e-09	0.236674
5.24845e-09	0.240204
5.24902e-09	0.243711
5.24958e-09	0.247195
5.25015e-09	0.250655
5.25071e-09	0.254091
5.25128e-09	0.257503
5.25184e-09	0.260891
5.2524e-09	0.264253
5.25297e-09	0.267591
5.25353e-09	0.270904
5.2541e-09	0.274192
5.25466e-09	0.277454
5.25523e-09	0.28069
5.25579e-09	0.2839
5.25635e-09	0.287084
5.25692e-09	0.290242
5.25748e-09	0.293373
5.25805e-09	0.296478
5.25861e-09	0.299555
5.25918e-09	0.302605
5.25974e-09	0.305628
5.2603e-09	0.308623
5.26087e-09	0.311591
5.26143e-09	0.31453
5.262e-09	0.317442
5.26256e-09	0.320325
5.26313e-09	0.323179
5.26369e-09	0.326005
5.26425e-09	0.328802
5.26482e-09	0.33157
5.26538e-09	0.334309
5.26595e-09	0.337018
5.26651e-09	0.339698
5.26708e-09	0.342348
5.26764e-09	0.344968
5.2682e-09	0.347558
5.26877e-09	0.350118
5.26933e-09	0.352648
5.2699e-09	0.355147
5.27046e-09	0.357616
5.27103e-09	0.360053
5.27159e-09	0.36246
5.27215e-09	0.364836
5.27272e-09	0.36718
5.27328e-09	0.369494
5.27385e-09	0.371775
5.27441e-09	0.374025
5.27498e-09	0.376244
5.27554e-09	0.37843
5.2761e-09	0.380585
5.27667e-09	0.382707
5.27723e-09	0.384797
5.2778e-09	0.386855
5.27836e-09	0.38888
5.27892e-09	0.390873
5.27949e-09	0.392833
5.28005e-09	0.39476
5.28062e-09	0.396655
5.28118e-09	0.398516
5.28175e-09	0.400345
5.28231e-09	0.40214
5.28287e-09	0.403902
5.28344e-09	0.40563
5.284e-09	0.407326
5.28457e-09	0.408987
5.28513e-09	0.410615
5.2857e-09	0.41221
5.28626e-09	0.413771
5.28682e-09	0.415297
5.28739e-09	0.41679
5.28795e-09	0.41825
5.28852e-09	0.419675
5.28908e-09	0.421066
5.28965e-09	0.422422
5.29021e-09	0.423745
5.29077e-09	0.425034
5.29134e-09	0.426288
5.2919e-09	0.427508
5.29247e-09	0.428693
5.29303e-09	0.429844
5.2936e-09	0.430961
5.29416e-09	0.432043
5.29472e-09	0.43309
5.29529e-09	0.434103
5.29585e-09	0.435082
5.29642e-09	0.436025
5.29698e-09	0.436935
5.29755e-09	0.437809
5.29811e-09	0.438649
5.29867e-09	0.439454
5.29924e-09	0.440225
5.2998e-09	0.44096
5.30037e-09	0.441661
5.30093e-09	0.442328
5.3015e-09	0.442959
5.30206e-09	0.443556
5.30262e-09	0.444119
5.30319e-09	0.444646
5.30375e-09	0.445139
5.30432e-09	0.445597
5.30488e-09	0.446021
5.30545e-09	0.44641
5.30601e-09	0.446764
5.30657e-09	0.447083
5.30714e-09	0.447368
5.3077e-09	0.447619
5.30827e-09	0.447835
5.30883e-09	0.448017
5.30939e-09	0.448164
5.30996e-09	0.448276
5.31052e-09	0.448355
5.31109e-09	0.448399
5.31165e-09	0.448408
5.31222e-09	0.448384
5.31278e-09	0.448325
5.31334e-09	0.448233
5.31391e-09	0.448106
5.31447e-09	0.447945
5.31504e-09	0.44775
5.3156e-09	0.447522
5.31617e-09	0.447259
5.31673e-09	0.446963
5.31729e-09	0.446633
5.31786e-09	0.44627
5.31842e-09	0.445873
5.31899e-09	0.445443
5.31955e-09	0.444979
5.32012e-09	0.444482
5.32068e-09	0.443952
5.32124e-09	0.443389
5.32181e-09	0.442793
5.32237e-09	0.442164
5.32294e-09	0.441502
5.3235e-09	0.440808
5.32407e-09	0.440081
5.32463e-09	0.439321
5.32519e-09	0.438529
5.32576e-09	0.437705
5.32632e-09	0.436848
5.32689e-09	0.43596
5.32745e-09	0.43504
5.32802e-09	0.434087
5.32858e-09	0.433103
5.32914e-09	0.432088
5.32971e-09	0.431041
5.33027e-09	0.429963
5.33084e-09	0.428853
5.3314e-09	0.427713
5.33197e-09	0.426542
5.33253e-09	0.425339
5.33309e-09	0.424107
5.33366e-09	0.422843
5.33422e-09	0.42155
5.33479e-09	0.420226
5.33535e-09	0.418872
5.33592e-09	0.417488
5.33648e-09	0.416074
5.33704e-09	0.414631
5.33761e-09	0.413158
5.33817e-09	0.411656
5.33874e-09	0.410125
5.3393e-09	0.408565
5.33986e-09	0.406976
5.34043e-09	0.405358
5.34099e-09	0.403712
5.34156e-09	0.402038
5.34212e-09	0.400335
5.34269e-09	0.398604
5.34325e-09	0.396846
5.34381e-09	0.39506
5.34438e-09	0.393247
5.34494e-09	0.391406
5.34551e-09	0.389538
5.34607e-09	0.387644
5.34664e-09	0.385722
5.3472e-09	0.383775
5.34776e-09	0.3818
5.34833e-09	0.3798
5.34889e-09	0.377774
5.34946e-09	0.375722
5.35002e-09	0.373644
5.35059e-09	0.371542
5.35115e-09	0.369414
5.35171e-09	0.367261
5.35228e-09	0.365083
5.35284e-09	0.362881
5.35341e-09	0.360654
5.35397e-09	0.358403
5.35454e-09	0.356129
5.3551e-09	0.35383
5.35566e-09	0.351509
5.35623e-09	0.349164
5.35679e-09	0.346795
5.35736e-09	0.344405
5.35792e-09	0.341991
5.35849e-09	0.339555
5.35905e-09	0.337097
5.35961e-09	0.334617
5.36018e-09	0.332115
5.36074e-09	0.329592
5.36131e-09	0.327047
5.36187e-09	0.324481
5.36244e-09	0.321895
5.363e-09	0.319288
5.36356e-09	0.31666
5.36413e-09	0.314013
5.36469e-09	0.311345
5.36526e-09	0.308658
5.36582e-09	0.305952
5.36639e-09	0.303226
5.36695e-09	0.300481
5.36751e-09	0.297718
5.36808e-09	0.294936
5.36864e-09	0.292136
5.36921e-09	0.289318
5.36977e-09	0.286483
5.37033e-09	0.283629
5.3709e-09	0.280759
5.37146e-09	0.277872
5.37203e-09	0.274968
5.37259e-09	0.272047
5.37316e-09	0.26911
5.37372e-09	0.266157
5.37428e-09	0.263189
5.37485e-09	0.260205
5.37541e-09	0.257206
5.37598e-09	0.254191
5.37654e-09	0.251162
5.37711e-09	0.248119
5.37767e-09	0.245061
5.37823e-09	0.24199
5.3788e-09	0.238905
5.37936e-09	0.235806
5.37993e-09	0.232694
5.38049e-09	0.229569
5.38106e-09	0.226432
5.38162e-09	0.223282
5.38218e-09	0.22012
5.38275e-09	0.216947
5.38331e-09	0.213761
5.38388e-09	0.210564
5.38444e-09	0.207357
5.38501e-09	0.204138
5.38557e-09	0.200909
5.38613e-09	0.19767
5.3867e-09	0.19442
5.38726e-09	0.191161
5.38783e-09	0.187892
5.38839e-09	0.184615
5.38896e-09	0.181328
5.38952e-09	0.178032
5.39008e-09	0.174728
5.39065e-09	0.171416
5.39121e-09	0.168096
5.39178e-09	0.164769
5.39234e-09	0.161434
5.39291e-09	0.158092
5.39347e-09	0.154743
5.39403e-09	0.151388
5.3946e-09	0.148026
5.39516e-09	0.144659
5.39573e-09	0.141286
5.39629e-09	0.137907
5.39686e-09	0.134523
5.39742e-09	0.131134
5.39798e-09	0.127741
5.39855e-09	0.124343
5.39911e-09	0.120941
5.39968e-09	0.117535
5.40024e-09	0.114125
5.4008e-09	0.110713
5.40137e-09	0.107297
5.40193e-09	0.103878
5.4025e-09	0.100457
5.40306e-09	0.0970339
5.40363e-09	0.0936086
5.40419e-09	0.0901816
5.40475e-09	0.0867532
5.40532e-09	0.0833236
5.40588e-09	0.0798931
5.40645e-09	0.0764619
5.40701e-09	0.0730304
5.40758e-09	0.0695987
5.40814e-09	0.0661673
5.4087e-09	0.0627362
5.40927e-09	0.0593058
5.40983e-09	0.0558763
5.4104e-09	0.0524481
5.41096e-09	0.0490213
5.41153e-09	0.0455963
5.41209e-09	0.0421733
5.41265e-09	0.0387525
5.41322e-09	0.0353342
5.41378e-09	0.0319187
5.41435e-09	0.0285062
5.41491e-09	0.025097
5.41548e-09	0.0216914
5.41604e-09	0.0182896
5.4166e-09	0.0148918
5.41717e-09	0.0114983
5.41773e-09	0.00810945
5.4183e-09	0.00472538
5.41886e-09	0.00134638
5.41943e-09	-0.00202728
5.41999e-09	-0.00539537
5.42055e-09	-0.00875762
5.42112e-09	-0.0121138
5.42168e-09	-0.0154636
5.42225e-09	-0.0188069
5.42281e-09	-0.0221434
5.42338e-09	-0.0254727
5.42394e-09	-0.0287948
5.4245e-09	-0.0321093
5.42507e-09	-0.035416
5.42563e-09	-0.0387147
5.4262e-09	-0.042005
5.42676e-09	-0.0452869
5.42733e-09	-0.0485599
5.42789e-09	-0.051824
5.42845e-09	-0.0550789
5.42902e-09	-0.0583242
5.42958e-09	-0.0615599
5.43015e-09	-0.0647856
5.43071e-09	-0.0680011
5.43127e-09	-0.0712062
5.43184e-09	-0.0744007
5.4324e-09	-0.0775843
5.43297e-09	-0.0807568
5.43353e-09	-0.083918
5.4341e-09	-0.0870676
5.43466e-09	-0.0902055
5.43522e-09	-0.0933314
5.43579e-09	-0.0964451
5.43635e-09	-0.0995463
5.43692e-09	-0.102635
5.43748e-09	-0.105711
5.43805e-09	-0.108773
5.43861e-09	-0.111822
5.43917e-09	-0.114858
5.43974e-09	-0.11788
5.4403e-09	-0.120888
5.44087e-09	-0.123882
5.44143e-09	-0.126862
5.442e-09	-0.129827
5.44256e-09	-0.132777
5.44312e-09	-0.135713
5.44369e-09	-0.138633
5.44425e-09	-0.141538
5.44482e-09	-0.144427
5.44538e-09	-0.1473
5.44595e-09	-0.150158
5.44651e-09	-0.152999
5.44707e-09	-0.155824
5.44764e-09	-0.158632
5.4482e-09	-0.161424
5.44877e-09	-0.164199
5.44933e-09	-0.166957
5.4499e-09	-0.169697
5.45046e-09	-0.17242
5.45102e-09	-0.175125
5.45159e-09	-0.177813
5.45215e-09	-0.180482
5.45272e-09	-0.183133
5.45328e-09	-0.185766
5.45385e-09	-0.18838
5.45441e-09	-0.190976
5.45497e-09	-0.193553
5.45554e-09	-0.19611
5.4561e-09	-0.198649
5.45667e-09	-0.201168
5.45723e-09	-0.203667
5.4578e-09	-0.206147
5.45836e-09	-0.208607
5.45892e-09	-0.211047
5.45949e-09	-0.213467
5.46005e-09	-0.215867
5.46062e-09	-0.218246
5.46118e-09	-0.220604
5.46174e-09	-0.222942
5.46231e-09	-0.225259
5.46287e-09	-0.227554
5.46344e-09	-0.229829
5.464e-09	-0.232082
5.46457e-09	-0.234314
5.46513e-09	-0.236524
5.46569e-09	-0.238712
5.46626e-09	-0.240878
5.46682e-09	-0.243023
5.46739e-09	-0.245145
5.46795e-09	-0.247245
5.46852e-09	-0.249323
5.46908e-09	-0.251378
5.46964e-09	-0.25341
5.47021e-09	-0.25542
5.47077e-09	-0.257407
5.47134e-09	-0.25937
5.4719e-09	-0.261311
5.47247e-09	-0.263229
5.47303e-09	-0.265123
5.47359e-09	-0.266993
5.47416e-09	-0.268841
5.47472e-09	-0.270664
5.47529e-09	-0.272464
5.47585e-09	-0.27424
5.47642e-09	-0.275992
5.47698e-09	-0.27772
5.47754e-09	-0.279424
5.47811e-09	-0.281104
5.47867e-09	-0.282759
5.47924e-09	-0.28439
5.4798e-09	-0.285996
5.48037e-09	-0.287578
5.48093e-09	-0.289136
5.48149e-09	-0.290668
5.48206e-09	-0.292176
5.48262e-09	-0.293659
5.48319e-09	-0.295117
5.48375e-09	-0.29655
5.48432e-09	-0.297958
5.48488e-09	-0.29934
5.48544e-09	-0.300698
5.48601e-09	-0.30203
5.48657e-09	-0.303337
5.48714e-09	-0.304619
5.4877e-09	-0.305875
5.48827e-09	-0.307105
5.48883e-09	-0.30831
5.48939e-09	-0.309489
5.48996e-09	-0.310643
5.49052e-09	-0.311771
5.49109e-09	-0.312873
5.49165e-09	-0.31395
5.49221e-09	-0.315001
5.49278e-09	-0.316025
5.49334e-09	-0.317024
5.49391e-09	-0.317997
5.49447e-09	-0.318944
5.49504e-09	-0.319865
5.4956e-09	-0.32076
5.49616e-09	-0.321629
5.49673e-09	-0.322472
5.49729e-09	-0.323289
5.49786e-09	-0.32408
5.49842e-09	-0.324844
5.49899e-09	-0.325583
5.49955e-09	-0.326295
5.50011e-09	-0.326981
5.50068e-09	-0.327641
5.50124e-09	-0.328275
5.50181e-09	-0.328882
5.50237e-09	-0.329464
5.50294e-09	-0.330019
5.5035e-09	-0.330548
5.50406e-09	-0.331051
5.50463e-09	-0.331528
5.50519e-09	-0.331978
5.50576e-09	-0.332403
5.50632e-09	-0.332801
5.50689e-09	-0.333173
5.50745e-09	-0.333519
5.50801e-09	-0.333839
5.50858e-09	-0.334133
5.50914e-09	-0.334401
5.50971e-09	-0.334642
5.51027e-09	-0.334858
5.51084e-09	-0.335048
5.5114e-09	-0.335212
5.51196e-09	-0.33535
5.51253e-09	-0.335462
5.51309e-09	-0.335548
5.51366e-09	-0.335608
5.51422e-09	-0.335643
5.51479e-09	-0.335652
5.51535e-09	-0.335635
5.51591e-09	-0.335593
5.51648e-09	-0.335525
5.51704e-09	-0.335431
5.51761e-09	-0.335312
5.51817e-09	-0.335168
5.51874e-09	-0.334998
5.5193e-09	-0.334803
5.51986e-09	-0.334582
5.52043e-09	-0.334336
5.52099e-09	-0.334066
5.52156e-09	-0.33377
5.52212e-09	-0.333449
5.52268e-09	-0.333103
5.52325e-09	-0.332732
5.52381e-09	-0.332337
5.52438e-09	-0.331917
5.52494e-09	-0.331472
5.52551e-09	-0.331002
5.52607e-09	-0.330508
5.52663e-09	-0.32999
5.5272e-09	-0.329447
5.52776e-09	-0.32888
5.52833e-09	-0.328289
5.52889e-09	-0.327674
5.52946e-09	-0.327035
5.53002e-09	-0.326372
5.53058e-09	-0.325685
5.53115e-09	-0.324974
5.53171e-09	-0.32424
5.53228e-09	-0.323482
5.53284e-09	-0.322701
5.53341e-09	-0.321896
5.53397e-09	-0.321069
5.53453e-09	-0.320218
5.5351e-09	-0.319344
5.53566e-09	-0.318447
5.53623e-09	-0.317528
5.53679e-09	-0.316585
5.53736e-09	-0.315621
5.53792e-09	-0.314633
5.53848e-09	-0.313624
5.53905e-09	-0.312592
5.53961e-09	-0.311538
5.54018e-09	-0.310462
5.54074e-09	-0.309365
5.54131e-09	-0.308245
5.54187e-09	-0.307104
5.54243e-09	-0.305942
5.543e-09	-0.304758
5.54356e-09	-0.303552
5.54413e-09	-0.302326
5.54469e-09	-0.301079
5.54526e-09	-0.299811
5.54582e-09	-0.298522
5.54638e-09	-0.297213
5.54695e-09	-0.295883
5.54751e-09	-0.294533
5.54808e-09	-0.293163
5.54864e-09	-0.291773
5.54921e-09	-0.290362
5.54977e-09	-0.288933
5.55033e-09	-0.287483
5.5509e-09	-0.286014
5.55146e-09	-0.284526
5.55203e-09	-0.283019
5.55259e-09	-0.281493
5.55315e-09	-0.279948
5.55372e-09	-0.278384
5.55428e-09	-0.276802
5.55485e-09	-0.275201
5.55541e-09	-0.273582
5.55598e-09	-0.271945
5.55654e-09	-0.27029
5.5571e-09	-0.268618
5.55767e-09	-0.266928
5.55823e-09	-0.26522
5.5588e-09	-0.263495
5.55936e-09	-0.261753
5.55993e-09	-0.259994
5.56049e-09	-0.258219
5.56105e-09	-0.256426
5.56162e-09	-0.254618
5.56218e-09	-0.252793
5.56275e-09	-0.250952
5.56331e-09	-0.249095
5.56388e-09	-0.247222
5.56444e-09	-0.245334
5.565e-09	-0.24343
5.56557e-09	-0.241511
5.56613e-09	-0.239577
5.5667e-09	-0.237628
5.56726e-09	-0.235665
5.56783e-09	-0.233687
5.56839e-09	-0.231694
5.56895e-09	-0.229688
5.56952e-09	-0.227667
5.57008e-09	-0.225633
5.57065e-09	-0.223585
5.57121e-09	-0.221523
5.57178e-09	-0.219448
5.57234e-09	-0.217361
5.5729e-09	-0.21526
5.57347e-09	-0.213147
5.57403e-09	-0.211021
5.5746e-09	-0.208882
5.57516e-09	-0.206732
5.57573e-09	-0.20457
5.57629e-09	-0.202396
5.57685e-09	-0.20021
5.57742e-09	-0.198013
5.57798e-09	-0.195805
5.57855e-09	-0.193585
5.57911e-09	-0.191355
5.57968e-09	-0.189114
5.58024e-09	-0.186863
5.5808e-09	-0.184602
5.58137e-09	-0.18233
5.58193e-09	-0.180049
5.5825e-09	-0.177758
5.58306e-09	-0.175458
5.58362e-09	-0.173148
5.58419e-09	-0.170829
5.58475e-09	-0.168501
5.58532e-09	-0.166165
5.58588e-09	-0.16382
5.58645e-09	-0.161467
5.58701e-09	-0.159106
5.58757e-09	-0.156736
5.58814e-09	-0.15436
5.5887e-09	-0.151975
5.58927e-09	-0.149583
5.58983e-09	-0.147185
5.5904e-09	-0.144779
5.59096e-09	-0.142367
5.59152e-09	-0.139948
5.59209e-09	-0.137522
5.59265e-09	-0.135091
5.59322e-09	-0.132654
5.59378e-09	-0.130211
5.59435e-09	-0.127762
5.59491e-09	-0.125308
5.59547e-09	-0.122849
5.59604e-09	-0.120385
5.5966e-09	-0.117916
5.59717e-09	-0.115443
5.59773e-09	-0.112966
5.5983e-09	-0.110484
5.59886e-09	-0.107998
5.59942e-09	-0.105509
5.59999e-09	-0.103016
5.60055e-09	-0.10052
5.60112e-09	-0.0980208
5.60168e-09	-0.0955186
5.60225e-09	-0.0930136
5.60281e-09	-0.0905061
5.60337e-09	-0.0879962
5.60394e-09	-0.0854842
5.6045e-09	-0.0829703
5.60507e-09	-0.0804546
5.60563e-09	-0.0779373
5.6062e-09	-0.0754187
5.60676e-09	-0.072899
5.60732e-09	-0.0703783
5.60789e-09	-0.0678568
5.60845e-09	-0.0653347
5.60902e-09	-0.0628123
5.60958e-09	-0.0602897
5.61015e-09	-0.0577672
5.61071e-09	-0.0552448
5.61127e-09	-0.0527229
5.61184e-09	-0.0502016
5.6124e-09	-0.047681
5.61297e-09	-0.0451615
5.61353e-09	-0.0426431
5.61409e-09	-0.0401261
5.61466e-09	-0.0376107
5.61522e-09	-0.0350971
5.61579e-09	-0.0325854
5.61635e-09	-0.0300758
5.61692e-09	-0.0275686
5.61748e-09	-0.0250638
5.61804e-09	-0.0225618
5.61861e-09	-0.0200627
5.61917e-09	-0.0175667
5.61974e-09	-0.0150739
5.6203e-09	-0.0125847
5.62087e-09	-0.010099
5.62143e-09	-0.00761718
5.62199e-09	-0.00513938
5.62256e-09	-0.00266577
5.62312e-09	-0.000196541
5.62369e-09	0.00226812
5.62425e-09	0.00472804
5.62482e-09	0.00718303
5.62538e-09	0.00963291
5.62594e-09	0.0120775
5.62651e-09	0.0145166
5.62707e-09	0.0169501
5.62764e-09	0.0193778
5.6282e-09	0.0217994
5.62877e-09	0.0242149
5.62933e-09	0.026624
5.62989e-09	0.0290266
5.63046e-09	0.0314226
5.63102e-09	0.0338116
5.63159e-09	0.0361936
5.63215e-09	0.0385684
5.63272e-09	0.0409358
5.63328e-09	0.0432956
5.63384e-09	0.0456477
5.63441e-09	0.047992
5.63497e-09	0.0503281
5.63554e-09	0.0526561
5.6361e-09	0.0549757
5.63667e-09	0.0572867
5.63723e-09	0.059589
5.63779e-09	0.0618824
5.63836e-09	0.0641668
5.63892e-09	0.066442
5.63949e-09	0.0687079
5.64005e-09	0.0709642
5.64061e-09	0.0732109
5.64118e-09	0.0754478
5.64174e-09	0.0776747
5.64231e-09	0.0798914
5.64287e-09	0.0820979
5.64344e-09	0.0842939
5.644e-09	0.0864794
5.64456e-09	0.0886541
5.64513e-09	0.0908179
5.64569e-09	0.0929707
5.64626e-09	0.0951124
5.64682e-09	0.0972427
5.64739e-09	0.0993616
5.64795e-09	0.101469
5.64851e-09	0.103564
5.64908e-09	0.105648
5.64964e-09	0.10772
5.65021e-09	0.109779
5.65077e-09	0.111826
5.65134e-09	0.113861
5.6519e-09	0.115883
5.65246e-09	0.117892
5.65303e-09	0.119889
5.65359e-09	0.121873
5.65416e-09	0.123843
5.65472e-09	0.125801
5.65529e-09	0.127745
5.65585e-09	0.129675
5.65641e-09	0.131592
5.65698e-09	0.133495
5.65754e-09	0.135385
5.65811e-09	0.13726
5.65867e-09	0.139122
5.65924e-09	0.140969
5.6598e-09	0.142802
5.66036e-09	0.14462
5.66093e-09	0.146424
5.66149e-09	0.148213
5.66206e-09	0.149988
5.66262e-09	0.151747
5.66319e-09	0.153492
5.66375e-09	0.155222
5.66431e-09	0.156936
5.66488e-09	0.158635
5.66544e-09	0.160319
5.66601e-09	0.161987
5.66657e-09	0.16364
5.66714e-09	0.165277
5.6677e-09	0.166898
5.66826e-09	0.168503
5.66883e-09	0.170092
5.66939e-09	0.171666
5.66996e-09	0.173223
5.67052e-09	0.174763
5.67108e-09	0.176288
5.67165e-09	0.177796
5.67221e-09	0.179287
5.67278e-09	0.180762
5.67334e-09	0.182221
5.67391e-09	0.183662
5.67447e-09	0.185087
5.67503e-09	0.186495
5.6756e-09	0.187885
5.67616e-09	0.189259
5.67673e-09	0.190616
5.67729e-09	0.191955
5.67786e-09	0.193277
5.67842e-09	0.194582
5.67898e-09	0.195869
5.67955e-09	0.197139
5.68011e-09	0.198391
5.68068e-09	0.199626
5.68124e-09	0.200843
5.68181e-09	0.202042
5.68237e-09	0.203223
5.68293e-09	0.204387
5.6835e-09	0.205533
5.68406e-09	0.20666
5.68463e-09	0.20777
5.68519e-09	0.208862
5.68576e-09	0.209935
5.68632e-09	0.21099
5.68688e-09	0.212028
5.68745e-09	0.213046
5.68801e-09	0.214047
5.68858e-09	0.215029
5.68914e-09	0.215993
5.68971e-09	0.216939
5.69027e-09	0.217866
5.69083e-09	0.218774
5.6914e-09	0.219664
5.69196e-09	0.220535
5.69253e-09	0.221388
5.69309e-09	0.222222
5.69366e-09	0.223038
5.69422e-09	0.223835
5.69478e-09	0.224613
5.69535e-09	0.225372
5.69591e-09	0.226113
5.69648e-09	0.226835
5.69704e-09	0.227538
5.69761e-09	0.228222
5.69817e-09	0.228888
5.69873e-09	0.229534
5.6993e-09	0.230162
5.69986e-09	0.230771
5.70043e-09	0.231361
5.70099e-09	0.231932
5.70155e-09	0.232484
5.70212e-09	0.233018
5.70268e-09	0.233532
5.70325e-09	0.234028
5.70381e-09	0.234504
5.70438e-09	0.234962
5.70494e-09	0.235401
5.7055e-09	0.235821
5.70607e-09	0.236222
5.70663e-09	0.236604
5.7072e-09	0.236967
5.70776e-09	0.237311
5.70833e-09	0.237637
5.70889e-09	0.237943
5.70945e-09	0.238231
5.71002e-09	0.2385
5.71058e-09	0.23875
5.71115e-09	0.238981
5.71171e-09	0.239194
5.71228e-09	0.239388
5.71284e-09	0.239563
5.7134e-09	0.239719
5.71397e-09	0.239857
5.71453e-09	0.239976
5.7151e-09	0.240076
5.71566e-09	0.240158
5.71623e-09	0.240221
5.71679e-09	0.240265
5.71735e-09	0.240291
5.71792e-09	0.240299
5.71848e-09	0.240288
5.71905e-09	0.240259
5.71961e-09	0.240211
5.72018e-09	0.240145
5.72074e-09	0.240061
5.7213e-09	0.239959
5.72187e-09	0.239838
5.72243e-09	0.239699
5.723e-09	0.239542
5.72356e-09	0.239367
5.72413e-09	0.239174
5.72469e-09	0.238963
5.72525e-09	0.238735
5.72582e-09	0.238488
5.72638e-09	0.238223
5.72695e-09	0.237941
5.72751e-09	0.237641
5.72808e-09	0.237323
5.72864e-09	0.236988
5.7292e-09	0.236636
5.72977e-09	0.236266
5.73033e-09	0.235878
5.7309e-09	0.235473
5.73146e-09	0.235051
5.73202e-09	0.234612
5.73259e-09	0.234155
5.73315e-09	0.233682
5.73372e-09	0.233191
5.73428e-09	0.232684
5.73485e-09	0.23216
5.73541e-09	0.231619
5.73597e-09	0.231061
5.73654e-09	0.230487
5.7371e-09	0.229896
5.73767e-09	0.229289
5.73823e-09	0.228665
5.7388e-09	0.228025
5.73936e-09	0.227369
5.73992e-09	0.226697
5.74049e-09	0.226009
5.74105e-09	0.225304
5.74162e-09	0.224584
5.74218e-09	0.223848
5.74275e-09	0.223097
5.74331e-09	0.222329
5.74387e-09	0.221546
5.74444e-09	0.220748
5.745e-09	0.219935
5.74557e-09	0.219106
5.74613e-09	0.218262
5.7467e-09	0.217403
5.74726e-09	0.216529
5.74782e-09	0.21564
5.74839e-09	0.214736
5.74895e-09	0.213818
5.74952e-09	0.212885
5.75008e-09	0.211938
5.75065e-09	0.210977
5.75121e-09	0.210001
5.75177e-09	0.209011
5.75234e-09	0.208007
5.7529e-09	0.206988
5.75347e-09	0.205957
5.75403e-09	0.204911
5.7546e-09	0.203852
5.75516e-09	0.202779
5.75572e-09	0.201693
5.75629e-09	0.200594
5.75685e-09	0.199481
5.75742e-09	0.198355
5.75798e-09	0.197217
5.75855e-09	0.196065
5.75911e-09	0.194901
5.75967e-09	0.193725
5.76024e-09	0.192535
5.7608e-09	0.191334
5.76137e-09	0.19012
5.76193e-09	0.188894
5.76249e-09	0.187656
5.76306e-09	0.186406
5.76362e-09	0.185144
5.76419e-09	0.183871
5.76475e-09	0.182586
5.76532e-09	0.18129
5.76588e-09	0.179982
5.76644e-09	0.178664
5.76701e-09	0.177334
5.76757e-09	0.175993
5.76814e-09	0.174642
5.7687e-09	0.17328
5.76927e-09	0.171907
5.76983e-09	0.170524
5.77039e-09	0.169131
5.77096e-09	0.167727
5.77152e-09	0.166314
5.77209e-09	0.16489
5.77265e-09	0.163457
5.77322e-09	0.162014
5.77378e-09	0.160562
5.77434e-09	0.1591
5.77491e-09	0.15763
5.77547e-09	0.15615
5.77604e-09	0.154661
5.7766e-09	0.153163
5.77717e-09	0.151656
5.77773e-09	0.150141
5.77829e-09	0.148618
5.77886e-09	0.147086
5.77942e-09	0.145546
5.77999e-09	0.143998
5.78055e-09	0.142443
5.78112e-09	0.140879
5.78168e-09	0.139308
5.78224e-09	0.137729
5.78281e-09	0.136143
5.78337e-09	0.13455
5.78394e-09	0.13295
5.7845e-09	0.131342
5.78507e-09	0.129728
5.78563e-09	0.128108
5.78619e-09	0.126481
5.78676e-09	0.124847
5.78732e-09	0.123207
5.78789e-09	0.121561
5.78845e-09	0.11991
5.78902e-09	0.118252
5.78958e-09	0.116589
5.79014e-09	0.11492
5.79071e-09	0.113246
5.79127e-09	0.111566
5.79184e-09	0.109882
5.7924e-09	0.108192
5.79296e-09	0.106498
5.79353e-09	0.104799
5.79409e-09	0.103095
5.79466e-09	0.101387
5.79522e-09	0.099675
5.79579e-09	0.0979586
5.79635e-09	0.0962383
5.79691e-09	0.0945141
5.79748e-09	0.0927862
5.79804e-09	0.0910548
5.79861e-09	0.0893199
5.79917e-09	0.0875818
5.79974e-09	0.0858405
5.8003e-09	0.0840963
5.80086e-09	0.0823492
5.80143e-09	0.0805994
5.80199e-09	0.078847
5.80256e-09	0.0770922
5.80312e-09	0.0753352
5.80369e-09	0.0735759
5.80425e-09	0.0718147
5.80481e-09	0.0700516
5.80538e-09	0.0682868
5.80594e-09	0.0665205
5.80651e-09	0.0647526
5.80707e-09	0.0629835
5.80764e-09	0.0612132
5.8082e-09	0.0594419
5.80876e-09	0.0576697
5.80933e-09	0.0558968
5.80989e-09	0.0541232
5.81046e-09	0.0523492
5.81102e-09	0.0505749
5.81159e-09	0.0488003
5.81215e-09	0.0470258
5.81271e-09	0.0452513
5.81328e-09	0.043477
5.81384e-09	0.0417031
5.81441e-09	0.0399297
5.81497e-09	0.0381569
5.81554e-09	0.0363849
5.8161e-09	0.0346138
5.81666e-09	0.0328437
5.81723e-09	0.0310748
5.81779e-09	0.0293072
5.81836e-09	0.0275411
5.81892e-09	0.0257765
5.81949e-09	0.0240137
5.82005e-09	0.0222527
5.82061e-09	0.0204936
5.82118e-09	0.0187367
5.82174e-09	0.016982
5.82231e-09	0.0152297
5.82287e-09	0.0134799
5.82343e-09	0.0117327
5.824e-09	0.00998833
5.82456e-09	0.00824681
5.82513e-09	0.00650831
5.82569e-09	0.00477296
5.82626e-09	0.00304089
5.82682e-09	0.00131222
5.82738e-09	-0.000412917
5.82795e-09	-0.0021344
5.82851e-09	-0.00385209
5.82908e-09	-0.00556588
5.82964e-09	-0.00727563
5.83021e-09	-0.00898123
5.83077e-09	-0.0106825
5.83133e-09	-0.0123795
5.8319e-09	-0.0140718
5.83246e-09	-0.0157596
5.83303e-09	-0.0174426
5.83359e-09	-0.0191206
5.83416e-09	-0.0207937
5.83472e-09	-0.0224617
5.83528e-09	-0.0241244
5.83585e-09	-0.0257817
5.83641e-09	-0.0274336
5.83698e-09	-0.0290798
5.83754e-09	-0.0307204
5.83811e-09	-0.0323551
5.83867e-09	-0.0339839
5.83923e-09	-0.0356066
5.8398e-09	-0.0372231
5.84036e-09	-0.0388334
5.84093e-09	-0.0404373
5.84149e-09	-0.0420346
5.84206e-09	-0.0436254
5.84262e-09	-0.0452094
5.84318e-09	-0.0467866
5.84375e-09	-0.0483569
5.84431e-09	-0.0499201
5.84488e-09	-0.0514761
5.84544e-09	-0.0530249
5.84601e-09	-0.0545664
5.84657e-09	-0.0561003
5.84713e-09	-0.0576267
5.8477e-09	-0.0591455
5.84826e-09	-0.0606564
5.84883e-09	-0.0621595
5.84939e-09	-0.0636546
5.84996e-09	-0.0651416
5.85052e-09	-0.0666205
5.85108e-09	-0.0680911
5.85165e-09	-0.0695533
5.85221e-09	-0.071007
5.85278e-09	-0.0724522
5.85334e-09	-0.0738888
5.8539e-09	-0.0753166
5.85447e-09	-0.0767356
5.85503e-09	-0.0781456
5.8556e-09	-0.0795467
5.85616e-09	-0.0809386
5.85673e-09	-0.0823213
5.85729e-09	-0.0836948
5.85785e-09	-0.0850589
5.85842e-09	-0.0864135
5.85898e-09	-0.0877586
5.85955e-09	-0.0890941
5.86011e-09	-0.0904198
5.86068e-09	-0.0917358
5.86124e-09	-0.0930419
5.8618e-09	-0.0943381
5.86237e-09	-0.0956242
5.86293e-09	-0.0969002
5.8635e-09	-0.098166
5.86406e-09	-0.0994216
5.86463e-09	-0.100667
5.86519e-09	-0.101902
5.86575e-09	-0.103126
5.86632e-09	-0.10434
5.86688e-09	-0.105543
5.86745e-09	-0.106735
5.86801e-09	-0.107917
5.86858e-09	-0.109088
5.86914e-09	-0.110248
5.8697e-09	-0.111397
5.87027e-09	-0.112535
5.87083e-09	-0.113662
5.8714e-09	-0.114777
5.87196e-09	-0.115882
5.87253e-09	-0.116975
5.87309e-09	-0.118057
5.87365e-09	-0.119127
5.87422e-09	-0.120186
5.87478e-09	-0.121233
5.87535e-09	-0.122269
5.87591e-09	-0.123293
5.87648e-09	-0.124306
5.87704e-09	-0.125307
5.8776e-09	-0.126296
5.87817e-09	-0.127273
5.87873e-09	-0.128238
5.8793e-09	-0.129191
5.87986e-09	-0.130133
5.88043e-09	-0.131062
5.88099e-09	-0.131979
5.88155e-09	-0.132884
5.88212e-09	-0.133777
5.88268e-09	-0.134657
5.88325e-09	-0.135526
5.88381e-09	-0.136382
5.88437e-09	-0.137225
5.88494e-09	-0.138057
5.8855e-09	-0.138876
5.88607e-09	-0.139682
5.88663e-09	-0.140476
5.8872e-09	-0.141257
5.88776e-09	-0.142026
5.88832e-09	-0.142782
5.88889e-09	-0.143526
5.88945e-09	-0.144257
5.89002e-09	-0.144975
5.89058e-09	-0.145681
5.89115e-09	-0.146374
5.89171e-09	-0.147054
5.89227e-09	-0.147721
5.89284e-09	-0.148376
5.8934e-09	-0.149017
5.89397e-09	-0.149646
5.89453e-09	-0.150262
5.8951e-09	-0.150865
5.89566e-09	-0.151455
5.89622e-09	-0.152032
5.89679e-09	-0.152596
5.89735e-09	-0.153148
5.89792e-09	-0.153686
5.89848e-09	-0.154211
5.89905e-09	-0.154723
5.89961e-09	-0.155223
5.90017e-09	-0.155709
5.90074e-09	-0.156182
5.9013e-09	-0.156642
5.90187e-09	-0.157089
5.90243e-09	-0.157523
5.903e-09	-0.157944
5.90356e-09	-0.158352
5.90412e-09	-0.158747
5.90469e-09	-0.159128
5.90525e-09	-0.159497
5.90582e-09	-0.159852
5.90638e-09	-0.160195
5.90695e-09	-0.160524
5.90751e-09	-0.160841
5.90807e-09	-0.161144
5.90864e-09	-0.161434
5.9092e-09	-0.161711
5.90977e-09	-0.161975
5.91033e-09	-0.162226
5.9109e-09	-0.162464
5.91146e-09	-0.162689
5.91202e-09	-0.162901
5.91259e-09	-0.1631
5.91315e-09	-0.163286
5.91372e-09	-0.163459
5.91428e-09	-0.163619
5.91484e-09	-0.163767
5.91541e-09	-0.163901
5.91597e-09	-0.164022
5.91654e-09	-0.16413
5.9171e-09	-0.164226
5.91767e-09	-0.164309
5.91823e-09	-0.164379
5.91879e-09	-0.164436
5.91936e-09	-0.16448
5.91992e-09	-0.164512
5.92049e-09	-0.16453
5.92105e-09	-0.164537
5.92162e-09	-0.16453
5.92218e-09	-0.164511
5.92274e-09	-0.164479
5.92331e-09	-0.164435
5.92387e-09	-0.164378
5.92444e-09	-0.164308
5.925e-09	-0.164226
5.92557e-09	-0.164132
5.92613e-09	-0.164025
5.92669e-09	-0.163906
5.92726e-09	-0.163774
5.92782e-09	-0.163631
5.92839e-09	-0.163474
5.92895e-09	-0.163306
5.92952e-09	-0.163126
5.93008e-09	-0.162933
5.93064e-09	-0.162728
5.93121e-09	-0.162511
5.93177e-09	-0.162282
5.93234e-09	-0.162041
5.9329e-09	-0.161789
5.93347e-09	-0.161524
5.93403e-09	-0.161247
5.93459e-09	-0.160959
5.93516e-09	-0.160659
5.93572e-09	-0.160347
5.93629e-09	-0.160024
5.93685e-09	-0.159689
5.93742e-09	-0.159342
5.93798e-09	-0.158984
5.93854e-09	-0.158615
5.93911e-09	-0.158234
5.93967e-09	-0.157842
5.94024e-09	-0.157439
5.9408e-09	-0.157024
5.94137e-09	-0.156598
5.94193e-09	-0.156161
5.94249e-09	-0.155713
5.94306e-09	-0.155254
5.94362e-09	-0.154785
5.94419e-09	-0.154304
5.94475e-09	-0.153812
5.94531e-09	-0.15331
5.94588e-09	-0.152797
5.94644e-09	-0.152274
5.94701e-09	-0.15174
5.94757e-09	-0.151195
5.94814e-09	-0.15064
5.9487e-09	-0.150075
5.94926e-09	-0.149499
5.94983e-09	-0.148914
5.95039e-09	-0.148318
5.95096e-09	-0.147712
5.95152e-09	-0.147096
5.95209e-09	-0.14647
5.95265e-09	-0.145834
5.95321e-09	-0.145188
5.95378e-09	-0.144533
5.95434e-09	-0.143868
5.95491e-09	-0.143194
5.95547e-09	-0.142509
5.95604e-09	-0.141816
5.9566e-09	-0.141113
5.95716e-09	-0.140401
5.95773e-09	-0.13968
5.95829e-09	-0.138949
5.95886e-09	-0.13821
5.95942e-09	-0.137461
5.95999e-09	-0.136704
5.96055e-09	-0.135938
5.96111e-09	-0.135163
5.96168e-09	-0.13438
5.96224e-09	-0.133588
5.96281e-09	-0.132787
5.96337e-09	-0.131978
5.96394e-09	-0.131161
5.9645e-09	-0.130335
5.96506e-09	-0.129501
5.96563e-09	-0.12866
5.96619e-09	-0.12781
5.96676e-09	-0.126952
5.96732e-09	-0.126087
5.96789e-09	-0.125213
5.96845e-09	-0.124332
5.96901e-09	-0.123444
5.96958e-09	-0.122548
5.97014e-09	-0.121644
5.97071e-09	-0.120734
5.97127e-09	-0.119816
5.97184e-09	-0.118891
5.9724e-09	-0.117959
5.97296e-09	-0.11702
5.97353e-09	-0.116074
5.97409e-09	-0.115121
5.97466e-09	-0.114161
5.97522e-09	-0.113195
5.97578e-09	-0.112223
5.97635e-09	-0.111244
5.97691e-09	-0.110259
5.97748e-09	-0.109267
5.97804e-09	-0.108269
5.97861e-09	-0.107266
5.97917e-09	-0.106256
5.97973e-09	-0.10524
5.9803e-09	-0.104219
5.98086e-09	-0.103192
5.98143e-09	-0.102159
5.98199e-09	-0.101121
5.98256e-09	-0.100078
5.98312e-09	-0.0990287
5.98368e-09	-0.0979746
5.98425e-09	-0.0969154
5.98481e-09	-0.0958511
5.98538e-09	-0.0947819
5.98594e-09	-0.0937078
5.98651e-09	-0.092629
5.98707e-09	-0.0915455
5.98763e-09	-0.0904574
5.9882e-09	-0.0893649
5.98876e-09	-0.088268
5.98933e-09	-0.0871668
5.98989e-09	-0.0860615
5.99046e-09	-0.084952
5.99102e-09	-0.0838386
5.99158e-09	-0.0827213
5.99215e-09	-0.0816001
5.99271e-09	-0.0804753
5.99328e-09	-0.0793468
5.99384e-09	-0.0782149
5.99441e-09	-0.0770795
5.99497e-09	-0.0759408
5.99553e-09	-0.0747988
5.9961e-09	-0.0736538
5.99666e-09	-0.0725057
5.99723e-09	-0.0713547
5.99779e-09	-0.0702008
5.99836e-09	-0.0690442
5.99892e-09	-0.0678849
5.99948e-09	-0.0667231
6.00005e-09	-0.0655588
6.00061e-09	-0.0643922
6.00118e-09	-0.0632233
6.00174e-09	-0.0620522
6.00231e-09	-0.0608791
6.00287e-09	-0.059704
6.00343e-09	-0.058527
6.004e-09	-0.0573482
6.00456e-09	-0.0561677
6.00513e-09	-0.0549857
6.00569e-09	-0.0538021
6.00625e-09	-0.0526171
6.00682e-09	-0.0514309
6.00738e-09	-0.0502434
6.00795e-09	-0.0490548
6.00851e-09	-0.0478652
6.00908e-09	-0.0466746
6.00964e-09	-0.0454833
6.0102e-09	-0.0442911
6.01077e-09	-0.0430984
6.01133e-09	-0.0419051
6.0119e-09	-0.0407113
6.01246e-09	-0.0395172
6.01303e-09	-0.0383228
6.01359e-09	-0.0371282
6.01415e-09	-0.0359336
6.01472e-09	-0.0347389
6.01528e-09	-0.0335444
6.01585e-09	-0.0323501
6.01641e-09	-0.031156
6.01698e-09	-0.0299624
6.01754e-09	-0.0287692
6.0181e-09	-0.0275766
6.01867e-09	-0.0263846
6.01923e-09	-0.0251934
6.0198e-09	-0.024003
6.02036e-09	-0.0228135
6.02093e-09	-0.0216251
6.02149e-09	-0.0204378
6.02205e-09	-0.0192517
6.02262e-09	-0.0180668
6.02318e-09	-0.0168834
6.02375e-09	-0.0157014
6.02431e-09	-0.014521
6.02488e-09	-0.0133422
6.02544e-09	-0.0121651
6.026e-09	-0.0109899
6.02657e-09	-0.00981653
6.02713e-09	-0.00864519
6.0277e-09	-0.00747593
6.02826e-09	-0.00630883
6.02883e-09	-0.00514398
6.02939e-09	-0.00398146
6.02995e-09	-0.00282137
6.03052e-09	-0.00166378
6.03108e-09	-0.000508784
6.03165e-09	0.000643541
6.03221e-09	0.00179311
6.03277e-09	0.00293984
6.03334e-09	0.00408365
6.0339e-09	0.00522445
6.03447e-09	0.00636217
6.03503e-09	0.00749672
6.0356e-09	0.00862802
6.03616e-09	0.009756
6.03672e-09	0.0108806
6.03729e-09	0.0120016
6.03785e-09	0.0131192
6.03842e-09	0.014233
6.03898e-09	0.0153432
6.03955e-09	0.0164495
6.04011e-09	0.017552
6.04067e-09	0.0186505
6.04124e-09	0.019745
6.0418e-09	0.0208354
6.04237e-09	0.0219216
6.04293e-09	0.0230035
6.0435e-09	0.0240811
6.04406e-09	0.0251543
6.04462e-09	0.0262231
6.04519e-09	0.0272873
6.04575e-09	0.0283468
6.04632e-09	0.0294017
6.04688e-09	0.0304518
6.04745e-09	0.0314971
6.04801e-09	0.0325374
6.04857e-09	0.0335728
6.04914e-09	0.0346032
6.0497e-09	0.0356284
6.05027e-09	0.0366485
6.05083e-09	0.0376633
6.0514e-09	0.0386728
6.05196e-09	0.039677
6.05252e-09	0.0406756
6.05309e-09	0.0416688
6.05365e-09	0.0426564
6.05422e-09	0.0436384
6.05478e-09	0.0446147
6.05535e-09	0.0455852
6.05591e-09	0.0465499
6.05647e-09	0.0475087
6.05704e-09	0.0484616
6.0576e-09	0.0494084
6.05817e-09	0.0503492
6.05873e-09	0.0512839
6.0593e-09	0.0522124
6.05986e-09	0.0531346
6.06042e-09	0.0540506
6.06099e-09	0.0549602
6.06155e-09	0.0558634
6.06212e-09	0.0567601
6.06268e-09	0.0576503
6.06324e-09	0.058534
6.06381e-09	0.059411
6.06437e-09	0.0602813
6.06494e-09	0.0611449
6.0655e-09	0.0620018
6.06607e-09	0.0628518
6.06663e-09	0.0636949
6.06719e-09	0.0645311
6.06776e-09	0.0653603
6.06832e-09	0.0661825
6.06889e-09	0.0669977
6.06945e-09	0.0678057
6.07002e-09	0.0686065
6.07058e-09	0.0694001
6.07114e-09	0.0701865
6.07171e-09	0.0709656
6.07227e-09	0.0717373
6.07284e-09	0.0725017
6.0734e-09	0.0732586
6.07397e-09	0.074008
6.07453e-09	0.07475
6.07509e-09	0.0754844
6.07566e-09	0.0762112
6.07622e-09	0.0769304
6.07679e-09	0.0776419
6.07735e-09	0.0783457
6.07792e-09	0.0790418
6.07848e-09	0.0797301
6.07904e-09	0.0804106
6.07961e-09	0.0810833
6.08017e-09	0.0817481
6.08074e-09	0.082405
6.0813e-09	0.0830539
6.08187e-09	0.0836949
6.08243e-09	0.0843279
6.08299e-09	0.0849528
6.08356e-09	0.0855697
6.08412e-09	0.0861785
6.08469e-09	0.0867792
6.08525e-09	0.0873717
6.08582e-09	0.0879561
6.08638e-09	0.0885322
6.08694e-09	0.0891002
6.08751e-09	0.0896598
6.08807e-09	0.0902113
6.08864e-09	0.0907544
6.0892e-09	0.0912892
6.08977e-09	0.0918157
6.09033e-09	0.0923338
6.09089e-09	0.0928435
6.09146e-09	0.0933449
6.09202e-09	0.0938378
6.09259e-09	0.0943223
6.09315e-09	0.0947983
6.09371e-09	0.0952659
6.09428e-09	0.0957249
6.09484e-09	0.0961755
6.09541e-09	0.0966176
6.09597e-09	0.0970511
6.09654e-09	0.0974761
6.0971e-09	0.0978925
6.09766e-09	0.0983004
6.09823e-09	0.0986997
6.09879e-09	0.0990904
6.09936e-09	0.0994725
6.09992e-09	0.099846
6.10049e-09	0.100211
6.10105e-09	0.100567
6.10161e-09	0.100915
6.10218e-09	0.101254
6.10274e-09	0.101584
6.10331e-09	0.101906
6.10387e-09	0.102219
6.10444e-09	0.102523
6.105e-09	0.102819
6.10556e-09	0.103106
6.10613e-09	0.103385
6.10669e-09	0.103655
6.10726e-09	0.103916
6.10782e-09	0.104168
6.10839e-09	0.104412
6.10895e-09	0.104647
6.10951e-09	0.104874
6.11008e-09	0.105091
6.11064e-09	0.105301
6.11121e-09	0.105501
6.11177e-09	0.105693
6.11234e-09	0.105877
6.1129e-09	0.106051
6.11346e-09	0.106217
6.11403e-09	0.106375
6.11459e-09	0.106524
6.11516e-09	0.106664
6.11572e-09	0.106796
6.11629e-09	0.106919
6.11685e-09	0.107033
6.11741e-09	0.107139
6.11798e-09	0.107237
6.11854e-09	0.107326
6.11911e-09	0.107406
6.11967e-09	0.107478
6.12024e-09	0.107542
6.1208e-09	0.107597
6.12136e-09	0.107644
6.12193e-09	0.107682
6.12249e-09	0.107712
6.12306e-09	0.107733
6.12362e-09	0.107746
6.12418e-09	0.107751
6.12475e-09	0.107747
6.12531e-09	0.107735
6.12588e-09	0.107715
6.12644e-09	0.107686
6.12701e-09	0.10765
6.12757e-09	0.107605
6.12813e-09	0.107551
6.1287e-09	0.10749
6.12926e-09	0.10742
6.12983e-09	0.107343
6.13039e-09	0.107257
6.13096e-09	0.107163
6.13152e-09	0.107061
6.13208e-09	0.106952
6.13265e-09	0.106834
6.13321e-09	0.106708
6.13378e-09	0.106574
6.13434e-09	0.106433
6.13491e-09	0.106283
6.13547e-09	0.106126
6.13603e-09	0.105961
6.1366e-09	0.105788
6.13716e-09	0.105607
6.13773e-09	0.105419
6.13829e-09	0.105222
6.13886e-09	0.105019
6.13942e-09	0.104807
6.13998e-09	0.104589
6.14055e-09	0.104362
6.14111e-09	0.104128
6.14168e-09	0.103887
6.14224e-09	0.103638
6.14281e-09	0.103382
6.14337e-09	0.103118
6.14393e-09	0.102848
6.1445e-09	0.10257
6.14506e-09	0.102284
6.14563e-09	0.101992
6.14619e-09	0.101692
6.14676e-09	0.101385
6.14732e-09	0.101071
6.14788e-09	0.10075
6.14845e-09	0.100423
6.14901e-09	0.100088
6.14958e-09	0.099746
6.15014e-09	0.0993975
6.15071e-09	0.0990421
6.15127e-09	0.0986799
6.15183e-09	0.0983111
6.1524e-09	0.0979355
6.15296e-09	0.0975534
6.15353e-09	0.0971646
6.15409e-09	0.0967694
6.15465e-09	0.0963676
6.15522e-09	0.0959594
6.15578e-09	0.0955448
6.15635e-09	0.0951238
6.15691e-09	0.0946966
6.15748e-09	0.0942631
6.15804e-09	0.0938234
6.1586e-09	0.0933775
6.15917e-09	0.0929256
6.15973e-09	0.0924676
6.1603e-09	0.0920036
6.16086e-09	0.0915337
6.16143e-09	0.0910579
6.16199e-09	0.0905762
6.16255e-09	0.0900887
6.16312e-09	0.0895955
6.16368e-09	0.0890966
6.16425e-09	0.0885921
6.16481e-09	0.088082
6.16538e-09	0.0875664
6.16594e-09	0.0870453
6.1665e-09	0.0865188
6.16707e-09	0.0859869
6.16763e-09	0.0854497
6.1682e-09	0.0849073
6.16876e-09	0.0843596
6.16933e-09	0.0838069
6.16989e-09	0.083249
6.17045e-09	0.0826861
6.17102e-09	0.0821182
6.17158e-09	0.0815454
6.17215e-09	0.0809678
6.17271e-09	0.0803853
6.17328e-09	0.0797982
6.17384e-09	0.0792063
6.1744e-09	0.0786098
6.17497e-09	0.0780087
6.17553e-09	0.0774031
6.1761e-09	0.076793
6.17666e-09	0.0761786
6.17723e-09	0.0755598
6.17779e-09	0.0749368
6.17835e-09	0.0743095
6.17892e-09	0.0736781
6.17948e-09	0.0730425
6.18005e-09	0.072403
6.18061e-09	0.0717594
6.18118e-09	0.0711119
6.18174e-09	0.0704606
6.1823e-09	0.0698055
6.18287e-09	0.0691466
6.18343e-09	0.0684841
6.184e-09	0.0678179
6.18456e-09	0.0671482
6.18512e-09	0.066475
6.18569e-09	0.0657984
6.18625e-09	0.0651184
6.18682e-09	0.064435
6.18738e-09	0.0637485
6.18795e-09	0.0630587
6.18851e-09	0.0623658
6.18907e-09	0.0616699
6.18964e-09	0.060971
6.1902e-09	0.0602691
6.19077e-09	0.0595643
6.19133e-09	0.0588568
6.1919e-09	0.0581465
6.19246e-09	0.0574334
6.19302e-09	0.0567178
6.19359e-09	0.0559996
6.19415e-09	0.0552789
6.19472e-09	0.0545558
6.19528e-09	0.0538303
6.19585e-09	0.0531024
6.19641e-09	0.0523723
6.19697e-09	0.0516401
6.19754e-09	0.0509057
6.1981e-09	0.0501692
6.19867e-09	0.0494308
6.19923e-09	0.0486904
6.1998e-09	0.0479481
6.20036e-09	0.047204
6.20092e-09	0.0464582
6.20149e-09	0.0457106
6.20205e-09	0.0449615
6.20262e-09	0.0442108
6.20318e-09	0.0434585
6.20375e-09	0.0427049
6.20431e-09	0.0419499
6.20487e-09	0.0411935
6.20544e-09	0.0404359
6.206e-09	0.0396772
6.20657e-09	0.0389173
6.20713e-09	0.0381563
6.2077e-09	0.0373943
6.20826e-09	0.0366314
6.20882e-09	0.0358676
6.20939e-09	0.035103
6.20995e-09	0.0343377
6.21052e-09	0.0335716
6.21108e-09	0.0328049
6.21165e-09	0.0320377
6.21221e-09	0.0312699
6.21277e-09	0.0305017
6.21334e-09	0.0297331
6.2139e-09	0.0289642
6.21447e-09	0.028195
6.21503e-09	0.0274256
6.21559e-09	0.0266561
6.21616e-09	0.0258865
6.21672e-09	0.0251169
6.21729e-09	0.0243473
6.21785e-09	0.0235778
6.21842e-09	0.0228084
6.21898e-09	0.0220393
6.21954e-09	0.0212704
6.22011e-09	0.0205019
6.22067e-09	0.0197338
6.22124e-09	0.0189661
6.2218e-09	0.018199
6.22237e-09	0.0174324
6.22293e-09	0.0166664
6.22349e-09	0.0159012
6.22406e-09	0.0151366
6.22462e-09	0.0143729
6.22519e-09	0.0136101
6.22575e-09	0.0128481
6.22632e-09	0.0120871
6.22688e-09	0.0113272
6.22744e-09	0.0105684
6.22801e-09	0.00981066
6.22857e-09	0.00905416
6.22914e-09	0.00829891
6.2297e-09	0.00754498
6.23027e-09	0.00679241
6.23083e-09	0.00604127
6.23139e-09	0.0052916
6.23196e-09	0.00454347
6.23252e-09	0.00379693
6.23309e-09	0.00305202
6.23365e-09	0.00230882
6.23422e-09	0.00156736
6.23478e-09	0.000827699
6.23534e-09	8.98968e-05
6.23591e-09	-0.000645997
6.23647e-09	-0.00137993
6.23704e-09	-0.00211185
6.2376e-09	-0.00284171
6.23817e-09	-0.00356945
6.23873e-09	-0.00429502
6.23929e-09	-0.00501838
6.23986e-09	-0.00573946
6.24042e-09	-0.00645823
6.24099e-09	-0.00717462
6.24155e-09	-0.0078886
6.24212e-09	-0.00860011
6.24268e-09	-0.0093091
6.24324e-09	-0.0100155
6.24381e-09	-0.0107193
6.24437e-09	-0.0114205
6.24494e-09	-0.0121189
6.2455e-09	-0.0128146
6.24606e-09	-0.0135074
6.24663e-09	-0.0141975
6.24719e-09	-0.0148846
6.24776e-09	-0.0155687
6.24832e-09	-0.0162499
6.24889e-09	-0.0169281
6.24945e-09	-0.0176031
6.25001e-09	-0.0182751
6.25058e-09	-0.0189438
6.25114e-09	-0.0196094
6.25171e-09	-0.0202717
6.25227e-09	-0.0209307
6.25284e-09	-0.0215863
6.2534e-09	-0.0222386
6.25396e-09	-0.0228874
6.25453e-09	-0.0235328
6.25509e-09	-0.0241746
6.25566e-09	-0.0248129
6.25622e-09	-0.0254476
6.25679e-09	-0.0260787
6.25735e-09	-0.0267061
6.25791e-09	-0.0273298
6.25848e-09	-0.0279497
6.25904e-09	-0.0285659
6.25961e-09	-0.0291782
6.26017e-09	-0.0297867
6.26074e-09	-0.0303912
6.2613e-09	-0.0309918
6.26186e-09	-0.0315884
6.26243e-09	-0.0321811
6.26299e-09	-0.0327696
6.26356e-09	-0.0333541
6.26412e-09	-0.0339345
6.26469e-09	-0.0345107
6.26525e-09	-0.0350827
6.26581e-09	-0.0356505
6.26638e-09	-0.0362141
6.26694e-09	-0.0367733
6.26751e-09	-0.0373283
6.26807e-09	-0.0378789
6.26864e-09	-0.0384251
6.2692e-09	-0.0389668
6.26976e-09	-0.0395042
6.27033e-09	-0.0400371
6.27089e-09	-0.0405654
6.27146e-09	-0.0410892
6.27202e-09	-0.0416085
6.27259e-09	-0.0421232
6.27315e-09	-0.0426332
6.27371e-09	-0.0431386
6.27428e-09	-0.0436394
6.27484e-09	-0.0441354
6.27541e-09	-0.0446267
6.27597e-09	-0.0451132
6.27653e-09	-0.045595
6.2771e-09	-0.0460719
6.27766e-09	-0.046544
6.27823e-09	-0.0470113
6.27879e-09	-0.0474737
6.27936e-09	-0.0479312
6.27992e-09	-0.0483838
6.28048e-09	-0.0488314
6.28105e-09	-0.049274
6.28161e-09	-0.0497117
6.28218e-09	-0.0501444
6.28274e-09	-0.050572
6.28331e-09	-0.0509945
6.28387e-09	-0.051412
6.28443e-09	-0.0518245
6.285e-09	-0.0522318
6.28556e-09	-0.0526339
6.28613e-09	-0.053031
6.28669e-09	-0.0534228
6.28726e-09	-0.0538095
6.28782e-09	-0.054191
6.28838e-09	-0.0545673
6.28895e-09	-0.0549383
6.28951e-09	-0.0553041
6.29008e-09	-0.0556647
6.29064e-09	-0.05602
6.29121e-09	-0.05637
6.29177e-09	-0.0567147
6.29233e-09	-0.057054
6.2929e-09	-0.0573881
6.29346e-09	-0.0577168
6.29403e-09	-0.0580402
6.29459e-09	-0.0583582
6.29516e-09	-0.0586709
6.29572e-09	-0.0589781
6.29628e-09	-0.05928
6.29685e-09	-0.0595765
6.29741e-09	-0.0598676
6.29798e-09	-0.0601532
6.29854e-09	-0.0604335
6.29911e-09	-0.0607083
6.29967e-09	-0.0609777
6.30023e-09	-0.0612416
6.3008e-09	-0.0615
6.30136e-09	-0.0617531
6.30193e-09	-0.0620006
6.30249e-09	-0.0622427
6.30306e-09	-0.0624793
6.30362e-09	-0.0627105
6.30418e-09	-0.0629361
6.30475e-09	-0.0631563
6.30531e-09	-0.063371
6.30588e-09	-0.0635802
6.30644e-09	-0.063784
6.307e-09	-0.0639822
6.30757e-09	-0.0641749
6.30813e-09	-0.0643622
6.3087e-09	-0.064544
6.30926e-09	-0.0647203
6.30983e-09	-0.064891
6.31039e-09	-0.0650563
6.31095e-09	-0.0652162
6.31152e-09	-0.0653705
6.31208e-09	-0.0655193
6.31265e-09	-0.0656627
6.31321e-09	-0.0658006
6.31378e-09	-0.0659331
6.31434e-09	-0.06606
6.3149e-09	-0.0661815
6.31547e-09	-0.0662976
6.31603e-09	-0.0664082
6.3166e-09	-0.0665133
6.31716e-09	-0.066613
6.31773e-09	-0.0667073
6.31829e-09	-0.0667962
6.31885e-09	-0.0668796
6.31942e-09	-0.0669577
6.31998e-09	-0.0670303
6.32055e-09	-0.0670975
6.32111e-09	-0.0671594
6.32168e-09	-0.0672159
6.32224e-09	-0.067267
6.3228e-09	-0.0673128
6.32337e-09	-0.0673532
6.32393e-09	-0.0673883
6.3245e-09	-0.0674181
6.32506e-09	-0.0674426
6.32563e-09	-0.0674617
6.32619e-09	-0.0674756
6.32675e-09	-0.0674843
6.32732e-09	-0.0674876
6.32788e-09	-0.0674858
6.32845e-09	-0.0674787
6.32901e-09	-0.0674664
6.32958e-09	-0.0674489
6.33014e-09	-0.0674262
6.3307e-09	-0.0673984
6.33127e-09	-0.0673654
6.33183e-09	-0.0673272
6.3324e-09	-0.067284
6.33296e-09	-0.0672356
6.33353e-09	-0.0671822
6.33409e-09	-0.0671237
6.33465e-09	-0.0670602
6.33522e-09	-0.0669916
6.33578e-09	-0.0669181
6.33635e-09	-0.0668395
6.33691e-09	-0.066756
6.33747e-09	-0.0666675
6.33804e-09	-0.0665741
6.3386e-09	-0.0664758
6.33917e-09	-0.0663726
6.33973e-09	-0.0662645
6.3403e-09	-0.0661516
6.34086e-09	-0.0660339
6.34142e-09	-0.0659113
6.34199e-09	-0.065784
6.34255e-09	-0.0656519
6.34312e-09	-0.0655151
6.34368e-09	-0.0653736
6.34425e-09	-0.0652275
6.34481e-09	-0.0650766
6.34537e-09	-0.0649211
6.34594e-09	-0.064761
6.3465e-09	-0.0645964
6.34707e-09	-0.0644271
6.34763e-09	-0.0642533
6.3482e-09	-0.0640751
6.34876e-09	-0.0638923
6.34932e-09	-0.0637051
6.34989e-09	-0.0635134
6.35045e-09	-0.0633174
6.35102e-09	-0.063117
6.35158e-09	-0.0629122
6.35215e-09	-0.0627031
6.35271e-09	-0.0624897
6.35327e-09	-0.0622721
6.35384e-09	-0.0620502
6.3544e-09	-0.0618241
6.35497e-09	-0.0615939
6.35553e-09	-0.0613594
6.3561e-09	-0.0611209
6.35666e-09	-0.0608783
6.35722e-09	-0.0606316
6.35779e-09	-0.060381
6.35835e-09	-0.0601263
6.35892e-09	-0.0598676
6.35948e-09	-0.059605
6.36005e-09	-0.0593385
6.36061e-09	-0.0590682
6.36117e-09	-0.058794
6.36174e-09	-0.0585159
6.3623e-09	-0.0582342
6.36287e-09	-0.0579486
6.36343e-09	-0.0576594
6.364e-09	-0.0573665
6.36456e-09	-0.0570699
6.36512e-09	-0.0567697
6.36569e-09	-0.056466
6.36625e-09	-0.0561587
6.36682e-09	-0.0558479
6.36738e-09	-0.0555336
6.36794e-09	-0.0552159
6.36851e-09	-0.0548947
6.36907e-09	-0.0545702
6.36964e-09	-0.0542424
6.3702e-09	-0.0539112
6.37077e-09	-0.0535768
6.37133e-09	-0.0532392
6.37189e-09	-0.0528983
6.37246e-09	-0.0525543
6.37302e-09	-0.0522071
6.37359e-09	-0.0518569
6.37415e-09	-0.0515036
6.37472e-09	-0.0511473
6.37528e-09	-0.050788
6.37584e-09	-0.0504257
6.37641e-09	-0.0500606
6.37697e-09	-0.0496926
6.37754e-09	-0.0493217
6.3781e-09	-0.048948
6.37867e-09	-0.0485716
6.37923e-09	-0.0481924
6.37979e-09	-0.0478106
6.38036e-09	-0.047426
6.38092e-09	-0.0470389
6.38149e-09	-0.0466492
6.38205e-09	-0.046257
6.38262e-09	-0.0458623
6.38318e-09	-0.045465
6.38374e-09	-0.0450654
6.38431e-09	-0.0446634
6.38487e-09	-0.044259
6.38544e-09	-0.0438523
6.386e-09	-0.0434434
6.38657e-09	-0.0430322
6.38713e-09	-0.0426188
6.38769e-09	-0.0422032
6.38826e-09	-0.0417856
6.38882e-09	-0.0413658
6.38939e-09	-0.040944
6.38995e-09	-0.0405202
6.39052e-09	-0.0400944
6.39108e-09	-0.0396667
6.39164e-09	-0.0392372
6.39221e-09	-0.0388057
6.39277e-09	-0.0383725
6.39334e-09	-0.0379375
6.3939e-09	-0.0375007
6.39447e-09	-0.0370623
6.39503e-09	-0.0366222
6.39559e-09	-0.0361805
6.39616e-09	-0.0357372
6.39672e-09	-0.0352923
6.39729e-09	-0.034846
6.39785e-09	-0.0343982
6.39841e-09	-0.033949
6.39898e-09	-0.0334984
6.39954e-09	-0.0330465
6.40011e-09	-0.0325933
6.40067e-09	-0.0321388
6.40124e-09	-0.0316831
6.4018e-09	-0.0312262
6.40236e-09	-0.0307681
6.40293e-09	-0.0303089
6.40349e-09	-0.0298487
6.40406e-09	-0.0293874
6.40462e-09	-0.0289252
6.40519e-09	-0.028462
6.40575e-09	-0.0279979
6.40631e-09	-0.0275329
6.40688e-09	-0.0270671
6.40744e-09	-0.0266005
6.40801e-09	-0.0261331
6.40857e-09	-0.025665
6.40914e-09	-0.0251962
6.4097e-09	-0.0247268
6.41026e-09	-0.0242568
6.41083e-09	-0.0237862
6.41139e-09	-0.0233151
6.41196e-09	-0.0228435
6.41252e-09	-0.0223714
6.41309e-09	-0.021899
6.41365e-09	-0.0214262
6.41421e-09	-0.020953
6.41478e-09	-0.0204795
6.41534e-09	-0.0200058
6.41591e-09	-0.0195319
6.41647e-09	-0.0190577
6.41704e-09	-0.0185835
6.4176e-09	-0.0181091
6.41816e-09	-0.0176346
6.41873e-09	-0.0171602
6.41929e-09	-0.0166857
6.41986e-09	-0.0162112
6.42042e-09	-0.0157369
6.42099e-09	-0.0152626
6.42155e-09	-0.0147885
6.42211e-09	-0.0143146
6.42268e-09	-0.013841
6.42324e-09	-0.0133675
6.42381e-09	-0.0128944
6.42437e-09	-0.0124216
6.42493e-09	-0.0119492
6.4255e-09	-0.0114772
6.42606e-09	-0.0110056
6.42663e-09	-0.0105346
6.42719e-09	-0.010064
6.42776e-09	-0.00959395
6.42832e-09	-0.00912451
6.42888e-09	-0.00865569
6.42945e-09	-0.00818752
6.43001e-09	-0.00772004
6.43058e-09	-0.00725328
6.43114e-09	-0.00678728
6.43171e-09	-0.00632207
6.43227e-09	-0.00585769
6.43283e-09	-0.00539417
6.4334e-09	-0.00493155
6.43396e-09	-0.00446985
6.43453e-09	-0.00400912
6.43509e-09	-0.00354938
6.43566e-09	-0.00309067
6.43622e-09	-0.00263302
6.43678e-09	-0.00217646
6.43735e-09	-0.00172104
6.43791e-09	-0.00126677
6.43848e-09	-0.000813692
6.43904e-09	-0.00036184
6.43961e-09	8.87561e-05
6.44017e-09	0.000538065
6.44073e-09	0.000986054
6.4413e-09	0.00143269
6.44186e-09	0.00187795
6.44243e-09	0.00232179
6.44299e-09	0.00276419
6.44356e-09	0.00320512
6.44412e-09	0.00364454
6.44468e-09	0.00408243
6.44525e-09	0.00451875
6.44581e-09	0.00495348
6.44638e-09	0.00538658
6.44694e-09	0.00581803
6.44751e-09	0.0062478
6.44807e-09	0.00667586
6.44863e-09	0.00710218
6.4492e-09	0.00752673
6.44976e-09	0.00794948
6.45033e-09	0.00837041
6.45089e-09	0.00878948
6.45146e-09	0.00920668
6.45202e-09	0.00962196
6.45258e-09	0.0100353
6.45315e-09	0.0104467
6.45371e-09	0.0108561
6.45428e-09	0.0112635
6.45484e-09	0.0116688
6.4554e-09	0.0120721
6.45597e-09	0.0124733
6.45653e-09	0.0128724
6.4571e-09	0.0132693
6.45766e-09	0.0136641
6.45823e-09	0.0140566
6.45879e-09	0.014447
6.45935e-09	0.0148351
6.45992e-09	0.0152209
6.46048e-09	0.0156045
6.46105e-09	0.0159857
6.46161e-09	0.0163646
6.46218e-09	0.0167412
6.46274e-09	0.0171153
6.4633e-09	0.0174871
6.46387e-09	0.0178564
6.46443e-09	0.0182233
6.465e-09	0.0185877
6.46556e-09	0.0189496
6.46613e-09	0.019309
6.46669e-09	0.0196659
6.46725e-09	0.0200202
6.46782e-09	0.020372
6.46838e-09	0.0207211
6.46895e-09	0.0210676
6.46951e-09	0.0214115
6.47008e-09	0.0217528
6.47064e-09	0.0220913
6.4712e-09	0.0224272
6.47177e-09	0.0227604
6.47233e-09	0.0230908
6.4729e-09	0.0234185
6.47346e-09	0.0237434
6.47403e-09	0.0240655
6.47459e-09	0.0243849
6.47515e-09	0.0247014
6.47572e-09	0.0250151
6.47628e-09	0.0253259
6.47685e-09	0.0256339
6.47741e-09	0.0259389
6.47798e-09	0.0262411
6.47854e-09	0.0265404
6.4791e-09	0.0268367
6.47967e-09	0.0271301
6.48023e-09	0.0274206
6.4808e-09	0.027708
6.48136e-09	0.0279925
6.48193e-09	0.028274
6.48249e-09	0.0285525
6.48305e-09	0.0288279
6.48362e-09	0.0291003
6.48418e-09	0.0293697
6.48475e-09	0.0296359
6.48531e-09	0.0298991
6.48587e-09	0.0301593
6.48644e-09	0.0304163
6.487e-09	0.0306702
6.48757e-09	0.030921
6.48813e-09	0.0311686
6.4887e-09	0.0314131
6.48926e-09	0.0316545
6.48982e-09	0.0318927
6.49039e-09	0.0321277
6.49095e-09	0.0323595
6.49152e-09	0.0325882
6.49208e-09	0.0328136
6.49265e-09	0.0330359
6.49321e-09	0.0332549
6.49377e-09	0.0334707
6.49434e-09	0.0336833
6.4949e-09	0.0338926
6.49547e-09	0.0340987
6.49603e-09	0.0343015
6.4966e-09	0.0345011
6.49716e-09	0.0346974
6.49772e-09	0.0348905
6.49829e-09	0.0350802
6.49885e-09	0.0352667
6.49942e-09	0.0354499
6.49998e-09	0.0356298
6.50055e-09	0.0358064
6.50111e-09	0.0359797
6.50167e-09	0.0361497
6.50224e-09	0.0363164
6.5028e-09	0.0364797
6.50337e-09	0.0366398
6.50393e-09	0.0367965
6.5045e-09	0.03695
6.50506e-09	0.0371001
6.50562e-09	0.0372468
6.50619e-09	0.0373903
6.50675e-09	0.0375304
6.50732e-09	0.0376672
6.50788e-09	0.0378006
6.50845e-09	0.0379308
6.50901e-09	0.0380575
6.50957e-09	0.038181
6.51014e-09	0.0383011
6.5107e-09	0.0384179
6.51127e-09	0.0385314
6.51183e-09	0.0386415
6.5124e-09	0.0387483
6.51296e-09	0.0388518
6.51352e-09	0.0389519
6.51409e-09	0.0390487
6.51465e-09	0.0391422
6.51522e-09	0.0392324
6.51578e-09	0.0393192
6.51634e-09	0.0394028
6.51691e-09	0.039483
6.51747e-09	0.0395599
6.51804e-09	0.0396335
6.5186e-09	0.0397039
6.51917e-09	0.0397709
6.51973e-09	0.0398346
6.52029e-09	0.039895
6.52086e-09	0.0399522
6.52142e-09	0.040006
6.52199e-09	0.0400566
6.52255e-09	0.040104
6.52312e-09	0.0401481
6.52368e-09	0.0401889
6.52424e-09	0.0402264
6.52481e-09	0.0402608
6.52537e-09	0.0402919
6.52594e-09	0.0403197
6.5265e-09	0.0403444
6.52707e-09	0.0403658
6.52763e-09	0.040384
6.52819e-09	0.040399
6.52876e-09	0.0404109
6.52932e-09	0.0404195
6.52989e-09	0.040425
6.53045e-09	0.0404273
6.53102e-09	0.0404265
6.53158e-09	0.0404225
6.53214e-09	0.0404154
6.53271e-09	0.0404051
6.53327e-09	0.0403918
6.53384e-09	0.0403753
6.5344e-09	0.0403557
6.53497e-09	0.0403331
6.53553e-09	0.0403074
6.53609e-09	0.0402786
6.53666e-09	0.0402468
6.53722e-09	0.0402119
6.53779e-09	0.040174
6.53835e-09	0.0401331
6.53892e-09	0.0400891
6.53948e-09	0.0400422
6.54004e-09	0.0399923
6.54061e-09	0.0399395
6.54117e-09	0.0398837
6.54174e-09	0.0398249
6.5423e-09	0.0397632
6.54287e-09	0.0396986
6.54343e-09	0.0396311
6.54399e-09	0.0395608
6.54456e-09	0.0394875
6.54512e-09	0.0394114
6.54569e-09	0.0393324
6.54625e-09	0.0392507
6.54681e-09	0.0391661
6.54738e-09	0.0390787
6.54794e-09	0.0389885
6.54851e-09	0.0388955
6.54907e-09	0.0387998
6.54964e-09	0.0387014
6.5502e-09	0.0386002
6.55076e-09	0.0384964
6.55133e-09	0.0383898
6.55189e-09	0.0382806
6.55246e-09	0.0381687
6.55302e-09	0.0380541
6.55359e-09	0.037937
6.55415e-09	0.0378172
6.55471e-09	0.0376949
6.55528e-09	0.03757
6.55584e-09	0.0374425
6.55641e-09	0.0373125
6.55697e-09	0.03718
6.55754e-09	0.0370449
6.5581e-09	0.0369074
6.55866e-09	0.0367675
6.55923e-09	0.036625
6.55979e-09	0.0364802
6.56036e-09	0.0363329
6.56092e-09	0.0361833
6.56149e-09	0.0360312
6.56205e-09	0.0358769
6.56261e-09	0.0357202
6.56318e-09	0.0355611
6.56374e-09	0.0353998
6.56431e-09	0.0352362
6.56487e-09	0.0350704
6.56544e-09	0.0349023
6.566e-09	0.034732
6.56656e-09	0.0345595
6.56713e-09	0.0343848
6.56769e-09	0.034208
6.56826e-09	0.034029
6.56882e-09	0.0338479
6.56939e-09	0.0336648
6.56995e-09	0.0334795
6.57051e-09	0.0332922
6.57108e-09	0.0331029
6.57164e-09	0.0329115
6.57221e-09	0.0327182
6.57277e-09	0.0325229
6.57334e-09	0.0323256
6.5739e-09	0.0321264
6.57446e-09	0.0319253
6.57503e-09	0.0317224
6.57559e-09	0.0315175
6.57616e-09	0.0313109
6.57672e-09	0.0311024
6.57728e-09	0.0308921
6.57785e-09	0.03068
6.57841e-09	0.0304662
6.57898e-09	0.0302506
6.57954e-09	0.0300334
6.58011e-09	0.0298144
6.58067e-09	0.0295938
6.58123e-09	0.0293716
6.5818e-09	0.0291477
6.58236e-09	0.0289222
6.58293e-09	0.0286952
6.58349e-09	0.0284666
6.58406e-09	0.0282365
6.58462e-09	0.0280048
6.58518e-09	0.0277717
6.58575e-09	0.0275372
6.58631e-09	0.0273011
6.58688e-09	0.0270637
6.58744e-09	0.0268249
6.58801e-09	0.0265847
6.58857e-09	0.0263432
6.58913e-09	0.0261003
6.5897e-09	0.0258561
6.59026e-09	0.0256107
6.59083e-09	0.025364
6.59139e-09	0.0251161
6.59196e-09	0.0248669
6.59252e-09	0.0246166
6.59308e-09	0.0243651
6.59365e-09	0.0241125
6.59421e-09	0.0238588
6.59478e-09	0.0236039
6.59534e-09	0.023348
6.59591e-09	0.0230911
6.59647e-09	0.0228331
6.59703e-09	0.0225742
6.5976e-09	0.0223142
6.59816e-09	0.0220534
6.59873e-09	0.0217915
6.59929e-09	0.0215288
6.59986e-09	0.0212652
6.60042e-09	0.0210008
6.60098e-09	0.0207355
6.60155e-09	0.0204694
6.60211e-09	0.0202025
6.60268e-09	0.0199348
6.60324e-09	0.0196664
6.60381e-09	0.0193973
6.60437e-09	0.0191275
6.60493e-09	0.018857
6.6055e-09	0.0185859
6.60606e-09	0.0183141
6.60663e-09	0.0180418
6.60719e-09	0.0177688
6.60775e-09	0.0174954
6.60832e-09	0.0172213
6.60888e-09	0.0169468
6.60945e-09	0.0166718
6.61001e-09	0.0163963
6.61058e-09	0.0161204
6.61114e-09	0.0158441
6.6117e-09	0.0155673
6.61227e-09	0.0152903
6.61283e-09	0.0150128
6.6134e-09	0.014735
6.61396e-09	0.014457
6.61453e-09	0.0141786
6.61509e-09	0.0139
6.61565e-09	0.0136212
6.61622e-09	0.0133422
6.61678e-09	0.0130629
6.61735e-09	0.0127835
6.61791e-09	0.012504
6.61848e-09	0.0122243
6.61904e-09	0.0119446
6.6196e-09	0.0116647
6.62017e-09	0.0113848
6.62073e-09	0.0111049
6.6213e-09	0.010825
6.62186e-09	0.0105451
6.62243e-09	0.0102652
6.62299e-09	0.00998534
6.62355e-09	0.00970559
6.62412e-09	0.00942594
6.62468e-09	0.00914642
6.62525e-09	0.00886703
6.62581e-09	0.00858781
6.62638e-09	0.00830878
6.62694e-09	0.00802996
6.6275e-09	0.00775136
6.62807e-09	0.00747301
6.62863e-09	0.00719494
6.6292e-09	0.00691716
6.62976e-09	0.00663969
6.63033e-09	0.00636256
6.63089e-09	0.00608578
6.63145e-09	0.00580938
6.63202e-09	0.00553337
6.63258e-09	0.00525778
6.63315e-09	0.00498263
6.63371e-09	0.00470793
6.63428e-09	0.00443372
6.63484e-09	0.00416
6.6354e-09	0.0038868
6.63597e-09	0.00361413
6.63653e-09	0.00334203
6.6371e-09	0.0030705
6.63766e-09	0.00279957
6.63822e-09	0.00252926
6.63879e-09	0.00225958
6.63935e-09	0.00199056
6.63992e-09	0.00172221
6.64048e-09	0.00145455
6.64105e-09	0.00118761
6.64161e-09	0.000921396
6.64217e-09	0.000655934
6.64274e-09	0.00039124
6.6433e-09	0.000127333
6.64387e-09	-0.000135769
6.64443e-09	-0.000398047
6.645e-09	-0.000659484
6.64556e-09	-0.000920061
6.64612e-09	-0.00117976
6.64669e-09	-0.00143857
6.64725e-09	-0.00169646
6.64782e-09	-0.00195342
6.64838e-09	-0.00220943
6.64895e-09	-0.00246448
6.64951e-09	-0.00271855
6.65007e-09	-0.00297162
6.65064e-09	-0.00322367
6.6512e-09	-0.00347469
6.65177e-09	-0.00372466
6.65233e-09	-0.00397357
6.6529e-09	-0.00422139
6.65346e-09	-0.00446812
6.65402e-09	-0.00471373
6.65459e-09	-0.00495821
6.65515e-09	-0.00520155
6.65572e-09	-0.00544372
6.65628e-09	-0.00568472
6.65685e-09	-0.00592453
6.65741e-09	-0.00616313
6.65797e-09	-0.00640051
6.65854e-09	-0.00663664
6.6591e-09	-0.00687153
6.65967e-09	-0.00710515
6.66023e-09	-0.00733749
6.6608e-09	-0.00756854
6.66136e-09	-0.00779827
6.66192e-09	-0.00802668
6.66249e-09	-0.00825376
6.66305e-09	-0.00847948
6.66362e-09	-0.00870384
6.66418e-09	-0.00892682
6.66475e-09	-0.00914841
6.66531e-09	-0.00936859
6.66587e-09	-0.00958735
6.66644e-09	-0.00980469
6.667e-09	-0.0100206
6.66757e-09	-0.010235
6.66813e-09	-0.010448
6.66869e-09	-0.0106595
6.66926e-09	-0.0108695
6.66982e-09	-0.011078
6.67039e-09	-0.0112849
6.67095e-09	-0.0114904
6.67152e-09	-0.0116943
6.67208e-09	-0.0118967
6.67264e-09	-0.0120974
6.67321e-09	-0.0122967
6.67377e-09	-0.0124943
6.67434e-09	-0.0126904
6.6749e-09	-0.0128848
6.67547e-09	-0.0130776
6.67603e-09	-0.0132688
6.67659e-09	-0.0134584
6.67716e-09	-0.0136463
6.67772e-09	-0.0138326
6.67829e-09	-0.0140172
6.67885e-09	-0.0142001
6.67942e-09	-0.0143814
6.67998e-09	-0.014561
6.68054e-09	-0.0147388
6.68111e-09	-0.014915
6.68167e-09	-0.0150894
6.68224e-09	-0.0152621
6.6828e-09	-0.0154331
6.68337e-09	-0.0156023
6.68393e-09	-0.0157698
6.68449e-09	-0.0159355
6.68506e-09	-0.0160995
6.68562e-09	-0.0162617
6.68619e-09	-0.0164221
6.68675e-09	-0.0165807
6.68732e-09	-0.0167375
6.68788e-09	-0.0168925
6.68844e-09	-0.0170458
6.68901e-09	-0.0171972
6.68957e-09	-0.0173467
6.69014e-09	-0.0174945
6.6907e-09	-0.0176404
6.69127e-09	-0.0177845
6.69183e-09	-0.0179268
6.69239e-09	-0.0180672
6.69296e-09	-0.0182057
6.69352e-09	-0.0183424
6.69409e-09	-0.0184772
6.69465e-09	-0.0186102
6.69522e-09	-0.0187412
6.69578e-09	-0.0188704
6.69634e-09	-0.0189977
6.69691e-09	-0.0191232
6.69747e-09	-0.0192467
6.69804e-09	-0.0193684
6.6986e-09	-0.0194881
6.69916e-09	-0.019606
6.69973e-09	-0.0197219
6.70029e-09	-0.0198359
6.70086e-09	-0.0199481
6.70142e-09	-0.0200583
6.70199e-09	-0.0201666
6.70255e-09	-0.0202729
6.70311e-09	-0.0203774
6.70368e-09	-0.0204799
6.70424e-09	-0.0205805
6.70481e-09	-0.0206792
6.70537e-09	-0.020776
6.70594e-09	-0.0208708
6.7065e-09	-0.0209637
6.70706e-09	-0.0210546
6.70763e-09	-0.0211437
6.70819e-09	-0.0212307
6.70876e-09	-0.0213159
6.70932e-09	-0.0213991
6.70989e-09	-0.0214804
6.71045e-09	-0.0215597
6.71101e-09	-0.0216371
6.71158e-09	-0.0217126
6.71214e-09	-0.0217861
6.71271e-09	-0.0218577
6.71327e-09	-0.0219274
6.71384e-09	-0.0219951
6.7144e-09	-0.0220609
6.71496e-09	-0.0221248
6.71553e-09	-0.0221867
6.71609e-09	-0.0222467
6.71666e-09	-0.0223047
6.71722e-09	-0.0223609
6.71779e-09	-0.0224151
6.71835e-09	-0.0224673
6.71891e-09	-0.0225177
6.71948e-09	-0.0225661
6.72004e-09	-0.0226126
6.72061e-09	-0.0226572
6.72117e-09	-0.0226999
6.72174e-09	-0.0227407
6.7223e-09	-0.0227796
6.72286e-09	-0.0228165
6.72343e-09	-0.0228516
6.72399e-09	-0.0228847
6.72456e-09	-0.022916
6.72512e-09	-0.0229454
6.72569e-09	-0.0229729
6.72625e-09	-0.0229985
6.72681e-09	-0.0230222
6.72738e-09	-0.023044
6.72794e-09	-0.023064
6.72851e-09	-0.0230821
6.72907e-09	-0.0230983
6.72963e-09	-0.0231127
6.7302e-09	-0.0231252
6.73076e-09	-0.0231359
6.73133e-09	-0.0231447
6.73189e-09	-0.0231517
6.73246e-09	-0.0231569
6.73302e-09	-0.0231602
6.73358e-09	-0.0231617
6.73415e-09	-0.0231614
6.73471e-09	-0.0231593
6.73528e-09	-0.0231554
6.73584e-09	-0.0231497
6.73641e-09	-0.0231422
6.73697e-09	-0.0231329
6.73753e-09	-0.0231218
6.7381e-09	-0.0231089
6.73866e-09	-0.0230943
6.73923e-09	-0.0230779
6.73979e-09	-0.0230598
6.74036e-09	-0.0230399
6.74092e-09	-0.0230183
6.74148e-09	-0.022995
6.74205e-09	-0.0229699
6.74261e-09	-0.0229431
6.74318e-09	-0.0229146
6.74374e-09	-0.0228844
6.74431e-09	-0.0228525
6.74487e-09	-0.0228189
6.74543e-09	-0.0227837
6.746e-09	-0.0227467
6.74656e-09	-0.0227081
6.74713e-09	-0.0226679
6.74769e-09	-0.022626
6.74826e-09	-0.0225825
6.74882e-09	-0.0225373
6.74938e-09	-0.0224906
6.74995e-09	-0.0224422
6.75051e-09	-0.0223922
6.75108e-09	-0.0223406
6.75164e-09	-0.0222875
6.75221e-09	-0.0222327
6.75277e-09	-0.0221765
6.75333e-09	-0.0221186
6.7539e-09	-0.0220592
6.75446e-09	-0.0219983
6.75503e-09	-0.0219358
6.75559e-09	-0.0218719
6.75616e-09	-0.0218064
6.75672e-09	-0.0217394
6.75728e-09	-0.021671
6.75785e-09	-0.0216011
6.75841e-09	-0.0215297
6.75898e-09	-0.0214568
6.75954e-09	-0.0213825
6.7601e-09	-0.0213068
6.76067e-09	-0.0212296
6.76123e-09	-0.0211511
6.7618e-09	-0.0210711
6.76236e-09	-0.0209898
6.76293e-09	-0.020907
6.76349e-09	-0.0208229
6.76405e-09	-0.0207375
6.76462e-09	-0.0206506
6.76518e-09	-0.0205625
6.76575e-09	-0.020473
6.76631e-09	-0.0203822
6.76688e-09	-0.0202902
6.76744e-09	-0.0201968
6.768e-09	-0.0201021
6.76857e-09	-0.0200062
6.76913e-09	-0.019909
6.7697e-09	-0.0198106
6.77026e-09	-0.019711
6.77083e-09	-0.0196101
6.77139e-09	-0.019508
6.77195e-09	-0.0194047
6.77252e-09	-0.0193003
6.77308e-09	-0.0191946
6.77365e-09	-0.0190878
6.77421e-09	-0.0189799
6.77478e-09	-0.0188708
6.77534e-09	-0.0187606
6.7759e-09	-0.0186493
6.77647e-09	-0.0185369
6.77703e-09	-0.0184234
6.7776e-09	-0.0183088
6.77816e-09	-0.0181932
6.77873e-09	-0.0180765
6.77929e-09	-0.0179588
6.77985e-09	-0.01784
6.78042e-09	-0.0177203
6.78098e-09	-0.0175995
6.78155e-09	-0.0174778
6.78211e-09	-0.0173551
6.78268e-09	-0.0172314
6.78324e-09	-0.0171068
6.7838e-09	-0.0169812
6.78437e-09	-0.0168548
6.78493e-09	-0.0167274
6.7855e-09	-0.0165991
6.78606e-09	-0.01647
6.78663e-09	-0.0163399
6.78719e-09	-0.0162091
6.78775e-09	-0.0160773
6.78832e-09	-0.0159448
6.78888e-09	-0.0158114
6.78945e-09	-0.0156772
6.79001e-09	-0.0155423
6.79057e-09	-0.0154065
6.79114e-09	-0.01527
6.7917e-09	-0.0151328
6.79227e-09	-0.0149948
6.79283e-09	-0.0148561
6.7934e-09	-0.0147167
6.79396e-09	-0.0145765
6.79452e-09	-0.0144357
6.79509e-09	-0.0142943
6.79565e-09	-0.0141521
6.79622e-09	-0.0140094
6.79678e-09	-0.013866
6.79735e-09	-0.0137219
6.79791e-09	-0.0135773
6.79847e-09	-0.0134321
6.79904e-09	-0.0132863
6.7996e-09	-0.0131399
6.80017e-09	-0.012993
6.80073e-09	-0.0128456
6.8013e-09	-0.0126976
6.80186e-09	-0.0125492
6.80242e-09	-0.0124002
6.80299e-09	-0.0122507
6.80355e-09	-0.0121008
6.80412e-09	-0.0119504
6.80468e-09	-0.0117996
6.80525e-09	-0.0116484
6.80581e-09	-0.0114967
6.80637e-09	-0.0113446
6.80694e-09	-0.0111922
6.8075e-09	-0.0110393
6.80807e-09	-0.0108861
6.80863e-09	-0.0107326
6.8092e-09	-0.0105787
6.80976e-09	-0.0104245
6.81032e-09	-0.01027
6.81089e-09	-0.0101152
6.81145e-09	-0.00996007
6.81202e-09	-0.0098047
6.81258e-09	-0.00964908
6.81315e-09	-0.00949321
6.81371e-09	-0.00933711
6.81427e-09	-0.0091808
6.81484e-09	-0.00902428
6.8154e-09	-0.00886756
6.81597e-09	-0.00871067
6.81653e-09	-0.00855362
6.81709e-09	-0.00839641
6.81766e-09	-0.00823907
6.81822e-09	-0.00808159
6.81879e-09	-0.007924
6.81935e-09	-0.00776631
6.81992e-09	-0.00760854
6.82048e-09	-0.00745069
6.82104e-09	-0.00729277
6.82161e-09	-0.00713481
6.82217e-09	-0.0069768
6.82274e-09	-0.00681878
6.8233e-09	-0.00666074
6.82387e-09	-0.0065027
6.82443e-09	-0.00634467
6.82499e-09	-0.00618667
6.82556e-09	-0.00602871
6.82612e-09	-0.00587079
6.82669e-09	-0.00571294
6.82725e-09	-0.00555517
6.82782e-09	-0.00539748
6.82838e-09	-0.00523988
6.82894e-09	-0.00508241
6.82951e-09	-0.00492505
6.83007e-09	-0.00476783
6.83064e-09	-0.00461075
6.8312e-09	-0.00445384
6.83177e-09	-0.0042971
6.83233e-09	-0.00414054
6.83289e-09	-0.00398417
6.83346e-09	-0.00382801
6.83402e-09	-0.00367207
6.83459e-09	-0.00351636
6.83515e-09	-0.00336089
6.83572e-09	-0.00320567
6.83628e-09	-0.00305071
6.83684e-09	-0.00289604
6.83741e-09	-0.00274165
6.83797e-09	-0.00258755
6.83854e-09	-0.00243377
6.8391e-09	-0.0022803
6.83967e-09	-0.00212717
6.84023e-09	-0.00197438
6.84079e-09	-0.00182195
6.84136e-09	-0.00166987
6.84192e-09	-0.00151818
6.84249e-09	-0.00136687
6.84305e-09	-0.00121595
6.84362e-09	-0.00106545
6.84418e-09	-0.000915356
6.84474e-09	-0.000765695
6.84531e-09	-0.000616472
6.84587e-09	-0.000467699
6.84644e-09	-0.000319385
6.847e-09	-0.00017154
6.84756e-09	-2.4175e-05
6.84813e-09	0.0001227
6.84869e-09	0.000269076
6.84926e-09	0.000414942
6.84982e-09	0.000560289
6.85039e-09	0.000705107
6.85095e-09	0.000849385
6.85151e-09	0.000993115
6.85208e-09	0.00113629
6.85264e-09	0.00127889
6.85321e-09	0.00142092
6.85377e-09	0.00156236
6.85434e-09	0.00170321
6.8549e-09	0.00184345
6.85546e-09	0.00198308
6.85603e-09	0.00212208
6.85659e-09	0.00226045
6.85716e-09	0.00239819
6.85772e-09	0.00253527
6.85829e-09	0.0026717
6.85885e-09	0.00280746
6.85941e-09	0.00294254
6.85998e-09	0.00307694
6.86054e-09	0.00321065
6.86111e-09	0.00334366
6.86167e-09	0.00347596
6.86224e-09	0.00360754
6.8628e-09	0.0037384
6.86336e-09	0.00386853
6.86393e-09	0.00399792
6.86449e-09	0.00412656
6.86506e-09	0.00425444
6.86562e-09	0.00438156
6.86619e-09	0.00450791
6.86675e-09	0.00463349
6.86731e-09	0.00475827
6.86788e-09	0.00488227
6.86844e-09	0.00500546
6.86901e-09	0.00512785
6.86957e-09	0.00524942
6.87014e-09	0.00537017
6.8707e-09	0.0054901
6.87126e-09	0.00560919
6.87183e-09	0.00572744
6.87239e-09	0.00584484
6.87296e-09	0.00596139
6.87352e-09	0.00607707
6.87409e-09	0.0061919
6.87465e-09	0.00630584
6.87521e-09	0.00641891
6.87578e-09	0.0065311
6.87634e-09	0.00664239
6.87691e-09	0.00675279
6.87747e-09	0.00686228
6.87803e-09	0.00697087
6.8786e-09	0.00707854
6.87916e-09	0.0071853
6.87973e-09	0.00729113
6.88029e-09	0.00739603
6.88086e-09	0.00749999
6.88142e-09	0.00760302
6.88198e-09	0.0077051
6.88255e-09	0.00780623
6.88311e-09	0.00790641
6.88368e-09	0.00800563
6.88424e-09	0.00810388
6.88481e-09	0.00820117
6.88537e-09	0.00829748
6.88593e-09	0.00839281
6.8865e-09	0.00848717
6.88706e-09	0.00858053
6.88763e-09	0.00867291
6.88819e-09	0.0087643
6.88876e-09	0.00885468
6.88932e-09	0.00894407
6.88988e-09	0.00903245
6.89045e-09	0.00911982
6.89101e-09	0.00920618
6.89158e-09	0.00929152
6.89214e-09	0.00937585
6.89271e-09	0.00945915
6.89327e-09	0.00954143
6.89383e-09	0.00962268
6.8944e-09	0.0097029
6.89496e-09	0.00978208
6.89553e-09	0.00986023
6.89609e-09	0.00993733
6.89666e-09	0.0100134
6.89722e-09	0.0100884
6.89778e-09	0.0101624
6.89835e-09	0.0102353
6.89891e-09	0.0103072
6.89948e-09	0.010378
6.90004e-09	0.0104478
6.90061e-09	0.0105165
6.90117e-09	0.0105841
6.90173e-09	0.0106507
6.9023e-09	0.0107162
6.90286e-09	0.0107807
6.90343e-09	0.0108441
6.90399e-09	0.0109064
6.90456e-09	0.0109676
6.90512e-09	0.0110278
6.90568e-09	0.0110869
6.90625e-09	0.011145
6.90681e-09	0.0112019
6.90738e-09	0.0112578
6.90794e-09	0.0113126
6.9085e-09	0.0113664
6.90907e-09	0.011419
6.90963e-09	0.0114706
6.9102e-09	0.0115211
6.91076e-09	0.0115706
6.91133e-09	0.0116189
6.91189e-09	0.0116662
6.91245e-09	0.0117124
6.91302e-09	0.0117575
6.91358e-09	0.0118015
6.91415e-09	0.0118445
6.91471e-09	0.0118864
6.91528e-09	0.0119272
6.91584e-09	0.0119669
6.9164e-09	0.0120056
6.91697e-09	0.0120432
6.91753e-09	0.0120797
6.9181e-09	0.0121151
6.91866e-09	0.0121495
6.91923e-09	0.0121828
6.91979e-09	0.012215
6.92035e-09	0.0122461
6.92092e-09	0.0122762
6.92148e-09	0.0123052
6.92205e-09	0.0123331
6.92261e-09	0.01236
6.92318e-09	0.0123858
6.92374e-09	0.0124106
6.9243e-09	0.0124343
6.92487e-09	0.0124569
6.92543e-09	0.0124785
6.926e-09	0.012499
6.92656e-09	0.0125185
6.92713e-09	0.0125369
6.92769e-09	0.0125542
6.92825e-09	0.0125706
6.92882e-09	0.0125858
6.92938e-09	0.0126001
6.92995e-09	0.0126133
6.93051e-09	0.0126254
6.93108e-09	0.0126365
6.93164e-09	0.0126466
6.9322e-09	0.0126557
6.93277e-09	0.0126637
6.93333e-09	0.0126707
6.9339e-09	0.0126767
6.93446e-09	0.0126817
6.93503e-09	0.0126857
6.93559e-09	0.0126886
6.93615e-09	0.0126906
6.93672e-09	0.0126915
6.93728e-09	0.0126914
6.93785e-09	0.0126904
6.93841e-09	0.0126883
6.93897e-09	0.0126853
6.93954e-09	0.0126812
6.9401e-09	0.0126762
6.94067e-09	0.0126702
6.94123e-09	0.0126633
6.9418e-09	0.0126553
6.94236e-09	0.0126464
6.94292e-09	0.0126365
6.94349e-09	0.0126257
6.94405e-09	0.0126139
6.94462e-09	0.0126012
6.94518e-09	0.0125875
6.94575e-09	0.0125729
6.94631e-09	0.0125573
6.94687e-09	0.0125408
6.94744e-09	0.0125234
6.948e-09	0.012505
6.94857e-09	0.0124857
6.94913e-09	0.0124655
6.9497e-09	0.0124444
6.95026e-09	0.0124224
6.95082e-09	0.0123995
6.95139e-09	0.0123757
6.95195e-09	0.012351
6.95252e-09	0.0123254
6.95308e-09	0.012299
6.95365e-09	0.0122716
6.95421e-09	0.0122434
6.95477e-09	0.0122143
6.95534e-09	0.0121844
6.9559e-09	0.0121536
6.95647e-09	0.012122
6.95703e-09	0.0120895
6.9576e-09	0.0120562
6.95816e-09	0.012022
6.95872e-09	0.011987
6.95929e-09	0.0119512
6.95985e-09	0.0119146
6.96042e-09	0.0118772
6.96098e-09	0.0118389
6.96155e-09	0.0117999
6.96211e-09	0.0117601
6.96267e-09	0.0117195
6.96324e-09	0.0116781
6.9638e-09	0.0116359
6.96437e-09	0.011593
6.96493e-09	0.0115493
6.9655e-09	0.0115048
6.96606e-09	0.0114596
6.96662e-09	0.0114136
6.96719e-09	0.011367
6.96775e-09	0.0113195
6.96832e-09	0.0112714
6.96888e-09	0.0112225
6.96944e-09	0.0111729
6.97001e-09	0.0111226
6.97057e-09	0.0110717
6.97114e-09	0.01102
6.9717e-09	0.0109676
6.97227e-09	0.0109146
6.97283e-09	0.0108608
6.97339e-09	0.0108064
6.97396e-09	0.0107514
6.97452e-09	0.0106957
6.97509e-09	0.0106393
6.97565e-09	0.0105823
6.97622e-09	0.0105247
6.97678e-09	0.0104665
6.97734e-09	0.0104076
6.97791e-09	0.0103481
6.97847e-09	0.010288
6.97904e-09	0.0102273
6.9796e-09	0.010166
6.98017e-09	0.0101041
6.98073e-09	0.0100417
6.98129e-09	0.00997865
6.98186e-09	0.00991506
6.98242e-09	0.00985091
6.98299e-09	0.00978621
6.98355e-09	0.00972097
6.98412e-09	0.00965519
6.98468e-09	0.00958888
6.98524e-09	0.00952205
6.98581e-09	0.0094547
6.98637e-09	0.00938684
6.98694e-09	0.00931848
6.9875e-09	0.00924963
6.98807e-09	0.00918029
6.98863e-09	0.00911047
6.98919e-09	0.00904018
6.98976e-09	0.00896942
6.99032e-09	0.0088982
6.99089e-09	0.00882654
6.99145e-09	0.00875443
6.99202e-09	0.00868188
6.99258e-09	0.00860891
6.99314e-09	0.00853551
6.99371e-09	0.0084617
6.99427e-09	0.00838748
6.99484e-09	0.00831286
6.9954e-09	0.00823785
6.99597e-09	0.00816246
6.99653e-09	0.00808668
6.99709e-09	0.00801054
6.99766e-09	0.00793403
6.99822e-09	0.00785717
6.99879e-09	0.00777996
6.99935e-09	0.00770241
6.99991e-09	0.00762452
7.00048e-09	0.00754631
7.00104e-09	0.00746778
7.00161e-09	0.00738894
7.00217e-09	0.00730979
7.00274e-09	0.00723034
7.0033e-09	0.00715061
7.00386e-09	0.0070706
7.00443e-09	0.0069903
7.00499e-09	0.00690975
7.00556e-09	0.00682893
7.00612e-09	0.00674786
7.00669e-09	0.00666654
7.00725e-09	0.00658498
7.00781e-09	0.0065032
7.00838e-09	0.00642119
7.00894e-09	0.00633896
7.00951e-09	0.00625653
7.01007e-09	0.00617389
7.01064e-09	0.00609106
7.0112e-09	0.00600804
7.01176e-09	0.00592484
7.01233e-09	0.00584147
7.01289e-09	0.00575793
7.01346e-09	0.00567424
7.01402e-09	0.00559039
7.01459e-09	0.0055064
7.01515e-09	0.00542227
7.01571e-09	0.00533802
7.01628e-09	0.00525364
7.01684e-09	0.00516914
7.01741e-09	0.00508454
7.01797e-09	0.00499984
7.01854e-09	0.00491504
7.0191e-09	0.00483016
7.01966e-09	0.00474519
7.02023e-09	0.00466016
7.02079e-09	0.00457505
7.02136e-09	0.00448989
7.02192e-09	0.00440468
7.02249e-09	0.00431942
7.02305e-09	0.00423412
7.02361e-09	0.00414879
7.02418e-09	0.00406344
7.02474e-09	0.00397807
7.02531e-09	0.00389269
7.02587e-09	0.00380731
7.02644e-09	0.00372193
7.027e-09	0.00363656
7.02756e-09	0.00355121
7.02813e-09	0.00346588
7.02869e-09	0.00338058
7.02926e-09	0.00329531
7.02982e-09	0.00321009
7.03038e-09	0.00312493
7.03095e-09	0.00303981
7.03151e-09	0.00295476
7.03208e-09	0.00286978
7.03264e-09	0.00278488
7.03321e-09	0.00270006
7.03377e-09	0.00261532
7.03433e-09	0.00253069
7.0349e-09	0.00244615
7.03546e-09	0.00236173
7.03603e-09	0.00227741
7.03659e-09	0.00219322
7.03716e-09	0.00210916
7.03772e-09	0.00202523
7.03828e-09	0.00194144
7.03885e-09	0.00185779
7.03941e-09	0.0017743
7.03998e-09	0.00169096
7.04054e-09	0.00160779
7.04111e-09	0.00152479
7.04167e-09	0.00144197
7.04223e-09	0.00135932
7.0428e-09	0.00127687
7.04336e-09	0.00119461
7.04393e-09	0.00111255
7.04449e-09	0.00103069
7.04506e-09	0.000949045
7.04562e-09	0.000867618
7.04618e-09	0.000786412
7.04675e-09	0.000705436
7.04731e-09	0.000624693
7.04788e-09	0.00054419
7.04844e-09	0.000463931
7.04901e-09	0.000383924
7.04957e-09	0.000304172
7.05013e-09	0.000224683
7.0507e-09	0.00014546
7.05126e-09	6.65088e-05
7.05183e-09	-1.21645e-05
7.05239e-09	-9.05549e-05
7.05296e-09	-0.000168657
7.05352e-09	-0.000246466
7.05408e-09	-0.000323977
7.05465e-09	-0.000401185
7.05521e-09	-0.000478083
7.05578e-09	-0.000554669
7.05634e-09	-0.000630936
7.05691e-09	-0.000706879
7.05747e-09	-0.000782494
7.05803e-09	-0.000857776
7.0586e-09	-0.00093272
7.05916e-09	-0.00100732
7.05973e-09	-0.00108158
7.06029e-09	-0.00115548
7.06085e-09	-0.00122902
7.06142e-09	-0.00130221
7.06198e-09	-0.00137503
7.06255e-09	-0.00144747
7.06311e-09	-0.00151955
7.06368e-09	-0.00159124
7.06424e-09	-0.00166255
7.0648e-09	-0.00173347
7.06537e-09	-0.00180401
7.06593e-09	-0.00187414
7.0665e-09	-0.00194388
7.06706e-09	-0.00201321
7.06763e-09	-0.00208213
7.06819e-09	-0.00215064
7.06875e-09	-0.00221873
7.06932e-09	-0.0022864
7.06988e-09	-0.00235365
7.07045e-09	-0.00242047
7.07101e-09	-0.00248686
7.07158e-09	-0.00255281
7.07214e-09	-0.00261832
7.0727e-09	-0.00268339
7.07327e-09	-0.00274802
7.07383e-09	-0.00281219
7.0744e-09	-0.00287591
7.07496e-09	-0.00293917
7.07553e-09	-0.00300198
7.07609e-09	-0.00306432
7.07665e-09	-0.00312619
7.07722e-09	-0.00318759
7.07778e-09	-0.00324852
7.07835e-09	-0.00330897
7.07891e-09	-0.00336894
7.07948e-09	-0.00342843
7.08004e-09	-0.00348743
7.0806e-09	-0.00354595
7.08117e-09	-0.00360397
7.08173e-09	-0.0036615
7.0823e-09	-0.00371853
7.08286e-09	-0.00377507
7.08343e-09	-0.00383109
7.08399e-09	-0.00388662
7.08455e-09	-0.00394163
7.08512e-09	-0.00399614
7.08568e-09	-0.00405013
7.08625e-09	-0.00410361
7.08681e-09	-0.00415657
7.08738e-09	-0.00420901
7.08794e-09	-0.00426093
7.0885e-09	-0.00431232
7.08907e-09	-0.00436319
7.08963e-09	-0.00441352
7.0902e-09	-0.00446333
7.09076e-09	-0.0045126
7.09132e-09	-0.00456134
7.09189e-09	-0.00460954
7.09245e-09	-0.0046572
7.09302e-09	-0.00470432
7.09358e-09	-0.0047509
7.09415e-09	-0.00479693
7.09471e-09	-0.00484242
7.09527e-09	-0.00488736
7.09584e-09	-0.00493175
7.0964e-09	-0.00497559
7.09697e-09	-0.00501888
7.09753e-09	-0.00506161
7.0981e-09	-0.00510379
7.09866e-09	-0.00514541
7.09922e-09	-0.00518647
7.09979e-09	-0.00522698
7.10035e-09	-0.00526693
7.10092e-09	-0.00530631
7.10148e-09	-0.00534513
7.10205e-09	-0.00538339
7.10261e-09	-0.00542108
7.10317e-09	-0.00545821
7.10374e-09	-0.00549477
7.1043e-09	-0.00553076
7.10487e-09	-0.00556619
7.10543e-09	-0.00560105
7.106e-09	-0.00563533
7.10656e-09	-0.00566905
7.10712e-09	-0.0057022
7.10769e-09	-0.00573477
7.10825e-09	-0.00576678
7.10882e-09	-0.00579821
7.10938e-09	-0.00582906
7.10995e-09	-0.00585935
7.11051e-09	-0.00588906
7.11107e-09	-0.0059182
7.11164e-09	-0.00594676
7.1122e-09	-0.00597475
7.11277e-09	-0.00600217
7.11333e-09	-0.00602901
7.1139e-09	-0.00605527
7.11446e-09	-0.00608097
7.11502e-09	-0.00610608
7.11559e-09	-0.00613063
7.11615e-09	-0.0061546
7.11672e-09	-0.00617799
7.11728e-09	-0.00620081
7.11785e-09	-0.00622306
7.11841e-09	-0.00624473
7.11897e-09	-0.00626584
7.11954e-09	-0.00628637
7.1201e-09	-0.00630632
7.12067e-09	-0.00632571
7.12123e-09	-0.00634453
7.12179e-09	-0.00636277
7.12236e-09	-0.00638045
7.12292e-09	-0.00639755
7.12349e-09	-0.00641409
7.12405e-09	-0.00643006
7.12462e-09	-0.00644546
7.12518e-09	-0.0064603
7.12574e-09	-0.00647457
7.12631e-09	-0.00648828
7.12687e-09	-0.00650143
7.12744e-09	-0.00651401
7.128e-09	-0.00652603
7.12857e-09	-0.0065375
7.12913e-09	-0.0065484
7.12969e-09	-0.00655875
7.13026e-09	-0.00656854
7.13082e-09	-0.00657777
7.13139e-09	-0.00658645
7.13195e-09	-0.00659458
7.13252e-09	-0.00660216
7.13308e-09	-0.00660918
7.13364e-09	-0.00661566
7.13421e-09	-0.00662159
7.13477e-09	-0.00662698
7.13534e-09	-0.00663182
7.1359e-09	-0.00663612
7.13647e-09	-0.00663988
7.13703e-09	-0.00664311
7.13759e-09	-0.00664579
7.13816e-09	-0.00664794
7.13872e-09	-0.00664956
7.13929e-09	-0.00665064
7.13985e-09	-0.0066512
7.14042e-09	-0.00665122
7.14098e-09	-0.00665072
7.14154e-09	-0.0066497
7.14211e-09	-0.00664816
7.14267e-09	-0.00664609
7.14324e-09	-0.00664351
7.1438e-09	-0.00664041
7.14437e-09	-0.0066368
7.14493e-09	-0.00663267
7.14549e-09	-0.00662804
7.14606e-09	-0.0066229
7.14662e-09	-0.00661726
7.14719e-09	-0.00661111
7.14775e-09	-0.00660446
7.14832e-09	-0.00659732
7.14888e-09	-0.00658968
7.14944e-09	-0.00658155
7.15001e-09	-0.00657292
7.15057e-09	-0.00656381
7.15114e-09	-0.00655422
7.1517e-09	-0.00654414
7.15226e-09	-0.00653358
7.15283e-09	-0.00652254
7.15339e-09	-0.00651103
7.15396e-09	-0.00649905
7.15452e-09	-0.00648659
7.15509e-09	-0.00647367
7.15565e-09	-0.00646029
7.15621e-09	-0.00644644
7.15678e-09	-0.00643214
7.15734e-09	-0.00641738
7.15791e-09	-0.00640216
7.15847e-09	-0.0063865
7.15904e-09	-0.00637039
7.1596e-09	-0.00635384
7.16016e-09	-0.00633684
7.16073e-09	-0.00631941
7.16129e-09	-0.00630154
7.16186e-09	-0.00628324
7.16242e-09	-0.00626451
7.16299e-09	-0.00624535
7.16355e-09	-0.00622577
7.16411e-09	-0.00620578
7.16468e-09	-0.00618536
7.16524e-09	-0.00616453
7.16581e-09	-0.00614329
7.16637e-09	-0.00612165
7.16694e-09	-0.0060996
7.1675e-09	-0.00607715
7.16806e-09	-0.0060543
7.16863e-09	-0.00603106
7.16919e-09	-0.00600743
7.16976e-09	-0.00598341
7.17032e-09	-0.00595901
7.17089e-09	-0.00593422
7.17145e-09	-0.00590906
7.17201e-09	-0.00588353
7.17258e-09	-0.00585762
7.17314e-09	-0.00583135
7.17371e-09	-0.00580472
7.17427e-09	-0.00577772
7.17484e-09	-0.00575037
7.1754e-09	-0.00572267
7.17596e-09	-0.00569461
7.17653e-09	-0.00566621
7.17709e-09	-0.00563747
7.17766e-09	-0.00560839
7.17822e-09	-0.00557897
7.17879e-09	-0.00554922
7.17935e-09	-0.00551915
7.17991e-09	-0.00548874
7.18048e-09	-0.00545802
7.18104e-09	-0.00542698
7.18161e-09	-0.00539563
7.18217e-09	-0.00536397
7.18273e-09	-0.005332
7.1833e-09	-0.00529973
7.18386e-09	-0.00526716
7.18443e-09	-0.0052343
7.18499e-09	-0.00520114
7.18556e-09	-0.0051677
7.18612e-09	-0.00513397
7.18668e-09	-0.00509996
7.18725e-09	-0.00506568
7.18781e-09	-0.00503112
7.18838e-09	-0.0049963
7.18894e-09	-0.00496121
7.18951e-09	-0.00492586
7.19007e-09	-0.00489025
7.19063e-09	-0.00485438
7.1912e-09	-0.00481827
7.19176e-09	-0.00478191
7.19233e-09	-0.00474531
7.19289e-09	-0.00470847
7.19346e-09	-0.0046714
7.19402e-09	-0.0046341
7.19458e-09	-0.00459657
7.19515e-09	-0.00455881
7.19571e-09	-0.00452084
7.19628e-09	-0.00448265
7.19684e-09	-0.00444425
7.19741e-09	-0.00440564
7.19797e-09	-0.00436683
7.19853e-09	-0.00432782
7.1991e-09	-0.00428861
7.19966e-09	-0.00424921
7.20023e-09	-0.00420963
7.20079e-09	-0.00416985
7.20136e-09	-0.0041299
7.20192e-09	-0.00408977
7.20248e-09	-0.00404947
7.20305e-09	-0.004009
7.20361e-09	-0.00396836
7.20418e-09	-0.00392756
7.20474e-09	-0.00388661
7.20531e-09	-0.0038455
7.20587e-09	-0.00380424
7.20643e-09	-0.00376284
7.207e-09	-0.00372129
7.20756e-09	-0.00367961
7.20813e-09	-0.00363779
7.20869e-09	-0.00359584
7.20925e-09	-0.00355377
7.20982e-09	-0.00351157
7.21038e-09	-0.00346925
7.21095e-09	-0.00342682
7.21151e-09	-0.00338427
7.21208e-09	-0.00334162
7.21264e-09	-0.00329887
7.2132e-09	-0.00325601
7.21377e-09	-0.00321306
7.21433e-09	-0.00317002
7.2149e-09	-0.00312689
7.21546e-09	-0.00308367
7.21603e-09	-0.00304038
7.21659e-09	-0.002997
7.21715e-09	-0.00295355
7.21772e-09	-0.00291004
7.21828e-09	-0.00286645
7.21885e-09	-0.00282281
7.21941e-09	-0.0027791
7.21998e-09	-0.00273535
7.22054e-09	-0.00269154
7.2211e-09	-0.00264768
7.22167e-09	-0.00260378
7.22223e-09	-0.00255984
7.2228e-09	-0.00251586
7.22336e-09	-0.00247185
7.22393e-09	-0.00242781
7.22449e-09	-0.00238375
7.22505e-09	-0.00233966
7.22562e-09	-0.00229556
7.22618e-09	-0.00225144
7.22675e-09	-0.00220731
7.22731e-09	-0.00216317
7.22788e-09	-0.00211903
7.22844e-09	-0.00207488
7.229e-09	-0.00203075
7.22957e-09	-0.00198661
7.23013e-09	-0.00194249
7.2307e-09	-0.00189838
7.23126e-09	-0.00185429
7.23183e-09	-0.00181022
7.23239e-09	-0.00176617
7.23295e-09	-0.00172215
7.23352e-09	-0.00167816
7.23408e-09	-0.00163421
7.23465e-09	-0.00159029
7.23521e-09	-0.00154642
7.23578e-09	-0.00150259
7.23634e-09	-0.0014588
7.2369e-09	-0.00141507
7.23747e-09	-0.00137139
7.23803e-09	-0.00132777
7.2386e-09	-0.00128421
7.23916e-09	-0.00124071
7.23972e-09	-0.00119728
7.24029e-09	-0.00115392
7.24085e-09	-0.00111064
7.24142e-09	-0.00106743
7.24198e-09	-0.0010243
7.24255e-09	-0.00098126
7.24311e-09	-0.000938301
7.24367e-09	-0.000895433
7.24424e-09	-0.000852656
7.2448e-09	-0.000809976
7.24537e-09	-0.000767394
7.24593e-09	-0.000724913
7.2465e-09	-0.000682538
7.24706e-09	-0.00064027
7.24762e-09	-0.000598112
7.24819e-09	-0.000556068
7.24875e-09	-0.000514141
7.24932e-09	-0.000472333
7.24988e-09	-0.000430648
7.25045e-09	-0.000389087
7.25101e-09	-0.000347655
7.25157e-09	-0.000306353
7.25214e-09	-0.000265185
7.2527e-09	-0.000224154
7.25327e-09	-0.000183261
7.25383e-09	-0.000142511
7.2544e-09	-0.000101905
7.25496e-09	-6.14467e-05
7.25552e-09	-2.11383e-05
7.25609e-09	1.90175e-05
7.25665e-09	5.90181e-05
7.25722e-09	9.88607e-05
7.25778e-09	0.000138543
7.25835e-09	0.000178062
7.25891e-09	0.000217416
7.25947e-09	0.000256601
7.26004e-09	0.000295616
7.2606e-09	0.000334458
7.26117e-09	0.000373124
7.26173e-09	0.000411613
7.2623e-09	0.000449921
7.26286e-09	0.000488046
7.26342e-09	0.000525987
7.26399e-09	0.00056374
7.26455e-09	0.000601303
7.26512e-09	0.000638675
7.26568e-09	0.000675852
7.26625e-09	0.000712833
7.26681e-09	0.000749615
7.26737e-09	0.000786197
7.26794e-09	0.000822575
7.2685e-09	0.000858749
7.26907e-09	0.000894715
7.26963e-09	0.000930472
7.27019e-09	0.000966018
7.27076e-09	0.00100135
7.27132e-09	0.00103647
7.27189e-09	0.00107137
7.27245e-09	0.00110605
7.27302e-09	0.00114051
7.27358e-09	0.00117474
7.27414e-09	0.00120875
7.27471e-09	0.00124254
7.27527e-09	0.00127609
7.27584e-09	0.00130941
7.2764e-09	0.00134251
7.27697e-09	0.00137536
7.27753e-09	0.00140799
7.27809e-09	0.00144037
7.27866e-09	0.00147252
7.27922e-09	0.00150442
7.27979e-09	0.00153608
7.28035e-09	0.0015675
7.28092e-09	0.00159867
7.28148e-09	0.0016296
7.28204e-09	0.00166028
7.28261e-09	0.0016907
7.28317e-09	0.00172088
7.28374e-09	0.0017508
7.2843e-09	0.00178047
7.28487e-09	0.00180988
7.28543e-09	0.00183903
7.28599e-09	0.00186793
7.28656e-09	0.00189656
7.28712e-09	0.00192493
7.28769e-09	0.00195305
7.28825e-09	0.00198089
7.28882e-09	0.00200848
7.28938e-09	0.00203579
7.28994e-09	0.00206284
7.29051e-09	0.00208962
7.29107e-09	0.00211613
7.29164e-09	0.00214237
7.2922e-09	0.00216834
7.29277e-09	0.00219404
7.29333e-09	0.00221946
7.29389e-09	0.00224461
7.29446e-09	0.00226948
7.29502e-09	0.00229407
7.29559e-09	0.00231839
7.29615e-09	0.00234243
7.29672e-09	0.00236619
7.29728e-09	0.00238967
7.29784e-09	0.00241287
7.29841e-09	0.00243579
7.29897e-09	0.00245842
7.29954e-09	0.00248077
7.3001e-09	0.00250284
7.30066e-09	0.00252462
7.30123e-09	0.00254612
7.30179e-09	0.00256734
7.30236e-09	0.00258826
7.30292e-09	0.0026089
7.30349e-09	0.00262925
7.30405e-09	0.00264932
7.30461e-09	0.00266909
7.30518e-09	0.00268858
7.30574e-09	0.00270778
7.30631e-09	0.00272669
7.30687e-09	0.0027453
7.30744e-09	0.00276363
7.308e-09	0.00278167
7.30856e-09	0.00279941
7.30913e-09	0.00281687
7.30969e-09	0.00283403
7.31026e-09	0.0028509
7.31082e-09	0.00286748
7.31139e-09	0.00288376
7.31195e-09	0.00289976
7.31251e-09	0.00291546
7.31308e-09	0.00293086
7.31364e-09	0.00294598
7.31421e-09	0.0029608
7.31477e-09	0.00297533
7.31534e-09	0.00298956
7.3159e-09	0.00300351
7.31646e-09	0.00301716
7.31703e-09	0.00303051
7.31759e-09	0.00304358
7.31816e-09	0.00305635
7.31872e-09	0.00306882
7.31929e-09	0.00308101
7.31985e-09	0.0030929
7.32041e-09	0.0031045
7.32098e-09	0.00311581
7.32154e-09	0.00312683
7.32211e-09	0.00313755
7.32267e-09	0.00314799
7.32324e-09	0.00315813
7.3238e-09	0.00316798
7.32436e-09	0.00317754
7.32493e-09	0.00318682
7.32549e-09	0.0031958
7.32606e-09	0.00320449
7.32662e-09	0.0032129
7.32719e-09	0.00322101
7.32775e-09	0.00322884
7.32831e-09	0.00323638
7.32888e-09	0.00324364
7.32944e-09	0.00325061
7.33001e-09	0.00325729
7.33057e-09	0.00326369
7.33113e-09	0.0032698
7.3317e-09	0.00327563
7.33226e-09	0.00328118
7.33283e-09	0.00328644
7.33339e-09	0.00329142
7.33396e-09	0.00329612
7.33452e-09	0.00330054
7.33508e-09	0.00330468
7.33565e-09	0.00330854
7.33621e-09	0.00331212
7.33678e-09	0.00331543
7.33734e-09	0.00331846
7.33791e-09	0.00332121
7.33847e-09	0.00332369
7.33903e-09	0.0033259
7.3396e-09	0.00332783
7.34016e-09	0.00332949
7.34073e-09	0.00333087
7.34129e-09	0.00333199
7.34186e-09	0.00333284
7.34242e-09	0.00333342
7.34298e-09	0.00333373
7.34355e-09	0.00333378
7.34411e-09	0.00333356
7.34468e-09	0.00333308
7.34524e-09	0.00333233
7.34581e-09	0.00333132
7.34637e-09	0.00333005
7.34693e-09	0.00332852
7.3475e-09	0.00332673
7.34806e-09	0.00332469
7.34863e-09	0.00332239
7.34919e-09	0.00331983
7.34976e-09	0.00331702
7.35032e-09	0.00331395
7.35088e-09	0.00331064
7.35145e-09	0.00330707
7.35201e-09	0.00330326
7.35258e-09	0.0032992
7.35314e-09	0.00329489
7.35371e-09	0.00329034
7.35427e-09	0.00328554
7.35483e-09	0.0032805
7.3554e-09	0.00327522
7.35596e-09	0.0032697
7.35653e-09	0.00326394
7.35709e-09	0.00325794
7.35766e-09	0.00325171
7.35822e-09	0.00324525
7.35878e-09	0.00323855
7.35935e-09	0.00323162
7.35991e-09	0.00322446
7.36048e-09	0.00321707
7.36104e-09	0.00320946
7.3616e-09	0.00320162
7.36217e-09	0.00319356
7.36273e-09	0.00318527
7.3633e-09	0.00317677
7.36386e-09	0.00316804
7.36443e-09	0.0031591
7.36499e-09	0.00314994
7.36555e-09	0.00314057
7.36612e-09	0.00313099
7.36668e-09	0.00312119
7.36725e-09	0.00311118
7.36781e-09	0.00310097
7.36838e-09	0.00309055
7.36894e-09	0.00307993
7.3695e-09	0.0030691
7.37007e-09	0.00305807
7.37063e-09	0.00304684
7.3712e-09	0.00303541
7.37176e-09	0.00302379
7.37233e-09	0.00301198
7.37289e-09	0.00299997
7.37345e-09	0.00298776
7.37402e-09	0.00297537
7.37458e-09	0.0029628
7.37515e-09	0.00295003
7.37571e-09	0.00293708
7.37628e-09	0.00292395
7.37684e-09	0.00291064
7.3774e-09	0.00289715
7.37797e-09	0.00288349
7.37853e-09	0.00286965
7.3791e-09	0.00285563
7.37966e-09	0.00284144
7.38023e-09	0.00282709
7.38079e-09	0.00281256
7.38135e-09	0.00279787
7.38192e-09	0.00278302
7.38248e-09	0.002768
7.38305e-09	0.00275282
7.38361e-09	0.00273749
7.38418e-09	0.00272199
7.38474e-09	0.00270635
7.3853e-09	0.00269054
7.38587e-09	0.00267459
7.38643e-09	0.00265849
7.387e-09	0.00264224
7.38756e-09	0.00262585
7.38813e-09	0.00260931
7.38869e-09	0.00259263
7.38925e-09	0.00257581
7.38982e-09	0.00255885
7.39038e-09	0.00254175
7.39095e-09	0.00252452
7.39151e-09	0.00250716
7.39207e-09	0.00248967
7.39264e-09	0.00247205
7.3932e-09	0.00245431
7.39377e-09	0.00243644
7.39433e-09	0.00241844
7.3949e-09	0.00240033
7.39546e-09	0.0023821
7.39602e-09	0.00236375
7.39659e-09	0.00234528
7.39715e-09	0.00232671
7.39772e-09	0.00230802
7.39828e-09	0.00228922
7.39885e-09	0.00227032
7.39941e-09	0.00225131
7.39997e-09	0.00223219
7.40054e-09	0.00221298
7.4011e-09	0.00219367
7.40167e-09	0.00217425
7.40223e-09	0.00215475
7.4028e-09	0.00213515
7.40336e-09	0.00211546
7.40392e-09	0.00209568
7.40449e-09	0.00207581
7.40505e-09	0.00205585
7.40562e-09	0.00203581
7.40618e-09	0.00201569
7.40675e-09	0.00199549
7.40731e-09	0.00197522
7.40787e-09	0.00195486
7.40844e-09	0.00193443
7.409e-09	0.00191393
7.40957e-09	0.00189336
7.41013e-09	0.00187273
7.4107e-09	0.00185202
7.41126e-09	0.00183125
7.41182e-09	0.00181042
7.41239e-09	0.00178953
7.41295e-09	0.00176858
7.41352e-09	0.00174757
7.41408e-09	0.00172651
7.41465e-09	0.00170539
7.41521e-09	0.00168422
7.41577e-09	0.00166301
7.41634e-09	0.00164175
7.4169e-09	0.00162044
7.41747e-09	0.00159909
7.41803e-09	0.00157769
7.4186e-09	0.00155626
7.41916e-09	0.00153479
7.41972e-09	0.00151328
7.42029e-09	0.00149174
7.42085e-09	0.00147017
7.42142e-09	0.00144857
7.42198e-09	0.00142694
7.42254e-09	0.00140528
7.42311e-09	0.0013836
7.42367e-09	0.00136189
7.42424e-09	0.00134017
7.4248e-09	0.00131842
7.42537e-09	0.00129666
7.42593e-09	0.00127488
7.42649e-09	0.00125309
7.42706e-09	0.00123128
7.42762e-09	0.00120947
7.42819e-09	0.00118765
7.42875e-09	0.00116582
7.42932e-09	0.00114398
7.42988e-09	0.00112215
7.43044e-09	0.00110031
7.43101e-09	0.00107847
7.43157e-09	0.00105664
7.43214e-09	0.0010348
7.4327e-09	0.00101298
7.43327e-09	0.000991161
7.43383e-09	0.000969352
7.43439e-09	0.000947554
7.43496e-09	0.000925768
7.43552e-09	0.000903997
7.43609e-09	0.000882242
7.43665e-09	0.000860504
7.43722e-09	0.000838786
7.43778e-09	0.000817089
7.43834e-09	0.000795414
7.43891e-09	0.000773764
7.43947e-09	0.00075214
7.44004e-09	0.000730543
7.4406e-09	0.000708976
7.44117e-09	0.00068744
7.44173e-09	0.000665936
7.44229e-09	0.000644466
7.44286e-09	0.000623032
7.44342e-09	0.000601635
7.44399e-09	0.000580276
7.44455e-09	0.000558959
7.44512e-09	0.000537683
7.44568e-09	0.00051645
7.44624e-09	0.000495263
7.44681e-09	0.000474122
7.44737e-09	0.000453029
7.44794e-09	0.000431985
7.4485e-09	0.000410993
7.44907e-09	0.000390053
7.44963e-09	0.000369166
7.45019e-09	0.000348336
7.45076e-09	0.000327562
7.45132e-09	0.000306847
7.45189e-09	0.000286191
7.45245e-09	0.000265596
7.45301e-09	0.000245064
7.45358e-09	0.000224596
7.45414e-09	0.000204193
7.45471e-09	0.000183857
7.45527e-09	0.000163589
7.45584e-09	0.000143391
7.4564e-09	0.000123263
7.45696e-09	0.000103208
7.45753e-09	8.32255e-05
7.45809e-09	6.33181e-05
7.45866e-09	4.34867e-05
7.45922e-09	2.37326e-05
7.45979e-09	4.05719e-06
7.46035e-09	-1.55384e-05
7.46091e-09	-3.50529e-05
7.46148e-09	-5.4485e-05
7.46204e-09	-7.38335e-05
7.46261e-09	-9.30973e-05
7.46317e-09	-0.000112275
7.46374e-09	-0.000131366
7.4643e-09	-0.000150368
7.46486e-09	-0.00016928
7.46543e-09	-0.000188102
7.46599e-09	-0.000206832
7.46656e-09	-0.000225469
7.46712e-09	-0.000244012
7.46769e-09	-0.00026246
7.46825e-09	-0.000280812
7.46881e-09	-0.000299066
7.46938e-09	-0.000317221
7.46994e-09	-0.000335277
7.47051e-09	-0.000353233
7.47107e-09	-0.000371087
7.47164e-09	-0.000388838
7.4722e-09	-0.000406486
7.47276e-09	-0.000424029
7.47333e-09	-0.000441466
7.47389e-09	-0.000458797
7.47446e-09	-0.00047602
7.47502e-09	-0.000493135
7.47559e-09	-0.00051014
7.47615e-09	-0.000527035
7.47671e-09	-0.000543819
7.47728e-09	-0.00056049
7.47784e-09	-0.000577049
7.47841e-09	-0.000593493
7.47897e-09	-0.000609823
7.47954e-09	-0.000626037
7.4801e-09	-0.000642135
7.48066e-09	-0.000658115
7.48123e-09	-0.000673978
7.48179e-09	-0.000689721
7.48236e-09	-0.000705345
7.48292e-09	-0.000720848
7.48348e-09	-0.000736231
7.48405e-09	-0.000751491
7.48461e-09	-0.000766629
7.48518e-09	-0.000781643
7.48574e-09	-0.000796533
7.48631e-09	-0.000811299
7.48687e-09	-0.000825939
7.48743e-09	-0.000840452
7.488e-09	-0.00085484
7.48856e-09	-0.000869099
7.48913e-09	-0.000883231
7.48969e-09	-0.000897234
7.49026e-09	-0.000911108
7.49082e-09	-0.000924852
7.49138e-09	-0.000938466
7.49195e-09	-0.000951948
7.49251e-09	-0.0009653
7.49308e-09	-0.000978519
7.49364e-09	-0.000991605
7.49421e-09	-0.00100456
7.49477e-09	-0.00101738
7.49533e-09	-0.00103006
7.4959e-09	-0.00104262
7.49646e-09	-0.00105503
7.49703e-09	-0.00106731
7.49759e-09	-0.00107946
7.49816e-09	-0.00109147
7.49872e-09	-0.00110334
7.49928e-09	-0.00111507
7.49985e-09	-0.00112667
7.50041e-09	-0.00113813
7.50098e-09	-0.00114945
7.50154e-09	-0.00116064
7.50211e-09	-0.00117168
7.50267e-09	-0.00118258
7.50323e-09	-0.00119335
7.5038e-09	-0.00120398
7.50436e-09	-0.00121446
7.50493e-09	-0.00122481
7.50549e-09	-0.00123501
7.50606e-09	-0.00124507
7.50662e-09	-0.001255
7.50718e-09	-0.00126478
7.50775e-09	-0.00127442
7.50831e-09	-0.00128392
7.50888e-09	-0.00129327
7.50944e-09	-0.00130249
7.51001e-09	-0.00131156
7.51057e-09	-0.00132049
7.51113e-09	-0.00132928
7.5117e-09	-0.00133792
7.51226e-09	-0.00134642
7.51283e-09	-0.00135478
7.51339e-09	-0.001363
7.51395e-09	-0.00137107
7.51452e-09	-0.001379
7.51508e-09	-0.00138679
7.51565e-09	-0.00139443
7.51621e-09	-0.00140193
7.51678e-09	-0.00140929
7.51734e-09	-0.00141651
7.5179e-09	-0.00142358
7.51847e-09	-0.00143051
7.51903e-09	-0.00143729
7.5196e-09	-0.00144393
7.52016e-09	-0.00145043
7.52073e-09	-0.00145679
7.52129e-09	-0.001463
7.52185e-09	-0.00146907
7.52242e-09	-0.001475
7.52298e-09	-0.00148079
7.52355e-09	-0.00148643
7.52411e-09	-0.00149193
7.52468e-09	-0.00149729
7.52524e-09	-0.00150251
7.5258e-09	-0.00150758
7.52637e-09	-0.00151252
7.52693e-09	-0.00151731
7.5275e-09	-0.00152196
7.52806e-09	-0.00152647
7.52863e-09	-0.00153084
7.52919e-09	-0.00153507
7.52975e-09	-0.00153915
7.53032e-09	-0.0015431
7.53088e-09	-0.00154691
7.53145e-09	-0.00155058
7.53201e-09	-0.00155411
7.53258e-09	-0.0015575
7.53314e-09	-0.00156075
7.5337e-09	-0.00156386
7.53427e-09	-0.00156684
7.53483e-09	-0.00156968
7.5354e-09	-0.00157238
7.53596e-09	-0.00157494
7.53653e-09	-0.00157737
7.53709e-09	-0.00157966
7.53765e-09	-0.00158181
7.53822e-09	-0.00158383
7.53878e-09	-0.00158571
7.53935e-09	-0.00158746
7.53991e-09	-0.00158908
7.54048e-09	-0.00159056
7.54104e-09	-0.0015919
7.5416e-09	-0.00159312
7.54217e-09	-0.0015942
7.54273e-09	-0.00159515
7.5433e-09	-0.00159597
7.54386e-09	-0.00159666
7.54442e-09	-0.00159721
7.54499e-09	-0.00159764
7.54555e-09	-0.00159794
7.54612e-09	-0.0015981
7.54668e-09	-0.00159814
7.54725e-09	-0.00159805
7.54781e-09	-0.00159784
7.54837e-09	-0.0015975
7.54894e-09	-0.00159703
7.5495e-09	-0.00159643
7.55007e-09	-0.00159571
7.55063e-09	-0.00159486
7.5512e-09	-0.00159389
7.55176e-09	-0.0015928
7.55232e-09	-0.00159159
7.55289e-09	-0.00159025
7.55345e-09	-0.00158879
7.55402e-09	-0.00158721
7.55458e-09	-0.00158551
7.55515e-09	-0.00158369
7.55571e-09	-0.00158175
7.55627e-09	-0.00157969
7.55684e-09	-0.00157751
7.5574e-09	-0.00157522
7.55797e-09	-0.00157281
7.55853e-09	-0.00157028
7.5591e-09	-0.00156764
7.55966e-09	-0.00156489
7.56022e-09	-0.00156202
7.56079e-09	-0.00155904
7.56135e-09	-0.00155594
7.56192e-09	-0.00155274
7.56248e-09	-0.00154942
7.56305e-09	-0.00154599
7.56361e-09	-0.00154246
7.56417e-09	-0.00153881
7.56474e-09	-0.00153506
7.5653e-09	-0.0015312
7.56587e-09	-0.00152723
7.56643e-09	-0.00152316
7.567e-09	-0.00151899
7.56756e-09	-0.00151471
7.56812e-09	-0.00151032
7.56869e-09	-0.00150584
7.56925e-09	-0.00150125
7.56982e-09	-0.00149656
7.57038e-09	-0.00149177
7.57095e-09	-0.00148688
7.57151e-09	-0.0014819
7.57207e-09	-0.00147681
7.57264e-09	-0.00147163
7.5732e-09	-0.00146635
7.57377e-09	-0.00146098
7.57433e-09	-0.00145551
7.57489e-09	-0.00144995
7.57546e-09	-0.0014443
7.57602e-09	-0.00143856
7.57659e-09	-0.00143272
7.57715e-09	-0.0014268
7.57772e-09	-0.00142078
7.57828e-09	-0.00141468
7.57884e-09	-0.00140849
7.57941e-09	-0.00140221
7.57997e-09	-0.00139584
7.58054e-09	-0.0013894
7.5811e-09	-0.00138286
7.58167e-09	-0.00137625
7.58223e-09	-0.00136955
7.58279e-09	-0.00136277
7.58336e-09	-0.00135591
7.58392e-09	-0.00134897
7.58449e-09	-0.00134195
7.58505e-09	-0.00133486
7.58562e-09	-0.00132768
7.58618e-09	-0.00132043
7.58674e-09	-0.00131311
7.58731e-09	-0.00130571
7.58787e-09	-0.00129824
7.58844e-09	-0.0012907
7.589e-09	-0.00128308
7.58957e-09	-0.00127539
7.59013e-09	-0.00126764
7.59069e-09	-0.00125981
7.59126e-09	-0.00125192
7.59182e-09	-0.00124396
7.59239e-09	-0.00123594
7.59295e-09	-0.00122785
7.59352e-09	-0.00121969
7.59408e-09	-0.00121147
7.59464e-09	-0.00120319
7.59521e-09	-0.00119485
7.59577e-09	-0.00118645
7.59634e-09	-0.00117799
7.5969e-09	-0.00116947
7.59747e-09	-0.00116089
7.59803e-09	-0.00115226
7.59859e-09	-0.00114357
7.59916e-09	-0.00113483
7.59972e-09	-0.00112603
7.60029e-09	-0.00111718
7.60085e-09	-0.00110827
7.60141e-09	-0.00109932
7.60198e-09	-0.00109032
7.60254e-09	-0.00108126
7.60311e-09	-0.00107216
7.60367e-09	-0.00106301
7.60424e-09	-0.00105382
7.6048e-09	-0.00104458
7.60536e-09	-0.00103529
7.60593e-09	-0.00102597
7.60649e-09	-0.00101659
7.60706e-09	-0.00100718
7.60762e-09	-0.000997728
7.60819e-09	-0.000988235
7.60875e-09	-0.000978703
7.60931e-09	-0.000969134
7.60988e-09	-0.000959527
7.61044e-09	-0.000949884
7.61101e-09	-0.000940207
7.61157e-09	-0.000930495
7.61214e-09	-0.000920749
7.6127e-09	-0.000910972
7.61326e-09	-0.000901163
7.61383e-09	-0.000891323
7.61439e-09	-0.000881454
7.61496e-09	-0.000871557
7.61552e-09	-0.000861632
7.61609e-09	-0.00085168
7.61665e-09	-0.000841702
7.61721e-09	-0.000831699
7.61778e-09	-0.000821672
7.61834e-09	-0.000811622
7.61891e-09	-0.00080155
7.61947e-09	-0.000791457
7.62004e-09	-0.000781343
7.6206e-09	-0.00077121
7.62116e-09	-0.000761058
7.62173e-09	-0.000750888
7.62229e-09	-0.000740702
7.62286e-09	-0.0007305
7.62342e-09	-0.000720283
7.62399e-09	-0.000710051
7.62455e-09	-0.000699807
7.62511e-09	-0.00068955
7.62568e-09	-0.000679281
7.62624e-09	-0.000669002
7.62681e-09	-0.000658714
7.62737e-09	-0.000648416
7.62794e-09	-0.000638111
7.6285e-09	-0.000627798
7.62906e-09	-0.00061748
7.62963e-09	-0.000607156
7.63019e-09	-0.000596827
7.63076e-09	-0.000586495
7.63132e-09	-0.00057616
7.63188e-09	-0.000565823
7.63245e-09	-0.000555484
7.63301e-09	-0.000545146
7.63358e-09	-0.000534808
7.63414e-09	-0.000524472
7.63471e-09	-0.000514137
7.63527e-09	-0.000503806
7.63583e-09	-0.000493479
7.6364e-09	-0.000483156
7.63696e-09	-0.000472839
7.63753e-09	-0.000462528
7.63809e-09	-0.000452225
7.63866e-09	-0.000441929
7.63922e-09	-0.000431642
7.63978e-09	-0.000421364
7.64035e-09	-0.000411097
7.64091e-09	-0.000400841
7.64148e-09	-0.000390597
7.64204e-09	-0.000380365
7.64261e-09	-0.000370147
7.64317e-09	-0.000359943
7.64373e-09	-0.000349754
7.6443e-09	-0.000339581
7.64486e-09	-0.000329424
7.64543e-09	-0.000319284
7.64599e-09	-0.000309162
7.64656e-09	-0.00029906
7.64712e-09	-0.000288976
7.64768e-09	-0.000278913
7.64825e-09	-0.00026887
7.64881e-09	-0.00025885
7.64938e-09	-0.000248851
7.64994e-09	-0.000238876
7.65051e-09	-0.000228924
7.65107e-09	-0.000218997
7.65163e-09	-0.000209095
7.6522e-09	-0.000199219
7.65276e-09	-0.00018937
7.65333e-09	-0.000179548
7.65389e-09	-0.000169753
7.65446e-09	-0.000159988
7.65502e-09	-0.000150251
7.65558e-09	-0.000140544
7.65615e-09	-0.000130868
7.65671e-09	-0.000121224
7.65728e-09	-0.000111611
7.65784e-09	-0.00010203
7.65841e-09	-9.24829e-05
7.65897e-09	-8.29694e-05
7.65953e-09	-7.34903e-05
7.6601e-09	-6.40462e-05
7.66066e-09	-5.46378e-05
7.66123e-09	-4.52655e-05
7.66179e-09	-3.59302e-05
7.66235e-09	-2.66322e-05
7.66292e-09	-1.73723e-05
7.66348e-09	-8.15101e-06
7.66405e-09	1.03109e-06
7.66461e-09	1.01734e-05
7.66518e-09	1.92754e-05
7.66574e-09	2.83365e-05
7.6663e-09	3.73562e-05
7.66687e-09	4.63338e-05
7.66743e-09	5.52689e-05
7.668e-09	6.41608e-05
7.66856e-09	7.30092e-05
7.66913e-09	8.18134e-05
7.66969e-09	9.05729e-05
7.67025e-09	9.92872e-05
7.67082e-09	0.000107956
7.67138e-09	0.000116578
7.67195e-09	0.000125154
7.67251e-09	0.000133682
7.67308e-09	0.000142163
7.67364e-09	0.000150596
7.6742e-09	0.00015898
7.67477e-09	0.000167315
7.67533e-09	0.0001756
7.6759e-09	0.000183835
7.67646e-09	0.00019202
7.67703e-09	0.000200154
7.67759e-09	0.000208237
7.67815e-09	0.000216267
7.67872e-09	0.000224246
7.67928e-09	0.000232172
7.67985e-09	0.000240044
7.68041e-09	0.000247864
7.68098e-09	0.000255629
7.68154e-09	0.00026334
7.6821e-09	0.000270997
7.68267e-09	0.000278599
7.68323e-09	0.000286145
7.6838e-09	0.000293635
7.68436e-09	0.000301069
7.68493e-09	0.000308447
7.68549e-09	0.000315768
7.68605e-09	0.000323031
7.68662e-09	0.000330237
7.68718e-09	0.000337385
7.68775e-09	0.000344475
7.68831e-09	0.000351507
7.68888e-09	0.000358479
7.68944e-09	0.000365393
7.69e-09	0.000372247
7.69057e-09	0.000379041
7.69113e-09	0.000385775
7.6917e-09	0.000392449
7.69226e-09	0.000399062
7.69282e-09	0.000405614
7.69339e-09	0.000412106
7.69395e-09	0.000418535
7.69452e-09	0.000424904
7.69508e-09	0.00043121
7.69565e-09	0.000437454
7.69621e-09	0.000443635
7.69677e-09	0.000449754
7.69734e-09	0.000455811
7.6979e-09	0.000461804
7.69847e-09	0.000467734
7.69903e-09	0.0004736
7.6996e-09	0.000479403
7.70016e-09	0.000485141
7.70072e-09	0.000490816
7.70129e-09	0.000496427
7.70185e-09	0.000501973
7.70242e-09	0.000507454
7.70298e-09	0.000512871
7.70355e-09	0.000518223
7.70411e-09	0.00052351
7.70467e-09	0.000528731
7.70524e-09	0.000533887
7.7058e-09	0.000538978
7.70637e-09	0.000544003
7.70693e-09	0.000548963
7.7075e-09	0.000553856
7.70806e-09	0.000558684
7.70862e-09	0.000563446
7.70919e-09	0.000568141
7.70975e-09	0.00057277
7.71032e-09	0.000577333
7.71088e-09	0.00058183
7.71145e-09	0.00058626
7.71201e-09	0.000590623
7.71257e-09	0.00059492
7.71314e-09	0.00059915
7.7137e-09	0.000603314
7.71427e-09	0.00060741
7.71483e-09	0.00061144
7.7154e-09	0.000615403
7.71596e-09	0.000619299
7.71652e-09	0.000623128
7.71709e-09	0.000626891
7.71765e-09	0.000630586
7.71822e-09	0.000634214
7.71878e-09	0.000637776
7.71935e-09	0.00064127
7.71991e-09	0.000644698
7.72047e-09	0.000648059
7.72104e-09	0.000651353
7.7216e-09	0.00065458
7.72217e-09	0.00065774
7.72273e-09	0.000660833
7.72329e-09	0.00066386
7.72386e-09	0.000666819
7.72442e-09	0.000669713
7.72499e-09	0.000672539
7.72555e-09	0.000675299
7.72612e-09	0.000677993
7.72668e-09	0.00068062
7.72724e-09	0.000683181
7.72781e-09	0.000685675
7.72837e-09	0.000688104
7.72894e-09	0.000690466
7.7295e-09	0.000692763
7.73007e-09	0.000694993
7.73063e-09	0.000697158
7.73119e-09	0.000699257
7.73176e-09	0.000701291
7.73232e-09	0.000703259
7.73289e-09	0.000705162
7.73345e-09	0.000707
7.73402e-09	0.000708773
7.73458e-09	0.000710481
7.73514e-09	0.000712124
7.73571e-09	0.000713703
7.73627e-09	0.000715217
7.73684e-09	0.000716667
7.7374e-09	0.000718053
7.73797e-09	0.000719375
7.73853e-09	0.000720634
7.73909e-09	0.000721828
7.73966e-09	0.00072296
7.74022e-09	0.000724028
7.74079e-09	0.000725033
7.74135e-09	0.000725976
7.74192e-09	0.000726855
7.74248e-09	0.000727673
7.74304e-09	0.000728428
7.74361e-09	0.000729121
7.74417e-09	0.000729753
7.74474e-09	0.000730322
7.7453e-09	0.000730831
7.74587e-09	0.000731279
7.74643e-09	0.000731665
7.74699e-09	0.000731991
7.74756e-09	0.000732257
7.74812e-09	0.000732462
7.74869e-09	0.000732608
7.74925e-09	0.000732694
7.74982e-09	0.00073272
7.75038e-09	0.000732688
7.75094e-09	0.000732596
7.75151e-09	0.000732446
7.75207e-09	0.000732238
7.75264e-09	0.000731971
7.7532e-09	0.000731647
7.75376e-09	0.000731266
7.75433e-09	0.000730827
7.75489e-09	0.000730331
7.75546e-09	0.000729778
7.75602e-09	0.00072917
7.75659e-09	0.000728505
7.75715e-09	0.000727784
7.75771e-09	0.000727009
7.75828e-09	0.000726178
7.75884e-09	0.000725292
7.75941e-09	0.000724351
7.75997e-09	0.000723357
7.76054e-09	0.000722308
7.7611e-09	0.000721206
7.76166e-09	0.000720051
7.76223e-09	0.000718843
7.76279e-09	0.000717583
7.76336e-09	0.00071627
7.76392e-09	0.000714905
7.76449e-09	0.000713489
7.76505e-09	0.000712022
7.76561e-09	0.000710504
7.76618e-09	0.000708935
7.76674e-09	0.000707316
7.76731e-09	0.000705647
7.76787e-09	0.000703929
7.76844e-09	0.000702162
7.769e-09	0.000700346
7.76956e-09	0.000698482
7.77013e-09	0.00069657
7.77069e-09	0.00069461
7.77126e-09	0.000692603
7.77182e-09	0.000690549
7.77239e-09	0.000688448
7.77295e-09	0.000686302
7.77351e-09	0.000684109
7.77408e-09	0.000681871
7.77464e-09	0.000679589
7.77521e-09	0.000677261
7.77577e-09	0.00067489
7.77634e-09	0.000672475
7.7769e-09	0.000670016
7.77746e-09	0.000667514
7.77803e-09	0.000664969
7.77859e-09	0.000662383
7.77916e-09	0.000659754
7.77972e-09	0.000657084
7.78029e-09	0.000654373
7.78085e-09	0.000651621
7.78141e-09	0.000648829
7.78198e-09	0.000645997
7.78254e-09	0.000643126
7.78311e-09	0.000640216
7.78367e-09	0.000637267
7.78423e-09	0.00063428
7.7848e-09	0.000631255
7.78536e-09	0.000628193
7.78593e-09	0.000625093
7.78649e-09	0.000621957
7.78706e-09	0.000618786
7.78762e-09	0.000615578
7.78818e-09	0.000612335
7.78875e-09	0.000609057
7.78931e-09	0.000605745
7.78988e-09	0.000602399
7.79044e-09	0.000599019
7.79101e-09	0.000595606
7.79157e-09	0.00059216
7.79213e-09	0.000588682
7.7927e-09	0.000585172
7.79326e-09	0.00058163
7.79383e-09	0.000578058
7.79439e-09	0.000574454
7.79496e-09	0.000570821
7.79552e-09	0.000567158
7.79608e-09	0.000563465
7.79665e-09	0.000559744
7.79721e-09	0.000555994
7.79778e-09	0.000552216
7.79834e-09	0.000548411
7.79891e-09	0.000544578
7.79947e-09	0.000540719
7.80003e-09	0.000536833
7.8006e-09	0.000532922
7.80116e-09	0.000528985
7.80173e-09	0.000525023
7.80229e-09	0.000521036
7.80286e-09	0.000517026
7.80342e-09	0.000512991
7.80398e-09	0.000508934
7.80455e-09	0.000504853
7.80511e-09	0.00050075
7.80568e-09	0.000496625
7.80624e-09	0.000492479
7.80681e-09	0.000488312
7.80737e-09	0.000484124
7.80793e-09	0.000479915
7.8085e-09	0.000475687
7.80906e-09	0.000471439
7.80963e-09	0.000467173
7.81019e-09	0.000462888
7.81076e-09	0.000458585
7.81132e-09	0.000454264
7.81188e-09	0.000449926
7.81245e-09	0.000445572
7.81301e-09	0.0004412
7.81358e-09	0.000436813
7.81414e-09	0.000432411
7.8147e-09	0.000427993
7.81527e-09	0.000423561
7.81583e-09	0.000419115
7.8164e-09	0.000414655
7.81696e-09	0.000410181
7.81753e-09	0.000405695
7.81809e-09	0.000401196
7.81865e-09	0.000396684
7.81922e-09	0.000392162
7.81978e-09	0.000387628
7.82035e-09	0.000383083
7.82091e-09	0.000378527
7.82148e-09	0.000373962
7.82204e-09	0.000369387
7.8226e-09	0.000364803
7.82317e-09	0.00036021
7.82373e-09	0.000355609
7.8243e-09	0.000351
7.82486e-09	0.000346383
7.82543e-09	0.000341759
7.82599e-09	0.000337129
7.82655e-09	0.000332492
7.82712e-09	0.00032785
7.82768e-09	0.000323202
7.82825e-09	0.000318548
7.82881e-09	0.00031389
7.82938e-09	0.000309228
7.82994e-09	0.000304562
7.8305e-09	0.000299893
7.83107e-09	0.00029522
7.83163e-09	0.000290544
7.8322e-09	0.000285867
7.83276e-09	0.000281187
7.83333e-09	0.000276506
7.83389e-09	0.000271824
7.83445e-09	0.000267141
7.83502e-09	0.000262458
7.83558e-09	0.000257774
7.83615e-09	0.000253091
7.83671e-09	0.000248409
7.83728e-09	0.000243728
7.83784e-09	0.000239048
7.8384e-09	0.000234371
7.83897e-09	0.000229696
7.83953e-09	0.000225023
7.8401e-09	0.000220353
7.84066e-09	0.000215687
7.84123e-09	0.000211024
7.84179e-09	0.000206366
7.84235e-09	0.000201712
7.84292e-09	0.000197063
7.84348e-09	0.000192419
7.84405e-09	0.00018778
7.84461e-09	0.000183148
7.84517e-09	0.000178521
7.84574e-09	0.000173902
7.8463e-09	0.000169289
7.84687e-09	0.000164683
7.84743e-09	0.000160085
7.848e-09	0.000155495
7.84856e-09	0.000150914
7.84912e-09	0.000146341
7.84969e-09	0.000141777
7.85025e-09	0.000137222
7.85082e-09	0.000132677
7.85138e-09	0.000128141
7.85195e-09	0.000123617
7.85251e-09	0.000119102
7.85307e-09	0.000114599
7.85364e-09	0.000110107
7.8542e-09	0.000105626
7.85477e-09	0.000101157
7.85533e-09	9.67006e-05
7.8559e-09	9.22564e-05
7.85646e-09	8.78251e-05
7.85702e-09	8.34068e-05
7.85759e-09	7.90019e-05
7.85815e-09	7.46107e-05
7.85872e-09	7.02335e-05
7.85928e-09	6.58706e-05
7.85985e-09	6.15222e-05
7.86041e-09	5.71887e-05
7.86097e-09	5.28703e-05
7.86154e-09	4.85673e-05
7.8621e-09	4.428e-05
7.86267e-09	4.00087e-05
7.86323e-09	3.57536e-05
7.8638e-09	3.15151e-05
7.86436e-09	2.72934e-05
7.86492e-09	2.30887e-05
7.86549e-09	1.89013e-05
7.86605e-09	1.47316e-05
7.86662e-09	1.05797e-05
7.86718e-09	6.44586e-06
7.86775e-09	2.33042e-06
7.86831e-09	-1.76641e-06
7.86887e-09	-5.84439e-06
7.86944e-09	-9.90325e-06
7.87e-09	-1.39428e-05
7.87057e-09	-1.79627e-05
7.87113e-09	-2.19628e-05
7.8717e-09	-2.59428e-05
7.87226e-09	-2.99026e-05
7.87282e-09	-3.38418e-05
7.87339e-09	-3.77602e-05
7.87395e-09	-4.16577e-05
7.87452e-09	-4.55339e-05
7.87508e-09	-4.93888e-05
7.87564e-09	-5.3222e-05
7.87621e-09	-5.70334e-05
7.87677e-09	-6.08227e-05
7.87734e-09	-6.45897e-05
7.8779e-09	-6.83342e-05
7.87847e-09	-7.20561e-05
7.87903e-09	-7.57551e-05
7.87959e-09	-7.9431e-05
7.88016e-09	-8.30837e-05
7.88072e-09	-8.67129e-05
7.88129e-09	-9.03184e-05
7.88185e-09	-9.39001e-05
7.88242e-09	-9.74578e-05
7.88298e-09	-0.000100991
7.88354e-09	-0.0001045
7.88411e-09	-0.000107985
7.88467e-09	-0.000111445
7.88524e-09	-0.00011488
7.8858e-09	-0.00011829
7.88637e-09	-0.000121674
7.88693e-09	-0.000125034
7.88749e-09	-0.000128367
7.88806e-09	-0.000131675
7.88862e-09	-0.000134958
7.88919e-09	-0.000138214
7.88975e-09	-0.000141444
7.89032e-09	-0.000144648
7.89088e-09	-0.000147825
7.89144e-09	-0.000150976
7.89201e-09	-0.0001541
7.89257e-09	-0.000157197
7.89314e-09	-0.000160268
7.8937e-09	-0.000163311
7.89427e-09	-0.000166327
7.89483e-09	-0.000169316
7.89539e-09	-0.000172277
7.89596e-09	-0.000175211
7.89652e-09	-0.000178117
7.89709e-09	-0.000180995
7.89765e-09	-0.000183845
7.89822e-09	-0.000186667
7.89878e-09	-0.000189462
7.89934e-09	-0.000192228
7.89991e-09	-0.000194965
7.90047e-09	-0.000197675
7.90104e-09	-0.000200355
7.9016e-09	-0.000203008
7.90217e-09	-0.000205631
7.90273e-09	-0.000208226
7.90329e-09	-0.000210792
7.90386e-09	-0.000213329
7.90442e-09	-0.000215837
7.90499e-09	-0.000218317
7.90555e-09	-0.000220767
7.90611e-09	-0.000223188
7.90668e-09	-0.000225579
7.90724e-09	-0.000227941
7.90781e-09	-0.000230274
7.90837e-09	-0.000232578
7.90894e-09	-0.000234852
7.9095e-09	-0.000237097
7.91006e-09	-0.000239312
7.91063e-09	-0.000241497
7.91119e-09	-0.000243653
7.91176e-09	-0.000245779
7.91232e-09	-0.000247875
7.91289e-09	-0.000249942
7.91345e-09	-0.000251979
7.91401e-09	-0.000253986
7.91458e-09	-0.000255963
7.91514e-09	-0.00025791
7.91571e-09	-0.000259827
7.91627e-09	-0.000261715
7.91684e-09	-0.000263572
7.9174e-09	-0.0002654
7.91796e-09	-0.000267198
7.91853e-09	-0.000268965
7.91909e-09	-0.000270703
7.91966e-09	-0.000272411
7.92022e-09	-0.000274088
7.92079e-09	-0.000275736
7.92135e-09	-0.000277354
7.92191e-09	-0.000278942
7.92248e-09	-0.0002805
7.92304e-09	-0.000282028
7.92361e-09	-0.000283526
7.92417e-09	-0.000284994
7.92474e-09	-0.000286432
7.9253e-09	-0.000287841
7.92586e-09	-0.000289219
7.92643e-09	-0.000290568
7.92699e-09	-0.000291887
7.92756e-09	-0.000293176
7.92812e-09	-0.000294436
7.92869e-09	-0.000295665
7.92925e-09	-0.000296866
7.92981e-09	-0.000298036
7.93038e-09	-0.000299177
7.93094e-09	-0.000300288
7.93151e-09	-0.00030137
7.93207e-09	-0.000302422
7.93264e-09	-0.000303445
7.9332e-09	-0.000304439
7.93376e-09	-0.000305404
7.93433e-09	-0.000306339
7.93489e-09	-0.000307245
7.93546e-09	-0.000308122
7.93602e-09	-0.000308969
7.93658e-09	-0.000309788
7.93715e-09	-0.000310578
7.93771e-09	-0.000311339
7.93828e-09	-0.000312072
7.93884e-09	-0.000312775
7.93941e-09	-0.00031345
7.93997e-09	-0.000314097
7.94053e-09	-0.000314715
7.9411e-09	-0.000315304
7.94166e-09	-0.000315866
7.94223e-09	-0.000316399
7.94279e-09	-0.000316904
7.94336e-09	-0.000317381
7.94392e-09	-0.00031783
7.94448e-09	-0.000318251
7.94505e-09	-0.000318644
7.94561e-09	-0.00031901
7.94618e-09	-0.000319348
7.94674e-09	-0.000319659
7.94731e-09	-0.000319942
7.94787e-09	-0.000320198
7.94843e-09	-0.000320427
7.949e-09	-0.000320629
7.94956e-09	-0.000320804
7.95013e-09	-0.000320952
7.95069e-09	-0.000321074
7.95126e-09	-0.000321168
7.95182e-09	-0.000321237
7.95238e-09	-0.000321279
7.95295e-09	-0.000321294
7.95351e-09	-0.000321284
7.95408e-09	-0.000321248
7.95464e-09	-0.000321185
7.95521e-09	-0.000321097
7.95577e-09	-0.000320984
7.95633e-09	-0.000320844
7.9569e-09	-0.00032068
7.95746e-09	-0.00032049
7.95803e-09	-0.000320275
7.95859e-09	-0.000320035
7.95916e-09	-0.000319771
7.95972e-09	-0.000319481
7.96028e-09	-0.000319168
7.96085e-09	-0.000318829
7.96141e-09	-0.000318467
7.96198e-09	-0.00031808
7.96254e-09	-0.000317669
7.9631e-09	-0.000317235
7.96367e-09	-0.000316776
7.96423e-09	-0.000316295
7.9648e-09	-0.000315789
7.96536e-09	-0.000315261
7.96593e-09	-0.000314709
7.96649e-09	-0.000314135
7.96705e-09	-0.000313538
7.96762e-09	-0.000312918
7.96818e-09	-0.000312275
7.96875e-09	-0.000311611
7.96931e-09	-0.000310924
7.96988e-09	-0.000310215
7.97044e-09	-0.000309484
7.971e-09	-0.000308732
7.97157e-09	-0.000307958
7.97213e-09	-0.000307163
7.9727e-09	-0.000306346
7.97326e-09	-0.000305509
7.97383e-09	-0.00030465
7.97439e-09	-0.000303771
7.97495e-09	-0.000302872
7.97552e-09	-0.000301952
7.97608e-09	-0.000301012
7.97665e-09	-0.000300052
7.97721e-09	-0.000299072
7.97778e-09	-0.000298072
7.97834e-09	-0.000297053
7.9789e-09	-0.000296015
7.97947e-09	-0.000294957
7.98003e-09	-0.000293881
7.9806e-09	-0.000292786
7.98116e-09	-0.000291672
7.98173e-09	-0.000290539
7.98229e-09	-0.000289389
7.98285e-09	-0.00028822
7.98342e-09	-0.000287034
7.98398e-09	-0.000285829
7.98455e-09	-0.000284608
7.98511e-09	-0.000283369
7.98568e-09	-0.000282112
7.98624e-09	-0.000280839
7.9868e-09	-0.000279549
7.98737e-09	-0.000278242
7.98793e-09	-0.000276919
7.9885e-09	-0.00027558
7.98906e-09	-0.000274224
7.98963e-09	-0.000272853
7.99019e-09	-0.000271466
7.99075e-09	-0.000270064
7.99132e-09	-0.000268646
7.99188e-09	-0.000267213
7.99245e-09	-0.000265765
7.99301e-09	-0.000264303
7.99357e-09	-0.000262826
7.99414e-09	-0.000261334
7.9947e-09	-0.000259828
7.99527e-09	-0.000258309
7.99583e-09	-0.000256775
7.9964e-09	-0.000255228
7.99696e-09	-0.000253668
7.99752e-09	-0.000252094
7.99809e-09	-0.000250507
7.99865e-09	-0.000248908
7.99922e-09	-0.000247296
7.99978e-09	-0.000245671
8.00035e-09	-0.000244034
8.00091e-09	-0.000242385
8.00147e-09	-0.000240724
8.00204e-09	-0.000239051
8.0026e-09	-0.000237367
8.00317e-09	-0.000235672
8.00373e-09	-0.000233965
8.0043e-09	-0.000232248
8.00486e-09	-0.000230519
8.00542e-09	-0.000228781
8.00599e-09	-0.000227031
8.00655e-09	-0.000225272
8.00712e-09	-0.000223503
8.00768e-09	-0.000221724
8.00825e-09	-0.000219935
8.00881e-09	-0.000218137
8.00937e-09	-0.00021633
8.00994e-09	-0.000214514
8.0105e-09	-0.000212689
8.01107e-09	-0.000210855
8.01163e-09	-0.000209013
8.0122e-09	-0.000207163
8.01276e-09	-0.000205304
8.01332e-09	-0.000203438
8.01389e-09	-0.000201564
8.01445e-09	-0.000199683
8.01502e-09	-0.000197794
8.01558e-09	-0.000195898
8.01615e-09	-0.000193995
8.01671e-09	-0.000192086
8.01727e-09	-0.00019017
8.01784e-09	-0.000188247
8.0184e-09	-0.000186319
8.01897e-09	-0.000184384
8.01953e-09	-0.000182444
8.0201e-09	-0.000180498
8.02066e-09	-0.000178547
8.02122e-09	-0.00017659
8.02179e-09	-0.000174628
8.02235e-09	-0.000172662
8.02292e-09	-0.000170691
8.02348e-09	-0.000168715
8.02404e-09	-0.000166735
8.02461e-09	-0.000164751
8.02517e-09	-0.000162763
8.02574e-09	-0.000160771
8.0263e-09	-0.000158776
8.02687e-09	-0.000156777
8.02743e-09	-0.000154775
8.02799e-09	-0.000152769
8.02856e-09	-0.000150761
8.02912e-09	-0.000148751
8.02969e-09	-0.000146738
8.03025e-09	-0.000144722
8.03082e-09	-0.000142704
8.03138e-09	-0.000140685
8.03194e-09	-0.000138663
8.03251e-09	-0.00013664
8.03307e-09	-0.000134615
8.03364e-09	-0.000132589
8.0342e-09	-0.000130562
8.03477e-09	-0.000128534
8.03533e-09	-0.000126506
8.03589e-09	-0.000124476
8.03646e-09	-0.000122446
8.03702e-09	-0.000120416
8.03759e-09	-0.000118386
8.03815e-09	-0.000116356
8.03872e-09	-0.000114326
8.03928e-09	-0.000112297
8.03984e-09	-0.000110268
8.04041e-09	-0.000108239
8.04097e-09	-0.000106212
8.04154e-09	-0.000104186
8.0421e-09	-0.000102161
8.04267e-09	-0.000100137
8.04323e-09	-9.81148e-05
8.04379e-09	-9.60943e-05
8.04436e-09	-9.40757e-05
8.04492e-09	-9.2059e-05
8.04549e-09	-9.00445e-05
8.04605e-09	-8.80323e-05
8.04662e-09	-8.60226e-05
8.04718e-09	-8.40155e-05
8.04774e-09	-8.20112e-05
8.04831e-09	-8.00098e-05
8.04887e-09	-7.80114e-05
8.04944e-09	-7.60163e-05
8.05e-09	-7.40245e-05
8.05057e-09	-7.20363e-05
8.05113e-09	-7.00517e-05
8.05169e-09	-6.80709e-05
8.05226e-09	-6.60941e-05
8.05282e-09	-6.41214e-05
8.05339e-09	-6.21529e-05
8.05395e-09	-6.01888e-05
8.05451e-09	-5.82292e-05
8.05508e-09	-5.62742e-05
8.05564e-09	-5.43241e-05
8.05621e-09	-5.23788e-05
8.05677e-09	-5.04387e-05
8.05734e-09	-4.85037e-05
8.0579e-09	-4.65741e-05
8.05846e-09	-4.46499e-05
8.05903e-09	-4.27314e-05
8.05959e-09	-4.08186e-05
8.06016e-09	-3.89116e-05
8.06072e-09	-3.70106e-05
8.06129e-09	-3.51158e-05
8.06185e-09	-3.32271e-05
8.06241e-09	-3.13449e-05
8.06298e-09	-2.94691e-05
8.06354e-09	-2.76e-05
8.06411e-09	-2.57375e-05
8.06467e-09	-2.3882e-05
8.06524e-09	-2.20334e-05
8.0658e-09	-2.01919e-05
8.06636e-09	-1.83576e-05
8.06693e-09	-1.65306e-05
8.06749e-09	-1.47111e-05
8.06806e-09	-1.28991e-05
8.06862e-09	-1.10948e-05
8.06919e-09	-9.29825e-06
8.06975e-09	-7.5096e-06
8.07031e-09	-5.72895e-06
8.07088e-09	-3.9564e-06
8.07144e-09	-2.19206e-06
8.07201e-09	-4.3604e-07
8.07257e-09	1.31156e-06
8.07314e-09	3.05065e-06
8.0737e-09	4.78111e-06
8.07426e-09	6.50284e-06
8.07483e-09	8.21575e-06
8.07539e-09	9.91974e-06
8.07596e-09	1.16147e-05
8.07652e-09	1.33006e-05
8.07709e-09	1.49772e-05
8.07765e-09	1.66446e-05
8.07821e-09	1.83025e-05
8.07878e-09	1.9951e-05
8.07934e-09	2.15899e-05
8.07991e-09	2.32191e-05
8.08047e-09	2.48386e-05
8.08104e-09	2.64482e-05
8.0816e-09	2.80479e-05
8.08216e-09	2.96376e-05
8.08273e-09	3.12172e-05
8.08329e-09	3.27867e-05
8.08386e-09	3.43459e-05
8.08442e-09	3.58948e-05
8.08498e-09	3.74333e-05
8.08555e-09	3.89613e-05
8.08611e-09	4.04787e-05
8.08668e-09	4.19855e-05
8.08724e-09	4.34816e-05
8.08781e-09	4.4967e-05
8.08837e-09	4.64415e-05
8.08893e-09	4.7905e-05
8.0895e-09	4.93576e-05
8.09006e-09	5.07992e-05
8.09063e-09	5.22297e-05
8.09119e-09	5.36489e-05
8.09176e-09	5.5057e-05
8.09232e-09	5.64537e-05
8.09288e-09	5.78391e-05
8.09345e-09	5.9213e-05
8.09401e-09	6.05755e-05
8.09458e-09	6.19265e-05
8.09514e-09	6.32658e-05
8.09571e-09	6.45936e-05
8.09627e-09	6.59096e-05
8.09683e-09	6.72139e-05
8.0974e-09	6.85064e-05
8.09796e-09	6.9787e-05
8.09853e-09	7.10558e-05
8.09909e-09	7.23126e-05
8.09966e-09	7.35574e-05
8.10022e-09	7.47902e-05
8.10078e-09	7.60109e-05
8.10135e-09	7.72195e-05
8.10191e-09	7.8416e-05
8.10248e-09	7.96003e-05
8.10304e-09	8.07723e-05
8.10361e-09	8.1932e-05
8.10417e-09	8.30795e-05
8.10473e-09	8.42146e-05
8.1053e-09	8.53373e-05
8.10586e-09	8.64477e-05
8.10643e-09	8.75456e-05
8.10699e-09	8.8631e-05
8.10756e-09	8.97039e-05
8.10812e-09	9.07643e-05
8.10868e-09	9.18122e-05
8.10925e-09	9.28474e-05
8.10981e-09	9.38701e-05
8.11038e-09	9.48802e-05
8.11094e-09	9.58776e-05
8.11151e-09	9.68623e-05
8.11207e-09	9.78344e-05
8.11263e-09	9.87937e-05
8.1132e-09	9.97403e-05
8.11376e-09	0.000100674
8.11433e-09	0.000101595
8.11489e-09	0.000102504
8.11545e-09	0.000103399
8.11602e-09	0.000104282
8.11658e-09	0.000105152
8.11715e-09	0.000106009
8.11771e-09	0.000106854
8.11828e-09	0.000107685
8.11884e-09	0.000108504
8.1194e-09	0.00010931
8.11997e-09	0.000110103
8.12053e-09	0.000110883
8.1211e-09	0.00011165
8.12166e-09	0.000112405
8.12223e-09	0.000113147
8.12279e-09	0.000113875
8.12335e-09	0.000114591
8.12392e-09	0.000115295
8.12448e-09	0.000115985
8.12505e-09	0.000116662
8.12561e-09	0.000117327
8.12618e-09	0.000117979
8.12674e-09	0.000118618
8.1273e-09	0.000119244
8.12787e-09	0.000119858
8.12843e-09	0.000120458
8.129e-09	0.000121046
8.12956e-09	0.000121621
8.13013e-09	0.000122184
8.13069e-09	0.000122734
8.13125e-09	0.000123271
8.13182e-09	0.000123795
8.13238e-09	0.000124307
8.13295e-09	0.000124806
8.13351e-09	0.000125292
8.13408e-09	0.000125766
8.13464e-09	0.000126227
8.1352e-09	0.000126676
8.13577e-09	0.000127112
8.13633e-09	0.000127536
8.1369e-09	0.000127947
8.13746e-09	0.000128345
8.13803e-09	0.000128732
8.13859e-09	0.000129106
8.13915e-09	0.000129467
8.13972e-09	0.000129816
8.14028e-09	0.000130153
8.14085e-09	0.000130478
8.14141e-09	0.00013079
8.14198e-09	0.00013109
8.14254e-09	0.000131378
8.1431e-09	0.000131654
8.14367e-09	0.000131918
8.14423e-09	0.00013217
8.1448e-09	0.000132409
8.14536e-09	0.000132637
8.14592e-09	0.000132853
8.14649e-09	0.000133057
8.14705e-09	0.000133249
8.14762e-09	0.000133429
8.14818e-09	0.000133597
8.14875e-09	0.000133754
8.14931e-09	0.000133899
8.14987e-09	0.000134032
8.15044e-09	0.000134154
8.151e-09	0.000134264
8.15157e-09	0.000134363
8.15213e-09	0.00013445
8.1527e-09	0.000134526
8.15326e-09	0.00013459
8.15382e-09	0.000134644
8.15439e-09	0.000134685
8.15495e-09	0.000134716
8.15552e-09	0.000134736
8.15608e-09	0.000134744
8.15665e-09	0.000134742
8.15721e-09	0.000134728
8.15777e-09	0.000134703
8.15834e-09	0.000134668
8.1589e-09	0.000134622
8.15947e-09	0.000134565
8.16003e-09	0.000134497
8.1606e-09	0.000134419
8.16116e-09	0.00013433
8.16172e-09	0.00013423
8.16229e-09	0.00013412
8.16285e-09	0.000134
8.16342e-09	0.000133869
8.16398e-09	0.000133728
8.16455e-09	0.000133577
8.16511e-09	0.000133416
8.16567e-09	0.000133244
8.16624e-09	0.000133063
8.1668e-09	0.000132871
8.16737e-09	0.00013267
8.16793e-09	0.000132458
8.1685e-09	0.000132237
8.16906e-09	0.000132007
8.16962e-09	0.000131766
8.17019e-09	0.000131516
8.17075e-09	0.000131257
8.17132e-09	0.000130988
8.17188e-09	0.000130709
8.17245e-09	0.000130422
8.17301e-09	0.000130125
8.17357e-09	0.000129819
8.17414e-09	0.000129504
8.1747e-09	0.00012918
8.17527e-09	0.000128846
8.17583e-09	0.000128504
8.17639e-09	0.000128154
8.17696e-09	0.000127794
8.17752e-09	0.000127426
8.17809e-09	0.000127049
8.17865e-09	0.000126664
8.17922e-09	0.00012627
8.17978e-09	0.000125868
8.18034e-09	0.000125457
8.18091e-09	0.000125039
8.18147e-09	0.000124612
8.18204e-09	0.000124177
8.1826e-09	0.000123734
8.18317e-09	0.000123283
8.18373e-09	0.000122825
8.18429e-09	0.000122358
8.18486e-09	0.000121884
