0	0
5.30379e-14	-3.97929e-05
1.06076e-13	-3.98963e-05
1.59114e-13	-3.99997e-05
2.12152e-13	-4.01031e-05
2.6519e-13	-4.02065e-05
3.18227e-13	-4.03099e-05
3.71265e-13	-4.04133e-05
4.24303e-13	-4.05167e-05
4.77341e-13	-4.06202e-05
5.30379e-13	-4.07237e-05
5.83417e-13	-4.08271e-05
6.36455e-13	-4.09306e-05
6.89493e-13	-4.10341e-05
7.42531e-13	-4.11376e-05
7.95569e-13	-4.12412e-05
8.48607e-13	-4.13447e-05
9.01644e-13	-4.14482e-05
9.54682e-13	-4.15518e-05
1.00772e-12	-4.16554e-05
1.06076e-12	-4.1759e-05
1.1138e-12	-4.18626e-05
1.16683e-12	-4.19662e-05
1.21987e-12	-4.20698e-05
1.27291e-12	-4.21734e-05
1.32595e-12	-4.22771e-05
1.37899e-12	-4.23807e-05
1.43202e-12	-4.24844e-05
1.48506e-12	-4.25881e-05
1.5381e-12	-4.26918e-05
1.59114e-12	-4.27955e-05
1.64418e-12	-4.28992e-05
1.69721e-12	-4.30029e-05
1.75025e-12	-4.31066e-05
1.80329e-12	-4.32104e-05
1.85633e-12	-4.33141e-05
1.90936e-12	-4.34179e-05
1.9624e-12	-4.35217e-05
2.01544e-12	-4.36255e-05
2.06848e-12	-4.37293e-05
2.12152e-12	-4.38331e-05
2.17455e-12	-4.39369e-05
2.22759e-12	-4.40407e-05
2.28063e-12	-4.41446e-05
2.33367e-12	-4.42484e-05
2.38671e-12	-4.43523e-05
2.43974e-12	-4.44561e-05
2.49278e-12	-4.456e-05
2.54582e-12	-4.46639e-05
2.59886e-12	-4.47678e-05
2.6519e-12	-4.48717e-05
2.70493e-12	-4.49756e-05
2.75797e-12	-4.50796e-05
2.81101e-12	-4.51835e-05
2.86405e-12	-4.52875e-05
2.91708e-12	-4.53914e-05
2.97012e-12	-4.54954e-05
3.02316e-12	-4.55994e-05
3.0762e-12	-4.57033e-05
3.12924e-12	-4.58073e-05
3.18227e-12	-4.59113e-05
3.23531e-12	-4.60154e-05
3.28835e-12	-4.61194e-05
3.34139e-12	-4.62234e-05
3.39443e-12	-4.63275e-05
3.44746e-12	-4.64315e-05
3.5005e-12	-4.65356e-05
3.55354e-12	-4.66396e-05
3.60658e-12	-4.67437e-05
3.65962e-12	-4.68478e-05
3.71265e-12	-4.69519e-05
3.76569e-12	-4.7056e-05
3.81873e-12	-4.71601e-05
3.87177e-12	-4.72642e-05
3.92481e-12	-4.73683e-05
3.97784e-12	-4.74725e-05
4.03088e-12	-4.75766e-05
4.08392e-12	-4.76807e-05
4.13696e-12	-4.77849e-05
4.18999e-12	-4.78891e-05
4.24303e-12	-4.79932e-05
4.29607e-12	-4.80974e-05
4.34911e-12	-4.82016e-05
4.40215e-12	-4.83058e-05
4.45518e-12	-4.841e-05
4.50822e-12	-4.85142e-05
4.56126e-12	-4.86184e-05
4.6143e-12	-4.87226e-05
4.66734e-12	-4.88269e-05
4.72037e-12	-4.89311e-05
4.77341e-12	-4.90354e-05
4.82645e-12	-4.91396e-05
4.87949e-12	-4.92439e-05
4.93253e-12	-4.93481e-05
4.98556e-12	-4.94524e-05
5.0386e-12	-4.95567e-05
5.09164e-12	-4.9661e-05
5.14468e-12	-4.97652e-05
5.19771e-12	-4.98695e-05
5.25075e-12	-4.99738e-05
5.30379e-12	-5.00782e-05
5.35683e-12	-5.01825e-05
5.40987e-12	-5.02868e-05
5.4629e-12	-5.03911e-05
5.51594e-12	-5.04955e-05
5.56898e-12	-5.05998e-05
5.62202e-12	-5.07041e-05
5.67506e-12	-5.08085e-05
5.72809e-12	-5.09129e-05
5.78113e-12	-5.10172e-05
5.83417e-12	-5.11216e-05
5.88721e-12	-5.1226e-05
5.94025e-12	-5.13303e-05
5.99328e-12	-5.14347e-05
6.04632e-12	-5.15391e-05
6.09936e-12	-5.16435e-05
6.1524e-12	-5.17479e-05
6.20544e-12	-5.18523e-05
6.25847e-12	-5.19567e-05
6.31151e-12	-5.20611e-05
6.36455e-12	-5.21656e-05
6.41759e-12	-5.227e-05
6.47062e-12	-5.23744e-05
6.52366e-12	-5.24788e-05
6.5767e-12	-5.25833e-05
6.62974e-12	-5.26877e-05
6.68278e-12	-5.27922e-05
6.73581e-12	-5.28966e-05
6.78885e-12	-5.30011e-05
6.84189e-12	-5.31055e-05
6.89493e-12	-5.321e-05
6.94797e-12	-5.33145e-05
7.001e-12	-5.34189e-05
7.05404e-12	-5.35234e-05
7.10708e-12	-5.36279e-05
7.16012e-12	-5.37324e-05
7.21316e-12	-5.38369e-05
7.26619e-12	-5.39414e-05
7.31923e-12	-5.40458e-05
7.37227e-12	-5.41503e-05
7.42531e-12	-5.42548e-05
7.47834e-12	-5.43593e-05
7.53138e-12	-5.44639e-05
7.58442e-12	-5.45684e-05
7.63746e-12	-5.46729e-05
7.6905e-12	-5.47774e-05
7.74353e-12	-5.48819e-05
7.79657e-12	-5.49864e-05
7.84961e-12	-5.5091e-05
7.90265e-12	-5.51955e-05
7.95569e-12	-5.53e-05
8.00872e-12	-5.54046e-05
8.06176e-12	-5.55091e-05
8.1148e-12	-5.56136e-05
8.16784e-12	-5.57182e-05
8.22088e-12	-5.58227e-05
8.27391e-12	-5.59272e-05
8.32695e-12	-5.60318e-05
8.37999e-12	-5.61363e-05
8.43303e-12	-5.62409e-05
8.48607e-12	-5.63454e-05
8.5391e-12	-5.645e-05
8.59214e-12	-5.65546e-05
8.64518e-12	-5.66591e-05
8.69822e-12	-5.67637e-05
8.75125e-12	-5.68682e-05
8.80429e-12	-5.69728e-05
8.85733e-12	-5.70774e-05
8.91037e-12	-5.71819e-05
8.96341e-12	-5.72865e-05
9.01644e-12	-5.73911e-05
9.06948e-12	-5.74956e-05
9.12252e-12	-5.76002e-05
9.17556e-12	-5.77048e-05
9.2286e-12	-5.78093e-05
9.28163e-12	-5.79139e-05
9.33467e-12	-5.80185e-05
9.38771e-12	-5.8123e-05
9.44075e-12	-5.82276e-05
9.49379e-12	-5.83322e-05
9.54682e-12	-5.84368e-05
9.59986e-12	-5.85413e-05
9.6529e-12	-5.86459e-05
9.70594e-12	-5.87505e-05
9.75898e-12	-5.88551e-05
9.81201e-12	-5.89596e-05
9.86505e-12	-5.90642e-05
9.91809e-12	-5.91688e-05
9.97113e-12	-5.92734e-05
1.00242e-11	-5.93779e-05
1.00772e-11	-5.94825e-05
1.01302e-11	-5.95871e-05
1.01833e-11	-5.96917e-05
1.02363e-11	-5.97962e-05
1.02894e-11	-5.99008e-05
1.03424e-11	-6.00054e-05
1.03954e-11	-6.01099e-05
1.04485e-11	-6.02145e-05
1.05015e-11	-6.03191e-05
1.05545e-11	-6.04237e-05
1.06076e-11	-6.05282e-05
1.06606e-11	-6.06328e-05
1.07137e-11	-6.07373e-05
1.07667e-11	-6.08419e-05
1.08197e-11	-6.09465e-05
1.08728e-11	-6.1051e-05
1.09258e-11	-6.11556e-05
1.09788e-11	-6.12601e-05
1.10319e-11	-6.13647e-05
1.10849e-11	-6.14693e-05
1.1138e-11	-6.15738e-05
1.1191e-11	-6.16784e-05
1.1244e-11	-6.17829e-05
1.12971e-11	-6.18874e-05
1.13501e-11	-6.1992e-05
1.14032e-11	-6.20965e-05
1.14562e-11	-6.22011e-05
1.15092e-11	-6.23056e-05
1.15623e-11	-6.24101e-05
1.16153e-11	-6.25147e-05
1.16683e-11	-6.26192e-05
1.17214e-11	-6.27237e-05
1.17744e-11	-6.28283e-05
1.18275e-11	-6.29328e-05
1.18805e-11	-6.30373e-05
1.19335e-11	-6.31418e-05
1.19866e-11	-6.32463e-05
1.20396e-11	-6.33508e-05
1.20926e-11	-6.34553e-05
1.21457e-11	-6.35598e-05
1.21987e-11	-6.36643e-05
1.22518e-11	-6.37688e-05
1.23048e-11	-6.38733e-05
1.23578e-11	-6.39778e-05
1.24109e-11	-6.40823e-05
1.24639e-11	-6.41868e-05
1.25169e-11	-6.42912e-05
1.257e-11	-6.43957e-05
1.2623e-11	-6.45002e-05
1.26761e-11	-6.46047e-05
1.27291e-11	-6.47091e-05
1.27821e-11	-6.48136e-05
1.28352e-11	-6.4918e-05
1.28882e-11	-6.50225e-05
1.29412e-11	-6.51269e-05
1.29943e-11	-6.52314e-05
1.30473e-11	-6.53358e-05
1.31004e-11	-6.54402e-05
1.31534e-11	-6.55446e-05
1.32064e-11	-6.56491e-05
1.32595e-11	-6.57535e-05
1.33125e-11	-6.58579e-05
1.33656e-11	-6.59623e-05
1.34186e-11	-6.60667e-05
1.34716e-11	-6.61711e-05
1.35247e-11	-6.62755e-05
1.35777e-11	-6.63799e-05
1.36307e-11	-6.64842e-05
1.36838e-11	-6.65886e-05
1.37368e-11	-6.6693e-05
1.37899e-11	-6.67974e-05
1.38429e-11	-6.69017e-05
1.38959e-11	-6.70061e-05
1.3949e-11	-6.71104e-05
1.4002e-11	-6.72147e-05
1.4055e-11	-6.73191e-05
1.41081e-11	-6.74234e-05
1.41611e-11	-6.75277e-05
1.42142e-11	-6.7632e-05
1.42672e-11	-6.77363e-05
1.43202e-11	-6.78407e-05
1.43733e-11	-6.79449e-05
1.44263e-11	-6.80492e-05
1.44793e-11	-6.81535e-05
1.45324e-11	-6.82578e-05
1.45854e-11	-6.83621e-05
1.46385e-11	-6.84663e-05
1.46915e-11	-6.85706e-05
1.47445e-11	-6.86748e-05
1.47976e-11	-6.87791e-05
1.48506e-11	-6.88833e-05
1.49037e-11	-6.89875e-05
1.49567e-11	-6.90917e-05
1.50097e-11	-6.9196e-05
1.50628e-11	-6.93002e-05
1.51158e-11	-6.94044e-05
1.51688e-11	-6.95085e-05
1.52219e-11	-6.96127e-05
1.52749e-11	-6.97169e-05
1.5328e-11	-6.98211e-05
1.5381e-11	-6.99252e-05
1.5434e-11	-7.00294e-05
1.54871e-11	-7.01335e-05
1.55401e-11	-7.02376e-05
1.55931e-11	-7.03418e-05
1.56462e-11	-7.04459e-05
1.56992e-11	-7.055e-05
1.57523e-11	-7.06541e-05
1.58053e-11	-7.07582e-05
1.58583e-11	-7.08623e-05
1.59114e-11	-7.09663e-05
1.59644e-11	-7.10704e-05
1.60174e-11	-7.11745e-05
1.60705e-11	-7.12785e-05
1.61235e-11	-7.13826e-05
1.61766e-11	-7.14866e-05
1.62296e-11	-7.15906e-05
1.62826e-11	-7.16946e-05
1.63357e-11	-7.17986e-05
1.63887e-11	-7.19026e-05
1.64418e-11	-7.20066e-05
1.64948e-11	-7.21106e-05
1.65478e-11	-7.22145e-05
1.66009e-11	-7.23185e-05
1.66539e-11	-7.24224e-05
1.67069e-11	-7.25264e-05
1.676e-11	-7.26303e-05
1.6813e-11	-7.27342e-05
1.68661e-11	-7.28381e-05
1.69191e-11	-7.2942e-05
1.69721e-11	-7.30459e-05
1.70252e-11	-7.31497e-05
1.70782e-11	-7.32536e-05
1.71312e-11	-7.33575e-05
1.71843e-11	-7.34613e-05
1.72373e-11	-7.35651e-05
1.72904e-11	-7.36689e-05
1.73434e-11	-7.37728e-05
1.73964e-11	-7.38766e-05
1.74495e-11	-7.39803e-05
1.75025e-11	-7.40841e-05
1.75555e-11	-7.41879e-05
1.76086e-11	-7.42916e-05
1.76616e-11	-7.43954e-05
1.77147e-11	-7.44991e-05
1.77677e-11	-7.46028e-05
1.78207e-11	-7.47065e-05
1.78738e-11	-7.48102e-05
1.79268e-11	-7.49139e-05
1.79799e-11	-7.50176e-05
1.80329e-11	-7.51213e-05
1.80859e-11	-7.52249e-05
1.8139e-11	-7.53285e-05
1.8192e-11	-7.54322e-05
1.8245e-11	-7.55358e-05
1.82981e-11	-7.56394e-05
1.83511e-11	-7.5743e-05
1.84042e-11	-7.58465e-05
1.84572e-11	-7.59501e-05
1.85102e-11	-7.60536e-05
1.85633e-11	-7.61572e-05
1.86163e-11	-7.62607e-05
1.86693e-11	-7.63642e-05
1.87224e-11	-7.64677e-05
1.87754e-11	-7.65712e-05
1.88285e-11	-7.66747e-05
1.88815e-11	-7.67781e-05
1.89345e-11	-7.68816e-05
1.89876e-11	-7.6985e-05
1.90406e-11	-7.70885e-05
1.90936e-11	-7.71919e-05
1.91467e-11	-7.72952e-05
1.91997e-11	-7.73986e-05
1.92528e-11	-7.7502e-05
1.93058e-11	-7.76053e-05
1.93588e-11	-7.77087e-05
1.94119e-11	-7.7812e-05
1.94649e-11	-7.79153e-05
1.9518e-11	-7.80186e-05
1.9571e-11	-7.81219e-05
1.9624e-11	-7.82252e-05
1.96771e-11	-7.83284e-05
1.97301e-11	-7.84317e-05
1.97831e-11	-7.85349e-05
1.98362e-11	-7.86381e-05
1.98892e-11	-7.87413e-05
1.99423e-11	-7.88445e-05
1.99953e-11	-7.89477e-05
2.00483e-11	-7.90508e-05
2.01014e-11	-7.91539e-05
2.01544e-11	-7.92571e-05
2.02074e-11	-7.93602e-05
2.02605e-11	-7.94633e-05
2.03135e-11	-7.95663e-05
2.03666e-11	-7.96694e-05
2.04196e-11	-7.97724e-05
2.04726e-11	-7.98755e-05
2.05257e-11	-7.99785e-05
2.05787e-11	-8.00815e-05
2.06317e-11	-8.01845e-05
2.06848e-11	-8.02874e-05
2.07378e-11	-8.03904e-05
2.07909e-11	-8.04933e-05
2.08439e-11	-8.05962e-05
2.08969e-11	-8.06992e-05
2.095e-11	-8.0802e-05
2.1003e-11	-8.09049e-05
2.1056e-11	-8.10078e-05
2.11091e-11	-8.11106e-05
2.11621e-11	-8.12134e-05
2.12152e-11	-8.13162e-05
2.12682e-11	-8.1419e-05
2.13212e-11	-8.15218e-05
2.13743e-11	-8.16245e-05
2.14273e-11	-8.17273e-05
2.14804e-11	-8.183e-05
2.15334e-11	-8.19327e-05
2.15864e-11	-8.20354e-05
2.16395e-11	-8.21381e-05
2.16925e-11	-8.22407e-05
2.17455e-11	-8.23434e-05
2.17986e-11	-8.2446e-05
2.18516e-11	-8.25486e-05
2.19047e-11	-8.26512e-05
2.19577e-11	-8.27537e-05
2.20107e-11	-8.28563e-05
2.20638e-11	-8.29588e-05
2.21168e-11	-8.30613e-05
2.21698e-11	-8.31638e-05
2.22229e-11	-8.32663e-05
2.22759e-11	-8.33687e-05
2.2329e-11	-8.34712e-05
2.2382e-11	-8.35736e-05
2.2435e-11	-8.3676e-05
2.24881e-11	-8.37784e-05
2.25411e-11	-8.38807e-05
2.25941e-11	-8.39831e-05
2.26472e-11	-8.40854e-05
2.27002e-11	-8.41877e-05
2.27533e-11	-8.429e-05
2.28063e-11	-8.43923e-05
2.28593e-11	-8.44945e-05
2.29124e-11	-8.45968e-05
2.29654e-11	-8.4699e-05
2.30185e-11	-8.48012e-05
2.30715e-11	-8.49033e-05
2.31245e-11	-8.50055e-05
2.31776e-11	-8.51076e-05
2.32306e-11	-8.52097e-05
2.32836e-11	-8.53118e-05
2.33367e-11	-8.54139e-05
2.33897e-11	-8.5516e-05
2.34428e-11	-8.5618e-05
2.34958e-11	-8.572e-05
2.35488e-11	-8.5822e-05
2.36019e-11	-8.5924e-05
2.36549e-11	-8.60259e-05
2.37079e-11	-8.61279e-05
2.3761e-11	-8.62298e-05
2.3814e-11	-8.63317e-05
2.38671e-11	-8.64336e-05
2.39201e-11	-8.65354e-05
2.39731e-11	-8.66372e-05
2.40262e-11	-8.67391e-05
2.40792e-11	-8.68408e-05
2.41322e-11	-8.69426e-05
2.41853e-11	-8.70444e-05
2.42383e-11	-8.71461e-05
2.42914e-11	-8.72478e-05
2.43444e-11	-8.73495e-05
2.43974e-11	-8.74511e-05
2.44505e-11	-8.75528e-05
2.45035e-11	-8.76544e-05
2.45566e-11	-8.7756e-05
2.46096e-11	-8.78576e-05
2.46626e-11	-8.79591e-05
2.47157e-11	-8.80607e-05
2.47687e-11	-8.81622e-05
2.48217e-11	-8.82637e-05
2.48748e-11	-8.83651e-05
2.49278e-11	-8.84666e-05
2.49809e-11	-8.8568e-05
2.50339e-11	-8.86694e-05
2.50869e-11	-8.87708e-05
2.514e-11	-8.88721e-05
2.5193e-11	-8.89734e-05
2.5246e-11	-8.90748e-05
2.52991e-11	-8.9176e-05
2.53521e-11	-8.92773e-05
2.54052e-11	-8.93785e-05
2.54582e-11	-8.94798e-05
2.55112e-11	-8.95809e-05
2.55643e-11	-8.96821e-05
2.56173e-11	-8.97833e-05
2.56703e-11	-8.98844e-05
2.57234e-11	-8.99855e-05
2.57764e-11	-9.00866e-05
2.58295e-11	-9.01876e-05
2.58825e-11	-9.02887e-05
2.59355e-11	-9.03897e-05
2.59886e-11	-9.04906e-05
2.60416e-11	-9.05916e-05
2.60947e-11	-9.06925e-05
2.61477e-11	-9.07934e-05
2.62007e-11	-9.08943e-05
2.62538e-11	-9.09952e-05
2.63068e-11	-9.1096e-05
2.63598e-11	-9.11968e-05
2.64129e-11	-9.12976e-05
2.64659e-11	-9.13984e-05
2.6519e-11	-9.14991e-05
2.6572e-11	-9.15998e-05
2.6625e-11	-9.17005e-05
2.66781e-11	-9.18012e-05
2.67311e-11	-9.19018e-05
2.67841e-11	-9.20025e-05
2.68372e-11	-9.2103e-05
2.68902e-11	-9.22036e-05
2.69433e-11	-9.23041e-05
2.69963e-11	-9.24047e-05
2.70493e-11	-9.25051e-05
2.71024e-11	-9.26056e-05
2.71554e-11	-9.2706e-05
2.72084e-11	-9.28065e-05
2.72615e-11	-9.29068e-05
2.73145e-11	-9.30072e-05
2.73676e-11	-9.31075e-05
2.74206e-11	-9.32078e-05
2.74736e-11	-9.33081e-05
2.75267e-11	-9.34084e-05
2.75797e-11	-9.35086e-05
2.76327e-11	-9.36088e-05
2.76858e-11	-9.3709e-05
2.77388e-11	-9.38091e-05
2.77919e-11	-9.39092e-05
2.78449e-11	-9.40093e-05
2.78979e-11	-9.41094e-05
2.7951e-11	-9.42094e-05
2.8004e-11	-9.43095e-05
2.80571e-11	-9.44094e-05
2.81101e-11	-9.45094e-05
2.81631e-11	-9.46093e-05
2.82162e-11	-9.47093e-05
2.82692e-11	-9.48091e-05
2.83222e-11	-9.4909e-05
2.83753e-11	-9.50088e-05
2.84283e-11	-9.51086e-05
2.84814e-11	-9.52084e-05
2.85344e-11	-9.53081e-05
2.85874e-11	-9.54078e-05
2.86405e-11	-9.55075e-05
2.86935e-11	-9.56072e-05
2.87465e-11	-9.57068e-05
2.87996e-11	-9.58064e-05
2.88526e-11	-9.5906e-05
2.89057e-11	-9.60055e-05
2.89587e-11	-9.6105e-05
2.90117e-11	-9.62045e-05
2.90648e-11	-9.6304e-05
2.91178e-11	-9.64034e-05
2.91708e-11	-9.65028e-05
2.92239e-11	-9.66022e-05
2.92769e-11	-9.67015e-05
2.933e-11	-9.68008e-05
2.9383e-11	-9.69001e-05
2.9436e-11	-9.69994e-05
2.94891e-11	-9.70986e-05
2.95421e-11	-9.71978e-05
2.95952e-11	-9.7297e-05
2.96482e-11	-9.73961e-05
2.97012e-11	-9.74952e-05
2.97543e-11	-9.75943e-05
2.98073e-11	-9.76933e-05
2.98603e-11	-9.77924e-05
2.99134e-11	-9.78913e-05
2.99664e-11	-9.79903e-05
3.00195e-11	-9.80892e-05
3.00725e-11	-9.81881e-05
3.01255e-11	-9.8287e-05
3.01786e-11	-9.83858e-05
3.02316e-11	-9.84846e-05
3.02846e-11	-9.85834e-05
3.03377e-11	-9.86822e-05
3.03907e-11	-9.87809e-05
3.04438e-11	-9.88796e-05
3.04968e-11	-9.89782e-05
3.05498e-11	-9.90768e-05
3.06029e-11	-9.91754e-05
3.06559e-11	-9.9274e-05
3.07089e-11	-9.93725e-05
3.0762e-11	-9.9471e-05
3.0815e-11	-9.95695e-05
3.08681e-11	-9.96679e-05
3.09211e-11	-9.97663e-05
3.09741e-11	-9.98647e-05
3.10272e-11	-9.99631e-05
3.10802e-11	-0.000100061
3.11333e-11	-0.00010016
3.11863e-11	-0.000100258
3.12393e-11	-0.000100356
3.12924e-11	-0.000100454
3.13454e-11	-0.000100552
3.13984e-11	-0.000100651
3.14515e-11	-0.000100749
3.15045e-11	-0.000100847
3.15576e-11	-0.000100945
3.16106e-11	-0.000101043
3.16636e-11	-0.000101141
3.17167e-11	-0.000101239
3.17697e-11	-0.000101336
3.18227e-11	-0.000101434
3.18758e-11	-0.000101532
3.19288e-11	-0.00010163
3.19819e-11	-0.000101728
3.20349e-11	-0.000101825
3.20879e-11	-0.000101923
3.2141e-11	-0.000102021
3.2194e-11	-0.000102118
3.2247e-11	-0.000102216
3.23001e-11	-0.000102314
3.23531e-11	-0.000102411
3.24062e-11	-0.000102509
3.24592e-11	-0.000102606
3.25122e-11	-0.000102703
3.25653e-11	-0.000102801
3.26183e-11	-0.000102898
3.26714e-11	-0.000102996
3.27244e-11	-0.000103093
3.27774e-11	-0.00010319
3.28305e-11	-0.000103287
3.28835e-11	-0.000103384
3.29365e-11	-0.000103482
3.29896e-11	-0.000103579
3.30426e-11	-0.000103676
3.30957e-11	-0.000103773
3.31487e-11	-0.00010387
3.32017e-11	-0.000103967
3.32548e-11	-0.000104064
3.33078e-11	-0.000104161
3.33608e-11	-0.000104258
3.34139e-11	-0.000104354
3.34669e-11	-0.000104451
3.352e-11	-0.000104548
3.3573e-11	-0.000104645
3.3626e-11	-0.000104741
3.36791e-11	-0.000104838
3.37321e-11	-0.000104935
3.37851e-11	-0.000105031
3.38382e-11	-0.000105128
3.38912e-11	-0.000105224
3.39443e-11	-0.000105321
3.39973e-11	-0.000105417
3.40503e-11	-0.000105514
3.41034e-11	-0.00010561
3.41564e-11	-0.000105706
3.42095e-11	-0.000105803
3.42625e-11	-0.000105899
3.43155e-11	-0.000105995
3.43686e-11	-0.000106091
3.44216e-11	-0.000106187
3.44746e-11	-0.000106283
3.45277e-11	-0.000106379
3.45807e-11	-0.000106476
3.46338e-11	-0.000106572
3.46868e-11	-0.000106667
3.47398e-11	-0.000106763
3.47929e-11	-0.000106859
3.48459e-11	-0.000106955
3.48989e-11	-0.000107051
3.4952e-11	-0.000107147
3.5005e-11	-0.000107242
3.50581e-11	-0.000107338
3.51111e-11	-0.000107434
3.51641e-11	-0.000107529
3.52172e-11	-0.000107625
3.52702e-11	-0.000107721
3.53232e-11	-0.000107816
3.53763e-11	-0.000107911
3.54293e-11	-0.000108007
3.54824e-11	-0.000108102
3.55354e-11	-0.000108198
3.55884e-11	-0.000108293
3.56415e-11	-0.000108388
3.56945e-11	-0.000108483
3.57475e-11	-0.000108579
3.58006e-11	-0.000108674
3.58536e-11	-0.000108769
3.59067e-11	-0.000108864
3.59597e-11	-0.000108959
3.60127e-11	-0.000109054
3.60658e-11	-0.000109149
3.61188e-11	-0.000109244
3.61719e-11	-0.000109339
3.62249e-11	-0.000109434
3.62779e-11	-0.000109528
3.6331e-11	-0.000109623
3.6384e-11	-0.000109718
3.6437e-11	-0.000109813
3.64901e-11	-0.000109907
3.65431e-11	-0.000110002
3.65962e-11	-0.000110096
3.66492e-11	-0.000110191
3.67022e-11	-0.000110285
3.67553e-11	-0.00011038
3.68083e-11	-0.000110474
3.68613e-11	-0.000110569
3.69144e-11	-0.000110663
3.69674e-11	-0.000110757
3.70205e-11	-0.000110851
3.70735e-11	-0.000110946
3.71265e-11	-0.00011104
3.71796e-11	-0.000111134
3.72326e-11	-0.000111228
3.72856e-11	-0.000111322
3.73387e-11	-0.000111416
3.73917e-11	-0.00011151
3.74448e-11	-0.000111604
3.74978e-11	-0.000111698
3.75508e-11	-0.000111791
3.76039e-11	-0.000111885
3.76569e-11	-0.000111979
3.771e-11	-0.000112073
3.7763e-11	-0.000112166
3.7816e-11	-0.00011226
3.78691e-11	-0.000112353
3.79221e-11	-0.000112447
3.79751e-11	-0.00011254
3.80282e-11	-0.000112634
3.80812e-11	-0.000112727
3.81343e-11	-0.000112821
3.81873e-11	-0.000112914
3.82403e-11	-0.000113007
3.82934e-11	-0.0001131
3.83464e-11	-0.000113194
3.83994e-11	-0.000113287
3.84525e-11	-0.00011338
3.85055e-11	-0.000113473
3.85586e-11	-0.000113566
3.86116e-11	-0.000113659
3.86646e-11	-0.000113752
3.87177e-11	-0.000113845
3.87707e-11	-0.000113937
3.88237e-11	-0.00011403
3.88768e-11	-0.000114123
3.89298e-11	-0.000114216
3.89829e-11	-0.000114308
3.90359e-11	-0.000114401
3.90889e-11	-0.000114493
3.9142e-11	-0.000114586
3.9195e-11	-0.000114678
3.92481e-11	-0.000114771
3.93011e-11	-0.000114863
3.93541e-11	-0.000114956
3.94072e-11	-0.000115048
3.94602e-11	-0.00011514
3.95132e-11	-0.000115232
3.95663e-11	-0.000115325
3.96193e-11	-0.000115417
3.96724e-11	-0.000115509
3.97254e-11	-0.000115601
3.97784e-11	-0.000115693
3.98315e-11	-0.000115785
3.98845e-11	-0.000115877
3.99375e-11	-0.000115968
3.99906e-11	-0.00011606
4.00436e-11	-0.000116152
4.00967e-11	-0.000116244
4.01497e-11	-0.000116335
4.02027e-11	-0.000116427
4.02558e-11	-0.000116519
4.03088e-11	-0.00011661
4.03618e-11	-0.000116702
4.04149e-11	-0.000116793
4.04679e-11	-0.000116884
4.0521e-11	-0.000116976
4.0574e-11	-0.000117067
4.0627e-11	-0.000117158
4.06801e-11	-0.000117249
4.07331e-11	-0.000117341
4.07862e-11	-0.000117432
4.08392e-11	-0.000117523
4.08922e-11	-0.000117614
4.09453e-11	-0.000117705
4.09983e-11	-0.000117796
4.10513e-11	-0.000117886
4.11044e-11	-0.000117977
4.11574e-11	-0.000118068
4.12105e-11	-0.000118159
4.12635e-11	-0.000118249
4.13165e-11	-0.00011834
4.13696e-11	-0.000118431
4.14226e-11	-0.000118521
4.14756e-11	-0.000118612
4.15287e-11	-0.000118702
4.15817e-11	-0.000118793
4.16348e-11	-0.000118883
4.16878e-11	-0.000118973
4.17408e-11	-0.000119063
4.17939e-11	-0.000119154
4.18469e-11	-0.000119244
4.18999e-11	-0.000119334
4.1953e-11	-0.000119424
4.2006e-11	-0.000119514
4.20591e-11	-0.000119604
4.21121e-11	-0.000119694
4.21651e-11	-0.000119784
4.22182e-11	-0.000119873
4.22712e-11	-0.000119963
4.23243e-11	-0.000120053
4.23773e-11	-0.000120143
4.24303e-11	-0.000120232
4.24834e-11	-0.000120322
4.25364e-11	-0.000120411
4.25894e-11	-0.000120501
4.26425e-11	-0.00012059
4.26955e-11	-0.000120679
4.27486e-11	-0.000120769
4.28016e-11	-0.000120858
4.28546e-11	-0.000120947
4.29077e-11	-0.000121036
4.29607e-11	-0.000121125
4.30137e-11	-0.000121215
4.30668e-11	-0.000121304
4.31198e-11	-0.000121392
4.31729e-11	-0.000121481
4.32259e-11	-0.00012157
4.32789e-11	-0.000121659
4.3332e-11	-0.000121748
4.3385e-11	-0.000121836
4.3438e-11	-0.000121925
4.34911e-11	-0.000122014
4.35441e-11	-0.000122102
4.35972e-11	-0.000122191
4.36502e-11	-0.000122279
4.37032e-11	-0.000122368
4.37563e-11	-0.000122456
4.38093e-11	-0.000122544
4.38623e-11	-0.000122632
4.39154e-11	-0.000122721
4.39684e-11	-0.000122809
4.40215e-11	-0.000122897
4.40745e-11	-0.000122985
4.41275e-11	-0.000123073
4.41806e-11	-0.000123161
4.42336e-11	-0.000123249
4.42867e-11	-0.000123337
4.43397e-11	-0.000123424
4.43927e-11	-0.000123512
4.44458e-11	-0.0001236
4.44988e-11	-0.000123687
4.45518e-11	-0.000123775
4.46049e-11	-0.000123862
4.46579e-11	-0.00012395
4.4711e-11	-0.000124037
4.4764e-11	-0.000124125
4.4817e-11	-0.000124212
4.48701e-11	-0.000124299
4.49231e-11	-0.000124386
4.49761e-11	-0.000124473
4.50292e-11	-0.00012456
4.50822e-11	-0.000124647
4.51353e-11	-0.000124734
4.51883e-11	-0.000124821
4.52413e-11	-0.000124908
4.52944e-11	-0.000124995
4.53474e-11	-0.000125082
4.54004e-11	-0.000125168
4.54535e-11	-0.000125255
4.55065e-11	-0.000125342
4.55596e-11	-0.000125428
4.56126e-11	-0.000125515
4.56656e-11	-0.000125601
4.57187e-11	-0.000125688
4.57717e-11	-0.000125774
4.58248e-11	-0.00012586
4.58778e-11	-0.000125946
4.59308e-11	-0.000126032
4.59839e-11	-0.000126119
4.60369e-11	-0.000126205
4.60899e-11	-0.000126291
4.6143e-11	-0.000126377
4.6196e-11	-0.000126462
4.62491e-11	-0.000126548
4.63021e-11	-0.000126634
4.63551e-11	-0.00012672
4.64082e-11	-0.000126805
4.64612e-11	-0.000126891
4.65142e-11	-0.000126976
4.65673e-11	-0.000127062
4.66203e-11	-0.000127147
4.66734e-11	-0.000127233
4.67264e-11	-0.000127318
4.67794e-11	-0.000127403
4.68325e-11	-0.000127489
4.68855e-11	-0.000127574
4.69385e-11	-0.000127659
4.69916e-11	-0.000127744
4.70446e-11	-0.000127829
4.70977e-11	-0.000127914
4.71507e-11	-0.000127999
4.72037e-11	-0.000128083
4.72568e-11	-0.000128168
4.73098e-11	-0.000128253
4.73629e-11	-0.000128337
4.74159e-11	-0.000128422
4.74689e-11	-0.000128507
4.7522e-11	-0.000128591
4.7575e-11	-0.000128675
4.7628e-11	-0.00012876
4.76811e-11	-0.000128844
4.77341e-11	-0.000128928
4.77872e-11	-0.000129012
4.78402e-11	-0.000129097
4.78932e-11	-0.000129181
4.79463e-11	-0.000129265
4.79993e-11	-0.000129349
4.80523e-11	-0.000129432
4.81054e-11	-0.000129516
4.81584e-11	-0.0001296
4.82115e-11	-0.000129684
4.82645e-11	-0.000129767
4.83175e-11	-0.000129851
4.83706e-11	-0.000129935
4.84236e-11	-0.000130018
4.84766e-11	-0.000130101
4.85297e-11	-0.000130185
4.85827e-11	-0.000130268
4.86358e-11	-0.000130351
4.86888e-11	-0.000130434
4.87418e-11	-0.000130518
4.87949e-11	-0.000130601
4.88479e-11	-0.000130684
4.8901e-11	-0.000130767
4.8954e-11	-0.000130849
4.9007e-11	-0.000130932
4.90601e-11	-0.000131015
4.91131e-11	-0.000131098
4.91661e-11	-0.00013118
4.92192e-11	-0.000131263
4.92722e-11	-0.000131345
4.93253e-11	-0.000131428
4.93783e-11	-0.00013151
4.94313e-11	-0.000131593
4.94844e-11	-0.000131675
4.95374e-11	-0.000131757
4.95904e-11	-0.000131839
4.96435e-11	-0.000131921
4.96965e-11	-0.000132003
4.97496e-11	-0.000132085
4.98026e-11	-0.000132167
4.98556e-11	-0.000132249
4.99087e-11	-0.000132331
4.99617e-11	-0.000132413
5.00147e-11	-0.000132494
5.00678e-11	-0.000132576
5.01208e-11	-0.000132658
5.01739e-11	-0.000132739
5.02269e-11	-0.00013282
5.02799e-11	-0.000132902
5.0333e-11	-0.000132983
5.0386e-11	-0.000133064
5.04391e-11	-0.000133145
5.04921e-11	-0.000133227
5.05451e-11	-0.000133308
5.05982e-11	-0.000133389
5.06512e-11	-0.00013347
5.07042e-11	-0.00013355
5.07573e-11	-0.000133631
5.08103e-11	-0.000133712
5.08634e-11	-0.000133793
5.09164e-11	-0.000133873
5.09694e-11	-0.000133954
5.10225e-11	-0.000134034
5.10755e-11	-0.000134115
5.11285e-11	-0.000134195
5.11816e-11	-0.000134275
5.12346e-11	-0.000134356
5.12877e-11	-0.000134436
5.13407e-11	-0.000134516
5.13937e-11	-0.000134596
5.14468e-11	-0.000134676
5.14998e-11	-0.000134756
5.15528e-11	-0.000134836
5.16059e-11	-0.000134915
5.16589e-11	-0.000134995
5.1712e-11	-0.000135075
5.1765e-11	-0.000135154
5.1818e-11	-0.000135234
5.18711e-11	-0.000135313
5.19241e-11	-0.000135393
5.19771e-11	-0.000135472
5.20302e-11	-0.000135551
5.20832e-11	-0.000135631
5.21363e-11	-0.00013571
5.21893e-11	-0.000135789
5.22423e-11	-0.000135868
5.22954e-11	-0.000135947
5.23484e-11	-0.000136026
5.24015e-11	-0.000136104
5.24545e-11	-0.000136183
5.25075e-11	-0.000136262
5.25606e-11	-0.00013634
5.26136e-11	-0.000136419
5.26666e-11	-0.000136498
5.27197e-11	-0.000136576
5.27727e-11	-0.000136654
5.28258e-11	-0.000136733
5.28788e-11	-0.000136811
5.29318e-11	-0.000136889
5.29849e-11	-0.000136967
5.30379e-11	-0.000137045
5.30909e-11	-0.000137123
5.3144e-11	-0.000137201
5.3197e-11	-0.000137279
5.32501e-11	-0.000137357
5.33031e-11	-0.000137434
5.33561e-11	-0.000137512
5.34092e-11	-0.000137589
5.34622e-11	-0.000137667
5.35152e-11	-0.000137744
5.35683e-11	-0.000137822
5.36213e-11	-0.000137899
5.36744e-11	-0.000137976
5.37274e-11	-0.000138053
5.37804e-11	-0.000138131
5.38335e-11	-0.000138208
5.38865e-11	-0.000138284
5.39396e-11	-0.000138361
5.39926e-11	-0.000138438
5.40456e-11	-0.000138515
5.40987e-11	-0.000138592
5.41517e-11	-0.000138668
5.42047e-11	-0.000138745
5.42578e-11	-0.000138821
5.43108e-11	-0.000138898
5.43639e-11	-0.000138974
5.44169e-11	-0.00013905
5.44699e-11	-0.000139127
5.4523e-11	-0.000139203
5.4576e-11	-0.000139279
5.4629e-11	-0.000139355
5.46821e-11	-0.000139431
5.47351e-11	-0.000139507
5.47882e-11	-0.000139582
5.48412e-11	-0.000139658
5.48942e-11	-0.000139734
5.49473e-11	-0.000139809
5.50003e-11	-0.000139885
5.50533e-11	-0.00013996
5.51064e-11	-0.000140036
5.51594e-11	-0.000140111
5.52125e-11	-0.000140186
5.52655e-11	-0.000140262
5.53185e-11	-0.000140337
5.53716e-11	-0.000140412
5.54246e-11	-0.000140487
5.54777e-11	-0.000140562
5.55307e-11	-0.000140636
5.55837e-11	-0.000140711
5.56368e-11	-0.000140786
5.56898e-11	-0.00014086
5.57428e-11	-0.000140935
5.57959e-11	-0.000141009
5.58489e-11	-0.000141084
5.5902e-11	-0.000141158
5.5955e-11	-0.000141233
5.6008e-11	-0.000141307
5.60611e-11	-0.000141381
5.61141e-11	-0.000141455
5.61671e-11	-0.000141529
5.62202e-11	-0.000141603
5.62732e-11	-0.000141677
5.63263e-11	-0.00014175
5.63793e-11	-0.000141824
5.64323e-11	-0.000141898
5.64854e-11	-0.000141971
5.65384e-11	-0.000142045
5.65914e-11	-0.000142118
5.66445e-11	-0.000142192
5.66975e-11	-0.000142265
5.67506e-11	-0.000142338
5.68036e-11	-0.000142411
5.68566e-11	-0.000142484
5.69097e-11	-0.000142557
5.69627e-11	-0.00014263
5.70158e-11	-0.000142703
5.70688e-11	-0.000142776
5.71218e-11	-0.000142848
5.71749e-11	-0.000142921
5.72279e-11	-0.000142994
5.72809e-11	-0.000143066
5.7334e-11	-0.000143138
5.7387e-11	-0.000143211
5.74401e-11	-0.000143283
5.74931e-11	-0.000143355
5.75461e-11	-0.000143427
5.75992e-11	-0.000143499
5.76522e-11	-0.000143571
5.77052e-11	-0.000143643
5.77583e-11	-0.000143715
5.78113e-11	-0.000143787
5.78644e-11	-0.000143859
5.79174e-11	-0.00014393
5.79704e-11	-0.000144002
5.80235e-11	-0.000144073
5.80765e-11	-0.000144144
5.81295e-11	-0.000144216
5.81826e-11	-0.000144287
5.82356e-11	-0.000144358
5.82887e-11	-0.000144429
5.83417e-11	-0.0001445
5.83947e-11	-0.000144571
5.84478e-11	-0.000144642
5.85008e-11	-0.000144713
5.85539e-11	-0.000144784
5.86069e-11	-0.000144854
5.86599e-11	-0.000144925
5.8713e-11	-0.000144995
5.8766e-11	-0.000145066
5.8819e-11	-0.000145136
5.88721e-11	-0.000145206
5.89251e-11	-0.000145276
5.89782e-11	-0.000145347
5.90312e-11	-0.000145417
5.90842e-11	-0.000145487
5.91373e-11	-0.000145556
5.91903e-11	-0.000145626
5.92433e-11	-0.000145696
5.92964e-11	-0.000145766
5.93494e-11	-0.000145835
5.94025e-11	-0.000145905
5.94555e-11	-0.000145974
5.95085e-11	-0.000146044
5.95616e-11	-0.000146113
5.96146e-11	-0.000146182
5.96676e-11	-0.000146251
5.97207e-11	-0.00014632
5.97737e-11	-0.000146389
5.98268e-11	-0.000146458
5.98798e-11	-0.000146527
5.99328e-11	-0.000146596
5.99859e-11	-0.000146664
6.00389e-11	-0.000146733
6.00919e-11	-0.000146801
6.0145e-11	-0.00014687
6.0198e-11	-0.000146938
6.02511e-11	-0.000147007
6.03041e-11	-0.000147075
6.03571e-11	-0.000147143
6.04102e-11	-0.000147211
6.04632e-11	-0.000147279
6.05163e-11	-0.000147347
6.05693e-11	-0.000147415
6.06223e-11	-0.000147482
6.06754e-11	-0.00014755
6.07284e-11	-0.000147618
6.07814e-11	-0.000147685
6.08345e-11	-0.000147753
6.08875e-11	-0.00014782
6.09406e-11	-0.000147887
6.09936e-11	-0.000147954
6.10466e-11	-0.000148022
6.10997e-11	-0.000148089
6.11527e-11	-0.000148156
6.12057e-11	-0.000148223
6.12588e-11	-0.000148289
6.13118e-11	-0.000148356
6.13649e-11	-0.000148423
6.14179e-11	-0.000148489
6.14709e-11	-0.000148556
6.1524e-11	-0.000148622
6.1577e-11	-0.000148689
6.163e-11	-0.000148755
6.16831e-11	-0.000148821
6.17361e-11	-0.000148887
6.17892e-11	-0.000148953
6.18422e-11	-0.000149019
6.18952e-11	-0.000149085
6.19483e-11	-0.000149151
6.20013e-11	-0.000149216
6.20544e-11	-0.000149282
6.21074e-11	-0.000149348
6.21604e-11	-0.000149413
6.22135e-11	-0.000149478
6.22665e-11	-0.000149544
6.23195e-11	-0.000149609
6.23726e-11	-0.000149674
6.24256e-11	-0.000149739
6.24787e-11	-0.000149804
6.25317e-11	-0.000149869
6.25847e-11	-0.000149934
6.26378e-11	-0.000149999
6.26908e-11	-0.000150063
6.27438e-11	-0.000150128
6.27969e-11	-0.000150192
6.28499e-11	-0.000150257
6.2903e-11	-0.000150321
6.2956e-11	-0.000150385
6.3009e-11	-0.000150449
6.30621e-11	-0.000150514
6.31151e-11	-0.000150578
6.31681e-11	-0.000150641
6.32212e-11	-0.000150705
6.32742e-11	-0.000150769
6.33273e-11	-0.000150833
6.33803e-11	-0.000150896
6.34333e-11	-0.00015096
6.34864e-11	-0.000151023
6.35394e-11	-0.000151087
6.35925e-11	-0.00015115
6.36455e-11	-0.000151213
6.36985e-11	-0.000151276
6.37516e-11	-0.000151339
6.38046e-11	-0.000151402
6.38576e-11	-0.000151465
6.39107e-11	-0.000151528
6.39637e-11	-0.000151591
6.40168e-11	-0.000151653
6.40698e-11	-0.000151716
6.41228e-11	-0.000151778
6.41759e-11	-0.000151841
6.42289e-11	-0.000151903
6.42819e-11	-0.000151965
6.4335e-11	-0.000152027
6.4388e-11	-0.000152089
6.44411e-11	-0.000152151
6.44941e-11	-0.000152213
6.45471e-11	-0.000152275
6.46002e-11	-0.000152337
6.46532e-11	-0.000152398
6.47062e-11	-0.00015246
6.47593e-11	-0.000152521
6.48123e-11	-0.000152583
6.48654e-11	-0.000152644
6.49184e-11	-0.000152705
6.49714e-11	-0.000152766
6.50245e-11	-0.000152827
6.50775e-11	-0.000152888
6.51306e-11	-0.000152949
6.51836e-11	-0.00015301
6.52366e-11	-0.000153071
6.52897e-11	-0.000153131
6.53427e-11	-0.000153192
6.53957e-11	-0.000153252
6.54488e-11	-0.000153312
6.55018e-11	-0.000153373
6.55549e-11	-0.000153433
6.56079e-11	-0.000153493
6.56609e-11	-0.000153553
6.5714e-11	-0.000153613
6.5767e-11	-0.000153673
6.582e-11	-0.000153733
6.58731e-11	-0.000153792
6.59261e-11	-0.000153852
6.59792e-11	-0.000153911
6.60322e-11	-0.000153971
6.60852e-11	-0.00015403
6.61383e-11	-0.000154089
6.61913e-11	-0.000154149
6.62443e-11	-0.000154208
6.62974e-11	-0.000154267
6.63504e-11	-0.000154326
6.64035e-11	-0.000154384
6.64565e-11	-0.000154443
6.65095e-11	-0.000154502
6.65626e-11	-0.00015456
6.66156e-11	-0.000154619
6.66686e-11	-0.000154677
6.67217e-11	-0.000154736
6.67747e-11	-0.000154794
6.68278e-11	-0.000154852
6.68808e-11	-0.00015491
6.69338e-11	-0.000154968
6.69869e-11	-0.000155026
6.70399e-11	-0.000155084
6.7093e-11	-0.000155141
6.7146e-11	-0.000155199
6.7199e-11	-0.000155256
6.72521e-11	-0.000155314
6.73051e-11	-0.000155371
6.73581e-11	-0.000155428
6.74112e-11	-0.000155486
6.74642e-11	-0.000155543
6.75173e-11	-0.0001556
6.75703e-11	-0.000155657
6.76233e-11	-0.000155713
6.76764e-11	-0.00015577
6.77294e-11	-0.000155827
6.77824e-11	-0.000155883
6.78355e-11	-0.00015594
6.78885e-11	-0.000155996
6.79416e-11	-0.000156053
6.79946e-11	-0.000156109
6.80476e-11	-0.000156165
6.81007e-11	-0.000156221
6.81537e-11	-0.000156277
6.82067e-11	-0.000156333
6.82598e-11	-0.000156388
6.83128e-11	-0.000156444
6.83659e-11	-0.0001565
6.84189e-11	-0.000156555
6.84719e-11	-0.000156611
6.8525e-11	-0.000156666
6.8578e-11	-0.000156721
6.86311e-11	-0.000156776
6.86841e-11	-0.000156831
6.87371e-11	-0.000156886
6.87902e-11	-0.000156941
6.88432e-11	-0.000156996
6.88962e-11	-0.000157051
6.89493e-11	-0.000157105
6.90023e-11	-0.00015716
6.90554e-11	-0.000157214
6.91084e-11	-0.000157269
6.91614e-11	-0.000157323
6.92145e-11	-0.000157377
6.92675e-11	-0.000157431
6.93205e-11	-0.000157485
6.93736e-11	-0.000157539
6.94266e-11	-0.000157593
6.94797e-11	-0.000157646
6.95327e-11	-0.0001577
6.95857e-11	-0.000157754
6.96388e-11	-0.000157807
6.96918e-11	-0.00015786
6.97448e-11	-0.000157914
6.97979e-11	-0.000157967
6.98509e-11	-0.00015802
6.9904e-11	-0.000158073
6.9957e-11	-0.000158126
7.001e-11	-0.000158179
7.00631e-11	-0.000158231
7.01161e-11	-0.000158284
7.01692e-11	-0.000158336
7.02222e-11	-0.000158389
7.02752e-11	-0.000158441
7.03283e-11	-0.000158493
7.03813e-11	-0.000158546
7.04343e-11	-0.000158598
7.04874e-11	-0.00015865
7.05404e-11	-0.000158701
7.05935e-11	-0.000158753
7.06465e-11	-0.000158805
7.06995e-11	-0.000158857
7.07526e-11	-0.000158908
7.08056e-11	-0.00015896
7.08586e-11	-0.000159011
7.09117e-11	-0.000159062
7.09647e-11	-0.000159113
7.10178e-11	-0.000159164
7.10708e-11	-0.000159215
7.11238e-11	-0.000159266
7.11769e-11	-0.000159317
7.12299e-11	-0.000159368
7.12829e-11	-0.000159418
7.1336e-11	-0.000159469
7.1389e-11	-0.000159519
7.14421e-11	-0.000159569
7.14951e-11	-0.00015962
7.15481e-11	-0.00015967
7.16012e-11	-0.00015972
7.16542e-11	-0.00015977
7.17073e-11	-0.00015982
7.17603e-11	-0.000159869
7.18133e-11	-0.000159919
7.18664e-11	-0.000159969
7.19194e-11	-0.000160018
7.19724e-11	-0.000160067
7.20255e-11	-0.000160117
7.20785e-11	-0.000160166
7.21316e-11	-0.000160215
7.21846e-11	-0.000160264
7.22376e-11	-0.000160313
7.22907e-11	-0.000160362
7.23437e-11	-0.00016041
7.23967e-11	-0.000160459
7.24498e-11	-0.000160508
7.25028e-11	-0.000160556
7.25559e-11	-0.000160604
7.26089e-11	-0.000160653
7.26619e-11	-0.000160701
7.2715e-11	-0.000160749
7.2768e-11	-0.000160797
7.2821e-11	-0.000160845
7.28741e-11	-0.000160892
7.29271e-11	-0.00016094
7.29802e-11	-0.000160988
7.30332e-11	-0.000161035
7.30862e-11	-0.000161083
7.31393e-11	-0.00016113
7.31923e-11	-0.000161177
7.32454e-11	-0.000161224
7.32984e-11	-0.000161271
7.33514e-11	-0.000161318
7.34045e-11	-0.000161365
7.34575e-11	-0.000161412
7.35105e-11	-0.000161458
7.35636e-11	-0.000161505
7.36166e-11	-0.000161551
7.36697e-11	-0.000161598
7.37227e-11	-0.000161644
7.37757e-11	-0.00016169
7.38288e-11	-0.000161736
7.38818e-11	-0.000161782
7.39348e-11	-0.000161828
7.39879e-11	-0.000161874
7.40409e-11	-0.000161919
7.4094e-11	-0.000161965
7.4147e-11	-0.00016201
7.42e-11	-0.000162056
7.42531e-11	-0.000162101
7.43061e-11	-0.000162146
7.43591e-11	-0.000162191
7.44122e-11	-0.000162236
7.44652e-11	-0.000162281
7.45183e-11	-0.000162326
7.45713e-11	-0.000162371
7.46243e-11	-0.000162415
7.46774e-11	-0.00016246
7.47304e-11	-0.000162504
7.47834e-11	-0.000162548
7.48365e-11	-0.000162593
7.48895e-11	-0.000162637
7.49426e-11	-0.000162681
7.49956e-11	-0.000162725
7.50486e-11	-0.000162769
7.51017e-11	-0.000162812
7.51547e-11	-0.000162856
7.52078e-11	-0.000162899
7.52608e-11	-0.000162943
7.53138e-11	-0.000162986
7.53669e-11	-0.000163029
7.54199e-11	-0.000163073
7.54729e-11	-0.000163116
7.5526e-11	-0.000163159
7.5579e-11	-0.000163201
7.56321e-11	-0.000163244
7.56851e-11	-0.000163287
7.57381e-11	-0.000163329
7.57912e-11	-0.000163372
7.58442e-11	-0.000163414
7.58972e-11	-0.000163456
7.59503e-11	-0.000163498
7.60033e-11	-0.00016354
7.60564e-11	-0.000163582
7.61094e-11	-0.000163624
7.61624e-11	-0.000163666
7.62155e-11	-0.000163708
7.62685e-11	-0.000163749
7.63215e-11	-0.000163791
7.63746e-11	-0.000163832
7.64276e-11	-0.000163873
7.64807e-11	-0.000163914
7.65337e-11	-0.000163955
7.65867e-11	-0.000163996
7.66398e-11	-0.000164037
7.66928e-11	-0.000164078
7.67459e-11	-0.000164119
7.67989e-11	-0.000164159
7.68519e-11	-0.0001642
7.6905e-11	-0.00016424
7.6958e-11	-0.00016428
7.7011e-11	-0.00016432
7.70641e-11	-0.00016436
7.71171e-11	-0.0001644
7.71702e-11	-0.00016444
7.72232e-11	-0.00016448
7.72762e-11	-0.00016452
7.73293e-11	-0.000164559
7.73823e-11	-0.000164599
7.74353e-11	-0.000164638
7.74884e-11	-0.000164677
7.75414e-11	-0.000164716
7.75945e-11	-0.000164755
7.76475e-11	-0.000164794
7.77005e-11	-0.000164833
7.77536e-11	-0.000164872
7.78066e-11	-0.000164911
7.78596e-11	-0.000164949
7.79127e-11	-0.000164988
7.79657e-11	-0.000165026
7.80188e-11	-0.000165064
7.80718e-11	-0.000165102
7.81248e-11	-0.00016514
7.81779e-11	-0.000165178
7.82309e-11	-0.000165216
7.8284e-11	-0.000165254
7.8337e-11	-0.000165291
7.839e-11	-0.000165329
7.84431e-11	-0.000165366
7.84961e-11	-0.000165404
7.85491e-11	-0.000165441
7.86022e-11	-0.000165478
7.86552e-11	-0.000165515
7.87083e-11	-0.000165552
7.87613e-11	-0.000165589
7.88143e-11	-0.000165625
7.88674e-11	-0.000165662
7.89204e-11	-0.000165698
7.89734e-11	-0.000165735
7.90265e-11	-0.000165771
7.90795e-11	-0.000165807
7.91326e-11	-0.000165843
7.91856e-11	-0.000165879
7.92386e-11	-0.000165915
7.92917e-11	-0.000165951
7.93447e-11	-0.000165987
7.93977e-11	-0.000166022
7.94508e-11	-0.000166058
7.95038e-11	-0.000166093
7.95569e-11	-0.000166128
7.96099e-11	-0.000166163
7.96629e-11	-0.000166198
7.9716e-11	-0.000166233
7.9769e-11	-0.000166268
7.98221e-11	-0.000166303
7.98751e-11	-0.000166337
7.99281e-11	-0.000166372
7.99812e-11	-0.000166406
8.00342e-11	-0.000166441
8.00872e-11	-0.000166475
8.01403e-11	-0.000166509
8.01933e-11	-0.000166543
8.02464e-11	-0.000166577
8.02994e-11	-0.000166611
8.03524e-11	-0.000166644
8.04055e-11	-0.000166678
8.04585e-11	-0.000166711
8.05115e-11	-0.000166745
8.05646e-11	-0.000166778
8.06176e-11	-0.000166811
8.06707e-11	-0.000166844
8.07237e-11	-0.000166877
8.07767e-11	-0.00016691
8.08298e-11	-0.000166943
8.08828e-11	-0.000166976
8.09358e-11	-0.000167008
8.09889e-11	-0.000167041
8.10419e-11	-0.000167073
8.1095e-11	-0.000167105
8.1148e-11	-0.000167137
8.1201e-11	-0.000167169
8.12541e-11	-0.000167201
8.13071e-11	-0.000167233
8.13602e-11	-0.000167265
8.14132e-11	-0.000167296
8.14662e-11	-0.000167328
8.15193e-11	-0.000167359
8.15723e-11	-0.00016739
8.16253e-11	-0.000167421
8.16784e-11	-0.000167452
8.17314e-11	-0.000167483
8.17845e-11	-0.000167514
8.18375e-11	-0.000167545
8.18905e-11	-0.000167576
8.19436e-11	-0.000167606
8.19966e-11	-0.000167637
8.20496e-11	-0.000167667
8.21027e-11	-0.000167697
8.21557e-11	-0.000167727
8.22088e-11	-0.000167757
8.22618e-11	-0.000167787
8.23148e-11	-0.000167817
8.23679e-11	-0.000167846
8.24209e-11	-0.000167876
8.24739e-11	-0.000167905
8.2527e-11	-0.000167935
8.258e-11	-0.000167964
8.26331e-11	-0.000167993
8.26861e-11	-0.000168022
8.27391e-11	-0.000168051
8.27922e-11	-0.00016808
8.28452e-11	-0.000168109
8.28982e-11	-0.000168137
8.29513e-11	-0.000168166
8.30043e-11	-0.000168194
8.30574e-11	-0.000168222
8.31104e-11	-0.00016825
8.31634e-11	-0.000168279
8.32165e-11	-0.000168306
8.32695e-11	-0.000168334
8.33226e-11	-0.000168362
8.33756e-11	-0.00016839
8.34286e-11	-0.000168417
8.34817e-11	-0.000168445
8.35347e-11	-0.000168472
8.35877e-11	-0.000168499
8.36408e-11	-0.000168526
8.36938e-11	-0.000168553
8.37469e-11	-0.00016858
8.37999e-11	-0.000168607
8.38529e-11	-0.000168633
8.3906e-11	-0.00016866
8.3959e-11	-0.000168686
8.4012e-11	-0.000168713
8.40651e-11	-0.000168739
8.41181e-11	-0.000168765
8.41712e-11	-0.000168791
8.42242e-11	-0.000168817
8.42772e-11	-0.000168843
8.43303e-11	-0.000168868
8.43833e-11	-0.000168894
8.44363e-11	-0.000168919
8.44894e-11	-0.000168945
8.45424e-11	-0.00016897
8.45955e-11	-0.000168995
8.46485e-11	-0.00016902
8.47015e-11	-0.000169045
8.47546e-11	-0.00016907
8.48076e-11	-0.000169094
8.48607e-11	-0.000169119
8.49137e-11	-0.000169143
8.49667e-11	-0.000169168
8.50198e-11	-0.000169192
8.50728e-11	-0.000169216
8.51258e-11	-0.00016924
8.51789e-11	-0.000169264
8.52319e-11	-0.000169288
8.5285e-11	-0.000169311
8.5338e-11	-0.000169335
8.5391e-11	-0.000169358
8.54441e-11	-0.000169382
8.54971e-11	-0.000169405
8.55501e-11	-0.000169428
8.56032e-11	-0.000169451
8.56562e-11	-0.000169474
8.57093e-11	-0.000169497
8.57623e-11	-0.00016952
8.58153e-11	-0.000169542
8.58684e-11	-0.000169565
8.59214e-11	-0.000169587
8.59744e-11	-0.000169609
8.60275e-11	-0.000169631
8.60805e-11	-0.000169653
8.61336e-11	-0.000169675
8.61866e-11	-0.000169697
8.62396e-11	-0.000169719
8.62927e-11	-0.00016974
8.63457e-11	-0.000169762
8.63988e-11	-0.000169783
8.64518e-11	-0.000169804
8.65048e-11	-0.000169825
8.65579e-11	-0.000169846
8.66109e-11	-0.000169867
8.66639e-11	-0.000169888
8.6717e-11	-0.000169909
8.677e-11	-0.000169929
8.68231e-11	-0.00016995
8.68761e-11	-0.00016997
8.69291e-11	-0.00016999
8.69822e-11	-0.000170011
8.70352e-11	-0.000170031
8.70882e-11	-0.00017005
8.71413e-11	-0.00017007
8.71943e-11	-0.00017009
8.72474e-11	-0.000170109
8.73004e-11	-0.000170129
8.73534e-11	-0.000170148
8.74065e-11	-0.000170167
8.74595e-11	-0.000170187
8.75125e-11	-0.000170206
8.75656e-11	-0.000170224
8.76186e-11	-0.000170243
8.76717e-11	-0.000170262
8.77247e-11	-0.00017028
8.77777e-11	-0.000170299
8.78308e-11	-0.000170317
8.78838e-11	-0.000170335
8.79369e-11	-0.000170353
8.79899e-11	-0.000170371
8.80429e-11	-0.000170389
8.8096e-11	-0.000170407
8.8149e-11	-0.000170425
8.8202e-11	-0.000170442
8.82551e-11	-0.00017046
8.83081e-11	-0.000170477
8.83612e-11	-0.000170494
8.84142e-11	-0.000170511
8.84672e-11	-0.000170528
8.85203e-11	-0.000170545
8.85733e-11	-0.000170562
8.86263e-11	-0.000170578
8.86794e-11	-0.000170595
8.87324e-11	-0.000170611
8.87855e-11	-0.000170627
8.88385e-11	-0.000170643
8.88915e-11	-0.000170659
8.89446e-11	-0.000170675
8.89976e-11	-0.000170691
8.90506e-11	-0.000170707
8.91037e-11	-0.000170722
8.91567e-11	-0.000170738
8.92098e-11	-0.000170753
8.92628e-11	-0.000170769
8.93158e-11	-0.000170784
8.93689e-11	-0.000170799
8.94219e-11	-0.000170814
8.9475e-11	-0.000170828
8.9528e-11	-0.000170843
8.9581e-11	-0.000170857
8.96341e-11	-0.000170872
8.96871e-11	-0.000170886
8.97401e-11	-0.0001709
8.97932e-11	-0.000170914
8.98462e-11	-0.000170928
8.98993e-11	-0.000170942
8.99523e-11	-0.000170956
9.00053e-11	-0.00017097
9.00584e-11	-0.000170983
9.01114e-11	-0.000170997
9.01644e-11	-0.00017101
9.02175e-11	-0.000171023
9.02705e-11	-0.000171036
9.03236e-11	-0.000171049
9.03766e-11	-0.000171062
9.04296e-11	-0.000171074
9.04827e-11	-0.000171087
9.05357e-11	-0.0001711
9.05887e-11	-0.000171112
9.06418e-11	-0.000171124
9.06948e-11	-0.000171136
9.07479e-11	-0.000171148
9.08009e-11	-0.00017116
9.08539e-11	-0.000171172
9.0907e-11	-0.000171183
9.096e-11	-0.000171195
9.1013e-11	-0.000171206
9.10661e-11	-0.000171218
9.11191e-11	-0.000171229
9.11722e-11	-0.00017124
9.12252e-11	-0.000171251
9.12782e-11	-0.000171262
9.13313e-11	-0.000171272
9.13843e-11	-0.000171283
9.14374e-11	-0.000171294
9.14904e-11	-0.000171304
9.15434e-11	-0.000171314
9.15965e-11	-0.000171324
9.16495e-11	-0.000171334
9.17025e-11	-0.000171344
9.17556e-11	-0.000171354
9.18086e-11	-0.000171364
9.18617e-11	-0.000171373
9.19147e-11	-0.000171383
9.19677e-11	-0.000171392
9.20208e-11	-0.000171401
9.20738e-11	-0.00017141
9.21268e-11	-0.000171419
9.21799e-11	-0.000171428
9.22329e-11	-0.000171437
9.2286e-11	-0.000171445
9.2339e-11	-0.000171454
9.2392e-11	-0.000171462
9.24451e-11	-0.00017147
9.24981e-11	-0.000171478
9.25511e-11	-0.000171487
9.26042e-11	-0.000171494
9.26572e-11	-0.000171502
9.27103e-11	-0.00017151
9.27633e-11	-0.000171517
9.28163e-11	-0.000171525
9.28694e-11	-0.000171532
9.29224e-11	-0.000171539
9.29755e-11	-0.000171546
9.30285e-11	-0.000171553
9.30815e-11	-0.00017156
9.31346e-11	-0.000171567
9.31876e-11	-0.000171573
9.32406e-11	-0.00017158
9.32937e-11	-0.000171586
9.33467e-11	-0.000171592
9.33998e-11	-0.000171599
9.34528e-11	-0.000171605
9.35058e-11	-0.00017161
9.35589e-11	-0.000171616
9.36119e-11	-0.000171622
9.36649e-11	-0.000171627
9.3718e-11	-0.000171633
9.3771e-11	-0.000171638
9.38241e-11	-0.000171643
9.38771e-11	-0.000171648
9.39301e-11	-0.000171653
9.39832e-11	-0.000171658
9.40362e-11	-0.000171663
9.40892e-11	-0.000171667
9.41423e-11	-0.000171672
9.41953e-11	-0.000171676
9.42484e-11	-0.00017168
9.43014e-11	-0.000171684
9.43544e-11	-0.000171688
9.44075e-11	-0.000171692
9.44605e-11	-0.000171696
9.45136e-11	-0.000171699
9.45666e-11	-0.000171703
9.46196e-11	-0.000171706
9.46727e-11	-0.000171709
9.47257e-11	-0.000171713
9.47787e-11	-0.000171716
9.48318e-11	-0.000171718
9.48848e-11	-0.000171721
9.49379e-11	-0.000171724
9.49909e-11	-0.000171726
9.50439e-11	-0.000171729
9.5097e-11	-0.000171731
9.515e-11	-0.000171733
9.5203e-11	-0.000171735
9.52561e-11	-0.000171737
9.53091e-11	-0.000171739
9.53622e-11	-0.000171741
9.54152e-11	-0.000171742
9.54682e-11	-0.000171744
9.55213e-11	-0.000171745
9.55743e-11	-0.000171746
9.56273e-11	-0.000171747
9.56804e-11	-0.000171748
9.57334e-11	-0.000171749
9.57865e-11	-0.00017175
9.58395e-11	-0.00017175
9.58925e-11	-0.000171751
9.59456e-11	-0.000171751
9.59986e-11	-0.000171751
9.60517e-11	-0.000171751
9.61047e-11	-0.000171751
9.61577e-11	-0.000171751
9.62108e-11	-0.000171751
9.62638e-11	-0.000171751
9.63168e-11	-0.00017175
9.63699e-11	-0.00017175
9.64229e-11	-0.000171749
9.6476e-11	-0.000171748
9.6529e-11	-0.000171747
9.6582e-11	-0.000171746
9.66351e-11	-0.000171745
9.66881e-11	-0.000171743
9.67411e-11	-0.000171742
9.67942e-11	-0.00017174
9.68472e-11	-0.000171738
9.69003e-11	-0.000171737
9.69533e-11	-0.000171735
9.70063e-11	-0.000171733
9.70594e-11	-0.00017173
9.71124e-11	-0.000171728
9.71654e-11	-0.000171726
9.72185e-11	-0.000171723
9.72715e-11	-0.00017172
9.73246e-11	-0.000171717
9.73776e-11	-0.000171714
9.74306e-11	-0.000171711
9.74837e-11	-0.000171708
9.75367e-11	-0.000171705
9.75898e-11	-0.000171701
9.76428e-11	-0.000171698
9.76958e-11	-0.000171694
9.77489e-11	-0.00017169
9.78019e-11	-0.000171686
9.78549e-11	-0.000171682
9.7908e-11	-0.000171678
9.7961e-11	-0.000171674
9.80141e-11	-0.00017167
9.80671e-11	-0.000171665
9.81201e-11	-0.00017166
9.81732e-11	-0.000171656
9.82262e-11	-0.000171651
9.82792e-11	-0.000171646
9.83323e-11	-0.00017164
9.83853e-11	-0.000171635
9.84384e-11	-0.00017163
9.84914e-11	-0.000171624
9.85444e-11	-0.000171619
9.85975e-11	-0.000171613
9.86505e-11	-0.000171607
9.87035e-11	-0.000171601
9.87566e-11	-0.000171595
9.88096e-11	-0.000171588
9.88627e-11	-0.000171582
9.89157e-11	-0.000171575
9.89687e-11	-0.000171569
9.90218e-11	-0.000171562
9.90748e-11	-0.000171555
9.91278e-11	-0.000171548
9.91809e-11	-0.000171541
9.92339e-11	-0.000171534
9.9287e-11	-0.000171526
9.934e-11	-0.000171519
9.9393e-11	-0.000171511
9.94461e-11	-0.000171503
9.94991e-11	-0.000171496
9.95522e-11	-0.000171488
9.96052e-11	-0.000171479
9.96582e-11	-0.000171471
9.97113e-11	-0.000171463
9.97643e-11	-0.000171454
9.98173e-11	-0.000171446
9.98704e-11	-0.000171437
9.99234e-11	-0.000171428
9.99765e-11	-0.000171419
1.00029e-10	-0.00017141
1.00083e-10	-0.000171401
1.00136e-10	-0.000171391
1.00189e-10	-0.000171382
1.00242e-10	-0.000171372
1.00295e-10	-0.000171362
1.00348e-10	-0.000171352
1.00401e-10	-0.000171342
1.00454e-10	-0.000171332
1.00507e-10	-0.000171322
1.0056e-10	-0.000171312
1.00613e-10	-0.000171301
1.00666e-10	-0.000171291
1.00719e-10	-0.00017128
1.00772e-10	-0.000171269
1.00825e-10	-0.000171258
1.00878e-10	-0.000171247
1.00931e-10	-0.000171235
1.00984e-10	-0.000171224
1.01037e-10	-0.000171213
1.0109e-10	-0.000171201
1.01143e-10	-0.000171189
1.01196e-10	-0.000171177
1.01249e-10	-0.000171165
1.01302e-10	-0.000171153
1.01355e-10	-0.000171141
1.01408e-10	-0.000171129
1.01462e-10	-0.000171116
1.01515e-10	-0.000171103
1.01568e-10	-0.000171091
1.01621e-10	-0.000171078
1.01674e-10	-0.000171065
1.01727e-10	-0.000171052
1.0178e-10	-0.000171038
1.01833e-10	-0.000171025
1.01886e-10	-0.000171011
1.01939e-10	-0.000170998
1.01992e-10	-0.000170984
1.02045e-10	-0.00017097
1.02098e-10	-0.000170956
1.02151e-10	-0.000170942
1.02204e-10	-0.000170928
1.02257e-10	-0.000170913
1.0231e-10	-0.000170899
1.02363e-10	-0.000170884
1.02416e-10	-0.000170869
1.02469e-10	-0.000170854
1.02522e-10	-0.000170839
1.02575e-10	-0.000170824
1.02628e-10	-0.000170809
1.02681e-10	-0.000170793
1.02734e-10	-0.000170778
1.02787e-10	-0.000170762
1.02841e-10	-0.000170746
1.02894e-10	-0.00017073
1.02947e-10	-0.000170714
1.03e-10	-0.000170698
1.03053e-10	-0.000170682
1.03106e-10	-0.000170665
1.03159e-10	-0.000170649
1.03212e-10	-0.000170632
1.03265e-10	-0.000170615
1.03318e-10	-0.000170598
1.03371e-10	-0.000170581
1.03424e-10	-0.000170564
1.03477e-10	-0.000170547
1.0353e-10	-0.000170529
1.03583e-10	-0.000170512
1.03636e-10	-0.000170494
1.03689e-10	-0.000170476
1.03742e-10	-0.000170458
1.03795e-10	-0.00017044
1.03848e-10	-0.000170422
1.03901e-10	-0.000170403
1.03954e-10	-0.000170385
1.04007e-10	-0.000170366
1.0406e-10	-0.000170348
1.04113e-10	-0.000170329
1.04166e-10	-0.00017031
1.04219e-10	-0.000170291
1.04273e-10	-0.000170271
1.04326e-10	-0.000170252
1.04379e-10	-0.000170233
1.04432e-10	-0.000170213
1.04485e-10	-0.000170193
1.04538e-10	-0.000170173
1.04591e-10	-0.000170153
1.04644e-10	-0.000170133
1.04697e-10	-0.000170113
1.0475e-10	-0.000170092
1.04803e-10	-0.000170072
1.04856e-10	-0.000170051
1.04909e-10	-0.000170031
1.04962e-10	-0.00017001
1.05015e-10	-0.000169989
1.05068e-10	-0.000169967
1.05121e-10	-0.000169946
1.05174e-10	-0.000169925
1.05227e-10	-0.000169903
1.0528e-10	-0.000169881
1.05333e-10	-0.00016986
1.05386e-10	-0.000169838
1.05439e-10	-0.000169816
1.05492e-10	-0.000169793
1.05545e-10	-0.000169771
1.05598e-10	-0.000169749
1.05652e-10	-0.000169726
1.05705e-10	-0.000169703
1.05758e-10	-0.000169681
1.05811e-10	-0.000169658
1.05864e-10	-0.000169634
1.05917e-10	-0.000169611
1.0597e-10	-0.000169588
1.06023e-10	-0.000169564
1.06076e-10	-0.000169541
1.06129e-10	-0.000169517
1.06182e-10	-0.000169493
1.06235e-10	-0.000169469
1.06288e-10	-0.000169445
1.06341e-10	-0.000169421
1.06394e-10	-0.000169396
1.06447e-10	-0.000169372
1.065e-10	-0.000169347
1.06553e-10	-0.000169322
1.06606e-10	-0.000169298
1.06659e-10	-0.000169272
1.06712e-10	-0.000169247
1.06765e-10	-0.000169222
1.06818e-10	-0.000169197
1.06871e-10	-0.000169171
1.06924e-10	-0.000169145
1.06977e-10	-0.00016912
1.0703e-10	-0.000169094
1.07084e-10	-0.000169068
1.07137e-10	-0.000169041
1.0719e-10	-0.000169015
1.07243e-10	-0.000168989
1.07296e-10	-0.000168962
1.07349e-10	-0.000168935
1.07402e-10	-0.000168908
1.07455e-10	-0.000168881
1.07508e-10	-0.000168854
1.07561e-10	-0.000168827
1.07614e-10	-0.0001688
1.07667e-10	-0.000168772
1.0772e-10	-0.000168745
1.07773e-10	-0.000168717
1.07826e-10	-0.000168689
1.07879e-10	-0.000168661
1.07932e-10	-0.000168633
1.07985e-10	-0.000168604
1.08038e-10	-0.000168576
1.08091e-10	-0.000168547
1.08144e-10	-0.000168519
1.08197e-10	-0.00016849
1.0825e-10	-0.000168461
1.08303e-10	-0.000168432
1.08356e-10	-0.000168403
1.08409e-10	-0.000168373
1.08463e-10	-0.000168344
1.08516e-10	-0.000168314
1.08569e-10	-0.000168285
1.08622e-10	-0.000168255
1.08675e-10	-0.000168225
1.08728e-10	-0.000168195
1.08781e-10	-0.000168164
1.08834e-10	-0.000168134
1.08887e-10	-0.000168104
1.0894e-10	-0.000168073
1.08993e-10	-0.000168042
1.09046e-10	-0.000168011
1.09099e-10	-0.00016798
1.09152e-10	-0.000167949
1.09205e-10	-0.000167918
1.09258e-10	-0.000167886
1.09311e-10	-0.000167855
1.09364e-10	-0.000167823
1.09417e-10	-0.000167791
1.0947e-10	-0.000167759
1.09523e-10	-0.000167727
1.09576e-10	-0.000167695
1.09629e-10	-0.000167663
1.09682e-10	-0.00016763
1.09735e-10	-0.000167598
1.09788e-10	-0.000167565
1.09842e-10	-0.000167532
1.09895e-10	-0.000167499
1.09948e-10	-0.000167466
1.10001e-10	-0.000167433
1.10054e-10	-0.000167399
1.10107e-10	-0.000167366
1.1016e-10	-0.000167332
1.10213e-10	-0.000167298
1.10266e-10	-0.000167265
1.10319e-10	-0.000167231
1.10372e-10	-0.000167196
1.10425e-10	-0.000167162
1.10478e-10	-0.000167128
1.10531e-10	-0.000167093
1.10584e-10	-0.000167058
1.10637e-10	-0.000167023
1.1069e-10	-0.000166989
1.10743e-10	-0.000166953
1.10796e-10	-0.000166918
1.10849e-10	-0.000166883
1.10902e-10	-0.000166847
1.10955e-10	-0.000166812
1.11008e-10	-0.000166776
1.11061e-10	-0.00016674
1.11114e-10	-0.000166704
1.11167e-10	-0.000166668
1.1122e-10	-0.000166632
1.11274e-10	-0.000166595
1.11327e-10	-0.000166559
1.1138e-10	-0.000166522
1.11433e-10	-0.000166485
1.11486e-10	-0.000166448
1.11539e-10	-0.000166411
1.11592e-10	-0.000166374
1.11645e-10	-0.000166337
1.11698e-10	-0.000166299
1.11751e-10	-0.000166262
1.11804e-10	-0.000166224
1.11857e-10	-0.000166186
1.1191e-10	-0.000166148
1.11963e-10	-0.00016611
1.12016e-10	-0.000166072
1.12069e-10	-0.000166033
1.12122e-10	-0.000165995
1.12175e-10	-0.000165956
1.12228e-10	-0.000165917
1.12281e-10	-0.000165878
1.12334e-10	-0.000165839
1.12387e-10	-0.0001658
1.1244e-10	-0.000165761
1.12493e-10	-0.000165721
1.12546e-10	-0.000165682
1.12599e-10	-0.000165642
1.12653e-10	-0.000165602
1.12706e-10	-0.000165562
1.12759e-10	-0.000165522
1.12812e-10	-0.000165482
1.12865e-10	-0.000165441
1.12918e-10	-0.000165401
1.12971e-10	-0.00016536
1.13024e-10	-0.000165319
1.13077e-10	-0.000165278
1.1313e-10	-0.000165237
1.13183e-10	-0.000165196
1.13236e-10	-0.000165155
1.13289e-10	-0.000165113
1.13342e-10	-0.000165072
1.13395e-10	-0.00016503
1.13448e-10	-0.000164988
1.13501e-10	-0.000164946
1.13554e-10	-0.000164904
1.13607e-10	-0.000164862
1.1366e-10	-0.000164819
1.13713e-10	-0.000164777
1.13766e-10	-0.000164734
1.13819e-10	-0.000164692
1.13872e-10	-0.000164649
1.13925e-10	-0.000164606
1.13978e-10	-0.000164562
1.14032e-10	-0.000164519
1.14085e-10	-0.000164476
1.14138e-10	-0.000164432
1.14191e-10	-0.000164388
1.14244e-10	-0.000164344
1.14297e-10	-0.000164301
1.1435e-10	-0.000164256
1.14403e-10	-0.000164212
1.14456e-10	-0.000164168
1.14509e-10	-0.000164123
1.14562e-10	-0.000164079
1.14615e-10	-0.000164034
1.14668e-10	-0.000163989
1.14721e-10	-0.000163944
1.14774e-10	-0.000163899
1.14827e-10	-0.000163853
1.1488e-10	-0.000163808
1.14933e-10	-0.000163762
1.14986e-10	-0.000163717
1.15039e-10	-0.000163671
1.15092e-10	-0.000163625
1.15145e-10	-0.000163579
1.15198e-10	-0.000163532
1.15251e-10	-0.000163486
1.15304e-10	-0.00016344
1.15357e-10	-0.000163393
1.1541e-10	-0.000163346
1.15464e-10	-0.000163299
1.15517e-10	-0.000163252
1.1557e-10	-0.000163205
1.15623e-10	-0.000163158
1.15676e-10	-0.00016311
1.15729e-10	-0.000163063
1.15782e-10	-0.000163015
1.15835e-10	-0.000162967
1.15888e-10	-0.000162919
1.15941e-10	-0.000162871
1.15994e-10	-0.000162823
1.16047e-10	-0.000162774
1.161e-10	-0.000162726
1.16153e-10	-0.000162677
1.16206e-10	-0.000162628
1.16259e-10	-0.000162579
1.16312e-10	-0.00016253
1.16365e-10	-0.000162481
1.16418e-10	-0.000162432
1.16471e-10	-0.000162382
1.16524e-10	-0.000162333
1.16577e-10	-0.000162283
1.1663e-10	-0.000162233
1.16683e-10	-0.000162183
1.16736e-10	-0.000162133
1.16789e-10	-0.000162083
1.16843e-10	-0.000162032
1.16896e-10	-0.000161982
1.16949e-10	-0.000161931
1.17002e-10	-0.00016188
1.17055e-10	-0.000161829
1.17108e-10	-0.000161778
1.17161e-10	-0.000161727
1.17214e-10	-0.000161676
1.17267e-10	-0.000161624
1.1732e-10	-0.000161573
1.17373e-10	-0.000161521
1.17426e-10	-0.000161469
1.17479e-10	-0.000161417
1.17532e-10	-0.000161365
1.17585e-10	-0.000161313
1.17638e-10	-0.00016126
1.17691e-10	-0.000161208
1.17744e-10	-0.000161155
1.17797e-10	-0.000161102
1.1785e-10	-0.000161049
1.17903e-10	-0.000160996
1.17956e-10	-0.000160943
1.18009e-10	-0.00016089
1.18062e-10	-0.000160836
1.18115e-10	-0.000160782
1.18168e-10	-0.000160729
1.18221e-10	-0.000160675
1.18275e-10	-0.000160621
1.18328e-10	-0.000160567
1.18381e-10	-0.000160512
1.18434e-10	-0.000160458
1.18487e-10	-0.000160403
1.1854e-10	-0.000160349
1.18593e-10	-0.000160294
1.18646e-10	-0.000160239
1.18699e-10	-0.000160184
1.18752e-10	-0.000160128
1.18805e-10	-0.000160073
1.18858e-10	-0.000160018
1.18911e-10	-0.000159962
1.18964e-10	-0.000159906
1.19017e-10	-0.00015985
1.1907e-10	-0.000159794
1.19123e-10	-0.000159738
1.19176e-10	-0.000159682
1.19229e-10	-0.000159625
1.19282e-10	-0.000159569
1.19335e-10	-0.000159512
1.19388e-10	-0.000159455
1.19441e-10	-0.000159398
1.19494e-10	-0.000159341
1.19547e-10	-0.000159284
1.196e-10	-0.000159226
1.19654e-10	-0.000159169
1.19707e-10	-0.000159111
1.1976e-10	-0.000159053
1.19813e-10	-0.000158995
1.19866e-10	-0.000158937
1.19919e-10	-0.000158879
1.19972e-10	-0.000158821
1.20025e-10	-0.000158762
1.20078e-10	-0.000158703
1.20131e-10	-0.000158645
1.20184e-10	-0.000158586
1.20237e-10	-0.000158527
1.2029e-10	-0.000158468
1.20343e-10	-0.000158408
1.20396e-10	-0.000158349
1.20449e-10	-0.000158289
1.20502e-10	-0.00015823
1.20555e-10	-0.00015817
1.20608e-10	-0.00015811
1.20661e-10	-0.00015805
1.20714e-10	-0.00015799
1.20767e-10	-0.000157929
1.2082e-10	-0.000157869
1.20873e-10	-0.000157808
1.20926e-10	-0.000157747
1.20979e-10	-0.000157686
1.21033e-10	-0.000157625
1.21086e-10	-0.000157564
1.21139e-10	-0.000157503
1.21192e-10	-0.000157441
1.21245e-10	-0.00015738
1.21298e-10	-0.000157318
1.21351e-10	-0.000157256
1.21404e-10	-0.000157194
1.21457e-10	-0.000157132
1.2151e-10	-0.00015707
1.21563e-10	-0.000157007
1.21616e-10	-0.000156945
1.21669e-10	-0.000156882
1.21722e-10	-0.000156819
1.21775e-10	-0.000156756
1.21828e-10	-0.000156693
1.21881e-10	-0.00015663
1.21934e-10	-0.000156567
1.21987e-10	-0.000156503
1.2204e-10	-0.00015644
1.22093e-10	-0.000156376
1.22146e-10	-0.000156312
1.22199e-10	-0.000156248
1.22252e-10	-0.000156184
1.22305e-10	-0.00015612
1.22358e-10	-0.000156055
1.22411e-10	-0.000155991
1.22465e-10	-0.000155926
1.22518e-10	-0.000155861
1.22571e-10	-0.000155796
1.22624e-10	-0.000155731
1.22677e-10	-0.000155666
1.2273e-10	-0.0001556
1.22783e-10	-0.000155535
1.22836e-10	-0.000155469
1.22889e-10	-0.000155403
1.22942e-10	-0.000155337
1.22995e-10	-0.000155271
1.23048e-10	-0.000155205
1.23101e-10	-0.000155139
1.23154e-10	-0.000155072
1.23207e-10	-0.000155006
1.2326e-10	-0.000154939
1.23313e-10	-0.000154872
1.23366e-10	-0.000154805
1.23419e-10	-0.000154738
1.23472e-10	-0.000154671
1.23525e-10	-0.000154603
1.23578e-10	-0.000154536
1.23631e-10	-0.000154468
1.23684e-10	-0.0001544
1.23737e-10	-0.000154332
1.2379e-10	-0.000154264
1.23844e-10	-0.000154196
1.23897e-10	-0.000154128
1.2395e-10	-0.000154059
1.24003e-10	-0.000153991
1.24056e-10	-0.000153922
1.24109e-10	-0.000153853
1.24162e-10	-0.000153784
1.24215e-10	-0.000153715
1.24268e-10	-0.000153645
1.24321e-10	-0.000153576
1.24374e-10	-0.000153506
1.24427e-10	-0.000153437
1.2448e-10	-0.000153367
1.24533e-10	-0.000153297
1.24586e-10	-0.000153227
1.24639e-10	-0.000153156
1.24692e-10	-0.000153086
1.24745e-10	-0.000153015
1.24798e-10	-0.000152945
1.24851e-10	-0.000152874
1.24904e-10	-0.000152803
1.24957e-10	-0.000152732
1.2501e-10	-0.000152661
1.25063e-10	-0.000152589
1.25116e-10	-0.000152518
1.25169e-10	-0.000152446
1.25223e-10	-0.000152375
1.25276e-10	-0.000152303
1.25329e-10	-0.000152231
1.25382e-10	-0.000152159
1.25435e-10	-0.000152086
1.25488e-10	-0.000152014
1.25541e-10	-0.000151941
1.25594e-10	-0.000151869
1.25647e-10	-0.000151796
1.257e-10	-0.000151723
1.25753e-10	-0.00015165
1.25806e-10	-0.000151576
1.25859e-10	-0.000151503
1.25912e-10	-0.000151429
1.25965e-10	-0.000151356
1.26018e-10	-0.000151282
1.26071e-10	-0.000151208
1.26124e-10	-0.000151134
1.26177e-10	-0.00015106
1.2623e-10	-0.000150986
1.26283e-10	-0.000150911
1.26336e-10	-0.000150836
1.26389e-10	-0.000150762
1.26442e-10	-0.000150687
1.26495e-10	-0.000150612
1.26548e-10	-0.000150537
1.26601e-10	-0.000150461
1.26655e-10	-0.000150386
1.26708e-10	-0.000150311
1.26761e-10	-0.000150235
1.26814e-10	-0.000150159
1.26867e-10	-0.000150083
1.2692e-10	-0.000150007
1.26973e-10	-0.000149931
1.27026e-10	-0.000149854
1.27079e-10	-0.000149778
1.27132e-10	-0.000149701
1.27185e-10	-0.000149624
1.27238e-10	-0.000149548
1.27291e-10	-0.00014947
1.27344e-10	-0.000149393
1.27397e-10	-0.000149316
1.2745e-10	-0.000149239
1.27503e-10	-0.000149161
1.27556e-10	-0.000149083
1.27609e-10	-0.000149005
1.27662e-10	-0.000148927
1.27715e-10	-0.000148849
1.27768e-10	-0.000148771
1.27821e-10	-0.000148693
1.27874e-10	-0.000148614
1.27927e-10	-0.000148535
1.2798e-10	-0.000148457
1.28034e-10	-0.000148378
1.28087e-10	-0.000148299
1.2814e-10	-0.000148219
1.28193e-10	-0.00014814
1.28246e-10	-0.000148061
1.28299e-10	-0.000147981
1.28352e-10	-0.000147901
1.28405e-10	-0.000147821
1.28458e-10	-0.000147741
1.28511e-10	-0.000147661
1.28564e-10	-0.000147581
1.28617e-10	-0.0001475
1.2867e-10	-0.00014742
1.28723e-10	-0.000147339
1.28776e-10	-0.000147258
1.28829e-10	-0.000147177
1.28882e-10	-0.000147096
1.28935e-10	-0.000147015
1.28988e-10	-0.000146934
1.29041e-10	-0.000146852
1.29094e-10	-0.00014677
1.29147e-10	-0.000146689
1.292e-10	-0.000146607
1.29253e-10	-0.000146525
1.29306e-10	-0.000146442
1.29359e-10	-0.00014636
1.29412e-10	-0.000146278
1.29466e-10	-0.000146195
1.29519e-10	-0.000146112
1.29572e-10	-0.000146029
1.29625e-10	-0.000145946
1.29678e-10	-0.000145863
1.29731e-10	-0.00014578
1.29784e-10	-0.000145697
1.29837e-10	-0.000145613
1.2989e-10	-0.000145529
1.29943e-10	-0.000145446
1.29996e-10	-0.000145362
1.30049e-10	-0.000145277
1.30102e-10	-0.000145193
1.30155e-10	-0.000145109
1.30208e-10	-0.000145024
1.30261e-10	-0.00014494
1.30314e-10	-0.000144855
1.30367e-10	-0.00014477
1.3042e-10	-0.000144685
1.30473e-10	-0.0001446
1.30526e-10	-0.000144515
1.30579e-10	-0.000144429
1.30632e-10	-0.000144344
1.30685e-10	-0.000144258
1.30738e-10	-0.000144172
1.30791e-10	-0.000144086
1.30845e-10	-0.000144
1.30898e-10	-0.000143914
1.30951e-10	-0.000143827
1.31004e-10	-0.000143741
1.31057e-10	-0.000143654
1.3111e-10	-0.000143567
1.31163e-10	-0.00014348
1.31216e-10	-0.000143393
1.31269e-10	-0.000143306
1.31322e-10	-0.000143219
1.31375e-10	-0.000143131
1.31428e-10	-0.000143044
1.31481e-10	-0.000142956
1.31534e-10	-0.000142868
1.31587e-10	-0.00014278
1.3164e-10	-0.000142692
1.31693e-10	-0.000142604
1.31746e-10	-0.000142515
1.31799e-10	-0.000142427
1.31852e-10	-0.000142338
1.31905e-10	-0.000142249
1.31958e-10	-0.00014216
1.32011e-10	-0.000142071
1.32064e-10	-0.000141982
1.32117e-10	-0.000141892
1.3217e-10	-0.000141803
1.32224e-10	-0.000141713
1.32277e-10	-0.000141623
1.3233e-10	-0.000141534
1.32383e-10	-0.000141444
1.32436e-10	-0.000141353
1.32489e-10	-0.000141263
1.32542e-10	-0.000141173
1.32595e-10	-0.000141082
1.32648e-10	-0.000140991
1.32701e-10	-0.0001409
1.32754e-10	-0.000140809
1.32807e-10	-0.000140718
1.3286e-10	-0.000140627
1.32913e-10	-0.000140536
1.32966e-10	-0.000140444
1.33019e-10	-0.000140353
1.33072e-10	-0.000140261
1.33125e-10	-0.000140169
1.33178e-10	-0.000140077
1.33231e-10	-0.000139985
1.33284e-10	-0.000139892
1.33337e-10	-0.0001398
1.3339e-10	-0.000139707
1.33443e-10	-0.000139614
1.33496e-10	-0.000139522
1.33549e-10	-0.000139429
1.33602e-10	-0.000139335
1.33656e-10	-0.000139242
1.33709e-10	-0.000139149
1.33762e-10	-0.000139055
1.33815e-10	-0.000138961
1.33868e-10	-0.000138868
1.33921e-10	-0.000138774
1.33974e-10	-0.00013868
1.34027e-10	-0.000138585
1.3408e-10	-0.000138491
1.34133e-10	-0.000138397
1.34186e-10	-0.000138302
1.34239e-10	-0.000138207
1.34292e-10	-0.000138112
1.34345e-10	-0.000138017
1.34398e-10	-0.000137922
1.34451e-10	-0.000137827
1.34504e-10	-0.000137731
1.34557e-10	-0.000137636
1.3461e-10	-0.00013754
1.34663e-10	-0.000137444
1.34716e-10	-0.000137348
1.34769e-10	-0.000137252
1.34822e-10	-0.000137156
1.34875e-10	-0.00013706
1.34928e-10	-0.000136963
1.34981e-10	-0.000136866
1.35035e-10	-0.00013677
1.35088e-10	-0.000136673
1.35141e-10	-0.000136576
1.35194e-10	-0.000136479
1.35247e-10	-0.000136381
1.353e-10	-0.000136284
1.35353e-10	-0.000136186
1.35406e-10	-0.000136089
1.35459e-10	-0.000135991
1.35512e-10	-0.000135893
1.35565e-10	-0.000135795
1.35618e-10	-0.000135696
1.35671e-10	-0.000135598
1.35724e-10	-0.000135499
1.35777e-10	-0.000135401
1.3583e-10	-0.000135302
1.35883e-10	-0.000135203
1.35936e-10	-0.000135104
1.35989e-10	-0.000135005
1.36042e-10	-0.000134906
1.36095e-10	-0.000134806
1.36148e-10	-0.000134707
1.36201e-10	-0.000134607
1.36254e-10	-0.000134507
1.36307e-10	-0.000134407
1.3636e-10	-0.000134307
1.36413e-10	-0.000134207
1.36467e-10	-0.000134106
1.3652e-10	-0.000134006
1.36573e-10	-0.000133905
1.36626e-10	-0.000133804
1.36679e-10	-0.000133703
1.36732e-10	-0.000133602
1.36785e-10	-0.000133501
1.36838e-10	-0.0001334
1.36891e-10	-0.000133298
1.36944e-10	-0.000133197
1.36997e-10	-0.000133095
1.3705e-10	-0.000132993
1.37103e-10	-0.000132891
1.37156e-10	-0.000132789
1.37209e-10	-0.000132687
1.37262e-10	-0.000132584
1.37315e-10	-0.000132482
1.37368e-10	-0.000132379
1.37421e-10	-0.000132276
1.37474e-10	-0.000132173
1.37527e-10	-0.00013207
1.3758e-10	-0.000131967
1.37633e-10	-0.000131864
1.37686e-10	-0.00013176
1.37739e-10	-0.000131657
1.37792e-10	-0.000131553
1.37846e-10	-0.000131449
1.37899e-10	-0.000131345
1.37952e-10	-0.000131241
1.38005e-10	-0.000131137
1.38058e-10	-0.000131032
1.38111e-10	-0.000130928
1.38164e-10	-0.000130823
1.38217e-10	-0.000130718
1.3827e-10	-0.000130613
1.38323e-10	-0.000130508
1.38376e-10	-0.000130403
1.38429e-10	-0.000130298
1.38482e-10	-0.000130192
1.38535e-10	-0.000130087
1.38588e-10	-0.000129981
1.38641e-10	-0.000129875
1.38694e-10	-0.000129769
1.38747e-10	-0.000129663
1.388e-10	-0.000129557
1.38853e-10	-0.00012945
1.38906e-10	-0.000129344
1.38959e-10	-0.000129237
1.39012e-10	-0.00012913
1.39065e-10	-0.000129024
1.39118e-10	-0.000128916
1.39171e-10	-0.000128809
1.39225e-10	-0.000128702
1.39278e-10	-0.000128595
1.39331e-10	-0.000128487
1.39384e-10	-0.000128379
1.39437e-10	-0.000128271
1.3949e-10	-0.000128163
1.39543e-10	-0.000128055
1.39596e-10	-0.000127947
1.39649e-10	-0.000127839
1.39702e-10	-0.00012773
1.39755e-10	-0.000127621
1.39808e-10	-0.000127513
1.39861e-10	-0.000127404
1.39914e-10	-0.000127295
1.39967e-10	-0.000127186
1.4002e-10	-0.000127076
1.40073e-10	-0.000126967
1.40126e-10	-0.000126857
1.40179e-10	-0.000126748
1.40232e-10	-0.000126638
1.40285e-10	-0.000126528
1.40338e-10	-0.000126418
1.40391e-10	-0.000126307
1.40444e-10	-0.000126197
1.40497e-10	-0.000126087
1.4055e-10	-0.000125976
1.40603e-10	-0.000125865
1.40657e-10	-0.000125754
1.4071e-10	-0.000125643
1.40763e-10	-0.000125532
1.40816e-10	-0.000125421
1.40869e-10	-0.000125309
1.40922e-10	-0.000125198
1.40975e-10	-0.000125086
1.41028e-10	-0.000124974
1.41081e-10	-0.000124862
1.41134e-10	-0.00012475
1.41187e-10	-0.000124638
1.4124e-10	-0.000124526
1.41293e-10	-0.000124413
1.41346e-10	-0.000124301
1.41399e-10	-0.000124188
1.41452e-10	-0.000124075
1.41505e-10	-0.000123962
1.41558e-10	-0.000123849
1.41611e-10	-0.000123736
1.41664e-10	-0.000123622
1.41717e-10	-0.000123509
1.4177e-10	-0.000123395
1.41823e-10	-0.000123281
1.41876e-10	-0.000123167
1.41929e-10	-0.000123053
1.41982e-10	-0.000122939
1.42036e-10	-0.000122825
1.42089e-10	-0.00012271
1.42142e-10	-0.000122596
1.42195e-10	-0.000122481
1.42248e-10	-0.000122366
1.42301e-10	-0.000122251
1.42354e-10	-0.000122136
1.42407e-10	-0.000122021
1.4246e-10	-0.000121906
1.42513e-10	-0.00012179
1.42566e-10	-0.000121675
1.42619e-10	-0.000121559
1.42672e-10	-0.000121443
1.42725e-10	-0.000121327
1.42778e-10	-0.000121211
1.42831e-10	-0.000121094
1.42884e-10	-0.000120978
1.42937e-10	-0.000120862
1.4299e-10	-0.000120745
1.43043e-10	-0.000120628
1.43096e-10	-0.000120511
1.43149e-10	-0.000120394
1.43202e-10	-0.000120277
1.43255e-10	-0.00012016
1.43308e-10	-0.000120042
1.43361e-10	-0.000119925
1.43415e-10	-0.000119807
1.43468e-10	-0.000119689
1.43521e-10	-0.000119571
1.43574e-10	-0.000119453
1.43627e-10	-0.000119335
1.4368e-10	-0.000119216
1.43733e-10	-0.000119098
1.43786e-10	-0.000118979
1.43839e-10	-0.00011886
1.43892e-10	-0.000118742
1.43945e-10	-0.000118623
1.43998e-10	-0.000118503
1.44051e-10	-0.000118384
1.44104e-10	-0.000118265
1.44157e-10	-0.000118145
1.4421e-10	-0.000118026
1.44263e-10	-0.000117906
1.44316e-10	-0.000117786
1.44369e-10	-0.000117666
1.44422e-10	-0.000117546
1.44475e-10	-0.000117425
1.44528e-10	-0.000117305
1.44581e-10	-0.000117184
1.44634e-10	-0.000117064
1.44687e-10	-0.000116943
1.4474e-10	-0.000116822
1.44793e-10	-0.000116701
1.44847e-10	-0.00011658
1.449e-10	-0.000116458
1.44953e-10	-0.000116337
1.45006e-10	-0.000116215
1.45059e-10	-0.000116093
1.45112e-10	-0.000115971
1.45165e-10	-0.000115849
1.45218e-10	-0.000115727
1.45271e-10	-0.000115605
1.45324e-10	-0.000115483
1.45377e-10	-0.00011536
1.4543e-10	-0.000115238
1.45483e-10	-0.000115115
1.45536e-10	-0.000114992
1.45589e-10	-0.000114869
1.45642e-10	-0.000114746
1.45695e-10	-0.000114622
1.45748e-10	-0.000114499
1.45801e-10	-0.000114375
1.45854e-10	-0.000114252
1.45907e-10	-0.000114128
1.4596e-10	-0.000114004
1.46013e-10	-0.00011388
1.46066e-10	-0.000113756
1.46119e-10	-0.000113632
1.46172e-10	-0.000113507
1.46226e-10	-0.000113383
1.46279e-10	-0.000113258
1.46332e-10	-0.000113133
1.46385e-10	-0.000113008
1.46438e-10	-0.000112883
1.46491e-10	-0.000112758
1.46544e-10	-0.000112632
1.46597e-10	-0.000112507
1.4665e-10	-0.000112381
1.46703e-10	-0.000112256
1.46756e-10	-0.00011213
1.46809e-10	-0.000112004
1.46862e-10	-0.000111878
1.46915e-10	-0.000111751
1.46968e-10	-0.000111625
1.47021e-10	-0.000111499
1.47074e-10	-0.000111372
1.47127e-10	-0.000111245
1.4718e-10	-0.000111118
1.47233e-10	-0.000110991
1.47286e-10	-0.000110864
1.47339e-10	-0.000110737
1.47392e-10	-0.00011061
1.47445e-10	-0.000110482
1.47498e-10	-0.000110354
1.47551e-10	-0.000110227
1.47604e-10	-0.000110099
1.47658e-10	-0.000109971
1.47711e-10	-0.000109843
1.47764e-10	-0.000109714
1.47817e-10	-0.000109586
1.4787e-10	-0.000109457
1.47923e-10	-0.000109329
1.47976e-10	-0.0001092
1.48029e-10	-0.000109071
1.48082e-10	-0.000108942
1.48135e-10	-0.000108813
1.48188e-10	-0.000108684
1.48241e-10	-0.000108554
1.48294e-10	-0.000108425
1.48347e-10	-0.000108295
1.484e-10	-0.000108165
1.48453e-10	-0.000108035
1.48506e-10	-0.000107905
1.48559e-10	-0.000107775
1.48612e-10	-0.000107645
1.48665e-10	-0.000107514
1.48718e-10	-0.000107384
1.48771e-10	-0.000107253
1.48824e-10	-0.000107122
1.48877e-10	-0.000106991
1.4893e-10	-0.00010686
1.48983e-10	-0.000106729
1.49037e-10	-0.000106598
1.4909e-10	-0.000106466
1.49143e-10	-0.000106335
1.49196e-10	-0.000106203
1.49249e-10	-0.000106071
1.49302e-10	-0.000105939
1.49355e-10	-0.000105807
1.49408e-10	-0.000105675
1.49461e-10	-0.000105543
1.49514e-10	-0.00010541
1.49567e-10	-0.000105277
1.4962e-10	-0.000105145
1.49673e-10	-0.000105012
1.49726e-10	-0.000104879
1.49779e-10	-0.000104746
1.49832e-10	-0.000104613
1.49885e-10	-0.000104479
1.49938e-10	-0.000104346
1.49991e-10	-0.000104212
1.50044e-10	-0.000104079
1.50097e-10	-0.000103945
1.5015e-10	-0.000103811
1.50203e-10	-0.000103677
1.50256e-10	-0.000103543
1.50309e-10	-0.000103408
1.50362e-10	-0.000103274
1.50416e-10	-0.000103139
1.50469e-10	-0.000103004
1.50522e-10	-0.00010287
1.50575e-10	-0.000102735
1.50628e-10	-0.0001026
1.50681e-10	-0.000102464
1.50734e-10	-0.000102329
1.50787e-10	-0.000102194
1.5084e-10	-0.000102058
1.50893e-10	-0.000101922
1.50946e-10	-0.000101786
1.50999e-10	-0.00010165
1.51052e-10	-0.000101514
1.51105e-10	-0.000101378
1.51158e-10	-0.000101242
1.51211e-10	-0.000101105
1.51264e-10	-0.000100969
1.51317e-10	-0.000100832
1.5137e-10	-0.000100695
1.51423e-10	-0.000100558
1.51476e-10	-0.000100421
1.51529e-10	-0.000100284
1.51582e-10	-0.000100147
1.51635e-10	-0.000100009
1.51688e-10	-9.98717e-05
1.51741e-10	-9.9734e-05
1.51794e-10	-9.95962e-05
1.51848e-10	-9.94582e-05
1.51901e-10	-9.93202e-05
1.51954e-10	-9.9182e-05
1.52007e-10	-9.90437e-05
1.5206e-10	-9.89052e-05
1.52113e-10	-9.87667e-05
1.52166e-10	-9.8628e-05
1.52219e-10	-9.84892e-05
1.52272e-10	-9.83502e-05
1.52325e-10	-9.82112e-05
1.52378e-10	-9.8072e-05
1.52431e-10	-9.79327e-05
1.52484e-10	-9.77933e-05
1.52537e-10	-9.76537e-05
1.5259e-10	-9.75141e-05
1.52643e-10	-9.73743e-05
1.52696e-10	-9.72344e-05
1.52749e-10	-9.70943e-05
1.52802e-10	-9.69542e-05
1.52855e-10	-9.68139e-05
1.52908e-10	-9.66735e-05
1.52961e-10	-9.65329e-05
1.53014e-10	-9.63923e-05
1.53067e-10	-9.62515e-05
1.5312e-10	-9.61106e-05
1.53173e-10	-9.59696e-05
1.53227e-10	-9.58285e-05
1.5328e-10	-9.56872e-05
1.53333e-10	-9.55458e-05
1.53386e-10	-9.54043e-05
1.53439e-10	-9.52627e-05
1.53492e-10	-9.51209e-05
1.53545e-10	-9.4979e-05
1.53598e-10	-9.4837e-05
1.53651e-10	-9.46949e-05
1.53704e-10	-9.45527e-05
1.53757e-10	-9.44103e-05
1.5381e-10	-9.42678e-05
1.53863e-10	-9.41252e-05
1.53916e-10	-9.39825e-05
1.53969e-10	-9.38396e-05
1.54022e-10	-9.36967e-05
1.54075e-10	-9.35536e-05
1.54128e-10	-9.34104e-05
1.54181e-10	-9.3267e-05
1.54234e-10	-9.31236e-05
1.54287e-10	-9.298e-05
1.5434e-10	-9.28363e-05
1.54393e-10	-9.26925e-05
1.54446e-10	-9.25485e-05
1.54499e-10	-9.24045e-05
1.54552e-10	-9.22603e-05
1.54606e-10	-9.2116e-05
1.54659e-10	-9.19716e-05
1.54712e-10	-9.1827e-05
1.54765e-10	-9.16823e-05
1.54818e-10	-9.15375e-05
1.54871e-10	-9.13926e-05
1.54924e-10	-9.12476e-05
1.54977e-10	-9.11025e-05
1.5503e-10	-9.09572e-05
1.55083e-10	-9.08118e-05
1.55136e-10	-9.06663e-05
1.55189e-10	-9.05206e-05
1.55242e-10	-9.03749e-05
1.55295e-10	-9.0229e-05
1.55348e-10	-9.0083e-05
1.55401e-10	-8.99369e-05
1.55454e-10	-8.97907e-05
1.55507e-10	-8.96443e-05
1.5556e-10	-8.94979e-05
1.55613e-10	-8.93513e-05
1.55666e-10	-8.92046e-05
1.55719e-10	-8.90577e-05
1.55772e-10	-8.89108e-05
1.55825e-10	-8.87637e-05
1.55878e-10	-8.86165e-05
1.55931e-10	-8.84692e-05
1.55984e-10	-8.83218e-05
1.56038e-10	-8.81742e-05
1.56091e-10	-8.80265e-05
1.56144e-10	-8.78787e-05
1.56197e-10	-8.77308e-05
1.5625e-10	-8.75828e-05
1.56303e-10	-8.74347e-05
1.56356e-10	-8.72864e-05
1.56409e-10	-8.7138e-05
1.56462e-10	-8.69895e-05
1.56515e-10	-8.68409e-05
1.56568e-10	-8.66921e-05
1.56621e-10	-8.65433e-05
1.56674e-10	-8.63943e-05
1.56727e-10	-8.62452e-05
1.5678e-10	-8.6096e-05
1.56833e-10	-8.59467e-05
1.56886e-10	-8.57972e-05
1.56939e-10	-8.56476e-05
1.56992e-10	-8.54979e-05
1.57045e-10	-8.53481e-05
1.57098e-10	-8.51982e-05
1.57151e-10	-8.50482e-05
1.57204e-10	-8.4898e-05
1.57257e-10	-8.47477e-05
1.5731e-10	-8.45973e-05
1.57363e-10	-8.44468e-05
1.57417e-10	-8.42962e-05
1.5747e-10	-8.41454e-05
1.57523e-10	-8.39945e-05
1.57576e-10	-8.38436e-05
1.57629e-10	-8.36925e-05
1.57682e-10	-8.35412e-05
1.57735e-10	-8.33899e-05
1.57788e-10	-8.32384e-05
1.57841e-10	-8.30869e-05
1.57894e-10	-8.29352e-05
1.57947e-10	-8.27834e-05
1.58e-10	-8.26314e-05
1.58053e-10	-8.24794e-05
1.58106e-10	-8.23272e-05
1.58159e-10	-8.21749e-05
1.58212e-10	-8.20226e-05
1.58265e-10	-8.187e-05
1.58318e-10	-8.17174e-05
1.58371e-10	-8.15647e-05
1.58424e-10	-8.14118e-05
1.58477e-10	-8.12588e-05
1.5853e-10	-8.11057e-05
1.58583e-10	-8.09525e-05
1.58636e-10	-8.07992e-05
1.58689e-10	-8.06457e-05
1.58742e-10	-8.04922e-05
1.58795e-10	-8.03385e-05
1.58849e-10	-8.01847e-05
1.58902e-10	-8.00308e-05
1.58955e-10	-7.98768e-05
1.59008e-10	-7.97226e-05
1.59061e-10	-7.95684e-05
1.59114e-10	-7.9414e-05
1.59167e-10	-7.92595e-05
1.5922e-10	-7.91049e-05
1.59273e-10	-7.89502e-05
1.59326e-10	-7.87954e-05
1.59379e-10	-7.86404e-05
1.59432e-10	-7.84853e-05
1.59485e-10	-7.83302e-05
1.59538e-10	-7.81749e-05
1.59591e-10	-7.80194e-05
1.59644e-10	-7.78639e-05
1.59697e-10	-7.77083e-05
1.5975e-10	-7.75525e-05
1.59803e-10	-7.73966e-05
1.59856e-10	-7.72407e-05
1.59909e-10	-7.70846e-05
1.59962e-10	-7.69283e-05
1.60015e-10	-7.6772e-05
1.60068e-10	-7.66156e-05
1.60121e-10	-7.6459e-05
1.60174e-10	-7.63023e-05
1.60228e-10	-7.61455e-05
1.60281e-10	-7.59886e-05
1.60334e-10	-7.58316e-05
1.60387e-10	-7.56745e-05
1.6044e-10	-7.55172e-05
1.60493e-10	-7.53599e-05
1.60546e-10	-7.52024e-05
1.60599e-10	-7.50448e-05
1.60652e-10	-7.48871e-05
1.60705e-10	-7.47293e-05
1.60758e-10	-7.45713e-05
1.60811e-10	-7.44133e-05
1.60864e-10	-7.42551e-05
1.60917e-10	-7.40969e-05
1.6097e-10	-7.39385e-05
1.61023e-10	-7.378e-05
1.61076e-10	-7.36214e-05
1.61129e-10	-7.34626e-05
1.61182e-10	-7.33038e-05
1.61235e-10	-7.31448e-05
1.61288e-10	-7.29858e-05
1.61341e-10	-7.28266e-05
1.61394e-10	-7.26673e-05
1.61447e-10	-7.25079e-05
1.615e-10	-7.23484e-05
1.61553e-10	-7.21888e-05
1.61607e-10	-7.2029e-05
1.6166e-10	-7.18692e-05
1.61713e-10	-7.17092e-05
1.61766e-10	-7.15491e-05
1.61819e-10	-7.13889e-05
1.61872e-10	-7.12286e-05
1.61925e-10	-7.10682e-05
1.61978e-10	-7.09077e-05
1.62031e-10	-7.0747e-05
1.62084e-10	-7.05863e-05
1.62137e-10	-7.04254e-05
1.6219e-10	-7.02644e-05
1.62243e-10	-7.01033e-05
1.62296e-10	-6.99421e-05
1.62349e-10	-6.97808e-05
1.62402e-10	-6.96194e-05
1.62455e-10	-6.94579e-05
1.62508e-10	-6.92962e-05
1.62561e-10	-6.91345e-05
1.62614e-10	-6.89726e-05
1.62667e-10	-6.88106e-05
1.6272e-10	-6.86485e-05
1.62773e-10	-6.84863e-05
1.62826e-10	-6.8324e-05
1.62879e-10	-6.81616e-05
1.62932e-10	-6.7999e-05
1.62985e-10	-6.78364e-05
1.63039e-10	-6.76736e-05
1.63092e-10	-6.75108e-05
1.63145e-10	-6.73478e-05
1.63198e-10	-6.71847e-05
1.63251e-10	-6.70215e-05
1.63304e-10	-6.68582e-05
1.63357e-10	-6.66948e-05
1.6341e-10	-6.65312e-05
1.63463e-10	-6.63676e-05
1.63516e-10	-6.62038e-05
1.63569e-10	-6.604e-05
1.63622e-10	-6.5876e-05
1.63675e-10	-6.57119e-05
1.63728e-10	-6.55477e-05
1.63781e-10	-6.53834e-05
1.63834e-10	-6.5219e-05
1.63887e-10	-6.50545e-05
1.6394e-10	-6.48899e-05
1.63993e-10	-6.47251e-05
1.64046e-10	-6.45603e-05
1.64099e-10	-6.43953e-05
1.64152e-10	-6.42303e-05
1.64205e-10	-6.40651e-05
1.64258e-10	-6.38998e-05
1.64311e-10	-6.37344e-05
1.64364e-10	-6.35689e-05
1.64418e-10	-6.34033e-05
1.64471e-10	-6.32376e-05
1.64524e-10	-6.30717e-05
1.64577e-10	-6.29058e-05
1.6463e-10	-6.27398e-05
1.64683e-10	-6.25736e-05
1.64736e-10	-6.24073e-05
1.64789e-10	-6.2241e-05
1.64842e-10	-6.20745e-05
1.64895e-10	-6.19079e-05
1.64948e-10	-6.17412e-05
1.65001e-10	-6.15744e-05
1.65054e-10	-6.14075e-05
1.65107e-10	-6.12405e-05
1.6516e-10	-6.10734e-05
1.65213e-10	-6.09061e-05
1.65266e-10	-6.07388e-05
1.65319e-10	-6.05713e-05
1.65372e-10	-6.04038e-05
1.65425e-10	-6.02361e-05
1.65478e-10	-6.00683e-05
1.65531e-10	-5.99005e-05
1.65584e-10	-5.97325e-05
1.65637e-10	-5.95644e-05
1.6569e-10	-5.93962e-05
1.65743e-10	-5.92279e-05
1.65796e-10	-5.90595e-05
1.6585e-10	-5.88909e-05
1.65903e-10	-5.87223e-05
1.65956e-10	-5.85536e-05
1.66009e-10	-5.83847e-05
1.66062e-10	-5.82158e-05
1.66115e-10	-5.80467e-05
1.66168e-10	-5.78776e-05
1.66221e-10	-5.77083e-05
1.66274e-10	-5.75389e-05
1.66327e-10	-5.73695e-05
1.6638e-10	-5.71999e-05
1.66433e-10	-5.70302e-05
1.66486e-10	-5.68604e-05
1.66539e-10	-5.66905e-05
1.66592e-10	-5.65205e-05
1.66645e-10	-5.63504e-05
1.66698e-10	-5.61802e-05
1.66751e-10	-5.60098e-05
1.66804e-10	-5.58394e-05
1.66857e-10	-5.56689e-05
1.6691e-10	-5.54982e-05
1.66963e-10	-5.53275e-05
1.67016e-10	-5.51566e-05
1.67069e-10	-5.49857e-05
1.67122e-10	-5.48146e-05
1.67175e-10	-5.46435e-05
1.67229e-10	-5.44722e-05
1.67282e-10	-5.43008e-05
1.67335e-10	-5.41294e-05
1.67388e-10	-5.39578e-05
1.67441e-10	-5.37861e-05
1.67494e-10	-5.36143e-05
1.67547e-10	-5.34424e-05
1.676e-10	-5.32704e-05
1.67653e-10	-5.30983e-05
1.67706e-10	-5.29261e-05
1.67759e-10	-5.27538e-05
1.67812e-10	-5.25814e-05
1.67865e-10	-5.24089e-05
1.67918e-10	-5.22362e-05
1.67971e-10	-5.20635e-05
1.68024e-10	-5.18907e-05
1.68077e-10	-5.17178e-05
1.6813e-10	-5.15447e-05
1.68183e-10	-5.13716e-05
1.68236e-10	-5.11983e-05
1.68289e-10	-5.1025e-05
1.68342e-10	-5.08516e-05
1.68395e-10	-5.0678e-05
1.68448e-10	-5.05044e-05
1.68501e-10	-5.03306e-05
1.68554e-10	-5.01567e-05
1.68608e-10	-4.99828e-05
1.68661e-10	-4.98087e-05
1.68714e-10	-4.96346e-05
1.68767e-10	-4.94603e-05
1.6882e-10	-4.92859e-05
1.68873e-10	-4.91115e-05
1.68926e-10	-4.89369e-05
1.68979e-10	-4.87622e-05
1.69032e-10	-4.85874e-05
1.69085e-10	-4.84126e-05
1.69138e-10	-4.82376e-05
1.69191e-10	-4.80625e-05
1.69244e-10	-4.78873e-05
1.69297e-10	-4.7712e-05
1.6935e-10	-4.75366e-05
1.69403e-10	-4.73612e-05
1.69456e-10	-4.71856e-05
1.69509e-10	-4.70099e-05
1.69562e-10	-4.68341e-05
1.69615e-10	-4.66582e-05
1.69668e-10	-4.64822e-05
1.69721e-10	-4.63061e-05
1.69774e-10	-4.61299e-05
1.69827e-10	-4.59536e-05
1.6988e-10	-4.57772e-05
1.69933e-10	-4.56007e-05
1.69986e-10	-4.54241e-05
1.7004e-10	-4.52474e-05
1.70093e-10	-4.50706e-05
1.70146e-10	-4.48937e-05
1.70199e-10	-4.47168e-05
1.70252e-10	-4.45397e-05
1.70305e-10	-4.43625e-05
1.70358e-10	-4.41852e-05
1.70411e-10	-4.40078e-05
1.70464e-10	-4.38303e-05
1.70517e-10	-4.36527e-05
1.7057e-10	-4.3475e-05
1.70623e-10	-4.32972e-05
1.70676e-10	-4.31193e-05
1.70729e-10	-4.29413e-05
1.70782e-10	-4.27632e-05
1.70835e-10	-4.25851e-05
1.70888e-10	-4.24068e-05
1.70941e-10	-4.22284e-05
1.70994e-10	-4.20499e-05
1.71047e-10	-4.18713e-05
1.711e-10	-4.16926e-05
1.71153e-10	-4.15139e-05
1.71206e-10	-4.1335e-05
1.71259e-10	-4.1156e-05
1.71312e-10	-4.09769e-05
1.71365e-10	-4.07978e-05
1.71419e-10	-4.06185e-05
1.71472e-10	-4.04391e-05
1.71525e-10	-4.02597e-05
1.71578e-10	-4.00801e-05
1.71631e-10	-3.99004e-05
1.71684e-10	-3.97207e-05
1.71737e-10	-3.95408e-05
1.7179e-10	-3.93609e-05
1.71843e-10	-3.91808e-05
1.71896e-10	-3.90007e-05
1.71949e-10	-3.88204e-05
1.72002e-10	-3.86401e-05
1.72055e-10	-3.84597e-05
1.72108e-10	-3.82791e-05
1.72161e-10	-3.80985e-05
1.72214e-10	-3.79178e-05
1.72267e-10	-3.77369e-05
1.7232e-10	-3.7556e-05
1.72373e-10	-3.7375e-05
1.72426e-10	-3.71939e-05
1.72479e-10	-3.70127e-05
1.72532e-10	-3.68314e-05
1.72585e-10	-3.665e-05
1.72638e-10	-3.64685e-05
1.72691e-10	-3.62869e-05
1.72744e-10	-3.61052e-05
1.72798e-10	-3.59234e-05
1.72851e-10	-3.57415e-05
1.72904e-10	-3.55596e-05
1.72957e-10	-3.53775e-05
1.7301e-10	-3.51953e-05
1.73063e-10	-3.50131e-05
1.73116e-10	-3.48307e-05
1.73169e-10	-3.46483e-05
1.73222e-10	-3.44657e-05
1.73275e-10	-3.42831e-05
1.73328e-10	-3.41004e-05
1.73381e-10	-3.39175e-05
1.73434e-10	-3.37346e-05
1.73487e-10	-3.35516e-05
1.7354e-10	-3.33685e-05
1.73593e-10	-3.31853e-05
1.73646e-10	-3.3002e-05
1.73699e-10	-3.28186e-05
1.73752e-10	-3.26351e-05
1.73805e-10	-3.24515e-05
1.73858e-10	-3.22678e-05
1.73911e-10	-3.20841e-05
1.73964e-10	-3.19002e-05
1.74017e-10	-3.17163e-05
1.7407e-10	-3.15322e-05
1.74123e-10	-3.13481e-05
1.74176e-10	-3.11638e-05
1.7423e-10	-3.09795e-05
1.74283e-10	-3.07951e-05
1.74336e-10	-3.06106e-05
1.74389e-10	-3.0426e-05
1.74442e-10	-3.02413e-05
1.74495e-10	-3.00565e-05
1.74548e-10	-2.98716e-05
1.74601e-10	-2.96866e-05
1.74654e-10	-2.95016e-05
1.74707e-10	-2.93164e-05
1.7476e-10	-2.91312e-05
1.74813e-10	-2.89458e-05
1.74866e-10	-2.87604e-05
1.74919e-10	-2.85748e-05
1.74972e-10	-2.83892e-05
1.75025e-10	-2.82035e-05
1.75078e-10	-2.80177e-05
1.75131e-10	-2.78318e-05
1.75184e-10	-2.76458e-05
1.75237e-10	-2.74598e-05
1.7529e-10	-2.72736e-05
1.75343e-10	-2.70873e-05
1.75396e-10	-2.6901e-05
1.75449e-10	-2.67145e-05
1.75502e-10	-2.6528e-05
1.75555e-10	-2.63414e-05
1.75609e-10	-2.61547e-05
1.75662e-10	-2.59679e-05
1.75715e-10	-2.5781e-05
1.75768e-10	-2.5594e-05
1.75821e-10	-2.54069e-05
1.75874e-10	-2.52198e-05
1.75927e-10	-2.50325e-05
1.7598e-10	-2.48452e-05
1.76033e-10	-2.46577e-05
1.76086e-10	-2.44702e-05
1.76139e-10	-2.42826e-05
1.76192e-10	-2.40949e-05
1.76245e-10	-2.39071e-05
1.76298e-10	-2.37192e-05
1.76351e-10	-2.35313e-05
1.76404e-10	-2.33432e-05
1.76457e-10	-2.31551e-05
1.7651e-10	-2.29668e-05
1.76563e-10	-2.27785e-05
1.76616e-10	-2.25901e-05
1.76669e-10	-2.24016e-05
1.76722e-10	-2.2213e-05
1.76775e-10	-2.20243e-05
1.76828e-10	-2.18356e-05
1.76881e-10	-2.16467e-05
1.76934e-10	-2.14578e-05
1.76987e-10	-2.12687e-05
1.77041e-10	-2.10796e-05
1.77094e-10	-2.08904e-05
1.77147e-10	-2.07011e-05
1.772e-10	-2.05118e-05
1.77253e-10	-2.03223e-05
1.77306e-10	-2.01327e-05
1.77359e-10	-1.99431e-05
1.77412e-10	-1.97534e-05
1.77465e-10	-1.95635e-05
1.77518e-10	-1.93736e-05
1.77571e-10	-1.91836e-05
1.77624e-10	-1.89936e-05
1.77677e-10	-1.88034e-05
1.7773e-10	-1.86132e-05
1.77783e-10	-1.84228e-05
1.77836e-10	-1.82324e-05
1.77889e-10	-1.80419e-05
1.77942e-10	-1.78513e-05
1.77995e-10	-1.76606e-05
1.78048e-10	-1.74698e-05
1.78101e-10	-1.7279e-05
1.78154e-10	-1.70881e-05
1.78207e-10	-1.6897e-05
1.7826e-10	-1.67059e-05
1.78313e-10	-1.65147e-05
1.78366e-10	-1.63234e-05
1.7842e-10	-1.61321e-05
1.78473e-10	-1.59406e-05
1.78526e-10	-1.57491e-05
1.78579e-10	-1.55575e-05
1.78632e-10	-1.53658e-05
1.78685e-10	-1.5174e-05
1.78738e-10	-1.49821e-05
1.78791e-10	-1.47901e-05
1.78844e-10	-1.45981e-05
1.78897e-10	-1.4406e-05
1.7895e-10	-1.42138e-05
1.79003e-10	-1.40215e-05
1.79056e-10	-1.38291e-05
1.79109e-10	-1.36366e-05
1.79162e-10	-1.34441e-05
1.79215e-10	-1.32514e-05
1.79268e-10	-1.30587e-05
1.79321e-10	-1.28659e-05
1.79374e-10	-1.26731e-05
1.79427e-10	-1.24801e-05
1.7948e-10	-1.2287e-05
1.79533e-10	-1.20939e-05
1.79586e-10	-1.19007e-05
1.79639e-10	-1.17074e-05
1.79692e-10	-1.1514e-05
1.79745e-10	-1.13206e-05
1.79799e-10	-1.1127e-05
1.79852e-10	-1.09334e-05
1.79905e-10	-1.07397e-05
1.79958e-10	-1.05459e-05
1.80011e-10	-1.0352e-05
1.80064e-10	-1.01581e-05
1.80117e-10	-9.96404e-06
1.8017e-10	-9.76992e-06
1.80223e-10	-9.57572e-06
1.80276e-10	-9.38144e-06
1.80329e-10	-9.18708e-06
1.80382e-10	-8.99264e-06
1.80435e-10	-8.79811e-06
1.80488e-10	-8.60351e-06
1.80541e-10	-8.40882e-06
1.80594e-10	-8.21406e-06
1.80647e-10	-8.01921e-06
1.807e-10	-7.82428e-06
1.80753e-10	-7.62927e-06
1.80806e-10	-7.43418e-06
1.80859e-10	-7.23901e-06
1.80912e-10	-7.04376e-06
1.80965e-10	-6.84843e-06
1.81018e-10	-6.65302e-06
1.81071e-10	-6.45753e-06
1.81124e-10	-6.26196e-06
1.81177e-10	-6.06631e-06
1.81231e-10	-5.87058e-06
1.81284e-10	-5.67477e-06
1.81337e-10	-5.47888e-06
1.8139e-10	-5.28291e-06
1.81443e-10	-5.08687e-06
1.81496e-10	-4.89074e-06
1.81549e-10	-4.69454e-06
1.81602e-10	-4.49825e-06
1.81655e-10	-4.30189e-06
1.81708e-10	-4.10545e-06
1.81761e-10	-3.90893e-06
1.81814e-10	-3.71233e-06
1.81867e-10	-3.51566e-06
1.8192e-10	-3.31891e-06
1.81973e-10	-3.12207e-06
1.82026e-10	-2.92516e-06
1.82079e-10	-2.72818e-06
1.82132e-10	-2.53111e-06
1.82185e-10	-2.33397e-06
1.82238e-10	-2.13675e-06
1.82291e-10	-1.93945e-06
1.82344e-10	-1.74207e-06
1.82397e-10	-1.54462e-06
1.8245e-10	-1.34709e-06
1.82503e-10	-1.14949e-06
1.82556e-10	-9.51804e-07
1.8261e-10	-7.54044e-07
1.82663e-10	-5.56207e-07
1.82716e-10	-3.58295e-07
1.82769e-10	-1.60305e-07
1.82822e-10	3.77601e-08
1.82875e-10	2.35902e-07
1.82928e-10	4.3412e-07
1.82981e-10	6.32413e-07
1.83034e-10	8.30783e-07
1.83087e-10	1.02923e-06
1.8314e-10	1.22775e-06
1.83193e-10	1.42634e-06
1.83246e-10	1.62502e-06
1.83299e-10	1.82376e-06
1.83352e-10	2.02259e-06
1.83405e-10	2.22148e-06
1.83458e-10	2.42045e-06
1.83511e-10	2.6195e-06
1.83564e-10	2.81862e-06
1.83617e-10	3.01782e-06
1.8367e-10	3.21709e-06
1.83723e-10	3.41644e-06
1.83776e-10	3.61585e-06
1.83829e-10	3.81535e-06
1.83882e-10	4.01492e-06
1.83935e-10	4.21456e-06
1.83989e-10	4.41427e-06
1.84042e-10	4.61406e-06
1.84095e-10	4.81392e-06
1.84148e-10	5.01386e-06
1.84201e-10	5.21387e-06
1.84254e-10	5.41395e-06
1.84307e-10	5.61411e-06
1.8436e-10	5.81433e-06
1.84413e-10	6.01464e-06
1.84466e-10	6.21501e-06
1.84519e-10	6.41546e-06
1.84572e-10	6.61598e-06
1.84625e-10	6.81657e-06
1.84678e-10	7.01723e-06
1.84731e-10	7.21797e-06
1.84784e-10	7.41878e-06
1.84837e-10	7.61966e-06
1.8489e-10	7.82061e-06
1.84943e-10	8.02164e-06
1.84996e-10	8.22273e-06
1.85049e-10	8.4239e-06
1.85102e-10	8.62514e-06
1.85155e-10	8.82645e-06
1.85208e-10	9.02783e-06
1.85261e-10	9.22928e-06
1.85314e-10	9.4308e-06
1.85367e-10	9.6324e-06
1.85421e-10	9.83406e-06
1.85474e-10	1.00358e-05
1.85527e-10	1.02376e-05
1.8558e-10	1.04395e-05
1.85633e-10	1.06414e-05
1.85686e-10	1.08434e-05
1.85739e-10	1.10455e-05
1.85792e-10	1.12477e-05
1.85845e-10	1.14499e-05
1.85898e-10	1.16522e-05
1.85951e-10	1.18546e-05
1.86004e-10	1.2057e-05
1.86057e-10	1.22595e-05
1.8611e-10	1.24621e-05
1.86163e-10	1.26647e-05
1.86216e-10	1.28674e-05
1.86269e-10	1.30702e-05
1.86322e-10	1.32731e-05
1.86375e-10	1.3476e-05
1.86428e-10	1.3679e-05
1.86481e-10	1.3882e-05
1.86534e-10	1.40851e-05
1.86587e-10	1.42883e-05
1.8664e-10	1.44916e-05
1.86693e-10	1.46949e-05
1.86746e-10	1.48983e-05
1.868e-10	1.51018e-05
1.86853e-10	1.53053e-05
1.86906e-10	1.55089e-05
1.86959e-10	1.57126e-05
1.87012e-10	1.59163e-05
1.87065e-10	1.61201e-05
1.87118e-10	1.6324e-05
1.87171e-10	1.65279e-05
1.87224e-10	1.67319e-05
1.87277e-10	1.6936e-05
1.8733e-10	1.71401e-05
1.87383e-10	1.73443e-05
1.87436e-10	1.75485e-05
1.87489e-10	1.77529e-05
1.87542e-10	1.79573e-05
1.87595e-10	1.81617e-05
1.87648e-10	1.83663e-05
1.87701e-10	1.85709e-05
1.87754e-10	1.87755e-05
1.87807e-10	1.89802e-05
1.8786e-10	1.9185e-05
1.87913e-10	1.93899e-05
1.87966e-10	1.95948e-05
1.88019e-10	1.97998e-05
1.88072e-10	2.00048e-05
1.88125e-10	2.021e-05
1.88178e-10	2.04151e-05
1.88232e-10	2.06204e-05
1.88285e-10	2.08257e-05
1.88338e-10	2.10311e-05
1.88391e-10	2.12365e-05
1.88444e-10	2.1442e-05
1.88497e-10	2.16476e-05
1.8855e-10	2.18532e-05
1.88603e-10	2.20589e-05
1.88656e-10	2.22646e-05
1.88709e-10	2.24704e-05
1.88762e-10	2.26763e-05
1.88815e-10	2.28823e-05
1.88868e-10	2.30883e-05
1.88921e-10	2.32943e-05
1.88974e-10	2.35005e-05
1.89027e-10	2.37067e-05
1.8908e-10	2.39129e-05
1.89133e-10	2.41193e-05
1.89186e-10	2.43256e-05
1.89239e-10	2.45321e-05
1.89292e-10	2.47386e-05
1.89345e-10	2.49452e-05
1.89398e-10	2.51518e-05
1.89451e-10	2.53585e-05
1.89504e-10	2.55652e-05
1.89557e-10	2.5772e-05
1.89611e-10	2.59789e-05
1.89664e-10	2.61859e-05
1.89717e-10	2.63929e-05
1.8977e-10	2.65999e-05
1.89823e-10	2.6807e-05
1.89876e-10	2.70142e-05
1.89929e-10	2.72215e-05
1.89982e-10	2.74288e-05
1.90035e-10	2.76361e-05
1.90088e-10	2.78435e-05
1.90141e-10	2.8051e-05
1.90194e-10	2.82586e-05
1.90247e-10	2.84662e-05
1.903e-10	2.86738e-05
1.90353e-10	2.88815e-05
1.90406e-10	2.90893e-05
1.90459e-10	2.92972e-05
1.90512e-10	2.95051e-05
1.90565e-10	2.9713e-05
1.90618e-10	2.9921e-05
1.90671e-10	3.01291e-05
1.90724e-10	3.03372e-05
1.90777e-10	3.05454e-05
1.9083e-10	3.07537e-05
1.90883e-10	3.0962e-05
1.90936e-10	3.11704e-05
1.9099e-10	3.13788e-05
1.91043e-10	3.15873e-05
1.91096e-10	3.17958e-05
1.91149e-10	3.20044e-05
1.91202e-10	3.22131e-05
1.91255e-10	3.24218e-05
1.91308e-10	3.26305e-05
1.91361e-10	3.28394e-05
1.91414e-10	3.30482e-05
1.91467e-10	3.32572e-05
1.9152e-10	3.34662e-05
1.91573e-10	3.36752e-05
1.91626e-10	3.38843e-05
1.91679e-10	3.40935e-05
1.91732e-10	3.43027e-05
1.91785e-10	3.4512e-05
1.91838e-10	3.47214e-05
1.91891e-10	3.49307e-05
1.91944e-10	3.51402e-05
1.91997e-10	3.53497e-05
1.9205e-10	3.55593e-05
1.92103e-10	3.57689e-05
1.92156e-10	3.59785e-05
1.92209e-10	3.61883e-05
1.92262e-10	3.6398e-05
1.92315e-10	3.66079e-05
1.92368e-10	3.68178e-05
1.92422e-10	3.70277e-05
1.92475e-10	3.72377e-05
1.92528e-10	3.74477e-05
1.92581e-10	3.76579e-05
1.92634e-10	3.7868e-05
1.92687e-10	3.80782e-05
1.9274e-10	3.82885e-05
1.92793e-10	3.84988e-05
1.92846e-10	3.87092e-05
1.92899e-10	3.89196e-05
1.92952e-10	3.91301e-05
1.93005e-10	3.93406e-05
1.93058e-10	3.95512e-05
1.93111e-10	3.97619e-05
1.93164e-10	3.99726e-05
1.93217e-10	4.01833e-05
1.9327e-10	4.03941e-05
1.93323e-10	4.0605e-05
1.93376e-10	4.08159e-05
1.93429e-10	4.10268e-05
1.93482e-10	4.12378e-05
1.93535e-10	4.14489e-05
1.93588e-10	4.166e-05
1.93641e-10	4.18712e-05
1.93694e-10	4.20824e-05
1.93747e-10	4.22936e-05
1.93801e-10	4.2505e-05
1.93854e-10	4.27163e-05
1.93907e-10	4.29277e-05
1.9396e-10	4.31392e-05
1.94013e-10	4.33507e-05
1.94066e-10	4.35623e-05
1.94119e-10	4.37739e-05
1.94172e-10	4.39856e-05
1.94225e-10	4.41973e-05
1.94278e-10	4.44091e-05
1.94331e-10	4.46209e-05
1.94384e-10	4.48328e-05
1.94437e-10	4.50447e-05
1.9449e-10	4.52567e-05
1.94543e-10	4.54687e-05
1.94596e-10	4.56808e-05
1.94649e-10	4.58929e-05
1.94702e-10	4.6105e-05
1.94755e-10	4.63173e-05
1.94808e-10	4.65295e-05
1.94861e-10	4.67418e-05
1.94914e-10	4.69542e-05
1.94967e-10	4.71666e-05
1.9502e-10	4.73791e-05
1.95073e-10	4.75916e-05
1.95126e-10	4.78041e-05
1.9518e-10	4.80167e-05
1.95233e-10	4.82294e-05
1.95286e-10	4.84421e-05
1.95339e-10	4.86548e-05
1.95392e-10	4.88676e-05
1.95445e-10	4.90805e-05
1.95498e-10	4.92933e-05
1.95551e-10	4.95063e-05
1.95604e-10	4.97193e-05
1.95657e-10	4.99323e-05
1.9571e-10	5.01454e-05
1.95763e-10	5.03585e-05
1.95816e-10	5.05716e-05
1.95869e-10	5.07849e-05
1.95922e-10	5.09981e-05
1.95975e-10	5.12114e-05
1.96028e-10	5.14248e-05
1.96081e-10	5.16382e-05
1.96134e-10	5.18516e-05
1.96187e-10	5.20651e-05
1.9624e-10	5.22786e-05
1.96293e-10	5.24922e-05
1.96346e-10	5.27058e-05
1.96399e-10	5.29195e-05
1.96452e-10	5.31332e-05
1.96505e-10	5.33469e-05
1.96558e-10	5.35607e-05
1.96612e-10	5.37746e-05
1.96665e-10	5.39885e-05
1.96718e-10	5.42024e-05
1.96771e-10	5.44164e-05
1.96824e-10	5.46304e-05
1.96877e-10	5.48445e-05
1.9693e-10	5.50586e-05
1.96983e-10	5.52727e-05
1.97036e-10	5.54869e-05
1.97089e-10	5.57011e-05
1.97142e-10	5.59154e-05
1.97195e-10	5.61297e-05
1.97248e-10	5.63441e-05
1.97301e-10	5.65585e-05
1.97354e-10	5.67729e-05
1.97407e-10	5.69874e-05
1.9746e-10	5.7202e-05
1.97513e-10	5.74165e-05
1.97566e-10	5.76312e-05
1.97619e-10	5.78458e-05
1.97672e-10	5.80605e-05
1.97725e-10	5.82753e-05
1.97778e-10	5.849e-05
1.97831e-10	5.87049e-05
1.97884e-10	5.89197e-05
1.97937e-10	5.91346e-05
1.97991e-10	5.93496e-05
1.98044e-10	5.95646e-05
1.98097e-10	5.97796e-05
1.9815e-10	5.99946e-05
1.98203e-10	6.02097e-05
1.98256e-10	6.04249e-05
1.98309e-10	6.06401e-05
1.98362e-10	6.08553e-05
1.98415e-10	6.10706e-05
1.98468e-10	6.12859e-05
1.98521e-10	6.15012e-05
1.98574e-10	6.17166e-05
1.98627e-10	6.1932e-05
1.9868e-10	6.21475e-05
1.98733e-10	6.2363e-05
1.98786e-10	6.25785e-05
1.98839e-10	6.27941e-05
1.98892e-10	6.30097e-05
1.98945e-10	6.32254e-05
1.98998e-10	6.34411e-05
1.99051e-10	6.36568e-05
1.99104e-10	6.38725e-05
1.99157e-10	6.40884e-05
1.9921e-10	6.43042e-05
1.99263e-10	6.45201e-05
1.99316e-10	6.4736e-05
1.99369e-10	6.49519e-05
1.99423e-10	6.51679e-05
1.99476e-10	6.5384e-05
1.99529e-10	6.56e-05
1.99582e-10	6.58161e-05
1.99635e-10	6.60323e-05
1.99688e-10	6.62484e-05
1.99741e-10	6.64646e-05
1.99794e-10	6.66809e-05
1.99847e-10	6.68972e-05
1.999e-10	6.71135e-05
1.99953e-10	6.73298e-05
2.00006e-10	6.75462e-05
2.00059e-10	6.77626e-05
2.00112e-10	6.79791e-05
2.00165e-10	6.81956e-05
2.00218e-10	6.84121e-05
2.00271e-10	6.86287e-05
2.00324e-10	6.88453e-05
2.00377e-10	6.90619e-05
2.0043e-10	6.92786e-05
2.00483e-10	6.94953e-05
2.00536e-10	6.9712e-05
2.00589e-10	6.99288e-05
2.00642e-10	7.01456e-05
2.00695e-10	7.03624e-05
2.00748e-10	7.05793e-05
2.00802e-10	7.07962e-05
2.00855e-10	7.10131e-05
2.00908e-10	7.12301e-05
2.00961e-10	7.14471e-05
2.01014e-10	7.16641e-05
2.01067e-10	7.18812e-05
2.0112e-10	7.20983e-05
2.01173e-10	7.23154e-05
2.01226e-10	7.25326e-05
2.01279e-10	7.27498e-05
2.01332e-10	7.2967e-05
2.01385e-10	7.31843e-05
2.01438e-10	7.34015e-05
2.01491e-10	7.36189e-05
2.01544e-10	7.38362e-05
2.01597e-10	7.40536e-05
2.0165e-10	7.4271e-05
2.01703e-10	7.44885e-05
2.01756e-10	7.47059e-05
2.01809e-10	7.49234e-05
2.01862e-10	7.5141e-05
2.01915e-10	7.53585e-05
2.01968e-10	7.55761e-05
2.02021e-10	7.57938e-05
2.02074e-10	7.60114e-05
2.02127e-10	7.62291e-05
2.02181e-10	7.64468e-05
2.02234e-10	7.66646e-05
2.02287e-10	7.68824e-05
2.0234e-10	7.71002e-05
2.02393e-10	7.7318e-05
2.02446e-10	7.75359e-05
2.02499e-10	7.77537e-05
2.02552e-10	7.79717e-05
2.02605e-10	7.81896e-05
2.02658e-10	7.84076e-05
2.02711e-10	7.86256e-05
2.02764e-10	7.88436e-05
2.02817e-10	7.90617e-05
2.0287e-10	7.92798e-05
2.02923e-10	7.94979e-05
2.02976e-10	7.9716e-05
2.03029e-10	7.99342e-05
2.03082e-10	8.01524e-05
2.03135e-10	8.03706e-05
2.03188e-10	8.05889e-05
2.03241e-10	8.08072e-05
2.03294e-10	8.10255e-05
2.03347e-10	8.12438e-05
2.034e-10	8.14622e-05
2.03453e-10	8.16805e-05
2.03506e-10	8.1899e-05
2.03559e-10	8.21174e-05
2.03613e-10	8.23359e-05
2.03666e-10	8.25543e-05
2.03719e-10	8.27729e-05
2.03772e-10	8.29914e-05
2.03825e-10	8.321e-05
2.03878e-10	8.34285e-05
2.03931e-10	8.36472e-05
2.03984e-10	8.38658e-05
2.04037e-10	8.40845e-05
2.0409e-10	8.43031e-05
2.04143e-10	8.45219e-05
2.04196e-10	8.47406e-05
2.04249e-10	8.49593e-05
2.04302e-10	8.51781e-05
2.04355e-10	8.53969e-05
2.04408e-10	8.56158e-05
2.04461e-10	8.58346e-05
2.04514e-10	8.60535e-05
2.04567e-10	8.62724e-05
2.0462e-10	8.64913e-05
2.04673e-10	8.67103e-05
2.04726e-10	8.69292e-05
2.04779e-10	8.71482e-05
2.04832e-10	8.73672e-05
2.04885e-10	8.75863e-05
2.04938e-10	8.78053e-05
2.04992e-10	8.80244e-05
2.05045e-10	8.82435e-05
2.05098e-10	8.84626e-05
2.05151e-10	8.86818e-05
2.05204e-10	8.89009e-05
2.05257e-10	8.91201e-05
2.0531e-10	8.93393e-05
2.05363e-10	8.95586e-05
2.05416e-10	8.97778e-05
2.05469e-10	8.99971e-05
2.05522e-10	9.02164e-05
2.05575e-10	9.04357e-05
2.05628e-10	9.0655e-05
2.05681e-10	9.08744e-05
2.05734e-10	9.10937e-05
2.05787e-10	9.13131e-05
2.0584e-10	9.15325e-05
2.05893e-10	9.1752e-05
2.05946e-10	9.19714e-05
2.05999e-10	9.21909e-05
2.06052e-10	9.24104e-05
2.06105e-10	9.26299e-05
2.06158e-10	9.28494e-05
2.06211e-10	9.30689e-05
2.06264e-10	9.32885e-05
2.06317e-10	9.35081e-05
2.0637e-10	9.37277e-05
2.06424e-10	9.39473e-05
2.06477e-10	9.41669e-05
2.0653e-10	9.43866e-05
2.06583e-10	9.46062e-05
2.06636e-10	9.48259e-05
2.06689e-10	9.50456e-05
2.06742e-10	9.52653e-05
2.06795e-10	9.54851e-05
2.06848e-10	9.57048e-05
2.06901e-10	9.59246e-05
2.06954e-10	9.61444e-05
2.07007e-10	9.63642e-05
2.0706e-10	9.6584e-05
2.07113e-10	9.68038e-05
2.07166e-10	9.70237e-05
2.07219e-10	9.72435e-05
2.07272e-10	9.74634e-05
2.07325e-10	9.76833e-05
2.07378e-10	9.79032e-05
2.07431e-10	9.81231e-05
2.07484e-10	9.83431e-05
2.07537e-10	9.8563e-05
2.0759e-10	9.8783e-05
2.07643e-10	9.9003e-05
2.07696e-10	9.9223e-05
2.07749e-10	9.9443e-05
2.07803e-10	9.9663e-05
2.07856e-10	9.98831e-05
2.07909e-10	0.000100103
2.07962e-10	0.000100323
2.08015e-10	0.000100543
2.08068e-10	0.000100763
2.08121e-10	0.000100983
2.08174e-10	0.000101204
2.08227e-10	0.000101424
2.0828e-10	0.000101644
2.08333e-10	0.000101864
2.08386e-10	0.000102084
2.08439e-10	0.000102304
2.08492e-10	0.000102525
2.08545e-10	0.000102745
2.08598e-10	0.000102965
2.08651e-10	0.000103185
2.08704e-10	0.000103406
2.08757e-10	0.000103626
2.0881e-10	0.000103846
2.08863e-10	0.000104066
2.08916e-10	0.000104287
2.08969e-10	0.000104507
2.09022e-10	0.000104727
2.09075e-10	0.000104948
2.09128e-10	0.000105168
2.09182e-10	0.000105388
2.09235e-10	0.000105609
2.09288e-10	0.000105829
2.09341e-10	0.000106049
2.09394e-10	0.00010627
2.09447e-10	0.00010649
2.095e-10	0.00010671
2.09553e-10	0.000106931
2.09606e-10	0.000107151
2.09659e-10	0.000107372
2.09712e-10	0.000107592
2.09765e-10	0.000107813
2.09818e-10	0.000108033
2.09871e-10	0.000108253
2.09924e-10	0.000108474
2.09977e-10	0.000108694
2.1003e-10	0.000108915
2.10083e-10	0.000109135
2.10136e-10	0.000109356
2.10189e-10	0.000109576
2.10242e-10	0.000109797
2.10295e-10	0.000110017
2.10348e-10	0.000110238
2.10401e-10	0.000110458
2.10454e-10	0.000110679
2.10507e-10	0.000110899
2.1056e-10	0.00011112
2.10614e-10	0.000111341
2.10667e-10	0.000111561
2.1072e-10	0.000111782
2.10773e-10	0.000112002
2.10826e-10	0.000112223
2.10879e-10	0.000112443
2.10932e-10	0.000112664
2.10985e-10	0.000112885
2.11038e-10	0.000113105
2.11091e-10	0.000113326
2.11144e-10	0.000113546
2.11197e-10	0.000113767
2.1125e-10	0.000113988
2.11303e-10	0.000114208
2.11356e-10	0.000114429
2.11409e-10	0.000114649
2.11462e-10	0.00011487
2.11515e-10	0.000115091
2.11568e-10	0.000115311
2.11621e-10	0.000115532
2.11674e-10	0.000115753
2.11727e-10	0.000115973
2.1178e-10	0.000116194
2.11833e-10	0.000116415
2.11886e-10	0.000116635
2.11939e-10	0.000116856
2.11993e-10	0.000117077
2.12046e-10	0.000117297
2.12099e-10	0.000117518
2.12152e-10	0.000117738
2.12205e-10	0.000117959
2.12258e-10	0.00011818
2.12311e-10	0.0001184
2.12364e-10	0.000118621
2.12417e-10	0.000118842
2.1247e-10	0.000119062
2.12523e-10	0.000119283
2.12576e-10	0.000119504
2.12629e-10	0.000119724
2.12682e-10	0.000119945
2.12735e-10	0.000120166
2.12788e-10	0.000120386
2.12841e-10	0.000120607
2.12894e-10	0.000120828
2.12947e-10	0.000121048
2.13e-10	0.000121269
2.13053e-10	0.00012149
2.13106e-10	0.00012171
2.13159e-10	0.000121931
2.13212e-10	0.000122152
2.13265e-10	0.000122372
2.13318e-10	0.000122593
2.13372e-10	0.000122814
2.13425e-10	0.000123034
2.13478e-10	0.000123255
2.13531e-10	0.000123476
2.13584e-10	0.000123696
2.13637e-10	0.000123917
2.1369e-10	0.000124137
2.13743e-10	0.000124358
2.13796e-10	0.000124579
2.13849e-10	0.000124799
2.13902e-10	0.00012502
2.13955e-10	0.000125241
2.14008e-10	0.000125461
2.14061e-10	0.000125682
2.14114e-10	0.000125902
2.14167e-10	0.000126123
2.1422e-10	0.000126344
2.14273e-10	0.000126564
2.14326e-10	0.000126785
2.14379e-10	0.000127005
2.14432e-10	0.000127226
2.14485e-10	0.000127446
2.14538e-10	0.000127667
2.14591e-10	0.000127888
2.14644e-10	0.000128108
2.14697e-10	0.000128329
2.1475e-10	0.000128549
2.14804e-10	0.00012877
2.14857e-10	0.00012899
2.1491e-10	0.000129211
2.14963e-10	0.000129431
2.15016e-10	0.000129652
2.15069e-10	0.000129872
2.15122e-10	0.000130093
2.15175e-10	0.000130313
2.15228e-10	0.000130534
2.15281e-10	0.000130754
2.15334e-10	0.000130975
2.15387e-10	0.000131195
2.1544e-10	0.000131415
2.15493e-10	0.000131636
2.15546e-10	0.000131856
2.15599e-10	0.000132077
2.15652e-10	0.000132297
2.15705e-10	0.000132518
2.15758e-10	0.000132738
2.15811e-10	0.000132958
2.15864e-10	0.000133179
2.15917e-10	0.000133399
2.1597e-10	0.000133619
2.16023e-10	0.00013384
2.16076e-10	0.00013406
2.16129e-10	0.00013428
2.16183e-10	0.000134501
2.16236e-10	0.000134721
2.16289e-10	0.000134941
2.16342e-10	0.000135162
2.16395e-10	0.000135382
2.16448e-10	0.000135602
2.16501e-10	0.000135822
2.16554e-10	0.000136042
2.16607e-10	0.000136263
2.1666e-10	0.000136483
2.16713e-10	0.000136703
2.16766e-10	0.000136923
2.16819e-10	0.000137143
2.16872e-10	0.000137364
2.16925e-10	0.000137584
2.16978e-10	0.000137804
2.17031e-10	0.000138024
2.17084e-10	0.000138244
2.17137e-10	0.000138464
2.1719e-10	0.000138684
2.17243e-10	0.000138904
2.17296e-10	0.000139124
2.17349e-10	0.000139344
2.17402e-10	0.000139564
2.17455e-10	0.000139784
2.17508e-10	0.000140004
2.17561e-10	0.000140224
2.17615e-10	0.000140444
2.17668e-10	0.000140664
2.17721e-10	0.000140884
2.17774e-10	0.000141104
2.17827e-10	0.000141324
2.1788e-10	0.000141544
2.17933e-10	0.000141764
2.17986e-10	0.000141984
2.18039e-10	0.000142203
2.18092e-10	0.000142423
2.18145e-10	0.000142643
2.18198e-10	0.000142863
2.18251e-10	0.000143083
2.18304e-10	0.000143302
2.18357e-10	0.000143522
2.1841e-10	0.000143742
2.18463e-10	0.000143961
2.18516e-10	0.000144181
2.18569e-10	0.000144401
2.18622e-10	0.00014462
2.18675e-10	0.00014484
2.18728e-10	0.00014506
2.18781e-10	0.000145279
2.18834e-10	0.000145499
2.18887e-10	0.000145718
2.1894e-10	0.000145938
2.18994e-10	0.000146157
2.19047e-10	0.000146377
2.191e-10	0.000146596
2.19153e-10	0.000146816
2.19206e-10	0.000147035
2.19259e-10	0.000147255
2.19312e-10	0.000147474
2.19365e-10	0.000147694
2.19418e-10	0.000147913
2.19471e-10	0.000148132
2.19524e-10	0.000148352
2.19577e-10	0.000148571
2.1963e-10	0.00014879
2.19683e-10	0.000149009
2.19736e-10	0.000149229
2.19789e-10	0.000149448
2.19842e-10	0.000149667
2.19895e-10	0.000149886
2.19948e-10	0.000150105
2.20001e-10	0.000150324
2.20054e-10	0.000150543
2.20107e-10	0.000150763
2.2016e-10	0.000150982
2.20213e-10	0.000151201
2.20266e-10	0.00015142
2.20319e-10	0.000151639
2.20373e-10	0.000151858
2.20426e-10	0.000152076
2.20479e-10	0.000152295
2.20532e-10	0.000152514
2.20585e-10	0.000152733
2.20638e-10	0.000152952
2.20691e-10	0.000153171
2.20744e-10	0.00015339
2.20797e-10	0.000153608
2.2085e-10	0.000153827
2.20903e-10	0.000154046
2.20956e-10	0.000154265
2.21009e-10	0.000154483
2.21062e-10	0.000154702
2.21115e-10	0.00015492
2.21168e-10	0.000155139
2.21221e-10	0.000155358
2.21274e-10	0.000155576
2.21327e-10	0.000155795
2.2138e-10	0.000156013
2.21433e-10	0.000156232
2.21486e-10	0.00015645
2.21539e-10	0.000156668
2.21592e-10	0.000156887
2.21645e-10	0.000157105
2.21698e-10	0.000157323
2.21751e-10	0.000157542
2.21805e-10	0.00015776
2.21858e-10	0.000157978
2.21911e-10	0.000158196
2.21964e-10	0.000158415
2.22017e-10	0.000158633
2.2207e-10	0.000158851
2.22123e-10	0.000159069
2.22176e-10	0.000159287
2.22229e-10	0.000159505
2.22282e-10	0.000159723
2.22335e-10	0.000159941
2.22388e-10	0.000160159
2.22441e-10	0.000160377
2.22494e-10	0.000160595
2.22547e-10	0.000160813
2.226e-10	0.00016103
2.22653e-10	0.000161248
2.22706e-10	0.000161466
2.22759e-10	0.000161684
2.22812e-10	0.000161901
2.22865e-10	0.000162119
2.22918e-10	0.000162337
2.22971e-10	0.000162554
2.23024e-10	0.000162772
2.23077e-10	0.000162989
2.2313e-10	0.000163207
2.23184e-10	0.000163424
2.23237e-10	0.000163642
2.2329e-10	0.000163859
2.23343e-10	0.000164077
2.23396e-10	0.000164294
2.23449e-10	0.000164511
2.23502e-10	0.000164729
2.23555e-10	0.000164946
2.23608e-10	0.000165163
2.23661e-10	0.00016538
2.23714e-10	0.000165598
2.23767e-10	0.000165815
2.2382e-10	0.000166032
2.23873e-10	0.000166249
2.23926e-10	0.000166466
2.23979e-10	0.000166683
2.24032e-10	0.0001669
2.24085e-10	0.000167117
2.24138e-10	0.000167333
2.24191e-10	0.00016755
2.24244e-10	0.000167767
2.24297e-10	0.000167984
2.2435e-10	0.000168201
2.24403e-10	0.000168417
2.24456e-10	0.000168634
2.24509e-10	0.000168851
2.24563e-10	0.000169067
2.24616e-10	0.000169284
2.24669e-10	0.0001695
2.24722e-10	0.000169717
2.24775e-10	0.000169933
2.24828e-10	0.00017015
2.24881e-10	0.000170366
2.24934e-10	0.000170582
2.24987e-10	0.000170799
2.2504e-10	0.000171015
2.25093e-10	0.000171231
2.25146e-10	0.000171447
2.25199e-10	0.000171663
2.25252e-10	0.000171879
2.25305e-10	0.000172095
2.25358e-10	0.000172311
2.25411e-10	0.000172527
2.25464e-10	0.000172743
2.25517e-10	0.000172959
2.2557e-10	0.000173175
2.25623e-10	0.000173391
2.25676e-10	0.000173607
2.25729e-10	0.000173822
2.25782e-10	0.000174038
2.25835e-10	0.000174254
2.25888e-10	0.000174469
2.25941e-10	0.000174685
2.25995e-10	0.000174901
2.26048e-10	0.000175116
2.26101e-10	0.000175332
2.26154e-10	0.000175547
2.26207e-10	0.000175762
2.2626e-10	0.000175978
2.26313e-10	0.000176193
2.26366e-10	0.000176408
2.26419e-10	0.000176623
2.26472e-10	0.000176839
2.26525e-10	0.000177054
2.26578e-10	0.000177269
2.26631e-10	0.000177484
2.26684e-10	0.000177699
2.26737e-10	0.000177914
2.2679e-10	0.000178129
2.26843e-10	0.000178343
2.26896e-10	0.000178558
2.26949e-10	0.000178773
2.27002e-10	0.000178988
2.27055e-10	0.000179202
2.27108e-10	0.000179417
2.27161e-10	0.000179632
2.27214e-10	0.000179846
2.27267e-10	0.000180061
2.2732e-10	0.000180275
2.27374e-10	0.00018049
2.27427e-10	0.000180704
2.2748e-10	0.000180918
2.27533e-10	0.000181133
2.27586e-10	0.000181347
2.27639e-10	0.000181561
2.27692e-10	0.000181775
2.27745e-10	0.000181989
2.27798e-10	0.000182203
2.27851e-10	0.000182417
2.27904e-10	0.000182631
2.27957e-10	0.000182845
2.2801e-10	0.000183059
2.28063e-10	0.000183273
2.28116e-10	0.000183486
2.28169e-10	0.0001837
2.28222e-10	0.000183914
2.28275e-10	0.000184127
2.28328e-10	0.000184341
2.28381e-10	0.000184555
2.28434e-10	0.000184768
2.28487e-10	0.000184981
2.2854e-10	0.000185195
2.28593e-10	0.000185408
2.28646e-10	0.000185621
2.28699e-10	0.000185835
2.28752e-10	0.000186048
2.28806e-10	0.000186261
2.28859e-10	0.000186474
2.28912e-10	0.000186687
2.28965e-10	0.0001869
2.29018e-10	0.000187113
2.29071e-10	0.000187326
2.29124e-10	0.000187539
2.29177e-10	0.000187751
2.2923e-10	0.000187964
2.29283e-10	0.000188177
2.29336e-10	0.000188389
2.29389e-10	0.000188602
2.29442e-10	0.000188814
2.29495e-10	0.000189027
2.29548e-10	0.000189239
2.29601e-10	0.000189452
2.29654e-10	0.000189664
2.29707e-10	0.000189876
2.2976e-10	0.000190088
2.29813e-10	0.0001903
2.29866e-10	0.000190512
2.29919e-10	0.000190724
2.29972e-10	0.000190936
2.30025e-10	0.000191148
2.30078e-10	0.00019136
2.30131e-10	0.000191572
2.30185e-10	0.000191784
2.30238e-10	0.000191996
2.30291e-10	0.000192207
2.30344e-10	0.000192419
2.30397e-10	0.00019263
2.3045e-10	0.000192842
2.30503e-10	0.000193053
2.30556e-10	0.000193265
2.30609e-10	0.000193476
2.30662e-10	0.000193687
2.30715e-10	0.000193898
2.30768e-10	0.00019411
2.30821e-10	0.000194321
2.30874e-10	0.000194532
2.30927e-10	0.000194743
2.3098e-10	0.000194954
2.31033e-10	0.000195164
2.31086e-10	0.000195375
2.31139e-10	0.000195586
2.31192e-10	0.000195797
2.31245e-10	0.000196007
2.31298e-10	0.000196218
2.31351e-10	0.000196428
2.31404e-10	0.000196639
2.31457e-10	0.000196849
2.3151e-10	0.00019706
2.31564e-10	0.00019727
2.31617e-10	0.00019748
2.3167e-10	0.00019769
2.31723e-10	0.0001979
2.31776e-10	0.00019811
2.31829e-10	0.00019832
2.31882e-10	0.00019853
2.31935e-10	0.00019874
2.31988e-10	0.00019895
2.32041e-10	0.00019916
2.32094e-10	0.000199369
2.32147e-10	0.000199579
2.322e-10	0.000199789
2.32253e-10	0.000199998
2.32306e-10	0.000200208
2.32359e-10	0.000200417
2.32412e-10	0.000200626
2.32465e-10	0.000200836
2.32518e-10	0.000201045
2.32571e-10	0.000201254
2.32624e-10	0.000201463
2.32677e-10	0.000201672
2.3273e-10	0.000201881
2.32783e-10	0.00020209
2.32836e-10	0.000202299
2.32889e-10	0.000202507
2.32942e-10	0.000202716
2.32996e-10	0.000202925
2.33049e-10	0.000203133
2.33102e-10	0.000203342
2.33155e-10	0.00020355
2.33208e-10	0.000203758
2.33261e-10	0.000203967
2.33314e-10	0.000204175
2.33367e-10	0.000204383
2.3342e-10	0.000204591
2.33473e-10	0.000204799
2.33526e-10	0.000205007
2.33579e-10	0.000205215
2.33632e-10	0.000205423
2.33685e-10	0.000205631
2.33738e-10	0.000205839
2.33791e-10	0.000206046
2.33844e-10	0.000206254
2.33897e-10	0.000206461
2.3395e-10	0.000206669
2.34003e-10	0.000206876
2.34056e-10	0.000207084
2.34109e-10	0.000207291
2.34162e-10	0.000207498
2.34215e-10	0.000207705
2.34268e-10	0.000207912
2.34321e-10	0.000208119
2.34375e-10	0.000208326
2.34428e-10	0.000208533
2.34481e-10	0.00020874
2.34534e-10	0.000208946
2.34587e-10	0.000209153
2.3464e-10	0.00020936
2.34693e-10	0.000209566
2.34746e-10	0.000209773
2.34799e-10	0.000209979
2.34852e-10	0.000210185
2.34905e-10	0.000210391
2.34958e-10	0.000210598
2.35011e-10	0.000210804
2.35064e-10	0.00021101
2.35117e-10	0.000211216
2.3517e-10	0.000211422
2.35223e-10	0.000211627
2.35276e-10	0.000211833
2.35329e-10	0.000212039
2.35382e-10	0.000212244
2.35435e-10	0.00021245
2.35488e-10	0.000212655
2.35541e-10	0.000212861
2.35594e-10	0.000213066
2.35647e-10	0.000213271
2.357e-10	0.000213476
2.35753e-10	0.000213681
2.35807e-10	0.000213886
2.3586e-10	0.000214091
2.35913e-10	0.000214296
2.35966e-10	0.000214501
2.36019e-10	0.000214706
2.36072e-10	0.00021491
2.36125e-10	0.000215115
2.36178e-10	0.000215319
2.36231e-10	0.000215524
2.36284e-10	0.000215728
2.36337e-10	0.000215933
2.3639e-10	0.000216137
2.36443e-10	0.000216341
2.36496e-10	0.000216545
2.36549e-10	0.000216749
2.36602e-10	0.000216953
2.36655e-10	0.000217157
2.36708e-10	0.00021736
2.36761e-10	0.000217564
2.36814e-10	0.000217768
2.36867e-10	0.000217971
2.3692e-10	0.000218175
2.36973e-10	0.000218378
2.37026e-10	0.000218581
2.37079e-10	0.000218784
2.37132e-10	0.000218988
2.37186e-10	0.000219191
2.37239e-10	0.000219394
2.37292e-10	0.000219597
2.37345e-10	0.000219799
2.37398e-10	0.000220002
2.37451e-10	0.000220205
2.37504e-10	0.000220407
2.37557e-10	0.00022061
2.3761e-10	0.000220812
2.37663e-10	0.000221015
2.37716e-10	0.000221217
2.37769e-10	0.000221419
2.37822e-10	0.000221621
2.37875e-10	0.000221823
2.37928e-10	0.000222025
2.37981e-10	0.000222227
2.38034e-10	0.000222429
2.38087e-10	0.000222631
2.3814e-10	0.000222832
2.38193e-10	0.000223034
2.38246e-10	0.000223235
2.38299e-10	0.000223437
2.38352e-10	0.000223638
2.38405e-10	0.000223839
2.38458e-10	0.000224041
2.38511e-10	0.000224242
2.38565e-10	0.000224443
2.38618e-10	0.000224644
2.38671e-10	0.000224844
2.38724e-10	0.000225045
2.38777e-10	0.000225246
2.3883e-10	0.000225446
2.38883e-10	0.000225647
2.38936e-10	0.000225847
2.38989e-10	0.000226048
2.39042e-10	0.000226248
2.39095e-10	0.000226448
2.39148e-10	0.000226648
2.39201e-10	0.000226848
2.39254e-10	0.000227048
2.39307e-10	0.000227248
2.3936e-10	0.000227448
2.39413e-10	0.000227647
2.39466e-10	0.000227847
2.39519e-10	0.000228046
2.39572e-10	0.000228246
2.39625e-10	0.000228445
2.39678e-10	0.000228644
2.39731e-10	0.000228844
2.39784e-10	0.000229043
2.39837e-10	0.000229242
2.3989e-10	0.00022944
2.39943e-10	0.000229639
2.39997e-10	0.000229838
2.4005e-10	0.000230037
2.40103e-10	0.000230235
2.40156e-10	0.000230434
2.40209e-10	0.000230632
2.40262e-10	0.00023083
2.40315e-10	0.000231029
2.40368e-10	0.000231227
2.40421e-10	0.000231425
2.40474e-10	0.000231623
2.40527e-10	0.00023182
2.4058e-10	0.000232018
2.40633e-10	0.000232216
2.40686e-10	0.000232413
2.40739e-10	0.000232611
2.40792e-10	0.000232808
2.40845e-10	0.000233006
2.40898e-10	0.000233203
2.40951e-10	0.0002334
2.41004e-10	0.000233597
2.41057e-10	0.000233794
2.4111e-10	0.000233991
2.41163e-10	0.000234188
2.41216e-10	0.000234384
2.41269e-10	0.000234581
2.41322e-10	0.000234778
2.41376e-10	0.000234974
2.41429e-10	0.00023517
2.41482e-10	0.000235367
2.41535e-10	0.000235563
2.41588e-10	0.000235759
2.41641e-10	0.000235955
2.41694e-10	0.000236151
2.41747e-10	0.000236346
2.418e-10	0.000236542
2.41853e-10	0.000236738
2.41906e-10	0.000236933
2.41959e-10	0.000237128
2.42012e-10	0.000237324
2.42065e-10	0.000237519
2.42118e-10	0.000237714
2.42171e-10	0.000237909
2.42224e-10	0.000238104
2.42277e-10	0.000238299
2.4233e-10	0.000238494
2.42383e-10	0.000238688
2.42436e-10	0.000238883
2.42489e-10	0.000239077
2.42542e-10	0.000239272
2.42595e-10	0.000239466
2.42648e-10	0.00023966
2.42701e-10	0.000239854
2.42755e-10	0.000240048
2.42808e-10	0.000240242
2.42861e-10	0.000240436
2.42914e-10	0.00024063
2.42967e-10	0.000240823
2.4302e-10	0.000241017
2.43073e-10	0.00024121
2.43126e-10	0.000241404
2.43179e-10	0.000241597
2.43232e-10	0.00024179
2.43285e-10	0.000241983
2.43338e-10	0.000242176
2.43391e-10	0.000242369
2.43444e-10	0.000242561
2.43497e-10	0.000242754
2.4355e-10	0.000242947
2.43603e-10	0.000243139
2.43656e-10	0.000243331
2.43709e-10	0.000243524
2.43762e-10	0.000243716
2.43815e-10	0.000243908
2.43868e-10	0.0002441
2.43921e-10	0.000244292
2.43974e-10	0.000244483
2.44027e-10	0.000244675
2.4408e-10	0.000244867
2.44133e-10	0.000245058
2.44187e-10	0.000245249
2.4424e-10	0.000245441
2.44293e-10	0.000245632
2.44346e-10	0.000245823
2.44399e-10	0.000246014
2.44452e-10	0.000246205
2.44505e-10	0.000246395
2.44558e-10	0.000246586
2.44611e-10	0.000246777
2.44664e-10	0.000246967
2.44717e-10	0.000247157
2.4477e-10	0.000247348
2.44823e-10	0.000247538
2.44876e-10	0.000247728
2.44929e-10	0.000247918
2.44982e-10	0.000248108
2.45035e-10	0.000248297
2.45088e-10	0.000248487
2.45141e-10	0.000248676
2.45194e-10	0.000248866
2.45247e-10	0.000249055
2.453e-10	0.000249244
2.45353e-10	0.000249434
2.45406e-10	0.000249623
2.45459e-10	0.000249811
2.45512e-10	0.00025
2.45566e-10	0.000250189
2.45619e-10	0.000250377
2.45672e-10	0.000250566
2.45725e-10	0.000250754
2.45778e-10	0.000250943
2.45831e-10	0.000251131
2.45884e-10	0.000251319
2.45937e-10	0.000251507
2.4599e-10	0.000251695
2.46043e-10	0.000251882
2.46096e-10	0.00025207
2.46149e-10	0.000252257
2.46202e-10	0.000252445
2.46255e-10	0.000252632
2.46308e-10	0.000252819
2.46361e-10	0.000253007
2.46414e-10	0.000253194
2.46467e-10	0.00025338
2.4652e-10	0.000253567
2.46573e-10	0.000253754
2.46626e-10	0.00025394
2.46679e-10	0.000254127
2.46732e-10	0.000254313
2.46785e-10	0.000254499
2.46838e-10	0.000254686
2.46891e-10	0.000254872
2.46944e-10	0.000255057
2.46998e-10	0.000255243
2.47051e-10	0.000255429
2.47104e-10	0.000255615
2.47157e-10	0.0002558
2.4721e-10	0.000255985
2.47263e-10	0.000256171
2.47316e-10	0.000256356
2.47369e-10	0.000256541
2.47422e-10	0.000256726
2.47475e-10	0.000256911
2.47528e-10	0.000257095
2.47581e-10	0.00025728
2.47634e-10	0.000257464
2.47687e-10	0.000257649
2.4774e-10	0.000257833
2.47793e-10	0.000258017
2.47846e-10	0.000258201
2.47899e-10	0.000258385
2.47952e-10	0.000258569
2.48005e-10	0.000258752
2.48058e-10	0.000258936
2.48111e-10	0.000259119
2.48164e-10	0.000259303
2.48217e-10	0.000259486
2.4827e-10	0.000259669
2.48323e-10	0.000259852
2.48377e-10	0.000260035
2.4843e-10	0.000260218
2.48483e-10	0.000260401
2.48536e-10	0.000260583
2.48589e-10	0.000260766
2.48642e-10	0.000260948
2.48695e-10	0.00026113
2.48748e-10	0.000261312
2.48801e-10	0.000261494
2.48854e-10	0.000261676
2.48907e-10	0.000261858
2.4896e-10	0.000262039
2.49013e-10	0.000262221
2.49066e-10	0.000262402
2.49119e-10	0.000262584
2.49172e-10	0.000262765
2.49225e-10	0.000262946
2.49278e-10	0.000263127
2.49331e-10	0.000263308
2.49384e-10	0.000263488
2.49437e-10	0.000263669
2.4949e-10	0.000263849
2.49543e-10	0.00026403
2.49596e-10	0.00026421
2.49649e-10	0.00026439
2.49702e-10	0.00026457
2.49756e-10	0.00026475
2.49809e-10	0.00026493
2.49862e-10	0.000265109
2.49915e-10	0.000265289
2.49968e-10	0.000265468
2.50021e-10	0.000265648
2.50074e-10	0.000265827
2.50127e-10	0.000266006
2.5018e-10	0.000266185
2.50233e-10	0.000266363
2.50286e-10	0.000266542
2.50339e-10	0.000266721
2.50392e-10	0.000266899
2.50445e-10	0.000267077
2.50498e-10	0.000267256
2.50551e-10	0.000267434
2.50604e-10	0.000267612
2.50657e-10	0.00026779
2.5071e-10	0.000267967
2.50763e-10	0.000268145
2.50816e-10	0.000268322
2.50869e-10	0.0002685
2.50922e-10	0.000268677
2.50975e-10	0.000268854
2.51028e-10	0.000269031
2.51081e-10	0.000269208
2.51134e-10	0.000269385
2.51188e-10	0.000269561
2.51241e-10	0.000269738
2.51294e-10	0.000269914
2.51347e-10	0.00027009
2.514e-10	0.000270267
2.51453e-10	0.000270443
2.51506e-10	0.000270618
2.51559e-10	0.000270794
2.51612e-10	0.00027097
2.51665e-10	0.000271145
2.51718e-10	0.000271321
2.51771e-10	0.000271496
2.51824e-10	0.000271671
2.51877e-10	0.000271846
2.5193e-10	0.000272021
2.51983e-10	0.000272196
2.52036e-10	0.00027237
2.52089e-10	0.000272545
2.52142e-10	0.000272719
2.52195e-10	0.000272893
2.52248e-10	0.000273068
2.52301e-10	0.000273242
2.52354e-10	0.000273415
2.52407e-10	0.000273589
2.5246e-10	0.000273763
2.52513e-10	0.000273936
2.52567e-10	0.00027411
2.5262e-10	0.000274283
2.52673e-10	0.000274456
2.52726e-10	0.000274629
2.52779e-10	0.000274802
2.52832e-10	0.000274975
2.52885e-10	0.000275147
2.52938e-10	0.00027532
2.52991e-10	0.000275492
2.53044e-10	0.000275664
2.53097e-10	0.000275836
2.5315e-10	0.000276008
2.53203e-10	0.00027618
2.53256e-10	0.000276352
2.53309e-10	0.000276523
2.53362e-10	0.000276695
2.53415e-10	0.000276866
2.53468e-10	0.000277037
2.53521e-10	0.000277208
2.53574e-10	0.000277379
2.53627e-10	0.00027755
2.5368e-10	0.000277721
2.53733e-10	0.000277891
2.53786e-10	0.000278062
2.53839e-10	0.000278232
2.53892e-10	0.000278402
2.53946e-10	0.000278572
2.53999e-10	0.000278742
2.54052e-10	0.000278911
2.54105e-10	0.000279081
2.54158e-10	0.000279251
2.54211e-10	0.00027942
2.54264e-10	0.000279589
2.54317e-10	0.000279758
2.5437e-10	0.000279927
2.54423e-10	0.000280096
2.54476e-10	0.000280265
2.54529e-10	0.000280433
2.54582e-10	0.000280601
2.54635e-10	0.00028077
2.54688e-10	0.000280938
2.54741e-10	0.000281106
2.54794e-10	0.000281274
2.54847e-10	0.000281441
2.549e-10	0.000281609
2.54953e-10	0.000281776
2.55006e-10	0.000281944
2.55059e-10	0.000282111
2.55112e-10	0.000282278
2.55165e-10	0.000282445
2.55218e-10	0.000282612
2.55271e-10	0.000282778
2.55324e-10	0.000282945
2.55378e-10	0.000283111
2.55431e-10	0.000283278
2.55484e-10	0.000283444
2.55537e-10	0.00028361
2.5559e-10	0.000283775
2.55643e-10	0.000283941
2.55696e-10	0.000284107
2.55749e-10	0.000284272
2.55802e-10	0.000284437
2.55855e-10	0.000284602
2.55908e-10	0.000284767
2.55961e-10	0.000284932
2.56014e-10	0.000285097
2.56067e-10	0.000285262
2.5612e-10	0.000285426
2.56173e-10	0.00028559
2.56226e-10	0.000285755
2.56279e-10	0.000285919
2.56332e-10	0.000286082
2.56385e-10	0.000286246
2.56438e-10	0.00028641
2.56491e-10	0.000286573
2.56544e-10	0.000286737
2.56597e-10	0.0002869
2.5665e-10	0.000287063
2.56703e-10	0.000287226
2.56757e-10	0.000287388
2.5681e-10	0.000287551
2.56863e-10	0.000287714
2.56916e-10	0.000287876
2.56969e-10	0.000288038
2.57022e-10	0.0002882
2.57075e-10	0.000288362
2.57128e-10	0.000288524
2.57181e-10	0.000288686
2.57234e-10	0.000288847
2.57287e-10	0.000289008
2.5734e-10	0.00028917
2.57393e-10	0.000289331
2.57446e-10	0.000289492
2.57499e-10	0.000289652
2.57552e-10	0.000289813
2.57605e-10	0.000289973
2.57658e-10	0.000290134
2.57711e-10	0.000290294
2.57764e-10	0.000290454
2.57817e-10	0.000290614
2.5787e-10	0.000290774
2.57923e-10	0.000290933
2.57976e-10	0.000291093
2.58029e-10	0.000291252
2.58082e-10	0.000291411
2.58135e-10	0.00029157
2.58189e-10	0.000291729
2.58242e-10	0.000291888
2.58295e-10	0.000292047
2.58348e-10	0.000292205
2.58401e-10	0.000292363
2.58454e-10	0.000292522
2.58507e-10	0.00029268
2.5856e-10	0.000292838
2.58613e-10	0.000292995
2.58666e-10	0.000293153
2.58719e-10	0.00029331
2.58772e-10	0.000293468
2.58825e-10	0.000293625
2.58878e-10	0.000293782
2.58931e-10	0.000293939
2.58984e-10	0.000294095
2.59037e-10	0.000294252
2.5909e-10	0.000294408
2.59143e-10	0.000294564
2.59196e-10	0.000294721
2.59249e-10	0.000294877
2.59302e-10	0.000295032
2.59355e-10	0.000295188
2.59408e-10	0.000295344
2.59461e-10	0.000295499
2.59514e-10	0.000295654
2.59568e-10	0.000295809
2.59621e-10	0.000295964
2.59674e-10	0.000296119
2.59727e-10	0.000296273
2.5978e-10	0.000296428
2.59833e-10	0.000296582
2.59886e-10	0.000296736
2.59939e-10	0.00029689
2.59992e-10	0.000297044
2.60045e-10	0.000297198
2.60098e-10	0.000297352
2.60151e-10	0.000297505
2.60204e-10	0.000297658
2.60257e-10	0.000297811
2.6031e-10	0.000297964
2.60363e-10	0.000298117
2.60416e-10	0.00029827
2.60469e-10	0.000298422
2.60522e-10	0.000298575
2.60575e-10	0.000298727
2.60628e-10	0.000298879
2.60681e-10	0.000299031
2.60734e-10	0.000299182
2.60787e-10	0.000299334
2.6084e-10	0.000299485
2.60893e-10	0.000299637
2.60947e-10	0.000299788
2.61e-10	0.000299939
2.61053e-10	0.00030009
2.61106e-10	0.00030024
2.61159e-10	0.000300391
2.61212e-10	0.000300541
2.61265e-10	0.000300691
2.61318e-10	0.000300841
2.61371e-10	0.000300991
2.61424e-10	0.000301141
2.61477e-10	0.00030129
2.6153e-10	0.00030144
2.61583e-10	0.000301589
2.61636e-10	0.000301738
2.61689e-10	0.000301887
2.61742e-10	0.000302036
2.61795e-10	0.000302185
2.61848e-10	0.000302333
2.61901e-10	0.000302481
2.61954e-10	0.00030263
2.62007e-10	0.000302778
2.6206e-10	0.000302925
2.62113e-10	0.000303073
2.62166e-10	0.000303221
2.62219e-10	0.000303368
2.62272e-10	0.000303515
2.62325e-10	0.000303662
2.62379e-10	0.000303809
2.62432e-10	0.000303956
2.62485e-10	0.000304102
2.62538e-10	0.000304249
2.62591e-10	0.000304395
2.62644e-10	0.000304541
2.62697e-10	0.000304687
2.6275e-10	0.000304833
2.62803e-10	0.000304979
2.62856e-10	0.000305124
2.62909e-10	0.000305269
2.62962e-10	0.000305414
2.63015e-10	0.000305559
2.63068e-10	0.000305704
2.63121e-10	0.000305849
2.63174e-10	0.000305993
2.63227e-10	0.000306138
2.6328e-10	0.000306282
2.63333e-10	0.000306426
2.63386e-10	0.00030657
2.63439e-10	0.000306714
2.63492e-10	0.000306857
2.63545e-10	0.000307
2.63598e-10	0.000307144
2.63651e-10	0.000307287
2.63704e-10	0.00030743
2.63758e-10	0.000307572
2.63811e-10	0.000307715
2.63864e-10	0.000307857
2.63917e-10	0.000307999
2.6397e-10	0.000308142
2.64023e-10	0.000308283
2.64076e-10	0.000308425
2.64129e-10	0.000308567
2.64182e-10	0.000308708
2.64235e-10	0.000308849
2.64288e-10	0.000308991
2.64341e-10	0.000309131
2.64394e-10	0.000309272
2.64447e-10	0.000309413
2.645e-10	0.000309553
2.64553e-10	0.000309694
2.64606e-10	0.000309834
2.64659e-10	0.000309974
2.64712e-10	0.000310113
2.64765e-10	0.000310253
2.64818e-10	0.000310392
2.64871e-10	0.000310532
2.64924e-10	0.000310671
2.64977e-10	0.00031081
2.6503e-10	0.000310948
2.65083e-10	0.000311087
2.65137e-10	0.000311225
2.6519e-10	0.000311364
2.65243e-10	0.000311502
2.65296e-10	0.00031164
2.65349e-10	0.000311778
2.65402e-10	0.000311915
2.65455e-10	0.000312053
2.65508e-10	0.00031219
2.65561e-10	0.000312327
2.65614e-10	0.000312464
2.65667e-10	0.000312601
2.6572e-10	0.000312737
2.65773e-10	0.000312874
2.65826e-10	0.00031301
2.65879e-10	0.000313146
2.65932e-10	0.000313282
2.65985e-10	0.000313418
2.66038e-10	0.000313553
2.66091e-10	0.000313689
2.66144e-10	0.000313824
2.66197e-10	0.000313959
2.6625e-10	0.000314094
2.66303e-10	0.000314228
2.66356e-10	0.000314363
2.66409e-10	0.000314497
2.66462e-10	0.000314632
2.66515e-10	0.000314766
2.66569e-10	0.0003149
2.66622e-10	0.000315033
2.66675e-10	0.000315167
2.66728e-10	0.0003153
2.66781e-10	0.000315433
2.66834e-10	0.000315566
2.66887e-10	0.000315699
2.6694e-10	0.000315832
2.66993e-10	0.000315964
2.67046e-10	0.000316097
2.67099e-10	0.000316229
2.67152e-10	0.000316361
2.67205e-10	0.000316493
2.67258e-10	0.000316624
2.67311e-10	0.000316756
2.67364e-10	0.000316887
2.67417e-10	0.000317018
2.6747e-10	0.000317149
2.67523e-10	0.00031728
2.67576e-10	0.00031741
2.67629e-10	0.000317541
2.67682e-10	0.000317671
2.67735e-10	0.000317801
2.67788e-10	0.000317931
2.67841e-10	0.000318061
2.67894e-10	0.00031819
2.67948e-10	0.00031832
2.68001e-10	0.000318449
2.68054e-10	0.000318578
2.68107e-10	0.000318707
2.6816e-10	0.000318835
2.68213e-10	0.000318964
2.68266e-10	0.000319092
2.68319e-10	0.00031922
2.68372e-10	0.000319348
2.68425e-10	0.000319476
2.68478e-10	0.000319604
2.68531e-10	0.000319731
2.68584e-10	0.000319858
2.68637e-10	0.000319985
2.6869e-10	0.000320112
2.68743e-10	0.000320239
2.68796e-10	0.000320365
2.68849e-10	0.000320492
2.68902e-10	0.000320618
2.68955e-10	0.000320744
2.69008e-10	0.00032087
2.69061e-10	0.000320995
2.69114e-10	0.000321121
2.69167e-10	0.000321246
2.6922e-10	0.000321371
2.69273e-10	0.000321496
2.69326e-10	0.000321621
2.6938e-10	0.000321746
2.69433e-10	0.00032187
2.69486e-10	0.000321994
2.69539e-10	0.000322118
2.69592e-10	0.000322242
2.69645e-10	0.000322366
2.69698e-10	0.000322489
2.69751e-10	0.000322613
2.69804e-10	0.000322736
2.69857e-10	0.000322859
2.6991e-10	0.000322981
2.69963e-10	0.000323104
2.70016e-10	0.000323226
2.70069e-10	0.000323349
2.70122e-10	0.000323471
2.70175e-10	0.000323593
2.70228e-10	0.000323714
2.70281e-10	0.000323836
2.70334e-10	0.000323957
2.70387e-10	0.000324078
2.7044e-10	0.000324199
2.70493e-10	0.00032432
2.70546e-10	0.00032444
2.70599e-10	0.000324561
2.70652e-10	0.000324681
2.70705e-10	0.000324801
2.70759e-10	0.000324921
2.70812e-10	0.000325041
2.70865e-10	0.00032516
2.70918e-10	0.000325279
2.70971e-10	0.000325399
2.71024e-10	0.000325517
2.71077e-10	0.000325636
2.7113e-10	0.000325755
2.71183e-10	0.000325873
2.71236e-10	0.000325991
2.71289e-10	0.000326109
2.71342e-10	0.000326227
2.71395e-10	0.000326345
2.71448e-10	0.000326462
2.71501e-10	0.00032658
2.71554e-10	0.000326697
2.71607e-10	0.000326814
2.7166e-10	0.00032693
2.71713e-10	0.000327047
2.71766e-10	0.000327163
2.71819e-10	0.000327279
2.71872e-10	0.000327395
2.71925e-10	0.000327511
2.71978e-10	0.000327627
2.72031e-10	0.000327742
2.72084e-10	0.000327857
2.72138e-10	0.000327972
2.72191e-10	0.000328087
2.72244e-10	0.000328202
2.72297e-10	0.000328316
2.7235e-10	0.00032843
2.72403e-10	0.000328544
2.72456e-10	0.000328658
2.72509e-10	0.000328772
2.72562e-10	0.000328886
2.72615e-10	0.000328999
2.72668e-10	0.000329112
2.72721e-10	0.000329225
2.72774e-10	0.000329338
2.72827e-10	0.00032945
2.7288e-10	0.000329563
2.72933e-10	0.000329675
2.72986e-10	0.000329787
2.73039e-10	0.000329899
2.73092e-10	0.00033001
2.73145e-10	0.000330122
2.73198e-10	0.000330233
2.73251e-10	0.000330344
2.73304e-10	0.000330455
2.73357e-10	0.000330566
2.7341e-10	0.000330676
2.73463e-10	0.000330786
2.73516e-10	0.000330897
2.7357e-10	0.000331006
2.73623e-10	0.000331116
2.73676e-10	0.000331226
2.73729e-10	0.000331335
2.73782e-10	0.000331444
2.73835e-10	0.000331553
2.73888e-10	0.000331662
2.73941e-10	0.00033177
2.73994e-10	0.000331879
2.74047e-10	0.000331987
2.741e-10	0.000332095
2.74153e-10	0.000332203
2.74206e-10	0.00033231
2.74259e-10	0.000332418
2.74312e-10	0.000332525
2.74365e-10	0.000332632
2.74418e-10	0.000332739
2.74471e-10	0.000332845
2.74524e-10	0.000332952
2.74577e-10	0.000333058
2.7463e-10	0.000333164
2.74683e-10	0.00033327
2.74736e-10	0.000333376
2.74789e-10	0.000333481
2.74842e-10	0.000333586
2.74895e-10	0.000333691
2.74949e-10	0.000333796
2.75002e-10	0.000333901
2.75055e-10	0.000334005
2.75108e-10	0.00033411
2.75161e-10	0.000334214
2.75214e-10	0.000334318
2.75267e-10	0.000334421
2.7532e-10	0.000334525
2.75373e-10	0.000334628
2.75426e-10	0.000334731
2.75479e-10	0.000334834
2.75532e-10	0.000334937
2.75585e-10	0.000335039
2.75638e-10	0.000335142
2.75691e-10	0.000335244
2.75744e-10	0.000335346
2.75797e-10	0.000335447
2.7585e-10	0.000335549
2.75903e-10	0.00033565
2.75956e-10	0.000335751
2.76009e-10	0.000335852
2.76062e-10	0.000335953
2.76115e-10	0.000336054
2.76168e-10	0.000336154
2.76221e-10	0.000336254
2.76274e-10	0.000336354
2.76327e-10	0.000336454
2.76381e-10	0.000336553
2.76434e-10	0.000336653
2.76487e-10	0.000336752
2.7654e-10	0.000336851
2.76593e-10	0.000336949
2.76646e-10	0.000337048
2.76699e-10	0.000337146
2.76752e-10	0.000337244
2.76805e-10	0.000337342
2.76858e-10	0.00033744
2.76911e-10	0.000337538
2.76964e-10	0.000337635
2.77017e-10	0.000337732
2.7707e-10	0.000337829
2.77123e-10	0.000337926
2.77176e-10	0.000338022
2.77229e-10	0.000338119
2.77282e-10	0.000338215
2.77335e-10	0.000338311
2.77388e-10	0.000338406
2.77441e-10	0.000338502
2.77494e-10	0.000338597
2.77547e-10	0.000338692
2.776e-10	0.000338787
2.77653e-10	0.000338882
2.77706e-10	0.000338976
2.7776e-10	0.000339071
2.77813e-10	0.000339165
2.77866e-10	0.000339259
2.77919e-10	0.000339352
2.77972e-10	0.000339446
2.78025e-10	0.000339539
2.78078e-10	0.000339632
2.78131e-10	0.000339725
2.78184e-10	0.000339818
2.78237e-10	0.00033991
2.7829e-10	0.000340003
2.78343e-10	0.000340095
2.78396e-10	0.000340186
2.78449e-10	0.000340278
2.78502e-10	0.00034037
2.78555e-10	0.000340461
2.78608e-10	0.000340552
2.78661e-10	0.000340643
2.78714e-10	0.000340733
2.78767e-10	0.000340824
2.7882e-10	0.000340914
2.78873e-10	0.000341004
2.78926e-10	0.000341094
2.78979e-10	0.000341183
2.79032e-10	0.000341273
2.79085e-10	0.000341362
2.79139e-10	0.000341451
2.79192e-10	0.00034154
2.79245e-10	0.000341628
2.79298e-10	0.000341717
2.79351e-10	0.000341805
2.79404e-10	0.000341893
2.79457e-10	0.00034198
2.7951e-10	0.000342068
2.79563e-10	0.000342155
2.79616e-10	0.000342242
2.79669e-10	0.000342329
2.79722e-10	0.000342416
2.79775e-10	0.000342502
2.79828e-10	0.000342589
2.79881e-10	0.000342675
2.79934e-10	0.00034276
2.79987e-10	0.000342846
2.8004e-10	0.000342932
2.80093e-10	0.000343017
2.80146e-10	0.000343102
2.80199e-10	0.000343187
2.80252e-10	0.000343271
2.80305e-10	0.000343356
2.80358e-10	0.00034344
2.80411e-10	0.000343524
2.80464e-10	0.000343607
2.80517e-10	0.000343691
2.80571e-10	0.000343774
2.80624e-10	0.000343857
2.80677e-10	0.00034394
2.8073e-10	0.000344023
2.80783e-10	0.000344106
2.80836e-10	0.000344188
2.80889e-10	0.00034427
2.80942e-10	0.000344352
2.80995e-10	0.000344433
2.81048e-10	0.000344515
2.81101e-10	0.000344596
2.81154e-10	0.000344677
2.81207e-10	0.000344758
2.8126e-10	0.000344838
2.81313e-10	0.000344919
2.81366e-10	0.000344999
2.81419e-10	0.000345079
2.81472e-10	0.000345159
2.81525e-10	0.000345238
2.81578e-10	0.000345317
2.81631e-10	0.000345396
2.81684e-10	0.000345475
2.81737e-10	0.000345554
2.8179e-10	0.000345632
2.81843e-10	0.000345711
2.81896e-10	0.000345789
2.8195e-10	0.000345867
2.82003e-10	0.000345944
2.82056e-10	0.000346021
2.82109e-10	0.000346099
2.82162e-10	0.000346176
2.82215e-10	0.000346252
2.82268e-10	0.000346329
2.82321e-10	0.000346405
2.82374e-10	0.000346481
2.82427e-10	0.000346557
2.8248e-10	0.000346633
2.82533e-10	0.000346708
2.82586e-10	0.000346783
2.82639e-10	0.000346858
2.82692e-10	0.000346933
2.82745e-10	0.000347008
2.82798e-10	0.000347082
2.82851e-10	0.000347156
2.82904e-10	0.00034723
2.82957e-10	0.000347304
2.8301e-10	0.000347377
2.83063e-10	0.000347451
2.83116e-10	0.000347524
2.83169e-10	0.000347597
2.83222e-10	0.000347669
2.83275e-10	0.000347742
2.83329e-10	0.000347814
2.83382e-10	0.000347886
2.83435e-10	0.000347958
2.83488e-10	0.000348029
2.83541e-10	0.0003481
2.83594e-10	0.000348172
2.83647e-10	0.000348242
2.837e-10	0.000348313
2.83753e-10	0.000348384
2.83806e-10	0.000348454
2.83859e-10	0.000348524
2.83912e-10	0.000348594
2.83965e-10	0.000348663
2.84018e-10	0.000348732
2.84071e-10	0.000348802
2.84124e-10	0.00034887
2.84177e-10	0.000348939
2.8423e-10	0.000349008
2.84283e-10	0.000349076
2.84336e-10	0.000349144
2.84389e-10	0.000349212
2.84442e-10	0.000349279
2.84495e-10	0.000349347
2.84548e-10	0.000349414
2.84601e-10	0.000349481
2.84654e-10	0.000349547
2.84707e-10	0.000349614
2.84761e-10	0.00034968
2.84814e-10	0.000349746
2.84867e-10	0.000349812
2.8492e-10	0.000349878
2.84973e-10	0.000349943
2.85026e-10	0.000350008
2.85079e-10	0.000350073
2.85132e-10	0.000350138
2.85185e-10	0.000350202
2.85238e-10	0.000350267
2.85291e-10	0.000350331
2.85344e-10	0.000350394
2.85397e-10	0.000350458
2.8545e-10	0.000350521
2.85503e-10	0.000350585
2.85556e-10	0.000350647
2.85609e-10	0.00035071
2.85662e-10	0.000350773
2.85715e-10	0.000350835
2.85768e-10	0.000350897
2.85821e-10	0.000350959
2.85874e-10	0.00035102
2.85927e-10	0.000351082
2.8598e-10	0.000351143
2.86033e-10	0.000351204
2.86086e-10	0.000351264
2.8614e-10	0.000351325
2.86193e-10	0.000351385
2.86246e-10	0.000351445
2.86299e-10	0.000351505
2.86352e-10	0.000351565
2.86405e-10	0.000351624
2.86458e-10	0.000351683
2.86511e-10	0.000351742
2.86564e-10	0.000351801
2.86617e-10	0.000351859
2.8667e-10	0.000351917
2.86723e-10	0.000351975
2.86776e-10	0.000352033
2.86829e-10	0.00035209
2.86882e-10	0.000352148
2.86935e-10	0.000352205
2.86988e-10	0.000352262
2.87041e-10	0.000352318
2.87094e-10	0.000352375
2.87147e-10	0.000352431
2.872e-10	0.000352487
2.87253e-10	0.000352543
2.87306e-10	0.000352598
2.87359e-10	0.000352653
2.87412e-10	0.000352708
2.87465e-10	0.000352763
2.87518e-10	0.000352818
2.87572e-10	0.000352872
2.87625e-10	0.000352926
2.87678e-10	0.00035298
2.87731e-10	0.000353034
2.87784e-10	0.000353087
2.87837e-10	0.00035314
2.8789e-10	0.000353193
2.87943e-10	0.000353246
2.87996e-10	0.000353299
2.88049e-10	0.000353351
2.88102e-10	0.000353403
2.88155e-10	0.000353455
2.88208e-10	0.000353507
2.88261e-10	0.000353558
2.88314e-10	0.000353609
2.88367e-10	0.00035366
2.8842e-10	0.000353711
2.88473e-10	0.000353761
2.88526e-10	0.000353811
2.88579e-10	0.000353861
2.88632e-10	0.000353911
2.88685e-10	0.000353961
2.88738e-10	0.00035401
2.88791e-10	0.000354059
2.88844e-10	0.000354108
2.88897e-10	0.000354157
2.88951e-10	0.000354205
2.89004e-10	0.000354253
2.89057e-10	0.000354301
2.8911e-10	0.000354349
2.89163e-10	0.000354396
2.89216e-10	0.000354443
2.89269e-10	0.00035449
2.89322e-10	0.000354537
2.89375e-10	0.000354584
2.89428e-10	0.00035463
2.89481e-10	0.000354676
2.89534e-10	0.000354722
2.89587e-10	0.000354767
2.8964e-10	0.000354813
2.89693e-10	0.000354858
2.89746e-10	0.000354903
2.89799e-10	0.000354948
2.89852e-10	0.000354992
2.89905e-10	0.000355036
2.89958e-10	0.00035508
2.90011e-10	0.000355124
2.90064e-10	0.000355167
2.90117e-10	0.000355211
2.9017e-10	0.000355254
2.90223e-10	0.000355296
2.90276e-10	0.000355339
2.9033e-10	0.000355381
2.90383e-10	0.000355423
2.90436e-10	0.000355465
2.90489e-10	0.000355507
2.90542e-10	0.000355548
2.90595e-10	0.00035559
2.90648e-10	0.00035563
2.90701e-10	0.000355671
2.90754e-10	0.000355712
2.90807e-10	0.000355752
2.9086e-10	0.000355792
2.90913e-10	0.000355832
2.90966e-10	0.000355871
2.91019e-10	0.00035591
2.91072e-10	0.000355949
2.91125e-10	0.000355988
2.91178e-10	0.000356027
2.91231e-10	0.000356065
2.91284e-10	0.000356103
2.91337e-10	0.000356141
2.9139e-10	0.000356179
2.91443e-10	0.000356216
2.91496e-10	0.000356253
2.91549e-10	0.00035629
2.91602e-10	0.000356327
2.91655e-10	0.000356363
2.91708e-10	0.000356399
2.91762e-10	0.000356435
2.91815e-10	0.000356471
2.91868e-10	0.000356507
2.91921e-10	0.000356542
2.91974e-10	0.000356577
2.92027e-10	0.000356612
2.9208e-10	0.000356646
2.92133e-10	0.00035668
2.92186e-10	0.000356715
2.92239e-10	0.000356748
2.92292e-10	0.000356782
2.92345e-10	0.000356815
2.92398e-10	0.000356848
2.92451e-10	0.000356881
2.92504e-10	0.000356914
2.92557e-10	0.000356946
2.9261e-10	0.000356978
2.92663e-10	0.00035701
2.92716e-10	0.000357042
2.92769e-10	0.000357073
2.92822e-10	0.000357105
2.92875e-10	0.000357136
2.92928e-10	0.000357166
2.92981e-10	0.000357197
2.93034e-10	0.000357227
2.93087e-10	0.000357257
2.93141e-10	0.000357287
2.93194e-10	0.000357316
2.93247e-10	0.000357346
2.933e-10	0.000357375
2.93353e-10	0.000357403
2.93406e-10	0.000357432
2.93459e-10	0.00035746
2.93512e-10	0.000357488
2.93565e-10	0.000357516
2.93618e-10	0.000357544
2.93671e-10	0.000357571
2.93724e-10	0.000357598
2.93777e-10	0.000357625
2.9383e-10	0.000357652
2.93883e-10	0.000357678
2.93936e-10	0.000357704
2.93989e-10	0.00035773
2.94042e-10	0.000357756
2.94095e-10	0.000357781
2.94148e-10	0.000357806
2.94201e-10	0.000357831
2.94254e-10	0.000357856
2.94307e-10	0.00035788
2.9436e-10	0.000357904
2.94413e-10	0.000357928
2.94466e-10	0.000357952
2.9452e-10	0.000357976
2.94573e-10	0.000357999
2.94626e-10	0.000358022
2.94679e-10	0.000358045
2.94732e-10	0.000358067
2.94785e-10	0.000358089
2.94838e-10	0.000358111
2.94891e-10	0.000358133
2.94944e-10	0.000358155
2.94997e-10	0.000358176
2.9505e-10	0.000358197
2.95103e-10	0.000358218
2.95156e-10	0.000358238
2.95209e-10	0.000358258
2.95262e-10	0.000358278
2.95315e-10	0.000358298
2.95368e-10	0.000358318
2.95421e-10	0.000358337
2.95474e-10	0.000358356
2.95527e-10	0.000358375
2.9558e-10	0.000358394
2.95633e-10	0.000358412
2.95686e-10	0.00035843
2.95739e-10	0.000358448
2.95792e-10	0.000358466
2.95845e-10	0.000358483
2.95898e-10	0.0003585
2.95952e-10	0.000358517
2.96005e-10	0.000358533
2.96058e-10	0.00035855
2.96111e-10	0.000358566
2.96164e-10	0.000358582
2.96217e-10	0.000358597
2.9627e-10	0.000358613
2.96323e-10	0.000358628
2.96376e-10	0.000358643
2.96429e-10	0.000358657
2.96482e-10	0.000358672
2.96535e-10	0.000358686
2.96588e-10	0.0003587
2.96641e-10	0.000358714
2.96694e-10	0.000358727
2.96747e-10	0.00035874
2.968e-10	0.000358753
2.96853e-10	0.000358766
2.96906e-10	0.000358778
2.96959e-10	0.00035879
2.97012e-10	0.000358802
2.97065e-10	0.000358814
2.97118e-10	0.000358825
2.97171e-10	0.000358836
2.97224e-10	0.000358847
2.97277e-10	0.000358858
2.97331e-10	0.000358869
2.97384e-10	0.000358879
2.97437e-10	0.000358889
2.9749e-10	0.000358898
2.97543e-10	0.000358908
2.97596e-10	0.000358917
2.97649e-10	0.000358926
2.97702e-10	0.000358935
2.97755e-10	0.000358943
2.97808e-10	0.000358951
2.97861e-10	0.000358959
2.97914e-10	0.000358967
2.97967e-10	0.000358974
2.9802e-10	0.000358981
2.98073e-10	0.000358988
2.98126e-10	0.000358995
2.98179e-10	0.000359001
2.98232e-10	0.000359008
2.98285e-10	0.000359014
2.98338e-10	0.000359019
2.98391e-10	0.000359025
2.98444e-10	0.00035903
2.98497e-10	0.000359035
2.9855e-10	0.000359039
2.98603e-10	0.000359044
2.98656e-10	0.000359048
2.98709e-10	0.000359052
2.98763e-10	0.000359056
2.98816e-10	0.000359059
2.98869e-10	0.000359062
2.98922e-10	0.000359065
2.98975e-10	0.000359068
2.99028e-10	0.00035907
2.99081e-10	0.000359072
2.99134e-10	0.000359074
2.99187e-10	0.000359076
2.9924e-10	0.000359077
2.99293e-10	0.000359079
2.99346e-10	0.000359079
2.99399e-10	0.00035908
2.99452e-10	0.000359081
2.99505e-10	0.000359081
2.99558e-10	0.000359081
2.99611e-10	0.00035908
2.99664e-10	0.00035908
2.99717e-10	0.000359079
2.9977e-10	0.000359078
2.99823e-10	0.000359076
2.99876e-10	0.000359075
2.99929e-10	0.000359073
2.99982e-10	0.000359071
3.00035e-10	0.000359068
3.00088e-10	0.000359066
3.00142e-10	0.000359063
3.00195e-10	0.00035906
3.00248e-10	0.000359056
3.00301e-10	0.000359053
3.00354e-10	0.000359049
3.00407e-10	0.000359044
3.0046e-10	0.00035904
3.00513e-10	0.000359035
3.00566e-10	0.00035903
3.00619e-10	0.000359025
3.00672e-10	0.00035902
3.00725e-10	0.000359014
3.00778e-10	0.000359008
3.00831e-10	0.000359002
3.00884e-10	0.000358996
3.00937e-10	0.000358989
3.0099e-10	0.000358982
3.01043e-10	0.000358975
3.01096e-10	0.000358967
3.01149e-10	0.000358959
3.01202e-10	0.000358951
3.01255e-10	0.000358943
3.01308e-10	0.000358935
3.01361e-10	0.000358926
3.01414e-10	0.000358917
3.01467e-10	0.000358908
3.01521e-10	0.000358898
3.01574e-10	0.000358888
3.01627e-10	0.000358878
3.0168e-10	0.000358868
3.01733e-10	0.000358857
3.01786e-10	0.000358847
3.01839e-10	0.000358836
3.01892e-10	0.000358824
3.01945e-10	0.000358813
3.01998e-10	0.000358801
3.02051e-10	0.000358789
3.02104e-10	0.000358776
3.02157e-10	0.000358764
3.0221e-10	0.000358751
3.02263e-10	0.000358738
3.02316e-10	0.000358724
3.02369e-10	0.000358711
3.02422e-10	0.000358697
3.02475e-10	0.000358683
3.02528e-10	0.000358668
3.02581e-10	0.000358654
3.02634e-10	0.000358639
3.02687e-10	0.000358624
3.0274e-10	0.000358608
3.02793e-10	0.000358592
3.02846e-10	0.000358577
3.02899e-10	0.00035856
3.02953e-10	0.000358544
3.03006e-10	0.000358527
3.03059e-10	0.00035851
3.03112e-10	0.000358493
3.03165e-10	0.000358475
3.03218e-10	0.000358458
3.03271e-10	0.00035844
3.03324e-10	0.000358421
3.03377e-10	0.000358403
3.0343e-10	0.000358384
3.03483e-10	0.000358365
3.03536e-10	0.000358346
3.03589e-10	0.000358326
3.03642e-10	0.000358306
3.03695e-10	0.000358286
3.03748e-10	0.000358266
3.03801e-10	0.000358245
3.03854e-10	0.000358224
3.03907e-10	0.000358203
3.0396e-10	0.000358182
3.04013e-10	0.00035816
3.04066e-10	0.000358138
3.04119e-10	0.000358116
3.04172e-10	0.000358093
3.04225e-10	0.000358071
3.04278e-10	0.000358048
3.04332e-10	0.000358025
3.04385e-10	0.000358001
3.04438e-10	0.000357977
3.04491e-10	0.000357953
3.04544e-10	0.000357929
3.04597e-10	0.000357905
3.0465e-10	0.00035788
3.04703e-10	0.000357855
3.04756e-10	0.000357829
3.04809e-10	0.000357804
3.04862e-10	0.000357778
3.04915e-10	0.000357752
3.04968e-10	0.000357726
3.05021e-10	0.000357699
3.05074e-10	0.000357672
3.05127e-10	0.000357645
3.0518e-10	0.000357617
3.05233e-10	0.00035759
3.05286e-10	0.000357562
3.05339e-10	0.000357534
3.05392e-10	0.000357505
3.05445e-10	0.000357477
3.05498e-10	0.000357448
3.05551e-10	0.000357418
3.05604e-10	0.000357389
3.05657e-10	0.000357359
3.05711e-10	0.000357329
3.05764e-10	0.000357299
3.05817e-10	0.000357268
3.0587e-10	0.000357237
3.05923e-10	0.000357206
3.05976e-10	0.000357175
3.06029e-10	0.000357143
3.06082e-10	0.000357111
3.06135e-10	0.000357079
3.06188e-10	0.000357047
3.06241e-10	0.000357014
3.06294e-10	0.000356981
3.06347e-10	0.000356948
3.064e-10	0.000356915
3.06453e-10	0.000356881
3.06506e-10	0.000356847
3.06559e-10	0.000356813
3.06612e-10	0.000356778
3.06665e-10	0.000356743
3.06718e-10	0.000356708
3.06771e-10	0.000356673
3.06824e-10	0.000356638
3.06877e-10	0.000356602
3.0693e-10	0.000356566
3.06983e-10	0.000356529
3.07036e-10	0.000356493
3.07089e-10	0.000356456
3.07143e-10	0.000356419
3.07196e-10	0.000356381
3.07249e-10	0.000356344
3.07302e-10	0.000356306
3.07355e-10	0.000356267
3.07408e-10	0.000356229
3.07461e-10	0.00035619
3.07514e-10	0.000356151
3.07567e-10	0.000356112
3.0762e-10	0.000356072
3.07673e-10	0.000356033
3.07726e-10	0.000355993
3.07779e-10	0.000355952
3.07832e-10	0.000355912
3.07885e-10	0.000355871
3.07938e-10	0.00035583
3.07991e-10	0.000355788
3.08044e-10	0.000355747
3.08097e-10	0.000355705
3.0815e-10	0.000355662
3.08203e-10	0.00035562
3.08256e-10	0.000355577
3.08309e-10	0.000355534
3.08362e-10	0.000355491
3.08415e-10	0.000355447
3.08468e-10	0.000355404
3.08522e-10	0.00035536
3.08575e-10	0.000355315
3.08628e-10	0.000355271
3.08681e-10	0.000355226
3.08734e-10	0.000355181
3.08787e-10	0.000355135
3.0884e-10	0.00035509
3.08893e-10	0.000355044
3.08946e-10	0.000354998
3.08999e-10	0.000354951
3.09052e-10	0.000354904
3.09105e-10	0.000354857
3.09158e-10	0.00035481
3.09211e-10	0.000354763
3.09264e-10	0.000354715
3.09317e-10	0.000354667
3.0937e-10	0.000354618
3.09423e-10	0.00035457
3.09476e-10	0.000354521
3.09529e-10	0.000354472
3.09582e-10	0.000354422
3.09635e-10	0.000354373
3.09688e-10	0.000354323
3.09741e-10	0.000354273
3.09794e-10	0.000354222
3.09847e-10	0.000354171
3.099e-10	0.00035412
3.09954e-10	0.000354069
3.10007e-10	0.000354017
3.1006e-10	0.000353966
3.10113e-10	0.000353914
3.10166e-10	0.000353861
3.10219e-10	0.000353809
3.10272e-10	0.000353756
3.10325e-10	0.000353703
3.10378e-10	0.000353649
3.10431e-10	0.000353595
3.10484e-10	0.000353541
3.10537e-10	0.000353487
3.1059e-10	0.000353433
3.10643e-10	0.000353378
3.10696e-10	0.000353323
3.10749e-10	0.000353268
3.10802e-10	0.000353212
3.10855e-10	0.000353156
3.10908e-10	0.0003531
3.10961e-10	0.000353044
3.11014e-10	0.000352987
3.11067e-10	0.00035293
3.1112e-10	0.000352873
3.11173e-10	0.000352815
3.11226e-10	0.000352758
3.11279e-10	0.0003527
3.11333e-10	0.000352641
3.11386e-10	0.000352583
3.11439e-10	0.000352524
3.11492e-10	0.000352465
3.11545e-10	0.000352406
3.11598e-10	0.000352346
3.11651e-10	0.000352286
3.11704e-10	0.000352226
3.11757e-10	0.000352165
3.1181e-10	0.000352105
3.11863e-10	0.000352044
3.11916e-10	0.000351982
3.11969e-10	0.000351921
3.12022e-10	0.000351859
3.12075e-10	0.000351797
3.12128e-10	0.000351735
3.12181e-10	0.000351672
3.12234e-10	0.000351609
3.12287e-10	0.000351546
3.1234e-10	0.000351483
3.12393e-10	0.000351419
3.12446e-10	0.000351355
3.12499e-10	0.000351291
3.12552e-10	0.000351226
3.12605e-10	0.000351161
3.12658e-10	0.000351096
3.12712e-10	0.000351031
3.12765e-10	0.000350966
3.12818e-10	0.0003509
3.12871e-10	0.000350834
3.12924e-10	0.000350767
3.12977e-10	0.0003507
3.1303e-10	0.000350634
3.13083e-10	0.000350566
3.13136e-10	0.000350499
3.13189e-10	0.000350431
3.13242e-10	0.000350363
3.13295e-10	0.000350295
3.13348e-10	0.000350226
3.13401e-10	0.000350157
3.13454e-10	0.000350088
3.13507e-10	0.000350019
3.1356e-10	0.000349949
3.13613e-10	0.000349879
3.13666e-10	0.000349809
3.13719e-10	0.000349738
3.13772e-10	0.000349668
3.13825e-10	0.000349597
3.13878e-10	0.000349525
3.13931e-10	0.000349454
3.13984e-10	0.000349382
3.14037e-10	0.00034931
3.1409e-10	0.000349237
3.14144e-10	0.000349165
3.14197e-10	0.000349092
3.1425e-10	0.000349019
3.14303e-10	0.000348945
3.14356e-10	0.000348871
3.14409e-10	0.000348797
3.14462e-10	0.000348723
3.14515e-10	0.000348648
3.14568e-10	0.000348574
3.14621e-10	0.000348498
3.14674e-10	0.000348423
3.14727e-10	0.000348347
3.1478e-10	0.000348271
3.14833e-10	0.000348195
3.14886e-10	0.000348119
3.14939e-10	0.000348042
3.14992e-10	0.000347965
3.15045e-10	0.000347888
3.15098e-10	0.00034781
3.15151e-10	0.000347732
3.15204e-10	0.000347654
3.15257e-10	0.000347576
3.1531e-10	0.000347497
3.15363e-10	0.000347418
3.15416e-10	0.000347339
3.15469e-10	0.000347259
3.15523e-10	0.000347179
3.15576e-10	0.000347099
3.15629e-10	0.000347019
3.15682e-10	0.000346938
3.15735e-10	0.000346858
3.15788e-10	0.000346776
3.15841e-10	0.000346695
3.15894e-10	0.000346613
3.15947e-10	0.000346531
3.16e-10	0.000346449
3.16053e-10	0.000346367
3.16106e-10	0.000346284
3.16159e-10	0.000346201
3.16212e-10	0.000346117
3.16265e-10	0.000346034
3.16318e-10	0.00034595
3.16371e-10	0.000345866
3.16424e-10	0.000345781
3.16477e-10	0.000345696
3.1653e-10	0.000345612
3.16583e-10	0.000345526
3.16636e-10	0.000345441
3.16689e-10	0.000345355
3.16742e-10	0.000345269
3.16795e-10	0.000345182
3.16848e-10	0.000345096
3.16901e-10	0.000345009
3.16955e-10	0.000344922
3.17008e-10	0.000344834
3.17061e-10	0.000344746
3.17114e-10	0.000344658
3.17167e-10	0.00034457
3.1722e-10	0.000344482
3.17273e-10	0.000344393
3.17326e-10	0.000344304
3.17379e-10	0.000344214
3.17432e-10	0.000344124
3.17485e-10	0.000344035
3.17538e-10	0.000343944
3.17591e-10	0.000343854
3.17644e-10	0.000343763
3.17697e-10	0.000343672
3.1775e-10	0.000343581
3.17803e-10	0.000343489
3.17856e-10	0.000343397
3.17909e-10	0.000343305
3.17962e-10	0.000343213
3.18015e-10	0.00034312
3.18068e-10	0.000343027
3.18121e-10	0.000342934
3.18174e-10	0.00034284
