0	0
4.15264e-14	0.00063925
8.30529e-14	0.0012785
1.24579e-13	0.00191775
1.66106e-13	0.002557
2.07632e-13	0.00319624
2.49159e-13	0.00383549
2.90685e-13	0.00447473
3.32211e-13	0.00511398
3.73738e-13	0.00575322
4.15264e-13	0.00639245
4.56791e-13	0.00703169
4.98317e-13	0.00767092
5.39844e-13	0.00831015
5.8137e-13	0.00894938
6.22896e-13	0.0095886
6.64423e-13	0.0102278
7.05949e-13	0.010867
7.47476e-13	0.0115062
7.89002e-13	0.0121454
8.30529e-13	0.0127846
8.72055e-13	0.0134238
9.13581e-13	0.014063
9.55108e-13	0.0147022
9.96634e-13	0.0153414
1.03816e-12	0.0159806
1.07969e-12	0.0166197
1.12121e-12	0.0172589
1.16274e-12	0.017898
1.20427e-12	0.0185372
1.24579e-12	0.0191763
1.28732e-12	0.0198154
1.32885e-12	0.0204546
1.37037e-12	0.0210937
1.4119e-12	0.0217328
1.45342e-12	0.0223719
1.49495e-12	0.023011
1.53648e-12	0.02365
1.578e-12	0.0242891
1.61953e-12	0.0249282
1.66106e-12	0.0255672
1.70258e-12	0.0262062
1.74411e-12	0.0268453
1.78564e-12	0.0274843
1.82716e-12	0.0281233
1.86869e-12	0.0287623
1.91022e-12	0.0294012
1.95174e-12	0.0300402
1.99327e-12	0.0306792
2.03479e-12	0.0313181
2.07632e-12	0.031957
2.11785e-12	0.032596
2.15937e-12	0.0332349
2.2009e-12	0.0338738
2.24243e-12	0.0345126
2.28395e-12	0.0351515
2.32548e-12	0.0357903
2.36701e-12	0.0364292
2.40853e-12	0.037068
2.45006e-12	0.0377068
2.49159e-12	0.0383456
2.53311e-12	0.0389844
2.57464e-12	0.0396231
2.61616e-12	0.0402618
2.65769e-12	0.0409006
2.69922e-12	0.0415393
2.74074e-12	0.042178
2.78227e-12	0.0428166
2.8238e-12	0.0434553
2.86532e-12	0.0440939
2.90685e-12	0.0447325
2.94838e-12	0.0453711
2.9899e-12	0.0460097
3.03143e-12	0.0466483
3.07296e-12	0.0472868
3.11448e-12	0.0479254
3.15601e-12	0.0485639
3.19753e-12	0.0492024
3.23906e-12	0.0498408
3.28059e-12	0.0504793
3.32211e-12	0.0511177
3.36364e-12	0.0517561
3.40517e-12	0.0523945
3.44669e-12	0.0530328
3.48822e-12	0.0536712
3.52975e-12	0.0543095
3.57127e-12	0.0549478
3.6128e-12	0.0555861
3.65433e-12	0.0562243
3.69585e-12	0.0568625
3.73738e-12	0.0575007
3.7789e-12	0.0581389
3.82043e-12	0.0587771
3.86196e-12	0.0594152
3.90348e-12	0.0600533
3.94501e-12	0.0606914
3.98654e-12	0.0613295
4.02806e-12	0.0619675
4.06959e-12	0.0626055
4.11112e-12	0.0632435
4.15264e-12	0.0638814
4.19417e-12	0.0645194
4.2357e-12	0.0651573
4.27722e-12	0.0657952
4.31875e-12	0.066433
4.36027e-12	0.0670708
4.4018e-12	0.0677086
4.44333e-12	0.0683464
4.48485e-12	0.0689841
4.52638e-12	0.0696218
4.56791e-12	0.0702595
4.60943e-12	0.0708972
4.65096e-12	0.0715348
4.69249e-12	0.0721724
4.73401e-12	0.07281
4.77554e-12	0.0734475
4.81707e-12	0.074085
4.85859e-12	0.0747225
4.90012e-12	0.07536
4.94164e-12	0.0759974
4.98317e-12	0.0766348
5.0247e-12	0.0772721
5.06622e-12	0.0779094
5.10775e-12	0.0785467
5.14928e-12	0.079184
5.1908e-12	0.0798212
5.23233e-12	0.0804584
5.27386e-12	0.0810956
5.31538e-12	0.0817327
5.35691e-12	0.0823698
5.39844e-12	0.0830068
5.43996e-12	0.0836439
5.48149e-12	0.0842809
5.52301e-12	0.0849178
5.56454e-12	0.0855547
5.60607e-12	0.0861916
5.64759e-12	0.0868285
5.68912e-12	0.0874653
5.73065e-12	0.0881021
5.77217e-12	0.0887388
5.8137e-12	0.0893755
5.85523e-12	0.0900122
5.89675e-12	0.0906489
5.93828e-12	0.0912855
5.97981e-12	0.091922
6.02133e-12	0.0925585
6.06286e-12	0.093195
6.10438e-12	0.0938315
6.14591e-12	0.0944679
6.18744e-12	0.0951043
6.22896e-12	0.0957406
6.27049e-12	0.0963769
6.31202e-12	0.0970131
6.35354e-12	0.0976493
6.39507e-12	0.0982855
6.4366e-12	0.0989217
6.47812e-12	0.0995577
6.51965e-12	0.100194
6.56118e-12	0.10083
6.6027e-12	0.101466
6.64423e-12	0.102102
6.68575e-12	0.102738
6.72728e-12	0.103373
6.76881e-12	0.104009
6.81033e-12	0.104645
6.85186e-12	0.105281
6.89339e-12	0.105916
6.93491e-12	0.106552
6.97644e-12	0.107188
7.01797e-12	0.107823
7.05949e-12	0.108459
7.10102e-12	0.109094
7.14255e-12	0.10973
7.18407e-12	0.110365
7.2256e-12	0.111
7.26712e-12	0.111636
7.30865e-12	0.112271
7.35018e-12	0.112906
7.3917e-12	0.113541
7.43323e-12	0.114176
7.47476e-12	0.114811
7.51628e-12	0.115446
7.55781e-12	0.116081
7.59934e-12	0.116716
7.64086e-12	0.117351
7.68239e-12	0.117986
7.72392e-12	0.11862
7.76544e-12	0.119255
7.80697e-12	0.11989
7.84849e-12	0.120524
7.89002e-12	0.121159
7.93155e-12	0.121794
7.97307e-12	0.122428
8.0146e-12	0.123062
8.05613e-12	0.123697
8.09765e-12	0.124331
8.13918e-12	0.124965
8.18071e-12	0.1256
8.22223e-12	0.126234
8.26376e-12	0.126868
8.30529e-12	0.127502
8.34681e-12	0.128136
8.38834e-12	0.12877
8.42986e-12	0.129404
8.47139e-12	0.130038
8.51292e-12	0.130671
8.55444e-12	0.131305
8.59597e-12	0.131939
8.6375e-12	0.132573
8.67902e-12	0.133206
8.72055e-12	0.13384
8.76208e-12	0.134473
8.8036e-12	0.135106
8.84513e-12	0.13574
8.88666e-12	0.136373
8.92818e-12	0.137006
8.96971e-12	0.13764
9.01123e-12	0.138273
9.05276e-12	0.138906
9.09429e-12	0.139539
9.13581e-12	0.140172
9.17734e-12	0.140805
9.21887e-12	0.141438
9.26039e-12	0.14207
9.30192e-12	0.142703
9.34345e-12	0.143336
9.38497e-12	0.143968
9.4265e-12	0.144601
9.46803e-12	0.145233
9.50955e-12	0.145866
9.55108e-12	0.146498
9.5926e-12	0.147131
9.63413e-12	0.147763
9.67566e-12	0.148395
9.71718e-12	0.149027
9.75871e-12	0.149659
9.80024e-12	0.150291
9.84176e-12	0.150923
9.88329e-12	0.151555
9.92482e-12	0.152187
9.96634e-12	0.152819
1.00079e-11	0.15345
1.00494e-11	0.154082
1.00909e-11	0.154714
1.01324e-11	0.155345
1.0174e-11	0.155977
1.02155e-11	0.156608
1.0257e-11	0.157239
1.02986e-11	0.157871
1.03401e-11	0.158502
1.03816e-11	0.159133
1.04231e-11	0.159764
1.04647e-11	0.160395
1.05062e-11	0.161026
1.05477e-11	0.161657
1.05892e-11	0.162288
1.06308e-11	0.162918
1.06723e-11	0.163549
1.07138e-11	0.16418
1.07553e-11	0.16481
1.07969e-11	0.165441
1.08384e-11	0.166071
1.08799e-11	0.166702
1.09215e-11	0.167332
1.0963e-11	0.167962
1.10045e-11	0.168592
1.1046e-11	0.169222
1.10876e-11	0.169852
1.11291e-11	0.170482
1.11706e-11	0.171112
1.12121e-11	0.171742
1.12537e-11	0.172371
1.12952e-11	0.173001
1.13367e-11	0.173631
1.13782e-11	0.17426
1.14198e-11	0.17489
1.14613e-11	0.175519
1.15028e-11	0.176148
1.15443e-11	0.176777
1.15859e-11	0.177407
1.16274e-11	0.178036
1.16689e-11	0.178665
1.17105e-11	0.179294
1.1752e-11	0.179923
1.17935e-11	0.180551
1.1835e-11	0.18118
1.18766e-11	0.181809
1.19181e-11	0.182437
1.19596e-11	0.183066
1.20011e-11	0.183694
1.20427e-11	0.184322
1.20842e-11	0.184951
1.21257e-11	0.185579
1.21672e-11	0.186207
1.22088e-11	0.186835
1.22503e-11	0.187463
1.22918e-11	0.188091
1.23333e-11	0.188719
1.23749e-11	0.189346
1.24164e-11	0.189974
1.24579e-11	0.190602
1.24995e-11	0.191229
1.2541e-11	0.191856
1.25825e-11	0.192484
1.2624e-11	0.193111
1.26656e-11	0.193738
1.27071e-11	0.194365
1.27486e-11	0.194992
1.27901e-11	0.195619
1.28317e-11	0.196246
1.28732e-11	0.196873
1.29147e-11	0.1975
1.29562e-11	0.198126
1.29978e-11	0.198753
1.30393e-11	0.199379
1.30808e-11	0.200006
1.31224e-11	0.200632
1.31639e-11	0.201258
1.32054e-11	0.201884
1.32469e-11	0.20251
1.32885e-11	0.203136
1.333e-11	0.203762
1.33715e-11	0.204388
1.3413e-11	0.205014
1.34546e-11	0.205639
1.34961e-11	0.206265
1.35376e-11	0.20689
1.35791e-11	0.207516
1.36207e-11	0.208141
1.36622e-11	0.208766
1.37037e-11	0.209391
1.37452e-11	0.210016
1.37868e-11	0.210641
1.38283e-11	0.211266
1.38698e-11	0.211891
1.39114e-11	0.212516
1.39529e-11	0.21314
1.39944e-11	0.213765
1.40359e-11	0.214389
1.40775e-11	0.215013
1.4119e-11	0.215638
1.41605e-11	0.216262
1.4202e-11	0.216886
1.42436e-11	0.21751
1.42851e-11	0.218134
1.43266e-11	0.218758
1.43681e-11	0.219381
1.44097e-11	0.220005
1.44512e-11	0.220629
1.44927e-11	0.221252
1.45342e-11	0.221875
1.45758e-11	0.222499
1.46173e-11	0.223122
1.46588e-11	0.223745
1.47004e-11	0.224368
1.47419e-11	0.224991
1.47834e-11	0.225614
1.48249e-11	0.226236
1.48665e-11	0.226859
1.4908e-11	0.227482
1.49495e-11	0.228104
1.4991e-11	0.228726
1.50326e-11	0.229349
1.50741e-11	0.229971
1.51156e-11	0.230593
1.51571e-11	0.231215
1.51987e-11	0.231837
1.52402e-11	0.232458
1.52817e-11	0.23308
1.53233e-11	0.233702
1.53648e-11	0.234323
1.54063e-11	0.234945
1.54478e-11	0.235566
1.54894e-11	0.236187
1.55309e-11	0.236808
1.55724e-11	0.237429
1.56139e-11	0.23805
1.56555e-11	0.238671
1.5697e-11	0.239292
1.57385e-11	0.239912
1.578e-11	0.240533
1.58216e-11	0.241153
1.58631e-11	0.241774
1.59046e-11	0.242394
1.59461e-11	0.243014
1.59877e-11	0.243634
1.60292e-11	0.244254
1.60707e-11	0.244874
1.61123e-11	0.245494
1.61538e-11	0.246113
1.61953e-11	0.246733
1.62368e-11	0.247352
1.62784e-11	0.247972
1.63199e-11	0.248591
1.63614e-11	0.24921
1.64029e-11	0.249829
1.64445e-11	0.250448
1.6486e-11	0.251067
1.65275e-11	0.251685
1.6569e-11	0.252304
1.66106e-11	0.252923
1.66521e-11	0.253541
1.66936e-11	0.254159
1.67352e-11	0.254778
1.67767e-11	0.255396
1.68182e-11	0.256014
1.68597e-11	0.256632
1.69013e-11	0.257249
1.69428e-11	0.257867
1.69843e-11	0.258485
1.70258e-11	0.259102
1.70674e-11	0.259719
1.71089e-11	0.260337
1.71504e-11	0.260954
1.71919e-11	0.261571
1.72335e-11	0.262188
1.7275e-11	0.262805
1.73165e-11	0.263421
1.7358e-11	0.264038
1.73996e-11	0.264654
1.74411e-11	0.265271
1.74826e-11	0.265887
1.75242e-11	0.266503
1.75657e-11	0.267119
1.76072e-11	0.267735
1.76487e-11	0.268351
1.76903e-11	0.268967
1.77318e-11	0.269583
1.77733e-11	0.270198
1.78148e-11	0.270814
1.78564e-11	0.271429
1.78979e-11	0.272044
1.79394e-11	0.272659
1.79809e-11	0.273274
1.80225e-11	0.273889
1.8064e-11	0.274504
1.81055e-11	0.275118
1.8147e-11	0.275733
1.81886e-11	0.276347
1.82301e-11	0.276962
1.82716e-11	0.277576
1.83132e-11	0.27819
1.83547e-11	0.278804
1.83962e-11	0.279418
1.84377e-11	0.280031
1.84793e-11	0.280645
1.85208e-11	0.281259
1.85623e-11	0.281872
1.86038e-11	0.282485
1.86454e-11	0.283098
1.86869e-11	0.283711
1.87284e-11	0.284324
1.87699e-11	0.284937
1.88115e-11	0.28555
1.8853e-11	0.286162
1.88945e-11	0.286775
1.89361e-11	0.287387
1.89776e-11	0.287999
1.90191e-11	0.288612
1.90606e-11	0.289224
1.91022e-11	0.289835
1.91437e-11	0.290447
1.91852e-11	0.291059
1.92267e-11	0.29167
1.92683e-11	0.292282
1.93098e-11	0.292893
1.93513e-11	0.293504
1.93928e-11	0.294115
1.94344e-11	0.294726
1.94759e-11	0.295337
1.95174e-11	0.295948
1.95589e-11	0.296558
1.96005e-11	0.297169
1.9642e-11	0.297779
1.96835e-11	0.298389
1.97251e-11	0.298999
1.97666e-11	0.299609
1.98081e-11	0.300219
1.98496e-11	0.300829
1.98912e-11	0.301438
1.99327e-11	0.302048
1.99742e-11	0.302657
2.00157e-11	0.303266
2.00573e-11	0.303875
2.00988e-11	0.304484
2.01403e-11	0.305093
2.01818e-11	0.305702
2.02234e-11	0.30631
2.02649e-11	0.306919
2.03064e-11	0.307527
2.03479e-11	0.308135
2.03895e-11	0.308743
2.0431e-11	0.309351
2.04725e-11	0.309959
2.05141e-11	0.310567
2.05556e-11	0.311174
2.05971e-11	0.311782
2.06386e-11	0.312389
2.06802e-11	0.312996
2.07217e-11	0.313603
2.07632e-11	0.31421
2.08047e-11	0.314817
2.08463e-11	0.315424
2.08878e-11	0.31603
2.09293e-11	0.316637
2.09708e-11	0.317243
2.10124e-11	0.317849
2.10539e-11	0.318455
2.10954e-11	0.319061
2.1137e-11	0.319667
2.11785e-11	0.320273
2.122e-11	0.320878
2.12615e-11	0.321484
2.13031e-11	0.322089
2.13446e-11	0.322694
2.13861e-11	0.323299
2.14276e-11	0.323904
2.14692e-11	0.324509
2.15107e-11	0.325113
2.15522e-11	0.325718
2.15937e-11	0.326322
2.16353e-11	0.326926
2.16768e-11	0.32753
2.17183e-11	0.328134
2.17598e-11	0.328738
2.18014e-11	0.329342
2.18429e-11	0.329945
2.18844e-11	0.330548
2.1926e-11	0.331152
2.19675e-11	0.331755
2.2009e-11	0.332358
2.20505e-11	0.332961
2.20921e-11	0.333563
2.21336e-11	0.334166
2.21751e-11	0.334768
2.22166e-11	0.335371
2.22582e-11	0.335973
2.22997e-11	0.336575
2.23412e-11	0.337177
2.23827e-11	0.337778
2.24243e-11	0.33838
2.24658e-11	0.338982
2.25073e-11	0.339583
2.25489e-11	0.340184
2.25904e-11	0.340785
2.26319e-11	0.341386
2.26734e-11	0.341987
2.2715e-11	0.342587
2.27565e-11	0.343188
2.2798e-11	0.343788
2.28395e-11	0.344388
2.28811e-11	0.344989
2.29226e-11	0.345588
2.29641e-11	0.346188
2.30056e-11	0.346788
2.30472e-11	0.347387
2.30887e-11	0.347987
2.31302e-11	0.348586
2.31717e-11	0.349185
2.32133e-11	0.349784
2.32548e-11	0.350383
2.32963e-11	0.350982
2.33379e-11	0.35158
2.33794e-11	0.352178
2.34209e-11	0.352777
2.34624e-11	0.353375
2.3504e-11	0.353973
2.35455e-11	0.35457
2.3587e-11	0.355168
2.36285e-11	0.355766
2.36701e-11	0.356363
2.37116e-11	0.35696
2.37531e-11	0.357557
2.37946e-11	0.358154
2.38362e-11	0.358751
2.38777e-11	0.359347
2.39192e-11	0.359944
2.39607e-11	0.36054
2.40023e-11	0.361136
2.40438e-11	0.361733
2.40853e-11	0.362328
2.41269e-11	0.362924
2.41684e-11	0.36352
2.42099e-11	0.364115
2.42514e-11	0.36471
2.4293e-11	0.365306
2.43345e-11	0.365901
2.4376e-11	0.366495
2.44175e-11	0.36709
2.44591e-11	0.367685
2.45006e-11	0.368279
2.45421e-11	0.368873
2.45836e-11	0.369467
2.46252e-11	0.370061
2.46667e-11	0.370655
2.47082e-11	0.371249
2.47498e-11	0.371842
2.47913e-11	0.372436
2.48328e-11	0.373029
2.48743e-11	0.373622
2.49159e-11	0.374215
2.49574e-11	0.374807
2.49989e-11	0.3754
2.50404e-11	0.375992
2.5082e-11	0.376585
2.51235e-11	0.377177
2.5165e-11	0.377769
2.52065e-11	0.378361
2.52481e-11	0.378952
2.52896e-11	0.379544
2.53311e-11	0.380135
2.53726e-11	0.380726
2.54142e-11	0.381317
2.54557e-11	0.381908
2.54972e-11	0.382499
2.55388e-11	0.383089
2.55803e-11	0.38368
2.56218e-11	0.38427
2.56633e-11	0.38486
2.57049e-11	0.38545
2.57464e-11	0.38604
2.57879e-11	0.386629
2.58294e-11	0.387219
2.5871e-11	0.387808
2.59125e-11	0.388397
2.5954e-11	0.388986
2.59955e-11	0.389575
2.60371e-11	0.390164
2.60786e-11	0.390752
2.61201e-11	0.391341
2.61616e-11	0.391929
2.62032e-11	0.392517
2.62447e-11	0.393105
2.62862e-11	0.393693
2.63278e-11	0.39428
2.63693e-11	0.394867
2.64108e-11	0.395455
2.64523e-11	0.396042
2.64939e-11	0.396629
2.65354e-11	0.397215
2.65769e-11	0.397802
2.66184e-11	0.398388
2.666e-11	0.398975
2.67015e-11	0.399561
2.6743e-11	0.400147
2.67845e-11	0.400732
2.68261e-11	0.401318
2.68676e-11	0.401903
2.69091e-11	0.402489
2.69507e-11	0.403074
2.69922e-11	0.403659
2.70337e-11	0.404243
2.70752e-11	0.404828
2.71168e-11	0.405413
2.71583e-11	0.405997
2.71998e-11	0.406581
2.72413e-11	0.407165
2.72829e-11	0.407749
2.73244e-11	0.408332
2.73659e-11	0.408916
2.74074e-11	0.409499
2.7449e-11	0.410082
2.74905e-11	0.410665
2.7532e-11	0.411248
2.75735e-11	0.41183
2.76151e-11	0.412413
2.76566e-11	0.412995
2.76981e-11	0.413577
2.77397e-11	0.414159
2.77812e-11	0.414741
2.78227e-11	0.415323
2.78642e-11	0.415904
2.79058e-11	0.416485
2.79473e-11	0.417066
2.79888e-11	0.417647
2.80303e-11	0.418228
2.80719e-11	0.418808
2.81134e-11	0.419389
2.81549e-11	0.419969
2.81964e-11	0.420549
2.8238e-11	0.421129
2.82795e-11	0.421709
2.8321e-11	0.422288
2.83626e-11	0.422868
2.84041e-11	0.423447
2.84456e-11	0.424026
2.84871e-11	0.424605
2.85287e-11	0.425183
2.85702e-11	0.425762
2.86117e-11	0.42634
2.86532e-11	0.426918
2.86948e-11	0.427496
2.87363e-11	0.428074
2.87778e-11	0.428652
2.88193e-11	0.429229
2.88609e-11	0.429807
2.89024e-11	0.430384
2.89439e-11	0.430961
2.89854e-11	0.431537
2.9027e-11	0.432114
2.90685e-11	0.43269
2.911e-11	0.433267
2.91516e-11	0.433843
2.91931e-11	0.434418
2.92346e-11	0.434994
2.92761e-11	0.43557
2.93177e-11	0.436145
2.93592e-11	0.43672
2.94007e-11	0.437295
2.94422e-11	0.43787
2.94838e-11	0.438445
2.95253e-11	0.439019
2.95668e-11	0.439593
2.96083e-11	0.440167
2.96499e-11	0.440741
2.96914e-11	0.441315
2.97329e-11	0.441889
2.97744e-11	0.442462
2.9816e-11	0.443035
2.98575e-11	0.443608
2.9899e-11	0.444181
2.99406e-11	0.444753
2.99821e-11	0.445326
3.00236e-11	0.445898
3.00651e-11	0.44647
3.01067e-11	0.447042
3.01482e-11	0.447614
3.01897e-11	0.448186
3.02312e-11	0.448757
3.02728e-11	0.449328
3.03143e-11	0.449899
3.03558e-11	0.45047
3.03973e-11	0.45104
3.04389e-11	0.451611
3.04804e-11	0.452181
3.05219e-11	0.452751
3.05635e-11	0.453321
3.0605e-11	0.453891
3.06465e-11	0.45446
3.0688e-11	0.45503
3.07296e-11	0.455599
3.07711e-11	0.456168
3.08126e-11	0.456737
3.08541e-11	0.457305
3.08957e-11	0.457874
3.09372e-11	0.458442
3.09787e-11	0.45901
3.10202e-11	0.459578
3.10618e-11	0.460145
3.11033e-11	0.460713
3.11448e-11	0.46128
3.11863e-11	0.461847
3.12279e-11	0.462414
3.12694e-11	0.462981
3.13109e-11	0.463547
3.13525e-11	0.464114
3.1394e-11	0.46468
3.14355e-11	0.465246
3.1477e-11	0.465811
3.15186e-11	0.466377
3.15601e-11	0.466942
3.16016e-11	0.467507
3.16431e-11	0.468072
3.16847e-11	0.468637
3.17262e-11	0.469202
3.17677e-11	0.469766
3.18092e-11	0.470331
3.18508e-11	0.470895
3.18923e-11	0.471458
3.19338e-11	0.472022
3.19753e-11	0.472585
3.20169e-11	0.473149
3.20584e-11	0.473712
3.20999e-11	0.474275
3.21415e-11	0.474837
3.2183e-11	0.4754
3.22245e-11	0.475962
3.2266e-11	0.476524
3.23076e-11	0.477086
3.23491e-11	0.477648
3.23906e-11	0.478209
3.24321e-11	0.478771
3.24737e-11	0.479332
3.25152e-11	0.479893
3.25567e-11	0.480454
3.25982e-11	0.481014
3.26398e-11	0.481574
3.26813e-11	0.482135
3.27228e-11	0.482695
3.27644e-11	0.483254
3.28059e-11	0.483814
3.28474e-11	0.484373
3.28889e-11	0.484932
3.29305e-11	0.485491
3.2972e-11	0.48605
3.30135e-11	0.486609
3.3055e-11	0.487167
3.30966e-11	0.487725
3.31381e-11	0.488283
3.31796e-11	0.488841
3.32211e-11	0.489398
3.32627e-11	0.489956
3.33042e-11	0.490513
3.33457e-11	0.49107
3.33872e-11	0.491627
3.34288e-11	0.492183
3.34703e-11	0.49274
3.35118e-11	0.493296
3.35534e-11	0.493852
3.35949e-11	0.494407
3.36364e-11	0.494963
3.36779e-11	0.495518
3.37195e-11	0.496074
3.3761e-11	0.496628
3.38025e-11	0.497183
3.3844e-11	0.497738
3.38856e-11	0.498292
3.39271e-11	0.498846
3.39686e-11	0.4994
3.40101e-11	0.499954
3.40517e-11	0.500507
3.40932e-11	0.501061
3.41347e-11	0.501614
3.41763e-11	0.502167
3.42178e-11	0.502719
3.42593e-11	0.503272
3.43008e-11	0.503824
3.43424e-11	0.504376
3.43839e-11	0.504928
3.44254e-11	0.50548
3.44669e-11	0.506031
3.45085e-11	0.506583
3.455e-11	0.507134
3.45915e-11	0.507684
3.4633e-11	0.508235
3.46746e-11	0.508786
3.47161e-11	0.509336
3.47576e-11	0.509886
3.47991e-11	0.510436
3.48407e-11	0.510985
3.48822e-11	0.511535
3.49237e-11	0.512084
3.49653e-11	0.512633
3.50068e-11	0.513181
3.50483e-11	0.51373
3.50898e-11	0.514278
3.51314e-11	0.514826
3.51729e-11	0.515374
3.52144e-11	0.515922
3.52559e-11	0.51647
3.52975e-11	0.517017
3.5339e-11	0.517564
3.53805e-11	0.518111
3.5422e-11	0.518658
3.54636e-11	0.519204
3.55051e-11	0.51975
3.55466e-11	0.520296
3.55881e-11	0.520842
3.56297e-11	0.521388
3.56712e-11	0.521933
3.57127e-11	0.522478
3.57543e-11	0.523023
3.57958e-11	0.523568
3.58373e-11	0.524112
3.58788e-11	0.524657
3.59204e-11	0.525201
3.59619e-11	0.525745
3.60034e-11	0.526288
3.60449e-11	0.526832
3.60865e-11	0.527375
3.6128e-11	0.527918
3.61695e-11	0.528461
3.6211e-11	0.529003
3.62526e-11	0.529546
3.62941e-11	0.530088
3.63356e-11	0.53063
3.63772e-11	0.531172
3.64187e-11	0.531713
3.64602e-11	0.532254
3.65017e-11	0.532795
3.65433e-11	0.533336
3.65848e-11	0.533877
3.66263e-11	0.534417
3.66678e-11	0.534958
3.67094e-11	0.535497
3.67509e-11	0.536037
3.67924e-11	0.536577
3.68339e-11	0.537116
3.68755e-11	0.537655
3.6917e-11	0.538194
3.69585e-11	0.538733
3.7e-11	0.539271
3.70416e-11	0.539809
3.70831e-11	0.540347
3.71246e-11	0.540885
3.71662e-11	0.541423
3.72077e-11	0.54196
3.72492e-11	0.542497
3.72907e-11	0.543034
3.73323e-11	0.543571
3.73738e-11	0.544107
3.74153e-11	0.544644
3.74568e-11	0.545179
3.74984e-11	0.545715
3.75399e-11	0.546251
3.75814e-11	0.546786
3.76229e-11	0.547321
3.76645e-11	0.547856
3.7706e-11	0.548391
3.77475e-11	0.548925
3.7789e-11	0.54946
3.78306e-11	0.549994
3.78721e-11	0.550527
3.79136e-11	0.551061
3.79552e-11	0.551594
3.79967e-11	0.552127
3.80382e-11	0.55266
3.80797e-11	0.553193
3.81213e-11	0.553725
3.81628e-11	0.554257
3.82043e-11	0.554789
3.82458e-11	0.555321
3.82874e-11	0.555853
3.83289e-11	0.556384
3.83704e-11	0.556915
3.84119e-11	0.557446
3.84535e-11	0.557976
3.8495e-11	0.558507
3.85365e-11	0.559037
3.85781e-11	0.559567
3.86196e-11	0.560096
3.86611e-11	0.560626
3.87026e-11	0.561155
3.87442e-11	0.561684
3.87857e-11	0.562213
3.88272e-11	0.562741
3.88687e-11	0.56327
3.89103e-11	0.563798
3.89518e-11	0.564326
3.89933e-11	0.564853
3.90348e-11	0.565381
3.90764e-11	0.565908
3.91179e-11	0.566435
3.91594e-11	0.566961
3.92009e-11	0.567488
3.92425e-11	0.568014
3.9284e-11	0.56854
3.93255e-11	0.569066
3.93671e-11	0.569591
3.94086e-11	0.570117
3.94501e-11	0.570642
3.94916e-11	0.571167
3.95332e-11	0.571691
3.95747e-11	0.572216
3.96162e-11	0.57274
3.96577e-11	0.573264
3.96993e-11	0.573787
3.97408e-11	0.574311
3.97823e-11	0.574834
3.98238e-11	0.575357
3.98654e-11	0.57588
3.99069e-11	0.576402
3.99484e-11	0.576924
3.999e-11	0.577446
4.00315e-11	0.577968
4.0073e-11	0.57849
4.01145e-11	0.579011
4.01561e-11	0.579532
4.01976e-11	0.580053
4.02391e-11	0.580574
4.02806e-11	0.581094
4.03222e-11	0.581614
4.03637e-11	0.582134
4.04052e-11	0.582654
4.04467e-11	0.583173
4.04883e-11	0.583692
4.05298e-11	0.584211
4.05713e-11	0.58473
4.06128e-11	0.585248
4.06544e-11	0.585766
4.06959e-11	0.586284
4.07374e-11	0.586802
4.0779e-11	0.58732
4.08205e-11	0.587837
4.0862e-11	0.588354
4.09035e-11	0.588871
4.09451e-11	0.589387
4.09866e-11	0.589904
4.10281e-11	0.59042
4.10696e-11	0.590935
4.11112e-11	0.591451
4.11527e-11	0.591966
4.11942e-11	0.592481
4.12357e-11	0.592996
4.12773e-11	0.593511
4.13188e-11	0.594025
4.13603e-11	0.594539
4.14018e-11	0.595053
4.14434e-11	0.595567
4.14849e-11	0.59608
4.15264e-11	0.596593
4.1568e-11	0.597106
4.16095e-11	0.597619
4.1651e-11	0.598131
4.16925e-11	0.598644
4.17341e-11	0.599156
4.17756e-11	0.599667
4.18171e-11	0.600179
4.18586e-11	0.60069
4.19002e-11	0.601201
4.19417e-11	0.601712
4.19832e-11	0.602222
4.20247e-11	0.602732
4.20663e-11	0.603242
4.21078e-11	0.603752
4.21493e-11	0.604261
4.21909e-11	0.604771
4.22324e-11	0.60528
4.22739e-11	0.605788
4.23154e-11	0.606297
4.2357e-11	0.606805
4.23985e-11	0.607313
4.244e-11	0.607821
4.24815e-11	0.608328
4.25231e-11	0.608835
4.25646e-11	0.609342
4.26061e-11	0.609849
4.26476e-11	0.610356
4.26892e-11	0.610862
4.27307e-11	0.611368
4.27722e-11	0.611874
4.28137e-11	0.612379
4.28553e-11	0.612884
4.28968e-11	0.613389
4.29383e-11	0.613894
4.29799e-11	0.614399
4.30214e-11	0.614903
4.30629e-11	0.615407
4.31044e-11	0.615911
4.3146e-11	0.616414
4.31875e-11	0.616917
4.3229e-11	0.61742
4.32705e-11	0.617923
4.33121e-11	0.618425
4.33536e-11	0.618928
4.33951e-11	0.61943
4.34366e-11	0.619931
4.34782e-11	0.620433
4.35197e-11	0.620934
4.35612e-11	0.621435
4.36027e-11	0.621936
4.36443e-11	0.622436
4.36858e-11	0.622936
4.37273e-11	0.623436
4.37689e-11	0.623936
4.38104e-11	0.624435
4.38519e-11	0.624935
4.38934e-11	0.625433
4.3935e-11	0.625932
4.39765e-11	0.626431
4.4018e-11	0.626929
4.40595e-11	0.627427
4.41011e-11	0.627924
4.41426e-11	0.628422
4.41841e-11	0.628919
4.42256e-11	0.629416
4.42672e-11	0.629912
4.43087e-11	0.630409
4.43502e-11	0.630905
4.43918e-11	0.631401
4.44333e-11	0.631896
4.44748e-11	0.632391
4.45163e-11	0.632886
4.45579e-11	0.633381
4.45994e-11	0.633876
4.46409e-11	0.63437
4.46824e-11	0.634864
4.4724e-11	0.635358
4.47655e-11	0.635851
4.4807e-11	0.636345
4.48485e-11	0.636838
4.48901e-11	0.63733
4.49316e-11	0.637823
4.49731e-11	0.638315
4.50146e-11	0.638807
4.50562e-11	0.639299
4.50977e-11	0.63979
4.51392e-11	0.640281
4.51808e-11	0.640772
4.52223e-11	0.641263
4.52638e-11	0.641753
4.53053e-11	0.642243
4.53469e-11	0.642733
4.53884e-11	0.643223
4.54299e-11	0.643712
4.54714e-11	0.644201
4.5513e-11	0.64469
4.55545e-11	0.645178
4.5596e-11	0.645667
4.56375e-11	0.646155
4.56791e-11	0.646643
4.57206e-11	0.64713
4.57621e-11	0.647617
4.58037e-11	0.648104
4.58452e-11	0.648591
4.58867e-11	0.649077
4.59282e-11	0.649563
4.59698e-11	0.650049
4.60113e-11	0.650535
4.60528e-11	0.65102
4.60943e-11	0.651505
4.61359e-11	0.65199
4.61774e-11	0.652475
4.62189e-11	0.652959
4.62604e-11	0.653443
4.6302e-11	0.653927
4.63435e-11	0.65441
4.6385e-11	0.654894
4.64265e-11	0.655377
4.64681e-11	0.655859
4.65096e-11	0.656342
4.65511e-11	0.656824
4.65927e-11	0.657306
4.66342e-11	0.657787
4.66757e-11	0.658269
4.67172e-11	0.65875
4.67588e-11	0.659231
4.68003e-11	0.659711
4.68418e-11	0.660191
4.68833e-11	0.660671
4.69249e-11	0.661151
4.69664e-11	0.661631
4.70079e-11	0.66211
4.70494e-11	0.662589
4.7091e-11	0.663067
4.71325e-11	0.663546
4.7174e-11	0.664024
4.72155e-11	0.664502
4.72571e-11	0.664979
4.72986e-11	0.665457
4.73401e-11	0.665934
4.73817e-11	0.66641
4.74232e-11	0.666887
4.74647e-11	0.667363
4.75062e-11	0.667839
4.75478e-11	0.668315
4.75893e-11	0.66879
4.76308e-11	0.669265
4.76723e-11	0.66974
4.77139e-11	0.670215
4.77554e-11	0.670689
4.77969e-11	0.671163
4.78384e-11	0.671637
4.788e-11	0.67211
4.79215e-11	0.672583
4.7963e-11	0.673056
4.80046e-11	0.673529
4.80461e-11	0.674001
4.80876e-11	0.674473
4.81291e-11	0.674945
4.81707e-11	0.675417
4.82122e-11	0.675888
4.82537e-11	0.676359
4.82952e-11	0.67683
4.83368e-11	0.6773
4.83783e-11	0.67777
4.84198e-11	0.67824
4.84613e-11	0.67871
4.85029e-11	0.679179
4.85444e-11	0.679648
4.85859e-11	0.680117
4.86274e-11	0.680585
4.8669e-11	0.681054
4.87105e-11	0.681522
4.8752e-11	0.681989
4.87936e-11	0.682457
4.88351e-11	0.682924
4.88766e-11	0.683391
4.89181e-11	0.683857
4.89597e-11	0.684323
4.90012e-11	0.684789
4.90427e-11	0.685255
4.90842e-11	0.685721
4.91258e-11	0.686186
4.91673e-11	0.686651
4.92088e-11	0.687115
4.92503e-11	0.687579
4.92919e-11	0.688043
4.93334e-11	0.688507
4.93749e-11	0.688971
4.94164e-11	0.689434
4.9458e-11	0.689897
4.94995e-11	0.690359
4.9541e-11	0.690822
4.95826e-11	0.691284
4.96241e-11	0.691746
4.96656e-11	0.692207
4.97071e-11	0.692668
4.97487e-11	0.693129
4.97902e-11	0.69359
4.98317e-11	0.69405
4.98732e-11	0.69451
4.99148e-11	0.69497
4.99563e-11	0.69543
4.99978e-11	0.695889
5.00393e-11	0.696348
5.00809e-11	0.696806
5.01224e-11	0.697265
5.01639e-11	0.697723
5.02055e-11	0.69818
5.0247e-11	0.698638
5.02885e-11	0.699095
5.033e-11	0.699552
5.03716e-11	0.700009
5.04131e-11	0.700465
5.04546e-11	0.700921
5.04961e-11	0.701377
5.05377e-11	0.701833
5.05792e-11	0.702288
5.06207e-11	0.702743
5.06622e-11	0.703197
5.07038e-11	0.703652
5.07453e-11	0.704106
5.07868e-11	0.70456
5.08283e-11	0.705013
5.08699e-11	0.705466
5.09114e-11	0.705919
5.09529e-11	0.706372
5.09945e-11	0.706824
5.1036e-11	0.707276
5.10775e-11	0.707728
5.1119e-11	0.70818
5.11606e-11	0.708631
5.12021e-11	0.709082
5.12436e-11	0.709532
5.12851e-11	0.709983
5.13267e-11	0.710433
5.13682e-11	0.710882
5.14097e-11	0.711332
5.14512e-11	0.711781
5.14928e-11	0.71223
5.15343e-11	0.712678
5.15758e-11	0.713127
5.16174e-11	0.713575
5.16589e-11	0.714022
5.17004e-11	0.71447
5.17419e-11	0.714917
5.17835e-11	0.715364
5.1825e-11	0.71581
5.18665e-11	0.716256
5.1908e-11	0.716702
5.19496e-11	0.717148
5.19911e-11	0.717593
5.20326e-11	0.718038
5.20741e-11	0.718483
5.21157e-11	0.718928
5.21572e-11	0.719372
5.21987e-11	0.719816
5.22402e-11	0.720259
5.22818e-11	0.720703
5.23233e-11	0.721146
5.23648e-11	0.721588
5.24064e-11	0.722031
5.24479e-11	0.722473
5.24894e-11	0.722915
5.25309e-11	0.723356
5.25725e-11	0.723798
5.2614e-11	0.724238
5.26555e-11	0.724679
5.2697e-11	0.725119
5.27386e-11	0.72556
5.27801e-11	0.725999
5.28216e-11	0.726439
5.28631e-11	0.726878
5.29047e-11	0.727317
5.29462e-11	0.727755
5.29877e-11	0.728194
5.30292e-11	0.728632
5.30708e-11	0.729069
5.31123e-11	0.729507
5.31538e-11	0.729944
5.31954e-11	0.730381
5.32369e-11	0.730817
5.32784e-11	0.731253
5.33199e-11	0.731689
5.33615e-11	0.732125
5.3403e-11	0.73256
5.34445e-11	0.732995
5.3486e-11	0.73343
5.35276e-11	0.733864
5.35691e-11	0.734298
5.36106e-11	0.734732
5.36521e-11	0.735165
5.36937e-11	0.735599
5.37352e-11	0.736031
5.37767e-11	0.736464
5.38183e-11	0.736896
5.38598e-11	0.737328
5.39013e-11	0.73776
5.39428e-11	0.738191
5.39844e-11	0.738622
5.40259e-11	0.739053
5.40674e-11	0.739484
5.41089e-11	0.739914
5.41505e-11	0.740344
5.4192e-11	0.740773
5.42335e-11	0.741203
5.4275e-11	0.741632
5.43166e-11	0.74206
5.43581e-11	0.742489
5.43996e-11	0.742917
5.44411e-11	0.743344
5.44827e-11	0.743772
5.45242e-11	0.744199
5.45657e-11	0.744626
5.46073e-11	0.745052
5.46488e-11	0.745479
5.46903e-11	0.745905
5.47318e-11	0.74633
5.47734e-11	0.746755
5.48149e-11	0.74718
5.48564e-11	0.747605
5.48979e-11	0.74803
5.49395e-11	0.748454
5.4981e-11	0.748877
5.50225e-11	0.749301
5.5064e-11	0.749724
5.51056e-11	0.750147
5.51471e-11	0.75057
5.51886e-11	0.750992
5.52301e-11	0.751414
5.52717e-11	0.751835
5.53132e-11	0.752257
5.53547e-11	0.752678
5.53963e-11	0.753098
5.54378e-11	0.753519
5.54793e-11	0.753939
5.55208e-11	0.754359
5.55624e-11	0.754778
5.56039e-11	0.755197
5.56454e-11	0.755616
5.56869e-11	0.756035
5.57285e-11	0.756453
5.577e-11	0.756871
5.58115e-11	0.757289
5.5853e-11	0.757706
5.58946e-11	0.758123
5.59361e-11	0.75854
5.59776e-11	0.758956
5.60192e-11	0.759372
5.60607e-11	0.759788
5.61022e-11	0.760204
5.61437e-11	0.760619
5.61853e-11	0.761034
5.62268e-11	0.761448
5.62683e-11	0.761862
5.63098e-11	0.762276
5.63514e-11	0.76269
5.63929e-11	0.763103
5.64344e-11	0.763516
5.64759e-11	0.763929
5.65175e-11	0.764341
5.6559e-11	0.764753
5.66005e-11	0.765165
5.6642e-11	0.765576
5.66836e-11	0.765987
5.67251e-11	0.766398
5.67666e-11	0.766809
5.68082e-11	0.767219
5.68497e-11	0.767629
5.68912e-11	0.768038
5.69327e-11	0.768447
5.69743e-11	0.768856
5.70158e-11	0.769265
5.70573e-11	0.769673
5.70988e-11	0.770081
5.71404e-11	0.770489
5.71819e-11	0.770896
5.72234e-11	0.771303
5.72649e-11	0.77171
5.73065e-11	0.772116
5.7348e-11	0.772522
5.73895e-11	0.772928
5.74311e-11	0.773333
5.74726e-11	0.773739
5.75141e-11	0.774143
5.75556e-11	0.774548
5.75972e-11	0.774952
5.76387e-11	0.775356
5.76802e-11	0.77576
5.77217e-11	0.776163
5.77633e-11	0.776566
5.78048e-11	0.776968
5.78463e-11	0.777371
5.78878e-11	0.777772
5.79294e-11	0.778174
5.79709e-11	0.778575
5.80124e-11	0.778976
5.80539e-11	0.779377
5.80955e-11	0.779777
5.8137e-11	0.780178
5.81785e-11	0.780577
5.82201e-11	0.780977
5.82616e-11	0.781376
5.83031e-11	0.781775
5.83446e-11	0.782173
5.83862e-11	0.782571
5.84277e-11	0.782969
5.84692e-11	0.783366
5.85107e-11	0.783764
5.85523e-11	0.78416
5.85938e-11	0.784557
5.86353e-11	0.784953
5.86768e-11	0.785349
5.87184e-11	0.785745
5.87599e-11	0.78614
5.88014e-11	0.786535
5.88429e-11	0.786929
5.88845e-11	0.787324
5.8926e-11	0.787718
5.89675e-11	0.788111
5.90091e-11	0.788505
5.90506e-11	0.788898
5.90921e-11	0.78929
5.91336e-11	0.789683
5.91752e-11	0.790075
5.92167e-11	0.790466
5.92582e-11	0.790858
5.92997e-11	0.791249
5.93413e-11	0.79164
5.93828e-11	0.79203
5.94243e-11	0.79242
5.94658e-11	0.79281
5.95074e-11	0.793199
5.95489e-11	0.793588
5.95904e-11	0.793977
5.9632e-11	0.794366
5.96735e-11	0.794754
5.9715e-11	0.795142
5.97565e-11	0.795529
5.97981e-11	0.795916
5.98396e-11	0.796303
5.98811e-11	0.79669
5.99226e-11	0.797076
5.99642e-11	0.797462
6.00057e-11	0.797847
6.00472e-11	0.798232
6.00887e-11	0.798617
6.01303e-11	0.799002
6.01718e-11	0.799386
6.02133e-11	0.79977
6.02548e-11	0.800154
6.02964e-11	0.800537
6.03379e-11	0.80092
6.03794e-11	0.801302
6.0421e-11	0.801685
6.04625e-11	0.802067
6.0504e-11	0.802448
6.05455e-11	0.80283
6.05871e-11	0.80321
6.06286e-11	0.803591
6.06701e-11	0.803971
6.07116e-11	0.804351
6.07532e-11	0.804731
6.07947e-11	0.80511
6.08362e-11	0.805489
6.08777e-11	0.805868
6.09193e-11	0.806246
6.09608e-11	0.806624
6.10023e-11	0.807002
6.10438e-11	0.807379
6.10854e-11	0.807756
6.11269e-11	0.808133
6.11684e-11	0.808509
6.121e-11	0.808885
6.12515e-11	0.809261
6.1293e-11	0.809637
6.13345e-11	0.810012
6.13761e-11	0.810386
6.14176e-11	0.810761
6.14591e-11	0.811135
6.15006e-11	0.811508
6.15422e-11	0.811882
6.15837e-11	0.812255
6.16252e-11	0.812627
6.16667e-11	0.813
6.17083e-11	0.813372
6.17498e-11	0.813744
6.17913e-11	0.814115
6.18329e-11	0.814486
6.18744e-11	0.814857
6.19159e-11	0.815227
6.19574e-11	0.815597
6.1999e-11	0.815967
6.20405e-11	0.816336
6.2082e-11	0.816705
6.21235e-11	0.817074
6.21651e-11	0.817442
6.22066e-11	0.81781
6.22481e-11	0.818178
6.22896e-11	0.818546
6.23312e-11	0.818913
6.23727e-11	0.819279
6.24142e-11	0.819646
6.24557e-11	0.820012
6.24973e-11	0.820377
6.25388e-11	0.820743
6.25803e-11	0.821108
6.26219e-11	0.821473
6.26634e-11	0.821837
6.27049e-11	0.822201
6.27464e-11	0.822565
6.2788e-11	0.822928
6.28295e-11	0.823291
6.2871e-11	0.823654
6.29125e-11	0.824016
6.29541e-11	0.824378
6.29956e-11	0.82474
6.30371e-11	0.825101
6.30786e-11	0.825462
6.31202e-11	0.825823
6.31617e-11	0.826183
6.32032e-11	0.826543
6.32448e-11	0.826903
6.32863e-11	0.827262
6.33278e-11	0.827621
6.33693e-11	0.82798
6.34109e-11	0.828338
6.34524e-11	0.828696
6.34939e-11	0.829053
6.35354e-11	0.829411
6.3577e-11	0.829768
6.36185e-11	0.830124
6.366e-11	0.830481
6.37015e-11	0.830836
6.37431e-11	0.831192
6.37846e-11	0.831547
6.38261e-11	0.831902
6.38676e-11	0.832257
6.39092e-11	0.832611
6.39507e-11	0.832965
6.39922e-11	0.833318
6.40338e-11	0.833672
6.40753e-11	0.834024
6.41168e-11	0.834377
6.41583e-11	0.834729
6.41999e-11	0.835081
6.42414e-11	0.835433
6.42829e-11	0.835784
6.43244e-11	0.836134
6.4366e-11	0.836485
6.44075e-11	0.836835
6.4449e-11	0.837185
6.44905e-11	0.837534
6.45321e-11	0.837883
6.45736e-11	0.838232
6.46151e-11	0.838581
6.46566e-11	0.838929
6.46982e-11	0.839276
6.47397e-11	0.839624
6.47812e-11	0.839971
6.48228e-11	0.840318
6.48643e-11	0.840664
6.49058e-11	0.84101
6.49473e-11	0.841356
6.49889e-11	0.841701
6.50304e-11	0.842046
6.50719e-11	0.842391
6.51134e-11	0.842735
6.5155e-11	0.843079
6.51965e-11	0.843422
6.5238e-11	0.843766
6.52795e-11	0.844109
6.53211e-11	0.844451
6.53626e-11	0.844793
6.54041e-11	0.845135
6.54457e-11	0.845477
6.54872e-11	0.845818
6.55287e-11	0.846159
6.55702e-11	0.846499
6.56118e-11	0.84684
6.56533e-11	0.847179
6.56948e-11	0.847519
6.57363e-11	0.847858
6.57779e-11	0.848197
6.58194e-11	0.848535
6.58609e-11	0.848873
6.59024e-11	0.849211
6.5944e-11	0.849548
6.59855e-11	0.849885
6.6027e-11	0.850222
6.60685e-11	0.850558
6.61101e-11	0.850894
6.61516e-11	0.85123
6.61931e-11	0.851565
6.62347e-11	0.8519
6.62762e-11	0.852235
6.63177e-11	0.852569
6.63592e-11	0.852903
6.64008e-11	0.853237
6.64423e-11	0.85357
6.64838e-11	0.853903
6.65253e-11	0.854235
6.65669e-11	0.854567
6.66084e-11	0.854899
6.66499e-11	0.855231
6.66914e-11	0.855562
6.6733e-11	0.855893
6.67745e-11	0.856223
6.6816e-11	0.856553
6.68575e-11	0.856883
6.68991e-11	0.857212
6.69406e-11	0.857541
6.69821e-11	0.85787
6.70237e-11	0.858198
6.70652e-11	0.858526
6.71067e-11	0.858854
6.71482e-11	0.859181
6.71898e-11	0.859508
6.72313e-11	0.859834
6.72728e-11	0.860161
6.73143e-11	0.860486
6.73559e-11	0.860812
6.73974e-11	0.861137
6.74389e-11	0.861462
6.74804e-11	0.861786
6.7522e-11	0.86211
6.75635e-11	0.862434
6.7605e-11	0.862758
6.76466e-11	0.863081
6.76881e-11	0.863403
6.77296e-11	0.863726
6.77711e-11	0.864048
6.78127e-11	0.864369
6.78542e-11	0.864691
6.78957e-11	0.865012
6.79372e-11	0.865332
6.79788e-11	0.865652
6.80203e-11	0.865972
6.80618e-11	0.866292
6.81033e-11	0.866611
6.81449e-11	0.86693
6.81864e-11	0.867248
6.82279e-11	0.867566
6.82694e-11	0.867884
6.8311e-11	0.868201
6.83525e-11	0.868518
6.8394e-11	0.868835
6.84356e-11	0.869151
6.84771e-11	0.869467
6.85186e-11	0.869783
6.85601e-11	0.870098
6.86017e-11	0.870413
6.86432e-11	0.870727
6.86847e-11	0.871042
6.87262e-11	0.871356
6.87678e-11	0.871669
6.88093e-11	0.871982
6.88508e-11	0.872295
6.88923e-11	0.872607
6.89339e-11	0.872919
6.89754e-11	0.873231
6.90169e-11	0.873542
6.90585e-11	0.873853
6.91e-11	0.874164
6.91415e-11	0.874474
6.9183e-11	0.874784
6.92246e-11	0.875094
6.92661e-11	0.875403
6.93076e-11	0.875712
6.93491e-11	0.87602
6.93907e-11	0.876328
6.94322e-11	0.876636
6.94737e-11	0.876943
6.95152e-11	0.87725
6.95568e-11	0.877557
6.95983e-11	0.877863
6.96398e-11	0.878169
6.96813e-11	0.878475
6.97229e-11	0.87878
6.97644e-11	0.879085
6.98059e-11	0.87939
6.98475e-11	0.879694
6.9889e-11	0.879998
6.99305e-11	0.880301
6.9972e-11	0.880604
7.00136e-11	0.880907
7.00551e-11	0.881209
7.00966e-11	0.881511
7.01381e-11	0.881813
7.01797e-11	0.882114
7.02212e-11	0.882415
7.02627e-11	0.882716
7.03042e-11	0.883016
7.03458e-11	0.883316
7.03873e-11	0.883615
7.04288e-11	0.883914
7.04703e-11	0.884213
7.05119e-11	0.884512
7.05534e-11	0.88481
7.05949e-11	0.885107
7.06365e-11	0.885405
7.0678e-11	0.885702
7.07195e-11	0.885998
7.0761e-11	0.886294
7.08026e-11	0.88659
7.08441e-11	0.886886
7.08856e-11	0.887181
7.09271e-11	0.887476
7.09687e-11	0.88777
7.10102e-11	0.888064
7.10517e-11	0.888358
7.10932e-11	0.888651
7.11348e-11	0.888944
7.11763e-11	0.889237
7.12178e-11	0.889529
7.12594e-11	0.889821
7.13009e-11	0.890112
7.13424e-11	0.890404
7.13839e-11	0.890694
7.14255e-11	0.890985
7.1467e-11	0.891275
7.15085e-11	0.891564
7.155e-11	0.891854
7.15916e-11	0.892143
7.16331e-11	0.892431
7.16746e-11	0.89272
7.17161e-11	0.893008
7.17577e-11	0.893295
7.17992e-11	0.893582
7.18407e-11	0.893869
7.18822e-11	0.894155
7.19238e-11	0.894441
7.19653e-11	0.894727
7.20068e-11	0.895012
7.20484e-11	0.895297
7.20899e-11	0.895582
7.21314e-11	0.895866
7.21729e-11	0.89615
7.22145e-11	0.896433
7.2256e-11	0.896717
7.22975e-11	0.896999
7.2339e-11	0.897282
7.23806e-11	0.897564
7.24221e-11	0.897845
7.24636e-11	0.898127
7.25051e-11	0.898408
7.25467e-11	0.898688
7.25882e-11	0.898968
7.26297e-11	0.899248
7.26712e-11	0.899528
7.27128e-11	0.899807
7.27543e-11	0.900085
7.27958e-11	0.900364
7.28374e-11	0.900642
7.28789e-11	0.900919
7.29204e-11	0.901197
7.29619e-11	0.901473
7.30035e-11	0.90175
7.3045e-11	0.902026
7.30865e-11	0.902302
7.3128e-11	0.902577
7.31696e-11	0.902852
7.32111e-11	0.903127
7.32526e-11	0.903401
7.32941e-11	0.903675
7.33357e-11	0.903949
7.33772e-11	0.904222
7.34187e-11	0.904495
7.34603e-11	0.904767
7.35018e-11	0.905039
7.35433e-11	0.905311
7.35848e-11	0.905582
7.36264e-11	0.905853
7.36679e-11	0.906124
7.37094e-11	0.906394
7.37509e-11	0.906664
7.37925e-11	0.906933
7.3834e-11	0.907203
7.38755e-11	0.907471
7.3917e-11	0.90774
7.39586e-11	0.908008
7.40001e-11	0.908275
7.40416e-11	0.908543
7.40831e-11	0.908809
7.41247e-11	0.909076
7.41662e-11	0.909342
7.42077e-11	0.909608
7.42493e-11	0.909873
7.42908e-11	0.910138
7.43323e-11	0.910403
7.43738e-11	0.910667
7.44154e-11	0.910931
7.44569e-11	0.911195
7.44984e-11	0.911458
7.45399e-11	0.911721
7.45815e-11	0.911983
7.4623e-11	0.912245
7.46645e-11	0.912507
7.4706e-11	0.912768
7.47476e-11	0.913029
7.47891e-11	0.91329
7.48306e-11	0.91355
7.48722e-11	0.91381
7.49137e-11	0.914069
7.49552e-11	0.914328
7.49967e-11	0.914587
7.50383e-11	0.914845
7.50798e-11	0.915103
7.51213e-11	0.915361
7.51628e-11	0.915618
7.52044e-11	0.915875
7.52459e-11	0.916131
7.52874e-11	0.916387
7.53289e-11	0.916643
7.53705e-11	0.916898
7.5412e-11	0.917153
7.54535e-11	0.917408
7.5495e-11	0.917662
7.55366e-11	0.917916
7.55781e-11	0.918169
7.56196e-11	0.918422
7.56612e-11	0.918675
7.57027e-11	0.918927
7.57442e-11	0.919179
7.57857e-11	0.919431
7.58273e-11	0.919682
7.58688e-11	0.919933
7.59103e-11	0.920183
7.59518e-11	0.920433
7.59934e-11	0.920683
7.60349e-11	0.920932
7.60764e-11	0.921181
7.61179e-11	0.92143
7.61595e-11	0.921678
7.6201e-11	0.921926
7.62425e-11	0.922173
7.6284e-11	0.92242
7.63256e-11	0.922667
7.63671e-11	0.922913
7.64086e-11	0.923159
7.64502e-11	0.923405
7.64917e-11	0.92365
7.65332e-11	0.923895
7.65747e-11	0.924139
7.66163e-11	0.924383
7.66578e-11	0.924627
7.66993e-11	0.92487
7.67408e-11	0.925113
7.67824e-11	0.925356
7.68239e-11	0.925598
7.68654e-11	0.92584
7.69069e-11	0.926081
7.69485e-11	0.926322
7.699e-11	0.926563
7.70315e-11	0.926803
7.70731e-11	0.927043
7.71146e-11	0.927282
7.71561e-11	0.927521
7.71976e-11	0.92776
7.72392e-11	0.927998
7.72807e-11	0.928236
7.73222e-11	0.928474
7.73637e-11	0.928711
7.74053e-11	0.928948
7.74468e-11	0.929185
7.74883e-11	0.929421
7.75298e-11	0.929656
7.75714e-11	0.929892
7.76129e-11	0.930127
7.76544e-11	0.930361
7.76959e-11	0.930595
7.77375e-11	0.930829
7.7779e-11	0.931063
7.78205e-11	0.931296
7.78621e-11	0.931528
7.79036e-11	0.931761
7.79451e-11	0.931993
7.79866e-11	0.932224
7.80282e-11	0.932455
7.80697e-11	0.932686
7.81112e-11	0.932916
7.81527e-11	0.933146
7.81943e-11	0.933376
7.82358e-11	0.933605
7.82773e-11	0.933834
7.83188e-11	0.934063
7.83604e-11	0.934291
7.84019e-11	0.934518
7.84434e-11	0.934746
7.84849e-11	0.934973
7.85265e-11	0.935199
7.8568e-11	0.935425
7.86095e-11	0.935651
7.86511e-11	0.935877
7.86926e-11	0.936102
7.87341e-11	0.936326
7.87756e-11	0.936551
7.88172e-11	0.936774
7.88587e-11	0.936998
7.89002e-11	0.937221
7.89417e-11	0.937444
7.89833e-11	0.937666
7.90248e-11	0.937888
7.90663e-11	0.93811
7.91078e-11	0.938331
7.91494e-11	0.938552
7.91909e-11	0.938772
7.92324e-11	0.938992
7.9274e-11	0.939212
7.93155e-11	0.939431
7.9357e-11	0.93965
7.93985e-11	0.939869
7.94401e-11	0.940087
7.94816e-11	0.940305
7.95231e-11	0.940522
7.95646e-11	0.940739
7.96062e-11	0.940955
7.96477e-11	0.941172
7.96892e-11	0.941387
7.97307e-11	0.941603
7.97723e-11	0.941818
7.98138e-11	0.942033
7.98553e-11	0.942247
7.98968e-11	0.942461
7.99384e-11	0.942674
7.99799e-11	0.942888
8.00214e-11	0.9431
8.0063e-11	0.943313
8.01045e-11	0.943525
8.0146e-11	0.943736
8.01875e-11	0.943947
8.02291e-11	0.944158
8.02706e-11	0.944369
8.03121e-11	0.944579
8.03536e-11	0.944788
8.03952e-11	0.944998
8.04367e-11	0.945207
8.04782e-11	0.945415
8.05197e-11	0.945623
8.05613e-11	0.945831
8.06028e-11	0.946038
8.06443e-11	0.946245
8.06859e-11	0.946452
8.07274e-11	0.946658
8.07689e-11	0.946864
8.08104e-11	0.947069
8.0852e-11	0.947274
8.08935e-11	0.947479
8.0935e-11	0.947683
8.09765e-11	0.947887
8.10181e-11	0.94809
8.10596e-11	0.948294
8.11011e-11	0.948496
8.11426e-11	0.948699
8.11842e-11	0.9489
8.12257e-11	0.949102
8.12672e-11	0.949303
8.13087e-11	0.949504
8.13503e-11	0.949704
8.13918e-11	0.949904
8.14333e-11	0.950104
8.14749e-11	0.950303
8.15164e-11	0.950502
8.15579e-11	0.9507
8.15994e-11	0.950898
8.1641e-11	0.951096
8.16825e-11	0.951293
8.1724e-11	0.95149
8.17655e-11	0.951687
8.18071e-11	0.951883
8.18486e-11	0.952078
8.18901e-11	0.952274
8.19316e-11	0.952469
8.19732e-11	0.952663
8.20147e-11	0.952857
8.20562e-11	0.953051
8.20977e-11	0.953245
8.21393e-11	0.953438
8.21808e-11	0.95363
8.22223e-11	0.953822
8.22639e-11	0.954014
8.23054e-11	0.954206
8.23469e-11	0.954397
8.23884e-11	0.954587
8.243e-11	0.954778
8.24715e-11	0.954967
8.2513e-11	0.955157
8.25545e-11	0.955346
8.25961e-11	0.955535
8.26376e-11	0.955723
8.26791e-11	0.955911
8.27206e-11	0.956098
8.27622e-11	0.956286
8.28037e-11	0.956472
8.28452e-11	0.956659
8.28868e-11	0.956845
8.29283e-11	0.95703
8.29698e-11	0.957215
8.30113e-11	0.9574
8.30529e-11	0.957585
8.30944e-11	0.957769
8.31359e-11	0.957952
8.31774e-11	0.958135
8.3219e-11	0.958318
8.32605e-11	0.958501
8.3302e-11	0.958683
8.33435e-11	0.958864
8.33851e-11	0.959046
8.34266e-11	0.959226
8.34681e-11	0.959407
8.35096e-11	0.959587
8.35512e-11	0.959767
8.35927e-11	0.959946
8.36342e-11	0.960125
8.36758e-11	0.960303
8.37173e-11	0.960482
8.37588e-11	0.960659
8.38003e-11	0.960837
8.38419e-11	0.961014
8.38834e-11	0.96119
8.39249e-11	0.961366
8.39664e-11	0.961542
8.4008e-11	0.961718
8.40495e-11	0.961892
8.4091e-11	0.962067
8.41325e-11	0.962241
8.41741e-11	0.962415
8.42156e-11	0.962588
8.42571e-11	0.962762
8.42986e-11	0.962934
8.43402e-11	0.963106
8.43817e-11	0.963278
8.44232e-11	0.96345
8.44648e-11	0.963621
8.45063e-11	0.963791
8.45478e-11	0.963962
8.45893e-11	0.964132
8.46309e-11	0.964301
8.46724e-11	0.96447
8.47139e-11	0.964639
8.47554e-11	0.964807
8.4797e-11	0.964975
8.48385e-11	0.965142
8.488e-11	0.96531
8.49215e-11	0.965476
8.49631e-11	0.965643
8.50046e-11	0.965809
8.50461e-11	0.965974
8.50877e-11	0.966139
8.51292e-11	0.966304
8.51707e-11	0.966468
8.52122e-11	0.966632
8.52538e-11	0.966796
8.52953e-11	0.966959
8.53368e-11	0.967122
8.53783e-11	0.967284
8.54199e-11	0.967446
8.54614e-11	0.967608
8.55029e-11	0.967769
8.55444e-11	0.96793
8.5586e-11	0.96809
8.56275e-11	0.96825
8.5669e-11	0.96841
8.57105e-11	0.968569
8.57521e-11	0.968728
8.57936e-11	0.968886
8.58351e-11	0.969044
8.58767e-11	0.969202
8.59182e-11	0.969359
8.59597e-11	0.969516
8.60012e-11	0.969672
8.60428e-11	0.969828
8.60843e-11	0.969984
8.61258e-11	0.970139
8.61673e-11	0.970294
8.62089e-11	0.970448
8.62504e-11	0.970603
8.62919e-11	0.970756
8.63334e-11	0.970909
8.6375e-11	0.971062
8.64165e-11	0.971215
8.6458e-11	0.971367
8.64996e-11	0.971519
8.65411e-11	0.97167
8.65826e-11	0.971821
8.66241e-11	0.971971
8.66657e-11	0.972121
8.67072e-11	0.972271
8.67487e-11	0.97242
8.67902e-11	0.972569
8.68318e-11	0.972718
8.68733e-11	0.972866
8.69148e-11	0.973013
8.69563e-11	0.973161
8.69979e-11	0.973308
8.70394e-11	0.973454
8.70809e-11	0.9736
8.71224e-11	0.973746
8.7164e-11	0.973891
8.72055e-11	0.974036
8.7247e-11	0.974181
8.72886e-11	0.974325
8.73301e-11	0.974469
8.73716e-11	0.974612
8.74131e-11	0.974755
8.74547e-11	0.974897
8.74962e-11	0.97504
8.75377e-11	0.975181
8.75792e-11	0.975323
8.76208e-11	0.975464
8.76623e-11	0.975604
8.77038e-11	0.975744
8.77453e-11	0.975884
8.77869e-11	0.976023
8.78284e-11	0.976162
8.78699e-11	0.976301
8.79114e-11	0.976439
8.7953e-11	0.976577
8.79945e-11	0.976714
8.8036e-11	0.976851
8.80776e-11	0.976988
8.81191e-11	0.977124
8.81606e-11	0.977259
8.82021e-11	0.977395
8.82437e-11	0.97753
8.82852e-11	0.977664
8.83267e-11	0.977798
8.83682e-11	0.977932
8.84098e-11	0.978066
8.84513e-11	0.978199
8.84928e-11	0.978331
8.85343e-11	0.978463
8.85759e-11	0.978595
8.86174e-11	0.978726
8.86589e-11	0.978857
8.87005e-11	0.978988
8.8742e-11	0.979118
8.87835e-11	0.979248
8.8825e-11	0.979377
8.88666e-11	0.979506
8.89081e-11	0.979635
8.89496e-11	0.979763
8.89911e-11	0.979891
8.90327e-11	0.980018
8.90742e-11	0.980145
8.91157e-11	0.980271
8.91572e-11	0.980398
8.91988e-11	0.980523
8.92403e-11	0.980649
8.92818e-11	0.980774
8.93233e-11	0.980898
8.93649e-11	0.981022
8.94064e-11	0.981146
8.94479e-11	0.981269
8.94895e-11	0.981392
8.9531e-11	0.981515
8.95725e-11	0.981637
8.9614e-11	0.981759
8.96556e-11	0.98188
8.96971e-11	0.982001
8.97386e-11	0.982122
8.97801e-11	0.982242
8.98217e-11	0.982361
8.98632e-11	0.982481
8.99047e-11	0.9826
8.99462e-11	0.982718
8.99878e-11	0.982836
9.00293e-11	0.982954
9.00708e-11	0.983071
9.01123e-11	0.983188
9.01539e-11	0.983305
9.01954e-11	0.983421
9.02369e-11	0.983537
9.02785e-11	0.983652
9.032e-11	0.983767
9.03615e-11	0.983881
9.0403e-11	0.983996
9.04446e-11	0.984109
9.04861e-11	0.984223
9.05276e-11	0.984335
9.05691e-11	0.984448
9.06107e-11	0.98456
9.06522e-11	0.984672
9.06937e-11	0.984783
9.07352e-11	0.984894
9.07768e-11	0.985004
9.08183e-11	0.985115
9.08598e-11	0.985224
9.09014e-11	0.985334
9.09429e-11	0.985442
9.09844e-11	0.985551
9.10259e-11	0.985659
9.10675e-11	0.985767
9.1109e-11	0.985874
9.11505e-11	0.985981
9.1192e-11	0.986087
9.12336e-11	0.986193
9.12751e-11	0.986299
9.13166e-11	0.986404
9.13581e-11	0.986509
9.13997e-11	0.986614
9.14412e-11	0.986718
9.14827e-11	0.986821
9.15242e-11	0.986924
9.15658e-11	0.987027
9.16073e-11	0.98713
9.16488e-11	0.987232
9.16904e-11	0.987333
9.17319e-11	0.987435
9.17734e-11	0.987535
9.18149e-11	0.987636
9.18565e-11	0.987736
9.1898e-11	0.987835
9.19395e-11	0.987935
9.1981e-11	0.988033
9.20226e-11	0.988132
9.20641e-11	0.98823
9.21056e-11	0.988327
9.21471e-11	0.988425
9.21887e-11	0.988521
9.22302e-11	0.988618
9.22717e-11	0.988714
9.23133e-11	0.988809
9.23548e-11	0.988904
9.23963e-11	0.988999
9.24378e-11	0.989094
9.24794e-11	0.989187
9.25209e-11	0.989281
9.25624e-11	0.989374
9.26039e-11	0.989467
9.26455e-11	0.989559
9.2687e-11	0.989651
9.27285e-11	0.989743
9.277e-11	0.989834
9.28116e-11	0.989925
9.28531e-11	0.990015
9.28946e-11	0.990105
9.29361e-11	0.990194
9.29777e-11	0.990283
9.30192e-11	0.990372
9.30607e-11	0.99046
9.31023e-11	0.990548
9.31438e-11	0.990636
9.31853e-11	0.990723
9.32268e-11	0.99081
9.32684e-11	0.990896
9.33099e-11	0.990982
9.33514e-11	0.991067
9.33929e-11	0.991152
9.34345e-11	0.991237
9.3476e-11	0.991321
9.35175e-11	0.991405
9.3559e-11	0.991488
9.36006e-11	0.991571
9.36421e-11	0.991654
9.36836e-11	0.991736
9.37251e-11	0.991818
9.37667e-11	0.991899
9.38082e-11	0.99198
9.38497e-11	0.992061
9.38913e-11	0.992141
9.39328e-11	0.992221
9.39743e-11	0.9923
9.40158e-11	0.992379
9.40574e-11	0.992458
9.40989e-11	0.992536
9.41404e-11	0.992614
9.41819e-11	0.992691
9.42235e-11	0.992768
9.4265e-11	0.992845
9.43065e-11	0.992921
9.4348e-11	0.992996
9.43896e-11	0.993072
9.44311e-11	0.993147
9.44726e-11	0.993221
9.45142e-11	0.993295
9.45557e-11	0.993369
9.45972e-11	0.993442
9.46387e-11	0.993515
9.46803e-11	0.993588
9.47218e-11	0.99366
9.47633e-11	0.993731
9.48048e-11	0.993803
9.48464e-11	0.993873
9.48879e-11	0.993944
9.49294e-11	0.994014
9.49709e-11	0.994084
9.50125e-11	0.994153
9.5054e-11	0.994222
9.50955e-11	0.99429
9.5137e-11	0.994358
9.51786e-11	0.994426
9.52201e-11	0.994493
9.52616e-11	0.99456
9.53032e-11	0.994626
9.53447e-11	0.994692
9.53862e-11	0.994758
9.54277e-11	0.994823
9.54693e-11	0.994888
9.55108e-11	0.994952
9.55523e-11	0.995016
9.55938e-11	0.995079
9.56354e-11	0.995143
9.56769e-11	0.995205
9.57184e-11	0.995268
9.57599e-11	0.995329
9.58015e-11	0.995391
9.5843e-11	0.995452
9.58845e-11	0.995513
9.5926e-11	0.995573
9.59676e-11	0.995633
9.60091e-11	0.995692
9.60506e-11	0.995752
9.60922e-11	0.99581
9.61337e-11	0.995868
9.61752e-11	0.995926
9.62167e-11	0.995984
9.62583e-11	0.996041
9.62998e-11	0.996097
9.63413e-11	0.996154
9.63828e-11	0.996209
9.64244e-11	0.996265
9.64659e-11	0.99632
9.65074e-11	0.996374
9.65489e-11	0.996429
9.65905e-11	0.996482
9.6632e-11	0.996536
9.66735e-11	0.996589
9.67151e-11	0.996641
9.67566e-11	0.996693
9.67981e-11	0.996745
9.68396e-11	0.996796
9.68812e-11	0.996847
9.69227e-11	0.996898
9.69642e-11	0.996948
9.70057e-11	0.996998
9.70473e-11	0.997047
9.70888e-11	0.997096
9.71303e-11	0.997144
9.71718e-11	0.997192
9.72134e-11	0.99724
9.72549e-11	0.997287
9.72964e-11	0.997334
9.73379e-11	0.997381
9.73795e-11	0.997427
9.7421e-11	0.997472
9.74625e-11	0.997518
9.75041e-11	0.997562
9.75456e-11	0.997607
9.75871e-11	0.997651
9.76286e-11	0.997694
9.76702e-11	0.997737
9.77117e-11	0.99778
9.77532e-11	0.997823
9.77947e-11	0.997865
9.78363e-11	0.997906
9.78778e-11	0.997947
9.79193e-11	0.997988
9.79608e-11	0.998028
9.80024e-11	0.998068
9.80439e-11	0.998108
9.80854e-11	0.998147
9.8127e-11	0.998186
9.81685e-11	0.998224
9.821e-11	0.998262
9.82515e-11	0.998299
9.82931e-11	0.998336
9.83346e-11	0.998373
9.83761e-11	0.998409
9.84176e-11	0.998445
9.84592e-11	0.99848
9.85007e-11	0.998515
9.85422e-11	0.99855
9.85837e-11	0.998584
9.86253e-11	0.998618
9.86668e-11	0.998651
9.87083e-11	0.998684
9.87498e-11	0.998717
9.87914e-11	0.998749
9.88329e-11	0.998781
9.88744e-11	0.998812
9.8916e-11	0.998843
9.89575e-11	0.998874
9.8999e-11	0.998904
9.90405e-11	0.998934
9.90821e-11	0.998963
9.91236e-11	0.998992
9.91651e-11	0.99902
9.92066e-11	0.999048
9.92482e-11	0.999076
9.92897e-11	0.999103
9.93312e-11	0.99913
9.93727e-11	0.999157
9.94143e-11	0.999183
9.94558e-11	0.999208
9.94973e-11	0.999234
9.95388e-11	0.999258
9.95804e-11	0.999283
9.96219e-11	0.999307
9.96634e-11	0.99933
9.9705e-11	0.999354
9.97465e-11	0.999376
9.9788e-11	0.999399
9.98295e-11	0.999421
9.98711e-11	0.999442
9.99126e-11	0.999463
9.99541e-11	0.999484
9.99956e-11	0.999504
1.00037e-10	0.999524
1.00079e-10	0.999544
1.0012e-10	0.999563
1.00162e-10	0.999582
1.00203e-10	0.9996
1.00245e-10	0.999618
1.00286e-10	0.999635
1.00328e-10	0.999652
1.00369e-10	0.999669
1.00411e-10	0.999685
1.00452e-10	0.999701
1.00494e-10	0.999717
1.00535e-10	0.999732
1.00577e-10	0.999746
1.00619e-10	0.99976
1.0066e-10	0.999774
1.00702e-10	0.999788
1.00743e-10	0.999801
1.00785e-10	0.999813
1.00826e-10	0.999825
1.00868e-10	0.999837
1.00909e-10	0.999848
1.00951e-10	0.999859
1.00992e-10	0.99987
1.01034e-10	0.99988
1.01075e-10	0.99989
1.01117e-10	0.999899
1.01158e-10	0.999908
1.012e-10	0.999916
1.01241e-10	0.999924
1.01283e-10	0.999932
1.01324e-10	0.999939
1.01366e-10	0.999946
1.01408e-10	0.999952
1.01449e-10	0.999959
1.01491e-10	0.999964
1.01532e-10	0.999969
1.01574e-10	0.999974
1.01615e-10	0.999979
1.01657e-10	0.999983
1.01698e-10	0.999986
1.0174e-10	0.999989
1.01781e-10	0.999992
1.01823e-10	0.999994
1.01864e-10	0.999996
1.01906e-10	0.999998
1.01947e-10	0.999999
1.01989e-10	1
1.0203e-10	1
1.02072e-10	1
1.02113e-10	0.999999
1.02155e-10	0.999998
1.02197e-10	0.999997
1.02238e-10	0.999995
1.0228e-10	0.999993
1.02321e-10	0.999991
1.02363e-10	0.999988
1.02404e-10	0.999984
1.02446e-10	0.999981
1.02487e-10	0.999976
1.02529e-10	0.999972
1.0257e-10	0.999967
1.02612e-10	0.999961
1.02653e-10	0.999956
1.02695e-10	0.999949
1.02736e-10	0.999943
1.02778e-10	0.999936
1.02819e-10	0.999928
1.02861e-10	0.99992
1.02902e-10	0.999912
1.02944e-10	0.999903
1.02986e-10	0.999894
1.03027e-10	0.999885
1.03069e-10	0.999875
1.0311e-10	0.999865
1.03152e-10	0.999854
1.03193e-10	0.999843
1.03235e-10	0.999831
1.03276e-10	0.999819
1.03318e-10	0.999807
1.03359e-10	0.999794
1.03401e-10	0.999781
1.03442e-10	0.999767
1.03484e-10	0.999753
1.03525e-10	0.999739
1.03567e-10	0.999724
1.03608e-10	0.999709
1.0365e-10	0.999693
1.03691e-10	0.999677
1.03733e-10	0.999661
1.03775e-10	0.999644
1.03816e-10	0.999627
1.03858e-10	0.999609
1.03899e-10	0.999591
1.03941e-10	0.999572
1.03982e-10	0.999554
1.04024e-10	0.999534
1.04065e-10	0.999514
1.04107e-10	0.999494
1.04148e-10	0.999474
1.0419e-10	0.999453
1.04231e-10	0.999431
1.04273e-10	0.99941
1.04314e-10	0.999388
1.04356e-10	0.999365
1.04397e-10	0.999342
1.04439e-10	0.999319
1.0448e-10	0.999295
1.04522e-10	0.999271
1.04564e-10	0.999246
1.04605e-10	0.999221
1.04647e-10	0.999196
1.04688e-10	0.99917
1.0473e-10	0.999143
1.04771e-10	0.999117
1.04813e-10	0.99909
1.04854e-10	0.999062
1.04896e-10	0.999034
1.04937e-10	0.999006
1.04979e-10	0.998977
1.0502e-10	0.998948
1.05062e-10	0.998919
1.05103e-10	0.998889
1.05145e-10	0.998859
1.05186e-10	0.998828
1.05228e-10	0.998797
1.05269e-10	0.998765
1.05311e-10	0.998733
1.05353e-10	0.998701
1.05394e-10	0.998668
1.05436e-10	0.998635
1.05477e-10	0.998601
1.05519e-10	0.998567
1.0556e-10	0.998533
1.05602e-10	0.998498
1.05643e-10	0.998463
1.05685e-10	0.998427
1.05726e-10	0.998391
1.05768e-10	0.998355
1.05809e-10	0.998318
1.05851e-10	0.998281
1.05892e-10	0.998243
1.05934e-10	0.998205
1.05975e-10	0.998166
1.06017e-10	0.998127
1.06058e-10	0.998088
1.061e-10	0.998048
1.06142e-10	0.998008
1.06183e-10	0.997968
1.06225e-10	0.997927
1.06266e-10	0.997885
1.06308e-10	0.997844
1.06349e-10	0.997801
1.06391e-10	0.997759
1.06432e-10	0.997716
1.06474e-10	0.997673
1.06515e-10	0.997629
1.06557e-10	0.997585
1.06598e-10	0.99754
1.0664e-10	0.997495
1.06681e-10	0.99745
1.06723e-10	0.997404
1.06764e-10	0.997357
1.06806e-10	0.997311
1.06848e-10	0.997264
1.06889e-10	0.997216
1.06931e-10	0.997168
1.06972e-10	0.99712
1.07014e-10	0.997071
1.07055e-10	0.997022
1.07097e-10	0.996973
1.07138e-10	0.996923
1.0718e-10	0.996873
1.07221e-10	0.996822
1.07263e-10	0.996771
1.07304e-10	0.996719
1.07346e-10	0.996667
1.07387e-10	0.996615
1.07429e-10	0.996562
1.0747e-10	0.996509
1.07512e-10	0.996455
1.07553e-10	0.996401
1.07595e-10	0.996347
1.07637e-10	0.996292
1.07678e-10	0.996237
1.0772e-10	0.996182
1.07761e-10	0.996126
1.07803e-10	0.996069
1.07844e-10	0.996012
1.07886e-10	0.995955
1.07927e-10	0.995897
1.07969e-10	0.995839
1.0801e-10	0.995781
1.08052e-10	0.995722
1.08093e-10	0.995663
1.08135e-10	0.995603
1.08176e-10	0.995543
1.08218e-10	0.995483
1.08259e-10	0.995422
1.08301e-10	0.99536
1.08342e-10	0.995299
1.08384e-10	0.995236
1.08426e-10	0.995174
1.08467e-10	0.995111
1.08509e-10	0.995048
1.0855e-10	0.994984
1.08592e-10	0.99492
1.08633e-10	0.994855
1.08675e-10	0.99479
1.08716e-10	0.994725
1.08758e-10	0.994659
1.08799e-10	0.994593
1.08841e-10	0.994526
1.08882e-10	0.994459
1.08924e-10	0.994392
1.08965e-10	0.994324
1.09007e-10	0.994256
1.09048e-10	0.994187
1.0909e-10	0.994118
1.09131e-10	0.994049
1.09173e-10	0.993979
1.09215e-10	0.993909
1.09256e-10	0.993838
1.09298e-10	0.993767
1.09339e-10	0.993696
1.09381e-10	0.993624
1.09422e-10	0.993551
1.09464e-10	0.993479
1.09505e-10	0.993406
1.09547e-10	0.993332
1.09588e-10	0.993258
1.0963e-10	0.993184
1.09671e-10	0.993109
1.09713e-10	0.993034
1.09754e-10	0.992959
1.09796e-10	0.992883
1.09837e-10	0.992806
1.09879e-10	0.99273
1.0992e-10	0.992652
1.09962e-10	0.992575
1.10004e-10	0.992497
1.10045e-10	0.992419
1.10087e-10	0.99234
1.10128e-10	0.992261
1.1017e-10	0.992181
1.10211e-10	0.992101
1.10253e-10	0.992021
1.10294e-10	0.99194
1.10336e-10	0.991859
1.10377e-10	0.991777
1.10419e-10	0.991695
1.1046e-10	0.991613
1.10502e-10	0.99153
1.10543e-10	0.991447
1.10585e-10	0.991363
1.10626e-10	0.991279
1.10668e-10	0.991194
1.10709e-10	0.99111
1.10751e-10	0.991024
1.10793e-10	0.990939
1.10834e-10	0.990853
1.10876e-10	0.990766
1.10917e-10	0.990679
1.10959e-10	0.990592
1.11e-10	0.990504
1.11042e-10	0.990416
1.11083e-10	0.990328
1.11125e-10	0.990239
1.11166e-10	0.99015
1.11208e-10	0.99006
1.11249e-10	0.98997
1.11291e-10	0.989879
1.11332e-10	0.989788
1.11374e-10	0.989697
1.11415e-10	0.989605
1.11457e-10	0.989513
1.11498e-10	0.989421
1.1154e-10	0.989328
1.11582e-10	0.989234
1.11623e-10	0.989141
1.11665e-10	0.989046
1.11706e-10	0.988952
1.11748e-10	0.988857
1.11789e-10	0.988762
1.11831e-10	0.988666
1.11872e-10	0.98857
1.11914e-10	0.988473
1.11955e-10	0.988376
1.11997e-10	0.988279
1.12038e-10	0.988181
1.1208e-10	0.988083
1.12121e-10	0.987984
1.12163e-10	0.987885
1.12204e-10	0.987786
1.12246e-10	0.987686
1.12287e-10	0.987586
1.12329e-10	0.987485
1.12371e-10	0.987384
1.12412e-10	0.987283
1.12454e-10	0.987181
1.12495e-10	0.987078
1.12537e-10	0.986976
1.12578e-10	0.986873
1.1262e-10	0.986769
1.12661e-10	0.986666
1.12703e-10	0.986561
1.12744e-10	0.986457
1.12786e-10	0.986352
1.12827e-10	0.986246
1.12869e-10	0.98614
1.1291e-10	0.986034
1.12952e-10	0.985927
1.12993e-10	0.98582
1.13035e-10	0.985713
1.13076e-10	0.985605
1.13118e-10	0.985497
1.1316e-10	0.985388
1.13201e-10	0.985279
1.13243e-10	0.985169
1.13284e-10	0.98506
1.13326e-10	0.984949
1.13367e-10	0.984839
1.13409e-10	0.984728
1.1345e-10	0.984616
1.13492e-10	0.984504
1.13533e-10	0.984392
1.13575e-10	0.984279
1.13616e-10	0.984166
1.13658e-10	0.984052
1.13699e-10	0.983939
1.13741e-10	0.983824
1.13782e-10	0.98371
1.13824e-10	0.983594
1.13865e-10	0.983479
1.13907e-10	0.983363
1.13949e-10	0.983247
1.1399e-10	0.98313
1.14032e-10	0.983013
1.14073e-10	0.982895
1.14115e-10	0.982777
1.14156e-10	0.982659
1.14198e-10	0.98254
1.14239e-10	0.982421
1.14281e-10	0.982302
1.14322e-10	0.982182
1.14364e-10	0.982061
1.14405e-10	0.981941
1.14447e-10	0.981819
1.14488e-10	0.981698
1.1453e-10	0.981576
1.14571e-10	0.981454
1.14613e-10	0.981331
1.14654e-10	0.981208
1.14696e-10	0.981084
1.14738e-10	0.98096
1.14779e-10	0.980836
1.14821e-10	0.980711
1.14862e-10	0.980586
1.14904e-10	0.98046
1.14945e-10	0.980335
1.14987e-10	0.980208
1.15028e-10	0.980081
1.1507e-10	0.979954
1.15111e-10	0.979827
1.15153e-10	0.979699
1.15194e-10	0.97957
1.15236e-10	0.979442
1.15277e-10	0.979312
1.15319e-10	0.979183
1.1536e-10	0.979053
1.15402e-10	0.978923
1.15443e-10	0.978792
1.15485e-10	0.978661
1.15527e-10	0.978529
1.15568e-10	0.978397
1.1561e-10	0.978265
1.15651e-10	0.978132
1.15693e-10	0.977999
1.15734e-10	0.977865
1.15776e-10	0.977731
1.15817e-10	0.977597
1.15859e-10	0.977462
1.159e-10	0.977327
1.15942e-10	0.977192
1.15983e-10	0.977056
1.16025e-10	0.976919
1.16066e-10	0.976783
1.16108e-10	0.976645
1.16149e-10	0.976508
1.16191e-10	0.97637
1.16232e-10	0.976232
1.16274e-10	0.976093
1.16316e-10	0.975954
1.16357e-10	0.975814
1.16399e-10	0.975674
1.1644e-10	0.975534
1.16482e-10	0.975393
1.16523e-10	0.975252
1.16565e-10	0.97511
1.16606e-10	0.974969
1.16648e-10	0.974826
1.16689e-10	0.974683
1.16731e-10	0.97454
1.16772e-10	0.974397
1.16814e-10	0.974253
1.16855e-10	0.974109
1.16897e-10	0.973964
1.16938e-10	0.973819
1.1698e-10	0.973673
1.17021e-10	0.973527
1.17063e-10	0.973381
1.17105e-10	0.973234
1.17146e-10	0.973087
1.17188e-10	0.97294
1.17229e-10	0.972792
1.17271e-10	0.972643
1.17312e-10	0.972495
1.17354e-10	0.972346
1.17395e-10	0.972196
1.17437e-10	0.972046
1.17478e-10	0.971896
1.1752e-10	0.971745
1.17561e-10	0.971594
1.17603e-10	0.971443
1.17644e-10	0.971291
1.17686e-10	0.971139
1.17727e-10	0.970986
1.17769e-10	0.970833
1.1781e-10	0.970679
1.17852e-10	0.970526
1.17894e-10	0.970371
1.17935e-10	0.970217
1.17977e-10	0.970062
1.18018e-10	0.969906
1.1806e-10	0.96975
1.18101e-10	0.969594
1.18143e-10	0.969437
1.18184e-10	0.96928
1.18226e-10	0.969123
1.18267e-10	0.968965
1.18309e-10	0.968807
1.1835e-10	0.968648
1.18392e-10	0.968489
1.18433e-10	0.96833
1.18475e-10	0.96817
1.18516e-10	0.96801
1.18558e-10	0.967849
1.18599e-10	0.967688
1.18641e-10	0.967527
1.18683e-10	0.967365
1.18724e-10	0.967203
1.18766e-10	0.96704
1.18807e-10	0.966877
1.18849e-10	0.966714
1.1889e-10	0.96655
1.18932e-10	0.966386
1.18973e-10	0.966222
1.19015e-10	0.966057
1.19056e-10	0.965891
1.19098e-10	0.965726
1.19139e-10	0.965559
1.19181e-10	0.965393
1.19222e-10	0.965226
1.19264e-10	0.965059
1.19305e-10	0.964891
1.19347e-10	0.964723
1.19388e-10	0.964554
1.1943e-10	0.964386
1.19472e-10	0.964216
1.19513e-10	0.964047
1.19555e-10	0.963877
1.19596e-10	0.963706
1.19638e-10	0.963535
1.19679e-10	0.963364
1.19721e-10	0.963192
1.19762e-10	0.96302
1.19804e-10	0.962848
1.19845e-10	0.962675
1.19887e-10	0.962502
1.19928e-10	0.962328
1.1997e-10	0.962154
1.20011e-10	0.96198
1.20053e-10	0.961805
1.20094e-10	0.96163
1.20136e-10	0.961454
1.20177e-10	0.961278
1.20219e-10	0.961102
1.20261e-10	0.960925
1.20302e-10	0.960748
1.20344e-10	0.960571
1.20385e-10	0.960393
1.20427e-10	0.960214
1.20468e-10	0.960036
1.2051e-10	0.959856
1.20551e-10	0.959677
1.20593e-10	0.959497
1.20634e-10	0.959317
1.20676e-10	0.959136
1.20717e-10	0.958955
1.20759e-10	0.958774
1.208e-10	0.958592
1.20842e-10	0.958409
1.20883e-10	0.958227
1.20925e-10	0.958044
1.20966e-10	0.95786
1.21008e-10	0.957677
1.2105e-10	0.957492
1.21091e-10	0.957308
1.21133e-10	0.957123
1.21174e-10	0.956937
1.21216e-10	0.956752
1.21257e-10	0.956565
1.21299e-10	0.956379
1.2134e-10	0.956192
1.21382e-10	0.956005
1.21423e-10	0.955817
1.21465e-10	0.955629
1.21506e-10	0.95544
1.21548e-10	0.955251
1.21589e-10	0.955062
1.21631e-10	0.954873
1.21672e-10	0.954682
1.21714e-10	0.954492
1.21755e-10	0.954301
1.21797e-10	0.95411
1.21839e-10	0.953918
1.2188e-10	0.953726
1.21922e-10	0.953534
1.21963e-10	0.953341
1.22005e-10	0.953148
1.22046e-10	0.952954
1.22088e-10	0.95276
1.22129e-10	0.952566
1.22171e-10	0.952371
1.22212e-10	0.952176
1.22254e-10	0.951981
1.22295e-10	0.951785
1.22337e-10	0.951588
1.22378e-10	0.951392
1.2242e-10	0.951195
1.22461e-10	0.950997
1.22503e-10	0.950799
1.22544e-10	0.950601
1.22586e-10	0.950402
1.22628e-10	0.950203
1.22669e-10	0.950004
1.22711e-10	0.949804
1.22752e-10	0.949604
1.22794e-10	0.949404
1.22835e-10	0.949203
1.22877e-10	0.949001
1.22918e-10	0.9488
1.2296e-10	0.948597
1.23001e-10	0.948395
1.23043e-10	0.948192
1.23084e-10	0.947989
1.23126e-10	0.947785
1.23167e-10	0.947581
1.23209e-10	0.947377
1.2325e-10	0.947172
1.23292e-10	0.946967
1.23333e-10	0.946761
1.23375e-10	0.946555
1.23417e-10	0.946349
1.23458e-10	0.946142
1.235e-10	0.945935
1.23541e-10	0.945727
1.23583e-10	0.945519
1.23624e-10	0.945311
1.23666e-10	0.945102
1.23707e-10	0.944893
1.23749e-10	0.944684
1.2379e-10	0.944474
1.23832e-10	0.944264
1.23873e-10	0.944053
1.23915e-10	0.943842
1.23956e-10	0.94363
1.23998e-10	0.943419
1.24039e-10	0.943206
1.24081e-10	0.942994
1.24122e-10	0.942781
1.24164e-10	0.942568
1.24206e-10	0.942354
1.24247e-10	0.94214
1.24289e-10	0.941925
1.2433e-10	0.941711
1.24372e-10	0.941495
1.24413e-10	0.94128
1.24455e-10	0.941064
1.24496e-10	0.940847
1.24538e-10	0.94063
1.24579e-10	0.940413
1.24621e-10	0.940196
1.24662e-10	0.939978
1.24704e-10	0.939759
1.24745e-10	0.939541
1.24787e-10	0.939322
1.24828e-10	0.939102
1.2487e-10	0.938882
1.24911e-10	0.938662
1.24953e-10	0.938441
1.24995e-10	0.93822
1.25036e-10	0.937999
1.25078e-10	0.937777
1.25119e-10	0.937555
1.25161e-10	0.937333
1.25202e-10	0.93711
1.25244e-10	0.936886
1.25285e-10	0.936663
1.25327e-10	0.936439
1.25368e-10	0.936214
1.2541e-10	0.935989
1.25451e-10	0.935764
1.25493e-10	0.935538
1.25534e-10	0.935312
1.25576e-10	0.935086
1.25617e-10	0.934859
1.25659e-10	0.934632
1.257e-10	0.934405
1.25742e-10	0.934177
1.25784e-10	0.933948
1.25825e-10	0.93372
1.25867e-10	0.933491
1.25908e-10	0.933261
1.2595e-10	0.933031
1.25991e-10	0.932801
1.26033e-10	0.932571
1.26074e-10	0.93234
1.26116e-10	0.932108
1.26157e-10	0.931877
1.26199e-10	0.931645
1.2624e-10	0.931412
1.26282e-10	0.931179
1.26323e-10	0.930946
1.26365e-10	0.930712
1.26406e-10	0.930478
1.26448e-10	0.930244
1.2649e-10	0.930009
1.26531e-10	0.929774
1.26573e-10	0.929539
1.26614e-10	0.929303
1.26656e-10	0.929066
1.26697e-10	0.92883
1.26739e-10	0.928593
1.2678e-10	0.928355
1.26822e-10	0.928118
1.26863e-10	0.927879
1.26905e-10	0.927641
1.26946e-10	0.927402
1.26988e-10	0.927163
1.27029e-10	0.926923
1.27071e-10	0.926683
1.27112e-10	0.926442
1.27154e-10	0.926202
1.27195e-10	0.92596
1.27237e-10	0.925719
1.27279e-10	0.925477
1.2732e-10	0.925234
1.27362e-10	0.924992
1.27403e-10	0.924749
1.27445e-10	0.924505
1.27486e-10	0.924261
1.27528e-10	0.924017
1.27569e-10	0.923772
1.27611e-10	0.923527
1.27652e-10	0.923282
1.27694e-10	0.923036
1.27735e-10	0.92279
1.27777e-10	0.922544
1.27818e-10	0.922297
1.2786e-10	0.92205
1.27901e-10	0.921802
1.27943e-10	0.921554
1.27984e-10	0.921306
1.28026e-10	0.921057
1.28068e-10	0.920808
1.28109e-10	0.920558
1.28151e-10	0.920308
1.28192e-10	0.920058
1.28234e-10	0.919807
1.28275e-10	0.919556
1.28317e-10	0.919305
1.28358e-10	0.919053
1.284e-10	0.918801
1.28441e-10	0.918549
1.28483e-10	0.918296
1.28524e-10	0.918043
1.28566e-10	0.917789
1.28607e-10	0.917535
1.28649e-10	0.91728
1.2869e-10	0.917026
1.28732e-10	0.916771
1.28773e-10	0.916515
1.28815e-10	0.916259
1.28857e-10	0.916003
1.28898e-10	0.915746
1.2894e-10	0.915489
1.28981e-10	0.915232
1.29023e-10	0.914974
1.29064e-10	0.914716
1.29106e-10	0.914457
1.29147e-10	0.914199
1.29189e-10	0.913939
1.2923e-10	0.91368
1.29272e-10	0.91342
1.29313e-10	0.913159
1.29355e-10	0.912899
1.29396e-10	0.912638
1.29438e-10	0.912376
1.29479e-10	0.912114
1.29521e-10	0.911852
1.29562e-10	0.911589
1.29604e-10	0.911326
1.29646e-10	0.911063
1.29687e-10	0.910799
1.29729e-10	0.910535
1.2977e-10	0.910271
1.29812e-10	0.910006
1.29853e-10	0.909741
1.29895e-10	0.909475
1.29936e-10	0.909209
1.29978e-10	0.908943
1.30019e-10	0.908676
1.30061e-10	0.908409
1.30102e-10	0.908141
1.30144e-10	0.907874
1.30185e-10	0.907605
1.30227e-10	0.907337
1.30268e-10	0.907068
1.3031e-10	0.906799
1.30351e-10	0.906529
1.30393e-10	0.906259
1.30435e-10	0.905989
1.30476e-10	0.905718
1.30518e-10	0.905447
1.30559e-10	0.905175
1.30601e-10	0.904903
1.30642e-10	0.904631
1.30684e-10	0.904358
1.30725e-10	0.904085
1.30767e-10	0.903812
1.30808e-10	0.903538
1.3085e-10	0.903264
1.30891e-10	0.90299
1.30933e-10	0.902715
1.30974e-10	0.90244
1.31016e-10	0.902164
1.31057e-10	0.901888
1.31099e-10	0.901612
1.3114e-10	0.901335
1.31182e-10	0.901058
1.31224e-10	0.900781
1.31265e-10	0.900503
1.31307e-10	0.900225
1.31348e-10	0.899946
1.3139e-10	0.899667
1.31431e-10	0.899388
1.31473e-10	0.899108
1.31514e-10	0.898828
1.31556e-10	0.898548
1.31597e-10	0.898267
1.31639e-10	0.897986
1.3168e-10	0.897705
1.31722e-10	0.897423
1.31763e-10	0.897141
1.31805e-10	0.896858
1.31846e-10	0.896575
1.31888e-10	0.896292
1.31929e-10	0.896008
1.31971e-10	0.895724
1.32013e-10	0.89544
1.32054e-10	0.895155
1.32096e-10	0.89487
1.32137e-10	0.894584
1.32179e-10	0.894298
1.3222e-10	0.894012
1.32262e-10	0.893726
1.32303e-10	0.893439
1.32345e-10	0.893151
1.32386e-10	0.892864
1.32428e-10	0.892576
1.32469e-10	0.892287
1.32511e-10	0.891998
1.32552e-10	0.891709
1.32594e-10	0.89142
1.32635e-10	0.89113
1.32677e-10	0.89084
1.32718e-10	0.890549
1.3276e-10	0.890258
1.32802e-10	0.889967
1.32843e-10	0.889675
1.32885e-10	0.889383
1.32926e-10	0.88909
1.32968e-10	0.888798
1.33009e-10	0.888505
1.33051e-10	0.888211
1.33092e-10	0.887917
1.33134e-10	0.887623
1.33175e-10	0.887328
1.33217e-10	0.887033
1.33258e-10	0.886738
1.333e-10	0.886442
1.33341e-10	0.886146
1.33383e-10	0.88585
1.33424e-10	0.885553
1.33466e-10	0.885256
1.33507e-10	0.884959
1.33549e-10	0.884661
1.33591e-10	0.884362
1.33632e-10	0.884064
1.33674e-10	0.883765
1.33715e-10	0.883466
1.33757e-10	0.883166
1.33798e-10	0.882866
1.3384e-10	0.882565
1.33881e-10	0.882265
1.33923e-10	0.881964
1.33964e-10	0.881662
1.34006e-10	0.88136
1.34047e-10	0.881058
1.34089e-10	0.880756
1.3413e-10	0.880453
1.34172e-10	0.880149
1.34213e-10	0.879846
1.34255e-10	0.879542
1.34296e-10	0.879237
1.34338e-10	0.878933
1.3438e-10	0.878628
1.34421e-10	0.878322
1.34463e-10	0.878016
1.34504e-10	0.87771
1.34546e-10	0.877404
1.34587e-10	0.877097
1.34629e-10	0.87679
1.3467e-10	0.876482
1.34712e-10	0.876174
1.34753e-10	0.875866
1.34795e-10	0.875557
1.34836e-10	0.875248
1.34878e-10	0.874939
1.34919e-10	0.874629
1.34961e-10	0.874319
1.35002e-10	0.874009
1.35044e-10	0.873698
1.35085e-10	0.873387
1.35127e-10	0.873075
1.35169e-10	0.872763
1.3521e-10	0.872451
1.35252e-10	0.872139
1.35293e-10	0.871826
1.35335e-10	0.871512
1.35376e-10	0.871199
1.35418e-10	0.870885
1.35459e-10	0.87057
1.35501e-10	0.870256
1.35542e-10	0.86994
1.35584e-10	0.869625
1.35625e-10	0.869309
1.35667e-10	0.868993
1.35708e-10	0.868677
1.3575e-10	0.86836
1.35791e-10	0.868043
1.35833e-10	0.867725
1.35874e-10	0.867407
1.35916e-10	0.867089
1.35958e-10	0.86677
1.35999e-10	0.866451
1.36041e-10	0.866132
1.36082e-10	0.865812
1.36124e-10	0.865492
1.36165e-10	0.865172
1.36207e-10	0.864851
1.36248e-10	0.86453
1.3629e-10	0.864209
1.36331e-10	0.863887
1.36373e-10	0.863565
1.36414e-10	0.863242
1.36456e-10	0.862919
1.36497e-10	0.862596
1.36539e-10	0.862272
1.3658e-10	0.861948
1.36622e-10	0.861624
1.36663e-10	0.8613
1.36705e-10	0.860975
1.36747e-10	0.860649
1.36788e-10	0.860324
1.3683e-10	0.859998
1.36871e-10	0.859671
1.36913e-10	0.859344
1.36954e-10	0.859017
1.36996e-10	0.85869
1.37037e-10	0.858362
1.37079e-10	0.858034
1.3712e-10	0.857705
1.37162e-10	0.857377
1.37203e-10	0.857047
1.37245e-10	0.856718
1.37286e-10	0.856388
1.37328e-10	0.856058
1.37369e-10	0.855727
1.37411e-10	0.855396
1.37452e-10	0.855065
1.37494e-10	0.854733
1.37536e-10	0.854401
1.37577e-10	0.854069
1.37619e-10	0.853736
1.3766e-10	0.853403
1.37702e-10	0.85307
1.37743e-10	0.852736
1.37785e-10	0.852402
1.37826e-10	0.852068
1.37868e-10	0.851733
1.37909e-10	0.851398
1.37951e-10	0.851062
1.37992e-10	0.850726
1.38034e-10	0.85039
1.38075e-10	0.850054
1.38117e-10	0.849717
1.38158e-10	0.84938
1.382e-10	0.849042
1.38241e-10	0.848704
1.38283e-10	0.848366
1.38325e-10	0.848027
1.38366e-10	0.847688
1.38408e-10	0.847349
1.38449e-10	0.84701
1.38491e-10	0.84667
1.38532e-10	0.846329
1.38574e-10	0.845989
1.38615e-10	0.845648
1.38657e-10	0.845306
1.38698e-10	0.844964
1.3874e-10	0.844622
1.38781e-10	0.84428
1.38823e-10	0.843937
1.38864e-10	0.843594
1.38906e-10	0.843251
1.38947e-10	0.842907
1.38989e-10	0.842563
1.3903e-10	0.842218
1.39072e-10	0.841873
1.39114e-10	0.841528
1.39155e-10	0.841183
1.39197e-10	0.840837
1.39238e-10	0.840491
1.3928e-10	0.840144
1.39321e-10	0.839797
1.39363e-10	0.83945
1.39404e-10	0.839103
1.39446e-10	0.838755
1.39487e-10	0.838406
1.39529e-10	0.838058
1.3957e-10	0.837709
1.39612e-10	0.83736
1.39653e-10	0.83701
1.39695e-10	0.83666
1.39736e-10	0.83631
1.39778e-10	0.835959
1.39819e-10	0.835608
1.39861e-10	0.835257
1.39903e-10	0.834905
1.39944e-10	0.834553
1.39986e-10	0.834201
1.40027e-10	0.833848
1.40069e-10	0.833495
1.4011e-10	0.833142
1.40152e-10	0.832788
1.40193e-10	0.832434
1.40235e-10	0.83208
1.40276e-10	0.831725
1.40318e-10	0.83137
1.40359e-10	0.831014
1.40401e-10	0.830659
1.40442e-10	0.830302
1.40484e-10	0.829946
1.40525e-10	0.829589
1.40567e-10	0.829232
1.40608e-10	0.828875
1.4065e-10	0.828517
1.40692e-10	0.828159
1.40733e-10	0.8278
1.40775e-10	0.827442
1.40816e-10	0.827082
1.40858e-10	0.826723
1.40899e-10	0.826363
1.40941e-10	0.826003
1.40982e-10	0.825642
1.41024e-10	0.825282
1.41065e-10	0.82492
1.41107e-10	0.824559
1.41148e-10	0.824197
1.4119e-10	0.823835
1.41231e-10	0.823472
1.41273e-10	0.82311
1.41314e-10	0.822746
1.41356e-10	0.822383
1.41397e-10	0.822019
1.41439e-10	0.821655
1.41481e-10	0.82129
1.41522e-10	0.820925
1.41564e-10	0.82056
1.41605e-10	0.820195
1.41647e-10	0.819829
1.41688e-10	0.819463
1.4173e-10	0.819096
1.41771e-10	0.818729
1.41813e-10	0.818362
1.41854e-10	0.817994
1.41896e-10	0.817627
1.41937e-10	0.817258
1.41979e-10	0.81689
1.4202e-10	0.816521
1.42062e-10	0.816152
1.42103e-10	0.815782
1.42145e-10	0.815412
1.42186e-10	0.815042
1.42228e-10	0.814671
1.4227e-10	0.814301
1.42311e-10	0.813929
1.42353e-10	0.813558
1.42394e-10	0.813186
1.42436e-10	0.812814
1.42477e-10	0.812441
1.42519e-10	0.812068
1.4256e-10	0.811695
1.42602e-10	0.811322
1.42643e-10	0.810948
1.42685e-10	0.810573
1.42726e-10	0.810199
1.42768e-10	0.809824
1.42809e-10	0.809449
1.42851e-10	0.809073
1.42892e-10	0.808698
1.42934e-10	0.808321
1.42975e-10	0.807945
1.43017e-10	0.807568
1.43059e-10	0.807191
1.431e-10	0.806813
1.43142e-10	0.806435
1.43183e-10	0.806057
1.43225e-10	0.805679
1.43266e-10	0.8053
1.43308e-10	0.804921
1.43349e-10	0.804541
1.43391e-10	0.804161
1.43432e-10	0.803781
1.43474e-10	0.803401
1.43515e-10	0.80302
1.43557e-10	0.802639
1.43598e-10	0.802257
1.4364e-10	0.801876
1.43681e-10	0.801494
1.43723e-10	0.801111
1.43764e-10	0.800728
1.43806e-10	0.800345
1.43848e-10	0.799962
1.43889e-10	0.799578
1.43931e-10	0.799194
1.43972e-10	0.79881
1.44014e-10	0.798425
1.44055e-10	0.79804
1.44097e-10	0.797655
1.44138e-10	0.797269
1.4418e-10	0.796883
1.44221e-10	0.796496
1.44263e-10	0.79611
1.44304e-10	0.795723
1.44346e-10	0.795335
1.44387e-10	0.794948
1.44429e-10	0.79456
1.4447e-10	0.794171
1.44512e-10	0.793783
1.44553e-10	0.793394
1.44595e-10	0.793005
1.44637e-10	0.792615
1.44678e-10	0.792225
1.4472e-10	0.791835
1.44761e-10	0.791444
1.44803e-10	0.791053
1.44844e-10	0.790662
1.44886e-10	0.790271
1.44927e-10	0.789879
1.44969e-10	0.789487
1.4501e-10	0.789094
1.45052e-10	0.788701
1.45093e-10	0.788308
1.45135e-10	0.787915
1.45176e-10	0.787521
1.45218e-10	0.787127
1.45259e-10	0.786732
1.45301e-10	0.786337
1.45342e-10	0.785942
1.45384e-10	0.785547
1.45426e-10	0.785151
1.45467e-10	0.784755
1.45509e-10	0.784359
1.4555e-10	0.783962
1.45592e-10	0.783565
1.45633e-10	0.783168
1.45675e-10	0.78277
1.45716e-10	0.782372
1.45758e-10	0.781974
1.45799e-10	0.781575
1.45841e-10	0.781176
1.45882e-10	0.780777
1.45924e-10	0.780377
1.45965e-10	0.779978
1.46007e-10	0.779577
1.46048e-10	0.779177
1.4609e-10	0.778776
1.46132e-10	0.778375
1.46173e-10	0.777973
1.46215e-10	0.777572
1.46256e-10	0.777169
1.46298e-10	0.776767
1.46339e-10	0.776364
1.46381e-10	0.775961
1.46422e-10	0.775558
1.46464e-10	0.775154
1.46505e-10	0.77475
1.46547e-10	0.774346
1.46588e-10	0.773941
1.4663e-10	0.773536
1.46671e-10	0.773131
1.46713e-10	0.772725
1.46754e-10	0.772319
1.46796e-10	0.771913
1.46837e-10	0.771507
1.46879e-10	0.7711
1.46921e-10	0.770693
1.46962e-10	0.770285
1.47004e-10	0.769877
1.47045e-10	0.769469
1.47087e-10	0.769061
1.47128e-10	0.768652
1.4717e-10	0.768243
1.47211e-10	0.767833
1.47253e-10	0.767424
1.47294e-10	0.767014
1.47336e-10	0.766603
1.47377e-10	0.766193
1.47419e-10	0.765782
1.4746e-10	0.765371
1.47502e-10	0.764959
1.47543e-10	0.764547
1.47585e-10	0.764135
1.47626e-10	0.763722
1.47668e-10	0.76331
1.4771e-10	0.762896
1.47751e-10	0.762483
1.47793e-10	0.762069
1.47834e-10	0.761655
1.47876e-10	0.761241
1.47917e-10	0.760826
1.47959e-10	0.760411
1.48e-10	0.759996
1.48042e-10	0.75958
1.48083e-10	0.759164
1.48125e-10	0.758748
1.48166e-10	0.758331
1.48208e-10	0.757915
1.48249e-10	0.757497
1.48291e-10	0.75708
1.48332e-10	0.756662
1.48374e-10	0.756244
1.48415e-10	0.755826
1.48457e-10	0.755407
1.48499e-10	0.754988
1.4854e-10	0.754569
1.48582e-10	0.754149
1.48623e-10	0.753729
1.48665e-10	0.753309
1.48706e-10	0.752888
1.48748e-10	0.752467
1.48789e-10	0.752046
1.48831e-10	0.751625
1.48872e-10	0.751203
1.48914e-10	0.750781
1.48955e-10	0.750358
1.48997e-10	0.749936
1.49038e-10	0.749513
1.4908e-10	0.749089
1.49121e-10	0.748666
1.49163e-10	0.748242
1.49204e-10	0.747817
1.49246e-10	0.747393
1.49288e-10	0.746968
1.49329e-10	0.746543
1.49371e-10	0.746117
1.49412e-10	0.745692
1.49454e-10	0.745266
1.49495e-10	0.744839
1.49537e-10	0.744412
1.49578e-10	0.743985
1.4962e-10	0.743558
1.49661e-10	0.743131
1.49703e-10	0.742703
1.49744e-10	0.742274
1.49786e-10	0.741846
1.49827e-10	0.741417
1.49869e-10	0.740988
1.4991e-10	0.740559
1.49952e-10	0.740129
1.49993e-10	0.739699
1.50035e-10	0.739269
1.50077e-10	0.738838
1.50118e-10	0.738407
1.5016e-10	0.737976
1.50201e-10	0.737544
1.50243e-10	0.737112
1.50284e-10	0.73668
1.50326e-10	0.736248
1.50367e-10	0.735815
1.50409e-10	0.735382
1.5045e-10	0.734949
1.50492e-10	0.734515
1.50533e-10	0.734081
1.50575e-10	0.733647
1.50616e-10	0.733212
1.50658e-10	0.732777
1.50699e-10	0.732342
1.50741e-10	0.731907
1.50782e-10	0.731471
1.50824e-10	0.731035
1.50866e-10	0.730599
1.50907e-10	0.730162
1.50949e-10	0.729725
1.5099e-10	0.729288
1.51032e-10	0.72885
1.51073e-10	0.728413
1.51115e-10	0.727975
1.51156e-10	0.727536
1.51198e-10	0.727097
1.51239e-10	0.726658
1.51281e-10	0.726219
1.51322e-10	0.725779
1.51364e-10	0.72534
1.51405e-10	0.724899
1.51447e-10	0.724459
1.51488e-10	0.724018
1.5153e-10	0.723577
1.51571e-10	0.723136
1.51613e-10	0.722694
1.51655e-10	0.722252
1.51696e-10	0.72181
1.51738e-10	0.721367
1.51779e-10	0.720924
1.51821e-10	0.720481
1.51862e-10	0.720038
1.51904e-10	0.719594
1.51945e-10	0.71915
1.51987e-10	0.718705
1.52028e-10	0.718261
1.5207e-10	0.717816
1.52111e-10	0.717371
1.52153e-10	0.716925
1.52194e-10	0.716479
1.52236e-10	0.716033
1.52277e-10	0.715587
1.52319e-10	0.71514
1.5236e-10	0.714693
1.52402e-10	0.714246
1.52444e-10	0.713798
1.52485e-10	0.713351
1.52527e-10	0.712902
1.52568e-10	0.712454
1.5261e-10	0.712005
1.52651e-10	0.711556
1.52693e-10	0.711107
1.52734e-10	0.710657
1.52776e-10	0.710208
1.52817e-10	0.709757
1.52859e-10	0.709307
1.529e-10	0.708856
1.52942e-10	0.708405
1.52983e-10	0.707954
1.53025e-10	0.707502
1.53066e-10	0.70705
1.53108e-10	0.706598
1.53149e-10	0.706146
1.53191e-10	0.705693
1.53233e-10	0.70524
1.53274e-10	0.704786
1.53316e-10	0.704333
1.53357e-10	0.703879
1.53399e-10	0.703425
1.5344e-10	0.70297
1.53482e-10	0.702515
1.53523e-10	0.70206
1.53565e-10	0.701605
1.53606e-10	0.701149
1.53648e-10	0.700693
1.53689e-10	0.700237
1.53731e-10	0.699781
1.53772e-10	0.699324
1.53814e-10	0.698867
1.53855e-10	0.698409
1.53897e-10	0.697952
1.53938e-10	0.697494
1.5398e-10	0.697035
1.54022e-10	0.696577
1.54063e-10	0.696118
1.54105e-10	0.695659
1.54146e-10	0.6952
1.54188e-10	0.69474
1.54229e-10	0.69428
1.54271e-10	0.69382
1.54312e-10	0.693359
1.54354e-10	0.692899
1.54395e-10	0.692438
1.54437e-10	0.691976
1.54478e-10	0.691515
1.5452e-10	0.691053
1.54561e-10	0.690591
1.54603e-10	0.690128
1.54644e-10	0.689665
1.54686e-10	0.689202
1.54727e-10	0.688739
1.54769e-10	0.688275
1.54811e-10	0.687811
1.54852e-10	0.687347
1.54894e-10	0.686883
1.54935e-10	0.686418
1.54977e-10	0.685953
1.55018e-10	0.685488
1.5506e-10	0.685022
1.55101e-10	0.684556
1.55143e-10	0.68409
1.55184e-10	0.683624
1.55226e-10	0.683157
1.55267e-10	0.68269
1.55309e-10	0.682223
1.5535e-10	0.681755
1.55392e-10	0.681288
1.55433e-10	0.68082
1.55475e-10	0.680351
1.55516e-10	0.679883
1.55558e-10	0.679414
1.556e-10	0.678944
1.55641e-10	0.678475
1.55683e-10	0.678005
1.55724e-10	0.677535
1.55766e-10	0.677065
1.55807e-10	0.676594
1.55849e-10	0.676123
1.5589e-10	0.675652
1.55932e-10	0.675181
1.55973e-10	0.674709
1.56015e-10	0.674237
1.56056e-10	0.673765
1.56098e-10	0.673293
1.56139e-10	0.67282
1.56181e-10	0.672347
1.56222e-10	0.671873
1.56264e-10	0.6714
1.56305e-10	0.670926
1.56347e-10	0.670452
1.56389e-10	0.669977
1.5643e-10	0.669503
1.56472e-10	0.669028
1.56513e-10	0.668552
1.56555e-10	0.668077
1.56596e-10	0.667601
1.56638e-10	0.667125
1.56679e-10	0.666649
1.56721e-10	0.666172
1.56762e-10	0.665695
1.56804e-10	0.665218
1.56845e-10	0.664741
1.56887e-10	0.664263
1.56928e-10	0.663785
1.5697e-10	0.663307
1.57011e-10	0.662828
1.57053e-10	0.662349
1.57094e-10	0.66187
1.57136e-10	0.661391
1.57178e-10	0.660911
1.57219e-10	0.660432
1.57261e-10	0.659951
1.57302e-10	0.659471
1.57344e-10	0.65899
1.57385e-10	0.658509
1.57427e-10	0.658028
1.57468e-10	0.657547
1.5751e-10	0.657065
1.57551e-10	0.656583
1.57593e-10	0.656101
1.57634e-10	0.655618
1.57676e-10	0.655135
1.57717e-10	0.654652
1.57759e-10	0.654169
1.578e-10	0.653685
1.57842e-10	0.653201
1.57883e-10	0.652717
1.57925e-10	0.652233
1.57967e-10	0.651748
1.58008e-10	0.651263
1.5805e-10	0.650778
1.58091e-10	0.650292
1.58133e-10	0.649806
1.58174e-10	0.64932
1.58216e-10	0.648834
1.58257e-10	0.648348
1.58299e-10	0.647861
1.5834e-10	0.647374
1.58382e-10	0.646886
1.58423e-10	0.646399
1.58465e-10	0.645911
1.58506e-10	0.645423
1.58548e-10	0.644934
1.58589e-10	0.644446
1.58631e-10	0.643957
1.58672e-10	0.643467
1.58714e-10	0.642978
1.58756e-10	0.642488
1.58797e-10	0.641998
1.58839e-10	0.641508
1.5888e-10	0.641018
1.58922e-10	0.640527
1.58963e-10	0.640036
1.59005e-10	0.639544
1.59046e-10	0.639053
1.59088e-10	0.638561
1.59129e-10	0.638069
1.59171e-10	0.637577
1.59212e-10	0.637084
1.59254e-10	0.636591
1.59295e-10	0.636098
1.59337e-10	0.635605
1.59378e-10	0.635111
1.5942e-10	0.634617
1.59461e-10	0.634123
1.59503e-10	0.633629
1.59545e-10	0.633134
1.59586e-10	0.632639
1.59628e-10	0.632144
1.59669e-10	0.631648
1.59711e-10	0.631153
1.59752e-10	0.630657
1.59794e-10	0.63016
1.59835e-10	0.629664
1.59877e-10	0.629167
1.59918e-10	0.62867
1.5996e-10	0.628173
1.60001e-10	0.627675
1.60043e-10	0.627178
1.60084e-10	0.62668
1.60126e-10	0.626181
1.60167e-10	0.625683
1.60209e-10	0.625184
1.6025e-10	0.624685
1.60292e-10	0.624186
1.60334e-10	0.623686
1.60375e-10	0.623186
1.60417e-10	0.622686
1.60458e-10	0.622186
1.605e-10	0.621685
1.60541e-10	0.621185
1.60583e-10	0.620683
1.60624e-10	0.620182
1.60666e-10	0.619681
1.60707e-10	0.619179
1.60749e-10	0.618677
1.6079e-10	0.618174
1.60832e-10	0.617672
1.60873e-10	0.617169
1.60915e-10	0.616666
1.60956e-10	0.616162
1.60998e-10	0.615659
1.61039e-10	0.615155
1.61081e-10	0.614651
1.61123e-10	0.614146
1.61164e-10	0.613642
1.61206e-10	0.613137
1.61247e-10	0.612632
1.61289e-10	0.612126
1.6133e-10	0.611621
1.61372e-10	0.611115
1.61413e-10	0.610609
1.61455e-10	0.610102
1.61496e-10	0.609596
1.61538e-10	0.609089
1.61579e-10	0.608582
1.61621e-10	0.608074
1.61662e-10	0.607567
1.61704e-10	0.607059
1.61745e-10	0.606551
1.61787e-10	0.606043
1.61828e-10	0.605534
1.6187e-10	0.605025
1.61912e-10	0.604516
1.61953e-10	0.604007
1.61995e-10	0.603497
1.62036e-10	0.602987
1.62078e-10	0.602477
1.62119e-10	0.601967
1.62161e-10	0.601456
1.62202e-10	0.600945
1.62244e-10	0.600434
1.62285e-10	0.599923
1.62327e-10	0.599411
1.62368e-10	0.5989
1.6241e-10	0.598388
1.62451e-10	0.597875
1.62493e-10	0.597363
1.62534e-10	0.59685
1.62576e-10	0.596337
1.62617e-10	0.595824
1.62659e-10	0.59531
1.62701e-10	0.594796
1.62742e-10	0.594282
1.62784e-10	0.593768
1.62825e-10	0.593254
1.62867e-10	0.592739
1.62908e-10	0.592224
1.6295e-10	0.591709
1.62991e-10	0.591193
1.63033e-10	0.590678
1.63074e-10	0.590162
1.63116e-10	0.589646
1.63157e-10	0.589129
1.63199e-10	0.588612
1.6324e-10	0.588095
1.63282e-10	0.587578
1.63323e-10	0.587061
1.63365e-10	0.586543
1.63406e-10	0.586026
1.63448e-10	0.585507
1.6349e-10	0.584989
1.63531e-10	0.584471
1.63573e-10	0.583952
1.63614e-10	0.583433
1.63656e-10	0.582913
1.63697e-10	0.582394
1.63739e-10	0.581874
1.6378e-10	0.581354
1.63822e-10	0.580834
1.63863e-10	0.580313
1.63905e-10	0.579793
1.63946e-10	0.579272
1.63988e-10	0.57875
1.64029e-10	0.578229
1.64071e-10	0.577707
1.64112e-10	0.577185
1.64154e-10	0.576663
1.64195e-10	0.576141
1.64237e-10	0.575618
1.64279e-10	0.575095
1.6432e-10	0.574572
1.64362e-10	0.574049
1.64403e-10	0.573526
1.64445e-10	0.573002
1.64486e-10	0.572478
1.64528e-10	0.571953
1.64569e-10	0.571429
1.64611e-10	0.570904
1.64652e-10	0.570379
1.64694e-10	0.569854
1.64735e-10	0.569329
1.64777e-10	0.568803
1.64818e-10	0.568277
1.6486e-10	0.567751
1.64901e-10	0.567225
1.64943e-10	0.566698
1.64985e-10	0.566171
1.65026e-10	0.565644
1.65068e-10	0.565117
1.65109e-10	0.56459
1.65151e-10	0.564062
1.65192e-10	0.563534
1.65234e-10	0.563006
1.65275e-10	0.562477
1.65317e-10	0.561949
1.65358e-10	0.56142
1.654e-10	0.560891
1.65441e-10	0.560361
1.65483e-10	0.559832
1.65524e-10	0.559302
1.65566e-10	0.558772
1.65607e-10	0.558242
1.65649e-10	0.557711
1.6569e-10	0.55718
1.65732e-10	0.556649
1.65774e-10	0.556118
1.65815e-10	0.555587
1.65857e-10	0.555055
1.65898e-10	0.554523
1.6594e-10	0.553991
1.65981e-10	0.553459
1.66023e-10	0.552926
1.66064e-10	0.552394
1.66106e-10	0.551861
1.66147e-10	0.551328
1.66189e-10	0.550794
1.6623e-10	0.55026
1.66272e-10	0.549727
1.66313e-10	0.549192
1.66355e-10	0.548658
1.66396e-10	0.548124
1.66438e-10	0.547589
1.66479e-10	0.547054
1.66521e-10	0.546519
1.66563e-10	0.545983
1.66604e-10	0.545447
1.66646e-10	0.544912
1.66687e-10	0.544375
1.66729e-10	0.543839
1.6677e-10	0.543303
1.66812e-10	0.542766
1.66853e-10	0.542229
1.66895e-10	0.541691
1.66936e-10	0.541154
1.66978e-10	0.540616
1.67019e-10	0.540078
1.67061e-10	0.53954
1.67102e-10	0.539002
1.67144e-10	0.538463
1.67185e-10	0.537925
1.67227e-10	0.537386
1.67268e-10	0.536847
1.6731e-10	0.536307
1.67352e-10	0.535767
1.67393e-10	0.535228
1.67435e-10	0.534687
1.67476e-10	0.534147
1.67518e-10	0.533607
1.67559e-10	0.533066
1.67601e-10	0.532525
1.67642e-10	0.531984
1.67684e-10	0.531442
1.67725e-10	0.530901
1.67767e-10	0.530359
1.67808e-10	0.529817
1.6785e-10	0.529275
1.67891e-10	0.528732
1.67933e-10	0.528189
1.67974e-10	0.527646
1.68016e-10	0.527103
1.68057e-10	0.52656
1.68099e-10	0.526016
1.68141e-10	0.525473
1.68182e-10	0.524929
1.68224e-10	0.524384
1.68265e-10	0.52384
1.68307e-10	0.523295
1.68348e-10	0.522751
1.6839e-10	0.522206
1.68431e-10	0.52166
1.68473e-10	0.521115
1.68514e-10	0.520569
1.68556e-10	0.520023
1.68597e-10	0.519477
1.68639e-10	0.518931
1.6868e-10	0.518384
1.68722e-10	0.517837
1.68763e-10	0.51729
1.68805e-10	0.516743
1.68846e-10	0.516196
1.68888e-10	0.515648
1.6893e-10	0.5151
1.68971e-10	0.514552
1.69013e-10	0.514004
1.69054e-10	0.513456
1.69096e-10	0.512907
1.69137e-10	0.512358
1.69179e-10	0.511809
1.6922e-10	0.51126
1.69262e-10	0.51071
1.69303e-10	0.510161
1.69345e-10	0.509611
1.69386e-10	0.509061
1.69428e-10	0.50851
1.69469e-10	0.50796
1.69511e-10	0.507409
1.69552e-10	0.506858
1.69594e-10	0.506307
1.69635e-10	0.505756
1.69677e-10	0.505204
1.69719e-10	0.504652
1.6976e-10	0.5041
1.69802e-10	0.503548
1.69843e-10	0.502996
1.69885e-10	0.502443
1.69926e-10	0.50189
1.69968e-10	0.501337
1.70009e-10	0.500784
1.70051e-10	0.500231
1.70092e-10	0.499677
1.70134e-10	0.499123
1.70175e-10	0.498569
1.70217e-10	0.498015
1.70258e-10	0.49746
1.703e-10	0.496906
1.70341e-10	0.496351
1.70383e-10	0.495796
1.70424e-10	0.495241
1.70466e-10	0.494685
1.70508e-10	0.49413
1.70549e-10	0.493574
1.70591e-10	0.493018
1.70632e-10	0.492461
1.70674e-10	0.491905
1.70715e-10	0.491348
1.70757e-10	0.490791
1.70798e-10	0.490234
1.7084e-10	0.489677
1.70881e-10	0.48912
1.70923e-10	0.488562
1.70964e-10	0.488004
1.71006e-10	0.487446
1.71047e-10	0.486888
1.71089e-10	0.486329
1.7113e-10	0.485771
1.71172e-10	0.485212
1.71213e-10	0.484653
1.71255e-10	0.484093
1.71297e-10	0.483534
1.71338e-10	0.482974
1.7138e-10	0.482415
1.71421e-10	0.481854
1.71463e-10	0.481294
1.71504e-10	0.480734
1.71546e-10	0.480173
1.71587e-10	0.479612
1.71629e-10	0.479051
1.7167e-10	0.47849
1.71712e-10	0.477929
1.71753e-10	0.477367
1.71795e-10	0.476805
1.71836e-10	0.476243
1.71878e-10	0.475681
1.71919e-10	0.475119
1.71961e-10	0.474556
1.72002e-10	0.473993
1.72044e-10	0.47343
1.72086e-10	0.472867
1.72127e-10	0.472304
1.72169e-10	0.47174
1.7221e-10	0.471177
1.72252e-10	0.470613
1.72293e-10	0.470048
1.72335e-10	0.469484
1.72376e-10	0.46892
1.72418e-10	0.468355
1.72459e-10	0.46779
1.72501e-10	0.467225
1.72542e-10	0.46666
1.72584e-10	0.466094
1.72625e-10	0.465528
1.72667e-10	0.464963
1.72708e-10	0.464397
1.7275e-10	0.46383
1.72791e-10	0.463264
1.72833e-10	0.462697
1.72875e-10	0.462131
1.72916e-10	0.461564
1.72958e-10	0.460996
1.72999e-10	0.460429
1.73041e-10	0.459861
1.73082e-10	0.459294
1.73124e-10	0.458726
1.73165e-10	0.458158
1.73207e-10	0.457589
1.73248e-10	0.457021
1.7329e-10	0.456452
1.73331e-10	0.455883
1.73373e-10	0.455314
1.73414e-10	0.454745
1.73456e-10	0.454176
1.73497e-10	0.453606
1.73539e-10	0.453036
1.7358e-10	0.452466
1.73622e-10	0.451896
1.73664e-10	0.451326
1.73705e-10	0.450755
1.73747e-10	0.450184
1.73788e-10	0.449614
1.7383e-10	0.449042
1.73871e-10	0.448471
1.73913e-10	0.4479
1.73954e-10	0.447328
1.73996e-10	0.446756
1.74037e-10	0.446184
1.74079e-10	0.445612
1.7412e-10	0.44504
1.74162e-10	0.444467
1.74203e-10	0.443894
1.74245e-10	0.443322
1.74286e-10	0.442748
1.74328e-10	0.442175
1.74369e-10	0.441602
1.74411e-10	0.441028
1.74453e-10	0.440454
1.74494e-10	0.43988
1.74536e-10	0.439306
1.74577e-10	0.438732
1.74619e-10	0.438157
1.7466e-10	0.437583
1.74702e-10	0.437008
1.74743e-10	0.436433
1.74785e-10	0.435857
1.74826e-10	0.435282
1.74868e-10	0.434706
1.74909e-10	0.434131
1.74951e-10	0.433555
1.74992e-10	0.432978
1.75034e-10	0.432402
1.75075e-10	0.431826
1.75117e-10	0.431249
1.75158e-10	0.430672
1.752e-10	0.430095
1.75242e-10	0.429518
1.75283e-10	0.428941
1.75325e-10	0.428363
1.75366e-10	0.427785
1.75408e-10	0.427207
1.75449e-10	0.426629
1.75491e-10	0.426051
1.75532e-10	0.425473
1.75574e-10	0.424894
1.75615e-10	0.424315
1.75657e-10	0.423736
1.75698e-10	0.423157
1.7574e-10	0.422578
1.75781e-10	0.421999
1.75823e-10	0.421419
1.75864e-10	0.420839
1.75906e-10	0.420259
1.75947e-10	0.419679
1.75989e-10	0.419099
1.76031e-10	0.418518
1.76072e-10	0.417938
1.76114e-10	0.417357
1.76155e-10	0.416776
1.76197e-10	0.416195
1.76238e-10	0.415613
1.7628e-10	0.415032
1.76321e-10	0.41445
1.76363e-10	0.413868
1.76404e-10	0.413286
1.76446e-10	0.412704
1.76487e-10	0.412122
1.76529e-10	0.411539
1.7657e-10	0.410956
1.76612e-10	0.410374
1.76653e-10	0.409791
1.76695e-10	0.409207
1.76736e-10	0.408624
1.76778e-10	0.40804
1.7682e-10	0.407457
1.76861e-10	0.406873
1.76903e-10	0.406289
1.76944e-10	0.405705
1.76986e-10	0.40512
1.77027e-10	0.404536
1.77069e-10	0.403951
1.7711e-10	0.403366
1.77152e-10	0.402781
1.77193e-10	0.402196
1.77235e-10	0.401611
1.77276e-10	0.401025
1.77318e-10	0.40044
1.77359e-10	0.399854
1.77401e-10	0.399268
1.77442e-10	0.398681
1.77484e-10	0.398095
1.77525e-10	0.397509
1.77567e-10	0.396922
1.77609e-10	0.396335
1.7765e-10	0.395748
1.77692e-10	0.395161
1.77733e-10	0.394574
1.77775e-10	0.393986
1.77816e-10	0.393399
1.77858e-10	0.392811
1.77899e-10	0.392223
1.77941e-10	0.391635
1.77982e-10	0.391047
1.78024e-10	0.390458
1.78065e-10	0.38987
1.78107e-10	0.389281
1.78148e-10	0.388692
1.7819e-10	0.388103
1.78231e-10	0.387514
1.78273e-10	0.386924
1.78314e-10	0.386335
1.78356e-10	0.385745
1.78398e-10	0.385155
1.78439e-10	0.384565
1.78481e-10	0.383975
1.78522e-10	0.383385
1.78564e-10	0.382794
1.78605e-10	0.382204
1.78647e-10	0.381613
1.78688e-10	0.381022
1.7873e-10	0.380431
1.78771e-10	0.379839
1.78813e-10	0.379248
1.78854e-10	0.378656
1.78896e-10	0.378065
1.78937e-10	0.377473
1.78979e-10	0.376881
1.7902e-10	0.376289
1.79062e-10	0.375696
1.79103e-10	0.375104
1.79145e-10	0.374511
1.79187e-10	0.373918
1.79228e-10	0.373325
1.7927e-10	0.372732
1.79311e-10	0.372139
1.79353e-10	0.371546
1.79394e-10	0.370952
1.79436e-10	0.370358
1.79477e-10	0.369764
1.79519e-10	0.36917
1.7956e-10	0.368576
1.79602e-10	0.367982
1.79643e-10	0.367387
1.79685e-10	0.366793
1.79726e-10	0.366198
1.79768e-10	0.365603
1.79809e-10	0.365008
1.79851e-10	0.364413
1.79892e-10	0.363817
1.79934e-10	0.363222
1.79976e-10	0.362626
1.80017e-10	0.36203
1.80059e-10	0.361435
1.801e-10	0.360838
1.80142e-10	0.360242
1.80183e-10	0.359646
1.80225e-10	0.359049
1.80266e-10	0.358452
1.80308e-10	0.357856
1.80349e-10	0.357259
1.80391e-10	0.356662
1.80432e-10	0.356064
1.80474e-10	0.355467
1.80515e-10	0.354869
1.80557e-10	0.354272
1.80598e-10	0.353674
1.8064e-10	0.353076
1.80681e-10	0.352478
1.80723e-10	0.351879
1.80765e-10	0.351281
1.80806e-10	0.350682
1.80848e-10	0.350083
1.80889e-10	0.349485
1.80931e-10	0.348886
1.80972e-10	0.348286
1.81014e-10	0.347687
1.81055e-10	0.347088
1.81097e-10	0.346488
1.81138e-10	0.345888
1.8118e-10	0.345289
1.81221e-10	0.344689
1.81263e-10	0.344088
1.81304e-10	0.343488
1.81346e-10	0.342888
1.81387e-10	0.342287
1.81429e-10	0.341686
1.8147e-10	0.341086
1.81512e-10	0.340485
1.81554e-10	0.339883
1.81595e-10	0.339282
1.81637e-10	0.338681
1.81678e-10	0.338079
1.8172e-10	0.337478
1.81761e-10	0.336876
1.81803e-10	0.336274
1.81844e-10	0.335672
1.81886e-10	0.335069
1.81927e-10	0.334467
1.81969e-10	0.333865
1.8201e-10	0.333262
1.82052e-10	0.332659
1.82093e-10	0.332056
1.82135e-10	0.331453
1.82176e-10	0.33085
1.82218e-10	0.330247
1.82259e-10	0.329643
1.82301e-10	0.32904
1.82343e-10	0.328436
1.82384e-10	0.327832
1.82426e-10	0.327228
1.82467e-10	0.326624
1.82509e-10	0.32602
1.8255e-10	0.325415
1.82592e-10	0.324811
1.82633e-10	0.324206
1.82675e-10	0.323601
1.82716e-10	0.322996
1.82758e-10	0.322391
1.82799e-10	0.321786
1.82841e-10	0.321181
1.82882e-10	0.320575
1.82924e-10	0.31997
1.82965e-10	0.319364
1.83007e-10	0.318758
1.83048e-10	0.318152
1.8309e-10	0.317546
1.83132e-10	0.31694
1.83173e-10	0.316334
1.83215e-10	0.315727
1.83256e-10	0.315121
1.83298e-10	0.314514
1.83339e-10	0.313907
1.83381e-10	0.3133
1.83422e-10	0.312693
1.83464e-10	0.312086
1.83505e-10	0.311478
1.83547e-10	0.310871
1.83588e-10	0.310263
1.8363e-10	0.309655
1.83671e-10	0.309047
1.83713e-10	0.308439
1.83754e-10	0.307831
1.83796e-10	0.307223
1.83837e-10	0.306615
1.83879e-10	0.306006
1.83921e-10	0.305397
1.83962e-10	0.304789
1.84004e-10	0.30418
1.84045e-10	0.303571
1.84087e-10	0.302962
1.84128e-10	0.302352
1.8417e-10	0.301743
1.84211e-10	0.301133
1.84253e-10	0.300524
1.84294e-10	0.299914
1.84336e-10	0.299304
1.84377e-10	0.298694
1.84419e-10	0.298084
1.8446e-10	0.297474
1.84502e-10	0.296863
1.84543e-10	0.296253
1.84585e-10	0.295642
1.84627e-10	0.295031
1.84668e-10	0.294421
1.8471e-10	0.29381
1.84751e-10	0.293199
1.84793e-10	0.292587
1.84834e-10	0.291976
1.84876e-10	0.291365
1.84917e-10	0.290753
1.84959e-10	0.290141
1.85e-10	0.28953
1.85042e-10	0.288918
1.85083e-10	0.288306
1.85125e-10	0.287693
1.85166e-10	0.287081
1.85208e-10	0.286469
1.85249e-10	0.285856
1.85291e-10	0.285244
1.85332e-10	0.284631
1.85374e-10	0.284018
1.85416e-10	0.283405
1.85457e-10	0.282792
1.85499e-10	0.282179
1.8554e-10	0.281565
1.85582e-10	0.280952
1.85623e-10	0.280338
1.85665e-10	0.279725
1.85706e-10	0.279111
1.85748e-10	0.278497
1.85789e-10	0.277883
1.85831e-10	0.277269
1.85872e-10	0.276655
1.85914e-10	0.27604
1.85955e-10	0.275426
1.85997e-10	0.274811
1.86038e-10	0.274196
1.8608e-10	0.273582
1.86121e-10	0.272967
1.86163e-10	0.272352
1.86205e-10	0.271737
1.86246e-10	0.271121
1.86288e-10	0.270506
1.86329e-10	0.26989
1.86371e-10	0.269275
1.86412e-10	0.268659
1.86454e-10	0.268043
1.86495e-10	0.267427
1.86537e-10	0.266811
1.86578e-10	0.266195
1.8662e-10	0.265579
1.86661e-10	0.264963
1.86703e-10	0.264346
1.86744e-10	0.26373
1.86786e-10	0.263113
1.86827e-10	0.262496
1.86869e-10	0.261879
1.8691e-10	0.261262
1.86952e-10	0.260645
1.86994e-10	0.260028
1.87035e-10	0.259411
1.87077e-10	0.258793
1.87118e-10	0.258176
1.8716e-10	0.257558
1.87201e-10	0.25694
1.87243e-10	0.256323
1.87284e-10	0.255705
1.87326e-10	0.255087
1.87367e-10	0.254468
1.87409e-10	0.25385
1.8745e-10	0.253232
1.87492e-10	0.252613
1.87533e-10	0.251995
1.87575e-10	0.251376
1.87616e-10	0.250757
1.87658e-10	0.250138
1.87699e-10	0.249519
1.87741e-10	0.2489
1.87783e-10	0.248281
1.87824e-10	0.247662
1.87866e-10	0.247043
1.87907e-10	0.246423
1.87949e-10	0.245803
1.8799e-10	0.245184
1.88032e-10	0.244564
1.88073e-10	0.243944
1.88115e-10	0.243324
1.88156e-10	0.242704
1.88198e-10	0.242084
1.88239e-10	0.241464
1.88281e-10	0.240843
1.88322e-10	0.240223
1.88364e-10	0.239602
1.88405e-10	0.238981
1.88447e-10	0.238361
1.88488e-10	0.23774
1.8853e-10	0.237119
1.88572e-10	0.236498
1.88613e-10	0.235877
1.88655e-10	0.235255
1.88696e-10	0.234634
1.88738e-10	0.234013
1.88779e-10	0.233391
1.88821e-10	0.232769
1.88862e-10	0.232148
1.88904e-10	0.231526
1.88945e-10	0.230904
1.88987e-10	0.230282
1.89028e-10	0.22966
1.8907e-10	0.229037
1.89111e-10	0.228415
1.89153e-10	0.227793
1.89194e-10	0.22717
1.89236e-10	0.226548
1.89277e-10	0.225925
1.89319e-10	0.225302
1.89361e-10	0.224679
1.89402e-10	0.224056
1.89444e-10	0.223433
1.89485e-10	0.22281
1.89527e-10	0.222187
1.89568e-10	0.221564
1.8961e-10	0.22094
1.89651e-10	0.220317
1.89693e-10	0.219693
1.89734e-10	0.21907
1.89776e-10	0.218446
1.89817e-10	0.217822
1.89859e-10	0.217198
1.899e-10	0.216574
1.89942e-10	0.21595
1.89983e-10	0.215326
1.90025e-10	0.214701
1.90066e-10	0.214077
1.90108e-10	0.213452
1.9015e-10	0.212828
1.90191e-10	0.212203
1.90233e-10	0.211579
1.90274e-10	0.210954
1.90316e-10	0.210329
1.90357e-10	0.209704
1.90399e-10	0.209079
1.9044e-10	0.208454
1.90482e-10	0.207828
1.90523e-10	0.207203
1.90565e-10	0.206578
1.90606e-10	0.205952
1.90648e-10	0.205326
1.90689e-10	0.204701
1.90731e-10	0.204075
1.90772e-10	0.203449
1.90814e-10	0.202823
1.90855e-10	0.202197
1.90897e-10	0.201571
1.90939e-10	0.200945
1.9098e-10	0.200319
1.91022e-10	0.199692
1.91063e-10	0.199066
1.91105e-10	0.19844
1.91146e-10	0.197813
1.91188e-10	0.197186
1.91229e-10	0.19656
1.91271e-10	0.195933
1.91312e-10	0.195306
1.91354e-10	0.194679
1.91395e-10	0.194052
1.91437e-10	0.193425
1.91478e-10	0.192797
1.9152e-10	0.19217
1.91561e-10	0.191543
1.91603e-10	0.190915
1.91644e-10	0.190288
1.91686e-10	0.18966
1.91728e-10	0.189032
1.91769e-10	0.188405
1.91811e-10	0.187777
1.91852e-10	0.187149
1.91894e-10	0.186521
1.91935e-10	0.185893
1.91977e-10	0.185265
1.92018e-10	0.184637
1.9206e-10	0.184008
1.92101e-10	0.18338
1.92143e-10	0.182751
1.92184e-10	0.182123
1.92226e-10	0.181494
1.92267e-10	0.180866
1.92309e-10	0.180237
1.9235e-10	0.179608
1.92392e-10	0.178979
1.92433e-10	0.17835
1.92475e-10	0.177721
1.92517e-10	0.177092
1.92558e-10	0.176463
1.926e-10	0.175834
1.92641e-10	0.175204
1.92683e-10	0.174575
1.92724e-10	0.173945
1.92766e-10	0.173316
1.92807e-10	0.172686
1.92849e-10	0.172057
1.9289e-10	0.171427
1.92932e-10	0.170797
1.92973e-10	0.170167
1.93015e-10	0.169537
1.93056e-10	0.168907
1.93098e-10	0.168277
1.93139e-10	0.167647
1.93181e-10	0.167017
1.93222e-10	0.166386
1.93264e-10	0.165756
1.93306e-10	0.165126
1.93347e-10	0.164495
1.93389e-10	0.163864
1.9343e-10	0.163234
1.93472e-10	0.162603
1.93513e-10	0.161972
1.93555e-10	0.161341
1.93596e-10	0.160711
1.93638e-10	0.16008
1.93679e-10	0.159449
1.93721e-10	0.158817
1.93762e-10	0.158186
1.93804e-10	0.157555
1.93845e-10	0.156924
1.93887e-10	0.156292
1.93928e-10	0.155661
1.9397e-10	0.155029
1.94011e-10	0.154398
1.94053e-10	0.153766
1.94095e-10	0.153135
1.94136e-10	0.152503
1.94178e-10	0.151871
1.94219e-10	0.151239
1.94261e-10	0.150607
1.94302e-10	0.149975
1.94344e-10	0.149343
1.94385e-10	0.148711
1.94427e-10	0.148079
1.94468e-10	0.147447
1.9451e-10	0.146814
1.94551e-10	0.146182
1.94593e-10	0.14555
1.94634e-10	0.144917
1.94676e-10	0.144285
1.94717e-10	0.143652
1.94759e-10	0.143019
1.948e-10	0.142387
1.94842e-10	0.141754
1.94884e-10	0.141121
1.94925e-10	0.140488
1.94967e-10	0.139855
1.95008e-10	0.139222
1.9505e-10	0.138589
1.95091e-10	0.137956
1.95133e-10	0.137323
1.95174e-10	0.13669
1.95216e-10	0.136057
1.95257e-10	0.135423
1.95299e-10	0.13479
1.9534e-10	0.134156
1.95382e-10	0.133523
1.95423e-10	0.132889
1.95465e-10	0.132256
1.95506e-10	0.131622
1.95548e-10	0.130988
1.95589e-10	0.130355
1.95631e-10	0.129721
1.95673e-10	0.129087
1.95714e-10	0.128453
1.95756e-10	0.127819
1.95797e-10	0.127185
1.95839e-10	0.126551
1.9588e-10	0.125917
1.95922e-10	0.125282
1.95963e-10	0.124648
1.96005e-10	0.124014
1.96046e-10	0.12338
1.96088e-10	0.122745
1.96129e-10	0.122111
1.96171e-10	0.121476
1.96212e-10	0.120842
1.96254e-10	0.120207
1.96295e-10	0.119573
1.96337e-10	0.118938
1.96378e-10	0.118303
1.9642e-10	0.117668
1.96462e-10	0.117033
1.96503e-10	0.116399
1.96545e-10	0.115764
1.96586e-10	0.115129
1.96628e-10	0.114494
1.96669e-10	0.113859
1.96711e-10	0.113224
1.96752e-10	0.112588
1.96794e-10	0.111953
1.96835e-10	0.111318
1.96877e-10	0.110683
1.96918e-10	0.110047
1.9696e-10	0.109412
1.97001e-10	0.108776
1.97043e-10	0.108141
1.97084e-10	0.107505
1.97126e-10	0.10687
1.97167e-10	0.106234
1.97209e-10	0.105599
1.97251e-10	0.104963
1.97292e-10	0.104327
1.97334e-10	0.103691
1.97375e-10	0.103056
1.97417e-10	0.10242
1.97458e-10	0.101784
1.975e-10	0.101148
1.97541e-10	0.100512
1.97583e-10	0.0998758
1.97624e-10	0.0992397
1.97666e-10	0.0986036
1.97707e-10	0.0979674
1.97749e-10	0.0973312
1.9779e-10	0.096695
1.97832e-10	0.0960587
1.97873e-10	0.0954224
1.97915e-10	0.0947861
1.97956e-10	0.0941497
1.97998e-10	0.0935133
1.9804e-10	0.0928768
1.98081e-10	0.0922403
1.98123e-10	0.0916037
1.98164e-10	0.0909672
1.98206e-10	0.0903305
1.98247e-10	0.0896939
1.98289e-10	0.0890572
1.9833e-10	0.0884205
1.98372e-10	0.0877837
1.98413e-10	0.0871469
1.98455e-10	0.0865101
1.98496e-10	0.0858732
1.98538e-10	0.0852363
1.98579e-10	0.0845993
1.98621e-10	0.0839624
1.98662e-10	0.0833254
1.98704e-10	0.0826883
1.98745e-10	0.0820512
1.98787e-10	0.0814141
1.98829e-10	0.080777
1.9887e-10	0.0801398
1.98912e-10	0.0795026
1.98953e-10	0.0788654
1.98995e-10	0.0782281
1.99036e-10	0.0775908
1.99078e-10	0.0769534
1.99119e-10	0.0763161
1.99161e-10	0.0756787
1.99202e-10	0.0750412
1.99244e-10	0.0744038
1.99285e-10	0.0737663
1.99327e-10	0.0731288
1.99368e-10	0.0724912
1.9941e-10	0.0718536
1.99451e-10	0.071216
1.99493e-10	0.0705784
1.99534e-10	0.0699407
1.99576e-10	0.069303
1.99618e-10	0.0686653
1.99659e-10	0.0680275
1.99701e-10	0.0673897
1.99742e-10	0.0667519
1.99784e-10	0.0661141
1.99825e-10	0.0654762
1.99867e-10	0.0648383
1.99908e-10	0.0642004
1.9995e-10	0.0635625
1.99991e-10	0.0629245
2.00033e-10	0.0622865
2.00074e-10	0.0616485
2.00116e-10	0.0610104
2.00157e-10	0.0603724
2.00199e-10	0.0597343
2.0024e-10	0.0590961
2.00282e-10	0.058458
2.00323e-10	0.0578198
2.00365e-10	0.0571816
2.00407e-10	0.0565434
2.00448e-10	0.0559052
2.0049e-10	0.0552669
2.00531e-10	0.0546286
2.00573e-10	0.0539903
2.00614e-10	0.053352
2.00656e-10	0.0527137
2.00697e-10	0.0520753
2.00739e-10	0.0514369
2.0078e-10	0.0507985
2.00822e-10	0.05016
2.00863e-10	0.0495216
2.00905e-10	0.0488831
2.00946e-10	0.0482446
2.00988e-10	0.0476061
2.01029e-10	0.0469676
2.01071e-10	0.046329
2.01112e-10	0.0456904
2.01154e-10	0.0450519
2.01196e-10	0.0444132
2.01237e-10	0.0437746
2.01279e-10	0.043136
2.0132e-10	0.0424973
2.01362e-10	0.0418586
2.01403e-10	0.0412199
2.01445e-10	0.0405812
2.01486e-10	0.0399425
2.01528e-10	0.0393037
2.01569e-10	0.038665
2.01611e-10	0.0380262
2.01652e-10	0.0373874
2.01694e-10	0.0367486
2.01735e-10	0.0361098
2.01777e-10	0.0354709
2.01818e-10	0.0348321
2.0186e-10	0.0341932
2.01901e-10	0.0335543
2.01943e-10	0.0329154
2.01985e-10	0.0322765
2.02026e-10	0.0316376
2.02068e-10	0.0309986
2.02109e-10	0.0303597
2.02151e-10	0.0297207
2.02192e-10	0.0290818
2.02234e-10	0.0284428
2.02275e-10	0.0278038
2.02317e-10	0.0271648
2.02358e-10	0.0265258
2.024e-10	0.0258867
2.02441e-10	0.0252477
2.02483e-10	0.0246086
2.02524e-10	0.0239696
2.02566e-10	0.0233305
2.02607e-10	0.0226914
2.02649e-10	0.0220523
2.0269e-10	0.0214132
2.02732e-10	0.0207741
2.02774e-10	0.020135
2.02815e-10	0.0194959
2.02857e-10	0.0188567
2.02898e-10	0.0182176
2.0294e-10	0.0175785
2.02981e-10	0.0169393
2.03023e-10	0.0163001
2.03064e-10	0.015661
2.03106e-10	0.0150218
2.03147e-10	0.0143826
2.03189e-10	0.0137434
2.0323e-10	0.0131042
2.03272e-10	0.012465
2.03313e-10	0.0118258
2.03355e-10	0.0111866
2.03396e-10	0.0105474
2.03438e-10	0.00990821
2.03479e-10	0.00926899
2.03521e-10	0.00862976
2.03563e-10	0.00799054
2.03604e-10	0.00735131
2.03646e-10	0.00671207
2.03687e-10	0.00607283
2.03729e-10	0.0054336
2.0377e-10	0.00479435
2.03812e-10	0.00415511
2.03853e-10	0.00351587
2.03895e-10	0.00287662
2.03936e-10	0.00223737
2.03978e-10	0.00159812
2.04019e-10	0.000958874
2.04061e-10	0.000319625
2.04102e-10	-0.000319625
2.04144e-10	-0.000958874
2.04185e-10	-0.00159812
2.04227e-10	-0.00223737
2.04269e-10	-0.00287662
2.0431e-10	-0.00351587
2.04352e-10	-0.00415511
2.04393e-10	-0.00479435
2.04435e-10	-0.0054336
2.04476e-10	-0.00607283
2.04518e-10	-0.00671207
2.04559e-10	-0.00735131
2.04601e-10	-0.00799054
2.04642e-10	-0.00862976
2.04684e-10	-0.00926899
2.04725e-10	-0.00990821
2.04767e-10	-0.0105474
2.04808e-10	-0.0111866
2.0485e-10	-0.0118258
2.04891e-10	-0.012465
2.04933e-10	-0.0131042
2.04974e-10	-0.0137434
2.05016e-10	-0.0143826
2.05058e-10	-0.0150218
2.05099e-10	-0.015661
2.05141e-10	-0.0163001
2.05182e-10	-0.0169393
2.05224e-10	-0.0175785
2.05265e-10	-0.0182176
2.05307e-10	-0.0188567
2.05348e-10	-0.0194959
2.0539e-10	-0.020135
2.05431e-10	-0.0207741
2.05473e-10	-0.0214132
2.05514e-10	-0.0220523
2.05556e-10	-0.0226914
2.05597e-10	-0.0233305
2.05639e-10	-0.0239696
2.0568e-10	-0.0246086
2.05722e-10	-0.0252477
2.05763e-10	-0.0258867
2.05805e-10	-0.0265258
2.05847e-10	-0.0271648
2.05888e-10	-0.0278038
2.0593e-10	-0.0284428
2.05971e-10	-0.0290818
2.06013e-10	-0.0297207
2.06054e-10	-0.0303597
2.06096e-10	-0.0309986
2.06137e-10	-0.0316376
2.06179e-10	-0.0322765
2.0622e-10	-0.0329154
2.06262e-10	-0.0335543
2.06303e-10	-0.0341932
2.06345e-10	-0.0348321
2.06386e-10	-0.0354709
2.06428e-10	-0.0361098
2.06469e-10	-0.0367486
2.06511e-10	-0.0373874
2.06552e-10	-0.0380262
2.06594e-10	-0.038665
2.06636e-10	-0.0393037
2.06677e-10	-0.0399425
2.06719e-10	-0.0405812
2.0676e-10	-0.0412199
2.06802e-10	-0.0418586
2.06843e-10	-0.0424973
2.06885e-10	-0.043136
2.06926e-10	-0.0437746
2.06968e-10	-0.0444132
2.07009e-10	-0.0450519
2.07051e-10	-0.0456904
2.07092e-10	-0.046329
2.07134e-10	-0.0469676
2.07175e-10	-0.0476061
2.07217e-10	-0.0482446
2.07258e-10	-0.0488831
2.073e-10	-0.0495216
2.07341e-10	-0.05016
2.07383e-10	-0.0507985
2.07425e-10	-0.0514369
2.07466e-10	-0.0520753
2.07508e-10	-0.0527137
2.07549e-10	-0.053352
2.07591e-10	-0.0539903
2.07632e-10	-0.0546286
2.07674e-10	-0.0552669
2.07715e-10	-0.0559052
2.07757e-10	-0.0565434
2.07798e-10	-0.0571816
2.0784e-10	-0.0578198
2.07881e-10	-0.058458
2.07923e-10	-0.0590961
2.07964e-10	-0.0597343
2.08006e-10	-0.0603724
2.08047e-10	-0.0610104
2.08089e-10	-0.0616485
2.0813e-10	-0.0622865
2.08172e-10	-0.0629245
2.08214e-10	-0.0635625
2.08255e-10	-0.0642004
2.08297e-10	-0.0648383
2.08338e-10	-0.0654762
2.0838e-10	-0.0661141
2.08421e-10	-0.0667519
2.08463e-10	-0.0673897
2.08504e-10	-0.0680275
2.08546e-10	-0.0686653
2.08587e-10	-0.069303
2.08629e-10	-0.0699407
2.0867e-10	-0.0705784
2.08712e-10	-0.071216
2.08753e-10	-0.0718536
2.08795e-10	-0.0724912
2.08836e-10	-0.0731288
2.08878e-10	-0.0737663
2.08919e-10	-0.0744038
2.08961e-10	-0.0750412
2.09003e-10	-0.0756787
2.09044e-10	-0.0763161
2.09086e-10	-0.0769534
2.09127e-10	-0.0775908
2.09169e-10	-0.0782281
2.0921e-10	-0.0788654
2.09252e-10	-0.0795026
2.09293e-10	-0.0801398
2.09335e-10	-0.080777
2.09376e-10	-0.0814141
2.09418e-10	-0.0820512
2.09459e-10	-0.0826883
2.09501e-10	-0.0833254
2.09542e-10	-0.0839624
2.09584e-10	-0.0845993
2.09625e-10	-0.0852363
2.09667e-10	-0.0858732
2.09708e-10	-0.0865101
2.0975e-10	-0.0871469
2.09792e-10	-0.0877837
2.09833e-10	-0.0884205
2.09875e-10	-0.0890572
2.09916e-10	-0.0896939
2.09958e-10	-0.0903305
2.09999e-10	-0.0909672
2.10041e-10	-0.0916037
2.10082e-10	-0.0922403
2.10124e-10	-0.0928768
2.10165e-10	-0.0935133
2.10207e-10	-0.0941497
2.10248e-10	-0.0947861
2.1029e-10	-0.0954224
2.10331e-10	-0.0960587
2.10373e-10	-0.096695
2.10414e-10	-0.0973312
2.10456e-10	-0.0979674
2.10497e-10	-0.0986036
2.10539e-10	-0.0992397
2.10581e-10	-0.0998758
2.10622e-10	-0.100512
2.10664e-10	-0.101148
2.10705e-10	-0.101784
2.10747e-10	-0.10242
2.10788e-10	-0.103056
2.1083e-10	-0.103691
2.10871e-10	-0.104327
2.10913e-10	-0.104963
2.10954e-10	-0.105599
2.10996e-10	-0.106234
2.11037e-10	-0.10687
2.11079e-10	-0.107505
2.1112e-10	-0.108141
2.11162e-10	-0.108776
2.11203e-10	-0.109412
2.11245e-10	-0.110047
2.11286e-10	-0.110683
2.11328e-10	-0.111318
2.1137e-10	-0.111953
2.11411e-10	-0.112588
2.11453e-10	-0.113224
2.11494e-10	-0.113859
2.11536e-10	-0.114494
2.11577e-10	-0.115129
2.11619e-10	-0.115764
2.1166e-10	-0.116399
2.11702e-10	-0.117033
2.11743e-10	-0.117668
2.11785e-10	-0.118303
2.11826e-10	-0.118938
2.11868e-10	-0.119573
2.11909e-10	-0.120207
2.11951e-10	-0.120842
2.11992e-10	-0.121476
2.12034e-10	-0.122111
2.12075e-10	-0.122745
2.12117e-10	-0.12338
2.12159e-10	-0.124014
2.122e-10	-0.124648
2.12242e-10	-0.125282
2.12283e-10	-0.125917
2.12325e-10	-0.126551
2.12366e-10	-0.127185
2.12408e-10	-0.127819
2.12449e-10	-0.128453
2.12491e-10	-0.129087
2.12532e-10	-0.129721
2.12574e-10	-0.130355
2.12615e-10	-0.130988
2.12657e-10	-0.131622
2.12698e-10	-0.132256
2.1274e-10	-0.132889
2.12781e-10	-0.133523
2.12823e-10	-0.134156
2.12864e-10	-0.13479
2.12906e-10	-0.135423
2.12948e-10	-0.136057
2.12989e-10	-0.13669
2.13031e-10	-0.137323
2.13072e-10	-0.137956
2.13114e-10	-0.138589
2.13155e-10	-0.139222
2.13197e-10	-0.139855
2.13238e-10	-0.140488
2.1328e-10	-0.141121
2.13321e-10	-0.141754
2.13363e-10	-0.142387
2.13404e-10	-0.143019
2.13446e-10	-0.143652
2.13487e-10	-0.144285
2.13529e-10	-0.144917
2.1357e-10	-0.14555
2.13612e-10	-0.146182
2.13653e-10	-0.146814
2.13695e-10	-0.147447
2.13737e-10	-0.148079
2.13778e-10	-0.148711
2.1382e-10	-0.149343
2.13861e-10	-0.149975
2.13903e-10	-0.150607
2.13944e-10	-0.151239
2.13986e-10	-0.151871
2.14027e-10	-0.152503
2.14069e-10	-0.153135
2.1411e-10	-0.153766
2.14152e-10	-0.154398
2.14193e-10	-0.155029
2.14235e-10	-0.155661
2.14276e-10	-0.156292
2.14318e-10	-0.156924
2.14359e-10	-0.157555
2.14401e-10	-0.158186
2.14442e-10	-0.158817
2.14484e-10	-0.159449
2.14526e-10	-0.16008
2.14567e-10	-0.160711
2.14609e-10	-0.161341
2.1465e-10	-0.161972
2.14692e-10	-0.162603
2.14733e-10	-0.163234
2.14775e-10	-0.163864
2.14816e-10	-0.164495
2.14858e-10	-0.165126
2.14899e-10	-0.165756
2.14941e-10	-0.166386
2.14982e-10	-0.167017
2.15024e-10	-0.167647
2.15065e-10	-0.168277
2.15107e-10	-0.168907
2.15148e-10	-0.169537
2.1519e-10	-0.170167
2.15231e-10	-0.170797
2.15273e-10	-0.171427
2.15315e-10	-0.172057
2.15356e-10	-0.172686
2.15398e-10	-0.173316
2.15439e-10	-0.173945
2.15481e-10	-0.174575
2.15522e-10	-0.175204
2.15564e-10	-0.175834
2.15605e-10	-0.176463
2.15647e-10	-0.177092
2.15688e-10	-0.177721
2.1573e-10	-0.17835
2.15771e-10	-0.178979
2.15813e-10	-0.179608
2.15854e-10	-0.180237
2.15896e-10	-0.180866
2.15937e-10	-0.181494
2.15979e-10	-0.182123
2.1602e-10	-0.182751
2.16062e-10	-0.18338
2.16104e-10	-0.184008
2.16145e-10	-0.184637
2.16187e-10	-0.185265
2.16228e-10	-0.185893
2.1627e-10	-0.186521
2.16311e-10	-0.187149
2.16353e-10	-0.187777
2.16394e-10	-0.188405
2.16436e-10	-0.189032
2.16477e-10	-0.18966
2.16519e-10	-0.190288
2.1656e-10	-0.190915
2.16602e-10	-0.191543
2.16643e-10	-0.19217
2.16685e-10	-0.192797
2.16726e-10	-0.193425
2.16768e-10	-0.194052
2.16809e-10	-0.194679
2.16851e-10	-0.195306
2.16893e-10	-0.195933
2.16934e-10	-0.19656
2.16976e-10	-0.197186
2.17017e-10	-0.197813
2.17059e-10	-0.19844
2.171e-10	-0.199066
2.17142e-10	-0.199692
2.17183e-10	-0.200319
2.17225e-10	-0.200945
2.17266e-10	-0.201571
2.17308e-10	-0.202197
2.17349e-10	-0.202823
2.17391e-10	-0.203449
2.17432e-10	-0.204075
2.17474e-10	-0.204701
2.17515e-10	-0.205326
2.17557e-10	-0.205952
2.17598e-10	-0.206578
2.1764e-10	-0.207203
2.17682e-10	-0.207828
2.17723e-10	-0.208454
2.17765e-10	-0.209079
2.17806e-10	-0.209704
2.17848e-10	-0.210329
2.17889e-10	-0.210954
2.17931e-10	-0.211579
2.17972e-10	-0.212203
2.18014e-10	-0.212828
2.18055e-10	-0.213452
2.18097e-10	-0.214077
2.18138e-10	-0.214701
2.1818e-10	-0.215326
2.18221e-10	-0.21595
2.18263e-10	-0.216574
2.18304e-10	-0.217198
2.18346e-10	-0.217822
2.18387e-10	-0.218446
2.18429e-10	-0.21907
2.18471e-10	-0.219693
2.18512e-10	-0.220317
2.18554e-10	-0.22094
2.18595e-10	-0.221564
2.18637e-10	-0.222187
2.18678e-10	-0.22281
2.1872e-10	-0.223433
2.18761e-10	-0.224056
2.18803e-10	-0.224679
2.18844e-10	-0.225302
2.18886e-10	-0.225925
2.18927e-10	-0.226548
2.18969e-10	-0.22717
2.1901e-10	-0.227793
2.19052e-10	-0.228415
2.19093e-10	-0.229037
2.19135e-10	-0.22966
2.19176e-10	-0.230282
2.19218e-10	-0.230904
2.1926e-10	-0.231526
2.19301e-10	-0.232148
2.19343e-10	-0.232769
2.19384e-10	-0.233391
2.19426e-10	-0.234013
2.19467e-10	-0.234634
2.19509e-10	-0.235255
2.1955e-10	-0.235877
2.19592e-10	-0.236498
2.19633e-10	-0.237119
2.19675e-10	-0.23774
2.19716e-10	-0.238361
2.19758e-10	-0.238981
2.19799e-10	-0.239602
2.19841e-10	-0.240223
2.19882e-10	-0.240843
2.19924e-10	-0.241464
2.19965e-10	-0.242084
2.20007e-10	-0.242704
2.20049e-10	-0.243324
2.2009e-10	-0.243944
2.20132e-10	-0.244564
2.20173e-10	-0.245184
2.20215e-10	-0.245803
2.20256e-10	-0.246423
2.20298e-10	-0.247043
2.20339e-10	-0.247662
2.20381e-10	-0.248281
2.20422e-10	-0.2489
2.20464e-10	-0.249519
2.20505e-10	-0.250138
2.20547e-10	-0.250757
2.20588e-10	-0.251376
2.2063e-10	-0.251995
2.20671e-10	-0.252613
2.20713e-10	-0.253232
2.20754e-10	-0.25385
2.20796e-10	-0.254468
2.20838e-10	-0.255087
2.20879e-10	-0.255705
2.20921e-10	-0.256323
2.20962e-10	-0.25694
2.21004e-10	-0.257558
2.21045e-10	-0.258176
2.21087e-10	-0.258793
2.21128e-10	-0.259411
2.2117e-10	-0.260028
2.21211e-10	-0.260645
2.21253e-10	-0.261262
2.21294e-10	-0.261879
2.21336e-10	-0.262496
2.21377e-10	-0.263113
2.21419e-10	-0.26373
2.2146e-10	-0.264346
2.21502e-10	-0.264963
2.21543e-10	-0.265579
2.21585e-10	-0.266195
2.21627e-10	-0.266811
2.21668e-10	-0.267427
2.2171e-10	-0.268043
2.21751e-10	-0.268659
2.21793e-10	-0.269275
2.21834e-10	-0.26989
2.21876e-10	-0.270506
2.21917e-10	-0.271121
2.21959e-10	-0.271737
2.22e-10	-0.272352
2.22042e-10	-0.272967
2.22083e-10	-0.273582
2.22125e-10	-0.274196
2.22166e-10	-0.274811
2.22208e-10	-0.275426
2.22249e-10	-0.27604
2.22291e-10	-0.276655
2.22332e-10	-0.277269
2.22374e-10	-0.277883
2.22416e-10	-0.278497
2.22457e-10	-0.279111
2.22499e-10	-0.279725
2.2254e-10	-0.280338
2.22582e-10	-0.280952
2.22623e-10	-0.281565
2.22665e-10	-0.282179
2.22706e-10	-0.282792
2.22748e-10	-0.283405
2.22789e-10	-0.284018
2.22831e-10	-0.284631
2.22872e-10	-0.285244
2.22914e-10	-0.285856
2.22955e-10	-0.286469
2.22997e-10	-0.287081
2.23038e-10	-0.287693
2.2308e-10	-0.288306
2.23122e-10	-0.288918
2.23163e-10	-0.28953
2.23205e-10	-0.290141
2.23246e-10	-0.290753
2.23288e-10	-0.291365
2.23329e-10	-0.291976
2.23371e-10	-0.292587
2.23412e-10	-0.293199
2.23454e-10	-0.29381
2.23495e-10	-0.294421
2.23537e-10	-0.295031
2.23578e-10	-0.295642
2.2362e-10	-0.296253
2.23661e-10	-0.296863
2.23703e-10	-0.297474
2.23744e-10	-0.298084
2.23786e-10	-0.298694
2.23827e-10	-0.299304
2.23869e-10	-0.299914
2.23911e-10	-0.300524
2.23952e-10	-0.301133
2.23994e-10	-0.301743
2.24035e-10	-0.302352
2.24077e-10	-0.302962
2.24118e-10	-0.303571
2.2416e-10	-0.30418
2.24201e-10	-0.304789
2.24243e-10	-0.305397
2.24284e-10	-0.306006
2.24326e-10	-0.306615
2.24367e-10	-0.307223
2.24409e-10	-0.307831
2.2445e-10	-0.308439
2.24492e-10	-0.309047
2.24533e-10	-0.309655
2.24575e-10	-0.310263
2.24616e-10	-0.310871
2.24658e-10	-0.311478
2.247e-10	-0.312086
2.24741e-10	-0.312693
2.24783e-10	-0.3133
2.24824e-10	-0.313907
2.24866e-10	-0.314514
2.24907e-10	-0.315121
2.24949e-10	-0.315727
2.2499e-10	-0.316334
2.25032e-10	-0.31694
2.25073e-10	-0.317546
2.25115e-10	-0.318152
2.25156e-10	-0.318758
2.25198e-10	-0.319364
2.25239e-10	-0.31997
2.25281e-10	-0.320575
2.25322e-10	-0.321181
2.25364e-10	-0.321786
2.25405e-10	-0.322391
2.25447e-10	-0.322996
2.25489e-10	-0.323601
2.2553e-10	-0.324206
2.25572e-10	-0.324811
2.25613e-10	-0.325415
2.25655e-10	-0.32602
2.25696e-10	-0.326624
2.25738e-10	-0.327228
2.25779e-10	-0.327832
2.25821e-10	-0.328436
2.25862e-10	-0.32904
2.25904e-10	-0.329643
2.25945e-10	-0.330247
2.25987e-10	-0.33085
2.26028e-10	-0.331453
2.2607e-10	-0.332056
2.26111e-10	-0.332659
2.26153e-10	-0.333262
2.26194e-10	-0.333865
2.26236e-10	-0.334467
2.26278e-10	-0.335069
2.26319e-10	-0.335672
2.26361e-10	-0.336274
2.26402e-10	-0.336876
2.26444e-10	-0.337478
2.26485e-10	-0.338079
2.26527e-10	-0.338681
2.26568e-10	-0.339282
2.2661e-10	-0.339883
2.26651e-10	-0.340485
2.26693e-10	-0.341086
2.26734e-10	-0.341686
2.26776e-10	-0.342287
2.26817e-10	-0.342888
2.26859e-10	-0.343488
2.269e-10	-0.344088
2.26942e-10	-0.344689
2.26983e-10	-0.345289
2.27025e-10	-0.345888
2.27067e-10	-0.346488
2.27108e-10	-0.347088
2.2715e-10	-0.347687
2.27191e-10	-0.348286
2.27233e-10	-0.348886
2.27274e-10	-0.349485
2.27316e-10	-0.350083
2.27357e-10	-0.350682
2.27399e-10	-0.351281
2.2744e-10	-0.351879
2.27482e-10	-0.352478
2.27523e-10	-0.353076
2.27565e-10	-0.353674
2.27606e-10	-0.354272
2.27648e-10	-0.354869
2.27689e-10	-0.355467
2.27731e-10	-0.356064
2.27772e-10	-0.356662
2.27814e-10	-0.357259
2.27856e-10	-0.357856
2.27897e-10	-0.358452
2.27939e-10	-0.359049
2.2798e-10	-0.359646
2.28022e-10	-0.360242
2.28063e-10	-0.360838
2.28105e-10	-0.361435
2.28146e-10	-0.36203
2.28188e-10	-0.362626
2.28229e-10	-0.363222
2.28271e-10	-0.363817
2.28312e-10	-0.364413
2.28354e-10	-0.365008
2.28395e-10	-0.365603
2.28437e-10	-0.366198
2.28478e-10	-0.366793
2.2852e-10	-0.367387
2.28561e-10	-0.367982
2.28603e-10	-0.368576
2.28645e-10	-0.36917
2.28686e-10	-0.369764
2.28728e-10	-0.370358
2.28769e-10	-0.370952
2.28811e-10	-0.371546
2.28852e-10	-0.372139
2.28894e-10	-0.372732
2.28935e-10	-0.373325
2.28977e-10	-0.373918
2.29018e-10	-0.374511
2.2906e-10	-0.375104
2.29101e-10	-0.375696
2.29143e-10	-0.376289
2.29184e-10	-0.376881
2.29226e-10	-0.377473
2.29267e-10	-0.378065
2.29309e-10	-0.378656
2.2935e-10	-0.379248
2.29392e-10	-0.379839
2.29434e-10	-0.380431
2.29475e-10	-0.381022
2.29517e-10	-0.381613
2.29558e-10	-0.382204
2.296e-10	-0.382794
2.29641e-10	-0.383385
2.29683e-10	-0.383975
2.29724e-10	-0.384565
2.29766e-10	-0.385155
2.29807e-10	-0.385745
2.29849e-10	-0.386335
2.2989e-10	-0.386924
2.29932e-10	-0.387514
2.29973e-10	-0.388103
2.30015e-10	-0.388692
2.30056e-10	-0.389281
2.30098e-10	-0.38987
2.30139e-10	-0.390458
2.30181e-10	-0.391047
2.30223e-10	-0.391635
2.30264e-10	-0.392223
2.30306e-10	-0.392811
2.30347e-10	-0.393399
2.30389e-10	-0.393986
2.3043e-10	-0.394574
2.30472e-10	-0.395161
2.30513e-10	-0.395748
2.30555e-10	-0.396335
2.30596e-10	-0.396922
2.30638e-10	-0.397509
2.30679e-10	-0.398095
2.30721e-10	-0.398681
2.30762e-10	-0.399268
2.30804e-10	-0.399854
2.30845e-10	-0.40044
2.30887e-10	-0.401025
2.30928e-10	-0.401611
2.3097e-10	-0.402196
2.31012e-10	-0.402781
2.31053e-10	-0.403366
2.31095e-10	-0.403951
2.31136e-10	-0.404536
2.31178e-10	-0.40512
2.31219e-10	-0.405705
2.31261e-10	-0.406289
2.31302e-10	-0.406873
2.31344e-10	-0.407457
2.31385e-10	-0.40804
2.31427e-10	-0.408624
2.31468e-10	-0.409207
2.3151e-10	-0.409791
2.31551e-10	-0.410374
2.31593e-10	-0.410956
2.31634e-10	-0.411539
2.31676e-10	-0.412122
2.31717e-10	-0.412704
2.31759e-10	-0.413286
2.31801e-10	-0.413868
2.31842e-10	-0.41445
2.31884e-10	-0.415032
2.31925e-10	-0.415613
2.31967e-10	-0.416195
2.32008e-10	-0.416776
2.3205e-10	-0.417357
2.32091e-10	-0.417938
2.32133e-10	-0.418518
2.32174e-10	-0.419099
2.32216e-10	-0.419679
2.32257e-10	-0.420259
2.32299e-10	-0.420839
2.3234e-10	-0.421419
2.32382e-10	-0.421999
2.32423e-10	-0.422578
2.32465e-10	-0.423157
2.32506e-10	-0.423736
2.32548e-10	-0.424315
2.3259e-10	-0.424894
2.32631e-10	-0.425473
2.32673e-10	-0.426051
2.32714e-10	-0.426629
2.32756e-10	-0.427207
2.32797e-10	-0.427785
2.32839e-10	-0.428363
2.3288e-10	-0.428941
2.32922e-10	-0.429518
2.32963e-10	-0.430095
2.33005e-10	-0.430672
2.33046e-10	-0.431249
2.33088e-10	-0.431826
2.33129e-10	-0.432402
2.33171e-10	-0.432978
2.33212e-10	-0.433555
2.33254e-10	-0.434131
2.33295e-10	-0.434706
2.33337e-10	-0.435282
2.33379e-10	-0.435857
2.3342e-10	-0.436433
2.33462e-10	-0.437008
2.33503e-10	-0.437583
2.33545e-10	-0.438157
2.33586e-10	-0.438732
2.33628e-10	-0.439306
2.33669e-10	-0.43988
2.33711e-10	-0.440454
2.33752e-10	-0.441028
2.33794e-10	-0.441602
2.33835e-10	-0.442175
2.33877e-10	-0.442748
2.33918e-10	-0.443322
2.3396e-10	-0.443894
2.34001e-10	-0.444467
2.34043e-10	-0.44504
2.34084e-10	-0.445612
2.34126e-10	-0.446184
2.34168e-10	-0.446756
2.34209e-10	-0.447328
2.34251e-10	-0.4479
2.34292e-10	-0.448471
2.34334e-10	-0.449042
2.34375e-10	-0.449614
2.34417e-10	-0.450184
2.34458e-10	-0.450755
2.345e-10	-0.451326
2.34541e-10	-0.451896
2.34583e-10	-0.452466
2.34624e-10	-0.453036
2.34666e-10	-0.453606
2.34707e-10	-0.454176
2.34749e-10	-0.454745
2.3479e-10	-0.455314
2.34832e-10	-0.455883
2.34873e-10	-0.456452
2.34915e-10	-0.457021
2.34957e-10	-0.457589
2.34998e-10	-0.458158
2.3504e-10	-0.458726
2.35081e-10	-0.459294
2.35123e-10	-0.459861
2.35164e-10	-0.460429
2.35206e-10	-0.460996
2.35247e-10	-0.461564
2.35289e-10	-0.462131
2.3533e-10	-0.462697
2.35372e-10	-0.463264
2.35413e-10	-0.46383
2.35455e-10	-0.464397
2.35496e-10	-0.464963
2.35538e-10	-0.465528
2.35579e-10	-0.466094
2.35621e-10	-0.46666
2.35662e-10	-0.467225
2.35704e-10	-0.46779
2.35746e-10	-0.468355
2.35787e-10	-0.46892
2.35829e-10	-0.469484
2.3587e-10	-0.470048
2.35912e-10	-0.470613
2.35953e-10	-0.471177
2.35995e-10	-0.47174
2.36036e-10	-0.472304
2.36078e-10	-0.472867
2.36119e-10	-0.47343
2.36161e-10	-0.473993
2.36202e-10	-0.474556
2.36244e-10	-0.475119
2.36285e-10	-0.475681
2.36327e-10	-0.476243
2.36368e-10	-0.476805
2.3641e-10	-0.477367
2.36451e-10	-0.477929
2.36493e-10	-0.47849
2.36535e-10	-0.479051
2.36576e-10	-0.479612
2.36618e-10	-0.480173
2.36659e-10	-0.480734
2.36701e-10	-0.481294
2.36742e-10	-0.481854
2.36784e-10	-0.482415
2.36825e-10	-0.482974
2.36867e-10	-0.483534
2.36908e-10	-0.484093
2.3695e-10	-0.484653
2.36991e-10	-0.485212
2.37033e-10	-0.485771
2.37074e-10	-0.486329
2.37116e-10	-0.486888
2.37157e-10	-0.487446
2.37199e-10	-0.488004
2.3724e-10	-0.488562
2.37282e-10	-0.48912
2.37324e-10	-0.489677
2.37365e-10	-0.490234
2.37407e-10	-0.490791
2.37448e-10	-0.491348
2.3749e-10	-0.491905
2.37531e-10	-0.492461
2.37573e-10	-0.493018
2.37614e-10	-0.493574
2.37656e-10	-0.49413
2.37697e-10	-0.494685
2.37739e-10	-0.495241
2.3778e-10	-0.495796
2.37822e-10	-0.496351
2.37863e-10	-0.496906
2.37905e-10	-0.49746
2.37946e-10	-0.498015
2.37988e-10	-0.498569
2.38029e-10	-0.499123
2.38071e-10	-0.499677
2.38113e-10	-0.500231
2.38154e-10	-0.500784
2.38196e-10	-0.501337
2.38237e-10	-0.50189
2.38279e-10	-0.502443
2.3832e-10	-0.502996
2.38362e-10	-0.503548
2.38403e-10	-0.5041
2.38445e-10	-0.504652
2.38486e-10	-0.505204
2.38528e-10	-0.505756
2.38569e-10	-0.506307
2.38611e-10	-0.506858
2.38652e-10	-0.507409
2.38694e-10	-0.50796
2.38735e-10	-0.50851
2.38777e-10	-0.509061
2.38818e-10	-0.509611
2.3886e-10	-0.510161
2.38902e-10	-0.51071
2.38943e-10	-0.51126
2.38985e-10	-0.511809
2.39026e-10	-0.512358
2.39068e-10	-0.512907
2.39109e-10	-0.513456
2.39151e-10	-0.514004
2.39192e-10	-0.514552
2.39234e-10	-0.5151
2.39275e-10	-0.515648
2.39317e-10	-0.516196
2.39358e-10	-0.516743
2.394e-10	-0.51729
2.39441e-10	-0.517837
2.39483e-10	-0.518384
2.39524e-10	-0.518931
2.39566e-10	-0.519477
2.39607e-10	-0.520023
2.39649e-10	-0.520569
2.39691e-10	-0.521115
2.39732e-10	-0.52166
2.39774e-10	-0.522206
2.39815e-10	-0.522751
2.39857e-10	-0.523295
2.39898e-10	-0.52384
2.3994e-10	-0.524384
2.39981e-10	-0.524929
2.40023e-10	-0.525473
2.40064e-10	-0.526016
2.40106e-10	-0.52656
2.40147e-10	-0.527103
2.40189e-10	-0.527646
2.4023e-10	-0.528189
2.40272e-10	-0.528732
2.40313e-10	-0.529275
2.40355e-10	-0.529817
2.40396e-10	-0.530359
2.40438e-10	-0.530901
2.4048e-10	-0.531442
2.40521e-10	-0.531984
2.40563e-10	-0.532525
2.40604e-10	-0.533066
2.40646e-10	-0.533607
2.40687e-10	-0.534147
2.40729e-10	-0.534687
2.4077e-10	-0.535228
2.40812e-10	-0.535767
2.40853e-10	-0.536307
2.40895e-10	-0.536847
2.40936e-10	-0.537386
2.40978e-10	-0.537925
2.41019e-10	-0.538463
2.41061e-10	-0.539002
2.41102e-10	-0.53954
2.41144e-10	-0.540078
2.41185e-10	-0.540616
2.41227e-10	-0.541154
2.41269e-10	-0.541691
2.4131e-10	-0.542229
2.41352e-10	-0.542766
2.41393e-10	-0.543303
2.41435e-10	-0.543839
2.41476e-10	-0.544375
2.41518e-10	-0.544912
2.41559e-10	-0.545447
2.41601e-10	-0.545983
2.41642e-10	-0.546519
2.41684e-10	-0.547054
2.41725e-10	-0.547589
2.41767e-10	-0.548124
2.41808e-10	-0.548658
2.4185e-10	-0.549192
2.41891e-10	-0.549727
2.41933e-10	-0.55026
2.41974e-10	-0.550794
2.42016e-10	-0.551328
2.42058e-10	-0.551861
2.42099e-10	-0.552394
2.42141e-10	-0.552926
2.42182e-10	-0.553459
2.42224e-10	-0.553991
2.42265e-10	-0.554523
2.42307e-10	-0.555055
2.42348e-10	-0.555587
2.4239e-10	-0.556118
2.42431e-10	-0.556649
2.42473e-10	-0.55718
2.42514e-10	-0.557711
2.42556e-10	-0.558242
2.42597e-10	-0.558772
2.42639e-10	-0.559302
2.4268e-10	-0.559832
2.42722e-10	-0.560361
2.42764e-10	-0.560891
2.42805e-10	-0.56142
2.42847e-10	-0.561949
2.42888e-10	-0.562477
2.4293e-10	-0.563006
2.42971e-10	-0.563534
2.43013e-10	-0.564062
2.43054e-10	-0.56459
2.43096e-10	-0.565117
2.43137e-10	-0.565644
2.43179e-10	-0.566171
2.4322e-10	-0.566698
2.43262e-10	-0.567225
2.43303e-10	-0.567751
2.43345e-10	-0.568277
2.43386e-10	-0.568803
2.43428e-10	-0.569329
2.43469e-10	-0.569854
2.43511e-10	-0.570379
2.43553e-10	-0.570904
2.43594e-10	-0.571429
2.43636e-10	-0.571953
2.43677e-10	-0.572478
2.43719e-10	-0.573002
2.4376e-10	-0.573526
2.43802e-10	-0.574049
2.43843e-10	-0.574572
2.43885e-10	-0.575095
2.43926e-10	-0.575618
2.43968e-10	-0.576141
2.44009e-10	-0.576663
2.44051e-10	-0.577185
2.44092e-10	-0.577707
2.44134e-10	-0.578229
2.44175e-10	-0.57875
2.44217e-10	-0.579272
2.44258e-10	-0.579793
2.443e-10	-0.580313
2.44342e-10	-0.580834
2.44383e-10	-0.581354
2.44425e-10	-0.581874
2.44466e-10	-0.582394
2.44508e-10	-0.582913
2.44549e-10	-0.583433
2.44591e-10	-0.583952
2.44632e-10	-0.584471
2.44674e-10	-0.584989
2.44715e-10	-0.585507
2.44757e-10	-0.586026
2.44798e-10	-0.586543
2.4484e-10	-0.587061
2.44881e-10	-0.587578
2.44923e-10	-0.588095
2.44964e-10	-0.588612
2.45006e-10	-0.589129
2.45047e-10	-0.589646
2.45089e-10	-0.590162
2.45131e-10	-0.590678
2.45172e-10	-0.591193
2.45214e-10	-0.591709
2.45255e-10	-0.592224
2.45297e-10	-0.592739
2.45338e-10	-0.593254
2.4538e-10	-0.593768
2.45421e-10	-0.594282
2.45463e-10	-0.594796
2.45504e-10	-0.59531
2.45546e-10	-0.595824
2.45587e-10	-0.596337
2.45629e-10	-0.59685
2.4567e-10	-0.597363
2.45712e-10	-0.597875
2.45753e-10	-0.598388
2.45795e-10	-0.5989
2.45836e-10	-0.599411
2.45878e-10	-0.599923
2.4592e-10	-0.600434
2.45961e-10	-0.600945
2.46003e-10	-0.601456
2.46044e-10	-0.601967
2.46086e-10	-0.602477
2.46127e-10	-0.602987
2.46169e-10	-0.603497
2.4621e-10	-0.604007
2.46252e-10	-0.604516
2.46293e-10	-0.605025
2.46335e-10	-0.605534
2.46376e-10	-0.606043
2.46418e-10	-0.606551
2.46459e-10	-0.607059
2.46501e-10	-0.607567
2.46542e-10	-0.608074
2.46584e-10	-0.608582
2.46625e-10	-0.609089
2.46667e-10	-0.609596
2.46709e-10	-0.610102
2.4675e-10	-0.610609
2.46792e-10	-0.611115
2.46833e-10	-0.611621
2.46875e-10	-0.612126
2.46916e-10	-0.612632
2.46958e-10	-0.613137
2.46999e-10	-0.613642
2.47041e-10	-0.614146
2.47082e-10	-0.614651
2.47124e-10	-0.615155
2.47165e-10	-0.615659
2.47207e-10	-0.616162
2.47248e-10	-0.616666
2.4729e-10	-0.617169
2.47331e-10	-0.617672
2.47373e-10	-0.618174
2.47414e-10	-0.618677
2.47456e-10	-0.619179
2.47498e-10	-0.619681
2.47539e-10	-0.620182
2.47581e-10	-0.620683
2.47622e-10	-0.621185
2.47664e-10	-0.621685
2.47705e-10	-0.622186
2.47747e-10	-0.622686
2.47788e-10	-0.623186
2.4783e-10	-0.623686
2.47871e-10	-0.624186
2.47913e-10	-0.624685
2.47954e-10	-0.625184
2.47996e-10	-0.625683
2.48037e-10	-0.626181
2.48079e-10	-0.62668
2.4812e-10	-0.627178
2.48162e-10	-0.627675
2.48203e-10	-0.628173
2.48245e-10	-0.62867
2.48287e-10	-0.629167
2.48328e-10	-0.629664
2.4837e-10	-0.63016
2.48411e-10	-0.630657
2.48453e-10	-0.631153
2.48494e-10	-0.631648
2.48536e-10	-0.632144
2.48577e-10	-0.632639
2.48619e-10	-0.633134
2.4866e-10	-0.633629
2.48702e-10	-0.634123
2.48743e-10	-0.634617
2.48785e-10	-0.635111
2.48826e-10	-0.635605
2.48868e-10	-0.636098
2.48909e-10	-0.636591
2.48951e-10	-0.637084
2.48992e-10	-0.637577
2.49034e-10	-0.638069
2.49076e-10	-0.638561
2.49117e-10	-0.639053
2.49159e-10	-0.639544
2.492e-10	-0.640036
2.49242e-10	-0.640527
2.49283e-10	-0.641018
2.49325e-10	-0.641508
2.49366e-10	-0.641998
2.49408e-10	-0.642488
2.49449e-10	-0.642978
2.49491e-10	-0.643467
2.49532e-10	-0.643957
2.49574e-10	-0.644446
2.49615e-10	-0.644934
2.49657e-10	-0.645423
2.49698e-10	-0.645911
2.4974e-10	-0.646399
2.49781e-10	-0.646886
2.49823e-10	-0.647374
2.49865e-10	-0.647861
2.49906e-10	-0.648348
2.49948e-10	-0.648834
2.49989e-10	-0.64932
2.50031e-10	-0.649806
2.50072e-10	-0.650292
2.50114e-10	-0.650778
2.50155e-10	-0.651263
2.50197e-10	-0.651748
2.50238e-10	-0.652233
2.5028e-10	-0.652717
2.50321e-10	-0.653201
2.50363e-10	-0.653685
2.50404e-10	-0.654169
2.50446e-10	-0.654652
2.50487e-10	-0.655135
2.50529e-10	-0.655618
2.5057e-10	-0.656101
2.50612e-10	-0.656583
2.50654e-10	-0.657065
2.50695e-10	-0.657547
2.50737e-10	-0.658028
2.50778e-10	-0.658509
2.5082e-10	-0.65899
2.50861e-10	-0.659471
2.50903e-10	-0.659951
2.50944e-10	-0.660432
2.50986e-10	-0.660911
2.51027e-10	-0.661391
2.51069e-10	-0.66187
2.5111e-10	-0.662349
2.51152e-10	-0.662828
2.51193e-10	-0.663307
2.51235e-10	-0.663785
2.51276e-10	-0.664263
2.51318e-10	-0.664741
2.51359e-10	-0.665218
2.51401e-10	-0.665695
2.51443e-10	-0.666172
2.51484e-10	-0.666649
2.51526e-10	-0.667125
2.51567e-10	-0.667601
2.51609e-10	-0.668077
2.5165e-10	-0.668552
2.51692e-10	-0.669028
2.51733e-10	-0.669503
2.51775e-10	-0.669977
2.51816e-10	-0.670452
2.51858e-10	-0.670926
2.51899e-10	-0.6714
2.51941e-10	-0.671873
2.51982e-10	-0.672347
2.52024e-10	-0.67282
2.52065e-10	-0.673293
2.52107e-10	-0.673765
2.52148e-10	-0.674237
2.5219e-10	-0.674709
2.52232e-10	-0.675181
2.52273e-10	-0.675652
2.52315e-10	-0.676123
2.52356e-10	-0.676594
2.52398e-10	-0.677065
2.52439e-10	-0.677535
2.52481e-10	-0.678005
2.52522e-10	-0.678475
2.52564e-10	-0.678944
2.52605e-10	-0.679414
2.52647e-10	-0.679883
2.52688e-10	-0.680351
2.5273e-10	-0.68082
2.52771e-10	-0.681288
2.52813e-10	-0.681755
2.52854e-10	-0.682223
2.52896e-10	-0.68269
2.52937e-10	-0.683157
2.52979e-10	-0.683624
2.53021e-10	-0.68409
2.53062e-10	-0.684556
2.53104e-10	-0.685022
2.53145e-10	-0.685488
2.53187e-10	-0.685953
2.53228e-10	-0.686418
2.5327e-10	-0.686883
2.53311e-10	-0.687347
2.53353e-10	-0.687811
2.53394e-10	-0.688275
2.53436e-10	-0.688739
2.53477e-10	-0.689202
2.53519e-10	-0.689665
2.5356e-10	-0.690128
2.53602e-10	-0.690591
2.53643e-10	-0.691053
2.53685e-10	-0.691515
2.53726e-10	-0.691976
2.53768e-10	-0.692438
2.5381e-10	-0.692899
2.53851e-10	-0.693359
2.53893e-10	-0.69382
2.53934e-10	-0.69428
2.53976e-10	-0.69474
2.54017e-10	-0.6952
2.54059e-10	-0.695659
2.541e-10	-0.696118
2.54142e-10	-0.696577
2.54183e-10	-0.697035
2.54225e-10	-0.697494
2.54266e-10	-0.697952
2.54308e-10	-0.698409
2.54349e-10	-0.698867
2.54391e-10	-0.699324
2.54432e-10	-0.699781
2.54474e-10	-0.700237
2.54515e-10	-0.700693
2.54557e-10	-0.701149
2.54599e-10	-0.701605
2.5464e-10	-0.70206
2.54682e-10	-0.702515
2.54723e-10	-0.70297
2.54765e-10	-0.703425
2.54806e-10	-0.703879
2.54848e-10	-0.704333
2.54889e-10	-0.704786
2.54931e-10	-0.70524
2.54972e-10	-0.705693
2.55014e-10	-0.706146
2.55055e-10	-0.706598
2.55097e-10	-0.70705
2.55138e-10	-0.707502
2.5518e-10	-0.707954
2.55221e-10	-0.708405
2.55263e-10	-0.708856
2.55304e-10	-0.709307
2.55346e-10	-0.709757
2.55388e-10	-0.710208
2.55429e-10	-0.710657
2.55471e-10	-0.711107
2.55512e-10	-0.711556
2.55554e-10	-0.712005
2.55595e-10	-0.712454
2.55637e-10	-0.712902
2.55678e-10	-0.713351
2.5572e-10	-0.713798
2.55761e-10	-0.714246
2.55803e-10	-0.714693
2.55844e-10	-0.71514
2.55886e-10	-0.715587
2.55927e-10	-0.716033
2.55969e-10	-0.716479
2.5601e-10	-0.716925
2.56052e-10	-0.717371
2.56093e-10	-0.717816
2.56135e-10	-0.718261
2.56177e-10	-0.718705
2.56218e-10	-0.71915
2.5626e-10	-0.719594
2.56301e-10	-0.720038
2.56343e-10	-0.720481
2.56384e-10	-0.720924
2.56426e-10	-0.721367
2.56467e-10	-0.72181
2.56509e-10	-0.722252
2.5655e-10	-0.722694
2.56592e-10	-0.723136
2.56633e-10	-0.723577
2.56675e-10	-0.724018
2.56716e-10	-0.724459
2.56758e-10	-0.724899
2.56799e-10	-0.72534
2.56841e-10	-0.725779
2.56882e-10	-0.726219
2.56924e-10	-0.726658
2.56966e-10	-0.727097
2.57007e-10	-0.727536
2.57049e-10	-0.727975
2.5709e-10	-0.728413
2.57132e-10	-0.72885
2.57173e-10	-0.729288
2.57215e-10	-0.729725
2.57256e-10	-0.730162
2.57298e-10	-0.730599
2.57339e-10	-0.731035
2.57381e-10	-0.731471
2.57422e-10	-0.731907
2.57464e-10	-0.732342
2.57505e-10	-0.732777
2.57547e-10	-0.733212
2.57588e-10	-0.733647
2.5763e-10	-0.734081
2.57671e-10	-0.734515
2.57713e-10	-0.734949
2.57755e-10	-0.735382
2.57796e-10	-0.735815
2.57838e-10	-0.736248
2.57879e-10	-0.73668
2.57921e-10	-0.737112
2.57962e-10	-0.737544
2.58004e-10	-0.737976
2.58045e-10	-0.738407
2.58087e-10	-0.738838
2.58128e-10	-0.739269
2.5817e-10	-0.739699
2.58211e-10	-0.740129
2.58253e-10	-0.740559
2.58294e-10	-0.740988
2.58336e-10	-0.741417
2.58377e-10	-0.741846
2.58419e-10	-0.742274
2.5846e-10	-0.742703
2.58502e-10	-0.743131
2.58544e-10	-0.743558
2.58585e-10	-0.743985
2.58627e-10	-0.744412
2.58668e-10	-0.744839
2.5871e-10	-0.745266
2.58751e-10	-0.745692
2.58793e-10	-0.746117
2.58834e-10	-0.746543
2.58876e-10	-0.746968
2.58917e-10	-0.747393
2.58959e-10	-0.747817
2.59e-10	-0.748242
2.59042e-10	-0.748666
2.59083e-10	-0.749089
2.59125e-10	-0.749513
2.59166e-10	-0.749936
2.59208e-10	-0.750358
2.59249e-10	-0.750781
2.59291e-10	-0.751203
2.59333e-10	-0.751625
2.59374e-10	-0.752046
2.59416e-10	-0.752467
2.59457e-10	-0.752888
2.59499e-10	-0.753309
2.5954e-10	-0.753729
2.59582e-10	-0.754149
2.59623e-10	-0.754569
2.59665e-10	-0.754988
2.59706e-10	-0.755407
2.59748e-10	-0.755826
2.59789e-10	-0.756244
2.59831e-10	-0.756662
2.59872e-10	-0.75708
2.59914e-10	-0.757497
2.59955e-10	-0.757915
2.59997e-10	-0.758331
2.60038e-10	-0.758748
2.6008e-10	-0.759164
2.60122e-10	-0.75958
2.60163e-10	-0.759996
2.60205e-10	-0.760411
2.60246e-10	-0.760826
2.60288e-10	-0.761241
2.60329e-10	-0.761655
2.60371e-10	-0.762069
2.60412e-10	-0.762483
2.60454e-10	-0.762896
2.60495e-10	-0.76331
2.60537e-10	-0.763722
2.60578e-10	-0.764135
2.6062e-10	-0.764547
2.60661e-10	-0.764959
2.60703e-10	-0.765371
2.60744e-10	-0.765782
2.60786e-10	-0.766193
2.60827e-10	-0.766603
2.60869e-10	-0.767014
2.60911e-10	-0.767424
2.60952e-10	-0.767833
2.60994e-10	-0.768243
2.61035e-10	-0.768652
2.61077e-10	-0.769061
2.61118e-10	-0.769469
2.6116e-10	-0.769877
2.61201e-10	-0.770285
2.61243e-10	-0.770693
2.61284e-10	-0.7711
2.61326e-10	-0.771507
2.61367e-10	-0.771913
2.61409e-10	-0.772319
2.6145e-10	-0.772725
2.61492e-10	-0.773131
2.61533e-10	-0.773536
2.61575e-10	-0.773941
2.61616e-10	-0.774346
2.61658e-10	-0.77475
2.617e-10	-0.775154
2.61741e-10	-0.775558
2.61783e-10	-0.775961
2.61824e-10	-0.776364
2.61866e-10	-0.776767
2.61907e-10	-0.777169
2.61949e-10	-0.777572
2.6199e-10	-0.777973
2.62032e-10	-0.778375
2.62073e-10	-0.778776
2.62115e-10	-0.779177
2.62156e-10	-0.779577
2.62198e-10	-0.779978
2.62239e-10	-0.780377
2.62281e-10	-0.780777
2.62322e-10	-0.781176
2.62364e-10	-0.781575
2.62406e-10	-0.781974
2.62447e-10	-0.782372
2.62489e-10	-0.78277
2.6253e-10	-0.783168
2.62572e-10	-0.783565
2.62613e-10	-0.783962
2.62655e-10	-0.784359
2.62696e-10	-0.784755
2.62738e-10	-0.785151
2.62779e-10	-0.785547
2.62821e-10	-0.785942
2.62862e-10	-0.786337
2.62904e-10	-0.786732
2.62945e-10	-0.787127
2.62987e-10	-0.787521
2.63028e-10	-0.787915
2.6307e-10	-0.788308
2.63111e-10	-0.788701
2.63153e-10	-0.789094
2.63195e-10	-0.789487
2.63236e-10	-0.789879
2.63278e-10	-0.790271
2.63319e-10	-0.790662
2.63361e-10	-0.791053
2.63402e-10	-0.791444
2.63444e-10	-0.791835
2.63485e-10	-0.792225
2.63527e-10	-0.792615
2.63568e-10	-0.793005
2.6361e-10	-0.793394
2.63651e-10	-0.793783
2.63693e-10	-0.794171
2.63734e-10	-0.79456
2.63776e-10	-0.794948
2.63817e-10	-0.795335
2.63859e-10	-0.795723
2.639e-10	-0.79611
2.63942e-10	-0.796496
2.63984e-10	-0.796883
2.64025e-10	-0.797269
2.64067e-10	-0.797655
2.64108e-10	-0.79804
2.6415e-10	-0.798425
2.64191e-10	-0.79881
2.64233e-10	-0.799194
2.64274e-10	-0.799578
2.64316e-10	-0.799962
2.64357e-10	-0.800345
2.64399e-10	-0.800728
2.6444e-10	-0.801111
2.64482e-10	-0.801494
2.64523e-10	-0.801876
2.64565e-10	-0.802257
2.64606e-10	-0.802639
2.64648e-10	-0.80302
2.64689e-10	-0.803401
2.64731e-10	-0.803781
2.64773e-10	-0.804161
2.64814e-10	-0.804541
2.64856e-10	-0.804921
2.64897e-10	-0.8053
2.64939e-10	-0.805679
2.6498e-10	-0.806057
2.65022e-10	-0.806435
2.65063e-10	-0.806813
2.65105e-10	-0.807191
2.65146e-10	-0.807568
2.65188e-10	-0.807945
2.65229e-10	-0.808321
2.65271e-10	-0.808698
2.65312e-10	-0.809073
2.65354e-10	-0.809449
2.65395e-10	-0.809824
2.65437e-10	-0.810199
2.65478e-10	-0.810573
2.6552e-10	-0.810948
2.65562e-10	-0.811322
2.65603e-10	-0.811695
2.65645e-10	-0.812068
2.65686e-10	-0.812441
2.65728e-10	-0.812814
2.65769e-10	-0.813186
2.65811e-10	-0.813558
2.65852e-10	-0.813929
2.65894e-10	-0.814301
2.65935e-10	-0.814671
2.65977e-10	-0.815042
2.66018e-10	-0.815412
2.6606e-10	-0.815782
2.66101e-10	-0.816152
2.66143e-10	-0.816521
2.66184e-10	-0.81689
2.66226e-10	-0.817258
2.66267e-10	-0.817627
2.66309e-10	-0.817994
2.66351e-10	-0.818362
2.66392e-10	-0.818729
2.66434e-10	-0.819096
2.66475e-10	-0.819463
2.66517e-10	-0.819829
2.66558e-10	-0.820195
2.666e-10	-0.82056
2.66641e-10	-0.820925
2.66683e-10	-0.82129
2.66724e-10	-0.821655
2.66766e-10	-0.822019
2.66807e-10	-0.822383
2.66849e-10	-0.822746
2.6689e-10	-0.82311
2.66932e-10	-0.823472
2.66973e-10	-0.823835
2.67015e-10	-0.824197
2.67056e-10	-0.824559
2.67098e-10	-0.82492
2.6714e-10	-0.825282
2.67181e-10	-0.825642
2.67223e-10	-0.826003
2.67264e-10	-0.826363
2.67306e-10	-0.826723
2.67347e-10	-0.827082
2.67389e-10	-0.827442
2.6743e-10	-0.8278
2.67472e-10	-0.828159
2.67513e-10	-0.828517
2.67555e-10	-0.828875
2.67596e-10	-0.829232
2.67638e-10	-0.829589
2.67679e-10	-0.829946
2.67721e-10	-0.830302
2.67762e-10	-0.830659
2.67804e-10	-0.831014
2.67845e-10	-0.83137
2.67887e-10	-0.831725
2.67929e-10	-0.83208
2.6797e-10	-0.832434
2.68012e-10	-0.832788
2.68053e-10	-0.833142
2.68095e-10	-0.833495
2.68136e-10	-0.833848
2.68178e-10	-0.834201
2.68219e-10	-0.834553
2.68261e-10	-0.834905
2.68302e-10	-0.835257
2.68344e-10	-0.835608
2.68385e-10	-0.835959
2.68427e-10	-0.83631
2.68468e-10	-0.83666
2.6851e-10	-0.83701
2.68551e-10	-0.83736
2.68593e-10	-0.837709
2.68634e-10	-0.838058
2.68676e-10	-0.838406
2.68718e-10	-0.838755
2.68759e-10	-0.839103
2.68801e-10	-0.83945
2.68842e-10	-0.839797
2.68884e-10	-0.840144
2.68925e-10	-0.840491
2.68967e-10	-0.840837
2.69008e-10	-0.841183
2.6905e-10	-0.841528
2.69091e-10	-0.841873
2.69133e-10	-0.842218
2.69174e-10	-0.842563
2.69216e-10	-0.842907
2.69257e-10	-0.843251
2.69299e-10	-0.843594
2.6934e-10	-0.843937
2.69382e-10	-0.84428
2.69423e-10	-0.844622
2.69465e-10	-0.844964
2.69507e-10	-0.845306
2.69548e-10	-0.845648
2.6959e-10	-0.845989
2.69631e-10	-0.846329
2.69673e-10	-0.84667
2.69714e-10	-0.84701
2.69756e-10	-0.847349
2.69797e-10	-0.847688
2.69839e-10	-0.848027
2.6988e-10	-0.848366
2.69922e-10	-0.848704
2.69963e-10	-0.849042
2.70005e-10	-0.84938
2.70046e-10	-0.849717
2.70088e-10	-0.850054
2.70129e-10	-0.85039
2.70171e-10	-0.850726
2.70212e-10	-0.851062
2.70254e-10	-0.851398
2.70296e-10	-0.851733
2.70337e-10	-0.852068
2.70379e-10	-0.852402
2.7042e-10	-0.852736
2.70462e-10	-0.85307
2.70503e-10	-0.853403
2.70545e-10	-0.853736
2.70586e-10	-0.854069
2.70628e-10	-0.854401
2.70669e-10	-0.854733
2.70711e-10	-0.855065
2.70752e-10	-0.855396
2.70794e-10	-0.855727
2.70835e-10	-0.856058
2.70877e-10	-0.856388
2.70918e-10	-0.856718
2.7096e-10	-0.857047
2.71001e-10	-0.857377
2.71043e-10	-0.857705
2.71085e-10	-0.858034
2.71126e-10	-0.858362
2.71168e-10	-0.85869
2.71209e-10	-0.859017
2.71251e-10	-0.859344
2.71292e-10	-0.859671
2.71334e-10	-0.859998
2.71375e-10	-0.860324
2.71417e-10	-0.860649
2.71458e-10	-0.860975
2.715e-10	-0.8613
2.71541e-10	-0.861624
2.71583e-10	-0.861948
2.71624e-10	-0.862272
2.71666e-10	-0.862596
2.71707e-10	-0.862919
2.71749e-10	-0.863242
2.7179e-10	-0.863565
2.71832e-10	-0.863887
2.71874e-10	-0.864209
2.71915e-10	-0.86453
2.71957e-10	-0.864851
2.71998e-10	-0.865172
2.7204e-10	-0.865492
2.72081e-10	-0.865812
2.72123e-10	-0.866132
2.72164e-10	-0.866451
2.72206e-10	-0.86677
2.72247e-10	-0.867089
2.72289e-10	-0.867407
2.7233e-10	-0.867725
2.72372e-10	-0.868043
2.72413e-10	-0.86836
2.72455e-10	-0.868677
2.72496e-10	-0.868993
2.72538e-10	-0.869309
2.72579e-10	-0.869625
2.72621e-10	-0.86994
2.72663e-10	-0.870256
2.72704e-10	-0.87057
2.72746e-10	-0.870885
2.72787e-10	-0.871199
2.72829e-10	-0.871512
2.7287e-10	-0.871826
2.72912e-10	-0.872139
2.72953e-10	-0.872451
2.72995e-10	-0.872763
2.73036e-10	-0.873075
2.73078e-10	-0.873387
2.73119e-10	-0.873698
2.73161e-10	-0.874009
2.73202e-10	-0.874319
2.73244e-10	-0.874629
2.73285e-10	-0.874939
2.73327e-10	-0.875248
2.73368e-10	-0.875557
2.7341e-10	-0.875866
2.73452e-10	-0.876174
2.73493e-10	-0.876482
2.73535e-10	-0.87679
2.73576e-10	-0.877097
2.73618e-10	-0.877404
2.73659e-10	-0.87771
2.73701e-10	-0.878016
2.73742e-10	-0.878322
2.73784e-10	-0.878628
2.73825e-10	-0.878933
2.73867e-10	-0.879237
2.73908e-10	-0.879542
2.7395e-10	-0.879846
2.73991e-10	-0.880149
2.74033e-10	-0.880453
2.74074e-10	-0.880756
2.74116e-10	-0.881058
2.74157e-10	-0.88136
2.74199e-10	-0.881662
2.74241e-10	-0.881964
2.74282e-10	-0.882265
2.74324e-10	-0.882565
2.74365e-10	-0.882866
2.74407e-10	-0.883166
2.74448e-10	-0.883466
2.7449e-10	-0.883765
2.74531e-10	-0.884064
2.74573e-10	-0.884362
2.74614e-10	-0.884661
2.74656e-10	-0.884959
2.74697e-10	-0.885256
2.74739e-10	-0.885553
2.7478e-10	-0.88585
2.74822e-10	-0.886146
2.74863e-10	-0.886442
2.74905e-10	-0.886738
2.74946e-10	-0.887033
2.74988e-10	-0.887328
2.7503e-10	-0.887623
2.75071e-10	-0.887917
2.75113e-10	-0.888211
2.75154e-10	-0.888505
2.75196e-10	-0.888798
2.75237e-10	-0.88909
2.75279e-10	-0.889383
2.7532e-10	-0.889675
2.75362e-10	-0.889967
2.75403e-10	-0.890258
2.75445e-10	-0.890549
2.75486e-10	-0.89084
2.75528e-10	-0.89113
2.75569e-10	-0.89142
2.75611e-10	-0.891709
2.75652e-10	-0.891998
2.75694e-10	-0.892287
2.75735e-10	-0.892576
2.75777e-10	-0.892864
2.75819e-10	-0.893151
2.7586e-10	-0.893439
2.75902e-10	-0.893726
2.75943e-10	-0.894012
2.75985e-10	-0.894298
2.76026e-10	-0.894584
2.76068e-10	-0.89487
2.76109e-10	-0.895155
2.76151e-10	-0.89544
2.76192e-10	-0.895724
2.76234e-10	-0.896008
2.76275e-10	-0.896292
2.76317e-10	-0.896575
2.76358e-10	-0.896858
2.764e-10	-0.897141
2.76441e-10	-0.897423
2.76483e-10	-0.897705
2.76524e-10	-0.897986
2.76566e-10	-0.898267
2.76608e-10	-0.898548
2.76649e-10	-0.898828
2.76691e-10	-0.899108
2.76732e-10	-0.899388
2.76774e-10	-0.899667
2.76815e-10	-0.899946
2.76857e-10	-0.900225
2.76898e-10	-0.900503
2.7694e-10	-0.900781
2.76981e-10	-0.901058
2.77023e-10	-0.901335
2.77064e-10	-0.901612
2.77106e-10	-0.901888
2.77147e-10	-0.902164
2.77189e-10	-0.90244
2.7723e-10	-0.902715
2.77272e-10	-0.90299
2.77313e-10	-0.903264
2.77355e-10	-0.903538
2.77397e-10	-0.903812
2.77438e-10	-0.904085
2.7748e-10	-0.904358
2.77521e-10	-0.904631
2.77563e-10	-0.904903
2.77604e-10	-0.905175
2.77646e-10	-0.905447
2.77687e-10	-0.905718
2.77729e-10	-0.905989
2.7777e-10	-0.906259
2.77812e-10	-0.906529
2.77853e-10	-0.906799
2.77895e-10	-0.907068
2.77936e-10	-0.907337
2.77978e-10	-0.907605
2.78019e-10	-0.907874
2.78061e-10	-0.908141
2.78102e-10	-0.908409
2.78144e-10	-0.908676
2.78186e-10	-0.908943
2.78227e-10	-0.909209
2.78269e-10	-0.909475
2.7831e-10	-0.909741
2.78352e-10	-0.910006
2.78393e-10	-0.910271
2.78435e-10	-0.910535
2.78476e-10	-0.910799
2.78518e-10	-0.911063
2.78559e-10	-0.911326
2.78601e-10	-0.911589
2.78642e-10	-0.911852
2.78684e-10	-0.912114
2.78725e-10	-0.912376
2.78767e-10	-0.912638
2.78808e-10	-0.912899
2.7885e-10	-0.913159
2.78891e-10	-0.91342
2.78933e-10	-0.91368
2.78975e-10	-0.913939
2.79016e-10	-0.914199
2.79058e-10	-0.914457
2.79099e-10	-0.914716
2.79141e-10	-0.914974
2.79182e-10	-0.915232
2.79224e-10	-0.915489
2.79265e-10	-0.915746
2.79307e-10	-0.916003
2.79348e-10	-0.916259
2.7939e-10	-0.916515
2.79431e-10	-0.916771
2.79473e-10	-0.917026
2.79514e-10	-0.91728
2.79556e-10	-0.917535
2.79597e-10	-0.917789
2.79639e-10	-0.918043
2.7968e-10	-0.918296
2.79722e-10	-0.918549
2.79764e-10	-0.918801
2.79805e-10	-0.919053
2.79847e-10	-0.919305
2.79888e-10	-0.919556
2.7993e-10	-0.919807
2.79971e-10	-0.920058
2.80013e-10	-0.920308
2.80054e-10	-0.920558
2.80096e-10	-0.920808
2.80137e-10	-0.921057
2.80179e-10	-0.921306
2.8022e-10	-0.921554
2.80262e-10	-0.921802
2.80303e-10	-0.92205
2.80345e-10	-0.922297
2.80386e-10	-0.922544
2.80428e-10	-0.92279
2.80469e-10	-0.923036
2.80511e-10	-0.923282
2.80553e-10	-0.923527
2.80594e-10	-0.923772
2.80636e-10	-0.924017
2.80677e-10	-0.924261
2.80719e-10	-0.924505
2.8076e-10	-0.924749
2.80802e-10	-0.924992
2.80843e-10	-0.925234
2.80885e-10	-0.925477
2.80926e-10	-0.925719
2.80968e-10	-0.92596
2.81009e-10	-0.926202
2.81051e-10	-0.926442
2.81092e-10	-0.926683
2.81134e-10	-0.926923
2.81175e-10	-0.927163
2.81217e-10	-0.927402
2.81258e-10	-0.927641
2.813e-10	-0.927879
2.81342e-10	-0.928118
2.81383e-10	-0.928355
2.81425e-10	-0.928593
2.81466e-10	-0.92883
2.81508e-10	-0.929066
2.81549e-10	-0.929303
2.81591e-10	-0.929539
2.81632e-10	-0.929774
2.81674e-10	-0.930009
2.81715e-10	-0.930244
2.81757e-10	-0.930478
2.81798e-10	-0.930712
2.8184e-10	-0.930946
2.81881e-10	-0.931179
2.81923e-10	-0.931412
2.81964e-10	-0.931645
2.82006e-10	-0.931877
2.82048e-10	-0.932108
2.82089e-10	-0.93234
2.82131e-10	-0.932571
2.82172e-10	-0.932801
2.82214e-10	-0.933031
2.82255e-10	-0.933261
2.82297e-10	-0.933491
2.82338e-10	-0.93372
2.8238e-10	-0.933948
2.82421e-10	-0.934177
2.82463e-10	-0.934405
2.82504e-10	-0.934632
2.82546e-10	-0.934859
2.82587e-10	-0.935086
2.82629e-10	-0.935312
2.8267e-10	-0.935538
2.82712e-10	-0.935764
2.82753e-10	-0.935989
2.82795e-10	-0.936214
2.82837e-10	-0.936439
2.82878e-10	-0.936663
2.8292e-10	-0.936886
2.82961e-10	-0.93711
2.83003e-10	-0.937333
2.83044e-10	-0.937555
2.83086e-10	-0.937777
2.83127e-10	-0.937999
2.83169e-10	-0.93822
2.8321e-10	-0.938441
2.83252e-10	-0.938662
2.83293e-10	-0.938882
2.83335e-10	-0.939102
2.83376e-10	-0.939322
2.83418e-10	-0.939541
2.83459e-10	-0.939759
2.83501e-10	-0.939978
2.83542e-10	-0.940196
2.83584e-10	-0.940413
2.83626e-10	-0.94063
2.83667e-10	-0.940847
2.83709e-10	-0.941064
2.8375e-10	-0.94128
2.83792e-10	-0.941495
2.83833e-10	-0.941711
2.83875e-10	-0.941925
2.83916e-10	-0.94214
2.83958e-10	-0.942354
2.83999e-10	-0.942568
2.84041e-10	-0.942781
2.84082e-10	-0.942994
2.84124e-10	-0.943206
2.84165e-10	-0.943419
2.84207e-10	-0.94363
2.84248e-10	-0.943842
2.8429e-10	-0.944053
2.84331e-10	-0.944264
2.84373e-10	-0.944474
2.84415e-10	-0.944684
2.84456e-10	-0.944893
2.84498e-10	-0.945102
2.84539e-10	-0.945311
2.84581e-10	-0.945519
2.84622e-10	-0.945727
2.84664e-10	-0.945935
2.84705e-10	-0.946142
2.84747e-10	-0.946349
2.84788e-10	-0.946555
2.8483e-10	-0.946761
2.84871e-10	-0.946967
2.84913e-10	-0.947172
2.84954e-10	-0.947377
2.84996e-10	-0.947581
2.85037e-10	-0.947785
2.85079e-10	-0.947989
2.8512e-10	-0.948192
2.85162e-10	-0.948395
2.85204e-10	-0.948597
2.85245e-10	-0.9488
2.85287e-10	-0.949001
2.85328e-10	-0.949203
2.8537e-10	-0.949404
2.85411e-10	-0.949604
2.85453e-10	-0.949804
2.85494e-10	-0.950004
2.85536e-10	-0.950203
2.85577e-10	-0.950402
2.85619e-10	-0.950601
2.8566e-10	-0.950799
2.85702e-10	-0.950997
2.85743e-10	-0.951195
2.85785e-10	-0.951392
2.85826e-10	-0.951588
2.85868e-10	-0.951785
2.85909e-10	-0.951981
2.85951e-10	-0.952176
2.85993e-10	-0.952371
2.86034e-10	-0.952566
2.86076e-10	-0.95276
2.86117e-10	-0.952954
2.86159e-10	-0.953148
2.862e-10	-0.953341
2.86242e-10	-0.953534
2.86283e-10	-0.953726
2.86325e-10	-0.953918
2.86366e-10	-0.95411
2.86408e-10	-0.954301
2.86449e-10	-0.954492
2.86491e-10	-0.954682
2.86532e-10	-0.954873
2.86574e-10	-0.955062
2.86615e-10	-0.955251
2.86657e-10	-0.95544
2.86698e-10	-0.955629
2.8674e-10	-0.955817
2.86782e-10	-0.956005
2.86823e-10	-0.956192
2.86865e-10	-0.956379
2.86906e-10	-0.956565
2.86948e-10	-0.956752
2.86989e-10	-0.956937
2.87031e-10	-0.957123
2.87072e-10	-0.957308
2.87114e-10	-0.957492
2.87155e-10	-0.957677
2.87197e-10	-0.95786
2.87238e-10	-0.958044
2.8728e-10	-0.958227
2.87321e-10	-0.958409
2.87363e-10	-0.958592
2.87404e-10	-0.958774
2.87446e-10	-0.958955
2.87487e-10	-0.959136
2.87529e-10	-0.959317
2.87571e-10	-0.959497
2.87612e-10	-0.959677
2.87654e-10	-0.959856
2.87695e-10	-0.960036
2.87737e-10	-0.960214
2.87778e-10	-0.960393
2.8782e-10	-0.960571
2.87861e-10	-0.960748
2.87903e-10	-0.960925
2.87944e-10	-0.961102
2.87986e-10	-0.961278
2.88027e-10	-0.961454
2.88069e-10	-0.96163
2.8811e-10	-0.961805
2.88152e-10	-0.96198
2.88193e-10	-0.962154
2.88235e-10	-0.962328
2.88276e-10	-0.962502
2.88318e-10	-0.962675
2.8836e-10	-0.962848
2.88401e-10	-0.96302
2.88443e-10	-0.963192
2.88484e-10	-0.963364
2.88526e-10	-0.963535
2.88567e-10	-0.963706
2.88609e-10	-0.963877
2.8865e-10	-0.964047
2.88692e-10	-0.964216
2.88733e-10	-0.964386
2.88775e-10	-0.964554
2.88816e-10	-0.964723
2.88858e-10	-0.964891
2.88899e-10	-0.965059
2.88941e-10	-0.965226
2.88982e-10	-0.965393
2.89024e-10	-0.965559
2.89065e-10	-0.965726
2.89107e-10	-0.965891
2.89149e-10	-0.966057
2.8919e-10	-0.966222
2.89232e-10	-0.966386
2.89273e-10	-0.96655
2.89315e-10	-0.966714
2.89356e-10	-0.966877
2.89398e-10	-0.96704
2.89439e-10	-0.967203
2.89481e-10	-0.967365
2.89522e-10	-0.967527
2.89564e-10	-0.967688
2.89605e-10	-0.967849
2.89647e-10	-0.96801
2.89688e-10	-0.96817
2.8973e-10	-0.96833
2.89771e-10	-0.968489
2.89813e-10	-0.968648
2.89854e-10	-0.968807
2.89896e-10	-0.968965
2.89938e-10	-0.969123
2.89979e-10	-0.96928
2.90021e-10	-0.969437
2.90062e-10	-0.969594
2.90104e-10	-0.96975
2.90145e-10	-0.969906
2.90187e-10	-0.970062
2.90228e-10	-0.970217
2.9027e-10	-0.970371
2.90311e-10	-0.970526
2.90353e-10	-0.970679
2.90394e-10	-0.970833
2.90436e-10	-0.970986
2.90477e-10	-0.971139
2.90519e-10	-0.971291
2.9056e-10	-0.971443
2.90602e-10	-0.971594
2.90643e-10	-0.971745
2.90685e-10	-0.971896
2.90727e-10	-0.972046
2.90768e-10	-0.972196
2.9081e-10	-0.972346
2.90851e-10	-0.972495
2.90893e-10	-0.972643
2.90934e-10	-0.972792
2.90976e-10	-0.97294
2.91017e-10	-0.973087
2.91059e-10	-0.973234
2.911e-10	-0.973381
2.91142e-10	-0.973527
2.91183e-10	-0.973673
2.91225e-10	-0.973819
2.91266e-10	-0.973964
2.91308e-10	-0.974109
2.91349e-10	-0.974253
2.91391e-10	-0.974397
2.91432e-10	-0.97454
2.91474e-10	-0.974683
2.91516e-10	-0.974826
2.91557e-10	-0.974969
2.91599e-10	-0.97511
2.9164e-10	-0.975252
2.91682e-10	-0.975393
2.91723e-10	-0.975534
2.91765e-10	-0.975674
2.91806e-10	-0.975814
2.91848e-10	-0.975954
2.91889e-10	-0.976093
2.91931e-10	-0.976232
2.91972e-10	-0.97637
2.92014e-10	-0.976508
2.92055e-10	-0.976645
2.92097e-10	-0.976783
2.92138e-10	-0.976919
2.9218e-10	-0.977056
2.92221e-10	-0.977192
2.92263e-10	-0.977327
2.92305e-10	-0.977462
2.92346e-10	-0.977597
2.92388e-10	-0.977731
2.92429e-10	-0.977865
2.92471e-10	-0.977999
2.92512e-10	-0.978132
2.92554e-10	-0.978265
2.92595e-10	-0.978397
2.92637e-10	-0.978529
2.92678e-10	-0.978661
2.9272e-10	-0.978792
2.92761e-10	-0.978923
2.92803e-10	-0.979053
2.92844e-10	-0.979183
2.92886e-10	-0.979312
2.92927e-10	-0.979442
2.92969e-10	-0.97957
2.9301e-10	-0.979699
2.93052e-10	-0.979827
2.93094e-10	-0.979954
2.93135e-10	-0.980081
2.93177e-10	-0.980208
2.93218e-10	-0.980335
2.9326e-10	-0.98046
2.93301e-10	-0.980586
2.93343e-10	-0.980711
2.93384e-10	-0.980836
2.93426e-10	-0.98096
2.93467e-10	-0.981084
2.93509e-10	-0.981208
2.9355e-10	-0.981331
2.93592e-10	-0.981454
2.93633e-10	-0.981576
2.93675e-10	-0.981698
2.93716e-10	-0.981819
2.93758e-10	-0.981941
2.93799e-10	-0.982061
2.93841e-10	-0.982182
2.93883e-10	-0.982302
2.93924e-10	-0.982421
2.93966e-10	-0.98254
2.94007e-10	-0.982659
2.94049e-10	-0.982777
2.9409e-10	-0.982895
2.94132e-10	-0.983013
2.94173e-10	-0.98313
2.94215e-10	-0.983247
2.94256e-10	-0.983363
2.94298e-10	-0.983479
2.94339e-10	-0.983594
2.94381e-10	-0.98371
2.94422e-10	-0.983824
2.94464e-10	-0.983939
2.94505e-10	-0.984052
2.94547e-10	-0.984166
2.94588e-10	-0.984279
2.9463e-10	-0.984392
2.94672e-10	-0.984504
2.94713e-10	-0.984616
2.94755e-10	-0.984728
2.94796e-10	-0.984839
2.94838e-10	-0.984949
2.94879e-10	-0.98506
2.94921e-10	-0.985169
2.94962e-10	-0.985279
2.95004e-10	-0.985388
2.95045e-10	-0.985497
2.95087e-10	-0.985605
2.95128e-10	-0.985713
2.9517e-10	-0.98582
2.95211e-10	-0.985927
2.95253e-10	-0.986034
2.95294e-10	-0.98614
2.95336e-10	-0.986246
2.95377e-10	-0.986352
2.95419e-10	-0.986457
2.95461e-10	-0.986561
2.95502e-10	-0.986666
2.95544e-10	-0.986769
2.95585e-10	-0.986873
2.95627e-10	-0.986976
2.95668e-10	-0.987078
2.9571e-10	-0.987181
2.95751e-10	-0.987283
2.95793e-10	-0.987384
2.95834e-10	-0.987485
2.95876e-10	-0.987586
2.95917e-10	-0.987686
2.95959e-10	-0.987786
2.96e-10	-0.987885
2.96042e-10	-0.987984
2.96083e-10	-0.988083
2.96125e-10	-0.988181
2.96166e-10	-0.988279
2.96208e-10	-0.988376
2.9625e-10	-0.988473
2.96291e-10	-0.98857
2.96333e-10	-0.988666
2.96374e-10	-0.988762
2.96416e-10	-0.988857
2.96457e-10	-0.988952
2.96499e-10	-0.989046
2.9654e-10	-0.989141
2.96582e-10	-0.989234
2.96623e-10	-0.989328
2.96665e-10	-0.989421
2.96706e-10	-0.989513
2.96748e-10	-0.989605
2.96789e-10	-0.989697
2.96831e-10	-0.989788
2.96872e-10	-0.989879
2.96914e-10	-0.98997
2.96955e-10	-0.99006
2.96997e-10	-0.99015
2.97039e-10	-0.990239
2.9708e-10	-0.990328
2.97122e-10	-0.990416
2.97163e-10	-0.990504
2.97205e-10	-0.990592
2.97246e-10	-0.990679
2.97288e-10	-0.990766
2.97329e-10	-0.990853
2.97371e-10	-0.990939
2.97412e-10	-0.991024
2.97454e-10	-0.99111
2.97495e-10	-0.991194
2.97537e-10	-0.991279
2.97578e-10	-0.991363
2.9762e-10	-0.991447
2.97661e-10	-0.99153
2.97703e-10	-0.991613
2.97744e-10	-0.991695
2.97786e-10	-0.991777
2.97828e-10	-0.991859
2.97869e-10	-0.99194
2.97911e-10	-0.992021
2.97952e-10	-0.992101
2.97994e-10	-0.992181
2.98035e-10	-0.992261
2.98077e-10	-0.99234
2.98118e-10	-0.992419
2.9816e-10	-0.992497
2.98201e-10	-0.992575
2.98243e-10	-0.992652
2.98284e-10	-0.99273
2.98326e-10	-0.992806
2.98367e-10	-0.992883
2.98409e-10	-0.992959
2.9845e-10	-0.993034
2.98492e-10	-0.993109
2.98533e-10	-0.993184
2.98575e-10	-0.993258
2.98617e-10	-0.993332
2.98658e-10	-0.993406
2.987e-10	-0.993479
2.98741e-10	-0.993551
2.98783e-10	-0.993624
2.98824e-10	-0.993696
2.98866e-10	-0.993767
2.98907e-10	-0.993838
2.98949e-10	-0.993909
2.9899e-10	-0.993979
2.99032e-10	-0.994049
2.99073e-10	-0.994118
2.99115e-10	-0.994187
2.99156e-10	-0.994256
2.99198e-10	-0.994324
2.99239e-10	-0.994392
2.99281e-10	-0.994459
2.99322e-10	-0.994526
2.99364e-10	-0.994593
2.99406e-10	-0.994659
2.99447e-10	-0.994725
2.99489e-10	-0.99479
2.9953e-10	-0.994855
2.99572e-10	-0.99492
2.99613e-10	-0.994984
2.99655e-10	-0.995048
2.99696e-10	-0.995111
2.99738e-10	-0.995174
2.99779e-10	-0.995236
2.99821e-10	-0.995299
2.99862e-10	-0.99536
2.99904e-10	-0.995422
2.99945e-10	-0.995483
2.99987e-10	-0.995543
3.00028e-10	-0.995603
3.0007e-10	-0.995663
3.00111e-10	-0.995722
3.00153e-10	-0.995781
3.00195e-10	-0.995839
3.00236e-10	-0.995897
3.00278e-10	-0.995955
3.00319e-10	-0.996012
3.00361e-10	-0.996069
3.00402e-10	-0.996126
3.00444e-10	-0.996182
3.00485e-10	-0.996237
3.00527e-10	-0.996292
3.00568e-10	-0.996347
3.0061e-10	-0.996401
3.00651e-10	-0.996455
3.00693e-10	-0.996509
3.00734e-10	-0.996562
3.00776e-10	-0.996615
3.00817e-10	-0.996667
3.00859e-10	-0.996719
3.00901e-10	-0.996771
3.00942e-10	-0.996822
3.00984e-10	-0.996873
3.01025e-10	-0.996923
3.01067e-10	-0.996973
3.01108e-10	-0.997022
3.0115e-10	-0.997071
3.01191e-10	-0.99712
3.01233e-10	-0.997168
3.01274e-10	-0.997216
3.01316e-10	-0.997264
3.01357e-10	-0.997311
3.01399e-10	-0.997357
3.0144e-10	-0.997404
3.01482e-10	-0.99745
3.01523e-10	-0.997495
3.01565e-10	-0.99754
3.01606e-10	-0.997585
3.01648e-10	-0.997629
3.0169e-10	-0.997673
3.01731e-10	-0.997716
3.01773e-10	-0.997759
3.01814e-10	-0.997801
3.01856e-10	-0.997844
3.01897e-10	-0.997885
3.01939e-10	-0.997927
3.0198e-10	-0.997968
3.02022e-10	-0.998008
3.02063e-10	-0.998048
3.02105e-10	-0.998088
3.02146e-10	-0.998127
3.02188e-10	-0.998166
3.02229e-10	-0.998205
3.02271e-10	-0.998243
3.02312e-10	-0.998281
3.02354e-10	-0.998318
3.02395e-10	-0.998355
3.02437e-10	-0.998391
3.02479e-10	-0.998427
3.0252e-10	-0.998463
3.02562e-10	-0.998498
3.02603e-10	-0.998533
3.02645e-10	-0.998567
3.02686e-10	-0.998601
3.02728e-10	-0.998635
3.02769e-10	-0.998668
3.02811e-10	-0.998701
3.02852e-10	-0.998733
3.02894e-10	-0.998765
3.02935e-10	-0.998797
3.02977e-10	-0.998828
3.03018e-10	-0.998859
3.0306e-10	-0.998889
3.03101e-10	-0.998919
3.03143e-10	-0.998948
3.03184e-10	-0.998977
3.03226e-10	-0.999006
3.03268e-10	-0.999034
3.03309e-10	-0.999062
3.03351e-10	-0.99909
3.03392e-10	-0.999117
3.03434e-10	-0.999143
3.03475e-10	-0.99917
3.03517e-10	-0.999196
3.03558e-10	-0.999221
3.036e-10	-0.999246
3.03641e-10	-0.999271
3.03683e-10	-0.999295
3.03724e-10	-0.999319
3.03766e-10	-0.999342
3.03807e-10	-0.999365
3.03849e-10	-0.999388
3.0389e-10	-0.99941
3.03932e-10	-0.999431
3.03973e-10	-0.999453
3.04015e-10	-0.999474
3.04057e-10	-0.999494
3.04098e-10	-0.999514
3.0414e-10	-0.999534
3.04181e-10	-0.999554
3.04223e-10	-0.999572
3.04264e-10	-0.999591
3.04306e-10	-0.999609
3.04347e-10	-0.999627
3.04389e-10	-0.999644
3.0443e-10	-0.999661
3.04472e-10	-0.999677
3.04513e-10	-0.999693
3.04555e-10	-0.999709
3.04596e-10	-0.999724
3.04638e-10	-0.999739
3.04679e-10	-0.999753
3.04721e-10	-0.999767
3.04762e-10	-0.999781
3.04804e-10	-0.999794
3.04846e-10	-0.999807
3.04887e-10	-0.999819
3.04929e-10	-0.999831
3.0497e-10	-0.999843
3.05012e-10	-0.999854
3.05053e-10	-0.999865
3.05095e-10	-0.999875
3.05136e-10	-0.999885
3.05178e-10	-0.999894
3.05219e-10	-0.999903
3.05261e-10	-0.999912
3.05302e-10	-0.99992
3.05344e-10	-0.999928
3.05385e-10	-0.999936
3.05427e-10	-0.999943
3.05468e-10	-0.999949
3.0551e-10	-0.999956
3.05551e-10	-0.999961
3.05593e-10	-0.999967
3.05635e-10	-0.999972
3.05676e-10	-0.999976
3.05718e-10	-0.999981
3.05759e-10	-0.999984
3.05801e-10	-0.999988
3.05842e-10	-0.999991
3.05884e-10	-0.999993
3.05925e-10	-0.999995
3.05967e-10	-0.999997
3.06008e-10	-0.999998
3.0605e-10	-0.999999
3.06091e-10	-1
3.06133e-10	-1
3.06174e-10	-1
3.06216e-10	-0.999999
3.06257e-10	-0.999998
3.06299e-10	-0.999996
3.0634e-10	-0.999994
3.06382e-10	-0.999992
3.06424e-10	-0.999989
3.06465e-10	-0.999986
3.06507e-10	-0.999983
3.06548e-10	-0.999979
3.0659e-10	-0.999974
3.06631e-10	-0.999969
3.06673e-10	-0.999964
3.06714e-10	-0.999959
3.06756e-10	-0.999952
3.06797e-10	-0.999946
3.06839e-10	-0.999939
3.0688e-10	-0.999932
3.06922e-10	-0.999924
3.06963e-10	-0.999916
3.07005e-10	-0.999908
3.07046e-10	-0.999899
3.07088e-10	-0.99989
3.07129e-10	-0.99988
3.07171e-10	-0.99987
3.07213e-10	-0.999859
3.07254e-10	-0.999848
3.07296e-10	-0.999837
3.07337e-10	-0.999825
3.07379e-10	-0.999813
3.0742e-10	-0.999801
3.07462e-10	-0.999788
3.07503e-10	-0.999774
3.07545e-10	-0.99976
3.07586e-10	-0.999746
3.07628e-10	-0.999732
3.07669e-10	-0.999717
3.07711e-10	-0.999701
3.07752e-10	-0.999685
3.07794e-10	-0.999669
3.07835e-10	-0.999652
3.07877e-10	-0.999635
3.07918e-10	-0.999618
3.0796e-10	-0.9996
3.08002e-10	-0.999582
3.08043e-10	-0.999563
3.08085e-10	-0.999544
3.08126e-10	-0.999524
3.08168e-10	-0.999504
3.08209e-10	-0.999484
3.08251e-10	-0.999463
3.08292e-10	-0.999442
3.08334e-10	-0.999421
3.08375e-10	-0.999399
3.08417e-10	-0.999376
3.08458e-10	-0.999354
3.085e-10	-0.99933
3.08541e-10	-0.999307
3.08583e-10	-0.999283
3.08624e-10	-0.999258
3.08666e-10	-0.999234
3.08707e-10	-0.999208
3.08749e-10	-0.999183
3.08791e-10	-0.999157
3.08832e-10	-0.99913
3.08874e-10	-0.999103
3.08915e-10	-0.999076
3.08957e-10	-0.999048
3.08998e-10	-0.99902
3.0904e-10	-0.998992
3.09081e-10	-0.998963
3.09123e-10	-0.998934
3.09164e-10	-0.998904
3.09206e-10	-0.998874
3.09247e-10	-0.998843
3.09289e-10	-0.998812
3.0933e-10	-0.998781
3.09372e-10	-0.998749
3.09413e-10	-0.998717
3.09455e-10	-0.998684
3.09496e-10	-0.998651
3.09538e-10	-0.998618
3.0958e-10	-0.998584
3.09621e-10	-0.99855
3.09663e-10	-0.998515
3.09704e-10	-0.99848
3.09746e-10	-0.998445
3.09787e-10	-0.998409
3.09829e-10	-0.998373
3.0987e-10	-0.998336
3.09912e-10	-0.998299
3.09953e-10	-0.998262
3.09995e-10	-0.998224
3.10036e-10	-0.998186
3.10078e-10	-0.998147
3.10119e-10	-0.998108
3.10161e-10	-0.998068
3.10202e-10	-0.998028
3.10244e-10	-0.997988
3.10285e-10	-0.997947
3.10327e-10	-0.997906
3.10369e-10	-0.997865
3.1041e-10	-0.997823
3.10452e-10	-0.99778
3.10493e-10	-0.997737
3.10535e-10	-0.997694
3.10576e-10	-0.997651
3.10618e-10	-0.997607
3.10659e-10	-0.997562
3.10701e-10	-0.997518
3.10742e-10	-0.997472
3.10784e-10	-0.997427
3.10825e-10	-0.997381
3.10867e-10	-0.997334
3.10908e-10	-0.997287
3.1095e-10	-0.99724
3.10991e-10	-0.997192
3.11033e-10	-0.997144
3.11074e-10	-0.997096
3.11116e-10	-0.997047
3.11158e-10	-0.996998
3.11199e-10	-0.996948
3.11241e-10	-0.996898
3.11282e-10	-0.996847
3.11324e-10	-0.996796
3.11365e-10	-0.996745
3.11407e-10	-0.996693
3.11448e-10	-0.996641
3.1149e-10	-0.996589
3.11531e-10	-0.996536
3.11573e-10	-0.996482
3.11614e-10	-0.996429
3.11656e-10	-0.996374
3.11697e-10	-0.99632
3.11739e-10	-0.996265
3.1178e-10	-0.996209
3.11822e-10	-0.996154
3.11863e-10	-0.996097
3.11905e-10	-0.996041
3.11947e-10	-0.995984
3.11988e-10	-0.995926
3.1203e-10	-0.995868
3.12071e-10	-0.99581
3.12113e-10	-0.995752
3.12154e-10	-0.995692
3.12196e-10	-0.995633
3.12237e-10	-0.995573
3.12279e-10	-0.995513
3.1232e-10	-0.995452
3.12362e-10	-0.995391
3.12403e-10	-0.995329
3.12445e-10	-0.995268
3.12486e-10	-0.995205
3.12528e-10	-0.995143
3.12569e-10	-0.995079
3.12611e-10	-0.995016
3.12652e-10	-0.994952
3.12694e-10	-0.994888
3.12736e-10	-0.994823
3.12777e-10	-0.994758
3.12819e-10	-0.994692
3.1286e-10	-0.994626
3.12902e-10	-0.99456
3.12943e-10	-0.994493
3.12985e-10	-0.994426
3.13026e-10	-0.994358
3.13068e-10	-0.99429
3.13109e-10	-0.994222
3.13151e-10	-0.994153
3.13192e-10	-0.994084
3.13234e-10	-0.994014
3.13275e-10	-0.993944
3.13317e-10	-0.993873
3.13358e-10	-0.993803
3.134e-10	-0.993731
3.13441e-10	-0.99366
3.13483e-10	-0.993588
3.13525e-10	-0.993515
3.13566e-10	-0.993442
3.13608e-10	-0.993369
3.13649e-10	-0.993295
3.13691e-10	-0.993221
3.13732e-10	-0.993147
3.13774e-10	-0.993072
3.13815e-10	-0.992996
3.13857e-10	-0.992921
3.13898e-10	-0.992845
3.1394e-10	-0.992768
3.13981e-10	-0.992691
3.14023e-10	-0.992614
3.14064e-10	-0.992536
3.14106e-10	-0.992458
3.14147e-10	-0.992379
3.14189e-10	-0.9923
3.1423e-10	-0.992221
3.14272e-10	-0.992141
3.14314e-10	-0.992061
3.14355e-10	-0.99198
3.14397e-10	-0.991899
3.14438e-10	-0.991818
3.1448e-10	-0.991736
3.14521e-10	-0.991654
3.14563e-10	-0.991571
3.14604e-10	-0.991488
3.14646e-10	-0.991405
3.14687e-10	-0.991321
3.14729e-10	-0.991237
3.1477e-10	-0.991152
3.14812e-10	-0.991067
3.14853e-10	-0.990982
3.14895e-10	-0.990896
3.14936e-10	-0.99081
3.14978e-10	-0.990723
3.15019e-10	-0.990636
3.15061e-10	-0.990548
3.15103e-10	-0.99046
3.15144e-10	-0.990372
3.15186e-10	-0.990283
3.15227e-10	-0.990194
3.15269e-10	-0.990105
3.1531e-10	-0.990015
3.15352e-10	-0.989925
3.15393e-10	-0.989834
3.15435e-10	-0.989743
3.15476e-10	-0.989651
3.15518e-10	-0.989559
3.15559e-10	-0.989467
3.15601e-10	-0.989374
3.15642e-10	-0.989281
3.15684e-10	-0.989187
3.15725e-10	-0.989094
3.15767e-10	-0.988999
3.15808e-10	-0.988904
3.1585e-10	-0.988809
3.15892e-10	-0.988714
3.15933e-10	-0.988618
3.15975e-10	-0.988521
3.16016e-10	-0.988425
3.16058e-10	-0.988327
3.16099e-10	-0.98823
3.16141e-10	-0.988132
3.16182e-10	-0.988033
3.16224e-10	-0.987935
3.16265e-10	-0.987835
3.16307e-10	-0.987736
3.16348e-10	-0.987636
3.1639e-10	-0.987535
3.16431e-10	-0.987435
3.16473e-10	-0.987333
3.16514e-10	-0.987232
3.16556e-10	-0.98713
3.16597e-10	-0.987027
3.16639e-10	-0.986924
3.16681e-10	-0.986821
3.16722e-10	-0.986718
3.16764e-10	-0.986614
3.16805e-10	-0.986509
3.16847e-10	-0.986404
3.16888e-10	-0.986299
3.1693e-10	-0.986193
3.16971e-10	-0.986087
3.17013e-10	-0.985981
3.17054e-10	-0.985874
3.17096e-10	-0.985767
3.17137e-10	-0.985659
3.17179e-10	-0.985551
3.1722e-10	-0.985442
3.17262e-10	-0.985334
3.17303e-10	-0.985224
3.17345e-10	-0.985115
3.17386e-10	-0.985004
3.17428e-10	-0.984894
3.1747e-10	-0.984783
3.17511e-10	-0.984672
3.17553e-10	-0.98456
3.17594e-10	-0.984448
3.17636e-10	-0.984335
3.17677e-10	-0.984223
3.17719e-10	-0.984109
3.1776e-10	-0.983996
3.17802e-10	-0.983881
3.17843e-10	-0.983767
3.17885e-10	-0.983652
3.17926e-10	-0.983537
3.17968e-10	-0.983421
3.18009e-10	-0.983305
3.18051e-10	-0.983188
3.18092e-10	-0.983071
3.18134e-10	-0.982954
3.18175e-10	-0.982836
3.18217e-10	-0.982718
3.18259e-10	-0.9826
3.183e-10	-0.982481
3.18342e-10	-0.982361
3.18383e-10	-0.982242
3.18425e-10	-0.982122
3.18466e-10	-0.982001
3.18508e-10	-0.98188
3.18549e-10	-0.981759
3.18591e-10	-0.981637
3.18632e-10	-0.981515
3.18674e-10	-0.981392
3.18715e-10	-0.981269
3.18757e-10	-0.981146
3.18798e-10	-0.981022
3.1884e-10	-0.980898
3.18881e-10	-0.980774
3.18923e-10	-0.980649
3.18964e-10	-0.980523
3.19006e-10	-0.980398
3.19048e-10	-0.980271
3.19089e-10	-0.980145
3.19131e-10	-0.980018
3.19172e-10	-0.979891
3.19214e-10	-0.979763
3.19255e-10	-0.979635
3.19297e-10	-0.979506
3.19338e-10	-0.979377
3.1938e-10	-0.979248
3.19421e-10	-0.979118
3.19463e-10	-0.978988
3.19504e-10	-0.978857
3.19546e-10	-0.978726
3.19587e-10	-0.978595
3.19629e-10	-0.978463
3.1967e-10	-0.978331
3.19712e-10	-0.978199
3.19753e-10	-0.978066
3.19795e-10	-0.977932
3.19837e-10	-0.977798
3.19878e-10	-0.977664
3.1992e-10	-0.97753
3.19961e-10	-0.977395
3.20003e-10	-0.977259
3.20044e-10	-0.977124
3.20086e-10	-0.976988
3.20127e-10	-0.976851
3.20169e-10	-0.976714
3.2021e-10	-0.976577
3.20252e-10	-0.976439
3.20293e-10	-0.976301
3.20335e-10	-0.976162
3.20376e-10	-0.976023
3.20418e-10	-0.975884
3.20459e-10	-0.975744
3.20501e-10	-0.975604
3.20543e-10	-0.975464
3.20584e-10	-0.975323
3.20626e-10	-0.975181
3.20667e-10	-0.97504
3.20709e-10	-0.974897
3.2075e-10	-0.974755
3.20792e-10	-0.974612
3.20833e-10	-0.974469
3.20875e-10	-0.974325
3.20916e-10	-0.974181
3.20958e-10	-0.974036
3.20999e-10	-0.973891
3.21041e-10	-0.973746
3.21082e-10	-0.9736
3.21124e-10	-0.973454
3.21165e-10	-0.973308
3.21207e-10	-0.973161
3.21248e-10	-0.973013
3.2129e-10	-0.972866
3.21332e-10	-0.972718
3.21373e-10	-0.972569
3.21415e-10	-0.97242
3.21456e-10	-0.972271
3.21498e-10	-0.972121
3.21539e-10	-0.971971
3.21581e-10	-0.971821
3.21622e-10	-0.97167
3.21664e-10	-0.971519
3.21705e-10	-0.971367
3.21747e-10	-0.971215
3.21788e-10	-0.971062
3.2183e-10	-0.970909
3.21871e-10	-0.970756
3.21913e-10	-0.970603
3.21954e-10	-0.970448
3.21996e-10	-0.970294
3.22037e-10	-0.970139
3.22079e-10	-0.969984
3.22121e-10	-0.969828
3.22162e-10	-0.969672
3.22204e-10	-0.969516
3.22245e-10	-0.969359
3.22287e-10	-0.969202
3.22328e-10	-0.969044
3.2237e-10	-0.968886
3.22411e-10	-0.968728
3.22453e-10	-0.968569
3.22494e-10	-0.96841
3.22536e-10	-0.96825
3.22577e-10	-0.96809
3.22619e-10	-0.96793
3.2266e-10	-0.967769
3.22702e-10	-0.967608
3.22743e-10	-0.967446
3.22785e-10	-0.967284
3.22826e-10	-0.967122
3.22868e-10	-0.966959
3.2291e-10	-0.966796
3.22951e-10	-0.966632
3.22993e-10	-0.966468
3.23034e-10	-0.966304
3.23076e-10	-0.966139
3.23117e-10	-0.965974
3.23159e-10	-0.965809
3.232e-10	-0.965643
3.23242e-10	-0.965476
3.23283e-10	-0.96531
3.23325e-10	-0.965142
3.23366e-10	-0.964975
3.23408e-10	-0.964807
3.23449e-10	-0.964639
3.23491e-10	-0.96447
3.23532e-10	-0.964301
3.23574e-10	-0.964132
3.23615e-10	-0.963962
3.23657e-10	-0.963791
3.23699e-10	-0.963621
3.2374e-10	-0.96345
3.23782e-10	-0.963278
3.23823e-10	-0.963106
3.23865e-10	-0.962934
3.23906e-10	-0.962762
3.23948e-10	-0.962588
3.23989e-10	-0.962415
3.24031e-10	-0.962241
3.24072e-10	-0.962067
3.24114e-10	-0.961892
3.24155e-10	-0.961718
3.24197e-10	-0.961542
3.24238e-10	-0.961366
3.2428e-10	-0.96119
3.24321e-10	-0.961014
3.24363e-10	-0.960837
3.24404e-10	-0.960659
3.24446e-10	-0.960482
3.24488e-10	-0.960303
3.24529e-10	-0.960125
3.24571e-10	-0.959946
3.24612e-10	-0.959767
3.24654e-10	-0.959587
3.24695e-10	-0.959407
3.24737e-10	-0.959226
3.24778e-10	-0.959046
3.2482e-10	-0.958864
3.24861e-10	-0.958683
3.24903e-10	-0.958501
3.24944e-10	-0.958318
3.24986e-10	-0.958135
3.25027e-10	-0.957952
3.25069e-10	-0.957769
3.2511e-10	-0.957585
3.25152e-10	-0.9574
3.25193e-10	-0.957215
3.25235e-10	-0.95703
3.25277e-10	-0.956845
3.25318e-10	-0.956659
3.2536e-10	-0.956472
3.25401e-10	-0.956286
3.25443e-10	-0.956098
3.25484e-10	-0.955911
3.25526e-10	-0.955723
3.25567e-10	-0.955535
3.25609e-10	-0.955346
3.2565e-10	-0.955157
3.25692e-10	-0.954967
3.25733e-10	-0.954778
3.25775e-10	-0.954587
3.25816e-10	-0.954397
3.25858e-10	-0.954206
3.25899e-10	-0.954014
3.25941e-10	-0.953822
3.25982e-10	-0.95363
3.26024e-10	-0.953438
3.26066e-10	-0.953245
3.26107e-10	-0.953051
3.26149e-10	-0.952857
3.2619e-10	-0.952663
3.26232e-10	-0.952469
3.26273e-10	-0.952274
3.26315e-10	-0.952078
3.26356e-10	-0.951883
3.26398e-10	-0.951687
3.26439e-10	-0.95149
3.26481e-10	-0.951293
3.26522e-10	-0.951096
3.26564e-10	-0.950898
3.26605e-10	-0.9507
3.26647e-10	-0.950502
3.26688e-10	-0.950303
3.2673e-10	-0.950104
3.26771e-10	-0.949904
3.26813e-10	-0.949704
3.26855e-10	-0.949504
3.26896e-10	-0.949303
3.26938e-10	-0.949102
3.26979e-10	-0.9489
3.27021e-10	-0.948699
3.27062e-10	-0.948496
3.27104e-10	-0.948294
3.27145e-10	-0.94809
3.27187e-10	-0.947887
3.27228e-10	-0.947683
3.2727e-10	-0.947479
3.27311e-10	-0.947274
3.27353e-10	-0.947069
3.27394e-10	-0.946864
3.27436e-10	-0.946658
3.27477e-10	-0.946452
3.27519e-10	-0.946245
3.2756e-10	-0.946038
3.27602e-10	-0.945831
3.27644e-10	-0.945623
3.27685e-10	-0.945415
3.27727e-10	-0.945207
3.27768e-10	-0.944998
3.2781e-10	-0.944788
3.27851e-10	-0.944579
3.27893e-10	-0.944369
3.27934e-10	-0.944158
3.27976e-10	-0.943947
3.28017e-10	-0.943736
3.28059e-10	-0.943525
3.281e-10	-0.943313
3.28142e-10	-0.9431
3.28183e-10	-0.942888
3.28225e-10	-0.942674
3.28266e-10	-0.942461
3.28308e-10	-0.942247
3.28349e-10	-0.942033
3.28391e-10	-0.941818
3.28433e-10	-0.941603
3.28474e-10	-0.941387
3.28516e-10	-0.941172
3.28557e-10	-0.940955
3.28599e-10	-0.940739
3.2864e-10	-0.940522
3.28682e-10	-0.940305
3.28723e-10	-0.940087
3.28765e-10	-0.939869
3.28806e-10	-0.93965
3.28848e-10	-0.939431
3.28889e-10	-0.939212
3.28931e-10	-0.938992
3.28972e-10	-0.938772
3.29014e-10	-0.938552
3.29055e-10	-0.938331
3.29097e-10	-0.93811
3.29138e-10	-0.937888
3.2918e-10	-0.937666
3.29222e-10	-0.937444
3.29263e-10	-0.937221
3.29305e-10	-0.936998
3.29346e-10	-0.936774
3.29388e-10	-0.936551
3.29429e-10	-0.936326
3.29471e-10	-0.936102
3.29512e-10	-0.935877
3.29554e-10	-0.935651
3.29595e-10	-0.935425
3.29637e-10	-0.935199
3.29678e-10	-0.934973
3.2972e-10	-0.934746
3.29761e-10	-0.934518
3.29803e-10	-0.934291
3.29844e-10	-0.934063
3.29886e-10	-0.933834
3.29927e-10	-0.933605
3.29969e-10	-0.933376
3.30011e-10	-0.933146
3.30052e-10	-0.932916
3.30094e-10	-0.932686
3.30135e-10	-0.932455
3.30177e-10	-0.932224
3.30218e-10	-0.931993
3.3026e-10	-0.931761
3.30301e-10	-0.931528
3.30343e-10	-0.931296
3.30384e-10	-0.931063
3.30426e-10	-0.930829
3.30467e-10	-0.930595
3.30509e-10	-0.930361
3.3055e-10	-0.930127
3.30592e-10	-0.929892
3.30633e-10	-0.929656
3.30675e-10	-0.929421
3.30716e-10	-0.929185
3.30758e-10	-0.928948
3.308e-10	-0.928711
3.30841e-10	-0.928474
3.30883e-10	-0.928236
3.30924e-10	-0.927998
3.30966e-10	-0.92776
3.31007e-10	-0.927521
3.31049e-10	-0.927282
3.3109e-10	-0.927043
3.31132e-10	-0.926803
3.31173e-10	-0.926563
3.31215e-10	-0.926322
3.31256e-10	-0.926081
3.31298e-10	-0.92584
3.31339e-10	-0.925598
3.31381e-10	-0.925356
3.31422e-10	-0.925113
3.31464e-10	-0.92487
3.31505e-10	-0.924627
3.31547e-10	-0.924383
3.31589e-10	-0.924139
3.3163e-10	-0.923895
3.31672e-10	-0.92365
3.31713e-10	-0.923405
3.31755e-10	-0.923159
3.31796e-10	-0.922913
3.31838e-10	-0.922667
3.31879e-10	-0.92242
3.31921e-10	-0.922173
3.31962e-10	-0.921926
3.32004e-10	-0.921678
3.32045e-10	-0.92143
3.32087e-10	-0.921181
3.32128e-10	-0.920932
3.3217e-10	-0.920683
3.32211e-10	-0.920433
3.32253e-10	-0.920183
3.32294e-10	-0.919933
3.32336e-10	-0.919682
3.32378e-10	-0.919431
3.32419e-10	-0.919179
3.32461e-10	-0.918927
3.32502e-10	-0.918675
3.32544e-10	-0.918422
3.32585e-10	-0.918169
3.32627e-10	-0.917916
3.32668e-10	-0.917662
3.3271e-10	-0.917408
3.32751e-10	-0.917153
3.32793e-10	-0.916898
3.32834e-10	-0.916643
3.32876e-10	-0.916387
3.32917e-10	-0.916131
3.32959e-10	-0.915875
3.33e-10	-0.915618
3.33042e-10	-0.915361
3.33083e-10	-0.915103
3.33125e-10	-0.914845
3.33167e-10	-0.914587
3.33208e-10	-0.914328
3.3325e-10	-0.914069
3.33291e-10	-0.91381
3.33333e-10	-0.91355
3.33374e-10	-0.91329
3.33416e-10	-0.913029
3.33457e-10	-0.912768
3.33499e-10	-0.912507
3.3354e-10	-0.912245
3.33582e-10	-0.911983
3.33623e-10	-0.911721
3.33665e-10	-0.911458
3.33706e-10	-0.911195
3.33748e-10	-0.910931
3.33789e-10	-0.910667
3.33831e-10	-0.910403
3.33872e-10	-0.910138
3.33914e-10	-0.909873
3.33956e-10	-0.909608
3.33997e-10	-0.909342
3.34039e-10	-0.909076
3.3408e-10	-0.908809
3.34122e-10	-0.908543
3.34163e-10	-0.908275
3.34205e-10	-0.908008
3.34246e-10	-0.90774
3.34288e-10	-0.907471
3.34329e-10	-0.907203
3.34371e-10	-0.906933
3.34412e-10	-0.906664
3.34454e-10	-0.906394
3.34495e-10	-0.906124
3.34537e-10	-0.905853
3.34578e-10	-0.905582
3.3462e-10	-0.905311
3.34661e-10	-0.905039
3.34703e-10	-0.904767
3.34745e-10	-0.904495
3.34786e-10	-0.904222
3.34828e-10	-0.903949
3.34869e-10	-0.903675
3.34911e-10	-0.903401
3.34952e-10	-0.903127
3.34994e-10	-0.902852
3.35035e-10	-0.902577
3.35077e-10	-0.902302
3.35118e-10	-0.902026
3.3516e-10	-0.90175
3.35201e-10	-0.901473
3.35243e-10	-0.901197
3.35284e-10	-0.900919
3.35326e-10	-0.900642
3.35367e-10	-0.900364
3.35409e-10	-0.900085
3.3545e-10	-0.899807
3.35492e-10	-0.899528
3.35534e-10	-0.899248
3.35575e-10	-0.898968
3.35617e-10	-0.898688
3.35658e-10	-0.898408
3.357e-10	-0.898127
3.35741e-10	-0.897845
3.35783e-10	-0.897564
3.35824e-10	-0.897282
3.35866e-10	-0.896999
3.35907e-10	-0.896717
3.35949e-10	-0.896433
3.3599e-10	-0.89615
3.36032e-10	-0.895866
3.36073e-10	-0.895582
3.36115e-10	-0.895297
3.36156e-10	-0.895012
3.36198e-10	-0.894727
3.36239e-10	-0.894441
3.36281e-10	-0.894155
3.36323e-10	-0.893869
3.36364e-10	-0.893582
3.36406e-10	-0.893295
3.36447e-10	-0.893008
3.36489e-10	-0.89272
3.3653e-10	-0.892431
3.36572e-10	-0.892143
3.36613e-10	-0.891854
3.36655e-10	-0.891564
3.36696e-10	-0.891275
3.36738e-10	-0.890985
3.36779e-10	-0.890694
3.36821e-10	-0.890404
3.36862e-10	-0.890112
3.36904e-10	-0.889821
3.36945e-10	-0.889529
3.36987e-10	-0.889237
3.37028e-10	-0.888944
3.3707e-10	-0.888651
3.37112e-10	-0.888358
3.37153e-10	-0.888064
3.37195e-10	-0.88777
3.37236e-10	-0.887476
3.37278e-10	-0.887181
3.37319e-10	-0.886886
3.37361e-10	-0.88659
3.37402e-10	-0.886294
3.37444e-10	-0.885998
3.37485e-10	-0.885702
3.37527e-10	-0.885405
3.37568e-10	-0.885107
3.3761e-10	-0.88481
3.37651e-10	-0.884512
3.37693e-10	-0.884213
3.37734e-10	-0.883914
3.37776e-10	-0.883615
3.37817e-10	-0.883316
3.37859e-10	-0.883016
3.37901e-10	-0.882716
3.37942e-10	-0.882415
3.37984e-10	-0.882114
3.38025e-10	-0.881813
3.38067e-10	-0.881511
3.38108e-10	-0.881209
3.3815e-10	-0.880907
3.38191e-10	-0.880604
3.38233e-10	-0.880301
3.38274e-10	-0.879998
3.38316e-10	-0.879694
3.38357e-10	-0.87939
3.38399e-10	-0.879085
3.3844e-10	-0.87878
3.38482e-10	-0.878475
3.38523e-10	-0.878169
3.38565e-10	-0.877863
3.38606e-10	-0.877557
3.38648e-10	-0.87725
3.3869e-10	-0.876943
3.38731e-10	-0.876636
3.38773e-10	-0.876328
3.38814e-10	-0.87602
3.38856e-10	-0.875712
3.38897e-10	-0.875403
3.38939e-10	-0.875094
3.3898e-10	-0.874784
3.39022e-10	-0.874474
3.39063e-10	-0.874164
3.39105e-10	-0.873853
3.39146e-10	-0.873542
3.39188e-10	-0.873231
3.39229e-10	-0.872919
3.39271e-10	-0.872607
3.39312e-10	-0.872295
3.39354e-10	-0.871982
3.39395e-10	-0.871669
3.39437e-10	-0.871356
3.39479e-10	-0.871042
3.3952e-10	-0.870727
3.39562e-10	-0.870413
3.39603e-10	-0.870098
3.39645e-10	-0.869783
3.39686e-10	-0.869467
3.39728e-10	-0.869151
3.39769e-10	-0.868835
3.39811e-10	-0.868518
3.39852e-10	-0.868201
3.39894e-10	-0.867884
3.39935e-10	-0.867566
3.39977e-10	-0.867248
3.40018e-10	-0.86693
3.4006e-10	-0.866611
3.40101e-10	-0.866292
3.40143e-10	-0.865972
3.40185e-10	-0.865652
3.40226e-10	-0.865332
3.40268e-10	-0.865012
3.40309e-10	-0.864691
3.40351e-10	-0.864369
3.40392e-10	-0.864048
3.40434e-10	-0.863726
3.40475e-10	-0.863403
3.40517e-10	-0.863081
3.40558e-10	-0.862758
3.406e-10	-0.862434
3.40641e-10	-0.86211
3.40683e-10	-0.861786
3.40724e-10	-0.861462
3.40766e-10	-0.861137
3.40807e-10	-0.860812
3.40849e-10	-0.860486
3.4089e-10	-0.860161
3.40932e-10	-0.859834
3.40974e-10	-0.859508
3.41015e-10	-0.859181
3.41057e-10	-0.858854
3.41098e-10	-0.858526
3.4114e-10	-0.858198
3.41181e-10	-0.85787
3.41223e-10	-0.857541
3.41264e-10	-0.857212
3.41306e-10	-0.856883
3.41347e-10	-0.856553
3.41389e-10	-0.856223
3.4143e-10	-0.855893
3.41472e-10	-0.855562
3.41513e-10	-0.855231
3.41555e-10	-0.854899
3.41596e-10	-0.854567
3.41638e-10	-0.854235
3.41679e-10	-0.853903
3.41721e-10	-0.85357
3.41763e-10	-0.853237
3.41804e-10	-0.852903
3.41846e-10	-0.852569
3.41887e-10	-0.852235
3.41929e-10	-0.8519
3.4197e-10	-0.851565
3.42012e-10	-0.85123
3.42053e-10	-0.850894
3.42095e-10	-0.850558
3.42136e-10	-0.850222
3.42178e-10	-0.849885
3.42219e-10	-0.849548
3.42261e-10	-0.849211
3.42302e-10	-0.848873
3.42344e-10	-0.848535
3.42385e-10	-0.848197
3.42427e-10	-0.847858
3.42468e-10	-0.847519
3.4251e-10	-0.847179
3.42552e-10	-0.84684
3.42593e-10	-0.846499
3.42635e-10	-0.846159
3.42676e-10	-0.845818
3.42718e-10	-0.845477
3.42759e-10	-0.845135
3.42801e-10	-0.844793
3.42842e-10	-0.844451
3.42884e-10	-0.844109
3.42925e-10	-0.843766
3.42967e-10	-0.843422
3.43008e-10	-0.843079
3.4305e-10	-0.842735
3.43091e-10	-0.842391
3.43133e-10	-0.842046
3.43174e-10	-0.841701
3.43216e-10	-0.841356
3.43257e-10	-0.84101
3.43299e-10	-0.840664
3.43341e-10	-0.840318
3.43382e-10	-0.839971
3.43424e-10	-0.839624
3.43465e-10	-0.839276
3.43507e-10	-0.838929
3.43548e-10	-0.838581
3.4359e-10	-0.838232
3.43631e-10	-0.837883
3.43673e-10	-0.837534
3.43714e-10	-0.837185
3.43756e-10	-0.836835
3.43797e-10	-0.836485
3.43839e-10	-0.836134
3.4388e-10	-0.835784
3.43922e-10	-0.835433
3.43963e-10	-0.835081
3.44005e-10	-0.834729
3.44046e-10	-0.834377
3.44088e-10	-0.834024
3.4413e-10	-0.833672
3.44171e-10	-0.833318
3.44213e-10	-0.832965
3.44254e-10	-0.832611
3.44296e-10	-0.832257
3.44337e-10	-0.831902
3.44379e-10	-0.831547
3.4442e-10	-0.831192
3.44462e-10	-0.830836
3.44503e-10	-0.830481
3.44545e-10	-0.830124
3.44586e-10	-0.829768
3.44628e-10	-0.829411
3.44669e-10	-0.829053
3.44711e-10	-0.828696
3.44752e-10	-0.828338
3.44794e-10	-0.82798
3.44835e-10	-0.827621
3.44877e-10	-0.827262
3.44919e-10	-0.826903
3.4496e-10	-0.826543
3.45002e-10	-0.826183
3.45043e-10	-0.825823
3.45085e-10	-0.825462
3.45126e-10	-0.825101
3.45168e-10	-0.82474
3.45209e-10	-0.824378
3.45251e-10	-0.824016
3.45292e-10	-0.823654
3.45334e-10	-0.823291
3.45375e-10	-0.822928
3.45417e-10	-0.822565
3.45458e-10	-0.822201
3.455e-10	-0.821837
3.45541e-10	-0.821473
3.45583e-10	-0.821108
3.45624e-10	-0.820743
3.45666e-10	-0.820377
3.45708e-10	-0.820012
3.45749e-10	-0.819646
3.45791e-10	-0.819279
3.45832e-10	-0.818913
3.45874e-10	-0.818546
3.45915e-10	-0.818178
3.45957e-10	-0.81781
3.45998e-10	-0.817442
3.4604e-10	-0.817074
3.46081e-10	-0.816705
3.46123e-10	-0.816336
3.46164e-10	-0.815967
3.46206e-10	-0.815597
3.46247e-10	-0.815227
3.46289e-10	-0.814857
3.4633e-10	-0.814486
3.46372e-10	-0.814115
3.46413e-10	-0.813744
3.46455e-10	-0.813372
3.46497e-10	-0.813
3.46538e-10	-0.812627
3.4658e-10	-0.812255
3.46621e-10	-0.811882
3.46663e-10	-0.811508
3.46704e-10	-0.811135
3.46746e-10	-0.810761
3.46787e-10	-0.810386
3.46829e-10	-0.810012
3.4687e-10	-0.809637
3.46912e-10	-0.809261
3.46953e-10	-0.808885
3.46995e-10	-0.808509
3.47036e-10	-0.808133
3.47078e-10	-0.807756
3.47119e-10	-0.807379
3.47161e-10	-0.807002
3.47202e-10	-0.806624
3.47244e-10	-0.806246
3.47286e-10	-0.805868
3.47327e-10	-0.805489
3.47369e-10	-0.80511
3.4741e-10	-0.804731
3.47452e-10	-0.804351
3.47493e-10	-0.803971
3.47535e-10	-0.803591
3.47576e-10	-0.80321
3.47618e-10	-0.80283
3.47659e-10	-0.802448
3.47701e-10	-0.802067
3.47742e-10	-0.801685
3.47784e-10	-0.801302
3.47825e-10	-0.80092
3.47867e-10	-0.800537
3.47908e-10	-0.800154
3.4795e-10	-0.79977
3.47991e-10	-0.799386
3.48033e-10	-0.799002
3.48075e-10	-0.798617
3.48116e-10	-0.798232
3.48158e-10	-0.797847
3.48199e-10	-0.797462
3.48241e-10	-0.797076
3.48282e-10	-0.79669
3.48324e-10	-0.796303
3.48365e-10	-0.795916
3.48407e-10	-0.795529
3.48448e-10	-0.795142
3.4849e-10	-0.794754
3.48531e-10	-0.794366
3.48573e-10	-0.793977
3.48614e-10	-0.793588
3.48656e-10	-0.793199
3.48697e-10	-0.79281
3.48739e-10	-0.79242
3.4878e-10	-0.79203
3.48822e-10	-0.79164
3.48864e-10	-0.791249
3.48905e-10	-0.790858
3.48947e-10	-0.790466
3.48988e-10	-0.790075
3.4903e-10	-0.789683
3.49071e-10	-0.78929
3.49113e-10	-0.788898
3.49154e-10	-0.788505
3.49196e-10	-0.788111
3.49237e-10	-0.787718
3.49279e-10	-0.787324
3.4932e-10	-0.786929
3.49362e-10	-0.786535
3.49403e-10	-0.78614
3.49445e-10	-0.785745
3.49486e-10	-0.785349
3.49528e-10	-0.784953
3.49569e-10	-0.784557
3.49611e-10	-0.78416
3.49653e-10	-0.783764
3.49694e-10	-0.783366
3.49736e-10	-0.782969
3.49777e-10	-0.782571
3.49819e-10	-0.782173
3.4986e-10	-0.781775
3.49902e-10	-0.781376
3.49943e-10	-0.780977
3.49985e-10	-0.780577
3.50026e-10	-0.780178
3.50068e-10	-0.779777
3.50109e-10	-0.779377
3.50151e-10	-0.778976
3.50192e-10	-0.778575
3.50234e-10	-0.778174
3.50275e-10	-0.777772
3.50317e-10	-0.777371
3.50358e-10	-0.776968
3.504e-10	-0.776566
3.50442e-10	-0.776163
3.50483e-10	-0.77576
3.50525e-10	-0.775356
3.50566e-10	-0.774952
3.50608e-10	-0.774548
3.50649e-10	-0.774143
3.50691e-10	-0.773739
3.50732e-10	-0.773333
3.50774e-10	-0.772928
3.50815e-10	-0.772522
3.50857e-10	-0.772116
3.50898e-10	-0.77171
3.5094e-10	-0.771303
3.50981e-10	-0.770896
3.51023e-10	-0.770489
3.51064e-10	-0.770081
3.51106e-10	-0.769673
3.51147e-10	-0.769265
3.51189e-10	-0.768856
3.51231e-10	-0.768447
3.51272e-10	-0.768038
3.51314e-10	-0.767629
3.51355e-10	-0.767219
3.51397e-10	-0.766809
3.51438e-10	-0.766398
3.5148e-10	-0.765987
3.51521e-10	-0.765576
3.51563e-10	-0.765165
3.51604e-10	-0.764753
3.51646e-10	-0.764341
3.51687e-10	-0.763929
3.51729e-10	-0.763516
3.5177e-10	-0.763103
3.51812e-10	-0.76269
3.51853e-10	-0.762276
3.51895e-10	-0.761862
3.51936e-10	-0.761448
3.51978e-10	-0.761034
3.5202e-10	-0.760619
3.52061e-10	-0.760204
3.52103e-10	-0.759788
3.52144e-10	-0.759372
3.52186e-10	-0.758956
3.52227e-10	-0.75854
3.52269e-10	-0.758123
3.5231e-10	-0.757706
3.52352e-10	-0.757289
3.52393e-10	-0.756871
3.52435e-10	-0.756453
3.52476e-10	-0.756035
3.52518e-10	-0.755616
3.52559e-10	-0.755197
3.52601e-10	-0.754778
3.52642e-10	-0.754359
3.52684e-10	-0.753939
3.52725e-10	-0.753519
3.52767e-10	-0.753098
3.52809e-10	-0.752678
3.5285e-10	-0.752257
3.52892e-10	-0.751835
3.52933e-10	-0.751414
3.52975e-10	-0.750992
3.53016e-10	-0.75057
3.53058e-10	-0.750147
3.53099e-10	-0.749724
3.53141e-10	-0.749301
3.53182e-10	-0.748877
3.53224e-10	-0.748454
3.53265e-10	-0.74803
3.53307e-10	-0.747605
3.53348e-10	-0.74718
3.5339e-10	-0.746755
3.53431e-10	-0.74633
3.53473e-10	-0.745905
3.53514e-10	-0.745479
3.53556e-10	-0.745052
3.53598e-10	-0.744626
3.53639e-10	-0.744199
3.53681e-10	-0.743772
3.53722e-10	-0.743344
3.53764e-10	-0.742917
3.53805e-10	-0.742489
3.53847e-10	-0.74206
3.53888e-10	-0.741632
3.5393e-10	-0.741203
3.53971e-10	-0.740773
3.54013e-10	-0.740344
3.54054e-10	-0.739914
3.54096e-10	-0.739484
3.54137e-10	-0.739053
3.54179e-10	-0.738622
3.5422e-10	-0.738191
3.54262e-10	-0.73776
3.54303e-10	-0.737328
3.54345e-10	-0.736896
3.54387e-10	-0.736464
3.54428e-10	-0.736031
3.5447e-10	-0.735599
3.54511e-10	-0.735165
3.54553e-10	-0.734732
3.54594e-10	-0.734298
3.54636e-10	-0.733864
3.54677e-10	-0.73343
3.54719e-10	-0.732995
3.5476e-10	-0.73256
3.54802e-10	-0.732125
3.54843e-10	-0.731689
3.54885e-10	-0.731253
3.54926e-10	-0.730817
3.54968e-10	-0.730381
3.55009e-10	-0.729944
3.55051e-10	-0.729507
3.55092e-10	-0.729069
3.55134e-10	-0.728632
3.55176e-10	-0.728194
3.55217e-10	-0.727755
3.55259e-10	-0.727317
3.553e-10	-0.726878
3.55342e-10	-0.726439
3.55383e-10	-0.725999
3.55425e-10	-0.72556
3.55466e-10	-0.725119
3.55508e-10	-0.724679
3.55549e-10	-0.724238
3.55591e-10	-0.723798
3.55632e-10	-0.723356
3.55674e-10	-0.722915
3.55715e-10	-0.722473
3.55757e-10	-0.722031
3.55798e-10	-0.721588
3.5584e-10	-0.721146
3.55881e-10	-0.720703
3.55923e-10	-0.720259
3.55965e-10	-0.719816
3.56006e-10	-0.719372
3.56048e-10	-0.718928
3.56089e-10	-0.718483
3.56131e-10	-0.718038
3.56172e-10	-0.717593
3.56214e-10	-0.717148
3.56255e-10	-0.716702
3.56297e-10	-0.716256
3.56338e-10	-0.71581
3.5638e-10	-0.715364
3.56421e-10	-0.714917
3.56463e-10	-0.71447
3.56504e-10	-0.714022
3.56546e-10	-0.713575
3.56587e-10	-0.713127
3.56629e-10	-0.712678
3.5667e-10	-0.71223
3.56712e-10	-0.711781
3.56754e-10	-0.711332
3.56795e-10	-0.710882
3.56837e-10	-0.710433
3.56878e-10	-0.709983
3.5692e-10	-0.709532
3.56961e-10	-0.709082
3.57003e-10	-0.708631
3.57044e-10	-0.70818
3.57086e-10	-0.707728
3.57127e-10	-0.707276
3.57169e-10	-0.706824
3.5721e-10	-0.706372
3.57252e-10	-0.705919
3.57293e-10	-0.705466
3.57335e-10	-0.705013
3.57376e-10	-0.70456
3.57418e-10	-0.704106
3.57459e-10	-0.703652
3.57501e-10	-0.703197
3.57543e-10	-0.702743
3.57584e-10	-0.702288
3.57626e-10	-0.701833
3.57667e-10	-0.701377
3.57709e-10	-0.700921
3.5775e-10	-0.700465
3.57792e-10	-0.700009
3.57833e-10	-0.699552
3.57875e-10	-0.699095
3.57916e-10	-0.698638
3.57958e-10	-0.69818
3.57999e-10	-0.697723
3.58041e-10	-0.697265
3.58082e-10	-0.696806
3.58124e-10	-0.696348
3.58165e-10	-0.695889
3.58207e-10	-0.69543
3.58248e-10	-0.69497
3.5829e-10	-0.69451
3.58332e-10	-0.69405
3.58373e-10	-0.69359
3.58415e-10	-0.693129
3.58456e-10	-0.692668
3.58498e-10	-0.692207
3.58539e-10	-0.691746
3.58581e-10	-0.691284
3.58622e-10	-0.690822
3.58664e-10	-0.690359
3.58705e-10	-0.689897
3.58747e-10	-0.689434
3.58788e-10	-0.688971
3.5883e-10	-0.688507
3.58871e-10	-0.688043
3.58913e-10	-0.687579
3.58954e-10	-0.687115
3.58996e-10	-0.686651
3.59038e-10	-0.686186
3.59079e-10	-0.685721
3.59121e-10	-0.685255
3.59162e-10	-0.684789
3.59204e-10	-0.684323
3.59245e-10	-0.683857
3.59287e-10	-0.683391
3.59328e-10	-0.682924
3.5937e-10	-0.682457
3.59411e-10	-0.681989
3.59453e-10	-0.681522
3.59494e-10	-0.681054
3.59536e-10	-0.680585
3.59577e-10	-0.680117
3.59619e-10	-0.679648
3.5966e-10	-0.679179
3.59702e-10	-0.67871
3.59743e-10	-0.67824
3.59785e-10	-0.67777
3.59827e-10	-0.6773
3.59868e-10	-0.67683
3.5991e-10	-0.676359
3.59951e-10	-0.675888
3.59993e-10	-0.675417
3.60034e-10	-0.674945
3.60076e-10	-0.674473
3.60117e-10	-0.674001
3.60159e-10	-0.673529
3.602e-10	-0.673056
3.60242e-10	-0.672583
3.60283e-10	-0.67211
3.60325e-10	-0.671637
3.60366e-10	-0.671163
3.60408e-10	-0.670689
3.60449e-10	-0.670215
3.60491e-10	-0.66974
3.60532e-10	-0.669265
3.60574e-10	-0.66879
3.60616e-10	-0.668315
3.60657e-10	-0.667839
3.60699e-10	-0.667363
3.6074e-10	-0.666887
3.60782e-10	-0.66641
3.60823e-10	-0.665934
3.60865e-10	-0.665457
3.60906e-10	-0.664979
3.60948e-10	-0.664502
3.60989e-10	-0.664024
3.61031e-10	-0.663546
3.61072e-10	-0.663067
3.61114e-10	-0.662589
3.61155e-10	-0.66211
3.61197e-10	-0.661631
3.61238e-10	-0.661151
3.6128e-10	-0.660671
3.61321e-10	-0.660191
3.61363e-10	-0.659711
3.61405e-10	-0.659231
3.61446e-10	-0.65875
3.61488e-10	-0.658269
3.61529e-10	-0.657787
3.61571e-10	-0.657306
3.61612e-10	-0.656824
3.61654e-10	-0.656342
3.61695e-10	-0.655859
3.61737e-10	-0.655377
3.61778e-10	-0.654894
3.6182e-10	-0.65441
3.61861e-10	-0.653927
3.61903e-10	-0.653443
3.61944e-10	-0.652959
3.61986e-10	-0.652475
3.62027e-10	-0.65199
3.62069e-10	-0.651505
3.6211e-10	-0.65102
3.62152e-10	-0.650535
3.62194e-10	-0.650049
3.62235e-10	-0.649563
3.62277e-10	-0.649077
3.62318e-10	-0.648591
3.6236e-10	-0.648104
3.62401e-10	-0.647617
3.62443e-10	-0.64713
3.62484e-10	-0.646643
3.62526e-10	-0.646155
3.62567e-10	-0.645667
3.62609e-10	-0.645178
3.6265e-10	-0.64469
3.62692e-10	-0.644201
3.62733e-10	-0.643712
3.62775e-10	-0.643223
3.62816e-10	-0.642733
3.62858e-10	-0.642243
3.62899e-10	-0.641753
3.62941e-10	-0.641263
3.62983e-10	-0.640772
3.63024e-10	-0.640281
3.63066e-10	-0.63979
3.63107e-10	-0.639299
3.63149e-10	-0.638807
3.6319e-10	-0.638315
3.63232e-10	-0.637823
3.63273e-10	-0.63733
3.63315e-10	-0.636838
3.63356e-10	-0.636345
3.63398e-10	-0.635851
3.63439e-10	-0.635358
3.63481e-10	-0.634864
3.63522e-10	-0.63437
3.63564e-10	-0.633876
3.63605e-10	-0.633381
3.63647e-10	-0.632886
3.63688e-10	-0.632391
3.6373e-10	-0.631896
3.63772e-10	-0.631401
3.63813e-10	-0.630905
3.63855e-10	-0.630409
3.63896e-10	-0.629912
3.63938e-10	-0.629416
3.63979e-10	-0.628919
3.64021e-10	-0.628422
3.64062e-10	-0.627924
3.64104e-10	-0.627427
3.64145e-10	-0.626929
3.64187e-10	-0.626431
3.64228e-10	-0.625932
3.6427e-10	-0.625433
3.64311e-10	-0.624935
3.64353e-10	-0.624435
3.64394e-10	-0.623936
3.64436e-10	-0.623436
3.64477e-10	-0.622936
3.64519e-10	-0.622436
3.64561e-10	-0.621936
3.64602e-10	-0.621435
3.64644e-10	-0.620934
3.64685e-10	-0.620433
3.64727e-10	-0.619931
3.64768e-10	-0.61943
3.6481e-10	-0.618928
3.64851e-10	-0.618425
3.64893e-10	-0.617923
3.64934e-10	-0.61742
3.64976e-10	-0.616917
3.65017e-10	-0.616414
3.65059e-10	-0.615911
3.651e-10	-0.615407
3.65142e-10	-0.614903
3.65183e-10	-0.614399
3.65225e-10	-0.613894
3.65266e-10	-0.613389
3.65308e-10	-0.612884
3.6535e-10	-0.612379
3.65391e-10	-0.611874
3.65433e-10	-0.611368
3.65474e-10	-0.610862
3.65516e-10	-0.610356
3.65557e-10	-0.609849
3.65599e-10	-0.609342
3.6564e-10	-0.608835
3.65682e-10	-0.608328
3.65723e-10	-0.607821
3.65765e-10	-0.607313
3.65806e-10	-0.606805
3.65848e-10	-0.606297
3.65889e-10	-0.605788
3.65931e-10	-0.60528
3.65972e-10	-0.604771
3.66014e-10	-0.604261
3.66055e-10	-0.603752
3.66097e-10	-0.603242
3.66139e-10	-0.602732
3.6618e-10	-0.602222
3.66222e-10	-0.601712
3.66263e-10	-0.601201
3.66305e-10	-0.60069
3.66346e-10	-0.600179
3.66388e-10	-0.599667
3.66429e-10	-0.599156
3.66471e-10	-0.598644
3.66512e-10	-0.598131
3.66554e-10	-0.597619
3.66595e-10	-0.597106
3.66637e-10	-0.596593
3.66678e-10	-0.59608
3.6672e-10	-0.595567
3.66761e-10	-0.595053
3.66803e-10	-0.594539
3.66844e-10	-0.594025
3.66886e-10	-0.593511
3.66928e-10	-0.592996
3.66969e-10	-0.592481
3.67011e-10	-0.591966
3.67052e-10	-0.591451
3.67094e-10	-0.590935
3.67135e-10	-0.59042
3.67177e-10	-0.589904
3.67218e-10	-0.589387
3.6726e-10	-0.588871
3.67301e-10	-0.588354
3.67343e-10	-0.587837
3.67384e-10	-0.58732
3.67426e-10	-0.586802
3.67467e-10	-0.586284
3.67509e-10	-0.585766
3.6755e-10	-0.585248
3.67592e-10	-0.58473
3.67633e-10	-0.584211
3.67675e-10	-0.583692
3.67717e-10	-0.583173
3.67758e-10	-0.582654
3.678e-10	-0.582134
3.67841e-10	-0.581614
3.67883e-10	-0.581094
3.67924e-10	-0.580574
3.67966e-10	-0.580053
3.68007e-10	-0.579532
3.68049e-10	-0.579011
3.6809e-10	-0.57849
3.68132e-10	-0.577968
3.68173e-10	-0.577446
3.68215e-10	-0.576924
3.68256e-10	-0.576402
3.68298e-10	-0.57588
3.68339e-10	-0.575357
3.68381e-10	-0.574834
3.68422e-10	-0.574311
3.68464e-10	-0.573787
3.68506e-10	-0.573264
3.68547e-10	-0.57274
3.68589e-10	-0.572216
3.6863e-10	-0.571691
3.68672e-10	-0.571167
3.68713e-10	-0.570642
3.68755e-10	-0.570117
3.68796e-10	-0.569591
3.68838e-10	-0.569066
3.68879e-10	-0.56854
3.68921e-10	-0.568014
3.68962e-10	-0.567488
3.69004e-10	-0.566961
3.69045e-10	-0.566435
3.69087e-10	-0.565908
3.69128e-10	-0.565381
3.6917e-10	-0.564853
3.69211e-10	-0.564326
3.69253e-10	-0.563798
3.69295e-10	-0.56327
3.69336e-10	-0.562741
3.69378e-10	-0.562213
3.69419e-10	-0.561684
3.69461e-10	-0.561155
3.69502e-10	-0.560626
3.69544e-10	-0.560096
3.69585e-10	-0.559567
3.69627e-10	-0.559037
3.69668e-10	-0.558507
3.6971e-10	-0.557976
3.69751e-10	-0.557446
3.69793e-10	-0.556915
3.69834e-10	-0.556384
3.69876e-10	-0.555853
3.69917e-10	-0.555321
3.69959e-10	-0.554789
3.7e-10	-0.554257
3.70042e-10	-0.553725
3.70084e-10	-0.553193
3.70125e-10	-0.55266
3.70167e-10	-0.552127
3.70208e-10	-0.551594
3.7025e-10	-0.551061
3.70291e-10	-0.550527
3.70333e-10	-0.549994
3.70374e-10	-0.54946
3.70416e-10	-0.548925
3.70457e-10	-0.548391
3.70499e-10	-0.547856
3.7054e-10	-0.547321
3.70582e-10	-0.546786
3.70623e-10	-0.546251
3.70665e-10	-0.545715
3.70706e-10	-0.545179
3.70748e-10	-0.544644
3.70789e-10	-0.544107
3.70831e-10	-0.543571
3.70873e-10	-0.543034
3.70914e-10	-0.542497
3.70956e-10	-0.54196
3.70997e-10	-0.541423
3.71039e-10	-0.540885
3.7108e-10	-0.540347
3.71122e-10	-0.539809
3.71163e-10	-0.539271
3.71205e-10	-0.538733
3.71246e-10	-0.538194
3.71288e-10	-0.537655
3.71329e-10	-0.537116
3.71371e-10	-0.536577
3.71412e-10	-0.536037
3.71454e-10	-0.535497
3.71495e-10	-0.534958
3.71537e-10	-0.534417
3.71578e-10	-0.533877
3.7162e-10	-0.533336
3.71662e-10	-0.532795
3.71703e-10	-0.532254
3.71745e-10	-0.531713
3.71786e-10	-0.531172
3.71828e-10	-0.53063
3.71869e-10	-0.530088
3.71911e-10	-0.529546
3.71952e-10	-0.529003
3.71994e-10	-0.528461
3.72035e-10	-0.527918
3.72077e-10	-0.527375
3.72118e-10	-0.526832
3.7216e-10	-0.526288
3.72201e-10	-0.525745
3.72243e-10	-0.525201
3.72284e-10	-0.524657
3.72326e-10	-0.524112
3.72367e-10	-0.523568
3.72409e-10	-0.523023
3.72451e-10	-0.522478
3.72492e-10	-0.521933
3.72534e-10	-0.521388
3.72575e-10	-0.520842
3.72617e-10	-0.520296
3.72658e-10	-0.51975
3.727e-10	-0.519204
3.72741e-10	-0.518658
3.72783e-10	-0.518111
3.72824e-10	-0.517564
3.72866e-10	-0.517017
3.72907e-10	-0.51647
3.72949e-10	-0.515922
3.7299e-10	-0.515374
3.73032e-10	-0.514826
3.73073e-10	-0.514278
3.73115e-10	-0.51373
3.73156e-10	-0.513181
3.73198e-10	-0.512633
3.7324e-10	-0.512084
3.73281e-10	-0.511535
3.73323e-10	-0.510985
3.73364e-10	-0.510436
3.73406e-10	-0.509886
3.73447e-10	-0.509336
3.73489e-10	-0.508786
3.7353e-10	-0.508235
3.73572e-10	-0.507684
3.73613e-10	-0.507134
3.73655e-10	-0.506583
3.73696e-10	-0.506031
3.73738e-10	-0.50548
3.73779e-10	-0.504928
3.73821e-10	-0.504376
3.73862e-10	-0.503824
3.73904e-10	-0.503272
3.73945e-10	-0.502719
3.73987e-10	-0.502167
3.74029e-10	-0.501614
3.7407e-10	-0.501061
3.74112e-10	-0.500507
3.74153e-10	-0.499954
3.74195e-10	-0.4994
3.74236e-10	-0.498846
3.74278e-10	-0.498292
3.74319e-10	-0.497738
3.74361e-10	-0.497183
3.74402e-10	-0.496628
3.74444e-10	-0.496074
3.74485e-10	-0.495518
3.74527e-10	-0.494963
3.74568e-10	-0.494407
3.7461e-10	-0.493852
3.74651e-10	-0.493296
3.74693e-10	-0.49274
3.74734e-10	-0.492183
3.74776e-10	-0.491627
3.74818e-10	-0.49107
3.74859e-10	-0.490513
3.74901e-10	-0.489956
3.74942e-10	-0.489398
3.74984e-10	-0.488841
3.75025e-10	-0.488283
3.75067e-10	-0.487725
3.75108e-10	-0.487167
3.7515e-10	-0.486609
3.75191e-10	-0.48605
3.75233e-10	-0.485491
3.75274e-10	-0.484932
3.75316e-10	-0.484373
3.75357e-10	-0.483814
3.75399e-10	-0.483254
3.7544e-10	-0.482695
3.75482e-10	-0.482135
3.75523e-10	-0.481574
3.75565e-10	-0.481014
3.75607e-10	-0.480454
3.75648e-10	-0.479893
3.7569e-10	-0.479332
3.75731e-10	-0.478771
3.75773e-10	-0.478209
3.75814e-10	-0.477648
3.75856e-10	-0.477086
3.75897e-10	-0.476524
3.75939e-10	-0.475962
3.7598e-10	-0.4754
3.76022e-10	-0.474837
3.76063e-10	-0.474275
3.76105e-10	-0.473712
3.76146e-10	-0.473149
3.76188e-10	-0.472585
3.76229e-10	-0.472022
3.76271e-10	-0.471458
3.76312e-10	-0.470895
3.76354e-10	-0.470331
3.76396e-10	-0.469766
3.76437e-10	-0.469202
3.76479e-10	-0.468637
3.7652e-10	-0.468072
3.76562e-10	-0.467507
3.76603e-10	-0.466942
3.76645e-10	-0.466377
3.76686e-10	-0.465811
3.76728e-10	-0.465246
3.76769e-10	-0.46468
3.76811e-10	-0.464114
3.76852e-10	-0.463547
3.76894e-10	-0.462981
3.76935e-10	-0.462414
3.76977e-10	-0.461847
3.77018e-10	-0.46128
3.7706e-10	-0.460713
3.77101e-10	-0.460145
3.77143e-10	-0.459578
3.77185e-10	-0.45901
3.77226e-10	-0.458442
3.77268e-10	-0.457874
3.77309e-10	-0.457305
3.77351e-10	-0.456737
3.77392e-10	-0.456168
3.77434e-10	-0.455599
3.77475e-10	-0.45503
3.77517e-10	-0.45446
3.77558e-10	-0.453891
3.776e-10	-0.453321
3.77641e-10	-0.452751
3.77683e-10	-0.452181
3.77724e-10	-0.451611
3.77766e-10	-0.45104
3.77807e-10	-0.45047
3.77849e-10	-0.449899
3.7789e-10	-0.449328
3.77932e-10	-0.448757
3.77974e-10	-0.448186
3.78015e-10	-0.447614
3.78057e-10	-0.447042
3.78098e-10	-0.44647
3.7814e-10	-0.445898
3.78181e-10	-0.445326
3.78223e-10	-0.444753
3.78264e-10	-0.444181
3.78306e-10	-0.443608
3.78347e-10	-0.443035
3.78389e-10	-0.442462
3.7843e-10	-0.441889
3.78472e-10	-0.441315
3.78513e-10	-0.440741
3.78555e-10	-0.440167
3.78596e-10	-0.439593
3.78638e-10	-0.439019
3.7868e-10	-0.438445
3.78721e-10	-0.43787
3.78763e-10	-0.437295
3.78804e-10	-0.43672
3.78846e-10	-0.436145
3.78887e-10	-0.43557
3.78929e-10	-0.434994
3.7897e-10	-0.434418
3.79012e-10	-0.433843
3.79053e-10	-0.433267
3.79095e-10	-0.43269
3.79136e-10	-0.432114
3.79178e-10	-0.431537
3.79219e-10	-0.430961
3.79261e-10	-0.430384
3.79302e-10	-0.429807
3.79344e-10	-0.429229
3.79385e-10	-0.428652
3.79427e-10	-0.428074
3.79469e-10	-0.427496
3.7951e-10	-0.426918
3.79552e-10	-0.42634
3.79593e-10	-0.425762
3.79635e-10	-0.425183
3.79676e-10	-0.424605
3.79718e-10	-0.424026
3.79759e-10	-0.423447
3.79801e-10	-0.422868
3.79842e-10	-0.422288
3.79884e-10	-0.421709
3.79925e-10	-0.421129
3.79967e-10	-0.420549
3.80008e-10	-0.419969
3.8005e-10	-0.419389
3.80091e-10	-0.418808
3.80133e-10	-0.418228
3.80174e-10	-0.417647
3.80216e-10	-0.417066
3.80258e-10	-0.416485
3.80299e-10	-0.415904
3.80341e-10	-0.415323
3.80382e-10	-0.414741
3.80424e-10	-0.414159
3.80465e-10	-0.413577
3.80507e-10	-0.412995
3.80548e-10	-0.412413
3.8059e-10	-0.41183
3.80631e-10	-0.411248
3.80673e-10	-0.410665
3.80714e-10	-0.410082
3.80756e-10	-0.409499
3.80797e-10	-0.408916
3.80839e-10	-0.408332
3.8088e-10	-0.407749
3.80922e-10	-0.407165
3.80963e-10	-0.406581
3.81005e-10	-0.405997
3.81047e-10	-0.405413
3.81088e-10	-0.404828
3.8113e-10	-0.404243
3.81171e-10	-0.403659
3.81213e-10	-0.403074
3.81254e-10	-0.402489
3.81296e-10	-0.401903
3.81337e-10	-0.401318
3.81379e-10	-0.400732
3.8142e-10	-0.400147
3.81462e-10	-0.399561
3.81503e-10	-0.398975
3.81545e-10	-0.398388
3.81586e-10	-0.397802
3.81628e-10	-0.397215
3.81669e-10	-0.396629
3.81711e-10	-0.396042
3.81752e-10	-0.395455
3.81794e-10	-0.394867
3.81836e-10	-0.39428
3.81877e-10	-0.393693
3.81919e-10	-0.393105
3.8196e-10	-0.392517
3.82002e-10	-0.391929
3.82043e-10	-0.391341
3.82085e-10	-0.390752
3.82126e-10	-0.390164
3.82168e-10	-0.389575
3.82209e-10	-0.388986
3.82251e-10	-0.388397
3.82292e-10	-0.387808
3.82334e-10	-0.387219
3.82375e-10	-0.386629
3.82417e-10	-0.38604
3.82458e-10	-0.38545
3.825e-10	-0.38486
3.82541e-10	-0.38427
3.82583e-10	-0.38368
3.82625e-10	-0.383089
3.82666e-10	-0.382499
3.82708e-10	-0.381908
3.82749e-10	-0.381317
3.82791e-10	-0.380726
3.82832e-10	-0.380135
3.82874e-10	-0.379544
3.82915e-10	-0.378952
3.82957e-10	-0.378361
3.82998e-10	-0.377769
3.8304e-10	-0.377177
3.83081e-10	-0.376585
3.83123e-10	-0.375992
3.83164e-10	-0.3754
3.83206e-10	-0.374807
3.83247e-10	-0.374215
3.83289e-10	-0.373622
3.8333e-10	-0.373029
3.83372e-10	-0.372436
3.83414e-10	-0.371842
3.83455e-10	-0.371249
3.83497e-10	-0.370655
3.83538e-10	-0.370061
3.8358e-10	-0.369467
3.83621e-10	-0.368873
3.83663e-10	-0.368279
3.83704e-10	-0.367685
3.83746e-10	-0.36709
3.83787e-10	-0.366495
3.83829e-10	-0.365901
3.8387e-10	-0.365306
3.83912e-10	-0.36471
3.83953e-10	-0.364115
3.83995e-10	-0.36352
3.84036e-10	-0.362924
3.84078e-10	-0.362328
3.84119e-10	-0.361733
3.84161e-10	-0.361136
3.84203e-10	-0.36054
3.84244e-10	-0.359944
3.84286e-10	-0.359347
3.84327e-10	-0.358751
3.84369e-10	-0.358154
3.8441e-10	-0.357557
3.84452e-10	-0.35696
3.84493e-10	-0.356363
3.84535e-10	-0.355766
3.84576e-10	-0.355168
3.84618e-10	-0.35457
3.84659e-10	-0.353973
3.84701e-10	-0.353375
3.84742e-10	-0.352777
3.84784e-10	-0.352178
3.84825e-10	-0.35158
3.84867e-10	-0.350982
3.84908e-10	-0.350383
3.8495e-10	-0.349784
3.84992e-10	-0.349185
3.85033e-10	-0.348586
3.85075e-10	-0.347987
3.85116e-10	-0.347387
3.85158e-10	-0.346788
3.85199e-10	-0.346188
3.85241e-10	-0.345588
3.85282e-10	-0.344989
3.85324e-10	-0.344388
3.85365e-10	-0.343788
3.85407e-10	-0.343188
3.85448e-10	-0.342587
3.8549e-10	-0.341987
3.85531e-10	-0.341386
3.85573e-10	-0.340785
3.85614e-10	-0.340184
3.85656e-10	-0.339583
3.85697e-10	-0.338982
3.85739e-10	-0.33838
3.85781e-10	-0.337778
3.85822e-10	-0.337177
3.85864e-10	-0.336575
3.85905e-10	-0.335973
3.85947e-10	-0.335371
3.85988e-10	-0.334768
3.8603e-10	-0.334166
3.86071e-10	-0.333563
3.86113e-10	-0.332961
3.86154e-10	-0.332358
3.86196e-10	-0.331755
3.86237e-10	-0.331152
3.86279e-10	-0.330548
3.8632e-10	-0.329945
3.86362e-10	-0.329342
3.86403e-10	-0.328738
3.86445e-10	-0.328134
3.86486e-10	-0.32753
3.86528e-10	-0.326926
3.8657e-10	-0.326322
3.86611e-10	-0.325718
3.86653e-10	-0.325113
3.86694e-10	-0.324509
3.86736e-10	-0.323904
3.86777e-10	-0.323299
3.86819e-10	-0.322694
3.8686e-10	-0.322089
3.86902e-10	-0.321484
3.86943e-10	-0.320878
3.86985e-10	-0.320273
3.87026e-10	-0.319667
3.87068e-10	-0.319061
3.87109e-10	-0.318455
3.87151e-10	-0.317849
3.87192e-10	-0.317243
3.87234e-10	-0.316637
3.87275e-10	-0.31603
3.87317e-10	-0.315424
3.87359e-10	-0.314817
3.874e-10	-0.31421
3.87442e-10	-0.313603
3.87483e-10	-0.312996
3.87525e-10	-0.312389
3.87566e-10	-0.311782
3.87608e-10	-0.311174
3.87649e-10	-0.310567
3.87691e-10	-0.309959
3.87732e-10	-0.309351
3.87774e-10	-0.308743
3.87815e-10	-0.308135
3.87857e-10	-0.307527
3.87898e-10	-0.306919
3.8794e-10	-0.30631
3.87981e-10	-0.305702
3.88023e-10	-0.305093
3.88064e-10	-0.304484
3.88106e-10	-0.303875
3.88148e-10	-0.303266
3.88189e-10	-0.302657
3.88231e-10	-0.302048
3.88272e-10	-0.301438
3.88314e-10	-0.300829
3.88355e-10	-0.300219
3.88397e-10	-0.299609
3.88438e-10	-0.298999
3.8848e-10	-0.298389
3.88521e-10	-0.297779
3.88563e-10	-0.297169
3.88604e-10	-0.296558
3.88646e-10	-0.295948
3.88687e-10	-0.295337
3.88729e-10	-0.294726
3.8877e-10	-0.294115
3.88812e-10	-0.293504
3.88853e-10	-0.292893
3.88895e-10	-0.292282
3.88937e-10	-0.29167
3.88978e-10	-0.291059
3.8902e-10	-0.290447
3.89061e-10	-0.289835
3.89103e-10	-0.289224
3.89144e-10	-0.288612
3.89186e-10	-0.287999
3.89227e-10	-0.287387
3.89269e-10	-0.286775
3.8931e-10	-0.286162
3.89352e-10	-0.28555
3.89393e-10	-0.284937
3.89435e-10	-0.284324
3.89476e-10	-0.283711
3.89518e-10	-0.283098
3.89559e-10	-0.282485
3.89601e-10	-0.281872
3.89642e-10	-0.281259
3.89684e-10	-0.280645
3.89726e-10	-0.280031
3.89767e-10	-0.279418
3.89809e-10	-0.278804
3.8985e-10	-0.27819
3.89892e-10	-0.277576
3.89933e-10	-0.276962
3.89975e-10	-0.276347
3.90016e-10	-0.275733
3.90058e-10	-0.275118
3.90099e-10	-0.274504
3.90141e-10	-0.273889
3.90182e-10	-0.273274
3.90224e-10	-0.272659
3.90265e-10	-0.272044
3.90307e-10	-0.271429
3.90348e-10	-0.270814
3.9039e-10	-0.270198
3.90431e-10	-0.269583
3.90473e-10	-0.268967
3.90515e-10	-0.268351
3.90556e-10	-0.267735
3.90598e-10	-0.267119
3.90639e-10	-0.266503
3.90681e-10	-0.265887
3.90722e-10	-0.265271
3.90764e-10	-0.264654
3.90805e-10	-0.264038
3.90847e-10	-0.263421
3.90888e-10	-0.262805
3.9093e-10	-0.262188
3.90971e-10	-0.261571
3.91013e-10	-0.260954
3.91054e-10	-0.260337
3.91096e-10	-0.259719
3.91137e-10	-0.259102
3.91179e-10	-0.258485
3.9122e-10	-0.257867
3.91262e-10	-0.257249
3.91304e-10	-0.256632
3.91345e-10	-0.256014
3.91387e-10	-0.255396
3.91428e-10	-0.254778
3.9147e-10	-0.254159
3.91511e-10	-0.253541
3.91553e-10	-0.252923
3.91594e-10	-0.252304
3.91636e-10	-0.251685
3.91677e-10	-0.251067
3.91719e-10	-0.250448
3.9176e-10	-0.249829
3.91802e-10	-0.24921
3.91843e-10	-0.248591
3.91885e-10	-0.247972
3.91926e-10	-0.247352
3.91968e-10	-0.246733
3.92009e-10	-0.246113
3.92051e-10	-0.245494
3.92093e-10	-0.244874
3.92134e-10	-0.244254
3.92176e-10	-0.243634
3.92217e-10	-0.243014
3.92259e-10	-0.242394
3.923e-10	-0.241774
3.92342e-10	-0.241153
3.92383e-10	-0.240533
3.92425e-10	-0.239912
3.92466e-10	-0.239292
3.92508e-10	-0.238671
3.92549e-10	-0.23805
3.92591e-10	-0.237429
3.92632e-10	-0.236808
3.92674e-10	-0.236187
3.92715e-10	-0.235566
3.92757e-10	-0.234945
3.92798e-10	-0.234323
3.9284e-10	-0.233702
3.92882e-10	-0.23308
3.92923e-10	-0.232458
3.92965e-10	-0.231837
3.93006e-10	-0.231215
3.93048e-10	-0.230593
3.93089e-10	-0.229971
3.93131e-10	-0.229349
3.93172e-10	-0.228726
3.93214e-10	-0.228104
3.93255e-10	-0.227482
3.93297e-10	-0.226859
3.93338e-10	-0.226236
3.9338e-10	-0.225614
3.93421e-10	-0.224991
3.93463e-10	-0.224368
3.93504e-10	-0.223745
3.93546e-10	-0.223122
3.93587e-10	-0.222499
3.93629e-10	-0.221875
3.93671e-10	-0.221252
3.93712e-10	-0.220629
3.93754e-10	-0.220005
3.93795e-10	-0.219381
3.93837e-10	-0.218758
3.93878e-10	-0.218134
3.9392e-10	-0.21751
3.93961e-10	-0.216886
3.94003e-10	-0.216262
3.94044e-10	-0.215638
3.94086e-10	-0.215013
3.94127e-10	-0.214389
3.94169e-10	-0.213765
3.9421e-10	-0.21314
3.94252e-10	-0.212516
3.94293e-10	-0.211891
3.94335e-10	-0.211266
3.94376e-10	-0.210641
3.94418e-10	-0.210016
3.9446e-10	-0.209391
3.94501e-10	-0.208766
3.94543e-10	-0.208141
3.94584e-10	-0.207516
3.94626e-10	-0.20689
3.94667e-10	-0.206265
3.94709e-10	-0.205639
3.9475e-10	-0.205014
3.94792e-10	-0.204388
3.94833e-10	-0.203762
3.94875e-10	-0.203136
3.94916e-10	-0.20251
3.94958e-10	-0.201884
3.94999e-10	-0.201258
3.95041e-10	-0.200632
3.95082e-10	-0.200006
3.95124e-10	-0.199379
3.95165e-10	-0.198753
3.95207e-10	-0.198126
3.95249e-10	-0.1975
3.9529e-10	-0.196873
3.95332e-10	-0.196246
3.95373e-10	-0.195619
3.95415e-10	-0.194992
3.95456e-10	-0.194365
3.95498e-10	-0.193738
3.95539e-10	-0.193111
3.95581e-10	-0.192484
3.95622e-10	-0.191856
3.95664e-10	-0.191229
3.95705e-10	-0.190602
3.95747e-10	-0.189974
3.95788e-10	-0.189346
3.9583e-10	-0.188719
3.95871e-10	-0.188091
3.95913e-10	-0.187463
3.95954e-10	-0.186835
3.95996e-10	-0.186207
3.96038e-10	-0.185579
3.96079e-10	-0.184951
3.96121e-10	-0.184322
3.96162e-10	-0.183694
3.96204e-10	-0.183066
3.96245e-10	-0.182437
3.96287e-10	-0.181809
3.96328e-10	-0.18118
3.9637e-10	-0.180551
3.96411e-10	-0.179923
3.96453e-10	-0.179294
3.96494e-10	-0.178665
3.96536e-10	-0.178036
3.96577e-10	-0.177407
3.96619e-10	-0.176777
3.9666e-10	-0.176148
3.96702e-10	-0.175519
3.96743e-10	-0.17489
3.96785e-10	-0.17426
3.96827e-10	-0.173631
3.96868e-10	-0.173001
3.9691e-10	-0.172371
3.96951e-10	-0.171742
3.96993e-10	-0.171112
3.97034e-10	-0.170482
3.97076e-10	-0.169852
3.97117e-10	-0.169222
3.97159e-10	-0.168592
3.972e-10	-0.167962
3.97242e-10	-0.167332
3.97283e-10	-0.166702
3.97325e-10	-0.166071
3.97366e-10	-0.165441
3.97408e-10	-0.16481
3.97449e-10	-0.16418
3.97491e-10	-0.163549
3.97532e-10	-0.162918
3.97574e-10	-0.162288
3.97616e-10	-0.161657
3.97657e-10	-0.161026
3.97699e-10	-0.160395
3.9774e-10	-0.159764
3.97782e-10	-0.159133
3.97823e-10	-0.158502
3.97865e-10	-0.157871
3.97906e-10	-0.157239
3.97948e-10	-0.156608
3.97989e-10	-0.155977
3.98031e-10	-0.155345
3.98072e-10	-0.154714
3.98114e-10	-0.154082
3.98155e-10	-0.15345
3.98197e-10	-0.152819
3.98238e-10	-0.152187
3.9828e-10	-0.151555
3.98322e-10	-0.150923
3.98363e-10	-0.150291
3.98405e-10	-0.149659
3.98446e-10	-0.149027
3.98488e-10	-0.148395
3.98529e-10	-0.147763
3.98571e-10	-0.147131
3.98612e-10	-0.146498
3.98654e-10	-0.145866
3.98695e-10	-0.145233
3.98737e-10	-0.144601
3.98778e-10	-0.143968
3.9882e-10	-0.143336
3.98861e-10	-0.142703
3.98903e-10	-0.14207
3.98944e-10	-0.141438
3.98986e-10	-0.140805
3.99027e-10	-0.140172
3.99069e-10	-0.139539
3.99111e-10	-0.138906
3.99152e-10	-0.138273
3.99194e-10	-0.13764
3.99235e-10	-0.137006
3.99277e-10	-0.136373
3.99318e-10	-0.13574
3.9936e-10	-0.135106
3.99401e-10	-0.134473
3.99443e-10	-0.13384
3.99484e-10	-0.133206
3.99526e-10	-0.132573
3.99567e-10	-0.131939
3.99609e-10	-0.131305
3.9965e-10	-0.130671
3.99692e-10	-0.130038
3.99733e-10	-0.129404
3.99775e-10	-0.12877
3.99816e-10	-0.128136
3.99858e-10	-0.127502
3.999e-10	-0.126868
3.99941e-10	-0.126234
3.99983e-10	-0.1256
4.00024e-10	-0.124965
4.00066e-10	-0.124331
4.00107e-10	-0.123697
4.00149e-10	-0.123062
4.0019e-10	-0.122428
4.00232e-10	-0.121794
4.00273e-10	-0.121159
4.00315e-10	-0.120524
4.00356e-10	-0.11989
4.00398e-10	-0.119255
4.00439e-10	-0.11862
4.00481e-10	-0.117986
4.00522e-10	-0.117351
4.00564e-10	-0.116716
4.00605e-10	-0.116081
4.00647e-10	-0.115446
4.00689e-10	-0.114811
4.0073e-10	-0.114176
4.00772e-10	-0.113541
4.00813e-10	-0.112906
4.00855e-10	-0.112271
4.00896e-10	-0.111636
4.00938e-10	-0.111
4.00979e-10	-0.110365
4.01021e-10	-0.10973
4.01062e-10	-0.109094
4.01104e-10	-0.108459
4.01145e-10	-0.107823
4.01187e-10	-0.107188
4.01228e-10	-0.106552
4.0127e-10	-0.105916
4.01311e-10	-0.105281
4.01353e-10	-0.104645
4.01394e-10	-0.104009
4.01436e-10	-0.103373
4.01478e-10	-0.102738
4.01519e-10	-0.102102
4.01561e-10	-0.101466
4.01602e-10	-0.10083
4.01644e-10	-0.100194
4.01685e-10	-0.0995577
4.01727e-10	-0.0989217
4.01768e-10	-0.0982855
4.0181e-10	-0.0976493
4.01851e-10	-0.0970131
4.01893e-10	-0.0963769
4.01934e-10	-0.0957406
4.01976e-10	-0.0951043
4.02017e-10	-0.0944679
4.02059e-10	-0.0938315
4.021e-10	-0.093195
4.02142e-10	-0.0925585
4.02183e-10	-0.091922
4.02225e-10	-0.0912855
4.02267e-10	-0.0906489
4.02308e-10	-0.0900122
4.0235e-10	-0.0893755
4.02391e-10	-0.0887388
4.02433e-10	-0.0881021
4.02474e-10	-0.0874653
4.02516e-10	-0.0868285
4.02557e-10	-0.0861916
4.02599e-10	-0.0855547
4.0264e-10	-0.0849178
4.02682e-10	-0.0842809
4.02723e-10	-0.0836439
4.02765e-10	-0.0830068
4.02806e-10	-0.0823698
4.02848e-10	-0.0817327
4.02889e-10	-0.0810956
4.02931e-10	-0.0804584
4.02972e-10	-0.0798212
4.03014e-10	-0.079184
4.03056e-10	-0.0785467
4.03097e-10	-0.0779094
4.03139e-10	-0.0772721
4.0318e-10	-0.0766348
4.03222e-10	-0.0759974
4.03263e-10	-0.07536
4.03305e-10	-0.0747225
4.03346e-10	-0.074085
4.03388e-10	-0.0734475
4.03429e-10	-0.07281
4.03471e-10	-0.0721724
4.03512e-10	-0.0715348
4.03554e-10	-0.0708972
4.03595e-10	-0.0702595
4.03637e-10	-0.0696218
4.03678e-10	-0.0689841
4.0372e-10	-0.0683464
4.03761e-10	-0.0677086
4.03803e-10	-0.0670708
4.03845e-10	-0.066433
4.03886e-10	-0.0657952
4.03928e-10	-0.0651573
4.03969e-10	-0.0645194
4.04011e-10	-0.0638814
4.04052e-10	-0.0632435
4.04094e-10	-0.0626055
4.04135e-10	-0.0619675
4.04177e-10	-0.0613295
4.04218e-10	-0.0606914
4.0426e-10	-0.0600533
4.04301e-10	-0.0594152
4.04343e-10	-0.0587771
4.04384e-10	-0.0581389
4.04426e-10	-0.0575007
4.04467e-10	-0.0568625
4.04509e-10	-0.0562243
4.0455e-10	-0.0555861
4.04592e-10	-0.0549478
4.04634e-10	-0.0543095
4.04675e-10	-0.0536712
4.04717e-10	-0.0530328
4.04758e-10	-0.0523945
4.048e-10	-0.0517561
4.04841e-10	-0.0511177
4.04883e-10	-0.0504793
4.04924e-10	-0.0498408
4.04966e-10	-0.0492024
4.05007e-10	-0.0485639
4.05049e-10	-0.0479254
4.0509e-10	-0.0472868
4.05132e-10	-0.0466483
4.05173e-10	-0.0460097
4.05215e-10	-0.0453711
4.05256e-10	-0.0447325
4.05298e-10	-0.0440939
4.05339e-10	-0.0434553
4.05381e-10	-0.0428166
4.05423e-10	-0.042178
4.05464e-10	-0.0415393
4.05506e-10	-0.0409006
4.05547e-10	-0.0402618
4.05589e-10	-0.0396231
4.0563e-10	-0.0389844
4.05672e-10	-0.0383456
4.05713e-10	-0.0377068
4.05755e-10	-0.037068
4.05796e-10	-0.0364292
4.05838e-10	-0.0357903
4.05879e-10	-0.0351515
4.05921e-10	-0.0345126
4.05962e-10	-0.0338738
4.06004e-10	-0.0332349
4.06045e-10	-0.032596
4.06087e-10	-0.031957
4.06128e-10	-0.0313181
4.0617e-10	-0.0306792
4.06212e-10	-0.0300402
4.06253e-10	-0.0294012
4.06295e-10	-0.0287623
4.06336e-10	-0.0281233
4.06378e-10	-0.0274843
4.06419e-10	-0.0268453
4.06461e-10	-0.0262062
4.06502e-10	-0.0255672
4.06544e-10	-0.0249282
4.06585e-10	-0.0242891
4.06627e-10	-0.02365
4.06668e-10	-0.023011
4.0671e-10	-0.0223719
4.06751e-10	-0.0217328
4.06793e-10	-0.0210937
4.06834e-10	-0.0204546
4.06876e-10	-0.0198154
4.06917e-10	-0.0191763
4.06959e-10	-0.0185372
4.07001e-10	-0.017898
4.07042e-10	-0.0172589
4.07084e-10	-0.0166197
4.07125e-10	-0.0159806
4.07167e-10	-0.0153414
4.07208e-10	-0.0147022
4.0725e-10	-0.014063
4.07291e-10	-0.0134238
4.07333e-10	-0.0127846
4.07374e-10	-0.0121454
4.07416e-10	-0.0115062
4.07457e-10	-0.010867
4.07499e-10	-0.0102278
4.0754e-10	-0.0095886
4.07582e-10	-0.00894938
4.07623e-10	-0.00831015
4.07665e-10	-0.00767092
4.07706e-10	-0.00703169
4.07748e-10	-0.00639245
4.0779e-10	-0.00575322
4.07831e-10	-0.00511398
4.07873e-10	-0.00447473
4.07914e-10	-0.00383549
4.07956e-10	-0.00319624
4.07997e-10	-0.002557
4.08039e-10	-0.00191775
4.0808e-10	-0.0012785
4.08122e-10	-0.00063925
4.08163e-10	6.43249e-16
4.08205e-10	0.00063925
4.08246e-10	0.0012785
4.08288e-10	0.00191775
4.08329e-10	0.002557
4.08371e-10	0.00319624
4.08412e-10	0.00383549
4.08454e-10	0.00447473
4.08495e-10	0.00511398
4.08537e-10	0.00575322
4.08579e-10	0.00639245
4.0862e-10	0.00703169
4.08662e-10	0.00767092
4.08703e-10	0.00831015
4.08745e-10	0.00894938
4.08786e-10	0.0095886
4.08828e-10	0.0102278
4.08869e-10	0.010867
4.08911e-10	0.0115062
4.08952e-10	0.0121454
4.08994e-10	0.0127846
4.09035e-10	0.0134238
4.09077e-10	0.014063
4.09118e-10	0.0147022
4.0916e-10	0.0153414
4.09201e-10	0.0159806
4.09243e-10	0.0166197
4.09284e-10	0.0172589
4.09326e-10	0.017898
4.09368e-10	0.0185372
4.09409e-10	0.0191763
4.09451e-10	0.0198154
4.09492e-10	0.0204546
4.09534e-10	0.0210937
4.09575e-10	0.0217328
4.09617e-10	0.0223719
4.09658e-10	0.023011
4.097e-10	0.02365
4.09741e-10	0.0242891
4.09783e-10	0.0249282
4.09824e-10	0.0255672
4.09866e-10	0.0262062
4.09907e-10	0.0268453
4.09949e-10	0.0274843
4.0999e-10	0.0281233
4.10032e-10	0.0287623
4.10073e-10	0.0294012
4.10115e-10	0.0300402
4.10157e-10	0.0306792
4.10198e-10	0.0313181
4.1024e-10	0.031957
4.10281e-10	0.032596
4.10323e-10	0.0332349
4.10364e-10	0.0338738
4.10406e-10	0.0345126
4.10447e-10	0.0351515
4.10489e-10	0.0357903
4.1053e-10	0.0364292
4.10572e-10	0.037068
4.10613e-10	0.0377068
4.10655e-10	0.0383456
4.10696e-10	0.0389844
4.10738e-10	0.0396231
4.10779e-10	0.0402618
4.10821e-10	0.0409006
4.10862e-10	0.0415393
4.10904e-10	0.042178
4.10946e-10	0.0428166
4.10987e-10	0.0434553
4.11029e-10	0.0440939
4.1107e-10	0.0447325
4.11112e-10	0.0453711
4.11153e-10	0.0460097
4.11195e-10	0.0466483
4.11236e-10	0.0472868
4.11278e-10	0.0479254
4.11319e-10	0.0485639
4.11361e-10	0.0492024
4.11402e-10	0.0498408
4.11444e-10	0.0504793
4.11485e-10	0.0511177
4.11527e-10	0.0517561
4.11568e-10	0.0523945
4.1161e-10	0.0530328
4.11651e-10	0.0536712
4.11693e-10	0.0543095
4.11735e-10	0.0549478
4.11776e-10	0.0555861
4.11818e-10	0.0562243
4.11859e-10	0.0568625
4.11901e-10	0.0575007
4.11942e-10	0.0581389
4.11984e-10	0.0587771
4.12025e-10	0.0594152
4.12067e-10	0.0600533
4.12108e-10	0.0606914
4.1215e-10	0.0613295
4.12191e-10	0.0619675
4.12233e-10	0.0626055
4.12274e-10	0.0632435
4.12316e-10	0.0638814
4.12357e-10	0.0645194
4.12399e-10	0.0651573
4.1244e-10	0.0657952
4.12482e-10	0.066433
4.12524e-10	0.0670708
4.12565e-10	0.0677086
4.12607e-10	0.0683464
4.12648e-10	0.0689841
4.1269e-10	0.0696218
4.12731e-10	0.0702595
4.12773e-10	0.0708972
4.12814e-10	0.0715348
4.12856e-10	0.0721724
4.12897e-10	0.07281
4.12939e-10	0.0734475
4.1298e-10	0.074085
4.13022e-10	0.0747225
4.13063e-10	0.07536
4.13105e-10	0.0759974
4.13146e-10	0.0766348
4.13188e-10	0.0772721
4.13229e-10	0.0779094
4.13271e-10	0.0785467
4.13313e-10	0.079184
4.13354e-10	0.0798212
4.13396e-10	0.0804584
4.13437e-10	0.0810956
4.13479e-10	0.0817327
4.1352e-10	0.0823698
4.13562e-10	0.0830068
4.13603e-10	0.0836439
4.13645e-10	0.0842809
4.13686e-10	0.0849178
4.13728e-10	0.0855547
4.13769e-10	0.0861916
4.13811e-10	0.0868285
4.13852e-10	0.0874653
4.13894e-10	0.0881021
4.13935e-10	0.0887388
4.13977e-10	0.0893755
4.14018e-10	0.0900122
4.1406e-10	0.0906489
4.14102e-10	0.0912855
4.14143e-10	0.091922
4.14185e-10	0.0925585
4.14226e-10	0.093195
4.14268e-10	0.0938315
4.14309e-10	0.0944679
4.14351e-10	0.0951043
4.14392e-10	0.0957406
4.14434e-10	0.0963769
4.14475e-10	0.0970131
4.14517e-10	0.0976493
4.14558e-10	0.0982855
4.146e-10	0.0989217
4.14641e-10	0.0995577
4.14683e-10	0.100194
4.14724e-10	0.10083
4.14766e-10	0.101466
4.14807e-10	0.102102
4.14849e-10	0.102738
4.14891e-10	0.103373
4.14932e-10	0.104009
4.14974e-10	0.104645
4.15015e-10	0.105281
4.15057e-10	0.105916
4.15098e-10	0.106552
4.1514e-10	0.107188
4.15181e-10	0.107823
4.15223e-10	0.108459
4.15264e-10	0.109094
4.15306e-10	0.10973
4.15347e-10	0.110365
4.15389e-10	0.111
4.1543e-10	0.111636
4.15472e-10	0.112271
4.15513e-10	0.112906
4.15555e-10	0.113541
4.15596e-10	0.114176
4.15638e-10	0.114811
4.1568e-10	0.115446
4.15721e-10	0.116081
4.15763e-10	0.116716
4.15804e-10	0.117351
4.15846e-10	0.117986
4.15887e-10	0.11862
4.15929e-10	0.119255
4.1597e-10	0.11989
4.16012e-10	0.120524
4.16053e-10	0.121159
4.16095e-10	0.121794
4.16136e-10	0.122428
4.16178e-10	0.123062
4.16219e-10	0.123697
4.16261e-10	0.124331
4.16302e-10	0.124965
4.16344e-10	0.1256
4.16385e-10	0.126234
4.16427e-10	0.126868
4.16469e-10	0.127502
4.1651e-10	0.128136
4.16552e-10	0.12877
4.16593e-10	0.129404
4.16635e-10	0.130038
4.16676e-10	0.130671
4.16718e-10	0.131305
4.16759e-10	0.131939
4.16801e-10	0.132573
4.16842e-10	0.133206
4.16884e-10	0.13384
4.16925e-10	0.134473
4.16967e-10	0.135106
4.17008e-10	0.13574
4.1705e-10	0.136373
4.17091e-10	0.137006
4.17133e-10	0.13764
4.17175e-10	0.138273
4.17216e-10	0.138906
4.17258e-10	0.139539
4.17299e-10	0.140172
4.17341e-10	0.140805
4.17382e-10	0.141438
4.17424e-10	0.14207
4.17465e-10	0.142703
4.17507e-10	0.143336
4.17548e-10	0.143968
4.1759e-10	0.144601
4.17631e-10	0.145233
4.17673e-10	0.145866
4.17714e-10	0.146498
4.17756e-10	0.147131
4.17797e-10	0.147763
4.17839e-10	0.148395
4.1788e-10	0.149027
4.17922e-10	0.149659
4.17964e-10	0.150291
4.18005e-10	0.150923
4.18047e-10	0.151555
4.18088e-10	0.152187
4.1813e-10	0.152819
4.18171e-10	0.15345
4.18213e-10	0.154082
4.18254e-10	0.154714
4.18296e-10	0.155345
4.18337e-10	0.155977
4.18379e-10	0.156608
4.1842e-10	0.157239
4.18462e-10	0.157871
4.18503e-10	0.158502
4.18545e-10	0.159133
4.18586e-10	0.159764
4.18628e-10	0.160395
4.18669e-10	0.161026
4.18711e-10	0.161657
4.18753e-10	0.162288
4.18794e-10	0.162918
4.18836e-10	0.163549
4.18877e-10	0.16418
4.18919e-10	0.16481
4.1896e-10	0.165441
4.19002e-10	0.166071
4.19043e-10	0.166702
4.19085e-10	0.167332
4.19126e-10	0.167962
4.19168e-10	0.168592
4.19209e-10	0.169222
4.19251e-10	0.169852
4.19292e-10	0.170482
4.19334e-10	0.171112
4.19375e-10	0.171742
4.19417e-10	0.172371
4.19458e-10	0.173001
4.195e-10	0.173631
4.19542e-10	0.17426
4.19583e-10	0.17489
4.19625e-10	0.175519
4.19666e-10	0.176148
4.19708e-10	0.176777
4.19749e-10	0.177407
4.19791e-10	0.178036
4.19832e-10	0.178665
4.19874e-10	0.179294
4.19915e-10	0.179923
4.19957e-10	0.180551
4.19998e-10	0.18118
4.2004e-10	0.181809
4.20081e-10	0.182437
4.20123e-10	0.183066
4.20164e-10	0.183694
4.20206e-10	0.184322
4.20247e-10	0.184951
4.20289e-10	0.185579
4.20331e-10	0.186207
4.20372e-10	0.186835
4.20414e-10	0.187463
4.20455e-10	0.188091
4.20497e-10	0.188719
4.20538e-10	0.189346
4.2058e-10	0.189974
4.20621e-10	0.190602
4.20663e-10	0.191229
4.20704e-10	0.191856
4.20746e-10	0.192484
4.20787e-10	0.193111
4.20829e-10	0.193738
4.2087e-10	0.194365
4.20912e-10	0.194992
4.20953e-10	0.195619
4.20995e-10	0.196246
4.21036e-10	0.196873
4.21078e-10	0.1975
4.2112e-10	0.198126
4.21161e-10	0.198753
4.21203e-10	0.199379
4.21244e-10	0.200006
4.21286e-10	0.200632
4.21327e-10	0.201258
4.21369e-10	0.201884
4.2141e-10	0.20251
4.21452e-10	0.203136
4.21493e-10	0.203762
4.21535e-10	0.204388
4.21576e-10	0.205014
4.21618e-10	0.205639
4.21659e-10	0.206265
4.21701e-10	0.20689
4.21742e-10	0.207516
4.21784e-10	0.208141
4.21825e-10	0.208766
4.21867e-10	0.209391
4.21909e-10	0.210016
4.2195e-10	0.210641
4.21992e-10	0.211266
4.22033e-10	0.211891
4.22075e-10	0.212516
4.22116e-10	0.21314
4.22158e-10	0.213765
4.22199e-10	0.214389
4.22241e-10	0.215013
4.22282e-10	0.215638
4.22324e-10	0.216262
4.22365e-10	0.216886
4.22407e-10	0.21751
4.22448e-10	0.218134
4.2249e-10	0.218758
4.22531e-10	0.219381
4.22573e-10	0.220005
4.22614e-10	0.220629
4.22656e-10	0.221252
4.22698e-10	0.221875
4.22739e-10	0.222499
4.22781e-10	0.223122
4.22822e-10	0.223745
4.22864e-10	0.224368
4.22905e-10	0.224991
4.22947e-10	0.225614
4.22988e-10	0.226236
4.2303e-10	0.226859
4.23071e-10	0.227482
4.23113e-10	0.228104
4.23154e-10	0.228726
4.23196e-10	0.229349
4.23237e-10	0.229971
4.23279e-10	0.230593
4.2332e-10	0.231215
4.23362e-10	0.231837
4.23403e-10	0.232458
4.23445e-10	0.23308
4.23487e-10	0.233702
4.23528e-10	0.234323
4.2357e-10	0.234945
4.23611e-10	0.235566
4.23653e-10	0.236187
4.23694e-10	0.236808
4.23736e-10	0.237429
4.23777e-10	0.23805
4.23819e-10	0.238671
4.2386e-10	0.239292
4.23902e-10	0.239912
4.23943e-10	0.240533
4.23985e-10	0.241153
4.24026e-10	0.241774
4.24068e-10	0.242394
4.24109e-10	0.243014
4.24151e-10	0.243634
4.24192e-10	0.244254
4.24234e-10	0.244874
4.24276e-10	0.245494
4.24317e-10	0.246113
4.24359e-10	0.246733
4.244e-10	0.247352
4.24442e-10	0.247972
4.24483e-10	0.248591
4.24525e-10	0.24921
4.24566e-10	0.249829
4.24608e-10	0.250448
4.24649e-10	0.251067
4.24691e-10	0.251685
4.24732e-10	0.252304
4.24774e-10	0.252923
4.24815e-10	0.253541
4.24857e-10	0.254159
4.24898e-10	0.254778
4.2494e-10	0.255396
4.24981e-10	0.256014
4.25023e-10	0.256632
4.25065e-10	0.257249
4.25106e-10	0.257867
4.25148e-10	0.258485
4.25189e-10	0.259102
4.25231e-10	0.259719
4.25272e-10	0.260337
4.25314e-10	0.260954
4.25355e-10	0.261571
4.25397e-10	0.262188
4.25438e-10	0.262805
4.2548e-10	0.263421
4.25521e-10	0.264038
4.25563e-10	0.264654
4.25604e-10	0.265271
4.25646e-10	0.265887
4.25687e-10	0.266503
4.25729e-10	0.267119
4.2577e-10	0.267735
4.25812e-10	0.268351
4.25854e-10	0.268967
4.25895e-10	0.269583
4.25937e-10	0.270198
4.25978e-10	0.270814
4.2602e-10	0.271429
4.26061e-10	0.272044
4.26103e-10	0.272659
4.26144e-10	0.273274
4.26186e-10	0.273889
4.26227e-10	0.274504
4.26269e-10	0.275118
4.2631e-10	0.275733
4.26352e-10	0.276347
4.26393e-10	0.276962
4.26435e-10	0.277576
4.26476e-10	0.27819
4.26518e-10	0.278804
4.26559e-10	0.279418
4.26601e-10	0.280031
4.26643e-10	0.280645
4.26684e-10	0.281259
4.26726e-10	0.281872
4.26767e-10	0.282485
4.26809e-10	0.283098
4.2685e-10	0.283711
4.26892e-10	0.284324
4.26933e-10	0.284937
4.26975e-10	0.28555
4.27016e-10	0.286162
4.27058e-10	0.286775
4.27099e-10	0.287387
4.27141e-10	0.287999
4.27182e-10	0.288612
4.27224e-10	0.289224
4.27265e-10	0.289835
4.27307e-10	0.290447
4.27348e-10	0.291059
4.2739e-10	0.29167
4.27432e-10	0.292282
4.27473e-10	0.292893
4.27515e-10	0.293504
4.27556e-10	0.294115
4.27598e-10	0.294726
4.27639e-10	0.295337
4.27681e-10	0.295948
4.27722e-10	0.296558
4.27764e-10	0.297169
4.27805e-10	0.297779
4.27847e-10	0.298389
4.27888e-10	0.298999
4.2793e-10	0.299609
4.27971e-10	0.300219
4.28013e-10	0.300829
4.28054e-10	0.301438
4.28096e-10	0.302048
4.28137e-10	0.302657
4.28179e-10	0.303266
4.28221e-10	0.303875
4.28262e-10	0.304484
4.28304e-10	0.305093
4.28345e-10	0.305702
4.28387e-10	0.30631
4.28428e-10	0.306919
4.2847e-10	0.307527
4.28511e-10	0.308135
4.28553e-10	0.308743
4.28594e-10	0.309351
4.28636e-10	0.309959
4.28677e-10	0.310567
4.28719e-10	0.311174
4.2876e-10	0.311782
4.28802e-10	0.312389
4.28843e-10	0.312996
4.28885e-10	0.313603
4.28926e-10	0.31421
4.28968e-10	0.314817
4.2901e-10	0.315424
4.29051e-10	0.31603
4.29093e-10	0.316637
4.29134e-10	0.317243
4.29176e-10	0.317849
4.29217e-10	0.318455
4.29259e-10	0.319061
4.293e-10	0.319667
4.29342e-10	0.320273
4.29383e-10	0.320878
4.29425e-10	0.321484
4.29466e-10	0.322089
4.29508e-10	0.322694
4.29549e-10	0.323299
4.29591e-10	0.323904
4.29632e-10	0.324509
4.29674e-10	0.325113
4.29715e-10	0.325718
4.29757e-10	0.326322
4.29799e-10	0.326926
4.2984e-10	0.32753
4.29882e-10	0.328134
4.29923e-10	0.328738
4.29965e-10	0.329342
4.30006e-10	0.329945
4.30048e-10	0.330548
4.30089e-10	0.331152
4.30131e-10	0.331755
4.30172e-10	0.332358
4.30214e-10	0.332961
4.30255e-10	0.333563
4.30297e-10	0.334166
4.30338e-10	0.334768
4.3038e-10	0.335371
4.30421e-10	0.335973
4.30463e-10	0.336575
4.30504e-10	0.337177
4.30546e-10	0.337778
4.30588e-10	0.33838
4.30629e-10	0.338982
4.30671e-10	0.339583
4.30712e-10	0.340184
4.30754e-10	0.340785
4.30795e-10	0.341386
4.30837e-10	0.341987
4.30878e-10	0.342587
4.3092e-10	0.343188
4.30961e-10	0.343788
4.31003e-10	0.344388
4.31044e-10	0.344989
4.31086e-10	0.345588
4.31127e-10	0.346188
4.31169e-10	0.346788
4.3121e-10	0.347387
4.31252e-10	0.347987
4.31293e-10	0.348586
4.31335e-10	0.349185
4.31377e-10	0.349784
4.31418e-10	0.350383
4.3146e-10	0.350982
4.31501e-10	0.35158
4.31543e-10	0.352178
4.31584e-10	0.352777
4.31626e-10	0.353375
4.31667e-10	0.353973
4.31709e-10	0.35457
4.3175e-10	0.355168
4.31792e-10	0.355766
4.31833e-10	0.356363
4.31875e-10	0.35696
4.31916e-10	0.357557
4.31958e-10	0.358154
4.31999e-10	0.358751
4.32041e-10	0.359347
4.32082e-10	0.359944
4.32124e-10	0.36054
4.32166e-10	0.361136
4.32207e-10	0.361733
4.32249e-10	0.362328
4.3229e-10	0.362924
4.32332e-10	0.36352
4.32373e-10	0.364115
4.32415e-10	0.36471
4.32456e-10	0.365306
4.32498e-10	0.365901
4.32539e-10	0.366495
4.32581e-10	0.36709
4.32622e-10	0.367685
4.32664e-10	0.368279
4.32705e-10	0.368873
4.32747e-10	0.369467
4.32788e-10	0.370061
4.3283e-10	0.370655
4.32871e-10	0.371249
4.32913e-10	0.371842
4.32955e-10	0.372436
4.32996e-10	0.373029
4.33038e-10	0.373622
4.33079e-10	0.374215
4.33121e-10	0.374807
4.33162e-10	0.3754
4.33204e-10	0.375992
4.33245e-10	0.376585
4.33287e-10	0.377177
4.33328e-10	0.377769
4.3337e-10	0.378361
4.33411e-10	0.378952
4.33453e-10	0.379544
4.33494e-10	0.380135
4.33536e-10	0.380726
4.33577e-10	0.381317
4.33619e-10	0.381908
4.3366e-10	0.382499
4.33702e-10	0.383089
4.33744e-10	0.38368
4.33785e-10	0.38427
4.33827e-10	0.38486
4.33868e-10	0.38545
4.3391e-10	0.38604
4.33951e-10	0.386629
4.33993e-10	0.387219
4.34034e-10	0.387808
4.34076e-10	0.388397
4.34117e-10	0.388986
4.34159e-10	0.389575
4.342e-10	0.390164
4.34242e-10	0.390752
4.34283e-10	0.391341
4.34325e-10	0.391929
4.34366e-10	0.392517
4.34408e-10	0.393105
4.34449e-10	0.393693
4.34491e-10	0.39428
4.34533e-10	0.394867
4.34574e-10	0.395455
4.34616e-10	0.396042
4.34657e-10	0.396629
4.34699e-10	0.397215
4.3474e-10	0.397802
4.34782e-10	0.398388
4.34823e-10	0.398975
4.34865e-10	0.399561
4.34906e-10	0.400147
4.34948e-10	0.400732
4.34989e-10	0.401318
4.35031e-10	0.401903
4.35072e-10	0.402489
4.35114e-10	0.403074
4.35155e-10	0.403659
4.35197e-10	0.404243
4.35238e-10	0.404828
4.3528e-10	0.405413
4.35322e-10	0.405997
4.35363e-10	0.406581
4.35405e-10	0.407165
4.35446e-10	0.407749
4.35488e-10	0.408332
4.35529e-10	0.408916
4.35571e-10	0.409499
4.35612e-10	0.410082
4.35654e-10	0.410665
4.35695e-10	0.411248
4.35737e-10	0.41183
4.35778e-10	0.412413
4.3582e-10	0.412995
4.35861e-10	0.413577
4.35903e-10	0.414159
4.35944e-10	0.414741
4.35986e-10	0.415323
4.36027e-10	0.415904
4.36069e-10	0.416485
4.36111e-10	0.417066
4.36152e-10	0.417647
4.36194e-10	0.418228
4.36235e-10	0.418808
4.36277e-10	0.419389
4.36318e-10	0.419969
4.3636e-10	0.420549
4.36401e-10	0.421129
4.36443e-10	0.421709
4.36484e-10	0.422288
4.36526e-10	0.422868
4.36567e-10	0.423447
4.36609e-10	0.424026
4.3665e-10	0.424605
4.36692e-10	0.425183
4.36733e-10	0.425762
4.36775e-10	0.42634
4.36817e-10	0.426918
4.36858e-10	0.427496
4.369e-10	0.428074
4.36941e-10	0.428652
4.36983e-10	0.429229
4.37024e-10	0.429807
4.37066e-10	0.430384
4.37107e-10	0.430961
4.37149e-10	0.431537
4.3719e-10	0.432114
4.37232e-10	0.43269
4.37273e-10	0.433267
4.37315e-10	0.433843
4.37356e-10	0.434418
4.37398e-10	0.434994
4.37439e-10	0.43557
4.37481e-10	0.436145
4.37522e-10	0.43672
4.37564e-10	0.437295
4.37606e-10	0.43787
4.37647e-10	0.438445
4.37689e-10	0.439019
4.3773e-10	0.439593
4.37772e-10	0.440167
4.37813e-10	0.440741
4.37855e-10	0.441315
4.37896e-10	0.441889
4.37938e-10	0.442462
4.37979e-10	0.443035
4.38021e-10	0.443608
4.38062e-10	0.444181
4.38104e-10	0.444753
4.38145e-10	0.445326
4.38187e-10	0.445898
4.38228e-10	0.44647
4.3827e-10	0.447042
4.38311e-10	0.447614
4.38353e-10	0.448186
4.38395e-10	0.448757
4.38436e-10	0.449328
4.38478e-10	0.449899
4.38519e-10	0.45047
4.38561e-10	0.45104
4.38602e-10	0.451611
4.38644e-10	0.452181
4.38685e-10	0.452751
4.38727e-10	0.453321
4.38768e-10	0.453891
4.3881e-10	0.45446
4.38851e-10	0.45503
4.38893e-10	0.455599
4.38934e-10	0.456168
4.38976e-10	0.456737
4.39017e-10	0.457305
4.39059e-10	0.457874
4.391e-10	0.458442
4.39142e-10	0.45901
4.39184e-10	0.459578
4.39225e-10	0.460145
4.39267e-10	0.460713
4.39308e-10	0.46128
4.3935e-10	0.461847
4.39391e-10	0.462414
4.39433e-10	0.462981
4.39474e-10	0.463547
4.39516e-10	0.464114
4.39557e-10	0.46468
4.39599e-10	0.465246
4.3964e-10	0.465811
4.39682e-10	0.466377
4.39723e-10	0.466942
4.39765e-10	0.467507
4.39806e-10	0.468072
4.39848e-10	0.468637
4.39889e-10	0.469202
4.39931e-10	0.469766
4.39973e-10	0.470331
4.40014e-10	0.470895
4.40056e-10	0.471458
4.40097e-10	0.472022
4.40139e-10	0.472585
4.4018e-10	0.473149
4.40222e-10	0.473712
4.40263e-10	0.474275
4.40305e-10	0.474837
4.40346e-10	0.4754
4.40388e-10	0.475962
4.40429e-10	0.476524
4.40471e-10	0.477086
4.40512e-10	0.477648
4.40554e-10	0.478209
4.40595e-10	0.478771
4.40637e-10	0.479332
4.40678e-10	0.479893
4.4072e-10	0.480454
4.40762e-10	0.481014
4.40803e-10	0.481574
4.40845e-10	0.482135
4.40886e-10	0.482695
4.40928e-10	0.483254
4.40969e-10	0.483814
4.41011e-10	0.484373
4.41052e-10	0.484932
4.41094e-10	0.485491
4.41135e-10	0.48605
4.41177e-10	0.486609
4.41218e-10	0.487167
4.4126e-10	0.487725
4.41301e-10	0.488283
4.41343e-10	0.488841
4.41384e-10	0.489398
4.41426e-10	0.489956
4.41467e-10	0.490513
4.41509e-10	0.49107
4.41551e-10	0.491627
4.41592e-10	0.492183
4.41634e-10	0.49274
4.41675e-10	0.493296
4.41717e-10	0.493852
4.41758e-10	0.494407
4.418e-10	0.494963
4.41841e-10	0.495518
4.41883e-10	0.496074
4.41924e-10	0.496628
4.41966e-10	0.497183
4.42007e-10	0.497738
4.42049e-10	0.498292
4.4209e-10	0.498846
4.42132e-10	0.4994
4.42173e-10	0.499954
4.42215e-10	0.500507
4.42256e-10	0.501061
4.42298e-10	0.501614
4.4234e-10	0.502167
4.42381e-10	0.502719
4.42423e-10	0.503272
4.42464e-10	0.503824
4.42506e-10	0.504376
4.42547e-10	0.504928
4.42589e-10	0.50548
4.4263e-10	0.506031
4.42672e-10	0.506583
4.42713e-10	0.507134
4.42755e-10	0.507684
4.42796e-10	0.508235
4.42838e-10	0.508786
4.42879e-10	0.509336
4.42921e-10	0.509886
4.42962e-10	0.510436
4.43004e-10	0.510985
4.43045e-10	0.511535
4.43087e-10	0.512084
4.43129e-10	0.512633
4.4317e-10	0.513181
4.43212e-10	0.51373
4.43253e-10	0.514278
4.43295e-10	0.514826
4.43336e-10	0.515374
4.43378e-10	0.515922
4.43419e-10	0.51647
4.43461e-10	0.517017
4.43502e-10	0.517564
4.43544e-10	0.518111
4.43585e-10	0.518658
4.43627e-10	0.519204
4.43668e-10	0.51975
4.4371e-10	0.520296
4.43751e-10	0.520842
4.43793e-10	0.521388
4.43834e-10	0.521933
4.43876e-10	0.522478
4.43918e-10	0.523023
4.43959e-10	0.523568
4.44001e-10	0.524112
4.44042e-10	0.524657
4.44084e-10	0.525201
4.44125e-10	0.525745
4.44167e-10	0.526288
4.44208e-10	0.526832
4.4425e-10	0.527375
4.44291e-10	0.527918
4.44333e-10	0.528461
4.44374e-10	0.529003
4.44416e-10	0.529546
4.44457e-10	0.530088
4.44499e-10	0.53063
4.4454e-10	0.531172
4.44582e-10	0.531713
4.44623e-10	0.532254
4.44665e-10	0.532795
4.44707e-10	0.533336
4.44748e-10	0.533877
4.4479e-10	0.534417
4.44831e-10	0.534958
4.44873e-10	0.535497
4.44914e-10	0.536037
4.44956e-10	0.536577
4.44997e-10	0.537116
4.45039e-10	0.537655
4.4508e-10	0.538194
4.45122e-10	0.538733
4.45163e-10	0.539271
4.45205e-10	0.539809
4.45246e-10	0.540347
4.45288e-10	0.540885
4.45329e-10	0.541423
4.45371e-10	0.54196
4.45412e-10	0.542497
4.45454e-10	0.543034
4.45496e-10	0.543571
4.45537e-10	0.544107
4.45579e-10	0.544644
4.4562e-10	0.545179
4.45662e-10	0.545715
4.45703e-10	0.546251
4.45745e-10	0.546786
4.45786e-10	0.547321
4.45828e-10	0.547856
4.45869e-10	0.548391
4.45911e-10	0.548925
4.45952e-10	0.54946
4.45994e-10	0.549994
4.46035e-10	0.550527
4.46077e-10	0.551061
4.46118e-10	0.551594
4.4616e-10	0.552127
4.46201e-10	0.55266
4.46243e-10	0.553193
4.46285e-10	0.553725
4.46326e-10	0.554257
4.46368e-10	0.554789
4.46409e-10	0.555321
4.46451e-10	0.555853
4.46492e-10	0.556384
4.46534e-10	0.556915
4.46575e-10	0.557446
4.46617e-10	0.557976
4.46658e-10	0.558507
4.467e-10	0.559037
4.46741e-10	0.559567
4.46783e-10	0.560096
4.46824e-10	0.560626
4.46866e-10	0.561155
4.46907e-10	0.561684
4.46949e-10	0.562213
4.4699e-10	0.562741
4.47032e-10	0.56327
4.47074e-10	0.563798
4.47115e-10	0.564326
4.47157e-10	0.564853
4.47198e-10	0.565381
4.4724e-10	0.565908
4.47281e-10	0.566435
4.47323e-10	0.566961
4.47364e-10	0.567488
4.47406e-10	0.568014
4.47447e-10	0.56854
4.47489e-10	0.569066
4.4753e-10	0.569591
4.47572e-10	0.570117
4.47613e-10	0.570642
4.47655e-10	0.571167
4.47696e-10	0.571691
4.47738e-10	0.572216
4.47779e-10	0.57274
4.47821e-10	0.573264
4.47863e-10	0.573787
4.47904e-10	0.574311
4.47946e-10	0.574834
4.47987e-10	0.575357
4.48029e-10	0.57588
4.4807e-10	0.576402
4.48112e-10	0.576924
4.48153e-10	0.577446
4.48195e-10	0.577968
4.48236e-10	0.57849
4.48278e-10	0.579011
4.48319e-10	0.579532
4.48361e-10	0.580053
4.48402e-10	0.580574
4.48444e-10	0.581094
4.48485e-10	0.581614
4.48527e-10	0.582134
4.48568e-10	0.582654
4.4861e-10	0.583173
4.48652e-10	0.583692
4.48693e-10	0.584211
4.48735e-10	0.58473
4.48776e-10	0.585248
4.48818e-10	0.585766
4.48859e-10	0.586284
4.48901e-10	0.586802
4.48942e-10	0.58732
4.48984e-10	0.587837
4.49025e-10	0.588354
4.49067e-10	0.588871
4.49108e-10	0.589387
4.4915e-10	0.589904
4.49191e-10	0.59042
4.49233e-10	0.590935
4.49274e-10	0.591451
4.49316e-10	0.591966
4.49357e-10	0.592481
4.49399e-10	0.592996
4.49441e-10	0.593511
4.49482e-10	0.594025
4.49524e-10	0.594539
4.49565e-10	0.595053
4.49607e-10	0.595567
4.49648e-10	0.59608
4.4969e-10	0.596593
4.49731e-10	0.597106
4.49773e-10	0.597619
4.49814e-10	0.598131
4.49856e-10	0.598644
4.49897e-10	0.599156
4.49939e-10	0.599667
4.4998e-10	0.600179
4.50022e-10	0.60069
4.50063e-10	0.601201
4.50105e-10	0.601712
4.50146e-10	0.602222
4.50188e-10	0.602732
4.5023e-10	0.603242
4.50271e-10	0.603752
4.50313e-10	0.604261
4.50354e-10	0.604771
4.50396e-10	0.60528
4.50437e-10	0.605788
4.50479e-10	0.606297
4.5052e-10	0.606805
4.50562e-10	0.607313
4.50603e-10	0.607821
4.50645e-10	0.608328
4.50686e-10	0.608835
4.50728e-10	0.609342
4.50769e-10	0.609849
4.50811e-10	0.610356
4.50852e-10	0.610862
4.50894e-10	0.611368
4.50935e-10	0.611874
4.50977e-10	0.612379
4.51019e-10	0.612884
4.5106e-10	0.613389
4.51102e-10	0.613894
4.51143e-10	0.614399
4.51185e-10	0.614903
4.51226e-10	0.615407
4.51268e-10	0.615911
4.51309e-10	0.616414
4.51351e-10	0.616917
4.51392e-10	0.61742
4.51434e-10	0.617923
4.51475e-10	0.618425
4.51517e-10	0.618928
4.51558e-10	0.61943
4.516e-10	0.619931
4.51641e-10	0.620433
4.51683e-10	0.620934
4.51724e-10	0.621435
4.51766e-10	0.621936
4.51808e-10	0.622436
4.51849e-10	0.622936
4.51891e-10	0.623436
4.51932e-10	0.623936
4.51974e-10	0.624435
4.52015e-10	0.624935
4.52057e-10	0.625433
4.52098e-10	0.625932
4.5214e-10	0.626431
4.52181e-10	0.626929
4.52223e-10	0.627427
4.52264e-10	0.627924
4.52306e-10	0.628422
4.52347e-10	0.628919
4.52389e-10	0.629416
4.5243e-10	0.629912
4.52472e-10	0.630409
4.52513e-10	0.630905
4.52555e-10	0.631401
4.52597e-10	0.631896
4.52638e-10	0.632391
4.5268e-10	0.632886
4.52721e-10	0.633381
4.52763e-10	0.633876
4.52804e-10	0.63437
4.52846e-10	0.634864
4.52887e-10	0.635358
4.52929e-10	0.635851
4.5297e-10	0.636345
4.53012e-10	0.636838
4.53053e-10	0.63733
4.53095e-10	0.637823
4.53136e-10	0.638315
4.53178e-10	0.638807
4.53219e-10	0.639299
4.53261e-10	0.63979
4.53302e-10	0.640281
4.53344e-10	0.640772
4.53386e-10	0.641263
4.53427e-10	0.641753
4.53469e-10	0.642243
4.5351e-10	0.642733
4.53552e-10	0.643223
4.53593e-10	0.643712
4.53635e-10	0.644201
4.53676e-10	0.64469
4.53718e-10	0.645178
4.53759e-10	0.645667
4.53801e-10	0.646155
4.53842e-10	0.646643
4.53884e-10	0.64713
4.53925e-10	0.647617
4.53967e-10	0.648104
4.54008e-10	0.648591
4.5405e-10	0.649077
4.54091e-10	0.649563
4.54133e-10	0.650049
4.54175e-10	0.650535
4.54216e-10	0.65102
4.54258e-10	0.651505
4.54299e-10	0.65199
4.54341e-10	0.652475
4.54382e-10	0.652959
4.54424e-10	0.653443
4.54465e-10	0.653927
4.54507e-10	0.65441
4.54548e-10	0.654894
4.5459e-10	0.655377
4.54631e-10	0.655859
4.54673e-10	0.656342
4.54714e-10	0.656824
4.54756e-10	0.657306
4.54797e-10	0.657787
4.54839e-10	0.658269
4.5488e-10	0.65875
4.54922e-10	0.659231
4.54964e-10	0.659711
4.55005e-10	0.660191
4.55047e-10	0.660671
4.55088e-10	0.661151
4.5513e-10	0.661631
4.55171e-10	0.66211
4.55213e-10	0.662589
4.55254e-10	0.663067
4.55296e-10	0.663546
4.55337e-10	0.664024
4.55379e-10	0.664502
4.5542e-10	0.664979
4.55462e-10	0.665457
4.55503e-10	0.665934
4.55545e-10	0.66641
4.55586e-10	0.666887
4.55628e-10	0.667363
4.55669e-10	0.667839
4.55711e-10	0.668315
4.55753e-10	0.66879
4.55794e-10	0.669265
4.55836e-10	0.66974
4.55877e-10	0.670215
4.55919e-10	0.670689
4.5596e-10	0.671163
4.56002e-10	0.671637
4.56043e-10	0.67211
4.56085e-10	0.672583
4.56126e-10	0.673056
4.56168e-10	0.673529
4.56209e-10	0.674001
4.56251e-10	0.674473
4.56292e-10	0.674945
4.56334e-10	0.675417
4.56375e-10	0.675888
4.56417e-10	0.676359
4.56459e-10	0.67683
4.565e-10	0.6773
4.56542e-10	0.67777
4.56583e-10	0.67824
4.56625e-10	0.67871
4.56666e-10	0.679179
4.56708e-10	0.679648
4.56749e-10	0.680117
4.56791e-10	0.680585
4.56832e-10	0.681054
4.56874e-10	0.681522
4.56915e-10	0.681989
4.56957e-10	0.682457
4.56998e-10	0.682924
4.5704e-10	0.683391
4.57081e-10	0.683857
4.57123e-10	0.684323
4.57164e-10	0.684789
4.57206e-10	0.685255
4.57248e-10	0.685721
4.57289e-10	0.686186
4.57331e-10	0.686651
4.57372e-10	0.687115
4.57414e-10	0.687579
4.57455e-10	0.688043
4.57497e-10	0.688507
4.57538e-10	0.688971
4.5758e-10	0.689434
4.57621e-10	0.689897
4.57663e-10	0.690359
4.57704e-10	0.690822
4.57746e-10	0.691284
4.57787e-10	0.691746
4.57829e-10	0.692207
4.5787e-10	0.692668
4.57912e-10	0.693129
4.57953e-10	0.69359
4.57995e-10	0.69405
4.58037e-10	0.69451
4.58078e-10	0.69497
4.5812e-10	0.69543
4.58161e-10	0.695889
4.58203e-10	0.696348
4.58244e-10	0.696806
4.58286e-10	0.697265
4.58327e-10	0.697723
4.58369e-10	0.69818
4.5841e-10	0.698638
4.58452e-10	0.699095
4.58493e-10	0.699552
4.58535e-10	0.700009
4.58576e-10	0.700465
4.58618e-10	0.700921
4.58659e-10	0.701377
4.58701e-10	0.701833
4.58742e-10	0.702288
4.58784e-10	0.702743
4.58826e-10	0.703197
4.58867e-10	0.703652
4.58909e-10	0.704106
4.5895e-10	0.70456
4.58992e-10	0.705013
4.59033e-10	0.705466
4.59075e-10	0.705919
4.59116e-10	0.706372
4.59158e-10	0.706824
4.59199e-10	0.707276
4.59241e-10	0.707728
4.59282e-10	0.70818
4.59324e-10	0.708631
4.59365e-10	0.709082
4.59407e-10	0.709532
4.59448e-10	0.709983
4.5949e-10	0.710433
4.59531e-10	0.710882
4.59573e-10	0.711332
4.59615e-10	0.711781
4.59656e-10	0.71223
4.59698e-10	0.712678
4.59739e-10	0.713127
4.59781e-10	0.713575
4.59822e-10	0.714022
4.59864e-10	0.71447
4.59905e-10	0.714917
4.59947e-10	0.715364
4.59988e-10	0.71581
4.6003e-10	0.716256
4.60071e-10	0.716702
4.60113e-10	0.717148
4.60154e-10	0.717593
4.60196e-10	0.718038
4.60237e-10	0.718483
4.60279e-10	0.718928
4.6032e-10	0.719372
4.60362e-10	0.719816
4.60404e-10	0.720259
4.60445e-10	0.720703
4.60487e-10	0.721146
4.60528e-10	0.721588
4.6057e-10	0.722031
4.60611e-10	0.722473
4.60653e-10	0.722915
4.60694e-10	0.723356
4.60736e-10	0.723798
4.60777e-10	0.724238
4.60819e-10	0.724679
4.6086e-10	0.725119
4.60902e-10	0.72556
4.60943e-10	0.725999
4.60985e-10	0.726439
4.61026e-10	0.726878
4.61068e-10	0.727317
4.61109e-10	0.727755
4.61151e-10	0.728194
4.61193e-10	0.728632
4.61234e-10	0.729069
4.61276e-10	0.729507
4.61317e-10	0.729944
4.61359e-10	0.730381
4.614e-10	0.730817
4.61442e-10	0.731253
4.61483e-10	0.731689
4.61525e-10	0.732125
4.61566e-10	0.73256
4.61608e-10	0.732995
4.61649e-10	0.73343
4.61691e-10	0.733864
4.61732e-10	0.734298
4.61774e-10	0.734732
4.61815e-10	0.735165
4.61857e-10	0.735599
4.61898e-10	0.736031
4.6194e-10	0.736464
4.61982e-10	0.736896
4.62023e-10	0.737328
4.62065e-10	0.73776
4.62106e-10	0.738191
4.62148e-10	0.738622
4.62189e-10	0.739053
4.62231e-10	0.739484
4.62272e-10	0.739914
4.62314e-10	0.740344
4.62355e-10	0.740773
4.62397e-10	0.741203
4.62438e-10	0.741632
4.6248e-10	0.74206
4.62521e-10	0.742489
4.62563e-10	0.742917
4.62604e-10	0.743344
4.62646e-10	0.743772
4.62687e-10	0.744199
4.62729e-10	0.744626
4.62771e-10	0.745052
4.62812e-10	0.745479
4.62854e-10	0.745905
4.62895e-10	0.74633
4.62937e-10	0.746755
4.62978e-10	0.74718
4.6302e-10	0.747605
4.63061e-10	0.74803
4.63103e-10	0.748454
4.63144e-10	0.748877
4.63186e-10	0.749301
4.63227e-10	0.749724
4.63269e-10	0.750147
4.6331e-10	0.75057
4.63352e-10	0.750992
4.63393e-10	0.751414
4.63435e-10	0.751835
4.63476e-10	0.752257
4.63518e-10	0.752678
4.6356e-10	0.753098
4.63601e-10	0.753519
4.63643e-10	0.753939
4.63684e-10	0.754359
4.63726e-10	0.754778
4.63767e-10	0.755197
4.63809e-10	0.755616
4.6385e-10	0.756035
4.63892e-10	0.756453
4.63933e-10	0.756871
4.63975e-10	0.757289
4.64016e-10	0.757706
4.64058e-10	0.758123
4.64099e-10	0.75854
4.64141e-10	0.758956
4.64182e-10	0.759372
4.64224e-10	0.759788
4.64265e-10	0.760204
4.64307e-10	0.760619
4.64349e-10	0.761034
4.6439e-10	0.761448
4.64432e-10	0.761862
4.64473e-10	0.762276
4.64515e-10	0.76269
4.64556e-10	0.763103
4.64598e-10	0.763516
4.64639e-10	0.763929
4.64681e-10	0.764341
4.64722e-10	0.764753
4.64764e-10	0.765165
4.64805e-10	0.765576
4.64847e-10	0.765987
4.64888e-10	0.766398
4.6493e-10	0.766809
4.64971e-10	0.767219
4.65013e-10	0.767629
4.65054e-10	0.768038
4.65096e-10	0.768447
4.65138e-10	0.768856
4.65179e-10	0.769265
4.65221e-10	0.769673
4.65262e-10	0.770081
4.65304e-10	0.770489
4.65345e-10	0.770896
4.65387e-10	0.771303
4.65428e-10	0.77171
4.6547e-10	0.772116
4.65511e-10	0.772522
4.65553e-10	0.772928
4.65594e-10	0.773333
4.65636e-10	0.773739
4.65677e-10	0.774143
4.65719e-10	0.774548
4.6576e-10	0.774952
4.65802e-10	0.775356
4.65843e-10	0.77576
4.65885e-10	0.776163
4.65927e-10	0.776566
4.65968e-10	0.776968
4.6601e-10	0.777371
4.66051e-10	0.777772
4.66093e-10	0.778174
4.66134e-10	0.778575
4.66176e-10	0.778976
4.66217e-10	0.779377
4.66259e-10	0.779777
4.663e-10	0.780178
4.66342e-10	0.780577
4.66383e-10	0.780977
4.66425e-10	0.781376
4.66466e-10	0.781775
4.66508e-10	0.782173
4.66549e-10	0.782571
4.66591e-10	0.782969
4.66632e-10	0.783366
4.66674e-10	0.783764
4.66716e-10	0.78416
4.66757e-10	0.784557
4.66799e-10	0.784953
4.6684e-10	0.785349
4.66882e-10	0.785745
4.66923e-10	0.78614
4.66965e-10	0.786535
4.67006e-10	0.786929
4.67048e-10	0.787324
4.67089e-10	0.787718
4.67131e-10	0.788111
4.67172e-10	0.788505
4.67214e-10	0.788898
4.67255e-10	0.78929
4.67297e-10	0.789683
4.67338e-10	0.790075
4.6738e-10	0.790466
4.67421e-10	0.790858
4.67463e-10	0.791249
4.67505e-10	0.79164
4.67546e-10	0.79203
4.67588e-10	0.79242
4.67629e-10	0.79281
4.67671e-10	0.793199
4.67712e-10	0.793588
4.67754e-10	0.793977
4.67795e-10	0.794366
4.67837e-10	0.794754
4.67878e-10	0.795142
4.6792e-10	0.795529
4.67961e-10	0.795916
4.68003e-10	0.796303
4.68044e-10	0.79669
4.68086e-10	0.797076
4.68127e-10	0.797462
4.68169e-10	0.797847
4.6821e-10	0.798232
4.68252e-10	0.798617
4.68294e-10	0.799002
4.68335e-10	0.799386
4.68377e-10	0.79977
4.68418e-10	0.800154
4.6846e-10	0.800537
4.68501e-10	0.80092
4.68543e-10	0.801302
4.68584e-10	0.801685
4.68626e-10	0.802067
4.68667e-10	0.802448
4.68709e-10	0.80283
4.6875e-10	0.80321
4.68792e-10	0.803591
4.68833e-10	0.803971
4.68875e-10	0.804351
4.68916e-10	0.804731
4.68958e-10	0.80511
4.68999e-10	0.805489
4.69041e-10	0.805868
4.69083e-10	0.806246
4.69124e-10	0.806624
4.69166e-10	0.807002
4.69207e-10	0.807379
4.69249e-10	0.807756
4.6929e-10	0.808133
4.69332e-10	0.808509
4.69373e-10	0.808885
4.69415e-10	0.809261
4.69456e-10	0.809637
4.69498e-10	0.810012
4.69539e-10	0.810386
4.69581e-10	0.810761
4.69622e-10	0.811135
4.69664e-10	0.811508
4.69705e-10	0.811882
4.69747e-10	0.812255
4.69788e-10	0.812627
4.6983e-10	0.813
4.69872e-10	0.813372
4.69913e-10	0.813744
4.69955e-10	0.814115
4.69996e-10	0.814486
4.70038e-10	0.814857
4.70079e-10	0.815227
4.70121e-10	0.815597
4.70162e-10	0.815967
4.70204e-10	0.816336
4.70245e-10	0.816705
4.70287e-10	0.817074
4.70328e-10	0.817442
4.7037e-10	0.81781
4.70411e-10	0.818178
4.70453e-10	0.818546
4.70494e-10	0.818913
4.70536e-10	0.819279
4.70577e-10	0.819646
4.70619e-10	0.820012
4.70661e-10	0.820377
4.70702e-10	0.820743
4.70744e-10	0.821108
4.70785e-10	0.821473
4.70827e-10	0.821837
4.70868e-10	0.822201
4.7091e-10	0.822565
4.70951e-10	0.822928
4.70993e-10	0.823291
4.71034e-10	0.823654
4.71076e-10	0.824016
4.71117e-10	0.824378
4.71159e-10	0.82474
4.712e-10	0.825101
4.71242e-10	0.825462
4.71283e-10	0.825823
4.71325e-10	0.826183
4.71366e-10	0.826543
4.71408e-10	0.826903
4.7145e-10	0.827262
4.71491e-10	0.827621
4.71533e-10	0.82798
4.71574e-10	0.828338
4.71616e-10	0.828696
4.71657e-10	0.829053
4.71699e-10	0.829411
4.7174e-10	0.829768
4.71782e-10	0.830124
4.71823e-10	0.830481
4.71865e-10	0.830836
4.71906e-10	0.831192
4.71948e-10	0.831547
4.71989e-10	0.831902
4.72031e-10	0.832257
4.72072e-10	0.832611
4.72114e-10	0.832965
4.72155e-10	0.833318
4.72197e-10	0.833672
4.72239e-10	0.834024
4.7228e-10	0.834377
4.72322e-10	0.834729
4.72363e-10	0.835081
4.72405e-10	0.835433
4.72446e-10	0.835784
4.72488e-10	0.836134
4.72529e-10	0.836485
4.72571e-10	0.836835
4.72612e-10	0.837185
4.72654e-10	0.837534
4.72695e-10	0.837883
4.72737e-10	0.838232
4.72778e-10	0.838581
4.7282e-10	0.838929
4.72861e-10	0.839276
4.72903e-10	0.839624
4.72944e-10	0.839971
4.72986e-10	0.840318
4.73028e-10	0.840664
4.73069e-10	0.84101
4.73111e-10	0.841356
4.73152e-10	0.841701
4.73194e-10	0.842046
4.73235e-10	0.842391
4.73277e-10	0.842735
4.73318e-10	0.843079
4.7336e-10	0.843422
4.73401e-10	0.843766
4.73443e-10	0.844109
4.73484e-10	0.844451
4.73526e-10	0.844793
4.73567e-10	0.845135
4.73609e-10	0.845477
4.7365e-10	0.845818
4.73692e-10	0.846159
4.73733e-10	0.846499
4.73775e-10	0.84684
4.73817e-10	0.847179
4.73858e-10	0.847519
4.739e-10	0.847858
4.73941e-10	0.848197
4.73983e-10	0.848535
4.74024e-10	0.848873
4.74066e-10	0.849211
4.74107e-10	0.849548
4.74149e-10	0.849885
4.7419e-10	0.850222
4.74232e-10	0.850558
4.74273e-10	0.850894
4.74315e-10	0.85123
4.74356e-10	0.851565
4.74398e-10	0.8519
4.74439e-10	0.852235
4.74481e-10	0.852569
4.74522e-10	0.852903
4.74564e-10	0.853237
4.74606e-10	0.85357
4.74647e-10	0.853903
4.74689e-10	0.854235
4.7473e-10	0.854567
4.74772e-10	0.854899
4.74813e-10	0.855231
4.74855e-10	0.855562
4.74896e-10	0.855893
4.74938e-10	0.856223
4.74979e-10	0.856553
4.75021e-10	0.856883
4.75062e-10	0.857212
4.75104e-10	0.857541
4.75145e-10	0.85787
4.75187e-10	0.858198
4.75228e-10	0.858526
4.7527e-10	0.858854
4.75312e-10	0.859181
4.75353e-10	0.859508
4.75395e-10	0.859834
4.75436e-10	0.860161
4.75478e-10	0.860486
4.75519e-10	0.860812
4.75561e-10	0.861137
4.75602e-10	0.861462
4.75644e-10	0.861786
4.75685e-10	0.86211
4.75727e-10	0.862434
4.75768e-10	0.862758
4.7581e-10	0.863081
4.75851e-10	0.863403
4.75893e-10	0.863726
4.75934e-10	0.864048
4.75976e-10	0.864369
4.76017e-10	0.864691
4.76059e-10	0.865012
4.76101e-10	0.865332
4.76142e-10	0.865652
4.76184e-10	0.865972
4.76225e-10	0.866292
4.76267e-10	0.866611
4.76308e-10	0.86693
4.7635e-10	0.867248
4.76391e-10	0.867566
4.76433e-10	0.867884
4.76474e-10	0.868201
4.76516e-10	0.868518
4.76557e-10	0.868835
4.76599e-10	0.869151
4.7664e-10	0.869467
4.76682e-10	0.869783
4.76723e-10	0.870098
4.76765e-10	0.870413
4.76806e-10	0.870727
4.76848e-10	0.871042
4.7689e-10	0.871356
4.76931e-10	0.871669
4.76973e-10	0.871982
4.77014e-10	0.872295
4.77056e-10	0.872607
4.77097e-10	0.872919
4.77139e-10	0.873231
4.7718e-10	0.873542
4.77222e-10	0.873853
4.77263e-10	0.874164
4.77305e-10	0.874474
4.77346e-10	0.874784
4.77388e-10	0.875094
4.77429e-10	0.875403
4.77471e-10	0.875712
4.77512e-10	0.87602
4.77554e-10	0.876328
4.77595e-10	0.876636
4.77637e-10	0.876943
4.77679e-10	0.87725
4.7772e-10	0.877557
4.77762e-10	0.877863
4.77803e-10	0.878169
4.77845e-10	0.878475
4.77886e-10	0.87878
4.77928e-10	0.879085
4.77969e-10	0.87939
4.78011e-10	0.879694
4.78052e-10	0.879998
4.78094e-10	0.880301
4.78135e-10	0.880604
4.78177e-10	0.880907
4.78218e-10	0.881209
4.7826e-10	0.881511
4.78301e-10	0.881813
4.78343e-10	0.882114
4.78384e-10	0.882415
4.78426e-10	0.882716
4.78468e-10	0.883016
4.78509e-10	0.883316
4.78551e-10	0.883615
4.78592e-10	0.883914
4.78634e-10	0.884213
4.78675e-10	0.884512
4.78717e-10	0.88481
4.78758e-10	0.885107
4.788e-10	0.885405
4.78841e-10	0.885702
4.78883e-10	0.885998
4.78924e-10	0.886294
4.78966e-10	0.88659
4.79007e-10	0.886886
4.79049e-10	0.887181
4.7909e-10	0.887476
4.79132e-10	0.88777
4.79173e-10	0.888064
4.79215e-10	0.888358
4.79257e-10	0.888651
4.79298e-10	0.888944
4.7934e-10	0.889237
4.79381e-10	0.889529
4.79423e-10	0.889821
4.79464e-10	0.890112
4.79506e-10	0.890404
4.79547e-10	0.890694
4.79589e-10	0.890985
4.7963e-10	0.891275
4.79672e-10	0.891564
4.79713e-10	0.891854
4.79755e-10	0.892143
4.79796e-10	0.892431
4.79838e-10	0.89272
4.79879e-10	0.893008
4.79921e-10	0.893295
4.79962e-10	0.893582
4.80004e-10	0.893869
4.80046e-10	0.894155
4.80087e-10	0.894441
4.80129e-10	0.894727
4.8017e-10	0.895012
4.80212e-10	0.895297
4.80253e-10	0.895582
4.80295e-10	0.895866
4.80336e-10	0.89615
4.80378e-10	0.896433
4.80419e-10	0.896717
4.80461e-10	0.896999
4.80502e-10	0.897282
4.80544e-10	0.897564
4.80585e-10	0.897845
4.80627e-10	0.898127
4.80668e-10	0.898408
4.8071e-10	0.898688
4.80751e-10	0.898968
4.80793e-10	0.899248
4.80835e-10	0.899528
4.80876e-10	0.899807
4.80918e-10	0.900085
4.80959e-10	0.900364
4.81001e-10	0.900642
4.81042e-10	0.900919
4.81084e-10	0.901197
4.81125e-10	0.901473
4.81167e-10	0.90175
4.81208e-10	0.902026
4.8125e-10	0.902302
4.81291e-10	0.902577
4.81333e-10	0.902852
4.81374e-10	0.903127
4.81416e-10	0.903401
4.81457e-10	0.903675
4.81499e-10	0.903949
4.8154e-10	0.904222
4.81582e-10	0.904495
4.81624e-10	0.904767
4.81665e-10	0.905039
4.81707e-10	0.905311
4.81748e-10	0.905582
4.8179e-10	0.905853
4.81831e-10	0.906124
4.81873e-10	0.906394
4.81914e-10	0.906664
4.81956e-10	0.906933
4.81997e-10	0.907203
4.82039e-10	0.907471
4.8208e-10	0.90774
4.82122e-10	0.908008
4.82163e-10	0.908275
4.82205e-10	0.908543
4.82246e-10	0.908809
4.82288e-10	0.909076
4.82329e-10	0.909342
4.82371e-10	0.909608
4.82413e-10	0.909873
4.82454e-10	0.910138
4.82496e-10	0.910403
4.82537e-10	0.910667
4.82579e-10	0.910931
4.8262e-10	0.911195
4.82662e-10	0.911458
4.82703e-10	0.911721
4.82745e-10	0.911983
4.82786e-10	0.912245
4.82828e-10	0.912507
4.82869e-10	0.912768
4.82911e-10	0.913029
4.82952e-10	0.91329
4.82994e-10	0.91355
4.83035e-10	0.91381
4.83077e-10	0.914069
4.83118e-10	0.914328
4.8316e-10	0.914587
4.83202e-10	0.914845
4.83243e-10	0.915103
4.83285e-10	0.915361
4.83326e-10	0.915618
4.83368e-10	0.915875
4.83409e-10	0.916131
4.83451e-10	0.916387
4.83492e-10	0.916643
4.83534e-10	0.916898
4.83575e-10	0.917153
4.83617e-10	0.917408
4.83658e-10	0.917662
4.837e-10	0.917916
4.83741e-10	0.918169
4.83783e-10	0.918422
4.83824e-10	0.918675
4.83866e-10	0.918927
4.83907e-10	0.919179
4.83949e-10	0.919431
4.83991e-10	0.919682
4.84032e-10	0.919933
4.84074e-10	0.920183
4.84115e-10	0.920433
4.84157e-10	0.920683
4.84198e-10	0.920932
4.8424e-10	0.921181
4.84281e-10	0.92143
4.84323e-10	0.921678
4.84364e-10	0.921926
4.84406e-10	0.922173
4.84447e-10	0.92242
4.84489e-10	0.922667
4.8453e-10	0.922913
4.84572e-10	0.923159
4.84613e-10	0.923405
4.84655e-10	0.92365
4.84696e-10	0.923895
4.84738e-10	0.924139
4.8478e-10	0.924383
4.84821e-10	0.924627
4.84863e-10	0.92487
4.84904e-10	0.925113
4.84946e-10	0.925356
4.84987e-10	0.925598
4.85029e-10	0.92584
4.8507e-10	0.926081
4.85112e-10	0.926322
4.85153e-10	0.926563
4.85195e-10	0.926803
4.85236e-10	0.927043
4.85278e-10	0.927282
4.85319e-10	0.927521
4.85361e-10	0.92776
4.85402e-10	0.927998
4.85444e-10	0.928236
4.85485e-10	0.928474
4.85527e-10	0.928711
4.85569e-10	0.928948
4.8561e-10	0.929185
4.85652e-10	0.929421
4.85693e-10	0.929656
4.85735e-10	0.929892
4.85776e-10	0.930127
4.85818e-10	0.930361
4.85859e-10	0.930595
4.85901e-10	0.930829
4.85942e-10	0.931063
4.85984e-10	0.931296
4.86025e-10	0.931528
4.86067e-10	0.931761
4.86108e-10	0.931993
4.8615e-10	0.932224
4.86191e-10	0.932455
4.86233e-10	0.932686
4.86274e-10	0.932916
4.86316e-10	0.933146
4.86358e-10	0.933376
4.86399e-10	0.933605
4.86441e-10	0.933834
4.86482e-10	0.934063
4.86524e-10	0.934291
4.86565e-10	0.934518
4.86607e-10	0.934746
4.86648e-10	0.934973
4.8669e-10	0.935199
4.86731e-10	0.935425
4.86773e-10	0.935651
4.86814e-10	0.935877
4.86856e-10	0.936102
4.86897e-10	0.936326
4.86939e-10	0.936551
4.8698e-10	0.936774
4.87022e-10	0.936998
4.87063e-10	0.937221
4.87105e-10	0.937444
4.87147e-10	0.937666
4.87188e-10	0.937888
4.8723e-10	0.93811
4.87271e-10	0.938331
4.87313e-10	0.938552
4.87354e-10	0.938772
4.87396e-10	0.938992
4.87437e-10	0.939212
4.87479e-10	0.939431
4.8752e-10	0.93965
4.87562e-10	0.939869
4.87603e-10	0.940087
4.87645e-10	0.940305
4.87686e-10	0.940522
4.87728e-10	0.940739
4.87769e-10	0.940955
4.87811e-10	0.941172
4.87852e-10	0.941387
4.87894e-10	0.941603
4.87936e-10	0.941818
4.87977e-10	0.942033
4.88019e-10	0.942247
4.8806e-10	0.942461
4.88102e-10	0.942674
4.88143e-10	0.942888
4.88185e-10	0.9431
4.88226e-10	0.943313
4.88268e-10	0.943525
4.88309e-10	0.943736
4.88351e-10	0.943947
4.88392e-10	0.944158
4.88434e-10	0.944369
4.88475e-10	0.944579
4.88517e-10	0.944788
4.88558e-10	0.944998
4.886e-10	0.945207
4.88641e-10	0.945415
4.88683e-10	0.945623
4.88725e-10	0.945831
4.88766e-10	0.946038
4.88808e-10	0.946245
4.88849e-10	0.946452
4.88891e-10	0.946658
4.88932e-10	0.946864
4.88974e-10	0.947069
4.89015e-10	0.947274
4.89057e-10	0.947479
4.89098e-10	0.947683
4.8914e-10	0.947887
4.89181e-10	0.94809
4.89223e-10	0.948294
4.89264e-10	0.948496
4.89306e-10	0.948699
4.89347e-10	0.9489
4.89389e-10	0.949102
4.8943e-10	0.949303
4.89472e-10	0.949504
4.89514e-10	0.949704
4.89555e-10	0.949904
4.89597e-10	0.950104
4.89638e-10	0.950303
4.8968e-10	0.950502
4.89721e-10	0.9507
4.89763e-10	0.950898
4.89804e-10	0.951096
4.89846e-10	0.951293
4.89887e-10	0.95149
4.89929e-10	0.951687
4.8997e-10	0.951883
4.90012e-10	0.952078
4.90053e-10	0.952274
4.90095e-10	0.952469
4.90136e-10	0.952663
4.90178e-10	0.952857
4.90219e-10	0.953051
4.90261e-10	0.953245
4.90303e-10	0.953438
4.90344e-10	0.95363
4.90386e-10	0.953822
4.90427e-10	0.954014
4.90469e-10	0.954206
4.9051e-10	0.954397
4.90552e-10	0.954587
4.90593e-10	0.954778
4.90635e-10	0.954967
4.90676e-10	0.955157
4.90718e-10	0.955346
4.90759e-10	0.955535
4.90801e-10	0.955723
4.90842e-10	0.955911
4.90884e-10	0.956098
4.90925e-10	0.956286
4.90967e-10	0.956472
4.91008e-10	0.956659
4.9105e-10	0.956845
4.91092e-10	0.95703
4.91133e-10	0.957215
4.91175e-10	0.9574
4.91216e-10	0.957585
4.91258e-10	0.957769
4.91299e-10	0.957952
4.91341e-10	0.958135
4.91382e-10	0.958318
4.91424e-10	0.958501
4.91465e-10	0.958683
4.91507e-10	0.958864
4.91548e-10	0.959046
4.9159e-10	0.959226
4.91631e-10	0.959407
4.91673e-10	0.959587
4.91714e-10	0.959767
4.91756e-10	0.959946
4.91797e-10	0.960125
4.91839e-10	0.960303
4.91881e-10	0.960482
4.91922e-10	0.960659
4.91964e-10	0.960837
4.92005e-10	0.961014
4.92047e-10	0.96119
4.92088e-10	0.961366
4.9213e-10	0.961542
4.92171e-10	0.961718
4.92213e-10	0.961892
4.92254e-10	0.962067
4.92296e-10	0.962241
4.92337e-10	0.962415
4.92379e-10	0.962588
4.9242e-10	0.962762
4.92462e-10	0.962934
4.92503e-10	0.963106
4.92545e-10	0.963278
4.92586e-10	0.96345
4.92628e-10	0.963621
4.9267e-10	0.963791
4.92711e-10	0.963962
4.92753e-10	0.964132
4.92794e-10	0.964301
4.92836e-10	0.96447
4.92877e-10	0.964639
4.92919e-10	0.964807
4.9296e-10	0.964975
4.93002e-10	0.965142
4.93043e-10	0.96531
4.93085e-10	0.965476
4.93126e-10	0.965643
4.93168e-10	0.965809
4.93209e-10	0.965974
4.93251e-10	0.966139
4.93292e-10	0.966304
4.93334e-10	0.966468
4.93375e-10	0.966632
4.93417e-10	0.966796
4.93459e-10	0.966959
4.935e-10	0.967122
4.93542e-10	0.967284
4.93583e-10	0.967446
4.93625e-10	0.967608
4.93666e-10	0.967769
4.93708e-10	0.96793
4.93749e-10	0.96809
4.93791e-10	0.96825
4.93832e-10	0.96841
4.93874e-10	0.968569
4.93915e-10	0.968728
4.93957e-10	0.968886
4.93998e-10	0.969044
4.9404e-10	0.969202
4.94081e-10	0.969359
4.94123e-10	0.969516
4.94164e-10	0.969672
4.94206e-10	0.969828
4.94248e-10	0.969984
4.94289e-10	0.970139
4.94331e-10	0.970294
4.94372e-10	0.970448
4.94414e-10	0.970603
4.94455e-10	0.970756
4.94497e-10	0.970909
4.94538e-10	0.971062
4.9458e-10	0.971215
4.94621e-10	0.971367
4.94663e-10	0.971519
4.94704e-10	0.97167
4.94746e-10	0.971821
4.94787e-10	0.971971
4.94829e-10	0.972121
4.9487e-10	0.972271
4.94912e-10	0.97242
4.94954e-10	0.972569
4.94995e-10	0.972718
4.95037e-10	0.972866
4.95078e-10	0.973013
4.9512e-10	0.973161
4.95161e-10	0.973308
4.95203e-10	0.973454
4.95244e-10	0.9736
4.95286e-10	0.973746
4.95327e-10	0.973891
4.95369e-10	0.974036
4.9541e-10	0.974181
4.95452e-10	0.974325
4.95493e-10	0.974469
4.95535e-10	0.974612
4.95576e-10	0.974755
4.95618e-10	0.974897
4.95659e-10	0.97504
4.95701e-10	0.975181
4.95743e-10	0.975323
4.95784e-10	0.975464
4.95826e-10	0.975604
4.95867e-10	0.975744
4.95909e-10	0.975884
4.9595e-10	0.976023
4.95992e-10	0.976162
4.96033e-10	0.976301
4.96075e-10	0.976439
4.96116e-10	0.976577
4.96158e-10	0.976714
4.96199e-10	0.976851
4.96241e-10	0.976988
4.96282e-10	0.977124
4.96324e-10	0.977259
4.96365e-10	0.977395
4.96407e-10	0.97753
4.96448e-10	0.977664
4.9649e-10	0.977798
4.96532e-10	0.977932
4.96573e-10	0.978066
4.96615e-10	0.978199
4.96656e-10	0.978331
4.96698e-10	0.978463
4.96739e-10	0.978595
4.96781e-10	0.978726
4.96822e-10	0.978857
4.96864e-10	0.978988
4.96905e-10	0.979118
4.96947e-10	0.979248
4.96988e-10	0.979377
4.9703e-10	0.979506
4.97071e-10	0.979635
4.97113e-10	0.979763
4.97154e-10	0.979891
4.97196e-10	0.980018
4.97237e-10	0.980145
4.97279e-10	0.980271
4.97321e-10	0.980398
4.97362e-10	0.980523
4.97404e-10	0.980649
4.97445e-10	0.980774
4.97487e-10	0.980898
4.97528e-10	0.981022
4.9757e-10	0.981146
4.97611e-10	0.981269
4.97653e-10	0.981392
4.97694e-10	0.981515
4.97736e-10	0.981637
4.97777e-10	0.981759
4.97819e-10	0.98188
4.9786e-10	0.982001
4.97902e-10	0.982122
4.97943e-10	0.982242
4.97985e-10	0.982361
4.98026e-10	0.982481
4.98068e-10	0.9826
4.9811e-10	0.982718
4.98151e-10	0.982836
4.98193e-10	0.982954
4.98234e-10	0.983071
4.98276e-10	0.983188
4.98317e-10	0.983305
4.98359e-10	0.983421
4.984e-10	0.983537
4.98442e-10	0.983652
4.98483e-10	0.983767
4.98525e-10	0.983881
4.98566e-10	0.983996
4.98608e-10	0.984109
4.98649e-10	0.984223
4.98691e-10	0.984335
4.98732e-10	0.984448
4.98774e-10	0.98456
4.98815e-10	0.984672
4.98857e-10	0.984783
4.98899e-10	0.984894
4.9894e-10	0.985004
4.98982e-10	0.985115
4.99023e-10	0.985224
4.99065e-10	0.985334
4.99106e-10	0.985442
4.99148e-10	0.985551
4.99189e-10	0.985659
4.99231e-10	0.985767
4.99272e-10	0.985874
4.99314e-10	0.985981
4.99355e-10	0.986087
4.99397e-10	0.986193
4.99438e-10	0.986299
4.9948e-10	0.986404
4.99521e-10	0.986509
4.99563e-10	0.986614
4.99604e-10	0.986718
4.99646e-10	0.986821
4.99688e-10	0.986924
4.99729e-10	0.987027
4.99771e-10	0.98713
4.99812e-10	0.987232
4.99854e-10	0.987333
4.99895e-10	0.987435
4.99937e-10	0.987535
4.99978e-10	0.987636
5.0002e-10	0.987736
5.00061e-10	0.987835
5.00103e-10	0.987935
5.00144e-10	0.988033
5.00186e-10	0.988132
5.00227e-10	0.98823
5.00269e-10	0.988327
5.0031e-10	0.988425
5.00352e-10	0.988521
5.00393e-10	0.988618
5.00435e-10	0.988714
5.00477e-10	0.988809
5.00518e-10	0.988904
5.0056e-10	0.988999
5.00601e-10	0.989094
5.00643e-10	0.989187
5.00684e-10	0.989281
5.00726e-10	0.989374
5.00767e-10	0.989467
5.00809e-10	0.989559
5.0085e-10	0.989651
5.00892e-10	0.989743
5.00933e-10	0.989834
5.00975e-10	0.989925
5.01016e-10	0.990015
5.01058e-10	0.990105
5.01099e-10	0.990194
5.01141e-10	0.990283
5.01182e-10	0.990372
5.01224e-10	0.99046
5.01266e-10	0.990548
5.01307e-10	0.990636
5.01349e-10	0.990723
5.0139e-10	0.99081
5.01432e-10	0.990896
5.01473e-10	0.990982
5.01515e-10	0.991067
5.01556e-10	0.991152
5.01598e-10	0.991237
5.01639e-10	0.991321
5.01681e-10	0.991405
5.01722e-10	0.991488
5.01764e-10	0.991571
5.01805e-10	0.991654
5.01847e-10	0.991736
5.01888e-10	0.991818
5.0193e-10	0.991899
5.01971e-10	0.99198
5.02013e-10	0.992061
5.02055e-10	0.992141
5.02096e-10	0.992221
5.02138e-10	0.9923
5.02179e-10	0.992379
5.02221e-10	0.992458
5.02262e-10	0.992536
5.02304e-10	0.992614
5.02345e-10	0.992691
5.02387e-10	0.992768
5.02428e-10	0.992845
5.0247e-10	0.992921
5.02511e-10	0.992996
5.02553e-10	0.993072
5.02594e-10	0.993147
5.02636e-10	0.993221
5.02677e-10	0.993295
5.02719e-10	0.993369
5.0276e-10	0.993442
5.02802e-10	0.993515
5.02844e-10	0.993588
5.02885e-10	0.99366
5.02927e-10	0.993731
5.02968e-10	0.993803
5.0301e-10	0.993873
5.03051e-10	0.993944
5.03093e-10	0.994014
5.03134e-10	0.994084
5.03176e-10	0.994153
5.03217e-10	0.994222
5.03259e-10	0.99429
5.033e-10	0.994358
5.03342e-10	0.994426
5.03383e-10	0.994493
5.03425e-10	0.99456
5.03466e-10	0.994626
5.03508e-10	0.994692
5.03549e-10	0.994758
5.03591e-10	0.994823
5.03633e-10	0.994888
5.03674e-10	0.994952
5.03716e-10	0.995016
5.03757e-10	0.995079
5.03799e-10	0.995143
5.0384e-10	0.995205
5.03882e-10	0.995268
5.03923e-10	0.995329
5.03965e-10	0.995391
5.04006e-10	0.995452
5.04048e-10	0.995513
5.04089e-10	0.995573
5.04131e-10	0.995633
5.04172e-10	0.995692
5.04214e-10	0.995752
5.04255e-10	0.99581
5.04297e-10	0.995868
5.04338e-10	0.995926
5.0438e-10	0.995984
5.04422e-10	0.996041
5.04463e-10	0.996097
5.04505e-10	0.996154
5.04546e-10	0.996209
5.04588e-10	0.996265
5.04629e-10	0.99632
5.04671e-10	0.996374
5.04712e-10	0.996429
5.04754e-10	0.996482
5.04795e-10	0.996536
5.04837e-10	0.996589
5.04878e-10	0.996641
5.0492e-10	0.996693
5.04961e-10	0.996745
5.05003e-10	0.996796
5.05044e-10	0.996847
5.05086e-10	0.996898
5.05127e-10	0.996948
5.05169e-10	0.996998
5.05211e-10	0.997047
5.05252e-10	0.997096
5.05294e-10	0.997144
5.05335e-10	0.997192
5.05377e-10	0.99724
5.05418e-10	0.997287
5.0546e-10	0.997334
5.05501e-10	0.997381
5.05543e-10	0.997427
5.05584e-10	0.997472
5.05626e-10	0.997518
5.05667e-10	0.997562
5.05709e-10	0.997607
5.0575e-10	0.997651
5.05792e-10	0.997694
5.05833e-10	0.997737
5.05875e-10	0.99778
5.05916e-10	0.997823
5.05958e-10	0.997865
5.06e-10	0.997906
5.06041e-10	0.997947
5.06083e-10	0.997988
5.06124e-10	0.998028
5.06166e-10	0.998068
5.06207e-10	0.998108
5.06249e-10	0.998147
5.0629e-10	0.998186
5.06332e-10	0.998224
5.06373e-10	0.998262
5.06415e-10	0.998299
5.06456e-10	0.998336
5.06498e-10	0.998373
5.06539e-10	0.998409
5.06581e-10	0.998445
5.06622e-10	0.99848
5.06664e-10	0.998515
5.06705e-10	0.99855
5.06747e-10	0.998584
5.06789e-10	0.998618
5.0683e-10	0.998651
5.06872e-10	0.998684
5.06913e-10	0.998717
5.06955e-10	0.998749
5.06996e-10	0.998781
5.07038e-10	0.998812
5.07079e-10	0.998843
5.07121e-10	0.998874
5.07162e-10	0.998904
5.07204e-10	0.998934
5.07245e-10	0.998963
5.07287e-10	0.998992
5.07328e-10	0.99902
5.0737e-10	0.999048
5.07411e-10	0.999076
5.07453e-10	0.999103
5.07494e-10	0.99913
5.07536e-10	0.999157
5.07578e-10	0.999183
5.07619e-10	0.999208
5.07661e-10	0.999234
5.07702e-10	0.999258
5.07744e-10	0.999283
5.07785e-10	0.999307
5.07827e-10	0.99933
5.07868e-10	0.999354
5.0791e-10	0.999376
5.07951e-10	0.999399
5.07993e-10	0.999421
5.08034e-10	0.999442
5.08076e-10	0.999463
5.08117e-10	0.999484
5.08159e-10	0.999504
5.082e-10	0.999524
5.08242e-10	0.999544
5.08283e-10	0.999563
5.08325e-10	0.999582
5.08367e-10	0.9996
5.08408e-10	0.999618
5.0845e-10	0.999635
5.08491e-10	0.999652
5.08533e-10	0.999669
5.08574e-10	0.999685
5.08616e-10	0.999701
5.08657e-10	0.999717
5.08699e-10	0.999732
5.0874e-10	0.999746
5.08782e-10	0.99976
5.08823e-10	0.999774
5.08865e-10	0.999788
5.08906e-10	0.999801
5.08948e-10	0.999813
5.08989e-10	0.999825
5.09031e-10	0.999837
5.09072e-10	0.999848
5.09114e-10	0.999859
5.09156e-10	0.99987
5.09197e-10	0.99988
5.09239e-10	0.99989
5.0928e-10	0.999899
5.09322e-10	0.999908
5.09363e-10	0.999916
5.09405e-10	0.999924
5.09446e-10	0.999932
5.09488e-10	0.999939
5.09529e-10	0.999946
5.09571e-10	0.999952
5.09612e-10	0.999959
5.09654e-10	0.999964
5.09695e-10	0.999969
5.09737e-10	0.999974
5.09778e-10	0.999979
5.0982e-10	0.999983
5.09861e-10	0.999986
5.09903e-10	0.999989
5.09945e-10	0.999992
5.09986e-10	0.999994
5.10028e-10	0.999996
5.10069e-10	0.999998
5.10111e-10	0.999999
5.10152e-10	1
5.10194e-10	1
5.10235e-10	1
5.10277e-10	0.999999
5.10318e-10	0.999998
5.1036e-10	0.999997
5.10401e-10	0.999995
5.10443e-10	0.999993
5.10484e-10	0.999991
5.10526e-10	0.999988
5.10567e-10	0.999984
5.10609e-10	0.999981
5.1065e-10	0.999976
5.10692e-10	0.999972
5.10734e-10	0.999967
5.10775e-10	0.999961
5.10817e-10	0.999956
5.10858e-10	0.999949
5.109e-10	0.999943
5.10941e-10	0.999936
5.10983e-10	0.999928
5.11024e-10	0.99992
5.11066e-10	0.999912
5.11107e-10	0.999903
5.11149e-10	0.999894
5.1119e-10	0.999885
5.11232e-10	0.999875
5.11273e-10	0.999865
5.11315e-10	0.999854
5.11356e-10	0.999843
5.11398e-10	0.999831
5.11439e-10	0.999819
5.11481e-10	0.999807
5.11523e-10	0.999794
5.11564e-10	0.999781
5.11606e-10	0.999767
5.11647e-10	0.999753
5.11689e-10	0.999739
5.1173e-10	0.999724
5.11772e-10	0.999709
5.11813e-10	0.999693
5.11855e-10	0.999677
5.11896e-10	0.999661
5.11938e-10	0.999644
5.11979e-10	0.999627
5.12021e-10	0.999609
5.12062e-10	0.999591
5.12104e-10	0.999572
5.12145e-10	0.999554
5.12187e-10	0.999534
5.12228e-10	0.999514
5.1227e-10	0.999494
5.12312e-10	0.999474
5.12353e-10	0.999453
5.12395e-10	0.999431
5.12436e-10	0.99941
5.12478e-10	0.999388
5.12519e-10	0.999365
5.12561e-10	0.999342
5.12602e-10	0.999319
5.12644e-10	0.999295
5.12685e-10	0.999271
5.12727e-10	0.999246
5.12768e-10	0.999221
5.1281e-10	0.999196
5.12851e-10	0.99917
5.12893e-10	0.999143
5.12934e-10	0.999117
5.12976e-10	0.99909
5.13017e-10	0.999062
5.13059e-10	0.999034
5.13101e-10	0.999006
5.13142e-10	0.998977
5.13184e-10	0.998948
5.13225e-10	0.998919
5.13267e-10	0.998889
5.13308e-10	0.998859
5.1335e-10	0.998828
5.13391e-10	0.998797
5.13433e-10	0.998765
5.13474e-10	0.998733
5.13516e-10	0.998701
5.13557e-10	0.998668
5.13599e-10	0.998635
5.1364e-10	0.998601
5.13682e-10	0.998567
5.13723e-10	0.998533
5.13765e-10	0.998498
5.13806e-10	0.998463
5.13848e-10	0.998427
5.1389e-10	0.998391
5.13931e-10	0.998355
5.13973e-10	0.998318
5.14014e-10	0.998281
5.14056e-10	0.998243
5.14097e-10	0.998205
5.14139e-10	0.998166
5.1418e-10	0.998127
5.14222e-10	0.998088
5.14263e-10	0.998048
5.14305e-10	0.998008
5.14346e-10	0.997968
5.14388e-10	0.997927
5.14429e-10	0.997885
5.14471e-10	0.997844
5.14512e-10	0.997801
5.14554e-10	0.997759
5.14596e-10	0.997716
5.14637e-10	0.997673
5.14679e-10	0.997629
5.1472e-10	0.997585
5.14762e-10	0.99754
5.14803e-10	0.997495
5.14845e-10	0.99745
5.14886e-10	0.997404
5.14928e-10	0.997357
5.14969e-10	0.997311
5.15011e-10	0.997264
5.15052e-10	0.997216
5.15094e-10	0.997168
5.15135e-10	0.99712
5.15177e-10	0.997071
5.15218e-10	0.997022
5.1526e-10	0.996973
5.15301e-10	0.996923
5.15343e-10	0.996873
5.15385e-10	0.996822
5.15426e-10	0.996771
5.15468e-10	0.996719
5.15509e-10	0.996667
5.15551e-10	0.996615
5.15592e-10	0.996562
5.15634e-10	0.996509
5.15675e-10	0.996455
5.15717e-10	0.996401
5.15758e-10	0.996347
5.158e-10	0.996292
5.15841e-10	0.996237
5.15883e-10	0.996182
5.15924e-10	0.996126
5.15966e-10	0.996069
5.16007e-10	0.996012
5.16049e-10	0.995955
5.1609e-10	0.995897
5.16132e-10	0.995839
5.16174e-10	0.995781
5.16215e-10	0.995722
5.16257e-10	0.995663
5.16298e-10	0.995603
5.1634e-10	0.995543
5.16381e-10	0.995483
5.16423e-10	0.995422
5.16464e-10	0.99536
5.16506e-10	0.995299
5.16547e-10	0.995236
5.16589e-10	0.995174
5.1663e-10	0.995111
5.16672e-10	0.995048
5.16713e-10	0.994984
5.16755e-10	0.99492
5.16796e-10	0.994855
5.16838e-10	0.99479
5.16879e-10	0.994725
5.16921e-10	0.994659
5.16963e-10	0.994593
5.17004e-10	0.994526
5.17046e-10	0.994459
5.17087e-10	0.994392
5.17129e-10	0.994324
5.1717e-10	0.994256
5.17212e-10	0.994187
5.17253e-10	0.994118
5.17295e-10	0.994049
5.17336e-10	0.993979
5.17378e-10	0.993909
5.17419e-10	0.993838
5.17461e-10	0.993767
5.17502e-10	0.993696
5.17544e-10	0.993624
5.17585e-10	0.993551
5.17627e-10	0.993479
5.17668e-10	0.993406
5.1771e-10	0.993332
5.17752e-10	0.993258
5.17793e-10	0.993184
5.17835e-10	0.993109
5.17876e-10	0.993034
5.17918e-10	0.992959
5.17959e-10	0.992883
5.18001e-10	0.992806
5.18042e-10	0.99273
5.18084e-10	0.992652
5.18125e-10	0.992575
5.18167e-10	0.992497
5.18208e-10	0.992419
5.1825e-10	0.99234
5.18291e-10	0.992261
5.18333e-10	0.992181
5.18374e-10	0.992101
5.18416e-10	0.992021
5.18457e-10	0.99194
5.18499e-10	0.991859
5.18541e-10	0.991777
5.18582e-10	0.991695
5.18624e-10	0.991613
5.18665e-10	0.99153
5.18707e-10	0.991447
5.18748e-10	0.991363
5.1879e-10	0.991279
5.18831e-10	0.991194
5.18873e-10	0.99111
5.18914e-10	0.991024
5.18956e-10	0.990939
5.18997e-10	0.990853
5.19039e-10	0.990766
5.1908e-10	0.990679
5.19122e-10	0.990592
5.19163e-10	0.990504
5.19205e-10	0.990416
5.19246e-10	0.990328
5.19288e-10	0.990239
5.1933e-10	0.99015
5.19371e-10	0.99006
5.19413e-10	0.98997
5.19454e-10	0.989879
5.19496e-10	0.989788
5.19537e-10	0.989697
5.19579e-10	0.989605
5.1962e-10	0.989513
5.19662e-10	0.989421
5.19703e-10	0.989328
5.19745e-10	0.989234
5.19786e-10	0.989141
5.19828e-10	0.989046
5.19869e-10	0.988952
5.19911e-10	0.988857
5.19952e-10	0.988762
5.19994e-10	0.988666
5.20035e-10	0.98857
5.20077e-10	0.988473
5.20119e-10	0.988376
5.2016e-10	0.988279
5.20202e-10	0.988181
5.20243e-10	0.988083
5.20285e-10	0.987984
5.20326e-10	0.987885
5.20368e-10	0.987786
5.20409e-10	0.987686
5.20451e-10	0.987586
5.20492e-10	0.987485
5.20534e-10	0.987384
5.20575e-10	0.987283
5.20617e-10	0.987181
5.20658e-10	0.987078
5.207e-10	0.986976
5.20741e-10	0.986873
5.20783e-10	0.986769
5.20824e-10	0.986666
5.20866e-10	0.986561
5.20908e-10	0.986457
5.20949e-10	0.986352
5.20991e-10	0.986246
5.21032e-10	0.98614
5.21074e-10	0.986034
5.21115e-10	0.985927
5.21157e-10	0.98582
5.21198e-10	0.985713
5.2124e-10	0.985605
5.21281e-10	0.985497
5.21323e-10	0.985388
5.21364e-10	0.985279
5.21406e-10	0.985169
5.21447e-10	0.98506
5.21489e-10	0.984949
5.2153e-10	0.984839
5.21572e-10	0.984728
5.21613e-10	0.984616
5.21655e-10	0.984504
5.21697e-10	0.984392
5.21738e-10	0.984279
5.2178e-10	0.984166
5.21821e-10	0.984052
5.21863e-10	0.983939
5.21904e-10	0.983824
5.21946e-10	0.98371
5.21987e-10	0.983594
5.22029e-10	0.983479
5.2207e-10	0.983363
5.22112e-10	0.983247
5.22153e-10	0.98313
5.22195e-10	0.983013
5.22236e-10	0.982895
5.22278e-10	0.982777
5.22319e-10	0.982659
5.22361e-10	0.98254
5.22402e-10	0.982421
5.22444e-10	0.982302
5.22486e-10	0.982182
5.22527e-10	0.982061
5.22569e-10	0.981941
5.2261e-10	0.981819
5.22652e-10	0.981698
5.22693e-10	0.981576
5.22735e-10	0.981454
5.22776e-10	0.981331
5.22818e-10	0.981208
5.22859e-10	0.981084
5.22901e-10	0.98096
5.22942e-10	0.980836
5.22984e-10	0.980711
5.23025e-10	0.980586
5.23067e-10	0.98046
5.23108e-10	0.980335
5.2315e-10	0.980208
5.23191e-10	0.980081
5.23233e-10	0.979954
5.23275e-10	0.979827
5.23316e-10	0.979699
5.23358e-10	0.97957
5.23399e-10	0.979442
5.23441e-10	0.979312
5.23482e-10	0.979183
5.23524e-10	0.979053
5.23565e-10	0.978923
5.23607e-10	0.978792
5.23648e-10	0.978661
5.2369e-10	0.978529
5.23731e-10	0.978397
5.23773e-10	0.978265
5.23814e-10	0.978132
5.23856e-10	0.977999
5.23897e-10	0.977865
5.23939e-10	0.977731
5.2398e-10	0.977597
5.24022e-10	0.977462
5.24064e-10	0.977327
5.24105e-10	0.977192
5.24147e-10	0.977056
5.24188e-10	0.976919
5.2423e-10	0.976783
5.24271e-10	0.976645
5.24313e-10	0.976508
5.24354e-10	0.97637
5.24396e-10	0.976232
5.24437e-10	0.976093
5.24479e-10	0.975954
5.2452e-10	0.975814
5.24562e-10	0.975674
5.24603e-10	0.975534
5.24645e-10	0.975393
5.24686e-10	0.975252
5.24728e-10	0.97511
5.24769e-10	0.974969
5.24811e-10	0.974826
5.24853e-10	0.974683
5.24894e-10	0.97454
5.24936e-10	0.974397
5.24977e-10	0.974253
5.25019e-10	0.974109
5.2506e-10	0.973964
5.25102e-10	0.973819
5.25143e-10	0.973673
5.25185e-10	0.973527
5.25226e-10	0.973381
5.25268e-10	0.973234
5.25309e-10	0.973087
5.25351e-10	0.97294
5.25392e-10	0.972792
5.25434e-10	0.972643
5.25475e-10	0.972495
5.25517e-10	0.972346
5.25558e-10	0.972196
5.256e-10	0.972046
5.25642e-10	0.971896
5.25683e-10	0.971745
5.25725e-10	0.971594
5.25766e-10	0.971443
5.25808e-10	0.971291
5.25849e-10	0.971139
5.25891e-10	0.970986
5.25932e-10	0.970833
5.25974e-10	0.970679
5.26015e-10	0.970526
5.26057e-10	0.970371
5.26098e-10	0.970217
5.2614e-10	0.970062
5.26181e-10	0.969906
5.26223e-10	0.96975
5.26264e-10	0.969594
5.26306e-10	0.969437
5.26347e-10	0.96928
5.26389e-10	0.969123
5.26431e-10	0.968965
5.26472e-10	0.968807
5.26514e-10	0.968648
5.26555e-10	0.968489
5.26597e-10	0.96833
5.26638e-10	0.96817
5.2668e-10	0.96801
5.26721e-10	0.967849
5.26763e-10	0.967688
5.26804e-10	0.967527
5.26846e-10	0.967365
5.26887e-10	0.967203
5.26929e-10	0.96704
5.2697e-10	0.966877
5.27012e-10	0.966714
5.27053e-10	0.96655
5.27095e-10	0.966386
5.27136e-10	0.966222
5.27178e-10	0.966057
5.2722e-10	0.965891
5.27261e-10	0.965726
5.27303e-10	0.965559
5.27344e-10	0.965393
5.27386e-10	0.965226
5.27427e-10	0.965059
5.27469e-10	0.964891
5.2751e-10	0.964723
5.27552e-10	0.964554
5.27593e-10	0.964386
5.27635e-10	0.964216
5.27676e-10	0.964047
5.27718e-10	0.963877
5.27759e-10	0.963706
5.27801e-10	0.963535
5.27842e-10	0.963364
5.27884e-10	0.963192
5.27925e-10	0.96302
5.27967e-10	0.962848
5.28009e-10	0.962675
5.2805e-10	0.962502
5.28092e-10	0.962328
5.28133e-10	0.962154
5.28175e-10	0.96198
5.28216e-10	0.961805
5.28258e-10	0.96163
5.28299e-10	0.961454
5.28341e-10	0.961278
5.28382e-10	0.961102
5.28424e-10	0.960925
5.28465e-10	0.960748
5.28507e-10	0.960571
5.28548e-10	0.960393
5.2859e-10	0.960214
5.28631e-10	0.960036
5.28673e-10	0.959856
5.28714e-10	0.959677
5.28756e-10	0.959497
5.28798e-10	0.959317
5.28839e-10	0.959136
5.28881e-10	0.958955
5.28922e-10	0.958774
5.28964e-10	0.958592
5.29005e-10	0.958409
5.29047e-10	0.958227
5.29088e-10	0.958044
5.2913e-10	0.95786
5.29171e-10	0.957677
5.29213e-10	0.957492
5.29254e-10	0.957308
5.29296e-10	0.957123
5.29337e-10	0.956937
5.29379e-10	0.956752
5.2942e-10	0.956565
5.29462e-10	0.956379
5.29503e-10	0.956192
5.29545e-10	0.956005
5.29587e-10	0.955817
5.29628e-10	0.955629
5.2967e-10	0.95544
5.29711e-10	0.955251
5.29753e-10	0.955062
5.29794e-10	0.954873
5.29836e-10	0.954682
5.29877e-10	0.954492
5.29919e-10	0.954301
5.2996e-10	0.95411
5.30002e-10	0.953918
5.30043e-10	0.953726
5.30085e-10	0.953534
5.30126e-10	0.953341
5.30168e-10	0.953148
5.30209e-10	0.952954
5.30251e-10	0.95276
5.30292e-10	0.952566
5.30334e-10	0.952371
5.30376e-10	0.952176
5.30417e-10	0.951981
5.30459e-10	0.951785
5.305e-10	0.951588
5.30542e-10	0.951392
5.30583e-10	0.951195
5.30625e-10	0.950997
5.30666e-10	0.950799
5.30708e-10	0.950601
5.30749e-10	0.950402
5.30791e-10	0.950203
5.30832e-10	0.950004
5.30874e-10	0.949804
5.30915e-10	0.949604
5.30957e-10	0.949404
5.30998e-10	0.949203
5.3104e-10	0.949001
5.31081e-10	0.9488
5.31123e-10	0.948597
5.31165e-10	0.948395
5.31206e-10	0.948192
5.31248e-10	0.947989
5.31289e-10	0.947785
5.31331e-10	0.947581
5.31372e-10	0.947377
5.31414e-10	0.947172
5.31455e-10	0.946967
5.31497e-10	0.946761
5.31538e-10	0.946555
5.3158e-10	0.946349
5.31621e-10	0.946142
5.31663e-10	0.945935
5.31704e-10	0.945727
5.31746e-10	0.945519
5.31787e-10	0.945311
5.31829e-10	0.945102
5.3187e-10	0.944893
5.31912e-10	0.944684
5.31954e-10	0.944474
5.31995e-10	0.944264
5.32037e-10	0.944053
5.32078e-10	0.943842
5.3212e-10	0.94363
5.32161e-10	0.943419
5.32203e-10	0.943206
5.32244e-10	0.942994
5.32286e-10	0.942781
5.32327e-10	0.942568
5.32369e-10	0.942354
5.3241e-10	0.94214
5.32452e-10	0.941925
5.32493e-10	0.941711
5.32535e-10	0.941495
5.32576e-10	0.94128
5.32618e-10	0.941064
5.32659e-10	0.940847
5.32701e-10	0.94063
5.32743e-10	0.940413
5.32784e-10	0.940196
5.32826e-10	0.939978
5.32867e-10	0.939759
5.32909e-10	0.939541
5.3295e-10	0.939322
5.32992e-10	0.939102
5.33033e-10	0.938882
5.33075e-10	0.938662
5.33116e-10	0.938441
5.33158e-10	0.93822
5.33199e-10	0.937999
5.33241e-10	0.937777
5.33282e-10	0.937555
5.33324e-10	0.937333
5.33365e-10	0.93711
5.33407e-10	0.936886
5.33448e-10	0.936663
5.3349e-10	0.936439
5.33532e-10	0.936214
5.33573e-10	0.935989
5.33615e-10	0.935764
5.33656e-10	0.935538
5.33698e-10	0.935312
5.33739e-10	0.935086
5.33781e-10	0.934859
5.33822e-10	0.934632
5.33864e-10	0.934405
5.33905e-10	0.934177
5.33947e-10	0.933948
5.33988e-10	0.93372
5.3403e-10	0.933491
5.34071e-10	0.933261
5.34113e-10	0.933031
5.34154e-10	0.932801
5.34196e-10	0.932571
5.34238e-10	0.93234
5.34279e-10	0.932108
5.34321e-10	0.931877
5.34362e-10	0.931645
5.34404e-10	0.931412
5.34445e-10	0.931179
5.34487e-10	0.930946
5.34528e-10	0.930712
5.3457e-10	0.930478
5.34611e-10	0.930244
5.34653e-10	0.930009
5.34694e-10	0.929774
5.34736e-10	0.929539
5.34777e-10	0.929303
5.34819e-10	0.929066
5.3486e-10	0.92883
5.34902e-10	0.928593
5.34943e-10	0.928355
5.34985e-10	0.928118
5.35027e-10	0.927879
5.35068e-10	0.927641
5.3511e-10	0.927402
5.35151e-10	0.927163
5.35193e-10	0.926923
5.35234e-10	0.926683
5.35276e-10	0.926442
5.35317e-10	0.926202
5.35359e-10	0.92596
5.354e-10	0.925719
5.35442e-10	0.925477
5.35483e-10	0.925234
5.35525e-10	0.924992
5.35566e-10	0.924749
5.35608e-10	0.924505
5.35649e-10	0.924261
5.35691e-10	0.924017
5.35732e-10	0.923772
5.35774e-10	0.923527
5.35816e-10	0.923282
5.35857e-10	0.923036
5.35899e-10	0.92279
5.3594e-10	0.922544
5.35982e-10	0.922297
5.36023e-10	0.92205
5.36065e-10	0.921802
5.36106e-10	0.921554
5.36148e-10	0.921306
5.36189e-10	0.921057
5.36231e-10	0.920808
5.36272e-10	0.920558
5.36314e-10	0.920308
5.36355e-10	0.920058
5.36397e-10	0.919807
5.36438e-10	0.919556
5.3648e-10	0.919305
5.36521e-10	0.919053
5.36563e-10	0.918801
5.36605e-10	0.918549
5.36646e-10	0.918296
5.36688e-10	0.918043
5.36729e-10	0.917789
5.36771e-10	0.917535
5.36812e-10	0.91728
5.36854e-10	0.917026
5.36895e-10	0.916771
5.36937e-10	0.916515
5.36978e-10	0.916259
5.3702e-10	0.916003
5.37061e-10	0.915746
5.37103e-10	0.915489
5.37144e-10	0.915232
5.37186e-10	0.914974
5.37227e-10	0.914716
5.37269e-10	0.914457
5.3731e-10	0.914199
5.37352e-10	0.913939
5.37394e-10	0.91368
5.37435e-10	0.91342
5.37477e-10	0.913159
5.37518e-10	0.912899
5.3756e-10	0.912638
5.37601e-10	0.912376
5.37643e-10	0.912114
5.37684e-10	0.911852
5.37726e-10	0.911589
5.37767e-10	0.911326
5.37809e-10	0.911063
5.3785e-10	0.910799
5.37892e-10	0.910535
5.37933e-10	0.910271
5.37975e-10	0.910006
5.38016e-10	0.909741
5.38058e-10	0.909475
5.38099e-10	0.909209
5.38141e-10	0.908943
5.38183e-10	0.908676
5.38224e-10	0.908409
5.38266e-10	0.908141
5.38307e-10	0.907874
5.38349e-10	0.907605
5.3839e-10	0.907337
5.38432e-10	0.907068
5.38473e-10	0.906799
5.38515e-10	0.906529
5.38556e-10	0.906259
5.38598e-10	0.905989
5.38639e-10	0.905718
5.38681e-10	0.905447
5.38722e-10	0.905175
5.38764e-10	0.904903
5.38805e-10	0.904631
5.38847e-10	0.904358
5.38888e-10	0.904085
5.3893e-10	0.903812
5.38972e-10	0.903538
5.39013e-10	0.903264
5.39055e-10	0.90299
5.39096e-10	0.902715
5.39138e-10	0.90244
5.39179e-10	0.902164
5.39221e-10	0.901888
5.39262e-10	0.901612
5.39304e-10	0.901335
5.39345e-10	0.901058
5.39387e-10	0.900781
5.39428e-10	0.900503
5.3947e-10	0.900225
5.39511e-10	0.899946
5.39553e-10	0.899667
5.39594e-10	0.899388
5.39636e-10	0.899108
5.39677e-10	0.898828
5.39719e-10	0.898548
5.39761e-10	0.898267
5.39802e-10	0.897986
5.39844e-10	0.897705
5.39885e-10	0.897423
5.39927e-10	0.897141
5.39968e-10	0.896858
5.4001e-10	0.896575
5.40051e-10	0.896292
5.40093e-10	0.896008
5.40134e-10	0.895724
5.40176e-10	0.89544
5.40217e-10	0.895155
5.40259e-10	0.89487
5.403e-10	0.894584
5.40342e-10	0.894298
5.40383e-10	0.894012
5.40425e-10	0.893726
5.40466e-10	0.893439
5.40508e-10	0.893151
5.4055e-10	0.892864
5.40591e-10	0.892576
5.40633e-10	0.892287
5.40674e-10	0.891998
5.40716e-10	0.891709
5.40757e-10	0.89142
5.40799e-10	0.89113
5.4084e-10	0.89084
5.40882e-10	0.890549
5.40923e-10	0.890258
5.40965e-10	0.889967
5.41006e-10	0.889675
5.41048e-10	0.889383
5.41089e-10	0.88909
5.41131e-10	0.888798
5.41172e-10	0.888505
5.41214e-10	0.888211
5.41255e-10	0.887917
5.41297e-10	0.887623
5.41339e-10	0.887328
5.4138e-10	0.887033
5.41422e-10	0.886738
5.41463e-10	0.886442
5.41505e-10	0.886146
5.41546e-10	0.88585
5.41588e-10	0.885553
5.41629e-10	0.885256
5.41671e-10	0.884959
5.41712e-10	0.884661
5.41754e-10	0.884362
5.41795e-10	0.884064
5.41837e-10	0.883765
5.41878e-10	0.883466
5.4192e-10	0.883166
5.41961e-10	0.882866
5.42003e-10	0.882565
5.42044e-10	0.882265
5.42086e-10	0.881964
5.42128e-10	0.881662
5.42169e-10	0.88136
5.42211e-10	0.881058
5.42252e-10	0.880756
5.42294e-10	0.880453
5.42335e-10	0.880149
5.42377e-10	0.879846
5.42418e-10	0.879542
5.4246e-10	0.879237
5.42501e-10	0.878933
5.42543e-10	0.878628
5.42584e-10	0.878322
5.42626e-10	0.878016
5.42667e-10	0.87771
5.42709e-10	0.877404
5.4275e-10	0.877097
5.42792e-10	0.87679
5.42833e-10	0.876482
5.42875e-10	0.876174
5.42917e-10	0.875866
5.42958e-10	0.875557
5.43e-10	0.875248
5.43041e-10	0.874939
5.43083e-10	0.874629
5.43124e-10	0.874319
5.43166e-10	0.874009
5.43207e-10	0.873698
5.43249e-10	0.873387
5.4329e-10	0.873075
5.43332e-10	0.872763
5.43373e-10	0.872451
5.43415e-10	0.872139
5.43456e-10	0.871826
5.43498e-10	0.871512
5.43539e-10	0.871199
5.43581e-10	0.870885
5.43622e-10	0.87057
5.43664e-10	0.870256
5.43706e-10	0.86994
5.43747e-10	0.869625
5.43789e-10	0.869309
5.4383e-10	0.868993
5.43872e-10	0.868677
5.43913e-10	0.86836
5.43955e-10	0.868043
5.43996e-10	0.867725
5.44038e-10	0.867407
5.44079e-10	0.867089
5.44121e-10	0.86677
5.44162e-10	0.866451
5.44204e-10	0.866132
5.44245e-10	0.865812
5.44287e-10	0.865492
5.44328e-10	0.865172
5.4437e-10	0.864851
5.44411e-10	0.86453
5.44453e-10	0.864209
5.44495e-10	0.863887
5.44536e-10	0.863565
5.44578e-10	0.863242
5.44619e-10	0.862919
5.44661e-10	0.862596
5.44702e-10	0.862272
5.44744e-10	0.861948
5.44785e-10	0.861624
5.44827e-10	0.8613
5.44868e-10	0.860975
5.4491e-10	0.860649
5.44951e-10	0.860324
5.44993e-10	0.859998
5.45034e-10	0.859671
5.45076e-10	0.859344
5.45117e-10	0.859017
5.45159e-10	0.85869
5.452e-10	0.858362
5.45242e-10	0.858034
5.45284e-10	0.857705
5.45325e-10	0.857377
5.45367e-10	0.857047
5.45408e-10	0.856718
5.4545e-10	0.856388
5.45491e-10	0.856058
5.45533e-10	0.855727
5.45574e-10	0.855396
5.45616e-10	0.855065
5.45657e-10	0.854733
5.45699e-10	0.854401
5.4574e-10	0.854069
5.45782e-10	0.853736
5.45823e-10	0.853403
5.45865e-10	0.85307
5.45906e-10	0.852736
5.45948e-10	0.852402
5.45989e-10	0.852068
5.46031e-10	0.851733
5.46073e-10	0.851398
5.46114e-10	0.851062
5.46156e-10	0.850726
5.46197e-10	0.85039
5.46239e-10	0.850054
5.4628e-10	0.849717
5.46322e-10	0.84938
5.46363e-10	0.849042
5.46405e-10	0.848704
5.46446e-10	0.848366
5.46488e-10	0.848027
5.46529e-10	0.847688
5.46571e-10	0.847349
5.46612e-10	0.84701
5.46654e-10	0.84667
5.46695e-10	0.846329
5.46737e-10	0.845989
5.46778e-10	0.845648
5.4682e-10	0.845306
5.46862e-10	0.844964
5.46903e-10	0.844622
5.46945e-10	0.84428
5.46986e-10	0.843937
5.47028e-10	0.843594
5.47069e-10	0.843251
5.47111e-10	0.842907
5.47152e-10	0.842563
5.47194e-10	0.842218
5.47235e-10	0.841873
5.47277e-10	0.841528
5.47318e-10	0.841183
5.4736e-10	0.840837
5.47401e-10	0.840491
5.47443e-10	0.840144
5.47484e-10	0.839797
5.47526e-10	0.83945
5.47567e-10	0.839103
5.47609e-10	0.838755
5.47651e-10	0.838406
5.47692e-10	0.838058
5.47734e-10	0.837709
5.47775e-10	0.83736
5.47817e-10	0.83701
5.47858e-10	0.83666
5.479e-10	0.83631
5.47941e-10	0.835959
5.47983e-10	0.835608
5.48024e-10	0.835257
5.48066e-10	0.834905
5.48107e-10	0.834553
5.48149e-10	0.834201
5.4819e-10	0.833848
5.48232e-10	0.833495
5.48273e-10	0.833142
5.48315e-10	0.832788
5.48356e-10	0.832434
5.48398e-10	0.83208
5.4844e-10	0.831725
5.48481e-10	0.83137
5.48523e-10	0.831014
5.48564e-10	0.830659
5.48606e-10	0.830302
5.48647e-10	0.829946
5.48689e-10	0.829589
5.4873e-10	0.829232
5.48772e-10	0.828875
5.48813e-10	0.828517
5.48855e-10	0.828159
5.48896e-10	0.8278
5.48938e-10	0.827442
5.48979e-10	0.827082
5.49021e-10	0.826723
5.49062e-10	0.826363
5.49104e-10	0.826003
5.49145e-10	0.825642
5.49187e-10	0.825282
5.49229e-10	0.82492
5.4927e-10	0.824559
5.49312e-10	0.824197
5.49353e-10	0.823835
5.49395e-10	0.823472
5.49436e-10	0.82311
5.49478e-10	0.822746
5.49519e-10	0.822383
5.49561e-10	0.822019
5.49602e-10	0.821655
5.49644e-10	0.82129
5.49685e-10	0.820925
5.49727e-10	0.82056
5.49768e-10	0.820195
5.4981e-10	0.819829
5.49851e-10	0.819463
5.49893e-10	0.819096
5.49934e-10	0.818729
5.49976e-10	0.818362
5.50018e-10	0.817994
5.50059e-10	0.817627
5.50101e-10	0.817258
5.50142e-10	0.81689
5.50184e-10	0.816521
5.50225e-10	0.816152
5.50267e-10	0.815782
5.50308e-10	0.815412
5.5035e-10	0.815042
5.50391e-10	0.814671
5.50433e-10	0.814301
5.50474e-10	0.813929
5.50516e-10	0.813558
5.50557e-10	0.813186
5.50599e-10	0.812814
5.5064e-10	0.812441
5.50682e-10	0.812068
5.50723e-10	0.811695
5.50765e-10	0.811322
5.50807e-10	0.810948
5.50848e-10	0.810573
5.5089e-10	0.810199
5.50931e-10	0.809824
5.50973e-10	0.809449
5.51014e-10	0.809073
5.51056e-10	0.808698
5.51097e-10	0.808321
5.51139e-10	0.807945
5.5118e-10	0.807568
5.51222e-10	0.807191
5.51263e-10	0.806813
5.51305e-10	0.806435
5.51346e-10	0.806057
5.51388e-10	0.805679
5.51429e-10	0.8053
5.51471e-10	0.804921
5.51512e-10	0.804541
5.51554e-10	0.804161
5.51596e-10	0.803781
5.51637e-10	0.803401
5.51679e-10	0.80302
5.5172e-10	0.802639
5.51762e-10	0.802257
5.51803e-10	0.801876
5.51845e-10	0.801494
5.51886e-10	0.801111
5.51928e-10	0.800728
5.51969e-10	0.800345
5.52011e-10	0.799962
5.52052e-10	0.799578
5.52094e-10	0.799194
5.52135e-10	0.79881
5.52177e-10	0.798425
5.52218e-10	0.79804
5.5226e-10	0.797655
5.52301e-10	0.797269
5.52343e-10	0.796883
5.52385e-10	0.796496
5.52426e-10	0.79611
5.52468e-10	0.795723
5.52509e-10	0.795335
5.52551e-10	0.794948
5.52592e-10	0.79456
5.52634e-10	0.794171
5.52675e-10	0.793783
5.52717e-10	0.793394
5.52758e-10	0.793005
5.528e-10	0.792615
5.52841e-10	0.792225
5.52883e-10	0.791835
5.52924e-10	0.791444
5.52966e-10	0.791053
5.53007e-10	0.790662
5.53049e-10	0.790271
5.53091e-10	0.789879
5.53132e-10	0.789487
5.53174e-10	0.789094
5.53215e-10	0.788701
5.53257e-10	0.788308
5.53298e-10	0.787915
5.5334e-10	0.787521
5.53381e-10	0.787127
5.53423e-10	0.786732
5.53464e-10	0.786337
5.53506e-10	0.785942
5.53547e-10	0.785547
5.53589e-10	0.785151
5.5363e-10	0.784755
5.53672e-10	0.784359
5.53713e-10	0.783962
5.53755e-10	0.783565
5.53796e-10	0.783168
5.53838e-10	0.78277
5.5388e-10	0.782372
5.53921e-10	0.781974
5.53963e-10	0.781575
5.54004e-10	0.781176
5.54046e-10	0.780777
5.54087e-10	0.780377
5.54129e-10	0.779978
5.5417e-10	0.779577
5.54212e-10	0.779177
5.54253e-10	0.778776
5.54295e-10	0.778375
5.54336e-10	0.777973
5.54378e-10	0.777572
5.54419e-10	0.777169
5.54461e-10	0.776767
5.54502e-10	0.776364
5.54544e-10	0.775961
5.54585e-10	0.775558
5.54627e-10	0.775154
5.54669e-10	0.77475
5.5471e-10	0.774346
5.54752e-10	0.773941
5.54793e-10	0.773536
5.54835e-10	0.773131
5.54876e-10	0.772725
5.54918e-10	0.772319
5.54959e-10	0.771913
5.55001e-10	0.771507
5.55042e-10	0.7711
5.55084e-10	0.770693
5.55125e-10	0.770285
5.55167e-10	0.769877
5.55208e-10	0.769469
5.5525e-10	0.769061
5.55291e-10	0.768652
5.55333e-10	0.768243
5.55374e-10	0.767833
5.55416e-10	0.767424
5.55458e-10	0.767014
5.55499e-10	0.766603
5.55541e-10	0.766193
5.55582e-10	0.765782
5.55624e-10	0.765371
5.55665e-10	0.764959
5.55707e-10	0.764547
5.55748e-10	0.764135
5.5579e-10	0.763722
5.55831e-10	0.76331
5.55873e-10	0.762896
5.55914e-10	0.762483
5.55956e-10	0.762069
5.55997e-10	0.761655
5.56039e-10	0.761241
5.5608e-10	0.760826
5.56122e-10	0.760411
5.56163e-10	0.759996
5.56205e-10	0.75958
5.56247e-10	0.759164
5.56288e-10	0.758748
5.5633e-10	0.758331
5.56371e-10	0.757915
5.56413e-10	0.757497
5.56454e-10	0.75708
5.56496e-10	0.756662
5.56537e-10	0.756244
5.56579e-10	0.755826
5.5662e-10	0.755407
5.56662e-10	0.754988
5.56703e-10	0.754569
5.56745e-10	0.754149
5.56786e-10	0.753729
5.56828e-10	0.753309
5.56869e-10	0.752888
5.56911e-10	0.752467
5.56952e-10	0.752046
5.56994e-10	0.751625
5.57036e-10	0.751203
5.57077e-10	0.750781
5.57119e-10	0.750358
5.5716e-10	0.749936
5.57202e-10	0.749513
5.57243e-10	0.749089
5.57285e-10	0.748666
5.57326e-10	0.748242
5.57368e-10	0.747817
5.57409e-10	0.747393
5.57451e-10	0.746968
5.57492e-10	0.746543
5.57534e-10	0.746117
5.57575e-10	0.745692
5.57617e-10	0.745266
5.57658e-10	0.744839
5.577e-10	0.744412
5.57741e-10	0.743985
5.57783e-10	0.743558
5.57825e-10	0.743131
5.57866e-10	0.742703
5.57908e-10	0.742274
5.57949e-10	0.741846
5.57991e-10	0.741417
5.58032e-10	0.740988
5.58074e-10	0.740559
5.58115e-10	0.740129
5.58157e-10	0.739699
5.58198e-10	0.739269
5.5824e-10	0.738838
5.58281e-10	0.738407
5.58323e-10	0.737976
5.58364e-10	0.737544
5.58406e-10	0.737112
5.58447e-10	0.73668
5.58489e-10	0.736248
5.5853e-10	0.735815
5.58572e-10	0.735382
5.58614e-10	0.734949
5.58655e-10	0.734515
5.58697e-10	0.734081
5.58738e-10	0.733647
5.5878e-10	0.733212
5.58821e-10	0.732777
5.58863e-10	0.732342
5.58904e-10	0.731907
5.58946e-10	0.731471
5.58987e-10	0.731035
5.59029e-10	0.730599
5.5907e-10	0.730162
5.59112e-10	0.729725
5.59153e-10	0.729288
5.59195e-10	0.72885
5.59236e-10	0.728413
5.59278e-10	0.727975
5.59319e-10	0.727536
5.59361e-10	0.727097
5.59403e-10	0.726658
5.59444e-10	0.726219
5.59486e-10	0.725779
5.59527e-10	0.72534
5.59569e-10	0.724899
5.5961e-10	0.724459
5.59652e-10	0.724018
5.59693e-10	0.723577
5.59735e-10	0.723136
5.59776e-10	0.722694
5.59818e-10	0.722252
5.59859e-10	0.72181
5.59901e-10	0.721367
5.59942e-10	0.720924
5.59984e-10	0.720481
5.60025e-10	0.720038
5.60067e-10	0.719594
5.60108e-10	0.71915
5.6015e-10	0.718705
5.60192e-10	0.718261
5.60233e-10	0.717816
5.60275e-10	0.717371
5.60316e-10	0.716925
5.60358e-10	0.716479
5.60399e-10	0.716033
5.60441e-10	0.715587
5.60482e-10	0.71514
5.60524e-10	0.714693
5.60565e-10	0.714246
5.60607e-10	0.713798
5.60648e-10	0.713351
5.6069e-10	0.712902
5.60731e-10	0.712454
5.60773e-10	0.712005
5.60814e-10	0.711556
5.60856e-10	0.711107
5.60897e-10	0.710657
5.60939e-10	0.710208
5.60981e-10	0.709757
5.61022e-10	0.709307
5.61064e-10	0.708856
5.61105e-10	0.708405
5.61147e-10	0.707954
5.61188e-10	0.707502
5.6123e-10	0.70705
5.61271e-10	0.706598
5.61313e-10	0.706146
5.61354e-10	0.705693
5.61396e-10	0.70524
5.61437e-10	0.704786
5.61479e-10	0.704333
5.6152e-10	0.703879
5.61562e-10	0.703425
5.61603e-10	0.70297
5.61645e-10	0.702515
5.61686e-10	0.70206
5.61728e-10	0.701605
5.6177e-10	0.701149
5.61811e-10	0.700693
5.61853e-10	0.700237
5.61894e-10	0.699781
5.61936e-10	0.699324
5.61977e-10	0.698867
5.62019e-10	0.698409
5.6206e-10	0.697952
5.62102e-10	0.697494
5.62143e-10	0.697035
5.62185e-10	0.696577
5.62226e-10	0.696118
5.62268e-10	0.695659
5.62309e-10	0.6952
5.62351e-10	0.69474
5.62392e-10	0.69428
5.62434e-10	0.69382
5.62475e-10	0.693359
5.62517e-10	0.692899
5.62559e-10	0.692438
5.626e-10	0.691976
5.62642e-10	0.691515
5.62683e-10	0.691053
5.62725e-10	0.690591
5.62766e-10	0.690128
5.62808e-10	0.689665
5.62849e-10	0.689202
5.62891e-10	0.688739
5.62932e-10	0.688275
5.62974e-10	0.687811
5.63015e-10	0.687347
5.63057e-10	0.686883
5.63098e-10	0.686418
5.6314e-10	0.685953
5.63181e-10	0.685488
5.63223e-10	0.685022
5.63264e-10	0.684556
5.63306e-10	0.68409
5.63348e-10	0.683624
5.63389e-10	0.683157
5.63431e-10	0.68269
5.63472e-10	0.682223
5.63514e-10	0.681755
5.63555e-10	0.681288
5.63597e-10	0.68082
5.63638e-10	0.680351
5.6368e-10	0.679883
5.63721e-10	0.679414
5.63763e-10	0.678944
5.63804e-10	0.678475
5.63846e-10	0.678005
5.63887e-10	0.677535
5.63929e-10	0.677065
5.6397e-10	0.676594
5.64012e-10	0.676123
5.64053e-10	0.675652
5.64095e-10	0.675181
5.64137e-10	0.674709
5.64178e-10	0.674237
5.6422e-10	0.673765
5.64261e-10	0.673293
5.64303e-10	0.67282
5.64344e-10	0.672347
5.64386e-10	0.671873
5.64427e-10	0.6714
5.64469e-10	0.670926
5.6451e-10	0.670452
5.64552e-10	0.669977
5.64593e-10	0.669503
5.64635e-10	0.669028
5.64676e-10	0.668552
5.64718e-10	0.668077
5.64759e-10	0.667601
5.64801e-10	0.667125
5.64842e-10	0.666649
5.64884e-10	0.666172
5.64926e-10	0.665695
5.64967e-10	0.665218
5.65009e-10	0.664741
5.6505e-10	0.664263
5.65092e-10	0.663785
5.65133e-10	0.663307
5.65175e-10	0.662828
5.65216e-10	0.662349
5.65258e-10	0.66187
5.65299e-10	0.661391
5.65341e-10	0.660911
5.65382e-10	0.660432
5.65424e-10	0.659951
5.65465e-10	0.659471
5.65507e-10	0.65899
5.65548e-10	0.658509
5.6559e-10	0.658028
5.65631e-10	0.657547
5.65673e-10	0.657065
5.65715e-10	0.656583
5.65756e-10	0.656101
5.65798e-10	0.655618
5.65839e-10	0.655135
5.65881e-10	0.654652
5.65922e-10	0.654169
5.65964e-10	0.653685
5.66005e-10	0.653201
5.66047e-10	0.652717
5.66088e-10	0.652233
5.6613e-10	0.651748
5.66171e-10	0.651263
5.66213e-10	0.650778
5.66254e-10	0.650292
5.66296e-10	0.649806
5.66337e-10	0.64932
5.66379e-10	0.648834
5.6642e-10	0.648348
5.66462e-10	0.647861
5.66504e-10	0.647374
5.66545e-10	0.646886
5.66587e-10	0.646399
5.66628e-10	0.645911
5.6667e-10	0.645423
5.66711e-10	0.644934
5.66753e-10	0.644446
5.66794e-10	0.643957
5.66836e-10	0.643467
5.66877e-10	0.642978
5.66919e-10	0.642488
5.6696e-10	0.641998
5.67002e-10	0.641508
5.67043e-10	0.641018
5.67085e-10	0.640527
5.67126e-10	0.640036
5.67168e-10	0.639544
5.67209e-10	0.639053
5.67251e-10	0.638561
5.67293e-10	0.638069
5.67334e-10	0.637577
5.67376e-10	0.637084
5.67417e-10	0.636591
5.67459e-10	0.636098
5.675e-10	0.635605
5.67542e-10	0.635111
5.67583e-10	0.634617
5.67625e-10	0.634123
5.67666e-10	0.633629
5.67708e-10	0.633134
5.67749e-10	0.632639
5.67791e-10	0.632144
5.67832e-10	0.631648
5.67874e-10	0.631153
5.67915e-10	0.630657
5.67957e-10	0.63016
5.67998e-10	0.629664
5.6804e-10	0.629167
5.68082e-10	0.62867
5.68123e-10	0.628173
5.68165e-10	0.627675
5.68206e-10	0.627178
5.68248e-10	0.62668
5.68289e-10	0.626181
5.68331e-10	0.625683
5.68372e-10	0.625184
5.68414e-10	0.624685
5.68455e-10	0.624186
5.68497e-10	0.623686
5.68538e-10	0.623186
5.6858e-10	0.622686
5.68621e-10	0.622186
5.68663e-10	0.621685
5.68704e-10	0.621185
5.68746e-10	0.620683
5.68787e-10	0.620182
5.68829e-10	0.619681
5.68871e-10	0.619179
5.68912e-10	0.618677
5.68954e-10	0.618174
5.68995e-10	0.617672
5.69037e-10	0.617169
5.69078e-10	0.616666
5.6912e-10	0.616162
5.69161e-10	0.615659
5.69203e-10	0.615155
5.69244e-10	0.614651
5.69286e-10	0.614146
5.69327e-10	0.613642
5.69369e-10	0.613137
5.6941e-10	0.612632
5.69452e-10	0.612126
5.69493e-10	0.611621
5.69535e-10	0.611115
5.69576e-10	0.610609
5.69618e-10	0.610102
5.6966e-10	0.609596
5.69701e-10	0.609089
5.69743e-10	0.608582
5.69784e-10	0.608074
5.69826e-10	0.607567
5.69867e-10	0.607059
5.69909e-10	0.606551
5.6995e-10	0.606043
5.69992e-10	0.605534
5.70033e-10	0.605025
5.70075e-10	0.604516
5.70116e-10	0.604007
5.70158e-10	0.603497
5.70199e-10	0.602987
5.70241e-10	0.602477
5.70282e-10	0.601967
5.70324e-10	0.601456
5.70365e-10	0.600945
5.70407e-10	0.600434
5.70449e-10	0.599923
5.7049e-10	0.599411
5.70532e-10	0.5989
5.70573e-10	0.598388
5.70615e-10	0.597875
5.70656e-10	0.597363
5.70698e-10	0.59685
5.70739e-10	0.596337
5.70781e-10	0.595824
5.70822e-10	0.59531
5.70864e-10	0.594796
5.70905e-10	0.594282
5.70947e-10	0.593768
5.70988e-10	0.593254
5.7103e-10	0.592739
5.71071e-10	0.592224
5.71113e-10	0.591709
5.71154e-10	0.591193
5.71196e-10	0.590678
5.71238e-10	0.590162
5.71279e-10	0.589646
5.71321e-10	0.589129
5.71362e-10	0.588612
5.71404e-10	0.588095
5.71445e-10	0.587578
5.71487e-10	0.587061
5.71528e-10	0.586543
5.7157e-10	0.586026
5.71611e-10	0.585507
5.71653e-10	0.584989
5.71694e-10	0.584471
5.71736e-10	0.583952
5.71777e-10	0.583433
5.71819e-10	0.582913
5.7186e-10	0.582394
5.71902e-10	0.581874
5.71943e-10	0.581354
5.71985e-10	0.580834
5.72027e-10	0.580313
5.72068e-10	0.579793
5.7211e-10	0.579272
5.72151e-10	0.57875
5.72193e-10	0.578229
5.72234e-10	0.577707
5.72276e-10	0.577185
5.72317e-10	0.576663
5.72359e-10	0.576141
5.724e-10	0.575618
5.72442e-10	0.575095
5.72483e-10	0.574572
5.72525e-10	0.574049
5.72566e-10	0.573526
5.72608e-10	0.573002
5.72649e-10	0.572478
5.72691e-10	0.571953
5.72733e-10	0.571429
5.72774e-10	0.570904
5.72816e-10	0.570379
5.72857e-10	0.569854
5.72899e-10	0.569329
5.7294e-10	0.568803
5.72982e-10	0.568277
5.73023e-10	0.567751
5.73065e-10	0.567225
5.73106e-10	0.566698
5.73148e-10	0.566171
5.73189e-10	0.565644
5.73231e-10	0.565117
5.73272e-10	0.56459
5.73314e-10	0.564062
5.73355e-10	0.563534
5.73397e-10	0.563006
5.73438e-10	0.562477
5.7348e-10	0.561949
5.73522e-10	0.56142
5.73563e-10	0.560891
5.73605e-10	0.560361
5.73646e-10	0.559832
5.73688e-10	0.559302
5.73729e-10	0.558772
5.73771e-10	0.558242
5.73812e-10	0.557711
5.73854e-10	0.55718
5.73895e-10	0.556649
5.73937e-10	0.556118
5.73978e-10	0.555587
5.7402e-10	0.555055
5.74061e-10	0.554523
5.74103e-10	0.553991
5.74144e-10	0.553459
5.74186e-10	0.552926
5.74227e-10	0.552394
5.74269e-10	0.551861
5.74311e-10	0.551328
5.74352e-10	0.550794
5.74394e-10	0.55026
5.74435e-10	0.549727
5.74477e-10	0.549192
5.74518e-10	0.548658
5.7456e-10	0.548124
5.74601e-10	0.547589
5.74643e-10	0.547054
5.74684e-10	0.546519
5.74726e-10	0.545983
5.74767e-10	0.545447
5.74809e-10	0.544912
5.7485e-10	0.544375
5.74892e-10	0.543839
5.74933e-10	0.543303
5.74975e-10	0.542766
5.75016e-10	0.542229
5.75058e-10	0.541691
5.751e-10	0.541154
5.75141e-10	0.540616
5.75183e-10	0.540078
5.75224e-10	0.53954
5.75266e-10	0.539002
5.75307e-10	0.538463
5.75349e-10	0.537925
5.7539e-10	0.537386
5.75432e-10	0.536847
5.75473e-10	0.536307
5.75515e-10	0.535767
5.75556e-10	0.535228
5.75598e-10	0.534687
5.75639e-10	0.534147
5.75681e-10	0.533607
5.75722e-10	0.533066
5.75764e-10	0.532525
5.75805e-10	0.531984
5.75847e-10	0.531442
5.75889e-10	0.530901
5.7593e-10	0.530359
5.75972e-10	0.529817
5.76013e-10	0.529275
5.76055e-10	0.528732
5.76096e-10	0.528189
5.76138e-10	0.527646
5.76179e-10	0.527103
5.76221e-10	0.52656
5.76262e-10	0.526016
5.76304e-10	0.525473
5.76345e-10	0.524929
5.76387e-10	0.524384
5.76428e-10	0.52384
5.7647e-10	0.523295
5.76511e-10	0.522751
5.76553e-10	0.522206
5.76594e-10	0.52166
5.76636e-10	0.521115
5.76678e-10	0.520569
5.76719e-10	0.520023
5.76761e-10	0.519477
5.76802e-10	0.518931
5.76844e-10	0.518384
5.76885e-10	0.517837
5.76927e-10	0.51729
5.76968e-10	0.516743
5.7701e-10	0.516196
5.77051e-10	0.515648
5.77093e-10	0.5151
5.77134e-10	0.514552
5.77176e-10	0.514004
5.77217e-10	0.513456
5.77259e-10	0.512907
5.773e-10	0.512358
5.77342e-10	0.511809
5.77383e-10	0.51126
5.77425e-10	0.51071
5.77467e-10	0.510161
5.77508e-10	0.509611
5.7755e-10	0.509061
5.77591e-10	0.50851
5.77633e-10	0.50796
5.77674e-10	0.507409
5.77716e-10	0.506858
5.77757e-10	0.506307
5.77799e-10	0.505756
5.7784e-10	0.505204
5.77882e-10	0.504652
5.77923e-10	0.5041
5.77965e-10	0.503548
5.78006e-10	0.502996
5.78048e-10	0.502443
5.78089e-10	0.50189
5.78131e-10	0.501337
5.78172e-10	0.500784
5.78214e-10	0.500231
5.78256e-10	0.499677
5.78297e-10	0.499123
5.78339e-10	0.498569
5.7838e-10	0.498015
5.78422e-10	0.49746
5.78463e-10	0.496906
5.78505e-10	0.496351
5.78546e-10	0.495796
5.78588e-10	0.495241
5.78629e-10	0.494685
5.78671e-10	0.49413
5.78712e-10	0.493574
5.78754e-10	0.493018
5.78795e-10	0.492461
5.78837e-10	0.491905
5.78878e-10	0.491348
5.7892e-10	0.490791
5.78961e-10	0.490234
5.79003e-10	0.489677
5.79045e-10	0.48912
5.79086e-10	0.488562
5.79128e-10	0.488004
5.79169e-10	0.487446
5.79211e-10	0.486888
5.79252e-10	0.486329
5.79294e-10	0.485771
5.79335e-10	0.485212
5.79377e-10	0.484653
5.79418e-10	0.484093
5.7946e-10	0.483534
5.79501e-10	0.482974
5.79543e-10	0.482415
5.79584e-10	0.481854
5.79626e-10	0.481294
5.79667e-10	0.480734
5.79709e-10	0.480173
5.7975e-10	0.479612
5.79792e-10	0.479051
5.79834e-10	0.47849
5.79875e-10	0.477929
5.79917e-10	0.477367
5.79958e-10	0.476805
5.8e-10	0.476243
5.80041e-10	0.475681
5.80083e-10	0.475119
5.80124e-10	0.474556
5.80166e-10	0.473993
5.80207e-10	0.47343
5.80249e-10	0.472867
5.8029e-10	0.472304
5.80332e-10	0.47174
5.80373e-10	0.471177
5.80415e-10	0.470613
5.80456e-10	0.470048
5.80498e-10	0.469484
5.80539e-10	0.46892
5.80581e-10	0.468355
5.80623e-10	0.46779
5.80664e-10	0.467225
5.80706e-10	0.46666
5.80747e-10	0.466094
5.80789e-10	0.465528
5.8083e-10	0.464963
5.80872e-10	0.464397
5.80913e-10	0.46383
5.80955e-10	0.463264
5.80996e-10	0.462697
5.81038e-10	0.462131
5.81079e-10	0.461564
5.81121e-10	0.460996
5.81162e-10	0.460429
5.81204e-10	0.459861
5.81245e-10	0.459294
5.81287e-10	0.458726
5.81328e-10	0.458158
5.8137e-10	0.457589
5.81412e-10	0.457021
5.81453e-10	0.456452
5.81495e-10	0.455883
5.81536e-10	0.455314
5.81578e-10	0.454745
5.81619e-10	0.454176
5.81661e-10	0.453606
5.81702e-10	0.453036
5.81744e-10	0.452466
5.81785e-10	0.451896
5.81827e-10	0.451326
5.81868e-10	0.450755
5.8191e-10	0.450184
5.81951e-10	0.449614
5.81993e-10	0.449042
5.82034e-10	0.448471
5.82076e-10	0.4479
5.82117e-10	0.447328
5.82159e-10	0.446756
5.82201e-10	0.446184
5.82242e-10	0.445612
5.82284e-10	0.44504
5.82325e-10	0.444467
5.82367e-10	0.443894
5.82408e-10	0.443322
5.8245e-10	0.442748
5.82491e-10	0.442175
5.82533e-10	0.441602
5.82574e-10	0.441028
5.82616e-10	0.440454
5.82657e-10	0.43988
5.82699e-10	0.439306
5.8274e-10	0.438732
5.82782e-10	0.438157
5.82823e-10	0.437583
5.82865e-10	0.437008
5.82906e-10	0.436433
5.82948e-10	0.435857
5.8299e-10	0.435282
5.83031e-10	0.434706
5.83073e-10	0.434131
5.83114e-10	0.433555
5.83156e-10	0.432978
5.83197e-10	0.432402
5.83239e-10	0.431826
5.8328e-10	0.431249
5.83322e-10	0.430672
5.83363e-10	0.430095
5.83405e-10	0.429518
5.83446e-10	0.428941
5.83488e-10	0.428363
5.83529e-10	0.427785
5.83571e-10	0.427207
5.83612e-10	0.426629
5.83654e-10	0.426051
5.83695e-10	0.425473
5.83737e-10	0.424894
5.83779e-10	0.424315
5.8382e-10	0.423736
5.83862e-10	0.423157
5.83903e-10	0.422578
5.83945e-10	0.421999
5.83986e-10	0.421419
5.84028e-10	0.420839
5.84069e-10	0.420259
5.84111e-10	0.419679
5.84152e-10	0.419099
5.84194e-10	0.418518
5.84235e-10	0.417938
5.84277e-10	0.417357
5.84318e-10	0.416776
5.8436e-10	0.416195
5.84401e-10	0.415613
5.84443e-10	0.415032
5.84484e-10	0.41445
5.84526e-10	0.413868
5.84568e-10	0.413286
5.84609e-10	0.412704
5.84651e-10	0.412122
5.84692e-10	0.411539
5.84734e-10	0.410956
5.84775e-10	0.410374
5.84817e-10	0.409791
5.84858e-10	0.409207
5.849e-10	0.408624
5.84941e-10	0.40804
5.84983e-10	0.407457
5.85024e-10	0.406873
5.85066e-10	0.406289
5.85107e-10	0.405705
5.85149e-10	0.40512
5.8519e-10	0.404536
5.85232e-10	0.403951
5.85273e-10	0.403366
5.85315e-10	0.402781
5.85357e-10	0.402196
5.85398e-10	0.401611
5.8544e-10	0.401025
5.85481e-10	0.40044
5.85523e-10	0.399854
5.85564e-10	0.399268
5.85606e-10	0.398681
5.85647e-10	0.398095
5.85689e-10	0.397509
5.8573e-10	0.396922
5.85772e-10	0.396335
5.85813e-10	0.395748
5.85855e-10	0.395161
5.85896e-10	0.394574
5.85938e-10	0.393986
5.85979e-10	0.393399
5.86021e-10	0.392811
5.86062e-10	0.392223
5.86104e-10	0.391635
5.86146e-10	0.391047
5.86187e-10	0.390458
5.86229e-10	0.38987
5.8627e-10	0.389281
5.86312e-10	0.388692
5.86353e-10	0.388103
5.86395e-10	0.387514
5.86436e-10	0.386924
5.86478e-10	0.386335
5.86519e-10	0.385745
5.86561e-10	0.385155
5.86602e-10	0.384565
5.86644e-10	0.383975
5.86685e-10	0.383385
5.86727e-10	0.382794
5.86768e-10	0.382204
5.8681e-10	0.381613
5.86851e-10	0.381022
5.86893e-10	0.380431
5.86935e-10	0.379839
5.86976e-10	0.379248
5.87018e-10	0.378656
5.87059e-10	0.378065
5.87101e-10	0.377473
5.87142e-10	0.376881
5.87184e-10	0.376289
5.87225e-10	0.375696
5.87267e-10	0.375104
5.87308e-10	0.374511
5.8735e-10	0.373918
5.87391e-10	0.373325
5.87433e-10	0.372732
5.87474e-10	0.372139
5.87516e-10	0.371546
5.87557e-10	0.370952
5.87599e-10	0.370358
5.8764e-10	0.369764
5.87682e-10	0.36917
5.87724e-10	0.368576
5.87765e-10	0.367982
5.87807e-10	0.367387
5.87848e-10	0.366793
5.8789e-10	0.366198
5.87931e-10	0.365603
5.87973e-10	0.365008
5.88014e-10	0.364413
5.88056e-10	0.363817
5.88097e-10	0.363222
5.88139e-10	0.362626
5.8818e-10	0.36203
5.88222e-10	0.361435
5.88263e-10	0.360838
5.88305e-10	0.360242
5.88346e-10	0.359646
5.88388e-10	0.359049
5.88429e-10	0.358452
5.88471e-10	0.357856
5.88513e-10	0.357259
5.88554e-10	0.356662
5.88596e-10	0.356064
5.88637e-10	0.355467
5.88679e-10	0.354869
5.8872e-10	0.354272
5.88762e-10	0.353674
5.88803e-10	0.353076
5.88845e-10	0.352478
5.88886e-10	0.351879
5.88928e-10	0.351281
5.88969e-10	0.350682
5.89011e-10	0.350083
5.89052e-10	0.349485
5.89094e-10	0.348886
5.89135e-10	0.348286
5.89177e-10	0.347687
5.89218e-10	0.347088
5.8926e-10	0.346488
5.89302e-10	0.345888
5.89343e-10	0.345289
5.89385e-10	0.344689
5.89426e-10	0.344088
5.89468e-10	0.343488
5.89509e-10	0.342888
5.89551e-10	0.342287
5.89592e-10	0.341686
5.89634e-10	0.341086
5.89675e-10	0.340485
5.89717e-10	0.339883
5.89758e-10	0.339282
5.898e-10	0.338681
5.89841e-10	0.338079
5.89883e-10	0.337478
5.89924e-10	0.336876
5.89966e-10	0.336274
5.90007e-10	0.335672
5.90049e-10	0.335069
5.90091e-10	0.334467
5.90132e-10	0.333865
5.90174e-10	0.333262
5.90215e-10	0.332659
5.90257e-10	0.332056
5.90298e-10	0.331453
5.9034e-10	0.33085
5.90381e-10	0.330247
5.90423e-10	0.329643
5.90464e-10	0.32904
5.90506e-10	0.328436
5.90547e-10	0.327832
5.90589e-10	0.327228
5.9063e-10	0.326624
5.90672e-10	0.32602
5.90713e-10	0.325415
5.90755e-10	0.324811
5.90796e-10	0.324206
5.90838e-10	0.323601
5.9088e-10	0.322996
5.90921e-10	0.322391
5.90963e-10	0.321786
5.91004e-10	0.321181
5.91046e-10	0.320575
5.91087e-10	0.31997
5.91129e-10	0.319364
5.9117e-10	0.318758
5.91212e-10	0.318152
5.91253e-10	0.317546
5.91295e-10	0.31694
5.91336e-10	0.316334
5.91378e-10	0.315727
5.91419e-10	0.315121
5.91461e-10	0.314514
5.91502e-10	0.313907
5.91544e-10	0.3133
5.91585e-10	0.312693
5.91627e-10	0.312086
5.91669e-10	0.311478
5.9171e-10	0.310871
5.91752e-10	0.310263
5.91793e-10	0.309655
5.91835e-10	0.309047
5.91876e-10	0.308439
5.91918e-10	0.307831
5.91959e-10	0.307223
5.92001e-10	0.306615
5.92042e-10	0.306006
5.92084e-10	0.305397
5.92125e-10	0.304789
5.92167e-10	0.30418
5.92208e-10	0.303571
5.9225e-10	0.302962
5.92291e-10	0.302352
5.92333e-10	0.301743
5.92375e-10	0.301133
5.92416e-10	0.300524
5.92458e-10	0.299914
5.92499e-10	0.299304
5.92541e-10	0.298694
5.92582e-10	0.298084
5.92624e-10	0.297474
5.92665e-10	0.296863
5.92707e-10	0.296253
5.92748e-10	0.295642
5.9279e-10	0.295031
5.92831e-10	0.294421
5.92873e-10	0.29381
5.92914e-10	0.293199
5.92956e-10	0.292587
5.92997e-10	0.291976
5.93039e-10	0.291365
5.9308e-10	0.290753
5.93122e-10	0.290141
5.93164e-10	0.28953
5.93205e-10	0.288918
5.93247e-10	0.288306
5.93288e-10	0.287693
5.9333e-10	0.287081
5.93371e-10	0.286469
5.93413e-10	0.285856
5.93454e-10	0.285244
5.93496e-10	0.284631
5.93537e-10	0.284018
5.93579e-10	0.283405
5.9362e-10	0.282792
5.93662e-10	0.282179
5.93703e-10	0.281565
5.93745e-10	0.280952
5.93786e-10	0.280338
5.93828e-10	0.279725
5.93869e-10	0.279111
5.93911e-10	0.278497
5.93953e-10	0.277883
5.93994e-10	0.277269
5.94036e-10	0.276655
5.94077e-10	0.27604
5.94119e-10	0.275426
5.9416e-10	0.274811
5.94202e-10	0.274196
5.94243e-10	0.273582
5.94285e-10	0.272967
5.94326e-10	0.272352
5.94368e-10	0.271737
5.94409e-10	0.271121
5.94451e-10	0.270506
5.94492e-10	0.26989
5.94534e-10	0.269275
5.94575e-10	0.268659
5.94617e-10	0.268043
5.94658e-10	0.267427
5.947e-10	0.266811
5.94742e-10	0.266195
5.94783e-10	0.265579
5.94825e-10	0.264963
5.94866e-10	0.264346
5.94908e-10	0.26373
5.94949e-10	0.263113
5.94991e-10	0.262496
5.95032e-10	0.261879
5.95074e-10	0.261262
5.95115e-10	0.260645
5.95157e-10	0.260028
5.95198e-10	0.259411
5.9524e-10	0.258793
5.95281e-10	0.258176
5.95323e-10	0.257558
5.95364e-10	0.25694
5.95406e-10	0.256323
5.95447e-10	0.255705
5.95489e-10	0.255087
5.95531e-10	0.254468
5.95572e-10	0.25385
5.95614e-10	0.253232
5.95655e-10	0.252613
5.95697e-10	0.251995
5.95738e-10	0.251376
5.9578e-10	0.250757
5.95821e-10	0.250138
5.95863e-10	0.249519
5.95904e-10	0.2489
5.95946e-10	0.248281
5.95987e-10	0.247662
5.96029e-10	0.247043
5.9607e-10	0.246423
5.96112e-10	0.245803
5.96153e-10	0.245184
5.96195e-10	0.244564
5.96236e-10	0.243944
5.96278e-10	0.243324
5.9632e-10	0.242704
5.96361e-10	0.242084
5.96403e-10	0.241464
5.96444e-10	0.240843
5.96486e-10	0.240223
5.96527e-10	0.239602
5.96569e-10	0.238981
5.9661e-10	0.238361
5.96652e-10	0.23774
5.96693e-10	0.237119
5.96735e-10	0.236498
5.96776e-10	0.235877
5.96818e-10	0.235255
5.96859e-10	0.234634
5.96901e-10	0.234013
5.96942e-10	0.233391
5.96984e-10	0.232769
5.97025e-10	0.232148
5.97067e-10	0.231526
5.97109e-10	0.230904
5.9715e-10	0.230282
5.97192e-10	0.22966
5.97233e-10	0.229037
5.97275e-10	0.228415
5.97316e-10	0.227793
5.97358e-10	0.22717
5.97399e-10	0.226548
5.97441e-10	0.225925
5.97482e-10	0.225302
5.97524e-10	0.224679
5.97565e-10	0.224056
5.97607e-10	0.223433
5.97648e-10	0.22281
5.9769e-10	0.222187
5.97731e-10	0.221564
5.97773e-10	0.22094
5.97814e-10	0.220317
5.97856e-10	0.219693
5.97898e-10	0.21907
5.97939e-10	0.218446
5.97981e-10	0.217822
5.98022e-10	0.217198
5.98064e-10	0.216574
5.98105e-10	0.21595
5.98147e-10	0.215326
5.98188e-10	0.214701
5.9823e-10	0.214077
5.98271e-10	0.213452
5.98313e-10	0.212828
5.98354e-10	0.212203
5.98396e-10	0.211579
5.98437e-10	0.210954
5.98479e-10	0.210329
5.9852e-10	0.209704
5.98562e-10	0.209079
5.98603e-10	0.208454
5.98645e-10	0.207828
5.98687e-10	0.207203
5.98728e-10	0.206578
5.9877e-10	0.205952
5.98811e-10	0.205326
5.98853e-10	0.204701
5.98894e-10	0.204075
5.98936e-10	0.203449
5.98977e-10	0.202823
5.99019e-10	0.202197
5.9906e-10	0.201571
5.99102e-10	0.200945
5.99143e-10	0.200319
5.99185e-10	0.199692
5.99226e-10	0.199066
5.99268e-10	0.19844
5.99309e-10	0.197813
5.99351e-10	0.197186
5.99392e-10	0.19656
5.99434e-10	0.195933
5.99476e-10	0.195306
5.99517e-10	0.194679
5.99559e-10	0.194052
5.996e-10	0.193425
5.99642e-10	0.192797
5.99683e-10	0.19217
5.99725e-10	0.191543
5.99766e-10	0.190915
5.99808e-10	0.190288
5.99849e-10	0.18966
5.99891e-10	0.189032
5.99932e-10	0.188405
5.99974e-10	0.187777
6.00015e-10	0.187149
6.00057e-10	0.186521
6.00098e-10	0.185893
6.0014e-10	0.185265
6.00181e-10	0.184637
6.00223e-10	0.184008
6.00265e-10	0.18338
6.00306e-10	0.182751
6.00348e-10	0.182123
6.00389e-10	0.181494
6.00431e-10	0.180866
6.00472e-10	0.180237
6.00514e-10	0.179608
6.00555e-10	0.178979
6.00597e-10	0.17835
6.00638e-10	0.177721
6.0068e-10	0.177092
6.00721e-10	0.176463
6.00763e-10	0.175834
6.00804e-10	0.175204
6.00846e-10	0.174575
6.00887e-10	0.173945
6.00929e-10	0.173316
6.0097e-10	0.172686
6.01012e-10	0.172057
6.01054e-10	0.171427
6.01095e-10	0.170797
6.01137e-10	0.170167
6.01178e-10	0.169537
6.0122e-10	0.168907
6.01261e-10	0.168277
6.01303e-10	0.167647
6.01344e-10	0.167017
6.01386e-10	0.166386
6.01427e-10	0.165756
6.01469e-10	0.165126
6.0151e-10	0.164495
6.01552e-10	0.163864
6.01593e-10	0.163234
6.01635e-10	0.162603
6.01676e-10	0.161972
6.01718e-10	0.161341
6.01759e-10	0.160711
6.01801e-10	0.16008
6.01843e-10	0.159449
6.01884e-10	0.158817
6.01926e-10	0.158186
6.01967e-10	0.157555
6.02009e-10	0.156924
6.0205e-10	0.156292
6.02092e-10	0.155661
6.02133e-10	0.155029
6.02175e-10	0.154398
6.02216e-10	0.153766
6.02258e-10	0.153135
6.02299e-10	0.152503
6.02341e-10	0.151871
6.02382e-10	0.151239
6.02424e-10	0.150607
6.02465e-10	0.149975
6.02507e-10	0.149343
6.02548e-10	0.148711
6.0259e-10	0.148079
6.02632e-10	0.147447
6.02673e-10	0.146814
6.02715e-10	0.146182
6.02756e-10	0.14555
6.02798e-10	0.144917
6.02839e-10	0.144285
6.02881e-10	0.143652
6.02922e-10	0.143019
6.02964e-10	0.142387
6.03005e-10	0.141754
6.03047e-10	0.141121
6.03088e-10	0.140488
6.0313e-10	0.139855
6.03171e-10	0.139222
6.03213e-10	0.138589
6.03254e-10	0.137956
6.03296e-10	0.137323
6.03337e-10	0.13669
6.03379e-10	0.136057
6.03421e-10	0.135423
6.03462e-10	0.13479
6.03504e-10	0.134156
6.03545e-10	0.133523
6.03587e-10	0.132889
6.03628e-10	0.132256
6.0367e-10	0.131622
6.03711e-10	0.130988
6.03753e-10	0.130355
6.03794e-10	0.129721
6.03836e-10	0.129087
6.03877e-10	0.128453
6.03919e-10	0.127819
6.0396e-10	0.127185
6.04002e-10	0.126551
6.04043e-10	0.125917
6.04085e-10	0.125282
6.04126e-10	0.124648
6.04168e-10	0.124014
6.0421e-10	0.12338
6.04251e-10	0.122745
6.04293e-10	0.122111
6.04334e-10	0.121476
6.04376e-10	0.120842
6.04417e-10	0.120207
6.04459e-10	0.119573
6.045e-10	0.118938
6.04542e-10	0.118303
6.04583e-10	0.117668
6.04625e-10	0.117033
6.04666e-10	0.116399
6.04708e-10	0.115764
6.04749e-10	0.115129
6.04791e-10	0.114494
6.04832e-10	0.113859
6.04874e-10	0.113224
6.04915e-10	0.112588
6.04957e-10	0.111953
6.04999e-10	0.111318
6.0504e-10	0.110683
6.05082e-10	0.110047
6.05123e-10	0.109412
6.05165e-10	0.108776
6.05206e-10	0.108141
6.05248e-10	0.107505
6.05289e-10	0.10687
6.05331e-10	0.106234
6.05372e-10	0.105599
6.05414e-10	0.104963
6.05455e-10	0.104327
6.05497e-10	0.103691
6.05538e-10	0.103056
6.0558e-10	0.10242
6.05621e-10	0.101784
6.05663e-10	0.101148
6.05704e-10	0.100512
6.05746e-10	0.0998758
6.05788e-10	0.0992397
6.05829e-10	0.0986036
6.05871e-10	0.0979674
6.05912e-10	0.0973312
6.05954e-10	0.096695
6.05995e-10	0.0960587
6.06037e-10	0.0954224
6.06078e-10	0.0947861
6.0612e-10	0.0941497
6.06161e-10	0.0935133
6.06203e-10	0.0928768
6.06244e-10	0.0922403
6.06286e-10	0.0916037
6.06327e-10	0.0909672
6.06369e-10	0.0903305
6.0641e-10	0.0896939
6.06452e-10	0.0890572
6.06493e-10	0.0884205
6.06535e-10	0.0877837
6.06577e-10	0.0871469
6.06618e-10	0.0865101
6.0666e-10	0.0858732
6.06701e-10	0.0852363
6.06743e-10	0.0845993
6.06784e-10	0.0839624
6.06826e-10	0.0833254
6.06867e-10	0.0826883
6.06909e-10	0.0820512
6.0695e-10	0.0814141
6.06992e-10	0.080777
6.07033e-10	0.0801398
6.07075e-10	0.0795026
6.07116e-10	0.0788654
6.07158e-10	0.0782281
6.07199e-10	0.0775908
6.07241e-10	0.0769534
6.07282e-10	0.0763161
6.07324e-10	0.0756787
6.07366e-10	0.0750412
6.07407e-10	0.0744038
6.07449e-10	0.0737663
6.0749e-10	0.0731288
6.07532e-10	0.0724912
6.07573e-10	0.0718536
6.07615e-10	0.071216
6.07656e-10	0.0705784
6.07698e-10	0.0699407
6.07739e-10	0.069303
6.07781e-10	0.0686653
6.07822e-10	0.0680275
6.07864e-10	0.0673897
6.07905e-10	0.0667519
6.07947e-10	0.0661141
6.07988e-10	0.0654762
6.0803e-10	0.0648383
6.08071e-10	0.0642004
6.08113e-10	0.0635625
6.08155e-10	0.0629245
6.08196e-10	0.0622865
6.08238e-10	0.0616485
6.08279e-10	0.0610104
6.08321e-10	0.0603724
6.08362e-10	0.0597343
6.08404e-10	0.0590961
6.08445e-10	0.058458
6.08487e-10	0.0578198
6.08528e-10	0.0571816
6.0857e-10	0.0565434
6.08611e-10	0.0559052
6.08653e-10	0.0552669
6.08694e-10	0.0546286
6.08736e-10	0.0539903
6.08777e-10	0.053352
6.08819e-10	0.0527137
6.0886e-10	0.0520753
6.08902e-10	0.0514369
6.08944e-10	0.0507985
6.08985e-10	0.05016
6.09027e-10	0.0495216
6.09068e-10	0.0488831
6.0911e-10	0.0482446
6.09151e-10	0.0476061
6.09193e-10	0.0469676
6.09234e-10	0.046329
6.09276e-10	0.0456904
6.09317e-10	0.0450519
6.09359e-10	0.0444132
6.094e-10	0.0437746
6.09442e-10	0.043136
6.09483e-10	0.0424973
6.09525e-10	0.0418586
6.09566e-10	0.0412199
6.09608e-10	0.0405812
6.09649e-10	0.0399425
6.09691e-10	0.0393037
6.09733e-10	0.038665
6.09774e-10	0.0380262
6.09816e-10	0.0373874
6.09857e-10	0.0367486
6.09899e-10	0.0361098
6.0994e-10	0.0354709
6.09982e-10	0.0348321
6.10023e-10	0.0341932
6.10065e-10	0.0335543
6.10106e-10	0.0329154
6.10148e-10	0.0322765
6.10189e-10	0.0316376
6.10231e-10	0.0309986
6.10272e-10	0.0303597
6.10314e-10	0.0297207
6.10355e-10	0.0290818
6.10397e-10	0.0284428
6.10438e-10	0.0278038
6.1048e-10	0.0271648
6.10522e-10	0.0265258
6.10563e-10	0.0258867
6.10605e-10	0.0252477
6.10646e-10	0.0246086
6.10688e-10	0.0239696
6.10729e-10	0.0233305
6.10771e-10	0.0226914
6.10812e-10	0.0220523
6.10854e-10	0.0214132
6.10895e-10	0.0207741
6.10937e-10	0.020135
6.10978e-10	0.0194959
6.1102e-10	0.0188567
6.11061e-10	0.0182176
6.11103e-10	0.0175785
6.11144e-10	0.0169393
6.11186e-10	0.0163001
6.11228e-10	0.015661
6.11269e-10	0.0150218
6.11311e-10	0.0143826
6.11352e-10	0.0137434
6.11394e-10	0.0131042
6.11435e-10	0.012465
6.11477e-10	0.0118258
6.11518e-10	0.0111866
6.1156e-10	0.0105474
6.11601e-10	0.00990821
6.11643e-10	0.00926899
6.11684e-10	0.00862976
6.11726e-10	0.00799054
6.11767e-10	0.00735131
6.11809e-10	0.00671207
6.1185e-10	0.00607283
6.11892e-10	0.0054336
6.11933e-10	0.00479435
6.11975e-10	0.00415511
6.12017e-10	0.00351587
6.12058e-10	0.00287662
6.121e-10	0.00223737
6.12141e-10	0.00159812
6.12183e-10	0.000958874
6.12224e-10	0.000319625
6.12266e-10	-0.000319625
6.12307e-10	-0.000958874
6.12349e-10	-0.00159812
6.1239e-10	-0.00223737
6.12432e-10	-0.00287662
6.12473e-10	-0.00351587
6.12515e-10	-0.00415511
6.12556e-10	-0.00479435
6.12598e-10	-0.0054336
6.12639e-10	-0.00607283
6.12681e-10	-0.00671207
6.12722e-10	-0.00735131
6.12764e-10	-0.00799054
6.12806e-10	-0.00862976
6.12847e-10	-0.00926899
6.12889e-10	-0.00990821
6.1293e-10	-0.0105474
6.12972e-10	-0.0111866
6.13013e-10	-0.0118258
6.13055e-10	-0.012465
6.13096e-10	-0.0131042
6.13138e-10	-0.0137434
6.13179e-10	-0.0143826
6.13221e-10	-0.0150218
6.13262e-10	-0.015661
6.13304e-10	-0.0163001
6.13345e-10	-0.0169393
6.13387e-10	-0.0175785
6.13428e-10	-0.0182176
6.1347e-10	-0.0188567
6.13511e-10	-0.0194959
6.13553e-10	-0.020135
6.13595e-10	-0.0207741
6.13636e-10	-0.0214132
6.13678e-10	-0.0220523
6.13719e-10	-0.0226914
6.13761e-10	-0.0233305
6.13802e-10	-0.0239696
6.13844e-10	-0.0246086
6.13885e-10	-0.0252477
6.13927e-10	-0.0258867
6.13968e-10	-0.0265258
6.1401e-10	-0.0271648
6.14051e-10	-0.0278038
6.14093e-10	-0.0284428
6.14134e-10	-0.0290818
6.14176e-10	-0.0297207
6.14217e-10	-0.0303597
6.14259e-10	-0.0309986
6.143e-10	-0.0316376
6.14342e-10	-0.0322765
6.14384e-10	-0.0329154
6.14425e-10	-0.0335543
6.14467e-10	-0.0341932
6.14508e-10	-0.0348321
6.1455e-10	-0.0354709
6.14591e-10	-0.0361098
6.14633e-10	-0.0367486
6.14674e-10	-0.0373874
6.14716e-10	-0.0380262
6.14757e-10	-0.038665
6.14799e-10	-0.0393037
6.1484e-10	-0.0399425
6.14882e-10	-0.0405812
6.14923e-10	-0.0412199
6.14965e-10	-0.0418586
6.15006e-10	-0.0424973
6.15048e-10	-0.043136
6.15089e-10	-0.0437746
6.15131e-10	-0.0444132
6.15173e-10	-0.0450519
6.15214e-10	-0.0456904
6.15256e-10	-0.046329
6.15297e-10	-0.0469676
6.15339e-10	-0.0476061
6.1538e-10	-0.0482446
6.15422e-10	-0.0488831
6.15463e-10	-0.0495216
6.15505e-10	-0.05016
6.15546e-10	-0.0507985
6.15588e-10	-0.0514369
6.15629e-10	-0.0520753
6.15671e-10	-0.0527137
6.15712e-10	-0.053352
6.15754e-10	-0.0539903
6.15795e-10	-0.0546286
6.15837e-10	-0.0552669
6.15878e-10	-0.0559052
6.1592e-10	-0.0565434
6.15962e-10	-0.0571816
6.16003e-10	-0.0578198
6.16045e-10	-0.058458
6.16086e-10	-0.0590961
6.16128e-10	-0.0597343
6.16169e-10	-0.0603724
6.16211e-10	-0.0610104
6.16252e-10	-0.0616485
6.16294e-10	-0.0622865
6.16335e-10	-0.0629245
6.16377e-10	-0.0635625
6.16418e-10	-0.0642004
6.1646e-10	-0.0648383
6.16501e-10	-0.0654762
6.16543e-10	-0.0661141
6.16584e-10	-0.0667519
6.16626e-10	-0.0673897
6.16667e-10	-0.0680275
6.16709e-10	-0.0686653
6.16751e-10	-0.069303
6.16792e-10	-0.0699407
6.16834e-10	-0.0705784
6.16875e-10	-0.071216
6.16917e-10	-0.0718536
6.16958e-10	-0.0724912
6.17e-10	-0.0731288
6.17041e-10	-0.0737663
6.17083e-10	-0.0744038
6.17124e-10	-0.0750412
6.17166e-10	-0.0756787
6.17207e-10	-0.0763161
6.17249e-10	-0.0769534
6.1729e-10	-0.0775908
6.17332e-10	-0.0782281
6.17373e-10	-0.0788654
6.17415e-10	-0.0795026
6.17456e-10	-0.0801398
6.17498e-10	-0.080777
6.1754e-10	-0.0814141
6.17581e-10	-0.0820512
6.17623e-10	-0.0826883
6.17664e-10	-0.0833254
6.17706e-10	-0.0839624
6.17747e-10	-0.0845993
6.17789e-10	-0.0852363
6.1783e-10	-0.0858732
6.17872e-10	-0.0865101
6.17913e-10	-0.0871469
6.17955e-10	-0.0877837
6.17996e-10	-0.0884205
6.18038e-10	-0.0890572
6.18079e-10	-0.0896939
6.18121e-10	-0.0903305
6.18162e-10	-0.0909672
6.18204e-10	-0.0916037
6.18245e-10	-0.0922403
6.18287e-10	-0.0928768
6.18329e-10	-0.0935133
6.1837e-10	-0.0941497
6.18412e-10	-0.0947861
6.18453e-10	-0.0954224
6.18495e-10	-0.0960587
6.18536e-10	-0.096695
6.18578e-10	-0.0973312
6.18619e-10	-0.0979674
6.18661e-10	-0.0986036
6.18702e-10	-0.0992397
6.18744e-10	-0.0998758
6.18785e-10	-0.100512
6.18827e-10	-0.101148
6.18868e-10	-0.101784
6.1891e-10	-0.10242
6.18951e-10	-0.103056
6.18993e-10	-0.103691
6.19034e-10	-0.104327
6.19076e-10	-0.104963
6.19118e-10	-0.105599
6.19159e-10	-0.106234
6.19201e-10	-0.10687
6.19242e-10	-0.107505
6.19284e-10	-0.108141
6.19325e-10	-0.108776
6.19367e-10	-0.109412
6.19408e-10	-0.110047
6.1945e-10	-0.110683
6.19491e-10	-0.111318
6.19533e-10	-0.111953
6.19574e-10	-0.112588
6.19616e-10	-0.113224
6.19657e-10	-0.113859
6.19699e-10	-0.114494
6.1974e-10	-0.115129
6.19782e-10	-0.115764
6.19823e-10	-0.116399
6.19865e-10	-0.117033
6.19907e-10	-0.117668
6.19948e-10	-0.118303
6.1999e-10	-0.118938
6.20031e-10	-0.119573
6.20073e-10	-0.120207
6.20114e-10	-0.120842
6.20156e-10	-0.121476
6.20197e-10	-0.122111
6.20239e-10	-0.122745
6.2028e-10	-0.12338
6.20322e-10	-0.124014
6.20363e-10	-0.124648
6.20405e-10	-0.125282
6.20446e-10	-0.125917
6.20488e-10	-0.126551
6.20529e-10	-0.127185
6.20571e-10	-0.127819
6.20612e-10	-0.128453
6.20654e-10	-0.129087
6.20696e-10	-0.129721
6.20737e-10	-0.130355
6.20779e-10	-0.130988
6.2082e-10	-0.131622
6.20862e-10	-0.132256
6.20903e-10	-0.132889
6.20945e-10	-0.133523
6.20986e-10	-0.134156
6.21028e-10	-0.13479
6.21069e-10	-0.135423
6.21111e-10	-0.136057
6.21152e-10	-0.13669
6.21194e-10	-0.137323
6.21235e-10	-0.137956
6.21277e-10	-0.138589
6.21318e-10	-0.139222
6.2136e-10	-0.139855
6.21401e-10	-0.140488
6.21443e-10	-0.141121
6.21485e-10	-0.141754
6.21526e-10	-0.142387
6.21568e-10	-0.143019
6.21609e-10	-0.143652
6.21651e-10	-0.144285
6.21692e-10	-0.144917
6.21734e-10	-0.14555
6.21775e-10	-0.146182
6.21817e-10	-0.146814
6.21858e-10	-0.147447
6.219e-10	-0.148079
6.21941e-10	-0.148711
6.21983e-10	-0.149343
6.22024e-10	-0.149975
6.22066e-10	-0.150607
6.22107e-10	-0.151239
6.22149e-10	-0.151871
6.2219e-10	-0.152503
6.22232e-10	-0.153135
6.22274e-10	-0.153766
6.22315e-10	-0.154398
6.22357e-10	-0.155029
6.22398e-10	-0.155661
6.2244e-10	-0.156292
6.22481e-10	-0.156924
6.22523e-10	-0.157555
6.22564e-10	-0.158186
6.22606e-10	-0.158817
6.22647e-10	-0.159449
6.22689e-10	-0.16008
6.2273e-10	-0.160711
6.22772e-10	-0.161341
6.22813e-10	-0.161972
6.22855e-10	-0.162603
6.22896e-10	-0.163234
6.22938e-10	-0.163864
6.22979e-10	-0.164495
6.23021e-10	-0.165126
6.23063e-10	-0.165756
6.23104e-10	-0.166386
6.23146e-10	-0.167017
6.23187e-10	-0.167647
6.23229e-10	-0.168277
6.2327e-10	-0.168907
6.23312e-10	-0.169537
6.23353e-10	-0.170167
6.23395e-10	-0.170797
6.23436e-10	-0.171427
6.23478e-10	-0.172057
6.23519e-10	-0.172686
6.23561e-10	-0.173316
6.23602e-10	-0.173945
6.23644e-10	-0.174575
6.23685e-10	-0.175204
6.23727e-10	-0.175834
6.23768e-10	-0.176463
6.2381e-10	-0.177092
6.23852e-10	-0.177721
6.23893e-10	-0.17835
6.23935e-10	-0.178979
6.23976e-10	-0.179608
6.24018e-10	-0.180237
6.24059e-10	-0.180866
6.24101e-10	-0.181494
6.24142e-10	-0.182123
6.24184e-10	-0.182751
6.24225e-10	-0.18338
6.24267e-10	-0.184008
6.24308e-10	-0.184637
6.2435e-10	-0.185265
6.24391e-10	-0.185893
6.24433e-10	-0.186521
6.24474e-10	-0.187149
6.24516e-10	-0.187777
6.24557e-10	-0.188405
6.24599e-10	-0.189032
6.24641e-10	-0.18966
6.24682e-10	-0.190288
6.24724e-10	-0.190915
6.24765e-10	-0.191543
6.24807e-10	-0.19217
6.24848e-10	-0.192797
6.2489e-10	-0.193425
6.24931e-10	-0.194052
6.24973e-10	-0.194679
6.25014e-10	-0.195306
6.25056e-10	-0.195933
6.25097e-10	-0.19656
6.25139e-10	-0.197186
6.2518e-10	-0.197813
6.25222e-10	-0.19844
6.25263e-10	-0.199066
6.25305e-10	-0.199692
6.25346e-10	-0.200319
6.25388e-10	-0.200945
6.2543e-10	-0.201571
6.25471e-10	-0.202197
6.25513e-10	-0.202823
6.25554e-10	-0.203449
6.25596e-10	-0.204075
6.25637e-10	-0.204701
6.25679e-10	-0.205326
6.2572e-10	-0.205952
6.25762e-10	-0.206578
6.25803e-10	-0.207203
6.25845e-10	-0.207828
6.25886e-10	-0.208454
6.25928e-10	-0.209079
6.25969e-10	-0.209704
6.26011e-10	-0.210329
6.26052e-10	-0.210954
6.26094e-10	-0.211579
6.26135e-10	-0.212203
6.26177e-10	-0.212828
6.26219e-10	-0.213452
6.2626e-10	-0.214077
6.26302e-10	-0.214701
6.26343e-10	-0.215326
6.26385e-10	-0.21595
6.26426e-10	-0.216574
6.26468e-10	-0.217198
6.26509e-10	-0.217822
6.26551e-10	-0.218446
6.26592e-10	-0.21907
6.26634e-10	-0.219693
6.26675e-10	-0.220317
6.26717e-10	-0.22094
6.26758e-10	-0.221564
6.268e-10	-0.222187
6.26841e-10	-0.22281
6.26883e-10	-0.223433
6.26924e-10	-0.224056
6.26966e-10	-0.224679
6.27008e-10	-0.225302
6.27049e-10	-0.225925
6.27091e-10	-0.226548
6.27132e-10	-0.22717
6.27174e-10	-0.227793
6.27215e-10	-0.228415
6.27257e-10	-0.229037
6.27298e-10	-0.22966
6.2734e-10	-0.230282
6.27381e-10	-0.230904
6.27423e-10	-0.231526
6.27464e-10	-0.232148
6.27506e-10	-0.232769
6.27547e-10	-0.233391
6.27589e-10	-0.234013
6.2763e-10	-0.234634
6.27672e-10	-0.235255
6.27713e-10	-0.235877
6.27755e-10	-0.236498
6.27797e-10	-0.237119
6.27838e-10	-0.23774
6.2788e-10	-0.238361
6.27921e-10	-0.238981
6.27963e-10	-0.239602
6.28004e-10	-0.240223
6.28046e-10	-0.240843
6.28087e-10	-0.241464
6.28129e-10	-0.242084
6.2817e-10	-0.242704
6.28212e-10	-0.243324
6.28253e-10	-0.243944
6.28295e-10	-0.244564
6.28336e-10	-0.245184
6.28378e-10	-0.245803
6.28419e-10	-0.246423
6.28461e-10	-0.247043
6.28502e-10	-0.247662
6.28544e-10	-0.248281
6.28586e-10	-0.2489
6.28627e-10	-0.249519
6.28669e-10	-0.250138
6.2871e-10	-0.250757
6.28752e-10	-0.251376
6.28793e-10	-0.251995
6.28835e-10	-0.252613
6.28876e-10	-0.253232
6.28918e-10	-0.25385
6.28959e-10	-0.254468
6.29001e-10	-0.255087
6.29042e-10	-0.255705
6.29084e-10	-0.256323
6.29125e-10	-0.25694
6.29167e-10	-0.257558
6.29208e-10	-0.258176
6.2925e-10	-0.258793
6.29291e-10	-0.259411
6.29333e-10	-0.260028
6.29375e-10	-0.260645
6.29416e-10	-0.261262
6.29458e-10	-0.261879
6.29499e-10	-0.262496
6.29541e-10	-0.263113
6.29582e-10	-0.26373
6.29624e-10	-0.264346
6.29665e-10	-0.264963
6.29707e-10	-0.265579
6.29748e-10	-0.266195
6.2979e-10	-0.266811
6.29831e-10	-0.267427
6.29873e-10	-0.268043
6.29914e-10	-0.268659
6.29956e-10	-0.269275
6.29997e-10	-0.26989
6.30039e-10	-0.270506
6.3008e-10	-0.271121
6.30122e-10	-0.271737
6.30164e-10	-0.272352
6.30205e-10	-0.272967
6.30247e-10	-0.273582
6.30288e-10	-0.274196
6.3033e-10	-0.274811
6.30371e-10	-0.275426
6.30413e-10	-0.27604
6.30454e-10	-0.276655
6.30496e-10	-0.277269
6.30537e-10	-0.277883
6.30579e-10	-0.278497
6.3062e-10	-0.279111
6.30662e-10	-0.279725
6.30703e-10	-0.280338
6.30745e-10	-0.280952
6.30786e-10	-0.281565
6.30828e-10	-0.282179
6.3087e-10	-0.282792
6.30911e-10	-0.283405
6.30953e-10	-0.284018
6.30994e-10	-0.284631
6.31036e-10	-0.285244
6.31077e-10	-0.285856
6.31119e-10	-0.286469
6.3116e-10	-0.287081
6.31202e-10	-0.287693
6.31243e-10	-0.288306
6.31285e-10	-0.288918
6.31326e-10	-0.28953
6.31368e-10	-0.290141
6.31409e-10	-0.290753
6.31451e-10	-0.291365
6.31492e-10	-0.291976
6.31534e-10	-0.292587
6.31575e-10	-0.293199
6.31617e-10	-0.29381
6.31659e-10	-0.294421
6.317e-10	-0.295031
6.31742e-10	-0.295642
6.31783e-10	-0.296253
6.31825e-10	-0.296863
6.31866e-10	-0.297474
6.31908e-10	-0.298084
6.31949e-10	-0.298694
6.31991e-10	-0.299304
6.32032e-10	-0.299914
6.32074e-10	-0.300524
6.32115e-10	-0.301133
6.32157e-10	-0.301743
6.32198e-10	-0.302352
6.3224e-10	-0.302962
6.32281e-10	-0.303571
6.32323e-10	-0.30418
6.32364e-10	-0.304789
6.32406e-10	-0.305397
6.32448e-10	-0.306006
6.32489e-10	-0.306615
6.32531e-10	-0.307223
6.32572e-10	-0.307831
6.32614e-10	-0.308439
6.32655e-10	-0.309047
6.32697e-10	-0.309655
6.32738e-10	-0.310263
6.3278e-10	-0.310871
6.32821e-10	-0.311478
6.32863e-10	-0.312086
6.32904e-10	-0.312693
6.32946e-10	-0.3133
6.32987e-10	-0.313907
6.33029e-10	-0.314514
6.3307e-10	-0.315121
6.33112e-10	-0.315727
6.33153e-10	-0.316334
6.33195e-10	-0.31694
6.33237e-10	-0.317546
6.33278e-10	-0.318152
6.3332e-10	-0.318758
6.33361e-10	-0.319364
6.33403e-10	-0.31997
6.33444e-10	-0.320575
6.33486e-10	-0.321181
6.33527e-10	-0.321786
6.33569e-10	-0.322391
6.3361e-10	-0.322996
6.33652e-10	-0.323601
6.33693e-10	-0.324206
6.33735e-10	-0.324811
6.33776e-10	-0.325415
6.33818e-10	-0.32602
6.33859e-10	-0.326624
6.33901e-10	-0.327228
6.33942e-10	-0.327832
6.33984e-10	-0.328436
6.34026e-10	-0.32904
6.34067e-10	-0.329643
6.34109e-10	-0.330247
6.3415e-10	-0.33085
6.34192e-10	-0.331453
6.34233e-10	-0.332056
6.34275e-10	-0.332659
6.34316e-10	-0.333262
6.34358e-10	-0.333865
6.34399e-10	-0.334467
6.34441e-10	-0.335069
6.34482e-10	-0.335672
6.34524e-10	-0.336274
6.34565e-10	-0.336876
6.34607e-10	-0.337478
6.34648e-10	-0.338079
6.3469e-10	-0.338681
6.34731e-10	-0.339282
6.34773e-10	-0.339883
6.34815e-10	-0.340485
6.34856e-10	-0.341086
6.34898e-10	-0.341686
6.34939e-10	-0.342287
6.34981e-10	-0.342888
6.35022e-10	-0.343488
6.35064e-10	-0.344088
6.35105e-10	-0.344689
6.35147e-10	-0.345289
6.35188e-10	-0.345888
6.3523e-10	-0.346488
6.35271e-10	-0.347088
6.35313e-10	-0.347687
6.35354e-10	-0.348286
6.35396e-10	-0.348886
6.35437e-10	-0.349485
6.35479e-10	-0.350083
6.3552e-10	-0.350682
6.35562e-10	-0.351281
6.35604e-10	-0.351879
6.35645e-10	-0.352478
6.35687e-10	-0.353076
6.35728e-10	-0.353674
6.3577e-10	-0.354272
6.35811e-10	-0.354869
6.35853e-10	-0.355467
6.35894e-10	-0.356064
6.35936e-10	-0.356662
6.35977e-10	-0.357259
6.36019e-10	-0.357856
6.3606e-10	-0.358452
6.36102e-10	-0.359049
6.36143e-10	-0.359646
6.36185e-10	-0.360242
6.36226e-10	-0.360838
6.36268e-10	-0.361435
6.36309e-10	-0.36203
6.36351e-10	-0.362626
6.36393e-10	-0.363222
6.36434e-10	-0.363817
6.36476e-10	-0.364413
6.36517e-10	-0.365008
6.36559e-10	-0.365603
6.366e-10	-0.366198
6.36642e-10	-0.366793
6.36683e-10	-0.367387
6.36725e-10	-0.367982
6.36766e-10	-0.368576
6.36808e-10	-0.36917
6.36849e-10	-0.369764
6.36891e-10	-0.370358
6.36932e-10	-0.370952
6.36974e-10	-0.371546
6.37015e-10	-0.372139
6.37057e-10	-0.372732
6.37098e-10	-0.373325
6.3714e-10	-0.373918
6.37182e-10	-0.374511
6.37223e-10	-0.375104
6.37265e-10	-0.375696
6.37306e-10	-0.376289
6.37348e-10	-0.376881
6.37389e-10	-0.377473
6.37431e-10	-0.378065
6.37472e-10	-0.378656
6.37514e-10	-0.379248
6.37555e-10	-0.379839
6.37597e-10	-0.380431
6.37638e-10	-0.381022
6.3768e-10	-0.381613
6.37721e-10	-0.382204
6.37763e-10	-0.382794
6.37804e-10	-0.383385
6.37846e-10	-0.383975
6.37887e-10	-0.384565
6.37929e-10	-0.385155
6.37971e-10	-0.385745
6.38012e-10	-0.386335
6.38054e-10	-0.386924
6.38095e-10	-0.387514
6.38137e-10	-0.388103
6.38178e-10	-0.388692
6.3822e-10	-0.389281
6.38261e-10	-0.38987
6.38303e-10	-0.390458
6.38344e-10	-0.391047
6.38386e-10	-0.391635
6.38427e-10	-0.392223
6.38469e-10	-0.392811
6.3851e-10	-0.393399
6.38552e-10	-0.393986
6.38593e-10	-0.394574
6.38635e-10	-0.395161
6.38676e-10	-0.395748
6.38718e-10	-0.396335
6.3876e-10	-0.396922
6.38801e-10	-0.397509
6.38843e-10	-0.398095
6.38884e-10	-0.398681
6.38926e-10	-0.399268
6.38967e-10	-0.399854
6.39009e-10	-0.40044
6.3905e-10	-0.401025
6.39092e-10	-0.401611
6.39133e-10	-0.402196
6.39175e-10	-0.402781
6.39216e-10	-0.403366
6.39258e-10	-0.403951
6.39299e-10	-0.404536
6.39341e-10	-0.40512
6.39382e-10	-0.405705
6.39424e-10	-0.406289
6.39465e-10	-0.406873
6.39507e-10	-0.407457
6.39549e-10	-0.40804
6.3959e-10	-0.408624
6.39632e-10	-0.409207
6.39673e-10	-0.409791
6.39715e-10	-0.410374
6.39756e-10	-0.410956
6.39798e-10	-0.411539
6.39839e-10	-0.412122
6.39881e-10	-0.412704
6.39922e-10	-0.413286
6.39964e-10	-0.413868
6.40005e-10	-0.41445
6.40047e-10	-0.415032
6.40088e-10	-0.415613
6.4013e-10	-0.416195
6.40171e-10	-0.416776
6.40213e-10	-0.417357
6.40254e-10	-0.417938
6.40296e-10	-0.418518
6.40338e-10	-0.419099
6.40379e-10	-0.419679
6.40421e-10	-0.420259
6.40462e-10	-0.420839
6.40504e-10	-0.421419
6.40545e-10	-0.421999
6.40587e-10	-0.422578
6.40628e-10	-0.423157
6.4067e-10	-0.423736
6.40711e-10	-0.424315
6.40753e-10	-0.424894
6.40794e-10	-0.425473
6.40836e-10	-0.426051
6.40877e-10	-0.426629
6.40919e-10	-0.427207
6.4096e-10	-0.427785
6.41002e-10	-0.428363
6.41043e-10	-0.428941
6.41085e-10	-0.429518
6.41127e-10	-0.430095
6.41168e-10	-0.430672
6.4121e-10	-0.431249
6.41251e-10	-0.431826
6.41293e-10	-0.432402
6.41334e-10	-0.432978
6.41376e-10	-0.433555
6.41417e-10	-0.434131
6.41459e-10	-0.434706
6.415e-10	-0.435282
6.41542e-10	-0.435857
6.41583e-10	-0.436433
6.41625e-10	-0.437008
6.41666e-10	-0.437583
6.41708e-10	-0.438157
6.41749e-10	-0.438732
6.41791e-10	-0.439306
6.41832e-10	-0.43988
6.41874e-10	-0.440454
6.41916e-10	-0.441028
6.41957e-10	-0.441602
6.41999e-10	-0.442175
6.4204e-10	-0.442748
6.42082e-10	-0.443322
6.42123e-10	-0.443894
6.42165e-10	-0.444467
6.42206e-10	-0.44504
6.42248e-10	-0.445612
6.42289e-10	-0.446184
6.42331e-10	-0.446756
6.42372e-10	-0.447328
6.42414e-10	-0.4479
6.42455e-10	-0.448471
6.42497e-10	-0.449042
6.42538e-10	-0.449614
6.4258e-10	-0.450184
6.42621e-10	-0.450755
6.42663e-10	-0.451326
6.42705e-10	-0.451896
6.42746e-10	-0.452466
6.42788e-10	-0.453036
6.42829e-10	-0.453606
6.42871e-10	-0.454176
6.42912e-10	-0.454745
6.42954e-10	-0.455314
6.42995e-10	-0.455883
6.43037e-10	-0.456452
6.43078e-10	-0.457021
6.4312e-10	-0.457589
6.43161e-10	-0.458158
6.43203e-10	-0.458726
6.43244e-10	-0.459294
6.43286e-10	-0.459861
6.43327e-10	-0.460429
6.43369e-10	-0.460996
6.4341e-10	-0.461564
6.43452e-10	-0.462131
6.43494e-10	-0.462697
6.43535e-10	-0.463264
6.43577e-10	-0.46383
6.43618e-10	-0.464397
6.4366e-10	-0.464963
6.43701e-10	-0.465528
6.43743e-10	-0.466094
6.43784e-10	-0.46666
6.43826e-10	-0.467225
6.43867e-10	-0.46779
6.43909e-10	-0.468355
6.4395e-10	-0.46892
6.43992e-10	-0.469484
6.44033e-10	-0.470048
6.44075e-10	-0.470613
6.44116e-10	-0.471177
6.44158e-10	-0.47174
6.44199e-10	-0.472304
6.44241e-10	-0.472867
6.44283e-10	-0.47343
6.44324e-10	-0.473993
6.44366e-10	-0.474556
6.44407e-10	-0.475119
6.44449e-10	-0.475681
6.4449e-10	-0.476243
6.44532e-10	-0.476805
6.44573e-10	-0.477367
6.44615e-10	-0.477929
6.44656e-10	-0.47849
6.44698e-10	-0.479051
6.44739e-10	-0.479612
6.44781e-10	-0.480173
6.44822e-10	-0.480734
6.44864e-10	-0.481294
6.44905e-10	-0.481854
6.44947e-10	-0.482415
6.44988e-10	-0.482974
6.4503e-10	-0.483534
6.45072e-10	-0.484093
6.45113e-10	-0.484653
6.45155e-10	-0.485212
6.45196e-10	-0.485771
6.45238e-10	-0.486329
6.45279e-10	-0.486888
6.45321e-10	-0.487446
6.45362e-10	-0.488004
6.45404e-10	-0.488562
6.45445e-10	-0.48912
6.45487e-10	-0.489677
6.45528e-10	-0.490234
6.4557e-10	-0.490791
6.45611e-10	-0.491348
6.45653e-10	-0.491905
6.45694e-10	-0.492461
6.45736e-10	-0.493018
6.45777e-10	-0.493574
6.45819e-10	-0.49413
6.45861e-10	-0.494685
6.45902e-10	-0.495241
6.45944e-10	-0.495796
6.45985e-10	-0.496351
6.46027e-10	-0.496906
6.46068e-10	-0.49746
6.4611e-10	-0.498015
6.46151e-10	-0.498569
6.46193e-10	-0.499123
6.46234e-10	-0.499677
6.46276e-10	-0.500231
6.46317e-10	-0.500784
6.46359e-10	-0.501337
6.464e-10	-0.50189
6.46442e-10	-0.502443
6.46483e-10	-0.502996
6.46525e-10	-0.503548
6.46566e-10	-0.5041
6.46608e-10	-0.504652
6.4665e-10	-0.505204
6.46691e-10	-0.505756
6.46733e-10	-0.506307
6.46774e-10	-0.506858
6.46816e-10	-0.507409
6.46857e-10	-0.50796
6.46899e-10	-0.50851
6.4694e-10	-0.509061
6.46982e-10	-0.509611
6.47023e-10	-0.510161
6.47065e-10	-0.51071
6.47106e-10	-0.51126
6.47148e-10	-0.511809
6.47189e-10	-0.512358
6.47231e-10	-0.512907
6.47272e-10	-0.513456
6.47314e-10	-0.514004
6.47355e-10	-0.514552
6.47397e-10	-0.5151
6.47439e-10	-0.515648
6.4748e-10	-0.516196
6.47522e-10	-0.516743
6.47563e-10	-0.51729
6.47605e-10	-0.517837
6.47646e-10	-0.518384
6.47688e-10	-0.518931
6.47729e-10	-0.519477
6.47771e-10	-0.520023
6.47812e-10	-0.520569
6.47854e-10	-0.521115
6.47895e-10	-0.52166
6.47937e-10	-0.522206
6.47978e-10	-0.522751
6.4802e-10	-0.523295
6.48061e-10	-0.52384
6.48103e-10	-0.524384
6.48144e-10	-0.524929
6.48186e-10	-0.525473
6.48228e-10	-0.526016
6.48269e-10	-0.52656
6.48311e-10	-0.527103
6.48352e-10	-0.527646
6.48394e-10	-0.528189
6.48435e-10	-0.528732
6.48477e-10	-0.529275
6.48518e-10	-0.529817
6.4856e-10	-0.530359
6.48601e-10	-0.530901
6.48643e-10	-0.531442
6.48684e-10	-0.531984
6.48726e-10	-0.532525
6.48767e-10	-0.533066
6.48809e-10	-0.533607
6.4885e-10	-0.534147
6.48892e-10	-0.534687
6.48933e-10	-0.535228
6.48975e-10	-0.535767
6.49017e-10	-0.536307
6.49058e-10	-0.536847
6.491e-10	-0.537386
6.49141e-10	-0.537925
6.49183e-10	-0.538463
6.49224e-10	-0.539002
6.49266e-10	-0.53954
6.49307e-10	-0.540078
6.49349e-10	-0.540616
6.4939e-10	-0.541154
6.49432e-10	-0.541691
6.49473e-10	-0.542229
6.49515e-10	-0.542766
6.49556e-10	-0.543303
6.49598e-10	-0.543839
6.49639e-10	-0.544375
6.49681e-10	-0.544912
6.49722e-10	-0.545447
6.49764e-10	-0.545983
6.49806e-10	-0.546519
6.49847e-10	-0.547054
6.49889e-10	-0.547589
6.4993e-10	-0.548124
6.49972e-10	-0.548658
6.50013e-10	-0.549192
6.50055e-10	-0.549727
6.50096e-10	-0.55026
6.50138e-10	-0.550794
6.50179e-10	-0.551328
6.50221e-10	-0.551861
6.50262e-10	-0.552394
6.50304e-10	-0.552926
6.50345e-10	-0.553459
6.50387e-10	-0.553991
6.50428e-10	-0.554523
6.5047e-10	-0.555055
6.50512e-10	-0.555587
6.50553e-10	-0.556118
6.50595e-10	-0.556649
6.50636e-10	-0.55718
6.50678e-10	-0.557711
6.50719e-10	-0.558242
6.50761e-10	-0.558772
6.50802e-10	-0.559302
6.50844e-10	-0.559832
6.50885e-10	-0.560361
6.50927e-10	-0.560891
6.50968e-10	-0.56142
6.5101e-10	-0.561949
6.51051e-10	-0.562477
6.51093e-10	-0.563006
6.51134e-10	-0.563534
6.51176e-10	-0.564062
6.51217e-10	-0.56459
6.51259e-10	-0.565117
6.51301e-10	-0.565644
6.51342e-10	-0.566171
6.51384e-10	-0.566698
6.51425e-10	-0.567225
6.51467e-10	-0.567751
6.51508e-10	-0.568277
6.5155e-10	-0.568803
6.51591e-10	-0.569329
6.51633e-10	-0.569854
6.51674e-10	-0.570379
6.51716e-10	-0.570904
6.51757e-10	-0.571429
6.51799e-10	-0.571953
6.5184e-10	-0.572478
6.51882e-10	-0.573002
6.51923e-10	-0.573526
6.51965e-10	-0.574049
6.52006e-10	-0.574572
6.52048e-10	-0.575095
6.5209e-10	-0.575618
6.52131e-10	-0.576141
6.52173e-10	-0.576663
6.52214e-10	-0.577185
6.52256e-10	-0.577707
6.52297e-10	-0.578229
6.52339e-10	-0.57875
6.5238e-10	-0.579272
6.52422e-10	-0.579793
6.52463e-10	-0.580313
6.52505e-10	-0.580834
6.52546e-10	-0.581354
6.52588e-10	-0.581874
6.52629e-10	-0.582394
6.52671e-10	-0.582913
6.52712e-10	-0.583433
6.52754e-10	-0.583952
6.52795e-10	-0.584471
6.52837e-10	-0.584989
6.52879e-10	-0.585507
6.5292e-10	-0.586026
6.52962e-10	-0.586543
6.53003e-10	-0.587061
6.53045e-10	-0.587578
6.53086e-10	-0.588095
6.53128e-10	-0.588612
6.53169e-10	-0.589129
6.53211e-10	-0.589646
6.53252e-10	-0.590162
6.53294e-10	-0.590678
6.53335e-10	-0.591193
6.53377e-10	-0.591709
6.53418e-10	-0.592224
6.5346e-10	-0.592739
6.53501e-10	-0.593254
6.53543e-10	-0.593768
6.53584e-10	-0.594282
6.53626e-10	-0.594796
6.53668e-10	-0.59531
6.53709e-10	-0.595824
6.53751e-10	-0.596337
6.53792e-10	-0.59685
6.53834e-10	-0.597363
6.53875e-10	-0.597875
6.53917e-10	-0.598388
6.53958e-10	-0.5989
6.54e-10	-0.599411
6.54041e-10	-0.599923
6.54083e-10	-0.600434
6.54124e-10	-0.600945
6.54166e-10	-0.601456
6.54207e-10	-0.601967
6.54249e-10	-0.602477
6.5429e-10	-0.602987
6.54332e-10	-0.603497
6.54373e-10	-0.604007
6.54415e-10	-0.604516
6.54457e-10	-0.605025
6.54498e-10	-0.605534
6.5454e-10	-0.606043
6.54581e-10	-0.606551
6.54623e-10	-0.607059
6.54664e-10	-0.607567
6.54706e-10	-0.608074
6.54747e-10	-0.608582
6.54789e-10	-0.609089
6.5483e-10	-0.609596
6.54872e-10	-0.610102
6.54913e-10	-0.610609
6.54955e-10	-0.611115
6.54996e-10	-0.611621
6.55038e-10	-0.612126
6.55079e-10	-0.612632
6.55121e-10	-0.613137
6.55162e-10	-0.613642
6.55204e-10	-0.614146
6.55246e-10	-0.614651
6.55287e-10	-0.615155
6.55329e-10	-0.615659
6.5537e-10	-0.616162
6.55412e-10	-0.616666
6.55453e-10	-0.617169
6.55495e-10	-0.617672
6.55536e-10	-0.618174
6.55578e-10	-0.618677
6.55619e-10	-0.619179
6.55661e-10	-0.619681
6.55702e-10	-0.620182
6.55744e-10	-0.620683
6.55785e-10	-0.621185
6.55827e-10	-0.621685
6.55868e-10	-0.622186
6.5591e-10	-0.622686
6.55951e-10	-0.623186
6.55993e-10	-0.623686
6.56035e-10	-0.624186
6.56076e-10	-0.624685
6.56118e-10	-0.625184
6.56159e-10	-0.625683
6.56201e-10	-0.626181
6.56242e-10	-0.62668
6.56284e-10	-0.627178
6.56325e-10	-0.627675
6.56367e-10	-0.628173
6.56408e-10	-0.62867
6.5645e-10	-0.629167
6.56491e-10	-0.629664
6.56533e-10	-0.63016
6.56574e-10	-0.630657
6.56616e-10	-0.631153
6.56657e-10	-0.631648
6.56699e-10	-0.632144
6.5674e-10	-0.632639
6.56782e-10	-0.633134
6.56824e-10	-0.633629
6.56865e-10	-0.634123
6.56907e-10	-0.634617
6.56948e-10	-0.635111
6.5699e-10	-0.635605
6.57031e-10	-0.636098
6.57073e-10	-0.636591
6.57114e-10	-0.637084
6.57156e-10	-0.637577
6.57197e-10	-0.638069
6.57239e-10	-0.638561
6.5728e-10	-0.639053
6.57322e-10	-0.639544
6.57363e-10	-0.640036
6.57405e-10	-0.640527
6.57446e-10	-0.641018
6.57488e-10	-0.641508
6.57529e-10	-0.641998
6.57571e-10	-0.642488
6.57613e-10	-0.642978
6.57654e-10	-0.643467
6.57696e-10	-0.643957
6.57737e-10	-0.644446
6.57779e-10	-0.644934
6.5782e-10	-0.645423
6.57862e-10	-0.645911
6.57903e-10	-0.646399
6.57945e-10	-0.646886
6.57986e-10	-0.647374
6.58028e-10	-0.647861
6.58069e-10	-0.648348
6.58111e-10	-0.648834
6.58152e-10	-0.64932
6.58194e-10	-0.649806
6.58235e-10	-0.650292
6.58277e-10	-0.650778
6.58318e-10	-0.651263
6.5836e-10	-0.651748
6.58402e-10	-0.652233
6.58443e-10	-0.652717
6.58485e-10	-0.653201
6.58526e-10	-0.653685
6.58568e-10	-0.654169
6.58609e-10	-0.654652
6.58651e-10	-0.655135
6.58692e-10	-0.655618
6.58734e-10	-0.656101
6.58775e-10	-0.656583
6.58817e-10	-0.657065
6.58858e-10	-0.657547
6.589e-10	-0.658028
6.58941e-10	-0.658509
6.58983e-10	-0.65899
6.59024e-10	-0.659471
6.59066e-10	-0.659951
6.59107e-10	-0.660432
6.59149e-10	-0.660911
6.59191e-10	-0.661391
6.59232e-10	-0.66187
6.59274e-10	-0.662349
6.59315e-10	-0.662828
6.59357e-10	-0.663307
6.59398e-10	-0.663785
6.5944e-10	-0.664263
6.59481e-10	-0.664741
6.59523e-10	-0.665218
6.59564e-10	-0.665695
6.59606e-10	-0.666172
6.59647e-10	-0.666649
6.59689e-10	-0.667125
6.5973e-10	-0.667601
6.59772e-10	-0.668077
6.59813e-10	-0.668552
6.59855e-10	-0.669028
6.59896e-10	-0.669503
6.59938e-10	-0.669977
6.5998e-10	-0.670452
6.60021e-10	-0.670926
6.60063e-10	-0.6714
6.60104e-10	-0.671873
6.60146e-10	-0.672347
6.60187e-10	-0.67282
6.60229e-10	-0.673293
6.6027e-10	-0.673765
6.60312e-10	-0.674237
6.60353e-10	-0.674709
6.60395e-10	-0.675181
6.60436e-10	-0.675652
6.60478e-10	-0.676123
6.60519e-10	-0.676594
6.60561e-10	-0.677065
6.60602e-10	-0.677535
6.60644e-10	-0.678005
6.60685e-10	-0.678475
6.60727e-10	-0.678944
6.60769e-10	-0.679414
6.6081e-10	-0.679883
6.60852e-10	-0.680351
6.60893e-10	-0.68082
6.60935e-10	-0.681288
6.60976e-10	-0.681755
6.61018e-10	-0.682223
6.61059e-10	-0.68269
6.61101e-10	-0.683157
6.61142e-10	-0.683624
6.61184e-10	-0.68409
6.61225e-10	-0.684556
6.61267e-10	-0.685022
6.61308e-10	-0.685488
6.6135e-10	-0.685953
6.61391e-10	-0.686418
6.61433e-10	-0.686883
6.61474e-10	-0.687347
6.61516e-10	-0.687811
6.61558e-10	-0.688275
6.61599e-10	-0.688739
6.61641e-10	-0.689202
6.61682e-10	-0.689665
6.61724e-10	-0.690128
6.61765e-10	-0.690591
6.61807e-10	-0.691053
6.61848e-10	-0.691515
6.6189e-10	-0.691976
6.61931e-10	-0.692438
6.61973e-10	-0.692899
6.62014e-10	-0.693359
6.62056e-10	-0.69382
6.62097e-10	-0.69428
6.62139e-10	-0.69474
6.6218e-10	-0.6952
6.62222e-10	-0.695659
6.62263e-10	-0.696118
6.62305e-10	-0.696577
6.62347e-10	-0.697035
6.62388e-10	-0.697494
6.6243e-10	-0.697952
6.62471e-10	-0.698409
6.62513e-10	-0.698867
6.62554e-10	-0.699324
6.62596e-10	-0.699781
6.62637e-10	-0.700237
6.62679e-10	-0.700693
6.6272e-10	-0.701149
6.62762e-10	-0.701605
6.62803e-10	-0.70206
6.62845e-10	-0.702515
6.62886e-10	-0.70297
6.62928e-10	-0.703425
6.62969e-10	-0.703879
6.63011e-10	-0.704333
6.63052e-10	-0.704786
6.63094e-10	-0.70524
6.63136e-10	-0.705693
6.63177e-10	-0.706146
6.63219e-10	-0.706598
6.6326e-10	-0.70705
6.63302e-10	-0.707502
6.63343e-10	-0.707954
6.63385e-10	-0.708405
6.63426e-10	-0.708856
6.63468e-10	-0.709307
6.63509e-10	-0.709757
6.63551e-10	-0.710208
6.63592e-10	-0.710657
6.63634e-10	-0.711107
6.63675e-10	-0.711556
6.63717e-10	-0.712005
6.63758e-10	-0.712454
6.638e-10	-0.712902
6.63841e-10	-0.713351
6.63883e-10	-0.713798
6.63925e-10	-0.714246
6.63966e-10	-0.714693
6.64008e-10	-0.71514
6.64049e-10	-0.715587
6.64091e-10	-0.716033
6.64132e-10	-0.716479
6.64174e-10	-0.716925
6.64215e-10	-0.717371
6.64257e-10	-0.717816
6.64298e-10	-0.718261
6.6434e-10	-0.718705
6.64381e-10	-0.71915
6.64423e-10	-0.719594
6.64464e-10	-0.720038
6.64506e-10	-0.720481
6.64547e-10	-0.720924
6.64589e-10	-0.721367
6.6463e-10	-0.72181
6.64672e-10	-0.722252
6.64714e-10	-0.722694
6.64755e-10	-0.723136
6.64797e-10	-0.723577
6.64838e-10	-0.724018
6.6488e-10	-0.724459
6.64921e-10	-0.724899
6.64963e-10	-0.72534
6.65004e-10	-0.725779
6.65046e-10	-0.726219
6.65087e-10	-0.726658
6.65129e-10	-0.727097
6.6517e-10	-0.727536
6.65212e-10	-0.727975
6.65253e-10	-0.728413
6.65295e-10	-0.72885
6.65336e-10	-0.729288
6.65378e-10	-0.729725
6.65419e-10	-0.730162
6.65461e-10	-0.730599
6.65503e-10	-0.731035
6.65544e-10	-0.731471
6.65586e-10	-0.731907
6.65627e-10	-0.732342
6.65669e-10	-0.732777
6.6571e-10	-0.733212
6.65752e-10	-0.733647
6.65793e-10	-0.734081
6.65835e-10	-0.734515
6.65876e-10	-0.734949
6.65918e-10	-0.735382
6.65959e-10	-0.735815
6.66001e-10	-0.736248
6.66042e-10	-0.73668
6.66084e-10	-0.737112
6.66125e-10	-0.737544
6.66167e-10	-0.737976
6.66208e-10	-0.738407
6.6625e-10	-0.738838
6.66292e-10	-0.739269
6.66333e-10	-0.739699
6.66375e-10	-0.740129
6.66416e-10	-0.740559
6.66458e-10	-0.740988
6.66499e-10	-0.741417
6.66541e-10	-0.741846
6.66582e-10	-0.742274
6.66624e-10	-0.742703
6.66665e-10	-0.743131
6.66707e-10	-0.743558
6.66748e-10	-0.743985
6.6679e-10	-0.744412
6.66831e-10	-0.744839
6.66873e-10	-0.745266
6.66914e-10	-0.745692
6.66956e-10	-0.746117
6.66997e-10	-0.746543
6.67039e-10	-0.746968
6.67081e-10	-0.747393
6.67122e-10	-0.747817
6.67164e-10	-0.748242
6.67205e-10	-0.748666
6.67247e-10	-0.749089
6.67288e-10	-0.749513
6.6733e-10	-0.749936
6.67371e-10	-0.750358
6.67413e-10	-0.750781
6.67454e-10	-0.751203
6.67496e-10	-0.751625
6.67537e-10	-0.752046
6.67579e-10	-0.752467
6.6762e-10	-0.752888
6.67662e-10	-0.753309
6.67703e-10	-0.753729
6.67745e-10	-0.754149
6.67786e-10	-0.754569
6.67828e-10	-0.754988
6.6787e-10	-0.755407
6.67911e-10	-0.755826
6.67953e-10	-0.756244
6.67994e-10	-0.756662
6.68036e-10	-0.75708
6.68077e-10	-0.757497
6.68119e-10	-0.757915
6.6816e-10	-0.758331
6.68202e-10	-0.758748
6.68243e-10	-0.759164
6.68285e-10	-0.75958
6.68326e-10	-0.759996
6.68368e-10	-0.760411
6.68409e-10	-0.760826
6.68451e-10	-0.761241
6.68492e-10	-0.761655
6.68534e-10	-0.762069
6.68575e-10	-0.762483
6.68617e-10	-0.762896
6.68659e-10	-0.76331
6.687e-10	-0.763722
6.68742e-10	-0.764135
6.68783e-10	-0.764547
6.68825e-10	-0.764959
6.68866e-10	-0.765371
6.68908e-10	-0.765782
6.68949e-10	-0.766193
6.68991e-10	-0.766603
6.69032e-10	-0.767014
6.69074e-10	-0.767424
6.69115e-10	-0.767833
6.69157e-10	-0.768243
6.69198e-10	-0.768652
6.6924e-10	-0.769061
6.69281e-10	-0.769469
6.69323e-10	-0.769877
6.69365e-10	-0.770285
6.69406e-10	-0.770693
6.69448e-10	-0.7711
6.69489e-10	-0.771507
6.69531e-10	-0.771913
6.69572e-10	-0.772319
6.69614e-10	-0.772725
6.69655e-10	-0.773131
6.69697e-10	-0.773536
6.69738e-10	-0.773941
6.6978e-10	-0.774346
6.69821e-10	-0.77475
6.69863e-10	-0.775154
6.69904e-10	-0.775558
6.69946e-10	-0.775961
6.69987e-10	-0.776364
6.70029e-10	-0.776767
6.7007e-10	-0.777169
6.70112e-10	-0.777572
6.70154e-10	-0.777973
6.70195e-10	-0.778375
6.70237e-10	-0.778776
6.70278e-10	-0.779177
6.7032e-10	-0.779577
6.70361e-10	-0.779978
6.70403e-10	-0.780377
6.70444e-10	-0.780777
6.70486e-10	-0.781176
6.70527e-10	-0.781575
6.70569e-10	-0.781974
6.7061e-10	-0.782372
6.70652e-10	-0.78277
6.70693e-10	-0.783168
6.70735e-10	-0.783565
6.70776e-10	-0.783962
6.70818e-10	-0.784359
6.70859e-10	-0.784755
6.70901e-10	-0.785151
6.70943e-10	-0.785547
6.70984e-10	-0.785942
6.71026e-10	-0.786337
6.71067e-10	-0.786732
6.71109e-10	-0.787127
6.7115e-10	-0.787521
6.71192e-10	-0.787915
6.71233e-10	-0.788308
6.71275e-10	-0.788701
6.71316e-10	-0.789094
6.71358e-10	-0.789487
6.71399e-10	-0.789879
6.71441e-10	-0.790271
6.71482e-10	-0.790662
6.71524e-10	-0.791053
6.71565e-10	-0.791444
6.71607e-10	-0.791835
6.71648e-10	-0.792225
6.7169e-10	-0.792615
6.71732e-10	-0.793005
6.71773e-10	-0.793394
6.71815e-10	-0.793783
6.71856e-10	-0.794171
6.71898e-10	-0.79456
6.71939e-10	-0.794948
6.71981e-10	-0.795335
6.72022e-10	-0.795723
6.72064e-10	-0.79611
6.72105e-10	-0.796496
6.72147e-10	-0.796883
6.72188e-10	-0.797269
6.7223e-10	-0.797655
6.72271e-10	-0.79804
6.72313e-10	-0.798425
6.72354e-10	-0.79881
6.72396e-10	-0.799194
6.72437e-10	-0.799578
6.72479e-10	-0.799962
6.72521e-10	-0.800345
6.72562e-10	-0.800728
6.72604e-10	-0.801111
6.72645e-10	-0.801494
6.72687e-10	-0.801876
6.72728e-10	-0.802257
6.7277e-10	-0.802639
6.72811e-10	-0.80302
6.72853e-10	-0.803401
6.72894e-10	-0.803781
6.72936e-10	-0.804161
6.72977e-10	-0.804541
6.73019e-10	-0.804921
6.7306e-10	-0.8053
6.73102e-10	-0.805679
6.73143e-10	-0.806057
6.73185e-10	-0.806435
6.73226e-10	-0.806813
6.73268e-10	-0.807191
6.7331e-10	-0.807568
6.73351e-10	-0.807945
6.73393e-10	-0.808321
6.73434e-10	-0.808698
6.73476e-10	-0.809073
6.73517e-10	-0.809449
6.73559e-10	-0.809824
6.736e-10	-0.810199
6.73642e-10	-0.810573
6.73683e-10	-0.810948
6.73725e-10	-0.811322
6.73766e-10	-0.811695
6.73808e-10	-0.812068
6.73849e-10	-0.812441
6.73891e-10	-0.812814
6.73932e-10	-0.813186
6.73974e-10	-0.813558
6.74015e-10	-0.813929
6.74057e-10	-0.814301
6.74099e-10	-0.814671
6.7414e-10	-0.815042
6.74182e-10	-0.815412
6.74223e-10	-0.815782
6.74265e-10	-0.816152
6.74306e-10	-0.816521
6.74348e-10	-0.81689
6.74389e-10	-0.817258
6.74431e-10	-0.817627
6.74472e-10	-0.817994
6.74514e-10	-0.818362
6.74555e-10	-0.818729
6.74597e-10	-0.819096
6.74638e-10	-0.819463
6.7468e-10	-0.819829
6.74721e-10	-0.820195
6.74763e-10	-0.82056
6.74804e-10	-0.820925
6.74846e-10	-0.82129
6.74888e-10	-0.821655
6.74929e-10	-0.822019
6.74971e-10	-0.822383
6.75012e-10	-0.822746
6.75054e-10	-0.82311
6.75095e-10	-0.823472
6.75137e-10	-0.823835
6.75178e-10	-0.824197
6.7522e-10	-0.824559
6.75261e-10	-0.82492
6.75303e-10	-0.825282
6.75344e-10	-0.825642
6.75386e-10	-0.826003
6.75427e-10	-0.826363
6.75469e-10	-0.826723
6.7551e-10	-0.827082
6.75552e-10	-0.827442
6.75593e-10	-0.8278
6.75635e-10	-0.828159
6.75677e-10	-0.828517
6.75718e-10	-0.828875
6.7576e-10	-0.829232
6.75801e-10	-0.829589
6.75843e-10	-0.829946
6.75884e-10	-0.830302
6.75926e-10	-0.830659
6.75967e-10	-0.831014
6.76009e-10	-0.83137
6.7605e-10	-0.831725
6.76092e-10	-0.83208
6.76133e-10	-0.832434
6.76175e-10	-0.832788
6.76216e-10	-0.833142
6.76258e-10	-0.833495
6.76299e-10	-0.833848
6.76341e-10	-0.834201
6.76382e-10	-0.834553
6.76424e-10	-0.834905
6.76466e-10	-0.835257
6.76507e-10	-0.835608
6.76549e-10	-0.835959
6.7659e-10	-0.83631
6.76632e-10	-0.83666
6.76673e-10	-0.83701
6.76715e-10	-0.83736
6.76756e-10	-0.837709
6.76798e-10	-0.838058
6.76839e-10	-0.838406
6.76881e-10	-0.838755
6.76922e-10	-0.839103
6.76964e-10	-0.83945
6.77005e-10	-0.839797
6.77047e-10	-0.840144
6.77088e-10	-0.840491
6.7713e-10	-0.840837
6.77171e-10	-0.841183
6.77213e-10	-0.841528
6.77255e-10	-0.841873
6.77296e-10	-0.842218
6.77338e-10	-0.842563
6.77379e-10	-0.842907
6.77421e-10	-0.843251
6.77462e-10	-0.843594
6.77504e-10	-0.843937
6.77545e-10	-0.84428
6.77587e-10	-0.844622
6.77628e-10	-0.844964
6.7767e-10	-0.845306
6.77711e-10	-0.845648
6.77753e-10	-0.845989
6.77794e-10	-0.846329
6.77836e-10	-0.84667
6.77877e-10	-0.84701
6.77919e-10	-0.847349
6.7796e-10	-0.847688
6.78002e-10	-0.848027
6.78044e-10	-0.848366
6.78085e-10	-0.848704
6.78127e-10	-0.849042
6.78168e-10	-0.84938
6.7821e-10	-0.849717
6.78251e-10	-0.850054
6.78293e-10	-0.85039
6.78334e-10	-0.850726
6.78376e-10	-0.851062
6.78417e-10	-0.851398
6.78459e-10	-0.851733
6.785e-10	-0.852068
6.78542e-10	-0.852402
6.78583e-10	-0.852736
6.78625e-10	-0.85307
6.78666e-10	-0.853403
6.78708e-10	-0.853736
6.78749e-10	-0.854069
6.78791e-10	-0.854401
6.78833e-10	-0.854733
6.78874e-10	-0.855065
6.78916e-10	-0.855396
6.78957e-10	-0.855727
6.78999e-10	-0.856058
6.7904e-10	-0.856388
6.79082e-10	-0.856718
6.79123e-10	-0.857047
6.79165e-10	-0.857377
6.79206e-10	-0.857705
6.79248e-10	-0.858034
6.79289e-10	-0.858362
6.79331e-10	-0.85869
6.79372e-10	-0.859017
6.79414e-10	-0.859344
6.79455e-10	-0.859671
6.79497e-10	-0.859998
6.79538e-10	-0.860324
6.7958e-10	-0.860649
6.79622e-10	-0.860975
6.79663e-10	-0.8613
6.79705e-10	-0.861624
6.79746e-10	-0.861948
6.79788e-10	-0.862272
6.79829e-10	-0.862596
6.79871e-10	-0.862919
6.79912e-10	-0.863242
6.79954e-10	-0.863565
6.79995e-10	-0.863887
6.80037e-10	-0.864209
6.80078e-10	-0.86453
6.8012e-10	-0.864851
6.80161e-10	-0.865172
6.80203e-10	-0.865492
6.80244e-10	-0.865812
6.80286e-10	-0.866132
6.80327e-10	-0.866451
6.80369e-10	-0.86677
6.80411e-10	-0.867089
6.80452e-10	-0.867407
6.80494e-10	-0.867725
6.80535e-10	-0.868043
6.80577e-10	-0.86836
6.80618e-10	-0.868677
6.8066e-10	-0.868993
6.80701e-10	-0.869309
6.80743e-10	-0.869625
6.80784e-10	-0.86994
6.80826e-10	-0.870256
6.80867e-10	-0.87057
6.80909e-10	-0.870885
6.8095e-10	-0.871199
6.80992e-10	-0.871512
6.81033e-10	-0.871826
6.81075e-10	-0.872139
6.81116e-10	-0.872451
6.81158e-10	-0.872763
6.812e-10	-0.873075
6.81241e-10	-0.873387
6.81283e-10	-0.873698
6.81324e-10	-0.874009
6.81366e-10	-0.874319
6.81407e-10	-0.874629
6.81449e-10	-0.874939
6.8149e-10	-0.875248
6.81532e-10	-0.875557
6.81573e-10	-0.875866
6.81615e-10	-0.876174
6.81656e-10	-0.876482
6.81698e-10	-0.87679
6.81739e-10	-0.877097
6.81781e-10	-0.877404
6.81822e-10	-0.87771
6.81864e-10	-0.878016
6.81905e-10	-0.878322
6.81947e-10	-0.878628
6.81989e-10	-0.878933
6.8203e-10	-0.879237
6.82072e-10	-0.879542
6.82113e-10	-0.879846
6.82155e-10	-0.880149
6.82196e-10	-0.880453
6.82238e-10	-0.880756
6.82279e-10	-0.881058
6.82321e-10	-0.88136
6.82362e-10	-0.881662
6.82404e-10	-0.881964
6.82445e-10	-0.882265
6.82487e-10	-0.882565
6.82528e-10	-0.882866
6.8257e-10	-0.883166
6.82611e-10	-0.883466
6.82653e-10	-0.883765
6.82694e-10	-0.884064
6.82736e-10	-0.884362
6.82778e-10	-0.884661
6.82819e-10	-0.884959
6.82861e-10	-0.885256
6.82902e-10	-0.885553
6.82944e-10	-0.88585
6.82985e-10	-0.886146
6.83027e-10	-0.886442
6.83068e-10	-0.886738
6.8311e-10	-0.887033
6.83151e-10	-0.887328
6.83193e-10	-0.887623
6.83234e-10	-0.887917
6.83276e-10	-0.888211
6.83317e-10	-0.888505
6.83359e-10	-0.888798
6.834e-10	-0.88909
6.83442e-10	-0.889383
6.83483e-10	-0.889675
6.83525e-10	-0.889967
6.83567e-10	-0.890258
6.83608e-10	-0.890549
6.8365e-10	-0.89084
6.83691e-10	-0.89113
6.83733e-10	-0.89142
6.83774e-10	-0.891709
6.83816e-10	-0.891998
6.83857e-10	-0.892287
6.83899e-10	-0.892576
6.8394e-10	-0.892864
6.83982e-10	-0.893151
6.84023e-10	-0.893439
6.84065e-10	-0.893726
6.84106e-10	-0.894012
6.84148e-10	-0.894298
6.84189e-10	-0.894584
6.84231e-10	-0.89487
6.84272e-10	-0.895155
6.84314e-10	-0.89544
6.84356e-10	-0.895724
6.84397e-10	-0.896008
6.84439e-10	-0.896292
6.8448e-10	-0.896575
6.84522e-10	-0.896858
6.84563e-10	-0.897141
6.84605e-10	-0.897423
6.84646e-10	-0.897705
6.84688e-10	-0.897986
6.84729e-10	-0.898267
6.84771e-10	-0.898548
6.84812e-10	-0.898828
6.84854e-10	-0.899108
6.84895e-10	-0.899388
6.84937e-10	-0.899667
6.84978e-10	-0.899946
6.8502e-10	-0.900225
6.85061e-10	-0.900503
6.85103e-10	-0.900781
6.85145e-10	-0.901058
6.85186e-10	-0.901335
6.85228e-10	-0.901612
6.85269e-10	-0.901888
6.85311e-10	-0.902164
6.85352e-10	-0.90244
6.85394e-10	-0.902715
6.85435e-10	-0.90299
6.85477e-10	-0.903264
6.85518e-10	-0.903538
6.8556e-10	-0.903812
6.85601e-10	-0.904085
6.85643e-10	-0.904358
6.85684e-10	-0.904631
6.85726e-10	-0.904903
6.85767e-10	-0.905175
6.85809e-10	-0.905447
6.8585e-10	-0.905718
6.85892e-10	-0.905989
6.85934e-10	-0.906259
6.85975e-10	-0.906529
6.86017e-10	-0.906799
6.86058e-10	-0.907068
6.861e-10	-0.907337
6.86141e-10	-0.907605
6.86183e-10	-0.907874
6.86224e-10	-0.908141
6.86266e-10	-0.908409
6.86307e-10	-0.908676
6.86349e-10	-0.908943
6.8639e-10	-0.909209
6.86432e-10	-0.909475
6.86473e-10	-0.909741
6.86515e-10	-0.910006
6.86556e-10	-0.910271
6.86598e-10	-0.910535
6.86639e-10	-0.910799
6.86681e-10	-0.911063
6.86723e-10	-0.911326
6.86764e-10	-0.911589
6.86806e-10	-0.911852
6.86847e-10	-0.912114
6.86889e-10	-0.912376
6.8693e-10	-0.912638
6.86972e-10	-0.912899
6.87013e-10	-0.913159
6.87055e-10	-0.91342
6.87096e-10	-0.91368
6.87138e-10	-0.913939
6.87179e-10	-0.914199
6.87221e-10	-0.914457
6.87262e-10	-0.914716
6.87304e-10	-0.914974
6.87345e-10	-0.915232
6.87387e-10	-0.915489
6.87428e-10	-0.915746
6.8747e-10	-0.916003
6.87512e-10	-0.916259
6.87553e-10	-0.916515
6.87595e-10	-0.916771
6.87636e-10	-0.917026
6.87678e-10	-0.91728
6.87719e-10	-0.917535
6.87761e-10	-0.917789
6.87802e-10	-0.918043
6.87844e-10	-0.918296
6.87885e-10	-0.918549
6.87927e-10	-0.918801
6.87968e-10	-0.919053
6.8801e-10	-0.919305
6.88051e-10	-0.919556
6.88093e-10	-0.919807
6.88134e-10	-0.920058
6.88176e-10	-0.920308
6.88217e-10	-0.920558
6.88259e-10	-0.920808
6.88301e-10	-0.921057
6.88342e-10	-0.921306
6.88384e-10	-0.921554
6.88425e-10	-0.921802
6.88467e-10	-0.92205
6.88508e-10	-0.922297
6.8855e-10	-0.922544
6.88591e-10	-0.92279
6.88633e-10	-0.923036
6.88674e-10	-0.923282
6.88716e-10	-0.923527
6.88757e-10	-0.923772
6.88799e-10	-0.924017
6.8884e-10	-0.924261
6.88882e-10	-0.924505
6.88923e-10	-0.924749
6.88965e-10	-0.924992
6.89007e-10	-0.925234
6.89048e-10	-0.925477
6.8909e-10	-0.925719
6.89131e-10	-0.92596
6.89173e-10	-0.926202
6.89214e-10	-0.926442
6.89256e-10	-0.926683
6.89297e-10	-0.926923
6.89339e-10	-0.927163
6.8938e-10	-0.927402
6.89422e-10	-0.927641
6.89463e-10	-0.927879
6.89505e-10	-0.928118
6.89546e-10	-0.928355
6.89588e-10	-0.928593
6.89629e-10	-0.92883
6.89671e-10	-0.929066
6.89712e-10	-0.929303
6.89754e-10	-0.929539
6.89796e-10	-0.929774
6.89837e-10	-0.930009
6.89879e-10	-0.930244
6.8992e-10	-0.930478
6.89962e-10	-0.930712
6.90003e-10	-0.930946
6.90045e-10	-0.931179
6.90086e-10	-0.931412
6.90128e-10	-0.931645
6.90169e-10	-0.931877
6.90211e-10	-0.932108
6.90252e-10	-0.93234
6.90294e-10	-0.932571
6.90335e-10	-0.932801
6.90377e-10	-0.933031
6.90418e-10	-0.933261
6.9046e-10	-0.933491
6.90501e-10	-0.93372
6.90543e-10	-0.933948
6.90585e-10	-0.934177
6.90626e-10	-0.934405
6.90668e-10	-0.934632
6.90709e-10	-0.934859
6.90751e-10	-0.935086
6.90792e-10	-0.935312
6.90834e-10	-0.935538
6.90875e-10	-0.935764
6.90917e-10	-0.935989
6.90958e-10	-0.936214
6.91e-10	-0.936439
6.91041e-10	-0.936663
6.91083e-10	-0.936886
6.91124e-10	-0.93711
6.91166e-10	-0.937333
6.91207e-10	-0.937555
6.91249e-10	-0.937777
6.9129e-10	-0.937999
6.91332e-10	-0.93822
6.91374e-10	-0.938441
6.91415e-10	-0.938662
6.91457e-10	-0.938882
6.91498e-10	-0.939102
6.9154e-10	-0.939322
6.91581e-10	-0.939541
6.91623e-10	-0.939759
6.91664e-10	-0.939978
6.91706e-10	-0.940196
6.91747e-10	-0.940413
6.91789e-10	-0.94063
6.9183e-10	-0.940847
6.91872e-10	-0.941064
6.91913e-10	-0.94128
6.91955e-10	-0.941495
6.91996e-10	-0.941711
6.92038e-10	-0.941925
6.92079e-10	-0.94214
6.92121e-10	-0.942354
6.92163e-10	-0.942568
6.92204e-10	-0.942781
6.92246e-10	-0.942994
6.92287e-10	-0.943206
6.92329e-10	-0.943419
6.9237e-10	-0.94363
6.92412e-10	-0.943842
6.92453e-10	-0.944053
6.92495e-10	-0.944264
6.92536e-10	-0.944474
6.92578e-10	-0.944684
6.92619e-10	-0.944893
6.92661e-10	-0.945102
6.92702e-10	-0.945311
6.92744e-10	-0.945519
6.92785e-10	-0.945727
6.92827e-10	-0.945935
6.92868e-10	-0.946142
6.9291e-10	-0.946349
6.92952e-10	-0.946555
6.92993e-10	-0.946761
6.93035e-10	-0.946967
6.93076e-10	-0.947172
6.93118e-10	-0.947377
6.93159e-10	-0.947581
6.93201e-10	-0.947785
6.93242e-10	-0.947989
6.93284e-10	-0.948192
6.93325e-10	-0.948395
6.93367e-10	-0.948597
6.93408e-10	-0.9488
6.9345e-10	-0.949001
6.93491e-10	-0.949203
6.93533e-10	-0.949404
6.93574e-10	-0.949604
6.93616e-10	-0.949804
6.93657e-10	-0.950004
6.93699e-10	-0.950203
6.93741e-10	-0.950402
6.93782e-10	-0.950601
6.93824e-10	-0.950799
6.93865e-10	-0.950997
6.93907e-10	-0.951195
6.93948e-10	-0.951392
6.9399e-10	-0.951588
6.94031e-10	-0.951785
6.94073e-10	-0.951981
6.94114e-10	-0.952176
6.94156e-10	-0.952371
6.94197e-10	-0.952566
6.94239e-10	-0.95276
6.9428e-10	-0.952954
6.94322e-10	-0.953148
6.94363e-10	-0.953341
6.94405e-10	-0.953534
6.94446e-10	-0.953726
6.94488e-10	-0.953918
6.9453e-10	-0.95411
6.94571e-10	-0.954301
6.94613e-10	-0.954492
6.94654e-10	-0.954682
6.94696e-10	-0.954873
6.94737e-10	-0.955062
6.94779e-10	-0.955251
6.9482e-10	-0.95544
6.94862e-10	-0.955629
6.94903e-10	-0.955817
6.94945e-10	-0.956005
6.94986e-10	-0.956192
6.95028e-10	-0.956379
6.95069e-10	-0.956565
6.95111e-10	-0.956752
6.95152e-10	-0.956937
6.95194e-10	-0.957123
6.95235e-10	-0.957308
6.95277e-10	-0.957492
6.95319e-10	-0.957677
6.9536e-10	-0.95786
6.95402e-10	-0.958044
6.95443e-10	-0.958227
6.95485e-10	-0.958409
6.95526e-10	-0.958592
6.95568e-10	-0.958774
6.95609e-10	-0.958955
6.95651e-10	-0.959136
6.95692e-10	-0.959317
6.95734e-10	-0.959497
6.95775e-10	-0.959677
6.95817e-10	-0.959856
6.95858e-10	-0.960036
6.959e-10	-0.960214
6.95941e-10	-0.960393
6.95983e-10	-0.960571
6.96024e-10	-0.960748
6.96066e-10	-0.960925
6.96108e-10	-0.961102
6.96149e-10	-0.961278
6.96191e-10	-0.961454
6.96232e-10	-0.96163
6.96274e-10	-0.961805
6.96315e-10	-0.96198
6.96357e-10	-0.962154
6.96398e-10	-0.962328
6.9644e-10	-0.962502
6.96481e-10	-0.962675
6.96523e-10	-0.962848
6.96564e-10	-0.96302
6.96606e-10	-0.963192
6.96647e-10	-0.963364
6.96689e-10	-0.963535
6.9673e-10	-0.963706
6.96772e-10	-0.963877
6.96813e-10	-0.964047
6.96855e-10	-0.964216
6.96897e-10	-0.964386
6.96938e-10	-0.964554
6.9698e-10	-0.964723
6.97021e-10	-0.964891
6.97063e-10	-0.965059
6.97104e-10	-0.965226
6.97146e-10	-0.965393
6.97187e-10	-0.965559
6.97229e-10	-0.965726
6.9727e-10	-0.965891
6.97312e-10	-0.966057
6.97353e-10	-0.966222
6.97395e-10	-0.966386
6.97436e-10	-0.96655
6.97478e-10	-0.966714
6.97519e-10	-0.966877
6.97561e-10	-0.96704
6.97602e-10	-0.967203
6.97644e-10	-0.967365
6.97686e-10	-0.967527
6.97727e-10	-0.967688
6.97769e-10	-0.967849
6.9781e-10	-0.96801
6.97852e-10	-0.96817
6.97893e-10	-0.96833
6.97935e-10	-0.968489
6.97976e-10	-0.968648
6.98018e-10	-0.968807
6.98059e-10	-0.968965
6.98101e-10	-0.969123
6.98142e-10	-0.96928
6.98184e-10	-0.969437
6.98225e-10	-0.969594
6.98267e-10	-0.96975
6.98308e-10	-0.969906
6.9835e-10	-0.970062
6.98391e-10	-0.970217
6.98433e-10	-0.970371
6.98475e-10	-0.970526
6.98516e-10	-0.970679
6.98558e-10	-0.970833
6.98599e-10	-0.970986
6.98641e-10	-0.971139
6.98682e-10	-0.971291
6.98724e-10	-0.971443
6.98765e-10	-0.971594
6.98807e-10	-0.971745
6.98848e-10	-0.971896
6.9889e-10	-0.972046
6.98931e-10	-0.972196
6.98973e-10	-0.972346
6.99014e-10	-0.972495
6.99056e-10	-0.972643
6.99097e-10	-0.972792
6.99139e-10	-0.97294
6.9918e-10	-0.973087
6.99222e-10	-0.973234
6.99264e-10	-0.973381
6.99305e-10	-0.973527
6.99347e-10	-0.973673
6.99388e-10	-0.973819
6.9943e-10	-0.973964
6.99471e-10	-0.974109
6.99513e-10	-0.974253
6.99554e-10	-0.974397
6.99596e-10	-0.97454
6.99637e-10	-0.974683
6.99679e-10	-0.974826
6.9972e-10	-0.974969
6.99762e-10	-0.97511
6.99803e-10	-0.975252
6.99845e-10	-0.975393
6.99886e-10	-0.975534
6.99928e-10	-0.975674
6.99969e-10	-0.975814
7.00011e-10	-0.975954
7.00053e-10	-0.976093
7.00094e-10	-0.976232
7.00136e-10	-0.97637
7.00177e-10	-0.976508
7.00219e-10	-0.976645
7.0026e-10	-0.976783
7.00302e-10	-0.976919
7.00343e-10	-0.977056
7.00385e-10	-0.977192
7.00426e-10	-0.977327
7.00468e-10	-0.977462
7.00509e-10	-0.977597
7.00551e-10	-0.977731
7.00592e-10	-0.977865
7.00634e-10	-0.977999
7.00675e-10	-0.978132
7.00717e-10	-0.978265
7.00758e-10	-0.978397
7.008e-10	-0.978529
7.00842e-10	-0.978661
7.00883e-10	-0.978792
7.00925e-10	-0.978923
7.00966e-10	-0.979053
7.01008e-10	-0.979183
7.01049e-10	-0.979312
7.01091e-10	-0.979442
7.01132e-10	-0.97957
7.01174e-10	-0.979699
7.01215e-10	-0.979827
7.01257e-10	-0.979954
7.01298e-10	-0.980081
7.0134e-10	-0.980208
7.01381e-10	-0.980335
7.01423e-10	-0.98046
7.01464e-10	-0.980586
7.01506e-10	-0.980711
7.01547e-10	-0.980836
7.01589e-10	-0.98096
7.01631e-10	-0.981084
7.01672e-10	-0.981208
7.01714e-10	-0.981331
7.01755e-10	-0.981454
7.01797e-10	-0.981576
7.01838e-10	-0.981698
7.0188e-10	-0.981819
7.01921e-10	-0.981941
7.01963e-10	-0.982061
7.02004e-10	-0.982182
7.02046e-10	-0.982302
7.02087e-10	-0.982421
7.02129e-10	-0.98254
7.0217e-10	-0.982659
7.02212e-10	-0.982777
7.02253e-10	-0.982895
7.02295e-10	-0.983013
7.02336e-10	-0.98313
7.02378e-10	-0.983247
7.0242e-10	-0.983363
7.02461e-10	-0.983479
7.02503e-10	-0.983594
7.02544e-10	-0.98371
7.02586e-10	-0.983824
7.02627e-10	-0.983939
7.02669e-10	-0.984052
7.0271e-10	-0.984166
7.02752e-10	-0.984279
7.02793e-10	-0.984392
7.02835e-10	-0.984504
7.02876e-10	-0.984616
7.02918e-10	-0.984728
7.02959e-10	-0.984839
7.03001e-10	-0.984949
7.03042e-10	-0.98506
7.03084e-10	-0.985169
7.03125e-10	-0.985279
7.03167e-10	-0.985388
7.03209e-10	-0.985497
7.0325e-10	-0.985605
7.03292e-10	-0.985713
7.03333e-10	-0.98582
7.03375e-10	-0.985927
7.03416e-10	-0.986034
7.03458e-10	-0.98614
7.03499e-10	-0.986246
7.03541e-10	-0.986352
7.03582e-10	-0.986457
7.03624e-10	-0.986561
7.03665e-10	-0.986666
7.03707e-10	-0.986769
7.03748e-10	-0.986873
7.0379e-10	-0.986976
7.03831e-10	-0.987078
7.03873e-10	-0.987181
7.03914e-10	-0.987283
7.03956e-10	-0.987384
7.03998e-10	-0.987485
7.04039e-10	-0.987586
7.04081e-10	-0.987686
7.04122e-10	-0.987786
7.04164e-10	-0.987885
7.04205e-10	-0.987984
7.04247e-10	-0.988083
7.04288e-10	-0.988181
7.0433e-10	-0.988279
7.04371e-10	-0.988376
7.04413e-10	-0.988473
7.04454e-10	-0.98857
7.04496e-10	-0.988666
7.04537e-10	-0.988762
7.04579e-10	-0.988857
7.0462e-10	-0.988952
7.04662e-10	-0.989046
7.04703e-10	-0.989141
7.04745e-10	-0.989234
7.04787e-10	-0.989328
7.04828e-10	-0.989421
7.0487e-10	-0.989513
7.04911e-10	-0.989605
7.04953e-10	-0.989697
7.04994e-10	-0.989788
7.05036e-10	-0.989879
7.05077e-10	-0.98997
7.05119e-10	-0.99006
7.0516e-10	-0.99015
7.05202e-10	-0.990239
7.05243e-10	-0.990328
7.05285e-10	-0.990416
7.05326e-10	-0.990504
7.05368e-10	-0.990592
7.05409e-10	-0.990679
7.05451e-10	-0.990766
7.05492e-10	-0.990853
7.05534e-10	-0.990939
7.05576e-10	-0.991024
7.05617e-10	-0.99111
7.05659e-10	-0.991194
7.057e-10	-0.991279
7.05742e-10	-0.991363
7.05783e-10	-0.991447
7.05825e-10	-0.99153
7.05866e-10	-0.991613
7.05908e-10	-0.991695
7.05949e-10	-0.991777
7.05991e-10	-0.991859
7.06032e-10	-0.99194
7.06074e-10	-0.992021
7.06115e-10	-0.992101
7.06157e-10	-0.992181
7.06198e-10	-0.992261
7.0624e-10	-0.99234
7.06281e-10	-0.992419
7.06323e-10	-0.992497
7.06365e-10	-0.992575
7.06406e-10	-0.992652
7.06448e-10	-0.99273
7.06489e-10	-0.992806
7.06531e-10	-0.992883
7.06572e-10	-0.992959
7.06614e-10	-0.993034
7.06655e-10	-0.993109
7.06697e-10	-0.993184
7.06738e-10	-0.993258
7.0678e-10	-0.993332
7.06821e-10	-0.993406
7.06863e-10	-0.993479
7.06904e-10	-0.993551
7.06946e-10	-0.993624
7.06987e-10	-0.993696
7.07029e-10	-0.993767
7.0707e-10	-0.993838
7.07112e-10	-0.993909
7.07154e-10	-0.993979
7.07195e-10	-0.994049
7.07237e-10	-0.994118
7.07278e-10	-0.994187
7.0732e-10	-0.994256
7.07361e-10	-0.994324
7.07403e-10	-0.994392
7.07444e-10	-0.994459
7.07486e-10	-0.994526
7.07527e-10	-0.994593
7.07569e-10	-0.994659
7.0761e-10	-0.994725
7.07652e-10	-0.99479
7.07693e-10	-0.994855
7.07735e-10	-0.99492
7.07776e-10	-0.994984
7.07818e-10	-0.995048
7.07859e-10	-0.995111
7.07901e-10	-0.995174
7.07943e-10	-0.995236
7.07984e-10	-0.995299
7.08026e-10	-0.99536
7.08067e-10	-0.995422
7.08109e-10	-0.995483
7.0815e-10	-0.995543
7.08192e-10	-0.995603
7.08233e-10	-0.995663
7.08275e-10	-0.995722
7.08316e-10	-0.995781
7.08358e-10	-0.995839
7.08399e-10	-0.995897
7.08441e-10	-0.995955
7.08482e-10	-0.996012
7.08524e-10	-0.996069
7.08565e-10	-0.996126
7.08607e-10	-0.996182
7.08649e-10	-0.996237
7.0869e-10	-0.996292
7.08732e-10	-0.996347
7.08773e-10	-0.996401
7.08815e-10	-0.996455
7.08856e-10	-0.996509
7.08898e-10	-0.996562
7.08939e-10	-0.996615
7.08981e-10	-0.996667
7.09022e-10	-0.996719
7.09064e-10	-0.996771
7.09105e-10	-0.996822
7.09147e-10	-0.996873
7.09188e-10	-0.996923
7.0923e-10	-0.996973
7.09271e-10	-0.997022
7.09313e-10	-0.997071
7.09354e-10	-0.99712
7.09396e-10	-0.997168
7.09438e-10	-0.997216
7.09479e-10	-0.997264
7.09521e-10	-0.997311
7.09562e-10	-0.997357
7.09604e-10	-0.997404
7.09645e-10	-0.99745
7.09687e-10	-0.997495
7.09728e-10	-0.99754
7.0977e-10	-0.997585
7.09811e-10	-0.997629
7.09853e-10	-0.997673
7.09894e-10	-0.997716
7.09936e-10	-0.997759
7.09977e-10	-0.997801
7.10019e-10	-0.997844
7.1006e-10	-0.997885
7.10102e-10	-0.997927
7.10143e-10	-0.997968
7.10185e-10	-0.998008
7.10227e-10	-0.998048
7.10268e-10	-0.998088
7.1031e-10	-0.998127
7.10351e-10	-0.998166
7.10393e-10	-0.998205
7.10434e-10	-0.998243
7.10476e-10	-0.998281
7.10517e-10	-0.998318
7.10559e-10	-0.998355
7.106e-10	-0.998391
7.10642e-10	-0.998427
7.10683e-10	-0.998463
7.10725e-10	-0.998498
7.10766e-10	-0.998533
7.10808e-10	-0.998567
7.10849e-10	-0.998601
7.10891e-10	-0.998635
7.10932e-10	-0.998668
7.10974e-10	-0.998701
7.11016e-10	-0.998733
7.11057e-10	-0.998765
7.11099e-10	-0.998797
7.1114e-10	-0.998828
7.11182e-10	-0.998859
7.11223e-10	-0.998889
7.11265e-10	-0.998919
7.11306e-10	-0.998948
7.11348e-10	-0.998977
7.11389e-10	-0.999006
7.11431e-10	-0.999034
7.11472e-10	-0.999062
7.11514e-10	-0.99909
7.11555e-10	-0.999117
7.11597e-10	-0.999143
7.11638e-10	-0.99917
7.1168e-10	-0.999196
7.11721e-10	-0.999221
7.11763e-10	-0.999246
7.11805e-10	-0.999271
7.11846e-10	-0.999295
7.11888e-10	-0.999319
7.11929e-10	-0.999342
7.11971e-10	-0.999365
7.12012e-10	-0.999388
7.12054e-10	-0.99941
7.12095e-10	-0.999431
7.12137e-10	-0.999453
7.12178e-10	-0.999474
7.1222e-10	-0.999494
7.12261e-10	-0.999514
7.12303e-10	-0.999534
7.12344e-10	-0.999554
7.12386e-10	-0.999572
7.12427e-10	-0.999591
7.12469e-10	-0.999609
7.1251e-10	-0.999627
7.12552e-10	-0.999644
7.12594e-10	-0.999661
7.12635e-10	-0.999677
7.12677e-10	-0.999693
7.12718e-10	-0.999709
7.1276e-10	-0.999724
7.12801e-10	-0.999739
7.12843e-10	-0.999753
7.12884e-10	-0.999767
7.12926e-10	-0.999781
7.12967e-10	-0.999794
7.13009e-10	-0.999807
7.1305e-10	-0.999819
7.13092e-10	-0.999831
7.13133e-10	-0.999843
7.13175e-10	-0.999854
7.13216e-10	-0.999865
7.13258e-10	-0.999875
7.13299e-10	-0.999885
7.13341e-10	-0.999894
7.13383e-10	-0.999903
7.13424e-10	-0.999912
7.13466e-10	-0.99992
7.13507e-10	-0.999928
7.13549e-10	-0.999936
7.1359e-10	-0.999943
7.13632e-10	-0.999949
7.13673e-10	-0.999956
7.13715e-10	-0.999961
7.13756e-10	-0.999967
7.13798e-10	-0.999972
7.13839e-10	-0.999976
7.13881e-10	-0.999981
7.13922e-10	-0.999984
7.13964e-10	-0.999988
7.14005e-10	-0.999991
7.14047e-10	-0.999993
7.14088e-10	-0.999995
7.1413e-10	-0.999997
7.14172e-10	-0.999998
7.14213e-10	-0.999999
7.14255e-10	-1
7.14296e-10	-1
7.14338e-10	-1
7.14379e-10	-0.999999
7.14421e-10	-0.999998
7.14462e-10	-0.999996
7.14504e-10	-0.999994
7.14545e-10	-0.999992
7.14587e-10	-0.999989
7.14628e-10	-0.999986
7.1467e-10	-0.999983
7.14711e-10	-0.999979
7.14753e-10	-0.999974
7.14794e-10	-0.999969
7.14836e-10	-0.999964
7.14877e-10	-0.999959
7.14919e-10	-0.999952
7.14961e-10	-0.999946
7.15002e-10	-0.999939
7.15044e-10	-0.999932
7.15085e-10	-0.999924
7.15127e-10	-0.999916
7.15168e-10	-0.999908
7.1521e-10	-0.999899
7.15251e-10	-0.99989
7.15293e-10	-0.99988
7.15334e-10	-0.99987
7.15376e-10	-0.999859
7.15417e-10	-0.999848
7.15459e-10	-0.999837
7.155e-10	-0.999825
7.15542e-10	-0.999813
7.15583e-10	-0.999801
7.15625e-10	-0.999788
7.15666e-10	-0.999774
7.15708e-10	-0.99976
7.1575e-10	-0.999746
7.15791e-10	-0.999732
7.15833e-10	-0.999717
7.15874e-10	-0.999701
7.15916e-10	-0.999685
7.15957e-10	-0.999669
7.15999e-10	-0.999652
7.1604e-10	-0.999635
7.16082e-10	-0.999618
7.16123e-10	-0.9996
7.16165e-10	-0.999582
7.16206e-10	-0.999563
7.16248e-10	-0.999544
7.16289e-10	-0.999524
7.16331e-10	-0.999504
7.16372e-10	-0.999484
7.16414e-10	-0.999463
7.16455e-10	-0.999442
7.16497e-10	-0.999421
7.16539e-10	-0.999399
7.1658e-10	-0.999376
7.16622e-10	-0.999354
7.16663e-10	-0.99933
7.16705e-10	-0.999307
7.16746e-10	-0.999283
7.16788e-10	-0.999258
7.16829e-10	-0.999234
7.16871e-10	-0.999208
7.16912e-10	-0.999183
7.16954e-10	-0.999157
7.16995e-10	-0.99913
7.17037e-10	-0.999103
7.17078e-10	-0.999076
7.1712e-10	-0.999048
7.17161e-10	-0.99902
7.17203e-10	-0.998992
7.17244e-10	-0.998963
7.17286e-10	-0.998934
7.17328e-10	-0.998904
7.17369e-10	-0.998874
7.17411e-10	-0.998843
7.17452e-10	-0.998812
7.17494e-10	-0.998781
7.17535e-10	-0.998749
7.17577e-10	-0.998717
7.17618e-10	-0.998684
7.1766e-10	-0.998651
7.17701e-10	-0.998618
7.17743e-10	-0.998584
7.17784e-10	-0.99855
7.17826e-10	-0.998515
7.17867e-10	-0.99848
7.17909e-10	-0.998445
7.1795e-10	-0.998409
7.17992e-10	-0.998373
7.18033e-10	-0.998336
7.18075e-10	-0.998299
7.18117e-10	-0.998262
7.18158e-10	-0.998224
7.182e-10	-0.998186
7.18241e-10	-0.998147
7.18283e-10	-0.998108
7.18324e-10	-0.998068
7.18366e-10	-0.998028
7.18407e-10	-0.997988
7.18449e-10	-0.997947
7.1849e-10	-0.997906
7.18532e-10	-0.997865
7.18573e-10	-0.997823
7.18615e-10	-0.99778
7.18656e-10	-0.997737
7.18698e-10	-0.997694
7.18739e-10	-0.997651
7.18781e-10	-0.997607
7.18822e-10	-0.997562
7.18864e-10	-0.997518
7.18906e-10	-0.997472
7.18947e-10	-0.997427
7.18989e-10	-0.997381
7.1903e-10	-0.997334
7.19072e-10	-0.997287
7.19113e-10	-0.99724
7.19155e-10	-0.997192
7.19196e-10	-0.997144
7.19238e-10	-0.997096
7.19279e-10	-0.997047
7.19321e-10	-0.996998
7.19362e-10	-0.996948
7.19404e-10	-0.996898
7.19445e-10	-0.996847
7.19487e-10	-0.996796
7.19528e-10	-0.996745
7.1957e-10	-0.996693
7.19611e-10	-0.996641
7.19653e-10	-0.996589
7.19695e-10	-0.996536
7.19736e-10	-0.996482
7.19778e-10	-0.996429
7.19819e-10	-0.996374
7.19861e-10	-0.99632
7.19902e-10	-0.996265
7.19944e-10	-0.996209
7.19985e-10	-0.996154
7.20027e-10	-0.996097
7.20068e-10	-0.996041
7.2011e-10	-0.995984
7.20151e-10	-0.995926
7.20193e-10	-0.995868
7.20234e-10	-0.99581
7.20276e-10	-0.995752
7.20317e-10	-0.995692
7.20359e-10	-0.995633
7.204e-10	-0.995573
7.20442e-10	-0.995513
7.20484e-10	-0.995452
7.20525e-10	-0.995391
7.20567e-10	-0.995329
7.20608e-10	-0.995268
7.2065e-10	-0.995205
7.20691e-10	-0.995143
7.20733e-10	-0.995079
7.20774e-10	-0.995016
7.20816e-10	-0.994952
7.20857e-10	-0.994888
7.20899e-10	-0.994823
7.2094e-10	-0.994758
7.20982e-10	-0.994692
7.21023e-10	-0.994626
7.21065e-10	-0.99456
7.21106e-10	-0.994493
7.21148e-10	-0.994426
7.21189e-10	-0.994358
7.21231e-10	-0.99429
7.21273e-10	-0.994222
7.21314e-10	-0.994153
7.21356e-10	-0.994084
7.21397e-10	-0.994014
7.21439e-10	-0.993944
7.2148e-10	-0.993873
7.21522e-10	-0.993803
7.21563e-10	-0.993731
7.21605e-10	-0.99366
7.21646e-10	-0.993588
7.21688e-10	-0.993515
7.21729e-10	-0.993442
7.21771e-10	-0.993369
7.21812e-10	-0.993295
7.21854e-10	-0.993221
7.21895e-10	-0.993147
7.21937e-10	-0.993072
7.21978e-10	-0.992996
7.2202e-10	-0.992921
7.22062e-10	-0.992845
7.22103e-10	-0.992768
7.22145e-10	-0.992691
7.22186e-10	-0.992614
7.22228e-10	-0.992536
7.22269e-10	-0.992458
7.22311e-10	-0.992379
7.22352e-10	-0.9923
7.22394e-10	-0.992221
7.22435e-10	-0.992141
7.22477e-10	-0.992061
7.22518e-10	-0.99198
7.2256e-10	-0.991899
7.22601e-10	-0.991818
7.22643e-10	-0.991736
7.22684e-10	-0.991654
7.22726e-10	-0.991571
7.22767e-10	-0.991488
7.22809e-10	-0.991405
7.22851e-10	-0.991321
7.22892e-10	-0.991237
7.22934e-10	-0.991152
7.22975e-10	-0.991067
7.23017e-10	-0.990982
7.23058e-10	-0.990896
7.231e-10	-0.99081
7.23141e-10	-0.990723
7.23183e-10	-0.990636
7.23224e-10	-0.990548
7.23266e-10	-0.99046
7.23307e-10	-0.990372
7.23349e-10	-0.990283
7.2339e-10	-0.990194
7.23432e-10	-0.990105
7.23473e-10	-0.990015
7.23515e-10	-0.989925
7.23556e-10	-0.989834
7.23598e-10	-0.989743
7.2364e-10	-0.989651
7.23681e-10	-0.989559
7.23723e-10	-0.989467
7.23764e-10	-0.989374
7.23806e-10	-0.989281
7.23847e-10	-0.989187
7.23889e-10	-0.989094
7.2393e-10	-0.988999
7.23972e-10	-0.988904
7.24013e-10	-0.988809
7.24055e-10	-0.988714
7.24096e-10	-0.988618
7.24138e-10	-0.988521
7.24179e-10	-0.988425
7.24221e-10	-0.988327
7.24262e-10	-0.98823
7.24304e-10	-0.988132
7.24345e-10	-0.988033
7.24387e-10	-0.987935
7.24429e-10	-0.987835
7.2447e-10	-0.987736
7.24512e-10	-0.987636
7.24553e-10	-0.987535
7.24595e-10	-0.987435
7.24636e-10	-0.987333
7.24678e-10	-0.987232
7.24719e-10	-0.98713
7.24761e-10	-0.987027
7.24802e-10	-0.986924
7.24844e-10	-0.986821
7.24885e-10	-0.986718
7.24927e-10	-0.986614
7.24968e-10	-0.986509
7.2501e-10	-0.986404
7.25051e-10	-0.986299
7.25093e-10	-0.986193
7.25134e-10	-0.986087
7.25176e-10	-0.985981
7.25218e-10	-0.985874
7.25259e-10	-0.985767
7.25301e-10	-0.985659
7.25342e-10	-0.985551
7.25384e-10	-0.985442
7.25425e-10	-0.985334
7.25467e-10	-0.985224
7.25508e-10	-0.985115
7.2555e-10	-0.985004
7.25591e-10	-0.984894
7.25633e-10	-0.984783
7.25674e-10	-0.984672
7.25716e-10	-0.98456
7.25757e-10	-0.984448
7.25799e-10	-0.984335
7.2584e-10	-0.984223
7.25882e-10	-0.984109
7.25923e-10	-0.983996
7.25965e-10	-0.983881
7.26007e-10	-0.983767
7.26048e-10	-0.983652
7.2609e-10	-0.983537
7.26131e-10	-0.983421
7.26173e-10	-0.983305
7.26214e-10	-0.983188
7.26256e-10	-0.983071
7.26297e-10	-0.982954
7.26339e-10	-0.982836
7.2638e-10	-0.982718
7.26422e-10	-0.9826
7.26463e-10	-0.982481
7.26505e-10	-0.982361
7.26546e-10	-0.982242
7.26588e-10	-0.982122
7.26629e-10	-0.982001
7.26671e-10	-0.98188
7.26712e-10	-0.981759
7.26754e-10	-0.981637
7.26796e-10	-0.981515
7.26837e-10	-0.981392
7.26879e-10	-0.981269
7.2692e-10	-0.981146
7.26962e-10	-0.981022
7.27003e-10	-0.980898
7.27045e-10	-0.980774
7.27086e-10	-0.980649
7.27128e-10	-0.980523
7.27169e-10	-0.980398
7.27211e-10	-0.980271
7.27252e-10	-0.980145
7.27294e-10	-0.980018
7.27335e-10	-0.979891
7.27377e-10	-0.979763
7.27418e-10	-0.979635
7.2746e-10	-0.979506
7.27502e-10	-0.979377
7.27543e-10	-0.979248
7.27585e-10	-0.979118
7.27626e-10	-0.978988
7.27668e-10	-0.978857
7.27709e-10	-0.978726
7.27751e-10	-0.978595
7.27792e-10	-0.978463
7.27834e-10	-0.978331
7.27875e-10	-0.978199
7.27917e-10	-0.978066
7.27958e-10	-0.977932
7.28e-10	-0.977798
7.28041e-10	-0.977664
7.28083e-10	-0.97753
7.28124e-10	-0.977395
7.28166e-10	-0.977259
7.28207e-10	-0.977124
7.28249e-10	-0.976988
7.28291e-10	-0.976851
7.28332e-10	-0.976714
7.28374e-10	-0.976577
7.28415e-10	-0.976439
7.28457e-10	-0.976301
7.28498e-10	-0.976162
7.2854e-10	-0.976023
7.28581e-10	-0.975884
7.28623e-10	-0.975744
7.28664e-10	-0.975604
7.28706e-10	-0.975464
7.28747e-10	-0.975323
7.28789e-10	-0.975181
7.2883e-10	-0.97504
7.28872e-10	-0.974897
7.28913e-10	-0.974755
7.28955e-10	-0.974612
7.28996e-10	-0.974469
7.29038e-10	-0.974325
7.2908e-10	-0.974181
7.29121e-10	-0.974036
7.29163e-10	-0.973891
7.29204e-10	-0.973746
7.29246e-10	-0.9736
7.29287e-10	-0.973454
7.29329e-10	-0.973308
7.2937e-10	-0.973161
7.29412e-10	-0.973013
7.29453e-10	-0.972866
7.29495e-10	-0.972718
7.29536e-10	-0.972569
7.29578e-10	-0.97242
7.29619e-10	-0.972271
7.29661e-10	-0.972121
7.29702e-10	-0.971971
7.29744e-10	-0.971821
7.29785e-10	-0.97167
7.29827e-10	-0.971519
7.29869e-10	-0.971367
7.2991e-10	-0.971215
7.29952e-10	-0.971062
7.29993e-10	-0.970909
7.30035e-10	-0.970756
7.30076e-10	-0.970603
7.30118e-10	-0.970448
7.30159e-10	-0.970294
7.30201e-10	-0.970139
7.30242e-10	-0.969984
7.30284e-10	-0.969828
7.30325e-10	-0.969672
7.30367e-10	-0.969516
7.30408e-10	-0.969359
7.3045e-10	-0.969202
7.30491e-10	-0.969044
7.30533e-10	-0.968886
7.30574e-10	-0.968728
7.30616e-10	-0.968569
7.30658e-10	-0.96841
7.30699e-10	-0.96825
7.30741e-10	-0.96809
7.30782e-10	-0.96793
7.30824e-10	-0.967769
7.30865e-10	-0.967608
7.30907e-10	-0.967446
7.30948e-10	-0.967284
7.3099e-10	-0.967122
7.31031e-10	-0.966959
7.31073e-10	-0.966796
7.31114e-10	-0.966632
7.31156e-10	-0.966468
7.31197e-10	-0.966304
7.31239e-10	-0.966139
7.3128e-10	-0.965974
7.31322e-10	-0.965809
7.31363e-10	-0.965643
7.31405e-10	-0.965476
7.31447e-10	-0.96531
7.31488e-10	-0.965142
7.3153e-10	-0.964975
7.31571e-10	-0.964807
7.31613e-10	-0.964639
7.31654e-10	-0.96447
7.31696e-10	-0.964301
7.31737e-10	-0.964132
7.31779e-10	-0.963962
7.3182e-10	-0.963791
7.31862e-10	-0.963621
7.31903e-10	-0.96345
7.31945e-10	-0.963278
7.31986e-10	-0.963106
7.32028e-10	-0.962934
7.32069e-10	-0.962762
7.32111e-10	-0.962588
7.32152e-10	-0.962415
7.32194e-10	-0.962241
7.32236e-10	-0.962067
7.32277e-10	-0.961892
7.32319e-10	-0.961718
7.3236e-10	-0.961542
7.32402e-10	-0.961366
7.32443e-10	-0.96119
7.32485e-10	-0.961014
7.32526e-10	-0.960837
7.32568e-10	-0.960659
7.32609e-10	-0.960482
7.32651e-10	-0.960303
7.32692e-10	-0.960125
7.32734e-10	-0.959946
7.32775e-10	-0.959767
7.32817e-10	-0.959587
7.32858e-10	-0.959407
7.329e-10	-0.959226
7.32941e-10	-0.959046
7.32983e-10	-0.958864
7.33025e-10	-0.958683
7.33066e-10	-0.958501
7.33108e-10	-0.958318
7.33149e-10	-0.958135
7.33191e-10	-0.957952
7.33232e-10	-0.957769
7.33274e-10	-0.957585
7.33315e-10	-0.9574
7.33357e-10	-0.957215
7.33398e-10	-0.95703
7.3344e-10	-0.956845
7.33481e-10	-0.956659
7.33523e-10	-0.956472
7.33564e-10	-0.956286
7.33606e-10	-0.956098
7.33647e-10	-0.955911
7.33689e-10	-0.955723
7.3373e-10	-0.955535
7.33772e-10	-0.955346
7.33814e-10	-0.955157
7.33855e-10	-0.954967
7.33897e-10	-0.954778
7.33938e-10	-0.954587
7.3398e-10	-0.954397
7.34021e-10	-0.954206
7.34063e-10	-0.954014
7.34104e-10	-0.953822
7.34146e-10	-0.95363
7.34187e-10	-0.953438
7.34229e-10	-0.953245
7.3427e-10	-0.953051
7.34312e-10	-0.952857
7.34353e-10	-0.952663
7.34395e-10	-0.952469
7.34436e-10	-0.952274
7.34478e-10	-0.952078
7.34519e-10	-0.951883
7.34561e-10	-0.951687
7.34603e-10	-0.95149
7.34644e-10	-0.951293
7.34686e-10	-0.951096
7.34727e-10	-0.950898
7.34769e-10	-0.9507
7.3481e-10	-0.950502
7.34852e-10	-0.950303
7.34893e-10	-0.950104
7.34935e-10	-0.949904
7.34976e-10	-0.949704
7.35018e-10	-0.949504
7.35059e-10	-0.949303
7.35101e-10	-0.949102
7.35142e-10	-0.9489
7.35184e-10	-0.948699
7.35225e-10	-0.948496
7.35267e-10	-0.948294
7.35308e-10	-0.94809
7.3535e-10	-0.947887
7.35392e-10	-0.947683
7.35433e-10	-0.947479
7.35475e-10	-0.947274
7.35516e-10	-0.947069
7.35558e-10	-0.946864
7.35599e-10	-0.946658
7.35641e-10	-0.946452
7.35682e-10	-0.946245
7.35724e-10	-0.946038
7.35765e-10	-0.945831
7.35807e-10	-0.945623
7.35848e-10	-0.945415
7.3589e-10	-0.945207
7.35931e-10	-0.944998
7.35973e-10	-0.944788
7.36014e-10	-0.944579
7.36056e-10	-0.944369
7.36097e-10	-0.944158
7.36139e-10	-0.943947
7.36181e-10	-0.943736
7.36222e-10	-0.943525
7.36264e-10	-0.943313
7.36305e-10	-0.9431
7.36347e-10	-0.942888
7.36388e-10	-0.942674
7.3643e-10	-0.942461
7.36471e-10	-0.942247
7.36513e-10	-0.942033
7.36554e-10	-0.941818
7.36596e-10	-0.941603
7.36637e-10	-0.941387
7.36679e-10	-0.941172
7.3672e-10	-0.940955
7.36762e-10	-0.940739
7.36803e-10	-0.940522
7.36845e-10	-0.940305
7.36886e-10	-0.940087
7.36928e-10	-0.939869
7.3697e-10	-0.93965
7.37011e-10	-0.939431
7.37053e-10	-0.939212
7.37094e-10	-0.938992
7.37136e-10	-0.938772
7.37177e-10	-0.938552
7.37219e-10	-0.938331
7.3726e-10	-0.93811
7.37302e-10	-0.937888
7.37343e-10	-0.937666
7.37385e-10	-0.937444
7.37426e-10	-0.937221
7.37468e-10	-0.936998
7.37509e-10	-0.936774
7.37551e-10	-0.936551
7.37592e-10	-0.936326
7.37634e-10	-0.936102
7.37675e-10	-0.935877
7.37717e-10	-0.935651
7.37759e-10	-0.935425
7.378e-10	-0.935199
7.37842e-10	-0.934973
7.37883e-10	-0.934746
7.37925e-10	-0.934518
7.37966e-10	-0.934291
7.38008e-10	-0.934063
7.38049e-10	-0.933834
7.38091e-10	-0.933605
7.38132e-10	-0.933376
7.38174e-10	-0.933146
7.38215e-10	-0.932916
7.38257e-10	-0.932686
7.38298e-10	-0.932455
7.3834e-10	-0.932224
7.38381e-10	-0.931993
7.38423e-10	-0.931761
7.38464e-10	-0.931528
7.38506e-10	-0.931296
7.38548e-10	-0.931063
7.38589e-10	-0.930829
7.38631e-10	-0.930595
7.38672e-10	-0.930361
7.38714e-10	-0.930127
7.38755e-10	-0.929892
7.38797e-10	-0.929656
7.38838e-10	-0.929421
7.3888e-10	-0.929185
7.38921e-10	-0.928948
7.38963e-10	-0.928711
7.39004e-10	-0.928474
7.39046e-10	-0.928236
7.39087e-10	-0.927998
7.39129e-10	-0.92776
7.3917e-10	-0.927521
7.39212e-10	-0.927282
7.39253e-10	-0.927043
7.39295e-10	-0.926803
7.39337e-10	-0.926563
7.39378e-10	-0.926322
7.3942e-10	-0.926081
7.39461e-10	-0.92584
7.39503e-10	-0.925598
7.39544e-10	-0.925356
7.39586e-10	-0.925113
7.39627e-10	-0.92487
7.39669e-10	-0.924627
7.3971e-10	-0.924383
7.39752e-10	-0.924139
7.39793e-10	-0.923895
7.39835e-10	-0.92365
7.39876e-10	-0.923405
7.39918e-10	-0.923159
7.39959e-10	-0.922913
7.40001e-10	-0.922667
7.40042e-10	-0.92242
7.40084e-10	-0.922173
7.40126e-10	-0.921926
7.40167e-10	-0.921678
7.40209e-10	-0.92143
7.4025e-10	-0.921181
7.40292e-10	-0.920932
7.40333e-10	-0.920683
7.40375e-10	-0.920433
7.40416e-10	-0.920183
7.40458e-10	-0.919933
7.40499e-10	-0.919682
7.40541e-10	-0.919431
7.40582e-10	-0.919179
7.40624e-10	-0.918927
7.40665e-10	-0.918675
7.40707e-10	-0.918422
7.40748e-10	-0.918169
7.4079e-10	-0.917916
7.40831e-10	-0.917662
7.40873e-10	-0.917408
7.40915e-10	-0.917153
7.40956e-10	-0.916898
7.40998e-10	-0.916643
7.41039e-10	-0.916387
7.41081e-10	-0.916131
7.41122e-10	-0.915875
7.41164e-10	-0.915618
7.41205e-10	-0.915361
7.41247e-10	-0.915103
7.41288e-10	-0.914845
7.4133e-10	-0.914587
7.41371e-10	-0.914328
7.41413e-10	-0.914069
7.41454e-10	-0.91381
7.41496e-10	-0.91355
7.41537e-10	-0.91329
7.41579e-10	-0.913029
7.4162e-10	-0.912768
7.41662e-10	-0.912507
7.41704e-10	-0.912245
7.41745e-10	-0.911983
7.41787e-10	-0.911721
7.41828e-10	-0.911458
7.4187e-10	-0.911195
7.41911e-10	-0.910931
7.41953e-10	-0.910667
7.41994e-10	-0.910403
7.42036e-10	-0.910138
7.42077e-10	-0.909873
7.42119e-10	-0.909608
7.4216e-10	-0.909342
7.42202e-10	-0.909076
7.42243e-10	-0.908809
7.42285e-10	-0.908543
7.42326e-10	-0.908275
7.42368e-10	-0.908008
7.42409e-10	-0.90774
7.42451e-10	-0.907471
7.42493e-10	-0.907203
7.42534e-10	-0.906933
7.42576e-10	-0.906664
7.42617e-10	-0.906394
7.42659e-10	-0.906124
7.427e-10	-0.905853
7.42742e-10	-0.905582
7.42783e-10	-0.905311
7.42825e-10	-0.905039
7.42866e-10	-0.904767
7.42908e-10	-0.904495
7.42949e-10	-0.904222
7.42991e-10	-0.903949
7.43032e-10	-0.903675
7.43074e-10	-0.903401
7.43115e-10	-0.903127
7.43157e-10	-0.902852
7.43198e-10	-0.902577
7.4324e-10	-0.902302
7.43282e-10	-0.902026
7.43323e-10	-0.90175
7.43365e-10	-0.901473
7.43406e-10	-0.901197
7.43448e-10	-0.900919
7.43489e-10	-0.900642
7.43531e-10	-0.900364
7.43572e-10	-0.900085
7.43614e-10	-0.899807
7.43655e-10	-0.899528
7.43697e-10	-0.899248
7.43738e-10	-0.898968
7.4378e-10	-0.898688
7.43821e-10	-0.898408
7.43863e-10	-0.898127
7.43904e-10	-0.897845
7.43946e-10	-0.897564
7.43987e-10	-0.897282
7.44029e-10	-0.896999
7.44071e-10	-0.896717
7.44112e-10	-0.896433
7.44154e-10	-0.89615
7.44195e-10	-0.895866
7.44237e-10	-0.895582
7.44278e-10	-0.895297
7.4432e-10	-0.895012
7.44361e-10	-0.894727
7.44403e-10	-0.894441
7.44444e-10	-0.894155
7.44486e-10	-0.893869
7.44527e-10	-0.893582
7.44569e-10	-0.893295
7.4461e-10	-0.893008
7.44652e-10	-0.89272
7.44693e-10	-0.892431
7.44735e-10	-0.892143
7.44776e-10	-0.891854
7.44818e-10	-0.891564
7.4486e-10	-0.891275
7.44901e-10	-0.890985
7.44943e-10	-0.890694
7.44984e-10	-0.890404
7.45026e-10	-0.890112
7.45067e-10	-0.889821
7.45109e-10	-0.889529
7.4515e-10	-0.889237
7.45192e-10	-0.888944
7.45233e-10	-0.888651
7.45275e-10	-0.888358
7.45316e-10	-0.888064
7.45358e-10	-0.88777
7.45399e-10	-0.887476
7.45441e-10	-0.887181
7.45482e-10	-0.886886
7.45524e-10	-0.88659
7.45565e-10	-0.886294
7.45607e-10	-0.885998
7.45649e-10	-0.885702
7.4569e-10	-0.885405
7.45732e-10	-0.885107
7.45773e-10	-0.88481
7.45815e-10	-0.884512
7.45856e-10	-0.884213
7.45898e-10	-0.883914
7.45939e-10	-0.883615
7.45981e-10	-0.883316
7.46022e-10	-0.883016
7.46064e-10	-0.882716
7.46105e-10	-0.882415
7.46147e-10	-0.882114
7.46188e-10	-0.881813
7.4623e-10	-0.881511
7.46271e-10	-0.881209
7.46313e-10	-0.880907
7.46354e-10	-0.880604
7.46396e-10	-0.880301
7.46438e-10	-0.879998
7.46479e-10	-0.879694
7.46521e-10	-0.87939
7.46562e-10	-0.879085
7.46604e-10	-0.87878
7.46645e-10	-0.878475
7.46687e-10	-0.878169
7.46728e-10	-0.877863
7.4677e-10	-0.877557
7.46811e-10	-0.87725
7.46853e-10	-0.876943
7.46894e-10	-0.876636
7.46936e-10	-0.876328
7.46977e-10	-0.87602
7.47019e-10	-0.875712
7.4706e-10	-0.875403
7.47102e-10	-0.875094
7.47144e-10	-0.874784
7.47185e-10	-0.874474
7.47227e-10	-0.874164
7.47268e-10	-0.873853
7.4731e-10	-0.873542
7.47351e-10	-0.873231
7.47393e-10	-0.872919
7.47434e-10	-0.872607
7.47476e-10	-0.872295
7.47517e-10	-0.871982
7.47559e-10	-0.871669
7.476e-10	-0.871356
7.47642e-10	-0.871042
7.47683e-10	-0.870727
7.47725e-10	-0.870413
7.47766e-10	-0.870098
7.47808e-10	-0.869783
7.47849e-10	-0.869467
7.47891e-10	-0.869151
7.47933e-10	-0.868835
7.47974e-10	-0.868518
7.48016e-10	-0.868201
7.48057e-10	-0.867884
7.48099e-10	-0.867566
7.4814e-10	-0.867248
7.48182e-10	-0.86693
7.48223e-10	-0.866611
7.48265e-10	-0.866292
7.48306e-10	-0.865972
7.48348e-10	-0.865652
7.48389e-10	-0.865332
7.48431e-10	-0.865012
7.48472e-10	-0.864691
7.48514e-10	-0.864369
7.48555e-10	-0.864048
7.48597e-10	-0.863726
7.48638e-10	-0.863403
7.4868e-10	-0.863081
7.48722e-10	-0.862758
7.48763e-10	-0.862434
7.48805e-10	-0.86211
7.48846e-10	-0.861786
7.48888e-10	-0.861462
7.48929e-10	-0.861137
7.48971e-10	-0.860812
7.49012e-10	-0.860486
7.49054e-10	-0.860161
7.49095e-10	-0.859834
7.49137e-10	-0.859508
7.49178e-10	-0.859181
7.4922e-10	-0.858854
7.49261e-10	-0.858526
7.49303e-10	-0.858198
7.49344e-10	-0.85787
7.49386e-10	-0.857541
7.49427e-10	-0.857212
7.49469e-10	-0.856883
7.49511e-10	-0.856553
7.49552e-10	-0.856223
7.49594e-10	-0.855893
7.49635e-10	-0.855562
7.49677e-10	-0.855231
7.49718e-10	-0.854899
7.4976e-10	-0.854567
7.49801e-10	-0.854235
7.49843e-10	-0.853903
7.49884e-10	-0.85357
7.49926e-10	-0.853237
7.49967e-10	-0.852903
7.50009e-10	-0.852569
7.5005e-10	-0.852235
7.50092e-10	-0.8519
7.50133e-10	-0.851565
7.50175e-10	-0.85123
7.50216e-10	-0.850894
7.50258e-10	-0.850558
7.503e-10	-0.850222
7.50341e-10	-0.849885
7.50383e-10	-0.849548
7.50424e-10	-0.849211
7.50466e-10	-0.848873
7.50507e-10	-0.848535
7.50549e-10	-0.848197
7.5059e-10	-0.847858
7.50632e-10	-0.847519
7.50673e-10	-0.847179
7.50715e-10	-0.84684
7.50756e-10	-0.846499
7.50798e-10	-0.846159
7.50839e-10	-0.845818
7.50881e-10	-0.845477
7.50922e-10	-0.845135
7.50964e-10	-0.844793
7.51005e-10	-0.844451
7.51047e-10	-0.844109
7.51089e-10	-0.843766
7.5113e-10	-0.843422
7.51172e-10	-0.843079
7.51213e-10	-0.842735
7.51255e-10	-0.842391
7.51296e-10	-0.842046
7.51338e-10	-0.841701
7.51379e-10	-0.841356
7.51421e-10	-0.84101
7.51462e-10	-0.840664
7.51504e-10	-0.840318
7.51545e-10	-0.839971
7.51587e-10	-0.839624
7.51628e-10	-0.839276
7.5167e-10	-0.838929
7.51711e-10	-0.838581
7.51753e-10	-0.838232
7.51794e-10	-0.837883
7.51836e-10	-0.837534
7.51878e-10	-0.837185
7.51919e-10	-0.836835
7.51961e-10	-0.836485
7.52002e-10	-0.836134
7.52044e-10	-0.835784
7.52085e-10	-0.835433
7.52127e-10	-0.835081
7.52168e-10	-0.834729
7.5221e-10	-0.834377
7.52251e-10	-0.834024
7.52293e-10	-0.833672
7.52334e-10	-0.833318
7.52376e-10	-0.832965
7.52417e-10	-0.832611
7.52459e-10	-0.832257
7.525e-10	-0.831902
7.52542e-10	-0.831547
7.52583e-10	-0.831192
7.52625e-10	-0.830836
7.52667e-10	-0.830481
7.52708e-10	-0.830124
7.5275e-10	-0.829768
7.52791e-10	-0.829411
7.52833e-10	-0.829053
7.52874e-10	-0.828696
7.52916e-10	-0.828338
7.52957e-10	-0.82798
7.52999e-10	-0.827621
7.5304e-10	-0.827262
7.53082e-10	-0.826903
7.53123e-10	-0.826543
7.53165e-10	-0.826183
7.53206e-10	-0.825823
7.53248e-10	-0.825462
7.53289e-10	-0.825101
7.53331e-10	-0.82474
7.53372e-10	-0.824378
7.53414e-10	-0.824016
7.53456e-10	-0.823654
7.53497e-10	-0.823291
7.53539e-10	-0.822928
7.5358e-10	-0.822565
7.53622e-10	-0.822201
7.53663e-10	-0.821837
7.53705e-10	-0.821473
7.53746e-10	-0.821108
7.53788e-10	-0.820743
7.53829e-10	-0.820377
7.53871e-10	-0.820012
7.53912e-10	-0.819646
7.53954e-10	-0.819279
7.53995e-10	-0.818913
7.54037e-10	-0.818546
7.54078e-10	-0.818178
7.5412e-10	-0.81781
7.54161e-10	-0.817442
7.54203e-10	-0.817074
7.54245e-10	-0.816705
7.54286e-10	-0.816336
7.54328e-10	-0.815967
7.54369e-10	-0.815597
7.54411e-10	-0.815227
7.54452e-10	-0.814857
7.54494e-10	-0.814486
7.54535e-10	-0.814115
7.54577e-10	-0.813744
7.54618e-10	-0.813372
7.5466e-10	-0.813
7.54701e-10	-0.812627
7.54743e-10	-0.812255
7.54784e-10	-0.811882
7.54826e-10	-0.811508
7.54867e-10	-0.811135
7.54909e-10	-0.810761
7.5495e-10	-0.810386
7.54992e-10	-0.810012
7.55034e-10	-0.809637
7.55075e-10	-0.809261
7.55117e-10	-0.808885
7.55158e-10	-0.808509
7.552e-10	-0.808133
7.55241e-10	-0.807756
7.55283e-10	-0.807379
7.55324e-10	-0.807002
7.55366e-10	-0.806624
7.55407e-10	-0.806246
7.55449e-10	-0.805868
7.5549e-10	-0.805489
7.55532e-10	-0.80511
7.55573e-10	-0.804731
7.55615e-10	-0.804351
7.55656e-10	-0.803971
7.55698e-10	-0.803591
7.55739e-10	-0.80321
7.55781e-10	-0.80283
7.55823e-10	-0.802448
7.55864e-10	-0.802067
7.55906e-10	-0.801685
7.55947e-10	-0.801302
7.55989e-10	-0.80092
7.5603e-10	-0.800537
7.56072e-10	-0.800154
7.56113e-10	-0.79977
7.56155e-10	-0.799386
7.56196e-10	-0.799002
7.56238e-10	-0.798617
7.56279e-10	-0.798232
7.56321e-10	-0.797847
7.56362e-10	-0.797462
7.56404e-10	-0.797076
7.56445e-10	-0.79669
7.56487e-10	-0.796303
7.56528e-10	-0.795916
7.5657e-10	-0.795529
7.56612e-10	-0.795142
7.56653e-10	-0.794754
7.56695e-10	-0.794366
7.56736e-10	-0.793977
7.56778e-10	-0.793588
7.56819e-10	-0.793199
7.56861e-10	-0.79281
7.56902e-10	-0.79242
7.56944e-10	-0.79203
7.56985e-10	-0.79164
7.57027e-10	-0.791249
7.57068e-10	-0.790858
7.5711e-10	-0.790466
7.57151e-10	-0.790075
7.57193e-10	-0.789683
7.57234e-10	-0.78929
7.57276e-10	-0.788898
7.57317e-10	-0.788505
7.57359e-10	-0.788111
7.57401e-10	-0.787718
7.57442e-10	-0.787324
7.57484e-10	-0.786929
7.57525e-10	-0.786535
7.57567e-10	-0.78614
7.57608e-10	-0.785745
7.5765e-10	-0.785349
7.57691e-10	-0.784953
7.57733e-10	-0.784557
7.57774e-10	-0.78416
7.57816e-10	-0.783764
7.57857e-10	-0.783366
7.57899e-10	-0.782969
7.5794e-10	-0.782571
7.57982e-10	-0.782173
7.58023e-10	-0.781775
7.58065e-10	-0.781376
7.58106e-10	-0.780977
7.58148e-10	-0.780577
7.5819e-10	-0.780178
7.58231e-10	-0.779777
7.58273e-10	-0.779377
7.58314e-10	-0.778976
7.58356e-10	-0.778575
7.58397e-10	-0.778174
7.58439e-10	-0.777772
7.5848e-10	-0.777371
7.58522e-10	-0.776968
7.58563e-10	-0.776566
7.58605e-10	-0.776163
7.58646e-10	-0.77576
7.58688e-10	-0.775356
7.58729e-10	-0.774952
7.58771e-10	-0.774548
7.58812e-10	-0.774143
7.58854e-10	-0.773739
7.58895e-10	-0.773333
7.58937e-10	-0.772928
7.58979e-10	-0.772522
7.5902e-10	-0.772116
7.59062e-10	-0.77171
7.59103e-10	-0.771303
7.59145e-10	-0.770896
7.59186e-10	-0.770489
7.59228e-10	-0.770081
7.59269e-10	-0.769673
7.59311e-10	-0.769265
7.59352e-10	-0.768856
7.59394e-10	-0.768447
7.59435e-10	-0.768038
7.59477e-10	-0.767629
7.59518e-10	-0.767219
7.5956e-10	-0.766809
7.59601e-10	-0.766398
7.59643e-10	-0.765987
7.59684e-10	-0.765576
7.59726e-10	-0.765165
7.59768e-10	-0.764753
7.59809e-10	-0.764341
7.59851e-10	-0.763929
7.59892e-10	-0.763516
7.59934e-10	-0.763103
7.59975e-10	-0.76269
7.60017e-10	-0.762276
7.60058e-10	-0.761862
7.601e-10	-0.761448
7.60141e-10	-0.761034
7.60183e-10	-0.760619
7.60224e-10	-0.760204
7.60266e-10	-0.759788
7.60307e-10	-0.759372
7.60349e-10	-0.758956
7.6039e-10	-0.75854
7.60432e-10	-0.758123
7.60473e-10	-0.757706
7.60515e-10	-0.757289
7.60557e-10	-0.756871
7.60598e-10	-0.756453
7.6064e-10	-0.756035
7.60681e-10	-0.755616
7.60723e-10	-0.755197
7.60764e-10	-0.754778
7.60806e-10	-0.754359
7.60847e-10	-0.753939
7.60889e-10	-0.753519
7.6093e-10	-0.753098
7.60972e-10	-0.752678
7.61013e-10	-0.752257
7.61055e-10	-0.751835
7.61096e-10	-0.751414
7.61138e-10	-0.750992
7.61179e-10	-0.75057
7.61221e-10	-0.750147
7.61262e-10	-0.749724
7.61304e-10	-0.749301
7.61346e-10	-0.748877
7.61387e-10	-0.748454
7.61429e-10	-0.74803
7.6147e-10	-0.747605
7.61512e-10	-0.74718
7.61553e-10	-0.746755
7.61595e-10	-0.74633
7.61636e-10	-0.745905
7.61678e-10	-0.745479
7.61719e-10	-0.745052
7.61761e-10	-0.744626
7.61802e-10	-0.744199
7.61844e-10	-0.743772
7.61885e-10	-0.743344
7.61927e-10	-0.742917
7.61968e-10	-0.742489
7.6201e-10	-0.74206
7.62051e-10	-0.741632
7.62093e-10	-0.741203
7.62135e-10	-0.740773
7.62176e-10	-0.740344
7.62218e-10	-0.739914
7.62259e-10	-0.739484
7.62301e-10	-0.739053
7.62342e-10	-0.738622
7.62384e-10	-0.738191
7.62425e-10	-0.73776
7.62467e-10	-0.737328
7.62508e-10	-0.736896
7.6255e-10	-0.736464
7.62591e-10	-0.736031
7.62633e-10	-0.735599
7.62674e-10	-0.735165
7.62716e-10	-0.734732
7.62757e-10	-0.734298
7.62799e-10	-0.733864
7.6284e-10	-0.73343
7.62882e-10	-0.732995
7.62924e-10	-0.73256
7.62965e-10	-0.732125
7.63007e-10	-0.731689
7.63048e-10	-0.731253
7.6309e-10	-0.730817
7.63131e-10	-0.730381
7.63173e-10	-0.729944
7.63214e-10	-0.729507
7.63256e-10	-0.729069
7.63297e-10	-0.728632
7.63339e-10	-0.728194
7.6338e-10	-0.727755
7.63422e-10	-0.727317
7.63463e-10	-0.726878
7.63505e-10	-0.726439
7.63546e-10	-0.725999
7.63588e-10	-0.72556
7.63629e-10	-0.725119
7.63671e-10	-0.724679
7.63713e-10	-0.724238
7.63754e-10	-0.723798
7.63796e-10	-0.723356
7.63837e-10	-0.722915
7.63879e-10	-0.722473
7.6392e-10	-0.722031
7.63962e-10	-0.721588
7.64003e-10	-0.721146
7.64045e-10	-0.720703
7.64086e-10	-0.720259
7.64128e-10	-0.719816
7.64169e-10	-0.719372
7.64211e-10	-0.718928
7.64252e-10	-0.718483
7.64294e-10	-0.718038
7.64335e-10	-0.717593
7.64377e-10	-0.717148
7.64418e-10	-0.716702
7.6446e-10	-0.716256
7.64502e-10	-0.71581
7.64543e-10	-0.715364
7.64585e-10	-0.714917
7.64626e-10	-0.71447
7.64668e-10	-0.714022
7.64709e-10	-0.713575
7.64751e-10	-0.713127
7.64792e-10	-0.712678
7.64834e-10	-0.71223
7.64875e-10	-0.711781
7.64917e-10	-0.711332
7.64958e-10	-0.710882
7.65e-10	-0.710433
7.65041e-10	-0.709983
7.65083e-10	-0.709532
7.65124e-10	-0.709082
7.65166e-10	-0.708631
7.65207e-10	-0.70818
7.65249e-10	-0.707728
7.65291e-10	-0.707276
7.65332e-10	-0.706824
7.65374e-10	-0.706372
7.65415e-10	-0.705919
7.65457e-10	-0.705466
7.65498e-10	-0.705013
7.6554e-10	-0.70456
7.65581e-10	-0.704106
7.65623e-10	-0.703652
7.65664e-10	-0.703197
7.65706e-10	-0.702743
7.65747e-10	-0.702288
7.65789e-10	-0.701833
7.6583e-10	-0.701377
7.65872e-10	-0.700921
7.65913e-10	-0.700465
7.65955e-10	-0.700009
7.65996e-10	-0.699552
7.66038e-10	-0.699095
7.6608e-10	-0.698638
7.66121e-10	-0.69818
7.66163e-10	-0.697723
7.66204e-10	-0.697265
7.66246e-10	-0.696806
7.66287e-10	-0.696348
7.66329e-10	-0.695889
7.6637e-10	-0.69543
7.66412e-10	-0.69497
7.66453e-10	-0.69451
7.66495e-10	-0.69405
7.66536e-10	-0.69359
7.66578e-10	-0.693129
7.66619e-10	-0.692668
7.66661e-10	-0.692207
7.66702e-10	-0.691746
7.66744e-10	-0.691284
7.66786e-10	-0.690822
7.66827e-10	-0.690359
7.66869e-10	-0.689897
7.6691e-10	-0.689434
7.66952e-10	-0.688971
7.66993e-10	-0.688507
7.67035e-10	-0.688043
7.67076e-10	-0.687579
7.67118e-10	-0.687115
7.67159e-10	-0.686651
7.67201e-10	-0.686186
7.67242e-10	-0.685721
7.67284e-10	-0.685255
7.67325e-10	-0.684789
7.67367e-10	-0.684323
7.67408e-10	-0.683857
7.6745e-10	-0.683391
7.67491e-10	-0.682924
7.67533e-10	-0.682457
7.67575e-10	-0.681989
7.67616e-10	-0.681522
7.67658e-10	-0.681054
7.67699e-10	-0.680585
7.67741e-10	-0.680117
7.67782e-10	-0.679648
7.67824e-10	-0.679179
7.67865e-10	-0.67871
7.67907e-10	-0.67824
7.67948e-10	-0.67777
7.6799e-10	-0.6773
7.68031e-10	-0.67683
7.68073e-10	-0.676359
7.68114e-10	-0.675888
7.68156e-10	-0.675417
7.68197e-10	-0.674945
7.68239e-10	-0.674473
7.6828e-10	-0.674001
7.68322e-10	-0.673529
7.68364e-10	-0.673056
7.68405e-10	-0.672583
7.68447e-10	-0.67211
7.68488e-10	-0.671637
7.6853e-10	-0.671163
7.68571e-10	-0.670689
7.68613e-10	-0.670215
7.68654e-10	-0.66974
7.68696e-10	-0.669265
7.68737e-10	-0.66879
7.68779e-10	-0.668315
7.6882e-10	-0.667839
7.68862e-10	-0.667363
7.68903e-10	-0.666887
7.68945e-10	-0.66641
7.68986e-10	-0.665934
7.69028e-10	-0.665457
7.69069e-10	-0.664979
7.69111e-10	-0.664502
7.69153e-10	-0.664024
7.69194e-10	-0.663546
7.69236e-10	-0.663067
7.69277e-10	-0.662589
7.69319e-10	-0.66211
7.6936e-10	-0.661631
7.69402e-10	-0.661151
7.69443e-10	-0.660671
7.69485e-10	-0.660191
7.69526e-10	-0.659711
7.69568e-10	-0.659231
7.69609e-10	-0.65875
7.69651e-10	-0.658269
7.69692e-10	-0.657787
7.69734e-10	-0.657306
7.69775e-10	-0.656824
7.69817e-10	-0.656342
7.69858e-10	-0.655859
7.699e-10	-0.655377
7.69942e-10	-0.654894
7.69983e-10	-0.65441
7.70025e-10	-0.653927
7.70066e-10	-0.653443
7.70108e-10	-0.652959
7.70149e-10	-0.652475
7.70191e-10	-0.65199
7.70232e-10	-0.651505
7.70274e-10	-0.65102
7.70315e-10	-0.650535
7.70357e-10	-0.650049
7.70398e-10	-0.649563
7.7044e-10	-0.649077
7.70481e-10	-0.648591
7.70523e-10	-0.648104
7.70564e-10	-0.647617
7.70606e-10	-0.64713
7.70647e-10	-0.646643
7.70689e-10	-0.646155
7.70731e-10	-0.645667
7.70772e-10	-0.645178
7.70814e-10	-0.64469
7.70855e-10	-0.644201
7.70897e-10	-0.643712
7.70938e-10	-0.643223
7.7098e-10	-0.642733
7.71021e-10	-0.642243
7.71063e-10	-0.641753
7.71104e-10	-0.641263
7.71146e-10	-0.640772
7.71187e-10	-0.640281
7.71229e-10	-0.63979
7.7127e-10	-0.639299
7.71312e-10	-0.638807
7.71353e-10	-0.638315
7.71395e-10	-0.637823
7.71436e-10	-0.63733
7.71478e-10	-0.636838
7.7152e-10	-0.636345
7.71561e-10	-0.635851
7.71603e-10	-0.635358
7.71644e-10	-0.634864
7.71686e-10	-0.63437
7.71727e-10	-0.633876
7.71769e-10	-0.633381
7.7181e-10	-0.632886
7.71852e-10	-0.632391
7.71893e-10	-0.631896
7.71935e-10	-0.631401
7.71976e-10	-0.630905
7.72018e-10	-0.630409
7.72059e-10	-0.629912
7.72101e-10	-0.629416
7.72142e-10	-0.628919
7.72184e-10	-0.628422
7.72225e-10	-0.627924
7.72267e-10	-0.627427
7.72309e-10	-0.626929
7.7235e-10	-0.626431
7.72392e-10	-0.625932
7.72433e-10	-0.625433
7.72475e-10	-0.624935
7.72516e-10	-0.624435
7.72558e-10	-0.623936
7.72599e-10	-0.623436
7.72641e-10	-0.622936
7.72682e-10	-0.622436
7.72724e-10	-0.621936
7.72765e-10	-0.621435
7.72807e-10	-0.620934
7.72848e-10	-0.620433
7.7289e-10	-0.619931
7.72931e-10	-0.61943
7.72973e-10	-0.618928
7.73014e-10	-0.618425
7.73056e-10	-0.617923
7.73098e-10	-0.61742
7.73139e-10	-0.616917
7.73181e-10	-0.616414
7.73222e-10	-0.615911
7.73264e-10	-0.615407
7.73305e-10	-0.614903
7.73347e-10	-0.614399
7.73388e-10	-0.613894
7.7343e-10	-0.613389
7.73471e-10	-0.612884
7.73513e-10	-0.612379
7.73554e-10	-0.611874
7.73596e-10	-0.611368
7.73637e-10	-0.610862
7.73679e-10	-0.610356
7.7372e-10	-0.609849
7.73762e-10	-0.609342
7.73803e-10	-0.608835
7.73845e-10	-0.608328
7.73887e-10	-0.607821
7.73928e-10	-0.607313
7.7397e-10	-0.606805
7.74011e-10	-0.606297
7.74053e-10	-0.605788
7.74094e-10	-0.60528
7.74136e-10	-0.604771
7.74177e-10	-0.604261
7.74219e-10	-0.603752
7.7426e-10	-0.603242
7.74302e-10	-0.602732
7.74343e-10	-0.602222
7.74385e-10	-0.601712
7.74426e-10	-0.601201
7.74468e-10	-0.60069
7.74509e-10	-0.600179
7.74551e-10	-0.599667
7.74592e-10	-0.599156
7.74634e-10	-0.598644
7.74676e-10	-0.598131
7.74717e-10	-0.597619
7.74759e-10	-0.597106
7.748e-10	-0.596593
7.74842e-10	-0.59608
7.74883e-10	-0.595567
7.74925e-10	-0.595053
7.74966e-10	-0.594539
7.75008e-10	-0.594025
7.75049e-10	-0.593511
7.75091e-10	-0.592996
7.75132e-10	-0.592481
7.75174e-10	-0.591966
7.75215e-10	-0.591451
7.75257e-10	-0.590935
7.75298e-10	-0.59042
7.7534e-10	-0.589904
7.75381e-10	-0.589387
7.75423e-10	-0.588871
7.75465e-10	-0.588354
7.75506e-10	-0.587837
7.75548e-10	-0.58732
7.75589e-10	-0.586802
7.75631e-10	-0.586284
7.75672e-10	-0.585766
7.75714e-10	-0.585248
7.75755e-10	-0.58473
7.75797e-10	-0.584211
7.75838e-10	-0.583692
7.7588e-10	-0.583173
7.75921e-10	-0.582654
7.75963e-10	-0.582134
7.76004e-10	-0.581614
7.76046e-10	-0.581094
7.76087e-10	-0.580574
7.76129e-10	-0.580053
7.7617e-10	-0.579532
7.76212e-10	-0.579011
7.76254e-10	-0.57849
7.76295e-10	-0.577968
7.76337e-10	-0.577446
7.76378e-10	-0.576924
7.7642e-10	-0.576402
7.76461e-10	-0.57588
7.76503e-10	-0.575357
7.76544e-10	-0.574834
7.76586e-10	-0.574311
7.76627e-10	-0.573787
7.76669e-10	-0.573264
7.7671e-10	-0.57274
7.76752e-10	-0.572216
7.76793e-10	-0.571691
7.76835e-10	-0.571167
7.76876e-10	-0.570642
7.76918e-10	-0.570117
7.76959e-10	-0.569591
7.77001e-10	-0.569066
7.77043e-10	-0.56854
7.77084e-10	-0.568014
7.77126e-10	-0.567488
7.77167e-10	-0.566961
7.77209e-10	-0.566435
7.7725e-10	-0.565908
7.77292e-10	-0.565381
7.77333e-10	-0.564853
7.77375e-10	-0.564326
7.77416e-10	-0.563798
7.77458e-10	-0.56327
7.77499e-10	-0.562741
7.77541e-10	-0.562213
7.77582e-10	-0.561684
7.77624e-10	-0.561155
7.77665e-10	-0.560626
7.77707e-10	-0.560096
7.77748e-10	-0.559567
7.7779e-10	-0.559037
7.77832e-10	-0.558507
7.77873e-10	-0.557976
7.77915e-10	-0.557446
7.77956e-10	-0.556915
7.77998e-10	-0.556384
7.78039e-10	-0.555853
7.78081e-10	-0.555321
7.78122e-10	-0.554789
7.78164e-10	-0.554257
7.78205e-10	-0.553725
7.78247e-10	-0.553193
7.78288e-10	-0.55266
7.7833e-10	-0.552127
7.78371e-10	-0.551594
7.78413e-10	-0.551061
7.78454e-10	-0.550527
7.78496e-10	-0.549994
7.78537e-10	-0.54946
7.78579e-10	-0.548925
7.78621e-10	-0.548391
7.78662e-10	-0.547856
7.78704e-10	-0.547321
7.78745e-10	-0.546786
7.78787e-10	-0.546251
7.78828e-10	-0.545715
7.7887e-10	-0.545179
7.78911e-10	-0.544644
7.78953e-10	-0.544107
7.78994e-10	-0.543571
7.79036e-10	-0.543034
7.79077e-10	-0.542497
7.79119e-10	-0.54196
7.7916e-10	-0.541423
7.79202e-10	-0.540885
7.79243e-10	-0.540347
7.79285e-10	-0.539809
7.79326e-10	-0.539271
7.79368e-10	-0.538733
7.7941e-10	-0.538194
7.79451e-10	-0.537655
7.79493e-10	-0.537116
7.79534e-10	-0.536577
7.79576e-10	-0.536037
7.79617e-10	-0.535497
7.79659e-10	-0.534958
7.797e-10	-0.534417
7.79742e-10	-0.533877
7.79783e-10	-0.533336
7.79825e-10	-0.532795
7.79866e-10	-0.532254
7.79908e-10	-0.531713
7.79949e-10	-0.531172
7.79991e-10	-0.53063
7.80032e-10	-0.530088
7.80074e-10	-0.529546
7.80115e-10	-0.529003
7.80157e-10	-0.528461
7.80199e-10	-0.527918
7.8024e-10	-0.527375
7.80282e-10	-0.526832
7.80323e-10	-0.526288
7.80365e-10	-0.525745
7.80406e-10	-0.525201
7.80448e-10	-0.524657
7.80489e-10	-0.524112
7.80531e-10	-0.523568
7.80572e-10	-0.523023
7.80614e-10	-0.522478
7.80655e-10	-0.521933
7.80697e-10	-0.521388
7.80738e-10	-0.520842
7.8078e-10	-0.520296
7.80821e-10	-0.51975
7.80863e-10	-0.519204
7.80904e-10	-0.518658
7.80946e-10	-0.518111
7.80988e-10	-0.517564
7.81029e-10	-0.517017
7.81071e-10	-0.51647
7.81112e-10	-0.515922
7.81154e-10	-0.515374
7.81195e-10	-0.514826
7.81237e-10	-0.514278
7.81278e-10	-0.51373
7.8132e-10	-0.513181
7.81361e-10	-0.512633
7.81403e-10	-0.512084
7.81444e-10	-0.511535
7.81486e-10	-0.510985
7.81527e-10	-0.510436
7.81569e-10	-0.509886
7.8161e-10	-0.509336
7.81652e-10	-0.508786
7.81693e-10	-0.508235
7.81735e-10	-0.507684
7.81777e-10	-0.507134
7.81818e-10	-0.506583
7.8186e-10	-0.506031
7.81901e-10	-0.50548
7.81943e-10	-0.504928
7.81984e-10	-0.504376
7.82026e-10	-0.503824
7.82067e-10	-0.503272
7.82109e-10	-0.502719
7.8215e-10	-0.502167
7.82192e-10	-0.501614
7.82233e-10	-0.501061
7.82275e-10	-0.500507
7.82316e-10	-0.499954
7.82358e-10	-0.4994
7.82399e-10	-0.498846
7.82441e-10	-0.498292
7.82482e-10	-0.497738
7.82524e-10	-0.497183
7.82566e-10	-0.496628
7.82607e-10	-0.496074
7.82649e-10	-0.495518
7.8269e-10	-0.494963
7.82732e-10	-0.494407
7.82773e-10	-0.493852
7.82815e-10	-0.493296
7.82856e-10	-0.49274
7.82898e-10	-0.492183
7.82939e-10	-0.491627
7.82981e-10	-0.49107
7.83022e-10	-0.490513
7.83064e-10	-0.489956
7.83105e-10	-0.489398
7.83147e-10	-0.488841
7.83188e-10	-0.488283
7.8323e-10	-0.487725
7.83271e-10	-0.487167
7.83313e-10	-0.486609
7.83355e-10	-0.48605
7.83396e-10	-0.485491
7.83438e-10	-0.484932
7.83479e-10	-0.484373
7.83521e-10	-0.483814
7.83562e-10	-0.483254
7.83604e-10	-0.482695
7.83645e-10	-0.482135
7.83687e-10	-0.481574
7.83728e-10	-0.481014
7.8377e-10	-0.480454
7.83811e-10	-0.479893
7.83853e-10	-0.479332
7.83894e-10	-0.478771
7.83936e-10	-0.478209
7.83977e-10	-0.477648
7.84019e-10	-0.477086
7.8406e-10	-0.476524
7.84102e-10	-0.475962
7.84144e-10	-0.4754
7.84185e-10	-0.474837
7.84227e-10	-0.474275
7.84268e-10	-0.473712
7.8431e-10	-0.473149
7.84351e-10	-0.472585
7.84393e-10	-0.472022
7.84434e-10	-0.471458
7.84476e-10	-0.470895
7.84517e-10	-0.470331
7.84559e-10	-0.469766
7.846e-10	-0.469202
7.84642e-10	-0.468637
7.84683e-10	-0.468072
7.84725e-10	-0.467507
7.84766e-10	-0.466942
7.84808e-10	-0.466377
7.84849e-10	-0.465811
7.84891e-10	-0.465246
7.84933e-10	-0.46468
7.84974e-10	-0.464114
7.85016e-10	-0.463547
7.85057e-10	-0.462981
7.85099e-10	-0.462414
7.8514e-10	-0.461847
7.85182e-10	-0.46128
7.85223e-10	-0.460713
7.85265e-10	-0.460145
7.85306e-10	-0.459578
7.85348e-10	-0.45901
7.85389e-10	-0.458442
7.85431e-10	-0.457874
7.85472e-10	-0.457305
7.85514e-10	-0.456737
7.85555e-10	-0.456168
7.85597e-10	-0.455599
7.85638e-10	-0.45503
7.8568e-10	-0.45446
7.85722e-10	-0.453891
7.85763e-10	-0.453321
7.85805e-10	-0.452751
7.85846e-10	-0.452181
7.85888e-10	-0.451611
7.85929e-10	-0.45104
7.85971e-10	-0.45047
7.86012e-10	-0.449899
7.86054e-10	-0.449328
7.86095e-10	-0.448757
7.86137e-10	-0.448186
7.86178e-10	-0.447614
7.8622e-10	-0.447042
7.86261e-10	-0.44647
7.86303e-10	-0.445898
7.86344e-10	-0.445326
7.86386e-10	-0.444753
7.86428e-10	-0.444181
7.86469e-10	-0.443608
7.86511e-10	-0.443035
7.86552e-10	-0.442462
7.86594e-10	-0.441889
7.86635e-10	-0.441315
7.86677e-10	-0.440741
7.86718e-10	-0.440167
7.8676e-10	-0.439593
7.86801e-10	-0.439019
7.86843e-10	-0.438445
7.86884e-10	-0.43787
7.86926e-10	-0.437295
7.86967e-10	-0.43672
7.87009e-10	-0.436145
7.8705e-10	-0.43557
7.87092e-10	-0.434994
7.87133e-10	-0.434418
7.87175e-10	-0.433843
7.87217e-10	-0.433267
7.87258e-10	-0.43269
7.873e-10	-0.432114
7.87341e-10	-0.431537
7.87383e-10	-0.430961
7.87424e-10	-0.430384
7.87466e-10	-0.429807
7.87507e-10	-0.429229
7.87549e-10	-0.428652
7.8759e-10	-0.428074
7.87632e-10	-0.427496
7.87673e-10	-0.426918
7.87715e-10	-0.42634
7.87756e-10	-0.425762
7.87798e-10	-0.425183
7.87839e-10	-0.424605
7.87881e-10	-0.424026
7.87922e-10	-0.423447
7.87964e-10	-0.422868
7.88006e-10	-0.422288
7.88047e-10	-0.421709
7.88089e-10	-0.421129
7.8813e-10	-0.420549
7.88172e-10	-0.419969
7.88213e-10	-0.419389
7.88255e-10	-0.418808
7.88296e-10	-0.418228
7.88338e-10	-0.417647
7.88379e-10	-0.417066
7.88421e-10	-0.416485
7.88462e-10	-0.415904
7.88504e-10	-0.415323
7.88545e-10	-0.414741
7.88587e-10	-0.414159
7.88628e-10	-0.413577
7.8867e-10	-0.412995
7.88711e-10	-0.412413
7.88753e-10	-0.41183
7.88795e-10	-0.411248
7.88836e-10	-0.410665
7.88878e-10	-0.410082
7.88919e-10	-0.409499
7.88961e-10	-0.408916
7.89002e-10	-0.408332
7.89044e-10	-0.407749
7.89085e-10	-0.407165
7.89127e-10	-0.406581
7.89168e-10	-0.405997
7.8921e-10	-0.405413
7.89251e-10	-0.404828
7.89293e-10	-0.404243
7.89334e-10	-0.403659
7.89376e-10	-0.403074
7.89417e-10	-0.402489
7.89459e-10	-0.401903
7.895e-10	-0.401318
7.89542e-10	-0.400732
7.89584e-10	-0.400147
7.89625e-10	-0.399561
7.89667e-10	-0.398975
7.89708e-10	-0.398388
7.8975e-10	-0.397802
7.89791e-10	-0.397215
7.89833e-10	-0.396629
7.89874e-10	-0.396042
7.89916e-10	-0.395455
7.89957e-10	-0.394867
7.89999e-10	-0.39428
7.9004e-10	-0.393693
7.90082e-10	-0.393105
7.90123e-10	-0.392517
7.90165e-10	-0.391929
7.90206e-10	-0.391341
7.90248e-10	-0.390752
7.90289e-10	-0.390164
7.90331e-10	-0.389575
7.90373e-10	-0.388986
7.90414e-10	-0.388397
7.90456e-10	-0.387808
7.90497e-10	-0.387219
7.90539e-10	-0.386629
7.9058e-10	-0.38604
7.90622e-10	-0.38545
7.90663e-10	-0.38486
7.90705e-10	-0.38427
7.90746e-10	-0.38368
7.90788e-10	-0.383089
7.90829e-10	-0.382499
7.90871e-10	-0.381908
7.90912e-10	-0.381317
7.90954e-10	-0.380726
7.90995e-10	-0.380135
7.91037e-10	-0.379544
7.91078e-10	-0.378952
7.9112e-10	-0.378361
7.91162e-10	-0.377769
7.91203e-10	-0.377177
7.91245e-10	-0.376585
7.91286e-10	-0.375992
7.91328e-10	-0.3754
7.91369e-10	-0.374807
7.91411e-10	-0.374215
7.91452e-10	-0.373622
7.91494e-10	-0.373029
7.91535e-10	-0.372436
7.91577e-10	-0.371842
7.91618e-10	-0.371249
7.9166e-10	-0.370655
7.91701e-10	-0.370061
7.91743e-10	-0.369467
7.91784e-10	-0.368873
7.91826e-10	-0.368279
7.91867e-10	-0.367685
7.91909e-10	-0.36709
7.91951e-10	-0.366495
7.91992e-10	-0.365901
7.92034e-10	-0.365306
7.92075e-10	-0.36471
7.92117e-10	-0.364115
7.92158e-10	-0.36352
7.922e-10	-0.362924
7.92241e-10	-0.362328
7.92283e-10	-0.361733
7.92324e-10	-0.361136
7.92366e-10	-0.36054
7.92407e-10	-0.359944
7.92449e-10	-0.359347
7.9249e-10	-0.358751
7.92532e-10	-0.358154
7.92573e-10	-0.357557
7.92615e-10	-0.35696
7.92656e-10	-0.356363
7.92698e-10	-0.355766
7.9274e-10	-0.355168
7.92781e-10	-0.35457
7.92823e-10	-0.353973
7.92864e-10	-0.353375
7.92906e-10	-0.352777
7.92947e-10	-0.352178
7.92989e-10	-0.35158
7.9303e-10	-0.350982
7.93072e-10	-0.350383
7.93113e-10	-0.349784
7.93155e-10	-0.349185
7.93196e-10	-0.348586
7.93238e-10	-0.347987
7.93279e-10	-0.347387
7.93321e-10	-0.346788
7.93362e-10	-0.346188
7.93404e-10	-0.345588
7.93445e-10	-0.344989
7.93487e-10	-0.344388
7.93529e-10	-0.343788
7.9357e-10	-0.343188
7.93612e-10	-0.342587
7.93653e-10	-0.341987
7.93695e-10	-0.341386
7.93736e-10	-0.340785
7.93778e-10	-0.340184
7.93819e-10	-0.339583
7.93861e-10	-0.338982
7.93902e-10	-0.33838
7.93944e-10	-0.337778
7.93985e-10	-0.337177
7.94027e-10	-0.336575
7.94068e-10	-0.335973
7.9411e-10	-0.335371
7.94151e-10	-0.334768
7.94193e-10	-0.334166
7.94234e-10	-0.333563
7.94276e-10	-0.332961
7.94318e-10	-0.332358
7.94359e-10	-0.331755
7.94401e-10	-0.331152
7.94442e-10	-0.330548
7.94484e-10	-0.329945
7.94525e-10	-0.329342
7.94567e-10	-0.328738
7.94608e-10	-0.328134
7.9465e-10	-0.32753
7.94691e-10	-0.326926
7.94733e-10	-0.326322
7.94774e-10	-0.325718
7.94816e-10	-0.325113
7.94857e-10	-0.324509
7.94899e-10	-0.323904
7.9494e-10	-0.323299
7.94982e-10	-0.322694
7.95023e-10	-0.322089
7.95065e-10	-0.321484
7.95107e-10	-0.320878
7.95148e-10	-0.320273
7.9519e-10	-0.319667
7.95231e-10	-0.319061
7.95273e-10	-0.318455
7.95314e-10	-0.317849
7.95356e-10	-0.317243
7.95397e-10	-0.316637
7.95439e-10	-0.31603
7.9548e-10	-0.315424
7.95522e-10	-0.314817
7.95563e-10	-0.31421
7.95605e-10	-0.313603
7.95646e-10	-0.312996
7.95688e-10	-0.312389
7.95729e-10	-0.311782
7.95771e-10	-0.311174
7.95812e-10	-0.310567
7.95854e-10	-0.309959
7.95896e-10	-0.309351
7.95937e-10	-0.308743
7.95979e-10	-0.308135
7.9602e-10	-0.307527
7.96062e-10	-0.306919
7.96103e-10	-0.30631
7.96145e-10	-0.305702
7.96186e-10	-0.305093
7.96228e-10	-0.304484
7.96269e-10	-0.303875
7.96311e-10	-0.303266
7.96352e-10	-0.302657
7.96394e-10	-0.302048
7.96435e-10	-0.301438
7.96477e-10	-0.300829
7.96518e-10	-0.300219
7.9656e-10	-0.299609
7.96601e-10	-0.298999
7.96643e-10	-0.298389
7.96685e-10	-0.297779
7.96726e-10	-0.297169
7.96768e-10	-0.296558
7.96809e-10	-0.295948
7.96851e-10	-0.295337
7.96892e-10	-0.294726
7.96934e-10	-0.294115
7.96975e-10	-0.293504
7.97017e-10	-0.292893
7.97058e-10	-0.292282
7.971e-10	-0.29167
7.97141e-10	-0.291059
7.97183e-10	-0.290447
7.97224e-10	-0.289835
7.97266e-10	-0.289224
7.97307e-10	-0.288612
7.97349e-10	-0.287999
7.9739e-10	-0.287387
7.97432e-10	-0.286775
7.97474e-10	-0.286162
7.97515e-10	-0.28555
7.97557e-10	-0.284937
7.97598e-10	-0.284324
7.9764e-10	-0.283711
7.97681e-10	-0.283098
7.97723e-10	-0.282485
7.97764e-10	-0.281872
7.97806e-10	-0.281259
7.97847e-10	-0.280645
7.97889e-10	-0.280031
7.9793e-10	-0.279418
7.97972e-10	-0.278804
7.98013e-10	-0.27819
7.98055e-10	-0.277576
7.98096e-10	-0.276962
7.98138e-10	-0.276347
7.98179e-10	-0.275733
7.98221e-10	-0.275118
7.98263e-10	-0.274504
7.98304e-10	-0.273889
7.98346e-10	-0.273274
7.98387e-10	-0.272659
7.98429e-10	-0.272044
7.9847e-10	-0.271429
7.98512e-10	-0.270814
7.98553e-10	-0.270198
7.98595e-10	-0.269583
7.98636e-10	-0.268967
7.98678e-10	-0.268351
7.98719e-10	-0.267735
7.98761e-10	-0.267119
7.98802e-10	-0.266503
7.98844e-10	-0.265887
7.98885e-10	-0.265271
7.98927e-10	-0.264654
7.98968e-10	-0.264038
7.9901e-10	-0.263421
7.99052e-10	-0.262805
7.99093e-10	-0.262188
7.99135e-10	-0.261571
7.99176e-10	-0.260954
7.99218e-10	-0.260337
7.99259e-10	-0.259719
7.99301e-10	-0.259102
7.99342e-10	-0.258485
7.99384e-10	-0.257867
7.99425e-10	-0.257249
7.99467e-10	-0.256632
7.99508e-10	-0.256014
7.9955e-10	-0.255396
7.99591e-10	-0.254778
7.99633e-10	-0.254159
7.99674e-10	-0.253541
7.99716e-10	-0.252923
7.99757e-10	-0.252304
7.99799e-10	-0.251685
7.99841e-10	-0.251067
7.99882e-10	-0.250448
7.99924e-10	-0.249829
7.99965e-10	-0.24921
8.00007e-10	-0.248591
8.00048e-10	-0.247972
8.0009e-10	-0.247352
8.00131e-10	-0.246733
8.00173e-10	-0.246113
8.00214e-10	-0.245494
8.00256e-10	-0.244874
8.00297e-10	-0.244254
8.00339e-10	-0.243634
8.0038e-10	-0.243014
8.00422e-10	-0.242394
8.00463e-10	-0.241774
8.00505e-10	-0.241153
8.00546e-10	-0.240533
8.00588e-10	-0.239912
8.0063e-10	-0.239292
8.00671e-10	-0.238671
8.00713e-10	-0.23805
8.00754e-10	-0.237429
8.00796e-10	-0.236808
8.00837e-10	-0.236187
8.00879e-10	-0.235566
8.0092e-10	-0.234945
8.00962e-10	-0.234323
8.01003e-10	-0.233702
8.01045e-10	-0.23308
8.01086e-10	-0.232458
8.01128e-10	-0.231837
8.01169e-10	-0.231215
8.01211e-10	-0.230593
8.01252e-10	-0.229971
8.01294e-10	-0.229349
8.01335e-10	-0.228726
8.01377e-10	-0.228104
8.01419e-10	-0.227482
8.0146e-10	-0.226859
8.01502e-10	-0.226236
8.01543e-10	-0.225614
8.01585e-10	-0.224991
8.01626e-10	-0.224368
8.01668e-10	-0.223745
8.01709e-10	-0.223122
8.01751e-10	-0.222499
8.01792e-10	-0.221875
8.01834e-10	-0.221252
8.01875e-10	-0.220629
8.01917e-10	-0.220005
8.01958e-10	-0.219381
8.02e-10	-0.218758
8.02041e-10	-0.218134
8.02083e-10	-0.21751
8.02124e-10	-0.216886
8.02166e-10	-0.216262
8.02208e-10	-0.215638
8.02249e-10	-0.215013
8.02291e-10	-0.214389
8.02332e-10	-0.213765
8.02374e-10	-0.21314
8.02415e-10	-0.212516
8.02457e-10	-0.211891
8.02498e-10	-0.211266
8.0254e-10	-0.210641
8.02581e-10	-0.210016
8.02623e-10	-0.209391
8.02664e-10	-0.208766
8.02706e-10	-0.208141
8.02747e-10	-0.207516
8.02789e-10	-0.20689
8.0283e-10	-0.206265
8.02872e-10	-0.205639
8.02913e-10	-0.205014
8.02955e-10	-0.204388
8.02997e-10	-0.203762
8.03038e-10	-0.203136
8.0308e-10	-0.20251
8.03121e-10	-0.201884
8.03163e-10	-0.201258
8.03204e-10	-0.200632
8.03246e-10	-0.200006
8.03287e-10	-0.199379
8.03329e-10	-0.198753
8.0337e-10	-0.198126
8.03412e-10	-0.1975
8.03453e-10	-0.196873
8.03495e-10	-0.196246
8.03536e-10	-0.195619
8.03578e-10	-0.194992
8.03619e-10	-0.194365
8.03661e-10	-0.193738
8.03702e-10	-0.193111
8.03744e-10	-0.192484
8.03786e-10	-0.191856
8.03827e-10	-0.191229
8.03869e-10	-0.190602
8.0391e-10	-0.189974
8.03952e-10	-0.189346
8.03993e-10	-0.188719
8.04035e-10	-0.188091
8.04076e-10	-0.187463
8.04118e-10	-0.186835
8.04159e-10	-0.186207
8.04201e-10	-0.185579
8.04242e-10	-0.184951
8.04284e-10	-0.184322
8.04325e-10	-0.183694
8.04367e-10	-0.183066
8.04408e-10	-0.182437
8.0445e-10	-0.181809
8.04491e-10	-0.18118
8.04533e-10	-0.180551
8.04575e-10	-0.179923
8.04616e-10	-0.179294
8.04658e-10	-0.178665
8.04699e-10	-0.178036
8.04741e-10	-0.177407
8.04782e-10	-0.176777
8.04824e-10	-0.176148
8.04865e-10	-0.175519
8.04907e-10	-0.17489
8.04948e-10	-0.17426
8.0499e-10	-0.173631
8.05031e-10	-0.173001
8.05073e-10	-0.172371
8.05114e-10	-0.171742
8.05156e-10	-0.171112
8.05197e-10	-0.170482
8.05239e-10	-0.169852
8.05281e-10	-0.169222
8.05322e-10	-0.168592
8.05364e-10	-0.167962
8.05405e-10	-0.167332
8.05447e-10	-0.166702
8.05488e-10	-0.166071
8.0553e-10	-0.165441
8.05571e-10	-0.16481
8.05613e-10	-0.16418
8.05654e-10	-0.163549
8.05696e-10	-0.162918
8.05737e-10	-0.162288
8.05779e-10	-0.161657
8.0582e-10	-0.161026
8.05862e-10	-0.160395
8.05903e-10	-0.159764
8.05945e-10	-0.159133
8.05986e-10	-0.158502
8.06028e-10	-0.157871
8.0607e-10	-0.157239
8.06111e-10	-0.156608
8.06153e-10	-0.155977
8.06194e-10	-0.155345
8.06236e-10	-0.154714
8.06277e-10	-0.154082
8.06319e-10	-0.15345
8.0636e-10	-0.152819
8.06402e-10	-0.152187
8.06443e-10	-0.151555
8.06485e-10	-0.150923
8.06526e-10	-0.150291
8.06568e-10	-0.149659
8.06609e-10	-0.149027
8.06651e-10	-0.148395
8.06692e-10	-0.147763
8.06734e-10	-0.147131
8.06775e-10	-0.146498
8.06817e-10	-0.145866
8.06859e-10	-0.145233
8.069e-10	-0.144601
8.06942e-10	-0.143968
8.06983e-10	-0.143336
8.07025e-10	-0.142703
8.07066e-10	-0.14207
8.07108e-10	-0.141438
8.07149e-10	-0.140805
8.07191e-10	-0.140172
8.07232e-10	-0.139539
8.07274e-10	-0.138906
8.07315e-10	-0.138273
8.07357e-10	-0.13764
8.07398e-10	-0.137006
8.0744e-10	-0.136373
8.07481e-10	-0.13574
8.07523e-10	-0.135106
8.07564e-10	-0.134473
8.07606e-10	-0.13384
8.07648e-10	-0.133206
8.07689e-10	-0.132573
8.07731e-10	-0.131939
8.07772e-10	-0.131305
8.07814e-10	-0.130671
8.07855e-10	-0.130038
8.07897e-10	-0.129404
8.07938e-10	-0.12877
8.0798e-10	-0.128136
8.08021e-10	-0.127502
8.08063e-10	-0.126868
8.08104e-10	-0.126234
8.08146e-10	-0.1256
8.08187e-10	-0.124965
8.08229e-10	-0.124331
8.0827e-10	-0.123697
8.08312e-10	-0.123062
8.08353e-10	-0.122428
8.08395e-10	-0.121794
8.08437e-10	-0.121159
8.08478e-10	-0.120524
8.0852e-10	-0.11989
8.08561e-10	-0.119255
8.08603e-10	-0.11862
8.08644e-10	-0.117986
8.08686e-10	-0.117351
8.08727e-10	-0.116716
8.08769e-10	-0.116081
8.0881e-10	-0.115446
8.08852e-10	-0.114811
8.08893e-10	-0.114176
8.08935e-10	-0.113541
8.08976e-10	-0.112906
8.09018e-10	-0.112271
8.09059e-10	-0.111636
8.09101e-10	-0.111
8.09142e-10	-0.110365
8.09184e-10	-0.10973
8.09226e-10	-0.109094
8.09267e-10	-0.108459
8.09309e-10	-0.107823
8.0935e-10	-0.107188
8.09392e-10	-0.106552
8.09433e-10	-0.105916
8.09475e-10	-0.105281
8.09516e-10	-0.104645
8.09558e-10	-0.104009
8.09599e-10	-0.103373
8.09641e-10	-0.102738
8.09682e-10	-0.102102
8.09724e-10	-0.101466
8.09765e-10	-0.10083
8.09807e-10	-0.100194
8.09848e-10	-0.0995577
8.0989e-10	-0.0989217
8.09931e-10	-0.0982855
8.09973e-10	-0.0976493
8.10015e-10	-0.0970131
8.10056e-10	-0.0963769
8.10098e-10	-0.0957406
8.10139e-10	-0.0951043
8.10181e-10	-0.0944679
8.10222e-10	-0.0938315
8.10264e-10	-0.093195
8.10305e-10	-0.0925585
8.10347e-10	-0.091922
8.10388e-10	-0.0912855
8.1043e-10	-0.0906489
8.10471e-10	-0.0900122
8.10513e-10	-0.0893755
8.10554e-10	-0.0887388
8.10596e-10	-0.0881021
8.10637e-10	-0.0874653
8.10679e-10	-0.0868285
8.1072e-10	-0.0861916
8.10762e-10	-0.0855547
8.10804e-10	-0.0849178
8.10845e-10	-0.0842809
8.10887e-10	-0.0836439
8.10928e-10	-0.0830068
8.1097e-10	-0.0823698
8.11011e-10	-0.0817327
8.11053e-10	-0.0810956
8.11094e-10	-0.0804584
8.11136e-10	-0.0798212
8.11177e-10	-0.079184
8.11219e-10	-0.0785467
8.1126e-10	-0.0779094
8.11302e-10	-0.0772721
8.11343e-10	-0.0766348
8.11385e-10	-0.0759974
8.11426e-10	-0.07536
8.11468e-10	-0.0747225
8.11509e-10	-0.074085
8.11551e-10	-0.0734475
8.11593e-10	-0.07281
8.11634e-10	-0.0721724
8.11676e-10	-0.0715348
8.11717e-10	-0.0708972
8.11759e-10	-0.0702595
8.118e-10	-0.0696218
8.11842e-10	-0.0689841
8.11883e-10	-0.0683464
8.11925e-10	-0.0677086
8.11966e-10	-0.0670708
8.12008e-10	-0.066433
8.12049e-10	-0.0657952
8.12091e-10	-0.0651573
8.12132e-10	-0.0645194
8.12174e-10	-0.0638814
8.12215e-10	-0.0632435
8.12257e-10	-0.0626055
8.12298e-10	-0.0619675
8.1234e-10	-0.0613295
8.12382e-10	-0.0606914
8.12423e-10	-0.0600533
8.12465e-10	-0.0594152
8.12506e-10	-0.0587771
8.12548e-10	-0.0581389
8.12589e-10	-0.0575007
8.12631e-10	-0.0568625
8.12672e-10	-0.0562243
8.12714e-10	-0.0555861
8.12755e-10	-0.0549478
8.12797e-10	-0.0543095
8.12838e-10	-0.0536712
8.1288e-10	-0.0530328
8.12921e-10	-0.0523945
8.12963e-10	-0.0517561
8.13004e-10	-0.0511177
8.13046e-10	-0.0504793
8.13087e-10	-0.0498408
8.13129e-10	-0.0492024
8.13171e-10	-0.0485639
8.13212e-10	-0.0479254
8.13254e-10	-0.0472868
8.13295e-10	-0.0466483
8.13337e-10	-0.0460097
8.13378e-10	-0.0453711
8.1342e-10	-0.0447325
8.13461e-10	-0.0440939
8.13503e-10	-0.0434553
8.13544e-10	-0.0428166
8.13586e-10	-0.042178
8.13627e-10	-0.0415393
8.13669e-10	-0.0409006
8.1371e-10	-0.0402618
8.13752e-10	-0.0396231
8.13793e-10	-0.0389844
8.13835e-10	-0.0383456
8.13876e-10	-0.0377068
8.13918e-10	-0.037068
8.1396e-10	-0.0364292
8.14001e-10	-0.0357903
8.14043e-10	-0.0351515
8.14084e-10	-0.0345126
8.14126e-10	-0.0338738
8.14167e-10	-0.0332349
8.14209e-10	-0.032596
8.1425e-10	-0.031957
8.14292e-10	-0.0313181
8.14333e-10	-0.0306792
8.14375e-10	-0.0300402
8.14416e-10	-0.0294012
8.14458e-10	-0.0287623
8.14499e-10	-0.0281233
8.14541e-10	-0.0274843
8.14582e-10	-0.0268453
8.14624e-10	-0.0262062
8.14665e-10	-0.0255672
8.14707e-10	-0.0249282
8.14749e-10	-0.0242891
8.1479e-10	-0.02365
8.14832e-10	-0.023011
8.14873e-10	-0.0223719
8.14915e-10	-0.0217328
8.14956e-10	-0.0210937
8.14998e-10	-0.0204546
8.15039e-10	-0.0198154
8.15081e-10	-0.0191763
8.15122e-10	-0.0185372
8.15164e-10	-0.017898
8.15205e-10	-0.0172589
8.15247e-10	-0.0166197
8.15288e-10	-0.0159806
8.1533e-10	-0.0153414
8.15371e-10	-0.0147022
8.15413e-10	-0.014063
8.15454e-10	-0.0134238
8.15496e-10	-0.0127846
8.15538e-10	-0.0121454
8.15579e-10	-0.0115062
8.15621e-10	-0.010867
8.15662e-10	-0.0102278
8.15704e-10	-0.0095886
8.15745e-10	-0.00894938
8.15787e-10	-0.00831015
8.15828e-10	-0.00767092
8.1587e-10	-0.00703169
8.15911e-10	-0.00639245
8.15953e-10	-0.00575322
8.15994e-10	-0.00511398
8.16036e-10	-0.00447473
8.16077e-10	-0.00383549
8.16119e-10	-0.00319624
8.1616e-10	-0.002557
8.16202e-10	-0.00191775
8.16243e-10	-0.0012785
8.16285e-10	-0.00063925
