2.56183e-14	0
7.6855e-14	-3.98394e-05
1.28092e-13	-3.99392e-05
1.79328e-13	-4.00391e-05
2.30565e-13	-4.0139e-05
2.81802e-13	-4.02389e-05
3.33038e-13	-4.03388e-05
3.84275e-13	-4.04387e-05
4.35512e-13	-4.05386e-05
4.86748e-13	-4.06385e-05
5.37985e-13	-4.07385e-05
5.89221e-13	-4.08385e-05
6.40458e-13	-4.09384e-05
6.91695e-13	-4.10384e-05
7.42931e-13	-4.11384e-05
7.94168e-13	-4.12384e-05
8.45405e-13	-4.13385e-05
8.96641e-13	-4.14385e-05
9.47878e-13	-4.15385e-05
9.99115e-13	-4.16386e-05
1.05035e-12	-4.17386e-05
1.10159e-12	-4.18387e-05
1.15282e-12	-4.19388e-05
1.20406e-12	-4.20389e-05
1.2553e-12	-4.2139e-05
1.30653e-12	-4.22391e-05
1.35777e-12	-4.23393e-05
1.40901e-12	-4.24394e-05
1.46024e-12	-4.25396e-05
1.51148e-12	-4.26397e-05
1.56272e-12	-4.27399e-05
1.61395e-12	-4.28401e-05
1.66519e-12	-4.29403e-05
1.71643e-12	-4.30405e-05
1.76766e-12	-4.31407e-05
1.8189e-12	-4.32409e-05
1.87014e-12	-4.33412e-05
1.92137e-12	-4.34414e-05
1.97261e-12	-4.35417e-05
2.02385e-12	-4.36419e-05
2.07508e-12	-4.37422e-05
2.12632e-12	-4.38425e-05
2.17756e-12	-4.39428e-05
2.22879e-12	-4.40431e-05
2.28003e-12	-4.41434e-05
2.33127e-12	-4.42437e-05
2.3825e-12	-4.4344e-05
2.43374e-12	-4.44444e-05
2.48498e-12	-4.45447e-05
2.53621e-12	-4.46451e-05
2.58745e-12	-4.47455e-05
2.63869e-12	-4.48458e-05
2.68992e-12	-4.49462e-05
2.74116e-12	-4.50466e-05
2.7924e-12	-4.5147e-05
2.84363e-12	-4.52475e-05
2.89487e-12	-4.53479e-05
2.94611e-12	-4.54483e-05
2.99734e-12	-4.55487e-05
3.04858e-12	-4.56492e-05
3.09982e-12	-4.57497e-05
3.15105e-12	-4.58501e-05
3.20229e-12	-4.59506e-05
3.25353e-12	-4.60511e-05
3.30476e-12	-4.61516e-05
3.356e-12	-4.62521e-05
3.40724e-12	-4.63526e-05
3.45847e-12	-4.64531e-05
3.50971e-12	-4.65536e-05
3.56095e-12	-4.66542e-05
3.61218e-12	-4.67547e-05
3.66342e-12	-4.68552e-05
3.71466e-12	-4.69558e-05
3.76589e-12	-4.70564e-05
3.81713e-12	-4.71569e-05
3.86837e-12	-4.72575e-05
3.9196e-12	-4.73581e-05
3.97084e-12	-4.74587e-05
4.02208e-12	-4.75593e-05
4.07331e-12	-4.76599e-05
4.12455e-12	-4.77605e-05
4.17579e-12	-4.78612e-05
4.22702e-12	-4.79618e-05
4.27826e-12	-4.80624e-05
4.3295e-12	-4.81631e-05
4.38073e-12	-4.82637e-05
4.43197e-12	-4.83644e-05
4.48321e-12	-4.84651e-05
4.53444e-12	-4.85657e-05
4.58568e-12	-4.86664e-05
4.63692e-12	-4.87671e-05
4.68815e-12	-4.88678e-05
4.73939e-12	-4.89685e-05
4.79063e-12	-4.90692e-05
4.84186e-12	-4.91699e-05
4.8931e-12	-4.92706e-05
4.94434e-12	-4.93713e-05
4.99557e-12	-4.94721e-05
5.04681e-12	-4.95728e-05
5.09805e-12	-4.96736e-05
5.14928e-12	-4.97743e-05
5.20052e-12	-4.98751e-05
5.25176e-12	-4.99758e-05
5.30299e-12	-5.00766e-05
5.35423e-12	-5.01774e-05
5.40547e-12	-5.02781e-05
5.4567e-12	-5.03789e-05
5.50794e-12	-5.04797e-05
5.55918e-12	-5.05805e-05
5.61041e-12	-5.06813e-05
5.66165e-12	-5.07821e-05
5.71289e-12	-5.08829e-05
5.76412e-12	-5.09837e-05
5.81536e-12	-5.10846e-05
5.8666e-12	-5.11854e-05
5.91783e-12	-5.12862e-05
5.96907e-12	-5.13871e-05
6.02031e-12	-5.14879e-05
6.07154e-12	-5.15888e-05
6.12278e-12	-5.16896e-05
6.17402e-12	-5.17905e-05
6.22525e-12	-5.18913e-05
6.27649e-12	-5.19922e-05
6.32773e-12	-5.20931e-05
6.37896e-12	-5.21939e-05
6.4302e-12	-5.22948e-05
6.48144e-12	-5.23957e-05
6.53267e-12	-5.24966e-05
6.58391e-12	-5.25975e-05
6.63515e-12	-5.26984e-05
6.68638e-12	-5.27993e-05
6.73762e-12	-5.29002e-05
6.78886e-12	-5.30011e-05
6.84009e-12	-5.3102e-05
6.89133e-12	-5.32029e-05
6.94257e-12	-5.33038e-05
6.9938e-12	-5.34048e-05
7.04504e-12	-5.35057e-05
7.09628e-12	-5.36066e-05
7.14751e-12	-5.37075e-05
7.19875e-12	-5.38085e-05
7.24999e-12	-5.39094e-05
7.30122e-12	-5.40104e-05
7.35246e-12	-5.41113e-05
7.4037e-12	-5.42123e-05
7.45493e-12	-5.43132e-05
7.50617e-12	-5.44142e-05
7.55741e-12	-5.45151e-05
7.60864e-12	-5.46161e-05
7.65988e-12	-5.47171e-05
7.71112e-12	-5.4818e-05
7.76235e-12	-5.4919e-05
7.81359e-12	-5.502e-05
7.86483e-12	-5.51209e-05
7.91606e-12	-5.52219e-05
7.9673e-12	-5.53229e-05
8.01854e-12	-5.54239e-05
8.06977e-12	-5.55249e-05
8.12101e-12	-5.56259e-05
8.17225e-12	-5.57269e-05
8.22348e-12	-5.58278e-05
8.27472e-12	-5.59288e-05
8.32596e-12	-5.60298e-05
8.37719e-12	-5.61308e-05
8.42843e-12	-5.62318e-05
8.47967e-12	-5.63328e-05
8.5309e-12	-5.64338e-05
8.58214e-12	-5.65348e-05
8.63338e-12	-5.66358e-05
8.68461e-12	-5.67369e-05
8.73585e-12	-5.68379e-05
8.78709e-12	-5.69389e-05
8.83832e-12	-5.70399e-05
8.88956e-12	-5.71409e-05
8.9408e-12	-5.72419e-05
8.99203e-12	-5.73429e-05
9.04327e-12	-5.74439e-05
9.09451e-12	-5.7545e-05
9.14574e-12	-5.7646e-05
9.19698e-12	-5.7747e-05
9.24822e-12	-5.7848e-05
9.29945e-12	-5.7949e-05
9.35069e-12	-5.80501e-05
9.40193e-12	-5.81511e-05
9.45316e-12	-5.82521e-05
9.5044e-12	-5.83531e-05
9.55564e-12	-5.84541e-05
9.60687e-12	-5.85552e-05
9.65811e-12	-5.86562e-05
9.70935e-12	-5.87572e-05
9.76058e-12	-5.88582e-05
9.81182e-12	-5.89593e-05
9.86306e-12	-5.90603e-05
9.91429e-12	-5.91613e-05
9.96553e-12	-5.92623e-05
1.00168e-11	-5.93633e-05
1.0068e-11	-5.94644e-05
1.01192e-11	-5.95654e-05
1.01705e-11	-5.96664e-05
1.02217e-11	-5.97674e-05
1.02729e-11	-5.98685e-05
1.03242e-11	-5.99695e-05
1.03754e-11	-6.00705e-05
1.04267e-11	-6.01715e-05
1.04779e-11	-6.02725e-05
1.05291e-11	-6.03735e-05
1.05804e-11	-6.04746e-05
1.06316e-11	-6.05756e-05
1.06828e-11	-6.06766e-05
1.07341e-11	-6.07776e-05
1.07853e-11	-6.08786e-05
1.08366e-11	-6.09796e-05
1.08878e-11	-6.10806e-05
1.0939e-11	-6.11816e-05
1.09903e-11	-6.12826e-05
1.10415e-11	-6.13837e-05
1.10927e-11	-6.14847e-05
1.1144e-11	-6.15857e-05
1.11952e-11	-6.16867e-05
1.12464e-11	-6.17877e-05
1.12977e-11	-6.18886e-05
1.13489e-11	-6.19896e-05
1.14002e-11	-6.20906e-05
1.14514e-11	-6.21916e-05
1.15026e-11	-6.22926e-05
1.15539e-11	-6.23936e-05
1.16051e-11	-6.24946e-05
1.16563e-11	-6.25956e-05
1.17076e-11	-6.26965e-05
1.17588e-11	-6.27975e-05
1.181e-11	-6.28985e-05
1.18613e-11	-6.29994e-05
1.19125e-11	-6.31004e-05
1.19638e-11	-6.32014e-05
1.2015e-11	-6.33023e-05
1.20662e-11	-6.34033e-05
1.21175e-11	-6.35042e-05
1.21687e-11	-6.36052e-05
1.22199e-11	-6.37061e-05
1.22712e-11	-6.38071e-05
1.23224e-11	-6.3908e-05
1.23737e-11	-6.4009e-05
1.24249e-11	-6.41099e-05
1.24761e-11	-6.42108e-05
1.25274e-11	-6.43118e-05
1.25786e-11	-6.44127e-05
1.26298e-11	-6.45136e-05
1.26811e-11	-6.46145e-05
1.27323e-11	-6.47154e-05
1.27835e-11	-6.48163e-05
1.28348e-11	-6.49173e-05
1.2886e-11	-6.50182e-05
1.29373e-11	-6.5119e-05
1.29885e-11	-6.52199e-05
1.30397e-11	-6.53208e-05
1.3091e-11	-6.54217e-05
1.31422e-11	-6.55226e-05
1.31934e-11	-6.56235e-05
1.32447e-11	-6.57243e-05
1.32959e-11	-6.58252e-05
1.33471e-11	-6.59261e-05
1.33984e-11	-6.60269e-05
1.34496e-11	-6.61278e-05
1.35009e-11	-6.62286e-05
1.35521e-11	-6.63295e-05
1.36033e-11	-6.64303e-05
1.36546e-11	-6.65311e-05
1.37058e-11	-6.6632e-05
1.3757e-11	-6.67328e-05
1.38083e-11	-6.68336e-05
1.38595e-11	-6.69344e-05
1.39108e-11	-6.70352e-05
1.3962e-11	-6.7136e-05
1.40132e-11	-6.72368e-05
1.40645e-11	-6.73376e-05
1.41157e-11	-6.74384e-05
1.41669e-11	-6.75392e-05
1.42182e-11	-6.76399e-05
1.42694e-11	-6.77407e-05
1.43206e-11	-6.78415e-05
1.43719e-11	-6.79422e-05
1.44231e-11	-6.8043e-05
1.44744e-11	-6.81437e-05
1.45256e-11	-6.82444e-05
1.45768e-11	-6.83452e-05
1.46281e-11	-6.84459e-05
1.46793e-11	-6.85466e-05
1.47305e-11	-6.86473e-05
1.47818e-11	-6.8748e-05
1.4833e-11	-6.88487e-05
1.48842e-11	-6.89494e-05
1.49355e-11	-6.90501e-05
1.49867e-11	-6.91508e-05
1.5038e-11	-6.92514e-05
1.50892e-11	-6.93521e-05
1.51404e-11	-6.94527e-05
1.51917e-11	-6.95534e-05
1.52429e-11	-6.9654e-05
1.52941e-11	-6.97547e-05
1.53454e-11	-6.98553e-05
1.53966e-11	-6.99559e-05
1.54479e-11	-7.00565e-05
1.54991e-11	-7.01571e-05
1.55503e-11	-7.02577e-05
1.56016e-11	-7.03583e-05
1.56528e-11	-7.04589e-05
1.5704e-11	-7.05594e-05
1.57553e-11	-7.066e-05
1.58065e-11	-7.07606e-05
1.58577e-11	-7.08611e-05
1.5909e-11	-7.09617e-05
1.59602e-11	-7.10622e-05
1.60115e-11	-7.11627e-05
1.60627e-11	-7.12632e-05
1.61139e-11	-7.13637e-05
1.61652e-11	-7.14642e-05
1.62164e-11	-7.15647e-05
1.62676e-11	-7.16652e-05
1.63189e-11	-7.17657e-05
1.63701e-11	-7.18661e-05
1.64213e-11	-7.19666e-05
1.64726e-11	-7.2067e-05
1.65238e-11	-7.21675e-05
1.65751e-11	-7.22679e-05
1.66263e-11	-7.23683e-05
1.66775e-11	-7.24687e-05
1.67288e-11	-7.25691e-05
1.678e-11	-7.26695e-05
1.68312e-11	-7.27699e-05
1.68825e-11	-7.28703e-05
1.69337e-11	-7.29706e-05
1.69849e-11	-7.3071e-05
1.70362e-11	-7.31713e-05
1.70874e-11	-7.32717e-05
1.71387e-11	-7.3372e-05
1.71899e-11	-7.34723e-05
1.72411e-11	-7.35726e-05
1.72924e-11	-7.36729e-05
1.73436e-11	-7.37732e-05
1.73948e-11	-7.38734e-05
1.74461e-11	-7.39737e-05
1.74973e-11	-7.4074e-05
1.75486e-11	-7.41742e-05
1.75998e-11	-7.42744e-05
1.7651e-11	-7.43746e-05
1.77023e-11	-7.44749e-05
1.77535e-11	-7.45751e-05
1.78047e-11	-7.46752e-05
1.7856e-11	-7.47754e-05
1.79072e-11	-7.48756e-05
1.79584e-11	-7.49758e-05
1.80097e-11	-7.50759e-05
1.80609e-11	-7.5176e-05
1.81122e-11	-7.52762e-05
1.81634e-11	-7.53763e-05
1.82146e-11	-7.54764e-05
1.82659e-11	-7.55765e-05
1.83171e-11	-7.56765e-05
1.83683e-11	-7.57766e-05
1.84196e-11	-7.58767e-05
1.84708e-11	-7.59767e-05
1.8522e-11	-7.60767e-05
1.85733e-11	-7.61767e-05
1.86245e-11	-7.62768e-05
1.86758e-11	-7.63767e-05
1.8727e-11	-7.64767e-05
1.87782e-11	-7.65767e-05
1.88295e-11	-7.66767e-05
1.88807e-11	-7.67766e-05
1.89319e-11	-7.68765e-05
1.89832e-11	-7.69765e-05
1.90344e-11	-7.70764e-05
1.90857e-11	-7.71763e-05
1.91369e-11	-7.72762e-05
1.91881e-11	-7.7376e-05
1.92394e-11	-7.74759e-05
1.92906e-11	-7.75757e-05
1.93418e-11	-7.76756e-05
1.93931e-11	-7.77754e-05
1.94443e-11	-7.78752e-05
1.94955e-11	-7.7975e-05
1.95468e-11	-7.80748e-05
1.9598e-11	-7.81745e-05
1.96493e-11	-7.82743e-05
1.97005e-11	-7.8374e-05
1.97517e-11	-7.84738e-05
1.9803e-11	-7.85735e-05
1.98542e-11	-7.86732e-05
1.99054e-11	-7.87729e-05
1.99567e-11	-7.88725e-05
2.00079e-11	-7.89722e-05
2.00591e-11	-7.90718e-05
2.01104e-11	-7.91715e-05
2.01616e-11	-7.92711e-05
2.02129e-11	-7.93707e-05
2.02641e-11	-7.94703e-05
2.03153e-11	-7.95699e-05
2.03666e-11	-7.96694e-05
2.04178e-11	-7.9769e-05
2.0469e-11	-7.98685e-05
2.05203e-11	-7.9968e-05
2.05715e-11	-8.00675e-05
2.06228e-11	-8.0167e-05
2.0674e-11	-8.02665e-05
2.07252e-11	-8.03659e-05
2.07765e-11	-8.04654e-05
2.08277e-11	-8.05648e-05
2.08789e-11	-8.06642e-05
2.09302e-11	-8.07636e-05
2.09814e-11	-8.0863e-05
2.10326e-11	-8.09624e-05
2.10839e-11	-8.10617e-05
2.11351e-11	-8.11611e-05
2.11864e-11	-8.12604e-05
2.12376e-11	-8.13597e-05
2.12888e-11	-8.1459e-05
2.13401e-11	-8.15583e-05
2.13913e-11	-8.16575e-05
2.14425e-11	-8.17568e-05
2.14938e-11	-8.1856e-05
2.1545e-11	-8.19552e-05
2.15962e-11	-8.20544e-05
2.16475e-11	-8.21536e-05
2.16987e-11	-8.22528e-05
2.175e-11	-8.23519e-05
2.18012e-11	-8.2451e-05
2.18524e-11	-8.25501e-05
2.19037e-11	-8.26492e-05
2.19549e-11	-8.27483e-05
2.20061e-11	-8.28474e-05
2.20574e-11	-8.29464e-05
2.21086e-11	-8.30455e-05
2.21599e-11	-8.31445e-05
2.22111e-11	-8.32435e-05
2.22623e-11	-8.33425e-05
2.23136e-11	-8.34414e-05
2.23648e-11	-8.35404e-05
2.2416e-11	-8.36393e-05
2.24673e-11	-8.37382e-05
2.25185e-11	-8.38371e-05
2.25697e-11	-8.3936e-05
2.2621e-11	-8.40349e-05
2.26722e-11	-8.41337e-05
2.27235e-11	-8.42325e-05
2.27747e-11	-8.43313e-05
2.28259e-11	-8.44301e-05
2.28772e-11	-8.45289e-05
2.29284e-11	-8.46276e-05
2.29796e-11	-8.47264e-05
2.30309e-11	-8.48251e-05
2.30821e-11	-8.49238e-05
2.31333e-11	-8.50225e-05
2.31846e-11	-8.51211e-05
2.32358e-11	-8.52198e-05
2.32871e-11	-8.53184e-05
2.33383e-11	-8.5417e-05
2.33895e-11	-8.55156e-05
2.34408e-11	-8.56142e-05
2.3492e-11	-8.57127e-05
2.35432e-11	-8.58113e-05
2.35945e-11	-8.59098e-05
2.36457e-11	-8.60083e-05
2.3697e-11	-8.61068e-05
2.37482e-11	-8.62052e-05
2.37994e-11	-8.63036e-05
2.38507e-11	-8.64021e-05
2.39019e-11	-8.65005e-05
2.39531e-11	-8.65988e-05
2.40044e-11	-8.66972e-05
2.40556e-11	-8.67955e-05
2.41068e-11	-8.68939e-05
2.41581e-11	-8.69922e-05
2.42093e-11	-8.70905e-05
2.42606e-11	-8.71887e-05
2.43118e-11	-8.7287e-05
2.4363e-11	-8.73852e-05
2.44143e-11	-8.74834e-05
2.44655e-11	-8.75816e-05
2.45167e-11	-8.76797e-05
2.4568e-11	-8.77779e-05
2.46192e-11	-8.7876e-05
2.46704e-11	-8.79741e-05
2.47217e-11	-8.80722e-05
2.47729e-11	-8.81702e-05
2.48242e-11	-8.82683e-05
2.48754e-11	-8.83663e-05
2.49266e-11	-8.84643e-05
2.49779e-11	-8.85623e-05
2.50291e-11	-8.86602e-05
2.50803e-11	-8.87582e-05
2.51316e-11	-8.88561e-05
2.51828e-11	-8.8954e-05
2.52341e-11	-8.90518e-05
2.52853e-11	-8.91497e-05
2.53365e-11	-8.92475e-05
2.53878e-11	-8.93453e-05
2.5439e-11	-8.94431e-05
2.54902e-11	-8.95409e-05
2.55415e-11	-8.96386e-05
2.55927e-11	-8.97364e-05
2.56439e-11	-8.98341e-05
2.56952e-11	-8.99317e-05
2.57464e-11	-9.00294e-05
2.57977e-11	-9.0127e-05
2.58489e-11	-9.02246e-05
2.59001e-11	-9.03222e-05
2.59514e-11	-9.04198e-05
2.60026e-11	-9.05173e-05
2.60538e-11	-9.06149e-05
2.61051e-11	-9.07124e-05
2.61563e-11	-9.08098e-05
2.62075e-11	-9.09073e-05
2.62588e-11	-9.10047e-05
2.631e-11	-9.11021e-05
2.63613e-11	-9.11995e-05
2.64125e-11	-9.12969e-05
2.64637e-11	-9.13942e-05
2.6515e-11	-9.14916e-05
2.65662e-11	-9.15889e-05
2.66174e-11	-9.16861e-05
2.66687e-11	-9.17834e-05
2.67199e-11	-9.18806e-05
2.67712e-11	-9.19778e-05
2.68224e-11	-9.2075e-05
2.68736e-11	-9.21721e-05
2.69249e-11	-9.22693e-05
2.69761e-11	-9.23664e-05
2.70273e-11	-9.24635e-05
2.70786e-11	-9.25605e-05
2.71298e-11	-9.26576e-05
2.7181e-11	-9.27546e-05
2.72323e-11	-9.28516e-05
2.72835e-11	-9.29485e-05
2.73348e-11	-9.30455e-05
2.7386e-11	-9.31424e-05
2.74372e-11	-9.32393e-05
2.74885e-11	-9.33361e-05
2.75397e-11	-9.3433e-05
2.75909e-11	-9.35298e-05
2.76422e-11	-9.36266e-05
2.76934e-11	-9.37234e-05
2.77446e-11	-9.38201e-05
2.77959e-11	-9.39168e-05
2.78471e-11	-9.40135e-05
2.78984e-11	-9.41102e-05
2.79496e-11	-9.42068e-05
2.80008e-11	-9.43035e-05
2.80521e-11	-9.44001e-05
2.81033e-11	-9.44966e-05
2.81545e-11	-9.45932e-05
2.82058e-11	-9.46897e-05
2.8257e-11	-9.47862e-05
2.83082e-11	-9.48826e-05
2.83595e-11	-9.49791e-05
2.84107e-11	-9.50755e-05
2.8462e-11	-9.51719e-05
2.85132e-11	-9.52683e-05
2.85644e-11	-9.53646e-05
2.86157e-11	-9.54609e-05
2.86669e-11	-9.55572e-05
2.87181e-11	-9.56534e-05
2.87694e-11	-9.57497e-05
2.88206e-11	-9.58459e-05
2.88719e-11	-9.59421e-05
2.89231e-11	-9.60382e-05
2.89743e-11	-9.61343e-05
2.90256e-11	-9.62304e-05
2.90768e-11	-9.63265e-05
2.9128e-11	-9.64226e-05
2.91793e-11	-9.65186e-05
2.92305e-11	-9.66146e-05
2.92817e-11	-9.67105e-05
2.9333e-11	-9.68065e-05
2.93842e-11	-9.69024e-05
2.94355e-11	-9.69983e-05
2.94867e-11	-9.70941e-05
2.95379e-11	-9.719e-05
2.95892e-11	-9.72858e-05
2.96404e-11	-9.73815e-05
2.96916e-11	-9.74773e-05
2.97429e-11	-9.7573e-05
2.97941e-11	-9.76687e-05
2.98453e-11	-9.77644e-05
2.98966e-11	-9.786e-05
2.99478e-11	-9.79556e-05
2.99991e-11	-9.80512e-05
3.00503e-11	-9.81467e-05
3.01015e-11	-9.82423e-05
3.01528e-11	-9.83378e-05
3.0204e-11	-9.84332e-05
3.02552e-11	-9.85287e-05
3.03065e-11	-9.86241e-05
3.03577e-11	-9.87195e-05
3.0409e-11	-9.88148e-05
3.04602e-11	-9.89101e-05
3.05114e-11	-9.90054e-05
3.05627e-11	-9.91007e-05
3.06139e-11	-9.91959e-05
3.06651e-11	-9.92911e-05
3.07164e-11	-9.93863e-05
3.07676e-11	-9.94815e-05
3.08188e-11	-9.95766e-05
3.08701e-11	-9.96717e-05
3.09213e-11	-9.97668e-05
3.09726e-11	-9.98618e-05
3.10238e-11	-9.99568e-05
3.1075e-11	-0.000100052
3.11263e-11	-0.000100147
3.11775e-11	-0.000100242
3.12287e-11	-0.000100337
3.128e-11	-0.000100431
3.13312e-11	-0.000100526
3.13824e-11	-0.000100621
3.14337e-11	-0.000100716
3.14849e-11	-0.00010081
3.15362e-11	-0.000100905
3.15874e-11	-0.000101
3.16386e-11	-0.000101094
3.16899e-11	-0.000101189
3.17411e-11	-0.000101284
3.17923e-11	-0.000101378
3.18436e-11	-0.000101473
3.18948e-11	-0.000101567
3.19461e-11	-0.000101662
3.19973e-11	-0.000101756
3.20485e-11	-0.000101851
3.20998e-11	-0.000101945
3.2151e-11	-0.000102039
3.22022e-11	-0.000102134
3.22535e-11	-0.000102228
3.23047e-11	-0.000102322
3.23559e-11	-0.000102416
3.24072e-11	-0.00010251
3.24584e-11	-0.000102605
3.25097e-11	-0.000102699
3.25609e-11	-0.000102793
3.26121e-11	-0.000102887
3.26634e-11	-0.000102981
3.27146e-11	-0.000103075
3.27658e-11	-0.000103169
3.28171e-11	-0.000103263
3.28683e-11	-0.000103357
3.29195e-11	-0.00010345
3.29708e-11	-0.000103544
3.3022e-11	-0.000103638
3.30733e-11	-0.000103732
3.31245e-11	-0.000103826
3.31757e-11	-0.000103919
3.3227e-11	-0.000104013
3.32782e-11	-0.000104107
3.33294e-11	-0.0001042
3.33807e-11	-0.000104294
3.34319e-11	-0.000104387
3.34832e-11	-0.000104481
3.35344e-11	-0.000104574
3.35856e-11	-0.000104668
3.36369e-11	-0.000104761
3.36881e-11	-0.000104854
3.37393e-11	-0.000104948
3.37906e-11	-0.000105041
3.38418e-11	-0.000105134
3.3893e-11	-0.000105228
3.39443e-11	-0.000105321
3.39955e-11	-0.000105414
3.40468e-11	-0.000105507
3.4098e-11	-0.0001056
3.41492e-11	-0.000105693
3.42005e-11	-0.000105786
3.42517e-11	-0.000105879
3.43029e-11	-0.000105972
3.43542e-11	-0.000106065
3.44054e-11	-0.000106158
3.44566e-11	-0.000106251
3.45079e-11	-0.000106344
3.45591e-11	-0.000106436
3.46104e-11	-0.000106529
3.46616e-11	-0.000106622
3.47128e-11	-0.000106715
3.47641e-11	-0.000106807
3.48153e-11	-0.0001069
3.48665e-11	-0.000106992
3.49178e-11	-0.000107085
3.4969e-11	-0.000107177
3.50203e-11	-0.00010727
3.50715e-11	-0.000107362
3.51227e-11	-0.000107455
3.5174e-11	-0.000107547
3.52252e-11	-0.000107639
3.52764e-11	-0.000107732
3.53277e-11	-0.000107824
3.53789e-11	-0.000107916
3.54301e-11	-0.000108008
3.54814e-11	-0.000108101
3.55326e-11	-0.000108193
3.55839e-11	-0.000108285
3.56351e-11	-0.000108377
3.56863e-11	-0.000108469
3.57376e-11	-0.000108561
3.57888e-11	-0.000108653
3.584e-11	-0.000108745
3.58913e-11	-0.000108836
3.59425e-11	-0.000108928
3.59937e-11	-0.00010902
3.6045e-11	-0.000109112
3.60962e-11	-0.000109203
3.61475e-11	-0.000109295
3.61987e-11	-0.000109387
3.62499e-11	-0.000109478
3.63012e-11	-0.00010957
3.63524e-11	-0.000109661
3.64036e-11	-0.000109753
3.64549e-11	-0.000109844
3.65061e-11	-0.000109936
3.65574e-11	-0.000110027
3.66086e-11	-0.000110119
3.66598e-11	-0.00011021
3.67111e-11	-0.000110301
3.67623e-11	-0.000110392
3.68135e-11	-0.000110483
3.68648e-11	-0.000110575
3.6916e-11	-0.000110666
3.69672e-11	-0.000110757
3.70185e-11	-0.000110848
3.70697e-11	-0.000110939
3.7121e-11	-0.00011103
3.71722e-11	-0.000111121
3.72234e-11	-0.000111212
3.72747e-11	-0.000111302
3.73259e-11	-0.000111393
3.73771e-11	-0.000111484
3.74284e-11	-0.000111575
3.74796e-11	-0.000111665
3.75308e-11	-0.000111756
3.75821e-11	-0.000111847
3.76333e-11	-0.000111937
3.76846e-11	-0.000112028
3.77358e-11	-0.000112118
3.7787e-11	-0.000112209
3.78383e-11	-0.000112299
3.78895e-11	-0.000112389
3.79407e-11	-0.00011248
3.7992e-11	-0.00011257
3.80432e-11	-0.00011266
3.80945e-11	-0.000112751
3.81457e-11	-0.000112841
3.81969e-11	-0.000112931
3.82482e-11	-0.000113021
3.82994e-11	-0.000113111
3.83506e-11	-0.000113201
3.84019e-11	-0.000113291
3.84531e-11	-0.000113381
3.85043e-11	-0.000113471
3.85556e-11	-0.000113561
3.86068e-11	-0.00011365
3.86581e-11	-0.00011374
3.87093e-11	-0.00011383
3.87605e-11	-0.00011392
3.88118e-11	-0.000114009
3.8863e-11	-0.000114099
3.89142e-11	-0.000114188
3.89655e-11	-0.000114278
3.90167e-11	-0.000114367
3.90679e-11	-0.000114457
3.91192e-11	-0.000114546
3.91704e-11	-0.000114636
3.92217e-11	-0.000114725
3.92729e-11	-0.000114814
3.93241e-11	-0.000114903
3.93754e-11	-0.000114993
3.94266e-11	-0.000115082
3.94778e-11	-0.000115171
3.95291e-11	-0.00011526
3.95803e-11	-0.000115349
3.96315e-11	-0.000115438
3.96828e-11	-0.000115527
3.9734e-11	-0.000115616
3.97853e-11	-0.000115705
3.98365e-11	-0.000115793
3.98877e-11	-0.000115882
3.9939e-11	-0.000115971
3.99902e-11	-0.00011606
4.00414e-11	-0.000116148
4.00927e-11	-0.000116237
4.01439e-11	-0.000116325
4.01952e-11	-0.000116414
4.02464e-11	-0.000116502
4.02976e-11	-0.000116591
4.03489e-11	-0.000116679
4.04001e-11	-0.000116767
4.04513e-11	-0.000116856
4.05026e-11	-0.000116944
4.05538e-11	-0.000117032
4.0605e-11	-0.00011712
4.06563e-11	-0.000117208
4.07075e-11	-0.000117297
4.07588e-11	-0.000117385
4.081e-11	-0.000117473
4.08612e-11	-0.000117561
4.09125e-11	-0.000117648
4.09637e-11	-0.000117736
4.10149e-11	-0.000117824
4.10662e-11	-0.000117912
4.11174e-11	-0.000118
4.11686e-11	-0.000118087
4.12199e-11	-0.000118175
4.12711e-11	-0.000118263
4.13224e-11	-0.00011835
4.13736e-11	-0.000118438
4.14248e-11	-0.000118525
4.14761e-11	-0.000118612
4.15273e-11	-0.0001187
4.15785e-11	-0.000118787
4.16298e-11	-0.000118874
4.1681e-11	-0.000118962
4.17323e-11	-0.000119049
4.17835e-11	-0.000119136
4.18347e-11	-0.000119223
4.1886e-11	-0.00011931
4.19372e-11	-0.000119397
4.19884e-11	-0.000119484
4.20397e-11	-0.000119571
4.20909e-11	-0.000119658
4.21421e-11	-0.000119745
4.21934e-11	-0.000119831
4.22446e-11	-0.000119918
4.22959e-11	-0.000120005
4.23471e-11	-0.000120091
4.23983e-11	-0.000120178
4.24496e-11	-0.000120265
4.25008e-11	-0.000120351
4.2552e-11	-0.000120438
4.26033e-11	-0.000120524
4.26545e-11	-0.00012061
4.27057e-11	-0.000120697
4.2757e-11	-0.000120783
4.28082e-11	-0.000120869
4.28595e-11	-0.000120955
4.29107e-11	-0.000121041
4.29619e-11	-0.000121128
4.30132e-11	-0.000121214
4.30644e-11	-0.0001213
4.31156e-11	-0.000121385
4.31669e-11	-0.000121471
4.32181e-11	-0.000121557
4.32694e-11	-0.000121643
4.33206e-11	-0.000121729
4.33718e-11	-0.000121814
4.34231e-11	-0.0001219
4.34743e-11	-0.000121986
4.35255e-11	-0.000122071
4.35768e-11	-0.000122157
4.3628e-11	-0.000122242
4.36792e-11	-0.000122328
4.37305e-11	-0.000122413
4.37817e-11	-0.000122498
4.3833e-11	-0.000122584
4.38842e-11	-0.000122669
4.39354e-11	-0.000122754
4.39867e-11	-0.000122839
4.40379e-11	-0.000122924
4.40891e-11	-0.000123009
4.41404e-11	-0.000123094
4.41916e-11	-0.000123179
4.42428e-11	-0.000123264
4.42941e-11	-0.000123349
4.43453e-11	-0.000123434
4.43966e-11	-0.000123518
4.44478e-11	-0.000123603
4.4499e-11	-0.000123688
4.45503e-11	-0.000123772
4.46015e-11	-0.000123857
4.46527e-11	-0.000123941
4.4704e-11	-0.000124026
4.47552e-11	-0.00012411
4.48065e-11	-0.000124194
4.48577e-11	-0.000124279
4.49089e-11	-0.000124363
4.49602e-11	-0.000124447
4.50114e-11	-0.000124531
4.50626e-11	-0.000124615
4.51139e-11	-0.000124699
4.51651e-11	-0.000124783
4.52163e-11	-0.000124867
4.52676e-11	-0.000124951
4.53188e-11	-0.000125035
4.53701e-11	-0.000125119
4.54213e-11	-0.000125203
4.54725e-11	-0.000125286
4.55238e-11	-0.00012537
4.5575e-11	-0.000125453
4.56262e-11	-0.000125537
4.56775e-11	-0.00012562
4.57287e-11	-0.000125704
4.57799e-11	-0.000125787
4.58312e-11	-0.000125871
4.58824e-11	-0.000125954
4.59337e-11	-0.000126037
4.59849e-11	-0.00012612
4.60361e-11	-0.000126203
4.60874e-11	-0.000126286
4.61386e-11	-0.000126369
4.61898e-11	-0.000126452
4.62411e-11	-0.000126535
4.62923e-11	-0.000126618
4.63436e-11	-0.000126701
4.63948e-11	-0.000126784
4.6446e-11	-0.000126866
4.64973e-11	-0.000126949
4.65485e-11	-0.000127032
4.65997e-11	-0.000127114
4.6651e-11	-0.000127197
4.67022e-11	-0.000127279
4.67534e-11	-0.000127362
4.68047e-11	-0.000127444
4.68559e-11	-0.000127526
4.69072e-11	-0.000127608
4.69584e-11	-0.000127691
4.70096e-11	-0.000127773
4.70609e-11	-0.000127855
4.71121e-11	-0.000127937
4.71633e-11	-0.000128019
4.72146e-11	-0.000128101
4.72658e-11	-0.000128183
4.7317e-11	-0.000128264
4.73683e-11	-0.000128346
4.74195e-11	-0.000128428
4.74708e-11	-0.000128509
4.7522e-11	-0.000128591
4.75732e-11	-0.000128673
4.76245e-11	-0.000128754
4.76757e-11	-0.000128836
4.77269e-11	-0.000128917
4.77782e-11	-0.000128998
4.78294e-11	-0.00012908
4.78807e-11	-0.000129161
4.79319e-11	-0.000129242
4.79831e-11	-0.000129323
4.80344e-11	-0.000129404
4.80856e-11	-0.000129485
4.81368e-11	-0.000129566
4.81881e-11	-0.000129647
4.82393e-11	-0.000129728
4.82905e-11	-0.000129808
4.83418e-11	-0.000129889
4.8393e-11	-0.00012997
4.84443e-11	-0.00013005
4.84955e-11	-0.000130131
4.85467e-11	-0.000130212
4.8598e-11	-0.000130292
4.86492e-11	-0.000130372
4.87004e-11	-0.000130453
4.87517e-11	-0.000130533
4.88029e-11	-0.000130613
4.88541e-11	-0.000130693
4.89054e-11	-0.000130774
4.89566e-11	-0.000130854
4.90079e-11	-0.000130934
4.90591e-11	-0.000131014
4.91103e-11	-0.000131093
4.91616e-11	-0.000131173
4.92128e-11	-0.000131253
4.9264e-11	-0.000131333
4.93153e-11	-0.000131412
4.93665e-11	-0.000131492
4.94178e-11	-0.000131572
4.9469e-11	-0.000131651
4.95202e-11	-0.000131731
4.95715e-11	-0.00013181
4.96227e-11	-0.000131889
4.96739e-11	-0.000131969
4.97252e-11	-0.000132048
4.97764e-11	-0.000132127
4.98276e-11	-0.000132206
4.98789e-11	-0.000132285
4.99301e-11	-0.000132364
4.99814e-11	-0.000132443
5.00326e-11	-0.000132522
5.00838e-11	-0.000132601
5.01351e-11	-0.000132679
5.01863e-11	-0.000132758
5.02375e-11	-0.000132837
5.02888e-11	-0.000132915
5.034e-11	-0.000132994
5.03912e-11	-0.000133072
5.04425e-11	-0.000133151
5.04937e-11	-0.000133229
5.0545e-11	-0.000133307
5.05962e-11	-0.000133386
5.06474e-11	-0.000133464
5.06987e-11	-0.000133542
5.07499e-11	-0.00013362
5.08011e-11	-0.000133698
5.08524e-11	-0.000133776
5.09036e-11	-0.000133854
5.09548e-11	-0.000133932
5.10061e-11	-0.000134009
5.10573e-11	-0.000134087
5.11086e-11	-0.000134165
5.11598e-11	-0.000134242
5.1211e-11	-0.00013432
5.12623e-11	-0.000134397
5.13135e-11	-0.000134475
5.13647e-11	-0.000134552
5.1416e-11	-0.000134629
5.14672e-11	-0.000134707
5.15185e-11	-0.000134784
5.15697e-11	-0.000134861
5.16209e-11	-0.000134938
5.16722e-11	-0.000135015
5.17234e-11	-0.000135092
5.17746e-11	-0.000135169
5.18259e-11	-0.000135246
5.18771e-11	-0.000135322
5.19283e-11	-0.000135399
5.19796e-11	-0.000135476
5.20308e-11	-0.000135552
5.20821e-11	-0.000135629
5.21333e-11	-0.000135705
5.21845e-11	-0.000135782
5.22358e-11	-0.000135858
5.2287e-11	-0.000135934
5.23382e-11	-0.00013601
5.23895e-11	-0.000136087
5.24407e-11	-0.000136163
5.24919e-11	-0.000136239
5.25432e-11	-0.000136315
5.25944e-11	-0.000136391
5.26457e-11	-0.000136466
5.26969e-11	-0.000136542
5.27481e-11	-0.000136618
5.27994e-11	-0.000136694
5.28506e-11	-0.000136769
5.29018e-11	-0.000136845
5.29531e-11	-0.00013692
5.30043e-11	-0.000136996
5.30556e-11	-0.000137071
5.31068e-11	-0.000137146
5.3158e-11	-0.000137222
5.32093e-11	-0.000137297
5.32605e-11	-0.000137372
5.33117e-11	-0.000137447
5.3363e-11	-0.000137522
5.34142e-11	-0.000137597
5.34654e-11	-0.000137672
5.35167e-11	-0.000137746
5.35679e-11	-0.000137821
5.36192e-11	-0.000137896
5.36704e-11	-0.00013797
5.37216e-11	-0.000138045
5.37729e-11	-0.00013812
5.38241e-11	-0.000138194
5.38753e-11	-0.000138268
5.39266e-11	-0.000138343
5.39778e-11	-0.000138417
5.4029e-11	-0.000138491
5.40803e-11	-0.000138565
5.41315e-11	-0.000138639
5.41828e-11	-0.000138713
5.4234e-11	-0.000138787
5.42852e-11	-0.000138861
5.43365e-11	-0.000138935
5.43877e-11	-0.000139008
5.44389e-11	-0.000139082
5.44902e-11	-0.000139156
5.45414e-11	-0.000139229
5.45927e-11	-0.000139303
5.46439e-11	-0.000139376
5.46951e-11	-0.000139449
5.47464e-11	-0.000139523
5.47976e-11	-0.000139596
5.48488e-11	-0.000139669
5.49001e-11	-0.000139742
5.49513e-11	-0.000139815
5.50025e-11	-0.000139888
5.50538e-11	-0.000139961
5.5105e-11	-0.000140034
5.51563e-11	-0.000140107
5.52075e-11	-0.000140179
5.52587e-11	-0.000140252
5.531e-11	-0.000140325
5.53612e-11	-0.000140397
5.54124e-11	-0.000140469
5.54637e-11	-0.000140542
5.55149e-11	-0.000140614
5.55661e-11	-0.000140686
5.56174e-11	-0.000140759
5.56686e-11	-0.000140831
5.57199e-11	-0.000140903
5.57711e-11	-0.000140975
5.58223e-11	-0.000141047
5.58736e-11	-0.000141118
5.59248e-11	-0.00014119
5.5976e-11	-0.000141262
5.60273e-11	-0.000141334
5.60785e-11	-0.000141405
5.61298e-11	-0.000141477
5.6181e-11	-0.000141548
5.62322e-11	-0.00014162
5.62835e-11	-0.000141691
5.63347e-11	-0.000141762
5.63859e-11	-0.000141833
5.64372e-11	-0.000141904
5.64884e-11	-0.000141976
5.65396e-11	-0.000142046
5.65909e-11	-0.000142117
5.66421e-11	-0.000142188
5.66934e-11	-0.000142259
5.67446e-11	-0.00014233
5.67958e-11	-0.0001424
5.68471e-11	-0.000142471
5.68983e-11	-0.000142542
5.69495e-11	-0.000142612
5.70008e-11	-0.000142682
5.7052e-11	-0.000142753
5.71032e-11	-0.000142823
5.71545e-11	-0.000142893
5.72057e-11	-0.000142963
5.7257e-11	-0.000143033
5.73082e-11	-0.000143103
5.73594e-11	-0.000143173
5.74107e-11	-0.000143243
5.74619e-11	-0.000143313
5.75131e-11	-0.000143383
5.75644e-11	-0.000143452
5.76156e-11	-0.000143522
5.76669e-11	-0.000143591
5.77181e-11	-0.000143661
5.77693e-11	-0.00014373
5.78206e-11	-0.000143799
5.78718e-11	-0.000143869
5.7923e-11	-0.000143938
5.79743e-11	-0.000144007
5.80255e-11	-0.000144076
5.80767e-11	-0.000144145
5.8128e-11	-0.000144214
5.81792e-11	-0.000144283
5.82305e-11	-0.000144351
5.82817e-11	-0.00014442
5.83329e-11	-0.000144489
5.83842e-11	-0.000144557
5.84354e-11	-0.000144626
5.84866e-11	-0.000144694
5.85379e-11	-0.000144762
5.85891e-11	-0.000144831
5.86403e-11	-0.000144899
5.86916e-11	-0.000144967
5.87428e-11	-0.000145035
5.87941e-11	-0.000145103
5.88453e-11	-0.000145171
5.88965e-11	-0.000145239
5.89478e-11	-0.000145306
5.8999e-11	-0.000145374
5.90502e-11	-0.000145442
5.91015e-11	-0.000145509
5.91527e-11	-0.000145577
5.9204e-11	-0.000145644
5.92552e-11	-0.000145712
5.93064e-11	-0.000145779
5.93577e-11	-0.000145846
5.94089e-11	-0.000145913
5.94601e-11	-0.00014598
5.95114e-11	-0.000146047
5.95626e-11	-0.000146114
5.96138e-11	-0.000146181
5.96651e-11	-0.000146248
5.97163e-11	-0.000146315
5.97676e-11	-0.000146381
5.98188e-11	-0.000146448
5.987e-11	-0.000146514
5.99213e-11	-0.000146581
5.99725e-11	-0.000146647
6.00237e-11	-0.000146713
6.0075e-11	-0.00014678
6.01262e-11	-0.000146846
6.01774e-11	-0.000146912
6.02287e-11	-0.000146978
6.02799e-11	-0.000147044
6.03312e-11	-0.00014711
6.03824e-11	-0.000147175
6.04336e-11	-0.000147241
6.04849e-11	-0.000147307
6.05361e-11	-0.000147372
6.05873e-11	-0.000147438
6.06386e-11	-0.000147503
6.06898e-11	-0.000147569
6.07411e-11	-0.000147634
6.07923e-11	-0.000147699
6.08435e-11	-0.000147764
6.08948e-11	-0.000147829
6.0946e-11	-0.000147894
6.09972e-11	-0.000147959
6.10485e-11	-0.000148024
6.10997e-11	-0.000148089
6.11509e-11	-0.000148153
6.12022e-11	-0.000148218
6.12534e-11	-0.000148283
6.13047e-11	-0.000148347
6.13559e-11	-0.000148411
6.14071e-11	-0.000148476
6.14584e-11	-0.00014854
6.15096e-11	-0.000148604
6.15608e-11	-0.000148668
6.16121e-11	-0.000148732
6.16633e-11	-0.000148796
6.17145e-11	-0.00014886
6.17658e-11	-0.000148924
6.1817e-11	-0.000148988
6.18683e-11	-0.000149051
6.19195e-11	-0.000149115
6.19707e-11	-0.000149178
6.2022e-11	-0.000149242
6.20732e-11	-0.000149305
6.21244e-11	-0.000149369
6.21757e-11	-0.000149432
6.22269e-11	-0.000149495
6.22781e-11	-0.000149558
6.23294e-11	-0.000149621
6.23806e-11	-0.000149684
6.24319e-11	-0.000149747
6.24831e-11	-0.00014981
6.25343e-11	-0.000149872
6.25856e-11	-0.000149935
6.26368e-11	-0.000149997
6.2688e-11	-0.00015006
6.27393e-11	-0.000150122
6.27905e-11	-0.000150185
6.28418e-11	-0.000150247
6.2893e-11	-0.000150309
6.29442e-11	-0.000150371
6.29955e-11	-0.000150433
6.30467e-11	-0.000150495
6.30979e-11	-0.000150557
6.31492e-11	-0.000150619
6.32004e-11	-0.00015068
6.32516e-11	-0.000150742
6.33029e-11	-0.000150804
6.33541e-11	-0.000150865
6.34054e-11	-0.000150926
6.34566e-11	-0.000150988
6.35078e-11	-0.000151049
6.35591e-11	-0.00015111
6.36103e-11	-0.000151171
6.36615e-11	-0.000151232
6.37128e-11	-0.000151293
6.3764e-11	-0.000151354
6.38152e-11	-0.000151415
6.38665e-11	-0.000151476
6.39177e-11	-0.000151536
6.3969e-11	-0.000151597
6.40202e-11	-0.000151657
6.40714e-11	-0.000151718
6.41227e-11	-0.000151778
6.41739e-11	-0.000151838
6.42251e-11	-0.000151898
6.42764e-11	-0.000151959
6.43276e-11	-0.000152019
6.43789e-11	-0.000152079
6.44301e-11	-0.000152138
6.44813e-11	-0.000152198
6.45326e-11	-0.000152258
6.45838e-11	-0.000152318
6.4635e-11	-0.000152377
6.46863e-11	-0.000152437
6.47375e-11	-0.000152496
6.47887e-11	-0.000152555
6.484e-11	-0.000152615
6.48912e-11	-0.000152674
6.49425e-11	-0.000152733
6.49937e-11	-0.000152792
6.50449e-11	-0.000152851
6.50962e-11	-0.00015291
6.51474e-11	-0.000152968
6.51986e-11	-0.000153027
6.52499e-11	-0.000153086
6.53011e-11	-0.000153144
6.53523e-11	-0.000153203
6.54036e-11	-0.000153261
6.54548e-11	-0.000153319
6.55061e-11	-0.000153378
6.55573e-11	-0.000153436
6.56085e-11	-0.000153494
6.56598e-11	-0.000153552
6.5711e-11	-0.00015361
6.57622e-11	-0.000153667
6.58135e-11	-0.000153725
6.58647e-11	-0.000153783
6.5916e-11	-0.00015384
6.59672e-11	-0.000153898
6.60184e-11	-0.000153955
6.60697e-11	-0.000154013
6.61209e-11	-0.00015407
6.61721e-11	-0.000154127
6.62234e-11	-0.000154184
6.62746e-11	-0.000154241
6.63258e-11	-0.000154298
6.63771e-11	-0.000154355
6.64283e-11	-0.000154412
6.64796e-11	-0.000154469
6.65308e-11	-0.000154525
6.6582e-11	-0.000154582
6.66333e-11	-0.000154638
6.66845e-11	-0.000154695
6.67357e-11	-0.000154751
6.6787e-11	-0.000154807
6.68382e-11	-0.000154863
6.68894e-11	-0.000154919
6.69407e-11	-0.000154975
6.69919e-11	-0.000155031
6.70432e-11	-0.000155087
6.70944e-11	-0.000155143
6.71456e-11	-0.000155198
6.71969e-11	-0.000155254
6.72481e-11	-0.00015531
6.72993e-11	-0.000155365
6.73506e-11	-0.00015542
6.74018e-11	-0.000155475
6.74531e-11	-0.000155531
6.75043e-11	-0.000155586
6.75555e-11	-0.000155641
6.76068e-11	-0.000155696
6.7658e-11	-0.000155751
6.77092e-11	-0.000155805
6.77605e-11	-0.00015586
6.78117e-11	-0.000155915
6.78629e-11	-0.000155969
6.79142e-11	-0.000156023
6.79654e-11	-0.000156078
6.80167e-11	-0.000156132
6.80679e-11	-0.000156186
6.81191e-11	-0.00015624
6.81704e-11	-0.000156294
6.82216e-11	-0.000156348
6.82728e-11	-0.000156402
6.83241e-11	-0.000156456
6.83753e-11	-0.00015651
6.84265e-11	-0.000156563
6.84778e-11	-0.000156617
6.8529e-11	-0.00015667
6.85803e-11	-0.000156724
6.86315e-11	-0.000156777
6.86827e-11	-0.00015683
6.8734e-11	-0.000156883
6.87852e-11	-0.000156936
6.88364e-11	-0.000156989
6.88877e-11	-0.000157042
6.89389e-11	-0.000157095
6.89902e-11	-0.000157147
6.90414e-11	-0.0001572
6.90926e-11	-0.000157252
6.91439e-11	-0.000157305
6.91951e-11	-0.000157357
6.92463e-11	-0.000157409
6.92976e-11	-0.000157462
6.93488e-11	-0.000157514
6.94e-11	-0.000157566
6.94513e-11	-0.000157618
6.95025e-11	-0.00015767
6.95538e-11	-0.000157721
6.9605e-11	-0.000157773
6.96562e-11	-0.000157825
6.97075e-11	-0.000157876
6.97587e-11	-0.000157928
6.98099e-11	-0.000157979
6.98612e-11	-0.00015803
6.99124e-11	-0.000158081
6.99636e-11	-0.000158132
7.00149e-11	-0.000158183
7.00661e-11	-0.000158234
7.01174e-11	-0.000158285
7.01686e-11	-0.000158336
7.02198e-11	-0.000158386
7.02711e-11	-0.000158437
7.03223e-11	-0.000158488
7.03735e-11	-0.000158538
7.04248e-11	-0.000158588
7.0476e-11	-0.000158638
7.05273e-11	-0.000158689
7.05785e-11	-0.000158739
7.06297e-11	-0.000158789
7.0681e-11	-0.000158839
7.07322e-11	-0.000158888
7.07834e-11	-0.000158938
7.08347e-11	-0.000158988
7.08859e-11	-0.000159037
7.09371e-11	-0.000159087
7.09884e-11	-0.000159136
7.10396e-11	-0.000159185
7.10909e-11	-0.000159235
7.11421e-11	-0.000159284
7.11933e-11	-0.000159333
7.12446e-11	-0.000159382
7.12958e-11	-0.00015943
7.1347e-11	-0.000159479
7.13983e-11	-0.000159528
7.14495e-11	-0.000159576
7.15007e-11	-0.000159625
7.1552e-11	-0.000159673
7.16032e-11	-0.000159722
7.16545e-11	-0.00015977
7.17057e-11	-0.000159818
7.17569e-11	-0.000159866
7.18082e-11	-0.000159914
7.18594e-11	-0.000159962
7.19106e-11	-0.00016001
7.19619e-11	-0.000160058
7.20131e-11	-0.000160105
7.20644e-11	-0.000160153
7.21156e-11	-0.0001602
7.21668e-11	-0.000160248
7.22181e-11	-0.000160295
7.22693e-11	-0.000160342
7.23205e-11	-0.000160389
7.23718e-11	-0.000160436
7.2423e-11	-0.000160483
7.24742e-11	-0.00016053
7.25255e-11	-0.000160577
7.25767e-11	-0.000160623
7.2628e-11	-0.00016067
7.26792e-11	-0.000160716
7.27304e-11	-0.000160763
7.27817e-11	-0.000160809
7.28329e-11	-0.000160855
7.28841e-11	-0.000160902
7.29354e-11	-0.000160948
7.29866e-11	-0.000160993
7.30378e-11	-0.000161039
7.30891e-11	-0.000161085
7.31403e-11	-0.000161131
7.31916e-11	-0.000161176
7.32428e-11	-0.000161222
7.3294e-11	-0.000161267
7.33453e-11	-0.000161313
7.33965e-11	-0.000161358
7.34477e-11	-0.000161403
7.3499e-11	-0.000161448
7.35502e-11	-0.000161493
7.36014e-11	-0.000161538
7.36527e-11	-0.000161583
7.37039e-11	-0.000161628
7.37552e-11	-0.000161672
7.38064e-11	-0.000161717
7.38576e-11	-0.000161761
7.39089e-11	-0.000161805
7.39601e-11	-0.00016185
7.40113e-11	-0.000161894
7.40626e-11	-0.000161938
7.41138e-11	-0.000161982
7.41651e-11	-0.000162026
7.42163e-11	-0.00016207
7.42675e-11	-0.000162113
7.43188e-11	-0.000162157
7.437e-11	-0.0001622
7.44212e-11	-0.000162244
7.44725e-11	-0.000162287
7.45237e-11	-0.000162331
7.45749e-11	-0.000162374
7.46262e-11	-0.000162417
7.46774e-11	-0.00016246
7.47287e-11	-0.000162503
7.47799e-11	-0.000162546
7.48311e-11	-0.000162588
7.48824e-11	-0.000162631
7.49336e-11	-0.000162673
7.49848e-11	-0.000162716
7.50361e-11	-0.000162758
7.50873e-11	-0.0001628
7.51385e-11	-0.000162843
7.51898e-11	-0.000162885
7.5241e-11	-0.000162927
7.52923e-11	-0.000162969
7.53435e-11	-0.00016301
7.53947e-11	-0.000163052
7.5446e-11	-0.000163094
7.54972e-11	-0.000163135
7.55484e-11	-0.000163177
7.55997e-11	-0.000163218
7.56509e-11	-0.000163259
7.57022e-11	-0.0001633
7.57534e-11	-0.000163341
7.58046e-11	-0.000163382
7.58559e-11	-0.000163423
7.59071e-11	-0.000163464
7.59583e-11	-0.000163505
7.60096e-11	-0.000163545
7.60608e-11	-0.000163586
7.6112e-11	-0.000163626
7.61633e-11	-0.000163667
7.62145e-11	-0.000163707
7.62658e-11	-0.000163747
7.6317e-11	-0.000163787
7.63682e-11	-0.000163827
7.64195e-11	-0.000163867
7.64707e-11	-0.000163907
7.65219e-11	-0.000163946
7.65732e-11	-0.000163986
7.66244e-11	-0.000164025
7.66756e-11	-0.000164065
7.67269e-11	-0.000164104
7.67781e-11	-0.000164143
7.68294e-11	-0.000164182
7.68806e-11	-0.000164221
7.69318e-11	-0.00016426
7.69831e-11	-0.000164299
7.70343e-11	-0.000164338
7.70855e-11	-0.000164377
7.71368e-11	-0.000164415
7.7188e-11	-0.000164454
7.72393e-11	-0.000164492
7.72905e-11	-0.00016453
7.73417e-11	-0.000164568
7.7393e-11	-0.000164607
7.74442e-11	-0.000164645
7.74954e-11	-0.000164682
7.75467e-11	-0.00016472
7.75979e-11	-0.000164758
7.76491e-11	-0.000164796
7.77004e-11	-0.000164833
7.77516e-11	-0.00016487
7.78029e-11	-0.000164908
7.78541e-11	-0.000164945
7.79053e-11	-0.000164982
7.79566e-11	-0.000165019
7.80078e-11	-0.000165056
7.8059e-11	-0.000165093
7.81103e-11	-0.00016513
7.81615e-11	-0.000165166
7.82127e-11	-0.000165203
7.8264e-11	-0.00016524
7.83152e-11	-0.000165276
7.83665e-11	-0.000165312
7.84177e-11	-0.000165348
7.84689e-11	-0.000165384
7.85202e-11	-0.00016542
7.85714e-11	-0.000165456
7.86226e-11	-0.000165492
7.86739e-11	-0.000165528
7.87251e-11	-0.000165563
7.87764e-11	-0.000165599
7.88276e-11	-0.000165634
7.88788e-11	-0.00016567
7.89301e-11	-0.000165705
7.89813e-11	-0.00016574
7.90325e-11	-0.000165775
7.90838e-11	-0.00016581
7.9135e-11	-0.000165845
7.91862e-11	-0.00016588
7.92375e-11	-0.000165914
7.92887e-11	-0.000165949
7.934e-11	-0.000165983
7.93912e-11	-0.000166018
7.94424e-11	-0.000166052
7.94937e-11	-0.000166086
7.95449e-11	-0.00016612
7.95961e-11	-0.000166154
7.96474e-11	-0.000166188
7.96986e-11	-0.000166222
7.97498e-11	-0.000166256
7.98011e-11	-0.000166289
7.98523e-11	-0.000166323
7.99036e-11	-0.000166356
7.99548e-11	-0.000166389
8.0006e-11	-0.000166423
8.00573e-11	-0.000166456
8.01085e-11	-0.000166489
8.01597e-11	-0.000166522
8.0211e-11	-0.000166554
8.02622e-11	-0.000166587
8.03135e-11	-0.00016662
8.03647e-11	-0.000166652
8.04159e-11	-0.000166685
8.04672e-11	-0.000166717
8.05184e-11	-0.000166749
8.05696e-11	-0.000166781
8.06209e-11	-0.000166813
8.06721e-11	-0.000166845
8.07233e-11	-0.000166877
8.07746e-11	-0.000166909
8.08258e-11	-0.00016694
8.08771e-11	-0.000166972
8.09283e-11	-0.000167003
8.09795e-11	-0.000167035
8.10308e-11	-0.000167066
8.1082e-11	-0.000167097
8.11332e-11	-0.000167128
8.11845e-11	-0.000167159
8.12357e-11	-0.00016719
8.12869e-11	-0.000167221
8.13382e-11	-0.000167251
8.13894e-11	-0.000167282
8.14407e-11	-0.000167312
8.14919e-11	-0.000167343
8.15431e-11	-0.000167373
8.15944e-11	-0.000167403
8.16456e-11	-0.000167433
8.16968e-11	-0.000167463
8.17481e-11	-0.000167493
8.17993e-11	-0.000167523
8.18506e-11	-0.000167553
8.19018e-11	-0.000167582
8.1953e-11	-0.000167612
8.20043e-11	-0.000167641
8.20555e-11	-0.00016767
8.21067e-11	-0.000167699
8.2158e-11	-0.000167728
8.22092e-11	-0.000167757
8.22604e-11	-0.000167786
8.23117e-11	-0.000167815
8.23629e-11	-0.000167844
8.24142e-11	-0.000167872
8.24654e-11	-0.000167901
8.25166e-11	-0.000167929
8.25679e-11	-0.000167957
8.26191e-11	-0.000167985
8.26703e-11	-0.000168014
8.27216e-11	-0.000168042
8.27728e-11	-0.000168069
8.2824e-11	-0.000168097
8.28753e-11	-0.000168125
8.29265e-11	-0.000168152
8.29778e-11	-0.00016818
8.3029e-11	-0.000168207
8.30802e-11	-0.000168234
8.31315e-11	-0.000168262
8.31827e-11	-0.000168289
8.32339e-11	-0.000168316
8.32852e-11	-0.000168343
8.33364e-11	-0.000168369
8.33877e-11	-0.000168396
8.34389e-11	-0.000168422
8.34901e-11	-0.000168449
8.35414e-11	-0.000168475
8.35926e-11	-0.000168502
8.36438e-11	-0.000168528
8.36951e-11	-0.000168554
8.37463e-11	-0.00016858
8.37975e-11	-0.000168606
8.38488e-11	-0.000168631
8.39e-11	-0.000168657
8.39513e-11	-0.000168682
8.40025e-11	-0.000168708
8.40537e-11	-0.000168733
8.4105e-11	-0.000168758
8.41562e-11	-0.000168784
8.42074e-11	-0.000168809
8.42587e-11	-0.000168834
8.43099e-11	-0.000168858
8.43611e-11	-0.000168883
8.44124e-11	-0.000168908
8.44636e-11	-0.000168932
8.45149e-11	-0.000168957
8.45661e-11	-0.000168981
8.46173e-11	-0.000169005
8.46686e-11	-0.000169029
8.47198e-11	-0.000169053
8.4771e-11	-0.000169077
8.48223e-11	-0.000169101
8.48735e-11	-0.000169125
8.49247e-11	-0.000169148
8.4976e-11	-0.000169172
8.50272e-11	-0.000169195
8.50785e-11	-0.000169219
8.51297e-11	-0.000169242
8.51809e-11	-0.000169265
8.52322e-11	-0.000169288
8.52834e-11	-0.000169311
8.53346e-11	-0.000169333
8.53859e-11	-0.000169356
8.54371e-11	-0.000169379
8.54884e-11	-0.000169401
8.55396e-11	-0.000169424
8.55908e-11	-0.000169446
8.56421e-11	-0.000169468
8.56933e-11	-0.00016949
8.57445e-11	-0.000169512
8.57958e-11	-0.000169534
8.5847e-11	-0.000169556
8.58982e-11	-0.000169577
8.59495e-11	-0.000169599
8.60007e-11	-0.00016962
8.6052e-11	-0.000169641
8.61032e-11	-0.000169663
8.61544e-11	-0.000169684
8.62057e-11	-0.000169705
8.62569e-11	-0.000169726
8.63081e-11	-0.000169747
8.63594e-11	-0.000169767
8.64106e-11	-0.000169788
8.64618e-11	-0.000169808
8.65131e-11	-0.000169829
8.65643e-11	-0.000169849
8.66156e-11	-0.000169869
8.66668e-11	-0.000169889
8.6718e-11	-0.000169909
8.67693e-11	-0.000169929
8.68205e-11	-0.000169949
8.68717e-11	-0.000169969
8.6923e-11	-0.000169988
8.69742e-11	-0.000170008
8.70255e-11	-0.000170027
8.70767e-11	-0.000170046
8.71279e-11	-0.000170065
8.71792e-11	-0.000170084
8.72304e-11	-0.000170103
8.72816e-11	-0.000170122
8.73329e-11	-0.000170141
8.73841e-11	-0.000170159
8.74353e-11	-0.000170178
8.74866e-11	-0.000170196
8.75378e-11	-0.000170215
8.75891e-11	-0.000170233
8.76403e-11	-0.000170251
8.76915e-11	-0.000170269
8.77428e-11	-0.000170287
8.7794e-11	-0.000170304
8.78452e-11	-0.000170322
8.78965e-11	-0.00017034
8.79477e-11	-0.000170357
8.79989e-11	-0.000170374
8.80502e-11	-0.000170392
8.81014e-11	-0.000170409
8.81527e-11	-0.000170426
8.82039e-11	-0.000170443
8.82551e-11	-0.00017046
8.83064e-11	-0.000170476
8.83576e-11	-0.000170493
8.84088e-11	-0.000170509
8.84601e-11	-0.000170526
8.85113e-11	-0.000170542
8.85626e-11	-0.000170558
8.86138e-11	-0.000170574
8.8665e-11	-0.00017059
8.87163e-11	-0.000170606
8.87675e-11	-0.000170622
8.88187e-11	-0.000170637
8.887e-11	-0.000170653
8.89212e-11	-0.000170668
8.89724e-11	-0.000170684
8.90237e-11	-0.000170699
8.90749e-11	-0.000170714
8.91262e-11	-0.000170729
8.91774e-11	-0.000170744
8.92286e-11	-0.000170759
8.92799e-11	-0.000170773
8.93311e-11	-0.000170788
8.93823e-11	-0.000170802
8.94336e-11	-0.000170817
8.94848e-11	-0.000170831
8.9536e-11	-0.000170845
8.95873e-11	-0.000170859
8.96385e-11	-0.000170873
8.96898e-11	-0.000170887
8.9741e-11	-0.000170901
8.97922e-11	-0.000170914
8.98435e-11	-0.000170928
8.98947e-11	-0.000170941
8.99459e-11	-0.000170954
8.99972e-11	-0.000170968
9.00484e-11	-0.000170981
9.00997e-11	-0.000170994
9.01509e-11	-0.000171006
9.02021e-11	-0.000171019
9.02534e-11	-0.000171032
9.03046e-11	-0.000171044
9.03558e-11	-0.000171057
9.04071e-11	-0.000171069
9.04583e-11	-0.000171081
9.05095e-11	-0.000171093
9.05608e-11	-0.000171105
9.0612e-11	-0.000171117
9.06633e-11	-0.000171129
9.07145e-11	-0.000171141
9.07657e-11	-0.000171152
9.0817e-11	-0.000171164
9.08682e-11	-0.000171175
9.09194e-11	-0.000171186
9.09707e-11	-0.000171197
9.10219e-11	-0.000171208
9.10731e-11	-0.000171219
9.11244e-11	-0.00017123
9.11756e-11	-0.000171241
9.12269e-11	-0.000171251
9.12781e-11	-0.000171262
9.13293e-11	-0.000171272
9.13806e-11	-0.000171282
9.14318e-11	-0.000171292
9.1483e-11	-0.000171302
9.15343e-11	-0.000171312
9.15855e-11	-0.000171322
9.16368e-11	-0.000171332
9.1688e-11	-0.000171341
9.17392e-11	-0.000171351
9.17905e-11	-0.00017136
9.18417e-11	-0.00017137
9.18929e-11	-0.000171379
9.19442e-11	-0.000171388
9.19954e-11	-0.000171397
9.20466e-11	-0.000171406
9.20979e-11	-0.000171414
9.21491e-11	-0.000171423
9.22004e-11	-0.000171431
9.22516e-11	-0.00017144
9.23028e-11	-0.000171448
9.23541e-11	-0.000171456
9.24053e-11	-0.000171464
9.24565e-11	-0.000171472
9.25078e-11	-0.00017148
9.2559e-11	-0.000171488
9.26102e-11	-0.000171495
9.26615e-11	-0.000171503
9.27127e-11	-0.00017151
9.2764e-11	-0.000171517
9.28152e-11	-0.000171525
9.28664e-11	-0.000171532
9.29177e-11	-0.000171539
9.29689e-11	-0.000171545
9.30201e-11	-0.000171552
9.30714e-11	-0.000171559
9.31226e-11	-0.000171565
9.31739e-11	-0.000171572
9.32251e-11	-0.000171578
9.32763e-11	-0.000171584
9.33276e-11	-0.00017159
9.33788e-11	-0.000171596
9.343e-11	-0.000171602
9.34813e-11	-0.000171608
9.35325e-11	-0.000171613
9.35837e-11	-0.000171619
9.3635e-11	-0.000171624
9.36862e-11	-0.00017163
9.37375e-11	-0.000171635
9.37887e-11	-0.00017164
9.38399e-11	-0.000171645
9.38912e-11	-0.00017165
9.39424e-11	-0.000171654
9.39936e-11	-0.000171659
9.40449e-11	-0.000171663
9.40961e-11	-0.000171668
9.41473e-11	-0.000171672
9.41986e-11	-0.000171676
9.42498e-11	-0.00017168
9.43011e-11	-0.000171684
9.43523e-11	-0.000171688
9.44035e-11	-0.000171692
9.44548e-11	-0.000171695
9.4506e-11	-0.000171699
9.45572e-11	-0.000171702
9.46085e-11	-0.000171706
9.46597e-11	-0.000171709
9.4711e-11	-0.000171712
9.47622e-11	-0.000171715
9.48134e-11	-0.000171718
9.48647e-11	-0.00017172
9.49159e-11	-0.000171723
9.49671e-11	-0.000171725
9.50184e-11	-0.000171728
9.50696e-11	-0.00017173
9.51208e-11	-0.000171732
9.51721e-11	-0.000171734
9.52233e-11	-0.000171736
9.52746e-11	-0.000171738
9.53258e-11	-0.00017174
9.5377e-11	-0.000171741
9.54283e-11	-0.000171743
9.54795e-11	-0.000171744
9.55307e-11	-0.000171745
9.5582e-11	-0.000171746
9.56332e-11	-0.000171747
9.56844e-11	-0.000171748
9.57357e-11	-0.000171749
9.57869e-11	-0.00017175
9.58382e-11	-0.00017175
9.58894e-11	-0.000171751
9.59406e-11	-0.000171751
9.59919e-11	-0.000171751
9.60431e-11	-0.000171751
9.60943e-11	-0.000171751
9.61456e-11	-0.000171751
9.61968e-11	-0.000171751
9.6248e-11	-0.000171751
9.62993e-11	-0.00017175
9.63505e-11	-0.00017175
9.64018e-11	-0.000171749
9.6453e-11	-0.000171748
9.65042e-11	-0.000171747
9.65555e-11	-0.000171746
9.66067e-11	-0.000171745
9.66579e-11	-0.000171744
9.67092e-11	-0.000171743
9.67604e-11	-0.000171741
9.68117e-11	-0.00017174
9.68629e-11	-0.000171738
9.69141e-11	-0.000171736
9.69654e-11	-0.000171734
9.70166e-11	-0.000171732
9.70678e-11	-0.00017173
9.71191e-11	-0.000171728
9.71703e-11	-0.000171725
9.72215e-11	-0.000171723
9.72728e-11	-0.00017172
9.7324e-11	-0.000171717
9.73753e-11	-0.000171715
9.74265e-11	-0.000171712
9.74777e-11	-0.000171709
9.7529e-11	-0.000171705
9.75802e-11	-0.000171702
9.76314e-11	-0.000171699
9.76827e-11	-0.000171695
9.77339e-11	-0.000171691
9.77851e-11	-0.000171688
9.78364e-11	-0.000171684
9.78876e-11	-0.00017168
9.79389e-11	-0.000171676
9.79901e-11	-0.000171672
9.80413e-11	-0.000171667
9.80926e-11	-0.000171663
9.81438e-11	-0.000171658
9.8195e-11	-0.000171654
9.82463e-11	-0.000171649
9.82975e-11	-0.000171644
9.83488e-11	-0.000171639
9.84e-11	-0.000171634
9.84512e-11	-0.000171628
9.85025e-11	-0.000171623
9.85537e-11	-0.000171618
9.86049e-11	-0.000171612
9.86562e-11	-0.000171606
9.87074e-11	-0.0001716
9.87586e-11	-0.000171594
9.88099e-11	-0.000171588
9.88611e-11	-0.000171582
9.89124e-11	-0.000171576
9.89636e-11	-0.000171569
9.90148e-11	-0.000171563
9.90661e-11	-0.000171556
9.91173e-11	-0.00017155
9.91685e-11	-0.000171543
9.92198e-11	-0.000171536
9.9271e-11	-0.000171529
9.93222e-11	-0.000171521
9.93735e-11	-0.000171514
9.94247e-11	-0.000171507
9.9476e-11	-0.000171499
9.95272e-11	-0.000171491
9.95784e-11	-0.000171484
9.96297e-11	-0.000171476
9.96809e-11	-0.000171468
9.97321e-11	-0.000171459
9.97834e-11	-0.000171451
9.98346e-11	-0.000171443
9.98859e-11	-0.000171434
9.99371e-11	-0.000171426
9.99883e-11	-0.000171417
1.0004e-10	-0.000171408
1.00091e-10	-0.000171399
1.00142e-10	-0.00017139
1.00193e-10	-0.000171381
1.00245e-10	-0.000171372
1.00296e-10	-0.000171362
1.00347e-10	-0.000171353
1.00398e-10	-0.000171343
1.00449e-10	-0.000171333
1.00501e-10	-0.000171323
1.00552e-10	-0.000171313
1.00603e-10	-0.000171303
1.00654e-10	-0.000171293
1.00706e-10	-0.000171282
1.00757e-10	-0.000171272
1.00808e-10	-0.000171261
1.00859e-10	-0.000171251
1.00911e-10	-0.00017124
1.00962e-10	-0.000171229
1.01013e-10	-0.000171218
1.01064e-10	-0.000171207
1.01116e-10	-0.000171195
1.01167e-10	-0.000171184
1.01218e-10	-0.000171172
1.01269e-10	-0.000171161
1.0132e-10	-0.000171149
1.01372e-10	-0.000171137
1.01423e-10	-0.000171125
1.01474e-10	-0.000171113
1.01525e-10	-0.000171101
1.01577e-10	-0.000171088
1.01628e-10	-0.000171076
1.01679e-10	-0.000171063
1.0173e-10	-0.000171051
1.01782e-10	-0.000171038
1.01833e-10	-0.000171025
1.01884e-10	-0.000171012
1.01935e-10	-0.000170999
1.01987e-10	-0.000170985
1.02038e-10	-0.000170972
1.02089e-10	-0.000170958
1.0214e-10	-0.000170945
1.02192e-10	-0.000170931
1.02243e-10	-0.000170917
1.02294e-10	-0.000170903
1.02345e-10	-0.000170889
1.02396e-10	-0.000170875
1.02448e-10	-0.00017086
1.02499e-10	-0.000170846
1.0255e-10	-0.000170831
1.02601e-10	-0.000170816
1.02653e-10	-0.000170802
1.02704e-10	-0.000170787
1.02755e-10	-0.000170772
1.02806e-10	-0.000170756
1.02858e-10	-0.000170741
1.02909e-10	-0.000170726
1.0296e-10	-0.00017071
1.03011e-10	-0.000170694
1.03063e-10	-0.000170679
1.03114e-10	-0.000170663
1.03165e-10	-0.000170647
1.03216e-10	-0.000170631
1.03267e-10	-0.000170614
1.03319e-10	-0.000170598
1.0337e-10	-0.000170582
1.03421e-10	-0.000170565
1.03472e-10	-0.000170548
1.03524e-10	-0.000170531
1.03575e-10	-0.000170514
1.03626e-10	-0.000170497
1.03677e-10	-0.00017048
1.03729e-10	-0.000170463
1.0378e-10	-0.000170445
1.03831e-10	-0.000170428
1.03882e-10	-0.00017041
1.03934e-10	-0.000170392
1.03985e-10	-0.000170374
1.04036e-10	-0.000170356
1.04087e-10	-0.000170338
1.04138e-10	-0.00017032
1.0419e-10	-0.000170301
1.04241e-10	-0.000170283
1.04292e-10	-0.000170264
1.04343e-10	-0.000170245
1.04395e-10	-0.000170227
1.04446e-10	-0.000170208
1.04497e-10	-0.000170189
1.04548e-10	-0.000170169
1.046e-10	-0.00017015
1.04651e-10	-0.00017013
1.04702e-10	-0.000170111
1.04753e-10	-0.000170091
1.04805e-10	-0.000170071
1.04856e-10	-0.000170051
1.04907e-10	-0.000170031
1.04958e-10	-0.000170011
1.0501e-10	-0.000169991
1.05061e-10	-0.00016997
1.05112e-10	-0.00016995
1.05163e-10	-0.000169929
1.05214e-10	-0.000169908
1.05266e-10	-0.000169887
1.05317e-10	-0.000169866
1.05368e-10	-0.000169845
1.05419e-10	-0.000169824
1.05471e-10	-0.000169803
1.05522e-10	-0.000169781
1.05573e-10	-0.000169759
1.05624e-10	-0.000169738
1.05676e-10	-0.000169716
1.05727e-10	-0.000169694
1.05778e-10	-0.000169672
1.05829e-10	-0.000169649
1.05881e-10	-0.000169627
1.05932e-10	-0.000169605
1.05983e-10	-0.000169582
1.06034e-10	-0.000169559
1.06085e-10	-0.000169536
1.06137e-10	-0.000169513
1.06188e-10	-0.00016949
1.06239e-10	-0.000169467
1.0629e-10	-0.000169444
1.06342e-10	-0.00016942
1.06393e-10	-0.000169397
1.06444e-10	-0.000169373
1.06495e-10	-0.000169349
1.06547e-10	-0.000169325
1.06598e-10	-0.000169301
1.06649e-10	-0.000169277
1.067e-10	-0.000169253
1.06752e-10	-0.000169229
1.06803e-10	-0.000169204
1.06854e-10	-0.000169179
1.06905e-10	-0.000169155
1.06957e-10	-0.00016913
1.07008e-10	-0.000169105
1.07059e-10	-0.00016908
1.0711e-10	-0.000169054
1.07161e-10	-0.000169029
1.07213e-10	-0.000169003
1.07264e-10	-0.000168978
1.07315e-10	-0.000168952
1.07366e-10	-0.000168926
1.07418e-10	-0.0001689
1.07469e-10	-0.000168874
1.0752e-10	-0.000168848
1.07571e-10	-0.000168822
1.07623e-10	-0.000168795
1.07674e-10	-0.000168769
1.07725e-10	-0.000168742
1.07776e-10	-0.000168715
1.07828e-10	-0.000168688
1.07879e-10	-0.000168661
1.0793e-10	-0.000168634
1.07981e-10	-0.000168606
1.08032e-10	-0.000168579
1.08084e-10	-0.000168552
1.08135e-10	-0.000168524
1.08186e-10	-0.000168496
1.08237e-10	-0.000168468
1.08289e-10	-0.00016844
1.0834e-10	-0.000168412
1.08391e-10	-0.000168384
1.08442e-10	-0.000168355
1.08494e-10	-0.000168327
1.08545e-10	-0.000168298
1.08596e-10	-0.000168269
1.08647e-10	-0.00016824
1.08699e-10	-0.000168211
1.0875e-10	-0.000168182
1.08801e-10	-0.000168153
1.08852e-10	-0.000168124
1.08904e-10	-0.000168094
1.08955e-10	-0.000168064
1.09006e-10	-0.000168035
1.09057e-10	-0.000168005
1.09108e-10	-0.000167975
1.0916e-10	-0.000167945
1.09211e-10	-0.000167914
1.09262e-10	-0.000167884
1.09313e-10	-0.000167854
1.09365e-10	-0.000167823
1.09416e-10	-0.000167792
1.09467e-10	-0.000167761
1.09518e-10	-0.00016773
1.0957e-10	-0.000167699
1.09621e-10	-0.000167668
1.09672e-10	-0.000167637
1.09723e-10	-0.000167605
1.09775e-10	-0.000167574
1.09826e-10	-0.000167542
1.09877e-10	-0.00016751
1.09928e-10	-0.000167478
1.09979e-10	-0.000167446
1.10031e-10	-0.000167414
1.10082e-10	-0.000167382
1.10133e-10	-0.000167349
1.10184e-10	-0.000167317
1.10236e-10	-0.000167284
1.10287e-10	-0.000167251
1.10338e-10	-0.000167218
1.10389e-10	-0.000167185
1.10441e-10	-0.000167152
1.10492e-10	-0.000167119
1.10543e-10	-0.000167085
1.10594e-10	-0.000167052
1.10646e-10	-0.000167018
1.10697e-10	-0.000166984
1.10748e-10	-0.00016695
1.10799e-10	-0.000166916
1.1085e-10	-0.000166882
1.10902e-10	-0.000166848
1.10953e-10	-0.000166813
1.11004e-10	-0.000166779
1.11055e-10	-0.000166744
1.11107e-10	-0.000166709
1.11158e-10	-0.000166674
1.11209e-10	-0.000166639
1.1126e-10	-0.000166604
1.11312e-10	-0.000166569
1.11363e-10	-0.000166534
1.11414e-10	-0.000166498
1.11465e-10	-0.000166462
1.11517e-10	-0.000166427
1.11568e-10	-0.000166391
1.11619e-10	-0.000166355
1.1167e-10	-0.000166319
1.11722e-10	-0.000166282
1.11773e-10	-0.000166246
1.11824e-10	-0.000166209
1.11875e-10	-0.000166173
1.11926e-10	-0.000166136
1.11978e-10	-0.000166099
1.12029e-10	-0.000166062
1.1208e-10	-0.000166025
1.12131e-10	-0.000165988
1.12183e-10	-0.00016595
1.12234e-10	-0.000165913
1.12285e-10	-0.000165875
1.12336e-10	-0.000165838
1.12388e-10	-0.0001658
1.12439e-10	-0.000165762
1.1249e-10	-0.000165724
1.12541e-10	-0.000165685
1.12593e-10	-0.000165647
1.12644e-10	-0.000165609
1.12695e-10	-0.00016557
1.12746e-10	-0.000165531
1.12797e-10	-0.000165492
1.12849e-10	-0.000165453
1.129e-10	-0.000165414
1.12951e-10	-0.000165375
1.13002e-10	-0.000165336
1.13054e-10	-0.000165296
1.13105e-10	-0.000165257
1.13156e-10	-0.000165217
1.13207e-10	-0.000165177
1.13259e-10	-0.000165137
1.1331e-10	-0.000165097
1.13361e-10	-0.000165057
1.13412e-10	-0.000165016
1.13464e-10	-0.000164976
1.13515e-10	-0.000164935
1.13566e-10	-0.000164895
1.13617e-10	-0.000164854
1.13669e-10	-0.000164813
1.1372e-10	-0.000164772
1.13771e-10	-0.000164731
1.13822e-10	-0.000164689
1.13873e-10	-0.000164648
1.13925e-10	-0.000164606
1.13976e-10	-0.000164564
1.14027e-10	-0.000164523
1.14078e-10	-0.000164481
1.1413e-10	-0.000164439
1.14181e-10	-0.000164396
1.14232e-10	-0.000164354
1.14283e-10	-0.000164312
1.14335e-10	-0.000164269
1.14386e-10	-0.000164226
1.14437e-10	-0.000164183
1.14488e-10	-0.000164141
1.1454e-10	-0.000164097
1.14591e-10	-0.000164054
1.14642e-10	-0.000164011
1.14693e-10	-0.000163967
1.14744e-10	-0.000163924
1.14796e-10	-0.00016388
1.14847e-10	-0.000163836
1.14898e-10	-0.000163792
1.14949e-10	-0.000163748
1.15001e-10	-0.000163704
1.15052e-10	-0.00016366
1.15103e-10	-0.000163615
1.15154e-10	-0.000163571
1.15206e-10	-0.000163526
1.15257e-10	-0.000163481
1.15308e-10	-0.000163436
1.15359e-10	-0.000163391
1.15411e-10	-0.000163346
1.15462e-10	-0.000163301
1.15513e-10	-0.000163255
1.15564e-10	-0.00016321
1.15616e-10	-0.000163164
1.15667e-10	-0.000163118
1.15718e-10	-0.000163072
1.15769e-10	-0.000163026
1.1582e-10	-0.00016298
1.15872e-10	-0.000162934
1.15923e-10	-0.000162887
1.15974e-10	-0.000162841
1.16025e-10	-0.000162794
1.16077e-10	-0.000162747
1.16128e-10	-0.0001627
1.16179e-10	-0.000162653
1.1623e-10	-0.000162606
1.16282e-10	-0.000162559
1.16333e-10	-0.000162511
1.16384e-10	-0.000162464
1.16435e-10	-0.000162416
1.16487e-10	-0.000162368
1.16538e-10	-0.00016232
1.16589e-10	-0.000162272
1.1664e-10	-0.000162224
1.16691e-10	-0.000162176
1.16743e-10	-0.000162127
1.16794e-10	-0.000162079
1.16845e-10	-0.00016203
1.16896e-10	-0.000161981
1.16948e-10	-0.000161932
1.16999e-10	-0.000161883
1.1705e-10	-0.000161834
1.17101e-10	-0.000161784
1.17153e-10	-0.000161735
1.17204e-10	-0.000161685
1.17255e-10	-0.000161636
1.17306e-10	-0.000161586
1.17358e-10	-0.000161536
1.17409e-10	-0.000161486
1.1746e-10	-0.000161436
1.17511e-10	-0.000161385
1.17562e-10	-0.000161335
1.17614e-10	-0.000161284
1.17665e-10	-0.000161234
1.17716e-10	-0.000161183
1.17767e-10	-0.000161132
1.17819e-10	-0.000161081
1.1787e-10	-0.00016103
1.17921e-10	-0.000160978
1.17972e-10	-0.000160927
1.18024e-10	-0.000160875
1.18075e-10	-0.000160823
1.18126e-10	-0.000160772
1.18177e-10	-0.00016072
1.18229e-10	-0.000160668
1.1828e-10	-0.000160615
1.18331e-10	-0.000160563
1.18382e-10	-0.000160511
1.18434e-10	-0.000160458
1.18485e-10	-0.000160405
1.18536e-10	-0.000160352
1.18587e-10	-0.000160299
1.18638e-10	-0.000160246
1.1869e-10	-0.000160193
1.18741e-10	-0.00016014
1.18792e-10	-0.000160086
1.18843e-10	-0.000160033
1.18895e-10	-0.000159979
1.18946e-10	-0.000159925
1.18997e-10	-0.000159871
1.19048e-10	-0.000159817
1.191e-10	-0.000159763
1.19151e-10	-0.000159709
1.19202e-10	-0.000159654
1.19253e-10	-0.000159599
1.19305e-10	-0.000159545
1.19356e-10	-0.00015949
1.19407e-10	-0.000159435
1.19458e-10	-0.00015938
1.19509e-10	-0.000159325
1.19561e-10	-0.000159269
1.19612e-10	-0.000159214
1.19663e-10	-0.000159158
1.19714e-10	-0.000159102
1.19766e-10	-0.000159047
1.19817e-10	-0.000158991
1.19868e-10	-0.000158934
1.19919e-10	-0.000158878
1.19971e-10	-0.000158822
1.20022e-10	-0.000158765
1.20073e-10	-0.000158709
1.20124e-10	-0.000158652
1.20176e-10	-0.000158595
1.20227e-10	-0.000158538
1.20278e-10	-0.000158481
1.20329e-10	-0.000158424
1.20381e-10	-0.000158366
1.20432e-10	-0.000158309
1.20483e-10	-0.000158251
1.20534e-10	-0.000158194
1.20585e-10	-0.000158136
1.20637e-10	-0.000158078
1.20688e-10	-0.00015802
1.20739e-10	-0.000157961
1.2079e-10	-0.000157903
1.20842e-10	-0.000157844
1.20893e-10	-0.000157786
1.20944e-10	-0.000157727
1.20995e-10	-0.000157668
1.21047e-10	-0.000157609
1.21098e-10	-0.00015755
1.21149e-10	-0.000157491
1.212e-10	-0.000157431
1.21252e-10	-0.000157372
1.21303e-10	-0.000157312
1.21354e-10	-0.000157252
1.21405e-10	-0.000157192
1.21456e-10	-0.000157132
1.21508e-10	-0.000157072
1.21559e-10	-0.000157012
1.2161e-10	-0.000156952
1.21661e-10	-0.000156891
1.21713e-10	-0.00015683
1.21764e-10	-0.00015677
1.21815e-10	-0.000156709
1.21866e-10	-0.000156648
1.21918e-10	-0.000156587
1.21969e-10	-0.000156525
1.2202e-10	-0.000156464
1.22071e-10	-0.000156402
1.22123e-10	-0.000156341
1.22174e-10	-0.000156279
1.22225e-10	-0.000156217
1.22276e-10	-0.000156155
1.22328e-10	-0.000156093
1.22379e-10	-0.00015603
1.2243e-10	-0.000155968
1.22481e-10	-0.000155905
1.22532e-10	-0.000155843
1.22584e-10	-0.00015578
1.22635e-10	-0.000155717
1.22686e-10	-0.000155654
1.22737e-10	-0.000155591
1.22789e-10	-0.000155528
1.2284e-10	-0.000155464
1.22891e-10	-0.000155401
1.22942e-10	-0.000155337
1.22994e-10	-0.000155273
1.23045e-10	-0.000155209
1.23096e-10	-0.000155145
1.23147e-10	-0.000155081
1.23199e-10	-0.000155017
1.2325e-10	-0.000154952
1.23301e-10	-0.000154888
1.23352e-10	-0.000154823
1.23403e-10	-0.000154758
1.23455e-10	-0.000154693
1.23506e-10	-0.000154628
1.23557e-10	-0.000154563
1.23608e-10	-0.000154497
1.2366e-10	-0.000154432
1.23711e-10	-0.000154366
1.23762e-10	-0.000154301
1.23813e-10	-0.000154235
1.23865e-10	-0.000154169
1.23916e-10	-0.000154103
1.23967e-10	-0.000154037
1.24018e-10	-0.00015397
1.2407e-10	-0.000153904
1.24121e-10	-0.000153837
1.24172e-10	-0.00015377
1.24223e-10	-0.000153704
1.24274e-10	-0.000153637
1.24326e-10	-0.00015357
1.24377e-10	-0.000153502
1.24428e-10	-0.000153435
1.24479e-10	-0.000153367
1.24531e-10	-0.0001533
1.24582e-10	-0.000153232
1.24633e-10	-0.000153164
1.24684e-10	-0.000153096
1.24736e-10	-0.000153028
1.24787e-10	-0.00015296
1.24838e-10	-0.000152892
1.24889e-10	-0.000152823
1.24941e-10	-0.000152754
1.24992e-10	-0.000152686
1.25043e-10	-0.000152617
1.25094e-10	-0.000152548
1.25146e-10	-0.000152479
1.25197e-10	-0.000152409
1.25248e-10	-0.00015234
1.25299e-10	-0.000152271
1.2535e-10	-0.000152201
1.25402e-10	-0.000152131
1.25453e-10	-0.000152061
1.25504e-10	-0.000151991
1.25555e-10	-0.000151921
1.25607e-10	-0.000151851
1.25658e-10	-0.00015178
1.25709e-10	-0.00015171
1.2576e-10	-0.000151639
1.25812e-10	-0.000151569
1.25863e-10	-0.000151498
1.25914e-10	-0.000151427
1.25965e-10	-0.000151355
1.26017e-10	-0.000151284
1.26068e-10	-0.000151213
1.26119e-10	-0.000151141
1.2617e-10	-0.00015107
1.26221e-10	-0.000150998
1.26273e-10	-0.000150926
1.26324e-10	-0.000150854
1.26375e-10	-0.000150782
1.26426e-10	-0.000150709
1.26478e-10	-0.000150637
1.26529e-10	-0.000150564
1.2658e-10	-0.000150492
1.26631e-10	-0.000150419
1.26683e-10	-0.000150346
1.26734e-10	-0.000150273
1.26785e-10	-0.0001502
1.26836e-10	-0.000150127
1.26888e-10	-0.000150053
1.26939e-10	-0.00014998
1.2699e-10	-0.000149906
1.27041e-10	-0.000149832
1.27093e-10	-0.000149758
1.27144e-10	-0.000149684
1.27195e-10	-0.00014961
1.27246e-10	-0.000149536
1.27297e-10	-0.000149461
1.27349e-10	-0.000149386
1.274e-10	-0.000149312
1.27451e-10	-0.000149237
1.27502e-10	-0.000149162
1.27554e-10	-0.000149087
1.27605e-10	-0.000149012
1.27656e-10	-0.000148936
1.27707e-10	-0.000148861
1.27759e-10	-0.000148785
1.2781e-10	-0.00014871
1.27861e-10	-0.000148634
1.27912e-10	-0.000148558
1.27964e-10	-0.000148482
1.28015e-10	-0.000148406
1.28066e-10	-0.000148329
1.28117e-10	-0.000148253
1.28168e-10	-0.000148176
1.2822e-10	-0.000148099
1.28271e-10	-0.000148023
1.28322e-10	-0.000147946
1.28373e-10	-0.000147869
1.28425e-10	-0.000147791
1.28476e-10	-0.000147714
1.28527e-10	-0.000147636
1.28578e-10	-0.000147559
1.2863e-10	-0.000147481
1.28681e-10	-0.000147403
1.28732e-10	-0.000147325
1.28783e-10	-0.000147247
1.28835e-10	-0.000147169
1.28886e-10	-0.000147091
1.28937e-10	-0.000147012
1.28988e-10	-0.000146933
1.2904e-10	-0.000146855
1.29091e-10	-0.000146776
1.29142e-10	-0.000146697
1.29193e-10	-0.000146618
1.29244e-10	-0.000146538
1.29296e-10	-0.000146459
1.29347e-10	-0.00014638
1.29398e-10	-0.0001463
1.29449e-10	-0.00014622
1.29501e-10	-0.00014614
1.29552e-10	-0.00014606
1.29603e-10	-0.00014598
1.29654e-10	-0.0001459
1.29706e-10	-0.000145819
1.29757e-10	-0.000145739
1.29808e-10	-0.000145658
1.29859e-10	-0.000145578
1.29911e-10	-0.000145497
1.29962e-10	-0.000145416
1.30013e-10	-0.000145334
1.30064e-10	-0.000145253
1.30115e-10	-0.000145172
1.30167e-10	-0.00014509
1.30218e-10	-0.000145009
1.30269e-10	-0.000144927
1.3032e-10	-0.000144845
1.30372e-10	-0.000144763
1.30423e-10	-0.000144681
1.30474e-10	-0.000144598
1.30525e-10	-0.000144516
1.30577e-10	-0.000144433
1.30628e-10	-0.000144351
1.30679e-10	-0.000144268
1.3073e-10	-0.000144185
1.30782e-10	-0.000144102
1.30833e-10	-0.000144019
1.30884e-10	-0.000143936
1.30935e-10	-0.000143852
1.30986e-10	-0.000143769
1.31038e-10	-0.000143685
1.31089e-10	-0.000143601
1.3114e-10	-0.000143517
1.31191e-10	-0.000143433
1.31243e-10	-0.000143349
1.31294e-10	-0.000143265
1.31345e-10	-0.00014318
1.31396e-10	-0.000143096
1.31448e-10	-0.000143011
1.31499e-10	-0.000142926
1.3155e-10	-0.000142841
1.31601e-10	-0.000142756
1.31653e-10	-0.000142671
1.31704e-10	-0.000142586
1.31755e-10	-0.0001425
1.31806e-10	-0.000142415
1.31858e-10	-0.000142329
1.31909e-10	-0.000142243
1.3196e-10	-0.000142157
1.32011e-10	-0.000142071
1.32062e-10	-0.000141985
1.32114e-10	-0.000141899
1.32165e-10	-0.000141812
1.32216e-10	-0.000141726
1.32267e-10	-0.000141639
1.32319e-10	-0.000141552
1.3237e-10	-0.000141465
1.32421e-10	-0.000141378
1.32472e-10	-0.000141291
1.32524e-10	-0.000141204
1.32575e-10	-0.000141116
1.32626e-10	-0.000141029
1.32677e-10	-0.000140941
1.32729e-10	-0.000140853
1.3278e-10	-0.000140765
1.32831e-10	-0.000140677
1.32882e-10	-0.000140589
1.32933e-10	-0.0001405
1.32985e-10	-0.000140412
1.33036e-10	-0.000140323
1.33087e-10	-0.000140235
1.33138e-10	-0.000140146
1.3319e-10	-0.000140057
1.33241e-10	-0.000139968
1.33292e-10	-0.000139878
1.33343e-10	-0.000139789
1.33395e-10	-0.0001397
1.33446e-10	-0.00013961
1.33497e-10	-0.00013952
1.33548e-10	-0.00013943
1.336e-10	-0.000139341
1.33651e-10	-0.00013925
1.33702e-10	-0.00013916
1.33753e-10	-0.00013907
1.33805e-10	-0.000138979
1.33856e-10	-0.000138889
1.33907e-10	-0.000138798
1.33958e-10	-0.000138707
1.34009e-10	-0.000138616
1.34061e-10	-0.000138525
1.34112e-10	-0.000138434
1.34163e-10	-0.000138343
1.34214e-10	-0.000138251
1.34266e-10	-0.000138159
1.34317e-10	-0.000138068
1.34368e-10	-0.000137976
1.34419e-10	-0.000137884
1.34471e-10	-0.000137792
1.34522e-10	-0.0001377
1.34573e-10	-0.000137607
1.34624e-10	-0.000137515
1.34676e-10	-0.000137422
1.34727e-10	-0.000137329
1.34778e-10	-0.000137236
1.34829e-10	-0.000137144
1.3488e-10	-0.00013705
1.34932e-10	-0.000136957
1.34983e-10	-0.000136864
1.35034e-10	-0.00013677
1.35085e-10	-0.000136677
1.35137e-10	-0.000136583
1.35188e-10	-0.000136489
1.35239e-10	-0.000136395
1.3529e-10	-0.000136301
1.35342e-10	-0.000136207
1.35393e-10	-0.000136112
1.35444e-10	-0.000136018
1.35495e-10	-0.000135923
1.35547e-10	-0.000135829
1.35598e-10	-0.000135734
1.35649e-10	-0.000135639
1.357e-10	-0.000135544
1.35752e-10	-0.000135448
1.35803e-10	-0.000135353
1.35854e-10	-0.000135257
1.35905e-10	-0.000135162
1.35956e-10	-0.000135066
1.36008e-10	-0.00013497
1.36059e-10	-0.000134874
1.3611e-10	-0.000134778
1.36161e-10	-0.000134682
1.36213e-10	-0.000134586
1.36264e-10	-0.000134489
1.36315e-10	-0.000134392
1.36366e-10	-0.000134296
1.36418e-10	-0.000134199
1.36469e-10	-0.000134102
1.3652e-10	-0.000134005
1.36571e-10	-0.000133907
1.36623e-10	-0.00013381
1.36674e-10	-0.000133713
1.36725e-10	-0.000133615
1.36776e-10	-0.000133517
1.36827e-10	-0.000133419
1.36879e-10	-0.000133321
1.3693e-10	-0.000133223
1.36981e-10	-0.000133125
1.37032e-10	-0.000133027
1.37084e-10	-0.000132928
1.37135e-10	-0.00013283
1.37186e-10	-0.000132731
1.37237e-10	-0.000132632
1.37289e-10	-0.000132533
1.3734e-10	-0.000132434
1.37391e-10	-0.000132335
1.37442e-10	-0.000132235
1.37494e-10	-0.000132136
1.37545e-10	-0.000132036
1.37596e-10	-0.000131937
1.37647e-10	-0.000131837
1.37699e-10	-0.000131737
1.3775e-10	-0.000131637
1.37801e-10	-0.000131536
1.37852e-10	-0.000131436
1.37903e-10	-0.000131336
1.37955e-10	-0.000131235
1.38006e-10	-0.000131134
1.38057e-10	-0.000131033
1.38108e-10	-0.000130932
1.3816e-10	-0.000130831
1.38211e-10	-0.00013073
1.38262e-10	-0.000130629
1.38313e-10	-0.000130527
1.38365e-10	-0.000130426
1.38416e-10	-0.000130324
1.38467e-10	-0.000130222
1.38518e-10	-0.00013012
1.3857e-10	-0.000130018
1.38621e-10	-0.000129916
1.38672e-10	-0.000129813
1.38723e-10	-0.000129711
1.38774e-10	-0.000129608
1.38826e-10	-0.000129506
1.38877e-10	-0.000129403
1.38928e-10	-0.0001293
1.38979e-10	-0.000129197
1.39031e-10	-0.000129094
1.39082e-10	-0.00012899
1.39133e-10	-0.000128887
1.39184e-10	-0.000128783
1.39236e-10	-0.00012868
1.39287e-10	-0.000128576
1.39338e-10	-0.000128472
1.39389e-10	-0.000128368
1.39441e-10	-0.000128263
1.39492e-10	-0.000128159
1.39543e-10	-0.000128055
1.39594e-10	-0.00012795
1.39645e-10	-0.000127845
1.39697e-10	-0.000127741
1.39748e-10	-0.000127636
1.39799e-10	-0.000127531
1.3985e-10	-0.000127425
1.39902e-10	-0.00012732
1.39953e-10	-0.000127215
1.40004e-10	-0.000127109
1.40055e-10	-0.000127003
1.40107e-10	-0.000126898
1.40158e-10	-0.000126792
1.40209e-10	-0.000126686
1.4026e-10	-0.000126579
1.40312e-10	-0.000126473
1.40363e-10	-0.000126367
1.40414e-10	-0.00012626
1.40465e-10	-0.000126154
1.40517e-10	-0.000126047
1.40568e-10	-0.00012594
1.40619e-10	-0.000125833
1.4067e-10	-0.000125726
1.40721e-10	-0.000125618
1.40773e-10	-0.000125511
1.40824e-10	-0.000125403
1.40875e-10	-0.000125296
1.40926e-10	-0.000125188
1.40978e-10	-0.00012508
1.41029e-10	-0.000124972
1.4108e-10	-0.000124864
1.41131e-10	-0.000124756
1.41183e-10	-0.000124647
1.41234e-10	-0.000124539
1.41285e-10	-0.00012443
1.41336e-10	-0.000124321
1.41388e-10	-0.000124212
1.41439e-10	-0.000124103
1.4149e-10	-0.000123994
1.41541e-10	-0.000123885
1.41592e-10	-0.000123776
1.41644e-10	-0.000123666
1.41695e-10	-0.000123557
1.41746e-10	-0.000123447
1.41797e-10	-0.000123337
1.41849e-10	-0.000123227
1.419e-10	-0.000123117
1.41951e-10	-0.000123007
1.42002e-10	-0.000122896
1.42054e-10	-0.000122786
1.42105e-10	-0.000122675
1.42156e-10	-0.000122565
1.42207e-10	-0.000122454
1.42259e-10	-0.000122343
1.4231e-10	-0.000122232
1.42361e-10	-0.00012212
1.42412e-10	-0.000122009
1.42464e-10	-0.000121898
1.42515e-10	-0.000121786
1.42566e-10	-0.000121674
1.42617e-10	-0.000121563
1.42668e-10	-0.000121451
1.4272e-10	-0.000121339
1.42771e-10	-0.000121226
1.42822e-10	-0.000121114
1.42873e-10	-0.000121002
1.42925e-10	-0.000120889
1.42976e-10	-0.000120776
1.43027e-10	-0.000120664
1.43078e-10	-0.000120551
1.4313e-10	-0.000120438
1.43181e-10	-0.000120324
1.43232e-10	-0.000120211
1.43283e-10	-0.000120098
1.43335e-10	-0.000119984
1.43386e-10	-0.000119871
1.43437e-10	-0.000119757
1.43488e-10	-0.000119643
1.43539e-10	-0.000119529
1.43591e-10	-0.000119415
1.43642e-10	-0.000119301
1.43693e-10	-0.000119186
1.43744e-10	-0.000119072
1.43796e-10	-0.000118957
1.43847e-10	-0.000118842
1.43898e-10	-0.000118727
1.43949e-10	-0.000118612
1.44001e-10	-0.000118497
1.44052e-10	-0.000118382
1.44103e-10	-0.000118267
1.44154e-10	-0.000118151
1.44206e-10	-0.000118036
1.44257e-10	-0.00011792
1.44308e-10	-0.000117804
1.44359e-10	-0.000117688
1.44411e-10	-0.000117572
1.44462e-10	-0.000117456
1.44513e-10	-0.00011734
1.44564e-10	-0.000117223
1.44615e-10	-0.000117107
1.44667e-10	-0.00011699
1.44718e-10	-0.000116873
1.44769e-10	-0.000116756
1.4482e-10	-0.000116639
1.44872e-10	-0.000116522
1.44923e-10	-0.000116405
1.44974e-10	-0.000116287
1.45025e-10	-0.00011617
1.45077e-10	-0.000116052
1.45128e-10	-0.000115934
1.45179e-10	-0.000115817
1.4523e-10	-0.000115699
1.45282e-10	-0.00011558
1.45333e-10	-0.000115462
1.45384e-10	-0.000115344
1.45435e-10	-0.000115225
1.45486e-10	-0.000115107
1.45538e-10	-0.000114988
1.45589e-10	-0.000114869
1.4564e-10	-0.00011475
1.45691e-10	-0.000114631
1.45743e-10	-0.000114512
1.45794e-10	-0.000114393
1.45845e-10	-0.000114273
1.45896e-10	-0.000114154
1.45948e-10	-0.000114034
1.45999e-10	-0.000113914
1.4605e-10	-0.000113794
1.46101e-10	-0.000113674
1.46153e-10	-0.000113554
1.46204e-10	-0.000113434
1.46255e-10	-0.000113313
1.46306e-10	-0.000113193
1.46357e-10	-0.000113072
1.46409e-10	-0.000112951
1.4646e-10	-0.00011283
1.46511e-10	-0.000112709
1.46562e-10	-0.000112588
1.46614e-10	-0.000112467
1.46665e-10	-0.000112346
1.46716e-10	-0.000112224
1.46767e-10	-0.000112102
1.46819e-10	-0.000111981
1.4687e-10	-0.000111859
1.46921e-10	-0.000111737
1.46972e-10	-0.000111615
1.47024e-10	-0.000111493
1.47075e-10	-0.00011137
1.47126e-10	-0.000111248
1.47177e-10	-0.000111125
1.47229e-10	-0.000111003
1.4728e-10	-0.00011088
1.47331e-10	-0.000110757
1.47382e-10	-0.000110634
1.47433e-10	-0.000110511
1.47485e-10	-0.000110387
1.47536e-10	-0.000110264
1.47587e-10	-0.000110141
1.47638e-10	-0.000110017
1.4769e-10	-0.000109893
1.47741e-10	-0.000109769
1.47792e-10	-0.000109645
1.47843e-10	-0.000109521
1.47895e-10	-0.000109397
1.47946e-10	-0.000109273
1.47997e-10	-0.000109148
1.48048e-10	-0.000109024
1.481e-10	-0.000108899
1.48151e-10	-0.000108774
1.48202e-10	-0.000108649
1.48253e-10	-0.000108524
1.48304e-10	-0.000108399
1.48356e-10	-0.000108274
1.48407e-10	-0.000108148
1.48458e-10	-0.000108023
1.48509e-10	-0.000107897
1.48561e-10	-0.000107771
1.48612e-10	-0.000107645
1.48663e-10	-0.000107519
1.48714e-10	-0.000107393
1.48766e-10	-0.000107267
1.48817e-10	-0.000107141
1.48868e-10	-0.000107014
1.48919e-10	-0.000106888
1.48971e-10	-0.000106761
1.49022e-10	-0.000106634
1.49073e-10	-0.000106507
1.49124e-10	-0.00010638
1.49176e-10	-0.000106253
1.49227e-10	-0.000106126
1.49278e-10	-0.000105998
1.49329e-10	-0.000105871
1.4938e-10	-0.000105743
1.49432e-10	-0.000105615
1.49483e-10	-0.000105487
1.49534e-10	-0.000105359
1.49585e-10	-0.000105231
1.49637e-10	-0.000105103
1.49688e-10	-0.000104975
1.49739e-10	-0.000104846
1.4979e-10	-0.000104718
1.49842e-10	-0.000104589
1.49893e-10	-0.00010446
1.49944e-10	-0.000104331
1.49995e-10	-0.000104202
1.50047e-10	-0.000104073
1.50098e-10	-0.000103944
1.50149e-10	-0.000103814
1.502e-10	-0.000103685
1.50251e-10	-0.000103555
1.50303e-10	-0.000103425
1.50354e-10	-0.000103295
1.50405e-10	-0.000103165
1.50456e-10	-0.000103035
1.50508e-10	-0.000102905
1.50559e-10	-0.000102775
1.5061e-10	-0.000102644
1.50661e-10	-0.000102514
1.50713e-10	-0.000102383
1.50764e-10	-0.000102252
1.50815e-10	-0.000102121
1.50866e-10	-0.00010199
1.50918e-10	-0.000101859
1.50969e-10	-0.000101728
1.5102e-10	-0.000101596
1.51071e-10	-0.000101465
1.51123e-10	-0.000101333
1.51174e-10	-0.000101201
1.51225e-10	-0.00010107
1.51276e-10	-0.000100938
1.51327e-10	-0.000100806
1.51379e-10	-0.000100673
1.5143e-10	-0.000100541
1.51481e-10	-0.000100409
1.51532e-10	-0.000100276
1.51584e-10	-0.000100143
1.51635e-10	-0.000100011
1.51686e-10	-9.98777e-05
1.51737e-10	-9.97447e-05
1.51789e-10	-9.96116e-05
1.5184e-10	-9.94783e-05
1.51891e-10	-9.9345e-05
1.51942e-10	-9.92115e-05
1.51994e-10	-9.90779e-05
1.52045e-10	-9.89442e-05
1.52096e-10	-9.88104e-05
1.52147e-10	-9.86764e-05
1.52198e-10	-9.85424e-05
1.5225e-10	-9.84082e-05
1.52301e-10	-9.82739e-05
1.52352e-10	-9.81395e-05
1.52403e-10	-9.8005e-05
1.52455e-10	-9.78704e-05
1.52506e-10	-9.77357e-05
1.52557e-10	-9.76008e-05
1.52608e-10	-9.74658e-05
1.5266e-10	-9.73308e-05
1.52711e-10	-9.71956e-05
1.52762e-10	-9.70602e-05
1.52813e-10	-9.69248e-05
1.52865e-10	-9.67893e-05
1.52916e-10	-9.66536e-05
1.52967e-10	-9.65178e-05
1.53018e-10	-9.6382e-05
1.53069e-10	-9.6246e-05
1.53121e-10	-9.61098e-05
1.53172e-10	-9.59736e-05
1.53223e-10	-9.58373e-05
1.53274e-10	-9.57008e-05
1.53326e-10	-9.55642e-05
1.53377e-10	-9.54276e-05
1.53428e-10	-9.52908e-05
1.53479e-10	-9.51538e-05
1.53531e-10	-9.50168e-05
1.53582e-10	-9.48797e-05
1.53633e-10	-9.47424e-05
1.53684e-10	-9.4605e-05
1.53736e-10	-9.44676e-05
1.53787e-10	-9.433e-05
1.53838e-10	-9.41923e-05
1.53889e-10	-9.40544e-05
1.53941e-10	-9.39165e-05
1.53992e-10	-9.37784e-05
1.54043e-10	-9.36403e-05
1.54094e-10	-9.3502e-05
1.54145e-10	-9.33636e-05
1.54197e-10	-9.32251e-05
1.54248e-10	-9.30865e-05
1.54299e-10	-9.29478e-05
1.5435e-10	-9.28089e-05
1.54402e-10	-9.267e-05
1.54453e-10	-9.25309e-05
1.54504e-10	-9.23917e-05
1.54555e-10	-9.22524e-05
1.54607e-10	-9.2113e-05
1.54658e-10	-9.19735e-05
1.54709e-10	-9.18338e-05
1.5476e-10	-9.16941e-05
1.54812e-10	-9.15542e-05
1.54863e-10	-9.14143e-05
1.54914e-10	-9.12742e-05
1.54965e-10	-9.1134e-05
1.55016e-10	-9.09937e-05
1.55068e-10	-9.08532e-05
1.55119e-10	-9.07127e-05
1.5517e-10	-9.05721e-05
1.55221e-10	-9.04313e-05
1.55273e-10	-9.02904e-05
1.55324e-10	-9.01494e-05
1.55375e-10	-9.00083e-05
1.55426e-10	-8.98671e-05
1.55478e-10	-8.97258e-05
1.55529e-10	-8.95844e-05
1.5558e-10	-8.94428e-05
1.55631e-10	-8.93012e-05
1.55683e-10	-8.91594e-05
1.55734e-10	-8.90175e-05
1.55785e-10	-8.88755e-05
1.55836e-10	-8.87334e-05
1.55888e-10	-8.85912e-05
1.55939e-10	-8.84489e-05
1.5599e-10	-8.83065e-05
1.56041e-10	-8.81639e-05
1.56092e-10	-8.80213e-05
1.56144e-10	-8.78785e-05
1.56195e-10	-8.77356e-05
1.56246e-10	-8.75926e-05
1.56297e-10	-8.74495e-05
1.56349e-10	-8.73063e-05
1.564e-10	-8.7163e-05
1.56451e-10	-8.70195e-05
1.56502e-10	-8.6876e-05
1.56554e-10	-8.67323e-05
1.56605e-10	-8.65885e-05
1.56656e-10	-8.64447e-05
1.56707e-10	-8.63007e-05
1.56759e-10	-8.61566e-05
1.5681e-10	-8.60123e-05
1.56861e-10	-8.5868e-05
1.56912e-10	-8.57236e-05
1.56963e-10	-8.5579e-05
1.57015e-10	-8.54344e-05
1.57066e-10	-8.52896e-05
1.57117e-10	-8.51447e-05
1.57168e-10	-8.49997e-05
1.5722e-10	-8.48546e-05
1.57271e-10	-8.47094e-05
1.57322e-10	-8.45641e-05
1.57373e-10	-8.44187e-05
1.57425e-10	-8.42732e-05
1.57476e-10	-8.41275e-05
1.57527e-10	-8.39818e-05
1.57578e-10	-8.38359e-05
1.5763e-10	-8.36899e-05
1.57681e-10	-8.35438e-05
1.57732e-10	-8.33976e-05
1.57783e-10	-8.32513e-05
1.57835e-10	-8.31049e-05
1.57886e-10	-8.29584e-05
1.57937e-10	-8.28117e-05
1.57988e-10	-8.2665e-05
1.58039e-10	-8.25181e-05
1.58091e-10	-8.23712e-05
1.58142e-10	-8.22241e-05
1.58193e-10	-8.20769e-05
1.58244e-10	-8.19296e-05
1.58296e-10	-8.17822e-05
1.58347e-10	-8.16347e-05
1.58398e-10	-8.14871e-05
1.58449e-10	-8.13394e-05
1.58501e-10	-8.11915e-05
1.58552e-10	-8.10436e-05
1.58603e-10	-8.08956e-05
1.58654e-10	-8.07474e-05
1.58706e-10	-8.05991e-05
1.58757e-10	-8.04507e-05
1.58808e-10	-8.03023e-05
1.58859e-10	-8.01537e-05
1.5891e-10	-8.0005e-05
1.58962e-10	-7.98561e-05
1.59013e-10	-7.97072e-05
1.59064e-10	-7.95582e-05
1.59115e-10	-7.94091e-05
1.59167e-10	-7.92598e-05
1.59218e-10	-7.91105e-05
1.59269e-10	-7.8961e-05
1.5932e-10	-7.88114e-05
1.59372e-10	-7.86618e-05
1.59423e-10	-7.8512e-05
1.59474e-10	-7.83621e-05
1.59525e-10	-7.82121e-05
1.59577e-10	-7.8062e-05
1.59628e-10	-7.79118e-05
1.59679e-10	-7.77615e-05
1.5973e-10	-7.7611e-05
1.59781e-10	-7.74605e-05
1.59833e-10	-7.73098e-05
1.59884e-10	-7.71591e-05
1.59935e-10	-7.70082e-05
1.59986e-10	-7.68573e-05
1.60038e-10	-7.67062e-05
1.60089e-10	-7.6555e-05
1.6014e-10	-7.64037e-05
1.60191e-10	-7.62523e-05
1.60243e-10	-7.61008e-05
1.60294e-10	-7.59492e-05
1.60345e-10	-7.57975e-05
1.60396e-10	-7.56457e-05
1.60448e-10	-7.54938e-05
1.60499e-10	-7.53417e-05
1.6055e-10	-7.51896e-05
1.60601e-10	-7.50374e-05
1.60653e-10	-7.4885e-05
1.60704e-10	-7.47326e-05
1.60755e-10	-7.458e-05
1.60806e-10	-7.44273e-05
1.60857e-10	-7.42745e-05
1.60909e-10	-7.41217e-05
1.6096e-10	-7.39687e-05
1.61011e-10	-7.38156e-05
1.61062e-10	-7.36624e-05
1.61114e-10	-7.35091e-05
1.61165e-10	-7.33557e-05
1.61216e-10	-7.32022e-05
1.61267e-10	-7.30485e-05
1.61319e-10	-7.28948e-05
1.6137e-10	-7.2741e-05
1.61421e-10	-7.2587e-05
1.61472e-10	-7.2433e-05
1.61524e-10	-7.22788e-05
1.61575e-10	-7.21246e-05
1.61626e-10	-7.19702e-05
1.61677e-10	-7.18158e-05
1.61728e-10	-7.16612e-05
1.6178e-10	-7.15065e-05
1.61831e-10	-7.13517e-05
1.61882e-10	-7.11968e-05
1.61933e-10	-7.10419e-05
1.61985e-10	-7.08868e-05
1.62036e-10	-7.07316e-05
1.62087e-10	-7.05763e-05
1.62138e-10	-7.04209e-05
1.6219e-10	-7.02653e-05
1.62241e-10	-7.01097e-05
1.62292e-10	-6.9954e-05
1.62343e-10	-6.97982e-05
1.62395e-10	-6.96423e-05
1.62446e-10	-6.94862e-05
1.62497e-10	-6.93301e-05
1.62548e-10	-6.91738e-05
1.626e-10	-6.90175e-05
1.62651e-10	-6.88611e-05
1.62702e-10	-6.87045e-05
1.62753e-10	-6.85478e-05
1.62804e-10	-6.83911e-05
1.62856e-10	-6.82342e-05
1.62907e-10	-6.80773e-05
1.62958e-10	-6.79202e-05
1.63009e-10	-6.7763e-05
1.63061e-10	-6.76057e-05
1.63112e-10	-6.74484e-05
1.63163e-10	-6.72909e-05
1.63214e-10	-6.71333e-05
1.63266e-10	-6.69756e-05
1.63317e-10	-6.68178e-05
1.63368e-10	-6.66599e-05
1.63419e-10	-6.65019e-05
1.63471e-10	-6.63438e-05
1.63522e-10	-6.61856e-05
1.63573e-10	-6.60273e-05
1.63624e-10	-6.58689e-05
1.63675e-10	-6.57104e-05
1.63727e-10	-6.55518e-05
1.63778e-10	-6.5393e-05
1.63829e-10	-6.52342e-05
1.6388e-10	-6.50753e-05
1.63932e-10	-6.49163e-05
1.63983e-10	-6.47572e-05
1.64034e-10	-6.45979e-05
1.64085e-10	-6.44386e-05
1.64137e-10	-6.42792e-05
1.64188e-10	-6.41196e-05
1.64239e-10	-6.396e-05
1.6429e-10	-6.38003e-05
1.64342e-10	-6.36404e-05
1.64393e-10	-6.34805e-05
1.64444e-10	-6.33204e-05
1.64495e-10	-6.31603e-05
1.64547e-10	-6.30001e-05
1.64598e-10	-6.28397e-05
1.64649e-10	-6.26793e-05
1.647e-10	-6.25187e-05
1.64751e-10	-6.23581e-05
1.64803e-10	-6.21973e-05
1.64854e-10	-6.20365e-05
1.64905e-10	-6.18755e-05
1.64956e-10	-6.17145e-05
1.65008e-10	-6.15533e-05
1.65059e-10	-6.13921e-05
1.6511e-10	-6.12307e-05
1.65161e-10	-6.10693e-05
1.65213e-10	-6.09077e-05
1.65264e-10	-6.0746e-05
1.65315e-10	-6.05843e-05
1.65366e-10	-6.04224e-05
1.65418e-10	-6.02605e-05
1.65469e-10	-6.00984e-05
1.6552e-10	-5.99363e-05
1.65571e-10	-5.9774e-05
1.65622e-10	-5.96116e-05
1.65674e-10	-5.94492e-05
1.65725e-10	-5.92866e-05
1.65776e-10	-5.9124e-05
1.65827e-10	-5.89612e-05
1.65879e-10	-5.87984e-05
1.6593e-10	-5.86354e-05
1.65981e-10	-5.84723e-05
1.66032e-10	-5.83092e-05
1.66084e-10	-5.81459e-05
1.66135e-10	-5.79826e-05
1.66186e-10	-5.78191e-05
1.66237e-10	-5.76556e-05
1.66289e-10	-5.74919e-05
1.6634e-10	-5.73282e-05
1.66391e-10	-5.71643e-05
1.66442e-10	-5.70004e-05
1.66493e-10	-5.68364e-05
1.66545e-10	-5.66722e-05
1.66596e-10	-5.6508e-05
1.66647e-10	-5.63436e-05
1.66698e-10	-5.61792e-05
1.6675e-10	-5.60147e-05
1.66801e-10	-5.585e-05
1.66852e-10	-5.56853e-05
1.66903e-10	-5.55205e-05
1.66955e-10	-5.53555e-05
1.67006e-10	-5.51905e-05
1.67057e-10	-5.50254e-05
1.67108e-10	-5.48601e-05
1.6716e-10	-5.46948e-05
1.67211e-10	-5.45294e-05
1.67262e-10	-5.43639e-05
1.67313e-10	-5.41983e-05
1.67365e-10	-5.40326e-05
1.67416e-10	-5.38668e-05
1.67467e-10	-5.37008e-05
1.67518e-10	-5.35348e-05
1.67569e-10	-5.33687e-05
1.67621e-10	-5.32025e-05
1.67672e-10	-5.30363e-05
1.67723e-10	-5.28699e-05
1.67774e-10	-5.27034e-05
1.67826e-10	-5.25368e-05
1.67877e-10	-5.23701e-05
1.67928e-10	-5.22033e-05
1.67979e-10	-5.20365e-05
1.68031e-10	-5.18695e-05
1.68082e-10	-5.17024e-05
1.68133e-10	-5.15352e-05
1.68184e-10	-5.1368e-05
1.68236e-10	-5.12006e-05
1.68287e-10	-5.10332e-05
1.68338e-10	-5.08656e-05
1.68389e-10	-5.0698e-05
1.6844e-10	-5.05302e-05
1.68492e-10	-5.03624e-05
1.68543e-10	-5.01945e-05
1.68594e-10	-5.00264e-05
1.68645e-10	-4.98583e-05
1.68697e-10	-4.96901e-05
1.68748e-10	-4.95218e-05
1.68799e-10	-4.93534e-05
1.6885e-10	-4.91849e-05
1.68902e-10	-4.90163e-05
1.68953e-10	-4.88476e-05
1.69004e-10	-4.86788e-05
1.69055e-10	-4.85099e-05
1.69107e-10	-4.83409e-05
1.69158e-10	-4.81718e-05
1.69209e-10	-4.80027e-05
1.6926e-10	-4.78334e-05
1.69312e-10	-4.7664e-05
1.69363e-10	-4.74946e-05
1.69414e-10	-4.7325e-05
1.69465e-10	-4.71554e-05
1.69516e-10	-4.69857e-05
1.69568e-10	-4.68158e-05
1.69619e-10	-4.66459e-05
1.6967e-10	-4.64759e-05
1.69721e-10	-4.63058e-05
1.69773e-10	-4.61356e-05
1.69824e-10	-4.59653e-05
1.69875e-10	-4.57949e-05
1.69926e-10	-4.56244e-05
1.69978e-10	-4.54538e-05
1.70029e-10	-4.52831e-05
1.7008e-10	-4.51123e-05
1.70131e-10	-4.49415e-05
1.70183e-10	-4.47705e-05
1.70234e-10	-4.45995e-05
1.70285e-10	-4.44283e-05
1.70336e-10	-4.42571e-05
1.70387e-10	-4.40858e-05
1.70439e-10	-4.39143e-05
1.7049e-10	-4.37428e-05
1.70541e-10	-4.35712e-05
1.70592e-10	-4.33995e-05
1.70644e-10	-4.32277e-05
1.70695e-10	-4.30558e-05
1.70746e-10	-4.28839e-05
1.70797e-10	-4.27118e-05
1.70849e-10	-4.25396e-05
1.709e-10	-4.23674e-05
1.70951e-10	-4.2195e-05
1.71002e-10	-4.20226e-05
1.71054e-10	-4.18501e-05
1.71105e-10	-4.16774e-05
1.71156e-10	-4.15047e-05
1.71207e-10	-4.13319e-05
1.71259e-10	-4.1159e-05
1.7131e-10	-4.0986e-05
1.71361e-10	-4.0813e-05
1.71412e-10	-4.06398e-05
1.71463e-10	-4.04665e-05
1.71515e-10	-4.02932e-05
1.71566e-10	-4.01197e-05
1.71617e-10	-3.99462e-05
1.71668e-10	-3.97726e-05
1.7172e-10	-3.95988e-05
1.71771e-10	-3.9425e-05
1.71822e-10	-3.92511e-05
1.71873e-10	-3.90772e-05
1.71925e-10	-3.89031e-05
1.71976e-10	-3.87289e-05
1.72027e-10	-3.85546e-05
1.72078e-10	-3.83803e-05
1.7213e-10	-3.82058e-05
1.72181e-10	-3.80313e-05
1.72232e-10	-3.78567e-05
1.72283e-10	-3.7682e-05
1.72334e-10	-3.75072e-05
1.72386e-10	-3.73323e-05
1.72437e-10	-3.71573e-05
1.72488e-10	-3.69822e-05
1.72539e-10	-3.68071e-05
1.72591e-10	-3.66318e-05
1.72642e-10	-3.64565e-05
1.72693e-10	-3.62811e-05
1.72744e-10	-3.61055e-05
1.72796e-10	-3.59299e-05
1.72847e-10	-3.57542e-05
1.72898e-10	-3.55784e-05
1.72949e-10	-3.54026e-05
1.73001e-10	-3.52266e-05
1.73052e-10	-3.50506e-05
1.73103e-10	-3.48744e-05
1.73154e-10	-3.46982e-05
1.73206e-10	-3.45219e-05
1.73257e-10	-3.43455e-05
1.73308e-10	-3.4169e-05
1.73359e-10	-3.39924e-05
1.7341e-10	-3.38157e-05
1.73462e-10	-3.3639e-05
1.73513e-10	-3.34621e-05
1.73564e-10	-3.32852e-05
1.73615e-10	-3.31082e-05
1.73667e-10	-3.2931e-05
1.73718e-10	-3.27538e-05
1.73769e-10	-3.25766e-05
1.7382e-10	-3.23992e-05
1.73872e-10	-3.22217e-05
1.73923e-10	-3.20442e-05
1.73974e-10	-3.18665e-05
1.74025e-10	-3.16888e-05
1.74077e-10	-3.1511e-05
1.74128e-10	-3.13331e-05
1.74179e-10	-3.11551e-05
1.7423e-10	-3.09771e-05
1.74281e-10	-3.07989e-05
1.74333e-10	-3.06207e-05
1.74384e-10	-3.04423e-05
1.74435e-10	-3.02639e-05
1.74486e-10	-3.00854e-05
1.74538e-10	-2.99068e-05
1.74589e-10	-2.97282e-05
1.7464e-10	-2.95494e-05
1.74691e-10	-2.93705e-05
1.74743e-10	-2.91916e-05
1.74794e-10	-2.90126e-05
1.74845e-10	-2.88335e-05
1.74896e-10	-2.86543e-05
1.74948e-10	-2.8475e-05
1.74999e-10	-2.82957e-05
1.7505e-10	-2.81162e-05
1.75101e-10	-2.79367e-05
1.75152e-10	-2.77571e-05
1.75204e-10	-2.75774e-05
1.75255e-10	-2.73976e-05
1.75306e-10	-2.72177e-05
1.75357e-10	-2.70377e-05
1.75409e-10	-2.68577e-05
1.7546e-10	-2.66776e-05
1.75511e-10	-2.64974e-05
1.75562e-10	-2.63171e-05
1.75614e-10	-2.61367e-05
1.75665e-10	-2.59562e-05
1.75716e-10	-2.57757e-05
1.75767e-10	-2.5595e-05
1.75819e-10	-2.54143e-05
1.7587e-10	-2.52335e-05
1.75921e-10	-2.50526e-05
1.75972e-10	-2.48717e-05
1.76024e-10	-2.46906e-05
1.76075e-10	-2.45095e-05
1.76126e-10	-2.43283e-05
1.76177e-10	-2.4147e-05
1.76228e-10	-2.39656e-05
1.7628e-10	-2.37841e-05
1.76331e-10	-2.36025e-05
1.76382e-10	-2.34209e-05
1.76433e-10	-2.32392e-05
1.76485e-10	-2.30574e-05
1.76536e-10	-2.28755e-05
1.76587e-10	-2.26935e-05
1.76638e-10	-2.25115e-05
1.7669e-10	-2.23294e-05
1.76741e-10	-2.21471e-05
1.76792e-10	-2.19648e-05
1.76843e-10	-2.17825e-05
1.76895e-10	-2.16e-05
1.76946e-10	-2.14175e-05
1.76997e-10	-2.12348e-05
1.77048e-10	-2.10521e-05
1.77099e-10	-2.08693e-05
1.77151e-10	-2.06865e-05
1.77202e-10	-2.05035e-05
1.77253e-10	-2.03205e-05
1.77304e-10	-2.01373e-05
1.77356e-10	-1.99542e-05
1.77407e-10	-1.97709e-05
1.77458e-10	-1.95875e-05
1.77509e-10	-1.94041e-05
1.77561e-10	-1.92205e-05
1.77612e-10	-1.90369e-05
1.77663e-10	-1.88533e-05
1.77714e-10	-1.86695e-05
1.77766e-10	-1.84856e-05
1.77817e-10	-1.83017e-05
1.77868e-10	-1.81177e-05
1.77919e-10	-1.79336e-05
1.77971e-10	-1.77495e-05
1.78022e-10	-1.75652e-05
1.78073e-10	-1.73809e-05
1.78124e-10	-1.71965e-05
1.78175e-10	-1.7012e-05
1.78227e-10	-1.68274e-05
1.78278e-10	-1.66428e-05
1.78329e-10	-1.6458e-05
1.7838e-10	-1.62732e-05
1.78432e-10	-1.60883e-05
1.78483e-10	-1.59034e-05
1.78534e-10	-1.57183e-05
1.78585e-10	-1.55332e-05
1.78637e-10	-1.5348e-05
1.78688e-10	-1.51627e-05
1.78739e-10	-1.49774e-05
1.7879e-10	-1.47919e-05
1.78842e-10	-1.46064e-05
1.78893e-10	-1.44208e-05
1.78944e-10	-1.42351e-05
1.78995e-10	-1.40494e-05
1.79046e-10	-1.38635e-05
1.79098e-10	-1.36776e-05
1.79149e-10	-1.34916e-05
1.792e-10	-1.33056e-05
1.79251e-10	-1.31194e-05
1.79303e-10	-1.29332e-05
1.79354e-10	-1.27469e-05
1.79405e-10	-1.25605e-05
1.79456e-10	-1.23741e-05
1.79508e-10	-1.21875e-05
1.79559e-10	-1.20009e-05
1.7961e-10	-1.18142e-05
1.79661e-10	-1.16275e-05
1.79713e-10	-1.14406e-05
1.79764e-10	-1.12537e-05
1.79815e-10	-1.10667e-05
1.79866e-10	-1.08796e-05
1.79918e-10	-1.06925e-05
1.79969e-10	-1.05053e-05
1.8002e-10	-1.0318e-05
1.80071e-10	-1.01306e-05
1.80122e-10	-9.94313e-06
1.80174e-10	-9.7556e-06
1.80225e-10	-9.56799e-06
1.80276e-10	-9.38031e-06
1.80327e-10	-9.19255e-06
1.80379e-10	-9.00471e-06
1.8043e-10	-8.8168e-06
1.80481e-10	-8.62881e-06
1.80532e-10	-8.44075e-06
1.80584e-10	-8.25261e-06
1.80635e-10	-8.0644e-06
1.80686e-10	-7.87611e-06
1.80737e-10	-7.68774e-06
1.80789e-10	-7.4993e-06
1.8084e-10	-7.31079e-06
1.80891e-10	-7.1222e-06
1.80942e-10	-6.93353e-06
1.80993e-10	-6.7448e-06
1.81045e-10	-6.55598e-06
1.81096e-10	-6.36709e-06
1.81147e-10	-6.17813e-06
1.81198e-10	-5.98909e-06
1.8125e-10	-5.79998e-06
1.81301e-10	-5.6108e-06
1.81352e-10	-5.42154e-06
1.81403e-10	-5.23221e-06
1.81455e-10	-5.0428e-06
1.81506e-10	-4.85332e-06
1.81557e-10	-4.66376e-06
1.81608e-10	-4.47414e-06
1.8166e-10	-4.28444e-06
1.81711e-10	-4.09466e-06
1.81762e-10	-3.90481e-06
1.81813e-10	-3.71489e-06
1.81864e-10	-3.5249e-06
1.81916e-10	-3.33483e-06
1.81967e-10	-3.14469e-06
1.82018e-10	-2.95448e-06
1.82069e-10	-2.76419e-06
1.82121e-10	-2.57384e-06
1.82172e-10	-2.38341e-06
1.82223e-10	-2.1929e-06
1.82274e-10	-2.00233e-06
1.82326e-10	-1.81168e-06
1.82377e-10	-1.62096e-06
1.82428e-10	-1.43017e-06
1.82479e-10	-1.23931e-06
1.82531e-10	-1.04838e-06
1.82582e-10	-8.57369e-07
1.82633e-10	-6.66292e-07
1.82684e-10	-4.75142e-07
1.82736e-10	-2.83922e-07
1.82787e-10	-9.26305e-08
1.82838e-10	9.87323e-08
1.82889e-10	2.90166e-07
1.8294e-10	4.81671e-07
1.82992e-10	6.73247e-07
1.83043e-10	8.64893e-07
1.83094e-10	1.05661e-06
1.83145e-10	1.2484e-06
1.83197e-10	1.44026e-06
1.83248e-10	1.63218e-06
1.83299e-10	1.82418e-06
1.8335e-10	2.01625e-06
1.83402e-10	2.20839e-06
1.83453e-10	2.4006e-06
1.83504e-10	2.59288e-06
1.83555e-10	2.78522e-06
1.83607e-10	2.97764e-06
1.83658e-10	3.17013e-06
1.83709e-10	3.36269e-06
1.8376e-10	3.55531e-06
1.83811e-10	3.74801e-06
1.83863e-10	3.94077e-06
1.83914e-10	4.13361e-06
1.83965e-10	4.32651e-06
1.84016e-10	4.51948e-06
1.84068e-10	4.71252e-06
1.84119e-10	4.90563e-06
1.8417e-10	5.09881e-06
1.84221e-10	5.29205e-06
1.84273e-10	5.48536e-06
1.84324e-10	5.67875e-06
1.84375e-10	5.8722e-06
1.84426e-10	6.06571e-06
1.84478e-10	6.2593e-06
1.84529e-10	6.45295e-06
1.8458e-10	6.64668e-06
1.84631e-10	6.84046e-06
1.84683e-10	7.03432e-06
1.84734e-10	7.22824e-06
1.84785e-10	7.42224e-06
1.84836e-10	7.61629e-06
1.84887e-10	7.81042e-06
1.84939e-10	8.00461e-06
1.8499e-10	8.19887e-06
1.85041e-10	8.3932e-06
1.85092e-10	8.58759e-06
1.85144e-10	8.78205e-06
1.85195e-10	8.97657e-06
1.85246e-10	9.17117e-06
1.85297e-10	9.36582e-06
1.85349e-10	9.56055e-06
1.854e-10	9.75534e-06
1.85451e-10	9.95019e-06
1.85502e-10	1.01451e-05
1.85554e-10	1.03401e-05
1.85605e-10	1.05352e-05
1.85656e-10	1.07303e-05
1.85707e-10	1.09255e-05
1.85758e-10	1.11207e-05
1.8581e-10	1.1316e-05
1.85861e-10	1.15114e-05
1.85912e-10	1.17068e-05
1.85963e-10	1.19024e-05
1.86015e-10	1.20979e-05
1.86066e-10	1.22936e-05
1.86117e-10	1.24893e-05
1.86168e-10	1.2685e-05
1.8622e-10	1.28809e-05
1.86271e-10	1.30768e-05
1.86322e-10	1.32727e-05
1.86373e-10	1.34688e-05
1.86425e-10	1.36648e-05
1.86476e-10	1.3861e-05
1.86527e-10	1.40572e-05
1.86578e-10	1.42535e-05
1.8663e-10	1.44498e-05
1.86681e-10	1.46462e-05
1.86732e-10	1.48427e-05
1.86783e-10	1.50392e-05
1.86834e-10	1.52358e-05
1.86886e-10	1.54325e-05
1.86937e-10	1.56292e-05
1.86988e-10	1.5826e-05
1.87039e-10	1.60229e-05
1.87091e-10	1.62198e-05
1.87142e-10	1.64167e-05
1.87193e-10	1.66138e-05
1.87244e-10	1.68109e-05
1.87296e-10	1.7008e-05
1.87347e-10	1.72052e-05
1.87398e-10	1.74025e-05
1.87449e-10	1.75999e-05
1.87501e-10	1.77973e-05
1.87552e-10	1.79947e-05
1.87603e-10	1.81923e-05
1.87654e-10	1.83899e-05
1.87705e-10	1.85875e-05
1.87757e-10	1.87852e-05
1.87808e-10	1.8983e-05
1.87859e-10	1.91808e-05
1.8791e-10	1.93787e-05
1.87962e-10	1.95767e-05
1.88013e-10	1.97747e-05
1.88064e-10	1.99728e-05
1.88115e-10	2.01709e-05
1.88167e-10	2.03691e-05
1.88218e-10	2.05674e-05
1.88269e-10	2.07657e-05
1.8832e-10	2.09641e-05
1.88372e-10	2.11625e-05
1.88423e-10	2.1361e-05
1.88474e-10	2.15596e-05
1.88525e-10	2.17582e-05
1.88576e-10	2.19569e-05
1.88628e-10	2.21556e-05
1.88679e-10	2.23544e-05
1.8873e-10	2.25532e-05
1.88781e-10	2.27522e-05
1.88833e-10	2.29511e-05
1.88884e-10	2.31502e-05
1.88935e-10	2.33492e-05
1.88986e-10	2.35484e-05
1.89038e-10	2.37476e-05
1.89089e-10	2.39469e-05
1.8914e-10	2.41462e-05
1.89191e-10	2.43456e-05
1.89243e-10	2.4545e-05
1.89294e-10	2.47445e-05
1.89345e-10	2.4944e-05
1.89396e-10	2.51437e-05
1.89448e-10	2.53433e-05
1.89499e-10	2.55431e-05
1.8955e-10	2.57428e-05
1.89601e-10	2.59427e-05
1.89652e-10	2.61426e-05
1.89704e-10	2.63425e-05
1.89755e-10	2.65425e-05
1.89806e-10	2.67426e-05
1.89857e-10	2.69427e-05
1.89909e-10	2.71429e-05
1.8996e-10	2.73431e-05
1.90011e-10	2.75434e-05
1.90062e-10	2.77438e-05
1.90114e-10	2.79442e-05
1.90165e-10	2.81447e-05
1.90216e-10	2.83452e-05
1.90267e-10	2.85458e-05
1.90319e-10	2.87464e-05
1.9037e-10	2.89471e-05
1.90421e-10	2.91478e-05
1.90472e-10	2.93486e-05
1.90523e-10	2.95495e-05
1.90575e-10	2.97504e-05
1.90626e-10	2.99513e-05
1.90677e-10	3.01523e-05
1.90728e-10	3.03534e-05
1.9078e-10	3.05545e-05
1.90831e-10	3.07557e-05
1.90882e-10	3.09569e-05
1.90933e-10	3.11582e-05
1.90985e-10	3.13596e-05
1.91036e-10	3.1561e-05
1.91087e-10	3.17624e-05
1.91138e-10	3.19639e-05
1.9119e-10	3.21655e-05
1.91241e-10	3.23671e-05
1.91292e-10	3.25688e-05
1.91343e-10	3.27705e-05
1.91395e-10	3.29722e-05
1.91446e-10	3.31741e-05
1.91497e-10	3.33759e-05
1.91548e-10	3.35779e-05
1.91599e-10	3.37799e-05
1.91651e-10	3.39819e-05
1.91702e-10	3.4184e-05
1.91753e-10	3.43861e-05
1.91804e-10	3.45883e-05
1.91856e-10	3.47906e-05
1.91907e-10	3.49928e-05
1.91958e-10	3.51952e-05
1.92009e-10	3.53976e-05
1.92061e-10	3.56e-05
1.92112e-10	3.58026e-05
1.92163e-10	3.60051e-05
1.92214e-10	3.62077e-05
1.92266e-10	3.64104e-05
1.92317e-10	3.66131e-05
1.92368e-10	3.68158e-05
1.92419e-10	3.70187e-05
1.9247e-10	3.72215e-05
1.92522e-10	3.74244e-05
1.92573e-10	3.76274e-05
1.92624e-10	3.78304e-05
1.92675e-10	3.80335e-05
1.92727e-10	3.82366e-05
1.92778e-10	3.84398e-05
1.92829e-10	3.8643e-05
1.9288e-10	3.88462e-05
1.92932e-10	3.90495e-05
1.92983e-10	3.92529e-05
1.93034e-10	3.94563e-05
1.93085e-10	3.96598e-05
1.93137e-10	3.98633e-05
1.93188e-10	4.00669e-05
1.93239e-10	4.02705e-05
1.9329e-10	4.04741e-05
1.93342e-10	4.06778e-05
1.93393e-10	4.08816e-05
1.93444e-10	4.10854e-05
1.93495e-10	4.12893e-05
1.93546e-10	4.14932e-05
1.93598e-10	4.16971e-05
1.93649e-10	4.19011e-05
1.937e-10	4.21052e-05
1.93751e-10	4.23093e-05
1.93803e-10	4.25134e-05
1.93854e-10	4.27176e-05
1.93905e-10	4.29218e-05
1.93956e-10	4.31261e-05
1.94008e-10	4.33304e-05
1.94059e-10	4.35348e-05
1.9411e-10	4.37392e-05
1.94161e-10	4.39437e-05
1.94213e-10	4.41482e-05
1.94264e-10	4.43528e-05
1.94315e-10	4.45574e-05
1.94366e-10	4.47621e-05
1.94417e-10	4.49668e-05
1.94469e-10	4.51715e-05
1.9452e-10	4.53763e-05
1.94571e-10	4.55812e-05
1.94622e-10	4.57861e-05
1.94674e-10	4.5991e-05
1.94725e-10	4.6196e-05
1.94776e-10	4.6401e-05
1.94827e-10	4.66061e-05
1.94879e-10	4.68112e-05
1.9493e-10	4.70164e-05
1.94981e-10	4.72216e-05
1.95032e-10	4.74269e-05
1.95084e-10	4.76322e-05
1.95135e-10	4.78375e-05
1.95186e-10	4.80429e-05
1.95237e-10	4.82483e-05
1.95288e-10	4.84538e-05
1.9534e-10	4.86593e-05
1.95391e-10	4.88649e-05
1.95442e-10	4.90705e-05
1.95493e-10	4.92761e-05
1.95545e-10	4.94818e-05
1.95596e-10	4.96876e-05
1.95647e-10	4.98934e-05
1.95698e-10	5.00992e-05
1.9575e-10	5.03051e-05
1.95801e-10	5.0511e-05
1.95852e-10	5.07169e-05
1.95903e-10	5.09229e-05
1.95955e-10	5.1129e-05
1.96006e-10	5.13351e-05
1.96057e-10	5.15412e-05
1.96108e-10	5.17474e-05
1.9616e-10	5.19536e-05
1.96211e-10	5.21598e-05
1.96262e-10	5.23661e-05
1.96313e-10	5.25725e-05
1.96364e-10	5.27789e-05
1.96416e-10	5.29853e-05
1.96467e-10	5.31917e-05
1.96518e-10	5.33982e-05
1.96569e-10	5.36048e-05
1.96621e-10	5.38114e-05
1.96672e-10	5.4018e-05
1.96723e-10	5.42247e-05
1.96774e-10	5.44314e-05
1.96826e-10	5.46381e-05
1.96877e-10	5.48449e-05
1.96928e-10	5.50518e-05
1.96979e-10	5.52586e-05
1.97031e-10	5.54656e-05
1.97082e-10	5.56725e-05
1.97133e-10	5.58795e-05
1.97184e-10	5.60865e-05
1.97235e-10	5.62936e-05
1.97287e-10	5.65007e-05
1.97338e-10	5.67079e-05
1.97389e-10	5.69151e-05
1.9744e-10	5.71223e-05
1.97492e-10	5.73296e-05
1.97543e-10	5.75369e-05
1.97594e-10	5.77442e-05
1.97645e-10	5.79516e-05
1.97697e-10	5.8159e-05
1.97748e-10	5.83665e-05
1.97799e-10	5.8574e-05
1.9785e-10	5.87816e-05
1.97902e-10	5.89891e-05
1.97953e-10	5.91968e-05
1.98004e-10	5.94044e-05
1.98055e-10	5.96121e-05
1.98107e-10	5.98198e-05
1.98158e-10	6.00276e-05
1.98209e-10	6.02354e-05
1.9826e-10	6.04432e-05
1.98311e-10	6.06511e-05
1.98363e-10	6.0859e-05
1.98414e-10	6.1067e-05
1.98465e-10	6.1275e-05
1.98516e-10	6.1483e-05
1.98568e-10	6.16911e-05
1.98619e-10	6.18992e-05
1.9867e-10	6.21073e-05
1.98721e-10	6.23155e-05
1.98773e-10	6.25237e-05
1.98824e-10	6.27319e-05
1.98875e-10	6.29402e-05
1.98926e-10	6.31485e-05
1.98978e-10	6.33569e-05
1.99029e-10	6.35653e-05
1.9908e-10	6.37737e-05
1.99131e-10	6.39822e-05
1.99182e-10	6.41907e-05
1.99234e-10	6.43992e-05
1.99285e-10	6.46077e-05
1.99336e-10	6.48163e-05
1.99387e-10	6.5025e-05
1.99439e-10	6.52336e-05
1.9949e-10	6.54423e-05
1.99541e-10	6.56511e-05
1.99592e-10	6.58598e-05
1.99644e-10	6.60686e-05
1.99695e-10	6.62775e-05
1.99746e-10	6.64863e-05
1.99797e-10	6.66953e-05
1.99849e-10	6.69042e-05
1.999e-10	6.71132e-05
1.99951e-10	6.73222e-05
2.00002e-10	6.75312e-05
2.00054e-10	6.77403e-05
2.00105e-10	6.79494e-05
2.00156e-10	6.81585e-05
2.00207e-10	6.83677e-05
2.00258e-10	6.85769e-05
2.0031e-10	6.87861e-05
2.00361e-10	6.89954e-05
2.00412e-10	6.92047e-05
2.00463e-10	6.9414e-05
2.00515e-10	6.96234e-05
2.00566e-10	6.98327e-05
2.00617e-10	7.00422e-05
2.00668e-10	7.02516e-05
2.0072e-10	7.04611e-05
2.00771e-10	7.06706e-05
2.00822e-10	7.08802e-05
2.00873e-10	7.10898e-05
2.00925e-10	7.12994e-05
2.00976e-10	7.1509e-05
2.01027e-10	7.17187e-05
2.01078e-10	7.19284e-05
2.01129e-10	7.21381e-05
2.01181e-10	7.23479e-05
2.01232e-10	7.25577e-05
2.01283e-10	7.27675e-05
2.01334e-10	7.29773e-05
2.01386e-10	7.31872e-05
2.01437e-10	7.33971e-05
2.01488e-10	7.36071e-05
2.01539e-10	7.3817e-05
2.01591e-10	7.4027e-05
2.01642e-10	7.42371e-05
2.01693e-10	7.44471e-05
2.01744e-10	7.46572e-05
2.01796e-10	7.48673e-05
2.01847e-10	7.50774e-05
2.01898e-10	7.52876e-05
2.01949e-10	7.54978e-05
2.02e-10	7.5708e-05
2.02052e-10	7.59183e-05
2.02103e-10	7.61286e-05
2.02154e-10	7.63389e-05
2.02205e-10	7.65492e-05
2.02257e-10	7.67596e-05
2.02308e-10	7.697e-05
2.02359e-10	7.71804e-05
2.0241e-10	7.73908e-05
2.02462e-10	7.76013e-05
2.02513e-10	7.78118e-05
2.02564e-10	7.80223e-05
2.02615e-10	7.82329e-05
2.02667e-10	7.84435e-05
2.02718e-10	7.86541e-05
2.02769e-10	7.88647e-05
2.0282e-10	7.90754e-05
2.02872e-10	7.92861e-05
2.02923e-10	7.94968e-05
2.02974e-10	7.97075e-05
2.03025e-10	7.99183e-05
2.03076e-10	8.0129e-05
2.03128e-10	8.03399e-05
2.03179e-10	8.05507e-05
2.0323e-10	8.07616e-05
2.03281e-10	8.09724e-05
2.03333e-10	8.11833e-05
2.03384e-10	8.13943e-05
2.03435e-10	8.16052e-05
2.03486e-10	8.18162e-05
2.03538e-10	8.20272e-05
2.03589e-10	8.22383e-05
2.0364e-10	8.24493e-05
2.03691e-10	8.26604e-05
2.03743e-10	8.28715e-05
2.03794e-10	8.30826e-05
2.03845e-10	8.32938e-05
2.03896e-10	8.3505e-05
2.03947e-10	8.37161e-05
2.03999e-10	8.39274e-05
2.0405e-10	8.41386e-05
2.04101e-10	8.43499e-05
2.04152e-10	8.45612e-05
2.04204e-10	8.47725e-05
2.04255e-10	8.49838e-05
2.04306e-10	8.51952e-05
2.04357e-10	8.54065e-05
2.04409e-10	8.56179e-05
2.0446e-10	8.58294e-05
2.04511e-10	8.60408e-05
2.04562e-10	8.62523e-05
2.04614e-10	8.64637e-05
2.04665e-10	8.66753e-05
2.04716e-10	8.68868e-05
2.04767e-10	8.70983e-05
2.04819e-10	8.73099e-05
2.0487e-10	8.75215e-05
2.04921e-10	8.77331e-05
2.04972e-10	8.79447e-05
2.05023e-10	8.81564e-05
2.05075e-10	8.83681e-05
2.05126e-10	8.85797e-05
2.05177e-10	8.87915e-05
2.05228e-10	8.90032e-05
2.0528e-10	8.92149e-05
2.05331e-10	8.94267e-05
2.05382e-10	8.96385e-05
2.05433e-10	8.98503e-05
2.05485e-10	9.00621e-05
2.05536e-10	9.0274e-05
2.05587e-10	9.04859e-05
2.05638e-10	9.06977e-05
2.0569e-10	9.09096e-05
2.05741e-10	9.11216e-05
2.05792e-10	9.13335e-05
2.05843e-10	9.15455e-05
2.05894e-10	9.17574e-05
2.05946e-10	9.19694e-05
2.05997e-10	9.21814e-05
2.06048e-10	9.23935e-05
2.06099e-10	9.26055e-05
2.06151e-10	9.28176e-05
2.06202e-10	9.30297e-05
2.06253e-10	9.32418e-05
2.06304e-10	9.34539e-05
2.06356e-10	9.3666e-05
2.06407e-10	9.38782e-05
2.06458e-10	9.40903e-05
2.06509e-10	9.43025e-05
2.06561e-10	9.45147e-05
2.06612e-10	9.4727e-05
2.06663e-10	9.49392e-05
2.06714e-10	9.51514e-05
2.06766e-10	9.53637e-05
2.06817e-10	9.5576e-05
2.06868e-10	9.57883e-05
2.06919e-10	9.60006e-05
2.0697e-10	9.62129e-05
2.07022e-10	9.64252e-05
2.07073e-10	9.66376e-05
2.07124e-10	9.685e-05
2.07175e-10	9.70624e-05
2.07227e-10	9.72748e-05
2.07278e-10	9.74872e-05
2.07329e-10	9.76996e-05
2.0738e-10	9.7912e-05
2.07432e-10	9.81245e-05
2.07483e-10	9.8337e-05
2.07534e-10	9.85495e-05
2.07585e-10	9.8762e-05
2.07637e-10	9.89745e-05
2.07688e-10	9.9187e-05
2.07739e-10	9.93995e-05
2.0779e-10	9.96121e-05
2.07841e-10	9.98247e-05
2.07893e-10	0.000100037
2.07944e-10	0.00010025
2.07995e-10	0.000100462
2.08046e-10	0.000100675
2.08098e-10	0.000100888
2.08149e-10	0.0001011
2.082e-10	0.000101313
2.08251e-10	0.000101526
2.08303e-10	0.000101738
2.08354e-10	0.000101951
2.08405e-10	0.000102164
2.08456e-10	0.000102376
2.08508e-10	0.000102589
2.08559e-10	0.000102802
2.0861e-10	0.000103015
2.08661e-10	0.000103227
2.08712e-10	0.00010344
2.08764e-10	0.000103653
2.08815e-10	0.000103866
2.08866e-10	0.000104078
2.08917e-10	0.000104291
2.08969e-10	0.000104504
2.0902e-10	0.000104717
2.09071e-10	0.00010493
2.09122e-10	0.000105143
2.09174e-10	0.000105355
2.09225e-10	0.000105568
2.09276e-10	0.000105781
2.09327e-10	0.000105994
2.09379e-10	0.000106207
2.0943e-10	0.00010642
2.09481e-10	0.000106633
2.09532e-10	0.000106846
2.09584e-10	0.000107059
2.09635e-10	0.000107272
2.09686e-10	0.000107484
2.09737e-10	0.000107697
2.09788e-10	0.00010791
2.0984e-10	0.000108123
2.09891e-10	0.000108336
2.09942e-10	0.000108549
2.09993e-10	0.000108762
2.10045e-10	0.000108975
2.10096e-10	0.000109188
2.10147e-10	0.000109401
2.10198e-10	0.000109614
2.1025e-10	0.000109827
2.10301e-10	0.00011004
2.10352e-10	0.000110253
2.10403e-10	0.000110466
2.10455e-10	0.000110679
2.10506e-10	0.000110893
2.10557e-10	0.000111106
2.10608e-10	0.000111319
2.10659e-10	0.000111532
2.10711e-10	0.000111745
2.10762e-10	0.000111958
2.10813e-10	0.000112171
2.10864e-10	0.000112384
2.10916e-10	0.000112597
2.10967e-10	0.00011281
2.11018e-10	0.000113023
2.11069e-10	0.000113236
2.11121e-10	0.00011345
2.11172e-10	0.000113663
2.11223e-10	0.000113876
2.11274e-10	0.000114089
2.11326e-10	0.000114302
2.11377e-10	0.000114515
2.11428e-10	0.000114728
2.11479e-10	0.000114941
2.11531e-10	0.000115155
2.11582e-10	0.000115368
2.11633e-10	0.000115581
2.11684e-10	0.000115794
2.11735e-10	0.000116007
2.11787e-10	0.00011622
2.11838e-10	0.000116433
2.11889e-10	0.000116647
2.1194e-10	0.00011686
2.11992e-10	0.000117073
2.12043e-10	0.000117286
2.12094e-10	0.000117499
2.12145e-10	0.000117712
2.12197e-10	0.000117926
2.12248e-10	0.000118139
2.12299e-10	0.000118352
2.1235e-10	0.000118565
2.12402e-10	0.000118778
2.12453e-10	0.000118991
2.12504e-10	0.000119205
2.12555e-10	0.000119418
2.12606e-10	0.000119631
2.12658e-10	0.000119844
2.12709e-10	0.000120057
2.1276e-10	0.00012027
2.12811e-10	0.000120484
2.12863e-10	0.000120697
2.12914e-10	0.00012091
2.12965e-10	0.000121123
2.13016e-10	0.000121336
2.13068e-10	0.000121549
2.13119e-10	0.000121763
2.1317e-10	0.000121976
2.13221e-10	0.000122189
2.13273e-10	0.000122402
2.13324e-10	0.000122615
2.13375e-10	0.000122828
2.13426e-10	0.000123041
2.13478e-10	0.000123255
2.13529e-10	0.000123468
2.1358e-10	0.000123681
2.13631e-10	0.000123894
2.13682e-10	0.000124107
2.13734e-10	0.00012432
2.13785e-10	0.000124533
2.13836e-10	0.000124747
2.13887e-10	0.00012496
2.13939e-10	0.000125173
2.1399e-10	0.000125386
2.14041e-10	0.000125599
2.14092e-10	0.000125812
2.14144e-10	0.000126025
2.14195e-10	0.000126238
2.14246e-10	0.000126451
2.14297e-10	0.000126665
2.14349e-10	0.000126878
2.144e-10	0.000127091
2.14451e-10	0.000127304
2.14502e-10	0.000127517
2.14553e-10	0.00012773
2.14605e-10	0.000127943
2.14656e-10	0.000128156
2.14707e-10	0.000128369
2.14758e-10	0.000128582
2.1481e-10	0.000128795
2.14861e-10	0.000129008
2.14912e-10	0.000129221
2.14963e-10	0.000129434
2.15015e-10	0.000129647
2.15066e-10	0.00012986
2.15117e-10	0.000130073
2.15168e-10	0.000130286
2.1522e-10	0.000130499
2.15271e-10	0.000130712
2.15322e-10	0.000130925
2.15373e-10	0.000131138
2.15425e-10	0.000131351
2.15476e-10	0.000131564
2.15527e-10	0.000131777
2.15578e-10	0.00013199
2.15629e-10	0.000132203
2.15681e-10	0.000132416
2.15732e-10	0.000132629
2.15783e-10	0.000132842
2.15834e-10	0.000133054
2.15886e-10	0.000133267
2.15937e-10	0.00013348
2.15988e-10	0.000133693
2.16039e-10	0.000133906
2.16091e-10	0.000134119
2.16142e-10	0.000134332
2.16193e-10	0.000134544
2.16244e-10	0.000134757
2.16296e-10	0.00013497
2.16347e-10	0.000135183
2.16398e-10	0.000135396
2.16449e-10	0.000135608
2.165e-10	0.000135821
2.16552e-10	0.000136034
2.16603e-10	0.000136247
2.16654e-10	0.000136459
2.16705e-10	0.000136672
2.16757e-10	0.000136885
2.16808e-10	0.000137097
2.16859e-10	0.00013731
2.1691e-10	0.000137523
2.16962e-10	0.000137735
2.17013e-10	0.000137948
2.17064e-10	0.000138161
2.17115e-10	0.000138373
2.17167e-10	0.000138586
2.17218e-10	0.000138799
2.17269e-10	0.000139011
2.1732e-10	0.000139224
2.17371e-10	0.000139436
2.17423e-10	0.000139649
2.17474e-10	0.000139861
2.17525e-10	0.000140074
2.17576e-10	0.000140286
2.17628e-10	0.000140499
2.17679e-10	0.000140711
2.1773e-10	0.000140924
2.17781e-10	0.000141136
2.17833e-10	0.000141349
2.17884e-10	0.000141561
2.17935e-10	0.000141773
2.17986e-10	0.000141986
2.18038e-10	0.000142198
2.18089e-10	0.000142411
2.1814e-10	0.000142623
2.18191e-10	0.000142835
2.18243e-10	0.000143047
2.18294e-10	0.00014326
2.18345e-10	0.000143472
2.18396e-10	0.000143684
2.18447e-10	0.000143897
2.18499e-10	0.000144109
2.1855e-10	0.000144321
2.18601e-10	0.000144533
2.18652e-10	0.000144745
2.18704e-10	0.000144958
2.18755e-10	0.00014517
2.18806e-10	0.000145382
2.18857e-10	0.000145594
2.18909e-10	0.000145806
2.1896e-10	0.000146018
2.19011e-10	0.00014623
2.19062e-10	0.000146442
2.19114e-10	0.000146654
2.19165e-10	0.000146866
2.19216e-10	0.000147078
2.19267e-10	0.00014729
2.19318e-10	0.000147502
2.1937e-10	0.000147714
2.19421e-10	0.000147926
2.19472e-10	0.000148138
2.19523e-10	0.00014835
2.19575e-10	0.000148561
2.19626e-10	0.000148773
2.19677e-10	0.000148985
2.19728e-10	0.000149197
2.1978e-10	0.000149409
2.19831e-10	0.00014962
2.19882e-10	0.000149832
2.19933e-10	0.000150044
2.19985e-10	0.000150255
2.20036e-10	0.000150467
2.20087e-10	0.000150679
2.20138e-10	0.00015089
2.2019e-10	0.000151102
2.20241e-10	0.000151314
2.20292e-10	0.000151525
2.20343e-10	0.000151737
2.20394e-10	0.000151948
2.20446e-10	0.00015216
2.20497e-10	0.000152371
2.20548e-10	0.000152583
2.20599e-10	0.000152794
2.20651e-10	0.000153005
2.20702e-10	0.000153217
2.20753e-10	0.000153428
2.20804e-10	0.000153639
2.20856e-10	0.000153851
2.20907e-10	0.000154062
2.20958e-10	0.000154273
2.21009e-10	0.000154485
2.21061e-10	0.000154696
2.21112e-10	0.000154907
2.21163e-10	0.000155118
2.21214e-10	0.000155329
2.21265e-10	0.00015554
2.21317e-10	0.000155751
2.21368e-10	0.000155963
2.21419e-10	0.000156174
2.2147e-10	0.000156385
2.21522e-10	0.000156596
2.21573e-10	0.000156807
2.21624e-10	0.000157017
2.21675e-10	0.000157228
2.21727e-10	0.000157439
2.21778e-10	0.00015765
2.21829e-10	0.000157861
2.2188e-10	0.000158072
2.21932e-10	0.000158283
2.21983e-10	0.000158493
2.22034e-10	0.000158704
2.22085e-10	0.000158915
2.22137e-10	0.000159125
2.22188e-10	0.000159336
2.22239e-10	0.000159547
2.2229e-10	0.000159757
2.22341e-10	0.000159968
2.22393e-10	0.000160178
2.22444e-10	0.000160389
2.22495e-10	0.000160599
2.22546e-10	0.00016081
2.22598e-10	0.00016102
2.22649e-10	0.000161231
2.227e-10	0.000161441
2.22751e-10	0.000161651
2.22803e-10	0.000161862
2.22854e-10	0.000162072
2.22905e-10	0.000162282
2.22956e-10	0.000162493
2.23008e-10	0.000162703
2.23059e-10	0.000162913
2.2311e-10	0.000163123
2.23161e-10	0.000163333
2.23212e-10	0.000163543
2.23264e-10	0.000163753
2.23315e-10	0.000163963
2.23366e-10	0.000164173
2.23417e-10	0.000164383
2.23469e-10	0.000164593
2.2352e-10	0.000164803
2.23571e-10	0.000165013
2.23622e-10	0.000165223
2.23674e-10	0.000165433
2.23725e-10	0.000165642
2.23776e-10	0.000165852
2.23827e-10	0.000166062
2.23879e-10	0.000166271
2.2393e-10	0.000166481
2.23981e-10	0.000166691
2.24032e-10	0.0001669
2.24083e-10	0.00016711
2.24135e-10	0.000167319
2.24186e-10	0.000167529
2.24237e-10	0.000167738
2.24288e-10	0.000167948
2.2434e-10	0.000168157
2.24391e-10	0.000168366
2.24442e-10	0.000168576
2.24493e-10	0.000168785
2.24545e-10	0.000168994
2.24596e-10	0.000169203
2.24647e-10	0.000169413
2.24698e-10	0.000169622
2.2475e-10	0.000169831
2.24801e-10	0.00017004
2.24852e-10	0.000170249
2.24903e-10	0.000170458
2.24955e-10	0.000170667
2.25006e-10	0.000170876
2.25057e-10	0.000171085
2.25108e-10	0.000171294
2.25159e-10	0.000171502
2.25211e-10	0.000171711
2.25262e-10	0.00017192
2.25313e-10	0.000172129
2.25364e-10	0.000172337
2.25416e-10	0.000172546
2.25467e-10	0.000172755
2.25518e-10	0.000172963
2.25569e-10	0.000173172
2.25621e-10	0.00017338
2.25672e-10	0.000173589
2.25723e-10	0.000173797
2.25774e-10	0.000174005
2.25826e-10	0.000174214
2.25877e-10	0.000174422
2.25928e-10	0.00017463
2.25979e-10	0.000174839
2.2603e-10	0.000175047
2.26082e-10	0.000175255
2.26133e-10	0.000175463
2.26184e-10	0.000175671
2.26235e-10	0.000175879
2.26287e-10	0.000176087
2.26338e-10	0.000176295
2.26389e-10	0.000176503
2.2644e-10	0.000176711
2.26492e-10	0.000176919
2.26543e-10	0.000177126
2.26594e-10	0.000177334
2.26645e-10	0.000177542
2.26697e-10	0.00017775
2.26748e-10	0.000177957
2.26799e-10	0.000178165
2.2685e-10	0.000178372
2.26902e-10	0.00017858
2.26953e-10	0.000178787
2.27004e-10	0.000178995
2.27055e-10	0.000179202
2.27106e-10	0.00017941
2.27158e-10	0.000179617
2.27209e-10	0.000179824
2.2726e-10	0.000180031
2.27311e-10	0.000180238
2.27363e-10	0.000180446
2.27414e-10	0.000180653
2.27465e-10	0.00018086
2.27516e-10	0.000181067
2.27568e-10	0.000181274
2.27619e-10	0.000181481
2.2767e-10	0.000181688
2.27721e-10	0.000181894
2.27773e-10	0.000182101
2.27824e-10	0.000182308
2.27875e-10	0.000182515
2.27926e-10	0.000182721
2.27977e-10	0.000182928
2.28029e-10	0.000183134
2.2808e-10	0.000183341
2.28131e-10	0.000183547
2.28182e-10	0.000183754
2.28234e-10	0.00018396
2.28285e-10	0.000184167
2.28336e-10	0.000184373
2.28387e-10	0.000184579
2.28439e-10	0.000184785
2.2849e-10	0.000184992
2.28541e-10	0.000185198
2.28592e-10	0.000185404
2.28644e-10	0.00018561
2.28695e-10	0.000185816
2.28746e-10	0.000186022
2.28797e-10	0.000186228
2.28849e-10	0.000186433
2.289e-10	0.000186639
2.28951e-10	0.000186845
2.29002e-10	0.000187051
2.29053e-10	0.000187256
2.29105e-10	0.000187462
2.29156e-10	0.000187668
2.29207e-10	0.000187873
2.29258e-10	0.000188078
2.2931e-10	0.000188284
2.29361e-10	0.000188489
2.29412e-10	0.000188695
2.29463e-10	0.0001889
2.29515e-10	0.000189105
2.29566e-10	0.00018931
2.29617e-10	0.000189515
2.29668e-10	0.00018972
2.2972e-10	0.000189925
2.29771e-10	0.00019013
2.29822e-10	0.000190335
2.29873e-10	0.00019054
2.29924e-10	0.000190745
2.29976e-10	0.00019095
2.30027e-10	0.000191155
2.30078e-10	0.000191359
2.30129e-10	0.000191564
2.30181e-10	0.000191768
2.30232e-10	0.000191973
2.30283e-10	0.000192177
2.30334e-10	0.000192382
2.30386e-10	0.000192586
2.30437e-10	0.00019279
2.30488e-10	0.000192995
2.30539e-10	0.000193199
2.30591e-10	0.000193403
2.30642e-10	0.000193607
2.30693e-10	0.000193811
2.30744e-10	0.000194015
2.30795e-10	0.000194219
2.30847e-10	0.000194423
2.30898e-10	0.000194627
2.30949e-10	0.000194831
2.31e-10	0.000195034
2.31052e-10	0.000195238
2.31103e-10	0.000195442
2.31154e-10	0.000195645
2.31205e-10	0.000195849
2.31257e-10	0.000196052
2.31308e-10	0.000196256
2.31359e-10	0.000196459
2.3141e-10	0.000196662
2.31462e-10	0.000196866
2.31513e-10	0.000197069
2.31564e-10	0.000197272
2.31615e-10	0.000197475
2.31667e-10	0.000197678
2.31718e-10	0.000197881
2.31769e-10	0.000198084
2.3182e-10	0.000198287
2.31871e-10	0.00019849
2.31923e-10	0.000198692
2.31974e-10	0.000198895
2.32025e-10	0.000199098
2.32076e-10	0.0001993
2.32128e-10	0.000199503
2.32179e-10	0.000199705
2.3223e-10	0.000199908
2.32281e-10	0.00020011
2.32333e-10	0.000200312
2.32384e-10	0.000200515
2.32435e-10	0.000200717
2.32486e-10	0.000200919
2.32538e-10	0.000201121
2.32589e-10	0.000201323
2.3264e-10	0.000201525
2.32691e-10	0.000201727
2.32742e-10	0.000201929
2.32794e-10	0.00020213
2.32845e-10	0.000202332
2.32896e-10	0.000202534
2.32947e-10	0.000202735
2.32999e-10	0.000202937
2.3305e-10	0.000203138
2.33101e-10	0.00020334
2.33152e-10	0.000203541
2.33204e-10	0.000203743
2.33255e-10	0.000203944
2.33306e-10	0.000204145
2.33357e-10	0.000204346
2.33409e-10	0.000204547
2.3346e-10	0.000204748
2.33511e-10	0.000204949
2.33562e-10	0.00020515
2.33614e-10	0.000205351
2.33665e-10	0.000205552
2.33716e-10	0.000205752
2.33767e-10	0.000205953
2.33818e-10	0.000206153
2.3387e-10	0.000206354
2.33921e-10	0.000206554
2.33972e-10	0.000206755
2.34023e-10	0.000206955
2.34075e-10	0.000207155
2.34126e-10	0.000207355
2.34177e-10	0.000207556
2.34228e-10	0.000207756
2.3428e-10	0.000207956
2.34331e-10	0.000208156
2.34382e-10	0.000208356
2.34433e-10	0.000208555
2.34485e-10	0.000208755
2.34536e-10	0.000208955
2.34587e-10	0.000209154
2.34638e-10	0.000209354
2.34689e-10	0.000209553
2.34741e-10	0.000209753
2.34792e-10	0.000209952
2.34843e-10	0.000210152
2.34894e-10	0.000210351
2.34946e-10	0.00021055
2.34997e-10	0.000210749
2.35048e-10	0.000210948
2.35099e-10	0.000211147
2.35151e-10	0.000211346
2.35202e-10	0.000211545
2.35253e-10	0.000211744
2.35304e-10	0.000211942
2.35356e-10	0.000212141
2.35407e-10	0.000212339
2.35458e-10	0.000212538
2.35509e-10	0.000212736
2.35561e-10	0.000212935
2.35612e-10	0.000213133
2.35663e-10	0.000213331
2.35714e-10	0.00021353
2.35765e-10	0.000213728
2.35817e-10	0.000213926
2.35868e-10	0.000214124
2.35919e-10	0.000214322
2.3597e-10	0.000214519
2.36022e-10	0.000214717
2.36073e-10	0.000214915
2.36124e-10	0.000215112
2.36175e-10	0.00021531
2.36227e-10	0.000215507
2.36278e-10	0.000215705
2.36329e-10	0.000215902
2.3638e-10	0.0002161
2.36432e-10	0.000216297
2.36483e-10	0.000216494
2.36534e-10	0.000216691
2.36585e-10	0.000216888
2.36636e-10	0.000217085
2.36688e-10	0.000217282
2.36739e-10	0.000217479
2.3679e-10	0.000217675
2.36841e-10	0.000217872
2.36893e-10	0.000218068
2.36944e-10	0.000218265
2.36995e-10	0.000218461
2.37046e-10	0.000218658
2.37098e-10	0.000218854
2.37149e-10	0.00021905
2.372e-10	0.000219246
2.37251e-10	0.000219442
2.37303e-10	0.000219638
2.37354e-10	0.000219834
2.37405e-10	0.00022003
2.37456e-10	0.000220226
2.37507e-10	0.000220422
2.37559e-10	0.000220617
2.3761e-10	0.000220813
2.37661e-10	0.000221008
2.37712e-10	0.000221204
2.37764e-10	0.000221399
2.37815e-10	0.000221594
2.37866e-10	0.00022179
2.37917e-10	0.000221985
2.37969e-10	0.00022218
2.3802e-10	0.000222375
2.38071e-10	0.00022257
2.38122e-10	0.000222765
2.38174e-10	0.000222959
2.38225e-10	0.000223154
2.38276e-10	0.000223349
2.38327e-10	0.000223543
2.38379e-10	0.000223737
2.3843e-10	0.000223932
2.38481e-10	0.000224126
2.38532e-10	0.00022432
2.38583e-10	0.000224515
2.38635e-10	0.000224709
2.38686e-10	0.000224903
2.38737e-10	0.000225096
2.38788e-10	0.00022529
2.3884e-10	0.000225484
2.38891e-10	0.000225678
2.38942e-10	0.000225871
2.38993e-10	0.000226065
2.39045e-10	0.000226258
2.39096e-10	0.000226452
2.39147e-10	0.000226645
2.39198e-10	0.000226838
2.3925e-10	0.000227031
2.39301e-10	0.000227224
2.39352e-10	0.000227417
2.39403e-10	0.00022761
2.39454e-10	0.000227803
2.39506e-10	0.000227996
2.39557e-10	0.000228188
2.39608e-10	0.000228381
2.39659e-10	0.000228574
2.39711e-10	0.000228766
2.39762e-10	0.000228958
2.39813e-10	0.000229151
2.39864e-10	0.000229343
2.39916e-10	0.000229535
2.39967e-10	0.000229727
2.40018e-10	0.000229919
2.40069e-10	0.000230111
2.40121e-10	0.000230302
2.40172e-10	0.000230494
2.40223e-10	0.000230686
2.40274e-10	0.000230877
2.40326e-10	0.000231069
2.40377e-10	0.00023126
2.40428e-10	0.000231451
2.40479e-10	0.000231643
2.4053e-10	0.000231834
2.40582e-10	0.000232025
2.40633e-10	0.000232216
2.40684e-10	0.000232407
2.40735e-10	0.000232597
2.40787e-10	0.000232788
2.40838e-10	0.000232979
2.40889e-10	0.000233169
2.4094e-10	0.00023336
2.40992e-10	0.00023355
2.41043e-10	0.00023374
2.41094e-10	0.000233931
2.41145e-10	0.000234121
2.41197e-10	0.000234311
2.41248e-10	0.000234501
2.41299e-10	0.000234691
2.4135e-10	0.00023488
2.41401e-10	0.00023507
2.41453e-10	0.00023526
2.41504e-10	0.000235449
2.41555e-10	0.000235639
2.41606e-10	0.000235828
2.41658e-10	0.000236017
2.41709e-10	0.000236206
2.4176e-10	0.000236396
2.41811e-10	0.000236585
2.41863e-10	0.000236774
2.41914e-10	0.000236962
2.41965e-10	0.000237151
2.42016e-10	0.00023734
2.42068e-10	0.000237528
2.42119e-10	0.000237717
2.4217e-10	0.000237905
2.42221e-10	0.000238094
2.42273e-10	0.000238282
2.42324e-10	0.00023847
2.42375e-10	0.000238658
2.42426e-10	0.000238846
2.42477e-10	0.000239034
2.42529e-10	0.000239222
2.4258e-10	0.000239409
2.42631e-10	0.000239597
2.42682e-10	0.000239785
2.42734e-10	0.000239972
2.42785e-10	0.000240159
2.42836e-10	0.000240347
2.42887e-10	0.000240534
2.42939e-10	0.000240721
2.4299e-10	0.000240908
2.43041e-10	0.000241095
2.43092e-10	0.000241282
2.43144e-10	0.000241468
2.43195e-10	0.000241655
2.43246e-10	0.000241841
2.43297e-10	0.000242028
2.43348e-10	0.000242214
2.434e-10	0.000242401
2.43451e-10	0.000242587
2.43502e-10	0.000242773
2.43553e-10	0.000242959
2.43605e-10	0.000243145
2.43656e-10	0.000243331
2.43707e-10	0.000243516
2.43758e-10	0.000243702
2.4381e-10	0.000243887
2.43861e-10	0.000244073
2.43912e-10	0.000244258
2.43963e-10	0.000244443
2.44015e-10	0.000244629
2.44066e-10	0.000244814
2.44117e-10	0.000244999
2.44168e-10	0.000245184
2.44219e-10	0.000245368
2.44271e-10	0.000245553
2.44322e-10	0.000245738
2.44373e-10	0.000245922
2.44424e-10	0.000246107
2.44476e-10	0.000246291
2.44527e-10	0.000246475
2.44578e-10	0.000246659
2.44629e-10	0.000246843
2.44681e-10	0.000247027
2.44732e-10	0.000247211
2.44783e-10	0.000247395
2.44834e-10	0.000247578
2.44886e-10	0.000247762
2.44937e-10	0.000247946
2.44988e-10	0.000248129
2.45039e-10	0.000248312
2.45091e-10	0.000248495
2.45142e-10	0.000248678
2.45193e-10	0.000248861
2.45244e-10	0.000249044
2.45295e-10	0.000249227
2.45347e-10	0.00024941
2.45398e-10	0.000249592
2.45449e-10	0.000249775
2.455e-10	0.000249957
2.45552e-10	0.00025014
2.45603e-10	0.000250322
2.45654e-10	0.000250504
2.45705e-10	0.000250686
2.45757e-10	0.000250868
2.45808e-10	0.00025105
2.45859e-10	0.000251231
2.4591e-10	0.000251413
2.45962e-10	0.000251594
2.46013e-10	0.000251776
2.46064e-10	0.000251957
2.46115e-10	0.000252138
2.46166e-10	0.00025232
2.46218e-10	0.000252501
2.46269e-10	0.000252681
2.4632e-10	0.000252862
2.46371e-10	0.000253043
2.46423e-10	0.000253224
2.46474e-10	0.000253404
2.46525e-10	0.000253585
2.46576e-10	0.000253765
2.46628e-10	0.000253945
2.46679e-10	0.000254125
2.4673e-10	0.000254305
2.46781e-10	0.000254485
2.46833e-10	0.000254665
2.46884e-10	0.000254845
2.46935e-10	0.000255024
2.46986e-10	0.000255204
2.47038e-10	0.000255383
2.47089e-10	0.000255563
2.4714e-10	0.000255742
2.47191e-10	0.000255921
2.47242e-10	0.0002561
2.47294e-10	0.000256279
2.47345e-10	0.000256458
2.47396e-10	0.000256636
2.47447e-10	0.000256815
2.47499e-10	0.000256993
2.4755e-10	0.000257172
2.47601e-10	0.00025735
2.47652e-10	0.000257528
2.47704e-10	0.000257706
2.47755e-10	0.000257884
2.47806e-10	0.000258062
2.47857e-10	0.00025824
2.47909e-10	0.000258417
2.4796e-10	0.000258595
2.48011e-10	0.000258772
2.48062e-10	0.00025895
2.48113e-10	0.000259127
2.48165e-10	0.000259304
2.48216e-10	0.000259481
2.48267e-10	0.000259658
2.48318e-10	0.000259835
2.4837e-10	0.000260011
2.48421e-10	0.000260188
2.48472e-10	0.000260365
2.48523e-10	0.000260541
2.48575e-10	0.000260717
2.48626e-10	0.000260893
2.48677e-10	0.000261069
2.48728e-10	0.000261245
2.4878e-10	0.000261421
2.48831e-10	0.000261597
2.48882e-10	0.000261773
2.48933e-10	0.000261948
2.48985e-10	0.000262124
2.49036e-10	0.000262299
2.49087e-10	0.000262474
2.49138e-10	0.000262649
2.49189e-10	0.000262824
2.49241e-10	0.000262999
2.49292e-10	0.000263174
2.49343e-10	0.000263348
2.49394e-10	0.000263523
2.49446e-10	0.000263697
2.49497e-10	0.000263872
2.49548e-10	0.000264046
2.49599e-10	0.00026422
2.49651e-10	0.000264394
2.49702e-10	0.000264568
2.49753e-10	0.000264742
2.49804e-10	0.000264915
2.49856e-10	0.000265089
2.49907e-10	0.000265262
2.49958e-10	0.000265436
2.50009e-10	0.000265609
2.5006e-10	0.000265782
2.50112e-10	0.000265955
2.50163e-10	0.000266128
2.50214e-10	0.000266301
2.50265e-10	0.000266473
2.50317e-10	0.000266646
2.50368e-10	0.000266818
2.50419e-10	0.000266991
2.5047e-10	0.000267163
2.50522e-10	0.000267335
2.50573e-10	0.000267507
2.50624e-10	0.000267679
2.50675e-10	0.00026785
2.50727e-10	0.000268022
2.50778e-10	0.000268194
2.50829e-10	0.000268365
2.5088e-10	0.000268536
2.50932e-10	0.000268708
2.50983e-10	0.000268879
2.51034e-10	0.00026905
2.51085e-10	0.00026922
2.51136e-10	0.000269391
2.51188e-10	0.000269562
2.51239e-10	0.000269732
2.5129e-10	0.000269903
2.51341e-10	0.000270073
2.51393e-10	0.000270243
2.51444e-10	0.000270413
2.51495e-10	0.000270583
2.51546e-10	0.000270753
2.51598e-10	0.000270923
2.51649e-10	0.000271092
2.517e-10	0.000271262
2.51751e-10	0.000271431
2.51803e-10	0.0002716
2.51854e-10	0.000271769
2.51905e-10	0.000271938
2.51956e-10	0.000272107
2.52007e-10	0.000272276
2.52059e-10	0.000272445
2.5211e-10	0.000272613
2.52161e-10	0.000272782
2.52212e-10	0.00027295
2.52264e-10	0.000273118
2.52315e-10	0.000273286
2.52366e-10	0.000273454
2.52417e-10	0.000273622
2.52469e-10	0.00027379
2.5252e-10	0.000273957
2.52571e-10	0.000274125
2.52622e-10	0.000274292
2.52674e-10	0.000274459
2.52725e-10	0.000274626
2.52776e-10	0.000274793
2.52827e-10	0.00027496
2.52878e-10	0.000275127
2.5293e-10	0.000275293
2.52981e-10	0.00027546
2.53032e-10	0.000275626
2.53083e-10	0.000275793
2.53135e-10	0.000275959
2.53186e-10	0.000276125
2.53237e-10	0.000276291
2.53288e-10	0.000276456
2.5334e-10	0.000276622
2.53391e-10	0.000276788
2.53442e-10	0.000276953
2.53493e-10	0.000277118
2.53545e-10	0.000277284
2.53596e-10	0.000277449
2.53647e-10	0.000277614
2.53698e-10	0.000277778
2.5375e-10	0.000277943
2.53801e-10	0.000278108
2.53852e-10	0.000278272
2.53903e-10	0.000278436
2.53954e-10	0.000278601
2.54006e-10	0.000278765
2.54057e-10	0.000278929
2.54108e-10	0.000279092
2.54159e-10	0.000279256
2.54211e-10	0.00027942
2.54262e-10	0.000279583
2.54313e-10	0.000279747
2.54364e-10	0.00027991
2.54416e-10	0.000280073
2.54467e-10	0.000280236
2.54518e-10	0.000280399
2.54569e-10	0.000280561
2.54621e-10	0.000280724
2.54672e-10	0.000280886
2.54723e-10	0.000281049
2.54774e-10	0.000281211
2.54825e-10	0.000281373
2.54877e-10	0.000281535
2.54928e-10	0.000281697
2.54979e-10	0.000281858
2.5503e-10	0.00028202
2.55082e-10	0.000282181
2.55133e-10	0.000282343
2.55184e-10	0.000282504
2.55235e-10	0.000282665
2.55287e-10	0.000282826
2.55338e-10	0.000282987
2.55389e-10	0.000283148
2.5544e-10	0.000283308
2.55492e-10	0.000283469
2.55543e-10	0.000283629
2.55594e-10	0.000283789
2.55645e-10	0.000283949
2.55697e-10	0.000284109
2.55748e-10	0.000284269
2.55799e-10	0.000284428
2.5585e-10	0.000284588
2.55901e-10	0.000284747
2.55953e-10	0.000284907
2.56004e-10	0.000285066
2.56055e-10	0.000285225
2.56106e-10	0.000285384
2.56158e-10	0.000285542
2.56209e-10	0.000285701
2.5626e-10	0.00028586
2.56311e-10	0.000286018
2.56363e-10	0.000286176
2.56414e-10	0.000286334
2.56465e-10	0.000286492
2.56516e-10	0.00028665
2.56568e-10	0.000286808
2.56619e-10	0.000286965
2.5667e-10	0.000287123
2.56721e-10	0.00028728
2.56772e-10	0.000287437
2.56824e-10	0.000287595
2.56875e-10	0.000287751
2.56926e-10	0.000287908
2.56977e-10	0.000288065
2.57029e-10	0.000288221
2.5708e-10	0.000288378
2.57131e-10	0.000288534
2.57182e-10	0.00028869
2.57234e-10	0.000288846
2.57285e-10	0.000289002
2.57336e-10	0.000289158
2.57387e-10	0.000289313
2.57439e-10	0.000289469
2.5749e-10	0.000289624
2.57541e-10	0.000289779
2.57592e-10	0.000289935
2.57644e-10	0.000290089
2.57695e-10	0.000290244
2.57746e-10	0.000290399
2.57797e-10	0.000290553
2.57848e-10	0.000290708
2.579e-10	0.000290862
2.57951e-10	0.000291016
2.58002e-10	0.00029117
2.58053e-10	0.000291324
2.58105e-10	0.000291478
2.58156e-10	0.000291631
2.58207e-10	0.000291785
2.58258e-10	0.000291938
2.5831e-10	0.000292091
2.58361e-10	0.000292244
2.58412e-10	0.000292397
2.58463e-10	0.00029255
2.58515e-10	0.000292703
2.58566e-10	0.000292855
2.58617e-10	0.000293008
2.58668e-10	0.00029316
2.58719e-10	0.000293312
2.58771e-10	0.000293464
2.58822e-10	0.000293616
2.58873e-10	0.000293767
2.58924e-10	0.000293919
2.58976e-10	0.00029407
2.59027e-10	0.000294222
2.59078e-10	0.000294373
2.59129e-10	0.000294524
2.59181e-10	0.000294675
2.59232e-10	0.000294825
2.59283e-10	0.000294976
2.59334e-10	0.000295126
2.59386e-10	0.000295277
2.59437e-10	0.000295427
2.59488e-10	0.000295577
2.59539e-10	0.000295727
2.5959e-10	0.000295876
2.59642e-10	0.000296026
2.59693e-10	0.000296175
2.59744e-10	0.000296325
2.59795e-10	0.000296474
2.59847e-10	0.000296623
2.59898e-10	0.000296772
2.59949e-10	0.000296921
2.6e-10	0.000297069
2.60052e-10	0.000297218
2.60103e-10	0.000297366
2.60154e-10	0.000297514
2.60205e-10	0.000297662
2.60257e-10	0.00029781
2.60308e-10	0.000297958
2.60359e-10	0.000298105
2.6041e-10	0.000298253
2.60462e-10	0.0002984
2.60513e-10	0.000298547
2.60564e-10	0.000298695
2.60615e-10	0.000298841
2.60666e-10	0.000298988
2.60718e-10	0.000299135
2.60769e-10	0.000299281
2.6082e-10	0.000299428
2.60871e-10	0.000299574
2.60923e-10	0.00029972
2.60974e-10	0.000299866
2.61025e-10	0.000300012
2.61076e-10	0.000300157
2.61128e-10	0.000300303
2.61179e-10	0.000300448
2.6123e-10	0.000300593
2.61281e-10	0.000300738
2.61333e-10	0.000300883
2.61384e-10	0.000301028
2.61435e-10	0.000301172
2.61486e-10	0.000301317
2.61537e-10	0.000301461
2.61589e-10	0.000301605
2.6164e-10	0.000301749
2.61691e-10	0.000301893
2.61742e-10	0.000302037
2.61794e-10	0.000302181
2.61845e-10	0.000302324
2.61896e-10	0.000302467
2.61947e-10	0.00030261
2.61999e-10	0.000302753
2.6205e-10	0.000302896
2.62101e-10	0.000303039
2.62152e-10	0.000303182
2.62204e-10	0.000303324
2.62255e-10	0.000303466
2.62306e-10	0.000303608
2.62357e-10	0.00030375
2.62409e-10	0.000303892
2.6246e-10	0.000304034
2.62511e-10	0.000304175
2.62562e-10	0.000304317
2.62613e-10	0.000304458
2.62665e-10	0.000304599
2.62716e-10	0.00030474
2.62767e-10	0.000304881
2.62818e-10	0.000305021
2.6287e-10	0.000305162
2.62921e-10	0.000305302
2.62972e-10	0.000305442
2.63023e-10	0.000305582
2.63075e-10	0.000305722
2.63126e-10	0.000305862
2.63177e-10	0.000306002
2.63228e-10	0.000306141
2.6328e-10	0.00030628
2.63331e-10	0.000306419
2.63382e-10	0.000306558
2.63433e-10	0.000306697
2.63484e-10	0.000306836
2.63536e-10	0.000306974
2.63587e-10	0.000307113
2.63638e-10	0.000307251
2.63689e-10	0.000307389
2.63741e-10	0.000307527
2.63792e-10	0.000307665
2.63843e-10	0.000307802
2.63894e-10	0.00030794
2.63946e-10	0.000308077
2.63997e-10	0.000308214
2.64048e-10	0.000308351
2.64099e-10	0.000308488
2.64151e-10	0.000308625
2.64202e-10	0.000308761
2.64253e-10	0.000308898
2.64304e-10	0.000309034
2.64356e-10	0.00030917
2.64407e-10	0.000309306
2.64458e-10	0.000309442
2.64509e-10	0.000309578
2.6456e-10	0.000309713
2.64612e-10	0.000309848
2.64663e-10	0.000309983
2.64714e-10	0.000310118
2.64765e-10	0.000310253
2.64817e-10	0.000310388
2.64868e-10	0.000310523
2.64919e-10	0.000310657
2.6497e-10	0.000310791
2.65022e-10	0.000310925
2.65073e-10	0.000311059
2.65124e-10	0.000311193
2.65175e-10	0.000311327
2.65227e-10	0.00031146
2.65278e-10	0.000311593
2.65329e-10	0.000311727
2.6538e-10	0.000311859
2.65431e-10	0.000311992
2.65483e-10	0.000312125
2.65534e-10	0.000312257
2.65585e-10	0.00031239
2.65636e-10	0.000312522
2.65688e-10	0.000312654
2.65739e-10	0.000312786
2.6579e-10	0.000312918
2.65841e-10	0.000313049
2.65893e-10	0.000313181
2.65944e-10	0.000313312
2.65995e-10	0.000313443
2.66046e-10	0.000313574
2.66098e-10	0.000313705
2.66149e-10	0.000313835
2.662e-10	0.000313966
2.66251e-10	0.000314096
2.66302e-10	0.000314226
2.66354e-10	0.000314356
2.66405e-10	0.000314486
2.66456e-10	0.000314616
2.66507e-10	0.000314745
2.66559e-10	0.000314875
2.6661e-10	0.000315004
2.66661e-10	0.000315133
2.66712e-10	0.000315262
2.66764e-10	0.000315391
2.66815e-10	0.000315519
2.66866e-10	0.000315647
2.66917e-10	0.000315776
2.66969e-10	0.000315904
2.6702e-10	0.000316032
2.67071e-10	0.000316159
2.67122e-10	0.000316287
2.67174e-10	0.000316414
2.67225e-10	0.000316542
2.67276e-10	0.000316669
2.67327e-10	0.000316796
2.67378e-10	0.000316923
2.6743e-10	0.000317049
2.67481e-10	0.000317176
2.67532e-10	0.000317302
2.67583e-10	0.000317428
2.67635e-10	0.000317554
2.67686e-10	0.00031768
2.67737e-10	0.000317805
2.67788e-10	0.000317931
2.6784e-10	0.000318056
2.67891e-10	0.000318181
2.67942e-10	0.000318306
2.67993e-10	0.000318431
2.68045e-10	0.000318556
2.68096e-10	0.00031868
2.68147e-10	0.000318805
2.68198e-10	0.000318929
2.68249e-10	0.000319053
2.68301e-10	0.000319177
2.68352e-10	0.0003193
2.68403e-10	0.000319424
2.68454e-10	0.000319547
2.68506e-10	0.00031967
2.68557e-10	0.000319793
2.68608e-10	0.000319916
2.68659e-10	0.000320039
2.68711e-10	0.000320161
2.68762e-10	0.000320284
2.68813e-10	0.000320406
2.68864e-10	0.000320528
2.68916e-10	0.00032065
2.68967e-10	0.000320771
2.69018e-10	0.000320893
2.69069e-10	0.000321014
2.69121e-10	0.000321136
2.69172e-10	0.000321257
2.69223e-10	0.000321377
2.69274e-10	0.000321498
2.69325e-10	0.000321619
2.69377e-10	0.000321739
2.69428e-10	0.000321859
2.69479e-10	0.000321979
2.6953e-10	0.000322099
2.69582e-10	0.000322219
2.69633e-10	0.000322338
2.69684e-10	0.000322458
2.69735e-10	0.000322577
2.69787e-10	0.000322696
2.69838e-10	0.000322815
2.69889e-10	0.000322933
2.6994e-10	0.000323052
2.69992e-10	0.00032317
2.70043e-10	0.000323288
2.70094e-10	0.000323406
2.70145e-10	0.000323524
2.70196e-10	0.000323642
2.70248e-10	0.000323759
2.70299e-10	0.000323876
2.7035e-10	0.000323994
2.70401e-10	0.000324111
2.70453e-10	0.000324227
2.70504e-10	0.000324344
2.70555e-10	0.00032446
2.70606e-10	0.000324577
2.70658e-10	0.000324693
2.70709e-10	0.000324809
2.7076e-10	0.000324925
2.70811e-10	0.00032504
2.70863e-10	0.000325156
2.70914e-10	0.000325271
2.70965e-10	0.000325386
2.71016e-10	0.000325501
2.71068e-10	0.000325616
2.71119e-10	0.00032573
2.7117e-10	0.000325845
2.71221e-10	0.000325959
2.71272e-10	0.000326073
2.71324e-10	0.000326187
2.71375e-10	0.0003263
2.71426e-10	0.000326414
2.71477e-10	0.000326527
2.71529e-10	0.00032664
2.7158e-10	0.000326753
2.71631e-10	0.000326866
2.71682e-10	0.000326979
2.71734e-10	0.000327091
2.71785e-10	0.000327204
2.71836e-10	0.000327316
2.71887e-10	0.000327428
2.71939e-10	0.00032754
2.7199e-10	0.000327651
2.72041e-10	0.000327763
2.72092e-10	0.000327874
2.72143e-10	0.000327985
2.72195e-10	0.000328096
2.72246e-10	0.000328207
2.72297e-10	0.000328317
2.72348e-10	0.000328428
2.724e-10	0.000328538
2.72451e-10	0.000328648
2.72502e-10	0.000328758
2.72553e-10	0.000328868
2.72605e-10	0.000328977
2.72656e-10	0.000329086
2.72707e-10	0.000329196
2.72758e-10	0.000329305
2.7281e-10	0.000329413
2.72861e-10	0.000329522
2.72912e-10	0.00032963
2.72963e-10	0.000329739
2.73014e-10	0.000329847
2.73066e-10	0.000329955
2.73117e-10	0.000330062
2.73168e-10	0.00033017
2.73219e-10	0.000330277
2.73271e-10	0.000330385
2.73322e-10	0.000330492
2.73373e-10	0.000330599
2.73424e-10	0.000330705
2.73476e-10	0.000330812
2.73527e-10	0.000330918
2.73578e-10	0.000331024
2.73629e-10	0.00033113
2.73681e-10	0.000331236
2.73732e-10	0.000331342
2.73783e-10	0.000331447
2.73834e-10	0.000331552
2.73886e-10	0.000331657
2.73937e-10	0.000331762
2.73988e-10	0.000331867
2.74039e-10	0.000331971
2.7409e-10	0.000332076
2.74142e-10	0.00033218
2.74193e-10	0.000332284
2.74244e-10	0.000332388
2.74295e-10	0.000332491
2.74347e-10	0.000332595
2.74398e-10	0.000332698
2.74449e-10	0.000332801
2.745e-10	0.000332904
2.74552e-10	0.000333007
2.74603e-10	0.000333109
2.74654e-10	0.000333212
2.74705e-10	0.000333314
2.74757e-10	0.000333416
2.74808e-10	0.000333517
2.74859e-10	0.000333619
2.7491e-10	0.000333721
2.74961e-10	0.000333822
2.75013e-10	0.000333923
2.75064e-10	0.000334024
2.75115e-10	0.000334125
2.75166e-10	0.000334225
2.75218e-10	0.000334325
2.75269e-10	0.000334426
2.7532e-10	0.000334526
2.75371e-10	0.000334625
2.75423e-10	0.000334725
2.75474e-10	0.000334824
2.75525e-10	0.000334924
2.75576e-10	0.000335023
2.75628e-10	0.000335122
2.75679e-10	0.00033522
2.7573e-10	0.000335319
2.75781e-10	0.000335417
2.75833e-10	0.000335515
2.75884e-10	0.000335613
2.75935e-10	0.000335711
2.75986e-10	0.000335808
2.76037e-10	0.000335906
2.76089e-10	0.000336003
2.7614e-10	0.0003361
2.76191e-10	0.000336197
2.76242e-10	0.000336294
2.76294e-10	0.00033639
2.76345e-10	0.000336486
2.76396e-10	0.000336582
2.76447e-10	0.000336678
2.76499e-10	0.000336774
2.7655e-10	0.00033687
2.76601e-10	0.000336965
2.76652e-10	0.00033706
2.76704e-10	0.000337155
2.76755e-10	0.00033725
2.76806e-10	0.000337345
2.76857e-10	0.000337439
2.76908e-10	0.000337533
2.7696e-10	0.000337627
2.77011e-10	0.000337721
2.77062e-10	0.000337815
2.77113e-10	0.000337908
2.77165e-10	0.000338001
2.77216e-10	0.000338095
2.77267e-10	0.000338188
2.77318e-10	0.00033828
2.7737e-10	0.000338373
2.77421e-10	0.000338465
2.77472e-10	0.000338557
2.77523e-10	0.000338649
2.77575e-10	0.000338741
2.77626e-10	0.000338833
2.77677e-10	0.000338924
2.77728e-10	0.000339015
2.7778e-10	0.000339106
2.77831e-10	0.000339197
2.77882e-10	0.000339288
2.77933e-10	0.000339378
2.77984e-10	0.000339468
2.78036e-10	0.000339559
2.78087e-10	0.000339648
2.78138e-10	0.000339738
2.78189e-10	0.000339828
2.78241e-10	0.000339917
2.78292e-10	0.000340006
2.78343e-10	0.000340095
2.78394e-10	0.000340184
2.78446e-10	0.000340272
2.78497e-10	0.000340361
2.78548e-10	0.000340449
2.78599e-10	0.000340537
2.78651e-10	0.000340624
2.78702e-10	0.000340712
2.78753e-10	0.000340799
2.78804e-10	0.000340887
2.78855e-10	0.000340974
2.78907e-10	0.00034106
2.78958e-10	0.000341147
2.79009e-10	0.000341234
2.7906e-10	0.00034132
2.79112e-10	0.000341406
2.79163e-10	0.000341492
2.79214e-10	0.000341577
2.79265e-10	0.000341663
2.79317e-10	0.000341748
2.79368e-10	0.000341833
2.79419e-10	0.000341918
2.7947e-10	0.000342003
2.79522e-10	0.000342087
2.79573e-10	0.000342172
2.79624e-10	0.000342256
2.79675e-10	0.00034234
2.79726e-10	0.000342423
2.79778e-10	0.000342507
2.79829e-10	0.00034259
2.7988e-10	0.000342673
2.79931e-10	0.000342756
2.79983e-10	0.000342839
2.80034e-10	0.000342921
2.80085e-10	0.000343004
2.80136e-10	0.000343086
2.80188e-10	0.000343168
2.80239e-10	0.00034325
2.8029e-10	0.000343331
2.80341e-10	0.000343413
2.80393e-10	0.000343494
2.80444e-10	0.000343575
2.80495e-10	0.000343656
2.80546e-10	0.000343736
2.80598e-10	0.000343817
2.80649e-10	0.000343897
2.807e-10	0.000343977
2.80751e-10	0.000344057
2.80802e-10	0.000344136
2.80854e-10	0.000344216
2.80905e-10	0.000344295
2.80956e-10	0.000344374
2.81007e-10	0.000344453
2.81059e-10	0.000344531
2.8111e-10	0.00034461
2.81161e-10	0.000344688
2.81212e-10	0.000344766
2.81264e-10	0.000344844
2.81315e-10	0.000344921
2.81366e-10	0.000344999
2.81417e-10	0.000345076
2.81469e-10	0.000345153
2.8152e-10	0.00034523
2.81571e-10	0.000345307
2.81622e-10	0.000345383
2.81673e-10	0.000345459
2.81725e-10	0.000345535
2.81776e-10	0.000345611
2.81827e-10	0.000345687
2.81878e-10	0.000345762
2.8193e-10	0.000345837
2.81981e-10	0.000345912
2.82032e-10	0.000345987
2.82083e-10	0.000346062
2.82135e-10	0.000346136
2.82186e-10	0.000346211
2.82237e-10	0.000346285
2.82288e-10	0.000346358
2.8234e-10	0.000346432
2.82391e-10	0.000346506
2.82442e-10	0.000346579
2.82493e-10	0.000346652
2.82545e-10	0.000346725
2.82596e-10	0.000346797
2.82647e-10	0.00034687
2.82698e-10	0.000346942
2.82749e-10	0.000347014
2.82801e-10	0.000347086
2.82852e-10	0.000347157
2.82903e-10	0.000347229
2.82954e-10	0.0003473
2.83006e-10	0.000347371
2.83057e-10	0.000347442
2.83108e-10	0.000347512
2.83159e-10	0.000347583
2.83211e-10	0.000347653
2.83262e-10	0.000347723
2.83313e-10	0.000347793
2.83364e-10	0.000347862
2.83416e-10	0.000347932
2.83467e-10	0.000348001
2.83518e-10	0.00034807
2.83569e-10	0.000348139
2.8362e-10	0.000348207
2.83672e-10	0.000348276
2.83723e-10	0.000348344
2.83774e-10	0.000348412
2.83825e-10	0.00034848
2.83877e-10	0.000348547
2.83928e-10	0.000348614
2.83979e-10	0.000348682
2.8403e-10	0.000348749
2.84082e-10	0.000348815
2.84133e-10	0.000348882
2.84184e-10	0.000348948
2.84235e-10	0.000349014
2.84287e-10	0.00034908
2.84338e-10	0.000349146
2.84389e-10	0.000349211
2.8444e-10	0.000349277
2.84492e-10	0.000349342
2.84543e-10	0.000349407
2.84594e-10	0.000349471
2.84645e-10	0.000349536
2.84696e-10	0.0003496
2.84748e-10	0.000349664
2.84799e-10	0.000349728
2.8485e-10	0.000349792
2.84901e-10	0.000349855
2.84953e-10	0.000349918
2.85004e-10	0.000349981
2.85055e-10	0.000350044
2.85106e-10	0.000350107
2.85158e-10	0.000350169
2.85209e-10	0.000350231
2.8526e-10	0.000350293
2.85311e-10	0.000350355
2.85363e-10	0.000350417
2.85414e-10	0.000350478
2.85465e-10	0.000350539
2.85516e-10	0.0003506
2.85567e-10	0.000350661
2.85619e-10	0.000350722
2.8567e-10	0.000350782
2.85721e-10	0.000350842
2.85772e-10	0.000350902
2.85824e-10	0.000350962
2.85875e-10	0.000351021
2.85926e-10	0.00035108
2.85977e-10	0.000351139
2.86029e-10	0.000351198
2.8608e-10	0.000351257
2.86131e-10	0.000351315
2.86182e-10	0.000351374
2.86234e-10	0.000351432
2.86285e-10	0.000351489
2.86336e-10	0.000351547
2.86387e-10	0.000351604
2.86439e-10	0.000351662
2.8649e-10	0.000351719
2.86541e-10	0.000351775
2.86592e-10	0.000351832
2.86643e-10	0.000351888
2.86695e-10	0.000351944
2.86746e-10	0.000352
2.86797e-10	0.000352056
2.86848e-10	0.000352111
2.869e-10	0.000352167
2.86951e-10	0.000352222
2.87002e-10	0.000352277
2.87053e-10	0.000352331
2.87105e-10	0.000352386
2.87156e-10	0.00035244
2.87207e-10	0.000352494
2.87258e-10	0.000352548
2.8731e-10	0.000352601
2.87361e-10	0.000352655
2.87412e-10	0.000352708
2.87463e-10	0.000352761
2.87514e-10	0.000352814
2.87566e-10	0.000352866
2.87617e-10	0.000352918
2.87668e-10	0.000352971
2.87719e-10	0.000353022
2.87771e-10	0.000353074
2.87822e-10	0.000353126
2.87873e-10	0.000353177
2.87924e-10	0.000353228
2.87976e-10	0.000353279
2.88027e-10	0.000353329
2.88078e-10	0.00035338
2.88129e-10	0.00035343
2.88181e-10	0.00035348
2.88232e-10	0.00035353
2.88283e-10	0.000353579
2.88334e-10	0.000353629
2.88385e-10	0.000353678
2.88437e-10	0.000353727
2.88488e-10	0.000353775
2.88539e-10	0.000353824
2.8859e-10	0.000353872
2.88642e-10	0.00035392
2.88693e-10	0.000353968
2.88744e-10	0.000354015
2.88795e-10	0.000354063
2.88847e-10	0.00035411
2.88898e-10	0.000354157
2.88949e-10	0.000354204
2.89e-10	0.00035425
2.89052e-10	0.000354296
2.89103e-10	0.000354343
2.89154e-10	0.000354388
2.89205e-10	0.000354434
2.89257e-10	0.00035448
2.89308e-10	0.000354525
2.89359e-10	0.00035457
2.8941e-10	0.000354615
2.89461e-10	0.000354659
2.89513e-10	0.000354704
2.89564e-10	0.000354748
2.89615e-10	0.000354792
2.89666e-10	0.000354835
2.89718e-10	0.000354879
2.89769e-10	0.000354922
2.8982e-10	0.000354965
2.89871e-10	0.000355008
2.89923e-10	0.000355051
2.89974e-10	0.000355093
2.90025e-10	0.000355135
2.90076e-10	0.000355177
2.90128e-10	0.000355219
2.90179e-10	0.00035526
2.9023e-10	0.000355302
2.90281e-10	0.000355343
2.90332e-10	0.000355384
2.90384e-10	0.000355424
2.90435e-10	0.000355465
2.90486e-10	0.000355505
2.90537e-10	0.000355545
2.90589e-10	0.000355585
2.9064e-10	0.000355624
2.90691e-10	0.000355664
2.90742e-10	0.000355703
2.90794e-10	0.000355742
2.90845e-10	0.00035578
2.90896e-10	0.000355819
2.90947e-10	0.000355857
2.90999e-10	0.000355895
2.9105e-10	0.000355933
2.91101e-10	0.000355971
2.91152e-10	0.000356008
2.91204e-10	0.000356045
2.91255e-10	0.000356082
2.91306e-10	0.000356119
2.91357e-10	0.000356155
2.91408e-10	0.000356192
2.9146e-10	0.000356228
2.91511e-10	0.000356263
2.91562e-10	0.000356299
2.91613e-10	0.000356334
2.91665e-10	0.00035637
2.91716e-10	0.000356404
2.91767e-10	0.000356439
2.91818e-10	0.000356474
2.9187e-10	0.000356508
2.91921e-10	0.000356542
2.91972e-10	0.000356576
2.92023e-10	0.000356609
2.92075e-10	0.000356643
2.92126e-10	0.000356676
2.92177e-10	0.000356709
2.92228e-10	0.000356742
2.92279e-10	0.000356774
2.92331e-10	0.000356806
2.92382e-10	0.000356838
2.92433e-10	0.00035687
2.92484e-10	0.000356902
2.92536e-10	0.000356933
2.92587e-10	0.000356964
2.92638e-10	0.000356995
2.92689e-10	0.000357026
2.92741e-10	0.000357057
2.92792e-10	0.000357087
2.92843e-10	0.000357117
2.92894e-10	0.000357147
2.92946e-10	0.000357176
2.92997e-10	0.000357206
2.93048e-10	0.000357235
2.93099e-10	0.000357264
2.93151e-10	0.000357292
2.93202e-10	0.000357321
2.93253e-10	0.000357349
2.93304e-10	0.000357377
2.93355e-10	0.000357405
2.93407e-10	0.000357432
2.93458e-10	0.00035746
2.93509e-10	0.000357487
2.9356e-10	0.000357514
2.93612e-10	0.00035754
2.93663e-10	0.000357567
2.93714e-10	0.000357593
2.93765e-10	0.000357619
2.93817e-10	0.000357645
2.93868e-10	0.00035767
2.93919e-10	0.000357696
2.9397e-10	0.000357721
2.94022e-10	0.000357746
2.94073e-10	0.00035777
2.94124e-10	0.000357795
2.94175e-10	0.000357819
2.94226e-10	0.000357843
2.94278e-10	0.000357867
2.94329e-10	0.00035789
2.9438e-10	0.000357913
2.94431e-10	0.000357936
2.94483e-10	0.000357959
2.94534e-10	0.000357982
2.94585e-10	0.000358004
2.94636e-10	0.000358026
2.94688e-10	0.000358048
2.94739e-10	0.00035807
2.9479e-10	0.000358091
2.94841e-10	0.000358113
2.94893e-10	0.000358134
2.94944e-10	0.000358155
2.94995e-10	0.000358175
2.95046e-10	0.000358195
2.95097e-10	0.000358216
2.95149e-10	0.000358235
2.952e-10	0.000358255
2.95251e-10	0.000358274
2.95302e-10	0.000358294
2.95354e-10	0.000358313
2.95405e-10	0.000358331
2.95456e-10	0.00035835
2.95507e-10	0.000358368
2.95559e-10	0.000358386
2.9561e-10	0.000358404
2.95661e-10	0.000358422
2.95712e-10	0.000358439
2.95764e-10	0.000358456
2.95815e-10	0.000358473
2.95866e-10	0.00035849
2.95917e-10	0.000358506
2.95969e-10	0.000358522
2.9602e-10	0.000358538
2.96071e-10	0.000358554
2.96122e-10	0.000358569
2.96173e-10	0.000358585
2.96225e-10	0.0003586
2.96276e-10	0.000358615
2.96327e-10	0.000358629
2.96378e-10	0.000358644
2.9643e-10	0.000358658
2.96481e-10	0.000358672
2.96532e-10	0.000358685
2.96583e-10	0.000358699
2.96635e-10	0.000358712
2.96686e-10	0.000358725
2.96737e-10	0.000358738
2.96788e-10	0.00035875
2.9684e-10	0.000358762
2.96891e-10	0.000358775
2.96942e-10	0.000358786
2.96993e-10	0.000358798
2.97044e-10	0.000358809
2.97096e-10	0.00035882
2.97147e-10	0.000358831
2.97198e-10	0.000358842
2.97249e-10	0.000358852
2.97301e-10	0.000358863
2.97352e-10	0.000358873
2.97403e-10	0.000358882
2.97454e-10	0.000358892
2.97506e-10	0.000358901
2.97557e-10	0.00035891
2.97608e-10	0.000358919
2.97659e-10	0.000358928
2.97711e-10	0.000358936
2.97762e-10	0.000358944
2.97813e-10	0.000358952
2.97864e-10	0.00035896
2.97916e-10	0.000358967
2.97967e-10	0.000358974
2.98018e-10	0.000358981
2.98069e-10	0.000358988
2.9812e-10	0.000358994
2.98172e-10	0.000359001
2.98223e-10	0.000359007
2.98274e-10	0.000359012
2.98325e-10	0.000359018
2.98377e-10	0.000359023
2.98428e-10	0.000359028
2.98479e-10	0.000359033
2.9853e-10	0.000359038
2.98582e-10	0.000359042
2.98633e-10	0.000359046
2.98684e-10	0.00035905
2.98735e-10	0.000359054
2.98787e-10	0.000359057
2.98838e-10	0.00035906
2.98889e-10	0.000359063
2.9894e-10	0.000359066
2.98991e-10	0.000359069
2.99043e-10	0.000359071
2.99094e-10	0.000359073
2.99145e-10	0.000359075
2.99196e-10	0.000359076
2.99248e-10	0.000359078
2.99299e-10	0.000359079
2.9935e-10	0.00035908
2.99401e-10	0.00035908
2.99453e-10	0.000359081
2.99504e-10	0.000359081
2.99555e-10	0.000359081
2.99606e-10	0.00035908
2.99658e-10	0.00035908
2.99709e-10	0.000359079
2.9976e-10	0.000359078
2.99811e-10	0.000359077
2.99863e-10	0.000359075
2.99914e-10	0.000359073
2.99965e-10	0.000359071
3.00016e-10	0.000359069
3.00067e-10	0.000359067
3.00119e-10	0.000359064
3.0017e-10	0.000359061
3.00221e-10	0.000359058
3.00272e-10	0.000359054
3.00324e-10	0.000359051
3.00375e-10	0.000359047
3.00426e-10	0.000359043
3.00477e-10	0.000359039
3.00529e-10	0.000359034
3.0058e-10	0.000359029
3.00631e-10	0.000359024
3.00682e-10	0.000359019
3.00734e-10	0.000359013
3.00785e-10	0.000359007
3.00836e-10	0.000359001
3.00887e-10	0.000358995
3.00938e-10	0.000358989
3.0099e-10	0.000358982
3.01041e-10	0.000358975
3.01092e-10	0.000358968
3.01143e-10	0.00035896
3.01195e-10	0.000358953
3.01246e-10	0.000358945
3.01297e-10	0.000358936
3.01348e-10	0.000358928
3.014e-10	0.000358919
3.01451e-10	0.000358911
3.01502e-10	0.000358901
3.01553e-10	0.000358892
3.01605e-10	0.000358883
3.01656e-10	0.000358873
3.01707e-10	0.000358863
3.01758e-10	0.000358852
3.01809e-10	0.000358842
3.01861e-10	0.000358831
3.01912e-10	0.00035882
3.01963e-10	0.000358809
3.02014e-10	0.000358797
3.02066e-10	0.000358785
3.02117e-10	0.000358773
3.02168e-10	0.000358761
3.02219e-10	0.000358749
3.02271e-10	0.000358736
3.02322e-10	0.000358723
3.02373e-10	0.00035871
3.02424e-10	0.000358696
3.02476e-10	0.000358683
3.02527e-10	0.000358669
3.02578e-10	0.000358655
3.02629e-10	0.00035864
3.02681e-10	0.000358626
3.02732e-10	0.000358611
3.02783e-10	0.000358596
3.02834e-10	0.00035858
3.02885e-10	0.000358565
3.02937e-10	0.000358549
3.02988e-10	0.000358533
3.03039e-10	0.000358516
3.0309e-10	0.0003585
3.03142e-10	0.000358483
3.03193e-10	0.000358466
3.03244e-10	0.000358449
3.03295e-10	0.000358431
3.03347e-10	0.000358413
3.03398e-10	0.000358395
3.03449e-10	0.000358377
3.035e-10	0.000358359
3.03552e-10	0.00035834
3.03603e-10	0.000358321
3.03654e-10	0.000358302
3.03705e-10	0.000358282
3.03756e-10	0.000358262
3.03808e-10	0.000358242
3.03859e-10	0.000358222
3.0391e-10	0.000358202
3.03961e-10	0.000358181
3.04013e-10	0.00035816
3.04064e-10	0.000358139
3.04115e-10	0.000358118
3.04166e-10	0.000358096
3.04218e-10	0.000358074
3.04269e-10	0.000358052
3.0432e-10	0.00035803
3.04371e-10	0.000358007
3.04423e-10	0.000357984
3.04474e-10	0.000357961
3.04525e-10	0.000357938
3.04576e-10	0.000357914
3.04628e-10	0.00035789
3.04679e-10	0.000357866
3.0473e-10	0.000357842
3.04781e-10	0.000357817
3.04832e-10	0.000357792
3.04884e-10	0.000357767
3.04935e-10	0.000357742
3.04986e-10	0.000357716
3.05037e-10	0.000357691
3.05089e-10	0.000357665
3.0514e-10	0.000357638
3.05191e-10	0.000357612
3.05242e-10	0.000357585
3.05294e-10	0.000357558
3.05345e-10	0.000357531
3.05396e-10	0.000357503
3.05447e-10	0.000357475
3.05499e-10	0.000357447
3.0555e-10	0.000357419
3.05601e-10	0.000357391
3.05652e-10	0.000357362
3.05703e-10	0.000357333
3.05755e-10	0.000357304
3.05806e-10	0.000357274
3.05857e-10	0.000357245
3.05908e-10	0.000357215
3.0596e-10	0.000357184
3.06011e-10	0.000357154
3.06062e-10	0.000357123
3.06113e-10	0.000357092
3.06165e-10	0.000357061
3.06216e-10	0.00035703
3.06267e-10	0.000356998
3.06318e-10	0.000356966
3.0637e-10	0.000356934
3.06421e-10	0.000356901
3.06472e-10	0.000356869
3.06523e-10	0.000356836
3.06575e-10	0.000356803
3.06626e-10	0.000356769
3.06677e-10	0.000356736
3.06728e-10	0.000356702
3.06779e-10	0.000356668
3.06831e-10	0.000356633
3.06882e-10	0.000356599
3.06933e-10	0.000356564
3.06984e-10	0.000356529
3.07036e-10	0.000356493
3.07087e-10	0.000356458
3.07138e-10	0.000356422
3.07189e-10	0.000356386
3.07241e-10	0.000356349
3.07292e-10	0.000356313
3.07343e-10	0.000356276
3.07394e-10	0.000356239
